:020000040800F2
:1000000000040020B9030008BB030008BB0300087C
:10001000BB030008BB030008BB030008BB030008C8
:10002000BB030008BB030008BB0300089195000850
:10003000BB030008BB030008BB030008BB030008A8
:10004000BB030008BB030008BB030008BB03000898
:10005000BB030008BB030008BB030008BB03000888
:10006000BB030008BB030008BB030008493F0008AE
:10007000993F0008ED3F0008414000089540000806
:10008000E540000839410008F13A0008BB030008C8
:10009000BB030008BB030008BB030008BB03000848
:1000A000BB030008BB030008BB030008BB03000838
:1000B0002D310008BB030008BB030008BB03000888
:1000C000BB030008BB030008BB030008756B0008F6
:1000D0009D6B000845300008BB030008BB03000807
:1000E000BB030008BB030008BB030008BB030008F8
:1000F000BB030008BB030008BB0300088D410008D8
:10010000F128000801300008BB030008C56B000897
:10011000BB030008A1300008BB030008BB030008B4
:10012000E14100083142000885420008D942000838
:100130002D430008BB030008BB030008BB030008F5
:10014000BB030008BB030008BB030008BB03000897
:100150007D430008D143000825440008BB03000884
:10016000F5490008394A0008BB030008BB03000832
:10017000BB030008BB030008BB030008BB03000867
:10018000BB030008BB030008BB030008BB03000857
:10019000BB030008ED6B0008156C0008BB030008EA
:1001A000BB030008BB030008BB030008BB03000837
:1001B000BB030008BB030008BB030008BB03000827
:1001C000BB030008BB030008BB030008BB03000817
:1001D000BB030008F5560008BB030008BB0300087A
:1001E000BB030008BB030008BB030008BB030008F7
:1001F000BB030008BB030008BB030008BB030008E7
:10020000BB030008BB030008BB030008BB030008D6
:10021000BB030008BB030008BB030008BB030008C6
:10022000BB030008BB030008BB030008BB030008B6
:10023000BB030008BB030008BB030008BB030008A6
:10024000BB030008E53B0008353C0008893C00087A
:10025000DD3C0008313D0008853D0008D93D00081F
:100260002D3E0008BB030008BB030008BB030008C9
:10027000BB030008BB030008BB030008BB03000866
:10028000BB030008BB030008BB030008BB03000856
:10029000BB030008BB030008BB030008BB03000846
:1002A000BB030008BB030008BB030008BB03000836
:1002B000BB030008BB030008BB030008BB03000826
:1002C000BB030008BB030008BB030008BB03000816
:1002D000BB030008BB030008BB030008BB03000806
:1002E00072B6264880F30888254880F30988254897
:1002F00025490860022080F31488BFF36F8F00F057
:10030000E3F907F0A7FC4FF0553020491B4A914212
:100310003CBF41F8040BFAE71D49194A91423CBF22
:1003200041F8040BFAE71B491B4A1C4B9A423EBF9B
:1003300051F8040B42F8040BF8E700201849194A59
:1003400091423CBF41F8040BFAE700F0CFF900F00E
:10035000C3F9154C154DAC4203DA54F8041B884719
:10036000F9E709F041FD124C124DAC4203DA54F8A2
:10037000041B8847F9E700F0B5B90000000400202D
:10038000000800200000000808ED00E00000002048
:1003900000040020E4AD0008000000241400002444
:1003A000200400245C130024E0020008E00200089E
:1003B000E0020008E002000892E700F000F8FEE723
:1003C0002DE9F04FC1F80CD0D0F80CD0BDE8F08F7B
:1003D000002383F311882846A047002008F0C4FDBD
:1003E000FEE708F059FB00DFFEE7000053B94AB909
:1003F000002908BF00281CBF4FF0FF314FF0FF302D
:1004000000F00CB8ADF1080C6DE904CE09F0D0FD98
:10041000DDF804E0DDE9022304B07047704700BF57
:10042000844641EA000313F003036DD1403A41D3FF
:1004300051F8043B40F8043B51F8043B40F8043BBE
:1004400051F8043B40F8043B51F8043B40F8043BAE
:1004500051F8043B40F8043B51F8043B40F8043B9E
:1004600051F8043B40F8043B51F8043B40F8043B8E
:1004700051F8043B40F8043B51F8043B40F8043B7E
:1004800051F8043B40F8043B51F8043B40F8043B6E
:1004900051F8043B40F8043B51F8043B40F8043B5E
:1004A00051F8043B40F8043B51F8043B40F8043B4E
:1004B000403ABDD2303211D351F8043B40F8043BEE
:1004C00051F8043B40F8043B51F8043B40F8043B2E
:1004D00051F8043B40F8043B103AEDD20C3205D3FE
:1004E00051F8043B40F8043B043AF9D2043208D0F6
:1004F000D2071CBF11F8013B00F8013B01D30B8868
:1005000003806046704700BF082A13D38B078DD045
:1005100010F003038AD0C3F10403D21ADB071CBF17
:1005200011F8013B00F8013B80D331F8023B20F881
:10053000023B7BE7043AD9D3013A11F8013B00F8BA
:10054000013BF9D20B7803704B7843708B78837042
:100550006046704780B400AFBFF34F8F00BFBFF35A
:100560006F8F00BF0C4B0022C3F85022BFF34F8F98
:1005700000BFBFF36F8F00BF074B5B69064A43F4B0
:1005800000335361BFF34F8F00BFBFF36F8F00BFC6
:1005900000BFBD4680BC704700ED00E080B400AFF6
:1005A000BFF34F8F00BFBFF36F8F00BF064B00221A
:1005B000C3F85022BFF34F8F00BFBFF36F8F00BF50
:1005C00000BFBD4680BC704700ED00E080B485B040
:1005D00000AF1F4B0022C3F88420BFF34F8F00BF32
:1005E0001B4BD3F880307B607B685B0BC3F30E033F
:1005F000FB607B68DB08C3F30903BB60FB685A013F
:1006000043F6E0731340BA68920711491343C1F8E7
:100610006032BB685A1EBA60002BEFD1FB685A1ECD
:10062000FA60002BE5D1BFF34F8F00BF084B5B6929
:10063000074A43F480335361BFF34F8F00BFBFF3CA
:100640006F8F00BF00BF1437BD4680BC704700BF2E
:1006500000ED00E080B485B000AF1A4B0022C3F873
:100660008420BFF34F8F00BF164BD3F880307B60E0
:100670007B685B0BC3F30E03FB607B68DB08C3F393
:100680000903BB60FB685A0143F6E0731340BA6884
:1006900092070C491343C1F86C32BB685A1EBA600A
:1006A000002BEFD1FB685A1EFA60002BE5D1BFF397
:1006B0004F8F00BFBFF36F8F00BF00BF1437BD4621
:1006C00080BC704700ED00E080B500AFFFF742FF4F
:1006D000FFF77CFF00BF80BD80B400AF00BFBD4608
:1006E00080BC704780B400AFFEE7000080B584B0E6
:1006F00000AF194BFB60FB681B68BB60FB685B6865
:100700007B6009E0BB681A687B681A607B68043309
:100710007B60BB680433BB60FB689B687A689A4265
:10072000F0D305E07B6800221A607B6804337B60AD
:10073000FB68DB687A689A42F4D3FB681033FB608D
:10074000FB68064A9342D6D3FFF784FFFFF726FFE4
:1007500000BF1037BD4680BDC0A7000840A80008F4
:1007600080B400AF00BFBD4680BC704780B500AF0D
:10077000FFF7F6FF02F03AFF03F062FF00F0FBFB29
:1007800000F029FC00F06AFC01F0BAFA00F0F2FF78
:1007900001F019FB01F09EFD02F090F807F076FAE7
:1007A00000F037F800BF80BD80B400AF4FF0804349
:1007B0005B6A1846BD4680BC704780B483B000AF0A
:1007C00078604FF080427B6853634FF08043002293
:1007D0001A614FF080430222DA6000BF0C37BD4639
:1007E00080BC704780B400AF4FF080430022DA60D5
:1007F00000BFBD4680BC704780B483B000AF786056
:100800004FF080427B68536300BF0C37BD4680BC0D
:10081000704780B500AF06F073FE00BF80BD80B5A5
:1008200000AFFFF7C1FF0346184680BD80B582B018
:1008300000AF78607868FFF7C0FF00BF0837BD469B
:1008400080BD80B500AFFFF7CDFF00BF80BD80B594
:1008500082B000AF78607868FFF7CEFF00BF08373E
:10086000BD4680BD80B483B000AF78607B687A6895
:100870001A607B687A685A6000BF0C37BD4680BC3E
:10088000704780B483B000AF30237B607B6883F314
:10089000118800BF00BF00BF0C37BD4680BC704749
:1008A00080B483B000AF00237B607B6883F3118842
:1008B00000BF00BF00BF0C37BD4680BC704780B58D
:1008C00082B000AF78607B681846FFF7CBFF00BFAF
:1008D0000837BD4680BD80B500AFFFF7D2FF00BF2F
:1008E00080BD80B500AFFFF7DBFF00BF80BD80B5E6
:1008F00082B000AF78607868FFF7E1FF00BF08378B
:10090000BD4680BD80B582B000AF7860396039687F
:10091000786808F0BEFB034618460837BD4680BD20
:1009200080B582B000AF786039603968786808F0C7
:10093000D1FB00BF0837BD4680BD80B586B000AF93
:10094000F860B9607A60FB689B687A689A4202D95D
:10095000FB689B687B60FB681A69FB689B69D31A1C
:100960007B617A687B699A420DD2FB689B697A68E1
:100970001946B868FFF754FDFB689A697B681A440A
:10098000FB689A612BE07A687B699A421CD9FB6804
:100990009B697A691946B868FFF742FDBA687B69B6
:1009A0001344BB607A687B69D31A3B61FB68DB68E0
:1009B0003A691946B868FFF733FDFB68DA683B69A6
:1009C0001A44FB689A610AE0FB689B697A681946D9
:1009D000B868FFF725FDFB68DA68FB689A61FB6879
:1009E0009A687B68D21AFB689A607B681846183749
:1009F000BD4680BD80B586B000AFF860B9607A6052
:100A0000FB689B687A689A4202D9FB689B687B60A6
:100A1000FB681A69FB685B69D31A7B617A687B693A
:100A20009A420DD2FB685B697A68B9681846FFF78D
:100A3000F7FCFB685A697B681A44FB685A612BE033
:100A40007A687B699A421CD9FB685B697A69B968E4
:100A50001846FFF7E5FCBA687B691344BB607A6807
:100A60007B69D31A3B61FB68DB683A69B968184651
:100A7000FFF7D6FCFB68DA683B691A44FB685A61E9
:100A80000AE0FB685B697A68B9681846FFF7C8FC3A
:100A9000FB68DA68FB685A61FB689A687B68D21A5F
:100AA000FB689A607B6818461837BD4680BD80B5E4
:100AB00084B000AFF860B9607A603B60FB681846AC
:100AC000FFF715FFFB6800229A60FB68BA68DA60DE
:100AD000FB68BA689A61FB68BA685A61BA687B6851
:100AE0001A44FB681A61FB683A68DA61FB68BA6904
:100AF0001A6200BF1037BD4680BD80B582B000AF1E
:100B000078600B46FB707B685A697B689B699A42E8
:100B100005D17B689B68002B01D0012300E00023F6
:100B200003F00103DBB283F00103DBB2002B1CD026
:100B30007B689B685A1C7B689A607B685B69591C60
:100B40007A685161FA781A707B685A697B681B6908
:100B50009A4203D37B68DA687B685A617B6800211C
:100B60001846FFF7DDFE002301E04FF0FF33184683
:100B70000837BD4680BD80B584B000AF786039606D
:100B8000FFF7A9FE0CE07B6839681846FFF7BAFE4C
:100B9000B860BB68002B03DAFFF7A3FEBB6824E054
:100BA0007B689B68002BEED07B689B685A1E7B6835
:100BB0009A607B689B69591C7A6891611B78FB730A
:100BC0007B689A697B681B699A4203D37B68DA6801
:100BD0007B689A617B68DB69002B03D07B68DB69EB
:100BE00078689847FFF77DFEFB7B18461037BD46B7
:100BF00080BD80B588B000AFF860B9607A603B60B6
:100C0000FB68DB69FB617B68BB61FFF764FE24E086
:100C10007A68B968F868FFF790FE78617B69002B05
:100C200009D1FB6839681846FFF76CFE38613B69EB
:100C3000002B12D014E0FB69002B02D0FB69F8688E
:100C40009847FFF74EFE7A687B69D31A7B60BA68D3
:100C50007B691344BB60FFF73EFE7B68002BD7D156
:100C6000FFF73FFEBA697B68D31A18462037BD46A6
:100C700080BD80B584B000AFF860B9607A603B6039
:100C8000FB681846FFF733FEFB687A689A60FB68DA
:100C9000BA68DA60FB68BA689A61FB68BA685A6138
:100CA000BA687B681A44FB681A61FB683A68DA61C3
:100CB000FB68BA691A6200BF1037BD4680BD80B5B7
:100CC00086B000AFF8600B467A60FB72FFF703FE58
:100CD0000CE0FB6879681846FFF714FE78617B69C1
:100CE000002B03DAFFF7FDFD7B6924E0FB689B68BE
:100CF000002BEED0FB689B685A1EFB689A60FB686D
:100D00005B69591CFA685161FA7A1A70FB685A6972
:100D1000FB681B699A4203D3FB68DA68FB685A6177
:100D2000FB68DB69002B03D0FB68DB69F868984738
:100D3000FFF7D7FD002318461837BD4680BD80B5A4
:100D400084B000AF78607B685A697B689B699A427F
:100D500005D17B689B68002B01D0012300E00023B4
:100D600003F00103DBB283F00103DBB2002B1CD0E4
:100D70007B689B685A1C7B689A607B689B69591CDE
:100D80007A6891611B78FB737B689A697B681B6941
:100D90009A4203D37B68DA687B689A617B6800219A
:100DA0001846FFF7BDFDFB7B01E04FF0FF3318460F
:100DB0001037BD4680BD80B588B000AFF860B9601F
:100DC0007A603B60FB68DB69FB617B68BB61FFF7B6
:100DD00082FD24E07A68B968F868FFF70BFE786155
:100DE0007B69002B09D1FB6839681846FFF78AFD3B
:100DF00038613B69002B12D014E0FB69002B02D054
:100E0000FB69F8689847FFF76CFD7A687B69D31A2D
:100E10007B60BA687B691344BB60FFF75CFD7B684D
:100E2000002BD7D1FFF75DFDBA697B68D31A18464E
:100E30002037BD4680BD80B489B000AFF860B9608E
:100E40007A607B685B097B617B6803F01F033B6111
:100E5000BB685B09FB61BB6803F01F030133012220
:100E600002FA03F3013BBB617A69FB699A4214D22F
:100E70007B699B00FA6813441A683B69DA40FB6996
:100E80009B00F9680B441968BB6919403B69C3F1C1
:100E9000200301FA03F3134309E07B699B00FA681E
:100EA00013441A68BB691A403B6922FA03F31846D7
:100EB0002437BD4680BC704780B586B000AF7860EF
:100EC0007E227F217868FFF7B6FF0346002B04D00F
:100ED000012B1ED000BF002323E03E224921786869
:100EE000FFF7A9FF78612F2231217868FFF7A3FF70
:100EF0003861502253217868FFF79DFFF8607B69C5
:100F00005A1C3B6902339A40FB68093B02FA03F31F
:100F100007E0302245217868FFF78DFF0346013353
:100F20009B0218461837BD4680BD80B483B000AF21
:100F300078607B68D7331B781A067B68D6331B78BA
:100F40001B041A447B68D5331B781B0213447A6850
:100F5000D4321278134418460C37BD4680BC704713
:100F600080B582B000AF7860786808F054F900BFAF
:100F70000837BD4680BD80B500AF02F0D9FD00BF87
:100F800080BD80B582B000AF78607B6801221A70A6
:100F90007B6800225A607B6800229A607B6800228E
:100FA000DA607B6800221A617B6800225A617B68E4
:100FB00018331846FFF7D4FF00BF0837BD4680BD81
:100FC00080B582B000AF7860786808F024F900BF7F
:100FD0000837BD4680BD80B500AF03F04FFD00BFB0
:100FE00080BD80B582B000AF78607B6801221A7046
:100FF0007B6800225A607B680C331846FFF7E0FFDD
:1010000000BF0837BD4680BD80B483B000AF302339
:101010007B607B6883F3118800BF00BF00BF0C3783
:10102000BD4680BC704780B483B000AF00237B60B6
:101030007B6883F3118800BF00BF00BF0C37BD463B
:1010400080BC704780B500AFFFF7DEFF00BF80BDFA
:1010500080B500AFFFF7E7FF00BF80BD80B500AFF0
:1010600005F0E6FF00BF80BD80B483B000AF7860BC
:101070007B6801221A707B6800225A607B6800221C
:101080001A637B6800225A6300BF0C37BD4680BCE0
:10109000704780B584B000AF78603960FFF7D2FF49
:1010A0007B683A685A60786805F0EAFF7B6802223C
:1010B0001A700023FB60FFF7CBFFFB681846103760
:1010C000BD4680BD80B584B000AFF860B9607A607D
:1010D0003B60FFF7B7FF3B687A68B968F86806F0CD
:1010E000B3F8FFF7B5FF00BF1037BD4680BD80B530
:1010F00084B000AF7860FFF7A5FF786806F07FF94D
:101100007B68DB681B68FB607B68DB685B69BB60D6
:10111000FB6803F48033002B03D07B6803221A7032
:1011200002E07B6802221A70FFF792FF00BF1037BF
:10113000BD4680BD80B483B000AF30237B607B6848
:1011400083F3118800BF00BF00BF0C37BD4680BCD1
:10115000704780B483B000AF00237B607B6883F36B
:10116000118800BF00BF00BF0C37BD4680BC704770
:1011700080B500AFFFF7DEFF00BF80BD80B500AFD8
:10118000FFF7E7FF00BF80BD80B582B000AF786099
:10119000786807F034FF00BF0837BD4680BD000007
:1011A00080B584B000AF786007F10C034FF4D572BE
:1011B0000821786805F0C8F8034683F00103DBB224
:1011C000002B1BD07B6801221A63FB681B0A03F00B
:1011D0000F03012B01D001232CE007F10C030022A7
:1011E0003721786805F0B0F80346002B04D1FA687F
:1011F000124B1340002B1CD001231BE007F10C0302
:1012000000223721786805F09FF80346002B04D1AF
:10121000FA680A4B1340002B03D07B6802221A6342
:1012200007E07B6800221A6300220021786805F03D
:1012300032F8002318461037BD4680BD08E0FFFD98
:1012400080B586B000AF7860184B3B6100237B61AE
:1012500007F10C033A690121786805F03EF803466E
:10126000002B01D001231CE0FB68002B0BDAFB688C
:1012700003F08043002B12D07B681B6B43F01002FD
:101280007B681A630BE07B6901337B617B69632BAD
:1012900001D9012305E06420FFF776FFD8E700BFFE
:1012A000002318461837BD4680BD00BF0080FFC030
:1012B00080B586B000AF78607B681B6B03F00F03CE
:1012C000012B02D1224B3B6101E0224B3B61002309
:1012D0007B6107F10C0300223721786805F034F8B0
:1012E0000346002B04D1FA681B4B1340002B01D09E
:1012F000012328E007F10C033A692921786804F0FA
:10130000ECFF0346002B01D001231CE0FB68002BFF
:101310000BDAFB6803F08043002B12D07B681B6B59
:1013200043F010027B681A630BE07B6901337B6139
:101330007B69632B01D9012305E06420FFF724FFBB
:10134000C7E700BF002318461837BD4680BD00BF61
:101350000080FF500000108008E0FFFD80B485B0E1
:1013600000AFB9607A603B600346FB73FB7B1A06F3
:10137000BB681B041A437B681B021A433B68134378
:1013800018461437BD4680BC704780B485B000AFA6
:1013900003463A60FB710B46BB716FF07F43FB6005
:1013A000BB799B000F2202FA03F3DB43FA68134078
:1013B000FB60BB799B003A6802FA03F3FA681343B7
:1013C000FB60FB79DA07FB68134318461437BD4608
:1013D00080BC704780B485B000AF03463960FB71B4
:1013E000FB79C3F106035B00FB603A68FB681344BA
:1013F0001B781B021AB2FB68013339680B441B7857
:101400001BB213431BB29BB218461437BD4680BCB7
:10141000704780B485B000AF03463960FB713B680C
:101420000E331B781A043B680F331B781B021343DF
:101430003A68103212781343FB60FB799B00FA681C
:1014400022FA03F303F00F03BB60BB680F2B01D03C
:10145000002300E0012318461437BD4680BC7047C6
:1014600080B588B002AF7860396040237B617B68CB
:10147000DB6B3B613B6800221A707B6818337E226D
:101480007F211846FFF7D7FC0346002B04D13B68A9
:1014900000221A7000233AE00023009306237A69A1
:1014A0003969786804F0D4FF0346002B01D001238A
:1014B0002DE039690020FFF78DFF034603F002039A
:1014C000022B23D1012200210120FFF75EFFF860EB
:1014D000FB68009306237A693969786804F0B8FFDD
:1014E0000346002B01D0012311E039690020FFF7EA
:1014F00090FF034683F00103DBB2002B03D03B686F
:1015000001221A7002E03B6800221A70002318467C
:101510001837BD4680BD000080B584B000AF78604C
:1015200039603B6800221A7000230122B921032090
:10153000FFF714FFF86007F10803FA6806217868DE
:1015400004F002FF034683F00103DBB2002B07D057
:10155000BA68064B1340002B02D13B6801221A7077
:10156000002318461037BD4680BD00BF08E0FFFDD0
:1015700080B582B000AF786039607B681B6B03F088
:101580000F03022B05D139687868FFF7C5FF0346C2
:1015900004E039687868FFF763FF034618460837A8
:1015A000BD4680BD80B584B000AF78607B68DB6AE3
:1015B0001B78002B01D100232EE07B68DB6A1B78AF
:1015C000012B26D10121786804F037FE7B689A6BE5
:1015D00007F10C033721786804F0B6FE0346002BB0
:1015E00004D1FA680E4B1340002B01D0012313E005
:1015F00007F10C0302220621786804F0A5FE0346D9
:10160000002B04D1FA68064B1340002B03D00123B2
:1016100002E0012300E0002318461037BD4680BDDC
:1016200008E0FFFD80B584B000AF786000230022A1
:10163000B7210320FFF792FEF8607B68DB6A1B7816
:10164000022B10D0022B16DC002B02D0012B02D073
:1016500011E0002329E000230122B7210320FFF736
:101660007DFEF86008E000230222B7210320FFF787
:1016700075FEF86000E000BF7B68DB6A1B781946E6
:10168000786804F0DAFD07F10803FA680621786843
:1016900004F05AFE0346002B04D1BA68054B1340F0
:1016A000002B01D0012300E0002318461037BD466F
:1016B00080BD00BF08E0FFFD80B584B000AF78605A
:1016C0000B46FB70FB78002B0AD07B689A6B07F106
:1016D00008030D21786804F037FE0346FB7309E028
:1016E0007B689A6B07F108030D21786804F0F5FD1B
:1016F0000346FB73FB7B002B04D1BA680F4B1340EE
:10170000002B01D0012314E0BB685B0A03F00F0338
:10171000042B05D0042B09D3053B022B06D801E08E
:10172000002306E00A20FFF72FFD01E0012300E07F
:10173000C8E718461037BD4680BD00BF08E0FFFD72
:1017400080B582B000AF786001217868FFF7B4FF00
:10175000034618460837BD4680BD80B582B000AF4D
:10176000786000217868FFF7A7FF0346184608371E
:10177000BD4680BD80B500AF04F0DAFC00BF80BD7F
:1017800080B483B000AF78607B68094A1A607B68D8
:1017900001221A717B6800225A637B680022DA6298
:1017A0007B6800229A6200BF0C37BD4680BC704740
:1017B00040A8000880B588B002AF78600023FB73B2
:1017C0007B6803221A71786804F0D2FC00220021A1
:1017D000786804F060FD7868FFF7E2FC0346002BB0
:1017E00040F0BA807B681B6B03F00F03022B06D11D
:1017F0007868FFF725FD0346002B07D0C1E0786825
:10180000FFF756FD0346002B40F0A8807B680833A5
:1018100000220221786804F0CEFD0346002B40F040
:101820009F807B68383300220321786804F08CFDA8
:101830000346002B40F096807B689A6B7B681833D8
:101840000921786804F0B7FD0346002B40F08C8036
:101850007B689A6B07F110030721786804F074FD28
:101860000346002B40F0828007F10F031946786889
:10187000FFF77EFE0346002B7AD1FB7B1946786882
:1018800004F094FC7868FFF768FF0346002B71D1E1
:101890007B681B6B03F00F03022B28D17B68183386
:1018A0007E227F211846FFF7C6FA0346012B15D981
:1018B0007B68DB6B7B610023009308234FF400728D
:1018C0007969786804F0C4FD0346002B54D1786927
:1018D000FFF72BFB02467B689A6210E07B681833A7
:1018E0001846FFF7E9FA02467B689A6207E07B68D0
:1018F00018331846FFF7E0FA02467B689A6207F150
:1019000010034FF400721021786804F01DFD0346A7
:10191000002B33D13A69204B1340002B2ED17B682A
:101920001B6B03F00F03012B02D9022B07D028E019
:101930007868FFF737FE0346002B07D021E0786870
:10194000FFF770FE0346002B1AD100E000BF7B6852
:1019500005221A7100231BE000BF12E000BF10E057
:1019600000BF0EE000BF0CE000BF0AE000BF08E0CF
:1019700000BF06E000BF04E000BF02E000BF00E0DF
:1019800000BF786804F048FC7B6802221A710123CA
:1019900018461837BD4680BD08E0FFFD80B582B00F
:1019A00000AF7860FFF7E4FB7B681B79022B03D163
:1019B000FFF7E4FB002319E07B6804221A71FFF7AC
:1019C000DDFB7868FFF7BCFE0346002B07D0786884
:1019D00004F022FC7B6802221A71012306E0786879
:1019E00004F01AFC7B6802221A710023184608379B
:1019F000BD4680BD80B586B000AFF860B9607A6042
:101A00003B60BA683B6813445A1EFB689B6A9A4263
:101A100007D9FB685B6B43F08002FB685A630123C4
:101A20000EE0FB6806221A713B687A68B968F868AC
:101A300004F02AFE0346FB75FB6805221A71FB7D44
:101A400018461837BD4680BD80B586B000AFF86037
:101A5000B9607A603B60BA683B6813445A1EFB6801
:101A60009B6A9A4207D9FB685B6B43F08002FB6874
:101A70005A6301230EE0FB6807221A713B687A68FB
:101A8000B968F86804F03EFE0346FB75FB68052262
:101A90001A71FB7D18461837BD4680BD80B584B0ED
:101AA00000AF78607B681B79052B01D001230BE028
:101AB0007B6808221A71786804F062FE0346FB73A3
:101AC0007B6805221A71FB7B18461037BD4680BD26
:101AD00080B483B000AF786039607B681B79052BD8
:101AE00001D0012308E07B689A6A3B685A603B6832
:101AF0004FF400721A60002318460C37BD4680BCB4
:101B0000704780B483B000AF30237B607B6883F381
:101B1000118800BF00BF00BF0C37BD4680BC7047B6
:101B200080B483B000AF00237B607B6883F31188AF
:101B300000BF00BF00BF0C37BD4680BC704780B4FB
:101B400083B000AF78607B687A681A6000BF0C379A
:101B5000BD4680BC704780B500AFFFF7D2FF00BF25
:101B600080BD80B500AFFFF7DBFF00BF80BD80B553
:101B700082B000AF78607868FFF7E1FF00BF0837F8
:101B8000BD4680BD80B582B000AF786039603968ED
:101B9000786807F07EFB00BF0837BD4680BD80B582
:101BA00084B000AFF860B9607A60FB6803F1300080
:101BB0004FF0FF337A68B968FFF7FDF8034618461F
:101BC0001037BD4680BD80B584B000AFF860B96005
:101BD0007A60FB6803F10C004FF0FF337A68B96854
:101BE000FFF707F8034618461037BD4680BD80B59D
:101BF00082B000AF78600B46FB707B683033F978B9
:101C00004FF0FF321846FFF75AF8034618460837D8
:101C1000BD4680BD80B582B000AF78607B680C3374
:101C20004FF0FF311846FEF7A6FF03461846083767
:101C3000BD4680BD80B584B000AFF8600B467A60C9
:101C4000FB72FB683033F97A7A681846FFF737F889
:101C5000034618461037BD4680BD80B582B000AF40
:101C6000786039607B680C3339681846FEF783FF6B
:101C7000034618460837BD4680BD80B584B000AF26
:101C8000F860B9607A603B60FB6803F130003B6844
:101C90007A68B968FFF78FF8034618461037BD46D3
:101CA00080BD80B584B000AFF860B9607A603B60F9
:101CB000FB6803F10C003B687A68B968FEF799FF8E
:101CC000034618461037BD4680BD80B487B000AFCC
:101CD000F860B9607A60FB687B61BB68002B03D059
:101CE000BB68012B03D105E06FF0130303E06FF035
:101CF000130300E0002318461C37BD4680BC704724
:101D000080B500AF05F0AAFD00BF80BD80B582B0F0
:101D100000AF78607B68074A1A607B680433184616
:101D2000FFF725FF7B6801221A7200BF0837BD4606
:101D300080BD00BF64A8000880B584B000AF7860A3
:101D40003960FFF708FF3968786805F0DDFD7B68CA
:101D500002221A720023FB60FFF703FFFB6818469C
:101D60001037BD4680BD80B582B000AF78600B46AD
:101D7000FB707B685B69002B05D17B680433042111
:101D80001846FFF7FFFE7B680C33FA7811461846B9
:101D9000FEF7B3FE0346002B06DA7B6804334FF4EC
:101DA00000611846FFF7EEFE00BF0837BD4680BD54
:101DB00080B582B000AF7860786807F02CFA00BF79
:101DC0000837BD4680BD80B500AF04F037FF00BFC7
:101DD00080BD80B582B000AF78607B6801221A7048
:101DE0007B6800225A607B6800229A607B680C3313
:101DF0001846FFF7DDFF00BF0837BD4680BD80B441
:101E000083B000AF30237B607B6883F3118800BF11
:101E100000BF00BF00BF0C37BD4680BC704780B418
:101E200083B000AF00237B607B6883F3118800BF21
:101E300000BF00BF00BF0C37BD4680BC704780B5F7
:101E400000AFFFF7DCFF00BF80BD80B500AFFFF73C
:101E5000E6FF00BF80BD80B485B000AF78607B68CE
:101E60005A1C7A601B78FB817B681B781B021AB2B4
:101E7000B7F90E3013431BB2FB81FB8918461437A8
:101E8000BD4680BC704780B582B000AF78607B688B
:101E900093F882207B6883F88A20786803F0F0FC4E
:101EA0007B685B681B68002B05D07B685B681B68E0
:101EB0000121786898477B6803221A7000BF0837B1
:101EC000BD4680BDF0B585B000AF78607B6893F803
:101ED000803003F07F027B6893F881301B0213434C
:101EE00040F60242934200F0208140F602429342C3
:101EF00000F2E481B3F5106F00F0D680B3F5106FF7
:101F000000F2DC81B3F5006F00F0C180B3F5006F23
:101F100000F2D48140F20162934200F2CF81B3F526
:101F2000C06F80F08E80B3F5A06F72D0B3F5A06F54
:101F300000F2C48140F20232934200F08B8140F201
:101F40000232934200F2BA81B3F5407F46D0B3F536
:101F5000407F00F2B381B3F5817F00F04781B3F594
:101F6000817F00F2AB81B3F5807F1CD0B3F5807F19
:101F700000F2A481022B00F0E380022B00F29E818C
:101F8000002B03D0012B00F0D08097E17B6803F198
:101F900088027B685A677B6802229A677B68002206
:101FA000DA6701238BE17B6893F88230012B13D130
:101FB0007B68B3F8883023F002039AB27B68A3F8F9
:101FC00088207B6800225A677B6800229A677B68BA
:101FD0000022DA67012372E1002370E17B6893F845
:101FE0008230012B13D17B68B3F8883043F00203B1
:101FF0009AB27B68A3F888207B6800225A677B68C6
:1020000000229A677B680022DA67012357E10023E8
:1020100055E17B6893F88030002B07D17B6893F8FB
:102020008130052B02D17868FFF72DFF7B680022F5
:102030005A677B6800229A677B680022DA6701236F
:102040003DE17B685B685C687B6893F883507B68E4
:1020500093F882607B6884331846FFF7FCFE0346E2
:10206000324629467868A047F860FB68002B01D10A
:10207000002324E1FB685A687B685A67FB681A688A
:102080007B689A677B680022DA67012317E17B6827
:1020900003F18B027B685A677B6801229A677B6831
:1020A0000022DA6701230AE17B681B78042B18D130
:1020B000FFF7C5FE786800F03DF9FFF7C6FE7B68C4
:1020C000002283F88B207B6803221A707B685B6890
:1020D0001B68002B05D07B685B681B680321786850
:1020E00098477B6893F88230002B13D07B6893F875
:1020F00082207B6883F88B207B6804221A707B68BF
:102100005B681B68002B05D07B685B681B6802213D
:10211000786898477B6800225A677B6800229A6734
:102120007B680022DA670123C9E07B68664A5A6748
:102130007B6802229A677B680022DA670123BEE08F
:102140007B6893F884305BB2002B27DA7B6893F8C6
:10215000843003F00F03DBB21946786803F0DBFB31
:102160000346012B02D0022B0BD015E07B68574AA7
:102170005A677B6802229A677B680022DA6701232C
:102180009DE07B68524A5A677B6802229A677B68A7
:102190000022DA67012392E0002390E07B6893F845
:1021A000843003F00F03DBB21946786803F090FB2C
:1021B0000346012B02D0022B0BD015E07B68434A6B
:1021C0005A677B6802229A677B680022DA670123DC
:1021D00075E07B683E4A5A677B6802229A677B6893
:1021E0000022DA6701236AE0002368E07B6893F845
:1021F0008230002B01D0002361E07B6893F88430AB
:1022000003F00F03002B1AD07B6893F884305BB285
:10221000002B0ADA7B6893F8843003F00F03DBB2FB
:102220001946786803F056FD09E07B6893F884301E
:1022300003F00F03DBB21946786803F02EFD7B68CC
:1022400000225A677B6800229A677B680022DA675F
:10225000012334E07B6893F88230002B01D0002307
:102260002DE07B6893F8843003F00F03002B1AD025
:102270007B6893F884305BB2002B0ADA7B6893F8B2
:10228000843003F00F03DBB21946786803F0E8FCF2
:1022900009E07B6893F8843003F00F03DBB2194642
:1022A000786803F0C0FC7B6800225A677B680022D4
:1022B0009A677B680022DA67012300E00023184652
:1022C0001437BD46F0BD00BF8CA8000894A80008D4
:1022D00090A8000880B500AF03F020FA00BF80BDD1
:1022E00080B485B000AF78607B6801221A707B688B
:1022F00000225A600023FB600EE07B68FA680C3213
:10230000002143F822107B68FA681432002143F858
:102310002210FB680133FB60FB68072BEDD97B685B
:1023200000221A817B6800225A8100BF1437BD4603
:1023300080BC704780B584B000AF78607B681B8933
:1023400003F001039AB27B681A817B685B8903F012
:1023500001039AB27B685A810123FB6009E07A6825
:10236000FB6802339B00134400225A60FB68013370
:10237000FB60FB68082BF2D9786803F09BFA00BF7A
:102380001037BD4680BD80B586B000AFF8607A607A
:102390003B600B46FB72FB685A89FB7A012101FA0C
:1023A00003F39BB213439AB2FB685A81FB7AFA6833
:1023B00002339B0013445B689B697B617B697A688D
:1023C0009A607B693A681A607B6900225A60FB7ADE
:1023D0001946F86803F0D9FA00BF1837BD4680BD2A
:1023E00080B586B000AFF8607A603B600B46FB7248
:1023F000FB681A89FB7A012101FA03F39BB21343AC
:102400009AB2FB681A81FB7AFA6802339B00134484
:102410005B685B697B617B697A689A607B693A6813
:102420001A607B6900225A60FB7A1946F86803F04B
:102430004BFB00BF1837BD4680BD80B584B000AFF0
:1024400078607B6802221A707B680022A3F88820DB
:102450007B68002283F88A207B68002283F88B2027
:102460007B6800221A817B6800225A810023FB606E
:1024700009E07A68FB6802339B00134400225A602B
:10248000FB680133FB60FB68082BF2D97B680022F4
:1024900083F87020786803F057F97B685B681B68E5
:1024A000002B05D07B685B681B6800217868984723
:1024B00000BF1037BD4680BD80B582B000AF7860E8
:1024C0007B681B78052B18D07B681A787B6883F8AB
:1024D0008C207B6805221A707B685B681B68002B68
:1024E00005D07B685B681B680421786898477B6827
:1024F00000221A817B6800225A8100BF0837BD463E
:1025000080BD80B582B000AF78607B681B78052BFA
:102510000FD17B6893F88C207B681A707B685B68AE
:102520001B68002B05D07B685B681B6805217868F9
:10253000984700BF0837BD4680BD80B584B000AF66
:1025400078600B46FB707B6893F87030002B03D0EB
:102550007B68002283F870207B6803F18002FB789F
:102560001946786803F0FAF97B685B689B68002B72
:102570000AD07B685B689B6878689847034683F05D
:102580000103DBB2002B27D07B6893F8803003F087
:102590006003002B08D17868FFF794FC034683F0B2
:1025A0000103DBB2002B17D00021786803F058FB41
:1025B0000021786803F037FB7B685B681B68002BA1
:1025C00005D07B685B681B680621786898477B6844
:1025D000062283F870205BE07B6886331846FFF79D
:1025E0003AFC0346FB607B689B6FFA689A4202D212
:1025F0007B68FA689A677B6893F880305BB2002B3F
:1026000023DA7B689B6F002B10D07B68092283F84C
:102610007020FFF714FC7B685A6F7B689B6F00216A
:102620007868FFF7DDFEFFF710FC31E07B681422CD
:1026300083F87020FFF703FC002300220021786854
:10264000FFF7A1FEFFF701FC22E07B689B6F002BE8
:1026500010D07B68152283F87020FFF7F0FB7B68B1
:102660005A6F7B689B6F00217868FFF78CFEFFF73D
:10267000ECFB0DE07B680B2283F87020FFF7DFFB9B
:102680000023002200217868FFF7AAFEFFF7DDFB98
:102690001037BD4680BD000080B584B000AF7860C3
:1026A0000B46FB707B6893F87030152B00F28B8023
:1026B00001A252F823F000BF97270008C72700089F
:1026C000C7270008C7270008C7270008C727000832
:1026D00097270008C7270008C72700081127000808
:1026E0005F2700087D270008C7270008C7270008C4
:1026F000C7270008C7270008C7270008C727000802
:10270000C7270008C7270008972700089727000851
:102710007B6886331846FFF79EFB0346FB607B68A9
:102720009B6FFA689A421AD97B689B6F7A68D26865
:10273000128AB3FBF2F101FB02F29B1A002B0ED1BD
:10274000FFF77DFB0023002200217868FFF748FE99
:10275000FFF77BFB7B680A2283F8702033E07B68FD
:10276000142283F87020FFF76AFB00230022002167
:102770007868FFF708FEFFF768FB24E07B68DB6FF3
:10278000002B03D07B68DB6F786898477B6800225A
:1027900083F8702017E00021786803F061FA0021C7
:1027A000786803F040FA7B685B681B68002B05D0F3
:1027B0007B685B681B680621786898477B680622FF
:1027C00083F8702000BF1037BD4680BD80B582B051
:1027D00000AF78600B46FB707B6893F87030152B68
:1027E00069D801A252F823F085280008B72800080C
:1027F000B7280008B7280008B7280008B72800083D
:1028000085280008B7280008B72800088528000890
:102810008528000885280008B7280008B728000880
:10282000B7280008B7280008B7280008B72800080C
:10283000B7280008B72800085F28000841280008CA
:102840007B680B2283F87020FFF7F9FA002300223F
:1028500000217868FFF7C4FDFFF7F7FA2BE07B68EB
:10286000DB689B695B68002B24D17B68DB6F002BE6
:1028700003D07B68DB6F786898477B68002283F819
:10288000702018E00021786803F0EAF900217868E8
:1028900003F0C9F97B685B681B68002B05D07B6877
:1028A0005B681B680621786898477B68062283F876
:1028B000702000E000BF0837BD4680BD80B500AF86
:1028C00000F002F800BF80BD80B400AF064B1B785B
:1028D000002B05D1044B01221A70034B034A5A60A6
:1028E00000BFBD4680BC7047200400244041005218
:1028F00080B500AF044805F079FB034805F0B0FB54
:1029000006F098FE00BF80BD98A8000880B489B08A
:1029100000AFF860B9607A603B60BB687B613B6880
:10292000002B02D1BB683B6101E03B683B61FB6867
:102930000B33BB617B697A68B3FBF2F2796801FB08
:1029400002F29B1AFB61FB693033FB61FB69392B97
:1029500002DDFB690733FB61BB69013BBB61FB69BE
:10296000DAB2BB691A707A697B68B2FBF3F37B61F8
:102970003A697B68B2FBF3F33B613B69002BD9D129
:10298000FB6803F10B02BB69D31AFB61BA69531CE4
:10299000BB61FB68591CF96012781A70FB69013B36
:1029A000FB61FB69002BF1D1FB6818462437BD465B
:1029B00080BC704780B584B000AFF860B9607A60C1
:1029C00000237A68B968F868FFF7A0FF0346184645
:1029D0001037BD4680BD000080B590B000AFF860F4
:1029E000B9607A6000237B62BB685A1CBA601B78AE
:1029F00087F8373097F83730002B01D17B6A4CE2EB
:102A000097F83730252B0BD0FB681B68DB6897F8ED
:102A100037201146F86898477B6A01337B623BE2B6
:102A200007F11003FB6307F11003BB63002387F872
:102A30002230BB681B782D2B05D1BB680133BB60EE
:102A4000012387F82230002387F82130BB681B78E8
:102A50002B2B05D1BB680133BB60012387F82130E4
:102A6000202387F83630BB681B78302B05D1BB6834
:102A70000133BB60302387F83630BB681B782A2BC4
:102A80000ED17B681A1D7A601B68BB62BB6801337C
:102A9000BB60BB685A1CBA601B7887F8373025E0EA
:102AA0000023BB62BB685A1CBA601B7887F83730BA
:102AB00097F83730002B01D17B6AEEE197F8373079
:102AC0002F2B13D997F83730392B0FD897F8373089
:102AD000303B87F83730BA6A13469B0013445B00DB
:102AE0001A4697F837301344BB62DBE70023FB62DA
:102AF00097F837302E2B3ED1BB685A1CBA601B7832
:102B000087F8373097F83730002B01D17B6AC4E162
:102B100097F837302A2B26D17B681A1D7A601B68FC
:102B2000FB62BB685A1CBA601B7887F8373022E01A
:102B300097F83730303B87F83730FA6A13469B00F6
:102B400013445B001A4697F837301344FB62BB68A6
:102B50005A1CBA601B7887F8373097F83730002B4B
:102B600001D17B6A99E197F837302F2B03D997F879
:102B70003730392BDCD997F837306C2B03D097F8E6
:102B800037304C2B0ED1012387F82330BB685A1CF9
:102B9000BA601B7887F8373097F83730002B14D19C
:102BA0007B6A7AE197F83730402B05D997F83730B0
:102BB0005A2B01D8012300E0002387F8233097F82F
:102BC000233003F0010387F8233097F83730443B74
:102BD000342B00F2EC8001A252F823F0132D0008F0
:102BE000AF2D0008AF2D0008AF2D0008AF2D000855
:102BF000132D0008AF2D0008AF2D0008AF2D0008E1
:102C0000AF2D0008AF2D0008792D0008692D0008B0
:102C1000AF2D0008AF2D0008AF2D0008AF2D000824
:102C2000712D0008AF2D0008AF2D0008692D000898
:102C3000AF2D0008AF2D0008AF2D0008AF2D000804
:102C4000AF2D0008AF2D0008AF2D0008AF2D0008F4
:102C5000AF2D0008AF2D0008B12C0008132D00087F
:102C6000AF2D0008AF2D0008AF2D0008AF2D0008D4
:102C7000132D0008AF2D0008AF2D0008AF2D000860
:102C8000AF2D0008AF2D0008792D0008692D000830
:102C9000AF2D0008AF2D0008CB2C0008AF2D000889
:102CA000712D0008AF2D0008AF2D0008692D000818
:102CB000202387F836307B681A1D7A601968FB6B11
:102CC0005A1CFA63CAB21A7079E0202387F83630AA
:102CD0007B681A1D7A601B68BB63BB6B002B01D13C
:102CE000704BBB63FB6A002B02D147F6FF73FB629C
:102CF000BB6BFB6302E0FB6B0133FB63FB6B1B787D
:102D0000002B5BD0FB6A013BFB62FB6A002BF2DA13
:102D100054E097F82330002B05D07B681A1D7A60A9
:102D20001B68FB6104E07B681A1D7A601B68FB610D
:102D3000FB69002B08DAFB6B5A1CFA632D221A7010
:102D4000FB695B42FB6108E097F82130002B04D05F
:102D5000FB6B5A1CFA632B221A700A22F969F86B72
:102D6000FFF728FEF8632AE0102387F8373006E0E3
:102D70000A2387F8373002E0082387F8373097F8BE
:102D80002330002B05D07B681A1D7A601B68FB611D
:102D900004E07B681A1D7A601B68FB6197F8373086
:102DA0001A46F969F86BFFF705FEF86307E0FB6B5D
:102DB0005A1CFA6397F837201A7000E000BFFA6BCC
:102DC000BB6BD31A3B63BA6A3B6BD31ABB62BB6A59
:102DD000002B01DA0023BB6297F8223083F0010355
:102DE000DBB2002B02D0BB6A5B42BB62BB6A002B2A
:102DF0003ADABB6B1B782D2B03D0BB6B1B782B2BCC
:102E000013D197F83630302B0FD1FB681B68DA6886
:102E1000BB6B591CB9631B781946F86890477B6AED
:102E200001337B623B6B013B3B63FB681B68DB68E8
:102E300097F836201146F86898477B6A01337B6221
:102E4000BB6A0133BB62BB6A002BEED10CE0FB68AE
:102E50001B68DA68BB6B591CB9631B781946F868A4
:102E600090477B6A01337B623B6B013B3B633B6B6F
:102E7000002BECDA0DE0FB681B68DB6897F8362066
:102E80001146F86898477B6A01337B62BB6A013B55
:102E9000BB62BB6A002BEED1A6E518464037BD46A3
:102EA00080BD00BF78A200080EB480B585B000AF29
:102EB000786007F12003BB60BA68F9697868FFF7AA
:102EC0008BFDF860FB6818461437BD46BDE88040AE
:102ED00003B0704780B483B000AF786039603B685E
:102EE000DBB2124A1B01D9B27B68134403F540736D
:102EF0000A461A707B6803F01F020C497B685B0965
:102F0000012000FA02F2603341F823207B6803F0CD
:102F10001F0206497B685B09012000FA02F241F8B2
:102F2000232000BF0C37BD4680BC704700E100E0A5
:102F300080B400AF00BFBD4680BC704780B400AF16
:102F400000BFBD4680BC704780B400AF00BFBD4627
:102F500080BC704780B400AF00BFBD4680BC7047E6
:102F600080B400AF00BFBD4680BC704780B400AFE6
:102F700000BFBD4680BC704780B400AF00BFBD46F7
:102F800080BC704780B400AF00BFBD4680BC7047B6
:102F900080B400AF00BFBD4680BC704780B400AFB6
:102FA00000BFBD4680BC704780B400AF00BFBD46C7
:102FB00080BC704780B400AF00BFBD4680BC704786
:102FC00080B400AF00BFBD4680BC704780B400AF86
:102FD00000BFBD4680BC704780B400AF00BFBD4697
:102FE00080BC704780B400AF00BFBD4680BC704756
:102FF00080B500AF09213120FFF76CFF00BF80BD15
:1030000080B500AF064804F0F1FF064803F0C2FBAC
:10301000034805F025F806F00DFB00BF80BD00BF9A
:10302000A4A800081806002480B400AF00BFBD4665
:1030300080BC704780B500AF0C212520FFF74AFF08
:1030400000BF80BD80B500AF064804F0CFFF064842
:1030500004F088FC034805F003F806F0EBFA00BF23
:1030600080BD00BFB0A800080C08002480B400AFE9
:1030700000BFBD4680BC704780B400AF00BFBD46F6
:1030800080BC704780B400AF00BFBD4680BC7047B5
:1030900080B500AF0C213520FFF71CFF00BF80BDBD
:1030A00080B500AF064804F0A1FF064804F05AFCC2
:1030B000034804F0D5FF06F0BDFA00BF80BD00BF95
:1030C000BCA800086C08002480B400AF00BFBD4657
:1030D00080BC704780B400AF00BFBD4680BC704765
:1030E00080B400AF00BFBD4680BC704780B400AF65
:1030F00000BFBD4680BC704780B400AF00BFBD4676
:1031000080BC704780B400AF00BFBD4680BC704734
:1031100080B400AF00BFBD4680BC704780B500AF33
:1031200007211C20FFF7D6FE00BF80BD80B500AF91
:10313000054804F05BFF04F015FA034804F090FF23
:1031400006F078FA00BF80BDC8A8000880B400AFC0
:1031500000BFBD4680BC704780B400AF00BFBD4615
:1031600080BC704780B400AF00BFBD4680BC7047D4
:1031700080B400AF00BFBD4680BC704780B400AFD4
:1031800000BFBD4680BC704780B400AF00BFBD46E5
:1031900080BC704780B400AF00BFBD4680BC7047A4
:1031A00080B400AF00BFBD4680BC704780B400AFA4
:1031B00000BFBD4680BC704780B500AFFFF7B8FECA
:1031C000FFF7BCFEFFF7C0FEFFF7C4FEFFF7C8FE27
:1031D000FFF7CCFEFFF7D0FEFFF7D4FEFFF7D8FED7
:1031E000FFF7DCFEFFF7E0FEFFF7E4FEFFF7E8FE87
:1031F000FFF7ECFEFFF7F0FE09217A20FFF76AFEE9
:10320000FFF7F0FEFFF7F4FEFFF70EFFFFF780FF7A
:10321000FFF784FFFFF79AFFFFF79EFFFFF7A2FF7C
:10322000FFF7A6FFFFF7AAFFFFF7AEFFFFF7B2FF1A
:10323000FFF7B6FFFFF7BAFFFFF7FCFEFFF716FF39
:10324000FFF71AFFFFF71EFFFFF722FFFFF73CFF14
:10325000FFF740FFFFF744FFFFF748FFFFF74CFF82
:10326000FFF750FF00BF80BD80B483B000AF78602F
:103270000C4BD3F890200B497B681343C1F8903076
:10328000084BD3F890207B68DB4306491340C1F814
:103290009030044BD3F8903000BF0C37BD4680BC53
:1032A000704700BF0044025880B483B000AF78601C
:1032B0000C4BD3F894200B497B681343C1F894302E
:1032C000084BD3F894207B68DB4306491340C1F8D0
:1032D0009430044BD3F8943000BF0C37BD4680BC0B
:1032E000704700BF0044025880B483B000AF7860DC
:1032F0000C4BD3F898200B497B681343C1F89830E6
:10330000084BD3F898207B68DB4306491340C1F88B
:103310009830044BD3F8983000BF0C37BD4680BCC2
:10332000704700BF0044025880B483B000AF78609B
:103330000C4BD3F88C200B497B681343C1F88C30BD
:10334000084BD3F88C207B68DB4306491340C1F857
:103350008C30044BD3F88C3000BF0C37BD4680BC9A
:10336000704700BF0044025880B483B000AF78605B
:103370000C4BD3F89C200B497B681343C1F89C305D
:10338000084BD3F89C207B68DB4306491340C1F807
:103390009C30044BD3F89C3000BF0C37BD4680BC3A
:1033A000704700BF0044025880B483B000AF78601B
:1033B0000C4BD3F880200B497B681343C1F8803055
:1033C000084BD3F880207B68DB4306491340C1F8E3
:1033D0008030044BD3F8803000BF0C37BD4680BC32
:1033E000704700BF0044025880B483B000AF7860DB
:1033F0000C4BD3F884200B497B681343C1F884300D
:10340000084BD3F884207B68DB4306491340C1F89E
:103410008430044BD3F8843000BF0C37BD4680BCE9
:10342000704700BF0044025880B483B000AF78609A
:10343000094BDA6F08497B681343CB67064BDA6F99
:103440007B68DB4304491340CB67034BDB6F00BF52
:103450000C37BD4680BC70470044025880B483B02E
:1034600000AF78600C4BD3F888200B497B6813437E
:10347000C1F88830084BD3F888207B68DB430649C5
:103480001340C1F88830044BD3F8883000BF0C37A4
:10349000BD4680BC704700BF0044025880B483B072
:1034A00000AF78600B46FB70124BD3F8F420114943
:1034B0007B681343C1F8F430FB78002B08D00D4B28
:1034C000D3F81C210B497B681343C1F81C3108E079
:1034D000084BD3F81C217B68DB4306491340C1F835
:1034E0001C31044BD3F81C3100BF0C37BD4680BCE7
:1034F000704700BF0044025880B483B000AF7860CA
:103500000B46FB70124BD3F8DC2011497B68134348
:10351000C1F8DC30FB78002B08D00D4BD3F8042128
:103520000B497B681343C1F8043108E0084BD3F81A
:1035300004217B68DB4306491340C1F80431044B86
:10354000D3F8043100BF0C37BD4680BC704700BFC4
:103550000044025880B400AF0B4B1B680A4A43F486
:1035600080731360094B1B6F03F44073B3F5007F46
:1035700006D0064B4FF480321A67044B00221A67BC
:1035800000BFBD4680BC7047004802580044025846
:1035900080B400AF124B0222DA6000BF104B5B68B0
:1035A00003F40053002BF9D00D4B0E4A1A600C4B5C
:1035B00001229A600A4B0C4ADA60094B00221A6118
:1035C000074B4FF440429A6100BF054B9B6903F4DF
:1035D0000053002BF9D000BF00BFBD4680BC704730
:1035E0000048025800C000F00200000180B500AFA2
:1035F0006FF00040FFF7D8FE4FF0FF30FFF7F4FE0A
:103600001048FFF711FF1048FFF728FF4FF0FF3079
:10361000FFF72AFE4FF0FF30FFF746FE4FF0FF3076
:10362000FFF762FE4FF0FF30FFF77EFE4FF0FF30F6
:10363000FFF79AFE00F024FC00F020FFFFF7BCFD2E
:1036400000BF80BDFFEFFF7F00F8FFFF80B584B0B3
:1036500000AF7E4B01221A6001210220FFF71EFFFE
:10366000FFF796FFFFF776FF794B1B68784A43F028
:103670000103136000BF764B1B6803F00403002BAB
:10368000F9D0734B00221A6100BF714B1B6903F024
:103690003803002BF9D16E4B01221A606C4B4FF0AE
:1036A00080425A606A4B00225A67694B694ADA6263
:1036B000694BFB60FB6843F40043FB60644AFB68B2
:1036C0001361634B1B68624A43F48033136000BF8D
:1036D0005F4B1B6803F40033002BF9D05C4B1B6875
:1036E0005B4A43F48053136000BF594B1B6803F4DB
:1036F0000053002BF9D00023BB6000237B60002324
:103700003B60534B554A9A6240F299333B60504BB1
:1037100000225A634E4B524A1A63BB6843F08073CF
:10372000BB607B6843F000737B603B6843F480338D
:103730003B603B6843F400333B603B6843F48023C9
:103740003B60434B44F6F052DA63414B454A9A637F
:10375000BB6843F08063BB607B6843F000637B60C1
:103760003B6843F400233B603B6843F480133B60B9
:103770003B6843F400133B60354B00225A64344BE2
:10378000394A1A64BB6843F08053BB607B6843F0DE
:1037900000537B603B6843F480033B603B6843F02D
:1037A00080733B602A4A3B68D362294B1A682849D8
:1037B000BB6813430B6000BF254B1A687B6813403E
:1037C0007A689A42F8D1224B48229A61204B4FF4F2
:1037D0008862DA611E4B40221A621D4B4FF4803220
:1037E000DA641B4B214A1A65194B4FF4E0025A6503
:1037F000174B4FF440329A651D4B32221A6000BFBE
:103800001B4B1B6803F00F03022BF9D1104B1B69F4
:103810000F4A43F00303136100BF0D4B1B6903F014
:103820003803182BF9D101214FF00050FFF764FE47
:1038300001214FF08040FFF75FFE01214FF0004073
:10384000FFF75AFE00BF1037BD4680BD088100510A
:10385000004402580000FF01000810085250900177
:103860009F0209016112010B1F07050741000010AB
:103870000020005280B483B000AF30237B607B68AF
:1038800083F3118800BF00BF00BF00BF0C37BD46E7
:1038900080BC704780B483B000AF00237B607B683E
:1038A00083F3118800BF00BF00BF00BF0C37BD46C7
:1038B00080BC704780B500AFFFF7DCFF00BF80BD64
:1038C00080B500AFFFF7E6FF00BF80BD80B582B0D6
:1038D00000AF786039603968786805F0C1FB00BFD7
:1038E0000837BD4680BD000080B483B000AF78606B
:1038F0000C4BD3F880200B497B681343C1F8803010
:10390000084BD3F880207B68DB4306491340C1F89D
:103910008030044BD3F8803000BF0C37BD4680BCEC
:10392000704700BF0044025880B483B000AF786095
:103930000B46FB70124BD3F8D82011497B68134318
:10394000C1F8D830FB78002B08D00D4BD3F80021FC
:103950000B497B681343C1F8003108E0084BD3F8EA
:1039600000217B68DB4306491340C1F80031044B5A
:10397000D3F8003100BF0C37BD4680BC704700BF94
:103980000044025880B483B000AF78600C4BD3F889
:10399000D8207B68DB430A491340C1F8D830084B74
:1039A000D3F800217B68DB4305491340C1F800319F
:1039B000034BD3F8003100BF0C37BD4680BC7047C5
:1039C0000044025880B582B000AF78607868FFF795
:1039D0008BFF00BF0837BD4680BD80B483B000AF09
:1039E00078607B689B6A9B6803F00403002B0FD010
:1039F0007B689B6A9A687B689B6A42F010029A60B7
:103A000000BF7B689B6A9B6803F01003002BF8D112
:103A10007B689B6A0022DA6100BF0C37BD4680BC20
:103A2000704780B584B000AF786039607B681B69EF
:103A3000002B59D00023FB603B6803F01003002BE0
:103A400007D07B681B78032B03D1FB6843F002038C
:103A5000FB603B6803F08003002B03D0FB6843F05E
:103A60000403FB603B6803F48073002B03D0FB6806
:103A700043F00803FB603B6803F40073002B03D0A2
:103A8000FB6843F01003FB60FB68002B2CD07868C8
:103A900000F07AF87B681B69DB68002B13D07B6829
:103AA00005221A707B681B69DB68F968786898479B
:103AB0007B681B78052B0CD17B6802221A707B680F
:103AC00000221A6105E07B6802221A707B680022DE
:103AD0001A61FFF7EFFE7B6814334FF0FF31184691
:103AE000FFF7F4FEFFF7ECFE00BF1037BD4680BDC8
:103AF00080B582B000AF0B4804F078FA0A4B1B681F
:103B00007B60094A7B68136079680848FFF789FF82
:103B1000044804F0A5FA05F08DFD00BF0837BD4646
:103B200080BD00BFD4A80008002002402804002463
:103B300080B500AF1048FDF724FA0F4B0F4ADA6248
:103B40000D4B0F4A9A620C4B00221A630A4B0D4A26
:103B50005A6305211220FFF7BDF901212020FFF74C
:103B6000E3FE2020FFF72EFF044B00229A60202066
:103B7000FFF708FF00BF80BD280400240023024097
:103B800000200240162C020080B582B000AF7860A1
:103B90007B68134A93421BD17B681B6B1B681A68B6
:103BA0007B681B6B1B6822F01F021A607B681B6B13
:103BB0001B681B6803F00103002BF7D17B681B6BAC
:103BC0001B7B19467B681B6B5B683D228A401A6031
:103BD0007868FFF702FF00BF0837BD4680BD00BF11
:103BE0002804002480B582B000AF0F4804F0FEF92D
:103BF0000E4B1B6803F00E037B600C4A7B6853601E
:103C00000B4B5B68002B06D0094B5B68084A926837
:103C1000796810469847044804F022FA05F00AFD36
:103C200000BF0837BD4680BD80A900080054025877
:103C30006004002480B582B000AF104804F0D6F9CB
:103C40000F4B1B681B0903F00E037B600C4A7B685B
:103C50001B0153600B4BDB68002B06D0094BDB6864
:103C6000084A1269796810469847044804F0F8F940
:103C700005F0E0FC00BF0837BD4680BD8CA90008F8
:103C8000005402586004002480B582B000AF104890
:103C900004F0ACF90F4B1B681B0A03F00E037B60AA
:103CA0000C4A7B681B0253600B4B5B69002B06D0F0
:103CB000094B5B69084A926979681046984704483D
:103CC00004F0CEF905F0B6FC00BF0837BD4680BD54
:103CD00098A90008005402586004002480B582B0FE
:103CE00000AF104804F082F90F4B1B681B0B03F068
:103CF0000E037B600C4A7B681B0353600B4BDB6934
:103D0000002B06D0094BDB69084A126A7968104615
:103D10009847044804F0A4F905F08CFC00BF08376C
:103D2000BD4680BDA4A900080054025860040024C8
:103D300080B582B000AF104804F058F90F4B1B68F3
:103D40001B0C03F00E037B600C4A7B681B04536062
:103D50000B4B5B6A002B06D0094B5B6A084A926AE0
:103D6000796810469847044804F07AF905F062FC37
:103D700000BF0837BD4680BDB0A9000800540258F6
:103D80006004002480B582B000AF104804F02EF922
:103D90000F4B1B681B0D03F00E037B600C4A7B6806
:103DA0001B0553600B4BDB6A002B06D0094BDB6A0B
:103DB000084A126B796810469847044804F050F995
:103DC00005F038FC00BF0837BD4680BDBCA900081F
:103DD000005402586004002480B582B000AF10483F
:103DE00004F004F90F4B1B681B0E03F00E037B60FD
:103DF0000C4A7B681B0653600B4B5B6B002B06D099
:103E0000094B5B6B084A926B7968104698470448E7
:103E100004F026F905F00EFC00BF0837BD4680BD52
:103E2000C8A90008005402586004002480B582B07C
:103E300000AF104804F0DAF80F4B1B681B0F03F0BB
:103E40000E037B600C4A7B681B0753600B4BDB6BDC
:103E5000002B06D0094BDB6B084A126C79681046C0
:103E60009847044804F0FCF805F0E4FB00BF08376D
:103E7000BD4680BDD4A90008005402586004002447
:103E800080B483B000AF164B00221A6000237B6021
:103E900019E014497A6813469B0013449B000B44B5
:103EA00004331B6800221A600D4A7B68DB00134450
:103EB00000225A600A4A7B68DB00134400229A60A1
:103EC0007B6801337B607B68072BE2D9064B4FF0A0
:103ED000FF325A6000BF0C37BD4680BC704700BF40
:103EE00060040024E0A800080054025880B483B0A5
:103EF00000AF78600B46FB70124BD3F8D820114905
:103F00007B681343C1F8D830FB78002B08D00D4BE9
:103F1000D3F800210B497B681343C1F8003108E056
:103F2000084BD3F800217B68DB4306491340C1F8F6
:103F30000031044BD3F8003100BF0C37BD4680BCC4
:103F4000704700BF0044025880B582B000AF0F48F0
:103F500004F04CF80E4B1B6803F03D037B600C4AE9
:103F60007B6893600B4B5B68002B06D0094B5B684A
:103F7000084A9268796810469847044804F070F837
:103F800005F058FB00BF0837BD4680BDE0AA000819
:103F900000000240A404002480B582B000AF1048A5
:103FA00004F024F80F4B1B689B0903F03D037B6072
:103FB0000C4A7B689B0193600B4BDB68002B06D09F
:103FC000094BDB68084A126979681046984704482B
:103FD00004F046F805F02EFB00BF0837BD4680BD53
:103FE000ECAA000800000240A404002480B582B0BE
:103FF00000AF104803F0FAFF0F4B1B681B0C03F0D7
:104000003D037B600C4A7B681B0493600B4B5B6930
:10401000002B06D0094B5B69084A92697968104603
:104020009847044804F01CF805F004FB00BF08376B
:10403000BD4680BDF8AA000800000240A404002488
:1040400080B582B000AF104803F0D0FF0F4B1B6863
:104050009B0D03F03D037B600C4A7B689B059360DE
:104060000B4BDB69002B06D0094BDB69084A126A4F
:10407000796810469847044803F0F2FF05F0DAFA31
:1040800000BF0837BD4680BD04AB000800000240F9
:10409000A404002480B582B000AF0F4803F0A6FF4F
:1040A0000E4B5B6803F03D037B600C4A7B68D3607A
:1040B0000B4B5B6A002B06D0094B5B6A084A926A7D
:1040C000796810469847044803F0CAFF05F0B2FA31
:1040D00000BF0837BD4680BD10AB0008000002409D
:1040E000A404002480B582B000AF104803F07EFF26
:1040F0000F4B5B689B0903F03D037B600C4A7B68B8
:104100009B01D3600B4BDB6A002B06D0094BDB6AAB
:10411000084A126B796810469847044803F0A0FFDC
:1041200005F088FA00BF0837BD4680BD1CAB00080B
:1041300000000240A404002480B582B000AF104803
:1041400003F054FF0F4B5B681B0C03F03D037B60D7
:104150000C4A7B681B04D3600B4B5B6B002B06D0B7
:10416000094B5B6B084A926B796810469847044884
:1041700003F076FF05F05EFA00BF0837BD4680BD4C
:1041800028AB000800000240A404002480B582B0DF
:1041900000AF104803F02AFF0F4B5B689B0D03F044
:1041A0003D037B600C4A7B689B05D3600B4BDB6B4C
:1041B000002B06D0094BDB6B084A126C796810465D
:1041C0009847044803F04CFF05F034FA00BF083765
:1041D000BD4680BD34AB000800000240A4040024AA
:1041E00080B582B000AF0F4803F000FF0E4B1B6894
:1041F00003F03D037B600C4A7B6893600B4B5B6C68
:10420000002B06D0094B5B6C084A926C796810460B
:104210009847044803F024FF05F00CFA00BF083764
:10422000BD4680BD40AB000800040240A404002449
:1042300080B582B000AF104803F0D8FE0F4B1B686A
:104240009B0903F03D037B600C4A7B689B019360F4
:104250000B4BDB6C002B06D0094BDB6C084A126D54
:10426000796810469847044803F0FAFE05F0E2F931
:1042700000BF0837BD4680BD4CAB000800040240BB
:10428000A404002480B582B000AF104803F0AEFE55
:104290000F4B1B681B0C03F03D037B600C4A7B68D3
:1042A0001B0493600B4B5B6D002B06D0094B5B6DC1
:1042B000084A926D796810469847044803F0D0FE8A
:1042C00005F0B8F900BF0837BD4680BD58AB0008FF
:1042D00000040240A404002480B582B000AF10485E
:1042E00003F084FE0F4B1B689B0D03F03D037B60C6
:1042F0000C4A7B689B0593600B4BDB6D002B06D053
:10430000094BDB6D084A126E7968104698470448DD
:1043100003F0A6FE05F08EF900BF0837BD4680BD4C
:1043200064AB000800040240A404002480B582B0FD
:1043300000AF0F4803F05AFE0E4B5B6803F03D03DD
:104340007B600C4A7B68D3600B4B5B6E002B06D006
:10435000094B5B6E084A926E79681046984704488C
:1043600003F07EFE05F066F900BF0837BD4680BD4C
:1043700070AB000800040240A404002480B582B0A1
:1043800000AF104803F032FE0F4B5B689B0903F04F
:104390003D037B600C4A7B689B01D3600B4BDB6E5B
:1043A000002B06D0094BDB6E084A126F7968104665
:1043B0009847044803F054FE05F03CF900BF083765
:1043C000BD4680BD7CAB000800040240A40400246C
:1043D00080B582B000AF104803F008FE0F4B5B6859
:1043E0001B0C03F03D037B600C4A7B681B04D3600D
:1043F0000B4B5B6F002B06D0094B5B6F084A926F2B
:10440000796810469847044803F02AFE05F012F92F
:1044100000BF0837BD4680BD88AB000800040240DD
:10442000A404002480B582B000AF114803F0DEFD83
:10443000104B5B689B0D03F03D037B600D4A7B686E
:104440009B05D3600C4BDB6F002B07D00A4BDB6F57
:10445000094AD2F88020796810469847044803F04A
:10446000FFFD05F0E7F800BF0837BD4680BD00BF7F
:1044700094AB000800040240A404002480B483B07C
:1044800000AF174B00221A6000237B600FE0154A33
:104490007B681B0113441B6800221A60104A7B686A
:1044A000DB00134400225A607B6801337B607B6829
:1044B0000F2BECD90C4B4FF0FF329A600A4B4FF0A8
:1044C000FF32DA60094B4FF0FF329A60074B4FF032
:1044D000FF32DA6000BF0C37BD4680BC704700BFBA
:1044E000A4040024E0A900080000024000040240E7
:1044F00080B58AB000AFF860B9607A603B60FB6855
:104500000F2B04D8FB683B62FB68FB6119E0FB687A
:10451000102B04D100233B620F23FB6111E0FB68E9
:10452000112B04D100233B620723FB6109E0FB68E8
:10453000122B04D107233B620F23FB6101E0002310
:1045400067E03B6A7B625FE001227B6A02FA03F369
:10455000BB61324B1A68BB691340002B51D17B6A97
:104560001B012F4A13447B612C4A7B6ADB001344F6
:104570007A685A60294A7B6ADB0013443A689A6079
:10458000264B1A68BB691343244A1360BB69DBB22C
:10459000002B03D001210120FFF7A8FCBB6903F425
:1045A0007F43002B03D001210220FFF79FFC7B6992
:1045B0001B681A687B691B6822F01F021A607B69FE
:1045C0001B681B6803F00103002BF8D17B691B7B80
:1045D00019467B695B683D228A401A607B691B68CB
:1045E00000221A607B691B6821225A617B68002BBC
:1045F00005D07B699B7BB9681846FEF76BFC7B692D
:1046000007E07B6A01337B627A6AFB699A429BD935
:10461000002318462837BD4680BD00BFA4040024EF
:10462000E0A9000880B483B000AF786039607B688F
:104630009B683A681A6000BF0C37BD4680BC704763
:1046400080B400AF00BFBD4680BC704780B483B06B
:1046500000AF30237B607B6883F3118800BF00BF0D
:1046600000BF00BF0C37BD4680BC704780B483B02C
:1046700000AF00237B607B6883F3118800BF00BF1D
:1046800000BF00BF0C37BD4680BC704780B500AF8F
:10469000FFF7DCFF00BF80BD80B500AFFFF7E6FF8E
:1046A00000BF80BD80B582B000AF786039603968E6
:1046B000786804F0D5FC00BF0837BD4680BD80B4E3
:1046C00083B000AF78607B681B6B1B685B68184623
:1046D0000C37BD4680BC704780B483B000AF7860B3
:1046E0007B685B6B1B685B6818460C37BD4680BCFB
:1046F000704780B483B000AF78607B681B6B1B6829
:104700001A687B681B6B1B6842F001021A6000BFCD
:104710000C37BD4680BC704780B483B000AF786072
:104720007B681B6B1B681A687B681B6B1B6822F01D
:104730001F021A607B681B6B1B681B6803F0010378
:10474000002BF7D17B681B6B1B7B19467B681B6BAF
:104750005B683D228A401A6000BF0C37BD4680BCB2
:10476000704780B483B000AF78607B685B6B1B6878
:104770001A687B685B6B1B6822F01F021A607B68FB
:104780005B6B1B681B6803F00103002BF7D17B6890
:104790005B6B1B7B19467B685B6B5B683D228A40C9
:1047A0001A6000BF0C37BD4680BC704780B586B02C
:1047B00000AF78607B689B6BFB607868FFF77FFFDA
:1047C00038613B69FF2B05D9FF233B614FF08073B4
:1047D0007B6101E000237B61FB685A68094B134051
:1047E0007A68526892681A433B691B041A437B69D2
:1047F000134343F48062FB685A6000BF1837BD461C
:1048000080BD00BFFFFF00FE80B586B000AF7860BE
:104810007B689B6BFB607868FFF75EFF38613B69E4
:10482000FF2B05D9FF233B614FF080737B6101E0D3
:1048300000237B61FB685A68084B13407A68526812
:1048400092681A433B691B041A437B691A43FB684D
:104850005A6000BF1837BD4680BD00BFFFFF00FE95
:1048600080B584B000AF786039607B689B6BFB607B
:104870003B6803F01003002B23D07868FFF74CFF50
:104880007868FFF76EFF7B689B6843F004027B68E3
:104890009A60FB685B6843F48042FB685A60FB687F
:1048A0001B6823F04602FB681A60FFF7EFFE7B6887
:1048B0001C336FF001011846FFF7F4FEFFF7ECFE22
:1048C0004BE03B6803F08003002B0BD07B681B7828
:1048D000032B03D17868FFF797FF3EE07868FFF776
:1048E00065FF3AE03B6803F04003002B35D07B685E
:1048F0001B78032B18D17868FFF733FF7868FFF730
:10490000DEFE0346002B12D07868FFF74FFF786871
:10491000FFF7EFFEFB685B6843F40052FB685A60E8
:104920007B6804221A7018E07868FFF7F5FEFB68D0
:104930005B6843F48042FB685A60FB681B6823F0A5
:104940004002FB681A60FFF7A1FE7B681C33002160
:104950001846FFF7A7FEFFF79FFE1037BD4680BD44
:1049600080B582B000AF786039607868FFF7D4FE18
:104970007868FFF7F6FE3B6803F48073002B05D0E0
:104980007B689B6843F001027B689A603B6803F494
:104990000073002B05D07B689B6843F002027B68A4
:1049A0009A603B6803F48063002B05D07B689B68AA
:1049B00043F008027B689A603B6803F48053002B45
:1049C00005D07B689B6843F020027B689A607B6817
:1049D0009B68002B0AD0FFF759FE7B681C336FF0F1
:1049E00001011846FFF75EFEFFF756FE00BF0837CD
:1049F000BD4680BD80B582B000AF0D4B9B6B9B69FF
:104A00007B600C4803F0F2FA094B9B6B7A6802F06A
:104A1000FE02DA6179680648FFF722FF054803F0D5
:104A20001FFB04F007FE00BF0837BD4680BD00BF76
:104A300028050024A0AB000880B582B000AF0D4B64
:104A40009B6B9B697B600C4803F0D0FA094B9B6B16
:104A50007A6802F47C52DA6179680648FFF780FFD1
:104A6000054803F0FDFA04F0E5FD00BF0837BD4638
:104A700080BD00BF28050024ACAB000880B500AFA6
:104A80000C48FCF7AEFA0B4B0022DA61094B0A4ADC
:104A90009A63084B00221A63064B00225A630521D1
:104AA0004820FEF717FA05214920FEF713FA00BF48
:104AB00080BD00BF28050024005C004080B483B0A6
:104AC00000AF30237B607B6883F3118800BF00BF99
:104AD00000BF00BF0C37BD4680BC704780B483B0B8
:104AE00000AF00237B607B6883F3118800BF00BFA9
:104AF00000BF00BF0C37BD4680BC704780B500AF1B
:104B0000FFF7DCFF00BF80BD80B500AFFFF7E6FF19
:104B100000BF80BD80B582B000AF7860786803F0D8
:104B20005BF900BF0837BD4680BD80B485B000AFDB
:104B300078607B68D3F89030BB600023FB6040E076
:104B4000BA68FB6848335B0113441B68002B0DDA1D
:104B5000BA68FB6848335B0113441B6843F080422A
:104B6000B968FB6848335B010B441A60BA68FB689C
:104B700058335B0113441B68002B0DDABA68FB68DD
:104B800058335B0113441B6843F08042B968FB68EB
:104B900058335B010B441A60BA68FB685B0113442D
:104BA00003F608134FF0FF321A60BA68FB685B0126
:104BB000134403F608334FF0FF321A60FB680133E9
:104BC000FB607B68D3F894309B68FA689A42B7D947
:104BD000BB684FF00112C3F81C2800BF1437BD4654
:104BE00080BC704780B485B000AF78607B68D3F834
:104BF0009030BB600023FB602BE07A68FB680233D7
:104C00009B0013445B689B69002B0BD0BB68D3F8F7
:104C10001C28FB681033012101FA03F31A43BB6817
:104C2000C3F81C287A68FB6802339B0013445B6856
:104C30005B69002B0AD0BB68D3F81C280121FB68F4
:104C400001FA03F31A43BB68C3F81C28FB6801335D
:104C5000FB607B68D3F894309B68FA689A42CCD9A1
:104C600000BF00BF1437BD4680BC704780B584B01C
:104C700000AF78607B68D3F89030FB60FB6810224F
:104C80001A6100BFFB681B6903F01003002BF9D108
:104C90001220FFF73FFF00BF1037BD4680BD80B533
:104CA00084B000AF786039607B68D3F89030FB60E7
:104CB0003B689B0143F02002FB681A6100BFFB6860
:104CC0001B6903F02003002BF9D11220FFF722FF0C
:104CD00000BF1037BD4680BD80B483B000AF7860A0
:104CE0007B68D3F894301A687B68C3F8982000BFBB
:104CF0000C37BD4680BC704780B485B000AF78608B
:104D000039607B68D3F89830FB607B68D3F89820D3
:104D10003B681A447B68C3F89820FB681846143730
:104D2000BD4680BC704780B485B000AFF860B96004
:104D30007A60BB681A68FB681A607B68042B06D926
:104D40007B68043B7B60BB680433BB60F1E700BF5A
:104D500000BF1437BD4680BC704780B487B000AF39
:104D6000F860B9607A603B6000237B6100233B619F
:104D700017E03B6903F00303002B02D1FB681B68BB
:104D80007B613A693B689A4208D2BB685A1CBA6098
:104D90007A69D2B21A707B691B0A7B613B69013365
:104DA0003B613A697B689A42E3D300BF00BF1C377E
:104DB000BD4680BC704780B586B000AF78607B6828
:104DC000D3F890301B6A7B617B691B09C3F30A032C
:104DD0003B617B6903F00F03FB607B6903F4F01315
:104DE000B3F5402F1BD0B3F5402F00F29A80B3F5F6
:104DF000002F00F09880B3F5002F00F29280B3F5F9
:104E0000C02F00F09280B3F5C02F00F28A80B3F576
:104E1000003F00F08C80B3F5802F11D081E07B68DB
:104E2000D3F8903003F580507A68FB6802339B001A
:104E300013445B68196A08233A69FFF78EFF77E02D
:104E40007A68FB6802339B0013445B689B691A68AD
:104E50007968FB6802339B000B445B689B695B6865
:104E6000D31ABB607B68D3F8903003F580507A6822
:104E7000FB6802339B0013445B689B699968BB68BD
:104E80003A69FFF76AFF3A69BB689A4224D27A68A6
:104E9000FB6802339B0013445B689B6999687A68DE
:104EA000FB6802339B0013445B689B693A690A44C0
:104EB0009A607A68FB6802339B0013445B689B69C5
:104EC00059687A68FB6802339B0013445B689B69EE
:104ED0003A690A445A602BE07A68FB6802339B0007
:104EE00013445B689B6999687A68FB6802339B008E
:104EF00013445B689B69BA680A449A607A68FB68E5
:104F000002339B0013445B689B6959687A68FB68AD
:104F100002339B0013445B689B69BA680A445A6079
:104F200006E000BF04E000BF02E000BF00E000BFF9
:104F300000BF1837BD4680BD80B584B000AF786033
:104F40000B46FB70FB787A6802339B0013445B6866
:104F50005B695A68FB78796802339B000B445B6895
:104F60005B691B689A4211D37B68D3F89030D3F801
:104F70003418FB78012202FA03F3DA437B68D3F892
:104F800090300A40C3F8342801236CE0FB787A683B
:104F900002339B0013445B685B691A68FB7879688D
:104FA00002339B000B445B685B695B68D31AFB6050
:104FB000FB787A6802339B0013445B681B8A1A46AD
:104FC000FB68934207D9FB787A6802339B0013444D
:104FD0005B681B8AFB607B68D3F89020FB785B01E1
:104FE000134403F618131B689BB29B00FA689A429D
:104FF00001D9002337E07B68D3F89020FB78013398
:105000001B03D018FB787A6802339B0013445B685B
:105010005B699B68FA681946FFF785FEFB787A683A
:1050200002339B0013445B685B699968FB787A687C
:1050300002339B0013445B685B69FA680A449A6018
:10504000FB787A6802339B0013445B685B6959689C
:10505000FB787A6802339B0013445B685B69FA68EB
:105060000A445A606EE718461037BD4680BD80B5C9
:1050700086B000AF78600B46FB707B68D3F8903049
:105080007B61FB787A695B01134403F608131B68A4
:105090003B61FB787A695B01134403F608133A69B4
:1050A0001A603B6903F00103002B4BD07B69D3F8F6
:1050B000103803F00103002B44D0FB787A680233E8
:1050C0009B0013445B685B69FB60FB681A68FB68C4
:1050D000DB689A4213D2FB68DA68FB681B68D21A55
:1050E000FB681A60FB6800225A60FFF707FDFB7837
:1050F0001946786800F0E8FCFFF706FD22E07B68BF
:105100001B891AB2FB78012101FA03F31BB2DB43BE
:105110001BB213401BB29AB27B681A81FB787A6883
:1051200002339B0013445B689B68002B0AD0FB781A
:105130007A6802339B0013445B689B68FA781146D7
:10514000786898473B6903F08003002B0ED07B6999
:10515000D3F83428FB78012101FA03F31340002B24
:1051600004D0FB7819467868FFF7E6FE00BF1837D1
:10517000BD4680BD80B586B000AF78600B46FB7041
:105180007B68D3F890307B61FB787A695B011344CC
:1051900003F608331B683B61FB787A695B011344B3
:1051A00003F608333A691A603B6903F00803002BE1
:1051B00011D07B69D3F8143803F00803002B0AD010
:1051C000FB787A6802339B0013445B685B68FA786B
:1051D0001146786898473B6903F00103002B5ED0C5
:1051E0007B69D3F8143803F00103002B57D0FB7808
:1051F0007A6802339B0013445B689B69FB60FB7811
:10520000002B29D1FB685A68FB78796802339B0030
:105210000B445B685B8AB2FBF3F101FB03F3D31A27
:10522000002B19D1FB681A68FB68DB689A4213D21D
:10523000FB68DA68FB681B68D21AFB681A60FB68B7
:1052400000225A60FFF75AFCFB781946786800F094
:105250009CFBFFF759FC22E07B685B891AB2FB7864
:10526000012101FA03F31BB2DB431BB213401BB253
:105270009AB27B685A81FB787A6802339B001344A8
:105280005B68DB68002B0AD0FB787A6802339B00EE
:1052900013445B68DB68FA781146786898471837DA
:1052A000BD4680BD80B584B000AF78607B68D3F820
:1052B0009030BB600023FB7354E0FB7BBA6848333B
:1052C0005B0113441B6803F44023B3F5802F46D1E0
:1052D000FB7BBA6848335B0113441B68002B3EDA42
:1052E000FB7BBA6848335B0113441A68FB7B42F0CE
:1052F0009042B96848335B010B441A6000BFFB7BE6
:10530000BA6848335B0113441B68002BF7DBFB7B57
:1053100019467868FFF7C3FC7B681B891AB2FB7BD0
:10532000012101FA03F31BB2DB431BB213401BB292
:105330009AB27B681A81FB7B7A6802339B00134424
:105340005B689B68002B0AD0FB7B7A6802339B006A
:1053500013445B689B68FA7B114678689847FB7B2F
:105360000133FB73FA7B7B68D3F894309B689A42D5
:10537000A3D900BF00BF1037BD4680BD80B584B043
:1053800000AF78607B68D3F89030BB600023FB737C
:1053900038E0FB7BBA6858335B0113441B6803F4A5
:1053A0004023B3F5802F2AD1FB7BBA6858335B01C9
:1053B00013441B68002B22DA7B685B891AB2FB7BE3
:1053C000012101FA03F31BB2DB431BB213401BB2F2
:1053D0009AB27B685A81FB7B7A6802339B00134444
:1053E0005B68DB68002B0AD0FB7B7A6802339B008A
:1053F00013445B68DB68FA7B114678689847FB7B4F
:105400000133FB73FA7B7B68D3F894309B689A4234
:10541000BFD900BF00BF1037BD4680BD80B586B084
:1054200000AF78607B68D3F890303B6140237B61AC
:105430003B695B69FB603B699B69FA681340FB60F1
:105440003B69FA685A61FB6803F48053002B03D070
:105450007868FCF7F2FF47E1FB68002B1CDA3B6938
:10546000D3F8003E03F00303002B07D03B69D3F8C9
:10547000003E23F003023B69C3F8002E7868FFF773
:10548000B1FB3B69D3F8043823F001023B69C3F850
:1054900004287868FDF735F8FB6803F40063002BF7
:1054A00005D07868FFF741FB7868FDF705F8FB68E1
:1054B00003F40053002B17D03B69D3F8083803F0EE
:1054C0000603002B08D13B69DB6823F4705343F4D7
:1054D00010523B69DA6007E03B69DB6823F47053E4
:1054E00043F4A0523B69DA60FB6803F00803002B29
:1054F00026D07B685B68DB68002B05D13B699B6924
:1055000023F008023B699A617B681B78052B0AD15E
:105510003B69D3F8003E23F003023B69C3F8002E39
:105520007868FCF7EEFF7868FFF75CFB7B685B68E8
:10553000DB68002B04D07B685B68DB687868984781
:10554000FB6803F48013002B02D07868FFF7AAFEF3
:10555000FB6803F40013002B02D07868FFF70EFFFE
:105560003B69D3F81838BB60FB6803F40023002BB9
:1055700050D0BB6803F48033002B03D0002178683F
:10558000FFF7F8FDBB6803F40033002B03D00121C3
:105590007868FFF7EFFDBB6803F48023002B03D08E
:1055A00002217868FFF7E6FDBB6803F40023002BB7
:1055B00003D003217868FFF7DDFDBB6803F4801397
:1055C000002B03D004217868FFF7D4FDBB6803F4F7
:1055D0000013002B03D005217868FFF7CBFDBB68D3
:1055E00003F48003002B03D006217868FFF7C2FD87
:1055F000BB6803F40003002B03D007217868FFF792
:10560000B9FDBB6803F08073002B03D008217868D4
:10561000FFF7B0FDFB6803F48023002B50D0BB687C
:1056200003F00103002B03D000217868FFF71FFD72
:10563000BB6803F00203002B03D001217868FFF759
:1056400016FDBB6803F00403002B03D00221786829
:10565000FFF70DFDBB6803F00803002B03D0032107
:105660007868FFF704FDBB6803F01003002B03D03C
:1056700004217868FFF7FBFCBB6803F02003002BD4
:1056800003D005217868FFF7F2FCBB6803F0400304
:10569000002B03D006217868FFF7E9FCBB6803F014
:1056A0008003002B03D007217868FFF7E0FCBB687C
:1056B00003F48073002B03D008217868FFF7D7FC30
:1056C000FB6803F01003002B02D07868FFF773FB30
:1056D000FA68074B1340002B06D07B69013B7B61C6
:1056E0007B69002B00D0A3E61837BD4680BD00BF04
:1056F0003000000480B500AF064802F077FC064891
:10570000FFF78CFE034802F0ABFC03F093FF00BFF1
:1057100080BD00BFE8AB00086405002480B500AF81
:105720000648FCF7DDFD054B054AC3F89020034B06
:10573000044AC3F8942000BF80BD00BF6405002464
:1057400000000840DCAB000890B585B000AF786081
:105750007B68D3F89030BB6000217868FFF79FFA30
:10576000BB680022C3F83428BB684FF00112C3F8AD
:105770001C280023FB6024E0BA68FB6848335B0107
:1057800013444FF000621A60BA68FB6858335B013B
:1057900013444FF000621A60BA68FB685B0113445F
:1057A00003F608134FF0FF321A60BA68FB685B011A
:1057B000134403F608334FF0FF321A60FB680133DD
:1057C000FB607B68D3F894309B68FA689A42D3D91F
:1057D0007868FFF781FA7B68D3F894301A68BB6861
:1057E0005A627868FFF742FABB68D3F8003823F4AE
:1057F000FE62BB68C3F80028BB689A691D4B13435F
:10580000BA689361BB680922C3F81028BB680922F3
:10581000C3F814287B68184ADA60BB684FF0C042AE
:10582000C3F8102B40231A46144B1343BA68C2F82E
:10583000003BBB680022C3F8102940231A460F4BD7
:105840001343BA68C2F8003940239B089BB21B047B
:105850001C4640239B089BB219467868FFF74CFA18
:10586000034644EA0302BB689A6200BF1437BD4690
:1058700090BD00BF10000C00B8AB00080080001005
:1058800080B485B000AF78607B68D3F89030FB605F
:10589000FB68D3F8003823F4FE637A6892F88A2014
:1058A00012011A43FB68C3F8002800BF1437BD4635
:1058B00080BC704780B582B000AF78607868FFF731
:1058C0000BFA7868FFF731F900BF0837BD4680BD95
:1058D00080B485B000AF78600B46FB707B68D3F86E
:1058E0009020FB7858335B0113441B68FB60FB6816
:1058F00003F40043002B01D1002307E0FB6803F40D
:105900000013002B01D0012300E0022318461437B6
:10591000BD4680BC704780B485B000AF78600B4650
:10592000FB707B68D3F89020FB7848335B0113440D
:105930001B68FB60FB6803F40043002B01D10023CC
:1059400007E0FB6803F40013002B01D0012300E003
:10595000022318461437BD4680BC704780B584B01A
:1059600000AFF8600B467A60FB72FB7AFA6802338C
:105970009B0013445B681B6A082219467868FAF793
:105980004FFD00BF1037BD4680BD80B487B000AF6B
:1059900078600B46FB70FB787A6802339B001344F7
:1059A0005B689B697B617B691A687B69DA60FB785D
:1059B000002B06D17B691B68402B02D97B694022F2
:1059C0001A607B691A68FB78796802339B000B4484
:1059D0005B685B8A13445A1EFB78796802339B002C
:1059E0000B445B685B8AB2FBF3F33B61FB787A683C
:1059F00002339B0013445B685B8A1A463B6902FBD7
:105A000003F3033323F00303FB603B69DA04FB6811
:105A10001A437B68D3F89010FB7842F0C0425B01D8
:105A20000B4403F531631A60FB787A6802339B00FC
:105A300013445B681B6803F00303012B2DD17B68C3
:105A4000D3F89030D3F8083803F48073002B12D0C9
:105A50007B68D3F89020FB7858335B0113441A68B5
:105A60007B68D3F89010FB7842F0805258335B018A
:105A70000B441A6011E07B68D3F89020FB78583310
:105A80005B0113441A687B68D3F89010FB7842F0EE
:105A9000005258335B010B441A607B68D3F89020A6
:105AA000FB7858335B0113441A687B68D3F8901075
:105AB000FB7842F0044258335B010B441A6000BF8C
:105AC0001C37BD4680BC704780B485B000AF78609D
:105AD0000B46FB70FB787A6802339B0013445B68CB
:105AE0005B69FB60FB681A68FB68DA60FB681B682F
:105AF000002B0BD17B68D3F89020FB785B0113441B
:105B000003F511634FF400221A602EE0FB78002B9E
:105B100006D1FB681B68402B02D9FB6840221A6043
:105B2000FB681A68FB78796802339B000B445B685A
:105B30001B8A13445A1EFB78796802339B000B447E
:105B40005B681B8AB2FBF3F3BB60BB68DA04FB68DB
:105B50001B681A437B68D3F89010FB7842F0005220
:105B60005B010B4403F511631A60FB787A6802331A
:105B70009B0013445B681B6803F00303012B2DD1CA
:105B80007B68D3F89030D3F8083803F48073002B87
:105B900012D07B68D3F89020FB7848335B01134424
:105BA0001A687B68D3F89010FB7842F08052483333
:105BB0005B010B441A6011E07B68D3F89020FB78FE
:105BC00048335B0113441A687B68D3F89010FB7864
:105BD00042F0005248335B010B441A607B68D3F8F3
:105BE0009020FB7848335B0113441A687B68D3F834
:105BF0009010FB7842F0044248335B010B441A607A
:105C00007B68D3F89030D3F83418FB7801229A409F
:105C10007B68D3F890300A43C3F8342800BF1437A8
:105C2000BD4680BC704780B483B000AF78600B463F
:105C3000FB707B68D3F89020FB7858335B011344EA
:105C40001A687B68D3F89010FB7842F4001258333E
:105C50005B010B441A6000BF0C37BD4680BC704727
:105C600080B483B000AF78600B46FB707B68D3F8DC
:105C70009020FB7848335B0113441A687B68D3F8A3
:105C80009010FB7842F4001248335B010B441A6019
:105C900000BF0C37BD4680BC704780B483B000AFF6
:105CA00078600B46FB707B68D3F89020FB78583304
:105CB0005B0113441A687B68D3F89010FB7822F4D8
:105CC000001258335B010B441A6000BF0C37BD460D
:105CD00080BC704780B483B000AF78600B46FB7027
:105CE0007B68D3F89020FB7848335B0113441A6833
:105CF0007B68D3F89010FB7822F4001248335B01E4
:105D00000B441A6000BF0C37BD4680BC704780B49E
:105D100083B000AF30237B607B6883F3118800BFC2
:105D200000BF00BF0C37BD4680BC704780B483B055
:105D300000AF00237B607B6883F3118800BF00BF46
:105D400000BF0C37BD4680BC704780B483B000AF45
:105D500030237B607B6883F3118800BF00BF00BFE6
:105D600000BF0C37BD4680BC704780B483B000AF25
:105D700000237B607B6883F3118800BF00BF00BFF6
:105D800000BF0C37BD4680BC704780B500AFFFF741
:105D9000BEFF00BF80BD80B500AFFFF7C7FF00BFEB
:105DA00080BD80B500AFFFF7D0FF00BF80BD80B5DC
:105DB00000AFFFF7DAFF00BF80BD80B582B000AF53
:105DC0007860786803F01BF900BF0837BD4680BDD6
:105DD00080B582B000AF78604FF0FF31786803F093
:105DE0001DF9034618460837BD4680BD80B582B010
:105DF00000AF786039603968786803F031F900BF26
:105E00000837BD4680BD80B483B000AF786039608C
:105E10007B689B6C3A689A4203D37B68DB6A5B6859
:105E20000DE07B68DB6A5A687B68996C3B685B00B5
:105E30000B44591E3B685B00B1FBF3F31344184657
:105E40000C37BD4680BC704780B588B000AFF860A5
:105E5000B9607A60FB685B6CFA68FA6142F21072B2
:105E6000BA61FA69526C5268C2F3090201327A616E
:105E7000FA69916C7A695200B1FBF2F21749A1FB01
:105E800002129209B96901FB02F25A62F868FBF743
:105E900057FC0346002B01D001231BE0FB685B6C21
:105EA000BA689A65FB685B6C01221A65FB685B6CDB
:105EB0004FF0FF329A63FB685B6C4FF49572DA63C4
:105EC000FB685B6C7A689A62FB685B6C42F2070263
:105ED000DA62002318462037BD4680BDD34D6210DC
:105EE00080B584B000AFF860B9607A603B60FB6851
:105EF0001B6B03F01003002B02D1BB685B02BB607D
:105F00007B68012B10D93B68BA681221F86800F051
:105F10001BFA0346002B05D13B681A680D4B134052
:105F2000002B12D0012311E03B68BA681121F868F8
:105F300000F00AFA0346002B05D13B681A68054BAE
:105F40001340002B01D0012300E000231846103736
:105F5000BD4680BD08E0FFFD80B584B000AFF860AD
:105F6000B9607A603B60FB681B6B03F01003002B89
:105F700002D1BB685B02BB607B68012B10D93B6818
:105F8000BA681921F86800F0DFF90346002B05D143
:105F90003B681A680D4B1340002B12D0012311E00F
:105FA0003B68BA681821F86800F0CEF90346002B68
:105FB00005D13B681A68054B1340002B01D0012323
:105FC00000E0002318461037BD4680BD08E0FFFD05
:105FD00080B584B000AFF860B9607A60FFF7D5FE95
:105FE000FB685B6CDB6B002B04D0FB68403318460E
:105FF000FFF7EEFEFB685B6C00221A65FB685B6CCA
:106000000022DA63FB685B6C0022DA62FB685B6C7F
:106010005B6B03F48073002B03D1FFF7BCFE0123FD
:1060200012E0FB685B6C4FF0FF329A63FFF7B3FE40
:10603000BB68012B07D97B6800220C21F86800F0AF
:1060400083F9034600E0002318461037BD4680BDA3
:1060500080B485B000AF786039600023FB603B6896
:1060600003F00103002B03D0FB6843F00103FB6046
:106070003B6803F00203002B03D0FB6843F00203EC
:10608000FB603B6803F00403002B03D0FB6843F084
:106090000803FB603B6803F00803002B03D0FB6898
:1060A00043F00403FB603B6803F01003002B03D0B4
:1060B000FB6843F01003FB603B6803F02003002BF8
:1060C00003D0FB6843F02003FB607B685A6BFB68DE
:1060D0001A437B685A6300BF1437BD4680BC7047C3
:1060E00080B586B000AFF860B9607A60FB685B6C21
:1060F0005B6B7B61FB685B6C7A699A63FB685B6CCA
:1061000000221A65FB685B6C0022DA627969F86824
:10611000FFF79EFFBB68012B05D97B6800220C218D
:10612000F86800F011F900BF1837BD4680BD0000C7
:1061300080B500AF0948FBF723FB084B00221A6427
:10614000064B074A5A64054B064A9A64034B064AB3
:10615000DA63024B054ADA6400BF80BD18060024EA
:106160000070005235116F0200000430000204304C
:1061700090B583B000AF78607B685C6C0A49786842
:10618000FFF741FE034663607B685B6C1A687B68BF
:106190005B6C42F003021A606420FFF70EFE00BF42
:1061A0000C37BD4690BD00BF801A060090B583B085
:1061B00000AF78600B46FB70FB78012B11D17B6838
:1061C0005B6C5B68114C1C4011497868FFF71BFE43
:1061D000034644EA03027B685B6C42F480525A60D7
:1061E00010E07B685B6C5B68084C1C400949786870
:1061F000FFF709FE034644EA03027B685B6C42F446
:1062000080525A6000BF0C37BD4690BD00ECFFFFC6
:1062100080F0FA0240787D0180B483B000AF7860EE
:106220007B685B6C00225A607B685B6C00221A60A2
:1062300000BF0C37BD4680BC704780B485B000AF4E
:1062400078600B46FB707B685B6C5B6823F44043B3
:10625000FB60FB78022B12D0022B17DC002B02D044
:10626000012B05D012E07B685B6CFA685A600DE088
:106270007B685B6CFA6842F480425A6006E07B6897
:106280005B6CFA6842F400425A6000BF00BF1437EA
:10629000BD4680BC704780B485B000AFF8600B4647
:1062A0007A60FB72FB685B6C7A689A60FA7AFB68CA
:1062B0005B6C42F48052DA6000BFFB685B6C5B6B26
:1062C00003F08003002BF8D0FB685B6C80229A639C
:1062D00000BF1437BD4680BC704780B586B000AFA4
:1062E000F8607A603B600B46FB72FB685B6C7A6817
:1062F0009A60FA7AFB685B6C42F48852DA6000BFFD
:10630000FB685B6C5B6B7B617B6903F04503002B77
:10631000F6D0FB685B6C7A6902F045029A637B6990
:1063200003F00403002B05D07969F868FFF790FEAD
:10633000012305E0FB685B6C5A693B681A60002327
:1063400018461837BD4680BD80B586B000AFF860EE
:106350007A603B600B46FB72FB685B6C7A689A6004
:10636000FA7AFB685B6C42F48852DA6000BFFB6823
:106370005B6C5B6B7B617B6903F04503002BF6D0A4
:10638000FB685B6C7A6902F045029A637B6903F0F3
:106390000503002B05D07969F868FFF759FE012342
:1063A00005E0FB685B6C5A693B681A60002318467D
:1063B0001837BD4680BD80B586B000AFF8607A6002
:1063C0003B600B46FB72FB685B6C7A689A60FA7AFA
:1063D000FB685B6C42F49852DA6000BFFB685B6C50
:1063E0005B6B7B617B6903F04503002BF6D0FB6898
:1063F0005B6C7A6902F045029A637B6903F03F03A4
:10640000002B05D07969F868FFF722FE01231AE016
:10641000FB685A6C3B68191D3960126A1A60FB6888
:106420005A6C3B68191D3960D2691A60FB685A6C56
:106430003B68191D396092691A60FB685B6C5A6988
:106440003B681A60002318461837BD4680BD00001F
:1064500080B584B000AFF860B9607A60FB707A688C
:10646000B968F868FFF7F0FC0346002B1CD1FB6805
:10647000DB6CF978BA69F868FFF766FF0346002B12
:1064800014D1FB68DB6C1A68104B1340002B0DD144
:10649000FB68DB6C1A460121F868FFF799FD03469B
:1064A000002B05D100230CE000BF02E000BF00E09C
:1064B00000BFFB68DB6C1A460121F868FFF710FE8D
:1064C000012318461037BD4680BD00BF08E0FFFD20
:1064D00080B588B000AFF860B9607A603B60FB6857
:1064E0005B6CFA68FA6142F21072BA61FA69526C36
:1064F0005268C2F3090201327A61FA69916C7A69D1
:106500005200B1FBF2F22849A1FB02129209B969CB
:1065100001FB02F25A62F868FBF712F90346002BFE
:1065200001D001233CE0FB685B6C7A689A65FB68EC
:106530005B6C01221A65FB685B6C4FF0FF329A635B
:10654000FB685B6C4FF49572DA63FB685B6C3A68CE
:1065500052029A62FB68DB6C3A68B968F868FFF728
:10656000BFFC0346002B10D1FB685B6C42F2930228
:10657000DA62FB68DB6C1A463968F868FFF728FDB9
:106580000346002B03D100230AE000BF00E000BF58
:10659000FB68DB6C1A463968F868FFF7A1FD012338
:1065A00018462037BD4680BDD34D621080B588B0F7
:1065B00000AFF860B9607A603B60FB685B6CFA68BA
:1065C000FA6142F21072BA61FA69526C5268C2F30F
:1065D000090201327A61FA69916C7A695200B1FB61
:1065E000F2F22849A1FB02129209B96901FB02F2F9
:1065F0005A62F868FBF7A4F80346002B01D0012388
:106600003CE0FB685B6C7A689A65FB685B6C012216
:106610001A65FB685B6C4FF0FF329A63FB685B6C3A
:106620004FF48D72DA63FB685B6C3A6852029A62CF
:10663000FB68DB6C3A68B968F868FFF78DFC0346C5
:10664000002B10D1FB685B6C42F29102DA62FB68AE
:10665000DB6C1A463968F868FFF7BAFC0346002B72
:1066600003D100230AE000BF00E000BFFB68DB6C41
:106670001A463968F868FFF733FD012318462037BA
:10668000BD4680BDD34D621080B586B000AFF860C6
:10669000B9607A603B607B6803F00303002B26D06F
:1066A00000237B611DE0FB68DA6B0123B968F868A1
:1066B000FFF70EFF0346002B01D001231EE0FB680D
:1066C000DB6B4FF4007219467868F9F7A9FE7B6816
:1066D00003F500737B60BB680133BB607B690133EA
:1066E0007B617A693B689A42DDD3002306E03B6810
:1066F0007A68B968F868FFF7EBFE03461846183762
:10670000BD4680BD80B586B000AFF860B9607A60E4
:106710003B607B6803F00303002B26D000237B61E2
:106720001DE0FB68DB6B4FF4007279681846F9F7DF
:1067300077FE7B6803F500737B60FB68DA6B0123EF
:10674000B968F868FFF732FF0346002B01D0012338
:1067500012E0BB680133BB607B6901337B617A69FE
:106760003B689A42DDD3002306E03B687A68B9684B
:10677000F868FFF71BFF034618461837BD4680BD73
:1067800080B483B000AF7860002318460C37BD4654
:1067900080BC704780B582B000AF7860FFF701FB26
:1067A0007B685B6C0022DA637B684033002118460B
:1067B000FFF71CFBFFF7FBFA00BF0837BD4680BDA3
:1067C00080B483B000AF30237B607B6883F3118893
:1067D00000BF00BF00BF00BF0C37BD4680BC704784
:1067E00080B483B000AF00237B607B6883F31188A3
:1067F00000BF00BF00BF00BF0C37BD4680BC704764
:1068000080B500AFFFF7DCFF00BF80BD80B500AFF3
:10681000FFF7E6FF00BF80BD80B582B000AF7860B3
:1068200039603968786802F01BFC00BF0837BD4644
:1068300080BD000080B483B000AF78600C4BD3F80B
:1068400090200B497B681343C1F89030084BD3F874
:1068500090207B68DB4306491340C1F89030044B1D
:10686000D3F8903000BF0C37BD4680BC704700BFE6
:106870000044025880B483B000AF78600C4BD3F86A
:1068800098200B497B681343C1F89830084BD3F824
:1068900098207B68DB4306491340C1F89830044BCD
:1068A000D3F8983000BF0C37BD4680BC704700BF9E
:1068B0000044025880B483B000AF78600C4BD3F82A
:1068C0009C200B497B681343C1F89C30084BD3F8DC
:1068D0009C207B68DB4306491340C1F89C30044B85
:1068E000D3F89C3000BF0C37BD4680BC704700BF5A
:1068F0000044025880B582B000AF78607868FFF736
:1069000099FF00BF0837BD4680BD80B582B000AF9B
:1069100078607868FFF7AEFF00BF0837BD4680BDDE
:1069200080B582B000AF78607868FFF7C3FF00BF22
:106930000837BD4680BD000080B483B000AF7860EA
:106940007B68DB6900221A607B68DB6900225A6081
:106950007B68DB6940221A617B68DB694FF0FF329C
:106960009A617B685B685A69144B13407A68D269F4
:1069700043F4404393607B685B685B78002B08D0EE
:106980007B685B689A697B68DB6922F4C022DA6005
:1069900009E07B685B689A69094B13407A68D269A1
:1069A00043F00153D3607B68DB6940F201121A6047
:1069B00000BF0C37BD4680BC704700BF1F3EFFFFC5
:1069C000FFFFB9DF80B582B000AF78607B6893F8D5
:1069D0002030002B28D07B689B6A5B681A687B6834
:1069E0009B6A5B6822F00F021A607B689B6A1B7AC5
:1069F00019467B689B6A1B680E228A405A607B6836
:106A00005B6A5B681A687B685B6A5B6822F00F02EE
:106A10001A607B685B6A1B7A19467B685B6A1B6835
:106A20000E228A405A6037E07B689B6A1B681A68AE
:106A30007B689B6A1B6822F01F021A607B689B6A56
:106A40001B681B6803F00103002BF7D17B689B6A6E
:106A50001B7B19467B689B6A5B683D228A401A60F3
:106A60007B685B6A1B681A687B685B6A1B6822F03C
:106A70001F021A607B685B6A1B681B6803F00103D6
:106A8000002BF7D17B685B6A1B7B19467B685B6ACE
:106A90005B683D228A401A607B68184A934204D1A1
:106AA0004FF48050FFF731FF21E07B68144A934296
:106AB00004D14FF48040FFF71DFF18E07B68114AB6
:106AC000934204D14FF40040FFF714FF0FE07B68BE
:106AD0000D4A934204D14FF48010FFF716FF06E0F1
:106AE0007B680A4A934202D12020FFF719FF786899
:106AF000FFF722FF00BF0837BD4680BD68060024AF
:106B0000A4060024E00600241C07002458070024E3
:106B100080B584B000AF78607B68DB695A697B68B8
:106B2000DB691B691340FB607B68DB69FA689A616B
:106B3000FB6803F04003002B17D07868FFF742FF93
:106B40007B685B689B68002B04D07B685B689B68F4
:106B500078689847FFF754FE7B6808336FF012019E
:106B60001846FFF759FEFFF751FE00BF1037BD462C
:106B700080BD000080B500AF064801F037FA064836
:106B8000FFF7C6FF034801F06BFA02F053FD00BFA8
:106B900080BD00BFF4AB00086806002480B500AFDC
:106BA000064801F023FA0648FFF7B2FF034801F058
:106BB00057FA02F03FFD00BF80BD00BF00AC0008E7
:106BC000A406002480B500AF064801F00FFA06487D
:106BD000FFF79EFF034801F043FA02F02BFD00BFD0
:106BE00080BD00BF0CAC0008E006002480B500AFFB
:106BF000064801F0FBF90648FFF78AFF034801F059
:106C00002FFA02F017FD00BF80BD00BF18AC0008CE
:106C10001C07002480B500AF064801F0E7F90648DC
:106C2000FFF776FF034801F01BFA02F003FD00BFF7
:106C300080BD00BF24AC00085807002480B500AF19
:106C40004248FBF7C6F8414B414ADA613F4B00220C
:106C500083F820203D4B00225A623C4B00229A626E
:106C60003A4B3C4ADA62394B3B4A1A630A212320E9
:106C7000FCF730F93948FBF7ACF8384B384ADA61A1
:106C8000364B002283F82020344B00225A62334BCB
:106C900000229A62314B2F4ADA62304B2E4A1A6335
:106CA0000A212420FCF716F92E48FBF792F82D4B09
:106CB0002D4ADA612B4B002283F82020294B002239
:106CC0005A62284B00229A62264B224ADA62254BEE
:106CD000214A1A630A213320FCF7FCF82348FBF70A
:106CE00078F8224B224ADA61204B002283F82020D8
:106CF0001E4B00225A621D4B00229A621B4B154A02
:106D0000DA621A4B144A1A630A215520FCF7E2F89A
:106D10001848FBF75EF8174B174ADA61154B01224A
:106D200083F82020134B00225A62124B00229A62F1
:106D3000104B41F20A02DA620E4B41F218021A635A
:106D40000A215620FCF7C6F800BF80BD6806002463
:106D5000003001401600010046000100A406002496
:106D600000380040E0060024003C00401C070024DE
:106D700000500140580700240014005880B582B02C
:106D800000AF7860786800F0F5FF00BF0837BD46B7
:106D900080BD000080B483B000AF78600B46FB700C
:106DA000124BD3F8F02011497B681343C1F8F0303F
:106DB000FB78002B08D00D4BD3F818210B497B68CA
:106DC0001343C1F8183108E0084BD3F818217B6849
:106DD000DB4306491340C1F81831044BD3F818318E
:106DE00000BF0C37BD4680BC704700BF004402584E
:106DF00080B485B000AF78607B685B685B6903F046
:106E00000303FB60FB68012B02D0FB68032B01D15D
:106E1000012300E0002303F00103DBB2184614371E
:106E2000BD4680BC7047000080B483B000AF78607E
:106E30007B689B680B4A934207D17B681B7C002BC5
:106E400001D1572308E0582306E07B681B7C002B08
:106E500001D1592300E05A2318460C37BD4680BCA7
:106E6000704700BF0058014080B584B000AF786023
:106E700039607B68DB685B69FB60FB6803F00503D6
:106E8000BB603B6803F00C03002B02D0786802F073
:106E90003FFCBB68002B14D07B681A6BBB681340A7
:106EA000002B04D07B685B6B5A1C7B685A637B6841
:106EB0001A6BBB681A437B681A637B68DB68052220
:106EC0009A613B6803F01003002B0AD07B685B6873
:106ED000DB68002B05D07B685B68DB680121786884
:106EE00098473B6803F02003002B0AD07B685B685F
:106EF000DB68002B05D07B685B68DB680021786865
:106F0000984700BF1037BD4680BD000080B483B0F5
:106F100000AF78600B46FB707B689B68104A934219
:106F20000CD17B681B7C002B06D1FB78002B01D099
:106F300009230FE008230DE010230BE07B681B7C86
:106F4000002B06D1FB78002B01D0092302E0082397
:106F500000E0102318460C37BD4680BC704700BFC8
:106F60000058014080B483B000AF78607B689B68B4
:106F7000084A934207D17B681B7C002B01D1052373
:106F800002E00A2300E00A2318460C37BD4680BC05
:106F9000704700BF0058014080B483B000AF7860F4
:106FA0007B689B68084A934207D17B681B7C002B57
:106FB00001D1022302E0012300E0012318460C372F
:106FC000BD4680BC704700BF0058014080B584B00A
:106FD00000AF78607B68DB685B6903F00503FB60EA
:106FE0007B681B6B03F00503BB60FA68BB68134347
:106FF000002B17D0FB68002B03D07B68DB680522D1
:107000009A617B685B6B002B02D1FB68002B02D07E
:107010000648FFF7B3FE7B6800221A637B680022F4
:107020005A6300E000BF1037BD4680BD80A2000853
:1070300080B500AF0C48FAF717F80B4B0B4A9A6073
:10704000094B0B4ADA60084B00221A740948FAF718
:107050000BF8084B084A9A60064B084ADA60054B61
:1070600000221A7400BF80BD94070024005801401C
:1070700004580140CC070024005C0140045C01403E
:1070800090B58BB000AF78607B681B78012B4ED138
:107090007B689B68644A93420CD1644B1B685A1C02
:1070A00062490A60002B11D101214FF48000FFF7E3
:1070B00071FE0BE05E4B1B685A1C5D490A60002B99
:1070C00004D101214FF40000FFF764FE7868FFF758
:1070D0008FFE0346FB76FB7E002B14D001217868DF
:1070E000FFF714FF04467868FFF73CFF01467B6812
:1070F000504A2046FDF7FCF902467B685A617B68DE
:1071000000229A6113E000217868FFF7FFFE044631
:107110007868FFF727FF01467B68464A2046FDF75F
:10712000E7F902467B689A617B6800225A617B68B6
:1071300000221A637B6800225A637B685B685B6984
:1071400023F440337B617B68DB681A687B68DB680B
:1071500022F480321A6042F210737B6202E07B6A92
:10716000013B7B627B68DB681B6803F48033002B88
:1071700002D07B6A002BF2D17B68DB681B6803F4CA
:107180008033002B02D07B6801221A707B68DB6899
:107190001A687B68DB6822F400321A607B68DB685F
:1071A0001A687B68DB6822F400321A607B689B688F
:1071B0001D4A934204D1204B3B62204BFB6103E00C
:1071C0001F4B3B621F4BFB613B6A1B683B61FB69CA
:1071D0001B68FB607B685A687B689B6812691A6051
:1071E0007B68DB687A691A607B685A687B68DB6851
:1071F00092695A607B685A687B68DB68D2699A60DA
:107200007B685A687B68DB68126ADA607B68DB68D7
:1072100000221A617B68DB684FF0FF329A6100BF81
:107220002C37BD4690BD00BF005801400408002423
:1072300008080024696E00080458014024580140E1
:10724000045C0140245C014090B587B000AFF86059
:10725000B9607A603B60FB68BA685A62FB687A681A
:107260009A62FB683A68DA62F868FFF7DDFD7861D8
:10727000F868FFF7BDFD0346FB74FB7C002B5DD077
:10728000FB685B691B681A68FB685B691B6822F016
:107290001F021A60FB685B691B681B6803F001032F
:1072A000002BF7D1FB685B691B7B1946FB685B69A8
:1072B0005B683D228A401A60FB685B691B7B19464C
:1072C000FB685B695B683D228A401A60FB685B690A
:1072D00079691846FDF7A6F9FB68DB6803F11C0223
:1072E000FB685B691B689A60FB685B691B687A686E
:1072F000DA60FB685B691B683A685A60FB685B6828
:107300005C6AF868FFF748FE03461B0444EA030280
:1073100040F21E531343FA68D361FB685B691B6834
:10732000FA68D2691A60FB685B691B681A68FB68B7
:107330005B691B6842F001021A605CE0FB689B69B4
:107340001B681A68FB689B691B6822F01F021A60A1
:10735000FB689B691B681B6803F00103002BF7D1D6
:10736000FB689B691B7B1946FB689B695B683D2238
:107370008A401A60FB689B691B7B1946FB689B6906
:107380005B683D228A401A60FB689B6979691846F0
:10739000FDF748F9FB68DB6803F11C02FB689B6999
:1073A0001B689A60FB689B691B68BA68DA60FB68B7
:1073B0009B691B683A685A60FB685B685C6AF8689E
:1073C000FFF7EAFD03461B0444EA030240F25E5362
:1073D0001343FA681362FB689B691B68FA68126AB8
:1073E0001A60FB689B691B681A68FB689B691B68CD
:1073F00042F001021A6000BF1C37BD4690BD80B547
:1074000082B000AF78607B68DB6805229A617B6898
:10741000DB681B6823F440327B68DB6842F400328F
:107420001A607B68DB681A687B68DB6842F480322C
:107430001A607868FFF7CAFD00BF0837BD4680BDF7
:1074400080B483B000AF30237B607B6883F3118806
:1074500000BF00BF00BF00BF0C37BD4680BC7047F7
:1074600080B483B000AF00237B607B6883F3118816
:1074700000BF00BF00BF00BF0C37BD4680BC7047D7
:1074800080B500AFFFF7DCFF00BF80BD80B500AF67
:10749000FFF7E6FF00BF80BD80B500AF00F080FCC5
:1074A00000BF80BD80B483B000AF78600B46FB7036
:1074B000124BD3F8E82011497B681343C1F8E83038
:1074C000FB78002B08D00D4BD3F810210B497B68BB
:1074D0001343C1F8103108E0084BD3F810217B6842
:1074E000DB4306491340C1F81031044BD3F8103187
:1074F00000BF0C37BD4680BC704700BF0044025837
:1075000080B500AF01210120FFF7CCFF144BDB6BEE
:10751000134A43F00103D3634FF0804344F61F62E4
:107520009A624FF080434FF0FF32DA624FF08043AF
:1075300000229A614FF0804300225A634FF080434B
:107540000022DA604FF0804300225A604FF08043FF
:1075500001225A614FF0804301221A6000BF80BDB2
:107560000010005C80B582B000AF4FF080437B60BC
:107570007B681B693B607B68DB68DBB23A68134061
:107580003B603B68DA437B681A613B6803F00203A7
:10759000002B05D0FFF774FFFFF77EFFFFF776FFA4
:1075A00000BF0837BD4680BD80B483B000AF302334
:1075B0007B607B6883F3118800BF00BF00BF00BF02
:1075C0000C37BD4680BC704780B483B000AF002349
:1075D0007B607B6883F3118800BF00BF00BF00BFE2
:1075E0000C37BD4680BC704780B500AFFFF7DCFFAD
:1075F00000BF80BD80B500AFFFF7E6FF00BF80BDD4
:1076000080B582B000AF786039603968786801F081
:1076100040FE00BF0837BD4680BD000080B483B087
:1076200000AF78600B46FB70124BD3F8E82011498D
:107630007B681343C1F8E830FB78002B08D00D4B72
:10764000D3F810210B497B681343C1F8103108E0CF
:10765000084BD3F810217B68DB4306491340C1F87F
:107660001031044BD3F8103100BF0C37BD4680BC3D
:10767000704700BF0044025880B483B000AF786008
:107680000B46FB70124BD3F8F02011497B68134373
:10769000C1F8F030FB78002B08D00D4BD3F818213F
:1076A0000B497B681343C1F8183108E0084BD3F845
:1076B00018217B68DB4306491340C1F81831044B9D
:1076C000D3F8183100BF0C37BD4680BC704700BFEF
:1076D0000044025880B487B000AF786039607B689E
:1076E0005B6D3B617B689B6DFB603B681B685A0868
:1076F000FB681A443B681B68B2FBF3F37B613B6891
:107700005B6803F40043002B08D07B6923F0070378
:107710005A007B6903F0070313437B613B697A6975
:10772000DA603B689B6843F040023B695A603B6803
:10773000DB6843F001023B699A603B685A6840F29B
:107740002D1313433A6913603B694FF0FF321A62FD
:107750003B685B6803F48063002B18D03B685B6870
:1077600003F01023002B03D0B3F1805F05D009E0B4
:107770007B687F2283F85C200EE07B683F2283F8E1
:107780005C2009E07B68FF2283F85C2004E07B68D2
:10779000FF2283F85C20FFE700BF1C37BD4680BC9A
:1077A000704780B584B000AF786039600023FB601B
:1077B0003B6803F00803002B03D0FB6843F480739D
:1077C000FB603B6803F00103002B03D0FB6843F030
:1077D0002003FB603B6803F00203002B03D0FB682F
:1077E00043F04003FB603B6803F00403002B03D02D
:1077F000FB6843F08003FB60FFF7F6FE7B68043311
:10780000F9681846FFF7FCFEFFF7F4FE00BF1037DB
:10781000BD4680BD80B483B000AF7860054B1B6867
:10782000044A43F0C003136000BF0C37BD4680BC60
:10783000704700BF0010014080B483B000AF786093
:10784000054B1B68044A43F0C003136000BF0C37AC
:10785000BD4680BC704700BF0050004080B582B07C
:1078600002AF1A48FAF752FA184B0093002310227D
:1078700017491848F9F71BF9144B0093164B1022BF
:1078800016491748F9F7F5F9104B164A5A650F4B88
:10789000154A9A651548FAF739FA144B00930023F4
:1078A000102213491348F9F702F9104B0093124BB9
:1078B000102212491248F9F7DCF90C4B114A5A65AB
:1078C0000A4B094A9A6500BFBD4680BD0C080024DA
:1078D000CC0800241808002415780008DC080024CF
:1078E0003C0800240010014000E1F5056C0800246C
:1078F000EC0800247808002439780008FC080024EB
:107900009C0800240050004080B582B000AF786031
:1079100039603B68002B01D10F4B3B607B681B7AC1
:10792000012B10D17B680D4A934203D10121102015
:10793000FFF7A2FE7B680A4A934204D101214FF46B
:107940008010FFF76BFE39687868FFF7C3FE00BF51
:107950000837BD4680BD00BF30AC00080C080024CD
:107960006C08002480B586B000AF78607B685B6DE2
:10797000FB60FB68DB693B61FB683A691A623B6943
:1079800003F00F03002B03D039697868FFF709FF74
:107990003B6903F48073002B1ED0FFF725FE7B6844
:1079A00004334FF480611846FFF72AFEFFF722FEEA
:1079B00012E0FFF719FEFB685B6ADAB27B6893F8A6
:1079C0005C301340DBB219467868FAF7CCF9FFF760
:1079D00011FEFB68DB693B613B6903F02003002B70
:1079E000E7D1FB681B687B617B6903F08003002B98
:1079F00025D01FE0FFF7F8FD7B6830331846F9F714
:107A00009EF9B860BB68002B0CDA7B680433082150
:107A10001846FFF7F5FD7B6923F080037B61FFF7D4
:107A2000E9FD0CE0BA68FB689A62FFF7E3FDFB68CA
:107A3000DB693B613B6903F08003002BDAD17B6992
:107A400003F04003002B24D03B6903F04003002BDC
:107A50001FD0FFF7C9FD7B685A6C7B689B6C9A420C
:107A600005D17B689B6B002B01D0012300E0002334
:107A700003F00103DBB2002B09D07B680433102133
:107A80001846FFF7BDFD7B6923F040037B61FFF7DC
:107A9000B1FDFB687A691A6000BF1837BD4680BD2A
:107AA00080B483B000AF78600C4BD3F888200B49CA
:107AB0007B681343C1F88830084BD3F888207B6873
:107AC000DB4306491340C1F88830044BD3F88830B3
:107AD00000BF0C37BD4680BC704700BF0044025851
:107AE00080B483B000AF78600B46FB70124BD3F8C4
:107AF000E02011497B681343C1F8E030FB78002B8C
:107B000008D00D4BD3F808210B497B681343C1F80B
:107B1000083108E0084BD3F808217B68DB430649AD
:107B20001340C1F80831044BD3F8083100BF0C37BB
:107B3000BD4680BC704700BF0044025880B483B08B
:107B400000AF786039603B685A687B685A603B6870
:107B50009A687B689A603B68DA687B68DA603B68A1
:107B60001A697B685A613B685A697B681A623B688C
:107B70009A697B685A623B681A687B681A6000BF22
:107B80000C37BD4680BC704780B500AF40F2FF7037
:107B9000FFF786FF012140F2FF70FFF7A1FF1749B1
:107BA0001748FFF7CBFF17491748FFF7C7FF1749DB
:107BB0001748FFF7C3FF17491748FFF7BFFF1749DB
:107BC0001748FFF7BBFF17491748FFF7B7FF1749DB
:107BD0001748FFF7B3FF17491748FFF7AFFF1749DB
:107BE0001748FFF7ABFF17491748FFF7A7FF1749DB
:107BF0001748FFF7A3FF00BF80BD00BF40AC0008DF
:107C0000000002585CAC00080004025878AC000880
:107C10000008025894AC0008000C0258B0AC0008F0
:107C200000100258CCAC000800140258E8AC000860
:107C30000018025804AD0008001C025820AD0008CE
:107C4000002002583CAD00080024025858AD00083E
:107C50000028025880B500AFFFF796FFFBF7F6FC4F
:107C600000BF80BD80B483B000AF786001231846A8
:107C70000C37BD4680BC704780B483B000AF7860DD
:107C8000002318460C37BD4680BC704780B400AF57
:107C900000BFBD4680BC704780B58AB000AF786039
:107CA0007B6800221A6007F10803184601F063FAA6
:107CB00004237B6207F10803184601F079FA07F103
:107CC0000803184601F084FA7B6A013B7B627B6AF9
:107CD000002BEFD1BA687B681A6000BF2837BD4619
:107CE00080BD80B483B000AF00237B607B6883F3EA
:107CF000118800BF00BF00BF0C37BD4680BC704775
:107D000080B500AF01F010FB01F062FB01F0BAFB9F
:107D100000BF80BD80B582B000AF124B01221A7047
:107D200000237B6008E00F4A7B689B00134400221D
:107D30005A607B6801337B607B68002BF3D00A4874
:107D4000FFF7AAFFFFF7DCFF0849094800F04EFFE4
:107D5000044B02221A70FFF7C4FF00BF0837BD466C
:107D600080BD00BF0C0900241409002474AD000874
:107D70001809002480B582B000AF786072B600BFE9
:107D800000BF786800F0A6F9034A7B68C2F8843027
:107D9000024B03221A70FEE7180900240C09002484
:107DA00080B500AF00F01AFC00BF80BD80B485B084
:107DB00000AFF860B9607A60FA68BB68D21A796877
:107DC000BB68CB1A9A4234BF01230023DBB21846AA
:107DD0001437BD4680BC704780B584B000AF786072
:107DE0000B4B5B68FB60FA687B681344BB6000BFA9
:107DF000074B5B68BA68F9681846FFF7D7FF034678
:107E0000002BF5D100BF00BF1037BD4680BD00BFBD
:107E1000001000E080B483B000AF7860054B5A6B6F
:107E20007B681343034A536300BF0C37BD4680BCD5
:107E3000704700BF1809002480B500AFF8F7EFFCC9
:107E40000346184680BD80B500AFFFF7F5FF034637
:107E5000184680BD90B583B000AF78607B68D3F8DA
:107E60008C40FFF7F0FF03466360124B5B687A6853
:107E7000D2F88C2023F07F41136861F31F23136035
:107E80007B68D3F88C3003F110027B68C3F88C2038
:107E90007B68D3F88C207B6803F509639A4205D38D
:107EA0007B6803F190027B68C3F88C2000BF0C371D
:107EB000BD4690BD001000E080B485B000AF786092
:107EC0007B684FF6FF721A807B6880225A807B683D
:107ED00003F108027B685A600023FB600CE07A68BB
:107EE000FB681B01134403F1080213786FF30203CC
:107EF0001370FB680133FB60FB687F2BEFD900BF79
:107F000000BF1437BD4680BC7047000080B584B008
:107F100000AF78603960184BFB60FB68B3F88830BD
:107F200003F00103002B22D1FB68D3F88C201378D7
:107F3000012161F3020313707B6893F82410FB683E
:107F4000D3F88C200B4603F01F03D9B2137861F3EA
:107F5000C7031370FB68D3F88C307A689A60FB68AB
:107F6000D3F88C303A68DA60F868FFF773FF00BF27
:107F70001037BD4680BD00BF1809002480B584B00D
:107F800000AF78603960184BFB60FB68B3F888304D
:107F900003F00203002B23D1FB68D3F88C20137865
:107FA000022161F3020313703B6893F82410FB680D
:107FB000D3F88C200B4603F01F03D9B2137861F37A
:107FC000C7031370FB68D3F88C307A689A60FB683B
:107FD000D3F88C303A68926ADA60F868FFF73AFFB3
:107FE00000BF1037BD4680BD1809002480B586B09B
:107FF00000AF7860194B7B617B69B3F8883003F080
:108000000403002B26D13023FB60FB6883F3118827
:1080100000BF00BF00BF7B69D3F88C201378032119
:1080200061F3020313707B69D3F88C2013786FF32C
:10803000C70313707B69D3F88C307A689A607869CB
:10804000FFF708FF00233B613B6983F3118800BF02
:1080500000BF00BF00BF1837BD4680BD180900240F
:1080600080B586B000AF7860194B7B617B69B3F84F
:10807000883003F00403002B26D13023FB60FB681B
:1080800083F3118800BF00BF00BF7B69D3F88C2049
:108090001378042161F3020313707B69D3F88C20F9
:1080A00013786FF3C70313707B69D3F88C307A6849
:1080B0009A607869FFF7CEFE00233B613B6983F34A
:1080C000118800BF00BF00BF00BF1837BD4680BD8C
:1080D0001809002480B584B000AF7860114BFB60B4
:1080E000FB68B3F8883003F00803002B16D1FB6857
:1080F000D3F88C201378052161F302031370FB6819
:10810000D3F88C2013786FF3C7031370FB68D3F890
:108110008C307A689A60F868FFF79CFE00BF1037D1
:10812000BD4680BD1809002480B483B000AF7860DC
:1081300039607A683B68134418460C37BD4680BCEA
:10814000704780B483B000AF786039603A687B686C
:10815000D31A18460C37BD4680BC704780B483B034
:1081600000AF78607B681B687A689A420CBF012375
:108170000023DBB218460C37BD4680BC704780B484
:1081800083B000AF786039607B681B683A689A42B8
:108190000CBF01230023DBB218460C37BD4680BC60
:1081A000704780B485B000AFF860B9607A60BB6892
:1081B0007A689A60BB68FA685A60BB685B681A683C
:1081C000BB681A60BB681B68BA685A60FB68BA680B
:1081D0001A6000BF1437BD4680BC704780B485B0BC
:1081E00000AFF860B9607A60BB687A689A60BB6873
:1081F000FA681A60BB681B685A68BB685A60BB683B
:108200005B68BA681A60FB68BA685A6000BF1437C6
:10821000BD4680BC704780B586B000AFF860B960DD
:108220007A60FB681B687B6107E07B699B687A6802
:10823000D31A7B607B691B687B617B699B687A686A
:108240009A428CBF01230023DBB2002BEDD17A6868
:10825000B9687869FFF7C2FF7B699A687B68D21AB0
:108260007B699A60FB684FF0FF329A6000BF183755
:10827000BD4680BD80B485B000AF78607B681B6868
:10828000FB60FB681A687B681A607B681B687A6809
:108290005A60FB6818461437BD4680BC704780B4EE
:1082A00083B000AF78607B685B687A6812681A6098
:1082B0007B681B687A6852685A607B6818460C377E
:1082C000BD4680BC704780B582B000AF78607868EA
:1082D000F8F7ACFA00BF0837BD4680BD80B500AFE7
:1082E000F8F7AFFA00BF80BD80B582B000AF78600C
:1082F0007868F8F7ACFA00BF0837BD4680BD80B596
:1083000000AFF8F78CFA0346184680BD80B483B0FE
:1083100000AF30237B607B6883F3118800BF00BF10
:1083200000BF00BF0C37BD4680BC704780B483B02F
:1083300000AF00237B607B6883F3118800BF00BF20
:1083400000BF00BF0C37BD4680BC704780B500AF92
:10835000FFF7D5FF0346184680BD80B586B000AF55
:108360007860396002237B613A687B699A4201D266
:108370007B693B6039687868FFF7D6FE034618468C
:10838000FFF7B2FFFFF7E2FF386139697868FFF75E
:10839000D8FEF860FA683B689A4234BF0123002394
:1083A000DBB2002B07D17B6901337B613B697B60CA
:1083B0007B693B60DEE700BF7B69022B02D90120AD
:1083C000FFF728FD00BF1837BD4680BD80B586B0D9
:1083D00000AFF860B9607A603B60FB687A68DA6089
:1083E000FB68B9683A681846FFF7DBFE02237B6139
:1083F0003A687B699A4201D27B693B60FB68DB6823
:1084000039681846FFF790FE03461846FFF75BFFF2
:10841000FFF79CFF386139697868FFF792FE0246E2
:108420003B6893428CBF01230023DBB2002B0FD1AA
:108430007B6901337B6179697868FFF775FE0346D4
:108440001846FFF751FF3B697B607B693B60DFE7C4
:1084500000BF7B69022B02D90120FFF7DBFC00BFC4
:108460001837BD4680BD80B588B000AFF860B960F0
:108470007A60FFF76BFFB861FB681846FFF76EFE86
:108480000346002B06D07B68BA69B968F868FFF725
:108490009DFF20E0FB68DB68B9691846FFF751FED5
:1084A00078617A697B681344FB61FA697B699A4257
:1084B00001D27B68FB61FB681B689B68FA699A4282
:1084C00003D27968B869FFF748FFFB68B968FA69B1
:1084D0001846FFF7A0FE2037BD4680BD80B586B0A8
:1084E00000AFF860B9607A603B600A4B7B61FB6863
:1084F0003A681A61FB687A68DA60FB6800225A61A0
:10850000BA68F9687869FFF7AEFF00BF1837BD4653
:1085100080BD00BF2809002480B586B000AF786018
:108520002D4B7B617B697A6811461846FFF727FE61
:10853000034683F00103DBB2002B14D07B6818469E
:10854000FFF7ADFE7B681B6899687B689A687B685B
:108550001B680A449A607B6800221A607B694FF0AE
:10856000FF329A6035E07B691846FFF783FE7B682F
:1085700000221A607B691846FFF7F0FD0346002BC6
:1085800002D0FFF7ABFE24E07B691B6899687B682B
:108590009A687B691B680A449A60FFF7D7FE3861C6
:1085A0007B69DB6839691846FFF7CBFDF8607B69AA
:1085B0001B689B68FA689A420AD27B691B689A68B2
:1085C000FB68D31ABB60B9683869FFF7C6FE00E0E4
:1085D00000BF1837BD4680BD2809002480B588B08B
:1085E00000AF4D4B7B617B691B683B61FFF7AEFEC3
:1085F000F8607B69DB68F9681846FFF7A2FDB86090
:108600003B699B68BA689A4266D37B69DA683B69C2
:108610009B6819461046FFF787FD78607B697A688A
:10862000DA603B691846FFF73AFE3B6900221A60A0
:108630007B691846FFF792FD0346002B01D0FFF738
:108640004DFEFFF773FE3B69DB683A69126911461C
:1086500038699847FFF75AFE3B695B69002B14BFE6
:1086600001230023DBB2002BBDD0FFF76FFEF860C3
:10867000F9687868FFF765FDB8603B695B69BA68BF
:108680009A4205D90220FFF7C5FB0023BB6104E035
:108690003B695A69BB68D31ABB617B691846FFF70F
:1086A0005DFD0346002B06D0BB69FA68396978691D
:1086B000FFF78CFE2CE0BA68BB691344FB61FA69D2
:1086C000BB689A4201D2BB69FB617B693969FA696F
:1086D0001846FFF7A0FD86E700BF7B691846FFF745
:1086E0003DFD0346002B12D17B69DA68BB681A4452
:1086F0007B69DA603B699A68BB68D21A3B699A6009
:108700003B699B681946F868FFF727FE00E000BF49
:108710002037BD4680BD00BF2809002480B483B047
:1087200000AF78607B685B687A6812681A607B6863
:108730001B687A6852685A607B6818460C37BD46D9
:1087400080BC704780B485B000AF78607B681B68E0
:10875000FB60FB681A687B681A607B681B687A6834
:108760005A60FB6818461437BD4680BC704780B419
:1087700083B000AF786039607B681B687B607B6882
:108780009A683B689B689A422CBF01230023DBB2A6
:10879000002BF1D13B687A681A607B685A683B68A5
:1087A0005A603B685B683A681A607B683A685A604E
:1087B0003B6818460C37BD4680BC704780B483B018
:1087C00000AF786039607B681B687B607B689A6863
:1087D0003B689B689A428CBF01230023DBB2002BCD
:1087E000F1D13B687A681A607B685A683B685A60C6
:1087F0003B685B683A681A607B683A685A603B6815
:1088000018460C37BD4680BC704780B483B000AFBB
:1088100030237B607B6883F3118800BF00BF00BFFB
:1088200000BF0C37BD4680BC704780B483B000AF3A
:1088300000237B607B6883F3118800BF00BF00BF0B
:1088400000BF0C37BD4680BC704780B483B000AF1A
:1088500078607B681B68002B14BF01230023DBB208
:1088600018460C37BD4680BC704780B483B000AF5B
:1088700078607B689B685A1C7B689A6000BF0C37E5
:10888000BD4680BC704780B582B000AF78607B6821
:108890009B6A19467868FFF739FB7B68002283F8EA
:1088A00024207B689B691A467B6819461046FFF7AF
:1088B0005EFF034618460837BD4680BD80B582B0CE
:1088C00000AF78607B689B6A19467868FFF71EFBEB
:1088D0007B68002283F824207B689B691A467B68AA
:1088E00019461046FFF76AFF034618460837BD468B
:1088F00080BD000080B584B000AF786039603B680F
:10890000FB60FFF782FFFB6893F824300C2B2FD815
:1089100001A252F823F000BF4D89000871890008B8
:108920007189000853890008678900085D8900087B
:108930007189000867890008718900087189000839
:10894000718900087189000867890008FFF76DFFC9
:1089500019E0FB689B6A00221A600AE0FB689B6AC8
:108960001846FFF782FFFB681846FFF7D7FE00E0C6
:1089700000BFFB684FF0FF329A62F868FFF783FF91
:10898000FFF753FF00BF1037BD4680BD80B582B0F2
:1089900000AF78607868FFF776FF0346184608371F
:1089A000BD4680BD80B586B000AF0346FB71104B5D
:1089B0003B613B69DB68FB60FB68FA7983F8242044
:1089C0003B691846FFF7BEFE78617B69012283F898
:1089D00024203B697A69DA60F9687869FFF7CEFA92
:1089E000F9687869F7F7ECFC00BF1837BD4680BD21
:1089F0001809002480B58AB000AF03463960FB71C6
:108A0000144BDB687B623B68B3F1FF3F18D007F182
:108A10000C007B6A104A3968FFF760FDFB79184645
:108A2000FFF7C0FF07F10C031846FFF70EFF0346E0
:108A3000002B09D007F10C031846FFF76DFD03E08A
:108A4000FB791846FFF7AEFF7B6A9B6A184628370A
:108A5000BD4680BD18090024F588000880B485B0A3
:108A600000AF0C4BFB60FB68DB68BB60FB681B68FE
:108A70009B687B60BB689B683B607A683B689A42F6
:108A80008CBF01230023DBB218461437BD4680BCDF
:108A9000704700BF1809002480B584B000AF104BA8
:108AA000FB60FB68DB68BB60FB681846FFF74AFEAB
:108AB00078607B68012283F82420FB687A68DA609A
:108AC000B868FFF7FBFEB860B9687868FFF756FA38
:108AD000B9687868F7F774FC00BF1037BD4680BDF1
:108AE0001809002480B483B000AF78607B6800224E
:108AF0001A6000BF0C37BD4680BC704780B483B09D
:108B000000AF78607B6800221A6000BF0C37BD465A
:108B100080BC704780B483B000AF78607B687A68AF
:108B20001A607B687A685A6000BF0C37BD4680BC0B
:108B3000704780B483B000AF78607B687A681A6051
:108B40007B687A685A607B6800229A6000BF0C37A5
:108B5000BD4680BC704780B483B000AF78607B684E
:108B60007A681A607B687A685A607B684FF0FF32D7
:108B70009A6000BF0C37BD4680BC704780B500AF1F
:108B8000F7F74DFE0346184680BD80B500AFFFF7EE
:108B9000F5FF0346184680BDB0B582B000AF7860DF
:108BA0007B681846FFF7D7FF7B680022DA60FFF783
:108BB000ECFF034600221C4615467B68C3E90445CA
:108BC00000BF0837BD46B0BD80B582B000AF786049
:108BD0007B681846FFF79EFF00BF0837BD4680BD83
:108BE00080B483B000AF786000BFFDE780B58AB085
:108BF00000AF7860396000237B622C4A7B6A9B005F
:108C000013447A685A607B687A6A1A637B683A68A8
:108C10009A63786800F0DAFC7B681846FFF789FFF2
:108C20007B6828331846FFF7CFFF7B68343318463C
:108C3000FFF758FF7B6810331846FFF7ADFF7B68DE
:108C400084331846FFF75AFF7B6888331846FFF7CE
:108C500033F97B6803F13C018023154A786800F002
:108C600005F902467B68DA607B68DB683A6852681F
:108C70001A627B68DB68012283F824200D4BFB60BD
:108C80003B68DB683B613B681B697B610123BB611F
:108C9000094BFB6100233B6207F10C03184600F00F
:108CA00053F900BF2837BD4680BD00BF0C09002422
:108CB00088AD0008A4A20008E18B000880B483B04E
:108CC00000AF78607B687A681A6000BF0C37BD46D9
:108CD00080BC704780B483B000AF78607B681B684D
:108CE0007A689A4214BF01230023DBB218460C377E
:108CF000BD4680BC704780B485B000AF78607B68AB
:108D00001B68FB60FB681A687B681A60FB68184682
:108D10001437BD4680BC704780B483B000AF786024
:108D20007B687A681A607B687A685A6000BF0C3783
:108D3000BD4680BC704780B483B000AF78607B686C
:108D40001B687A689A4214BF01230023DBB21846DD
:108D50000C37BD4680BC704780B483B000AF7860EC
:108D600039603B687A681A607B685A683B685A6069
:108D70003B685B683A681A607B683A685A6000BF73
:108D80000C37BD4680BC704780B485B000AF7860BA
:108D90007B681B68FB60FB681A687B681A607B68ED
:108DA0001B687A685A60FB6818461437BD4680BC59
:108DB000704780B483B000AF78607B685B687A6886
:108DC00012681A607B681B687A6852685A607B6810
:108DD00018460C37BD4680BC704780B483B000AFE6
:108DE00030237B607B6883F3118800BF00BF00BF26
:108DF0000C37BD4680BC704780B483B000AF002301
:108E00007B607B6883F3118800BF00BF00BF0C3715
:108E1000BD4680BC7047000080B400AF024BDB68E9
:108E20001846BD4680BC70471809002480B582B042
:108E300000AF786079680820FFF7DCFD00BF0837D5
:108E4000BD4680BD80B584B000AF786039607B6876
:108E50001846FFF799FFF860FB683A689A62F8686D
:108E6000FFF794FD00BF1037BD4680BD80B584B0CC
:108E700000AFF860B9607A603B60BB683A689A609E
:108E8000BB68022283F82420BB68002283F82520D7
:108E9000BB68FA689A61BB683A681A64BB680022CA
:108EA000DA63BB6800229A63BB68012283F826203C
:108EB000BB687A68DA61FB6803F12802BB6810338B
:108EC00019461046FFF748FFBB682C331846FFF7DA
:108ED000F5FEBB6830331846FFF71EFFBB68184627
:108EE0001037BD4680BD000080B584B000AF78600B
:108EF0007B689B68483BFB607B685A68FB681A622A
:108F0000FB68A3F12402FB68DA607B681A69FB68DE
:108F1000DB681A607B685A69FB68DB685A60FB682B
:108F2000DB68074A1A627B681A687B68DB68F96845
:108F30000448FFF79BFF034618461037BD4680BD27
:108F4000D10300081809002480B582B000AF786012
:108F50007868FFF7C9FF03461846FFF717FD034679
:108F600018460837BD4680BD80B582B000AF786036
:108F7000FFF733FF786800F004F800BF0837BD46FC
:108F800080BD80B584B000AF7860FFF745FFF86022
:108F9000FB687A689A6208E0FB682C331846FFF792
:108FA000AAFE03461846FFF7F1FCFB682C3318466F
:108FB000FFF790FE0346002BEED1FB6893F82630B6
:108FC000002B0CBF01230023DBB2002B10D0FB6869
:108FD00093F8253003F00303002B0CBF012300237B
:108FE000DBB2002B04D0FB6810331846FFF7E1FE1C
:108FF0000F20FFF7D7FC00BF1037BD4680BD80B5FE
:1090000082B000AF7860FFF7E8FE7868FFF70EFFE8
:10901000FFF7F2FE00BF0837BD4680BD80B584B0C3
:1090200000AF78603960FFF7F7FEF8603B68002B0F
:109030000CBF01230023DBB2002B02D04FF0FF3323
:109040000AE07B68FA681A60FB687A689A62396895
:109050000320FFF7CFFC034618461037BD4680BDFE
:1090600080B584B000AF786039607B681B68002BE6
:109070000BD07B681B68FB607B6800221A60FB6872
:109080003A689A62F868FFF781FC00BF1037BD4666
:1090900080BD80B584B000AF78603960FFF7BCFE5A
:1090A000F8603B68002B0CBF01230023DBB2002BD0
:1090B00002D04FF0FF3309E07B68F9681846FFF7EC
:1090C0004BFE39680420FFF795FC0346184610371D
:1090D000BD4680BD80B582B000AF786039607B68E6
:1090E0001846FFF728FE0346002B03D0396878683E
:1090F000FFF7A8FE00BF0837BD4680BD2DE9B003CD
:1091000085B000AFF860B9607A60FB68DB685A1C14
:10911000FB68DA60FB689B68BA68D21A7B68D21A6F
:10912000FB689A60FB68D3E90423F968896800202A
:109130000C46054612EB040843EB0509FB68C3E93E
:109140000489FB689A68FB685B689A4203D9FB68EC
:109150009A68FB685A60FB689A68FB681B689A42C9
:1091600003D2FB689A68FB681A6000BF1437BD46DB
:10917000BDE8B003704780B483B000AF78607B680F
:109180004FF0FF321A607B6800225A607B68002231
:109190009A607B680022DA6079684FF000024FF035
:1091A0000003C1E9042300BF0C37BD4680BC7047F3
:1091B00080B483B000AF7860044B5A687B689A60D3
:1091C00000BF0C37BD4680BC704700BF001000E0F8
:1091D00080B582B000AF7860054B5B68054A926845
:1091E00019467868FFF78AFF00BF0837BD4680BD83
:1091F000001000E00C09002480B483B000AF786058
:109200007B687A681A607B687A685A6000BF0C379E
:10921000BD4680BC704780B582B000AF78607B6887
:109220001846FFF7E9FF7B6800229A6000BF083705
:10923000BD4680BD80B582B000AF786039607B6884
:109240009A6B3B681A437B689A637B6893F8243077
:109250000A2B06D17B689A6B7B689B6A1340002BB4
:109260000DD17B6893F824300B2B0ED17B689A6B61
:109270007B689B6A1A407B689B6A9A4205D17B682F
:1092800000229A627868FFF781FB00BF0837BD466D
:1092900080BD80B584B000AF786039607B681B68A2
:1092A000FB6019E0FB68DA683B681A43FB68DA6028
:1092B0003B68002B05D0FB681A693B681340002B04
:1092C00007D0FB685A68FB689B6819461046FFF791
:1092D000B1FFFB681B68FB60FA687B689A42E1D1CA
:1092E00000BF00BF1037BD4680BD80B483B000AF63
:1092F00030237B607B6883F3118800BF00BF00BF11
:109300000C37BD4680BC704780B483B000AF0023EB
:109310007B607B6883F3118800BF00BF00BF0C3700
:10932000BD4680BC7047000080B400AF044B054AC6
:109330001A60034B044A5A6000BFBD4680BC7047A8
:10934000D8120024601300240000082480B487B0E1
:1093500000AFF860B9607A60114B5A68FB685B42F5
:1093600013441A46BB685B4213407B617B685B42D7
:109370007A6913443B610A4B1B683A699A4204D3E9
:10938000074B5B683A699A4201D9002303E0044A1B
:109390003B6953607B6918461C37BD4680BC7047EB
:1093A000D812002480B586B000AFF860B9607A604A
:1093B000FFF79BFF7A68B968F868FFF7C7FF786125
:1093C000FFF7A2FF7B6918461837BD4680BD000035
:1093D00080B500AF064B074A1A60054B00225A6061
:1093E000034B00229A600448FFF715FF00BF80BDC1
:1093F000E0120024A5930008EC12002480B485B08C
:1094000000AFF860B9607A603B60FB6800221A60C8
:10941000FB68BA685A60FB687A689A60FB683A68C9
:10942000DA6000BF1437BD4680BC704780B582B09B
:1094300000AF78603960002239687868FFF786FFEE
:10944000034618460837BD4680BD80B584B000AFDE
:10945000F860B9607A607B680422B968F868FFF741
:10946000CDFF00BF1037BD4680BD80B483B000AFD4
:1094700078607B687A681A6000BF0C37BD4680BC94
:109480007047000080B500AF1048FFF7C4FE1048D9
:10949000FFF7EBFF0F4A14210F48FFF7D6FF0F48E5
:1094A000FFF7E3FF0E48FFF7E0FF0A4A1C210D48D3
:1094B000FFF7CBFF0C48FFF7D8FF0C48FFF7D5FFAD
:1094C0000B48FFF7D2FF00BF80BD00BFFC12002495
:1094D0000C1300242D9400081013002420130024E2
:1094E0002413002428130024381300243C130024E0
:1094F0004013002480B485B000AF78607B6803F02F
:109500000703FB600B4BDB68BB60BA684FF6FF03D9
:109510001340BB60FB681A02BB681A43064B134337
:10952000BB60044ABB68D36000BF1437BD4680BC33
:10953000704700BF00ED00E00000FA0580B483B082
:1095400000AF03463960FB80B7F90630002B0ADB19
:109550003B68DAB20C49B7F906301201D2B20B44BB
:1095600083F800230AE03B68DAB20849FB8803F07D
:109570000F03043B1201D2B20B441A7600BF0C3722
:10958000BD4680BC704700BF00E100E000ED00E098
:1095900080B485B000AFEFF309833B603B68FB60AC
:1095A000FB682033FB60FB687B607B6883F3098882
:1095B00000BF0023BB60BB6883F3118800BF00BFFE
:1095C00000BF00BF1437BD4680BC704780B584B073
:1095D00000AF78603023FB60FB6883F3118800BF25
:1095E00062B600BF00BF0320FFF784FF0E4BDB68AD
:1095F0000D4A43F08073D3600C4B0D4AC3F8B02F73
:109600000A4B1B68094A43F00103136002216FF003
:109610000400FFF793FF03216FF00100FFF78EFFB7
:1096200000BF1037BD4680BDF0ED00E0001000E047
:1096300055CEACC580B586B000AF3023FB60FB686B
:1096400083F3118800BF00BF00BF194B5B6803F4B0
:109650000063002B20D0EFF309837B607B687B6184
:109660007B69203B7B617B693B613B694FF080728A
:10967000DA617B69BB60BB6883F3098800BFFFF7D1
:10968000EDF90346002B03D00A4A3B699A610BE0CF
:10969000094A3B699A6107E000233B603B6883F31A
:1096A000118800BF00BF00BF1837BD4680BD00BF96
:1096B00000ED00E0E3030008E603000880B483B097
:1096C00000AF30237B607B6883F3118800BF00BF4D
:1096D00000BF0C37BD4680BC704780B483B000AF7C
:1096E00000237B607B6883F3118800BF00BF00BF4D
:1096F0000C37BD4680BC704780B500AFFFF7DEFF7A
:1097000000BF80BD80B500AFFFF7E7FF00BF80BDA1
:1097100080B483B000AF7860044B1B680133034A08
:10972000136000BF0C37BD4680BC70475013002447
:1097300080B582B000AF78600B46FB70FB78002BE1
:1097400008D00A4B1B680133084A1360002000F060
:1097500011F807E0064B1B680133054A136001202E
:1097600000F008F800BF0837BD4680BD481300244C
:109770004C13002480B487B000AF0346FB71FB7923
:109780005B021A4A13443B6100237B6124E0184BBF
:109790001B68172B02D84FF0C04301E04FF0204365
:1097A000FB607B69DB003A691344FA681A607B69E5
:1097B000DB003A691344FA685A600D4B1B680133A9
:1097C0000B4A13600A4B1B682F2B02D9084B00224F
:1097D0001A607B6901337B617B693F2BD7D900BF5E
:1097E00000BF1C37BD4680BC704700BF200000246E
:1097F0004413002480B483B000AF0F4B9B6A03F086
:1098000003037B607B68022B0DD07B68022B0CD896
:109810007B68002B03D07B68012B02D005E0074B4F
:1098200004E0002302E0064B00E0002318460C375A
:10983000BD4680BC704700BF004402580090D00372
:1098400040787D012DE9B04FAAB00AAF7863396343
:10985000FA62BB62FB6A002B01D0FB6A00E00123C5
:10986000FB67BB6AC3F308030133BB67BB6A5B0AD0
:1098700003F07F0301337B67BB6A1B0C03F07F039C
:1098800001333B67BB6A1B0E03F07F030133FB66AA
:10989000D7F8A030DB08C3F30C03BB66FFF7AAFFC1
:1098A0007866FB6F002B07D07A6EFB6FB2FBF3F389
:1098B00000223B627A6205E04FF000024FF00003A5
:1098C000C7E90823D7E90823C7E91623BB6F00229D
:1098D0009A4693464FF000024FF000034FEA4B3395
:1098E00043EADA434FEA4A32B96E0020B961F861BF
:1098F000D7E90601844612EB0C0843EB0109BB6D66
:1099000009FB03F2FB6D08FB03F31344BA6DA2FBE2
:1099100008452B441D464FF000024FF00003620B38
:1099200042EAC5426B0BC7E914237B6F002B0CD0B6
:109930007B6F00223B617A61D7E90423D7E91401E8
:10994000F6F754FD02460B4603E04FF000024FF0DD
:109950000003C7E912233B6F002B0CD03B6F0022A2
:10996000BB60FA60D7E90223D7E91401F6F73EFDA0
:1099700002460B4603E04FF000024FF00003C7E938
:109980001023FB6E002B0CD0FB6E00223B607A6034
:10999000D7E90023D7E91401F6F728FD02460B4664
:1099A00003E04FF000024FF00003C7E90E23BB6D48
:1099B0003A6DB96C386CBC6B0994089007910692AB
:1099C0000593BB6E0493FB6E03933B6F02937B6F17
:1099D0000193BB6F0093FB6F3A6B0449786BF9F707
:1099E00063FA00BF8037BD46BDE8B08FACA2000867
:1099F00080B588B002AF7860534B1B6D03F007034E
:109A0000FB60524B7B6100233B6151497868F9F759
:109A10004BFA504B1B681A464F497868F9F744FADD
:109A20004E4A4F497868F9F73FFA4E4A4E497868EE
:109A3000F9F73AFA4B4A4D497868F9F735FA424B4B
:109A40009B6A1B0903F03F023F4B196B3E4B5B6B5C
:109A500000930B4646497868FFF7F4FE3A4B9B6A41
:109A60001B0B03F03F02384B996B374BDB6B0093BA
:109A70000B4640497868FFF7E5FE334B9B6A1B0DA8
:109A800003F03F02304B196C2F4B5B6C00930B467D
:109A900039497868FFF7D6FEFB68042B25D801A268
:109AA00052F823F0B99A0008C39A0008CD9A00082A
:109AB000D79A0008E19A0008304B7B61304B3B613C
:109AC00014E0304B7B61304B3B610FE02F4B7B61EF
:109AD0002F4B3B610AE02F4B7B6100233B6105E08C
:109AE0002D4B7B612D4B3B6100E000BF3B69009338
:109AF0007B69FA682A497868F9F7D6F94BF680321B
:109B000028497868F9F7D0F92023009302234022EE
:109B100025497868F9F7C8F9244A25497868F9F79A
:109B2000C3F924497868F9F7BFF9174B0E22224987
:109B30007868F9F7B9F921497868F9F7B5F900BFFC
:109B40001837BD4680BD00BF0044025810A300086E
:109B500018A300080000002430A3000800C2EB0B8B
:109B60004CA3000800E1F5055CA300086CA3000805
:109B70007CA3000880A3000884A3000888A3000831
:109B800000B4C40490A3000840AEEB0298A3000800
:109B900000A24A04A0A30008ACA300080090D003D0
:109BA000B4A30008D4A30008E0A3000800E02E003E
:109BB0000CA400081CA400082CA400084CA4000855
:109BC00080B58EB002AF7860224B1B68FB62214BE0
:109BD0005B68BB621F4B9B687B621E4BDB683B6212
:109BE0001C4B1B6AFB611B4B5B6ABB61FB691B0C5B
:109BF00003F00F037B61FB691B0D03F00F033B6157
:109C0000FB691B0E03F00F03FB6013497868F9F73B
:109C10004BF93B6A01937B6A0093BB6AFA6A0F496E
:109C20007868F9F741F9BB69FA690D497868F9F77D
:109C30003BF9FB6800933B697A690A497868F9F750
:109C400033F909497868F9F72FF900BF3037BD4675
:109C500080BD00BF0010025850A400086CA400088A
:109C6000ACA40008C8A400084CA4000880B584B0C7
:109C700002AF786039603A6819497868F9F714F9E1
:109C8000184B1B681A4618497868F9F70DF9174BF5
:109C90001968164B5868154B9B68144AD268019294
:109CA000009303460A4612497868F9F7FDF80F4B0E
:109CB00019690E4B58690D4B9B690C4AD269019288
:109CC000009303460A460B497868F9F7EDF80A490C
:109CD0007868F9F7E9F800BF0837BD4680BD00BFD6
:109CE000ECA40008005801400CA5000804580140ED
:109CF00024A5000860A500084CA4000890B589B010
:109D000004AF786039603B689B69FB6019497868EB
:109D1000F9F7CAF8FB68002B04D117497868F9F7FE
:109D2000C3F823E0FB681B681868FB681B685C6865
:109D3000FB681B689B68FA681268D268F968096852
:109D40004969029101920093234602460B497868C3
:109D5000F9F7AAF8FB689B681B681A4608497868F7
:109D6000F9F7A2F807497868F9F79EF81437BD4665
:109D700090BD00BF9CA50008C0A50008E0A5000894
:109D800020A600084CA4000880B483B000AF78601F
:109D90007B68042B16D801A252F823F0B19D00086D
:109DA000B59D0008B99D0008BD9D0008C19D000833
:109DB000074B08E0074B06E0074B04E0074B02E0C7
:109DC000074B00E0074B18460C37BD4680BC704778
:109DD00038A6000840A6000844A6000848A60008C7
:109DE0004CA6000854A6000890B58BB004AFF6F757
:109DF000BDFCFDF78FFF59495948F7F79DFF584BB8
:109E00007B6158497869F9F74FF87869FFF7F0FDF9
:109E100055497869F9F748F8544BD3F8E020534B8B
:109E2000D3F8E03003F01003002B01D0012300E051
:109E300000234F497869F9F737F84C4BD3F8F020F5
:109E40004A4BD3F8F03003F48003002B01D00123F8
:109E500000E0002347497869F9F726F8434B1A6D6B
:109E6000424B1B6D03F0070343497869F9F71CF86F
:109E70007869FFF7A5FE0020FFF77CFC0120FFF7C3
:109E800079FC3E493E48F7F704F93E497869FFF707
:109E9000EDFE4FF4807300223B493948F7F712F981
:109EA00037497869FFF72AFF3548F7F720F937492E
:109EB0007869FFF7DBFEFFF71FFC314B1B6B3B6143
:109EC0002F4B5B6BFB602E4B00221A632C4B002246
:109ED0005A632B4BDB685B69BB60FFF713FC3B6984
:109EE000002B04D02A4B1B680133294A1360FB68FE
:109EF000002B05D0274B1A68FB681344254A1360D2
:109F0000BB681B0C03F007037B6023497869F8F7F3
:109F1000CBFF224B1868224B1C68224B1B681C4A43
:109F200012681C4909680291019200932346024677
:109F30001D497869F8F7B8FF7868FFF725FF0246F2
:109F40007B6800931346BA6818497869F8F7ACFF44
:109F500042F21070FFF753F8ADE700BF0400002491
:109F60000C0800245CA60008A0A6000800440258C3
:109F7000BCA60008DCA60008FCA60008B4AD0008DA
:109F80009407002420A700082000002430A7000820
:109F9000541300245813002448A700084813002431
:109FA0004C1300245013002464A700089CA7000849
:109FB0002DE9F047089E0D4604460F46002B4AD176
:109FC0008A42944665D9B2FA82F343B102FA03FC9D
:109FD000C3F120029F4020FA02F217439C404FEA4F
:109FE0001C4E1FFA8CF5B7FBFEF1220C0EFB11770D
:109FF00042EA074201FB05F090420AD91CEB02023B
:10A0000001F1FF3780F01B81904240F21881023944
:10A010006244121AA4B2B2FBFEF00EFB102244EA14
:10A02000024400FB05F5A5420AD91CEB040400F12B
:10A03000FF3280F00681A54240F203816444023879
:10A0400040EA0140641B00211EB1DC400023C6E948
:10A050000043BDE8F0878B4208D9002E00F0EC8069
:10A060000021C6E900050846BDE8F087B3FA83F190
:10A07000002949D1AB4202D3824200F2F780841A10
:10A0800065EB030201201746002EE2D0C6E9004727
:10A09000DFE702B9FFDEB2FA82F3002B40F08F80D7
:10A0A0008A1A4FEA1C471FFA8CFE0121B2FBF7F512
:10A0B00007FB1520220C42EA00420EFB05F09042FD
:10A0C00008D91CEB020205F1FF3802D2904200F2DF
:10A0D000CA804546121AA4B2B2FBF7F007FB102261
:10A0E00044EA02440EFB00FEA64508D91CEB04041A
:10A0F00000F1FF3202D2A64500F2BA801046A4EB6E
:10A100000E0440EA05409FE7C1F120078B4022FA88
:10A1100007FC4CEA030C05FA01F420FA07F3FD40B2
:10A12000234300FA01F94FEA1C401FFA8CFEB5FBED
:10A13000F0F81C0C00FB185544EA054408FB0EF52A
:10A14000A54202FA01F20BD91CEB040408F1FF3A14
:10A1500080F08780A54240F28480A8F10208644420
:10A16000641B9DB2B4FBF0F300FB134445EA0444C6
:10A1700003FB0EFEA64508D91CEB040403F1FF30D7
:10A180006BD2A64569D9023B644443EA0840A0FB70
:10A190000283A4EB0E049C42C6461D4655D352D002
:10A1A00056B1B9EB0E0364EB050404FA07F7CB4094
:10A1B000CC401F43C6E900740021BDE8F087C3F11D
:10A1C000200102FA03FC20FA01F225FA01F19D4078
:10A1D0002A434FEA1C471FFA8CFEB1FBF7F007FB3E
:10A1E0001015110C41EA054100FB0EF58D4204FAF1
:10A1F00003F408D91CEB010100F1FF382FD28D4286
:10A200002DD902386144491B92B2B1FBF7F507FB27
:10A21000151142EA014205FB0EF1914208D91CEBEF
:10A22000020205F1FF3816D2914214D9023D624470
:10A23000521A45EA004139E73146304609E73946C6
:10A24000E7E61046FCE6C145AAD2B8EB020E63EB86
:10A250000C050138A4E74546EAE7034695E7404682
:10A26000D1E7D0467CE7023D624433E708460BE77E
:08A270006444023843E700BF1B
:10A27800286E756C6C2900005341492057434B43A5
:10A2880046472F4F56525544522070657273697372
:10A2980074656E74000000006330000069646C65CA
:10A2A800000000005B504C4C25735D204D3D256C33
:10A2B80075204E3D256C7520503D256C7520513D0F
:10A2C800256C7520523D256C7520465241433D252D
:10A2D8006C75207C207265663D256C7520487A2057
:10A2E80076636F3D256C7520487A20503D256C7546
:10A2F80020487A20513D256C7520487A20523D250A
:10A308006C7520487A0D0A00554E4B4E4F574E003B
:10A318003D3D3D2052434320434C4F434B53203D4A
:10A328003D3D0D0A0000000053797374656D436F5D
:10A338007265436C6F636B3D256C7520487A0D0A16
:10A348000000000048434C4B3D256C7520487A0DB1
:10A358000A00000050434C4B313D256C7520487A6B
:10A368000D0A000050434C4B323D256C7520487A4D
:10A378000D0A000031000000320000003300000028
:10A38800504C4C315F510000504C4C325F50000033
:10A39800504C4C335F5000004932535F434B494E99
:10A3A800000000005045525F434B000053414931C3
:10A3B80053454C3D256C752028257329203D3E20AA
:10A3C800256C7520487A0D0A0000000046533D258B
:10A3D8006C7520487A0D0A004672616D65206269C5
:10A3E80074733D256C752028736C6F74733D256CF0
:10A3F800752C20736C6F7420626974733D256C75BD
:10A40800290D0A0042434C4B3D256C7520487A0DB6
:10A418000A0000004D434C4B3D44495341424C45D2
:10A42800440D0A004D434B4449563D256C75202880
:10A438006B65726E656C3D256C7520487A290D0A2E
:10A44800000000000D0A00003D3D3D204750494FE7
:10A458004520524547495354455253203D3D3D0DF3
:10A468000A0000004D4F4445523D30782530386C85
:10A4780078204F54595045523D30782530386C7803
:10A48800204F5350454544523D30782530386C783C
:10A498002050555044523D30782530386C780D0A9C
:10A4A800000000004146524C3D30782530386C7829
:10A4B80020414652483D30782530386C780D0A00E6
:10A4C8005045345F41463D256C75205045355F4108
:10A4D800463D256C75205045365F41463D256C75D7
:10A4E8000D0A00003D3D3D2053414931205245476A
:10A4F8004953544552532028257329203D3D3D0D8D
:10A508000A000000534149315F474352203D203043
:10A51800782530386C780D0A000000005341493125
:10A52800413A204352313D30782530386C78204309
:10A5380052323D30782530386C7820465243523DAF
:10A5480030782530386C7820534C4F54523D307851
:10A558002530386C780D0A0053414931413A204979
:10A568004D523D30782530386C782053523D307844
:10A578002530386C7820434C5246523D307825308F
:10A58800386C782044523D30782530386C780D0A84
:10A59800000000003D3D3D20444D412052454749C3
:10A5A8005354455253202853414931412054582986
:10A5B800203D3D3D0D0A0000444D412073747265F5
:10A5C800616D206E6F7420616C6C6F63617465647B
:10A5D8002E0D0A0D0A00000043523D307825303810
:10A5E8006C78204E4454523D30782530386C7820B1
:10A5F8005041523D30782530386C78204D304152EA
:10A608003D30782530386C78204643523D307825E7
:10A6180030386C780D0A0000444D414D55585F4361
:10A6280043523D30782530386C780D0A0000000020
:10A63800454D505459000000312F3400312F32005D
:10A64800332F340046554C4C0000000052455356F9
:10A65800000000000D0A3D3D3D2053544D33324863
:10A668003734332053414931412049325320425233
:10A67800494E472D555020283438206B487A2C20D5
:10A6880053544552454F2C204E4F204D434C4B2997
:10A69800203D3D3D0D0A00003D3D3D2052434320F5
:10A6A800434C4F434B20454E41424C4553203D3D82
:10A6B8003D0D0A0041484234454E523D3078253020
:10A6C800386C7820284750494F45454E3D256C75D4
:10A6D800290D0A0041504232454E523D307825300E
:10A6E800386C78202853414931454E3D256C7529F1
:10A6F8000D0A000044324343495031523D30782519
:10A7080030386C7820285341493153454C3D256CED
:10A7180075290D0A0D0A000061667465722073615F
:10A7280069537461727400006166746572207361A4
:10A7380069537461727445786368616E6765000077
:10A748003D3D3D2052554E54494D452053544154AA
:10A758005553203D3D3D0D0A0000000048543D255D
:10A768006C752054433D256C7520444D415F45521E
:10A77800523D256C75205341495F4552523D256C29
:10A7880075205341495F5245504541543D256C75EC
:10A798000D0A00005341495F53523D307825303847
:10A7A8006C78204649464F3D257320283078256C23
:10A7B80078290D0A0D0A0000F8B100085C1300247E
:10A7C8005C1300245C130024F8B10008000000307A
:10A7D8000000003000000030F8B100080000003030
:10A7E8000000003000000030F8B100080402043016
:10A7F8000402043004020430F8B1000800000038F4
:10A808000000003800000038F8B1000800080020F7
:10A818000008002000080020F8B10008000000002F
:10A828000000000000000000F8B1000800008038B7
:10A83800000080380000803800000000657C0008B7
:10A84800797C0008B51700089D190008F51900085B
:10A85800491A00089D1A0008D11A000800000000D3
:10A868009F1B0008C71B0008EF1B0008151C0008E9
:10A87800351C00085B1C00087B1C0008A31C000892
:10A88800CB1C0008000000000000000001000000D0
:10A89800566563746F72313030000000566563741A
:10A8A8006F72313034000000566563746F7244343F
:10A8B80000000000566563746F7231313400000087
:10A8C800566563746F724230000000005665637409
:10A8D8006F723838000000000054025808540258BB
:10A8E800000000000058025800810000005402587F
:10A8F8001C54025804000000045802580182000049
:10A9080000540258305402580800000008580258F1
:10A918000283000000540258445402580C000000FE
:10A928000C58025803840000005402585854025826
:10A938001000000010580258048500000054025806
:10A948006C54025814000000145802580586000080
:10A958000054025880540258180000001858025831
:10A968000687000000540258945402581C00000046
:10A978001C58025807880000566563746F72323499
:10A9880034000000566563746F723234380000007A
:10A99800566563746F723234430000005665637401
:10A9A8006F72323530000000566563746F7232354D
:10A9B80034000000566563746F7232353800000049
:10A9C800566563746F7232354300000056656374D0
:10A9D8006F7232363000000010000240080002405A
:10A9E8000008024000000B00280002400800024056
:10A9F8000408024006010C00400002400800024022
:10AA08000808024010020D005800024008000240E9
:10AA18000C08024016030E00700002400C000240B1
:10AA28001008024000040F00880002400C00024099
:10AA38001408024006051000A00002400C00024065
:10AA48001808024010061100B80002400C0002402D
:10AA58001C08024016072F00100402400804024098
:10AA68002008024000083800280402400804024078
:10AA78002408024006093900400402400804024044
:10AA880028080240100A3A0058040240080402400C
:10AA98002C080240160B3B00700402400C040240D4
:10AAA80030080240000C3C00880402400C040240BC
:10AAB80034080240060D4400A00402400C04024081
:10AAC80038080240100E4500B80402400C04024049
:10AAD8003C080240160F4600566563746F72364391
:10AAE80000000000566563746F7237300000000084
:10AAF800566563746F7237340000000056656374DE
:10AB08006F72373800000000566563746F72374300
:10AB180000000000566563746F7238300000000052
:10AB2800566563746F7238340000000056656374AC
:10AB38006F72464300000000566563746F723132CD
:10AB480030000000566563746F72313234000000C3
:10AB5800566563746F72313238000000566563744D
:10AB68006F72313243000000566563746F7231337F
:10AB780030000000566563746F7231353000000094
:10AB8800566563746F72313534000000566563741E
:10AB98006F72313538000000566563746F72313654
:10ABA80030000000566563746F723136340000005F
:10ABB800000000003B25000899260008CD27000862
:10ABC80040004000000600240006002401000000A8
:10ABD800100600248000000040010000080000006A
:10ABE800566563746F7231443400000056656374AF
:10ABF8006F72434300000000566563746F724430FF
:10AC080000000000566563746F7231304300000025
:10AC1800566563746F723139340000005665637489
:10AC28006F72313938000000009600000000000003
:10AC38000000000000000000D7D7AAEA00010000C9
:10AC48001414FF3F00000100006100000000000034
:10AC580074A70A00BF7AAFAA000C0000C04FF0FF2B
:10AC6800000050008000000000606600004488CCAE
:10AC7800FFFFAAF2000000000000FF0700005501D6
:10AC88000000000000000000CCCC0C00EA9F6AAF76
:10AC9800000000003FD07FF01000000040000000DE
:10ACA800CC0C0050CC0C00CCAAAAAAAA0000000028
:10ACB800FFFFFFFF0000000000000000CC6666C632
:10ACC800CCCCCCCCAA9A8AAA00000000FFDFDFFF18
:10ACD8000000000040000000CCCCCC5055C0CCCCCB
:10ACE800EACA9AAA000000003F1FDFFF0000000028
:10ACF80000040000CC0CCC005C5055C5AF7BFEFFB7
:10AD080000010000F04C0300000001008001000079
:10AD180000CCC00004000000BBFF71FF0000000071
:10AD2800CC0045000000000000000000505000006A
:10AD380000000000FFFFFFFF00000000000000000F
:10AD480000000000000000000000000000000000FB
:10AD5800FFFFFFFF000000000000000000000000EF
:10AD6800000000000000000000000000A0A2000891
:10AD78000000000000000000A8110024D8120024E0
:10AD88006D61696E002C0538040448080C10141C09
:10AD980020242526000000000000240401000400EF
:10ADA80000000000000C00102830340020000024AF
:10ADB80000000000000100003197000800000000BA
:10ADC800C820E000010000003F1F040083010000CC
:04ADD8000050000027
:08ADDC00D4F1FF7F010000002B
:10ADE4000084D71700C2010000000000000000002A
:04ADF400000000005B
:10ADF800000000000000000000000000000000004B
:10AE0800000000000000000000000000000000003A
:10AE1800000000000000000000000000000000002A
:10AE2800000000000000000000000000000000001A
:10AE3800000000000000000000000000000000000A
:10AE480000000000000000000000000000000000FA
:10AE580000000000000000000000000000000000EA
:10AE680000000000000000000000000000000000DA
:10AE780000000000000000000000000000000000CA
:10AE880000000000000000000000000000000000BA
:10AE980000000000000000000000000000000000AA
:10AEA800000000000000000000000000000000009A
:10AEB800000000000000000000000000000000008A
:10AEC800000000000000000000000000000000007A
:10AED800000000000000000000000000000000006A
:10AEE800000000000000000000000000000000005A
:10AEF800000000000000000000000000000000004A
:10AF08000000000000000000000000000000000039
:10AF18000000000000000000000000000000000029
:10AF28000000000000000000000000000000000019
:10AF38000000000000000000000000000000000009
:10AF480000000000000000000000000000000000F9
:10AF580000000000000000000000000000000000E9
:10AF680000000000000000000000000000000000D9
:10AF780000000000000000000000000000000000C9
:10AF880000000000000000000000000000000000B9
:10AF980000000000000000000000000000000000A9
:10AFA8000000000000000000000000000000000099
:10AFB8000000000000000000000000000000000089
:10AFC8000000000000000000000000000000000079
:10AFD8000000000000000000000000000000000069
:10AFE8000000000000000000000000000000000059
:10AFF8000000000000000000000000000000000049
:10B008000000000000000000000000000000000038
:10B018000000000000000000000000000000000028
:10B028000000000000000000000000000000000018
:10B038000000000000000000000000000000000008
:10B0480000000000000000000000000000000000F8
:10B0580000000000000000000000000000000000E8
:10B0680000000000000000000000000000000000D8
:10B0780000000000000000000000000000000000C8
:10B0880000000000000000000000000000000000B8
:10B0980000000000000000000000000000000000A8
:10B0A8000000000000000000000000000000000098
:10B0B8000000000000000000000000000000000088
:10B0C8000000000000000000000000000000000078
:10B0D8000000000000000000000000000000000068
:10B0E8000000000000000000000000000000000058
:10B0F8000000000000000000000000000000000048
:10B108000000000000000000000000000000000037
:10B118000000000000000000000000000000000027
:10B128000000000000000000000000000000000017
:10B138000000000000000000000000000000000007
:10B1480000000000000000000000000000000000F7
:10B1580000000000000000000000000000000000E7
:10B1680000000000000000000000000000000000D7
:10B1780000000000000000000000000000000000C7
:10B1880000000000000000000000000000000000B7
:10B1980000000000000000000000000000000000A7
:10B1A8000000000000000000000000000000000097
:10B1B8000000000000000000000000000000000087
:10B1C8000000000000000000000000000000000077
:10B1D8000000000000000000000000000000000067
:10B1E8000000000000000000000000000000000057
:04000005080003B933
:00000001FF
