ARM GAS  C:\Users\DEVELO~1\AppData\Local\Temp\cc3MmbBd.s 			page 1


   1              		.cpu cortex-m7
   2              		.arch armv7e-m
   3              		.fpu softvfp
   4              		.eabi_attribute 20, 1
   5              		.eabi_attribute 21, 1
   6              		.eabi_attribute 23, 3
   7              		.eabi_attribute 24, 1
   8              		.eabi_attribute 25, 1
   9              		.eabi_attribute 26, 1
  10              		.eabi_attribute 30, 6
  11              		.eabi_attribute 34, 1
  12              		.eabi_attribute 18, 4
  13              		.file	"hal_serial_lld.c"
  14              		.text
  15              	.Ltext0:
  16              		.cfi_sections	.debug_frame
  17              		.section	.text.chSysLockFromISR,"ax",%progbits
  18              		.align	1
  19              		.syntax unified
  20              		.thumb
  21              		.thumb_func
  22              		.type	chSysLockFromISR, %function
  23              	chSysLockFromISR:
  24              	.LFB204:
  25              		.file 1 "../../../os/rt/include/chsys.h"
  26              		.loc 1 451 43
  27              		.cfi_startproc
  28              		@ args = 0, pretend = 0, frame = 8
  29              		@ frame_needed = 1, uses_anonymous_args = 0
  30              		@ link register save eliminated.
  31 0000 80B4     		push	{r7}
  32              		.cfi_def_cfa_offset 4
  33              		.cfi_offset 7, -4
  34 0002 83B0     		sub	sp, sp, #12
  35              		.cfi_def_cfa_offset 16
  36 0004 00AF     		add	r7, sp, #0
  37              		.cfi_def_cfa_register 7
  38 0006 3023     		movs	r3, #48
  39 0008 7B60     		str	r3, [r7, #4]
  40              	.LBB26:
  41              	.LBB27:
  42              	.LBB28:
  43              	.LBB29:
  44              	.LBB30:
  45              	.LBB31:
  46              		.file 2 "../../../os/common/ext/ARM/CMSIS/Core/Include/cmsis_gcc.h"
  47              		.loc 2 493 3
  48 000a 7B68     		ldr	r3, [r7, #4]
  49              		.syntax unified
  50              	@ 493 "../../../os/common/ext/ARM/CMSIS/Core/Include/cmsis_gcc.h" 1
  51 000c 83F31188 		MSR basepri, r3
  52              	@ 0 "" 2
  53              		.loc 2 494 1
  54              		.thumb
  55              		.syntax unified
  56 0010 00BF     		nop
  57              	.LBE31:
ARM GAS  C:\Users\DEVELO~1\AppData\Local\Temp\cc3MmbBd.s 			page 2


  58              	.LBE30:
  59              		.file 3 "../../../os/common/ports/ARMv7-M/chcore.h"
  60              		.loc 3 840 1
  61 0012 00BF     		nop
  62              	.LBE29:
  63              	.LBE28:
  64              		.loc 3 865 1
  65 0014 00BF     		nop
  66              	.LBE27:
  67              	.LBE26:
  68              		.loc 1 456 1
  69 0016 00BF     		nop
  70 0018 0C37     		adds	r7, r7, #12
  71              		.cfi_def_cfa_offset 4
  72 001a BD46     		mov	sp, r7
  73              		.cfi_def_cfa_register 13
  74              		@ sp needed
  75 001c 80BC     		pop	{r7}
  76              		.cfi_restore 7
  77              		.cfi_def_cfa_offset 0
  78 001e 7047     		bx	lr
  79              		.cfi_endproc
  80              	.LFE204:
  81              		.size	chSysLockFromISR, .-chSysLockFromISR
  82              		.section	.text.chSysUnlockFromISR,"ax",%progbits
  83              		.align	1
  84              		.syntax unified
  85              		.thumb
  86              		.thumb_func
  87              		.type	chSysUnlockFromISR, %function
  88              	chSysUnlockFromISR:
  89              	.LFB205:
  90              		.loc 1 473 45
  91              		.cfi_startproc
  92              		@ args = 0, pretend = 0, frame = 8
  93              		@ frame_needed = 1, uses_anonymous_args = 0
  94              		@ link register save eliminated.
  95 0000 80B4     		push	{r7}
  96              		.cfi_def_cfa_offset 4
  97              		.cfi_offset 7, -4
  98 0002 83B0     		sub	sp, sp, #12
  99              		.cfi_def_cfa_offset 16
 100 0004 00AF     		add	r7, sp, #0
 101              		.cfi_def_cfa_register 7
 102 0006 0023     		movs	r3, #0
 103 0008 7B60     		str	r3, [r7, #4]
 104              	.LBB32:
 105              	.LBB33:
 106              	.LBB34:
 107              	.LBB35:
 108              	.LBB36:
 109              	.LBB37:
 110              		.loc 2 493 3
 111 000a 7B68     		ldr	r3, [r7, #4]
 112              		.syntax unified
 113              	@ 493 "../../../os/common/ext/ARM/CMSIS/Core/Include/cmsis_gcc.h" 1
 114 000c 83F31188 		MSR basepri, r3
ARM GAS  C:\Users\DEVELO~1\AppData\Local\Temp\cc3MmbBd.s 			page 3


 115              	@ 0 "" 2
 116              		.loc 2 494 1
 117              		.thumb
 118              		.syntax unified
 119 0010 00BF     		nop
 120              	.LBE37:
 121              	.LBE36:
 122              		.loc 3 854 1
 123 0012 00BF     		nop
 124              	.LBE35:
 125              	.LBE34:
 126              		.loc 3 876 1
 127 0014 00BF     		nop
 128              	.LBE33:
 129              	.LBE32:
 130              		.loc 1 478 1
 131 0016 00BF     		nop
 132 0018 0C37     		adds	r7, r7, #12
 133              		.cfi_def_cfa_offset 4
 134 001a BD46     		mov	sp, r7
 135              		.cfi_def_cfa_register 13
 136              		@ sp needed
 137 001c 80BC     		pop	{r7}
 138              		.cfi_restore 7
 139              		.cfi_def_cfa_offset 0
 140 001e 7047     		bx	lr
 141              		.cfi_endproc
 142              	.LFE205:
 143              		.size	chSysUnlockFromISR, .-chSysUnlockFromISR
 144              		.section	.text.osalSysLockFromISR,"ax",%progbits
 145              		.align	1
 146              		.syntax unified
 147              		.thumb
 148              		.thumb_func
 149              		.type	osalSysLockFromISR, %function
 150              	osalSysLockFromISR:
 151              	.LFB352:
 152              		.file 4 "../../../os/hal/osal/rt-nil/osal.h"
 153              		.loc 4 595 45
 154              		.cfi_startproc
 155              		@ args = 0, pretend = 0, frame = 0
 156              		@ frame_needed = 1, uses_anonymous_args = 0
 157 0000 80B5     		push	{r7, lr}
 158              		.cfi_def_cfa_offset 8
 159              		.cfi_offset 7, -8
 160              		.cfi_offset 14, -4
 161 0002 00AF     		add	r7, sp, #0
 162              		.cfi_def_cfa_register 7
 163              		.loc 4 597 3
 164 0004 FFF7FEFF 		bl	chSysLockFromISR
 165              		.loc 4 598 1
 166 0008 00BF     		nop
 167 000a 80BD     		pop	{r7, pc}
 168              		.cfi_endproc
 169              	.LFE352:
 170              		.size	osalSysLockFromISR, .-osalSysLockFromISR
 171              		.section	.text.osalSysUnlockFromISR,"ax",%progbits
ARM GAS  C:\Users\DEVELO~1\AppData\Local\Temp\cc3MmbBd.s 			page 4


 172              		.align	1
 173              		.syntax unified
 174              		.thumb
 175              		.thumb_func
 176              		.type	osalSysUnlockFromISR, %function
 177              	osalSysUnlockFromISR:
 178              	.LFB353:
 179              		.loc 4 606 47
 180              		.cfi_startproc
 181              		@ args = 0, pretend = 0, frame = 0
 182              		@ frame_needed = 1, uses_anonymous_args = 0
 183 0000 80B5     		push	{r7, lr}
 184              		.cfi_def_cfa_offset 8
 185              		.cfi_offset 7, -8
 186              		.cfi_offset 14, -4
 187 0002 00AF     		add	r7, sp, #0
 188              		.cfi_def_cfa_register 7
 189              		.loc 4 608 3
 190 0004 FFF7FEFF 		bl	chSysUnlockFromISR
 191              		.loc 4 609 1
 192 0008 00BF     		nop
 193 000a 80BD     		pop	{r7, pc}
 194              		.cfi_endproc
 195              	.LFE353:
 196              		.size	osalSysUnlockFromISR, .-osalSysUnlockFromISR
 197              		.section	.text.osalEventBroadcastFlagsI,"ax",%progbits
 198              		.align	1
 199              		.syntax unified
 200              		.thumb
 201              		.thumb_func
 202              		.type	osalEventBroadcastFlagsI, %function
 203              	osalEventBroadcastFlagsI:
 204              	.LFB374:
 205              		.loc 4 957 65
 206              		.cfi_startproc
 207              		@ args = 0, pretend = 0, frame = 8
 208              		@ frame_needed = 1, uses_anonymous_args = 0
 209 0000 80B5     		push	{r7, lr}
 210              		.cfi_def_cfa_offset 8
 211              		.cfi_offset 7, -8
 212              		.cfi_offset 14, -4
 213 0002 82B0     		sub	sp, sp, #8
 214              		.cfi_def_cfa_offset 16
 215 0004 00AF     		add	r7, sp, #0
 216              		.cfi_def_cfa_register 7
 217 0006 7860     		str	r0, [r7, #4]
 218 0008 3960     		str	r1, [r7]
 219              		.loc 4 959 3
 220 000a 3968     		ldr	r1, [r7]
 221 000c 7868     		ldr	r0, [r7, #4]
 222 000e FFF7FEFF 		bl	chEvtBroadcastFlagsI
 223              		.loc 4 960 1
 224 0012 00BF     		nop
 225 0014 0837     		adds	r7, r7, #8
 226              		.cfi_def_cfa_offset 8
 227 0016 BD46     		mov	sp, r7
 228              		.cfi_def_cfa_register 13
ARM GAS  C:\Users\DEVELO~1\AppData\Local\Temp\cc3MmbBd.s 			page 5


 229              		@ sp needed
 230 0018 80BD     		pop	{r7, pc}
 231              		.cfi_endproc
 232              	.LFE374:
 233              		.size	osalEventBroadcastFlagsI, .-osalEventBroadcastFlagsI
 234              		.section	.text.rccEnableAPB1L,"ax",%progbits
 235              		.align	1
 236              		.syntax unified
 237              		.thumb
 238              		.thumb_func
 239              		.type	rccEnableAPB1L, %function
 240              	rccEnableAPB1L:
 241              	.LFB388:
 242              		.file 5 "../../../os/hal/ports/STM32/STM32H7xx/stm32_rcc.h"
 243              		.loc 5 141 61
 244              		.cfi_startproc
 245              		@ args = 0, pretend = 0, frame = 8
 246              		@ frame_needed = 1, uses_anonymous_args = 0
 247              		@ link register save eliminated.
 248 0000 80B4     		push	{r7}
 249              		.cfi_def_cfa_offset 4
 250              		.cfi_offset 7, -4
 251 0002 83B0     		sub	sp, sp, #12
 252              		.cfi_def_cfa_offset 16
 253 0004 00AF     		add	r7, sp, #0
 254              		.cfi_def_cfa_register 7
 255 0006 7860     		str	r0, [r7, #4]
 256 0008 0B46     		mov	r3, r1
 257 000a FB70     		strb	r3, [r7, #3]
 258              		.loc 5 145 20
 259 000c 124B     		ldr	r3, .L9
 260 000e D3F8E820 		ldr	r2, [r3, #232]
 261 0012 1149     		ldr	r1, .L9
 262 0014 7B68     		ldr	r3, [r7, #4]
 263 0016 1343     		orrs	r3, r3, r2
 264 0018 C1F8E830 		str	r3, [r1, #232]
 265              		.loc 5 146 6
 266 001c FB78     		ldrb	r3, [r7, #3]	@ zero_extendqisi2
 267 001e 002B     		cmp	r3, #0
 268 0020 08D0     		beq	.L7
 269              		.loc 5 147 24
 270 0022 0D4B     		ldr	r3, .L9
 271 0024 D3F81021 		ldr	r2, [r3, #272]
 272 0028 0B49     		ldr	r1, .L9
 273 002a 7B68     		ldr	r3, [r7, #4]
 274 002c 1343     		orrs	r3, r3, r2
 275 002e C1F81031 		str	r3, [r1, #272]
 276 0032 08E0     		b	.L8
 277              	.L7:
 278              		.loc 5 150 24
 279 0034 084B     		ldr	r3, .L9
 280 0036 D3F81021 		ldr	r2, [r3, #272]
 281              		.loc 5 150 27
 282 003a 7B68     		ldr	r3, [r7, #4]
 283 003c DB43     		mvns	r3, r3
 284              		.loc 5 150 24
 285 003e 0649     		ldr	r1, .L9
ARM GAS  C:\Users\DEVELO~1\AppData\Local\Temp\cc3MmbBd.s 			page 6


 286 0040 1340     		ands	r3, r3, r2
 287 0042 C1F81031 		str	r3, [r1, #272]
 288              	.L8:
 289              		.loc 5 152 15
 290 0046 044B     		ldr	r3, .L9
 291              		.loc 5 152 3
 292 0048 D3F81031 		ldr	r3, [r3, #272]
 293              		.loc 5 164 1
 294 004c 00BF     		nop
 295 004e 0C37     		adds	r7, r7, #12
 296              		.cfi_def_cfa_offset 4
 297 0050 BD46     		mov	sp, r7
 298              		.cfi_def_cfa_register 13
 299              		@ sp needed
 300 0052 80BC     		pop	{r7}
 301              		.cfi_restore 7
 302              		.cfi_def_cfa_offset 0
 303 0054 7047     		bx	lr
 304              	.L10:
 305 0056 00BF     		.align	2
 306              	.L9:
 307 0058 00440258 		.word	1476543488
 308              		.cfi_endproc
 309              	.LFE388:
 310              		.size	rccEnableAPB1L, .-rccEnableAPB1L
 311              		.section	.text.rccDisableAPB1L,"ax",%progbits
 312              		.align	1
 313              		.syntax unified
 314              		.thumb
 315              		.thumb_func
 316              		.type	rccDisableAPB1L, %function
 317              	rccDisableAPB1L:
 318              	.LFB389:
 319              		.loc 5 173 53
 320              		.cfi_startproc
 321              		@ args = 0, pretend = 0, frame = 8
 322              		@ frame_needed = 1, uses_anonymous_args = 0
 323              		@ link register save eliminated.
 324 0000 80B4     		push	{r7}
 325              		.cfi_def_cfa_offset 4
 326              		.cfi_offset 7, -4
 327 0002 83B0     		sub	sp, sp, #12
 328              		.cfi_def_cfa_offset 16
 329 0004 00AF     		add	r7, sp, #0
 330              		.cfi_def_cfa_register 7
 331 0006 7860     		str	r0, [r7, #4]
 332              		.loc 5 183 20
 333 0008 0C4B     		ldr	r3, .L12
 334 000a D3F8E820 		ldr	r2, [r3, #232]
 335              		.loc 5 183 23
 336 000e 7B68     		ldr	r3, [r7, #4]
 337 0010 DB43     		mvns	r3, r3
 338              		.loc 5 183 20
 339 0012 0A49     		ldr	r1, .L12
 340 0014 1340     		ands	r3, r3, r2
 341 0016 C1F8E830 		str	r3, [r1, #232]
 342              		.loc 5 184 22
ARM GAS  C:\Users\DEVELO~1\AppData\Local\Temp\cc3MmbBd.s 			page 7


 343 001a 084B     		ldr	r3, .L12
 344 001c D3F81021 		ldr	r2, [r3, #272]
 345              		.loc 5 184 25
 346 0020 7B68     		ldr	r3, [r7, #4]
 347 0022 DB43     		mvns	r3, r3
 348              		.loc 5 184 22
 349 0024 0549     		ldr	r1, .L12
 350 0026 1340     		ands	r3, r3, r2
 351 0028 C1F81031 		str	r3, [r1, #272]
 352              		.loc 5 185 15
 353 002c 034B     		ldr	r3, .L12
 354              		.loc 5 185 3
 355 002e D3F81031 		ldr	r3, [r3, #272]
 356              		.loc 5 198 1
 357 0032 00BF     		nop
 358 0034 0C37     		adds	r7, r7, #12
 359              		.cfi_def_cfa_offset 4
 360 0036 BD46     		mov	sp, r7
 361              		.cfi_def_cfa_register 13
 362              		@ sp needed
 363 0038 80BC     		pop	{r7}
 364              		.cfi_restore 7
 365              		.cfi_def_cfa_offset 0
 366 003a 7047     		bx	lr
 367              	.L13:
 368              		.align	2
 369              	.L12:
 370 003c 00440258 		.word	1476543488
 371              		.cfi_endproc
 372              	.LFE389:
 373              		.size	rccDisableAPB1L, .-rccDisableAPB1L
 374              		.section	.text.rccEnableAPB2,"ax",%progbits
 375              		.align	1
 376              		.syntax unified
 377              		.thumb
 378              		.thumb_func
 379              		.type	rccEnableAPB2, %function
 380              	rccEnableAPB2:
 381              	.LFB394:
 382              		.loc 5 319 60
 383              		.cfi_startproc
 384              		@ args = 0, pretend = 0, frame = 8
 385              		@ frame_needed = 1, uses_anonymous_args = 0
 386              		@ link register save eliminated.
 387 0000 80B4     		push	{r7}
 388              		.cfi_def_cfa_offset 4
 389              		.cfi_offset 7, -4
 390 0002 83B0     		sub	sp, sp, #12
 391              		.cfi_def_cfa_offset 16
 392 0004 00AF     		add	r7, sp, #0
 393              		.cfi_def_cfa_register 7
 394 0006 7860     		str	r0, [r7, #4]
 395 0008 0B46     		mov	r3, r1
 396 000a FB70     		strb	r3, [r7, #3]
 397              		.loc 5 323 19
 398 000c 124B     		ldr	r3, .L17
 399 000e D3F8F020 		ldr	r2, [r3, #240]
ARM GAS  C:\Users\DEVELO~1\AppData\Local\Temp\cc3MmbBd.s 			page 8


 400 0012 1149     		ldr	r1, .L17
 401 0014 7B68     		ldr	r3, [r7, #4]
 402 0016 1343     		orrs	r3, r3, r2
 403 0018 C1F8F030 		str	r3, [r1, #240]
 404              		.loc 5 324 6
 405 001c FB78     		ldrb	r3, [r7, #3]	@ zero_extendqisi2
 406 001e 002B     		cmp	r3, #0
 407 0020 08D0     		beq	.L15
 408              		.loc 5 325 23
 409 0022 0D4B     		ldr	r3, .L17
 410 0024 D3F81821 		ldr	r2, [r3, #280]
 411 0028 0B49     		ldr	r1, .L17
 412 002a 7B68     		ldr	r3, [r7, #4]
 413 002c 1343     		orrs	r3, r3, r2
 414 002e C1F81831 		str	r3, [r1, #280]
 415 0032 08E0     		b	.L16
 416              	.L15:
 417              		.loc 5 328 23
 418 0034 084B     		ldr	r3, .L17
 419 0036 D3F81821 		ldr	r2, [r3, #280]
 420              		.loc 5 328 26
 421 003a 7B68     		ldr	r3, [r7, #4]
 422 003c DB43     		mvns	r3, r3
 423              		.loc 5 328 23
 424 003e 0649     		ldr	r1, .L17
 425 0040 1340     		ands	r3, r3, r2
 426 0042 C1F81831 		str	r3, [r1, #280]
 427              	.L16:
 428              		.loc 5 330 15
 429 0046 044B     		ldr	r3, .L17
 430              		.loc 5 330 3
 431 0048 D3F81831 		ldr	r3, [r3, #280]
 432              		.loc 5 342 1
 433 004c 00BF     		nop
 434 004e 0C37     		adds	r7, r7, #12
 435              		.cfi_def_cfa_offset 4
 436 0050 BD46     		mov	sp, r7
 437              		.cfi_def_cfa_register 13
 438              		@ sp needed
 439 0052 80BC     		pop	{r7}
 440              		.cfi_restore 7
 441              		.cfi_def_cfa_offset 0
 442 0054 7047     		bx	lr
 443              	.L18:
 444 0056 00BF     		.align	2
 445              	.L17:
 446 0058 00440258 		.word	1476543488
 447              		.cfi_endproc
 448              	.LFE394:
 449              		.size	rccEnableAPB2, .-rccEnableAPB2
 450              		.section	.text.rccDisableAPB2,"ax",%progbits
 451              		.align	1
 452              		.syntax unified
 453              		.thumb
 454              		.thumb_func
 455              		.type	rccDisableAPB2, %function
 456              	rccDisableAPB2:
ARM GAS  C:\Users\DEVELO~1\AppData\Local\Temp\cc3MmbBd.s 			page 9


 457              	.LFB395:
 458              		.loc 5 351 52
 459              		.cfi_startproc
 460              		@ args = 0, pretend = 0, frame = 8
 461              		@ frame_needed = 1, uses_anonymous_args = 0
 462              		@ link register save eliminated.
 463 0000 80B4     		push	{r7}
 464              		.cfi_def_cfa_offset 4
 465              		.cfi_offset 7, -4
 466 0002 83B0     		sub	sp, sp, #12
 467              		.cfi_def_cfa_offset 16
 468 0004 00AF     		add	r7, sp, #0
 469              		.cfi_def_cfa_register 7
 470 0006 7860     		str	r0, [r7, #4]
 471              		.loc 5 361 19
 472 0008 0C4B     		ldr	r3, .L20
 473 000a D3F8F020 		ldr	r2, [r3, #240]
 474              		.loc 5 361 22
 475 000e 7B68     		ldr	r3, [r7, #4]
 476 0010 DB43     		mvns	r3, r3
 477              		.loc 5 361 19
 478 0012 0A49     		ldr	r1, .L20
 479 0014 1340     		ands	r3, r3, r2
 480 0016 C1F8F030 		str	r3, [r1, #240]
 481              		.loc 5 362 21
 482 001a 084B     		ldr	r3, .L20
 483 001c D3F81821 		ldr	r2, [r3, #280]
 484              		.loc 5 362 24
 485 0020 7B68     		ldr	r3, [r7, #4]
 486 0022 DB43     		mvns	r3, r3
 487              		.loc 5 362 21
 488 0024 0549     		ldr	r1, .L20
 489 0026 1340     		ands	r3, r3, r2
 490 0028 C1F81831 		str	r3, [r1, #280]
 491              		.loc 5 363 15
 492 002c 034B     		ldr	r3, .L20
 493              		.loc 5 363 3
 494 002e D3F81831 		ldr	r3, [r3, #280]
 495              		.loc 5 376 1
 496 0032 00BF     		nop
 497 0034 0C37     		adds	r7, r7, #12
 498              		.cfi_def_cfa_offset 4
 499 0036 BD46     		mov	sp, r7
 500              		.cfi_def_cfa_register 13
 501              		@ sp needed
 502 0038 80BC     		pop	{r7}
 503              		.cfi_restore 7
 504              		.cfi_def_cfa_offset 0
 505 003a 7047     		bx	lr
 506              	.L21:
 507              		.align	2
 508              	.L20:
 509 003c 00440258 		.word	1476543488
 510              		.cfi_endproc
 511              	.LFE395:
 512              		.size	rccDisableAPB2, .-rccDisableAPB2
 513              		.global	SD1
ARM GAS  C:\Users\DEVELO~1\AppData\Local\Temp\cc3MmbBd.s 			page 10


 514              		.section	.bss.SD1,"aw",%nobits
 515              		.align	2
 516              		.type	SD1, %object
 517              		.size	SD1, 96
 518              	SD1:
 519 0000 00000000 		.space	96
 519      00000000 
 519      00000000 
 519      00000000 
 519      00000000 
 520              		.global	SD5
 521              		.section	.bss.SD5,"aw",%nobits
 522              		.align	2
 523              		.type	SD5, %object
 524              		.size	SD5, 96
 525              	SD5:
 526 0000 00000000 		.space	96
 526      00000000 
 526      00000000 
 526      00000000 
 526      00000000 
 527              		.global	SD6
 528              		.section	.bss.SD6,"aw",%nobits
 529              		.align	2
 530              		.type	SD6, %object
 531              		.size	SD6, 96
 532              	SD6:
 533 0000 00000000 		.space	96
 533      00000000 
 533      00000000 
 533      00000000 
 533      00000000 
 534              		.section	.rodata.default_config,"a"
 535              		.align	2
 536              		.type	default_config, %object
 537              		.size	default_config, 16
 538              	default_config:
 539 0000 00960000 		.word	38400
 540 0004 00000000 		.word	0
 541 0008 00000000 		.word	0
 542 000c 00000000 		.word	0
 543              		.section	.bss.sd_in_buf1,"aw",%nobits
 544              		.align	2
 545              		.type	sd_in_buf1, %object
 546              		.size	sd_in_buf1, 16
 547              	sd_in_buf1:
 548 0000 00000000 		.space	16
 548      00000000 
 548      00000000 
 548      00000000 
 549              		.section	.bss.sd_out_buf1,"aw",%nobits
 550              		.align	2
 551              		.type	sd_out_buf1, %object
 552              		.size	sd_out_buf1, 16
 553              	sd_out_buf1:
 554 0000 00000000 		.space	16
 554      00000000 
ARM GAS  C:\Users\DEVELO~1\AppData\Local\Temp\cc3MmbBd.s 			page 11


 554      00000000 
 554      00000000 
 555              		.section	.bss.sd_in_buf5,"aw",%nobits
 556              		.align	2
 557              		.type	sd_in_buf5, %object
 558              		.size	sd_in_buf5, 16
 559              	sd_in_buf5:
 560 0000 00000000 		.space	16
 560      00000000 
 560      00000000 
 560      00000000 
 561              		.section	.bss.sd_out_buf5,"aw",%nobits
 562              		.align	2
 563              		.type	sd_out_buf5, %object
 564              		.size	sd_out_buf5, 16
 565              	sd_out_buf5:
 566 0000 00000000 		.space	16
 566      00000000 
 566      00000000 
 566      00000000 
 567              		.section	.bss.sd_in_buf6,"aw",%nobits
 568              		.align	2
 569              		.type	sd_in_buf6, %object
 570              		.size	sd_in_buf6, 16
 571              	sd_in_buf6:
 572 0000 00000000 		.space	16
 572      00000000 
 572      00000000 
 572      00000000 
 573              		.section	.bss.sd_out_buf6,"aw",%nobits
 574              		.align	2
 575              		.type	sd_out_buf6, %object
 576              		.size	sd_out_buf6, 16
 577              	sd_out_buf6:
 578 0000 00000000 		.space	16
 578      00000000 
 578      00000000 
 578      00000000 
 579              		.section	.text.usart_init,"ax",%progbits
 580              		.align	1
 581              		.syntax unified
 582              		.thumb
 583              		.thumb_func
 584              		.type	usart_init, %function
 585              	usart_init:
 586              	.LFB432:
 587              		.file 6 "../../../os/hal/ports/STM32/LLD/USARTv3/hal_serial_lld.c"
 588              		.loc 6 259 52
 589              		.cfi_startproc
 590              		@ args = 0, pretend = 0, frame = 24
 591              		@ frame_needed = 1, uses_anonymous_args = 0
 592              		@ link register save eliminated.
 593 0000 80B4     		push	{r7}
 594              		.cfi_def_cfa_offset 4
 595              		.cfi_offset 7, -4
 596 0002 87B0     		sub	sp, sp, #28
 597              		.cfi_def_cfa_offset 32
ARM GAS  C:\Users\DEVELO~1\AppData\Local\Temp\cc3MmbBd.s 			page 12


 598 0004 00AF     		add	r7, sp, #0
 599              		.cfi_def_cfa_register 7
 600 0006 7860     		str	r0, [r7, #4]
 601 0008 3960     		str	r1, [r7]
 602              		.loc 6 261 18
 603 000a 7B68     		ldr	r3, [r7, #4]
 604 000c 5B6D     		ldr	r3, [r3, #84]
 605 000e 3B61     		str	r3, [r7, #16]
 606              		.loc 6 264 9
 607 0010 7B68     		ldr	r3, [r7, #4]
 608 0012 9B6D     		ldr	r3, [r3, #88]
 609 0014 FB60     		str	r3, [r7, #12]
 610              		.loc 6 278 37
 611 0016 3B68     		ldr	r3, [r7]
 612 0018 1B68     		ldr	r3, [r3]
 613              		.loc 6 278 44
 614 001a 5A08     		lsrs	r2, r3, #1
 615              		.loc 6 278 29
 616 001c FB68     		ldr	r3, [r7, #12]
 617 001e 1A44     		add	r2, r2, r3
 618              		.loc 6 278 56
 619 0020 3B68     		ldr	r3, [r7]
 620 0022 1B68     		ldr	r3, [r3]
 621              		.loc 6 278 9
 622 0024 B2FBF3F3 		udiv	r3, r2, r3
 623 0028 7B61     		str	r3, [r7, #20]
 624              		.loc 6 283 15
 625 002a 3B68     		ldr	r3, [r7]
 626 002c 5B68     		ldr	r3, [r3, #4]
 627              		.loc 6 283 21
 628 002e 03F40043 		and	r3, r3, #32768
 629              		.loc 6 283 8
 630 0032 002B     		cmp	r3, #0
 631 0034 08D0     		beq	.L23
 632              		.loc 6 284 19
 633 0036 7B69     		ldr	r3, [r7, #20]
 634 0038 23F00703 		bic	r3, r3, #7
 635              		.loc 6 284 25
 636 003c 5A00     		lsls	r2, r3, #1
 637              		.loc 6 284 37
 638 003e 7B69     		ldr	r3, [r7, #20]
 639 0040 03F00703 		and	r3, r3, #7
 640              		.loc 6 284 11
 641 0044 1343     		orrs	r3, r3, r2
 642 0046 7B61     		str	r3, [r7, #20]
 643              	.L23:
 644              		.loc 6 288 10
 645 0048 3B69     		ldr	r3, [r7, #16]
 646 004a 7A69     		ldr	r2, [r7, #20]
 647 004c DA60     		str	r2, [r3, #12]
 648              		.loc 6 291 18
 649 004e 3B68     		ldr	r3, [r7]
 650 0050 9B68     		ldr	r3, [r3, #8]
 651              		.loc 6 291 24
 652 0052 43F04002 		orr	r2, r3, #64
 653              		.loc 6 291 10
 654 0056 3B69     		ldr	r3, [r7, #16]
ARM GAS  C:\Users\DEVELO~1\AppData\Local\Temp\cc3MmbBd.s 			page 13


 655 0058 5A60     		str	r2, [r3, #4]
 656              		.loc 6 292 18
 657 005a 3B68     		ldr	r3, [r7]
 658 005c DB68     		ldr	r3, [r3, #12]
 659              		.loc 6 292 24
 660 005e 43F00102 		orr	r2, r3, #1
 661              		.loc 6 292 10
 662 0062 3B69     		ldr	r3, [r7, #16]
 663 0064 9A60     		str	r2, [r3, #8]
 664              		.loc 6 293 18
 665 0066 3B68     		ldr	r3, [r7]
 666 0068 5A68     		ldr	r2, [r3, #4]
 667              		.loc 6 294 58
 668 006a 40F22D13 		movw	r3, #301
 669 006e 1343     		orrs	r3, r3, r2
 670              		.loc 6 293 10
 671 0070 3A69     		ldr	r2, [r7, #16]
 672 0072 1360     		str	r3, [r2]
 673              		.loc 6 296 10
 674 0074 3B69     		ldr	r3, [r7, #16]
 675 0076 4FF0FF32 		mov	r2, #-1
 676 007a 1A62     		str	r2, [r3, #32]
 677              		.loc 6 300 14
 678 007c 3B68     		ldr	r3, [r7]
 679 007e 5B68     		ldr	r3, [r3, #4]
 680              		.loc 6 300 20
 681 0080 03F48063 		and	r3, r3, #1024
 682              		.loc 6 300 6
 683 0084 002B     		cmp	r3, #0
 684 0086 18D0     		beq	.L24
 685              		.loc 6 301 19
 686 0088 3B68     		ldr	r3, [r7]
 687 008a 5B68     		ldr	r3, [r3, #4]
 688              		.loc 6 301 25
 689 008c 03F01023 		and	r3, r3, #268439552
 690              		.loc 6 301 5
 691 0090 002B     		cmp	r3, #0
 692 0092 03D0     		beq	.L25
 693 0094 B3F1805F 		cmp	r3, #268435456
 694 0098 05D0     		beq	.L26
 695 009a 09E0     		b	.L30
 696              	.L25:
 697              		.loc 6 303 19
 698 009c 7B68     		ldr	r3, [r7, #4]
 699 009e 7F22     		movs	r2, #127
 700 00a0 83F85C20 		strb	r2, [r3, #92]
 701              		.loc 6 304 7
 702 00a4 0EE0     		b	.L29
 703              	.L26:
 704              		.loc 6 306 19
 705 00a6 7B68     		ldr	r3, [r7, #4]
 706 00a8 3F22     		movs	r2, #63
 707 00aa 83F85C20 		strb	r2, [r3, #92]
 708              		.loc 6 307 7
 709 00ae 09E0     		b	.L29
 710              	.L30:
 711              		.loc 6 309 19
ARM GAS  C:\Users\DEVELO~1\AppData\Local\Temp\cc3MmbBd.s 			page 14


 712 00b0 7B68     		ldr	r3, [r7, #4]
 713 00b2 FF22     		movs	r2, #255
 714 00b4 83F85C20 		strb	r2, [r3, #92]
 715              		.loc 6 315 1
 716 00b8 04E0     		b	.L31
 717              	.L24:
 718              		.loc 6 313 17
 719 00ba 7B68     		ldr	r3, [r7, #4]
 720 00bc FF22     		movs	r2, #255
 721 00be 83F85C20 		strb	r2, [r3, #92]
 722              		.loc 6 315 1
 723 00c2 FFE7     		b	.L31
 724              	.L29:
 725              	.L31:
 726 00c4 00BF     		nop
 727 00c6 1C37     		adds	r7, r7, #28
 728              		.cfi_def_cfa_offset 4
 729 00c8 BD46     		mov	sp, r7
 730              		.cfi_def_cfa_register 13
 731              		@ sp needed
 732 00ca 80BC     		pop	{r7}
 733              		.cfi_restore 7
 734              		.cfi_def_cfa_offset 0
 735 00cc 7047     		bx	lr
 736              		.cfi_endproc
 737              	.LFE432:
 738              		.size	usart_init, .-usart_init
 739              		.section	.text.usart_deinit,"ax",%progbits
 740              		.align	1
 741              		.syntax unified
 742              		.thumb
 743              		.thumb_func
 744              		.type	usart_deinit, %function
 745              	usart_deinit:
 746              	.LFB433:
 747              		.loc 6 323 44
 748              		.cfi_startproc
 749              		@ args = 0, pretend = 0, frame = 8
 750              		@ frame_needed = 1, uses_anonymous_args = 0
 751              		@ link register save eliminated.
 752 0000 80B4     		push	{r7}
 753              		.cfi_def_cfa_offset 4
 754              		.cfi_offset 7, -4
 755 0002 83B0     		sub	sp, sp, #12
 756              		.cfi_def_cfa_offset 16
 757 0004 00AF     		add	r7, sp, #0
 758              		.cfi_def_cfa_register 7
 759 0006 7860     		str	r0, [r7, #4]
 760              		.loc 6 325 10
 761 0008 7B68     		ldr	r3, [r7, #4]
 762 000a 0022     		movs	r2, #0
 763 000c 1A60     		str	r2, [r3]
 764              		.loc 6 326 10
 765 000e 7B68     		ldr	r3, [r7, #4]
 766 0010 0022     		movs	r2, #0
 767 0012 5A60     		str	r2, [r3, #4]
 768              		.loc 6 327 10
ARM GAS  C:\Users\DEVELO~1\AppData\Local\Temp\cc3MmbBd.s 			page 15


 769 0014 7B68     		ldr	r3, [r7, #4]
 770 0016 0022     		movs	r2, #0
 771 0018 9A60     		str	r2, [r3, #8]
 772              		.loc 6 328 1
 773 001a 00BF     		nop
 774 001c 0C37     		adds	r7, r7, #12
 775              		.cfi_def_cfa_offset 4
 776 001e BD46     		mov	sp, r7
 777              		.cfi_def_cfa_register 13
 778              		@ sp needed
 779 0020 80BC     		pop	{r7}
 780              		.cfi_restore 7
 781              		.cfi_def_cfa_offset 0
 782 0022 7047     		bx	lr
 783              		.cfi_endproc
 784              	.LFE433:
 785              		.size	usart_deinit, .-usart_deinit
 786              		.section	.text.set_error,"ax",%progbits
 787              		.align	1
 788              		.syntax unified
 789              		.thumb
 790              		.thumb_func
 791              		.type	set_error, %function
 792              	set_error:
 793              	.LFB434:
 794              		.loc 6 336 56
 795              		.cfi_startproc
 796              		@ args = 0, pretend = 0, frame = 16
 797              		@ frame_needed = 1, uses_anonymous_args = 0
 798 0000 80B5     		push	{r7, lr}
 799              		.cfi_def_cfa_offset 8
 800              		.cfi_offset 7, -8
 801              		.cfi_offset 14, -4
 802 0002 84B0     		sub	sp, sp, #16
 803              		.cfi_def_cfa_offset 24
 804 0004 00AF     		add	r7, sp, #0
 805              		.cfi_def_cfa_register 7
 806 0006 7860     		str	r0, [r7, #4]
 807 0008 3960     		str	r1, [r7]
 808              		.loc 6 337 16
 809 000a 0023     		movs	r3, #0
 810 000c FB60     		str	r3, [r7, #12]
 811              		.loc 6 339 11
 812 000e 3B68     		ldr	r3, [r7]
 813 0010 03F00803 		and	r3, r3, #8
 814              		.loc 6 339 6
 815 0014 002B     		cmp	r3, #0
 816 0016 03D0     		beq	.L34
 817              		.loc 6 340 9
 818 0018 FB68     		ldr	r3, [r7, #12]
 819 001a 43F48073 		orr	r3, r3, #256
 820 001e FB60     		str	r3, [r7, #12]
 821              	.L34:
 822              		.loc 6 341 11
 823 0020 3B68     		ldr	r3, [r7]
 824 0022 03F00103 		and	r3, r3, #1
 825              		.loc 6 341 6
ARM GAS  C:\Users\DEVELO~1\AppData\Local\Temp\cc3MmbBd.s 			page 16


 826 0026 002B     		cmp	r3, #0
 827 0028 03D0     		beq	.L35
 828              		.loc 6 342 9
 829 002a FB68     		ldr	r3, [r7, #12]
 830 002c 43F02003 		orr	r3, r3, #32
 831 0030 FB60     		str	r3, [r7, #12]
 832              	.L35:
 833              		.loc 6 343 11
 834 0032 3B68     		ldr	r3, [r7]
 835 0034 03F00203 		and	r3, r3, #2
 836              		.loc 6 343 6
 837 0038 002B     		cmp	r3, #0
 838 003a 03D0     		beq	.L36
 839              		.loc 6 344 9
 840 003c FB68     		ldr	r3, [r7, #12]
 841 003e 43F04003 		orr	r3, r3, #64
 842 0042 FB60     		str	r3, [r7, #12]
 843              	.L36:
 844              		.loc 6 345 11
 845 0044 3B68     		ldr	r3, [r7]
 846 0046 03F00403 		and	r3, r3, #4
 847              		.loc 6 345 6
 848 004a 002B     		cmp	r3, #0
 849 004c 03D0     		beq	.L37
 850              		.loc 6 346 9
 851 004e FB68     		ldr	r3, [r7, #12]
 852 0050 43F08003 		orr	r3, r3, #128
 853 0054 FB60     		str	r3, [r7, #12]
 854              	.L37:
 855              		.loc 6 347 3
 856 0056 FFF7FEFF 		bl	osalSysLockFromISR
 857              		.loc 6 348 3
 858 005a 7B68     		ldr	r3, [r7, #4]
 859 005c 0433     		adds	r3, r3, #4
 860 005e F968     		ldr	r1, [r7, #12]
 861 0060 1846     		mov	r0, r3
 862 0062 FFF7FEFF 		bl	osalEventBroadcastFlagsI
 863              		.loc 6 349 3
 864 0066 FFF7FEFF 		bl	osalSysUnlockFromISR
 865              		.loc 6 350 1
 866 006a 00BF     		nop
 867 006c 1037     		adds	r7, r7, #16
 868              		.cfi_def_cfa_offset 8
 869 006e BD46     		mov	sp, r7
 870              		.cfi_def_cfa_register 13
 871              		@ sp needed
 872 0070 80BD     		pop	{r7, pc}
 873              		.cfi_endproc
 874              	.LFE434:
 875              		.size	set_error, .-set_error
 876              		.section	.text.notify1,"ax",%progbits
 877              		.align	1
 878              		.syntax unified
 879              		.thumb
 880              		.thumb_func
 881              		.type	notify1, %function
 882              	notify1:
ARM GAS  C:\Users\DEVELO~1\AppData\Local\Temp\cc3MmbBd.s 			page 17


 883              	.LFB435:
 884              		.loc 6 353 37
 885              		.cfi_startproc
 886              		@ args = 0, pretend = 0, frame = 8
 887              		@ frame_needed = 1, uses_anonymous_args = 0
 888              		@ link register save eliminated.
 889 0000 80B4     		push	{r7}
 890              		.cfi_def_cfa_offset 4
 891              		.cfi_offset 7, -4
 892 0002 83B0     		sub	sp, sp, #12
 893              		.cfi_def_cfa_offset 16
 894 0004 00AF     		add	r7, sp, #0
 895              		.cfi_def_cfa_register 7
 896 0006 7860     		str	r0, [r7, #4]
 897              		.loc 6 356 15
 898 0008 054B     		ldr	r3, .L39
 899 000a 1B68     		ldr	r3, [r3]
 900 000c 044A     		ldr	r2, .L39
 901 000e 43F0C003 		orr	r3, r3, #192
 902 0012 1360     		str	r3, [r2]
 903              		.loc 6 357 1
 904 0014 00BF     		nop
 905 0016 0C37     		adds	r7, r7, #12
 906              		.cfi_def_cfa_offset 4
 907 0018 BD46     		mov	sp, r7
 908              		.cfi_def_cfa_register 13
 909              		@ sp needed
 910 001a 80BC     		pop	{r7}
 911              		.cfi_restore 7
 912              		.cfi_def_cfa_offset 0
 913 001c 7047     		bx	lr
 914              	.L40:
 915 001e 00BF     		.align	2
 916              	.L39:
 917 0020 00100140 		.word	1073811456
 918              		.cfi_endproc
 919              	.LFE435:
 920              		.size	notify1, .-notify1
 921              		.section	.text.notify5,"ax",%progbits
 922              		.align	1
 923              		.syntax unified
 924              		.thumb
 925              		.thumb_func
 926              		.type	notify5, %function
 927              	notify5:
 928              	.LFB436:
 929              		.loc 6 385 37
 930              		.cfi_startproc
 931              		@ args = 0, pretend = 0, frame = 8
 932              		@ frame_needed = 1, uses_anonymous_args = 0
 933              		@ link register save eliminated.
 934 0000 80B4     		push	{r7}
 935              		.cfi_def_cfa_offset 4
 936              		.cfi_offset 7, -4
 937 0002 83B0     		sub	sp, sp, #12
 938              		.cfi_def_cfa_offset 16
 939 0004 00AF     		add	r7, sp, #0
ARM GAS  C:\Users\DEVELO~1\AppData\Local\Temp\cc3MmbBd.s 			page 18


 940              		.cfi_def_cfa_register 7
 941 0006 7860     		str	r0, [r7, #4]
 942              		.loc 6 388 14
 943 0008 054B     		ldr	r3, .L42
 944 000a 1B68     		ldr	r3, [r3]
 945 000c 044A     		ldr	r2, .L42
 946 000e 43F0C003 		orr	r3, r3, #192
 947 0012 1360     		str	r3, [r2]
 948              		.loc 6 389 1
 949 0014 00BF     		nop
 950 0016 0C37     		adds	r7, r7, #12
 951              		.cfi_def_cfa_offset 4
 952 0018 BD46     		mov	sp, r7
 953              		.cfi_def_cfa_register 13
 954              		@ sp needed
 955 001a 80BC     		pop	{r7}
 956              		.cfi_restore 7
 957              		.cfi_def_cfa_offset 0
 958 001c 7047     		bx	lr
 959              	.L43:
 960 001e 00BF     		.align	2
 961              	.L42:
 962 0020 00500040 		.word	1073762304
 963              		.cfi_endproc
 964              	.LFE436:
 965              		.size	notify5, .-notify5
 966              		.section	.text.notify6,"ax",%progbits
 967              		.align	1
 968              		.syntax unified
 969              		.thumb
 970              		.thumb_func
 971              		.type	notify6, %function
 972              	notify6:
 973              	.LFB437:
 974              		.loc 6 393 37
 975              		.cfi_startproc
 976              		@ args = 0, pretend = 0, frame = 8
 977              		@ frame_needed = 1, uses_anonymous_args = 0
 978              		@ link register save eliminated.
 979 0000 80B4     		push	{r7}
 980              		.cfi_def_cfa_offset 4
 981              		.cfi_offset 7, -4
 982 0002 83B0     		sub	sp, sp, #12
 983              		.cfi_def_cfa_offset 16
 984 0004 00AF     		add	r7, sp, #0
 985              		.cfi_def_cfa_register 7
 986 0006 7860     		str	r0, [r7, #4]
 987              		.loc 6 396 15
 988 0008 054B     		ldr	r3, .L45
 989 000a 1B68     		ldr	r3, [r3]
 990 000c 044A     		ldr	r2, .L45
 991 000e 43F0C003 		orr	r3, r3, #192
 992 0012 1360     		str	r3, [r2]
 993              		.loc 6 397 1
 994 0014 00BF     		nop
 995 0016 0C37     		adds	r7, r7, #12
 996              		.cfi_def_cfa_offset 4
ARM GAS  C:\Users\DEVELO~1\AppData\Local\Temp\cc3MmbBd.s 			page 19


 997 0018 BD46     		mov	sp, r7
 998              		.cfi_def_cfa_register 13
 999              		@ sp needed
 1000 001a 80BC     		pop	{r7}
 1001              		.cfi_restore 7
 1002              		.cfi_def_cfa_offset 0
 1003 001c 7047     		bx	lr
 1004              	.L46:
 1005 001e 00BF     		.align	2
 1006              	.L45:
 1007 0020 00140140 		.word	1073812480
 1008              		.cfi_endproc
 1009              	.LFE437:
 1010              		.size	notify6, .-notify6
 1011              		.section	.text.sd_lld_init,"ax",%progbits
 1012              		.align	1
 1013              		.global	sd_lld_init
 1014              		.syntax unified
 1015              		.thumb
 1016              		.thumb_func
 1017              		.type	sd_lld_init, %function
 1018              	sd_lld_init:
 1019              	.LFB438:
 1020              		.loc 6 684 24
 1021              		.cfi_startproc
 1022              		@ args = 0, pretend = 0, frame = 0
 1023              		@ frame_needed = 1, uses_anonymous_args = 0
 1024 0000 80B5     		push	{r7, lr}
 1025              		.cfi_def_cfa_offset 8
 1026              		.cfi_offset 7, -8
 1027              		.cfi_offset 14, -4
 1028 0002 82B0     		sub	sp, sp, #8
 1029              		.cfi_def_cfa_offset 16
 1030 0004 02AF     		add	r7, sp, #8
 1031              		.cfi_def_cfa 7, 8
 1032              		.loc 6 687 3
 1033 0006 2748     		ldr	r0, .L48
 1034 0008 FFF7FEFF 		bl	sdObjectInit
 1035              		.loc 6 688 3
 1036 000c 254B     		ldr	r3, .L48
 1037 000e 0093     		str	r3, [sp]
 1038 0010 0023     		movs	r3, #0
 1039 0012 1022     		movs	r2, #16
 1040 0014 2449     		ldr	r1, .L48+4
 1041 0016 2548     		ldr	r0, .L48+8
 1042 0018 FFF7FEFF 		bl	iqObjectInit
 1043              		.loc 6 689 3
 1044 001c 214B     		ldr	r3, .L48
 1045 001e 0093     		str	r3, [sp]
 1046 0020 234B     		ldr	r3, .L48+12
 1047 0022 1022     		movs	r2, #16
 1048 0024 2349     		ldr	r1, .L48+16
 1049 0026 2448     		ldr	r0, .L48+20
 1050 0028 FFF7FEFF 		bl	oqObjectInit
 1051              		.loc 6 690 13
 1052 002c 1D4B     		ldr	r3, .L48
 1053 002e 234A     		ldr	r2, .L48+24
ARM GAS  C:\Users\DEVELO~1\AppData\Local\Temp\cc3MmbBd.s 			page 20


 1054 0030 5A65     		str	r2, [r3, #84]
 1055              		.loc 6 691 13
 1056 0032 1C4B     		ldr	r3, .L48
 1057 0034 224A     		ldr	r2, .L48+28
 1058 0036 9A65     		str	r2, [r3, #88]
 1059              		.loc 6 731 3
 1060 0038 2248     		ldr	r0, .L48+32
 1061 003a FFF7FEFF 		bl	sdObjectInit
 1062              		.loc 6 732 3
 1063 003e 214B     		ldr	r3, .L48+32
 1064 0040 0093     		str	r3, [sp]
 1065 0042 0023     		movs	r3, #0
 1066 0044 1022     		movs	r2, #16
 1067 0046 2049     		ldr	r1, .L48+36
 1068 0048 2048     		ldr	r0, .L48+40
 1069 004a FFF7FEFF 		bl	iqObjectInit
 1070              		.loc 6 733 3
 1071 004e 1D4B     		ldr	r3, .L48+32
 1072 0050 0093     		str	r3, [sp]
 1073 0052 1F4B     		ldr	r3, .L48+44
 1074 0054 1022     		movs	r2, #16
 1075 0056 1F49     		ldr	r1, .L48+48
 1076 0058 1F48     		ldr	r0, .L48+52
 1077 005a FFF7FEFF 		bl	oqObjectInit
 1078              		.loc 6 734 13
 1079 005e 194B     		ldr	r3, .L48+32
 1080 0060 1E4A     		ldr	r2, .L48+56
 1081 0062 5A65     		str	r2, [r3, #84]
 1082              		.loc 6 735 13
 1083 0064 174B     		ldr	r3, .L48+32
 1084 0066 164A     		ldr	r2, .L48+28
 1085 0068 9A65     		str	r2, [r3, #88]
 1086              		.loc 6 742 3
 1087 006a 1D48     		ldr	r0, .L48+60
 1088 006c FFF7FEFF 		bl	sdObjectInit
 1089              		.loc 6 743 3
 1090 0070 1B4B     		ldr	r3, .L48+60
 1091 0072 0093     		str	r3, [sp]
 1092 0074 0023     		movs	r3, #0
 1093 0076 1022     		movs	r2, #16
 1094 0078 1A49     		ldr	r1, .L48+64
 1095 007a 1B48     		ldr	r0, .L48+68
 1096 007c FFF7FEFF 		bl	iqObjectInit
 1097              		.loc 6 744 3
 1098 0080 174B     		ldr	r3, .L48+60
 1099 0082 0093     		str	r3, [sp]
 1100 0084 194B     		ldr	r3, .L48+72
 1101 0086 1022     		movs	r2, #16
 1102 0088 1949     		ldr	r1, .L48+76
 1103 008a 1A48     		ldr	r0, .L48+80
 1104 008c FFF7FEFF 		bl	oqObjectInit
 1105              		.loc 6 745 13
 1106 0090 134B     		ldr	r3, .L48+60
 1107 0092 194A     		ldr	r2, .L48+84
 1108 0094 5A65     		str	r2, [r3, #84]
 1109              		.loc 6 746 13
 1110 0096 124B     		ldr	r3, .L48+60
ARM GAS  C:\Users\DEVELO~1\AppData\Local\Temp\cc3MmbBd.s 			page 21


 1111 0098 094A     		ldr	r2, .L48+28
 1112 009a 9A65     		str	r2, [r3, #88]
 1113              		.loc 6 806 1
 1114 009c 00BF     		nop
 1115 009e BD46     		mov	sp, r7
 1116              		.cfi_def_cfa_register 13
 1117              		@ sp needed
 1118 00a0 80BD     		pop	{r7, pc}
 1119              	.L49:
 1120 00a2 00BF     		.align	2
 1121              	.L48:
 1122 00a4 00000000 		.word	SD1
 1123 00a8 00000000 		.word	sd_in_buf1
 1124 00ac 0C000000 		.word	SD1+12
 1125 00b0 00000000 		.word	notify1
 1126 00b4 00000000 		.word	sd_out_buf1
 1127 00b8 30000000 		.word	SD1+48
 1128 00bc 00100140 		.word	1073811456
 1129 00c0 00E1F505 		.word	100000000
 1130 00c4 00000000 		.word	SD5
 1131 00c8 00000000 		.word	sd_in_buf5
 1132 00cc 0C000000 		.word	SD5+12
 1133 00d0 00000000 		.word	notify5
 1134 00d4 00000000 		.word	sd_out_buf5
 1135 00d8 30000000 		.word	SD5+48
 1136 00dc 00500040 		.word	1073762304
 1137 00e0 00000000 		.word	SD6
 1138 00e4 00000000 		.word	sd_in_buf6
 1139 00e8 0C000000 		.word	SD6+12
 1140 00ec 00000000 		.word	notify6
 1141 00f0 00000000 		.word	sd_out_buf6
 1142 00f4 30000000 		.word	SD6+48
 1143 00f8 00140140 		.word	1073812480
 1144              		.cfi_endproc
 1145              	.LFE438:
 1146              		.size	sd_lld_init, .-sd_lld_init
 1147              		.section	.text.sd_lld_start,"ax",%progbits
 1148              		.align	1
 1149              		.global	sd_lld_start
 1150              		.syntax unified
 1151              		.thumb
 1152              		.thumb_func
 1153              		.type	sd_lld_start, %function
 1154              	sd_lld_start:
 1155              	.LFB439:
 1156              		.loc 6 818 66
 1157              		.cfi_startproc
 1158              		@ args = 0, pretend = 0, frame = 8
 1159              		@ frame_needed = 1, uses_anonymous_args = 0
 1160 0000 80B5     		push	{r7, lr}
 1161              		.cfi_def_cfa_offset 8
 1162              		.cfi_offset 7, -8
 1163              		.cfi_offset 14, -4
 1164 0002 82B0     		sub	sp, sp, #8
 1165              		.cfi_def_cfa_offset 16
 1166 0004 00AF     		add	r7, sp, #0
 1167              		.cfi_def_cfa_register 7
ARM GAS  C:\Users\DEVELO~1\AppData\Local\Temp\cc3MmbBd.s 			page 22


 1168 0006 7860     		str	r0, [r7, #4]
 1169 0008 3960     		str	r1, [r7]
 1170              		.loc 6 820 6
 1171 000a 3B68     		ldr	r3, [r7]
 1172 000c 002B     		cmp	r3, #0
 1173 000e 01D1     		bne	.L51
 1174              		.loc 6 821 12
 1175 0010 134B     		ldr	r3, .L55
 1176 0012 3B60     		str	r3, [r7]
 1177              	.L51:
 1178              		.loc 6 823 10
 1179 0014 7B68     		ldr	r3, [r7, #4]
 1180 0016 1B7A     		ldrb	r3, [r3, #8]	@ zero_extendqisi2
 1181              		.loc 6 823 6
 1182 0018 012B     		cmp	r3, #1
 1183 001a 18D1     		bne	.L52
 1184              		.loc 6 825 8
 1185 001c 7B68     		ldr	r3, [r7, #4]
 1186 001e 114A     		ldr	r2, .L55+4
 1187 0020 9342     		cmp	r3, r2
 1188 0022 03D1     		bne	.L53
 1189              		.loc 6 826 7
 1190 0024 0121     		movs	r1, #1
 1191 0026 1020     		movs	r0, #16
 1192 0028 FFF7FEFF 		bl	rccEnableAPB2
 1193              	.L53:
 1194              		.loc 6 845 8
 1195 002c 7B68     		ldr	r3, [r7, #4]
 1196 002e 0E4A     		ldr	r2, .L55+8
 1197 0030 9342     		cmp	r3, r2
 1198 0032 04D1     		bne	.L54
 1199              		.loc 6 846 7
 1200 0034 0121     		movs	r1, #1
 1201 0036 4FF48010 		mov	r0, #1048576
 1202 003a FFF7FEFF 		bl	rccEnableAPB1L
 1203              	.L54:
 1204              		.loc 6 850 8
 1205 003e 7B68     		ldr	r3, [r7, #4]
 1206 0040 0A4A     		ldr	r2, .L55+12
 1207 0042 9342     		cmp	r3, r2
 1208 0044 03D1     		bne	.L52
 1209              		.loc 6 851 7
 1210 0046 0121     		movs	r1, #1
 1211 0048 2020     		movs	r0, #32
 1212 004a FFF7FEFF 		bl	rccEnableAPB2
 1213              	.L52:
 1214              		.loc 6 880 3
 1215 004e 3968     		ldr	r1, [r7]
 1216 0050 7868     		ldr	r0, [r7, #4]
 1217 0052 FFF7FEFF 		bl	usart_init
 1218              		.loc 6 881 1
 1219 0056 00BF     		nop
 1220 0058 0837     		adds	r7, r7, #8
 1221              		.cfi_def_cfa_offset 8
 1222 005a BD46     		mov	sp, r7
 1223              		.cfi_def_cfa_register 13
 1224              		@ sp needed
ARM GAS  C:\Users\DEVELO~1\AppData\Local\Temp\cc3MmbBd.s 			page 23


 1225 005c 80BD     		pop	{r7, pc}
 1226              	.L56:
 1227 005e 00BF     		.align	2
 1228              	.L55:
 1229 0060 00000000 		.word	default_config
 1230 0064 00000000 		.word	SD1
 1231 0068 00000000 		.word	SD5
 1232 006c 00000000 		.word	SD6
 1233              		.cfi_endproc
 1234              	.LFE439:
 1235              		.size	sd_lld_start, .-sd_lld_start
 1236              		.section	.text.sd_lld_stop,"ax",%progbits
 1237              		.align	1
 1238              		.global	sd_lld_stop
 1239              		.syntax unified
 1240              		.thumb
 1241              		.thumb_func
 1242              		.type	sd_lld_stop, %function
 1243              	sd_lld_stop:
 1244              	.LFB440:
 1245              		.loc 6 892 37
 1246              		.cfi_startproc
 1247              		@ args = 0, pretend = 0, frame = 8
 1248              		@ frame_needed = 1, uses_anonymous_args = 0
 1249 0000 80B5     		push	{r7, lr}
 1250              		.cfi_def_cfa_offset 8
 1251              		.cfi_offset 7, -8
 1252              		.cfi_offset 14, -4
 1253 0002 82B0     		sub	sp, sp, #8
 1254              		.cfi_def_cfa_offset 16
 1255 0004 00AF     		add	r7, sp, #0
 1256              		.cfi_def_cfa_register 7
 1257 0006 7860     		str	r0, [r7, #4]
 1258              		.loc 6 894 10
 1259 0008 7B68     		ldr	r3, [r7, #4]
 1260 000a 1B7A     		ldrb	r3, [r3, #8]	@ zero_extendqisi2
 1261              		.loc 6 894 6
 1262 000c 022B     		cmp	r3, #2
 1263 000e 1DD1     		bne	.L57
 1264              		.loc 6 896 5
 1265 0010 7B68     		ldr	r3, [r7, #4]
 1266 0012 5B6D     		ldr	r3, [r3, #84]
 1267 0014 1846     		mov	r0, r3
 1268 0016 FFF7FEFF 		bl	usart_deinit
 1269              		.loc 6 899 8
 1270 001a 7B68     		ldr	r3, [r7, #4]
 1271 001c 0D4A     		ldr	r2, .L61
 1272 001e 9342     		cmp	r3, r2
 1273 0020 03D1     		bne	.L59
 1274              		.loc 6 900 7
 1275 0022 1020     		movs	r0, #16
 1276 0024 FFF7FEFF 		bl	rccDisableAPB2
 1277              		.loc 6 901 7
 1278 0028 10E0     		b	.L57
 1279              	.L59:
 1280              		.loc 6 923 8
 1281 002a 7B68     		ldr	r3, [r7, #4]
ARM GAS  C:\Users\DEVELO~1\AppData\Local\Temp\cc3MmbBd.s 			page 24


 1282 002c 0A4A     		ldr	r2, .L61+4
 1283 002e 9342     		cmp	r3, r2
 1284 0030 04D1     		bne	.L60
 1285              		.loc 6 924 7
 1286 0032 4FF48010 		mov	r0, #1048576
 1287 0036 FFF7FEFF 		bl	rccDisableAPB1L
 1288              		.loc 6 925 7
 1289 003a 07E0     		b	.L57
 1290              	.L60:
 1291              		.loc 6 929 8
 1292 003c 7B68     		ldr	r3, [r7, #4]
 1293 003e 074A     		ldr	r2, .L61+8
 1294 0040 9342     		cmp	r3, r2
 1295 0042 03D1     		bne	.L57
 1296              		.loc 6 930 7
 1297 0044 2020     		movs	r0, #32
 1298 0046 FFF7FEFF 		bl	rccDisableAPB2
 1299              		.loc 6 931 7
 1300 004a 00BF     		nop
 1301              	.L57:
 1302              		.loc 6 965 1
 1303 004c 0837     		adds	r7, r7, #8
 1304              		.cfi_def_cfa_offset 8
 1305 004e BD46     		mov	sp, r7
 1306              		.cfi_def_cfa_register 13
 1307              		@ sp needed
 1308 0050 80BD     		pop	{r7, pc}
 1309              	.L62:
 1310 0052 00BF     		.align	2
 1311              	.L61:
 1312 0054 00000000 		.word	SD1
 1313 0058 00000000 		.word	SD5
 1314 005c 00000000 		.word	SD6
 1315              		.cfi_endproc
 1316              	.LFE440:
 1317              		.size	sd_lld_stop, .-sd_lld_stop
 1318              		.section	.text.sd_lld_serve_interrupt,"ax",%progbits
 1319              		.align	1
 1320              		.global	sd_lld_serve_interrupt
 1321              		.syntax unified
 1322              		.thumb
 1323              		.thumb_func
 1324              		.type	sd_lld_serve_interrupt, %function
 1325              	sd_lld_serve_interrupt:
 1326              	.LFB441:
 1327              		.loc 6 972 48
 1328              		.cfi_startproc
 1329              		@ args = 0, pretend = 0, frame = 24
 1330              		@ frame_needed = 1, uses_anonymous_args = 0
 1331 0000 80B5     		push	{r7, lr}
 1332              		.cfi_def_cfa_offset 8
 1333              		.cfi_offset 7, -8
 1334              		.cfi_offset 14, -4
 1335 0002 86B0     		sub	sp, sp, #24
 1336              		.cfi_def_cfa_offset 32
 1337 0004 00AF     		add	r7, sp, #0
 1338              		.cfi_def_cfa_register 7
ARM GAS  C:\Users\DEVELO~1\AppData\Local\Temp\cc3MmbBd.s 			page 25


 1339 0006 7860     		str	r0, [r7, #4]
 1340              		.loc 6 973 18
 1341 0008 7B68     		ldr	r3, [r7, #4]
 1342 000a 5B6D     		ldr	r3, [r3, #84]
 1343 000c FB60     		str	r3, [r7, #12]
 1344              		.loc 6 978 7
 1345 000e FB68     		ldr	r3, [r7, #12]
 1346 0010 DB69     		ldr	r3, [r3, #28]
 1347 0012 3B61     		str	r3, [r7, #16]
 1348              		.loc 6 979 10
 1349 0014 FB68     		ldr	r3, [r7, #12]
 1350 0016 3A69     		ldr	r2, [r7, #16]
 1351 0018 1A62     		str	r2, [r3, #32]
 1352              		.loc 6 982 11
 1353 001a 3B69     		ldr	r3, [r7, #16]
 1354 001c 03F00F03 		and	r3, r3, #15
 1355              		.loc 6 982 6
 1356 0020 002B     		cmp	r3, #0
 1357 0022 03D0     		beq	.L64
 1358              		.loc 6 983 5
 1359 0024 3969     		ldr	r1, [r7, #16]
 1360 0026 7868     		ldr	r0, [r7, #4]
 1361 0028 FFF7FEFF 		bl	set_error
 1362              	.L64:
 1363              		.loc 6 986 11
 1364 002c 3B69     		ldr	r3, [r7, #16]
 1365 002e 03F48073 		and	r3, r3, #256
 1366              		.loc 6 986 6
 1367 0032 002B     		cmp	r3, #0
 1368 0034 1ED0     		beq	.L66
 1369              		.loc 6 987 5
 1370 0036 FFF7FEFF 		bl	osalSysLockFromISR
 1371              		.loc 6 988 5
 1372 003a 7B68     		ldr	r3, [r7, #4]
 1373 003c 0433     		adds	r3, r3, #4
 1374 003e 4FF48061 		mov	r1, #1024
 1375 0042 1846     		mov	r0, r3
 1376 0044 FFF7FEFF 		bl	osalEventBroadcastFlagsI
 1377              		.loc 6 989 5
 1378 0048 FFF7FEFF 		bl	osalSysUnlockFromISR
 1379              		.loc 6 997 9
 1380 004c 12E0     		b	.L66
 1381              	.L67:
 1382              		.loc 6 998 5
 1383 004e FFF7FEFF 		bl	osalSysLockFromISR
 1384              		.loc 6 999 36
 1385 0052 FB68     		ldr	r3, [r7, #12]
 1386 0054 5B6A     		ldr	r3, [r3, #36]
 1387              		.loc 6 999 26
 1388 0056 DAB2     		uxtb	r2, r3
 1389              		.loc 6 999 47
 1390 0058 7B68     		ldr	r3, [r7, #4]
 1391 005a 93F85C30 		ldrb	r3, [r3, #92]	@ zero_extendqisi2
 1392              		.loc 6 999 5
 1393 005e 1340     		ands	r3, r3, r2
 1394 0060 DBB2     		uxtb	r3, r3
 1395 0062 1946     		mov	r1, r3
ARM GAS  C:\Users\DEVELO~1\AppData\Local\Temp\cc3MmbBd.s 			page 26


 1396 0064 7868     		ldr	r0, [r7, #4]
 1397 0066 FFF7FEFF 		bl	sdIncomingDataI
 1398              		.loc 6 1000 5
 1399 006a FFF7FEFF 		bl	osalSysUnlockFromISR
 1400              		.loc 6 1002 9
 1401 006e FB68     		ldr	r3, [r7, #12]
 1402 0070 DB69     		ldr	r3, [r3, #28]
 1403 0072 3B61     		str	r3, [r7, #16]
 1404              	.L66:
 1405              		.loc 6 997 14
 1406 0074 3B69     		ldr	r3, [r7, #16]
 1407 0076 03F02003 		and	r3, r3, #32
 1408              		.loc 6 997 10
 1409 007a 002B     		cmp	r3, #0
 1410 007c E7D1     		bne	.L67
 1411              		.loc 6 1006 7
 1412 007e FB68     		ldr	r3, [r7, #12]
 1413 0080 1B68     		ldr	r3, [r3]
 1414 0082 7B61     		str	r3, [r7, #20]
 1415              		.loc 6 1014 11
 1416 0084 7B69     		ldr	r3, [r7, #20]
 1417 0086 03F08003 		and	r3, r3, #128
 1418              		.loc 6 1014 6
 1419 008a 002B     		cmp	r3, #0
 1420 008c 25D0     		beq	.L68
 1421              		.loc 6 1015 11
 1422 008e 1FE0     		b	.L69
 1423              	.L71:
 1424              	.LBB38:
 1425              		.loc 6 1018 7
 1426 0090 FFF7FEFF 		bl	osalSysLockFromISR
 1427              		.loc 6 1019 11
 1428 0094 7B68     		ldr	r3, [r7, #4]
 1429 0096 3033     		adds	r3, r3, #48
 1430 0098 1846     		mov	r0, r3
 1431 009a FFF7FEFF 		bl	oqGetI
 1432 009e B860     		str	r0, [r7, #8]
 1433              		.loc 6 1020 10
 1434 00a0 BB68     		ldr	r3, [r7, #8]
 1435 00a2 002B     		cmp	r3, #0
 1436 00a4 0CDA     		bge	.L70
 1437              		.loc 6 1021 9
 1438 00a6 7B68     		ldr	r3, [r7, #4]
 1439 00a8 0433     		adds	r3, r3, #4
 1440 00aa 0821     		movs	r1, #8
 1441 00ac 1846     		mov	r0, r3
 1442 00ae FFF7FEFF 		bl	osalEventBroadcastFlagsI
 1443              		.loc 6 1022 13
 1444 00b2 7B69     		ldr	r3, [r7, #20]
 1445 00b4 23F08003 		bic	r3, r3, #128
 1446 00b8 7B61     		str	r3, [r7, #20]
 1447              		.loc 6 1023 9
 1448 00ba FFF7FEFF 		bl	osalSysUnlockFromISR
 1449              		.loc 6 1024 9
 1450 00be 0CE0     		b	.L68
 1451              	.L70:
 1452              		.loc 6 1026 14
ARM GAS  C:\Users\DEVELO~1\AppData\Local\Temp\cc3MmbBd.s 			page 27


 1453 00c0 BA68     		ldr	r2, [r7, #8]
 1454 00c2 FB68     		ldr	r3, [r7, #12]
 1455 00c4 9A62     		str	r2, [r3, #40]
 1456              		.loc 6 1027 7
 1457 00c6 FFF7FEFF 		bl	osalSysUnlockFromISR
 1458              		.loc 6 1029 11
 1459 00ca FB68     		ldr	r3, [r7, #12]
 1460 00cc DB69     		ldr	r3, [r3, #28]
 1461 00ce 3B61     		str	r3, [r7, #16]
 1462              	.L69:
 1463              	.LBE38:
 1464              		.loc 6 1015 16
 1465 00d0 3B69     		ldr	r3, [r7, #16]
 1466 00d2 03F08003 		and	r3, r3, #128
 1467              		.loc 6 1015 12
 1468 00d6 002B     		cmp	r3, #0
 1469 00d8 DAD1     		bne	.L71
 1470              	.L68:
 1471              		.loc 6 1034 12
 1472 00da 7B69     		ldr	r3, [r7, #20]
 1473 00dc 03F04003 		and	r3, r3, #64
 1474              		.loc 6 1034 6
 1475 00e0 002B     		cmp	r3, #0
 1476 00e2 24D0     		beq	.L72
 1477              		.loc 6 1034 38 discriminator 1
 1478 00e4 3B69     		ldr	r3, [r7, #16]
 1479 00e6 03F04003 		and	r3, r3, #64
 1480              		.loc 6 1034 30 discriminator 1
 1481 00ea 002B     		cmp	r3, #0
 1482 00ec 1FD0     		beq	.L72
 1483              		.loc 6 1035 5
 1484 00ee FFF7FEFF 		bl	osalSysLockFromISR
 1485              		.loc 6 1036 9
 1486 00f2 7B68     		ldr	r3, [r7, #4]
 1487 00f4 5A6C     		ldr	r2, [r3, #68]
 1488 00f6 7B68     		ldr	r3, [r7, #4]
 1489 00f8 9B6C     		ldr	r3, [r3, #72]
 1490 00fa 9A42     		cmp	r2, r3
 1491 00fc 05D1     		bne	.L73
 1492              		.loc 6 1036 9 is_stmt 0 discriminator 1
 1493 00fe 7B68     		ldr	r3, [r7, #4]
 1494 0100 9B6B     		ldr	r3, [r3, #56]
 1495 0102 002B     		cmp	r3, #0
 1496 0104 01D0     		beq	.L73
 1497              		.loc 6 1036 9 discriminator 3
 1498 0106 0123     		movs	r3, #1
 1499 0108 00E0     		b	.L74
 1500              	.L73:
 1501              		.loc 6 1036 9 discriminator 4
 1502 010a 0023     		movs	r3, #0
 1503              	.L74:
 1504              		.loc 6 1036 9 discriminator 6
 1505 010c 03F00103 		and	r3, r3, #1
 1506 0110 DBB2     		uxtb	r3, r3
 1507              		.loc 6 1036 8 is_stmt 1 discriminator 6
 1508 0112 002B     		cmp	r3, #0
 1509 0114 09D0     		beq	.L75
ARM GAS  C:\Users\DEVELO~1\AppData\Local\Temp\cc3MmbBd.s 			page 28


 1510              		.loc 6 1037 7
 1511 0116 7B68     		ldr	r3, [r7, #4]
 1512 0118 0433     		adds	r3, r3, #4
 1513 011a 1021     		movs	r1, #16
 1514 011c 1846     		mov	r0, r3
 1515 011e FFF7FEFF 		bl	osalEventBroadcastFlagsI
 1516              		.loc 6 1038 11
 1517 0122 7B69     		ldr	r3, [r7, #20]
 1518 0124 23F04003 		bic	r3, r3, #64
 1519 0128 7B61     		str	r3, [r7, #20]
 1520              	.L75:
 1521              		.loc 6 1040 5
 1522 012a FFF7FEFF 		bl	osalSysUnlockFromISR
 1523              	.L72:
 1524              		.loc 6 1044 10
 1525 012e FB68     		ldr	r3, [r7, #12]
 1526 0130 7A69     		ldr	r2, [r7, #20]
 1527 0132 1A60     		str	r2, [r3]
 1528              		.loc 6 1045 1
 1529 0134 00BF     		nop
 1530 0136 1837     		adds	r7, r7, #24
 1531              		.cfi_def_cfa_offset 8
 1532 0138 BD46     		mov	sp, r7
 1533              		.cfi_def_cfa_register 13
 1534              		@ sp needed
 1535 013a 80BD     		pop	{r7, pc}
 1536              		.cfi_endproc
 1537              	.LFE441:
 1538              		.size	sd_lld_serve_interrupt, .-sd_lld_serve_interrupt
 1539              		.text
 1540              	.Letext0:
 1541              		.file 7 "c:\\chibistudio\\tools\\gnu tools arm embedded\\11.3 2022.08\\lib\\gcc\\arm-none-eabi\\11
 1542              		.file 8 "c:\\chibistudio\\tools\\gnu tools arm embedded\\11.3 2022.08\\arm-none-eabi\\include\\mac
 1543              		.file 9 "c:\\chibistudio\\tools\\gnu tools arm embedded\\11.3 2022.08\\arm-none-eabi\\include\\sys
 1544              		.file 10 "../../../os/common/ports/ARM-common/chtypes.h"
 1545              		.file 11 "../../../os/rt/include/chearly.h"
 1546              		.file 12 "../../../os/rt/include/chobjects.h"
 1547              		.file 13 "../../../os/rt/include/chrfcu.h"
 1548              		.file 14 "../../../os/rt/include/chdebug.h"
 1549              		.file 15 "../../../os/rt/include/chtime.h"
 1550              		.file 16 "../../../os/rt/include/chlists.h"
 1551              		.file 17 "../../../os/rt/include/chtrace.h"
 1552              		.file 18 "../../../os/common/ext/ST/STM32H7xx/stm32h743xx.h"
 1553              		.file 19 "../../../os/rt/include/chsem.h"
 1554              		.file 20 "../../../os/rt/include/chmtx.h"
 1555              		.file 21 "../../../os/rt/include/chevents.h"
 1556              		.file 22 "../../../os/hal/include/hal_queues.h"
 1557              		.file 23 "../../../os/hal/include/hal_serial.h"
 1558              		.file 24 "../../../os/hal/ports/STM32/LLD/USARTv3/hal_serial_lld.h"
 1559              		.section	.debug_info,"",%progbits
 1560              	.Ldebug_info0:
 1561 0000 44170000 		.4byte	0x1744
 1562 0004 0500     		.2byte	0x5
 1563 0006 01       		.byte	0x1
 1564 0007 04       		.byte	0x4
 1565 0008 00000000 		.4byte	.Ldebug_abbrev0
 1566 000c 29       		.uleb128 0x29
ARM GAS  C:\Users\DEVELO~1\AppData\Local\Temp\cc3MmbBd.s 			page 29


 1567 000d 37040000 		.4byte	.LASF269
 1568 0011 1D       		.byte	0x1d
 1569 0012 B0080000 		.4byte	.LASF270
 1570 0016 8D030000 		.4byte	.LASF271
 1571 001a 0C000000 		.4byte	.LLRL0
 1572 001e 00000000 		.4byte	0
 1573 0022 00000000 		.4byte	.Ldebug_line0
 1574 0026 2A       		.uleb128 0x2a
 1575 0027 04       		.byte	0x4
 1576 0028 05       		.byte	0x5
 1577 0029 696E7400 		.ascii	"int\000"
 1578 002d 03       		.uleb128 0x3
 1579 002e 29040000 		.4byte	.LASF4
 1580 0032 07       		.byte	0x7
 1581 0033 D1       		.byte	0xd1
 1582 0034 17       		.byte	0x17
 1583 0035 3E000000 		.4byte	0x3e
 1584 0039 1A       		.uleb128 0x1a
 1585 003a 2D000000 		.4byte	0x2d
 1586 003e 09       		.uleb128 0x9
 1587 003f 04       		.byte	0x4
 1588 0040 07       		.byte	0x7
 1589 0041 60060000 		.4byte	.LASF0
 1590 0045 09       		.uleb128 0x9
 1591 0046 08       		.byte	0x8
 1592 0047 05       		.byte	0x5
 1593 0048 47060000 		.4byte	.LASF1
 1594 004c 09       		.uleb128 0x9
 1595 004d 08       		.byte	0x8
 1596 004e 04       		.byte	0x4
 1597 004f F0070000 		.4byte	.LASF2
 1598 0053 09       		.uleb128 0x9
 1599 0054 01       		.byte	0x1
 1600 0055 06       		.byte	0x6
 1601 0056 460B0000 		.4byte	.LASF3
 1602 005a 03       		.uleb128 0x3
 1603 005b 6E090000 		.4byte	.LASF5
 1604 005f 08       		.byte	0x8
 1605 0060 2B       		.byte	0x2b
 1606 0061 18       		.byte	0x18
 1607 0062 66000000 		.4byte	0x66
 1608 0066 09       		.uleb128 0x9
 1609 0067 01       		.byte	0x1
 1610 0068 08       		.byte	0x8
 1611 0069 7F0A0000 		.4byte	.LASF6
 1612 006d 09       		.uleb128 0x9
 1613 006e 02       		.byte	0x2
 1614 006f 05       		.byte	0x5
 1615 0070 7F080000 		.4byte	.LASF7
 1616 0074 03       		.uleb128 0x3
 1617 0075 2A030000 		.4byte	.LASF8
 1618 0079 08       		.byte	0x8
 1619 007a 39       		.byte	0x39
 1620 007b 19       		.byte	0x19
 1621 007c 80000000 		.4byte	0x80
 1622 0080 09       		.uleb128 0x9
 1623 0081 02       		.byte	0x2
ARM GAS  C:\Users\DEVELO~1\AppData\Local\Temp\cc3MmbBd.s 			page 30


 1624 0082 07       		.byte	0x7
 1625 0083 DD070000 		.4byte	.LASF9
 1626 0087 03       		.uleb128 0x3
 1627 0088 FB000000 		.4byte	.LASF10
 1628 008c 08       		.byte	0x8
 1629 008d 4D       		.byte	0x4d
 1630 008e 18       		.byte	0x18
 1631 008f 93000000 		.4byte	0x93
 1632 0093 09       		.uleb128 0x9
 1633 0094 04       		.byte	0x4
 1634 0095 05       		.byte	0x5
 1635 0096 0A000000 		.4byte	.LASF11
 1636 009a 03       		.uleb128 0x3
 1637 009b 950A0000 		.4byte	.LASF12
 1638 009f 08       		.byte	0x8
 1639 00a0 4F       		.byte	0x4f
 1640 00a1 19       		.byte	0x19
 1641 00a2 A6000000 		.4byte	0xa6
 1642 00a6 09       		.uleb128 0x9
 1643 00a7 04       		.byte	0x4
 1644 00a8 07       		.byte	0x7
 1645 00a9 55070000 		.4byte	.LASF13
 1646 00ad 03       		.uleb128 0x3
 1647 00ae 55060000 		.4byte	.LASF14
 1648 00b2 08       		.byte	0x8
 1649 00b3 69       		.byte	0x69
 1650 00b4 19       		.byte	0x19
 1651 00b5 B9000000 		.4byte	0xb9
 1652 00b9 09       		.uleb128 0x9
 1653 00ba 08       		.byte	0x8
 1654 00bb 07       		.byte	0x7
 1655 00bc CE020000 		.4byte	.LASF15
 1656 00c0 03       		.uleb128 0x3
 1657 00c1 76060000 		.4byte	.LASF16
 1658 00c5 09       		.byte	0x9
 1659 00c6 18       		.byte	0x18
 1660 00c7 13       		.byte	0x13
 1661 00c8 5A000000 		.4byte	0x5a
 1662 00cc 11       		.uleb128 0x11
 1663 00cd C0000000 		.4byte	0xc0
 1664 00d1 03       		.uleb128 0x3
 1665 00d2 03080000 		.4byte	.LASF17
 1666 00d6 09       		.byte	0x9
 1667 00d7 24       		.byte	0x24
 1668 00d8 14       		.byte	0x14
 1669 00d9 74000000 		.4byte	0x74
 1670 00dd 03       		.uleb128 0x3
 1671 00de 090A0000 		.4byte	.LASF18
 1672 00e2 09       		.byte	0x9
 1673 00e3 2C       		.byte	0x2c
 1674 00e4 13       		.byte	0x13
 1675 00e5 87000000 		.4byte	0x87
 1676 00e9 03       		.uleb128 0x3
 1677 00ea D1000000 		.4byte	.LASF19
 1678 00ee 09       		.byte	0x9
 1679 00ef 30       		.byte	0x30
 1680 00f0 14       		.byte	0x14
ARM GAS  C:\Users\DEVELO~1\AppData\Local\Temp\cc3MmbBd.s 			page 31


 1681 00f1 9A000000 		.4byte	0x9a
 1682 00f5 1A       		.uleb128 0x1a
 1683 00f6 E9000000 		.4byte	0xe9
 1684 00fa 03       		.uleb128 0x3
 1685 00fb 35090000 		.4byte	.LASF20
 1686 00ff 09       		.byte	0x9
 1687 0100 3C       		.byte	0x3c
 1688 0101 14       		.byte	0x14
 1689 0102 AD000000 		.4byte	0xad
 1690 0106 1A       		.uleb128 0x1a
 1691 0107 FA000000 		.4byte	0xfa
 1692 010b 03       		.uleb128 0x3
 1693 010c F2080000 		.4byte	.LASF21
 1694 0110 0A       		.byte	0xa
 1695 0111 48       		.byte	0x48
 1696 0112 1D       		.byte	0x1d
 1697 0113 FA000000 		.4byte	0xfa
 1698 0117 03       		.uleb128 0x3
 1699 0118 7C0B0000 		.4byte	.LASF22
 1700 011c 0B       		.byte	0xb
 1701 011d 50       		.byte	0x50
 1702 011e 19       		.byte	0x19
 1703 011f 0B010000 		.4byte	0x10b
 1704 0123 03       		.uleb128 0x3
 1705 0124 C0070000 		.4byte	.LASF23
 1706 0128 0B       		.byte	0xb
 1707 0129 53       		.byte	0x53
 1708 012a 19       		.byte	0x19
 1709 012b C0000000 		.4byte	0xc0
 1710 012f 03       		.uleb128 0x3
 1711 0130 05060000 		.4byte	.LASF24
 1712 0134 0B       		.byte	0xb
 1713 0135 54       		.byte	0x54
 1714 0136 19       		.byte	0x19
 1715 0137 C0000000 		.4byte	0xc0
 1716 013b 03       		.uleb128 0x3
 1717 013c C6090000 		.4byte	.LASF25
 1718 0140 0B       		.byte	0xb
 1719 0141 55       		.byte	0x55
 1720 0142 19       		.byte	0x19
 1721 0143 C0000000 		.4byte	0xc0
 1722 0147 03       		.uleb128 0x3
 1723 0148 7A020000 		.4byte	.LASF26
 1724 014c 0B       		.byte	0xb
 1725 014d 57       		.byte	0x57
 1726 014e 19       		.byte	0x19
 1727 014f E9000000 		.4byte	0xe9
 1728 0153 03       		.uleb128 0x3
 1729 0154 E6060000 		.4byte	.LASF27
 1730 0158 0B       		.byte	0xb
 1731 0159 58       		.byte	0x58
 1732 015a 19       		.byte	0x19
 1733 015b DD000000 		.4byte	0xdd
 1734 015f 03       		.uleb128 0x3
 1735 0160 3B020000 		.4byte	.LASF28
 1736 0164 0B       		.byte	0xb
 1737 0165 5A       		.byte	0x5a
ARM GAS  C:\Users\DEVELO~1\AppData\Local\Temp\cc3MmbBd.s 			page 32


 1738 0166 19       		.byte	0x19
 1739 0167 E9000000 		.4byte	0xe9
 1740 016b 03       		.uleb128 0x3
 1741 016c 8A070000 		.4byte	.LASF29
 1742 0170 0B       		.byte	0xb
 1743 0171 5B       		.byte	0x5b
 1744 0172 19       		.byte	0x19
 1745 0173 E9000000 		.4byte	0xe9
 1746 0177 03       		.uleb128 0x3
 1747 0178 35030000 		.4byte	.LASF30
 1748 017c 0B       		.byte	0xb
 1749 017d 5C       		.byte	0x5c
 1750 017e 19       		.byte	0x19
 1751 017f DD000000 		.4byte	0xdd
 1752 0183 03       		.uleb128 0x3
 1753 0184 080C0000 		.4byte	.LASF31
 1754 0188 0B       		.byte	0xb
 1755 0189 80       		.byte	0x80
 1756 018a 12       		.byte	0x12
 1757 018b 3E000000 		.4byte	0x3e
 1758 018f 03       		.uleb128 0x3
 1759 0190 F9030000 		.4byte	.LASF32
 1760 0194 0B       		.byte	0xb
 1761 0195 85       		.byte	0x85
 1762 0196 1A       		.byte	0x1a
 1763 0197 9B010000 		.4byte	0x19b
 1764 019b 07       		.uleb128 0x7
 1765 019c 9A060000 		.4byte	.LASF47
 1766 01a0 48       		.byte	0x48
 1767 01a1 0C       		.byte	0xc
 1768 01a2 9C       		.byte	0x9c
 1769 01a3 08       		.byte	0x8
 1770 01a4 7E020000 		.4byte	0x27e
 1771 01a8 08       		.uleb128 0x8
 1772 01a9 68647200 		.ascii	"hdr\000"
 1773 01ad 0C       		.byte	0xc
 1774 01ae AD       		.byte	0xad
 1775 01af 05       		.byte	0x5
 1776 01b0 E10B0000 		.4byte	0xbe1
 1777 01b4 00       		.byte	0
 1778 01b5 08       		.uleb128 0x8
 1779 01b6 63747800 		.ascii	"ctx\000"
 1780 01ba 0C       		.byte	0xc
 1781 01bb B1       		.byte	0xb1
 1782 01bc 21       		.byte	0x21
 1783 01bd 250B0000 		.4byte	0xb25
 1784 01c1 0C       		.byte	0xc
 1785 01c2 02       		.uleb128 0x2
 1786 01c3 AA060000 		.4byte	.LASF33
 1787 01c7 0C       		.byte	0xc
 1788 01c8 B6       		.byte	0xb6
 1789 01c9 21       		.byte	0x21
 1790 01ca CC030000 		.4byte	0x3cc
 1791 01ce 10       		.byte	0x10
 1792 01cf 02       		.uleb128 0x2
 1793 01d0 40030000 		.4byte	.LASF34
 1794 01d4 0C       		.byte	0xc
ARM GAS  C:\Users\DEVELO~1\AppData\Local\Temp\cc3MmbBd.s 			page 33


 1795 01d5 BB       		.byte	0xbb
 1796 01d6 22       		.byte	0x22
 1797 01d7 E30C0000 		.4byte	0xce3
 1798 01db 18       		.byte	0x18
 1799 01dc 02       		.uleb128 0x2
 1800 01dd 20000000 		.4byte	.LASF35
 1801 01e1 0C       		.byte	0xc
 1802 01e2 C0       		.byte	0xc0
 1803 01e3 22       		.byte	0x22
 1804 01e4 66030000 		.4byte	0x366
 1805 01e8 1C       		.byte	0x1c
 1806 01e9 02       		.uleb128 0x2
 1807 01ea F6050000 		.4byte	.LASF36
 1808 01ee 0C       		.byte	0xc
 1809 01ef C9       		.byte	0xc9
 1810 01f0 22       		.byte	0x22
 1811 01f1 E80C0000 		.4byte	0xce8
 1812 01f5 20       		.byte	0x20
 1813 01f6 02       		.uleb128 0x2
 1814 01f7 FC0A0000 		.4byte	.LASF37
 1815 01fb 0C       		.byte	0xc
 1816 01fc CE       		.byte	0xce
 1817 01fd 21       		.byte	0x21
 1818 01fe 2F010000 		.4byte	0x12f
 1819 0202 24       		.byte	0x24
 1820 0203 02       		.uleb128 0x2
 1821 0204 6F000000 		.4byte	.LASF38
 1822 0208 0C       		.byte	0xc
 1823 0209 D2       		.byte	0xd2
 1824 020a 21       		.byte	0x21
 1825 020b 23010000 		.4byte	0x123
 1826 020f 25       		.byte	0x25
 1827 0210 02       		.uleb128 0x2
 1828 0211 05010000 		.4byte	.LASF39
 1829 0215 0C       		.byte	0xc
 1830 0216 D7       		.byte	0xd7
 1831 0217 21       		.byte	0x21
 1832 0218 3B010000 		.4byte	0x13b
 1833 021c 26       		.byte	0x26
 1834 021d 06       		.uleb128 0x6
 1835 021e 7500     		.ascii	"u\000"
 1836 0220 0C       		.byte	0xc
 1837 0221 2801     		.2byte	0x128
 1838 0223 21       		.byte	0x21
 1839 0224 0E0C0000 		.4byte	0xc0e
 1840 0228 28       		.byte	0x28
 1841 0229 01       		.uleb128 0x1
 1842 022a A00A0000 		.4byte	.LASF40
 1843 022e 0C       		.byte	0xc
 1844 022f 2D01     		.2byte	0x12d
 1845 0231 21       		.byte	0x21
 1846 0232 A0030000 		.4byte	0x3a0
 1847 0236 2C       		.byte	0x2c
 1848 0237 01       		.uleb128 0x1
 1849 0238 82020000 		.4byte	.LASF41
 1850 023c 0C       		.byte	0xc
 1851 023d 3301     		.2byte	0x133
ARM GAS  C:\Users\DEVELO~1\AppData\Local\Temp\cc3MmbBd.s 			page 34


 1852 023f 21       		.byte	0x21
 1853 0240 CC030000 		.4byte	0x3cc
 1854 0244 30       		.byte	0x30
 1855 0245 01       		.uleb128 0x1
 1856 0246 B6000000 		.4byte	.LASF42
 1857 024a 0C       		.byte	0xc
 1858 024b 3901     		.2byte	0x139
 1859 024d 21       		.byte	0x21
 1860 024e 5F010000 		.4byte	0x15f
 1861 0252 38       		.byte	0x38
 1862 0253 01       		.uleb128 0x1
 1863 0254 6E030000 		.4byte	.LASF43
 1864 0258 0C       		.byte	0xc
 1865 0259 4001     		.2byte	0x140
 1866 025b 22       		.byte	0x22
 1867 025c DE0C0000 		.4byte	0xcde
 1868 0260 3C       		.byte	0x3c
 1869 0261 01       		.uleb128 0x1
 1870 0262 7F000000 		.4byte	.LASF44
 1871 0266 0C       		.byte	0xc
 1872 0267 4401     		.2byte	0x144
 1873 0269 21       		.byte	0x21
 1874 026a 47010000 		.4byte	0x147
 1875 026e 40       		.byte	0x40
 1876 026f 01       		.uleb128 0x1
 1877 0270 1B0C0000 		.4byte	.LASF45
 1878 0274 0C       		.byte	0xc
 1879 0275 4B01     		.2byte	0x14b
 1880 0277 22       		.byte	0x22
 1881 0278 B9040000 		.4byte	0x4b9
 1882 027c 44       		.byte	0x44
 1883 027d 00       		.byte	0
 1884 027e 03       		.uleb128 0x3
 1885 027f 090B0000 		.4byte	.LASF46
 1886 0283 0B       		.byte	0xb
 1887 0284 8A       		.byte	0x8a
 1888 0285 1F       		.byte	0x1f
 1889 0286 8A020000 		.4byte	0x28a
 1890 028a 2B       		.uleb128 0x2b
 1891 028b 4A050000 		.4byte	.LASF48
 1892 028f 9008     		.2byte	0x890
 1893 0291 0C       		.byte	0xc
 1894 0292 8A01     		.2byte	0x18a
 1895 0294 08       		.byte	0x8
 1896 0295 18030000 		.4byte	0x318
 1897 0299 01       		.uleb128 0x1
 1898 029a 4B090000 		.4byte	.LASF49
 1899 029e 0C       		.byte	0xc
 1900 029f 8E01     		.2byte	0x18e
 1901 02a1 21       		.byte	0x21
 1902 02a2 180D0000 		.4byte	0xd18
 1903 02a6 00       		.byte	0
 1904 02a7 01       		.uleb128 0x1
 1905 02a8 38010000 		.4byte	.LASF50
 1906 02ac 0C       		.byte	0xc
 1907 02ad 9201     		.2byte	0x192
 1908 02af 21       		.byte	0x21
ARM GAS  C:\Users\DEVELO~1\AppData\Local\Temp\cc3MmbBd.s 			page 35


 1909 02b0 7B0B0000 		.4byte	0xb7b
 1910 02b4 10       		.byte	0x10
 1911 02b5 01       		.uleb128 0x1
 1912 02b6 170B0000 		.4byte	.LASF51
 1913 02ba 0C       		.byte	0xc
 1914 02bb 9901     		.2byte	0x199
 1915 02bd 21       		.byte	0x21
 1916 02be A20B0000 		.4byte	0xba2
 1917 02c2 28       		.byte	0x28
 1918 02c3 01       		.uleb128 0x1
 1919 02c4 E4000000 		.4byte	.LASF52
 1920 02c8 0C       		.byte	0xc
 1921 02c9 9E01     		.2byte	0x19e
 1922 02cb 21       		.byte	0x21
 1923 02cc 83010000 		.4byte	0x183
 1924 02d0 30       		.byte	0x30
 1925 02d1 01       		.uleb128 0x1
 1926 02d2 EC030000 		.4byte	.LASF53
 1927 02d6 0C       		.byte	0xc
 1928 02d7 A401     		.2byte	0x1a4
 1929 02d9 21       		.byte	0x21
 1930 02da 3F030000 		.4byte	0x33f
 1931 02de 34       		.byte	0x34
 1932 02df 01       		.uleb128 0x1
 1933 02e0 42080000 		.4byte	.LASF54
 1934 02e4 0C       		.byte	0xc
 1935 02e5 A901     		.2byte	0x1a9
 1936 02e7 22       		.byte	0x22
 1937 02e8 8A0D0000 		.4byte	0xd8a
 1938 02ec 38       		.byte	0x38
 1939 02ed 01       		.uleb128 0x1
 1940 02ee D2070000 		.4byte	.LASF55
 1941 02f2 0C       		.byte	0xc
 1942 02f3 AD01     		.2byte	0x1ad
 1943 02f5 21       		.byte	0x21
 1944 02f6 8F010000 		.4byte	0x18f
 1945 02fa 3C       		.byte	0x3c
 1946 02fb 06       		.uleb128 0x6
 1947 02fc 64626700 		.ascii	"dbg\000"
 1948 0300 0C       		.byte	0xc
 1949 0301 B101     		.2byte	0x1b1
 1950 0303 21       		.byte	0x21
 1951 0304 7C030000 		.4byte	0x37c
 1952 0308 84       		.byte	0x84
 1953 0309 01       		.uleb128 0x1
 1954 030a 180A0000 		.4byte	.LASF56
 1955 030e 0C       		.byte	0xc
 1956 030f B601     		.2byte	0x1b6
 1957 0311 21       		.byte	0x21
 1958 0312 0F060000 		.4byte	0x60f
 1959 0316 88       		.byte	0x88
 1960 0317 00       		.byte	0
 1961 0318 03       		.uleb128 0x3
 1962 0319 D6050000 		.4byte	.LASF57
 1963 031d 0D       		.byte	0xd
 1964 031e 3F       		.byte	0x3f
 1965 031f 12       		.byte	0x12
ARM GAS  C:\Users\DEVELO~1\AppData\Local\Temp\cc3MmbBd.s 			page 36


 1966 0320 E9000000 		.4byte	0xe9
 1967 0324 07       		.uleb128 0x7
 1968 0325 19050000 		.4byte	.LASF58
 1969 0329 04       		.byte	0x4
 1970 032a 0D       		.byte	0xd
 1971 032b 44       		.byte	0x44
 1972 032c 10       		.byte	0x10
 1973 032d 3F030000 		.4byte	0x33f
 1974 0331 02       		.uleb128 0x2
 1975 0332 35070000 		.4byte	.LASF59
 1976 0336 0D       		.byte	0xd
 1977 0337 48       		.byte	0x48
 1978 0338 21       		.byte	0x21
 1979 0339 18030000 		.4byte	0x318
 1980 033d 00       		.byte	0
 1981 033e 00       		.byte	0
 1982 033f 03       		.uleb128 0x3
 1983 0340 110A0000 		.4byte	.LASF60
 1984 0344 0D       		.byte	0xd
 1985 0345 49       		.byte	0x49
 1986 0346 03       		.byte	0x3
 1987 0347 24030000 		.4byte	0x324
 1988 034b 07       		.uleb128 0x7
 1989 034c EA010000 		.4byte	.LASF61
 1990 0350 04       		.byte	0x4
 1991 0351 0E       		.byte	0xe
 1992 0352 3E       		.byte	0x3e
 1993 0353 10       		.byte	0x10
 1994 0354 66030000 		.4byte	0x366
 1995 0358 02       		.uleb128 0x2
 1996 0359 97070000 		.4byte	.LASF62
 1997 035d 0E       		.byte	0xe
 1998 035e 46       		.byte	0x46
 1999 035f 24       		.byte	0x24
 2000 0360 6B030000 		.4byte	0x36b
 2001 0364 00       		.byte	0
 2002 0365 00       		.byte	0
 2003 0366 05       		.uleb128 0x5
 2004 0367 77030000 		.4byte	0x377
 2005 036b 1A       		.uleb128 0x1a
 2006 036c 66030000 		.4byte	0x366
 2007 0370 09       		.uleb128 0x9
 2008 0371 01       		.byte	0x1
 2009 0372 08       		.byte	0x8
 2010 0373 C1050000 		.4byte	.LASF63
 2011 0377 11       		.uleb128 0x11
 2012 0378 70030000 		.4byte	0x370
 2013 037c 03       		.uleb128 0x3
 2014 037d B1060000 		.4byte	.LASF64
 2015 0381 0E       		.byte	0xe
 2016 0382 51       		.byte	0x51
 2017 0383 03       		.byte	0x3
 2018 0384 4B030000 		.4byte	0x34b
 2019 0388 03       		.uleb128 0x3
 2020 0389 75000000 		.4byte	.LASF65
 2021 038d 0F       		.byte	0xf
 2022 038e 6D       		.byte	0x6d
ARM GAS  C:\Users\DEVELO~1\AppData\Local\Temp\cc3MmbBd.s 			page 37


 2023 038f 12       		.byte	0x12
 2024 0390 E9000000 		.4byte	0xe9
 2025 0394 03       		.uleb128 0x3
 2026 0395 74070000 		.4byte	.LASF66
 2027 0399 0F       		.byte	0xf
 2028 039a 79       		.byte	0x79
 2029 039b 12       		.byte	0x12
 2030 039c E9000000 		.4byte	0xe9
 2031 03a0 03       		.uleb128 0x3
 2032 03a1 19080000 		.4byte	.LASF67
 2033 03a5 10       		.byte	0x10
 2034 03a6 32       		.byte	0x32
 2035 03a7 18       		.byte	0x18
 2036 03a8 AC030000 		.4byte	0x3ac
 2037 03ac 07       		.uleb128 0x7
 2038 03ad CD010000 		.4byte	.LASF68
 2039 03b1 04       		.byte	0x4
 2040 03b2 10       		.byte	0x10
 2041 03b3 38       		.byte	0x38
 2042 03b4 08       		.byte	0x8
 2043 03b5 C7030000 		.4byte	0x3c7
 2044 03b9 02       		.uleb128 0x2
 2045 03ba CC000000 		.4byte	.LASF69
 2046 03be 10       		.byte	0x10
 2047 03bf 39       		.byte	0x39
 2048 03c0 1A       		.byte	0x1a
 2049 03c1 C7030000 		.4byte	0x3c7
 2050 03c5 00       		.byte	0
 2051 03c6 00       		.byte	0
 2052 03c7 05       		.uleb128 0x5
 2053 03c8 A0030000 		.4byte	0x3a0
 2054 03cc 03       		.uleb128 0x3
 2055 03cd 68010000 		.4byte	.LASF70
 2056 03d1 10       		.byte	0x10
 2057 03d2 3F       		.byte	0x3f
 2058 03d3 19       		.byte	0x19
 2059 03d4 D8030000 		.4byte	0x3d8
 2060 03d8 07       		.uleb128 0x7
 2061 03d9 540A0000 		.4byte	.LASF71
 2062 03dd 08       		.byte	0x8
 2063 03de 10       		.byte	0x10
 2064 03df 45       		.byte	0x45
 2065 03e0 08       		.byte	0x8
 2066 03e1 00040000 		.4byte	0x400
 2067 03e5 02       		.uleb128 0x2
 2068 03e6 CC000000 		.4byte	.LASF69
 2069 03ea 10       		.byte	0x10
 2070 03eb 46       		.byte	0x46
 2071 03ec 1A       		.byte	0x1a
 2072 03ed 00040000 		.4byte	0x400
 2073 03f1 00       		.byte	0
 2074 03f2 02       		.uleb128 0x2
 2075 03f3 AD010000 		.4byte	.LASF72
 2076 03f7 10       		.byte	0x10
 2077 03f8 47       		.byte	0x47
 2078 03f9 1A       		.byte	0x1a
 2079 03fa 00040000 		.4byte	0x400
ARM GAS  C:\Users\DEVELO~1\AppData\Local\Temp\cc3MmbBd.s 			page 38


 2080 03fe 04       		.byte	0x4
 2081 03ff 00       		.byte	0
 2082 0400 05       		.uleb128 0x5
 2083 0401 CC030000 		.4byte	0x3cc
 2084 0405 03       		.uleb128 0x3
 2085 0406 D5040000 		.4byte	.LASF73
 2086 040a 10       		.byte	0x10
 2087 040b 4E       		.byte	0x4e
 2088 040c 22       		.byte	0x22
 2089 040d 11040000 		.4byte	0x411
 2090 0411 07       		.uleb128 0x7
 2091 0412 2C0A0000 		.4byte	.LASF74
 2092 0416 0C       		.byte	0xc
 2093 0417 10       		.byte	0x10
 2094 0418 55       		.byte	0x55
 2095 0419 08       		.byte	0x8
 2096 041a 46040000 		.4byte	0x446
 2097 041e 02       		.uleb128 0x2
 2098 041f CC000000 		.4byte	.LASF69
 2099 0423 10       		.byte	0x10
 2100 0424 56       		.byte	0x56
 2101 0425 1A       		.byte	0x1a
 2102 0426 46040000 		.4byte	0x446
 2103 042a 00       		.byte	0
 2104 042b 02       		.uleb128 0x2
 2105 042c AD010000 		.4byte	.LASF72
 2106 0430 10       		.byte	0x10
 2107 0431 57       		.byte	0x57
 2108 0432 1A       		.byte	0x1a
 2109 0433 46040000 		.4byte	0x446
 2110 0437 04       		.byte	0x4
 2111 0438 02       		.uleb128 0x2
 2112 0439 BC050000 		.4byte	.LASF75
 2113 043d 10       		.byte	0x10
 2114 043e 58       		.byte	0x58
 2115 043f 19       		.byte	0x19
 2116 0440 47010000 		.4byte	0x147
 2117 0444 08       		.byte	0x8
 2118 0445 00       		.byte	0
 2119 0446 05       		.uleb128 0x5
 2120 0447 05040000 		.4byte	0x405
 2121 044b 03       		.uleb128 0x3
 2122 044c C6050000 		.4byte	.LASF76
 2123 0450 10       		.byte	0x10
 2124 0451 5F       		.byte	0x5f
 2125 0452 1E       		.byte	0x1e
 2126 0453 57040000 		.4byte	0x457
 2127 0457 07       		.uleb128 0x7
 2128 0458 1B020000 		.4byte	.LASF77
 2129 045c 0C       		.byte	0xc
 2130 045d 10       		.byte	0x10
 2131 045e 64       		.byte	0x64
 2132 045f 08       		.byte	0x8
 2133 0460 8C040000 		.4byte	0x48c
 2134 0464 02       		.uleb128 0x2
 2135 0465 CC000000 		.4byte	.LASF69
 2136 0469 10       		.byte	0x10
ARM GAS  C:\Users\DEVELO~1\AppData\Local\Temp\cc3MmbBd.s 			page 39


 2137 046a 65       		.byte	0x65
 2138 046b 1A       		.byte	0x1a
 2139 046c 8C040000 		.4byte	0x48c
 2140 0470 00       		.byte	0
 2141 0471 02       		.uleb128 0x2
 2142 0472 AD010000 		.4byte	.LASF72
 2143 0476 10       		.byte	0x10
 2144 0477 66       		.byte	0x66
 2145 0478 1A       		.byte	0x1a
 2146 0479 8C040000 		.4byte	0x48c
 2147 047d 04       		.byte	0x4
 2148 047e 02       		.uleb128 0x2
 2149 047f 570B0000 		.4byte	.LASF78
 2150 0483 10       		.byte	0x10
 2151 0484 67       		.byte	0x67
 2152 0485 19       		.byte	0x19
 2153 0486 94030000 		.4byte	0x394
 2154 048a 08       		.byte	0x8
 2155 048b 00       		.byte	0
 2156 048c 05       		.uleb128 0x5
 2157 048d 4B040000 		.4byte	0x44b
 2158 0491 12       		.uleb128 0x12
 2159 0492 08       		.byte	0x8
 2160 0493 83       		.byte	0x83
 2161 0494 05       		.byte	0x5
 2162 0495 B4040000 		.4byte	0x4b4
 2163 0499 08       		.uleb128 0x8
 2164 049a 6E747000 		.ascii	"ntp\000"
 2165 049e 11       		.byte	0x11
 2166 049f 87       		.byte	0x87
 2167 04a0 1E       		.byte	0x1e
 2168 04a1 B4040000 		.4byte	0x4b4
 2169 04a5 00       		.byte	0
 2170 04a6 02       		.uleb128 0x2
 2171 04a7 27010000 		.4byte	.LASF79
 2172 04ab 11       		.byte	0x11
 2173 04ac 8B       		.byte	0x8b
 2174 04ad 1E       		.byte	0x1e
 2175 04ae B9040000 		.4byte	0x4b9
 2176 04b2 04       		.byte	0x4
 2177 04b3 00       		.byte	0
 2178 04b4 05       		.uleb128 0x5
 2179 04b5 8F010000 		.4byte	0x18f
 2180 04b9 2C       		.uleb128 0x2c
 2181 04ba 04       		.byte	0x4
 2182 04bb 12       		.uleb128 0x12
 2183 04bc 08       		.byte	0x8
 2184 04bd 90       		.byte	0x90
 2185 04be 05       		.byte	0x5
 2186 04bf DD040000 		.4byte	0x4dd
 2187 04c3 08       		.uleb128 0x8
 2188 04c4 747000   		.ascii	"tp\000"
 2189 04c7 11       		.byte	0x11
 2190 04c8 94       		.byte	0x94
 2191 04c9 1E       		.byte	0x1e
 2192 04ca B4040000 		.4byte	0x4b4
 2193 04ce 00       		.byte	0
ARM GAS  C:\Users\DEVELO~1\AppData\Local\Temp\cc3MmbBd.s 			page 40


 2194 04cf 08       		.uleb128 0x8
 2195 04d0 6D736700 		.ascii	"msg\000"
 2196 04d4 11       		.byte	0x11
 2197 04d5 98       		.byte	0x98
 2198 04d6 1D       		.byte	0x1d
 2199 04d7 53010000 		.4byte	0x153
 2200 04db 04       		.byte	0x4
 2201 04dc 00       		.byte	0
 2202 04dd 12       		.uleb128 0x12
 2203 04de 04       		.byte	0x4
 2204 04df 9D       		.byte	0x9d
 2205 04e0 05       		.byte	0x5
 2206 04e1 F3040000 		.4byte	0x4f3
 2207 04e5 02       		.uleb128 0x2
 2208 04e6 20000000 		.4byte	.LASF35
 2209 04ea 11       		.byte	0x11
 2210 04eb A1       		.byte	0xa1
 2211 04ec 1E       		.byte	0x1e
 2212 04ed 66030000 		.4byte	0x366
 2213 04f1 00       		.byte	0
 2214 04f2 00       		.byte	0
 2215 04f3 12       		.uleb128 0x12
 2216 04f4 04       		.byte	0x4
 2217 04f5 A6       		.byte	0xa6
 2218 04f6 05       		.byte	0x5
 2219 04f7 09050000 		.4byte	0x509
 2220 04fb 02       		.uleb128 0x2
 2221 04fc F0020000 		.4byte	.LASF80
 2222 0500 11       		.byte	0x11
 2223 0501 AA       		.byte	0xaa
 2224 0502 1E       		.byte	0x1e
 2225 0503 66030000 		.4byte	0x366
 2226 0507 00       		.byte	0
 2227 0508 00       		.byte	0
 2228 0509 12       		.uleb128 0x12
 2229 050a 08       		.byte	0x8
 2230 050b AF       		.byte	0xaf
 2231 050c 05       		.byte	0x5
 2232 050d 2C050000 		.4byte	0x52c
 2233 0511 08       		.uleb128 0x8
 2234 0512 75703100 		.ascii	"up1\000"
 2235 0516 11       		.byte	0x11
 2236 0517 B3       		.byte	0xb3
 2237 0518 1E       		.byte	0x1e
 2238 0519 B9040000 		.4byte	0x4b9
 2239 051d 00       		.byte	0
 2240 051e 08       		.uleb128 0x8
 2241 051f 75703200 		.ascii	"up2\000"
 2242 0523 11       		.byte	0x11
 2243 0524 B7       		.byte	0xb7
 2244 0525 1E       		.byte	0x1e
 2245 0526 B9040000 		.4byte	0x4b9
 2246 052a 04       		.byte	0x4
 2247 052b 00       		.byte	0
 2248 052c 1D       		.uleb128 0x1d
 2249 052d 08       		.byte	0x8
 2250 052e 11       		.byte	0x11
ARM GAS  C:\Users\DEVELO~1\AppData\Local\Temp\cc3MmbBd.s 			page 41


 2251 052f 7F       		.byte	0x7f
 2252 0530 6A050000 		.4byte	0x56a
 2253 0534 1E       		.uleb128 0x1e
 2254 0535 737700   		.ascii	"sw\000"
 2255 0538 8C       		.byte	0x8c
 2256 0539 91040000 		.4byte	0x491
 2257 053d 1E       		.uleb128 0x1e
 2258 053e 72647900 		.ascii	"rdy\000"
 2259 0542 99       		.byte	0x99
 2260 0543 BB040000 		.4byte	0x4bb
 2261 0547 1E       		.uleb128 0x1e
 2262 0548 69737200 		.ascii	"isr\000"
 2263 054c A2       		.byte	0xa2
 2264 054d DD040000 		.4byte	0x4dd
 2265 0551 0E       		.uleb128 0xe
 2266 0552 C9020000 		.4byte	.LASF81
 2267 0556 11       		.byte	0x11
 2268 0557 AB       		.byte	0xab
 2269 0558 07       		.byte	0x7
 2270 0559 F3040000 		.4byte	0x4f3
 2271 055d 0E       		.uleb128 0xe
 2272 055e 15040000 		.4byte	.LASF82
 2273 0562 11       		.byte	0x11
 2274 0563 B8       		.byte	0xb8
 2275 0564 07       		.byte	0x7
 2276 0565 09050000 		.4byte	0x509
 2277 0569 00       		.byte	0
 2278 056a 12       		.uleb128 0x12
 2279 056b 10       		.byte	0x10
 2280 056c 6C       		.byte	0x6c
 2281 056d 09       		.byte	0x9
 2282 056e AF050000 		.4byte	0x5af
 2283 0572 1F       		.uleb128 0x1f
 2284 0573 650A0000 		.4byte	.LASF83
 2285 0577 70       		.byte	0x70
 2286 0578 E9000000 		.4byte	0xe9
 2287 057c 03       		.byte	0x3
 2288 057d 00       		.byte	0
 2289 057e 1F       		.uleb128 0x1f
 2290 057f FC0A0000 		.4byte	.LASF37
 2291 0583 74       		.byte	0x74
 2292 0584 E9000000 		.4byte	0xe9
 2293 0588 05       		.byte	0x5
 2294 0589 03       		.byte	0x3
 2295 058a 1F       		.uleb128 0x1f
 2296 058b F3090000 		.4byte	.LASF84
 2297 058f 7A       		.byte	0x7a
 2298 0590 E9000000 		.4byte	0xe9
 2299 0594 18       		.byte	0x18
 2300 0595 08       		.byte	0x8
 2301 0596 02       		.uleb128 0x2
 2302 0597 3B030000 		.4byte	.LASF85
 2303 059b 11       		.byte	0x11
 2304 059c 7E       		.byte	0x7e
 2305 059d 19       		.byte	0x19
 2306 059e 88030000 		.4byte	0x388
 2307 05a2 04       		.byte	0x4
ARM GAS  C:\Users\DEVELO~1\AppData\Local\Temp\cc3MmbBd.s 			page 42


 2308 05a3 08       		.uleb128 0x8
 2309 05a4 7500     		.ascii	"u\000"
 2310 05a6 11       		.byte	0x11
 2311 05a7 B9       		.byte	0xb9
 2312 05a8 05       		.byte	0x5
 2313 05a9 2C050000 		.4byte	0x52c
 2314 05ad 08       		.byte	0x8
 2315 05ae 00       		.byte	0
 2316 05af 03       		.uleb128 0x3
 2317 05b0 54020000 		.4byte	.LASF86
 2318 05b4 11       		.byte	0x11
 2319 05b5 BA       		.byte	0xba
 2320 05b6 03       		.byte	0x3
 2321 05b7 6A050000 		.4byte	0x56a
 2322 05bb 2D       		.uleb128 0x2d
 2323 05bc 0808     		.2byte	0x808
 2324 05be 11       		.byte	0x11
 2325 05bf C0       		.byte	0xc0
 2326 05c0 09       		.byte	0x9
 2327 05c1 FA050000 		.4byte	0x5fa
 2328 05c5 02       		.uleb128 0x2
 2329 05c6 DA000000 		.4byte	.LASF87
 2330 05ca 11       		.byte	0x11
 2331 05cb C4       		.byte	0xc4
 2332 05cc 19       		.byte	0x19
 2333 05cd D1000000 		.4byte	0xd1
 2334 05d1 00       		.byte	0
 2335 05d2 02       		.uleb128 0x2
 2336 05d3 28070000 		.4byte	.LASF88
 2337 05d7 11       		.byte	0x11
 2338 05d8 C8       		.byte	0xc8
 2339 05d9 19       		.byte	0x19
 2340 05da D1000000 		.4byte	0xd1
 2341 05de 02       		.byte	0x2
 2342 05df 08       		.uleb128 0x8
 2343 05e0 70747200 		.ascii	"ptr\000"
 2344 05e4 11       		.byte	0x11
 2345 05e5 CC       		.byte	0xcc
 2346 05e6 1A       		.byte	0x1a
 2347 05e7 FA050000 		.4byte	0x5fa
 2348 05eb 04       		.byte	0x4
 2349 05ec 02       		.uleb128 0x2
 2350 05ed 88000000 		.4byte	.LASF89
 2351 05f1 11       		.byte	0x11
 2352 05f2 D0       		.byte	0xd0
 2353 05f3 19       		.byte	0x19
 2354 05f4 FF050000 		.4byte	0x5ff
 2355 05f8 08       		.byte	0x8
 2356 05f9 00       		.byte	0
 2357 05fa 05       		.uleb128 0x5
 2358 05fb AF050000 		.4byte	0x5af
 2359 05ff 15       		.uleb128 0x15
 2360 0600 AF050000 		.4byte	0x5af
 2361 0604 0F060000 		.4byte	0x60f
 2362 0608 16       		.uleb128 0x16
 2363 0609 3E000000 		.4byte	0x3e
 2364 060d 7F       		.byte	0x7f
ARM GAS  C:\Users\DEVELO~1\AppData\Local\Temp\cc3MmbBd.s 			page 43


 2365 060e 00       		.byte	0
 2366 060f 03       		.uleb128 0x3
 2367 0610 A7070000 		.4byte	.LASF90
 2368 0614 11       		.byte	0x11
 2369 0615 D1       		.byte	0xd1
 2370 0616 03       		.byte	0x3
 2371 0617 BB050000 		.4byte	0x5bb
 2372 061b 15       		.uleb128 0x15
 2373 061c E9000000 		.4byte	0xe9
 2374 0620 2B060000 		.4byte	0x62b
 2375 0624 16       		.uleb128 0x16
 2376 0625 3E000000 		.4byte	0x3e
 2377 0629 03       		.byte	0x3
 2378 062a 00       		.byte	0
 2379 062b 15       		.uleb128 0x15
 2380 062c E9000000 		.4byte	0xe9
 2381 0630 3B060000 		.4byte	0x63b
 2382 0634 16       		.uleb128 0x16
 2383 0635 3E000000 		.4byte	0x3e
 2384 0639 08       		.byte	0x8
 2385 063a 00       		.byte	0
 2386 063b 2E       		.uleb128 0x2e
 2387 063c 3001     		.2byte	0x130
 2388 063e 12       		.byte	0x12
 2389 063f CE04     		.2byte	0x4ce
 2390 0641 09       		.byte	0x9
 2391 0642 D4090000 		.4byte	0x9d4
 2392 0646 06       		.uleb128 0x6
 2393 0647 435200   		.ascii	"CR\000"
 2394 064a 12       		.byte	0x12
 2395 064b D004     		.2byte	0x4d0
 2396 064d 10       		.byte	0x10
 2397 064e F5000000 		.4byte	0xf5
 2398 0652 00       		.byte	0
 2399 0653 01       		.uleb128 0x1
 2400 0654 3A080000 		.4byte	.LASF91
 2401 0658 12       		.byte	0x12
 2402 0659 D104     		.2byte	0x4d1
 2403 065b 10       		.byte	0x10
 2404 065c F5000000 		.4byte	0xf5
 2405 0660 04       		.byte	0x4
 2406 0661 01       		.uleb128 0x1
 2407 0662 660B0000 		.4byte	.LASF92
 2408 0666 12       		.byte	0x12
 2409 0667 D204     		.2byte	0x4d2
 2410 0669 10       		.byte	0x10
 2411 066a F5000000 		.4byte	0xf5
 2412 066e 08       		.byte	0x8
 2413 066f 01       		.uleb128 0x1
 2414 0670 8D0A0000 		.4byte	.LASF93
 2415 0674 12       		.byte	0x12
 2416 0675 D304     		.2byte	0x4d3
 2417 0677 10       		.byte	0x10
 2418 0678 F5000000 		.4byte	0xf5
 2419 067c 0C       		.byte	0xc
 2420 067d 01       		.uleb128 0x1
 2421 067e 46090000 		.4byte	.LASF94
ARM GAS  C:\Users\DEVELO~1\AppData\Local\Temp\cc3MmbBd.s 			page 44


 2422 0682 12       		.byte	0x12
 2423 0683 D404     		.2byte	0x4d4
 2424 0685 10       		.byte	0x10
 2425 0686 F5000000 		.4byte	0xf5
 2426 068a 10       		.byte	0x10
 2427 068b 01       		.uleb128 0x1
 2428 068c 49080000 		.4byte	.LASF95
 2429 0690 12       		.byte	0x12
 2430 0691 D504     		.2byte	0x4d5
 2431 0693 0F       		.byte	0xf
 2432 0694 E9000000 		.4byte	0xe9
 2433 0698 14       		.byte	0x14
 2434 0699 01       		.uleb128 0x1
 2435 069a CE090000 		.4byte	.LASF96
 2436 069e 12       		.byte	0x12
 2437 069f D604     		.2byte	0x4d6
 2438 06a1 10       		.byte	0x10
 2439 06a2 F5000000 		.4byte	0xf5
 2440 06a6 18       		.byte	0x18
 2441 06a7 01       		.uleb128 0x1
 2442 06a8 0E060000 		.4byte	.LASF97
 2443 06ac 12       		.byte	0x12
 2444 06ad D704     		.2byte	0x4d7
 2445 06af 10       		.byte	0x10
 2446 06b0 F5000000 		.4byte	0xf5
 2447 06b4 1C       		.byte	0x1c
 2448 06b5 01       		.uleb128 0x1
 2449 06b6 EC000000 		.4byte	.LASF98
 2450 06ba 12       		.byte	0x12
 2451 06bb D804     		.2byte	0x4d8
 2452 06bd 10       		.byte	0x10
 2453 06be F5000000 		.4byte	0xf5
 2454 06c2 20       		.byte	0x20
 2455 06c3 01       		.uleb128 0x1
 2456 06c4 53080000 		.4byte	.LASF99
 2457 06c8 12       		.byte	0x12
 2458 06c9 D904     		.2byte	0x4d9
 2459 06cb 0F       		.byte	0xf
 2460 06cc E9000000 		.4byte	0xe9
 2461 06d0 24       		.byte	0x24
 2462 06d1 01       		.uleb128 0x1
 2463 06d2 8F090000 		.4byte	.LASF100
 2464 06d6 12       		.byte	0x12
 2465 06d7 DA04     		.2byte	0x4da
 2466 06d9 10       		.byte	0x10
 2467 06da F5000000 		.4byte	0xf5
 2468 06de 28       		.byte	0x28
 2469 06df 01       		.uleb128 0x1
 2470 06e0 7D090000 		.4byte	.LASF101
 2471 06e4 12       		.byte	0x12
 2472 06e5 DB04     		.2byte	0x4db
 2473 06e7 10       		.byte	0x10
 2474 06e8 F5000000 		.4byte	0xf5
 2475 06ec 2C       		.byte	0x2c
 2476 06ed 01       		.uleb128 0x1
 2477 06ee 4B0A0000 		.4byte	.LASF102
 2478 06f2 12       		.byte	0x12
ARM GAS  C:\Users\DEVELO~1\AppData\Local\Temp\cc3MmbBd.s 			page 45


 2479 06f3 DC04     		.2byte	0x4dc
 2480 06f5 10       		.byte	0x10
 2481 06f6 F5000000 		.4byte	0xf5
 2482 06fa 30       		.byte	0x30
 2483 06fb 01       		.uleb128 0x1
 2484 06fc BC090000 		.4byte	.LASF103
 2485 0700 12       		.byte	0x12
 2486 0701 DD04     		.2byte	0x4dd
 2487 0703 10       		.byte	0x10
 2488 0704 F5000000 		.4byte	0xf5
 2489 0708 34       		.byte	0x34
 2490 0709 01       		.uleb128 0x1
 2491 070a 91060000 		.4byte	.LASF104
 2492 070e 12       		.byte	0x12
 2493 070f DE04     		.2byte	0x4de
 2494 0711 10       		.byte	0x10
 2495 0712 F5000000 		.4byte	0xf5
 2496 0716 38       		.byte	0x38
 2497 0717 01       		.uleb128 0x1
 2498 0718 EC050000 		.4byte	.LASF105
 2499 071c 12       		.byte	0x12
 2500 071d DF04     		.2byte	0x4df
 2501 071f 10       		.byte	0x10
 2502 0720 F5000000 		.4byte	0xf5
 2503 0724 3C       		.byte	0x3c
 2504 0725 01       		.uleb128 0x1
 2505 0726 3F010000 		.4byte	.LASF106
 2506 072a 12       		.byte	0x12
 2507 072b E004     		.2byte	0x4e0
 2508 072d 10       		.byte	0x10
 2509 072e F5000000 		.4byte	0xf5
 2510 0732 40       		.byte	0x40
 2511 0733 01       		.uleb128 0x1
 2512 0734 8F000000 		.4byte	.LASF107
 2513 0738 12       		.byte	0x12
 2514 0739 E104     		.2byte	0x4e1
 2515 073b 10       		.byte	0x10
 2516 073c F5000000 		.4byte	0xf5
 2517 0740 44       		.byte	0x44
 2518 0741 01       		.uleb128 0x1
 2519 0742 AD0B0000 		.4byte	.LASF108
 2520 0746 12       		.byte	0x12
 2521 0747 E204     		.2byte	0x4e2
 2522 0749 10       		.byte	0x10
 2523 074a E9000000 		.4byte	0xe9
 2524 074e 48       		.byte	0x48
 2525 074f 01       		.uleb128 0x1
 2526 0750 3E090000 		.4byte	.LASF109
 2527 0754 12       		.byte	0x12
 2528 0755 E304     		.2byte	0x4e3
 2529 0757 11       		.byte	0x11
 2530 0758 F5000000 		.4byte	0xf5
 2531 075c 4C       		.byte	0x4c
 2532 075d 01       		.uleb128 0x1
 2533 075e 210C0000 		.4byte	.LASF110
 2534 0762 12       		.byte	0x12
 2535 0763 E404     		.2byte	0x4e4
ARM GAS  C:\Users\DEVELO~1\AppData\Local\Temp\cc3MmbBd.s 			page 46


 2536 0765 11       		.byte	0x11
 2537 0766 F5000000 		.4byte	0xf5
 2538 076a 50       		.byte	0x50
 2539 076b 01       		.uleb128 0x1
 2540 076c 6D060000 		.4byte	.LASF111
 2541 0770 12       		.byte	0x12
 2542 0771 E504     		.2byte	0x4e5
 2543 0773 11       		.byte	0x11
 2544 0774 F5000000 		.4byte	0xf5
 2545 0778 54       		.byte	0x54
 2546 0779 01       		.uleb128 0x1
 2547 077a 1F0B0000 		.4byte	.LASF112
 2548 077e 12       		.byte	0x12
 2549 077f E604     		.2byte	0x4e6
 2550 0781 11       		.byte	0x11
 2551 0782 F5000000 		.4byte	0xf5
 2552 0786 58       		.byte	0x58
 2553 0787 01       		.uleb128 0x1
 2554 0788 64080000 		.4byte	.LASF113
 2555 078c 12       		.byte	0x12
 2556 078d E704     		.2byte	0x4e7
 2557 078f 10       		.byte	0x10
 2558 0790 E9000000 		.4byte	0xe9
 2559 0794 5C       		.byte	0x5c
 2560 0795 01       		.uleb128 0x1
 2561 0796 8B020000 		.4byte	.LASF114
 2562 079a 12       		.byte	0x12
 2563 079b E804     		.2byte	0x4e8
 2564 079d 11       		.byte	0x11
 2565 079e F5000000 		.4byte	0xf5
 2566 07a2 60       		.byte	0x60
 2567 07a3 01       		.uleb128 0x1
 2568 07a4 98010000 		.4byte	.LASF115
 2569 07a8 12       		.byte	0x12
 2570 07a9 E904     		.2byte	0x4e9
 2571 07ab 11       		.byte	0x11
 2572 07ac F5000000 		.4byte	0xf5
 2573 07b0 64       		.byte	0x64
 2574 07b1 01       		.uleb128 0x1
 2575 07b2 35080000 		.4byte	.LASF116
 2576 07b6 12       		.byte	0x12
 2577 07b7 EA04     		.2byte	0x4ea
 2578 07b9 11       		.byte	0x11
 2579 07ba F5000000 		.4byte	0xf5
 2580 07be 68       		.byte	0x68
 2581 07bf 01       		.uleb128 0x1
 2582 07c0 6E080000 		.4byte	.LASF117
 2583 07c4 12       		.byte	0x12
 2584 07c5 EB04     		.2byte	0x4eb
 2585 07c7 0F       		.byte	0xf
 2586 07c8 E9000000 		.4byte	0xe9
 2587 07cc 6C       		.byte	0x6c
 2588 07cd 01       		.uleb128 0x1
 2589 07ce 520B0000 		.4byte	.LASF118
 2590 07d2 12       		.byte	0x12
 2591 07d3 EC04     		.2byte	0x4ec
 2592 07d5 11       		.byte	0x11
ARM GAS  C:\Users\DEVELO~1\AppData\Local\Temp\cc3MmbBd.s 			page 47


 2593 07d6 F5000000 		.4byte	0xf5
 2594 07da 70       		.byte	0x70
 2595 07db 06       		.uleb128 0x6
 2596 07dc 43535200 		.ascii	"CSR\000"
 2597 07e0 12       		.byte	0x12
 2598 07e1 ED04     		.2byte	0x4ed
 2599 07e3 11       		.byte	0x11
 2600 07e4 F5000000 		.4byte	0xf5
 2601 07e8 74       		.byte	0x74
 2602 07e9 01       		.uleb128 0x1
 2603 07ea BF0B0000 		.4byte	.LASF119
 2604 07ee 12       		.byte	0x12
 2605 07ef EE04     		.2byte	0x4ee
 2606 07f1 0F       		.byte	0xf
 2607 07f2 E9000000 		.4byte	0xe9
 2608 07f6 78       		.byte	0x78
 2609 07f7 01       		.uleb128 0x1
 2610 07f8 46030000 		.4byte	.LASF120
 2611 07fc 12       		.byte	0x12
 2612 07fd EF04     		.2byte	0x4ef
 2613 07ff 10       		.byte	0x10
 2614 0800 F5000000 		.4byte	0xf5
 2615 0804 7C       		.byte	0x7c
 2616 0805 01       		.uleb128 0x1
 2617 0806 FF0B0000 		.4byte	.LASF121
 2618 080a 12       		.byte	0x12
 2619 080b F004     		.2byte	0x4f0
 2620 080d 10       		.byte	0x10
 2621 080e F5000000 		.4byte	0xf5
 2622 0812 80       		.byte	0x80
 2623 0813 01       		.uleb128 0x1
 2624 0814 23080000 		.4byte	.LASF122
 2625 0818 12       		.byte	0x12
 2626 0819 F104     		.2byte	0x4f1
 2627 081b 10       		.byte	0x10
 2628 081c F5000000 		.4byte	0xf5
 2629 0820 84       		.byte	0x84
 2630 0821 01       		.uleb128 0x1
 2631 0822 980B0000 		.4byte	.LASF123
 2632 0826 12       		.byte	0x12
 2633 0827 F204     		.2byte	0x4f2
 2634 0829 10       		.byte	0x10
 2635 082a F5000000 		.4byte	0xf5
 2636 082e 88       		.byte	0x88
 2637 082f 01       		.uleb128 0x1
 2638 0830 E9080000 		.4byte	.LASF124
 2639 0834 12       		.byte	0x12
 2640 0835 F304     		.2byte	0x4f3
 2641 0837 10       		.byte	0x10
 2642 0838 F5000000 		.4byte	0xf5
 2643 083c 8C       		.byte	0x8c
 2644 083d 01       		.uleb128 0x1
 2645 083e B6070000 		.4byte	.LASF125
 2646 0842 12       		.byte	0x12
 2647 0843 F404     		.2byte	0x4f4
 2648 0845 10       		.byte	0x10
 2649 0846 F5000000 		.4byte	0xf5
ARM GAS  C:\Users\DEVELO~1\AppData\Local\Temp\cc3MmbBd.s 			page 48


 2650 084a 90       		.byte	0x90
 2651 084b 01       		.uleb128 0x1
 2652 084c 00000000 		.4byte	.LASF126
 2653 0850 12       		.byte	0x12
 2654 0851 F504     		.2byte	0x4f5
 2655 0853 10       		.byte	0x10
 2656 0854 F5000000 		.4byte	0xf5
 2657 0858 94       		.byte	0x94
 2658 0859 01       		.uleb128 0x1
 2659 085a 58000000 		.4byte	.LASF127
 2660 085e 12       		.byte	0x12
 2661 085f F604     		.2byte	0x4f6
 2662 0861 10       		.byte	0x10
 2663 0862 F5000000 		.4byte	0xf5
 2664 0866 98       		.byte	0x98
 2665 0867 01       		.uleb128 0x1
 2666 0868 10050000 		.4byte	.LASF128
 2667 086c 12       		.byte	0x12
 2668 086d F704     		.2byte	0x4f7
 2669 086f 10       		.byte	0x10
 2670 0870 F5000000 		.4byte	0xf5
 2671 0874 9C       		.byte	0x9c
 2672 0875 06       		.uleb128 0x6
 2673 0876 47435200 		.ascii	"GCR\000"
 2674 087a 12       		.byte	0x12
 2675 087b F804     		.2byte	0x4f8
 2676 087d 10       		.byte	0x10
 2677 087e F5000000 		.4byte	0xf5
 2678 0882 A0       		.byte	0xa0
 2679 0883 01       		.uleb128 0x1
 2680 0884 89080000 		.4byte	.LASF129
 2681 0888 12       		.byte	0x12
 2682 0889 F904     		.2byte	0x4f9
 2683 088b 0F       		.byte	0xf
 2684 088c E9000000 		.4byte	0xe9
 2685 0890 A4       		.byte	0xa4
 2686 0891 01       		.uleb128 0x1
 2687 0892 A1070000 		.4byte	.LASF130
 2688 0896 12       		.byte	0x12
 2689 0897 FA04     		.2byte	0x4fa
 2690 0899 10       		.byte	0x10
 2691 089a F5000000 		.4byte	0xf5
 2692 089e A8       		.byte	0xa8
 2693 089f 01       		.uleb128 0x1
 2694 08a0 CC0A0000 		.4byte	.LASF131
 2695 08a4 12       		.byte	0x12
 2696 08a5 FB04     		.2byte	0x4fb
 2697 08a7 0F       		.byte	0xf
 2698 08a8 2B060000 		.4byte	0x62b
 2699 08ac AC       		.byte	0xac
 2700 08ad 06       		.uleb128 0x6
 2701 08ae 52535200 		.ascii	"RSR\000"
 2702 08b2 12       		.byte	0x12
 2703 08b3 FC04     		.2byte	0x4fc
 2704 08b5 10       		.byte	0x10
 2705 08b6 F5000000 		.4byte	0xf5
 2706 08ba D0       		.byte	0xd0
ARM GAS  C:\Users\DEVELO~1\AppData\Local\Temp\cc3MmbBd.s 			page 49


 2707 08bb 01       		.uleb128 0x1
 2708 08bc 59050000 		.4byte	.LASF132
 2709 08c0 12       		.byte	0x12
 2710 08c1 FD04     		.2byte	0x4fd
 2711 08c3 10       		.byte	0x10
 2712 08c4 F5000000 		.4byte	0xf5
 2713 08c8 D4       		.byte	0xd4
 2714 08c9 01       		.uleb128 0x1
 2715 08ca 72020000 		.4byte	.LASF133
 2716 08ce 12       		.byte	0x12
 2717 08cf FE04     		.2byte	0x4fe
 2718 08d1 10       		.byte	0x10
 2719 08d2 F5000000 		.4byte	0xf5
 2720 08d6 D8       		.byte	0xd8
 2721 08d7 01       		.uleb128 0x1
 2722 08d8 010A0000 		.4byte	.LASF134
 2723 08dc 12       		.byte	0x12
 2724 08dd FF04     		.2byte	0x4ff
 2725 08df 10       		.byte	0x10
 2726 08e0 F5000000 		.4byte	0xf5
 2727 08e4 DC       		.byte	0xdc
 2728 08e5 01       		.uleb128 0x1
 2729 08e6 B70B0000 		.4byte	.LASF135
 2730 08ea 12       		.byte	0x12
 2731 08eb 0005     		.2byte	0x500
 2732 08ed 10       		.byte	0x10
 2733 08ee F5000000 		.4byte	0xf5
 2734 08f2 E0       		.byte	0xe0
 2735 08f3 01       		.uleb128 0x1
 2736 08f4 E2010000 		.4byte	.LASF136
 2737 08f8 12       		.byte	0x12
 2738 08f9 0105     		.2byte	0x501
 2739 08fb 10       		.byte	0x10
 2740 08fc F5000000 		.4byte	0xf5
 2741 0900 E4       		.byte	0xe4
 2742 0901 01       		.uleb128 0x1
 2743 0902 F60B0000 		.4byte	.LASF137
 2744 0906 12       		.byte	0x12
 2745 0907 0205     		.2byte	0x502
 2746 0909 10       		.byte	0x10
 2747 090a F5000000 		.4byte	0xf5
 2748 090e E8       		.byte	0xe8
 2749 090f 01       		.uleb128 0x1
 2750 0910 99090000 		.4byte	.LASF138
 2751 0914 12       		.byte	0x12
 2752 0915 0305     		.2byte	0x503
 2753 0917 10       		.byte	0x10
 2754 0918 F5000000 		.4byte	0xf5
 2755 091c EC       		.byte	0xec
 2756 091d 01       		.uleb128 0x1
 2757 091e 82070000 		.4byte	.LASF139
 2758 0922 12       		.byte	0x12
 2759 0923 0405     		.2byte	0x504
 2760 0925 10       		.byte	0x10
 2761 0926 F5000000 		.4byte	0xf5
 2762 092a F0       		.byte	0xf0
 2763 092b 01       		.uleb128 0x1
ARM GAS  C:\Users\DEVELO~1\AppData\Local\Temp\cc3MmbBd.s 			page 50


 2764 092c 66090000 		.4byte	.LASF140
 2765 0930 12       		.byte	0x12
 2766 0931 0505     		.2byte	0x505
 2767 0933 10       		.byte	0x10
 2768 0934 F5000000 		.4byte	0xf5
 2769 0938 F4       		.byte	0xf4
 2770 0939 01       		.uleb128 0x1
 2771 093a D70A0000 		.4byte	.LASF141
 2772 093e 12       		.byte	0x12
 2773 093f 0605     		.2byte	0x506
 2774 0941 10       		.byte	0x10
 2775 0942 E9000000 		.4byte	0xe9
 2776 0946 F8       		.byte	0xf8
 2777 0947 01       		.uleb128 0x1
 2778 0948 B2090000 		.4byte	.LASF142
 2779 094c 12       		.byte	0x12
 2780 094d 0705     		.2byte	0x507
 2781 094f 10       		.byte	0x10
 2782 0950 F5000000 		.4byte	0xf5
 2783 0954 FC       		.byte	0xfc
 2784 0955 0B       		.uleb128 0xb
 2785 0956 C8070000 		.4byte	.LASF143
 2786 095a 0805     		.2byte	0x508
 2787 095c 10       		.byte	0x10
 2788 095d F5000000 		.4byte	0xf5
 2789 0961 0001     		.2byte	0x100
 2790 0963 0B       		.uleb128 0xb
 2791 0964 B2010000 		.4byte	.LASF144
 2792 0968 0905     		.2byte	0x509
 2793 096a 10       		.byte	0x10
 2794 096b F5000000 		.4byte	0xf5
 2795 096f 0401     		.2byte	0x104
 2796 0971 0B       		.uleb128 0xb
 2797 0972 E2050000 		.4byte	.LASF145
 2798 0976 0A05     		.2byte	0x50a
 2799 0978 10       		.byte	0x10
 2800 0979 F5000000 		.4byte	0xf5
 2801 097d 0801     		.2byte	0x108
 2802 097f 0B       		.uleb128 0xb
 2803 0980 9A080000 		.4byte	.LASF146
 2804 0984 0B05     		.2byte	0x50b
 2805 0986 10       		.byte	0x10
 2806 0987 F5000000 		.4byte	0xf5
 2807 098b 0C01     		.2byte	0x10c
 2808 098d 0B       		.uleb128 0xb
 2809 098e E5020000 		.4byte	.LASF147
 2810 0992 0C05     		.2byte	0x50c
 2811 0994 10       		.byte	0x10
 2812 0995 F5000000 		.4byte	0xf5
 2813 0999 1001     		.2byte	0x110
 2814 099b 0B       		.uleb128 0xb
 2815 099c C90B0000 		.4byte	.LASF148
 2816 09a0 0D05     		.2byte	0x50d
 2817 09a2 10       		.byte	0x10
 2818 09a3 F5000000 		.4byte	0xf5
 2819 09a7 1401     		.2byte	0x114
 2820 09a9 0B       		.uleb128 0xb
ARM GAS  C:\Users\DEVELO~1\AppData\Local\Temp\cc3MmbBd.s 			page 51


 2821 09aa 4E000000 		.4byte	.LASF149
 2822 09ae 0E05     		.2byte	0x50e
 2823 09b0 10       		.byte	0x10
 2824 09b1 F5000000 		.4byte	0xf5
 2825 09b5 1801     		.2byte	0x118
 2826 09b7 0B       		.uleb128 0xb
 2827 09b8 1F040000 		.4byte	.LASF150
 2828 09bc 0F05     		.2byte	0x50f
 2829 09be 10       		.byte	0x10
 2830 09bf F5000000 		.4byte	0xf5
 2831 09c3 1C01     		.2byte	0x11c
 2832 09c5 0B       		.uleb128 0xb
 2833 09c6 E20A0000 		.4byte	.LASF151
 2834 09ca 1005     		.2byte	0x510
 2835 09cc 0F       		.byte	0xf
 2836 09cd 1B060000 		.4byte	0x61b
 2837 09d1 2001     		.2byte	0x120
 2838 09d3 00       		.byte	0
 2839 09d4 17       		.uleb128 0x17
 2840 09d5 1B010000 		.4byte	.LASF152
 2841 09d9 12       		.byte	0x12
 2842 09da 1205     		.2byte	0x512
 2843 09dc 3B060000 		.4byte	0x63b
 2844 09e0 2F       		.uleb128 0x2f
 2845 09e1 30       		.byte	0x30
 2846 09e2 12       		.byte	0x12
 2847 09e3 3906     		.2byte	0x639
 2848 09e5 09       		.byte	0x9
 2849 09e6 930A0000 		.4byte	0xa93
 2850 09ea 06       		.uleb128 0x6
 2851 09eb 43523100 		.ascii	"CR1\000"
 2852 09ef 12       		.byte	0x12
 2853 09f0 3B06     		.2byte	0x63b
 2854 09f2 11       		.byte	0x11
 2855 09f3 F5000000 		.4byte	0xf5
 2856 09f7 00       		.byte	0
 2857 09f8 06       		.uleb128 0x6
 2858 09f9 43523200 		.ascii	"CR2\000"
 2859 09fd 12       		.byte	0x12
 2860 09fe 3C06     		.2byte	0x63c
 2861 0a00 11       		.byte	0x11
 2862 0a01 F5000000 		.4byte	0xf5
 2863 0a05 04       		.byte	0x4
 2864 0a06 06       		.uleb128 0x6
 2865 0a07 43523300 		.ascii	"CR3\000"
 2866 0a0b 12       		.byte	0x12
 2867 0a0c 3D06     		.2byte	0x63d
 2868 0a0e 11       		.byte	0x11
 2869 0a0f F5000000 		.4byte	0xf5
 2870 0a13 08       		.byte	0x8
 2871 0a14 06       		.uleb128 0x6
 2872 0a15 42525200 		.ascii	"BRR\000"
 2873 0a19 12       		.byte	0x12
 2874 0a1a 3E06     		.2byte	0x63e
 2875 0a1c 11       		.byte	0x11
 2876 0a1d F5000000 		.4byte	0xf5
 2877 0a21 0C       		.byte	0xc
ARM GAS  C:\Users\DEVELO~1\AppData\Local\Temp\cc3MmbBd.s 			page 52


 2878 0a22 01       		.uleb128 0x1
 2879 0a23 FA010000 		.4byte	.LASF153
 2880 0a27 12       		.byte	0x12
 2881 0a28 3F06     		.2byte	0x63f
 2882 0a2a 11       		.byte	0x11
 2883 0a2b F5000000 		.4byte	0xf5
 2884 0a2f 10       		.byte	0x10
 2885 0a30 01       		.uleb128 0x1
 2886 0a31 7E060000 		.4byte	.LASF154
 2887 0a35 12       		.byte	0x12
 2888 0a36 4006     		.2byte	0x640
 2889 0a38 11       		.byte	0x11
 2890 0a39 F5000000 		.4byte	0xf5
 2891 0a3d 14       		.byte	0x14
 2892 0a3e 06       		.uleb128 0x6
 2893 0a3f 52515200 		.ascii	"RQR\000"
 2894 0a43 12       		.byte	0x12
 2895 0a44 4106     		.2byte	0x641
 2896 0a46 11       		.byte	0x11
 2897 0a47 F5000000 		.4byte	0xf5
 2898 0a4b 18       		.byte	0x18
 2899 0a4c 06       		.uleb128 0x6
 2900 0a4d 49535200 		.ascii	"ISR\000"
 2901 0a51 12       		.byte	0x12
 2902 0a52 4206     		.2byte	0x642
 2903 0a54 11       		.byte	0x11
 2904 0a55 F5000000 		.4byte	0xf5
 2905 0a59 1C       		.byte	0x1c
 2906 0a5a 06       		.uleb128 0x6
 2907 0a5b 49435200 		.ascii	"ICR\000"
 2908 0a5f 12       		.byte	0x12
 2909 0a60 4306     		.2byte	0x643
 2910 0a62 11       		.byte	0x11
 2911 0a63 F5000000 		.4byte	0xf5
 2912 0a67 20       		.byte	0x20
 2913 0a68 06       		.uleb128 0x6
 2914 0a69 52445200 		.ascii	"RDR\000"
 2915 0a6d 12       		.byte	0x12
 2916 0a6e 4406     		.2byte	0x644
 2917 0a70 11       		.byte	0x11
 2918 0a71 F5000000 		.4byte	0xf5
 2919 0a75 24       		.byte	0x24
 2920 0a76 06       		.uleb128 0x6
 2921 0a77 54445200 		.ascii	"TDR\000"
 2922 0a7b 12       		.byte	0x12
 2923 0a7c 4506     		.2byte	0x645
 2924 0a7e 11       		.byte	0x11
 2925 0a7f F5000000 		.4byte	0xf5
 2926 0a83 28       		.byte	0x28
 2927 0a84 01       		.uleb128 0x1
 2928 0a85 F7020000 		.4byte	.LASF155
 2929 0a89 12       		.byte	0x12
 2930 0a8a 4606     		.2byte	0x646
 2931 0a8c 11       		.byte	0x11
 2932 0a8d F5000000 		.4byte	0xf5
 2933 0a91 2C       		.byte	0x2c
 2934 0a92 00       		.byte	0
ARM GAS  C:\Users\DEVELO~1\AppData\Local\Temp\cc3MmbBd.s 			page 53


 2935 0a93 17       		.uleb128 0x17
 2936 0a94 3C050000 		.4byte	.LASF156
 2937 0a98 12       		.byte	0x12
 2938 0a99 4706     		.2byte	0x647
 2939 0a9b E0090000 		.4byte	0x9e0
 2940 0a9f 18       		.uleb128 0x18
 2941 0aa0 A4080000 		.4byte	.LASF157
 2942 0aa4 24       		.byte	0x24
 2943 0aa5 03       		.byte	0x3
 2944 0aa6 E001     		.2byte	0x1e0
 2945 0aa8 08       		.byte	0x8
 2946 0aa9 250B0000 		.4byte	0xb25
 2947 0aad 06       		.uleb128 0x6
 2948 0aae 723400   		.ascii	"r4\000"
 2949 0ab1 03       		.byte	0x3
 2950 0ab2 F901     		.2byte	0x1f9
 2951 0ab4 11       		.byte	0x11
 2952 0ab5 E9000000 		.4byte	0xe9
 2953 0ab9 00       		.byte	0
 2954 0aba 06       		.uleb128 0x6
 2955 0abb 723500   		.ascii	"r5\000"
 2956 0abe 03       		.byte	0x3
 2957 0abf FA01     		.2byte	0x1fa
 2958 0ac1 11       		.byte	0x11
 2959 0ac2 E9000000 		.4byte	0xe9
 2960 0ac6 04       		.byte	0x4
 2961 0ac7 06       		.uleb128 0x6
 2962 0ac8 723600   		.ascii	"r6\000"
 2963 0acb 03       		.byte	0x3
 2964 0acc FB01     		.2byte	0x1fb
 2965 0ace 11       		.byte	0x11
 2966 0acf E9000000 		.4byte	0xe9
 2967 0ad3 08       		.byte	0x8
 2968 0ad4 06       		.uleb128 0x6
 2969 0ad5 723700   		.ascii	"r7\000"
 2970 0ad8 03       		.byte	0x3
 2971 0ad9 FC01     		.2byte	0x1fc
 2972 0adb 11       		.byte	0x11
 2973 0adc E9000000 		.4byte	0xe9
 2974 0ae0 0C       		.byte	0xc
 2975 0ae1 06       		.uleb128 0x6
 2976 0ae2 723800   		.ascii	"r8\000"
 2977 0ae5 03       		.byte	0x3
 2978 0ae6 FD01     		.2byte	0x1fd
 2979 0ae8 11       		.byte	0x11
 2980 0ae9 E9000000 		.4byte	0xe9
 2981 0aed 10       		.byte	0x10
 2982 0aee 06       		.uleb128 0x6
 2983 0aef 723900   		.ascii	"r9\000"
 2984 0af2 03       		.byte	0x3
 2985 0af3 FE01     		.2byte	0x1fe
 2986 0af5 11       		.byte	0x11
 2987 0af6 E9000000 		.4byte	0xe9
 2988 0afa 14       		.byte	0x14
 2989 0afb 06       		.uleb128 0x6
 2990 0afc 72313000 		.ascii	"r10\000"
 2991 0b00 03       		.byte	0x3
ARM GAS  C:\Users\DEVELO~1\AppData\Local\Temp\cc3MmbBd.s 			page 54


 2992 0b01 FF01     		.2byte	0x1ff
 2993 0b03 11       		.byte	0x11
 2994 0b04 E9000000 		.4byte	0xe9
 2995 0b08 18       		.byte	0x18
 2996 0b09 06       		.uleb128 0x6
 2997 0b0a 72313100 		.ascii	"r11\000"
 2998 0b0e 03       		.byte	0x3
 2999 0b0f 0002     		.2byte	0x200
 3000 0b11 11       		.byte	0x11
 3001 0b12 E9000000 		.4byte	0xe9
 3002 0b16 1C       		.byte	0x1c
 3003 0b17 06       		.uleb128 0x6
 3004 0b18 6C7200   		.ascii	"lr\000"
 3005 0b1b 03       		.byte	0x3
 3006 0b1c 0102     		.2byte	0x201
 3007 0b1e 11       		.byte	0x11
 3008 0b1f E9000000 		.4byte	0xe9
 3009 0b23 20       		.byte	0x20
 3010 0b24 00       		.byte	0
 3011 0b25 18       		.uleb128 0x18
 3012 0b26 48010000 		.4byte	.LASF158
 3013 0b2a 04       		.byte	0x4
 3014 0b2b 03       		.byte	0x3
 3015 0b2c 0A02     		.2byte	0x20a
 3016 0b2e 08       		.byte	0x8
 3017 0b2f 410B0000 		.4byte	0xb41
 3018 0b33 06       		.uleb128 0x6
 3019 0b34 737000   		.ascii	"sp\000"
 3020 0b37 03       		.byte	0x3
 3021 0b38 0B02     		.2byte	0x20b
 3022 0b3a 1A       		.byte	0x1a
 3023 0b3b 410B0000 		.4byte	0xb41
 3024 0b3f 00       		.byte	0
 3025 0b40 00       		.byte	0
 3026 0b41 05       		.uleb128 0x5
 3027 0b42 9F0A0000 		.4byte	0xa9f
 3028 0b46 07       		.uleb128 0x7
 3029 0b47 76030000 		.4byte	.LASF159
 3030 0b4b 18       		.byte	0x18
 3031 0b4c 0C       		.byte	0xc
 3032 0b4d 64       		.byte	0x64
 3033 0b4e 10       		.byte	0x10
 3034 0b4f 7B0B0000 		.4byte	0xb7b
 3035 0b53 02       		.uleb128 0x2
 3036 0b54 26090000 		.4byte	.LASF160
 3037 0b58 0C       		.byte	0xc
 3038 0b59 68       		.byte	0x68
 3039 0b5a 21       		.byte	0x21
 3040 0b5b 4B040000 		.4byte	0x44b
 3041 0b5f 00       		.byte	0
 3042 0b60 02       		.uleb128 0x2
 3043 0b61 2C090000 		.4byte	.LASF161
 3044 0b65 0C       		.byte	0xc
 3045 0b66 73       		.byte	0x73
 3046 0b67 21       		.byte	0x21
 3047 0b68 88030000 		.4byte	0x388
 3048 0b6c 0C       		.byte	0xc
ARM GAS  C:\Users\DEVELO~1\AppData\Local\Temp\cc3MmbBd.s 			page 55


 3049 0b6d 02       		.uleb128 0x2
 3050 0b6e 81010000 		.4byte	.LASF162
 3051 0b72 0C       		.byte	0xc
 3052 0b73 79       		.byte	0x79
 3053 0b74 21       		.byte	0x21
 3054 0b75 06010000 		.4byte	0x106
 3055 0b79 10       		.byte	0x10
 3056 0b7a 00       		.byte	0
 3057 0b7b 03       		.uleb128 0x3
 3058 0b7c A80A0000 		.4byte	.LASF163
 3059 0b80 0C       		.byte	0xc
 3060 0b81 7B       		.byte	0x7b
 3061 0b82 03       		.byte	0x3
 3062 0b83 460B0000 		.4byte	0xb46
 3063 0b87 07       		.uleb128 0x7
 3064 0b88 38000000 		.4byte	.LASF164
 3065 0b8c 08       		.byte	0x8
 3066 0b8d 0C       		.byte	0xc
 3067 0b8e 80       		.byte	0x80
 3068 0b8f 10       		.byte	0x10
 3069 0b90 A20B0000 		.4byte	0xba2
 3070 0b94 02       		.uleb128 0x2
 3071 0b95 FB090000 		.4byte	.LASF165
 3072 0b99 0C       		.byte	0xc
 3073 0b9a 84       		.byte	0x84
 3074 0b9b 21       		.byte	0x21
 3075 0b9c CC030000 		.4byte	0x3cc
 3076 0ba0 00       		.byte	0
 3077 0ba1 00       		.byte	0
 3078 0ba2 03       		.uleb128 0x3
 3079 0ba3 FE060000 		.4byte	.LASF166
 3080 0ba7 0C       		.byte	0xc
 3081 0ba8 85       		.byte	0x85
 3082 0ba9 03       		.byte	0x3
 3083 0baa 870B0000 		.4byte	0xb87
 3084 0bae 03       		.uleb128 0x3
 3085 0baf 25000000 		.4byte	.LASF167
 3086 0bb3 0C       		.byte	0xc
 3087 0bb4 8A       		.byte	0x8a
 3088 0bb5 14       		.byte	0x14
 3089 0bb6 B4040000 		.4byte	0x4b4
 3090 0bba 07       		.uleb128 0x7
 3091 0bbb C0060000 		.4byte	.LASF168
 3092 0bbf 08       		.byte	0x8
 3093 0bc0 0C       		.byte	0xc
 3094 0bc1 8F       		.byte	0x8f
 3095 0bc2 10       		.byte	0x10
 3096 0bc3 D50B0000 		.4byte	0xbd5
 3097 0bc7 02       		.uleb128 0x2
 3098 0bc8 FB090000 		.4byte	.LASF165
 3099 0bcc 0C       		.byte	0xc
 3100 0bcd 93       		.byte	0x93
 3101 0bce 21       		.byte	0x21
 3102 0bcf CC030000 		.4byte	0x3cc
 3103 0bd3 00       		.byte	0
 3104 0bd4 00       		.byte	0
 3105 0bd5 03       		.uleb128 0x3
ARM GAS  C:\Users\DEVELO~1\AppData\Local\Temp\cc3MmbBd.s 			page 56


 3106 0bd6 5E030000 		.4byte	.LASF169
 3107 0bda 0C       		.byte	0xc
 3108 0bdb 94       		.byte	0x94
 3109 0bdc 03       		.byte	0x3
 3110 0bdd BA0B0000 		.4byte	0xbba
 3111 0be1 1D       		.uleb128 0x1d
 3112 0be2 0C       		.byte	0xc
 3113 0be3 0C       		.byte	0xc
 3114 0be4 A0       		.byte	0xa0
 3115 0be5 0E0C0000 		.4byte	0xc0e
 3116 0be9 0E       		.uleb128 0xe
 3117 0bea FF010000 		.4byte	.LASF170
 3118 0bee 0C       		.byte	0xc
 3119 0bef A4       		.byte	0xa4
 3120 0bf0 21       		.byte	0x21
 3121 0bf1 A0030000 		.4byte	0x3a0
 3122 0bf5 0E       		.uleb128 0xe
 3123 0bf6 FB090000 		.4byte	.LASF165
 3124 0bfa 0C       		.byte	0xc
 3125 0bfb A8       		.byte	0xa8
 3126 0bfc 21       		.byte	0x21
 3127 0bfd CC030000 		.4byte	0x3cc
 3128 0c01 0E       		.uleb128 0xe
 3129 0c02 0C030000 		.4byte	.LASF171
 3130 0c06 0C       		.byte	0xc
 3131 0c07 AC       		.byte	0xac
 3132 0c08 21       		.byte	0x21
 3133 0c09 05040000 		.4byte	0x405
 3134 0c0d 00       		.byte	0
 3135 0c0e 1D       		.uleb128 0x1d
 3136 0c0f 04       		.byte	0x4
 3137 0c10 0C       		.byte	0xc
 3138 0c11 EB       		.byte	0xeb
 3139 0c12 770C0000 		.4byte	0xc77
 3140 0c16 0E       		.uleb128 0xe
 3141 0c17 30040000 		.4byte	.LASF172
 3142 0c1b 0C       		.byte	0xc
 3143 0c1c F2       		.byte	0xf2
 3144 0c1d 21       		.byte	0x21
 3145 0c1e 53010000 		.4byte	0x153
 3146 0c22 0E       		.uleb128 0xe
 3147 0c23 ED0B0000 		.4byte	.LASF173
 3148 0c27 0C       		.byte	0xc
 3149 0c28 F9       		.byte	0xf9
 3150 0c29 21       		.byte	0x21
 3151 0c2a 53010000 		.4byte	0x153
 3152 0c2e 13       		.uleb128 0x13
 3153 0c2f 27010000 		.4byte	.LASF79
 3154 0c33 0001     		.2byte	0x100
 3155 0c35 22       		.byte	0x22
 3156 0c36 B9040000 		.4byte	0x4b9
 3157 0c3a 13       		.uleb128 0x13
 3158 0c3b D40B0000 		.4byte	.LASF174
 3159 0c3f 0701     		.2byte	0x107
 3160 0c41 22       		.byte	0x22
 3161 0c42 770C0000 		.4byte	0xc77
 3162 0c46 13       		.uleb128 0x13
ARM GAS  C:\Users\DEVELO~1\AppData\Local\Temp\cc3MmbBd.s 			page 57


 3163 0c47 33020000 		.4byte	.LASF175
 3164 0c4b 0C01     		.2byte	0x10c
 3165 0c4d 21       		.byte	0x21
 3166 0c4e 53010000 		.4byte	0x153
 3167 0c52 13       		.uleb128 0x13
 3168 0c53 250A0000 		.4byte	.LASF176
 3169 0c57 1501     		.2byte	0x115
 3170 0c59 22       		.byte	0x22
 3171 0c5a A40C0000 		.4byte	0xca4
 3172 0c5e 13       		.uleb128 0x13
 3173 0c5f E60B0000 		.4byte	.LASF177
 3174 0c63 1E01     		.2byte	0x11e
 3175 0c65 22       		.byte	0x22
 3176 0c66 DE0C0000 		.4byte	0xcde
 3177 0c6a 13       		.uleb128 0x13
 3178 0c6b 020B0000 		.4byte	.LASF178
 3179 0c6f 2601     		.2byte	0x126
 3180 0c71 21       		.byte	0x21
 3181 0c72 5F010000 		.4byte	0x15f
 3182 0c76 00       		.byte	0
 3183 0c77 05       		.uleb128 0x5
 3184 0c78 AE0B0000 		.4byte	0xbae
 3185 0c7c 07       		.uleb128 0x7
 3186 0c7d 3E0A0000 		.4byte	.LASF179
 3187 0c81 0C       		.byte	0xc
 3188 0c82 13       		.byte	0x13
 3189 0c83 34       		.byte	0x34
 3190 0c84 10       		.byte	0x10
 3191 0c85 A40C0000 		.4byte	0xca4
 3192 0c89 02       		.uleb128 0x2
 3193 0c8a FB090000 		.4byte	.LASF165
 3194 0c8e 13       		.byte	0x13
 3195 0c8f 35       		.byte	0x35
 3196 0c90 19       		.byte	0x19
 3197 0c91 CC030000 		.4byte	0x3cc
 3198 0c95 00       		.byte	0
 3199 0c96 08       		.uleb128 0x8
 3200 0c97 636E7400 		.ascii	"cnt\000"
 3201 0c9b 13       		.byte	0x13
 3202 0c9c 37       		.byte	0x37
 3203 0c9d 19       		.byte	0x19
 3204 0c9e 77010000 		.4byte	0x177
 3205 0ca2 08       		.byte	0x8
 3206 0ca3 00       		.byte	0
 3207 0ca4 05       		.uleb128 0x5
 3208 0ca5 7C0C0000 		.4byte	0xc7c
 3209 0ca9 07       		.uleb128 0x7
 3210 0caa 21050000 		.4byte	.LASF180
 3211 0cae 10       		.byte	0x10
 3212 0caf 14       		.byte	0x14
 3213 0cb0 39       		.byte	0x39
 3214 0cb1 08       		.byte	0x8
 3215 0cb2 DE0C0000 		.4byte	0xcde
 3216 0cb6 02       		.uleb128 0x2
 3217 0cb7 FB090000 		.4byte	.LASF165
 3218 0cbb 14       		.byte	0x14
 3219 0cbc 3A       		.byte	0x3a
ARM GAS  C:\Users\DEVELO~1\AppData\Local\Temp\cc3MmbBd.s 			page 58


 3220 0cbd 19       		.byte	0x19
 3221 0cbe CC030000 		.4byte	0x3cc
 3222 0cc2 00       		.byte	0
 3223 0cc3 02       		.uleb128 0x2
 3224 0cc4 40030000 		.4byte	.LASF34
 3225 0cc8 14       		.byte	0x14
 3226 0cc9 3C       		.byte	0x3c
 3227 0cca 1A       		.byte	0x1a
 3228 0ccb B4040000 		.4byte	0x4b4
 3229 0ccf 08       		.byte	0x8
 3230 0cd0 02       		.uleb128 0x2
 3231 0cd1 CC000000 		.4byte	.LASF69
 3232 0cd5 14       		.byte	0x14
 3233 0cd6 3E       		.byte	0x3e
 3234 0cd7 1A       		.byte	0x1a
 3235 0cd8 9B0D0000 		.4byte	0xd9b
 3236 0cdc 0C       		.byte	0xc
 3237 0cdd 00       		.byte	0
 3238 0cde 05       		.uleb128 0x5
 3239 0cdf A90C0000 		.4byte	0xca9
 3240 0ce3 05       		.uleb128 0x5
 3241 0ce4 7E020000 		.4byte	0x27e
 3242 0ce8 05       		.uleb128 0x5
 3243 0ce9 17010000 		.4byte	0x117
 3244 0ced 18       		.uleb128 0x18
 3245 0cee 73010000 		.4byte	.LASF181
 3246 0cf2 10       		.byte	0x10
 3247 0cf3 0C       		.byte	0xc
 3248 0cf4 5C01     		.2byte	0x15c
 3249 0cf6 10       		.byte	0x10
 3250 0cf7 180D0000 		.4byte	0xd18
 3251 0cfb 01       		.uleb128 0x1
 3252 0cfc 0C030000 		.4byte	.LASF171
 3253 0d00 0C       		.byte	0xc
 3254 0d01 6101     		.2byte	0x161
 3255 0d03 21       		.byte	0x21
 3256 0d04 05040000 		.4byte	0x405
 3257 0d08 00       		.byte	0
 3258 0d09 01       		.uleb128 0x1
 3259 0d0a 870B0000 		.4byte	.LASF182
 3260 0d0e 0C       		.byte	0xc
 3261 0d0f 6501     		.2byte	0x165
 3262 0d11 22       		.byte	0x22
 3263 0d12 B4040000 		.4byte	0x4b4
 3264 0d16 0C       		.byte	0xc
 3265 0d17 00       		.byte	0
 3266 0d18 17       		.uleb128 0x17
 3267 0d19 E6090000 		.4byte	.LASF183
 3268 0d1d 0C       		.byte	0xc
 3269 0d1e 6601     		.2byte	0x166
 3270 0d20 ED0C0000 		.4byte	0xced
 3271 0d24 18       		.uleb128 0x18
 3272 0d25 10090000 		.4byte	.LASF184
 3273 0d29 14       		.byte	0x14
 3274 0d2a 0C       		.byte	0xc
 3275 0d2b 6B01     		.2byte	0x16b
 3276 0d2d 10       		.byte	0x10
ARM GAS  C:\Users\DEVELO~1\AppData\Local\Temp\cc3MmbBd.s 			page 59


 3277 0d2e 790D0000 		.4byte	0xd79
 3278 0d32 01       		.uleb128 0x1
 3279 0d33 20000000 		.4byte	.LASF35
 3280 0d37 0C       		.byte	0xc
 3281 0d38 6F01     		.2byte	0x16f
 3282 0d3a 22       		.byte	0x22
 3283 0d3b 66030000 		.4byte	0x366
 3284 0d3f 00       		.byte	0
 3285 0d40 01       		.uleb128 0x1
 3286 0d41 22060000 		.4byte	.LASF185
 3287 0d45 0C       		.byte	0xc
 3288 0d46 7501     		.2byte	0x175
 3289 0d48 22       		.byte	0x22
 3290 0d49 E80C0000 		.4byte	0xce8
 3291 0d4d 04       		.byte	0x4
 3292 0d4e 01       		.uleb128 0x1
 3293 0d4f 4F030000 		.4byte	.LASF186
 3294 0d53 0C       		.byte	0xc
 3295 0d54 7901     		.2byte	0x179
 3296 0d56 22       		.byte	0x22
 3297 0d57 E80C0000 		.4byte	0xce8
 3298 0d5b 08       		.byte	0x8
 3299 0d5c 01       		.uleb128 0x1
 3300 0d5d 270B0000 		.4byte	.LASF187
 3301 0d61 0C       		.byte	0xc
 3302 0d62 7F01     		.2byte	0x17f
 3303 0d64 22       		.byte	0x22
 3304 0d65 E80C0000 		.4byte	0xce8
 3305 0d69 0C       		.byte	0xc
 3306 0d6a 01       		.uleb128 0x1
 3307 0d6b 88050000 		.4byte	.LASF188
 3308 0d6f 0C       		.byte	0xc
 3309 0d70 8301     		.2byte	0x183
 3310 0d72 22       		.byte	0x22
 3311 0d73 E80C0000 		.4byte	0xce8
 3312 0d77 10       		.byte	0x10
 3313 0d78 00       		.byte	0
 3314 0d79 17       		.uleb128 0x17
 3315 0d7a 90020000 		.4byte	.LASF189
 3316 0d7e 0C       		.byte	0xc
 3317 0d7f 8501     		.2byte	0x185
 3318 0d81 240D0000 		.4byte	0xd24
 3319 0d85 11       		.uleb128 0x11
 3320 0d86 790D0000 		.4byte	0xd79
 3321 0d8a 05       		.uleb128 0x5
 3322 0d8b 850D0000 		.4byte	0xd85
 3323 0d8f 03       		.uleb128 0x3
 3324 0d90 5D0A0000 		.4byte	.LASF190
 3325 0d94 14       		.byte	0x14
 3326 0d95 34       		.byte	0x34
 3327 0d96 19       		.byte	0x19
 3328 0d97 A90C0000 		.4byte	0xca9
 3329 0d9b 05       		.uleb128 0x5
 3330 0d9c 8F0D0000 		.4byte	0xd8f
 3331 0da0 03       		.uleb128 0x3
 3332 0da1 D5090000 		.4byte	.LASF191
 3333 0da5 15       		.byte	0x15
ARM GAS  C:\Users\DEVELO~1\AppData\Local\Temp\cc3MmbBd.s 			page 60


 3334 0da6 34       		.byte	0x34
 3335 0da7 1F       		.byte	0x1f
 3336 0da8 AC0D0000 		.4byte	0xdac
 3337 0dac 07       		.uleb128 0x7
 3338 0dad D7060000 		.4byte	.LASF192
 3339 0db1 14       		.byte	0x14
 3340 0db2 15       		.byte	0x15
 3341 0db3 39       		.byte	0x39
 3342 0db4 08       		.byte	0x8
 3343 0db5 FB0D0000 		.4byte	0xdfb
 3344 0db9 02       		.uleb128 0x2
 3345 0dba CC000000 		.4byte	.LASF69
 3346 0dbe 15       		.byte	0x15
 3347 0dbf 3A       		.byte	0x3a
 3348 0dc0 1A       		.byte	0x1a
 3349 0dc1 FB0D0000 		.4byte	0xdfb
 3350 0dc5 00       		.byte	0
 3351 0dc6 02       		.uleb128 0x2
 3352 0dc7 61000000 		.4byte	.LASF193
 3353 0dcb 15       		.byte	0x15
 3354 0dcc 3D       		.byte	0x3d
 3355 0dcd 1A       		.byte	0x1a
 3356 0dce B4040000 		.4byte	0x4b4
 3357 0dd2 04       		.byte	0x4
 3358 0dd3 02       		.uleb128 0x2
 3359 0dd4 14010000 		.4byte	.LASF194
 3360 0dd8 15       		.byte	0x15
 3361 0dd9 3F       		.byte	0x3f
 3362 0dda 19       		.byte	0x19
 3363 0ddb 5F010000 		.4byte	0x15f
 3364 0ddf 08       		.byte	0x8
 3365 0de0 02       		.uleb128 0x2
 3366 0de1 6F000000 		.4byte	.LASF38
 3367 0de5 15       		.byte	0x15
 3368 0de6 41       		.byte	0x41
 3369 0de7 19       		.byte	0x19
 3370 0de8 6B010000 		.4byte	0x16b
 3371 0dec 0C       		.byte	0xc
 3372 0ded 02       		.uleb128 0x2
 3373 0dee 93080000 		.4byte	.LASF195
 3374 0df2 15       		.byte	0x15
 3375 0df3 43       		.byte	0x43
 3376 0df4 19       		.byte	0x19
 3377 0df5 6B010000 		.4byte	0x16b
 3378 0df9 10       		.byte	0x10
 3379 0dfa 00       		.byte	0
 3380 0dfb 05       		.uleb128 0x5
 3381 0dfc A00D0000 		.4byte	0xda0
 3382 0e00 07       		.uleb128 0x7
 3383 0e01 67070000 		.4byte	.LASF196
 3384 0e05 04       		.byte	0x4
 3385 0e06 15       		.byte	0x15
 3386 0e07 4A       		.byte	0x4a
 3387 0e08 10       		.byte	0x10
 3388 0e09 1B0E0000 		.4byte	0xe1b
 3389 0e0d 02       		.uleb128 0x2
 3390 0e0e CC000000 		.4byte	.LASF69
ARM GAS  C:\Users\DEVELO~1\AppData\Local\Temp\cc3MmbBd.s 			page 61


 3391 0e12 15       		.byte	0x15
 3392 0e13 4B       		.byte	0x4b
 3393 0e14 1A       		.byte	0x1a
 3394 0e15 FB0D0000 		.4byte	0xdfb
 3395 0e19 00       		.byte	0
 3396 0e1a 00       		.byte	0
 3397 0e1b 03       		.uleb128 0x3
 3398 0e1c FD020000 		.4byte	.LASF197
 3399 0e20 15       		.byte	0x15
 3400 0e21 4E       		.byte	0x4e
 3401 0e22 03       		.byte	0x3
 3402 0e23 000E0000 		.4byte	0xe00
 3403 0e27 09       		.uleb128 0x9
 3404 0e28 01       		.byte	0x1
 3405 0e29 02       		.byte	0x2
 3406 0e2a 02050000 		.4byte	.LASF198
 3407 0e2e 05       		.uleb128 0x5
 3408 0e2f C0000000 		.4byte	0xc0
 3409 0e33 0C       		.uleb128 0xc
 3410 0e34 2D000000 		.4byte	0x2d
 3411 0e38 4C0E0000 		.4byte	0xe4c
 3412 0e3c 04       		.uleb128 0x4
 3413 0e3d B9040000 		.4byte	0x4b9
 3414 0e41 04       		.uleb128 0x4
 3415 0e42 4C0E0000 		.4byte	0xe4c
 3416 0e46 04       		.uleb128 0x4
 3417 0e47 2D000000 		.4byte	0x2d
 3418 0e4b 00       		.byte	0
 3419 0e4c 05       		.uleb128 0x5
 3420 0e4d CC000000 		.4byte	0xcc
 3421 0e51 05       		.uleb128 0x5
 3422 0e52 330E0000 		.4byte	0xe33
 3423 0e56 0C       		.uleb128 0xc
 3424 0e57 2D000000 		.4byte	0x2d
 3425 0e5b 6F0E0000 		.4byte	0xe6f
 3426 0e5f 04       		.uleb128 0x4
 3427 0e60 B9040000 		.4byte	0x4b9
 3428 0e64 04       		.uleb128 0x4
 3429 0e65 2E0E0000 		.4byte	0xe2e
 3430 0e69 04       		.uleb128 0x4
 3431 0e6a 2D000000 		.4byte	0x2d
 3432 0e6e 00       		.byte	0
 3433 0e6f 05       		.uleb128 0x5
 3434 0e70 560E0000 		.4byte	0xe56
 3435 0e74 0C       		.uleb128 0xc
 3436 0e75 53010000 		.4byte	0x153
 3437 0e79 880E0000 		.4byte	0xe88
 3438 0e7d 04       		.uleb128 0x4
 3439 0e7e B9040000 		.4byte	0x4b9
 3440 0e82 04       		.uleb128 0x4
 3441 0e83 C0000000 		.4byte	0xc0
 3442 0e87 00       		.byte	0
 3443 0e88 05       		.uleb128 0x5
 3444 0e89 740E0000 		.4byte	0xe74
 3445 0e8d 0C       		.uleb128 0xc
 3446 0e8e 53010000 		.4byte	0x153
 3447 0e92 9C0E0000 		.4byte	0xe9c
ARM GAS  C:\Users\DEVELO~1\AppData\Local\Temp\cc3MmbBd.s 			page 62


 3448 0e96 04       		.uleb128 0x4
 3449 0e97 B9040000 		.4byte	0x4b9
 3450 0e9b 00       		.byte	0
 3451 0e9c 05       		.uleb128 0x5
 3452 0e9d 8D0E0000 		.4byte	0xe8d
 3453 0ea1 0C       		.uleb128 0xc
 3454 0ea2 53010000 		.4byte	0x153
 3455 0ea6 BA0E0000 		.4byte	0xeba
 3456 0eaa 04       		.uleb128 0x4
 3457 0eab B9040000 		.4byte	0x4b9
 3458 0eaf 04       		.uleb128 0x4
 3459 0eb0 C0000000 		.4byte	0xc0
 3460 0eb4 04       		.uleb128 0x4
 3461 0eb5 94030000 		.4byte	0x394
 3462 0eb9 00       		.byte	0
 3463 0eba 05       		.uleb128 0x5
 3464 0ebb A10E0000 		.4byte	0xea1
 3465 0ebf 0C       		.uleb128 0xc
 3466 0ec0 53010000 		.4byte	0x153
 3467 0ec4 D30E0000 		.4byte	0xed3
 3468 0ec8 04       		.uleb128 0x4
 3469 0ec9 B9040000 		.4byte	0x4b9
 3470 0ecd 04       		.uleb128 0x4
 3471 0ece 94030000 		.4byte	0x394
 3472 0ed2 00       		.byte	0
 3473 0ed3 05       		.uleb128 0x5
 3474 0ed4 BF0E0000 		.4byte	0xebf
 3475 0ed8 0C       		.uleb128 0xc
 3476 0ed9 2D000000 		.4byte	0x2d
 3477 0edd F60E0000 		.4byte	0xef6
 3478 0ee1 04       		.uleb128 0x4
 3479 0ee2 B9040000 		.4byte	0x4b9
 3480 0ee6 04       		.uleb128 0x4
 3481 0ee7 4C0E0000 		.4byte	0xe4c
 3482 0eeb 04       		.uleb128 0x4
 3483 0eec 2D000000 		.4byte	0x2d
 3484 0ef0 04       		.uleb128 0x4
 3485 0ef1 94030000 		.4byte	0x394
 3486 0ef5 00       		.byte	0
 3487 0ef6 05       		.uleb128 0x5
 3488 0ef7 D80E0000 		.4byte	0xed8
 3489 0efb 0C       		.uleb128 0xc
 3490 0efc 2D000000 		.4byte	0x2d
 3491 0f00 190F0000 		.4byte	0xf19
 3492 0f04 04       		.uleb128 0x4
 3493 0f05 B9040000 		.4byte	0x4b9
 3494 0f09 04       		.uleb128 0x4
 3495 0f0a 2E0E0000 		.4byte	0xe2e
 3496 0f0e 04       		.uleb128 0x4
 3497 0f0f 2D000000 		.4byte	0x2d
 3498 0f13 04       		.uleb128 0x4
 3499 0f14 94030000 		.4byte	0x394
 3500 0f18 00       		.byte	0
 3501 0f19 05       		.uleb128 0x5
 3502 0f1a FB0E0000 		.4byte	0xefb
 3503 0f1e 0C       		.uleb128 0xc
 3504 0f1f 53010000 		.4byte	0x153
ARM GAS  C:\Users\DEVELO~1\AppData\Local\Temp\cc3MmbBd.s 			page 63


 3505 0f23 370F0000 		.4byte	0xf37
 3506 0f27 04       		.uleb128 0x4
 3507 0f28 B9040000 		.4byte	0x4b9
 3508 0f2c 04       		.uleb128 0x4
 3509 0f2d 3E000000 		.4byte	0x3e
 3510 0f31 04       		.uleb128 0x4
 3511 0f32 B9040000 		.4byte	0x4b9
 3512 0f36 00       		.byte	0
 3513 0f37 05       		.uleb128 0x5
 3514 0f38 1E0F0000 		.4byte	0xf1e
 3515 0f3c 03       		.uleb128 0x3
 3516 0f3d AB000000 		.4byte	.LASF199
 3517 0f41 16       		.byte	0x16
 3518 0f42 3A       		.byte	0x3a
 3519 0f43 19       		.byte	0x19
 3520 0f44 480F0000 		.4byte	0xf48
 3521 0f48 07       		.uleb128 0x7
 3522 0f49 5D0B0000 		.4byte	.LASF200
 3523 0f4d 24       		.byte	0x24
 3524 0f4e 16       		.byte	0x16
 3525 0f4f 4B       		.byte	0x4b
 3526 0f50 08       		.byte	0x8
 3527 0f51 BE0F0000 		.4byte	0xfbe
 3528 0f55 02       		.uleb128 0x2
 3529 0f56 29020000 		.4byte	.LASF201
 3530 0f5a 16       		.byte	0x16
 3531 0f5b 4C       		.byte	0x4c
 3532 0f5c 19       		.byte	0x19
 3533 0f5d D50B0000 		.4byte	0xbd5
 3534 0f61 00       		.byte	0
 3535 0f62 02       		.uleb128 0x2
 3536 0f63 A2090000 		.4byte	.LASF202
 3537 0f67 16       		.byte	0x16
 3538 0f68 4D       		.byte	0x4d
 3539 0f69 19       		.byte	0x19
 3540 0f6a 39000000 		.4byte	0x39
 3541 0f6e 08       		.byte	0x8
 3542 0f6f 02       		.uleb128 0x2
 3543 0f70 120C0000 		.4byte	.LASF203
 3544 0f74 16       		.byte	0x16
 3545 0f75 4E       		.byte	0x4e
 3546 0f76 1A       		.byte	0x1a
 3547 0f77 2E0E0000 		.4byte	0xe2e
 3548 0f7b 0C       		.byte	0xc
 3549 0f7c 02       		.uleb128 0x2
 3550 0f7d AC090000 		.4byte	.LASF204
 3551 0f81 16       		.byte	0x16
 3552 0f82 4F       		.byte	0x4f
 3553 0f83 1A       		.byte	0x1a
 3554 0f84 2E0E0000 		.4byte	0xe2e
 3555 0f88 10       		.byte	0x10
 3556 0f89 02       		.uleb128 0x2
 3557 0f8a FD050000 		.4byte	.LASF205
 3558 0f8e 16       		.byte	0x16
 3559 0f8f 51       		.byte	0x51
 3560 0f90 1A       		.byte	0x1a
 3561 0f91 2E0E0000 		.4byte	0xe2e
ARM GAS  C:\Users\DEVELO~1\AppData\Local\Temp\cc3MmbBd.s 			page 64


 3562 0f95 14       		.byte	0x14
 3563 0f96 02       		.uleb128 0x2
 3564 0f97 F3000000 		.4byte	.LASF206
 3565 0f9b 16       		.byte	0x16
 3566 0f9c 52       		.byte	0x52
 3567 0f9d 1A       		.byte	0x1a
 3568 0f9e 2E0E0000 		.4byte	0xe2e
 3569 0fa2 18       		.byte	0x18
 3570 0fa3 02       		.uleb128 0x2
 3571 0fa4 6E050000 		.4byte	.LASF207
 3572 0fa8 16       		.byte	0x16
 3573 0fa9 53       		.byte	0x53
 3574 0faa 19       		.byte	0x19
 3575 0fab BE0F0000 		.4byte	0xfbe
 3576 0faf 1C       		.byte	0x1c
 3577 0fb0 02       		.uleb128 0x2
 3578 0fb1 78080000 		.4byte	.LASF208
 3579 0fb5 16       		.byte	0x16
 3580 0fb6 54       		.byte	0x54
 3581 0fb7 1A       		.byte	0x1a
 3582 0fb8 B9040000 		.4byte	0x4b9
 3583 0fbc 20       		.byte	0x20
 3584 0fbd 00       		.byte	0
 3585 0fbe 03       		.uleb128 0x3
 3586 0fbf 0A010000 		.4byte	.LASF209
 3587 0fc3 16       		.byte	0x16
 3588 0fc4 41       		.byte	0x41
 3589 0fc5 10       		.byte	0x10
 3590 0fc6 CA0F0000 		.4byte	0xfca
 3591 0fca 05       		.uleb128 0x5
 3592 0fcb CF0F0000 		.4byte	0xfcf
 3593 0fcf 30       		.uleb128 0x30
 3594 0fd0 DA0F0000 		.4byte	0xfda
 3595 0fd4 04       		.uleb128 0x4
 3596 0fd5 DA0F0000 		.4byte	0xfda
 3597 0fd9 00       		.byte	0
 3598 0fda 05       		.uleb128 0x5
 3599 0fdb 3C0F0000 		.4byte	0xf3c
 3600 0fdf 03       		.uleb128 0x3
 3601 0fe0 83060000 		.4byte	.LASF210
 3602 0fe4 16       		.byte	0x16
 3603 0fe5 61       		.byte	0x61
 3604 0fe6 14       		.byte	0x14
 3605 0fe7 3C0F0000 		.4byte	0xf3c
 3606 0feb 03       		.uleb128 0x3
 3607 0fec 19070000 		.4byte	.LASF211
 3608 0ff0 16       		.byte	0x16
 3609 0ff1 6D       		.byte	0x6d
 3610 0ff2 14       		.byte	0x14
 3611 0ff3 3C0F0000 		.4byte	0xf3c
 3612 0ff7 31       		.uleb128 0x31
 3613 0ff8 07       		.byte	0x7
 3614 0ff9 01       		.byte	0x1
 3615 0ffa 66000000 		.4byte	0x66
 3616 0ffe 17       		.byte	0x17
 3617 0fff 58       		.byte	0x58
 3618 1000 0E       		.byte	0xe
ARM GAS  C:\Users\DEVELO~1\AppData\Local\Temp\cc3MmbBd.s 			page 65


 3619 1001 18100000 		.4byte	0x1018
 3620 1005 20       		.uleb128 0x20
 3621 1006 85090000 		.4byte	.LASF212
 3622 100a 00       		.byte	0
 3623 100b 20       		.uleb128 0x20
 3624 100c 08050000 		.4byte	.LASF213
 3625 1010 01       		.byte	0x1
 3626 1011 20       		.uleb128 0x20
 3627 1012 2C080000 		.4byte	.LASF214
 3628 1016 02       		.byte	0x2
 3629 1017 00       		.byte	0
 3630 1018 03       		.uleb128 0x3
 3631 1019 62020000 		.4byte	.LASF215
 3632 101d 17       		.byte	0x17
 3633 101e 5C       		.byte	0x5c
 3634 101f 03       		.byte	0x3
 3635 1020 F70F0000 		.4byte	0xff7
 3636 1024 03       		.uleb128 0x3
 3637 1025 13000000 		.4byte	.LASF216
 3638 1029 17       		.byte	0x17
 3639 102a 61       		.byte	0x61
 3640 102b 22       		.byte	0x22
 3641 102c 30100000 		.4byte	0x1030
 3642 1030 07       		.uleb128 0x7
 3643 1031 99000000 		.4byte	.LASF217
 3644 1035 60       		.byte	0x60
 3645 1036 17       		.byte	0x17
 3646 1037 7B       		.byte	0x7b
 3647 1038 08       		.byte	0x8
 3648 1039 A6100000 		.4byte	0x10a6
 3649 103d 08       		.uleb128 0x8
 3650 103e 766D7400 		.ascii	"vmt\000"
 3651 1042 17       		.byte	0x17
 3652 1043 7D       		.byte	0x7d
 3653 1044 21       		.byte	0x21
 3654 1045 B4110000 		.4byte	0x11b4
 3655 1049 00       		.byte	0
 3656 104a 02       		.uleb128 0x2
 3657 104b 6C020000 		.4byte	.LASF218
 3658 104f 17       		.byte	0x17
 3659 1050 7E       		.byte	0x7e
 3660 1051 03       		.byte	0x3
 3661 1052 1B0E0000 		.4byte	0xe1b
 3662 1056 04       		.byte	0x4
 3663 1057 02       		.uleb128 0x2
 3664 1058 FC0A0000 		.4byte	.LASF37
 3665 105c 17       		.byte	0x17
 3666 105d 7E       		.byte	0x7e
 3667 105e 03       		.byte	0x3
 3668 105f 18100000 		.4byte	0x1018
 3669 1063 08       		.byte	0x8
 3670 1064 02       		.uleb128 0x2
 3671 1065 04020000 		.4byte	.LASF219
 3672 1069 17       		.byte	0x17
 3673 106a 7E       		.byte	0x7e
 3674 106b 03       		.byte	0x3
 3675 106c DF0F0000 		.4byte	0xfdf
ARM GAS  C:\Users\DEVELO~1\AppData\Local\Temp\cc3MmbBd.s 			page 66


 3676 1070 0C       		.byte	0xc
 3677 1071 02       		.uleb128 0x2
 3678 1072 FC070000 		.4byte	.LASF220
 3679 1076 17       		.byte	0x17
 3680 1077 7E       		.byte	0x7e
 3681 1078 03       		.byte	0x3
 3682 1079 EB0F0000 		.4byte	0xfeb
 3683 107d 30       		.byte	0x30
 3684 107e 02       		.uleb128 0x2
 3685 107f A4060000 		.4byte	.LASF221
 3686 1083 17       		.byte	0x17
 3687 1084 7E       		.byte	0x7e
 3688 1085 03       		.byte	0x3
 3689 1086 B9110000 		.4byte	0x11b9
 3690 108a 54       		.byte	0x54
 3691 108b 02       		.uleb128 0x2
 3692 108c 77050000 		.4byte	.LASF222
 3693 1090 17       		.byte	0x17
 3694 1091 7E       		.byte	0x7e
 3695 1092 03       		.byte	0x3
 3696 1093 E9000000 		.4byte	0xe9
 3697 1097 58       		.byte	0x58
 3698 1098 02       		.uleb128 0x2
 3699 1099 5D080000 		.4byte	.LASF223
 3700 109d 17       		.byte	0x17
 3701 109e 7E       		.byte	0x7e
 3702 109f 03       		.byte	0x3
 3703 10a0 C0000000 		.4byte	0xc0
 3704 10a4 5C       		.byte	0x5c
 3705 10a5 00       		.byte	0
 3706 10a6 18       		.uleb128 0x18
 3707 10a7 2A050000 		.4byte	.LASF224
 3708 10ab 10       		.byte	0x10
 3709 10ac 18       		.byte	0x18
 3710 10ad 6002     		.2byte	0x260
 3711 10af 10       		.byte	0x10
 3712 10b0 ED100000 		.4byte	0x10ed
 3713 10b4 01       		.uleb128 0x1
 3714 10b5 D5010000 		.4byte	.LASF225
 3715 10b9 18       		.byte	0x18
 3716 10ba 6402     		.2byte	0x264
 3717 10bc 1D       		.byte	0x1d
 3718 10bd E9000000 		.4byte	0xe9
 3719 10c1 00       		.byte	0
 3720 10c2 06       		.uleb128 0x6
 3721 10c3 63723100 		.ascii	"cr1\000"
 3722 10c7 18       		.byte	0x18
 3723 10c8 6902     		.2byte	0x269
 3724 10ca 1D       		.byte	0x1d
 3725 10cb E9000000 		.4byte	0xe9
 3726 10cf 04       		.byte	0x4
 3727 10d0 06       		.uleb128 0x6
 3728 10d1 63723200 		.ascii	"cr2\000"
 3729 10d5 18       		.byte	0x18
 3730 10d6 6D02     		.2byte	0x26d
 3731 10d8 1D       		.byte	0x1d
 3732 10d9 E9000000 		.4byte	0xe9
ARM GAS  C:\Users\DEVELO~1\AppData\Local\Temp\cc3MmbBd.s 			page 67


 3733 10dd 08       		.byte	0x8
 3734 10de 06       		.uleb128 0x6
 3735 10df 63723300 		.ascii	"cr3\000"
 3736 10e3 18       		.byte	0x18
 3737 10e4 7102     		.2byte	0x271
 3738 10e6 1D       		.byte	0x1d
 3739 10e7 E9000000 		.4byte	0xe9
 3740 10eb 0C       		.byte	0xc
 3741 10ec 00       		.byte	0
 3742 10ed 17       		.uleb128 0x17
 3743 10ee 47020000 		.4byte	.LASF226
 3744 10f2 18       		.byte	0x18
 3745 10f3 7202     		.2byte	0x272
 3746 10f5 A6100000 		.4byte	0x10a6
 3747 10f9 11       		.uleb128 0x11
 3748 10fa ED100000 		.4byte	0x10ed
 3749 10fe 21       		.uleb128 0x21
 3750 10ff 53443100 		.ascii	"SD1\000"
 3751 1103 9002     		.2byte	0x290
 3752 1105 24100000 		.4byte	0x1024
 3753 1109 21       		.uleb128 0x21
 3754 110a 53443500 		.ascii	"SD5\000"
 3755 110e 9C02     		.2byte	0x29c
 3756 1110 24100000 		.4byte	0x1024
 3757 1114 21       		.uleb128 0x21
 3758 1115 53443600 		.ascii	"SD6\000"
 3759 1119 9F02     		.2byte	0x29f
 3760 111b 24100000 		.4byte	0x1024
 3761 111f 07       		.uleb128 0x7
 3762 1120 6C0B0000 		.4byte	.LASF227
 3763 1124 28       		.byte	0x28
 3764 1125 17       		.byte	0x17
 3765 1126 70       		.byte	0x70
 3766 1127 08       		.byte	0x8
 3767 1128 AF110000 		.4byte	0x11af
 3768 112c 02       		.uleb128 0x2
 3769 112d 09070000 		.4byte	.LASF228
 3770 1131 17       		.byte	0x17
 3771 1132 71       		.byte	0x71
 3772 1133 03       		.byte	0x3
 3773 1134 2D000000 		.4byte	0x2d
 3774 1138 00       		.byte	0
 3775 1139 02       		.uleb128 0x2
 3776 113a D1060000 		.4byte	.LASF229
 3777 113e 17       		.byte	0x17
 3778 113f 71       		.byte	0x71
 3779 1140 03       		.byte	0x3
 3780 1141 510E0000 		.4byte	0xe51
 3781 1145 04       		.byte	0x4
 3782 1146 02       		.uleb128 0x2
 3783 1147 78090000 		.4byte	.LASF230
 3784 114b 17       		.byte	0x17
 3785 114c 71       		.byte	0x71
 3786 114d 03       		.byte	0x3
 3787 114e 6F0E0000 		.4byte	0xe6f
 3788 1152 08       		.byte	0x8
 3789 1153 08       		.uleb128 0x8
ARM GAS  C:\Users\DEVELO~1\AppData\Local\Temp\cc3MmbBd.s 			page 68


 3790 1154 70757400 		.ascii	"put\000"
 3791 1158 17       		.byte	0x17
 3792 1159 71       		.byte	0x71
 3793 115a 03       		.byte	0x3
 3794 115b 880E0000 		.4byte	0xe88
 3795 115f 0C       		.byte	0xc
 3796 1160 08       		.uleb128 0x8
 3797 1161 67657400 		.ascii	"get\000"
 3798 1165 17       		.byte	0x17
 3799 1166 71       		.byte	0x71
 3800 1167 03       		.byte	0x3
 3801 1168 9C0E0000 		.4byte	0xe9c
 3802 116c 10       		.byte	0x10
 3803 116d 02       		.uleb128 0x2
 3804 116e 1A040000 		.4byte	.LASF231
 3805 1172 17       		.byte	0x17
 3806 1173 71       		.byte	0x71
 3807 1174 03       		.byte	0x3
 3808 1175 BA0E0000 		.4byte	0xeba
 3809 1179 14       		.byte	0x14
 3810 117a 02       		.uleb128 0x2
 3811 117b 6A000000 		.4byte	.LASF232
 3812 117f 17       		.byte	0x17
 3813 1180 71       		.byte	0x71
 3814 1181 03       		.byte	0x3
 3815 1182 D30E0000 		.4byte	0xed3
 3816 1186 18       		.byte	0x18
 3817 1187 02       		.uleb128 0x2
 3818 1188 DB010000 		.4byte	.LASF233
 3819 118c 17       		.byte	0x17
 3820 118d 71       		.byte	0x71
 3821 118e 03       		.byte	0x3
 3822 118f F60E0000 		.4byte	0xef6
 3823 1193 1C       		.byte	0x1c
 3824 1194 02       		.uleb128 0x2
 3825 1195 F8060000 		.4byte	.LASF234
 3826 1199 17       		.byte	0x17
 3827 119a 71       		.byte	0x71
 3828 119b 03       		.byte	0x3
 3829 119c 190F0000 		.4byte	0xf19
 3830 11a0 20       		.byte	0x20
 3831 11a1 08       		.uleb128 0x8
 3832 11a2 63746C00 		.ascii	"ctl\000"
 3833 11a6 17       		.byte	0x17
 3834 11a7 71       		.byte	0x71
 3835 11a8 03       		.byte	0x3
 3836 11a9 370F0000 		.4byte	0xf37
 3837 11ad 24       		.byte	0x24
 3838 11ae 00       		.byte	0
 3839 11af 11       		.uleb128 0x11
 3840 11b0 1F110000 		.4byte	0x111f
 3841 11b4 05       		.uleb128 0x5
 3842 11b5 AF110000 		.4byte	0x11af
 3843 11b9 05       		.uleb128 0x5
 3844 11ba 930A0000 		.4byte	0xa93
 3845 11be 22       		.uleb128 0x22
 3846 11bf FE100000 		.4byte	0x10fe
ARM GAS  C:\Users\DEVELO~1\AppData\Local\Temp\cc3MmbBd.s 			page 69


 3847 11c3 5D       		.byte	0x5d
 3848 11c4 05       		.uleb128 0x5
 3849 11c5 03       		.byte	0x3
 3850 11c6 00000000 		.4byte	SD1
 3851 11ca 22       		.uleb128 0x22
 3852 11cb 09110000 		.4byte	0x1109
 3853 11cf 71       		.byte	0x71
 3854 11d0 05       		.uleb128 0x5
 3855 11d1 03       		.byte	0x3
 3856 11d2 00000000 		.4byte	SD5
 3857 11d6 22       		.uleb128 0x22
 3858 11d7 14110000 		.4byte	0x1114
 3859 11db 76       		.byte	0x76
 3860 11dc 05       		.uleb128 0x5
 3861 11dd 03       		.byte	0x3
 3862 11de 00000000 		.4byte	SD6
 3863 11e2 0F       		.uleb128 0xf
 3864 11e3 97050000 		.4byte	.LASF235
 3865 11e7 97       		.byte	0x97
 3866 11e8 1B       		.byte	0x1b
 3867 11e9 F9100000 		.4byte	0x10f9
 3868 11ed 05       		.uleb128 0x5
 3869 11ee 03       		.byte	0x3
 3870 11ef 00000000 		.4byte	default_config
 3871 11f3 15       		.uleb128 0x15
 3872 11f4 C0000000 		.4byte	0xc0
 3873 11f8 03120000 		.4byte	0x1203
 3874 11fc 16       		.uleb128 0x16
 3875 11fd 3E000000 		.4byte	0x3e
 3876 1201 0F       		.byte	0xf
 3877 1202 00       		.byte	0
 3878 1203 0F       		.uleb128 0xf
 3879 1204 7D050000 		.4byte	.LASF236
 3880 1208 A1       		.byte	0xa1
 3881 1209 10       		.byte	0x10
 3882 120a F3110000 		.4byte	0x11f3
 3883 120e 05       		.uleb128 0x5
 3884 120f 03       		.byte	0x3
 3885 1210 00000000 		.4byte	sd_in_buf1
 3886 1214 0F       		.uleb128 0xf
 3887 1215 A5020000 		.4byte	.LASF237
 3888 1219 A4       		.byte	0xa4
 3889 121a 10       		.byte	0x10
 3890 121b F3110000 		.4byte	0x11f3
 3891 121f 05       		.uleb128 0x5
 3892 1220 03       		.byte	0x3
 3893 1221 00000000 		.4byte	sd_out_buf1
 3894 1225 0F       		.uleb128 0xf
 3895 1226 A6050000 		.4byte	.LASF238
 3896 122a C1       		.byte	0xc1
 3897 122b 10       		.byte	0x10
 3898 122c F3110000 		.4byte	0x11f3
 3899 1230 05       		.uleb128 0x5
 3900 1231 03       		.byte	0x3
 3901 1232 00000000 		.4byte	sd_in_buf5
 3902 1236 0F       		.uleb128 0xf
 3903 1237 B1020000 		.4byte	.LASF239
ARM GAS  C:\Users\DEVELO~1\AppData\Local\Temp\cc3MmbBd.s 			page 70


 3904 123b C4       		.byte	0xc4
 3905 123c 10       		.byte	0x10
 3906 123d F3110000 		.4byte	0x11f3
 3907 1241 05       		.uleb128 0x5
 3908 1242 03       		.byte	0x3
 3909 1243 00000000 		.4byte	sd_out_buf5
 3910 1247 0F       		.uleb128 0xf
 3911 1248 B1050000 		.4byte	.LASF240
 3912 124c C9       		.byte	0xc9
 3913 124d 10       		.byte	0x10
 3914 124e F3110000 		.4byte	0x11f3
 3915 1252 05       		.uleb128 0x5
 3916 1253 03       		.byte	0x3
 3917 1254 00000000 		.4byte	sd_in_buf6
 3918 1258 0F       		.uleb128 0xf
 3919 1259 BD020000 		.4byte	.LASF241
 3920 125d CC       		.byte	0xcc
 3921 125e 10       		.byte	0x10
 3922 125f F3110000 		.4byte	0x11f3
 3923 1263 05       		.uleb128 0x5
 3924 1264 03       		.byte	0x3
 3925 1265 00000000 		.4byte	sd_out_buf6
 3926 1269 32       		.uleb128 0x32
 3927 126a 2A0C0000 		.4byte	.LASF272
 3928 126e 16       		.byte	0x16
 3929 126f 3D01     		.2byte	0x13d
 3930 1271 09       		.byte	0x9
 3931 1272 53010000 		.4byte	0x153
 3932 1276 80120000 		.4byte	0x1280
 3933 127a 04       		.uleb128 0x4
 3934 127b 80120000 		.4byte	0x1280
 3935 127f 00       		.byte	0
 3936 1280 05       		.uleb128 0x5
 3937 1281 EB0F0000 		.4byte	0xfeb
 3938 1285 1B       		.uleb128 0x1b
 3939 1286 9D010000 		.4byte	.LASF242
 3940 128a 17       		.byte	0x17
 3941 128b 8801     		.2byte	0x188
 3942 128d 9C120000 		.4byte	0x129c
 3943 1291 04       		.uleb128 0x4
 3944 1292 9C120000 		.4byte	0x129c
 3945 1296 04       		.uleb128 0x4
 3946 1297 C0000000 		.4byte	0xc0
 3947 129b 00       		.byte	0
 3948 129c 05       		.uleb128 0x5
 3949 129d 24100000 		.4byte	0x1024
 3950 12a1 1B       		.uleb128 0x1b
 3951 12a2 15060000 		.4byte	.LASF243
 3952 12a6 16       		.byte	0x16
 3953 12a7 3801     		.2byte	0x138
 3954 12a9 C7120000 		.4byte	0x12c7
 3955 12ad 04       		.uleb128 0x4
 3956 12ae 80120000 		.4byte	0x1280
 3957 12b2 04       		.uleb128 0x4
 3958 12b3 2E0E0000 		.4byte	0xe2e
 3959 12b7 04       		.uleb128 0x4
 3960 12b8 2D000000 		.4byte	0x2d
ARM GAS  C:\Users\DEVELO~1\AppData\Local\Temp\cc3MmbBd.s 			page 71


 3961 12bc 04       		.uleb128 0x4
 3962 12bd BE0F0000 		.4byte	0xfbe
 3963 12c1 04       		.uleb128 0x4
 3964 12c2 B9040000 		.4byte	0x4b9
 3965 12c6 00       		.byte	0
 3966 12c7 1B       		.uleb128 0x1b
 3967 12c8 61050000 		.4byte	.LASF244
 3968 12cc 16       		.byte	0x16
 3969 12cd 2E01     		.2byte	0x12e
 3970 12cf ED120000 		.4byte	0x12ed
 3971 12d3 04       		.uleb128 0x4
 3972 12d4 ED120000 		.4byte	0x12ed
 3973 12d8 04       		.uleb128 0x4
 3974 12d9 2E0E0000 		.4byte	0xe2e
 3975 12dd 04       		.uleb128 0x4
 3976 12de 2D000000 		.4byte	0x2d
 3977 12e2 04       		.uleb128 0x4
 3978 12e3 BE0F0000 		.4byte	0xfbe
 3979 12e7 04       		.uleb128 0x4
 3980 12e8 B9040000 		.4byte	0x4b9
 3981 12ec 00       		.byte	0
 3982 12ed 05       		.uleb128 0x5
 3983 12ee DF0F0000 		.4byte	0xfdf
 3984 12f2 1B       		.uleb128 0x1b
 3985 12f3 8B010000 		.4byte	.LASF245
 3986 12f7 17       		.byte	0x17
 3987 12f8 8401     		.2byte	0x184
 3988 12fa 04130000 		.4byte	0x1304
 3989 12fe 04       		.uleb128 0x4
 3990 12ff 9C120000 		.4byte	0x129c
 3991 1303 00       		.byte	0
 3992 1304 33       		.uleb128 0x33
 3993 1305 32060000 		.4byte	.LASF246
 3994 1309 15       		.byte	0x15
 3995 130a 8C       		.byte	0x8c
 3996 130b 08       		.byte	0x8
 3997 130c 1B130000 		.4byte	0x131b
 3998 1310 04       		.uleb128 0x4
 3999 1311 1B130000 		.4byte	0x131b
 4000 1315 04       		.uleb128 0x4
 4001 1316 6B010000 		.4byte	0x16b
 4002 131a 00       		.byte	0
 4003 131b 05       		.uleb128 0x5
 4004 131c 1B0E0000 		.4byte	0xe1b
 4005 1320 23       		.uleb128 0x23
 4006 1321 13030000 		.4byte	.LASF247
 4007 1325 CC03     		.2byte	0x3cc
 4008 1327 00000000 		.4byte	.LFB441
 4009 132b 3C010000 		.4byte	.LFE441-.LFB441
 4010 132f 01       		.uleb128 0x1
 4011 1330 9C       		.byte	0x9c
 4012 1331 88130000 		.4byte	0x1388
 4013 1335 0A       		.uleb128 0xa
 4014 1336 73647000 		.ascii	"sdp\000"
 4015 133a 06       		.byte	0x6
 4016 133b CC03     		.2byte	0x3cc
 4017 133d 2B       		.byte	0x2b
ARM GAS  C:\Users\DEVELO~1\AppData\Local\Temp\cc3MmbBd.s 			page 72


 4018 133e 9C120000 		.4byte	0x129c
 4019 1342 02       		.uleb128 0x2
 4020 1343 91       		.byte	0x91
 4021 1344 64       		.sleb128 -28
 4022 1345 10       		.uleb128 0x10
 4023 1346 7500     		.ascii	"u\000"
 4024 1348 CD03     		.2byte	0x3cd
 4025 134a 12       		.byte	0x12
 4026 134b B9110000 		.4byte	0x11b9
 4027 134f 02       		.uleb128 0x2
 4028 1350 91       		.byte	0x91
 4029 1351 6C       		.sleb128 -20
 4030 1352 10       		.uleb128 0x10
 4031 1353 63723100 		.ascii	"cr1\000"
 4032 1357 CE03     		.2byte	0x3ce
 4033 1359 0C       		.byte	0xc
 4034 135a E9000000 		.4byte	0xe9
 4035 135e 02       		.uleb128 0x2
 4036 135f 91       		.byte	0x91
 4037 1360 74       		.sleb128 -12
 4038 1361 10       		.uleb128 0x10
 4039 1362 69737200 		.ascii	"isr\000"
 4040 1366 CF03     		.2byte	0x3cf
 4041 1368 0C       		.byte	0xc
 4042 1369 E9000000 		.4byte	0xe9
 4043 136d 02       		.uleb128 0x2
 4044 136e 91       		.byte	0x91
 4045 136f 70       		.sleb128 -16
 4046 1370 34       		.uleb128 0x34
 4047 1371 90000000 		.4byte	.LBB38
 4048 1375 40000000 		.4byte	.LBE38-.LBB38
 4049 1379 10       		.uleb128 0x10
 4050 137a 6200     		.ascii	"b\000"
 4051 137c F803     		.2byte	0x3f8
 4052 137e 0D       		.byte	0xd
 4053 137f 53010000 		.4byte	0x153
 4054 1383 02       		.uleb128 0x2
 4055 1384 91       		.byte	0x91
 4056 1385 68       		.sleb128 -24
 4057 1386 00       		.byte	0
 4058 1387 00       		.byte	0
 4059 1388 23       		.uleb128 0x23
 4060 1389 EC060000 		.4byte	.LASF248
 4061 138d 7C03     		.2byte	0x37c
 4062 138f 00000000 		.4byte	.LFB440
 4063 1393 60000000 		.4byte	.LFE440-.LFB440
 4064 1397 01       		.uleb128 0x1
 4065 1398 9C       		.byte	0x9c
 4066 1399 AE130000 		.4byte	0x13ae
 4067 139d 0A       		.uleb128 0xa
 4068 139e 73647000 		.ascii	"sdp\000"
 4069 13a2 06       		.byte	0x6
 4070 13a3 7C03     		.2byte	0x37c
 4071 13a5 20       		.byte	0x20
 4072 13a6 9C120000 		.4byte	0x129c
 4073 13aa 02       		.uleb128 0x2
 4074 13ab 91       		.byte	0x91
ARM GAS  C:\Users\DEVELO~1\AppData\Local\Temp\cc3MmbBd.s 			page 73


 4075 13ac 74       		.sleb128 -12
 4076 13ad 00       		.byte	0
 4077 13ae 23       		.uleb128 0x23
 4078 13af BF000000 		.4byte	.LASF249
 4079 13b3 3203     		.2byte	0x332
 4080 13b5 00000000 		.4byte	.LFB439
 4081 13b9 70000000 		.4byte	.LFE439-.LFB439
 4082 13bd 01       		.uleb128 0x1
 4083 13be 9C       		.byte	0x9c
 4084 13bf E4130000 		.4byte	0x13e4
 4085 13c3 0A       		.uleb128 0xa
 4086 13c4 73647000 		.ascii	"sdp\000"
 4087 13c8 06       		.byte	0x6
 4088 13c9 3203     		.2byte	0x332
 4089 13cb 21       		.byte	0x21
 4090 13cc 9C120000 		.4byte	0x129c
 4091 13d0 02       		.uleb128 0x2
 4092 13d1 91       		.byte	0x91
 4093 13d2 74       		.sleb128 -12
 4094 13d3 19       		.uleb128 0x19
 4095 13d4 42080000 		.4byte	.LASF54
 4096 13d8 06       		.byte	0x6
 4097 13d9 3203     		.2byte	0x332
 4098 13db 3A       		.byte	0x3a
 4099 13dc E4130000 		.4byte	0x13e4
 4100 13e0 02       		.uleb128 0x2
 4101 13e1 91       		.byte	0x91
 4102 13e2 70       		.sleb128 -16
 4103 13e3 00       		.byte	0
 4104 13e4 05       		.uleb128 0x5
 4105 13e5 F9100000 		.4byte	0x10f9
 4106 13e9 35       		.uleb128 0x35
 4107 13ea DA0B0000 		.4byte	.LASF273
 4108 13ee 06       		.byte	0x6
 4109 13ef AC02     		.2byte	0x2ac
 4110 13f1 06       		.byte	0x6
 4111 13f2 00000000 		.4byte	.LFB438
 4112 13f6 FC000000 		.4byte	.LFE438-.LFB438
 4113 13fa 01       		.uleb128 0x1
 4114 13fb 9C       		.byte	0x9c
 4115 13fc 0D       		.uleb128 0xd
 4116 13fd 42070000 		.4byte	.LASF250
 4117 1401 06       		.byte	0x6
 4118 1402 8901     		.2byte	0x189
 4119 1404 0D       		.byte	0xd
 4120 1405 00000000 		.4byte	.LFB437
 4121 1409 24000000 		.4byte	.LFE437-.LFB437
 4122 140d 01       		.uleb128 0x1
 4123 140e 9C       		.byte	0x9c
 4124 140f 23140000 		.4byte	0x1423
 4125 1413 0A       		.uleb128 0xa
 4126 1414 717000   		.ascii	"qp\000"
 4127 1417 06       		.byte	0x6
 4128 1418 8901     		.2byte	0x189
 4129 141a 21       		.byte	0x21
 4130 141b DA0F0000 		.4byte	0xfda
 4131 141f 02       		.uleb128 0x2
ARM GAS  C:\Users\DEVELO~1\AppData\Local\Temp\cc3MmbBd.s 			page 74


 4132 1420 91       		.byte	0x91
 4133 1421 74       		.sleb128 -12
 4134 1422 00       		.byte	0
 4135 1423 0D       		.uleb128 0xd
 4136 1424 3A070000 		.4byte	.LASF251
 4137 1428 06       		.byte	0x6
 4138 1429 8101     		.2byte	0x181
 4139 142b 0D       		.byte	0xd
 4140 142c 00000000 		.4byte	.LFB436
 4141 1430 24000000 		.4byte	.LFE436-.LFB436
 4142 1434 01       		.uleb128 0x1
 4143 1435 9C       		.byte	0x9c
 4144 1436 4A140000 		.4byte	0x144a
 4145 143a 0A       		.uleb128 0xa
 4146 143b 717000   		.ascii	"qp\000"
 4147 143e 06       		.byte	0x6
 4148 143f 8101     		.2byte	0x181
 4149 1441 21       		.byte	0x21
 4150 1442 DA0F0000 		.4byte	0xfda
 4151 1446 02       		.uleb128 0x2
 4152 1447 91       		.byte	0x91
 4153 1448 74       		.sleb128 -12
 4154 1449 00       		.byte	0
 4155 144a 0D       		.uleb128 0xd
 4156 144b 2D070000 		.4byte	.LASF252
 4157 144f 06       		.byte	0x6
 4158 1450 6101     		.2byte	0x161
 4159 1452 0D       		.byte	0xd
 4160 1453 00000000 		.4byte	.LFB435
 4161 1457 24000000 		.4byte	.LFE435-.LFB435
 4162 145b 01       		.uleb128 0x1
 4163 145c 9C       		.byte	0x9c
 4164 145d 71140000 		.4byte	0x1471
 4165 1461 0A       		.uleb128 0xa
 4166 1462 717000   		.ascii	"qp\000"
 4167 1465 06       		.byte	0x6
 4168 1466 6101     		.2byte	0x161
 4169 1468 21       		.byte	0x21
 4170 1469 DA0F0000 		.4byte	0xfda
 4171 146d 02       		.uleb128 0x2
 4172 146e 91       		.byte	0x91
 4173 146f 74       		.sleb128 -12
 4174 1470 00       		.byte	0
 4175 1471 24       		.uleb128 0x24
 4176 1472 44000000 		.4byte	.LASF253
 4177 1476 06       		.byte	0x6
 4178 1477 5001     		.2byte	0x150
 4179 1479 0D       		.byte	0xd
 4180 147a 00000000 		.4byte	.LFB434
 4181 147e 72000000 		.4byte	.LFE434-.LFB434
 4182 1482 01       		.uleb128 0x1
 4183 1483 9C       		.byte	0x9c
 4184 1484 B8140000 		.4byte	0x14b8
 4185 1488 0A       		.uleb128 0xa
 4186 1489 73647000 		.ascii	"sdp\000"
 4187 148d 06       		.byte	0x6
 4188 148e 5001     		.2byte	0x150
ARM GAS  C:\Users\DEVELO~1\AppData\Local\Temp\cc3MmbBd.s 			page 75


 4189 1490 25       		.byte	0x25
 4190 1491 9C120000 		.4byte	0x129c
 4191 1495 02       		.uleb128 0x2
 4192 1496 91       		.byte	0x91
 4193 1497 6C       		.sleb128 -20
 4194 1498 0A       		.uleb128 0xa
 4195 1499 69737200 		.ascii	"isr\000"
 4196 149d 06       		.byte	0x6
 4197 149e 5001     		.2byte	0x150
 4198 14a0 33       		.byte	0x33
 4199 14a1 E9000000 		.4byte	0xe9
 4200 14a5 02       		.uleb128 0x2
 4201 14a6 91       		.byte	0x91
 4202 14a7 68       		.sleb128 -24
 4203 14a8 10       		.uleb128 0x10
 4204 14a9 73747300 		.ascii	"sts\000"
 4205 14ad 5101     		.2byte	0x151
 4206 14af 10       		.byte	0x10
 4207 14b0 6B010000 		.4byte	0x16b
 4208 14b4 02       		.uleb128 0x2
 4209 14b5 91       		.byte	0x91
 4210 14b6 74       		.sleb128 -12
 4211 14b7 00       		.byte	0
 4212 14b8 0D       		.uleb128 0xd
 4213 14b9 0C080000 		.4byte	.LASF254
 4214 14bd 06       		.byte	0x6
 4215 14be 4301     		.2byte	0x143
 4216 14c0 0D       		.byte	0xd
 4217 14c1 00000000 		.4byte	.LFB433
 4218 14c5 24000000 		.4byte	.LFE433-.LFB433
 4219 14c9 01       		.uleb128 0x1
 4220 14ca 9C       		.byte	0x9c
 4221 14cb DE140000 		.4byte	0x14de
 4222 14cf 0A       		.uleb128 0xa
 4223 14d0 7500     		.ascii	"u\000"
 4224 14d2 06       		.byte	0x6
 4225 14d3 4301     		.2byte	0x143
 4226 14d5 29       		.byte	0x29
 4227 14d6 B9110000 		.4byte	0x11b9
 4228 14da 02       		.uleb128 0x2
 4229 14db 91       		.byte	0x91
 4230 14dc 74       		.sleb128 -12
 4231 14dd 00       		.byte	0
 4232 14de 0D       		.uleb128 0xd
 4233 14df 4A070000 		.4byte	.LASF255
 4234 14e3 06       		.byte	0x6
 4235 14e4 0201     		.2byte	0x102
 4236 14e6 0D       		.byte	0xd
 4237 14e7 00000000 		.4byte	.LFB432
 4238 14eb CE000000 		.4byte	.LFE432-.LFB432
 4239 14ef 01       		.uleb128 0x1
 4240 14f0 9C       		.byte	0x9c
 4241 14f1 4B150000 		.4byte	0x154b
 4242 14f5 0A       		.uleb128 0xa
 4243 14f6 73647000 		.ascii	"sdp\000"
 4244 14fa 06       		.byte	0x6
 4245 14fb 0201     		.2byte	0x102
ARM GAS  C:\Users\DEVELO~1\AppData\Local\Temp\cc3MmbBd.s 			page 76


 4246 14fd 26       		.byte	0x26
 4247 14fe 9C120000 		.4byte	0x129c
 4248 1502 02       		.uleb128 0x2
 4249 1503 91       		.byte	0x91
 4250 1504 64       		.sleb128 -28
 4251 1505 19       		.uleb128 0x19
 4252 1506 42080000 		.4byte	.LASF54
 4253 150a 06       		.byte	0x6
 4254 150b 0301     		.2byte	0x103
 4255 150d 2C       		.byte	0x2c
 4256 150e E4130000 		.4byte	0x13e4
 4257 1512 02       		.uleb128 0x2
 4258 1513 91       		.byte	0x91
 4259 1514 60       		.sleb128 -32
 4260 1515 10       		.uleb128 0x10
 4261 1516 62727200 		.ascii	"brr\000"
 4262 151a 0401     		.2byte	0x104
 4263 151c 0C       		.byte	0xc
 4264 151d E9000000 		.4byte	0xe9
 4265 1521 02       		.uleb128 0x2
 4266 1522 91       		.byte	0x91
 4267 1523 74       		.sleb128 -12
 4268 1524 36       		.uleb128 0x36
 4269 1525 77050000 		.4byte	.LASF222
 4270 1529 06       		.byte	0x6
 4271 152a 0401     		.2byte	0x104
 4272 152c 11       		.byte	0x11
 4273 152d E9000000 		.4byte	0xe9
 4274 1531 02       		.uleb128 0x2
 4275 1532 91       		.byte	0x91
 4276 1533 6C       		.sleb128 -20
 4277 1534 10       		.uleb128 0x10
 4278 1535 7500     		.ascii	"u\000"
 4279 1537 0501     		.2byte	0x105
 4280 1539 12       		.byte	0x12
 4281 153a B9110000 		.4byte	0x11b9
 4282 153e 02       		.uleb128 0x2
 4283 153f 91       		.byte	0x91
 4284 1540 70       		.sleb128 -16
 4285 1541 37       		.uleb128 0x37
 4286 1542 8F0B0000 		.4byte	.LASF274
 4287 1546 5B150000 		.4byte	0x155b
 4288 154a 00       		.byte	0
 4289 154b 15       		.uleb128 0x15
 4290 154c 77030000 		.4byte	0x377
 4291 1550 5B150000 		.4byte	0x155b
 4292 1554 16       		.uleb128 0x16
 4293 1555 3E000000 		.4byte	0x3e
 4294 1559 0A       		.byte	0xa
 4295 155a 00       		.byte	0
 4296 155b 11       		.uleb128 0x11
 4297 155c 4B150000 		.4byte	0x154b
 4298 1560 0D       		.uleb128 0xd
 4299 1561 ED0A0000 		.4byte	.LASF256
 4300 1565 05       		.byte	0x5
 4301 1566 5F01     		.2byte	0x15f
 4302 1568 16       		.byte	0x16
ARM GAS  C:\Users\DEVELO~1\AppData\Local\Temp\cc3MmbBd.s 			page 77


 4303 1569 00000000 		.4byte	.LFB395
 4304 156d 40000000 		.4byte	.LFE395-.LFB395
 4305 1571 01       		.uleb128 0x1
 4306 1572 9C       		.byte	0x9c
 4307 1573 88150000 		.4byte	0x1588
 4308 1577 19       		.uleb128 0x19
 4309 1578 35070000 		.4byte	.LASF59
 4310 157c 05       		.byte	0x5
 4311 157d 5F01     		.2byte	0x15f
 4312 157f 2E       		.byte	0x2e
 4313 1580 E9000000 		.4byte	0xe9
 4314 1584 02       		.uleb128 0x2
 4315 1585 91       		.byte	0x91
 4316 1586 74       		.sleb128 -12
 4317 1587 00       		.byte	0
 4318 1588 0D       		.uleb128 0xd
 4319 1589 BE0A0000 		.4byte	.LASF257
 4320 158d 05       		.byte	0x5
 4321 158e 3F01     		.2byte	0x13f
 4322 1590 16       		.byte	0x16
 4323 1591 00000000 		.4byte	.LFB394
 4324 1595 5C000000 		.4byte	.LFE394-.LFB394
 4325 1599 01       		.uleb128 0x1
 4326 159a 9C       		.byte	0x9c
 4327 159b BF150000 		.4byte	0x15bf
 4328 159f 19       		.uleb128 0x19
 4329 15a0 35070000 		.4byte	.LASF59
 4330 15a4 05       		.byte	0x5
 4331 15a5 3F01     		.2byte	0x13f
 4332 15a7 2D       		.byte	0x2d
 4333 15a8 E9000000 		.4byte	0xe9
 4334 15ac 02       		.uleb128 0x2
 4335 15ad 91       		.byte	0x91
 4336 15ae 74       		.sleb128 -12
 4337 15af 0A       		.uleb128 0xa
 4338 15b0 6C7000   		.ascii	"lp\000"
 4339 15b3 05       		.byte	0x5
 4340 15b4 3F01     		.2byte	0x13f
 4341 15b6 38       		.byte	0x38
 4342 15b7 270E0000 		.4byte	0xe27
 4343 15bb 02       		.uleb128 0x2
 4344 15bc 91       		.byte	0x91
 4345 15bd 73       		.sleb128 -13
 4346 15be 00       		.byte	0
 4347 15bf 25       		.uleb128 0x25
 4348 15c0 0B020000 		.4byte	.LASF258
 4349 15c4 AD       		.byte	0xad
 4350 15c5 00000000 		.4byte	.LFB389
 4351 15c9 40000000 		.4byte	.LFE389-.LFB389
 4352 15cd 01       		.uleb128 0x1
 4353 15ce 9C       		.byte	0x9c
 4354 15cf E2150000 		.4byte	0x15e2
 4355 15d3 26       		.uleb128 0x26
 4356 15d4 35070000 		.4byte	.LASF59
 4357 15d8 AD       		.byte	0xad
 4358 15d9 2F       		.byte	0x2f
 4359 15da E9000000 		.4byte	0xe9
ARM GAS  C:\Users\DEVELO~1\AppData\Local\Temp\cc3MmbBd.s 			page 78


 4360 15de 02       		.uleb128 0x2
 4361 15df 91       		.byte	0x91
 4362 15e0 74       		.sleb128 -12
 4363 15e1 00       		.byte	0
 4364 15e2 25       		.uleb128 0x25
 4365 15e3 370B0000 		.4byte	.LASF259
 4366 15e7 8D       		.byte	0x8d
 4367 15e8 00000000 		.4byte	.LFB388
 4368 15ec 5C000000 		.4byte	.LFE388-.LFB388
 4369 15f0 01       		.uleb128 0x1
 4370 15f1 9C       		.byte	0x9c
 4371 15f2 13160000 		.4byte	0x1613
 4372 15f6 26       		.uleb128 0x26
 4373 15f7 35070000 		.4byte	.LASF59
 4374 15fb 8D       		.byte	0x8d
 4375 15fc 2E       		.byte	0x2e
 4376 15fd E9000000 		.4byte	0xe9
 4377 1601 02       		.uleb128 0x2
 4378 1602 91       		.byte	0x91
 4379 1603 74       		.sleb128 -12
 4380 1604 38       		.uleb128 0x38
 4381 1605 6C7000   		.ascii	"lp\000"
 4382 1608 05       		.byte	0x5
 4383 1609 8D       		.byte	0x8d
 4384 160a 39       		.byte	0x39
 4385 160b 270E0000 		.4byte	0xe27
 4386 160f 02       		.uleb128 0x2
 4387 1610 91       		.byte	0x91
 4388 1611 73       		.sleb128 -13
 4389 1612 00       		.byte	0
 4390 1613 24       		.uleb128 0x24
 4391 1614 E9040000 		.4byte	.LASF260
 4392 1618 04       		.byte	0x4
 4393 1619 BC03     		.2byte	0x3bc
 4394 161b 14       		.byte	0x14
 4395 161c 00000000 		.4byte	.LFB374
 4396 1620 1A000000 		.4byte	.LFE374-.LFB374
 4397 1624 01       		.uleb128 0x1
 4398 1625 9C       		.byte	0x9c
 4399 1626 4B160000 		.4byte	0x164b
 4400 162a 0A       		.uleb128 0xa
 4401 162b 65737000 		.ascii	"esp\000"
 4402 162f 04       		.byte	0x4
 4403 1630 BC03     		.2byte	0x3bc
 4404 1632 3D       		.byte	0x3d
 4405 1633 1B130000 		.4byte	0x131b
 4406 1637 02       		.uleb128 0x2
 4407 1638 91       		.byte	0x91
 4408 1639 74       		.sleb128 -12
 4409 163a 19       		.uleb128 0x19
 4410 163b 6F000000 		.4byte	.LASF38
 4411 163f 04       		.byte	0x4
 4412 1640 BD03     		.2byte	0x3bd
 4413 1642 3A       		.byte	0x3a
 4414 1643 6B010000 		.4byte	0x16b
 4415 1647 02       		.uleb128 0x2
 4416 1648 91       		.byte	0x91
ARM GAS  C:\Users\DEVELO~1\AppData\Local\Temp\cc3MmbBd.s 			page 79


 4417 1649 70       		.sleb128 -16
 4418 164a 00       		.byte	0
 4419 164b 27       		.uleb128 0x27
 4420 164c 51090000 		.4byte	.LASF261
 4421 1650 5E02     		.2byte	0x25e
 4422 1652 00000000 		.4byte	.LFB353
 4423 1656 0C000000 		.4byte	.LFE353-.LFB353
 4424 165a 01       		.uleb128 0x1
 4425 165b 9C       		.byte	0x9c
 4426 165c 27       		.uleb128 0x27
 4427 165d C2040000 		.4byte	.LASF262
 4428 1661 5302     		.2byte	0x253
 4429 1663 00000000 		.4byte	.LFB352
 4430 1667 0C000000 		.4byte	.LFE352-.LFB352
 4431 166b 01       		.uleb128 0x1
 4432 166c 9C       		.byte	0x9c
 4433 166d 0D       		.uleb128 0xd
 4434 166e 02040000 		.4byte	.LASF263
 4435 1672 01       		.byte	0x1
 4436 1673 D901     		.2byte	0x1d9
 4437 1675 14       		.byte	0x14
 4438 1676 00000000 		.4byte	.LFB205
 4439 167a 20000000 		.4byte	.LFE205-.LFB205
 4440 167e 01       		.uleb128 0x1
 4441 167f 9C       		.byte	0x9c
 4442 1680 C0160000 		.4byte	0x16c0
 4443 1684 14       		.uleb128 0x14
 4444 1685 13170000 		.4byte	0x1713
 4445 1689 0A000000 		.4byte	.LBB32
 4446 168d 0C000000 		.4byte	.LBE32-.LBB32
 4447 1691 01       		.byte	0x1
 4448 1692 DD01     		.2byte	0x1dd
 4449 1694 14       		.uleb128 0x14
 4450 1695 21170000 		.4byte	0x1721
 4451 1699 0A000000 		.4byte	.LBB34
 4452 169d 0A000000 		.4byte	.LBE34-.LBB34
 4453 16a1 03       		.byte	0x3
 4454 16a2 6B03     		.2byte	0x36b
 4455 16a4 14       		.uleb128 0x14
 4456 16a5 2F170000 		.4byte	0x172f
 4457 16a9 0A000000 		.4byte	.LBB36
 4458 16ad 08000000 		.4byte	.LBE36-.LBB36
 4459 16b1 03       		.byte	0x3
 4460 16b2 5203     		.2byte	0x352
 4461 16b4 28       		.uleb128 0x28
 4462 16b5 39170000 		.4byte	0x1739
 4463 16b9 02       		.uleb128 0x2
 4464 16ba 91       		.byte	0x91
 4465 16bb 74       		.sleb128 -12
 4466 16bc 00       		.byte	0
 4467 16bd 00       		.byte	0
 4468 16be 00       		.byte	0
 4469 16bf 00       		.byte	0
 4470 16c0 0D       		.uleb128 0xd
 4471 16c1 BC010000 		.4byte	.LASF264
 4472 16c5 01       		.byte	0x1
 4473 16c6 C301     		.2byte	0x1c3
ARM GAS  C:\Users\DEVELO~1\AppData\Local\Temp\cc3MmbBd.s 			page 80


 4474 16c8 14       		.byte	0x14
 4475 16c9 00000000 		.4byte	.LFB204
 4476 16cd 20000000 		.4byte	.LFE204-.LFB204
 4477 16d1 01       		.uleb128 0x1
 4478 16d2 9C       		.byte	0x9c
 4479 16d3 13170000 		.4byte	0x1713
 4480 16d7 14       		.uleb128 0x14
 4481 16d8 1A170000 		.4byte	0x171a
 4482 16dc 0A000000 		.4byte	.LBB26
 4483 16e0 0C000000 		.4byte	.LBE26-.LBB26
 4484 16e4 01       		.byte	0x1
 4485 16e5 C501     		.2byte	0x1c5
 4486 16e7 14       		.uleb128 0x14
 4487 16e8 28170000 		.4byte	0x1728
 4488 16ec 0A000000 		.4byte	.LBB28
 4489 16f0 0A000000 		.4byte	.LBE28-.LBB28
 4490 16f4 03       		.byte	0x3
 4491 16f5 6003     		.2byte	0x360
 4492 16f7 14       		.uleb128 0x14
 4493 16f8 2F170000 		.4byte	0x172f
 4494 16fc 0A000000 		.4byte	.LBB30
 4495 1700 08000000 		.4byte	.LBE30-.LBB30
 4496 1704 03       		.byte	0x3
 4497 1705 3F03     		.2byte	0x33f
 4498 1707 28       		.uleb128 0x28
 4499 1708 39170000 		.4byte	0x1739
 4500 170c 02       		.uleb128 0x2
 4501 170d 91       		.byte	0x91
 4502 170e 74       		.sleb128 -12
 4503 170f 00       		.byte	0
 4504 1710 00       		.byte	0
 4505 1711 00       		.byte	0
 4506 1712 00       		.byte	0
 4507 1713 1C       		.uleb128 0x1c
 4508 1714 6A0A0000 		.4byte	.LASF265
 4509 1718 6903     		.2byte	0x369
 4510 171a 1C       		.uleb128 0x1c
 4511 171b 55010000 		.4byte	.LASF266
 4512 171f 5E03     		.2byte	0x35e
 4513 1721 1C       		.uleb128 0x1c
 4514 1722 A10B0000 		.4byte	.LASF267
 4515 1726 4F03     		.2byte	0x34f
 4516 1728 1C       		.uleb128 0x1c
 4517 1729 2E010000 		.4byte	.LASF268
 4518 172d 3703     		.2byte	0x337
 4519 172f 39       		.uleb128 0x39
 4520 1730 02090000 		.4byte	.LASF275
 4521 1734 02       		.byte	0x2
 4522 1735 EB01     		.2byte	0x1eb
 4523 1737 1B       		.byte	0x1b
 4524 1738 03       		.byte	0x3
 4525 1739 3A       		.uleb128 0x3a
 4526 173a F1030000 		.4byte	.LASF276
 4527 173e 02       		.byte	0x2
 4528 173f EB01     		.2byte	0x1eb
 4529 1741 32       		.byte	0x32
 4530 1742 E9000000 		.4byte	0xe9
ARM GAS  C:\Users\DEVELO~1\AppData\Local\Temp\cc3MmbBd.s 			page 81


 4531 1746 00       		.byte	0
 4532 1747 00       		.byte	0
 4533              		.section	.debug_abbrev,"",%progbits
 4534              	.Ldebug_abbrev0:
 4535 0000 01       		.uleb128 0x1
 4536 0001 0D       		.uleb128 0xd
 4537 0002 00       		.byte	0
 4538 0003 03       		.uleb128 0x3
 4539 0004 0E       		.uleb128 0xe
 4540 0005 3A       		.uleb128 0x3a
 4541 0006 0B       		.uleb128 0xb
 4542 0007 3B       		.uleb128 0x3b
 4543 0008 05       		.uleb128 0x5
 4544 0009 39       		.uleb128 0x39
 4545 000a 0B       		.uleb128 0xb
 4546 000b 49       		.uleb128 0x49
 4547 000c 13       		.uleb128 0x13
 4548 000d 38       		.uleb128 0x38
 4549 000e 0B       		.uleb128 0xb
 4550 000f 00       		.byte	0
 4551 0010 00       		.byte	0
 4552 0011 02       		.uleb128 0x2
 4553 0012 0D       		.uleb128 0xd
 4554 0013 00       		.byte	0
 4555 0014 03       		.uleb128 0x3
 4556 0015 0E       		.uleb128 0xe
 4557 0016 3A       		.uleb128 0x3a
 4558 0017 0B       		.uleb128 0xb
 4559 0018 3B       		.uleb128 0x3b
 4560 0019 0B       		.uleb128 0xb
 4561 001a 39       		.uleb128 0x39
 4562 001b 0B       		.uleb128 0xb
 4563 001c 49       		.uleb128 0x49
 4564 001d 13       		.uleb128 0x13
 4565 001e 38       		.uleb128 0x38
 4566 001f 0B       		.uleb128 0xb
 4567 0020 00       		.byte	0
 4568 0021 00       		.byte	0
 4569 0022 03       		.uleb128 0x3
 4570 0023 16       		.uleb128 0x16
 4571 0024 00       		.byte	0
 4572 0025 03       		.uleb128 0x3
 4573 0026 0E       		.uleb128 0xe
 4574 0027 3A       		.uleb128 0x3a
 4575 0028 0B       		.uleb128 0xb
 4576 0029 3B       		.uleb128 0x3b
 4577 002a 0B       		.uleb128 0xb
 4578 002b 39       		.uleb128 0x39
 4579 002c 0B       		.uleb128 0xb
 4580 002d 49       		.uleb128 0x49
 4581 002e 13       		.uleb128 0x13
 4582 002f 00       		.byte	0
 4583 0030 00       		.byte	0
 4584 0031 04       		.uleb128 0x4
 4585 0032 05       		.uleb128 0x5
 4586 0033 00       		.byte	0
 4587 0034 49       		.uleb128 0x49
ARM GAS  C:\Users\DEVELO~1\AppData\Local\Temp\cc3MmbBd.s 			page 82


 4588 0035 13       		.uleb128 0x13
 4589 0036 00       		.byte	0
 4590 0037 00       		.byte	0
 4591 0038 05       		.uleb128 0x5
 4592 0039 0F       		.uleb128 0xf
 4593 003a 00       		.byte	0
 4594 003b 0B       		.uleb128 0xb
 4595 003c 21       		.uleb128 0x21
 4596 003d 04       		.sleb128 4
 4597 003e 49       		.uleb128 0x49
 4598 003f 13       		.uleb128 0x13
 4599 0040 00       		.byte	0
 4600 0041 00       		.byte	0
 4601 0042 06       		.uleb128 0x6
 4602 0043 0D       		.uleb128 0xd
 4603 0044 00       		.byte	0
 4604 0045 03       		.uleb128 0x3
 4605 0046 08       		.uleb128 0x8
 4606 0047 3A       		.uleb128 0x3a
 4607 0048 0B       		.uleb128 0xb
 4608 0049 3B       		.uleb128 0x3b
 4609 004a 05       		.uleb128 0x5
 4610 004b 39       		.uleb128 0x39
 4611 004c 0B       		.uleb128 0xb
 4612 004d 49       		.uleb128 0x49
 4613 004e 13       		.uleb128 0x13
 4614 004f 38       		.uleb128 0x38
 4615 0050 0B       		.uleb128 0xb
 4616 0051 00       		.byte	0
 4617 0052 00       		.byte	0
 4618 0053 07       		.uleb128 0x7
 4619 0054 13       		.uleb128 0x13
 4620 0055 01       		.byte	0x1
 4621 0056 03       		.uleb128 0x3
 4622 0057 0E       		.uleb128 0xe
 4623 0058 0B       		.uleb128 0xb
 4624 0059 0B       		.uleb128 0xb
 4625 005a 3A       		.uleb128 0x3a
 4626 005b 0B       		.uleb128 0xb
 4627 005c 3B       		.uleb128 0x3b
 4628 005d 0B       		.uleb128 0xb
 4629 005e 39       		.uleb128 0x39
 4630 005f 0B       		.uleb128 0xb
 4631 0060 01       		.uleb128 0x1
 4632 0061 13       		.uleb128 0x13
 4633 0062 00       		.byte	0
 4634 0063 00       		.byte	0
 4635 0064 08       		.uleb128 0x8
 4636 0065 0D       		.uleb128 0xd
 4637 0066 00       		.byte	0
 4638 0067 03       		.uleb128 0x3
 4639 0068 08       		.uleb128 0x8
 4640 0069 3A       		.uleb128 0x3a
 4641 006a 0B       		.uleb128 0xb
 4642 006b 3B       		.uleb128 0x3b
 4643 006c 0B       		.uleb128 0xb
 4644 006d 39       		.uleb128 0x39
ARM GAS  C:\Users\DEVELO~1\AppData\Local\Temp\cc3MmbBd.s 			page 83


 4645 006e 0B       		.uleb128 0xb
 4646 006f 49       		.uleb128 0x49
 4647 0070 13       		.uleb128 0x13
 4648 0071 38       		.uleb128 0x38
 4649 0072 0B       		.uleb128 0xb
 4650 0073 00       		.byte	0
 4651 0074 00       		.byte	0
 4652 0075 09       		.uleb128 0x9
 4653 0076 24       		.uleb128 0x24
 4654 0077 00       		.byte	0
 4655 0078 0B       		.uleb128 0xb
 4656 0079 0B       		.uleb128 0xb
 4657 007a 3E       		.uleb128 0x3e
 4658 007b 0B       		.uleb128 0xb
 4659 007c 03       		.uleb128 0x3
 4660 007d 0E       		.uleb128 0xe
 4661 007e 00       		.byte	0
 4662 007f 00       		.byte	0
 4663 0080 0A       		.uleb128 0xa
 4664 0081 05       		.uleb128 0x5
 4665 0082 00       		.byte	0
 4666 0083 03       		.uleb128 0x3
 4667 0084 08       		.uleb128 0x8
 4668 0085 3A       		.uleb128 0x3a
 4669 0086 0B       		.uleb128 0xb
 4670 0087 3B       		.uleb128 0x3b
 4671 0088 05       		.uleb128 0x5
 4672 0089 39       		.uleb128 0x39
 4673 008a 0B       		.uleb128 0xb
 4674 008b 49       		.uleb128 0x49
 4675 008c 13       		.uleb128 0x13
 4676 008d 02       		.uleb128 0x2
 4677 008e 18       		.uleb128 0x18
 4678 008f 00       		.byte	0
 4679 0090 00       		.byte	0
 4680 0091 0B       		.uleb128 0xb
 4681 0092 0D       		.uleb128 0xd
 4682 0093 00       		.byte	0
 4683 0094 03       		.uleb128 0x3
 4684 0095 0E       		.uleb128 0xe
 4685 0096 3A       		.uleb128 0x3a
 4686 0097 21       		.uleb128 0x21
 4687 0098 12       		.sleb128 18
 4688 0099 3B       		.uleb128 0x3b
 4689 009a 05       		.uleb128 0x5
 4690 009b 39       		.uleb128 0x39
 4691 009c 0B       		.uleb128 0xb
 4692 009d 49       		.uleb128 0x49
 4693 009e 13       		.uleb128 0x13
 4694 009f 38       		.uleb128 0x38
 4695 00a0 05       		.uleb128 0x5
 4696 00a1 00       		.byte	0
 4697 00a2 00       		.byte	0
 4698 00a3 0C       		.uleb128 0xc
 4699 00a4 15       		.uleb128 0x15
 4700 00a5 01       		.byte	0x1
 4701 00a6 27       		.uleb128 0x27
ARM GAS  C:\Users\DEVELO~1\AppData\Local\Temp\cc3MmbBd.s 			page 84


 4702 00a7 19       		.uleb128 0x19
 4703 00a8 49       		.uleb128 0x49
 4704 00a9 13       		.uleb128 0x13
 4705 00aa 01       		.uleb128 0x1
 4706 00ab 13       		.uleb128 0x13
 4707 00ac 00       		.byte	0
 4708 00ad 00       		.byte	0
 4709 00ae 0D       		.uleb128 0xd
 4710 00af 2E       		.uleb128 0x2e
 4711 00b0 01       		.byte	0x1
 4712 00b1 03       		.uleb128 0x3
 4713 00b2 0E       		.uleb128 0xe
 4714 00b3 3A       		.uleb128 0x3a
 4715 00b4 0B       		.uleb128 0xb
 4716 00b5 3B       		.uleb128 0x3b
 4717 00b6 05       		.uleb128 0x5
 4718 00b7 39       		.uleb128 0x39
 4719 00b8 0B       		.uleb128 0xb
 4720 00b9 27       		.uleb128 0x27
 4721 00ba 19       		.uleb128 0x19
 4722 00bb 11       		.uleb128 0x11
 4723 00bc 01       		.uleb128 0x1
 4724 00bd 12       		.uleb128 0x12
 4725 00be 06       		.uleb128 0x6
 4726 00bf 40       		.uleb128 0x40
 4727 00c0 18       		.uleb128 0x18
 4728 00c1 7A       		.uleb128 0x7a
 4729 00c2 19       		.uleb128 0x19
 4730 00c3 01       		.uleb128 0x1
 4731 00c4 13       		.uleb128 0x13
 4732 00c5 00       		.byte	0
 4733 00c6 00       		.byte	0
 4734 00c7 0E       		.uleb128 0xe
 4735 00c8 0D       		.uleb128 0xd
 4736 00c9 00       		.byte	0
 4737 00ca 03       		.uleb128 0x3
 4738 00cb 0E       		.uleb128 0xe
 4739 00cc 3A       		.uleb128 0x3a
 4740 00cd 0B       		.uleb128 0xb
 4741 00ce 3B       		.uleb128 0x3b
 4742 00cf 0B       		.uleb128 0xb
 4743 00d0 39       		.uleb128 0x39
 4744 00d1 0B       		.uleb128 0xb
 4745 00d2 49       		.uleb128 0x49
 4746 00d3 13       		.uleb128 0x13
 4747 00d4 00       		.byte	0
 4748 00d5 00       		.byte	0
 4749 00d6 0F       		.uleb128 0xf
 4750 00d7 34       		.uleb128 0x34
 4751 00d8 00       		.byte	0
 4752 00d9 03       		.uleb128 0x3
 4753 00da 0E       		.uleb128 0xe
 4754 00db 3A       		.uleb128 0x3a
 4755 00dc 21       		.uleb128 0x21
 4756 00dd 06       		.sleb128 6
 4757 00de 3B       		.uleb128 0x3b
 4758 00df 0B       		.uleb128 0xb
ARM GAS  C:\Users\DEVELO~1\AppData\Local\Temp\cc3MmbBd.s 			page 85


 4759 00e0 39       		.uleb128 0x39
 4760 00e1 0B       		.uleb128 0xb
 4761 00e2 49       		.uleb128 0x49
 4762 00e3 13       		.uleb128 0x13
 4763 00e4 02       		.uleb128 0x2
 4764 00e5 18       		.uleb128 0x18
 4765 00e6 00       		.byte	0
 4766 00e7 00       		.byte	0
 4767 00e8 10       		.uleb128 0x10
 4768 00e9 34       		.uleb128 0x34
 4769 00ea 00       		.byte	0
 4770 00eb 03       		.uleb128 0x3
 4771 00ec 08       		.uleb128 0x8
 4772 00ed 3A       		.uleb128 0x3a
 4773 00ee 21       		.uleb128 0x21
 4774 00ef 06       		.sleb128 6
 4775 00f0 3B       		.uleb128 0x3b
 4776 00f1 05       		.uleb128 0x5
 4777 00f2 39       		.uleb128 0x39
 4778 00f3 0B       		.uleb128 0xb
 4779 00f4 49       		.uleb128 0x49
 4780 00f5 13       		.uleb128 0x13
 4781 00f6 02       		.uleb128 0x2
 4782 00f7 18       		.uleb128 0x18
 4783 00f8 00       		.byte	0
 4784 00f9 00       		.byte	0
 4785 00fa 11       		.uleb128 0x11
 4786 00fb 26       		.uleb128 0x26
 4787 00fc 00       		.byte	0
 4788 00fd 49       		.uleb128 0x49
 4789 00fe 13       		.uleb128 0x13
 4790 00ff 00       		.byte	0
 4791 0100 00       		.byte	0
 4792 0101 12       		.uleb128 0x12
 4793 0102 13       		.uleb128 0x13
 4794 0103 01       		.byte	0x1
 4795 0104 0B       		.uleb128 0xb
 4796 0105 0B       		.uleb128 0xb
 4797 0106 3A       		.uleb128 0x3a
 4798 0107 21       		.uleb128 0x21
 4799 0108 11       		.sleb128 17
 4800 0109 3B       		.uleb128 0x3b
 4801 010a 0B       		.uleb128 0xb
 4802 010b 39       		.uleb128 0x39
 4803 010c 0B       		.uleb128 0xb
 4804 010d 01       		.uleb128 0x1
 4805 010e 13       		.uleb128 0x13
 4806 010f 00       		.byte	0
 4807 0110 00       		.byte	0
 4808 0111 13       		.uleb128 0x13
 4809 0112 0D       		.uleb128 0xd
 4810 0113 00       		.byte	0
 4811 0114 03       		.uleb128 0x3
 4812 0115 0E       		.uleb128 0xe
 4813 0116 3A       		.uleb128 0x3a
 4814 0117 21       		.uleb128 0x21
 4815 0118 0C       		.sleb128 12
ARM GAS  C:\Users\DEVELO~1\AppData\Local\Temp\cc3MmbBd.s 			page 86


 4816 0119 3B       		.uleb128 0x3b
 4817 011a 05       		.uleb128 0x5
 4818 011b 39       		.uleb128 0x39
 4819 011c 0B       		.uleb128 0xb
 4820 011d 49       		.uleb128 0x49
 4821 011e 13       		.uleb128 0x13
 4822 011f 00       		.byte	0
 4823 0120 00       		.byte	0
 4824 0121 14       		.uleb128 0x14
 4825 0122 1D       		.uleb128 0x1d
 4826 0123 01       		.byte	0x1
 4827 0124 31       		.uleb128 0x31
 4828 0125 13       		.uleb128 0x13
 4829 0126 11       		.uleb128 0x11
 4830 0127 01       		.uleb128 0x1
 4831 0128 12       		.uleb128 0x12
 4832 0129 06       		.uleb128 0x6
 4833 012a 58       		.uleb128 0x58
 4834 012b 0B       		.uleb128 0xb
 4835 012c 59       		.uleb128 0x59
 4836 012d 05       		.uleb128 0x5
 4837 012e 57       		.uleb128 0x57
 4838 012f 21       		.uleb128 0x21
 4839 0130 03       		.sleb128 3
 4840 0131 00       		.byte	0
 4841 0132 00       		.byte	0
 4842 0133 15       		.uleb128 0x15
 4843 0134 01       		.uleb128 0x1
 4844 0135 01       		.byte	0x1
 4845 0136 49       		.uleb128 0x49
 4846 0137 13       		.uleb128 0x13
 4847 0138 01       		.uleb128 0x1
 4848 0139 13       		.uleb128 0x13
 4849 013a 00       		.byte	0
 4850 013b 00       		.byte	0
 4851 013c 16       		.uleb128 0x16
 4852 013d 21       		.uleb128 0x21
 4853 013e 00       		.byte	0
 4854 013f 49       		.uleb128 0x49
 4855 0140 13       		.uleb128 0x13
 4856 0141 2F       		.uleb128 0x2f
 4857 0142 0B       		.uleb128 0xb
 4858 0143 00       		.byte	0
 4859 0144 00       		.byte	0
 4860 0145 17       		.uleb128 0x17
 4861 0146 16       		.uleb128 0x16
 4862 0147 00       		.byte	0
 4863 0148 03       		.uleb128 0x3
 4864 0149 0E       		.uleb128 0xe
 4865 014a 3A       		.uleb128 0x3a
 4866 014b 0B       		.uleb128 0xb
 4867 014c 3B       		.uleb128 0x3b
 4868 014d 05       		.uleb128 0x5
 4869 014e 39       		.uleb128 0x39
 4870 014f 21       		.uleb128 0x21
 4871 0150 03       		.sleb128 3
 4872 0151 49       		.uleb128 0x49
ARM GAS  C:\Users\DEVELO~1\AppData\Local\Temp\cc3MmbBd.s 			page 87


 4873 0152 13       		.uleb128 0x13
 4874 0153 00       		.byte	0
 4875 0154 00       		.byte	0
 4876 0155 18       		.uleb128 0x18
 4877 0156 13       		.uleb128 0x13
 4878 0157 01       		.byte	0x1
 4879 0158 03       		.uleb128 0x3
 4880 0159 0E       		.uleb128 0xe
 4881 015a 0B       		.uleb128 0xb
 4882 015b 0B       		.uleb128 0xb
 4883 015c 3A       		.uleb128 0x3a
 4884 015d 0B       		.uleb128 0xb
 4885 015e 3B       		.uleb128 0x3b
 4886 015f 05       		.uleb128 0x5
 4887 0160 39       		.uleb128 0x39
 4888 0161 0B       		.uleb128 0xb
 4889 0162 01       		.uleb128 0x1
 4890 0163 13       		.uleb128 0x13
 4891 0164 00       		.byte	0
 4892 0165 00       		.byte	0
 4893 0166 19       		.uleb128 0x19
 4894 0167 05       		.uleb128 0x5
 4895 0168 00       		.byte	0
 4896 0169 03       		.uleb128 0x3
 4897 016a 0E       		.uleb128 0xe
 4898 016b 3A       		.uleb128 0x3a
 4899 016c 0B       		.uleb128 0xb
 4900 016d 3B       		.uleb128 0x3b
 4901 016e 05       		.uleb128 0x5
 4902 016f 39       		.uleb128 0x39
 4903 0170 0B       		.uleb128 0xb
 4904 0171 49       		.uleb128 0x49
 4905 0172 13       		.uleb128 0x13
 4906 0173 02       		.uleb128 0x2
 4907 0174 18       		.uleb128 0x18
 4908 0175 00       		.byte	0
 4909 0176 00       		.byte	0
 4910 0177 1A       		.uleb128 0x1a
 4911 0178 35       		.uleb128 0x35
 4912 0179 00       		.byte	0
 4913 017a 49       		.uleb128 0x49
 4914 017b 13       		.uleb128 0x13
 4915 017c 00       		.byte	0
 4916 017d 00       		.byte	0
 4917 017e 1B       		.uleb128 0x1b
 4918 017f 2E       		.uleb128 0x2e
 4919 0180 01       		.byte	0x1
 4920 0181 3F       		.uleb128 0x3f
 4921 0182 19       		.uleb128 0x19
 4922 0183 03       		.uleb128 0x3
 4923 0184 0E       		.uleb128 0xe
 4924 0185 3A       		.uleb128 0x3a
 4925 0186 0B       		.uleb128 0xb
 4926 0187 3B       		.uleb128 0x3b
 4927 0188 05       		.uleb128 0x5
 4928 0189 39       		.uleb128 0x39
 4929 018a 21       		.uleb128 0x21
ARM GAS  C:\Users\DEVELO~1\AppData\Local\Temp\cc3MmbBd.s 			page 88


 4930 018b 08       		.sleb128 8
 4931 018c 27       		.uleb128 0x27
 4932 018d 19       		.uleb128 0x19
 4933 018e 3C       		.uleb128 0x3c
 4934 018f 19       		.uleb128 0x19
 4935 0190 01       		.uleb128 0x1
 4936 0191 13       		.uleb128 0x13
 4937 0192 00       		.byte	0
 4938 0193 00       		.byte	0
 4939 0194 1C       		.uleb128 0x1c
 4940 0195 2E       		.uleb128 0x2e
 4941 0196 00       		.byte	0
 4942 0197 03       		.uleb128 0x3
 4943 0198 0E       		.uleb128 0xe
 4944 0199 3A       		.uleb128 0x3a
 4945 019a 21       		.uleb128 0x21
 4946 019b 03       		.sleb128 3
 4947 019c 3B       		.uleb128 0x3b
 4948 019d 05       		.uleb128 0x5
 4949 019e 39       		.uleb128 0x39
 4950 019f 21       		.uleb128 0x21
 4951 01a0 1B       		.sleb128 27
 4952 01a1 27       		.uleb128 0x27
 4953 01a2 19       		.uleb128 0x19
 4954 01a3 20       		.uleb128 0x20
 4955 01a4 21       		.uleb128 0x21
 4956 01a5 03       		.sleb128 3
 4957 01a6 00       		.byte	0
 4958 01a7 00       		.byte	0
 4959 01a8 1D       		.uleb128 0x1d
 4960 01a9 17       		.uleb128 0x17
 4961 01aa 01       		.byte	0x1
 4962 01ab 0B       		.uleb128 0xb
 4963 01ac 0B       		.uleb128 0xb
 4964 01ad 3A       		.uleb128 0x3a
 4965 01ae 0B       		.uleb128 0xb
 4966 01af 3B       		.uleb128 0x3b
 4967 01b0 0B       		.uleb128 0xb
 4968 01b1 39       		.uleb128 0x39
 4969 01b2 21       		.uleb128 0x21
 4970 01b3 03       		.sleb128 3
 4971 01b4 01       		.uleb128 0x1
 4972 01b5 13       		.uleb128 0x13
 4973 01b6 00       		.byte	0
 4974 01b7 00       		.byte	0
 4975 01b8 1E       		.uleb128 0x1e
 4976 01b9 0D       		.uleb128 0xd
 4977 01ba 00       		.byte	0
 4978 01bb 03       		.uleb128 0x3
 4979 01bc 08       		.uleb128 0x8
 4980 01bd 3A       		.uleb128 0x3a
 4981 01be 21       		.uleb128 0x21
 4982 01bf 11       		.sleb128 17
 4983 01c0 3B       		.uleb128 0x3b
 4984 01c1 0B       		.uleb128 0xb
 4985 01c2 39       		.uleb128 0x39
 4986 01c3 21       		.uleb128 0x21
ARM GAS  C:\Users\DEVELO~1\AppData\Local\Temp\cc3MmbBd.s 			page 89


 4987 01c4 07       		.sleb128 7
 4988 01c5 49       		.uleb128 0x49
 4989 01c6 13       		.uleb128 0x13
 4990 01c7 00       		.byte	0
 4991 01c8 00       		.byte	0
 4992 01c9 1F       		.uleb128 0x1f
 4993 01ca 0D       		.uleb128 0xd
 4994 01cb 00       		.byte	0
 4995 01cc 03       		.uleb128 0x3
 4996 01cd 0E       		.uleb128 0xe
 4997 01ce 3A       		.uleb128 0x3a
 4998 01cf 21       		.uleb128 0x21
 4999 01d0 11       		.sleb128 17
 5000 01d1 3B       		.uleb128 0x3b
 5001 01d2 0B       		.uleb128 0xb
 5002 01d3 39       		.uleb128 0x39
 5003 01d4 21       		.uleb128 0x21
 5004 01d5 19       		.sleb128 25
 5005 01d6 49       		.uleb128 0x49
 5006 01d7 13       		.uleb128 0x13
 5007 01d8 0D       		.uleb128 0xd
 5008 01d9 0B       		.uleb128 0xb
 5009 01da 6B       		.uleb128 0x6b
 5010 01db 0B       		.uleb128 0xb
 5011 01dc 00       		.byte	0
 5012 01dd 00       		.byte	0
 5013 01de 20       		.uleb128 0x20
 5014 01df 28       		.uleb128 0x28
 5015 01e0 00       		.byte	0
 5016 01e1 03       		.uleb128 0x3
 5017 01e2 0E       		.uleb128 0xe
 5018 01e3 1C       		.uleb128 0x1c
 5019 01e4 0B       		.uleb128 0xb
 5020 01e5 00       		.byte	0
 5021 01e6 00       		.byte	0
 5022 01e7 21       		.uleb128 0x21
 5023 01e8 34       		.uleb128 0x34
 5024 01e9 00       		.byte	0
 5025 01ea 03       		.uleb128 0x3
 5026 01eb 08       		.uleb128 0x8
 5027 01ec 3A       		.uleb128 0x3a
 5028 01ed 21       		.uleb128 0x21
 5029 01ee 18       		.sleb128 24
 5030 01ef 3B       		.uleb128 0x3b
 5031 01f0 05       		.uleb128 0x5
 5032 01f1 39       		.uleb128 0x39
 5033 01f2 21       		.uleb128 0x21
 5034 01f3 15       		.sleb128 21
 5035 01f4 49       		.uleb128 0x49
 5036 01f5 13       		.uleb128 0x13
 5037 01f6 3F       		.uleb128 0x3f
 5038 01f7 19       		.uleb128 0x19
 5039 01f8 3C       		.uleb128 0x3c
 5040 01f9 19       		.uleb128 0x19
 5041 01fa 00       		.byte	0
 5042 01fb 00       		.byte	0
 5043 01fc 22       		.uleb128 0x22
ARM GAS  C:\Users\DEVELO~1\AppData\Local\Temp\cc3MmbBd.s 			page 90


 5044 01fd 34       		.uleb128 0x34
 5045 01fe 00       		.byte	0
 5046 01ff 47       		.uleb128 0x47
 5047 0200 13       		.uleb128 0x13
 5048 0201 3A       		.uleb128 0x3a
 5049 0202 21       		.uleb128 0x21
 5050 0203 06       		.sleb128 6
 5051 0204 3B       		.uleb128 0x3b
 5052 0205 0B       		.uleb128 0xb
 5053 0206 39       		.uleb128 0x39
 5054 0207 21       		.uleb128 0x21
 5055 0208 0E       		.sleb128 14
 5056 0209 02       		.uleb128 0x2
 5057 020a 18       		.uleb128 0x18
 5058 020b 00       		.byte	0
 5059 020c 00       		.byte	0
 5060 020d 23       		.uleb128 0x23
 5061 020e 2E       		.uleb128 0x2e
 5062 020f 01       		.byte	0x1
 5063 0210 3F       		.uleb128 0x3f
 5064 0211 19       		.uleb128 0x19
 5065 0212 03       		.uleb128 0x3
 5066 0213 0E       		.uleb128 0xe
 5067 0214 3A       		.uleb128 0x3a
 5068 0215 21       		.uleb128 0x21
 5069 0216 06       		.sleb128 6
 5070 0217 3B       		.uleb128 0x3b
 5071 0218 05       		.uleb128 0x5
 5072 0219 39       		.uleb128 0x39
 5073 021a 21       		.uleb128 0x21
 5074 021b 06       		.sleb128 6
 5075 021c 27       		.uleb128 0x27
 5076 021d 19       		.uleb128 0x19
 5077 021e 11       		.uleb128 0x11
 5078 021f 01       		.uleb128 0x1
 5079 0220 12       		.uleb128 0x12
 5080 0221 06       		.uleb128 0x6
 5081 0222 40       		.uleb128 0x40
 5082 0223 18       		.uleb128 0x18
 5083 0224 7C       		.uleb128 0x7c
 5084 0225 19       		.uleb128 0x19
 5085 0226 01       		.uleb128 0x1
 5086 0227 13       		.uleb128 0x13
 5087 0228 00       		.byte	0
 5088 0229 00       		.byte	0
 5089 022a 24       		.uleb128 0x24
 5090 022b 2E       		.uleb128 0x2e
 5091 022c 01       		.byte	0x1
 5092 022d 03       		.uleb128 0x3
 5093 022e 0E       		.uleb128 0xe
 5094 022f 3A       		.uleb128 0x3a
 5095 0230 0B       		.uleb128 0xb
 5096 0231 3B       		.uleb128 0x3b
 5097 0232 05       		.uleb128 0x5
 5098 0233 39       		.uleb128 0x39
 5099 0234 0B       		.uleb128 0xb
 5100 0235 27       		.uleb128 0x27
ARM GAS  C:\Users\DEVELO~1\AppData\Local\Temp\cc3MmbBd.s 			page 91


 5101 0236 19       		.uleb128 0x19
 5102 0237 11       		.uleb128 0x11
 5103 0238 01       		.uleb128 0x1
 5104 0239 12       		.uleb128 0x12
 5105 023a 06       		.uleb128 0x6
 5106 023b 40       		.uleb128 0x40
 5107 023c 18       		.uleb128 0x18
 5108 023d 7C       		.uleb128 0x7c
 5109 023e 19       		.uleb128 0x19
 5110 023f 01       		.uleb128 0x1
 5111 0240 13       		.uleb128 0x13
 5112 0241 00       		.byte	0
 5113 0242 00       		.byte	0
 5114 0243 25       		.uleb128 0x25
 5115 0244 2E       		.uleb128 0x2e
 5116 0245 01       		.byte	0x1
 5117 0246 03       		.uleb128 0x3
 5118 0247 0E       		.uleb128 0xe
 5119 0248 3A       		.uleb128 0x3a
 5120 0249 21       		.uleb128 0x21
 5121 024a 05       		.sleb128 5
 5122 024b 3B       		.uleb128 0x3b
 5123 024c 0B       		.uleb128 0xb
 5124 024d 39       		.uleb128 0x39
 5125 024e 21       		.uleb128 0x21
 5126 024f 16       		.sleb128 22
 5127 0250 27       		.uleb128 0x27
 5128 0251 19       		.uleb128 0x19
 5129 0252 11       		.uleb128 0x11
 5130 0253 01       		.uleb128 0x1
 5131 0254 12       		.uleb128 0x12
 5132 0255 06       		.uleb128 0x6
 5133 0256 40       		.uleb128 0x40
 5134 0257 18       		.uleb128 0x18
 5135 0258 7A       		.uleb128 0x7a
 5136 0259 19       		.uleb128 0x19
 5137 025a 01       		.uleb128 0x1
 5138 025b 13       		.uleb128 0x13
 5139 025c 00       		.byte	0
 5140 025d 00       		.byte	0
 5141 025e 26       		.uleb128 0x26
 5142 025f 05       		.uleb128 0x5
 5143 0260 00       		.byte	0
 5144 0261 03       		.uleb128 0x3
 5145 0262 0E       		.uleb128 0xe
 5146 0263 3A       		.uleb128 0x3a
 5147 0264 21       		.uleb128 0x21
 5148 0265 05       		.sleb128 5
 5149 0266 3B       		.uleb128 0x3b
 5150 0267 0B       		.uleb128 0xb
 5151 0268 39       		.uleb128 0x39
 5152 0269 0B       		.uleb128 0xb
 5153 026a 49       		.uleb128 0x49
 5154 026b 13       		.uleb128 0x13
 5155 026c 02       		.uleb128 0x2
 5156 026d 18       		.uleb128 0x18
 5157 026e 00       		.byte	0
ARM GAS  C:\Users\DEVELO~1\AppData\Local\Temp\cc3MmbBd.s 			page 92


 5158 026f 00       		.byte	0
 5159 0270 27       		.uleb128 0x27
 5160 0271 2E       		.uleb128 0x2e
 5161 0272 00       		.byte	0
 5162 0273 03       		.uleb128 0x3
 5163 0274 0E       		.uleb128 0xe
 5164 0275 3A       		.uleb128 0x3a
 5165 0276 21       		.uleb128 0x21
 5166 0277 04       		.sleb128 4
 5167 0278 3B       		.uleb128 0x3b
 5168 0279 05       		.uleb128 0x5
 5169 027a 39       		.uleb128 0x39
 5170 027b 21       		.uleb128 0x21
 5171 027c 14       		.sleb128 20
 5172 027d 27       		.uleb128 0x27
 5173 027e 19       		.uleb128 0x19
 5174 027f 11       		.uleb128 0x11
 5175 0280 01       		.uleb128 0x1
 5176 0281 12       		.uleb128 0x12
 5177 0282 06       		.uleb128 0x6
 5178 0283 40       		.uleb128 0x40
 5179 0284 18       		.uleb128 0x18
 5180 0285 7C       		.uleb128 0x7c
 5181 0286 19       		.uleb128 0x19
 5182 0287 00       		.byte	0
 5183 0288 00       		.byte	0
 5184 0289 28       		.uleb128 0x28
 5185 028a 05       		.uleb128 0x5
 5186 028b 00       		.byte	0
 5187 028c 31       		.uleb128 0x31
 5188 028d 13       		.uleb128 0x13
 5189 028e 02       		.uleb128 0x2
 5190 028f 18       		.uleb128 0x18
 5191 0290 00       		.byte	0
 5192 0291 00       		.byte	0
 5193 0292 29       		.uleb128 0x29
 5194 0293 11       		.uleb128 0x11
 5195 0294 01       		.byte	0x1
 5196 0295 25       		.uleb128 0x25
 5197 0296 0E       		.uleb128 0xe
 5198 0297 13       		.uleb128 0x13
 5199 0298 0B       		.uleb128 0xb
 5200 0299 03       		.uleb128 0x3
 5201 029a 0E       		.uleb128 0xe
 5202 029b 1B       		.uleb128 0x1b
 5203 029c 0E       		.uleb128 0xe
 5204 029d 55       		.uleb128 0x55
 5205 029e 17       		.uleb128 0x17
 5206 029f 11       		.uleb128 0x11
 5207 02a0 01       		.uleb128 0x1
 5208 02a1 10       		.uleb128 0x10
 5209 02a2 17       		.uleb128 0x17
 5210 02a3 00       		.byte	0
 5211 02a4 00       		.byte	0
 5212 02a5 2A       		.uleb128 0x2a
 5213 02a6 24       		.uleb128 0x24
 5214 02a7 00       		.byte	0
ARM GAS  C:\Users\DEVELO~1\AppData\Local\Temp\cc3MmbBd.s 			page 93


 5215 02a8 0B       		.uleb128 0xb
 5216 02a9 0B       		.uleb128 0xb
 5217 02aa 3E       		.uleb128 0x3e
 5218 02ab 0B       		.uleb128 0xb
 5219 02ac 03       		.uleb128 0x3
 5220 02ad 08       		.uleb128 0x8
 5221 02ae 00       		.byte	0
 5222 02af 00       		.byte	0
 5223 02b0 2B       		.uleb128 0x2b
 5224 02b1 13       		.uleb128 0x13
 5225 02b2 01       		.byte	0x1
 5226 02b3 03       		.uleb128 0x3
 5227 02b4 0E       		.uleb128 0xe
 5228 02b5 0B       		.uleb128 0xb
 5229 02b6 05       		.uleb128 0x5
 5230 02b7 3A       		.uleb128 0x3a
 5231 02b8 0B       		.uleb128 0xb
 5232 02b9 3B       		.uleb128 0x3b
 5233 02ba 05       		.uleb128 0x5
 5234 02bb 39       		.uleb128 0x39
 5235 02bc 0B       		.uleb128 0xb
 5236 02bd 01       		.uleb128 0x1
 5237 02be 13       		.uleb128 0x13
 5238 02bf 00       		.byte	0
 5239 02c0 00       		.byte	0
 5240 02c1 2C       		.uleb128 0x2c
 5241 02c2 0F       		.uleb128 0xf
 5242 02c3 00       		.byte	0
 5243 02c4 0B       		.uleb128 0xb
 5244 02c5 0B       		.uleb128 0xb
 5245 02c6 00       		.byte	0
 5246 02c7 00       		.byte	0
 5247 02c8 2D       		.uleb128 0x2d
 5248 02c9 13       		.uleb128 0x13
 5249 02ca 01       		.byte	0x1
 5250 02cb 0B       		.uleb128 0xb
 5251 02cc 05       		.uleb128 0x5
 5252 02cd 3A       		.uleb128 0x3a
 5253 02ce 0B       		.uleb128 0xb
 5254 02cf 3B       		.uleb128 0x3b
 5255 02d0 0B       		.uleb128 0xb
 5256 02d1 39       		.uleb128 0x39
 5257 02d2 0B       		.uleb128 0xb
 5258 02d3 01       		.uleb128 0x1
 5259 02d4 13       		.uleb128 0x13
 5260 02d5 00       		.byte	0
 5261 02d6 00       		.byte	0
 5262 02d7 2E       		.uleb128 0x2e
 5263 02d8 13       		.uleb128 0x13
 5264 02d9 01       		.byte	0x1
 5265 02da 0B       		.uleb128 0xb
 5266 02db 05       		.uleb128 0x5
 5267 02dc 3A       		.uleb128 0x3a
 5268 02dd 0B       		.uleb128 0xb
 5269 02de 3B       		.uleb128 0x3b
 5270 02df 05       		.uleb128 0x5
 5271 02e0 39       		.uleb128 0x39
ARM GAS  C:\Users\DEVELO~1\AppData\Local\Temp\cc3MmbBd.s 			page 94


 5272 02e1 0B       		.uleb128 0xb
 5273 02e2 01       		.uleb128 0x1
 5274 02e3 13       		.uleb128 0x13
 5275 02e4 00       		.byte	0
 5276 02e5 00       		.byte	0
 5277 02e6 2F       		.uleb128 0x2f
 5278 02e7 13       		.uleb128 0x13
 5279 02e8 01       		.byte	0x1
 5280 02e9 0B       		.uleb128 0xb
 5281 02ea 0B       		.uleb128 0xb
 5282 02eb 3A       		.uleb128 0x3a
 5283 02ec 0B       		.uleb128 0xb
 5284 02ed 3B       		.uleb128 0x3b
 5285 02ee 05       		.uleb128 0x5
 5286 02ef 39       		.uleb128 0x39
 5287 02f0 0B       		.uleb128 0xb
 5288 02f1 01       		.uleb128 0x1
 5289 02f2 13       		.uleb128 0x13
 5290 02f3 00       		.byte	0
 5291 02f4 00       		.byte	0
 5292 02f5 30       		.uleb128 0x30
 5293 02f6 15       		.uleb128 0x15
 5294 02f7 01       		.byte	0x1
 5295 02f8 27       		.uleb128 0x27
 5296 02f9 19       		.uleb128 0x19
 5297 02fa 01       		.uleb128 0x1
 5298 02fb 13       		.uleb128 0x13
 5299 02fc 00       		.byte	0
 5300 02fd 00       		.byte	0
 5301 02fe 31       		.uleb128 0x31
 5302 02ff 04       		.uleb128 0x4
 5303 0300 01       		.byte	0x1
 5304 0301 3E       		.uleb128 0x3e
 5305 0302 0B       		.uleb128 0xb
 5306 0303 0B       		.uleb128 0xb
 5307 0304 0B       		.uleb128 0xb
 5308 0305 49       		.uleb128 0x49
 5309 0306 13       		.uleb128 0x13
 5310 0307 3A       		.uleb128 0x3a
 5311 0308 0B       		.uleb128 0xb
 5312 0309 3B       		.uleb128 0x3b
 5313 030a 0B       		.uleb128 0xb
 5314 030b 39       		.uleb128 0x39
 5315 030c 0B       		.uleb128 0xb
 5316 030d 01       		.uleb128 0x1
 5317 030e 13       		.uleb128 0x13
 5318 030f 00       		.byte	0
 5319 0310 00       		.byte	0
 5320 0311 32       		.uleb128 0x32
 5321 0312 2E       		.uleb128 0x2e
 5322 0313 01       		.byte	0x1
 5323 0314 3F       		.uleb128 0x3f
 5324 0315 19       		.uleb128 0x19
 5325 0316 03       		.uleb128 0x3
 5326 0317 0E       		.uleb128 0xe
 5327 0318 3A       		.uleb128 0x3a
 5328 0319 0B       		.uleb128 0xb
ARM GAS  C:\Users\DEVELO~1\AppData\Local\Temp\cc3MmbBd.s 			page 95


 5329 031a 3B       		.uleb128 0x3b
 5330 031b 05       		.uleb128 0x5
 5331 031c 39       		.uleb128 0x39
 5332 031d 0B       		.uleb128 0xb
 5333 031e 27       		.uleb128 0x27
 5334 031f 19       		.uleb128 0x19
 5335 0320 49       		.uleb128 0x49
 5336 0321 13       		.uleb128 0x13
 5337 0322 3C       		.uleb128 0x3c
 5338 0323 19       		.uleb128 0x19
 5339 0324 01       		.uleb128 0x1
 5340 0325 13       		.uleb128 0x13
 5341 0326 00       		.byte	0
 5342 0327 00       		.byte	0
 5343 0328 33       		.uleb128 0x33
 5344 0329 2E       		.uleb128 0x2e
 5345 032a 01       		.byte	0x1
 5346 032b 3F       		.uleb128 0x3f
 5347 032c 19       		.uleb128 0x19
 5348 032d 03       		.uleb128 0x3
 5349 032e 0E       		.uleb128 0xe
 5350 032f 3A       		.uleb128 0x3a
 5351 0330 0B       		.uleb128 0xb
 5352 0331 3B       		.uleb128 0x3b
 5353 0332 0B       		.uleb128 0xb
 5354 0333 39       		.uleb128 0x39
 5355 0334 0B       		.uleb128 0xb
 5356 0335 27       		.uleb128 0x27
 5357 0336 19       		.uleb128 0x19
 5358 0337 3C       		.uleb128 0x3c
 5359 0338 19       		.uleb128 0x19
 5360 0339 01       		.uleb128 0x1
 5361 033a 13       		.uleb128 0x13
 5362 033b 00       		.byte	0
 5363 033c 00       		.byte	0
 5364 033d 34       		.uleb128 0x34
 5365 033e 0B       		.uleb128 0xb
 5366 033f 01       		.byte	0x1
 5367 0340 11       		.uleb128 0x11
 5368 0341 01       		.uleb128 0x1
 5369 0342 12       		.uleb128 0x12
 5370 0343 06       		.uleb128 0x6
 5371 0344 00       		.byte	0
 5372 0345 00       		.byte	0
 5373 0346 35       		.uleb128 0x35
 5374 0347 2E       		.uleb128 0x2e
 5375 0348 00       		.byte	0
 5376 0349 3F       		.uleb128 0x3f
 5377 034a 19       		.uleb128 0x19
 5378 034b 03       		.uleb128 0x3
 5379 034c 0E       		.uleb128 0xe
 5380 034d 3A       		.uleb128 0x3a
 5381 034e 0B       		.uleb128 0xb
 5382 034f 3B       		.uleb128 0x3b
 5383 0350 05       		.uleb128 0x5
 5384 0351 39       		.uleb128 0x39
 5385 0352 0B       		.uleb128 0xb
ARM GAS  C:\Users\DEVELO~1\AppData\Local\Temp\cc3MmbBd.s 			page 96


 5386 0353 27       		.uleb128 0x27
 5387 0354 19       		.uleb128 0x19
 5388 0355 11       		.uleb128 0x11
 5389 0356 01       		.uleb128 0x1
 5390 0357 12       		.uleb128 0x12
 5391 0358 06       		.uleb128 0x6
 5392 0359 40       		.uleb128 0x40
 5393 035a 18       		.uleb128 0x18
 5394 035b 7C       		.uleb128 0x7c
 5395 035c 19       		.uleb128 0x19
 5396 035d 00       		.byte	0
 5397 035e 00       		.byte	0
 5398 035f 36       		.uleb128 0x36
 5399 0360 34       		.uleb128 0x34
 5400 0361 00       		.byte	0
 5401 0362 03       		.uleb128 0x3
 5402 0363 0E       		.uleb128 0xe
 5403 0364 3A       		.uleb128 0x3a
 5404 0365 0B       		.uleb128 0xb
 5405 0366 3B       		.uleb128 0x3b
 5406 0367 05       		.uleb128 0x5
 5407 0368 39       		.uleb128 0x39
 5408 0369 0B       		.uleb128 0xb
 5409 036a 49       		.uleb128 0x49
 5410 036b 13       		.uleb128 0x13
 5411 036c 02       		.uleb128 0x2
 5412 036d 18       		.uleb128 0x18
 5413 036e 00       		.byte	0
 5414 036f 00       		.byte	0
 5415 0370 37       		.uleb128 0x37
 5416 0371 34       		.uleb128 0x34
 5417 0372 00       		.byte	0
 5418 0373 03       		.uleb128 0x3
 5419 0374 0E       		.uleb128 0xe
 5420 0375 49       		.uleb128 0x49
 5421 0376 13       		.uleb128 0x13
 5422 0377 34       		.uleb128 0x34
 5423 0378 19       		.uleb128 0x19
 5424 0379 00       		.byte	0
 5425 037a 00       		.byte	0
 5426 037b 38       		.uleb128 0x38
 5427 037c 05       		.uleb128 0x5
 5428 037d 00       		.byte	0
 5429 037e 03       		.uleb128 0x3
 5430 037f 08       		.uleb128 0x8
 5431 0380 3A       		.uleb128 0x3a
 5432 0381 0B       		.uleb128 0xb
 5433 0382 3B       		.uleb128 0x3b
 5434 0383 0B       		.uleb128 0xb
 5435 0384 39       		.uleb128 0x39
 5436 0385 0B       		.uleb128 0xb
 5437 0386 49       		.uleb128 0x49
 5438 0387 13       		.uleb128 0x13
 5439 0388 02       		.uleb128 0x2
 5440 0389 18       		.uleb128 0x18
 5441 038a 00       		.byte	0
 5442 038b 00       		.byte	0
ARM GAS  C:\Users\DEVELO~1\AppData\Local\Temp\cc3MmbBd.s 			page 97


 5443 038c 39       		.uleb128 0x39
 5444 038d 2E       		.uleb128 0x2e
 5445 038e 01       		.byte	0x1
 5446 038f 03       		.uleb128 0x3
 5447 0390 0E       		.uleb128 0xe
 5448 0391 3A       		.uleb128 0x3a
 5449 0392 0B       		.uleb128 0xb
 5450 0393 3B       		.uleb128 0x3b
 5451 0394 05       		.uleb128 0x5
 5452 0395 39       		.uleb128 0x39
 5453 0396 0B       		.uleb128 0xb
 5454 0397 27       		.uleb128 0x27
 5455 0398 19       		.uleb128 0x19
 5456 0399 20       		.uleb128 0x20
 5457 039a 0B       		.uleb128 0xb
 5458 039b 00       		.byte	0
 5459 039c 00       		.byte	0
 5460 039d 3A       		.uleb128 0x3a
 5461 039e 05       		.uleb128 0x5
 5462 039f 00       		.byte	0
 5463 03a0 03       		.uleb128 0x3
 5464 03a1 0E       		.uleb128 0xe
 5465 03a2 3A       		.uleb128 0x3a
 5466 03a3 0B       		.uleb128 0xb
 5467 03a4 3B       		.uleb128 0x3b
 5468 03a5 05       		.uleb128 0x5
 5469 03a6 39       		.uleb128 0x39
 5470 03a7 0B       		.uleb128 0xb
 5471 03a8 49       		.uleb128 0x49
 5472 03a9 13       		.uleb128 0x13
 5473 03aa 00       		.byte	0
 5474 03ab 00       		.byte	0
 5475 03ac 00       		.byte	0
 5476              		.section	.debug_aranges,"",%progbits
 5477 0000 AC000000 		.4byte	0xac
 5478 0004 0200     		.2byte	0x2
 5479 0006 00000000 		.4byte	.Ldebug_info0
 5480 000a 04       		.byte	0x4
 5481 000b 00       		.byte	0
 5482 000c 0000     		.2byte	0
 5483 000e 0000     		.2byte	0
 5484 0010 00000000 		.4byte	.LFB204
 5485 0014 20000000 		.4byte	.LFE204-.LFB204
 5486 0018 00000000 		.4byte	.LFB205
 5487 001c 20000000 		.4byte	.LFE205-.LFB205
 5488 0020 00000000 		.4byte	.LFB352
 5489 0024 0C000000 		.4byte	.LFE352-.LFB352
 5490 0028 00000000 		.4byte	.LFB353
 5491 002c 0C000000 		.4byte	.LFE353-.LFB353
 5492 0030 00000000 		.4byte	.LFB374
 5493 0034 1A000000 		.4byte	.LFE374-.LFB374
 5494 0038 00000000 		.4byte	.LFB388
 5495 003c 5C000000 		.4byte	.LFE388-.LFB388
 5496 0040 00000000 		.4byte	.LFB389
 5497 0044 40000000 		.4byte	.LFE389-.LFB389
 5498 0048 00000000 		.4byte	.LFB394
 5499 004c 5C000000 		.4byte	.LFE394-.LFB394
ARM GAS  C:\Users\DEVELO~1\AppData\Local\Temp\cc3MmbBd.s 			page 98


 5500 0050 00000000 		.4byte	.LFB395
 5501 0054 40000000 		.4byte	.LFE395-.LFB395
 5502 0058 00000000 		.4byte	.LFB432
 5503 005c CE000000 		.4byte	.LFE432-.LFB432
 5504 0060 00000000 		.4byte	.LFB433
 5505 0064 24000000 		.4byte	.LFE433-.LFB433
 5506 0068 00000000 		.4byte	.LFB434
 5507 006c 72000000 		.4byte	.LFE434-.LFB434
 5508 0070 00000000 		.4byte	.LFB435
 5509 0074 24000000 		.4byte	.LFE435-.LFB435
 5510 0078 00000000 		.4byte	.LFB436
 5511 007c 24000000 		.4byte	.LFE436-.LFB436
 5512 0080 00000000 		.4byte	.LFB437
 5513 0084 24000000 		.4byte	.LFE437-.LFB437
 5514 0088 00000000 		.4byte	.LFB438
 5515 008c FC000000 		.4byte	.LFE438-.LFB438
 5516 0090 00000000 		.4byte	.LFB439
 5517 0094 70000000 		.4byte	.LFE439-.LFB439
 5518 0098 00000000 		.4byte	.LFB440
 5519 009c 60000000 		.4byte	.LFE440-.LFB440
 5520 00a0 00000000 		.4byte	.LFB441
 5521 00a4 3C010000 		.4byte	.LFE441-.LFB441
 5522 00a8 00000000 		.4byte	0
 5523 00ac 00000000 		.4byte	0
 5524              		.section	.debug_rnglists,"",%progbits
 5525              	.Ldebug_ranges0:
 5526 0000 7E000000 		.4byte	.Ldebug_ranges3-.Ldebug_ranges2
 5527              	.Ldebug_ranges2:
 5528 0004 0500     		.2byte	0x5
 5529 0006 04       		.byte	0x4
 5530 0007 00       		.byte	0
 5531 0008 00000000 		.4byte	0
 5532              	.LLRL0:
 5533 000c 07       		.byte	0x7
 5534 000d 00000000 		.4byte	.LFB204
 5535 0011 20       		.uleb128 .LFE204-.LFB204
 5536 0012 07       		.byte	0x7
 5537 0013 00000000 		.4byte	.LFB205
 5538 0017 20       		.uleb128 .LFE205-.LFB205
 5539 0018 07       		.byte	0x7
 5540 0019 00000000 		.4byte	.LFB352
 5541 001d 0C       		.uleb128 .LFE352-.LFB352
 5542 001e 07       		.byte	0x7
 5543 001f 00000000 		.4byte	.LFB353
 5544 0023 0C       		.uleb128 .LFE353-.LFB353
 5545 0024 07       		.byte	0x7
 5546 0025 00000000 		.4byte	.LFB374
 5547 0029 1A       		.uleb128 .LFE374-.LFB374
 5548 002a 07       		.byte	0x7
 5549 002b 00000000 		.4byte	.LFB388
 5550 002f 5C       		.uleb128 .LFE388-.LFB388
 5551 0030 07       		.byte	0x7
 5552 0031 00000000 		.4byte	.LFB389
 5553 0035 40       		.uleb128 .LFE389-.LFB389
 5554 0036 07       		.byte	0x7
 5555 0037 00000000 		.4byte	.LFB394
 5556 003b 5C       		.uleb128 .LFE394-.LFB394
ARM GAS  C:\Users\DEVELO~1\AppData\Local\Temp\cc3MmbBd.s 			page 99


 5557 003c 07       		.byte	0x7
 5558 003d 00000000 		.4byte	.LFB395
 5559 0041 40       		.uleb128 .LFE395-.LFB395
 5560 0042 07       		.byte	0x7
 5561 0043 00000000 		.4byte	.LFB432
 5562 0047 CE01     		.uleb128 .LFE432-.LFB432
 5563 0049 07       		.byte	0x7
 5564 004a 00000000 		.4byte	.LFB433
 5565 004e 24       		.uleb128 .LFE433-.LFB433
 5566 004f 07       		.byte	0x7
 5567 0050 00000000 		.4byte	.LFB434
 5568 0054 72       		.uleb128 .LFE434-.LFB434
 5569 0055 07       		.byte	0x7
 5570 0056 00000000 		.4byte	.LFB435
 5571 005a 24       		.uleb128 .LFE435-.LFB435
 5572 005b 07       		.byte	0x7
 5573 005c 00000000 		.4byte	.LFB436
 5574 0060 24       		.uleb128 .LFE436-.LFB436
 5575 0061 07       		.byte	0x7
 5576 0062 00000000 		.4byte	.LFB437
 5577 0066 24       		.uleb128 .LFE437-.LFB437
 5578 0067 07       		.byte	0x7
 5579 0068 00000000 		.4byte	.LFB438
 5580 006c FC01     		.uleb128 .LFE438-.LFB438
 5581 006e 07       		.byte	0x7
 5582 006f 00000000 		.4byte	.LFB439
 5583 0073 70       		.uleb128 .LFE439-.LFB439
 5584 0074 07       		.byte	0x7
 5585 0075 00000000 		.4byte	.LFB440
 5586 0079 60       		.uleb128 .LFE440-.LFB440
 5587 007a 07       		.byte	0x7
 5588 007b 00000000 		.4byte	.LFB441
 5589 007f BC02     		.uleb128 .LFE441-.LFB441
 5590 0081 00       		.byte	0
 5591              	.Ldebug_ranges3:
 5592              		.section	.debug_line,"",%progbits
 5593              	.Ldebug_line0:
 5594 0000 B0070000 		.section	.debug_str,"MS",%progbits,1
 5594      03009C03 
 5594      00000201 
 5594      FB0E0D00 
 5594      01010101 
 5595              	.LASF126:
 5596 0000 41504231 		.ascii	"APB1HRSTR\000"
 5596      48525354 
 5596      5200
 5597              	.LASF11:
 5598 000a 6C6F6E67 		.ascii	"long int\000"
 5598      20696E74 
 5598      00
 5599              	.LASF216:
 5600 0013 53657269 		.ascii	"SerialDriver\000"
 5600      616C4472 
 5600      69766572 
 5600      00
 5601              	.LASF35:
 5602 0020 6E616D65 		.ascii	"name\000"
ARM GAS  C:\Users\DEVELO~1\AppData\Local\Temp\cc3MmbBd.s 			page 100


 5602      00
 5603              	.LASF167:
 5604 0025 74687265 		.ascii	"thread_reference_t\000"
 5604      61645F72 
 5604      65666572 
 5604      656E6365 
 5604      5F7400
 5605              	.LASF164:
 5606 0038 63685F72 		.ascii	"ch_registry\000"
 5606      65676973 
 5606      74727900 
 5607              	.LASF253:
 5608 0044 7365745F 		.ascii	"set_error\000"
 5608      6572726F 
 5608      7200
 5609              	.LASF149:
 5610 004e 41504232 		.ascii	"APB2LPENR\000"
 5610      4C50454E 
 5610      5200
 5611              	.LASF127:
 5612 0058 41504232 		.ascii	"APB2RSTR\000"
 5612      52535452 
 5612      00
 5613              	.LASF193:
 5614 0061 6C697374 		.ascii	"listener\000"
 5614      656E6572 
 5614      00
 5615              	.LASF232:
 5616 006a 67657474 		.ascii	"gett\000"
 5616      00
 5617              	.LASF38:
 5618 006f 666C6167 		.ascii	"flags\000"
 5618      7300
 5619              	.LASF65:
 5620 0075 73797374 		.ascii	"systime_t\000"
 5620      696D655F 
 5620      7400
 5621              	.LASF44:
 5622 007f 7265616C 		.ascii	"realprio\000"
 5622      7072696F 
 5622      00
 5623              	.LASF89:
 5624 0088 62756666 		.ascii	"buffer\000"
 5624      657200
 5625              	.LASF107:
 5626 008f 504C4C33 		.ascii	"PLL3FRACR\000"
 5626      46524143 
 5626      5200
 5627              	.LASF217:
 5628 0099 68616C5F 		.ascii	"hal_serial_driver\000"
 5628      73657269 
 5628      616C5F64 
 5628      72697665 
 5628      7200
 5629              	.LASF199:
 5630 00ab 696F5F71 		.ascii	"io_queue_t\000"
 5630      75657565 
ARM GAS  C:\Users\DEVELO~1\AppData\Local\Temp\cc3MmbBd.s 			page 101


 5630      5F7400
 5631              	.LASF42:
 5632 00b6 6570656E 		.ascii	"epending\000"
 5632      64696E67 
 5632      00
 5633              	.LASF249:
 5634 00bf 73645F6C 		.ascii	"sd_lld_start\000"
 5634      6C645F73 
 5634      74617274 
 5634      00
 5635              	.LASF69:
 5636 00cc 6E657874 		.ascii	"next\000"
 5636      00
 5637              	.LASF19:
 5638 00d1 75696E74 		.ascii	"uint32_t\000"
 5638      33325F74 
 5638      00
 5639              	.LASF87:
 5640 00da 73757370 		.ascii	"suspended\000"
 5640      656E6465 
 5640      6400
 5641              	.LASF52:
 5642 00e4 636F7265 		.ascii	"core_id\000"
 5642      5F696400 
 5643              	.LASF98:
 5644 00ec 44334346 		.ascii	"D3CFGR\000"
 5644      475200
 5645              	.LASF206:
 5646 00f3 715F7264 		.ascii	"q_rdptr\000"
 5646      70747200 
 5647              	.LASF10:
 5648 00fb 5F5F696E 		.ascii	"__int32_t\000"
 5648      7433325F 
 5648      7400
 5649              	.LASF39:
 5650 0105 72656673 		.ascii	"refs\000"
 5650      00
 5651              	.LASF209:
 5652 010a 716E6F74 		.ascii	"qnotify_t\000"
 5652      6966795F 
 5652      7400
 5653              	.LASF194:
 5654 0114 6576656E 		.ascii	"events\000"
 5654      747300
 5655              	.LASF152:
 5656 011b 5243435F 		.ascii	"RCC_TypeDef\000"
 5656      54797065 
 5656      44656600 
 5657              	.LASF79:
 5658 0127 77746F62 		.ascii	"wtobjp\000"
 5658      6A7000
 5659              	.LASF268:
 5660 012e 706F7274 		.ascii	"port_lock\000"
 5660      5F6C6F63 
 5660      6B00
 5661              	.LASF50:
 5662 0138 76746C69 		.ascii	"vtlist\000"
ARM GAS  C:\Users\DEVELO~1\AppData\Local\Temp\cc3MmbBd.s 			page 102


 5662      737400
 5663              	.LASF106:
 5664 013f 504C4C33 		.ascii	"PLL3DIVR\000"
 5664      44495652 
 5664      00
 5665              	.LASF158:
 5666 0148 706F7274 		.ascii	"port_context\000"
 5666      5F636F6E 
 5666      74657874 
 5666      00
 5667              	.LASF266:
 5668 0155 706F7274 		.ascii	"port_lock_from_isr\000"
 5668      5F6C6F63 
 5668      6B5F6672 
 5668      6F6D5F69 
 5668      737200
 5669              	.LASF70:
 5670 0168 63685F71 		.ascii	"ch_queue_t\000"
 5670      75657565 
 5670      5F7400
 5671              	.LASF181:
 5672 0173 63685F72 		.ascii	"ch_ready_list\000"
 5672      65616479 
 5672      5F6C6973 
 5672      7400
 5673              	.LASF162:
 5674 0181 6C617374 		.ascii	"laststamp\000"
 5674      7374616D 
 5674      7000
 5675              	.LASF245:
 5676 018b 73644F62 		.ascii	"sdObjectInit\000"
 5676      6A656374 
 5676      496E6974 
 5676      00
 5677              	.LASF115:
 5678 0198 43494652 		.ascii	"CIFR\000"
 5678      00
 5679              	.LASF242:
 5680 019d 7364496E 		.ascii	"sdIncomingDataI\000"
 5680      636F6D69 
 5680      6E674461 
 5680      74614900 
 5681              	.LASF72:
 5682 01ad 70726576 		.ascii	"prev\000"
 5682      00
 5683              	.LASF144:
 5684 01b2 41484232 		.ascii	"AHB2LPENR\000"
 5684      4C50454E 
 5684      5200
 5685              	.LASF264:
 5686 01bc 63685379 		.ascii	"chSysLockFromISR\000"
 5686      734C6F63 
 5686      6B46726F 
 5686      6D495352 
 5686      00
 5687              	.LASF68:
 5688 01cd 63685F6C 		.ascii	"ch_list\000"
ARM GAS  C:\Users\DEVELO~1\AppData\Local\Temp\cc3MmbBd.s 			page 103


 5688      69737400 
 5689              	.LASF225:
 5690 01d5 73706565 		.ascii	"speed\000"
 5690      6400
 5691              	.LASF233:
 5692 01db 77726974 		.ascii	"writet\000"
 5692      657400
 5693              	.LASF136:
 5694 01e2 41504233 		.ascii	"APB3ENR\000"
 5694      454E5200 
 5695              	.LASF61:
 5696 01ea 63685F73 		.ascii	"ch_system_debug\000"
 5696      79737465 
 5696      6D5F6465 
 5696      62756700 
 5697              	.LASF153:
 5698 01fa 47545052 		.ascii	"GTPR\000"
 5698      00
 5699              	.LASF170:
 5700 01ff 6C697374 		.ascii	"list\000"
 5700      00
 5701              	.LASF219:
 5702 0204 69717565 		.ascii	"iqueue\000"
 5702      756500
 5703              	.LASF258:
 5704 020b 72636344 		.ascii	"rccDisableAPB1L\000"
 5704      69736162 
 5704      6C654150 
 5704      42314C00 
 5705              	.LASF77:
 5706 021b 63685F64 		.ascii	"ch_delta_list\000"
 5706      656C7461 
 5706      5F6C6973 
 5706      7400
 5707              	.LASF201:
 5708 0229 715F7761 		.ascii	"q_waiting\000"
 5708      6974696E 
 5708      6700
 5709              	.LASF175:
 5710 0233 73656E74 		.ascii	"sentmsg\000"
 5710      6D736700 
 5711              	.LASF28:
 5712 023b 6576656E 		.ascii	"eventmask_t\000"
 5712      746D6173 
 5712      6B5F7400 
 5713              	.LASF226:
 5714 0247 53657269 		.ascii	"SerialConfig\000"
 5714      616C436F 
 5714      6E666967 
 5714      00
 5715              	.LASF86:
 5716 0254 74726163 		.ascii	"trace_event_t\000"
 5716      655F6576 
 5716      656E745F 
 5716      7400
 5717              	.LASF215:
 5718 0262 73647374 		.ascii	"sdstate_t\000"
ARM GAS  C:\Users\DEVELO~1\AppData\Local\Temp\cc3MmbBd.s 			page 104


 5718      6174655F 
 5718      7400
 5719              	.LASF218:
 5720 026c 6576656E 		.ascii	"event\000"
 5720      7400
 5721              	.LASF133:
 5722 0272 41484231 		.ascii	"AHB1ENR\000"
 5722      454E5200 
 5723              	.LASF26:
 5724 027a 74707269 		.ascii	"tprio_t\000"
 5724      6F5F7400 
 5725              	.LASF41:
 5726 0282 6D736771 		.ascii	"msgqueue\000"
 5726      75657565 
 5726      00
 5727              	.LASF114:
 5728 028b 43494552 		.ascii	"CIER\000"
 5728      00
 5729              	.LASF189:
 5730 0290 6F735F69 		.ascii	"os_instance_config_t\000"
 5730      6E737461 
 5730      6E63655F 
 5730      636F6E66 
 5730      69675F74 
 5731              	.LASF237:
 5732 02a5 73645F6F 		.ascii	"sd_out_buf1\000"
 5732      75745F62 
 5732      75663100 
 5733              	.LASF239:
 5734 02b1 73645F6F 		.ascii	"sd_out_buf5\000"
 5734      75745F62 
 5734      75663500 
 5735              	.LASF241:
 5736 02bd 73645F6F 		.ascii	"sd_out_buf6\000"
 5736      75745F62 
 5736      75663600 
 5737              	.LASF81:
 5738 02c9 68616C74 		.ascii	"halt\000"
 5738      00
 5739              	.LASF15:
 5740 02ce 6C6F6E67 		.ascii	"long long unsigned int\000"
 5740      206C6F6E 
 5740      6720756E 
 5740      7369676E 
 5740      65642069 
 5741              	.LASF147:
 5742 02e5 41504231 		.ascii	"APB1LLPENR\000"
 5742      4C4C5045 
 5742      4E5200
 5743              	.LASF80:
 5744 02f0 72656173 		.ascii	"reason\000"
 5744      6F6E00
 5745              	.LASF155:
 5746 02f7 50524553 		.ascii	"PRESC\000"
 5746      4300
 5747              	.LASF197:
 5748 02fd 6576656E 		.ascii	"event_source_t\000"
ARM GAS  C:\Users\DEVELO~1\AppData\Local\Temp\cc3MmbBd.s 			page 105


 5748      745F736F 
 5748      75726365 
 5748      5F7400
 5749              	.LASF171:
 5750 030c 70717565 		.ascii	"pqueue\000"
 5750      756500
 5751              	.LASF247:
 5752 0313 73645F6C 		.ascii	"sd_lld_serve_interrupt\000"
 5752      6C645F73 
 5752      65727665 
 5752      5F696E74 
 5752      65727275 
 5753              	.LASF8:
 5754 032a 5F5F7569 		.ascii	"__uint16_t\000"
 5754      6E743136 
 5754      5F7400
 5755              	.LASF30:
 5756 0335 636E745F 		.ascii	"cnt_t\000"
 5756      7400
 5757              	.LASF85:
 5758 033b 74696D65 		.ascii	"time\000"
 5758      00
 5759              	.LASF34:
 5760 0340 6F776E65 		.ascii	"owner\000"
 5760      7200
 5761              	.LASF120:
 5762 0346 41484233 		.ascii	"AHB3RSTR\000"
 5762      52535452 
 5762      00
 5763              	.LASF186:
 5764 034f 6D61696E 		.ascii	"mainthread_end\000"
 5764      74687265 
 5764      61645F65 
 5764      6E6400
 5765              	.LASF169:
 5766 035e 74687265 		.ascii	"threads_queue_t\000"
 5766      6164735F 
 5766      71756575 
 5766      655F7400 
 5767              	.LASF43:
 5768 036e 6D74786C 		.ascii	"mtxlist\000"
 5768      69737400 
 5769              	.LASF159:
 5770 0376 63685F76 		.ascii	"ch_virtual_timers_list\000"
 5770      69727475 
 5770      616C5F74 
 5770      696D6572 
 5770      735F6C69 
 5771              	.LASF271:
 5772 038d 433A5C50 		.ascii	"C:\\PROJET\\ChibiOS project\\ChibiOS_21.11.4\\demos"
 5772      524F4A45 
 5772      545C4368 
 5772      6962694F 
 5772      53207072 
 5773 03bc 5C53544D 		.ascii	"\\STM32\\RT-STM32H743ZI_REV_XY-NUCLEO144_Quartz8M\000"
 5773      33325C52 
 5773      542D5354 
ARM GAS  C:\Users\DEVELO~1\AppData\Local\Temp\cc3MmbBd.s 			page 106


 5773      4D333248 
 5773      3734335A 
 5774              	.LASF53:
 5775 03ec 72666375 		.ascii	"rfcu\000"
 5775      00
 5776              	.LASF276:
 5777 03f1 62617365 		.ascii	"basePri\000"
 5777      50726900 
 5778              	.LASF32:
 5779 03f9 74687265 		.ascii	"thread_t\000"
 5779      61645F74 
 5779      00
 5780              	.LASF263:
 5781 0402 63685379 		.ascii	"chSysUnlockFromISR\000"
 5781      73556E6C 
 5781      6F636B46 
 5781      726F6D49 
 5781      535200
 5782              	.LASF82:
 5783 0415 75736572 		.ascii	"user\000"
 5783      00
 5784              	.LASF231:
 5785 041a 70757474 		.ascii	"putt\000"
 5785      00
 5786              	.LASF150:
 5787 041f 41504234 		.ascii	"APB4LPENR\000"
 5787      4C50454E 
 5787      5200
 5788              	.LASF4:
 5789 0429 73697A65 		.ascii	"size_t\000"
 5789      5F7400
 5790              	.LASF172:
 5791 0430 7264796D 		.ascii	"rdymsg\000"
 5791      736700
 5792              	.LASF269:
 5793 0437 474E5520 		.ascii	"GNU C17 11.3.1 20220712 -mcpu=cortex-m7 -mthumb -mf"
 5793      43313720 
 5793      31312E33 
 5793      2E312032 
 5793      30323230 
 5794 046a 6C6F6174 		.ascii	"loat-abi=soft -march=armv7e-m -ggdb -O0 -ffunction-"
 5794      2D616269 
 5794      3D736F66 
 5794      74202D6D 
 5794      61726368 
 5795 049d 73656374 		.ascii	"sections -fdata-sections -fno-common\000"
 5795      696F6E73 
 5795      202D6664 
 5795      6174612D 
 5795      73656374 
 5796              	.LASF262:
 5797 04c2 6F73616C 		.ascii	"osalSysLockFromISR\000"
 5797      5379734C 
 5797      6F636B46 
 5797      726F6D49 
 5797      535200
 5798              	.LASF73:
ARM GAS  C:\Users\DEVELO~1\AppData\Local\Temp\cc3MmbBd.s 			page 107


 5799 04d5 63685F70 		.ascii	"ch_priority_queue_t\000"
 5799      72696F72 
 5799      6974795F 
 5799      71756575 
 5799      655F7400 
 5800              	.LASF260:
 5801 04e9 6F73616C 		.ascii	"osalEventBroadcastFlagsI\000"
 5801      4576656E 
 5801      7442726F 
 5801      61646361 
 5801      7374466C 
 5802              	.LASF198:
 5803 0502 5F426F6F 		.ascii	"_Bool\000"
 5803      6C00
 5804              	.LASF213:
 5805 0508 53445F53 		.ascii	"SD_STOP\000"
 5805      544F5000 
 5806              	.LASF128:
 5807 0510 41504234 		.ascii	"APB4RSTR\000"
 5807      52535452 
 5807      00
 5808              	.LASF58:
 5809 0519 63685F72 		.ascii	"ch_rfcu\000"
 5809      66637500 
 5810              	.LASF180:
 5811 0521 63685F6D 		.ascii	"ch_mutex\000"
 5811      75746578 
 5811      00
 5812              	.LASF224:
 5813 052a 68616C5F 		.ascii	"hal_serial_config\000"
 5813      73657269 
 5813      616C5F63 
 5813      6F6E6669 
 5813      6700
 5814              	.LASF156:
 5815 053c 55534152 		.ascii	"USART_TypeDef\000"
 5815      545F5479 
 5815      70654465 
 5815      6600
 5816              	.LASF48:
 5817 054a 63685F6F 		.ascii	"ch_os_instance\000"
 5817      735F696E 
 5817      7374616E 
 5817      636500
 5818              	.LASF132:
 5819 0559 41484233 		.ascii	"AHB3ENR\000"
 5819      454E5200 
 5820              	.LASF244:
 5821 0561 69714F62 		.ascii	"iqObjectInit\000"
 5821      6A656374 
 5821      496E6974 
 5821      00
 5822              	.LASF207:
 5823 056e 715F6E6F 		.ascii	"q_notify\000"
 5823      74696679 
 5823      00
 5824              	.LASF222:
ARM GAS  C:\Users\DEVELO~1\AppData\Local\Temp\cc3MmbBd.s 			page 108


 5825 0577 636C6F63 		.ascii	"clock\000"
 5825      6B00
 5826              	.LASF236:
 5827 057d 73645F69 		.ascii	"sd_in_buf1\000"
 5827      6E5F6275 
 5827      663100
 5828              	.LASF188:
 5829 0588 69646C65 		.ascii	"idlethread_end\000"
 5829      74687265 
 5829      61645F65 
 5829      6E6400
 5830              	.LASF235:
 5831 0597 64656661 		.ascii	"default_config\000"
 5831      756C745F 
 5831      636F6E66 
 5831      696700
 5832              	.LASF238:
 5833 05a6 73645F69 		.ascii	"sd_in_buf5\000"
 5833      6E5F6275 
 5833      663500
 5834              	.LASF240:
 5835 05b1 73645F69 		.ascii	"sd_in_buf6\000"
 5835      6E5F6275 
 5835      663600
 5836              	.LASF75:
 5837 05bc 7072696F 		.ascii	"prio\000"
 5837      00
 5838              	.LASF63:
 5839 05c1 63686172 		.ascii	"char\000"
 5839      00
 5840              	.LASF76:
 5841 05c6 63685F64 		.ascii	"ch_delta_list_t\000"
 5841      656C7461 
 5841      5F6C6973 
 5841      745F7400 
 5842              	.LASF57:
 5843 05d6 72666375 		.ascii	"rfcu_mask_t\000"
 5843      5F6D6173 
 5843      6B5F7400 
 5844              	.LASF145:
 5845 05e2 41484234 		.ascii	"AHB4LPENR\000"
 5845      4C50454E 
 5845      5200
 5846              	.LASF105:
 5847 05ec 504C4C32 		.ascii	"PLL2FRACR\000"
 5847      46524143 
 5847      5200
 5848              	.LASF36:
 5849 05f6 77616261 		.ascii	"wabase\000"
 5849      736500
 5850              	.LASF205:
 5851 05fd 715F7772 		.ascii	"q_wrptr\000"
 5851      70747200 
 5852              	.LASF24:
 5853 0605 74737461 		.ascii	"tstate_t\000"
 5853      74655F74 
 5853      00
ARM GAS  C:\Users\DEVELO~1\AppData\Local\Temp\cc3MmbBd.s 			page 109


 5854              	.LASF97:
 5855 060e 44324346 		.ascii	"D2CFGR\000"
 5855      475200
 5856              	.LASF243:
 5857 0615 6F714F62 		.ascii	"oqObjectInit\000"
 5857      6A656374 
 5857      496E6974 
 5857      00
 5858              	.LASF185:
 5859 0622 6D61696E 		.ascii	"mainthread_base\000"
 5859      74687265 
 5859      61645F62 
 5859      61736500 
 5860              	.LASF246:
 5861 0632 63684576 		.ascii	"chEvtBroadcastFlagsI\000"
 5861      7442726F 
 5861      61646361 
 5861      7374466C 
 5861      61677349 
 5862              	.LASF1:
 5863 0647 6C6F6E67 		.ascii	"long long int\000"
 5863      206C6F6E 
 5863      6720696E 
 5863      7400
 5864              	.LASF14:
 5865 0655 5F5F7569 		.ascii	"__uint64_t\000"
 5865      6E743634 
 5865      5F7400
 5866              	.LASF0:
 5867 0660 756E7369 		.ascii	"unsigned int\000"
 5867      676E6564 
 5867      20696E74 
 5867      00
 5868              	.LASF111:
 5869 066d 44324343 		.ascii	"D2CCIP2R\000"
 5869      49503252 
 5869      00
 5870              	.LASF16:
 5871 0676 75696E74 		.ascii	"uint8_t\000"
 5871      385F7400 
 5872              	.LASF154:
 5873 067e 52544F52 		.ascii	"RTOR\000"
 5873      00
 5874              	.LASF210:
 5875 0683 696E7075 		.ascii	"input_queue_t\000"
 5875      745F7175 
 5875      6575655F 
 5875      7400
 5876              	.LASF104:
 5877 0691 504C4C32 		.ascii	"PLL2DIVR\000"
 5877      44495652 
 5877      00
 5878              	.LASF47:
 5879 069a 63685F74 		.ascii	"ch_thread\000"
 5879      68726561 
 5879      6400
 5880              	.LASF221:
ARM GAS  C:\Users\DEVELO~1\AppData\Local\Temp\cc3MmbBd.s 			page 110


 5881 06a4 75736172 		.ascii	"usart\000"
 5881      7400
 5882              	.LASF33:
 5883 06aa 72717565 		.ascii	"rqueue\000"
 5883      756500
 5884              	.LASF64:
 5885 06b1 73797374 		.ascii	"system_debug_t\000"
 5885      656D5F64 
 5885      65627567 
 5885      5F7400
 5886              	.LASF168:
 5887 06c0 63685F74 		.ascii	"ch_threads_queue\000"
 5887      68726561 
 5887      64735F71 
 5887      75657565 
 5887      00
 5888              	.LASF229:
 5889 06d1 77726974 		.ascii	"write\000"
 5889      6500
 5890              	.LASF192:
 5891 06d7 6576656E 		.ascii	"event_listener\000"
 5891      745F6C69 
 5891      7374656E 
 5891      657200
 5892              	.LASF27:
 5893 06e6 6D73675F 		.ascii	"msg_t\000"
 5893      7400
 5894              	.LASF248:
 5895 06ec 73645F6C 		.ascii	"sd_lld_stop\000"
 5895      6C645F73 
 5895      746F7000 
 5896              	.LASF234:
 5897 06f8 72656164 		.ascii	"readt\000"
 5897      7400
 5898              	.LASF166:
 5899 06fe 72656769 		.ascii	"registry_t\000"
 5899      73747279 
 5899      5F7400
 5900              	.LASF228:
 5901 0709 696E7374 		.ascii	"instance_offset\000"
 5901      616E6365 
 5901      5F6F6666 
 5901      73657400 
 5902              	.LASF211:
 5903 0719 6F757470 		.ascii	"output_queue_t\000"
 5903      75745F71 
 5903      75657565 
 5903      5F7400
 5904              	.LASF88:
 5905 0728 73697A65 		.ascii	"size\000"
 5905      00
 5906              	.LASF252:
 5907 072d 6E6F7469 		.ascii	"notify1\000"
 5907      66793100 
 5908              	.LASF59:
 5909 0735 6D61736B 		.ascii	"mask\000"
 5909      00
ARM GAS  C:\Users\DEVELO~1\AppData\Local\Temp\cc3MmbBd.s 			page 111


 5910              	.LASF251:
 5911 073a 6E6F7469 		.ascii	"notify5\000"
 5911      66793500 
 5912              	.LASF250:
 5913 0742 6E6F7469 		.ascii	"notify6\000"
 5913      66793600 
 5914              	.LASF255:
 5915 074a 75736172 		.ascii	"usart_init\000"
 5915      745F696E 
 5915      697400
 5916              	.LASF13:
 5917 0755 6C6F6E67 		.ascii	"long unsigned int\000"
 5917      20756E73 
 5917      69676E65 
 5917      6420696E 
 5917      7400
 5918              	.LASF196:
 5919 0767 6576656E 		.ascii	"event_source\000"
 5919      745F736F 
 5919      75726365 
 5919      00
 5920              	.LASF66:
 5921 0774 73797369 		.ascii	"sysinterval_t\000"
 5921      6E746572 
 5921      76616C5F 
 5921      7400
 5922              	.LASF139:
 5923 0782 41504232 		.ascii	"APB2ENR\000"
 5923      454E5200 
 5924              	.LASF29:
 5925 078a 6576656E 		.ascii	"eventflags_t\000"
 5925      74666C61 
 5925      67735F74 
 5925      00
 5926              	.LASF62:
 5927 0797 70616E69 		.ascii	"panic_msg\000"
 5927      635F6D73 
 5927      6700
 5928              	.LASF130:
 5929 07a1 4433414D 		.ascii	"D3AMR\000"
 5929      5200
 5930              	.LASF90:
 5931 07a7 74726163 		.ascii	"trace_buffer_t\000"
 5931      655F6275 
 5931      66666572 
 5931      5F7400
 5932              	.LASF125:
 5933 07b6 41504231 		.ascii	"APB1LRSTR\000"
 5933      4C525354 
 5933      5200
 5934              	.LASF23:
 5935 07c0 746D6F64 		.ascii	"tmode_t\000"
 5935      655F7400 
 5936              	.LASF143:
 5937 07c8 41484231 		.ascii	"AHB1LPENR\000"
 5937      4C50454E 
 5937      5200
ARM GAS  C:\Users\DEVELO~1\AppData\Local\Temp\cc3MmbBd.s 			page 112


 5938              	.LASF55:
 5939 07d2 6D61696E 		.ascii	"mainthread\000"
 5939      74687265 
 5939      616400
 5940              	.LASF9:
 5941 07dd 73686F72 		.ascii	"short unsigned int\000"
 5941      7420756E 
 5941      7369676E 
 5941      65642069 
 5941      6E7400
 5942              	.LASF2:
 5943 07f0 6C6F6E67 		.ascii	"long double\000"
 5943      20646F75 
 5943      626C6500 
 5944              	.LASF220:
 5945 07fc 6F717565 		.ascii	"oqueue\000"
 5945      756500
 5946              	.LASF17:
 5947 0803 75696E74 		.ascii	"uint16_t\000"
 5947      31365F74 
 5947      00
 5948              	.LASF254:
 5949 080c 75736172 		.ascii	"usart_deinit\000"
 5949      745F6465 
 5949      696E6974 
 5949      00
 5950              	.LASF67:
 5951 0819 63685F6C 		.ascii	"ch_list_t\000"
 5951      6973745F 
 5951      7400
 5952              	.LASF122:
 5953 0823 41484232 		.ascii	"AHB2RSTR\000"
 5953      52535452 
 5953      00
 5954              	.LASF214:
 5955 082c 53445F52 		.ascii	"SD_READY\000"
 5955      45414459 
 5955      00
 5956              	.LASF116:
 5957 0835 43494352 		.ascii	"CICR\000"
 5957      00
 5958              	.LASF91:
 5959 083a 48534943 		.ascii	"HSICFGR\000"
 5959      46475200 
 5960              	.LASF54:
 5961 0842 636F6E66 		.ascii	"config\000"
 5961      696700
 5962              	.LASF95:
 5963 0849 52455345 		.ascii	"RESERVED1\000"
 5963      52564544 
 5963      3100
 5964              	.LASF99:
 5965 0853 52455345 		.ascii	"RESERVED2\000"
 5965      52564544 
 5965      3200
 5966              	.LASF223:
 5967 085d 72786D61 		.ascii	"rxmask\000"
ARM GAS  C:\Users\DEVELO~1\AppData\Local\Temp\cc3MmbBd.s 			page 113


 5967      736B00
 5968              	.LASF113:
 5969 0864 52455345 		.ascii	"RESERVED4\000"
 5969      52564544 
 5969      3400
 5970              	.LASF117:
 5971 086e 52455345 		.ascii	"RESERVED5\000"
 5971      52564544 
 5971      3500
 5972              	.LASF208:
 5973 0878 715F6C69 		.ascii	"q_link\000"
 5973      6E6B00
 5974              	.LASF7:
 5975 087f 73686F72 		.ascii	"short int\000"
 5975      7420696E 
 5975      7400
 5976              	.LASF129:
 5977 0889 52455345 		.ascii	"RESERVED8\000"
 5977      52564544 
 5977      3800
 5978              	.LASF195:
 5979 0893 77666C61 		.ascii	"wflags\000"
 5979      677300
 5980              	.LASF146:
 5981 089a 41504233 		.ascii	"APB3LPENR\000"
 5981      4C50454E 
 5981      5200
 5982              	.LASF157:
 5983 08a4 706F7274 		.ascii	"port_intctx\000"
 5983      5F696E74 
 5983      63747800 
 5984              	.LASF270:
 5985 08b0 2E2E2F2E 		.ascii	"../../../os/hal/ports/STM32/LLD/USARTv3/hal_serial_"
 5985      2E2F2E2E 
 5985      2F6F732F 
 5985      68616C2F 
 5985      706F7274 
 5986 08e3 6C6C642E 		.ascii	"lld.c\000"
 5986      6300
 5987              	.LASF124:
 5988 08e9 41504233 		.ascii	"APB3RSTR\000"
 5988      52535452 
 5988      00
 5989              	.LASF21:
 5990 08f2 706F7274 		.ascii	"port_stkalign_t\000"
 5990      5F73746B 
 5990      616C6967 
 5990      6E5F7400 
 5991              	.LASF275:
 5992 0902 5F5F7365 		.ascii	"__set_BASEPRI\000"
 5992      745F4241 
 5992      53455052 
 5992      4900
 5993              	.LASF184:
 5994 0910 63685F6F 		.ascii	"ch_os_instance_config\000"
 5994      735F696E 
 5994      7374616E 
ARM GAS  C:\Users\DEVELO~1\AppData\Local\Temp\cc3MmbBd.s 			page 114


 5994      63655F63 
 5994      6F6E6669 
 5995              	.LASF160:
 5996 0926 646C6973 		.ascii	"dlist\000"
 5996      7400
 5997              	.LASF161:
 5998 092c 6C617374 		.ascii	"lasttime\000"
 5998      74696D65 
 5998      00
 5999              	.LASF20:
 6000 0935 75696E74 		.ascii	"uint64_t\000"
 6000      36345F74 
 6000      00
 6001              	.LASF109:
 6002 093e 44314343 		.ascii	"D1CCIPR\000"
 6002      49505200 
 6003              	.LASF94:
 6004 0946 43464752 		.ascii	"CFGR\000"
 6004      00
 6005              	.LASF49:
 6006 094b 726C6973 		.ascii	"rlist\000"
 6006      7400
 6007              	.LASF261:
 6008 0951 6F73616C 		.ascii	"osalSysUnlockFromISR\000"
 6008      53797355 
 6008      6E6C6F63 
 6008      6B46726F 
 6008      6D495352 
 6009              	.LASF140:
 6010 0966 41504234 		.ascii	"APB4ENR\000"
 6010      454E5200 
 6011              	.LASF5:
 6012 096e 5F5F7569 		.ascii	"__uint8_t\000"
 6012      6E74385F 
 6012      7400
 6013              	.LASF230:
 6014 0978 72656164 		.ascii	"read\000"
 6014      00
 6015              	.LASF101:
 6016 097d 504C4C43 		.ascii	"PLLCFGR\000"
 6016      46475200 
 6017              	.LASF212:
 6018 0985 53445F55 		.ascii	"SD_UNINIT\000"
 6018      4E494E49 
 6018      5400
 6019              	.LASF100:
 6020 098f 504C4C43 		.ascii	"PLLCKSELR\000"
 6020      4B53454C 
 6020      5200
 6021              	.LASF138:
 6022 0999 41504231 		.ascii	"APB1HENR\000"
 6022      48454E52 
 6022      00
 6023              	.LASF202:
 6024 09a2 715F636F 		.ascii	"q_counter\000"
 6024      756E7465 
 6024      7200
ARM GAS  C:\Users\DEVELO~1\AppData\Local\Temp\cc3MmbBd.s 			page 115


 6025              	.LASF204:
 6026 09ac 715F746F 		.ascii	"q_top\000"
 6026      7000
 6027              	.LASF142:
 6028 09b2 41484233 		.ascii	"AHB3LPENR\000"
 6028      4C50454E 
 6028      5200
 6029              	.LASF103:
 6030 09bc 504C4C31 		.ascii	"PLL1FRACR\000"
 6030      46524143 
 6030      5200
 6031              	.LASF25:
 6032 09c6 74726566 		.ascii	"trefs_t\000"
 6032      735F7400 
 6033              	.LASF96:
 6034 09ce 44314346 		.ascii	"D1CFGR\000"
 6034      475200
 6035              	.LASF191:
 6036 09d5 6576656E 		.ascii	"event_listener_t\000"
 6036      745F6C69 
 6036      7374656E 
 6036      65725F74 
 6036      00
 6037              	.LASF183:
 6038 09e6 72656164 		.ascii	"ready_list_t\000"
 6038      795F6C69 
 6038      73745F74 
 6038      00
 6039              	.LASF84:
 6040 09f3 72747374 		.ascii	"rtstamp\000"
 6040      616D7000 
 6041              	.LASF165:
 6042 09fb 71756575 		.ascii	"queue\000"
 6042      6500
 6043              	.LASF134:
 6044 0a01 41484232 		.ascii	"AHB2ENR\000"
 6044      454E5200 
 6045              	.LASF18:
 6046 0a09 696E7433 		.ascii	"int32_t\000"
 6046      325F7400 
 6047              	.LASF60:
 6048 0a11 72666375 		.ascii	"rfcu_t\000"
 6048      5F7400
 6049              	.LASF56:
 6050 0a18 74726163 		.ascii	"trace_buffer\000"
 6050      655F6275 
 6050      66666572 
 6050      00
 6051              	.LASF176:
 6052 0a25 77747365 		.ascii	"wtsemp\000"
 6052      6D7000
 6053              	.LASF74:
 6054 0a2c 63685F70 		.ascii	"ch_priority_queue\000"
 6054      72696F72 
 6054      6974795F 
 6054      71756575 
 6054      6500
ARM GAS  C:\Users\DEVELO~1\AppData\Local\Temp\cc3MmbBd.s 			page 116


 6055              	.LASF179:
 6056 0a3e 63685F73 		.ascii	"ch_semaphore\000"
 6056      656D6170 
 6056      686F7265 
 6056      00
 6057              	.LASF102:
 6058 0a4b 504C4C31 		.ascii	"PLL1DIVR\000"
 6058      44495652 
 6058      00
 6059              	.LASF71:
 6060 0a54 63685F71 		.ascii	"ch_queue\000"
 6060      75657565 
 6060      00
 6061              	.LASF190:
 6062 0a5d 6D757465 		.ascii	"mutex_t\000"
 6062      785F7400 
 6063              	.LASF83:
 6064 0a65 74797065 		.ascii	"type\000"
 6064      00
 6065              	.LASF265:
 6066 0a6a 706F7274 		.ascii	"port_unlock_from_isr\000"
 6066      5F756E6C 
 6066      6F636B5F 
 6066      66726F6D 
 6066      5F697372 
 6067              	.LASF6:
 6068 0a7f 756E7369 		.ascii	"unsigned char\000"
 6068      676E6564 
 6068      20636861 
 6068      7200
 6069              	.LASF93:
 6070 0a8d 43534943 		.ascii	"CSICFGR\000"
 6070      46475200 
 6071              	.LASF12:
 6072 0a95 5F5F7569 		.ascii	"__uint32_t\000"
 6072      6E743332 
 6072      5F7400
 6073              	.LASF40:
 6074 0aa0 77616974 		.ascii	"waiting\000"
 6074      696E6700 
 6075              	.LASF163:
 6076 0aa8 76697274 		.ascii	"virtual_timers_list_t\000"
 6076      75616C5F 
 6076      74696D65 
 6076      72735F6C 
 6076      6973745F 
 6077              	.LASF257:
 6078 0abe 72636345 		.ascii	"rccEnableAPB2\000"
 6078      6E61626C 
 6078      65415042 
 6078      3200
 6079              	.LASF131:
 6080 0acc 52455345 		.ascii	"RESERVED11\000"
 6080      52564544 
 6080      313100
 6081              	.LASF141:
 6082 0ad7 52455345 		.ascii	"RESERVED12\000"
ARM GAS  C:\Users\DEVELO~1\AppData\Local\Temp\cc3MmbBd.s 			page 117


 6082      52564544 
 6082      313200
 6083              	.LASF151:
 6084 0ae2 52455345 		.ascii	"RESERVED13\000"
 6084      52564544 
 6084      313300
 6085              	.LASF256:
 6086 0aed 72636344 		.ascii	"rccDisableAPB2\000"
 6086      69736162 
 6086      6C654150 
 6086      423200
 6087              	.LASF37:
 6088 0afc 73746174 		.ascii	"state\000"
 6088      6500
 6089              	.LASF178:
 6090 0b02 65776D61 		.ascii	"ewmask\000"
 6090      736B00
 6091              	.LASF46:
 6092 0b09 6F735F69 		.ascii	"os_instance_t\000"
 6092      6E737461 
 6092      6E63655F 
 6092      7400
 6093              	.LASF51:
 6094 0b17 7265676C 		.ascii	"reglist\000"
 6094      69737400 
 6095              	.LASF112:
 6096 0b1f 44334343 		.ascii	"D3CCIPR\000"
 6096      49505200 
 6097              	.LASF187:
 6098 0b27 69646C65 		.ascii	"idlethread_base\000"
 6098      74687265 
 6098      61645F62 
 6098      61736500 
 6099              	.LASF259:
 6100 0b37 72636345 		.ascii	"rccEnableAPB1L\000"
 6100      6E61626C 
 6100      65415042 
 6100      314C00
 6101              	.LASF3:
 6102 0b46 7369676E 		.ascii	"signed char\000"
 6102      65642063 
 6102      68617200 
 6103              	.LASF118:
 6104 0b52 42444352 		.ascii	"BDCR\000"
 6104      00
 6105              	.LASF78:
 6106 0b57 64656C74 		.ascii	"delta\000"
 6106      6100
 6107              	.LASF200:
 6108 0b5d 696F5F71 		.ascii	"io_queue\000"
 6108      75657565 
 6108      00
 6109              	.LASF92:
 6110 0b66 43525243 		.ascii	"CRRCR\000"
 6110      5200
 6111              	.LASF227:
 6112 0b6c 53657269 		.ascii	"SerialDriverVMT\000"
ARM GAS  C:\Users\DEVELO~1\AppData\Local\Temp\cc3MmbBd.s 			page 118


 6112      616C4472 
 6112      69766572 
 6112      564D5400 
 6113              	.LASF22:
 6114 0b7c 73746B61 		.ascii	"stkalign_t\000"
 6114      6C69676E 
 6114      5F7400
 6115              	.LASF182:
 6116 0b87 63757272 		.ascii	"current\000"
 6116      656E7400 
 6117              	.LASF274:
 6118 0b8f 5F5F6675 		.ascii	"__func__\000"
 6118      6E635F5F 
 6118      00
 6119              	.LASF123:
 6120 0b98 41484234 		.ascii	"AHB4RSTR\000"
 6120      52535452 
 6120      00
 6121              	.LASF267:
 6122 0ba1 706F7274 		.ascii	"port_unlock\000"
 6122      5F756E6C 
 6122      6F636B00 
 6123              	.LASF108:
 6124 0bad 52455345 		.ascii	"RESERVED3\000"
 6124      52564544 
 6124      3300
 6125              	.LASF135:
 6126 0bb7 41484234 		.ascii	"AHB4ENR\000"
 6126      454E5200 
 6127              	.LASF119:
 6128 0bbf 52455345 		.ascii	"RESERVED6\000"
 6128      52564544 
 6128      3600
 6129              	.LASF148:
 6130 0bc9 41504231 		.ascii	"APB1HLPENR\000"
 6130      484C5045 
 6130      4E5200
 6131              	.LASF174:
 6132 0bd4 77747472 		.ascii	"wttrp\000"
 6132      7000
 6133              	.LASF273:
 6134 0bda 73645F6C 		.ascii	"sd_lld_init\000"
 6134      6C645F69 
 6134      6E697400 
 6135              	.LASF177:
 6136 0be6 77746D74 		.ascii	"wtmtxp\000"
 6136      787000
 6137              	.LASF173:
 6138 0bed 65786974 		.ascii	"exitcode\000"
 6138      636F6465 
 6138      00
 6139              	.LASF137:
 6140 0bf6 41504231 		.ascii	"APB1LENR\000"
 6140      4C454E52 
 6140      00
 6141              	.LASF121:
 6142 0bff 41484231 		.ascii	"AHB1RSTR\000"
ARM GAS  C:\Users\DEVELO~1\AppData\Local\Temp\cc3MmbBd.s 			page 119


 6142      52535452 
 6142      00
 6143              	.LASF31:
 6144 0c08 636F7265 		.ascii	"core_id_t\000"
 6144      5F69645F 
 6144      7400
 6145              	.LASF203:
 6146 0c12 715F6275 		.ascii	"q_buffer\000"
 6146      66666572 
 6146      00
 6147              	.LASF45:
 6148 0c1b 6D706F6F 		.ascii	"mpool\000"
 6148      6C00
 6149              	.LASF110:
 6150 0c21 44324343 		.ascii	"D2CCIP1R\000"
 6150      49503152 
 6150      00
 6151              	.LASF272:
 6152 0c2a 6F714765 		.ascii	"oqGetI\000"
 6152      744900
 6153              		.ident	"GCC: (Arm GNU Toolchain 11.3.Rel1) 11.3.1 20220712"
ARM GAS  C:\Users\DEVELO~1\AppData\Local\Temp\cc3MmbBd.s 			page 120


DEFINED SYMBOLS
                            *ABS*:00000000 hal_serial_lld.c
C:\Users\DEVELO~1\AppData\Local\Temp\cc3MmbBd.s:18     .text.chSysLockFromISR:00000000 $t
C:\Users\DEVELO~1\AppData\Local\Temp\cc3MmbBd.s:23     .text.chSysLockFromISR:00000000 chSysLockFromISR
C:\Users\DEVELO~1\AppData\Local\Temp\cc3MmbBd.s:83     .text.chSysUnlockFromISR:00000000 $t
C:\Users\DEVELO~1\AppData\Local\Temp\cc3MmbBd.s:88     .text.chSysUnlockFromISR:00000000 chSysUnlockFromISR
C:\Users\DEVELO~1\AppData\Local\Temp\cc3MmbBd.s:145    .text.osalSysLockFromISR:00000000 $t
C:\Users\DEVELO~1\AppData\Local\Temp\cc3MmbBd.s:150    .text.osalSysLockFromISR:00000000 osalSysLockFromISR
C:\Users\DEVELO~1\AppData\Local\Temp\cc3MmbBd.s:172    .text.osalSysUnlockFromISR:00000000 $t
C:\Users\DEVELO~1\AppData\Local\Temp\cc3MmbBd.s:177    .text.osalSysUnlockFromISR:00000000 osalSysUnlockFromISR
C:\Users\DEVELO~1\AppData\Local\Temp\cc3MmbBd.s:198    .text.osalEventBroadcastFlagsI:00000000 $t
C:\Users\DEVELO~1\AppData\Local\Temp\cc3MmbBd.s:203    .text.osalEventBroadcastFlagsI:00000000 osalEventBroadcastFlagsI
C:\Users\DEVELO~1\AppData\Local\Temp\cc3MmbBd.s:235    .text.rccEnableAPB1L:00000000 $t
C:\Users\DEVELO~1\AppData\Local\Temp\cc3MmbBd.s:240    .text.rccEnableAPB1L:00000000 rccEnableAPB1L
C:\Users\DEVELO~1\AppData\Local\Temp\cc3MmbBd.s:307    .text.rccEnableAPB1L:00000058 $d
C:\Users\DEVELO~1\AppData\Local\Temp\cc3MmbBd.s:312    .text.rccDisableAPB1L:00000000 $t
C:\Users\DEVELO~1\AppData\Local\Temp\cc3MmbBd.s:317    .text.rccDisableAPB1L:00000000 rccDisableAPB1L
C:\Users\DEVELO~1\AppData\Local\Temp\cc3MmbBd.s:370    .text.rccDisableAPB1L:0000003c $d
C:\Users\DEVELO~1\AppData\Local\Temp\cc3MmbBd.s:375    .text.rccEnableAPB2:00000000 $t
C:\Users\DEVELO~1\AppData\Local\Temp\cc3MmbBd.s:380    .text.rccEnableAPB2:00000000 rccEnableAPB2
C:\Users\DEVELO~1\AppData\Local\Temp\cc3MmbBd.s:446    .text.rccEnableAPB2:00000058 $d
C:\Users\DEVELO~1\AppData\Local\Temp\cc3MmbBd.s:451    .text.rccDisableAPB2:00000000 $t
C:\Users\DEVELO~1\AppData\Local\Temp\cc3MmbBd.s:456    .text.rccDisableAPB2:00000000 rccDisableAPB2
C:\Users\DEVELO~1\AppData\Local\Temp\cc3MmbBd.s:509    .text.rccDisableAPB2:0000003c $d
C:\Users\DEVELO~1\AppData\Local\Temp\cc3MmbBd.s:518    .bss.SD1:00000000 SD1
C:\Users\DEVELO~1\AppData\Local\Temp\cc3MmbBd.s:515    .bss.SD1:00000000 $d
C:\Users\DEVELO~1\AppData\Local\Temp\cc3MmbBd.s:525    .bss.SD5:00000000 SD5
C:\Users\DEVELO~1\AppData\Local\Temp\cc3MmbBd.s:522    .bss.SD5:00000000 $d
C:\Users\DEVELO~1\AppData\Local\Temp\cc3MmbBd.s:532    .bss.SD6:00000000 SD6
C:\Users\DEVELO~1\AppData\Local\Temp\cc3MmbBd.s:529    .bss.SD6:00000000 $d
C:\Users\DEVELO~1\AppData\Local\Temp\cc3MmbBd.s:535    .rodata.default_config:00000000 $d
C:\Users\DEVELO~1\AppData\Local\Temp\cc3MmbBd.s:538    .rodata.default_config:00000000 default_config
C:\Users\DEVELO~1\AppData\Local\Temp\cc3MmbBd.s:544    .bss.sd_in_buf1:00000000 $d
C:\Users\DEVELO~1\AppData\Local\Temp\cc3MmbBd.s:547    .bss.sd_in_buf1:00000000 sd_in_buf1
C:\Users\DEVELO~1\AppData\Local\Temp\cc3MmbBd.s:550    .bss.sd_out_buf1:00000000 $d
C:\Users\DEVELO~1\AppData\Local\Temp\cc3MmbBd.s:553    .bss.sd_out_buf1:00000000 sd_out_buf1
C:\Users\DEVELO~1\AppData\Local\Temp\cc3MmbBd.s:556    .bss.sd_in_buf5:00000000 $d
C:\Users\DEVELO~1\AppData\Local\Temp\cc3MmbBd.s:559    .bss.sd_in_buf5:00000000 sd_in_buf5
C:\Users\DEVELO~1\AppData\Local\Temp\cc3MmbBd.s:562    .bss.sd_out_buf5:00000000 $d
C:\Users\DEVELO~1\AppData\Local\Temp\cc3MmbBd.s:565    .bss.sd_out_buf5:00000000 sd_out_buf5
C:\Users\DEVELO~1\AppData\Local\Temp\cc3MmbBd.s:568    .bss.sd_in_buf6:00000000 $d
C:\Users\DEVELO~1\AppData\Local\Temp\cc3MmbBd.s:571    .bss.sd_in_buf6:00000000 sd_in_buf6
C:\Users\DEVELO~1\AppData\Local\Temp\cc3MmbBd.s:574    .bss.sd_out_buf6:00000000 $d
C:\Users\DEVELO~1\AppData\Local\Temp\cc3MmbBd.s:577    .bss.sd_out_buf6:00000000 sd_out_buf6
C:\Users\DEVELO~1\AppData\Local\Temp\cc3MmbBd.s:580    .text.usart_init:00000000 $t
C:\Users\DEVELO~1\AppData\Local\Temp\cc3MmbBd.s:585    .text.usart_init:00000000 usart_init
C:\Users\DEVELO~1\AppData\Local\Temp\cc3MmbBd.s:740    .text.usart_deinit:00000000 $t
C:\Users\DEVELO~1\AppData\Local\Temp\cc3MmbBd.s:745    .text.usart_deinit:00000000 usart_deinit
C:\Users\DEVELO~1\AppData\Local\Temp\cc3MmbBd.s:787    .text.set_error:00000000 $t
C:\Users\DEVELO~1\AppData\Local\Temp\cc3MmbBd.s:792    .text.set_error:00000000 set_error
C:\Users\DEVELO~1\AppData\Local\Temp\cc3MmbBd.s:877    .text.notify1:00000000 $t
C:\Users\DEVELO~1\AppData\Local\Temp\cc3MmbBd.s:882    .text.notify1:00000000 notify1
C:\Users\DEVELO~1\AppData\Local\Temp\cc3MmbBd.s:917    .text.notify1:00000020 $d
C:\Users\DEVELO~1\AppData\Local\Temp\cc3MmbBd.s:922    .text.notify5:00000000 $t
C:\Users\DEVELO~1\AppData\Local\Temp\cc3MmbBd.s:927    .text.notify5:00000000 notify5
C:\Users\DEVELO~1\AppData\Local\Temp\cc3MmbBd.s:962    .text.notify5:00000020 $d
C:\Users\DEVELO~1\AppData\Local\Temp\cc3MmbBd.s:967    .text.notify6:00000000 $t
ARM GAS  C:\Users\DEVELO~1\AppData\Local\Temp\cc3MmbBd.s 			page 121


C:\Users\DEVELO~1\AppData\Local\Temp\cc3MmbBd.s:972    .text.notify6:00000000 notify6
C:\Users\DEVELO~1\AppData\Local\Temp\cc3MmbBd.s:1007   .text.notify6:00000020 $d
C:\Users\DEVELO~1\AppData\Local\Temp\cc3MmbBd.s:1012   .text.sd_lld_init:00000000 $t
C:\Users\DEVELO~1\AppData\Local\Temp\cc3MmbBd.s:1018   .text.sd_lld_init:00000000 sd_lld_init
C:\Users\DEVELO~1\AppData\Local\Temp\cc3MmbBd.s:1122   .text.sd_lld_init:000000a4 $d
C:\Users\DEVELO~1\AppData\Local\Temp\cc3MmbBd.s:1148   .text.sd_lld_start:00000000 $t
C:\Users\DEVELO~1\AppData\Local\Temp\cc3MmbBd.s:1154   .text.sd_lld_start:00000000 sd_lld_start
C:\Users\DEVELO~1\AppData\Local\Temp\cc3MmbBd.s:1229   .text.sd_lld_start:00000060 $d
C:\Users\DEVELO~1\AppData\Local\Temp\cc3MmbBd.s:1237   .text.sd_lld_stop:00000000 $t
C:\Users\DEVELO~1\AppData\Local\Temp\cc3MmbBd.s:1243   .text.sd_lld_stop:00000000 sd_lld_stop
C:\Users\DEVELO~1\AppData\Local\Temp\cc3MmbBd.s:1312   .text.sd_lld_stop:00000054 $d
C:\Users\DEVELO~1\AppData\Local\Temp\cc3MmbBd.s:1319   .text.sd_lld_serve_interrupt:00000000 $t
C:\Users\DEVELO~1\AppData\Local\Temp\cc3MmbBd.s:1325   .text.sd_lld_serve_interrupt:00000000 sd_lld_serve_interrupt

UNDEFINED SYMBOLS
chEvtBroadcastFlagsI
sdObjectInit
iqObjectInit
oqObjectInit
sdIncomingDataI
oqGetI
