ARM GAS  C:\Users\DEVELO~1\AppData\Local\Temp\ccXzcT1U.s 			page 1


   1              		.cpu cortex-m7
   2              		.arch armv7e-m
   3              		.fpu softvfp
   4              		.eabi_attribute 20, 1
   5              		.eabi_attribute 21, 1
   6              		.eabi_attribute 23, 3
   7              		.eabi_attribute 24, 1
   8              		.eabi_attribute 25, 1
   9              		.eabi_attribute 26, 1
  10              		.eabi_attribute 30, 6
  11              		.eabi_attribute 34, 1
  12              		.eabi_attribute 18, 4
  13              		.file	"stm32_isr.c"
  14              		.text
  15              	.Ltext0:
  16              		.cfi_sections	.debug_frame
  17              		.section	.text.exti0_irq_init,"ax",%progbits
  18              		.align	1
  19              		.syntax unified
  20              		.thumb
  21              		.thumb_func
  22              		.type	exti0_irq_init, %function
  23              	exti0_irq_init:
  24              	.LFB432:
  25              		.file 1 "../../../os/hal/ports/STM32/LLD/EXTIv1/stm32_exti0.inc"
  26              		.loc 1 55 41
  27              		.cfi_startproc
  28              		@ args = 0, pretend = 0, frame = 0
  29              		@ frame_needed = 1, uses_anonymous_args = 0
  30              		@ link register save eliminated.
  31 0000 80B4     		push	{r7}
  32              		.cfi_def_cfa_offset 4
  33              		.cfi_offset 7, -4
  34 0002 00AF     		add	r7, sp, #0
  35              		.cfi_def_cfa_register 7
  36              		.loc 1 59 1
  37 0004 00BF     		nop
  38 0006 BD46     		mov	sp, r7
  39              		.cfi_def_cfa_register 13
  40              		@ sp needed
  41 0008 80BC     		pop	{r7}
  42              		.cfi_restore 7
  43              		.cfi_def_cfa_offset 0
  44 000a 7047     		bx	lr
  45              		.cfi_endproc
  46              	.LFE432:
  47              		.size	exti0_irq_init, .-exti0_irq_init
  48              		.section	.text.exti0_irq_deinit,"ax",%progbits
  49              		.align	1
  50              		.syntax unified
  51              		.thumb
  52              		.thumb_func
  53              		.type	exti0_irq_deinit, %function
  54              	exti0_irq_deinit:
  55              	.LFB433:
  56              		.loc 1 61 43
  57              		.cfi_startproc
ARM GAS  C:\Users\DEVELO~1\AppData\Local\Temp\ccXzcT1U.s 			page 2


  58              		@ args = 0, pretend = 0, frame = 0
  59              		@ frame_needed = 1, uses_anonymous_args = 0
  60              		@ link register save eliminated.
  61 0000 80B4     		push	{r7}
  62              		.cfi_def_cfa_offset 4
  63              		.cfi_offset 7, -4
  64 0002 00AF     		add	r7, sp, #0
  65              		.cfi_def_cfa_register 7
  66              		.loc 1 65 1
  67 0004 00BF     		nop
  68 0006 BD46     		mov	sp, r7
  69              		.cfi_def_cfa_register 13
  70              		@ sp needed
  71 0008 80BC     		pop	{r7}
  72              		.cfi_restore 7
  73              		.cfi_def_cfa_offset 0
  74 000a 7047     		bx	lr
  75              		.cfi_endproc
  76              	.LFE433:
  77              		.size	exti0_irq_deinit, .-exti0_irq_deinit
  78              		.section	.text.exti1_irq_init,"ax",%progbits
  79              		.align	1
  80              		.syntax unified
  81              		.thumb
  82              		.thumb_func
  83              		.type	exti1_irq_init, %function
  84              	exti1_irq_init:
  85              	.LFB434:
  86              		.file 2 "../../../os/hal/ports/STM32/LLD/EXTIv1/stm32_exti1.inc"
  87              		.loc 2 55 41
  88              		.cfi_startproc
  89              		@ args = 0, pretend = 0, frame = 0
  90              		@ frame_needed = 1, uses_anonymous_args = 0
  91              		@ link register save eliminated.
  92 0000 80B4     		push	{r7}
  93              		.cfi_def_cfa_offset 4
  94              		.cfi_offset 7, -4
  95 0002 00AF     		add	r7, sp, #0
  96              		.cfi_def_cfa_register 7
  97              		.loc 2 59 1
  98 0004 00BF     		nop
  99 0006 BD46     		mov	sp, r7
 100              		.cfi_def_cfa_register 13
 101              		@ sp needed
 102 0008 80BC     		pop	{r7}
 103              		.cfi_restore 7
 104              		.cfi_def_cfa_offset 0
 105 000a 7047     		bx	lr
 106              		.cfi_endproc
 107              	.LFE434:
 108              		.size	exti1_irq_init, .-exti1_irq_init
 109              		.section	.text.exti1_irq_deinit,"ax",%progbits
 110              		.align	1
 111              		.syntax unified
 112              		.thumb
 113              		.thumb_func
 114              		.type	exti1_irq_deinit, %function
ARM GAS  C:\Users\DEVELO~1\AppData\Local\Temp\ccXzcT1U.s 			page 3


 115              	exti1_irq_deinit:
 116              	.LFB435:
 117              		.loc 2 61 43
 118              		.cfi_startproc
 119              		@ args = 0, pretend = 0, frame = 0
 120              		@ frame_needed = 1, uses_anonymous_args = 0
 121              		@ link register save eliminated.
 122 0000 80B4     		push	{r7}
 123              		.cfi_def_cfa_offset 4
 124              		.cfi_offset 7, -4
 125 0002 00AF     		add	r7, sp, #0
 126              		.cfi_def_cfa_register 7
 127              		.loc 2 65 1
 128 0004 00BF     		nop
 129 0006 BD46     		mov	sp, r7
 130              		.cfi_def_cfa_register 13
 131              		@ sp needed
 132 0008 80BC     		pop	{r7}
 133              		.cfi_restore 7
 134              		.cfi_def_cfa_offset 0
 135 000a 7047     		bx	lr
 136              		.cfi_endproc
 137              	.LFE435:
 138              		.size	exti1_irq_deinit, .-exti1_irq_deinit
 139              		.section	.text.exti2_irq_init,"ax",%progbits
 140              		.align	1
 141              		.syntax unified
 142              		.thumb
 143              		.thumb_func
 144              		.type	exti2_irq_init, %function
 145              	exti2_irq_init:
 146              	.LFB436:
 147              		.file 3 "../../../os/hal/ports/STM32/LLD/EXTIv1/stm32_exti2.inc"
 148              		.loc 3 55 41
 149              		.cfi_startproc
 150              		@ args = 0, pretend = 0, frame = 0
 151              		@ frame_needed = 1, uses_anonymous_args = 0
 152              		@ link register save eliminated.
 153 0000 80B4     		push	{r7}
 154              		.cfi_def_cfa_offset 4
 155              		.cfi_offset 7, -4
 156 0002 00AF     		add	r7, sp, #0
 157              		.cfi_def_cfa_register 7
 158              		.loc 3 59 1
 159 0004 00BF     		nop
 160 0006 BD46     		mov	sp, r7
 161              		.cfi_def_cfa_register 13
 162              		@ sp needed
 163 0008 80BC     		pop	{r7}
 164              		.cfi_restore 7
 165              		.cfi_def_cfa_offset 0
 166 000a 7047     		bx	lr
 167              		.cfi_endproc
 168              	.LFE436:
 169              		.size	exti2_irq_init, .-exti2_irq_init
 170              		.section	.text.exti2_irq_deinit,"ax",%progbits
 171              		.align	1
ARM GAS  C:\Users\DEVELO~1\AppData\Local\Temp\ccXzcT1U.s 			page 4


 172              		.syntax unified
 173              		.thumb
 174              		.thumb_func
 175              		.type	exti2_irq_deinit, %function
 176              	exti2_irq_deinit:
 177              	.LFB437:
 178              		.loc 3 61 43
 179              		.cfi_startproc
 180              		@ args = 0, pretend = 0, frame = 0
 181              		@ frame_needed = 1, uses_anonymous_args = 0
 182              		@ link register save eliminated.
 183 0000 80B4     		push	{r7}
 184              		.cfi_def_cfa_offset 4
 185              		.cfi_offset 7, -4
 186 0002 00AF     		add	r7, sp, #0
 187              		.cfi_def_cfa_register 7
 188              		.loc 3 65 1
 189 0004 00BF     		nop
 190 0006 BD46     		mov	sp, r7
 191              		.cfi_def_cfa_register 13
 192              		@ sp needed
 193 0008 80BC     		pop	{r7}
 194              		.cfi_restore 7
 195              		.cfi_def_cfa_offset 0
 196 000a 7047     		bx	lr
 197              		.cfi_endproc
 198              	.LFE437:
 199              		.size	exti2_irq_deinit, .-exti2_irq_deinit
 200              		.section	.text.exti3_irq_init,"ax",%progbits
 201              		.align	1
 202              		.syntax unified
 203              		.thumb
 204              		.thumb_func
 205              		.type	exti3_irq_init, %function
 206              	exti3_irq_init:
 207              	.LFB438:
 208              		.file 4 "../../../os/hal/ports/STM32/LLD/EXTIv1/stm32_exti3.inc"
 209              		.loc 4 55 41
 210              		.cfi_startproc
 211              		@ args = 0, pretend = 0, frame = 0
 212              		@ frame_needed = 1, uses_anonymous_args = 0
 213              		@ link register save eliminated.
 214 0000 80B4     		push	{r7}
 215              		.cfi_def_cfa_offset 4
 216              		.cfi_offset 7, -4
 217 0002 00AF     		add	r7, sp, #0
 218              		.cfi_def_cfa_register 7
 219              		.loc 4 59 1
 220 0004 00BF     		nop
 221 0006 BD46     		mov	sp, r7
 222              		.cfi_def_cfa_register 13
 223              		@ sp needed
 224 0008 80BC     		pop	{r7}
 225              		.cfi_restore 7
 226              		.cfi_def_cfa_offset 0
 227 000a 7047     		bx	lr
 228              		.cfi_endproc
ARM GAS  C:\Users\DEVELO~1\AppData\Local\Temp\ccXzcT1U.s 			page 5


 229              	.LFE438:
 230              		.size	exti3_irq_init, .-exti3_irq_init
 231              		.section	.text.exti3_irq_deinit,"ax",%progbits
 232              		.align	1
 233              		.syntax unified
 234              		.thumb
 235              		.thumb_func
 236              		.type	exti3_irq_deinit, %function
 237              	exti3_irq_deinit:
 238              	.LFB439:
 239              		.loc 4 61 43
 240              		.cfi_startproc
 241              		@ args = 0, pretend = 0, frame = 0
 242              		@ frame_needed = 1, uses_anonymous_args = 0
 243              		@ link register save eliminated.
 244 0000 80B4     		push	{r7}
 245              		.cfi_def_cfa_offset 4
 246              		.cfi_offset 7, -4
 247 0002 00AF     		add	r7, sp, #0
 248              		.cfi_def_cfa_register 7
 249              		.loc 4 65 1
 250 0004 00BF     		nop
 251 0006 BD46     		mov	sp, r7
 252              		.cfi_def_cfa_register 13
 253              		@ sp needed
 254 0008 80BC     		pop	{r7}
 255              		.cfi_restore 7
 256              		.cfi_def_cfa_offset 0
 257 000a 7047     		bx	lr
 258              		.cfi_endproc
 259              	.LFE439:
 260              		.size	exti3_irq_deinit, .-exti3_irq_deinit
 261              		.section	.text.exti4_irq_init,"ax",%progbits
 262              		.align	1
 263              		.syntax unified
 264              		.thumb
 265              		.thumb_func
 266              		.type	exti4_irq_init, %function
 267              	exti4_irq_init:
 268              	.LFB440:
 269              		.file 5 "../../../os/hal/ports/STM32/LLD/EXTIv1/stm32_exti4.inc"
 270              		.loc 5 55 41
 271              		.cfi_startproc
 272              		@ args = 0, pretend = 0, frame = 0
 273              		@ frame_needed = 1, uses_anonymous_args = 0
 274              		@ link register save eliminated.
 275 0000 80B4     		push	{r7}
 276              		.cfi_def_cfa_offset 4
 277              		.cfi_offset 7, -4
 278 0002 00AF     		add	r7, sp, #0
 279              		.cfi_def_cfa_register 7
 280              		.loc 5 59 1
 281 0004 00BF     		nop
 282 0006 BD46     		mov	sp, r7
 283              		.cfi_def_cfa_register 13
 284              		@ sp needed
 285 0008 80BC     		pop	{r7}
ARM GAS  C:\Users\DEVELO~1\AppData\Local\Temp\ccXzcT1U.s 			page 6


 286              		.cfi_restore 7
 287              		.cfi_def_cfa_offset 0
 288 000a 7047     		bx	lr
 289              		.cfi_endproc
 290              	.LFE440:
 291              		.size	exti4_irq_init, .-exti4_irq_init
 292              		.section	.text.exti4_irq_deinit,"ax",%progbits
 293              		.align	1
 294              		.syntax unified
 295              		.thumb
 296              		.thumb_func
 297              		.type	exti4_irq_deinit, %function
 298              	exti4_irq_deinit:
 299              	.LFB441:
 300              		.loc 5 61 43
 301              		.cfi_startproc
 302              		@ args = 0, pretend = 0, frame = 0
 303              		@ frame_needed = 1, uses_anonymous_args = 0
 304              		@ link register save eliminated.
 305 0000 80B4     		push	{r7}
 306              		.cfi_def_cfa_offset 4
 307              		.cfi_offset 7, -4
 308 0002 00AF     		add	r7, sp, #0
 309              		.cfi_def_cfa_register 7
 310              		.loc 5 65 1
 311 0004 00BF     		nop
 312 0006 BD46     		mov	sp, r7
 313              		.cfi_def_cfa_register 13
 314              		@ sp needed
 315 0008 80BC     		pop	{r7}
 316              		.cfi_restore 7
 317              		.cfi_def_cfa_offset 0
 318 000a 7047     		bx	lr
 319              		.cfi_endproc
 320              	.LFE441:
 321              		.size	exti4_irq_deinit, .-exti4_irq_deinit
 322              		.section	.text.exti5_9_irq_init,"ax",%progbits
 323              		.align	1
 324              		.syntax unified
 325              		.thumb
 326              		.thumb_func
 327              		.type	exti5_9_irq_init, %function
 328              	exti5_9_irq_init:
 329              	.LFB442:
 330              		.file 6 "../../../os/hal/ports/STM32/LLD/EXTIv1/stm32_exti5_9.inc"
 331              		.loc 6 55 43
 332              		.cfi_startproc
 333              		@ args = 0, pretend = 0, frame = 0
 334              		@ frame_needed = 1, uses_anonymous_args = 0
 335              		@ link register save eliminated.
 336 0000 80B4     		push	{r7}
 337              		.cfi_def_cfa_offset 4
 338              		.cfi_offset 7, -4
 339 0002 00AF     		add	r7, sp, #0
 340              		.cfi_def_cfa_register 7
 341              		.loc 6 59 1
 342 0004 00BF     		nop
ARM GAS  C:\Users\DEVELO~1\AppData\Local\Temp\ccXzcT1U.s 			page 7


 343 0006 BD46     		mov	sp, r7
 344              		.cfi_def_cfa_register 13
 345              		@ sp needed
 346 0008 80BC     		pop	{r7}
 347              		.cfi_restore 7
 348              		.cfi_def_cfa_offset 0
 349 000a 7047     		bx	lr
 350              		.cfi_endproc
 351              	.LFE442:
 352              		.size	exti5_9_irq_init, .-exti5_9_irq_init
 353              		.section	.text.exti5_9_irq_deinit,"ax",%progbits
 354              		.align	1
 355              		.syntax unified
 356              		.thumb
 357              		.thumb_func
 358              		.type	exti5_9_irq_deinit, %function
 359              	exti5_9_irq_deinit:
 360              	.LFB443:
 361              		.loc 6 61 45
 362              		.cfi_startproc
 363              		@ args = 0, pretend = 0, frame = 0
 364              		@ frame_needed = 1, uses_anonymous_args = 0
 365              		@ link register save eliminated.
 366 0000 80B4     		push	{r7}
 367              		.cfi_def_cfa_offset 4
 368              		.cfi_offset 7, -4
 369 0002 00AF     		add	r7, sp, #0
 370              		.cfi_def_cfa_register 7
 371              		.loc 6 65 1
 372 0004 00BF     		nop
 373 0006 BD46     		mov	sp, r7
 374              		.cfi_def_cfa_register 13
 375              		@ sp needed
 376 0008 80BC     		pop	{r7}
 377              		.cfi_restore 7
 378              		.cfi_def_cfa_offset 0
 379 000a 7047     		bx	lr
 380              		.cfi_endproc
 381              	.LFE443:
 382              		.size	exti5_9_irq_deinit, .-exti5_9_irq_deinit
 383              		.section	.text.exti10_15_irq_init,"ax",%progbits
 384              		.align	1
 385              		.syntax unified
 386              		.thumb
 387              		.thumb_func
 388              		.type	exti10_15_irq_init, %function
 389              	exti10_15_irq_init:
 390              	.LFB444:
 391              		.file 7 "../../../os/hal/ports/STM32/LLD/EXTIv1/stm32_exti10_15.inc"
 392              		.loc 7 55 45
 393              		.cfi_startproc
 394              		@ args = 0, pretend = 0, frame = 0
 395              		@ frame_needed = 1, uses_anonymous_args = 0
 396              		@ link register save eliminated.
 397 0000 80B4     		push	{r7}
 398              		.cfi_def_cfa_offset 4
 399              		.cfi_offset 7, -4
ARM GAS  C:\Users\DEVELO~1\AppData\Local\Temp\ccXzcT1U.s 			page 8


 400 0002 00AF     		add	r7, sp, #0
 401              		.cfi_def_cfa_register 7
 402              		.loc 7 59 1
 403 0004 00BF     		nop
 404 0006 BD46     		mov	sp, r7
 405              		.cfi_def_cfa_register 13
 406              		@ sp needed
 407 0008 80BC     		pop	{r7}
 408              		.cfi_restore 7
 409              		.cfi_def_cfa_offset 0
 410 000a 7047     		bx	lr
 411              		.cfi_endproc
 412              	.LFE444:
 413              		.size	exti10_15_irq_init, .-exti10_15_irq_init
 414              		.section	.text.exti10_15_irq_deinit,"ax",%progbits
 415              		.align	1
 416              		.syntax unified
 417              		.thumb
 418              		.thumb_func
 419              		.type	exti10_15_irq_deinit, %function
 420              	exti10_15_irq_deinit:
 421              	.LFB445:
 422              		.loc 7 61 47
 423              		.cfi_startproc
 424              		@ args = 0, pretend = 0, frame = 0
 425              		@ frame_needed = 1, uses_anonymous_args = 0
 426              		@ link register save eliminated.
 427 0000 80B4     		push	{r7}
 428              		.cfi_def_cfa_offset 4
 429              		.cfi_offset 7, -4
 430 0002 00AF     		add	r7, sp, #0
 431              		.cfi_def_cfa_register 7
 432              		.loc 7 65 1
 433 0004 00BF     		nop
 434 0006 BD46     		mov	sp, r7
 435              		.cfi_def_cfa_register 13
 436              		@ sp needed
 437 0008 80BC     		pop	{r7}
 438              		.cfi_restore 7
 439              		.cfi_def_cfa_offset 0
 440 000a 7047     		bx	lr
 441              		.cfi_endproc
 442              	.LFE445:
 443              		.size	exti10_15_irq_deinit, .-exti10_15_irq_deinit
 444              		.section	.text.exti16_irq_init,"ax",%progbits
 445              		.align	1
 446              		.syntax unified
 447              		.thumb
 448              		.thumb_func
 449              		.type	exti16_irq_init, %function
 450              	exti16_irq_init:
 451              	.LFB446:
 452              		.file 8 "../../../os/hal/ports/STM32/LLD/EXTIv1/stm32_exti16.inc"
 453              		.loc 8 55 42
 454              		.cfi_startproc
 455              		@ args = 0, pretend = 0, frame = 0
 456              		@ frame_needed = 1, uses_anonymous_args = 0
ARM GAS  C:\Users\DEVELO~1\AppData\Local\Temp\ccXzcT1U.s 			page 9


 457              		@ link register save eliminated.
 458 0000 80B4     		push	{r7}
 459              		.cfi_def_cfa_offset 4
 460              		.cfi_offset 7, -4
 461 0002 00AF     		add	r7, sp, #0
 462              		.cfi_def_cfa_register 7
 463              		.loc 8 59 1
 464 0004 00BF     		nop
 465 0006 BD46     		mov	sp, r7
 466              		.cfi_def_cfa_register 13
 467              		@ sp needed
 468 0008 80BC     		pop	{r7}
 469              		.cfi_restore 7
 470              		.cfi_def_cfa_offset 0
 471 000a 7047     		bx	lr
 472              		.cfi_endproc
 473              	.LFE446:
 474              		.size	exti16_irq_init, .-exti16_irq_init
 475              		.section	.text.exti16_irq_deinit,"ax",%progbits
 476              		.align	1
 477              		.syntax unified
 478              		.thumb
 479              		.thumb_func
 480              		.type	exti16_irq_deinit, %function
 481              	exti16_irq_deinit:
 482              	.LFB447:
 483              		.loc 8 61 44
 484              		.cfi_startproc
 485              		@ args = 0, pretend = 0, frame = 0
 486              		@ frame_needed = 1, uses_anonymous_args = 0
 487              		@ link register save eliminated.
 488 0000 80B4     		push	{r7}
 489              		.cfi_def_cfa_offset 4
 490              		.cfi_offset 7, -4
 491 0002 00AF     		add	r7, sp, #0
 492              		.cfi_def_cfa_register 7
 493              		.loc 8 65 1
 494 0004 00BF     		nop
 495 0006 BD46     		mov	sp, r7
 496              		.cfi_def_cfa_register 13
 497              		@ sp needed
 498 0008 80BC     		pop	{r7}
 499              		.cfi_restore 7
 500              		.cfi_def_cfa_offset 0
 501 000a 7047     		bx	lr
 502              		.cfi_endproc
 503              	.LFE447:
 504              		.size	exti16_irq_deinit, .-exti16_irq_deinit
 505              		.section	.text.exti17_irq_init,"ax",%progbits
 506              		.align	1
 507              		.syntax unified
 508              		.thumb
 509              		.thumb_func
 510              		.type	exti17_irq_init, %function
 511              	exti17_irq_init:
 512              	.LFB448:
 513              		.file 9 "../../../os/hal/ports/STM32/LLD/EXTIv1/stm32_exti17.inc"
ARM GAS  C:\Users\DEVELO~1\AppData\Local\Temp\ccXzcT1U.s 			page 10


 514              		.loc 9 55 42
 515              		.cfi_startproc
 516              		@ args = 0, pretend = 0, frame = 0
 517              		@ frame_needed = 1, uses_anonymous_args = 0
 518              		@ link register save eliminated.
 519 0000 80B4     		push	{r7}
 520              		.cfi_def_cfa_offset 4
 521              		.cfi_offset 7, -4
 522 0002 00AF     		add	r7, sp, #0
 523              		.cfi_def_cfa_register 7
 524              		.loc 9 59 1
 525 0004 00BF     		nop
 526 0006 BD46     		mov	sp, r7
 527              		.cfi_def_cfa_register 13
 528              		@ sp needed
 529 0008 80BC     		pop	{r7}
 530              		.cfi_restore 7
 531              		.cfi_def_cfa_offset 0
 532 000a 7047     		bx	lr
 533              		.cfi_endproc
 534              	.LFE448:
 535              		.size	exti17_irq_init, .-exti17_irq_init
 536              		.section	.text.exti17_irq_deinit,"ax",%progbits
 537              		.align	1
 538              		.syntax unified
 539              		.thumb
 540              		.thumb_func
 541              		.type	exti17_irq_deinit, %function
 542              	exti17_irq_deinit:
 543              	.LFB449:
 544              		.loc 9 61 44
 545              		.cfi_startproc
 546              		@ args = 0, pretend = 0, frame = 0
 547              		@ frame_needed = 1, uses_anonymous_args = 0
 548              		@ link register save eliminated.
 549 0000 80B4     		push	{r7}
 550              		.cfi_def_cfa_offset 4
 551              		.cfi_offset 7, -4
 552 0002 00AF     		add	r7, sp, #0
 553              		.cfi_def_cfa_register 7
 554              		.loc 9 65 1
 555 0004 00BF     		nop
 556 0006 BD46     		mov	sp, r7
 557              		.cfi_def_cfa_register 13
 558              		@ sp needed
 559 0008 80BC     		pop	{r7}
 560              		.cfi_restore 7
 561              		.cfi_def_cfa_offset 0
 562 000a 7047     		bx	lr
 563              		.cfi_endproc
 564              	.LFE449:
 565              		.size	exti17_irq_deinit, .-exti17_irq_deinit
 566              		.section	.text.exti18_irq_init,"ax",%progbits
 567              		.align	1
 568              		.syntax unified
 569              		.thumb
 570              		.thumb_func
ARM GAS  C:\Users\DEVELO~1\AppData\Local\Temp\ccXzcT1U.s 			page 11


 571              		.type	exti18_irq_init, %function
 572              	exti18_irq_init:
 573              	.LFB450:
 574              		.file 10 "../../../os/hal/ports/STM32/LLD/EXTIv1/stm32_exti18.inc"
 575              		.loc 10 55 42
 576              		.cfi_startproc
 577              		@ args = 0, pretend = 0, frame = 0
 578              		@ frame_needed = 1, uses_anonymous_args = 0
 579              		@ link register save eliminated.
 580 0000 80B4     		push	{r7}
 581              		.cfi_def_cfa_offset 4
 582              		.cfi_offset 7, -4
 583 0002 00AF     		add	r7, sp, #0
 584              		.cfi_def_cfa_register 7
 585              		.loc 10 59 1
 586 0004 00BF     		nop
 587 0006 BD46     		mov	sp, r7
 588              		.cfi_def_cfa_register 13
 589              		@ sp needed
 590 0008 80BC     		pop	{r7}
 591              		.cfi_restore 7
 592              		.cfi_def_cfa_offset 0
 593 000a 7047     		bx	lr
 594              		.cfi_endproc
 595              	.LFE450:
 596              		.size	exti18_irq_init, .-exti18_irq_init
 597              		.section	.text.exti18_irq_deinit,"ax",%progbits
 598              		.align	1
 599              		.syntax unified
 600              		.thumb
 601              		.thumb_func
 602              		.type	exti18_irq_deinit, %function
 603              	exti18_irq_deinit:
 604              	.LFB451:
 605              		.loc 10 61 44
 606              		.cfi_startproc
 607              		@ args = 0, pretend = 0, frame = 0
 608              		@ frame_needed = 1, uses_anonymous_args = 0
 609              		@ link register save eliminated.
 610 0000 80B4     		push	{r7}
 611              		.cfi_def_cfa_offset 4
 612              		.cfi_offset 7, -4
 613 0002 00AF     		add	r7, sp, #0
 614              		.cfi_def_cfa_register 7
 615              		.loc 10 65 1
 616 0004 00BF     		nop
 617 0006 BD46     		mov	sp, r7
 618              		.cfi_def_cfa_register 13
 619              		@ sp needed
 620 0008 80BC     		pop	{r7}
 621              		.cfi_restore 7
 622              		.cfi_def_cfa_offset 0
 623 000a 7047     		bx	lr
 624              		.cfi_endproc
 625              	.LFE451:
 626              		.size	exti18_irq_deinit, .-exti18_irq_deinit
 627              		.section	.text.exti19_irq_init,"ax",%progbits
ARM GAS  C:\Users\DEVELO~1\AppData\Local\Temp\ccXzcT1U.s 			page 12


 628              		.align	1
 629              		.syntax unified
 630              		.thumb
 631              		.thumb_func
 632              		.type	exti19_irq_init, %function
 633              	exti19_irq_init:
 634              	.LFB452:
 635              		.file 11 "../../../os/hal/ports/STM32/LLD/EXTIv1/stm32_exti19.inc"
 636              		.loc 11 55 42
 637              		.cfi_startproc
 638              		@ args = 0, pretend = 0, frame = 0
 639              		@ frame_needed = 1, uses_anonymous_args = 0
 640              		@ link register save eliminated.
 641 0000 80B4     		push	{r7}
 642              		.cfi_def_cfa_offset 4
 643              		.cfi_offset 7, -4
 644 0002 00AF     		add	r7, sp, #0
 645              		.cfi_def_cfa_register 7
 646              		.loc 11 59 1
 647 0004 00BF     		nop
 648 0006 BD46     		mov	sp, r7
 649              		.cfi_def_cfa_register 13
 650              		@ sp needed
 651 0008 80BC     		pop	{r7}
 652              		.cfi_restore 7
 653              		.cfi_def_cfa_offset 0
 654 000a 7047     		bx	lr
 655              		.cfi_endproc
 656              	.LFE452:
 657              		.size	exti19_irq_init, .-exti19_irq_init
 658              		.section	.text.exti19_irq_deinit,"ax",%progbits
 659              		.align	1
 660              		.syntax unified
 661              		.thumb
 662              		.thumb_func
 663              		.type	exti19_irq_deinit, %function
 664              	exti19_irq_deinit:
 665              	.LFB453:
 666              		.loc 11 61 44
 667              		.cfi_startproc
 668              		@ args = 0, pretend = 0, frame = 0
 669              		@ frame_needed = 1, uses_anonymous_args = 0
 670              		@ link register save eliminated.
 671 0000 80B4     		push	{r7}
 672              		.cfi_def_cfa_offset 4
 673              		.cfi_offset 7, -4
 674 0002 00AF     		add	r7, sp, #0
 675              		.cfi_def_cfa_register 7
 676              		.loc 11 65 1
 677 0004 00BF     		nop
 678 0006 BD46     		mov	sp, r7
 679              		.cfi_def_cfa_register 13
 680              		@ sp needed
 681 0008 80BC     		pop	{r7}
 682              		.cfi_restore 7
 683              		.cfi_def_cfa_offset 0
 684 000a 7047     		bx	lr
ARM GAS  C:\Users\DEVELO~1\AppData\Local\Temp\ccXzcT1U.s 			page 13


 685              		.cfi_endproc
 686              	.LFE453:
 687              		.size	exti19_irq_deinit, .-exti19_irq_deinit
 688              		.section	.text.exti20_exti21_irq_init,"ax",%progbits
 689              		.align	1
 690              		.syntax unified
 691              		.thumb
 692              		.thumb_func
 693              		.type	exti20_exti21_irq_init, %function
 694              	exti20_exti21_irq_init:
 695              	.LFB454:
 696              		.file 12 "../../../os/hal/ports/STM32/LLD/EXTIv1/stm32_exti20_21.inc"
 697              		.loc 12 55 49
 698              		.cfi_startproc
 699              		@ args = 0, pretend = 0, frame = 0
 700              		@ frame_needed = 1, uses_anonymous_args = 0
 701              		@ link register save eliminated.
 702 0000 80B4     		push	{r7}
 703              		.cfi_def_cfa_offset 4
 704              		.cfi_offset 7, -4
 705 0002 00AF     		add	r7, sp, #0
 706              		.cfi_def_cfa_register 7
 707              		.loc 12 59 1
 708 0004 00BF     		nop
 709 0006 BD46     		mov	sp, r7
 710              		.cfi_def_cfa_register 13
 711              		@ sp needed
 712 0008 80BC     		pop	{r7}
 713              		.cfi_restore 7
 714              		.cfi_def_cfa_offset 0
 715 000a 7047     		bx	lr
 716              		.cfi_endproc
 717              	.LFE454:
 718              		.size	exti20_exti21_irq_init, .-exti20_exti21_irq_init
 719              		.section	.text.exti20_exti21_irq_deinit,"ax",%progbits
 720              		.align	1
 721              		.syntax unified
 722              		.thumb
 723              		.thumb_func
 724              		.type	exti20_exti21_irq_deinit, %function
 725              	exti20_exti21_irq_deinit:
 726              	.LFB455:
 727              		.loc 12 61 51
 728              		.cfi_startproc
 729              		@ args = 0, pretend = 0, frame = 0
 730              		@ frame_needed = 1, uses_anonymous_args = 0
 731              		@ link register save eliminated.
 732 0000 80B4     		push	{r7}
 733              		.cfi_def_cfa_offset 4
 734              		.cfi_offset 7, -4
 735 0002 00AF     		add	r7, sp, #0
 736              		.cfi_def_cfa_register 7
 737              		.loc 12 65 1
 738 0004 00BF     		nop
 739 0006 BD46     		mov	sp, r7
 740              		.cfi_def_cfa_register 13
 741              		@ sp needed
ARM GAS  C:\Users\DEVELO~1\AppData\Local\Temp\ccXzcT1U.s 			page 14


 742 0008 80BC     		pop	{r7}
 743              		.cfi_restore 7
 744              		.cfi_def_cfa_offset 0
 745 000a 7047     		bx	lr
 746              		.cfi_endproc
 747              	.LFE455:
 748              		.size	exti20_exti21_irq_deinit, .-exti20_exti21_irq_deinit
 749              		.section	.text.fdcan1_irq_init,"ax",%progbits
 750              		.align	1
 751              		.syntax unified
 752              		.thumb
 753              		.thumb_func
 754              		.type	fdcan1_irq_init, %function
 755              	fdcan1_irq_init:
 756              	.LFB456:
 757              		.file 13 "../../../os/hal/ports/STM32/LLD/FDCANv2/stm32_fdcan1.inc"
 758              		.loc 13 70 42
 759              		.cfi_startproc
 760              		@ args = 0, pretend = 0, frame = 0
 761              		@ frame_needed = 1, uses_anonymous_args = 0
 762              		@ link register save eliminated.
 763 0000 80B4     		push	{r7}
 764              		.cfi_def_cfa_offset 4
 765              		.cfi_offset 7, -4
 766 0002 00AF     		add	r7, sp, #0
 767              		.cfi_def_cfa_register 7
 768              		.loc 13 74 1
 769 0004 00BF     		nop
 770 0006 BD46     		mov	sp, r7
 771              		.cfi_def_cfa_register 13
 772              		@ sp needed
 773 0008 80BC     		pop	{r7}
 774              		.cfi_restore 7
 775              		.cfi_def_cfa_offset 0
 776 000a 7047     		bx	lr
 777              		.cfi_endproc
 778              	.LFE456:
 779              		.size	fdcan1_irq_init, .-fdcan1_irq_init
 780              		.section	.text.fdcan1_irq_deinit,"ax",%progbits
 781              		.align	1
 782              		.syntax unified
 783              		.thumb
 784              		.thumb_func
 785              		.type	fdcan1_irq_deinit, %function
 786              	fdcan1_irq_deinit:
 787              	.LFB457:
 788              		.loc 13 76 44
 789              		.cfi_startproc
 790              		@ args = 0, pretend = 0, frame = 0
 791              		@ frame_needed = 1, uses_anonymous_args = 0
 792              		@ link register save eliminated.
 793 0000 80B4     		push	{r7}
 794              		.cfi_def_cfa_offset 4
 795              		.cfi_offset 7, -4
 796 0002 00AF     		add	r7, sp, #0
 797              		.cfi_def_cfa_register 7
 798              		.loc 13 80 1
ARM GAS  C:\Users\DEVELO~1\AppData\Local\Temp\ccXzcT1U.s 			page 15


 799 0004 00BF     		nop
 800 0006 BD46     		mov	sp, r7
 801              		.cfi_def_cfa_register 13
 802              		@ sp needed
 803 0008 80BC     		pop	{r7}
 804              		.cfi_restore 7
 805              		.cfi_def_cfa_offset 0
 806 000a 7047     		bx	lr
 807              		.cfi_endproc
 808              	.LFE457:
 809              		.size	fdcan1_irq_deinit, .-fdcan1_irq_deinit
 810              		.section	.text.fdcan2_irq_init,"ax",%progbits
 811              		.align	1
 812              		.syntax unified
 813              		.thumb
 814              		.thumb_func
 815              		.type	fdcan2_irq_init, %function
 816              	fdcan2_irq_init:
 817              	.LFB458:
 818              		.file 14 "../../../os/hal/ports/STM32/LLD/FDCANv2/stm32_fdcan2.inc"
 819              		.loc 14 70 42
 820              		.cfi_startproc
 821              		@ args = 0, pretend = 0, frame = 0
 822              		@ frame_needed = 1, uses_anonymous_args = 0
 823              		@ link register save eliminated.
 824 0000 80B4     		push	{r7}
 825              		.cfi_def_cfa_offset 4
 826              		.cfi_offset 7, -4
 827 0002 00AF     		add	r7, sp, #0
 828              		.cfi_def_cfa_register 7
 829              		.loc 14 74 1
 830 0004 00BF     		nop
 831 0006 BD46     		mov	sp, r7
 832              		.cfi_def_cfa_register 13
 833              		@ sp needed
 834 0008 80BC     		pop	{r7}
 835              		.cfi_restore 7
 836              		.cfi_def_cfa_offset 0
 837 000a 7047     		bx	lr
 838              		.cfi_endproc
 839              	.LFE458:
 840              		.size	fdcan2_irq_init, .-fdcan2_irq_init
 841              		.section	.text.fdcan2_irq_deinit,"ax",%progbits
 842              		.align	1
 843              		.syntax unified
 844              		.thumb
 845              		.thumb_func
 846              		.type	fdcan2_irq_deinit, %function
 847              	fdcan2_irq_deinit:
 848              	.LFB459:
 849              		.loc 14 76 44
 850              		.cfi_startproc
 851              		@ args = 0, pretend = 0, frame = 0
 852              		@ frame_needed = 1, uses_anonymous_args = 0
 853              		@ link register save eliminated.
 854 0000 80B4     		push	{r7}
 855              		.cfi_def_cfa_offset 4
ARM GAS  C:\Users\DEVELO~1\AppData\Local\Temp\ccXzcT1U.s 			page 16


 856              		.cfi_offset 7, -4
 857 0002 00AF     		add	r7, sp, #0
 858              		.cfi_def_cfa_register 7
 859              		.loc 14 80 1
 860 0004 00BF     		nop
 861 0006 BD46     		mov	sp, r7
 862              		.cfi_def_cfa_register 13
 863              		@ sp needed
 864 0008 80BC     		pop	{r7}
 865              		.cfi_restore 7
 866              		.cfi_def_cfa_offset 0
 867 000a 7047     		bx	lr
 868              		.cfi_endproc
 869              	.LFE459:
 870              		.size	fdcan2_irq_deinit, .-fdcan2_irq_deinit
 871              		.section	.text.fdcan3_irq_init,"ax",%progbits
 872              		.align	1
 873              		.syntax unified
 874              		.thumb
 875              		.thumb_func
 876              		.type	fdcan3_irq_init, %function
 877              	fdcan3_irq_init:
 878              	.LFB460:
 879              		.file 15 "../../../os/hal/ports/STM32/LLD/FDCANv2/stm32_fdcan3.inc"
 880              		.loc 15 70 42
 881              		.cfi_startproc
 882              		@ args = 0, pretend = 0, frame = 0
 883              		@ frame_needed = 1, uses_anonymous_args = 0
 884              		@ link register save eliminated.
 885 0000 80B4     		push	{r7}
 886              		.cfi_def_cfa_offset 4
 887              		.cfi_offset 7, -4
 888 0002 00AF     		add	r7, sp, #0
 889              		.cfi_def_cfa_register 7
 890              		.loc 15 74 1
 891 0004 00BF     		nop
 892 0006 BD46     		mov	sp, r7
 893              		.cfi_def_cfa_register 13
 894              		@ sp needed
 895 0008 80BC     		pop	{r7}
 896              		.cfi_restore 7
 897              		.cfi_def_cfa_offset 0
 898 000a 7047     		bx	lr
 899              		.cfi_endproc
 900              	.LFE460:
 901              		.size	fdcan3_irq_init, .-fdcan3_irq_init
 902              		.section	.text.fdcan3_irq_deinit,"ax",%progbits
 903              		.align	1
 904              		.syntax unified
 905              		.thumb
 906              		.thumb_func
 907              		.type	fdcan3_irq_deinit, %function
 908              	fdcan3_irq_deinit:
 909              	.LFB461:
 910              		.loc 15 76 44
 911              		.cfi_startproc
 912              		@ args = 0, pretend = 0, frame = 0
ARM GAS  C:\Users\DEVELO~1\AppData\Local\Temp\ccXzcT1U.s 			page 17


 913              		@ frame_needed = 1, uses_anonymous_args = 0
 914              		@ link register save eliminated.
 915 0000 80B4     		push	{r7}
 916              		.cfi_def_cfa_offset 4
 917              		.cfi_offset 7, -4
 918 0002 00AF     		add	r7, sp, #0
 919              		.cfi_def_cfa_register 7
 920              		.loc 15 80 1
 921 0004 00BF     		nop
 922 0006 BD46     		mov	sp, r7
 923              		.cfi_def_cfa_register 13
 924              		@ sp needed
 925 0008 80BC     		pop	{r7}
 926              		.cfi_restore 7
 927              		.cfi_def_cfa_offset 0
 928 000a 7047     		bx	lr
 929              		.cfi_endproc
 930              	.LFE461:
 931              		.size	fdcan3_irq_deinit, .-fdcan3_irq_deinit
 932              		.section	.text.quadspi1_irq_init,"ax",%progbits
 933              		.align	1
 934              		.syntax unified
 935              		.thumb
 936              		.thumb_func
 937              		.type	quadspi1_irq_init, %function
 938              	quadspi1_irq_init:
 939              	.LFB462:
 940              		.file 16 "../../../os/hal/ports/STM32/LLD/QUADSPIv2/stm32_quadspi1.inc"
 941              		.loc 16 70 44
 942              		.cfi_startproc
 943              		@ args = 0, pretend = 0, frame = 0
 944              		@ frame_needed = 1, uses_anonymous_args = 0
 945              		@ link register save eliminated.
 946 0000 80B4     		push	{r7}
 947              		.cfi_def_cfa_offset 4
 948              		.cfi_offset 7, -4
 949 0002 00AF     		add	r7, sp, #0
 950              		.cfi_def_cfa_register 7
 951              		.loc 16 74 1
 952 0004 00BF     		nop
 953 0006 BD46     		mov	sp, r7
 954              		.cfi_def_cfa_register 13
 955              		@ sp needed
 956 0008 80BC     		pop	{r7}
 957              		.cfi_restore 7
 958              		.cfi_def_cfa_offset 0
 959 000a 7047     		bx	lr
 960              		.cfi_endproc
 961              	.LFE462:
 962              		.size	quadspi1_irq_init, .-quadspi1_irq_init
 963              		.section	.text.quadspi1_irq_deinit,"ax",%progbits
 964              		.align	1
 965              		.syntax unified
 966              		.thumb
 967              		.thumb_func
 968              		.type	quadspi1_irq_deinit, %function
 969              	quadspi1_irq_deinit:
ARM GAS  C:\Users\DEVELO~1\AppData\Local\Temp\ccXzcT1U.s 			page 18


 970              	.LFB463:
 971              		.loc 16 76 46
 972              		.cfi_startproc
 973              		@ args = 0, pretend = 0, frame = 0
 974              		@ frame_needed = 1, uses_anonymous_args = 0
 975              		@ link register save eliminated.
 976 0000 80B4     		push	{r7}
 977              		.cfi_def_cfa_offset 4
 978              		.cfi_offset 7, -4
 979 0002 00AF     		add	r7, sp, #0
 980              		.cfi_def_cfa_register 7
 981              		.loc 16 80 1
 982 0004 00BF     		nop
 983 0006 BD46     		mov	sp, r7
 984              		.cfi_def_cfa_register 13
 985              		@ sp needed
 986 0008 80BC     		pop	{r7}
 987              		.cfi_restore 7
 988              		.cfi_def_cfa_offset 0
 989 000a 7047     		bx	lr
 990              		.cfi_endproc
 991              	.LFE463:
 992              		.size	quadspi1_irq_deinit, .-quadspi1_irq_deinit
 993              		.section	.text.sdmmc1_irq_init,"ax",%progbits
 994              		.align	1
 995              		.syntax unified
 996              		.thumb
 997              		.thumb_func
 998              		.type	sdmmc1_irq_init, %function
 999              	sdmmc1_irq_init:
 1000              	.LFB464:
 1001              		.file 17 "../../../os/hal/ports/STM32/LLD/SDMMCv2/stm32_sdmmc1.inc"
 1002              		.loc 17 70 42
 1003              		.cfi_startproc
 1004              		@ args = 0, pretend = 0, frame = 0
 1005              		@ frame_needed = 1, uses_anonymous_args = 0
 1006              		@ link register save eliminated.
 1007 0000 80B4     		push	{r7}
 1008              		.cfi_def_cfa_offset 4
 1009              		.cfi_offset 7, -4
 1010 0002 00AF     		add	r7, sp, #0
 1011              		.cfi_def_cfa_register 7
 1012              		.loc 17 74 1
 1013 0004 00BF     		nop
 1014 0006 BD46     		mov	sp, r7
 1015              		.cfi_def_cfa_register 13
 1016              		@ sp needed
 1017 0008 80BC     		pop	{r7}
 1018              		.cfi_restore 7
 1019              		.cfi_def_cfa_offset 0
 1020 000a 7047     		bx	lr
 1021              		.cfi_endproc
 1022              	.LFE464:
 1023              		.size	sdmmc1_irq_init, .-sdmmc1_irq_init
 1024              		.section	.text.sdmmc1_irq_deinit,"ax",%progbits
 1025              		.align	1
 1026              		.syntax unified
ARM GAS  C:\Users\DEVELO~1\AppData\Local\Temp\ccXzcT1U.s 			page 19


 1027              		.thumb
 1028              		.thumb_func
 1029              		.type	sdmmc1_irq_deinit, %function
 1030              	sdmmc1_irq_deinit:
 1031              	.LFB465:
 1032              		.loc 17 76 44
 1033              		.cfi_startproc
 1034              		@ args = 0, pretend = 0, frame = 0
 1035              		@ frame_needed = 1, uses_anonymous_args = 0
 1036              		@ link register save eliminated.
 1037 0000 80B4     		push	{r7}
 1038              		.cfi_def_cfa_offset 4
 1039              		.cfi_offset 7, -4
 1040 0002 00AF     		add	r7, sp, #0
 1041              		.cfi_def_cfa_register 7
 1042              		.loc 17 80 1
 1043 0004 00BF     		nop
 1044 0006 BD46     		mov	sp, r7
 1045              		.cfi_def_cfa_register 13
 1046              		@ sp needed
 1047 0008 80BC     		pop	{r7}
 1048              		.cfi_restore 7
 1049              		.cfi_def_cfa_offset 0
 1050 000a 7047     		bx	lr
 1051              		.cfi_endproc
 1052              	.LFE465:
 1053              		.size	sdmmc1_irq_deinit, .-sdmmc1_irq_deinit
 1054              		.section	.text.sdmmc2_irq_init,"ax",%progbits
 1055              		.align	1
 1056              		.syntax unified
 1057              		.thumb
 1058              		.thumb_func
 1059              		.type	sdmmc2_irq_init, %function
 1060              	sdmmc2_irq_init:
 1061              	.LFB466:
 1062              		.file 18 "../../../os/hal/ports/STM32/LLD/SDMMCv2/stm32_sdmmc2.inc"
 1063              		.loc 18 70 42
 1064              		.cfi_startproc
 1065              		@ args = 0, pretend = 0, frame = 0
 1066              		@ frame_needed = 1, uses_anonymous_args = 0
 1067              		@ link register save eliminated.
 1068 0000 80B4     		push	{r7}
 1069              		.cfi_def_cfa_offset 4
 1070              		.cfi_offset 7, -4
 1071 0002 00AF     		add	r7, sp, #0
 1072              		.cfi_def_cfa_register 7
 1073              		.loc 18 74 1
 1074 0004 00BF     		nop
 1075 0006 BD46     		mov	sp, r7
 1076              		.cfi_def_cfa_register 13
 1077              		@ sp needed
 1078 0008 80BC     		pop	{r7}
 1079              		.cfi_restore 7
 1080              		.cfi_def_cfa_offset 0
 1081 000a 7047     		bx	lr
 1082              		.cfi_endproc
 1083              	.LFE466:
ARM GAS  C:\Users\DEVELO~1\AppData\Local\Temp\ccXzcT1U.s 			page 20


 1084              		.size	sdmmc2_irq_init, .-sdmmc2_irq_init
 1085              		.section	.text.sdmmc2_irq_deinit,"ax",%progbits
 1086              		.align	1
 1087              		.syntax unified
 1088              		.thumb
 1089              		.thumb_func
 1090              		.type	sdmmc2_irq_deinit, %function
 1091              	sdmmc2_irq_deinit:
 1092              	.LFB467:
 1093              		.loc 18 76 44
 1094              		.cfi_startproc
 1095              		@ args = 0, pretend = 0, frame = 0
 1096              		@ frame_needed = 1, uses_anonymous_args = 0
 1097              		@ link register save eliminated.
 1098 0000 80B4     		push	{r7}
 1099              		.cfi_def_cfa_offset 4
 1100              		.cfi_offset 7, -4
 1101 0002 00AF     		add	r7, sp, #0
 1102              		.cfi_def_cfa_register 7
 1103              		.loc 18 80 1
 1104 0004 00BF     		nop
 1105 0006 BD46     		mov	sp, r7
 1106              		.cfi_def_cfa_register 13
 1107              		@ sp needed
 1108 0008 80BC     		pop	{r7}
 1109              		.cfi_restore 7
 1110              		.cfi_def_cfa_offset 0
 1111 000a 7047     		bx	lr
 1112              		.cfi_endproc
 1113              	.LFE467:
 1114              		.size	sdmmc2_irq_deinit, .-sdmmc2_irq_deinit
 1115              		.section	.text.usart1_irq_init,"ax",%progbits
 1116              		.align	1
 1117              		.syntax unified
 1118              		.thumb
 1119              		.thumb_func
 1120              		.type	usart1_irq_init, %function
 1121              	usart1_irq_init:
 1122              	.LFB468:
 1123              		.file 19 "../../../os/hal/ports/STM32/LLD/USART/stm32_usart1.inc"
 1124              		.loc 19 63 42
 1125              		.cfi_startproc
 1126              		@ args = 0, pretend = 0, frame = 0
 1127              		@ frame_needed = 1, uses_anonymous_args = 0
 1128 0000 80B5     		push	{r7, lr}
 1129              		.cfi_def_cfa_offset 8
 1130              		.cfi_offset 7, -8
 1131              		.cfi_offset 14, -4
 1132 0002 00AF     		add	r7, sp, #0
 1133              		.cfi_def_cfa_register 7
 1134              		.loc 19 65 3
 1135 0004 0C21     		movs	r1, #12
 1136 0006 2520     		movs	r0, #37
 1137 0008 FFF7FEFF 		bl	nvicEnableVector
 1138              		.loc 19 67 1
 1139 000c 00BF     		nop
 1140 000e 80BD     		pop	{r7, pc}
ARM GAS  C:\Users\DEVELO~1\AppData\Local\Temp\ccXzcT1U.s 			page 21


 1141              		.cfi_endproc
 1142              	.LFE468:
 1143              		.size	usart1_irq_init, .-usart1_irq_init
 1144              		.section	.text.usart1_irq_deinit,"ax",%progbits
 1145              		.align	1
 1146              		.syntax unified
 1147              		.thumb
 1148              		.thumb_func
 1149              		.type	usart1_irq_deinit, %function
 1150              	usart1_irq_deinit:
 1151              	.LFB469:
 1152              		.loc 19 69 44
 1153              		.cfi_startproc
 1154              		@ args = 0, pretend = 0, frame = 0
 1155              		@ frame_needed = 1, uses_anonymous_args = 0
 1156 0000 80B5     		push	{r7, lr}
 1157              		.cfi_def_cfa_offset 8
 1158              		.cfi_offset 7, -8
 1159              		.cfi_offset 14, -4
 1160 0002 00AF     		add	r7, sp, #0
 1161              		.cfi_def_cfa_register 7
 1162              		.loc 19 71 3
 1163 0004 2520     		movs	r0, #37
 1164 0006 FFF7FEFF 		bl	nvicDisableVector
 1165              		.loc 19 73 1
 1166 000a 00BF     		nop
 1167 000c 80BD     		pop	{r7, pc}
 1168              		.cfi_endproc
 1169              	.LFE469:
 1170              		.size	usart1_irq_deinit, .-usart1_irq_deinit
 1171              		.section	.text.VectorD4,"ax",%progbits
 1172              		.align	1
 1173              		.global	VectorD4
 1174              		.syntax unified
 1175              		.thumb
 1176              		.thumb_func
 1177              		.type	VectorD4, %function
 1178              	VectorD4:
 1179              	.LFB470:
 1180              		.loc 19 85 40
 1181              		.cfi_startproc
 1182              		@ args = 0, pretend = 0, frame = 0
 1183              		@ frame_needed = 1, uses_anonymous_args = 0
 1184 0000 80B5     		push	{r7, lr}
 1185              		.cfi_def_cfa_offset 8
 1186              		.cfi_offset 7, -8
 1187              		.cfi_offset 14, -4
 1188 0002 00AF     		add	r7, sp, #0
 1189              		.cfi_def_cfa_register 7
 1190              		.loc 19 87 3
 1191 0004 0648     		ldr	r0, .L40
 1192 0006 FFF7FEFF 		bl	__trace_isr_enter
 1193              		.loc 19 91 3
 1194 000a 0648     		ldr	r0, .L40+4
 1195 000c FFF7FEFF 		bl	sd_lld_serve_interrupt
 1196              		.loc 19 107 3
 1197 0010 0348     		ldr	r0, .L40
ARM GAS  C:\Users\DEVELO~1\AppData\Local\Temp\ccXzcT1U.s 			page 22


 1198 0012 FFF7FEFF 		bl	__trace_isr_leave
 1199 0016 FFF7FEFF 		bl	__port_irq_epilogue
 1200              		.loc 19 108 1
 1201 001a 00BF     		nop
 1202 001c 80BD     		pop	{r7, pc}
 1203              	.L41:
 1204 001e 00BF     		.align	2
 1205              	.L40:
 1206 0020 00000000 		.word	__func__.4
 1207 0024 00000000 		.word	SD1
 1208              		.cfi_endproc
 1209              	.LFE470:
 1210              		.size	VectorD4, .-VectorD4
 1211              		.section	.text.usart2_irq_init,"ax",%progbits
 1212              		.align	1
 1213              		.syntax unified
 1214              		.thumb
 1215              		.thumb_func
 1216              		.type	usart2_irq_init, %function
 1217              	usart2_irq_init:
 1218              	.LFB471:
 1219              		.file 20 "../../../os/hal/ports/STM32/LLD/USART/stm32_usart2.inc"
 1220              		.loc 20 63 42
 1221              		.cfi_startproc
 1222              		@ args = 0, pretend = 0, frame = 0
 1223              		@ frame_needed = 1, uses_anonymous_args = 0
 1224              		@ link register save eliminated.
 1225 0000 80B4     		push	{r7}
 1226              		.cfi_def_cfa_offset 4
 1227              		.cfi_offset 7, -4
 1228 0002 00AF     		add	r7, sp, #0
 1229              		.cfi_def_cfa_register 7
 1230              		.loc 20 67 1
 1231 0004 00BF     		nop
 1232 0006 BD46     		mov	sp, r7
 1233              		.cfi_def_cfa_register 13
 1234              		@ sp needed
 1235 0008 80BC     		pop	{r7}
 1236              		.cfi_restore 7
 1237              		.cfi_def_cfa_offset 0
 1238 000a 7047     		bx	lr
 1239              		.cfi_endproc
 1240              	.LFE471:
 1241              		.size	usart2_irq_init, .-usart2_irq_init
 1242              		.section	.text.usart2_irq_deinit,"ax",%progbits
 1243              		.align	1
 1244              		.syntax unified
 1245              		.thumb
 1246              		.thumb_func
 1247              		.type	usart2_irq_deinit, %function
 1248              	usart2_irq_deinit:
 1249              	.LFB472:
 1250              		.loc 20 69 44
 1251              		.cfi_startproc
 1252              		@ args = 0, pretend = 0, frame = 0
 1253              		@ frame_needed = 1, uses_anonymous_args = 0
 1254              		@ link register save eliminated.
ARM GAS  C:\Users\DEVELO~1\AppData\Local\Temp\ccXzcT1U.s 			page 23


 1255 0000 80B4     		push	{r7}
 1256              		.cfi_def_cfa_offset 4
 1257              		.cfi_offset 7, -4
 1258 0002 00AF     		add	r7, sp, #0
 1259              		.cfi_def_cfa_register 7
 1260              		.loc 20 73 1
 1261 0004 00BF     		nop
 1262 0006 BD46     		mov	sp, r7
 1263              		.cfi_def_cfa_register 13
 1264              		@ sp needed
 1265 0008 80BC     		pop	{r7}
 1266              		.cfi_restore 7
 1267              		.cfi_def_cfa_offset 0
 1268 000a 7047     		bx	lr
 1269              		.cfi_endproc
 1270              	.LFE472:
 1271              		.size	usart2_irq_deinit, .-usart2_irq_deinit
 1272              		.section	.text.usart3_irq_init,"ax",%progbits
 1273              		.align	1
 1274              		.syntax unified
 1275              		.thumb
 1276              		.thumb_func
 1277              		.type	usart3_irq_init, %function
 1278              	usart3_irq_init:
 1279              	.LFB473:
 1280              		.file 21 "../../../os/hal/ports/STM32/LLD/USART/stm32_usart3.inc"
 1281              		.loc 21 63 42
 1282              		.cfi_startproc
 1283              		@ args = 0, pretend = 0, frame = 0
 1284              		@ frame_needed = 1, uses_anonymous_args = 0
 1285              		@ link register save eliminated.
 1286 0000 80B4     		push	{r7}
 1287              		.cfi_def_cfa_offset 4
 1288              		.cfi_offset 7, -4
 1289 0002 00AF     		add	r7, sp, #0
 1290              		.cfi_def_cfa_register 7
 1291              		.loc 21 67 1
 1292 0004 00BF     		nop
 1293 0006 BD46     		mov	sp, r7
 1294              		.cfi_def_cfa_register 13
 1295              		@ sp needed
 1296 0008 80BC     		pop	{r7}
 1297              		.cfi_restore 7
 1298              		.cfi_def_cfa_offset 0
 1299 000a 7047     		bx	lr
 1300              		.cfi_endproc
 1301              	.LFE473:
 1302              		.size	usart3_irq_init, .-usart3_irq_init
 1303              		.section	.text.usart3_irq_deinit,"ax",%progbits
 1304              		.align	1
 1305              		.syntax unified
 1306              		.thumb
 1307              		.thumb_func
 1308              		.type	usart3_irq_deinit, %function
 1309              	usart3_irq_deinit:
 1310              	.LFB474:
 1311              		.loc 21 69 44
ARM GAS  C:\Users\DEVELO~1\AppData\Local\Temp\ccXzcT1U.s 			page 24


 1312              		.cfi_startproc
 1313              		@ args = 0, pretend = 0, frame = 0
 1314              		@ frame_needed = 1, uses_anonymous_args = 0
 1315              		@ link register save eliminated.
 1316 0000 80B4     		push	{r7}
 1317              		.cfi_def_cfa_offset 4
 1318              		.cfi_offset 7, -4
 1319 0002 00AF     		add	r7, sp, #0
 1320              		.cfi_def_cfa_register 7
 1321              		.loc 21 73 1
 1322 0004 00BF     		nop
 1323 0006 BD46     		mov	sp, r7
 1324              		.cfi_def_cfa_register 13
 1325              		@ sp needed
 1326 0008 80BC     		pop	{r7}
 1327              		.cfi_restore 7
 1328              		.cfi_def_cfa_offset 0
 1329 000a 7047     		bx	lr
 1330              		.cfi_endproc
 1331              	.LFE474:
 1332              		.size	usart3_irq_deinit, .-usart3_irq_deinit
 1333              		.section	.text.uart4_irq_init,"ax",%progbits
 1334              		.align	1
 1335              		.syntax unified
 1336              		.thumb
 1337              		.thumb_func
 1338              		.type	uart4_irq_init, %function
 1339              	uart4_irq_init:
 1340              	.LFB475:
 1341              		.file 22 "../../../os/hal/ports/STM32/LLD/USART/stm32_uart4.inc"
 1342              		.loc 22 63 41
 1343              		.cfi_startproc
 1344              		@ args = 0, pretend = 0, frame = 0
 1345              		@ frame_needed = 1, uses_anonymous_args = 0
 1346              		@ link register save eliminated.
 1347 0000 80B4     		push	{r7}
 1348              		.cfi_def_cfa_offset 4
 1349              		.cfi_offset 7, -4
 1350 0002 00AF     		add	r7, sp, #0
 1351              		.cfi_def_cfa_register 7
 1352              		.loc 22 67 1
 1353 0004 00BF     		nop
 1354 0006 BD46     		mov	sp, r7
 1355              		.cfi_def_cfa_register 13
 1356              		@ sp needed
 1357 0008 80BC     		pop	{r7}
 1358              		.cfi_restore 7
 1359              		.cfi_def_cfa_offset 0
 1360 000a 7047     		bx	lr
 1361              		.cfi_endproc
 1362              	.LFE475:
 1363              		.size	uart4_irq_init, .-uart4_irq_init
 1364              		.section	.text.uart4_irq_deinit,"ax",%progbits
 1365              		.align	1
 1366              		.syntax unified
 1367              		.thumb
 1368              		.thumb_func
ARM GAS  C:\Users\DEVELO~1\AppData\Local\Temp\ccXzcT1U.s 			page 25


 1369              		.type	uart4_irq_deinit, %function
 1370              	uart4_irq_deinit:
 1371              	.LFB476:
 1372              		.loc 22 69 43
 1373              		.cfi_startproc
 1374              		@ args = 0, pretend = 0, frame = 0
 1375              		@ frame_needed = 1, uses_anonymous_args = 0
 1376              		@ link register save eliminated.
 1377 0000 80B4     		push	{r7}
 1378              		.cfi_def_cfa_offset 4
 1379              		.cfi_offset 7, -4
 1380 0002 00AF     		add	r7, sp, #0
 1381              		.cfi_def_cfa_register 7
 1382              		.loc 22 73 1
 1383 0004 00BF     		nop
 1384 0006 BD46     		mov	sp, r7
 1385              		.cfi_def_cfa_register 13
 1386              		@ sp needed
 1387 0008 80BC     		pop	{r7}
 1388              		.cfi_restore 7
 1389              		.cfi_def_cfa_offset 0
 1390 000a 7047     		bx	lr
 1391              		.cfi_endproc
 1392              	.LFE476:
 1393              		.size	uart4_irq_deinit, .-uart4_irq_deinit
 1394              		.section	.text.uart5_irq_init,"ax",%progbits
 1395              		.align	1
 1396              		.syntax unified
 1397              		.thumb
 1398              		.thumb_func
 1399              		.type	uart5_irq_init, %function
 1400              	uart5_irq_init:
 1401              	.LFB477:
 1402              		.file 23 "../../../os/hal/ports/STM32/LLD/USART/stm32_uart5.inc"
 1403              		.loc 23 63 41
 1404              		.cfi_startproc
 1405              		@ args = 0, pretend = 0, frame = 0
 1406              		@ frame_needed = 1, uses_anonymous_args = 0
 1407 0000 80B5     		push	{r7, lr}
 1408              		.cfi_def_cfa_offset 8
 1409              		.cfi_offset 7, -8
 1410              		.cfi_offset 14, -4
 1411 0002 00AF     		add	r7, sp, #0
 1412              		.cfi_def_cfa_register 7
 1413              		.loc 23 65 3
 1414 0004 0C21     		movs	r1, #12
 1415 0006 3520     		movs	r0, #53
 1416 0008 FFF7FEFF 		bl	nvicEnableVector
 1417              		.loc 23 67 1
 1418 000c 00BF     		nop
 1419 000e 80BD     		pop	{r7, pc}
 1420              		.cfi_endproc
 1421              	.LFE477:
 1422              		.size	uart5_irq_init, .-uart5_irq_init
 1423              		.section	.text.uart5_irq_deinit,"ax",%progbits
 1424              		.align	1
 1425              		.syntax unified
ARM GAS  C:\Users\DEVELO~1\AppData\Local\Temp\ccXzcT1U.s 			page 26


 1426              		.thumb
 1427              		.thumb_func
 1428              		.type	uart5_irq_deinit, %function
 1429              	uart5_irq_deinit:
 1430              	.LFB478:
 1431              		.loc 23 69 43
 1432              		.cfi_startproc
 1433              		@ args = 0, pretend = 0, frame = 0
 1434              		@ frame_needed = 1, uses_anonymous_args = 0
 1435 0000 80B5     		push	{r7, lr}
 1436              		.cfi_def_cfa_offset 8
 1437              		.cfi_offset 7, -8
 1438              		.cfi_offset 14, -4
 1439 0002 00AF     		add	r7, sp, #0
 1440              		.cfi_def_cfa_register 7
 1441              		.loc 23 71 3
 1442 0004 3520     		movs	r0, #53
 1443 0006 FFF7FEFF 		bl	nvicDisableVector
 1444              		.loc 23 73 1
 1445 000a 00BF     		nop
 1446 000c 80BD     		pop	{r7, pc}
 1447              		.cfi_endproc
 1448              	.LFE478:
 1449              		.size	uart5_irq_deinit, .-uart5_irq_deinit
 1450              		.section	.text.Vector114,"ax",%progbits
 1451              		.align	1
 1452              		.global	Vector114
 1453              		.syntax unified
 1454              		.thumb
 1455              		.thumb_func
 1456              		.type	Vector114, %function
 1457              	Vector114:
 1458              	.LFB479:
 1459              		.loc 23 85 39
 1460              		.cfi_startproc
 1461              		@ args = 0, pretend = 0, frame = 0
 1462              		@ frame_needed = 1, uses_anonymous_args = 0
 1463 0000 80B5     		push	{r7, lr}
 1464              		.cfi_def_cfa_offset 8
 1465              		.cfi_offset 7, -8
 1466              		.cfi_offset 14, -4
 1467 0002 00AF     		add	r7, sp, #0
 1468              		.cfi_def_cfa_register 7
 1469              		.loc 23 87 3
 1470 0004 0648     		ldr	r0, .L51
 1471 0006 FFF7FEFF 		bl	__trace_isr_enter
 1472              		.loc 23 91 3
 1473 000a 0648     		ldr	r0, .L51+4
 1474 000c FFF7FEFF 		bl	sd_lld_serve_interrupt
 1475              		.loc 23 107 3
 1476 0010 0348     		ldr	r0, .L51
 1477 0012 FFF7FEFF 		bl	__trace_isr_leave
 1478 0016 FFF7FEFF 		bl	__port_irq_epilogue
 1479              		.loc 23 108 1
 1480 001a 00BF     		nop
 1481 001c 80BD     		pop	{r7, pc}
 1482              	.L52:
ARM GAS  C:\Users\DEVELO~1\AppData\Local\Temp\ccXzcT1U.s 			page 27


 1483 001e 00BF     		.align	2
 1484              	.L51:
 1485 0020 00000000 		.word	__func__.3
 1486 0024 00000000 		.word	SD5
 1487              		.cfi_endproc
 1488              	.LFE479:
 1489              		.size	Vector114, .-Vector114
 1490              		.section	.text.usart6_irq_init,"ax",%progbits
 1491              		.align	1
 1492              		.syntax unified
 1493              		.thumb
 1494              		.thumb_func
 1495              		.type	usart6_irq_init, %function
 1496              	usart6_irq_init:
 1497              	.LFB480:
 1498              		.file 24 "../../../os/hal/ports/STM32/LLD/USART/stm32_usart6.inc"
 1499              		.loc 24 63 42
 1500              		.cfi_startproc
 1501              		@ args = 0, pretend = 0, frame = 0
 1502              		@ frame_needed = 1, uses_anonymous_args = 0
 1503 0000 80B5     		push	{r7, lr}
 1504              		.cfi_def_cfa_offset 8
 1505              		.cfi_offset 7, -8
 1506              		.cfi_offset 14, -4
 1507 0002 00AF     		add	r7, sp, #0
 1508              		.cfi_def_cfa_register 7
 1509              		.loc 24 65 3
 1510 0004 0C21     		movs	r1, #12
 1511 0006 4720     		movs	r0, #71
 1512 0008 FFF7FEFF 		bl	nvicEnableVector
 1513              		.loc 24 67 1
 1514 000c 00BF     		nop
 1515 000e 80BD     		pop	{r7, pc}
 1516              		.cfi_endproc
 1517              	.LFE480:
 1518              		.size	usart6_irq_init, .-usart6_irq_init
 1519              		.section	.text.usart6_irq_deinit,"ax",%progbits
 1520              		.align	1
 1521              		.syntax unified
 1522              		.thumb
 1523              		.thumb_func
 1524              		.type	usart6_irq_deinit, %function
 1525              	usart6_irq_deinit:
 1526              	.LFB481:
 1527              		.loc 24 69 44
 1528              		.cfi_startproc
 1529              		@ args = 0, pretend = 0, frame = 0
 1530              		@ frame_needed = 1, uses_anonymous_args = 0
 1531 0000 80B5     		push	{r7, lr}
 1532              		.cfi_def_cfa_offset 8
 1533              		.cfi_offset 7, -8
 1534              		.cfi_offset 14, -4
 1535 0002 00AF     		add	r7, sp, #0
 1536              		.cfi_def_cfa_register 7
 1537              		.loc 24 71 3
 1538 0004 4720     		movs	r0, #71
 1539 0006 FFF7FEFF 		bl	nvicDisableVector
ARM GAS  C:\Users\DEVELO~1\AppData\Local\Temp\ccXzcT1U.s 			page 28


 1540              		.loc 24 73 1
 1541 000a 00BF     		nop
 1542 000c 80BD     		pop	{r7, pc}
 1543              		.cfi_endproc
 1544              	.LFE481:
 1545              		.size	usart6_irq_deinit, .-usart6_irq_deinit
 1546              		.section	.text.Vector15C,"ax",%progbits
 1547              		.align	1
 1548              		.global	Vector15C
 1549              		.syntax unified
 1550              		.thumb
 1551              		.thumb_func
 1552              		.type	Vector15C, %function
 1553              	Vector15C:
 1554              	.LFB482:
 1555              		.loc 24 85 40
 1556              		.cfi_startproc
 1557              		@ args = 0, pretend = 0, frame = 0
 1558              		@ frame_needed = 1, uses_anonymous_args = 0
 1559 0000 80B5     		push	{r7, lr}
 1560              		.cfi_def_cfa_offset 8
 1561              		.cfi_offset 7, -8
 1562              		.cfi_offset 14, -4
 1563 0002 00AF     		add	r7, sp, #0
 1564              		.cfi_def_cfa_register 7
 1565              		.loc 24 87 3
 1566 0004 0648     		ldr	r0, .L56
 1567 0006 FFF7FEFF 		bl	__trace_isr_enter
 1568              		.loc 24 91 3
 1569 000a 0648     		ldr	r0, .L56+4
 1570 000c FFF7FEFF 		bl	sd_lld_serve_interrupt
 1571              		.loc 24 107 3
 1572 0010 0348     		ldr	r0, .L56
 1573 0012 FFF7FEFF 		bl	__trace_isr_leave
 1574 0016 FFF7FEFF 		bl	__port_irq_epilogue
 1575              		.loc 24 108 1
 1576 001a 00BF     		nop
 1577 001c 80BD     		pop	{r7, pc}
 1578              	.L57:
 1579 001e 00BF     		.align	2
 1580              	.L56:
 1581 0020 00000000 		.word	__func__.2
 1582 0024 00000000 		.word	SD6
 1583              		.cfi_endproc
 1584              	.LFE482:
 1585              		.size	Vector15C, .-Vector15C
 1586              		.section	.text.uart7_irq_init,"ax",%progbits
 1587              		.align	1
 1588              		.syntax unified
 1589              		.thumb
 1590              		.thumb_func
 1591              		.type	uart7_irq_init, %function
 1592              	uart7_irq_init:
 1593              	.LFB483:
 1594              		.file 25 "../../../os/hal/ports/STM32/LLD/USART/stm32_uart7.inc"
 1595              		.loc 25 63 41
 1596              		.cfi_startproc
ARM GAS  C:\Users\DEVELO~1\AppData\Local\Temp\ccXzcT1U.s 			page 29


 1597              		@ args = 0, pretend = 0, frame = 0
 1598              		@ frame_needed = 1, uses_anonymous_args = 0
 1599              		@ link register save eliminated.
 1600 0000 80B4     		push	{r7}
 1601              		.cfi_def_cfa_offset 4
 1602              		.cfi_offset 7, -4
 1603 0002 00AF     		add	r7, sp, #0
 1604              		.cfi_def_cfa_register 7
 1605              		.loc 25 67 1
 1606 0004 00BF     		nop
 1607 0006 BD46     		mov	sp, r7
 1608              		.cfi_def_cfa_register 13
 1609              		@ sp needed
 1610 0008 80BC     		pop	{r7}
 1611              		.cfi_restore 7
 1612              		.cfi_def_cfa_offset 0
 1613 000a 7047     		bx	lr
 1614              		.cfi_endproc
 1615              	.LFE483:
 1616              		.size	uart7_irq_init, .-uart7_irq_init
 1617              		.section	.text.uart7_irq_deinit,"ax",%progbits
 1618              		.align	1
 1619              		.syntax unified
 1620              		.thumb
 1621              		.thumb_func
 1622              		.type	uart7_irq_deinit, %function
 1623              	uart7_irq_deinit:
 1624              	.LFB484:
 1625              		.loc 25 69 43
 1626              		.cfi_startproc
 1627              		@ args = 0, pretend = 0, frame = 0
 1628              		@ frame_needed = 1, uses_anonymous_args = 0
 1629              		@ link register save eliminated.
 1630 0000 80B4     		push	{r7}
 1631              		.cfi_def_cfa_offset 4
 1632              		.cfi_offset 7, -4
 1633 0002 00AF     		add	r7, sp, #0
 1634              		.cfi_def_cfa_register 7
 1635              		.loc 25 73 1
 1636 0004 00BF     		nop
 1637 0006 BD46     		mov	sp, r7
 1638              		.cfi_def_cfa_register 13
 1639              		@ sp needed
 1640 0008 80BC     		pop	{r7}
 1641              		.cfi_restore 7
 1642              		.cfi_def_cfa_offset 0
 1643 000a 7047     		bx	lr
 1644              		.cfi_endproc
 1645              	.LFE484:
 1646              		.size	uart7_irq_deinit, .-uart7_irq_deinit
 1647              		.section	.text.uart8_irq_init,"ax",%progbits
 1648              		.align	1
 1649              		.syntax unified
 1650              		.thumb
 1651              		.thumb_func
 1652              		.type	uart8_irq_init, %function
 1653              	uart8_irq_init:
ARM GAS  C:\Users\DEVELO~1\AppData\Local\Temp\ccXzcT1U.s 			page 30


 1654              	.LFB485:
 1655              		.file 26 "../../../os/hal/ports/STM32/LLD/USART/stm32_uart8.inc"
 1656              		.loc 26 63 41
 1657              		.cfi_startproc
 1658              		@ args = 0, pretend = 0, frame = 0
 1659              		@ frame_needed = 1, uses_anonymous_args = 0
 1660              		@ link register save eliminated.
 1661 0000 80B4     		push	{r7}
 1662              		.cfi_def_cfa_offset 4
 1663              		.cfi_offset 7, -4
 1664 0002 00AF     		add	r7, sp, #0
 1665              		.cfi_def_cfa_register 7
 1666              		.loc 26 67 1
 1667 0004 00BF     		nop
 1668 0006 BD46     		mov	sp, r7
 1669              		.cfi_def_cfa_register 13
 1670              		@ sp needed
 1671 0008 80BC     		pop	{r7}
 1672              		.cfi_restore 7
 1673              		.cfi_def_cfa_offset 0
 1674 000a 7047     		bx	lr
 1675              		.cfi_endproc
 1676              	.LFE485:
 1677              		.size	uart8_irq_init, .-uart8_irq_init
 1678              		.section	.text.uart8_irq_deinit,"ax",%progbits
 1679              		.align	1
 1680              		.syntax unified
 1681              		.thumb
 1682              		.thumb_func
 1683              		.type	uart8_irq_deinit, %function
 1684              	uart8_irq_deinit:
 1685              	.LFB486:
 1686              		.loc 26 69 43
 1687              		.cfi_startproc
 1688              		@ args = 0, pretend = 0, frame = 0
 1689              		@ frame_needed = 1, uses_anonymous_args = 0
 1690              		@ link register save eliminated.
 1691 0000 80B4     		push	{r7}
 1692              		.cfi_def_cfa_offset 4
 1693              		.cfi_offset 7, -4
 1694 0002 00AF     		add	r7, sp, #0
 1695              		.cfi_def_cfa_register 7
 1696              		.loc 26 73 1
 1697 0004 00BF     		nop
 1698 0006 BD46     		mov	sp, r7
 1699              		.cfi_def_cfa_register 13
 1700              		@ sp needed
 1701 0008 80BC     		pop	{r7}
 1702              		.cfi_restore 7
 1703              		.cfi_def_cfa_offset 0
 1704 000a 7047     		bx	lr
 1705              		.cfi_endproc
 1706              	.LFE486:
 1707              		.size	uart8_irq_deinit, .-uart8_irq_deinit
 1708              		.section	.text.uart9_irq_init,"ax",%progbits
 1709              		.align	1
 1710              		.syntax unified
ARM GAS  C:\Users\DEVELO~1\AppData\Local\Temp\ccXzcT1U.s 			page 31


 1711              		.thumb
 1712              		.thumb_func
 1713              		.type	uart9_irq_init, %function
 1714              	uart9_irq_init:
 1715              	.LFB487:
 1716              		.file 27 "../../../os/hal/ports/STM32/LLD/USART/stm32_uart9.inc"
 1717              		.loc 27 63 41
 1718              		.cfi_startproc
 1719              		@ args = 0, pretend = 0, frame = 0
 1720              		@ frame_needed = 1, uses_anonymous_args = 0
 1721              		@ link register save eliminated.
 1722 0000 80B4     		push	{r7}
 1723              		.cfi_def_cfa_offset 4
 1724              		.cfi_offset 7, -4
 1725 0002 00AF     		add	r7, sp, #0
 1726              		.cfi_def_cfa_register 7
 1727              		.loc 27 67 1
 1728 0004 00BF     		nop
 1729 0006 BD46     		mov	sp, r7
 1730              		.cfi_def_cfa_register 13
 1731              		@ sp needed
 1732 0008 80BC     		pop	{r7}
 1733              		.cfi_restore 7
 1734              		.cfi_def_cfa_offset 0
 1735 000a 7047     		bx	lr
 1736              		.cfi_endproc
 1737              	.LFE487:
 1738              		.size	uart9_irq_init, .-uart9_irq_init
 1739              		.section	.text.uart9_irq_deinit,"ax",%progbits
 1740              		.align	1
 1741              		.syntax unified
 1742              		.thumb
 1743              		.thumb_func
 1744              		.type	uart9_irq_deinit, %function
 1745              	uart9_irq_deinit:
 1746              	.LFB488:
 1747              		.loc 27 69 43
 1748              		.cfi_startproc
 1749              		@ args = 0, pretend = 0, frame = 0
 1750              		@ frame_needed = 1, uses_anonymous_args = 0
 1751              		@ link register save eliminated.
 1752 0000 80B4     		push	{r7}
 1753              		.cfi_def_cfa_offset 4
 1754              		.cfi_offset 7, -4
 1755 0002 00AF     		add	r7, sp, #0
 1756              		.cfi_def_cfa_register 7
 1757              		.loc 27 73 1
 1758 0004 00BF     		nop
 1759 0006 BD46     		mov	sp, r7
 1760              		.cfi_def_cfa_register 13
 1761              		@ sp needed
 1762 0008 80BC     		pop	{r7}
 1763              		.cfi_restore 7
 1764              		.cfi_def_cfa_offset 0
 1765 000a 7047     		bx	lr
 1766              		.cfi_endproc
 1767              	.LFE488:
ARM GAS  C:\Users\DEVELO~1\AppData\Local\Temp\ccXzcT1U.s 			page 32


 1768              		.size	uart9_irq_deinit, .-uart9_irq_deinit
 1769              		.section	.text.usart10_irq_init,"ax",%progbits
 1770              		.align	1
 1771              		.syntax unified
 1772              		.thumb
 1773              		.thumb_func
 1774              		.type	usart10_irq_init, %function
 1775              	usart10_irq_init:
 1776              	.LFB489:
 1777              		.file 28 "../../../os/hal/ports/STM32/LLD/USART/stm32_usart10.inc"
 1778              		.loc 28 63 43
 1779              		.cfi_startproc
 1780              		@ args = 0, pretend = 0, frame = 0
 1781              		@ frame_needed = 1, uses_anonymous_args = 0
 1782              		@ link register save eliminated.
 1783 0000 80B4     		push	{r7}
 1784              		.cfi_def_cfa_offset 4
 1785              		.cfi_offset 7, -4
 1786 0002 00AF     		add	r7, sp, #0
 1787              		.cfi_def_cfa_register 7
 1788              		.loc 28 67 1
 1789 0004 00BF     		nop
 1790 0006 BD46     		mov	sp, r7
 1791              		.cfi_def_cfa_register 13
 1792              		@ sp needed
 1793 0008 80BC     		pop	{r7}
 1794              		.cfi_restore 7
 1795              		.cfi_def_cfa_offset 0
 1796 000a 7047     		bx	lr
 1797              		.cfi_endproc
 1798              	.LFE489:
 1799              		.size	usart10_irq_init, .-usart10_irq_init
 1800              		.section	.text.usart10_irq_deinit,"ax",%progbits
 1801              		.align	1
 1802              		.syntax unified
 1803              		.thumb
 1804              		.thumb_func
 1805              		.type	usart10_irq_deinit, %function
 1806              	usart10_irq_deinit:
 1807              	.LFB490:
 1808              		.loc 28 69 45
 1809              		.cfi_startproc
 1810              		@ args = 0, pretend = 0, frame = 0
 1811              		@ frame_needed = 1, uses_anonymous_args = 0
 1812              		@ link register save eliminated.
 1813 0000 80B4     		push	{r7}
 1814              		.cfi_def_cfa_offset 4
 1815              		.cfi_offset 7, -4
 1816 0002 00AF     		add	r7, sp, #0
 1817              		.cfi_def_cfa_register 7
 1818              		.loc 28 73 1
 1819 0004 00BF     		nop
 1820 0006 BD46     		mov	sp, r7
 1821              		.cfi_def_cfa_register 13
 1822              		@ sp needed
 1823 0008 80BC     		pop	{r7}
 1824              		.cfi_restore 7
ARM GAS  C:\Users\DEVELO~1\AppData\Local\Temp\ccXzcT1U.s 			page 33


 1825              		.cfi_def_cfa_offset 0
 1826 000a 7047     		bx	lr
 1827              		.cfi_endproc
 1828              	.LFE490:
 1829              		.size	usart10_irq_deinit, .-usart10_irq_deinit
 1830              		.section	.text.lpuart1_irq_init,"ax",%progbits
 1831              		.align	1
 1832              		.syntax unified
 1833              		.thumb
 1834              		.thumb_func
 1835              		.type	lpuart1_irq_init, %function
 1836              	lpuart1_irq_init:
 1837              	.LFB491:
 1838              		.file 29 "../../../os/hal/ports/STM32/LLD/USART/stm32_lpuart1.inc"
 1839              		.loc 29 63 43
 1840              		.cfi_startproc
 1841              		@ args = 0, pretend = 0, frame = 0
 1842              		@ frame_needed = 1, uses_anonymous_args = 0
 1843              		@ link register save eliminated.
 1844 0000 80B4     		push	{r7}
 1845              		.cfi_def_cfa_offset 4
 1846              		.cfi_offset 7, -4
 1847 0002 00AF     		add	r7, sp, #0
 1848              		.cfi_def_cfa_register 7
 1849              		.loc 29 67 1
 1850 0004 00BF     		nop
 1851 0006 BD46     		mov	sp, r7
 1852              		.cfi_def_cfa_register 13
 1853              		@ sp needed
 1854 0008 80BC     		pop	{r7}
 1855              		.cfi_restore 7
 1856              		.cfi_def_cfa_offset 0
 1857 000a 7047     		bx	lr
 1858              		.cfi_endproc
 1859              	.LFE491:
 1860              		.size	lpuart1_irq_init, .-lpuart1_irq_init
 1861              		.section	.text.lpuart1_irq_deinit,"ax",%progbits
 1862              		.align	1
 1863              		.syntax unified
 1864              		.thumb
 1865              		.thumb_func
 1866              		.type	lpuart1_irq_deinit, %function
 1867              	lpuart1_irq_deinit:
 1868              	.LFB492:
 1869              		.loc 29 69 45
 1870              		.cfi_startproc
 1871              		@ args = 0, pretend = 0, frame = 0
 1872              		@ frame_needed = 1, uses_anonymous_args = 0
 1873              		@ link register save eliminated.
 1874 0000 80B4     		push	{r7}
 1875              		.cfi_def_cfa_offset 4
 1876              		.cfi_offset 7, -4
 1877 0002 00AF     		add	r7, sp, #0
 1878              		.cfi_def_cfa_register 7
 1879              		.loc 29 73 1
 1880 0004 00BF     		nop
 1881 0006 BD46     		mov	sp, r7
ARM GAS  C:\Users\DEVELO~1\AppData\Local\Temp\ccXzcT1U.s 			page 34


 1882              		.cfi_def_cfa_register 13
 1883              		@ sp needed
 1884 0008 80BC     		pop	{r7}
 1885              		.cfi_restore 7
 1886              		.cfi_def_cfa_offset 0
 1887 000a 7047     		bx	lr
 1888              		.cfi_endproc
 1889              	.LFE492:
 1890              		.size	lpuart1_irq_deinit, .-lpuart1_irq_deinit
 1891              		.section	.text.tim1_irq_init,"ax",%progbits
 1892              		.align	1
 1893              		.syntax unified
 1894              		.thumb
 1895              		.thumb_func
 1896              		.type	tim1_irq_init, %function
 1897              	tim1_irq_init:
 1898              	.LFB493:
 1899              		.file 30 "../../../os/hal/ports/STM32/LLD/TIMv1/stm32_tim1.inc"
 1900              		.loc 30 86 40
 1901              		.cfi_startproc
 1902              		@ args = 0, pretend = 0, frame = 0
 1903              		@ frame_needed = 1, uses_anonymous_args = 0
 1904              		@ link register save eliminated.
 1905 0000 80B4     		push	{r7}
 1906              		.cfi_def_cfa_offset 4
 1907              		.cfi_offset 7, -4
 1908 0002 00AF     		add	r7, sp, #0
 1909              		.cfi_def_cfa_register 7
 1910              		.loc 30 91 1
 1911 0004 00BF     		nop
 1912 0006 BD46     		mov	sp, r7
 1913              		.cfi_def_cfa_register 13
 1914              		@ sp needed
 1915 0008 80BC     		pop	{r7}
 1916              		.cfi_restore 7
 1917              		.cfi_def_cfa_offset 0
 1918 000a 7047     		bx	lr
 1919              		.cfi_endproc
 1920              	.LFE493:
 1921              		.size	tim1_irq_init, .-tim1_irq_init
 1922              		.section	.text.tim1_irq_deinit,"ax",%progbits
 1923              		.align	1
 1924              		.syntax unified
 1925              		.thumb
 1926              		.thumb_func
 1927              		.type	tim1_irq_deinit, %function
 1928              	tim1_irq_deinit:
 1929              	.LFB494:
 1930              		.loc 30 93 42
 1931              		.cfi_startproc
 1932              		@ args = 0, pretend = 0, frame = 0
 1933              		@ frame_needed = 1, uses_anonymous_args = 0
 1934              		@ link register save eliminated.
 1935 0000 80B4     		push	{r7}
 1936              		.cfi_def_cfa_offset 4
 1937              		.cfi_offset 7, -4
 1938 0002 00AF     		add	r7, sp, #0
ARM GAS  C:\Users\DEVELO~1\AppData\Local\Temp\ccXzcT1U.s 			page 35


 1939              		.cfi_def_cfa_register 7
 1940              		.loc 30 98 1
 1941 0004 00BF     		nop
 1942 0006 BD46     		mov	sp, r7
 1943              		.cfi_def_cfa_register 13
 1944              		@ sp needed
 1945 0008 80BC     		pop	{r7}
 1946              		.cfi_restore 7
 1947              		.cfi_def_cfa_offset 0
 1948 000a 7047     		bx	lr
 1949              		.cfi_endproc
 1950              	.LFE494:
 1951              		.size	tim1_irq_deinit, .-tim1_irq_deinit
 1952              		.section	.text.tim2_irq_init,"ax",%progbits
 1953              		.align	1
 1954              		.syntax unified
 1955              		.thumb
 1956              		.thumb_func
 1957              		.type	tim2_irq_init, %function
 1958              	tim2_irq_init:
 1959              	.LFB495:
 1960              		.file 31 "../../../os/hal/ports/STM32/LLD/TIMv1/stm32_tim2.inc"
 1961              		.loc 31 78 40
 1962              		.cfi_startproc
 1963              		@ args = 0, pretend = 0, frame = 0
 1964              		@ frame_needed = 1, uses_anonymous_args = 0
 1965 0000 80B5     		push	{r7, lr}
 1966              		.cfi_def_cfa_offset 8
 1967              		.cfi_offset 7, -8
 1968              		.cfi_offset 14, -4
 1969 0002 00AF     		add	r7, sp, #0
 1970              		.cfi_def_cfa_register 7
 1971              		.loc 31 80 3
 1972 0004 0721     		movs	r1, #7
 1973 0006 1C20     		movs	r0, #28
 1974 0008 FFF7FEFF 		bl	nvicEnableVector
 1975              		.loc 31 82 1
 1976 000c 00BF     		nop
 1977 000e 80BD     		pop	{r7, pc}
 1978              		.cfi_endproc
 1979              	.LFE495:
 1980              		.size	tim2_irq_init, .-tim2_irq_init
 1981              		.section	.text.tim2_irq_deinit,"ax",%progbits
 1982              		.align	1
 1983              		.syntax unified
 1984              		.thumb
 1985              		.thumb_func
 1986              		.type	tim2_irq_deinit, %function
 1987              	tim2_irq_deinit:
 1988              	.LFB496:
 1989              		.loc 31 84 42
 1990              		.cfi_startproc
 1991              		@ args = 0, pretend = 0, frame = 0
 1992              		@ frame_needed = 1, uses_anonymous_args = 0
 1993 0000 80B5     		push	{r7, lr}
 1994              		.cfi_def_cfa_offset 8
 1995              		.cfi_offset 7, -8
ARM GAS  C:\Users\DEVELO~1\AppData\Local\Temp\ccXzcT1U.s 			page 36


 1996              		.cfi_offset 14, -4
 1997 0002 00AF     		add	r7, sp, #0
 1998              		.cfi_def_cfa_register 7
 1999              		.loc 31 86 3
 2000 0004 1C20     		movs	r0, #28
 2001 0006 FFF7FEFF 		bl	nvicDisableVector
 2002              		.loc 31 88 1
 2003 000a 00BF     		nop
 2004 000c 80BD     		pop	{r7, pc}
 2005              		.cfi_endproc
 2006              	.LFE496:
 2007              		.size	tim2_irq_deinit, .-tim2_irq_deinit
 2008              		.section	.text.VectorB0,"ax",%progbits
 2009              		.align	1
 2010              		.global	VectorB0
 2011              		.syntax unified
 2012              		.thumb
 2013              		.thumb_func
 2014              		.type	VectorB0, %function
 2015              	VectorB0:
 2016              	.LFB497:
 2017              		.loc 31 100 38
 2018              		.cfi_startproc
 2019              		@ args = 0, pretend = 0, frame = 0
 2020              		@ frame_needed = 1, uses_anonymous_args = 0
 2021 0000 80B5     		push	{r7, lr}
 2022              		.cfi_def_cfa_offset 8
 2023              		.cfi_offset 7, -8
 2024              		.cfi_offset 14, -4
 2025 0002 00AF     		add	r7, sp, #0
 2026              		.cfi_def_cfa_register 7
 2027              		.loc 31 102 3
 2028 0004 0548     		ldr	r0, .L73
 2029 0006 FFF7FEFF 		bl	__trace_isr_enter
 2030              		.loc 31 121 3
 2031 000a FFF7FEFF 		bl	st_lld_serve_interrupt
 2032              		.loc 31 125 3
 2033 000e 0348     		ldr	r0, .L73
 2034 0010 FFF7FEFF 		bl	__trace_isr_leave
 2035 0014 FFF7FEFF 		bl	__port_irq_epilogue
 2036              		.loc 31 126 1
 2037 0018 00BF     		nop
 2038 001a 80BD     		pop	{r7, pc}
 2039              	.L74:
 2040              		.align	2
 2041              	.L73:
 2042 001c 00000000 		.word	__func__.1
 2043              		.cfi_endproc
 2044              	.LFE497:
 2045              		.size	VectorB0, .-VectorB0
 2046              		.section	.text.tim3_irq_init,"ax",%progbits
 2047              		.align	1
 2048              		.syntax unified
 2049              		.thumb
 2050              		.thumb_func
 2051              		.type	tim3_irq_init, %function
 2052              	tim3_irq_init:
ARM GAS  C:\Users\DEVELO~1\AppData\Local\Temp\ccXzcT1U.s 			page 37


 2053              	.LFB498:
 2054              		.file 32 "../../../os/hal/ports/STM32/LLD/TIMv1/stm32_tim3.inc"
 2055              		.loc 32 78 40
 2056              		.cfi_startproc
 2057              		@ args = 0, pretend = 0, frame = 0
 2058              		@ frame_needed = 1, uses_anonymous_args = 0
 2059              		@ link register save eliminated.
 2060 0000 80B4     		push	{r7}
 2061              		.cfi_def_cfa_offset 4
 2062              		.cfi_offset 7, -4
 2063 0002 00AF     		add	r7, sp, #0
 2064              		.cfi_def_cfa_register 7
 2065              		.loc 32 82 1
 2066 0004 00BF     		nop
 2067 0006 BD46     		mov	sp, r7
 2068              		.cfi_def_cfa_register 13
 2069              		@ sp needed
 2070 0008 80BC     		pop	{r7}
 2071              		.cfi_restore 7
 2072              		.cfi_def_cfa_offset 0
 2073 000a 7047     		bx	lr
 2074              		.cfi_endproc
 2075              	.LFE498:
 2076              		.size	tim3_irq_init, .-tim3_irq_init
 2077              		.section	.text.tim3_irq_deinit,"ax",%progbits
 2078              		.align	1
 2079              		.syntax unified
 2080              		.thumb
 2081              		.thumb_func
 2082              		.type	tim3_irq_deinit, %function
 2083              	tim3_irq_deinit:
 2084              	.LFB499:
 2085              		.loc 32 84 42
 2086              		.cfi_startproc
 2087              		@ args = 0, pretend = 0, frame = 0
 2088              		@ frame_needed = 1, uses_anonymous_args = 0
 2089              		@ link register save eliminated.
 2090 0000 80B4     		push	{r7}
 2091              		.cfi_def_cfa_offset 4
 2092              		.cfi_offset 7, -4
 2093 0002 00AF     		add	r7, sp, #0
 2094              		.cfi_def_cfa_register 7
 2095              		.loc 32 88 1
 2096 0004 00BF     		nop
 2097 0006 BD46     		mov	sp, r7
 2098              		.cfi_def_cfa_register 13
 2099              		@ sp needed
 2100 0008 80BC     		pop	{r7}
 2101              		.cfi_restore 7
 2102              		.cfi_def_cfa_offset 0
 2103 000a 7047     		bx	lr
 2104              		.cfi_endproc
 2105              	.LFE499:
 2106              		.size	tim3_irq_deinit, .-tim3_irq_deinit
 2107              		.section	.text.tim4_irq_init,"ax",%progbits
 2108              		.align	1
 2109              		.syntax unified
ARM GAS  C:\Users\DEVELO~1\AppData\Local\Temp\ccXzcT1U.s 			page 38


 2110              		.thumb
 2111              		.thumb_func
 2112              		.type	tim4_irq_init, %function
 2113              	tim4_irq_init:
 2114              	.LFB500:
 2115              		.file 33 "../../../os/hal/ports/STM32/LLD/TIMv1/stm32_tim4.inc"
 2116              		.loc 33 78 40
 2117              		.cfi_startproc
 2118              		@ args = 0, pretend = 0, frame = 0
 2119              		@ frame_needed = 1, uses_anonymous_args = 0
 2120 0000 80B5     		push	{r7, lr}
 2121              		.cfi_def_cfa_offset 8
 2122              		.cfi_offset 7, -8
 2123              		.cfi_offset 14, -4
 2124 0002 00AF     		add	r7, sp, #0
 2125              		.cfi_def_cfa_register 7
 2126              		.loc 33 80 3
 2127 0004 0721     		movs	r1, #7
 2128 0006 1E20     		movs	r0, #30
 2129 0008 FFF7FEFF 		bl	nvicEnableVector
 2130              		.loc 33 82 1
 2131 000c 00BF     		nop
 2132 000e 80BD     		pop	{r7, pc}
 2133              		.cfi_endproc
 2134              	.LFE500:
 2135              		.size	tim4_irq_init, .-tim4_irq_init
 2136              		.section	.text.tim4_irq_deinit,"ax",%progbits
 2137              		.align	1
 2138              		.syntax unified
 2139              		.thumb
 2140              		.thumb_func
 2141              		.type	tim4_irq_deinit, %function
 2142              	tim4_irq_deinit:
 2143              	.LFB501:
 2144              		.loc 33 84 42
 2145              		.cfi_startproc
 2146              		@ args = 0, pretend = 0, frame = 0
 2147              		@ frame_needed = 1, uses_anonymous_args = 0
 2148 0000 80B5     		push	{r7, lr}
 2149              		.cfi_def_cfa_offset 8
 2150              		.cfi_offset 7, -8
 2151              		.cfi_offset 14, -4
 2152 0002 00AF     		add	r7, sp, #0
 2153              		.cfi_def_cfa_register 7
 2154              		.loc 33 86 3
 2155 0004 1E20     		movs	r0, #30
 2156 0006 FFF7FEFF 		bl	nvicDisableVector
 2157              		.loc 33 88 1
 2158 000a 00BF     		nop
 2159 000c 80BD     		pop	{r7, pc}
 2160              		.cfi_endproc
 2161              	.LFE501:
 2162              		.size	tim4_irq_deinit, .-tim4_irq_deinit
 2163              		.section	.text.VectorB8,"ax",%progbits
 2164              		.align	1
 2165              		.global	VectorB8
 2166              		.syntax unified
ARM GAS  C:\Users\DEVELO~1\AppData\Local\Temp\ccXzcT1U.s 			page 39


 2167              		.thumb
 2168              		.thumb_func
 2169              		.type	VectorB8, %function
 2170              	VectorB8:
 2171              	.LFB502:
 2172              		.loc 33 100 38
 2173              		.cfi_startproc
 2174              		@ args = 0, pretend = 0, frame = 0
 2175              		@ frame_needed = 1, uses_anonymous_args = 0
 2176 0000 80B5     		push	{r7, lr}
 2177              		.cfi_def_cfa_offset 8
 2178              		.cfi_offset 7, -8
 2179              		.cfi_offset 14, -4
 2180 0002 00AF     		add	r7, sp, #0
 2181              		.cfi_def_cfa_register 7
 2182              		.loc 33 102 3
 2183 0004 0648     		ldr	r0, .L80
 2184 0006 FFF7FEFF 		bl	__trace_isr_enter
 2185              		.loc 33 106 3
 2186 000a 0648     		ldr	r0, .L80+4
 2187 000c FFF7FEFF 		bl	gpt_lld_serve_interrupt
 2188              		.loc 33 125 3
 2189 0010 0348     		ldr	r0, .L80
 2190 0012 FFF7FEFF 		bl	__trace_isr_leave
 2191 0016 FFF7FEFF 		bl	__port_irq_epilogue
 2192              		.loc 33 126 1
 2193 001a 00BF     		nop
 2194 001c 80BD     		pop	{r7, pc}
 2195              	.L81:
 2196 001e 00BF     		.align	2
 2197              	.L80:
 2198 0020 00000000 		.word	__func__.0
 2199 0024 00000000 		.word	GPTD4
 2200              		.cfi_endproc
 2201              	.LFE502:
 2202              		.size	VectorB8, .-VectorB8
 2203              		.section	.text.tim5_irq_init,"ax",%progbits
 2204              		.align	1
 2205              		.syntax unified
 2206              		.thumb
 2207              		.thumb_func
 2208              		.type	tim5_irq_init, %function
 2209              	tim5_irq_init:
 2210              	.LFB503:
 2211              		.file 34 "../../../os/hal/ports/STM32/LLD/TIMv1/stm32_tim5.inc"
 2212              		.loc 34 78 40
 2213              		.cfi_startproc
 2214              		@ args = 0, pretend = 0, frame = 0
 2215              		@ frame_needed = 1, uses_anonymous_args = 0
 2216              		@ link register save eliminated.
 2217 0000 80B4     		push	{r7}
 2218              		.cfi_def_cfa_offset 4
 2219              		.cfi_offset 7, -4
 2220 0002 00AF     		add	r7, sp, #0
 2221              		.cfi_def_cfa_register 7
 2222              		.loc 34 82 1
 2223 0004 00BF     		nop
ARM GAS  C:\Users\DEVELO~1\AppData\Local\Temp\ccXzcT1U.s 			page 40


 2224 0006 BD46     		mov	sp, r7
 2225              		.cfi_def_cfa_register 13
 2226              		@ sp needed
 2227 0008 80BC     		pop	{r7}
 2228              		.cfi_restore 7
 2229              		.cfi_def_cfa_offset 0
 2230 000a 7047     		bx	lr
 2231              		.cfi_endproc
 2232              	.LFE503:
 2233              		.size	tim5_irq_init, .-tim5_irq_init
 2234              		.section	.text.tim5_irq_deinit,"ax",%progbits
 2235              		.align	1
 2236              		.syntax unified
 2237              		.thumb
 2238              		.thumb_func
 2239              		.type	tim5_irq_deinit, %function
 2240              	tim5_irq_deinit:
 2241              	.LFB504:
 2242              		.loc 34 84 42
 2243              		.cfi_startproc
 2244              		@ args = 0, pretend = 0, frame = 0
 2245              		@ frame_needed = 1, uses_anonymous_args = 0
 2246              		@ link register save eliminated.
 2247 0000 80B4     		push	{r7}
 2248              		.cfi_def_cfa_offset 4
 2249              		.cfi_offset 7, -4
 2250 0002 00AF     		add	r7, sp, #0
 2251              		.cfi_def_cfa_register 7
 2252              		.loc 34 88 1
 2253 0004 00BF     		nop
 2254 0006 BD46     		mov	sp, r7
 2255              		.cfi_def_cfa_register 13
 2256              		@ sp needed
 2257 0008 80BC     		pop	{r7}
 2258              		.cfi_restore 7
 2259              		.cfi_def_cfa_offset 0
 2260 000a 7047     		bx	lr
 2261              		.cfi_endproc
 2262              	.LFE504:
 2263              		.size	tim5_irq_deinit, .-tim5_irq_deinit
 2264              		.section	.text.tim6_irq_init,"ax",%progbits
 2265              		.align	1
 2266              		.syntax unified
 2267              		.thumb
 2268              		.thumb_func
 2269              		.type	tim6_irq_init, %function
 2270              	tim6_irq_init:
 2271              	.LFB505:
 2272              		.file 35 "../../../os/hal/ports/STM32/LLD/TIMv1/stm32_tim6.inc"
 2273              		.loc 35 78 40
 2274              		.cfi_startproc
 2275              		@ args = 0, pretend = 0, frame = 0
 2276              		@ frame_needed = 1, uses_anonymous_args = 0
 2277              		@ link register save eliminated.
 2278 0000 80B4     		push	{r7}
 2279              		.cfi_def_cfa_offset 4
 2280              		.cfi_offset 7, -4
ARM GAS  C:\Users\DEVELO~1\AppData\Local\Temp\ccXzcT1U.s 			page 41


 2281 0002 00AF     		add	r7, sp, #0
 2282              		.cfi_def_cfa_register 7
 2283              		.loc 35 82 1
 2284 0004 00BF     		nop
 2285 0006 BD46     		mov	sp, r7
 2286              		.cfi_def_cfa_register 13
 2287              		@ sp needed
 2288 0008 80BC     		pop	{r7}
 2289              		.cfi_restore 7
 2290              		.cfi_def_cfa_offset 0
 2291 000a 7047     		bx	lr
 2292              		.cfi_endproc
 2293              	.LFE505:
 2294              		.size	tim6_irq_init, .-tim6_irq_init
 2295              		.section	.text.tim6_irq_deinit,"ax",%progbits
 2296              		.align	1
 2297              		.syntax unified
 2298              		.thumb
 2299              		.thumb_func
 2300              		.type	tim6_irq_deinit, %function
 2301              	tim6_irq_deinit:
 2302              	.LFB506:
 2303              		.loc 35 84 42
 2304              		.cfi_startproc
 2305              		@ args = 0, pretend = 0, frame = 0
 2306              		@ frame_needed = 1, uses_anonymous_args = 0
 2307              		@ link register save eliminated.
 2308 0000 80B4     		push	{r7}
 2309              		.cfi_def_cfa_offset 4
 2310              		.cfi_offset 7, -4
 2311 0002 00AF     		add	r7, sp, #0
 2312              		.cfi_def_cfa_register 7
 2313              		.loc 35 88 1
 2314 0004 00BF     		nop
 2315 0006 BD46     		mov	sp, r7
 2316              		.cfi_def_cfa_register 13
 2317              		@ sp needed
 2318 0008 80BC     		pop	{r7}
 2319              		.cfi_restore 7
 2320              		.cfi_def_cfa_offset 0
 2321 000a 7047     		bx	lr
 2322              		.cfi_endproc
 2323              	.LFE506:
 2324              		.size	tim6_irq_deinit, .-tim6_irq_deinit
 2325              		.section	.text.tim7_irq_init,"ax",%progbits
 2326              		.align	1
 2327              		.syntax unified
 2328              		.thumb
 2329              		.thumb_func
 2330              		.type	tim7_irq_init, %function
 2331              	tim7_irq_init:
 2332              	.LFB507:
 2333              		.file 36 "../../../os/hal/ports/STM32/LLD/TIMv1/stm32_tim7.inc"
 2334              		.loc 36 78 40
 2335              		.cfi_startproc
 2336              		@ args = 0, pretend = 0, frame = 0
 2337              		@ frame_needed = 1, uses_anonymous_args = 0
ARM GAS  C:\Users\DEVELO~1\AppData\Local\Temp\ccXzcT1U.s 			page 42


 2338              		@ link register save eliminated.
 2339 0000 80B4     		push	{r7}
 2340              		.cfi_def_cfa_offset 4
 2341              		.cfi_offset 7, -4
 2342 0002 00AF     		add	r7, sp, #0
 2343              		.cfi_def_cfa_register 7
 2344              		.loc 36 82 1
 2345 0004 00BF     		nop
 2346 0006 BD46     		mov	sp, r7
 2347              		.cfi_def_cfa_register 13
 2348              		@ sp needed
 2349 0008 80BC     		pop	{r7}
 2350              		.cfi_restore 7
 2351              		.cfi_def_cfa_offset 0
 2352 000a 7047     		bx	lr
 2353              		.cfi_endproc
 2354              	.LFE507:
 2355              		.size	tim7_irq_init, .-tim7_irq_init
 2356              		.section	.text.tim7_irq_deinit,"ax",%progbits
 2357              		.align	1
 2358              		.syntax unified
 2359              		.thumb
 2360              		.thumb_func
 2361              		.type	tim7_irq_deinit, %function
 2362              	tim7_irq_deinit:
 2363              	.LFB508:
 2364              		.loc 36 84 42
 2365              		.cfi_startproc
 2366              		@ args = 0, pretend = 0, frame = 0
 2367              		@ frame_needed = 1, uses_anonymous_args = 0
 2368              		@ link register save eliminated.
 2369 0000 80B4     		push	{r7}
 2370              		.cfi_def_cfa_offset 4
 2371              		.cfi_offset 7, -4
 2372 0002 00AF     		add	r7, sp, #0
 2373              		.cfi_def_cfa_register 7
 2374              		.loc 36 88 1
 2375 0004 00BF     		nop
 2376 0006 BD46     		mov	sp, r7
 2377              		.cfi_def_cfa_register 13
 2378              		@ sp needed
 2379 0008 80BC     		pop	{r7}
 2380              		.cfi_restore 7
 2381              		.cfi_def_cfa_offset 0
 2382 000a 7047     		bx	lr
 2383              		.cfi_endproc
 2384              	.LFE508:
 2385              		.size	tim7_irq_deinit, .-tim7_irq_deinit
 2386              		.section	.text.tim8_tim12_tim13_tim14_irq_init,"ax",%progbits
 2387              		.align	1
 2388              		.syntax unified
 2389              		.thumb
 2390              		.thumb_func
 2391              		.type	tim8_tim12_tim13_tim14_irq_init, %function
 2392              	tim8_tim12_tim13_tim14_irq_init:
 2393              	.LFB509:
 2394              		.file 37 "../../../os/hal/ports/STM32/LLD/TIMv1/stm32_tim8_12_13_14.inc"
ARM GAS  C:\Users\DEVELO~1\AppData\Local\Temp\ccXzcT1U.s 			page 43


 2395              		.loc 37 153 58
 2396              		.cfi_startproc
 2397              		@ args = 0, pretend = 0, frame = 0
 2398              		@ frame_needed = 1, uses_anonymous_args = 0
 2399              		@ link register save eliminated.
 2400 0000 80B4     		push	{r7}
 2401              		.cfi_def_cfa_offset 4
 2402              		.cfi_offset 7, -4
 2403 0002 00AF     		add	r7, sp, #0
 2404              		.cfi_def_cfa_register 7
 2405              		.loc 37 170 1
 2406 0004 00BF     		nop
 2407 0006 BD46     		mov	sp, r7
 2408              		.cfi_def_cfa_register 13
 2409              		@ sp needed
 2410 0008 80BC     		pop	{r7}
 2411              		.cfi_restore 7
 2412              		.cfi_def_cfa_offset 0
 2413 000a 7047     		bx	lr
 2414              		.cfi_endproc
 2415              	.LFE509:
 2416              		.size	tim8_tim12_tim13_tim14_irq_init, .-tim8_tim12_tim13_tim14_irq_init
 2417              		.section	.text.tim8_tim12_tim13_tim14_irq_deinit,"ax",%progbits
 2418              		.align	1
 2419              		.syntax unified
 2420              		.thumb
 2421              		.thumb_func
 2422              		.type	tim8_tim12_tim13_tim14_irq_deinit, %function
 2423              	tim8_tim12_tim13_tim14_irq_deinit:
 2424              	.LFB510:
 2425              		.loc 37 172 60
 2426              		.cfi_startproc
 2427              		@ args = 0, pretend = 0, frame = 0
 2428              		@ frame_needed = 1, uses_anonymous_args = 0
 2429              		@ link register save eliminated.
 2430 0000 80B4     		push	{r7}
 2431              		.cfi_def_cfa_offset 4
 2432              		.cfi_offset 7, -4
 2433 0002 00AF     		add	r7, sp, #0
 2434              		.cfi_def_cfa_register 7
 2435              		.loc 37 185 1
 2436 0004 00BF     		nop
 2437 0006 BD46     		mov	sp, r7
 2438              		.cfi_def_cfa_register 13
 2439              		@ sp needed
 2440 0008 80BC     		pop	{r7}
 2441              		.cfi_restore 7
 2442              		.cfi_def_cfa_offset 0
 2443 000a 7047     		bx	lr
 2444              		.cfi_endproc
 2445              	.LFE510:
 2446              		.size	tim8_tim12_tim13_tim14_irq_deinit, .-tim8_tim12_tim13_tim14_irq_deinit
 2447              		.section	.text.tim15_irq_init,"ax",%progbits
 2448              		.align	1
 2449              		.syntax unified
 2450              		.thumb
 2451              		.thumb_func
ARM GAS  C:\Users\DEVELO~1\AppData\Local\Temp\ccXzcT1U.s 			page 44


 2452              		.type	tim15_irq_init, %function
 2453              	tim15_irq_init:
 2454              	.LFB511:
 2455              		.file 38 "../../../os/hal/ports/STM32/LLD/TIMv1/stm32_tim15.inc"
 2456              		.loc 38 78 41
 2457              		.cfi_startproc
 2458              		@ args = 0, pretend = 0, frame = 0
 2459              		@ frame_needed = 1, uses_anonymous_args = 0
 2460              		@ link register save eliminated.
 2461 0000 80B4     		push	{r7}
 2462              		.cfi_def_cfa_offset 4
 2463              		.cfi_offset 7, -4
 2464 0002 00AF     		add	r7, sp, #0
 2465              		.cfi_def_cfa_register 7
 2466              		.loc 38 82 1
 2467 0004 00BF     		nop
 2468 0006 BD46     		mov	sp, r7
 2469              		.cfi_def_cfa_register 13
 2470              		@ sp needed
 2471 0008 80BC     		pop	{r7}
 2472              		.cfi_restore 7
 2473              		.cfi_def_cfa_offset 0
 2474 000a 7047     		bx	lr
 2475              		.cfi_endproc
 2476              	.LFE511:
 2477              		.size	tim15_irq_init, .-tim15_irq_init
 2478              		.section	.text.tim15_irq_deinit,"ax",%progbits
 2479              		.align	1
 2480              		.syntax unified
 2481              		.thumb
 2482              		.thumb_func
 2483              		.type	tim15_irq_deinit, %function
 2484              	tim15_irq_deinit:
 2485              	.LFB512:
 2486              		.loc 38 84 43
 2487              		.cfi_startproc
 2488              		@ args = 0, pretend = 0, frame = 0
 2489              		@ frame_needed = 1, uses_anonymous_args = 0
 2490              		@ link register save eliminated.
 2491 0000 80B4     		push	{r7}
 2492              		.cfi_def_cfa_offset 4
 2493              		.cfi_offset 7, -4
 2494 0002 00AF     		add	r7, sp, #0
 2495              		.cfi_def_cfa_register 7
 2496              		.loc 38 88 1
 2497 0004 00BF     		nop
 2498 0006 BD46     		mov	sp, r7
 2499              		.cfi_def_cfa_register 13
 2500              		@ sp needed
 2501 0008 80BC     		pop	{r7}
 2502              		.cfi_restore 7
 2503              		.cfi_def_cfa_offset 0
 2504 000a 7047     		bx	lr
 2505              		.cfi_endproc
 2506              	.LFE512:
 2507              		.size	tim15_irq_deinit, .-tim15_irq_deinit
 2508              		.section	.text.tim16_irq_init,"ax",%progbits
ARM GAS  C:\Users\DEVELO~1\AppData\Local\Temp\ccXzcT1U.s 			page 45


 2509              		.align	1
 2510              		.syntax unified
 2511              		.thumb
 2512              		.thumb_func
 2513              		.type	tim16_irq_init, %function
 2514              	tim16_irq_init:
 2515              	.LFB513:
 2516              		.file 39 "../../../os/hal/ports/STM32/LLD/TIMv1/stm32_tim16.inc"
 2517              		.loc 39 78 41
 2518              		.cfi_startproc
 2519              		@ args = 0, pretend = 0, frame = 0
 2520              		@ frame_needed = 1, uses_anonymous_args = 0
 2521              		@ link register save eliminated.
 2522 0000 80B4     		push	{r7}
 2523              		.cfi_def_cfa_offset 4
 2524              		.cfi_offset 7, -4
 2525 0002 00AF     		add	r7, sp, #0
 2526              		.cfi_def_cfa_register 7
 2527              		.loc 39 82 1
 2528 0004 00BF     		nop
 2529 0006 BD46     		mov	sp, r7
 2530              		.cfi_def_cfa_register 13
 2531              		@ sp needed
 2532 0008 80BC     		pop	{r7}
 2533              		.cfi_restore 7
 2534              		.cfi_def_cfa_offset 0
 2535 000a 7047     		bx	lr
 2536              		.cfi_endproc
 2537              	.LFE513:
 2538              		.size	tim16_irq_init, .-tim16_irq_init
 2539              		.section	.text.tim16_irq_deinit,"ax",%progbits
 2540              		.align	1
 2541              		.syntax unified
 2542              		.thumb
 2543              		.thumb_func
 2544              		.type	tim16_irq_deinit, %function
 2545              	tim16_irq_deinit:
 2546              	.LFB514:
 2547              		.loc 39 84 43
 2548              		.cfi_startproc
 2549              		@ args = 0, pretend = 0, frame = 0
 2550              		@ frame_needed = 1, uses_anonymous_args = 0
 2551              		@ link register save eliminated.
 2552 0000 80B4     		push	{r7}
 2553              		.cfi_def_cfa_offset 4
 2554              		.cfi_offset 7, -4
 2555 0002 00AF     		add	r7, sp, #0
 2556              		.cfi_def_cfa_register 7
 2557              		.loc 39 88 1
 2558 0004 00BF     		nop
 2559 0006 BD46     		mov	sp, r7
 2560              		.cfi_def_cfa_register 13
 2561              		@ sp needed
 2562 0008 80BC     		pop	{r7}
 2563              		.cfi_restore 7
 2564              		.cfi_def_cfa_offset 0
 2565 000a 7047     		bx	lr
ARM GAS  C:\Users\DEVELO~1\AppData\Local\Temp\ccXzcT1U.s 			page 46


 2566              		.cfi_endproc
 2567              	.LFE514:
 2568              		.size	tim16_irq_deinit, .-tim16_irq_deinit
 2569              		.section	.text.tim17_irq_init,"ax",%progbits
 2570              		.align	1
 2571              		.syntax unified
 2572              		.thumb
 2573              		.thumb_func
 2574              		.type	tim17_irq_init, %function
 2575              	tim17_irq_init:
 2576              	.LFB515:
 2577              		.file 40 "../../../os/hal/ports/STM32/LLD/TIMv1/stm32_tim17.inc"
 2578              		.loc 40 78 41
 2579              		.cfi_startproc
 2580              		@ args = 0, pretend = 0, frame = 0
 2581              		@ frame_needed = 1, uses_anonymous_args = 0
 2582              		@ link register save eliminated.
 2583 0000 80B4     		push	{r7}
 2584              		.cfi_def_cfa_offset 4
 2585              		.cfi_offset 7, -4
 2586 0002 00AF     		add	r7, sp, #0
 2587              		.cfi_def_cfa_register 7
 2588              		.loc 40 82 1
 2589 0004 00BF     		nop
 2590 0006 BD46     		mov	sp, r7
 2591              		.cfi_def_cfa_register 13
 2592              		@ sp needed
 2593 0008 80BC     		pop	{r7}
 2594              		.cfi_restore 7
 2595              		.cfi_def_cfa_offset 0
 2596 000a 7047     		bx	lr
 2597              		.cfi_endproc
 2598              	.LFE515:
 2599              		.size	tim17_irq_init, .-tim17_irq_init
 2600              		.section	.text.tim17_irq_deinit,"ax",%progbits
 2601              		.align	1
 2602              		.syntax unified
 2603              		.thumb
 2604              		.thumb_func
 2605              		.type	tim17_irq_deinit, %function
 2606              	tim17_irq_deinit:
 2607              	.LFB516:
 2608              		.loc 40 84 43
 2609              		.cfi_startproc
 2610              		@ args = 0, pretend = 0, frame = 0
 2611              		@ frame_needed = 1, uses_anonymous_args = 0
 2612              		@ link register save eliminated.
 2613 0000 80B4     		push	{r7}
 2614              		.cfi_def_cfa_offset 4
 2615              		.cfi_offset 7, -4
 2616 0002 00AF     		add	r7, sp, #0
 2617              		.cfi_def_cfa_register 7
 2618              		.loc 40 88 1
 2619 0004 00BF     		nop
 2620 0006 BD46     		mov	sp, r7
 2621              		.cfi_def_cfa_register 13
 2622              		@ sp needed
ARM GAS  C:\Users\DEVELO~1\AppData\Local\Temp\ccXzcT1U.s 			page 47


 2623 0008 80BC     		pop	{r7}
 2624              		.cfi_restore 7
 2625              		.cfi_def_cfa_offset 0
 2626 000a 7047     		bx	lr
 2627              		.cfi_endproc
 2628              	.LFE516:
 2629              		.size	tim17_irq_deinit, .-tim17_irq_deinit
 2630              		.section	.text.irqInit,"ax",%progbits
 2631              		.align	1
 2632              		.global	irqInit
 2633              		.syntax unified
 2634              		.thumb
 2635              		.thumb_func
 2636              		.type	irqInit, %function
 2637              	irqInit:
 2638              	.LFB517:
 2639              		.file 41 "../../../os/hal/ports/STM32/STM32H7xx/stm32_isr.c"
 2640              		.loc 41 114 20
 2641              		.cfi_startproc
 2642              		@ args = 0, pretend = 0, frame = 0
 2643              		@ frame_needed = 1, uses_anonymous_args = 0
 2644 0000 80B5     		push	{r7, lr}
 2645              		.cfi_def_cfa_offset 8
 2646              		.cfi_offset 7, -8
 2647              		.cfi_offset 14, -4
 2648 0002 00AF     		add	r7, sp, #0
 2649              		.cfi_def_cfa_register 7
 2650              		.loc 41 116 3
 2651 0004 FFF7FEFF 		bl	exti0_irq_init
 2652              		.loc 41 117 3
 2653 0008 FFF7FEFF 		bl	exti1_irq_init
 2654              		.loc 41 118 3
 2655 000c FFF7FEFF 		bl	exti2_irq_init
 2656              		.loc 41 119 3
 2657 0010 FFF7FEFF 		bl	exti3_irq_init
 2658              		.loc 41 120 3
 2659 0014 FFF7FEFF 		bl	exti4_irq_init
 2660              		.loc 41 121 3
 2661 0018 FFF7FEFF 		bl	exti5_9_irq_init
 2662              		.loc 41 122 3
 2663 001c FFF7FEFF 		bl	exti10_15_irq_init
 2664              		.loc 41 123 3
 2665 0020 FFF7FEFF 		bl	exti16_irq_init
 2666              		.loc 41 124 3
 2667 0024 FFF7FEFF 		bl	exti17_irq_init
 2668              		.loc 41 125 3
 2669 0028 FFF7FEFF 		bl	exti18_irq_init
 2670              		.loc 41 126 3
 2671 002c FFF7FEFF 		bl	exti19_irq_init
 2672              		.loc 41 127 3
 2673 0030 FFF7FEFF 		bl	exti20_exti21_irq_init
 2674              		.loc 41 129 3
 2675 0034 FFF7FEFF 		bl	fdcan1_irq_init
 2676              		.loc 41 130 3
 2677 0038 FFF7FEFF 		bl	fdcan2_irq_init
 2678              		.loc 41 131 3
 2679 003c FFF7FEFF 		bl	fdcan3_irq_init
ARM GAS  C:\Users\DEVELO~1\AppData\Local\Temp\ccXzcT1U.s 			page 48


 2680              		.loc 41 133 3
 2681 0040 0921     		movs	r1, #9
 2682 0042 7A20     		movs	r0, #122
 2683 0044 FFF7FEFF 		bl	nvicEnableVector
 2684              		.loc 41 136 3
 2685 0048 FFF7FEFF 		bl	quadspi1_irq_init
 2686              		.loc 41 142 3
 2687 004c FFF7FEFF 		bl	sdmmc1_irq_init
 2688              		.loc 41 143 3
 2689 0050 FFF7FEFF 		bl	sdmmc2_irq_init
 2690              		.loc 41 145 3
 2691 0054 FFF7FEFF 		bl	tim1_irq_init
 2692              		.loc 41 146 3
 2693 0058 FFF7FEFF 		bl	tim2_irq_init
 2694              		.loc 41 147 3
 2695 005c FFF7FEFF 		bl	tim3_irq_init
 2696              		.loc 41 148 3
 2697 0060 FFF7FEFF 		bl	tim4_irq_init
 2698              		.loc 41 149 3
 2699 0064 FFF7FEFF 		bl	tim5_irq_init
 2700              		.loc 41 150 3
 2701 0068 FFF7FEFF 		bl	tim6_irq_init
 2702              		.loc 41 151 3
 2703 006c FFF7FEFF 		bl	tim7_irq_init
 2704              		.loc 41 152 3
 2705 0070 FFF7FEFF 		bl	tim8_tim12_tim13_tim14_irq_init
 2706              		.loc 41 153 3
 2707 0074 FFF7FEFF 		bl	tim15_irq_init
 2708              		.loc 41 154 3
 2709 0078 FFF7FEFF 		bl	tim16_irq_init
 2710              		.loc 41 155 3
 2711 007c FFF7FEFF 		bl	tim17_irq_init
 2712              		.loc 41 157 3
 2713 0080 FFF7FEFF 		bl	usart1_irq_init
 2714              		.loc 41 158 3
 2715 0084 FFF7FEFF 		bl	usart2_irq_init
 2716              		.loc 41 159 3
 2717 0088 FFF7FEFF 		bl	usart3_irq_init
 2718              		.loc 41 160 3
 2719 008c FFF7FEFF 		bl	uart4_irq_init
 2720              		.loc 41 161 3
 2721 0090 FFF7FEFF 		bl	uart5_irq_init
 2722              		.loc 41 162 3
 2723 0094 FFF7FEFF 		bl	usart6_irq_init
 2724              		.loc 41 163 3
 2725 0098 FFF7FEFF 		bl	uart7_irq_init
 2726              		.loc 41 164 3
 2727 009c FFF7FEFF 		bl	uart8_irq_init
 2728              		.loc 41 165 3
 2729 00a0 FFF7FEFF 		bl	uart9_irq_init
 2730              		.loc 41 166 3
 2731 00a4 FFF7FEFF 		bl	usart10_irq_init
 2732              		.loc 41 167 3
 2733 00a8 FFF7FEFF 		bl	lpuart1_irq_init
 2734              		.loc 41 168 1
 2735 00ac 00BF     		nop
 2736 00ae 80BD     		pop	{r7, pc}
ARM GAS  C:\Users\DEVELO~1\AppData\Local\Temp\ccXzcT1U.s 			page 49


 2737              		.cfi_endproc
 2738              	.LFE517:
 2739              		.size	irqInit, .-irqInit
 2740              		.section	.text.irqDeinit,"ax",%progbits
 2741              		.align	1
 2742              		.global	irqDeinit
 2743              		.syntax unified
 2744              		.thumb
 2745              		.thumb_func
 2746              		.type	irqDeinit, %function
 2747              	irqDeinit:
 2748              	.LFB518:
 2749              		.loc 41 175 22
 2750              		.cfi_startproc
 2751              		@ args = 0, pretend = 0, frame = 0
 2752              		@ frame_needed = 1, uses_anonymous_args = 0
 2753 0000 80B5     		push	{r7, lr}
 2754              		.cfi_def_cfa_offset 8
 2755              		.cfi_offset 7, -8
 2756              		.cfi_offset 14, -4
 2757 0002 00AF     		add	r7, sp, #0
 2758              		.cfi_def_cfa_register 7
 2759              		.loc 41 177 3
 2760 0004 FFF7FEFF 		bl	exti0_irq_deinit
 2761              		.loc 41 178 3
 2762 0008 FFF7FEFF 		bl	exti1_irq_deinit
 2763              		.loc 41 179 3
 2764 000c FFF7FEFF 		bl	exti2_irq_deinit
 2765              		.loc 41 180 3
 2766 0010 FFF7FEFF 		bl	exti3_irq_deinit
 2767              		.loc 41 181 3
 2768 0014 FFF7FEFF 		bl	exti4_irq_deinit
 2769              		.loc 41 182 3
 2770 0018 FFF7FEFF 		bl	exti5_9_irq_deinit
 2771              		.loc 41 183 3
 2772 001c FFF7FEFF 		bl	exti10_15_irq_deinit
 2773              		.loc 41 184 3
 2774 0020 FFF7FEFF 		bl	exti16_irq_deinit
 2775              		.loc 41 185 3
 2776 0024 FFF7FEFF 		bl	exti17_irq_deinit
 2777              		.loc 41 186 3
 2778 0028 FFF7FEFF 		bl	exti18_irq_deinit
 2779              		.loc 41 187 3
 2780 002c FFF7FEFF 		bl	exti19_irq_deinit
 2781              		.loc 41 188 3
 2782 0030 FFF7FEFF 		bl	exti20_exti21_irq_deinit
 2783              		.loc 41 190 3
 2784 0034 FFF7FEFF 		bl	fdcan1_irq_deinit
 2785              		.loc 41 191 3
 2786 0038 FFF7FEFF 		bl	fdcan2_irq_deinit
 2787              		.loc 41 192 3
 2788 003c FFF7FEFF 		bl	fdcan3_irq_deinit
 2789              		.loc 41 194 3
 2790 0040 7A20     		movs	r0, #122
 2791 0042 FFF7FEFF 		bl	nvicDisableVector
 2792              		.loc 41 197 3
 2793 0046 FFF7FEFF 		bl	quadspi1_irq_deinit
ARM GAS  C:\Users\DEVELO~1\AppData\Local\Temp\ccXzcT1U.s 			page 50


 2794              		.loc 41 203 3
 2795 004a FFF7FEFF 		bl	sdmmc1_irq_deinit
 2796              		.loc 41 204 3
 2797 004e FFF7FEFF 		bl	sdmmc2_irq_deinit
 2798              		.loc 41 206 3
 2799 0052 FFF7FEFF 		bl	tim1_irq_deinit
 2800              		.loc 41 207 3
 2801 0056 FFF7FEFF 		bl	tim2_irq_deinit
 2802              		.loc 41 208 3
 2803 005a FFF7FEFF 		bl	tim3_irq_deinit
 2804              		.loc 41 209 3
 2805 005e FFF7FEFF 		bl	tim4_irq_deinit
 2806              		.loc 41 210 3
 2807 0062 FFF7FEFF 		bl	tim5_irq_deinit
 2808              		.loc 41 211 3
 2809 0066 FFF7FEFF 		bl	tim6_irq_deinit
 2810              		.loc 41 212 3
 2811 006a FFF7FEFF 		bl	tim7_irq_deinit
 2812              		.loc 41 213 3
 2813 006e FFF7FEFF 		bl	tim8_tim12_tim13_tim14_irq_deinit
 2814              		.loc 41 214 3
 2815 0072 FFF7FEFF 		bl	tim15_irq_deinit
 2816              		.loc 41 215 3
 2817 0076 FFF7FEFF 		bl	tim16_irq_deinit
 2818              		.loc 41 216 3
 2819 007a FFF7FEFF 		bl	tim17_irq_deinit
 2820              		.loc 41 218 3
 2821 007e FFF7FEFF 		bl	usart1_irq_deinit
 2822              		.loc 41 219 3
 2823 0082 FFF7FEFF 		bl	usart2_irq_deinit
 2824              		.loc 41 220 3
 2825 0086 FFF7FEFF 		bl	usart3_irq_deinit
 2826              		.loc 41 221 3
 2827 008a FFF7FEFF 		bl	uart4_irq_deinit
 2828              		.loc 41 222 3
 2829 008e FFF7FEFF 		bl	uart5_irq_deinit
 2830              		.loc 41 223 3
 2831 0092 FFF7FEFF 		bl	usart6_irq_deinit
 2832              		.loc 41 224 3
 2833 0096 FFF7FEFF 		bl	uart7_irq_deinit
 2834              		.loc 41 225 3
 2835 009a FFF7FEFF 		bl	uart8_irq_deinit
 2836              		.loc 41 226 3
 2837 009e FFF7FEFF 		bl	uart9_irq_deinit
 2838              		.loc 41 227 3
 2839 00a2 FFF7FEFF 		bl	usart10_irq_deinit
 2840              		.loc 41 228 3
 2841 00a6 FFF7FEFF 		bl	lpuart1_irq_deinit
 2842              		.loc 41 229 1
 2843 00aa 00BF     		nop
 2844 00ac 80BD     		pop	{r7, pc}
 2845              		.cfi_endproc
 2846              	.LFE518:
 2847              		.size	irqDeinit, .-irqDeinit
 2848              		.section	.rodata.__func__.4,"a"
 2849              		.align	2
 2850              		.type	__func__.4, %object
ARM GAS  C:\Users\DEVELO~1\AppData\Local\Temp\ccXzcT1U.s 			page 51


 2851              		.size	__func__.4, 9
 2852              	__func__.4:
 2853 0000 56656374 		.ascii	"VectorD4\000"
 2853      6F724434 
 2853      00
 2854              		.section	.rodata.__func__.3,"a"
 2855              		.align	2
 2856              		.type	__func__.3, %object
 2857              		.size	__func__.3, 10
 2858              	__func__.3:
 2859 0000 56656374 		.ascii	"Vector114\000"
 2859      6F723131 
 2859      3400
 2860              		.section	.rodata.__func__.2,"a"
 2861              		.align	2
 2862              		.type	__func__.2, %object
 2863              		.size	__func__.2, 10
 2864              	__func__.2:
 2865 0000 56656374 		.ascii	"Vector15C\000"
 2865      6F723135 
 2865      4300
 2866              		.section	.rodata.__func__.1,"a"
 2867              		.align	2
 2868              		.type	__func__.1, %object
 2869              		.size	__func__.1, 9
 2870              	__func__.1:
 2871 0000 56656374 		.ascii	"VectorB0\000"
 2871      6F724230 
 2871      00
 2872              		.section	.rodata.__func__.0,"a"
 2873              		.align	2
 2874              		.type	__func__.0, %object
 2875              		.size	__func__.0, 9
 2876              	__func__.0:
 2877 0000 56656374 		.ascii	"VectorB8\000"
 2877      6F724238 
 2877      00
 2878              		.text
 2879              	.Letext0:
 2880              		.file 42 "c:\\chibistudio\\tools\\gnu tools arm embedded\\11.3 2022.08\\lib\\gcc\\arm-none-eabi\\1
 2881              		.file 43 "c:\\chibistudio\\tools\\gnu tools arm embedded\\11.3 2022.08\\arm-none-eabi\\include\\ma
 2882              		.file 44 "c:\\chibistudio\\tools\\gnu tools arm embedded\\11.3 2022.08\\arm-none-eabi\\include\\sy
 2883              		.file 45 "../../../os/common/ports/ARM-common/chtypes.h"
 2884              		.file 46 "../../../os/rt/include/chearly.h"
 2885              		.file 47 "../../../os/rt/include/chobjects.h"
 2886              		.file 48 "../../../os/rt/include/chrfcu.h"
 2887              		.file 49 "../../../os/rt/include/chdebug.h"
 2888              		.file 50 "../../../os/rt/include/chtime.h"
 2889              		.file 51 "../../../os/rt/include/chlists.h"
 2890              		.file 52 "../../../os/rt/include/chtrace.h"
 2891              		.file 53 "../../../os/common/ext/ST/STM32H7xx/stm32h743xx.h"
 2892              		.file 54 "../../../os/common/ports/ARMv7-M/chcore.h"
 2893              		.file 55 "../../../os/rt/include/chsem.h"
 2894              		.file 56 "../../../os/rt/include/chmtx.h"
 2895              		.file 57 "../../../os/rt/include/chevents.h"
 2896              		.file 58 "../../../os/hal/ports/STM32/LLD/TIMv1/stm32_tim.h"
 2897              		.file 59 "../../../os/hal/include/hal_queues.h"
ARM GAS  C:\Users\DEVELO~1\AppData\Local\Temp\ccXzcT1U.s 			page 52


 2898              		.file 60 "../../../os/hal/include/hal_gpt.h"
 2899              		.file 61 "../../../os/hal/ports/STM32/LLD/TIMv1/hal_gpt_lld.h"
 2900              		.file 62 "../../../os/hal/include/hal_serial.h"
 2901              		.file 63 "../../../os/hal/ports/STM32/LLD/USARTv3/hal_serial_lld.h"
 2902              		.file 64 "../../../os/hal/ports/common/ARMCMx/nvic.h"
 2903              		.file 65 "../../../os/hal/ports/STM32/LLD/SYSTICKv1/hal_st_lld.h"
 2904              		.section	.debug_info,"",%progbits
 2905              	.Ldebug_info0:
 2906 0000 EB160000 		.4byte	0x16eb
 2907 0004 0500     		.2byte	0x5
 2908 0006 01       		.byte	0x1
 2909 0007 04       		.byte	0x4
 2910 0008 00000000 		.4byte	.Ldebug_abbrev0
 2911 000c 24       		.uleb128 0x24
 2912 000d A2050000 		.4byte	.LASF290
 2913 0011 1D       		.byte	0x1d
 2914 0012 F0030000 		.4byte	.LASF291
 2915 0016 05050000 		.4byte	.LASF292
 2916 001a 0C000000 		.4byte	.LLRL0
 2917 001e 00000000 		.4byte	0
 2918 0022 00000000 		.4byte	.Ldebug_line0
 2919 0026 25       		.uleb128 0x25
 2920 0027 04       		.byte	0x4
 2921 0028 05       		.byte	0x5
 2922 0029 696E7400 		.ascii	"int\000"
 2923 002d 03       		.uleb128 0x3
 2924 002e 94050000 		.4byte	.LASF4
 2925 0032 2A       		.byte	0x2a
 2926 0033 D1       		.byte	0xd1
 2927 0034 17       		.byte	0x17
 2928 0035 3E000000 		.4byte	0x3e
 2929 0039 10       		.uleb128 0x10
 2930 003a 2D000000 		.4byte	0x2d
 2931 003e 0A       		.uleb128 0xa
 2932 003f 04       		.byte	0x4
 2933 0040 07       		.byte	0x7
 2934 0041 20010000 		.4byte	.LASF0
 2935 0045 0A       		.uleb128 0xa
 2936 0046 08       		.byte	0x8
 2937 0047 05       		.byte	0x5
 2938 0048 6B060000 		.4byte	.LASF1
 2939 004c 0A       		.uleb128 0xa
 2940 004d 08       		.byte	0x8
 2941 004e 04       		.byte	0x4
 2942 004f 630A0000 		.4byte	.LASF2
 2943 0053 0A       		.uleb128 0xa
 2944 0054 01       		.byte	0x1
 2945 0055 06       		.byte	0x6
 2946 0056 DF0D0000 		.4byte	.LASF3
 2947 005a 03       		.uleb128 0x3
 2948 005b BC0B0000 		.4byte	.LASF5
 2949 005f 2B       		.byte	0x2b
 2950 0060 2B       		.byte	0x2b
 2951 0061 18       		.byte	0x18
 2952 0062 66000000 		.4byte	0x66
 2953 0066 0A       		.uleb128 0xa
 2954 0067 01       		.byte	0x1
ARM GAS  C:\Users\DEVELO~1\AppData\Local\Temp\ccXzcT1U.s 			page 53


 2955 0068 08       		.byte	0x8
 2956 0069 0A0D0000 		.4byte	.LASF6
 2957 006d 0A       		.uleb128 0xa
 2958 006e 02       		.byte	0x2
 2959 006f 05       		.byte	0x5
 2960 0070 1F0B0000 		.4byte	.LASF7
 2961 0074 03       		.uleb128 0x3
 2962 0075 7F040000 		.4byte	.LASF8
 2963 0079 2B       		.byte	0x2b
 2964 007a 39       		.byte	0x39
 2965 007b 19       		.byte	0x19
 2966 007c 80000000 		.4byte	0x80
 2967 0080 0A       		.uleb128 0xa
 2968 0081 02       		.byte	0x2
 2969 0082 07       		.byte	0x7
 2970 0083 500A0000 		.4byte	.LASF9
 2971 0087 03       		.uleb128 0x3
 2972 0088 7B010000 		.4byte	.LASF10
 2973 008c 2B       		.byte	0x2b
 2974 008d 4D       		.byte	0x4d
 2975 008e 18       		.byte	0x18
 2976 008f 93000000 		.4byte	0x93
 2977 0093 0A       		.uleb128 0xa
 2978 0094 04       		.byte	0x4
 2979 0095 05       		.byte	0x5
 2980 0096 12000000 		.4byte	.LASF11
 2981 009a 03       		.uleb128 0x3
 2982 009b 290D0000 		.4byte	.LASF12
 2983 009f 2B       		.byte	0x2b
 2984 00a0 4F       		.byte	0x4f
 2985 00a1 19       		.byte	0x19
 2986 00a2 A6000000 		.4byte	0xa6
 2987 00a6 0A       		.uleb128 0xa
 2988 00a7 04       		.byte	0x4
 2989 00a8 07       		.byte	0x7
 2990 00a9 A2090000 		.4byte	.LASF13
 2991 00ad 03       		.uleb128 0x3
 2992 00ae 07090000 		.4byte	.LASF14
 2993 00b2 2B       		.byte	0x2b
 2994 00b3 69       		.byte	0x69
 2995 00b4 19       		.byte	0x19
 2996 00b5 B9000000 		.4byte	0xb9
 2997 00b9 0A       		.uleb128 0xa
 2998 00ba 08       		.byte	0x8
 2999 00bb 07       		.byte	0x7
 3000 00bc D9030000 		.4byte	.LASF15
 3001 00c0 03       		.uleb128 0x3
 3002 00c1 2C080000 		.4byte	.LASF16
 3003 00c5 2C       		.byte	0x2c
 3004 00c6 18       		.byte	0x18
 3005 00c7 13       		.byte	0x13
 3006 00c8 5A000000 		.4byte	0x5a
 3007 00cc 0E       		.uleb128 0xe
 3008 00cd C0000000 		.4byte	0xc0
 3009 00d1 03       		.uleb128 0x3
 3010 00d2 7F0A0000 		.4byte	.LASF17
 3011 00d6 2C       		.byte	0x2c
ARM GAS  C:\Users\DEVELO~1\AppData\Local\Temp\ccXzcT1U.s 			page 54


 3012 00d7 24       		.byte	0x24
 3013 00d8 14       		.byte	0x14
 3014 00d9 74000000 		.4byte	0x74
 3015 00dd 03       		.uleb128 0x3
 3016 00de 730C0000 		.4byte	.LASF18
 3017 00e2 2C       		.byte	0x2c
 3018 00e3 2C       		.byte	0x2c
 3019 00e4 13       		.byte	0x13
 3020 00e5 87000000 		.4byte	0x87
 3021 00e9 03       		.uleb128 0x3
 3022 00ea 8D0E0000 		.4byte	.LASF19
 3023 00ee 2C       		.byte	0x2c
 3024 00ef 30       		.byte	0x30
 3025 00f0 14       		.byte	0x14
 3026 00f1 9A000000 		.4byte	0x9a
 3027 00f5 10       		.uleb128 0x10
 3028 00f6 E9000000 		.4byte	0xe9
 3029 00fa 03       		.uleb128 0x3
 3030 00fb A20B0000 		.4byte	.LASF20
 3031 00ff 2C       		.byte	0x2c
 3032 0100 3C       		.byte	0x3c
 3033 0101 14       		.byte	0x14
 3034 0102 AD000000 		.4byte	0xad
 3035 0106 10       		.uleb128 0x10
 3036 0107 FA000000 		.4byte	0xfa
 3037 010b 03       		.uleb128 0x3
 3038 010c 4D0B0000 		.4byte	.LASF21
 3039 0110 2D       		.byte	0x2d
 3040 0111 48       		.byte	0x48
 3041 0112 1D       		.byte	0x1d
 3042 0113 FA000000 		.4byte	0xfa
 3043 0117 03       		.uleb128 0x3
 3044 0118 1B0E0000 		.4byte	.LASF22
 3045 011c 2E       		.byte	0x2e
 3046 011d 50       		.byte	0x50
 3047 011e 19       		.byte	0x19
 3048 011f 0B010000 		.4byte	0x10b
 3049 0123 03       		.uleb128 0x3
 3050 0124 2D0A0000 		.4byte	.LASF23
 3051 0128 2E       		.byte	0x2e
 3052 0129 53       		.byte	0x53
 3053 012a 19       		.byte	0x19
 3054 012b C0000000 		.4byte	0xc0
 3055 012f 03       		.uleb128 0x3
 3056 0130 AB070000 		.4byte	.LASF24
 3057 0134 2E       		.byte	0x2e
 3058 0135 54       		.byte	0x54
 3059 0136 19       		.byte	0x19
 3060 0137 C0000000 		.4byte	0xc0
 3061 013b 03       		.uleb128 0x3
 3062 013c 170C0000 		.4byte	.LASF25
 3063 0140 2E       		.byte	0x2e
 3064 0141 55       		.byte	0x55
 3065 0142 19       		.byte	0x19
 3066 0143 C0000000 		.4byte	0xc0
 3067 0147 03       		.uleb128 0x3
 3068 0148 7F030000 		.4byte	.LASF26
ARM GAS  C:\Users\DEVELO~1\AppData\Local\Temp\ccXzcT1U.s 			page 55


 3069 014c 2E       		.byte	0x2e
 3070 014d 57       		.byte	0x57
 3071 014e 19       		.byte	0x19
 3072 014f E9000000 		.4byte	0xe9
 3073 0153 03       		.uleb128 0x3
 3074 0154 EF080000 		.4byte	.LASF27
 3075 0158 2E       		.byte	0x2e
 3076 0159 58       		.byte	0x58
 3077 015a 19       		.byte	0x19
 3078 015b DD000000 		.4byte	0xdd
 3079 015f 03       		.uleb128 0x3
 3080 0160 E3080000 		.4byte	.LASF28
 3081 0164 2E       		.byte	0x2e
 3082 0165 5A       		.byte	0x5a
 3083 0166 19       		.byte	0x19
 3084 0167 E9000000 		.4byte	0xe9
 3085 016b 03       		.uleb128 0x3
 3086 016c EB090000 		.4byte	.LASF29
 3087 0170 2E       		.byte	0x2e
 3088 0171 5B       		.byte	0x5b
 3089 0172 19       		.byte	0x19
 3090 0173 E9000000 		.4byte	0xe9
 3091 0177 03       		.uleb128 0x3
 3092 0178 8A040000 		.4byte	.LASF30
 3093 017c 2E       		.byte	0x2e
 3094 017d 5C       		.byte	0x5c
 3095 017e 19       		.byte	0x19
 3096 017f DD000000 		.4byte	0xdd
 3097 0183 03       		.uleb128 0x3
 3098 0184 BB0E0000 		.4byte	.LASF31
 3099 0188 2E       		.byte	0x2e
 3100 0189 80       		.byte	0x80
 3101 018a 12       		.byte	0x12
 3102 018b 3E000000 		.4byte	0x3e
 3103 018f 03       		.uleb128 0x3
 3104 0190 72050000 		.4byte	.LASF32
 3105 0194 2E       		.byte	0x2e
 3106 0195 85       		.byte	0x85
 3107 0196 1A       		.byte	0x1a
 3108 0197 9B010000 		.4byte	0x19b
 3109 019b 08       		.uleb128 0x8
 3110 019c 5D080000 		.4byte	.LASF47
 3111 01a0 48       		.byte	0x48
 3112 01a1 2F       		.byte	0x2f
 3113 01a2 9C       		.byte	0x9c
 3114 01a3 08       		.byte	0x8
 3115 01a4 7E020000 		.4byte	0x27e
 3116 01a8 09       		.uleb128 0x9
 3117 01a9 68647200 		.ascii	"hdr\000"
 3118 01ad 2F       		.byte	0x2f
 3119 01ae AD       		.byte	0xad
 3120 01af 05       		.byte	0x5
 3121 01b0 46080000 		.4byte	0x846
 3122 01b4 00       		.byte	0
 3123 01b5 09       		.uleb128 0x9
 3124 01b6 63747800 		.ascii	"ctx\000"
 3125 01ba 2F       		.byte	0x2f
ARM GAS  C:\Users\DEVELO~1\AppData\Local\Temp\ccXzcT1U.s 			page 56


 3126 01bb B1       		.byte	0xb1
 3127 01bc 21       		.byte	0x21
 3128 01bd 8A070000 		.4byte	0x78a
 3129 01c1 0C       		.byte	0xc
 3130 01c2 02       		.uleb128 0x2
 3131 01c3 D4070000 		.4byte	.LASF33
 3132 01c7 2F       		.byte	0x2f
 3133 01c8 B6       		.byte	0xb6
 3134 01c9 21       		.byte	0x21
 3135 01ca CC030000 		.4byte	0x3cc
 3136 01ce 10       		.byte	0x10
 3137 01cf 02       		.uleb128 0x2
 3138 01d0 C1040000 		.4byte	.LASF34
 3139 01d4 2F       		.byte	0x2f
 3140 01d5 BB       		.byte	0xbb
 3141 01d6 22       		.byte	0x22
 3142 01d7 48090000 		.4byte	0x948
 3143 01db 18       		.byte	0x18
 3144 01dc 02       		.uleb128 0x2
 3145 01dd 3A000000 		.4byte	.LASF35
 3146 01e1 2F       		.byte	0x2f
 3147 01e2 C0       		.byte	0xc0
 3148 01e3 22       		.byte	0x22
 3149 01e4 66030000 		.4byte	0x366
 3150 01e8 1C       		.byte	0x1c
 3151 01e9 02       		.uleb128 0x2
 3152 01ea 8D070000 		.4byte	.LASF36
 3153 01ee 2F       		.byte	0x2f
 3154 01ef C9       		.byte	0xc9
 3155 01f0 22       		.byte	0x22
 3156 01f1 4D090000 		.4byte	0x94d
 3157 01f5 20       		.byte	0x20
 3158 01f6 02       		.uleb128 0x2
 3159 01f7 5F0D0000 		.4byte	.LASF37
 3160 01fb 2F       		.byte	0x2f
 3161 01fc CE       		.byte	0xce
 3162 01fd 21       		.byte	0x21
 3163 01fe 2F010000 		.4byte	0x12f
 3164 0202 24       		.byte	0x24
 3165 0203 02       		.uleb128 0x2
 3166 0204 98000000 		.4byte	.LASF38
 3167 0208 2F       		.byte	0x2f
 3168 0209 D2       		.byte	0xd2
 3169 020a 21       		.byte	0x21
 3170 020b 23010000 		.4byte	0x123
 3171 020f 25       		.byte	0x25
 3172 0210 02       		.uleb128 0x2
 3173 0211 85010000 		.4byte	.LASF39
 3174 0215 2F       		.byte	0x2f
 3175 0216 D7       		.byte	0xd7
 3176 0217 21       		.byte	0x21
 3177 0218 3B010000 		.4byte	0x13b
 3178 021c 26       		.byte	0x26
 3179 021d 06       		.uleb128 0x6
 3180 021e 7500     		.ascii	"u\000"
 3181 0220 2F       		.byte	0x2f
 3182 0221 2801     		.2byte	0x128
ARM GAS  C:\Users\DEVELO~1\AppData\Local\Temp\ccXzcT1U.s 			page 57


 3183 0223 21       		.byte	0x21
 3184 0224 73080000 		.4byte	0x873
 3185 0228 28       		.byte	0x28
 3186 0229 04       		.uleb128 0x4
 3187 022a 340D0000 		.4byte	.LASF40
 3188 022e 2F       		.byte	0x2f
 3189 022f 2D01     		.2byte	0x12d
 3190 0231 21       		.byte	0x21
 3191 0232 A0030000 		.4byte	0x3a0
 3192 0236 2C       		.byte	0x2c
 3193 0237 04       		.uleb128 0x4
 3194 0238 87030000 		.4byte	.LASF41
 3195 023c 2F       		.byte	0x2f
 3196 023d 3301     		.2byte	0x133
 3197 023f 21       		.byte	0x21
 3198 0240 CC030000 		.4byte	0x3cc
 3199 0244 30       		.byte	0x30
 3200 0245 04       		.uleb128 0x4
 3201 0246 17010000 		.4byte	.LASF42
 3202 024a 2F       		.byte	0x2f
 3203 024b 3901     		.2byte	0x139
 3204 024d 21       		.byte	0x21
 3205 024e 5F010000 		.4byte	0x15f
 3206 0252 38       		.byte	0x38
 3207 0253 04       		.uleb128 0x4
 3208 0254 E6040000 		.4byte	.LASF43
 3209 0258 2F       		.byte	0x2f
 3210 0259 4001     		.2byte	0x140
 3211 025b 22       		.byte	0x22
 3212 025c 43090000 		.4byte	0x943
 3213 0260 3C       		.byte	0x3c
 3214 0261 04       		.uleb128 0x4
 3215 0262 BF000000 		.4byte	.LASF44
 3216 0266 2F       		.byte	0x2f
 3217 0267 4401     		.2byte	0x144
 3218 0269 21       		.byte	0x21
 3219 026a 47010000 		.4byte	0x147
 3220 026e 40       		.byte	0x40
 3221 026f 04       		.uleb128 0x4
 3222 0270 CE0E0000 		.4byte	.LASF45
 3223 0274 2F       		.byte	0x2f
 3224 0275 4B01     		.2byte	0x14b
 3225 0277 22       		.byte	0x22
 3226 0278 B9040000 		.4byte	0x4b9
 3227 027c 44       		.byte	0x44
 3228 027d 00       		.byte	0
 3229 027e 03       		.uleb128 0x3
 3230 027f 6E0D0000 		.4byte	.LASF46
 3231 0283 2E       		.byte	0x2e
 3232 0284 8A       		.byte	0x8a
 3233 0285 1F       		.byte	0x1f
 3234 0286 8A020000 		.4byte	0x28a
 3235 028a 26       		.uleb128 0x26
 3236 028b B6060000 		.4byte	.LASF48
 3237 028f 9008     		.2byte	0x890
 3238 0291 2F       		.byte	0x2f
 3239 0292 8A01     		.2byte	0x18a
ARM GAS  C:\Users\DEVELO~1\AppData\Local\Temp\ccXzcT1U.s 			page 58


 3240 0294 08       		.byte	0x8
 3241 0295 18030000 		.4byte	0x318
 3242 0299 04       		.uleb128 0x4
 3243 029a B60B0000 		.4byte	.LASF49
 3244 029e 2F       		.byte	0x2f
 3245 029f 8E01     		.2byte	0x18e
 3246 02a1 21       		.byte	0x21
 3247 02a2 7D090000 		.4byte	0x97d
 3248 02a6 00       		.byte	0
 3249 02a7 04       		.uleb128 0x4
 3250 02a8 CA010000 		.4byte	.LASF50
 3251 02ac 2F       		.byte	0x2f
 3252 02ad 9201     		.2byte	0x192
 3253 02af 21       		.byte	0x21
 3254 02b0 E0070000 		.4byte	0x7e0
 3255 02b4 10       		.byte	0x10
 3256 02b5 04       		.uleb128 0x4
 3257 02b6 950D0000 		.4byte	.LASF51
 3258 02ba 2F       		.byte	0x2f
 3259 02bb 9901     		.2byte	0x199
 3260 02bd 21       		.byte	0x21
 3261 02be 07080000 		.4byte	0x807
 3262 02c2 28       		.byte	0x28
 3263 02c3 04       		.uleb128 0x4
 3264 02c4 4D0D0000 		.4byte	.LASF52
 3265 02c8 2F       		.byte	0x2f
 3266 02c9 9E01     		.2byte	0x19e
 3267 02cb 21       		.byte	0x21
 3268 02cc 83010000 		.4byte	0x183
 3269 02d0 30       		.byte	0x30
 3270 02d1 04       		.uleb128 0x4
 3271 02d2 6D050000 		.4byte	.LASF53
 3272 02d6 2F       		.byte	0x2f
 3273 02d7 A401     		.2byte	0x1a4
 3274 02d9 21       		.byte	0x21
 3275 02da 3F030000 		.4byte	0x33f
 3276 02de 34       		.byte	0x34
 3277 02df 04       		.uleb128 0x4
 3278 02e0 DA0A0000 		.4byte	.LASF54
 3279 02e4 2F       		.byte	0x2f
 3280 02e5 A901     		.2byte	0x1a9
 3281 02e7 22       		.byte	0x22
 3282 02e8 F1090000 		.4byte	0x9f1
 3283 02ec 38       		.byte	0x38
 3284 02ed 04       		.uleb128 0x4
 3285 02ee 450A0000 		.4byte	.LASF55
 3286 02f2 2F       		.byte	0x2f
 3287 02f3 AD01     		.2byte	0x1ad
 3288 02f5 21       		.byte	0x21
 3289 02f6 8F010000 		.4byte	0x18f
 3290 02fa 3C       		.byte	0x3c
 3291 02fb 06       		.uleb128 0x6
 3292 02fc 64626700 		.ascii	"dbg\000"
 3293 0300 2F       		.byte	0x2f
 3294 0301 B101     		.2byte	0x1b1
 3295 0303 21       		.byte	0x21
 3296 0304 7C030000 		.4byte	0x37c
ARM GAS  C:\Users\DEVELO~1\AppData\Local\Temp\ccXzcT1U.s 			page 59


 3297 0308 84       		.byte	0x84
 3298 0309 04       		.uleb128 0x4
 3299 030a 820C0000 		.4byte	.LASF56
 3300 030e 2F       		.byte	0x2f
 3301 030f B601     		.2byte	0x1b6
 3302 0311 21       		.byte	0x21
 3303 0312 0F060000 		.4byte	0x60f
 3304 0316 88       		.byte	0x88
 3305 0317 00       		.byte	0
 3306 0318 03       		.uleb128 0x3
 3307 0319 71070000 		.4byte	.LASF57
 3308 031d 30       		.byte	0x30
 3309 031e 3F       		.byte	0x3f
 3310 031f 12       		.byte	0x12
 3311 0320 E9000000 		.4byte	0xe9
 3312 0324 08       		.uleb128 0x8
 3313 0325 8B060000 		.4byte	.LASF58
 3314 0329 04       		.byte	0x4
 3315 032a 30       		.byte	0x30
 3316 032b 44       		.byte	0x44
 3317 032c 10       		.byte	0x10
 3318 032d 3F030000 		.4byte	0x33f
 3319 0331 02       		.uleb128 0x2
 3320 0332 9D090000 		.4byte	.LASF59
 3321 0336 30       		.byte	0x30
 3322 0337 48       		.byte	0x48
 3323 0338 21       		.byte	0x21
 3324 0339 18030000 		.4byte	0x318
 3325 033d 00       		.byte	0
 3326 033e 00       		.byte	0
 3327 033f 03       		.uleb128 0x3
 3328 0340 7B0C0000 		.4byte	.LASF60
 3329 0344 30       		.byte	0x30
 3330 0345 49       		.byte	0x49
 3331 0346 03       		.byte	0x3
 3332 0347 24030000 		.4byte	0x324
 3333 034b 08       		.uleb128 0x8
 3334 034c B4020000 		.4byte	.LASF61
 3335 0350 04       		.byte	0x4
 3336 0351 31       		.byte	0x31
 3337 0352 3E       		.byte	0x3e
 3338 0353 10       		.byte	0x10
 3339 0354 66030000 		.4byte	0x366
 3340 0358 02       		.uleb128 0x2
 3341 0359 F8090000 		.4byte	.LASF62
 3342 035d 31       		.byte	0x31
 3343 035e 46       		.byte	0x46
 3344 035f 24       		.byte	0x24
 3345 0360 6B030000 		.4byte	0x36b
 3346 0364 00       		.byte	0
 3347 0365 00       		.byte	0
 3348 0366 05       		.uleb128 0x5
 3349 0367 77030000 		.4byte	0x377
 3350 036b 10       		.uleb128 0x10
 3351 036c 66030000 		.4byte	0x366
 3352 0370 0A       		.uleb128 0xa
 3353 0371 01       		.byte	0x1
ARM GAS  C:\Users\DEVELO~1\AppData\Local\Temp\ccXzcT1U.s 			page 60


 3354 0372 08       		.byte	0x8
 3355 0373 5C070000 		.4byte	.LASF63
 3356 0377 0E       		.uleb128 0xe
 3357 0378 70030000 		.4byte	0x370
 3358 037c 03       		.uleb128 0x3
 3359 037d 7B080000 		.4byte	.LASF64
 3360 0381 31       		.byte	0x31
 3361 0382 51       		.byte	0x51
 3362 0383 03       		.byte	0x3
 3363 0384 4B030000 		.4byte	0x34b
 3364 0388 03       		.uleb128 0x3
 3365 0389 9E000000 		.4byte	.LASF65
 3366 038d 32       		.byte	0x32
 3367 038e 6D       		.byte	0x6d
 3368 038f 12       		.byte	0x12
 3369 0390 E9000000 		.4byte	0xe9
 3370 0394 03       		.uleb128 0x3
 3371 0395 D2090000 		.4byte	.LASF66
 3372 0399 32       		.byte	0x32
 3373 039a 79       		.byte	0x79
 3374 039b 12       		.byte	0x12
 3375 039c E9000000 		.4byte	0xe9
 3376 03a0 03       		.uleb128 0x3
 3377 03a1 9F0A0000 		.4byte	.LASF67
 3378 03a5 33       		.byte	0x33
 3379 03a6 32       		.byte	0x32
 3380 03a7 18       		.byte	0x18
 3381 03a8 AC030000 		.4byte	0x3ac
 3382 03ac 08       		.uleb128 0x8
 3383 03ad E1020000 		.4byte	.LASF68
 3384 03b1 04       		.byte	0x4
 3385 03b2 33       		.byte	0x33
 3386 03b3 38       		.byte	0x38
 3387 03b4 08       		.byte	0x8
 3388 03b5 C7030000 		.4byte	0x3c7
 3389 03b9 02       		.uleb128 0x2
 3390 03ba 2D010000 		.4byte	.LASF69
 3391 03be 33       		.byte	0x33
 3392 03bf 39       		.byte	0x39
 3393 03c0 1A       		.byte	0x1a
 3394 03c1 C7030000 		.4byte	0x3c7
 3395 03c5 00       		.byte	0
 3396 03c6 00       		.byte	0
 3397 03c7 05       		.uleb128 0x5
 3398 03c8 A0030000 		.4byte	0x3a0
 3399 03cc 03       		.uleb128 0x3
 3400 03cd E0090000 		.4byte	.LASF70
 3401 03d1 33       		.byte	0x33
 3402 03d2 3F       		.byte	0x3f
 3403 03d3 19       		.byte	0x19
 3404 03d4 D8030000 		.4byte	0x3d8
 3405 03d8 08       		.uleb128 0x8
 3406 03d9 D20C0000 		.4byte	.LASF71
 3407 03dd 08       		.byte	0x8
 3408 03de 33       		.byte	0x33
 3409 03df 45       		.byte	0x45
 3410 03e0 08       		.byte	0x8
ARM GAS  C:\Users\DEVELO~1\AppData\Local\Temp\ccXzcT1U.s 			page 61


 3411 03e1 00040000 		.4byte	0x400
 3412 03e5 02       		.uleb128 0x2
 3413 03e6 2D010000 		.4byte	.LASF69
 3414 03ea 33       		.byte	0x33
 3415 03eb 46       		.byte	0x46
 3416 03ec 1A       		.byte	0x1a
 3417 03ed 00040000 		.4byte	0x400
 3418 03f1 00       		.byte	0
 3419 03f2 02       		.uleb128 0x2
 3420 03f3 30020000 		.4byte	.LASF72
 3421 03f7 33       		.byte	0x33
 3422 03f8 47       		.byte	0x47
 3423 03f9 1A       		.byte	0x1a
 3424 03fa 00040000 		.4byte	0x400
 3425 03fe 04       		.byte	0x4
 3426 03ff 00       		.byte	0
 3427 0400 05       		.uleb128 0x5
 3428 0401 CC030000 		.4byte	0x3cc
 3429 0405 03       		.uleb128 0x3
 3430 0406 2D060000 		.4byte	.LASF73
 3431 040a 33       		.byte	0x33
 3432 040b 4E       		.byte	0x4e
 3433 040c 22       		.byte	0x22
 3434 040d 11040000 		.4byte	0x411
 3435 0411 08       		.uleb128 0x8
 3436 0412 960C0000 		.4byte	.LASF74
 3437 0416 0C       		.byte	0xc
 3438 0417 33       		.byte	0x33
 3439 0418 55       		.byte	0x55
 3440 0419 08       		.byte	0x8
 3441 041a 46040000 		.4byte	0x446
 3442 041e 02       		.uleb128 0x2
 3443 041f 2D010000 		.4byte	.LASF69
 3444 0423 33       		.byte	0x33
 3445 0424 56       		.byte	0x56
 3446 0425 1A       		.byte	0x1a
 3447 0426 46040000 		.4byte	0x446
 3448 042a 00       		.byte	0
 3449 042b 02       		.uleb128 0x2
 3450 042c 30020000 		.4byte	.LASF72
 3451 0430 33       		.byte	0x33
 3452 0431 57       		.byte	0x57
 3453 0432 1A       		.byte	0x1a
 3454 0433 46040000 		.4byte	0x446
 3455 0437 04       		.byte	0x4
 3456 0438 02       		.uleb128 0x2
 3457 0439 31070000 		.4byte	.LASF75
 3458 043d 33       		.byte	0x33
 3459 043e 58       		.byte	0x58
 3460 043f 19       		.byte	0x19
 3461 0440 47010000 		.4byte	0x147
 3462 0444 08       		.byte	0x8
 3463 0445 00       		.byte	0
 3464 0446 05       		.uleb128 0x5
 3465 0447 05040000 		.4byte	0x405
 3466 044b 03       		.uleb128 0x3
 3467 044c 61070000 		.4byte	.LASF76
ARM GAS  C:\Users\DEVELO~1\AppData\Local\Temp\ccXzcT1U.s 			page 62


 3468 0450 33       		.byte	0x33
 3469 0451 5F       		.byte	0x5f
 3470 0452 1E       		.byte	0x1e
 3471 0453 57040000 		.4byte	0x457
 3472 0457 08       		.uleb128 0x8
 3473 0458 E9020000 		.4byte	.LASF77
 3474 045c 0C       		.byte	0xc
 3475 045d 33       		.byte	0x33
 3476 045e 64       		.byte	0x64
 3477 045f 08       		.byte	0x8
 3478 0460 8C040000 		.4byte	0x48c
 3479 0464 02       		.uleb128 0x2
 3480 0465 2D010000 		.4byte	.LASF69
 3481 0469 33       		.byte	0x33
 3482 046a 65       		.byte	0x65
 3483 046b 1A       		.byte	0x1a
 3484 046c 8C040000 		.4byte	0x48c
 3485 0470 00       		.byte	0
 3486 0471 02       		.uleb128 0x2
 3487 0472 30020000 		.4byte	.LASF72
 3488 0476 33       		.byte	0x33
 3489 0477 66       		.byte	0x66
 3490 0478 1A       		.byte	0x1a
 3491 0479 8C040000 		.4byte	0x48c
 3492 047d 04       		.byte	0x4
 3493 047e 02       		.uleb128 0x2
 3494 047f FC0D0000 		.4byte	.LASF78
 3495 0483 33       		.byte	0x33
 3496 0484 67       		.byte	0x67
 3497 0485 19       		.byte	0x19
 3498 0486 94030000 		.4byte	0x394
 3499 048a 08       		.byte	0x8
 3500 048b 00       		.byte	0
 3501 048c 05       		.uleb128 0x5
 3502 048d 4B040000 		.4byte	0x44b
 3503 0491 11       		.uleb128 0x11
 3504 0492 08       		.byte	0x8
 3505 0493 83       		.byte	0x83
 3506 0494 05       		.byte	0x5
 3507 0495 B4040000 		.4byte	0x4b4
 3508 0499 09       		.uleb128 0x9
 3509 049a 6E747000 		.ascii	"ntp\000"
 3510 049e 34       		.byte	0x34
 3511 049f 87       		.byte	0x87
 3512 04a0 1E       		.byte	0x1e
 3513 04a1 B4040000 		.4byte	0x4b4
 3514 04a5 00       		.byte	0
 3515 04a6 02       		.uleb128 0x2
 3516 04a7 B3010000 		.4byte	.LASF79
 3517 04ab 34       		.byte	0x34
 3518 04ac 8B       		.byte	0x8b
 3519 04ad 1E       		.byte	0x1e
 3520 04ae B9040000 		.4byte	0x4b9
 3521 04b2 04       		.byte	0x4
 3522 04b3 00       		.byte	0
 3523 04b4 05       		.uleb128 0x5
 3524 04b5 8F010000 		.4byte	0x18f
ARM GAS  C:\Users\DEVELO~1\AppData\Local\Temp\ccXzcT1U.s 			page 63


 3525 04b9 27       		.uleb128 0x27
 3526 04ba 04       		.byte	0x4
 3527 04bb 11       		.uleb128 0x11
 3528 04bc 08       		.byte	0x8
 3529 04bd 90       		.byte	0x90
 3530 04be 05       		.byte	0x5
 3531 04bf DD040000 		.4byte	0x4dd
 3532 04c3 09       		.uleb128 0x9
 3533 04c4 747000   		.ascii	"tp\000"
 3534 04c7 34       		.byte	0x34
 3535 04c8 94       		.byte	0x94
 3536 04c9 1E       		.byte	0x1e
 3537 04ca B4040000 		.4byte	0x4b4
 3538 04ce 00       		.byte	0
 3539 04cf 09       		.uleb128 0x9
 3540 04d0 6D736700 		.ascii	"msg\000"
 3541 04d4 34       		.byte	0x34
 3542 04d5 98       		.byte	0x98
 3543 04d6 1D       		.byte	0x1d
 3544 04d7 53010000 		.4byte	0x153
 3545 04db 04       		.byte	0x4
 3546 04dc 00       		.byte	0
 3547 04dd 11       		.uleb128 0x11
 3548 04de 04       		.byte	0x4
 3549 04df 9D       		.byte	0x9d
 3550 04e0 05       		.byte	0x5
 3551 04e1 F3040000 		.4byte	0x4f3
 3552 04e5 02       		.uleb128 0x2
 3553 04e6 3A000000 		.4byte	.LASF35
 3554 04ea 34       		.byte	0x34
 3555 04eb A1       		.byte	0xa1
 3556 04ec 1E       		.byte	0x1e
 3557 04ed 66030000 		.4byte	0x366
 3558 04f1 00       		.byte	0
 3559 04f2 00       		.byte	0
 3560 04f3 11       		.uleb128 0x11
 3561 04f4 04       		.byte	0x4
 3562 04f5 A6       		.byte	0xa6
 3563 04f6 05       		.byte	0x5
 3564 04f7 09050000 		.4byte	0x509
 3565 04fb 02       		.uleb128 0x2
 3566 04fc 30040000 		.4byte	.LASF80
 3567 0500 34       		.byte	0x34
 3568 0501 AA       		.byte	0xaa
 3569 0502 1E       		.byte	0x1e
 3570 0503 66030000 		.4byte	0x366
 3571 0507 00       		.byte	0
 3572 0508 00       		.byte	0
 3573 0509 11       		.uleb128 0x11
 3574 050a 08       		.byte	0x8
 3575 050b AF       		.byte	0xaf
 3576 050c 05       		.byte	0x5
 3577 050d 2C050000 		.4byte	0x52c
 3578 0511 09       		.uleb128 0x9
 3579 0512 75703100 		.ascii	"up1\000"
 3580 0516 34       		.byte	0x34
 3581 0517 B3       		.byte	0xb3
ARM GAS  C:\Users\DEVELO~1\AppData\Local\Temp\ccXzcT1U.s 			page 64


 3582 0518 1E       		.byte	0x1e
 3583 0519 B9040000 		.4byte	0x4b9
 3584 051d 00       		.byte	0
 3585 051e 09       		.uleb128 0x9
 3586 051f 75703200 		.ascii	"up2\000"
 3587 0523 34       		.byte	0x34
 3588 0524 B7       		.byte	0xb7
 3589 0525 1E       		.byte	0x1e
 3590 0526 B9040000 		.4byte	0x4b9
 3591 052a 04       		.byte	0x4
 3592 052b 00       		.byte	0
 3593 052c 1A       		.uleb128 0x1a
 3594 052d 08       		.byte	0x8
 3595 052e 34       		.byte	0x34
 3596 052f 7F       		.byte	0x7f
 3597 0530 6A050000 		.4byte	0x56a
 3598 0534 1B       		.uleb128 0x1b
 3599 0535 737700   		.ascii	"sw\000"
 3600 0538 8C       		.byte	0x8c
 3601 0539 91040000 		.4byte	0x491
 3602 053d 1B       		.uleb128 0x1b
 3603 053e 72647900 		.ascii	"rdy\000"
 3604 0542 99       		.byte	0x99
 3605 0543 BB040000 		.4byte	0x4bb
 3606 0547 1B       		.uleb128 0x1b
 3607 0548 69737200 		.ascii	"isr\000"
 3608 054c A2       		.byte	0xa2
 3609 054d DD040000 		.4byte	0x4dd
 3610 0551 0F       		.uleb128 0xf
 3611 0552 C4030000 		.4byte	.LASF81
 3612 0556 34       		.byte	0x34
 3613 0557 AB       		.byte	0xab
 3614 0558 07       		.byte	0x7
 3615 0559 F3040000 		.4byte	0x4f3
 3616 055d 0F       		.uleb128 0xf
 3617 055e 8A050000 		.4byte	.LASF82
 3618 0562 34       		.byte	0x34
 3619 0563 B8       		.byte	0xb8
 3620 0564 07       		.byte	0x7
 3621 0565 09050000 		.4byte	0x509
 3622 0569 00       		.byte	0
 3623 056a 11       		.uleb128 0x11
 3624 056b 10       		.byte	0x10
 3625 056c 6C       		.byte	0x6c
 3626 056d 09       		.byte	0x9
 3627 056e AF050000 		.4byte	0x5af
 3628 0572 1C       		.uleb128 0x1c
 3629 0573 F50C0000 		.4byte	.LASF83
 3630 0577 70       		.byte	0x70
 3631 0578 E9000000 		.4byte	0xe9
 3632 057c 03       		.byte	0x3
 3633 057d 00       		.byte	0
 3634 057e 1C       		.uleb128 0x1c
 3635 057f 5F0D0000 		.4byte	.LASF37
 3636 0583 74       		.byte	0x74
 3637 0584 E9000000 		.4byte	0xe9
 3638 0588 05       		.byte	0x5
ARM GAS  C:\Users\DEVELO~1\AppData\Local\Temp\ccXzcT1U.s 			page 65


 3639 0589 03       		.byte	0x3
 3640 058a 1C       		.uleb128 0x1c
 3641 058b 650C0000 		.4byte	.LASF84
 3642 058f 7A       		.byte	0x7a
 3643 0590 E9000000 		.4byte	0xe9
 3644 0594 18       		.byte	0x18
 3645 0595 08       		.byte	0x8
 3646 0596 02       		.uleb128 0x2
 3647 0597 BC040000 		.4byte	.LASF85
 3648 059b 34       		.byte	0x34
 3649 059c 7E       		.byte	0x7e
 3650 059d 19       		.byte	0x19
 3651 059e 88030000 		.4byte	0x388
 3652 05a2 04       		.byte	0x4
 3653 05a3 09       		.uleb128 0x9
 3654 05a4 7500     		.ascii	"u\000"
 3655 05a6 34       		.byte	0x34
 3656 05a7 B9       		.byte	0xb9
 3657 05a8 05       		.byte	0x5
 3658 05a9 2C050000 		.4byte	0x52c
 3659 05ad 08       		.byte	0x8
 3660 05ae 00       		.byte	0
 3661 05af 03       		.uleb128 0x3
 3662 05b0 43030000 		.4byte	.LASF86
 3663 05b4 34       		.byte	0x34
 3664 05b5 BA       		.byte	0xba
 3665 05b6 03       		.byte	0x3
 3666 05b7 6A050000 		.4byte	0x56a
 3667 05bb 28       		.uleb128 0x28
 3668 05bc 0808     		.2byte	0x808
 3669 05be 34       		.byte	0x34
 3670 05bf C0       		.byte	0xc0
 3671 05c0 09       		.byte	0x9
 3672 05c1 FA050000 		.4byte	0x5fa
 3673 05c5 02       		.uleb128 0x2
 3674 05c6 CF000000 		.4byte	.LASF87
 3675 05ca 34       		.byte	0x34
 3676 05cb C4       		.byte	0xc4
 3677 05cc 19       		.byte	0x19
 3678 05cd D1000000 		.4byte	0xd1
 3679 05d1 00       		.byte	0
 3680 05d2 02       		.uleb128 0x2
 3681 05d3 73090000 		.4byte	.LASF88
 3682 05d7 34       		.byte	0x34
 3683 05d8 C8       		.byte	0xc8
 3684 05d9 19       		.byte	0x19
 3685 05da D1000000 		.4byte	0xd1
 3686 05de 02       		.byte	0x2
 3687 05df 09       		.uleb128 0x9
 3688 05e0 70747200 		.ascii	"ptr\000"
 3689 05e4 34       		.byte	0x34
 3690 05e5 CC       		.byte	0xcc
 3691 05e6 1A       		.byte	0x1a
 3692 05e7 FA050000 		.4byte	0x5fa
 3693 05eb 04       		.byte	0x4
 3694 05ec 02       		.uleb128 0x2
 3695 05ed C8000000 		.4byte	.LASF89
ARM GAS  C:\Users\DEVELO~1\AppData\Local\Temp\ccXzcT1U.s 			page 66


 3696 05f1 34       		.byte	0x34
 3697 05f2 D0       		.byte	0xd0
 3698 05f3 19       		.byte	0x19
 3699 05f4 FF050000 		.4byte	0x5ff
 3700 05f8 08       		.byte	0x8
 3701 05f9 00       		.byte	0
 3702 05fa 05       		.uleb128 0x5
 3703 05fb AF050000 		.4byte	0x5af
 3704 05ff 14       		.uleb128 0x14
 3705 0600 AF050000 		.4byte	0x5af
 3706 0604 0F060000 		.4byte	0x60f
 3707 0608 15       		.uleb128 0x15
 3708 0609 3E000000 		.4byte	0x3e
 3709 060d 7F       		.byte	0x7f
 3710 060e 00       		.byte	0
 3711 060f 03       		.uleb128 0x3
 3712 0610 020A0000 		.4byte	.LASF90
 3713 0614 34       		.byte	0x34
 3714 0615 D1       		.byte	0xd1
 3715 0616 03       		.byte	0x3
 3716 0617 BB050000 		.4byte	0x5bb
 3717 061b 14       		.uleb128 0x14
 3718 061c F5000000 		.4byte	0xf5
 3719 0620 2B060000 		.4byte	0x62b
 3720 0624 15       		.uleb128 0x15
 3721 0625 3E000000 		.4byte	0x3e
 3722 0629 03       		.byte	0x3
 3723 062a 00       		.byte	0
 3724 062b 10       		.uleb128 0x10
 3725 062c 1B060000 		.4byte	0x61b
 3726 0630 14       		.uleb128 0x14
 3727 0631 F5000000 		.4byte	0xf5
 3728 0635 40060000 		.4byte	0x640
 3729 0639 15       		.uleb128 0x15
 3730 063a 3E000000 		.4byte	0x3e
 3731 063e 01       		.byte	0x1
 3732 063f 00       		.byte	0
 3733 0640 10       		.uleb128 0x10
 3734 0641 30060000 		.4byte	0x630
 3735 0645 1D       		.uleb128 0x1d
 3736 0646 30       		.byte	0x30
 3737 0647 35       		.byte	0x35
 3738 0648 3906     		.2byte	0x639
 3739 064a F7060000 		.4byte	0x6f7
 3740 064e 06       		.uleb128 0x6
 3741 064f 43523100 		.ascii	"CR1\000"
 3742 0653 35       		.byte	0x35
 3743 0654 3B06     		.2byte	0x63b
 3744 0656 11       		.byte	0x11
 3745 0657 F5000000 		.4byte	0xf5
 3746 065b 00       		.byte	0
 3747 065c 06       		.uleb128 0x6
 3748 065d 43523200 		.ascii	"CR2\000"
 3749 0661 35       		.byte	0x35
 3750 0662 3C06     		.2byte	0x63c
 3751 0664 11       		.byte	0x11
 3752 0665 F5000000 		.4byte	0xf5
ARM GAS  C:\Users\DEVELO~1\AppData\Local\Temp\ccXzcT1U.s 			page 67


 3753 0669 04       		.byte	0x4
 3754 066a 06       		.uleb128 0x6
 3755 066b 43523300 		.ascii	"CR3\000"
 3756 066f 35       		.byte	0x35
 3757 0670 3D06     		.2byte	0x63d
 3758 0672 11       		.byte	0x11
 3759 0673 F5000000 		.4byte	0xf5
 3760 0677 08       		.byte	0x8
 3761 0678 06       		.uleb128 0x6
 3762 0679 42525200 		.ascii	"BRR\000"
 3763 067d 35       		.byte	0x35
 3764 067e 3E06     		.2byte	0x63e
 3765 0680 11       		.byte	0x11
 3766 0681 F5000000 		.4byte	0xf5
 3767 0685 0C       		.byte	0xc
 3768 0686 04       		.uleb128 0x4
 3769 0687 C4020000 		.4byte	.LASF91
 3770 068b 35       		.byte	0x35
 3771 068c 3F06     		.2byte	0x63f
 3772 068e 11       		.byte	0x11
 3773 068f F5000000 		.4byte	0xf5
 3774 0693 10       		.byte	0x10
 3775 0694 04       		.uleb128 0x4
 3776 0695 34080000 		.4byte	.LASF92
 3777 0699 35       		.byte	0x35
 3778 069a 4006     		.2byte	0x640
 3779 069c 11       		.byte	0x11
 3780 069d F5000000 		.4byte	0xf5
 3781 06a1 14       		.byte	0x14
 3782 06a2 06       		.uleb128 0x6
 3783 06a3 52515200 		.ascii	"RQR\000"
 3784 06a7 35       		.byte	0x35
 3785 06a8 4106     		.2byte	0x641
 3786 06aa 11       		.byte	0x11
 3787 06ab F5000000 		.4byte	0xf5
 3788 06af 18       		.byte	0x18
 3789 06b0 06       		.uleb128 0x6
 3790 06b1 49535200 		.ascii	"ISR\000"
 3791 06b5 35       		.byte	0x35
 3792 06b6 4206     		.2byte	0x642
 3793 06b8 11       		.byte	0x11
 3794 06b9 F5000000 		.4byte	0xf5
 3795 06bd 1C       		.byte	0x1c
 3796 06be 06       		.uleb128 0x6
 3797 06bf 49435200 		.ascii	"ICR\000"
 3798 06c3 35       		.byte	0x35
 3799 06c4 4306     		.2byte	0x643
 3800 06c6 11       		.byte	0x11
 3801 06c7 F5000000 		.4byte	0xf5
 3802 06cb 20       		.byte	0x20
 3803 06cc 06       		.uleb128 0x6
 3804 06cd 52445200 		.ascii	"RDR\000"
 3805 06d1 35       		.byte	0x35
 3806 06d2 4406     		.2byte	0x644
 3807 06d4 11       		.byte	0x11
 3808 06d5 F5000000 		.4byte	0xf5
 3809 06d9 24       		.byte	0x24
ARM GAS  C:\Users\DEVELO~1\AppData\Local\Temp\ccXzcT1U.s 			page 68


 3810 06da 06       		.uleb128 0x6
 3811 06db 54445200 		.ascii	"TDR\000"
 3812 06df 35       		.byte	0x35
 3813 06e0 4506     		.2byte	0x645
 3814 06e2 11       		.byte	0x11
 3815 06e3 F5000000 		.4byte	0xf5
 3816 06e7 28       		.byte	0x28
 3817 06e8 04       		.uleb128 0x4
 3818 06e9 4F040000 		.4byte	.LASF93
 3819 06ed 35       		.byte	0x35
 3820 06ee 4606     		.2byte	0x646
 3821 06f0 11       		.byte	0x11
 3822 06f1 F5000000 		.4byte	0xf5
 3823 06f5 2C       		.byte	0x2c
 3824 06f6 00       		.byte	0
 3825 06f7 12       		.uleb128 0x12
 3826 06f8 A8060000 		.4byte	.LASF94
 3827 06fc 35       		.byte	0x35
 3828 06fd 4706     		.2byte	0x647
 3829 06ff 03       		.byte	0x3
 3830 0700 45060000 		.4byte	0x645
 3831 0704 16       		.uleb128 0x16
 3832 0705 300B0000 		.4byte	.LASF95
 3833 0709 24       		.byte	0x24
 3834 070a 36       		.byte	0x36
 3835 070b E001     		.2byte	0x1e0
 3836 070d 08       		.byte	0x8
 3837 070e 8A070000 		.4byte	0x78a
 3838 0712 06       		.uleb128 0x6
 3839 0713 723400   		.ascii	"r4\000"
 3840 0716 36       		.byte	0x36
 3841 0717 F901     		.2byte	0x1f9
 3842 0719 11       		.byte	0x11
 3843 071a E9000000 		.4byte	0xe9
 3844 071e 00       		.byte	0
 3845 071f 06       		.uleb128 0x6
 3846 0720 723500   		.ascii	"r5\000"
 3847 0723 36       		.byte	0x36
 3848 0724 FA01     		.2byte	0x1fa
 3849 0726 11       		.byte	0x11
 3850 0727 E9000000 		.4byte	0xe9
 3851 072b 04       		.byte	0x4
 3852 072c 06       		.uleb128 0x6
 3853 072d 723600   		.ascii	"r6\000"
 3854 0730 36       		.byte	0x36
 3855 0731 FB01     		.2byte	0x1fb
 3856 0733 11       		.byte	0x11
 3857 0734 E9000000 		.4byte	0xe9
 3858 0738 08       		.byte	0x8
 3859 0739 06       		.uleb128 0x6
 3860 073a 723700   		.ascii	"r7\000"
 3861 073d 36       		.byte	0x36
 3862 073e FC01     		.2byte	0x1fc
 3863 0740 11       		.byte	0x11
 3864 0741 E9000000 		.4byte	0xe9
 3865 0745 0C       		.byte	0xc
 3866 0746 06       		.uleb128 0x6
ARM GAS  C:\Users\DEVELO~1\AppData\Local\Temp\ccXzcT1U.s 			page 69


 3867 0747 723800   		.ascii	"r8\000"
 3868 074a 36       		.byte	0x36
 3869 074b FD01     		.2byte	0x1fd
 3870 074d 11       		.byte	0x11
 3871 074e E9000000 		.4byte	0xe9
 3872 0752 10       		.byte	0x10
 3873 0753 06       		.uleb128 0x6
 3874 0754 723900   		.ascii	"r9\000"
 3875 0757 36       		.byte	0x36
 3876 0758 FE01     		.2byte	0x1fe
 3877 075a 11       		.byte	0x11
 3878 075b E9000000 		.4byte	0xe9
 3879 075f 14       		.byte	0x14
 3880 0760 06       		.uleb128 0x6
 3881 0761 72313000 		.ascii	"r10\000"
 3882 0765 36       		.byte	0x36
 3883 0766 FF01     		.2byte	0x1ff
 3884 0768 11       		.byte	0x11
 3885 0769 E9000000 		.4byte	0xe9
 3886 076d 18       		.byte	0x18
 3887 076e 06       		.uleb128 0x6
 3888 076f 72313100 		.ascii	"r11\000"
 3889 0773 36       		.byte	0x36
 3890 0774 0002     		.2byte	0x200
 3891 0776 11       		.byte	0x11
 3892 0777 E9000000 		.4byte	0xe9
 3893 077b 1C       		.byte	0x1c
 3894 077c 06       		.uleb128 0x6
 3895 077d 6C7200   		.ascii	"lr\000"
 3896 0780 36       		.byte	0x36
 3897 0781 0102     		.2byte	0x201
 3898 0783 11       		.byte	0x11
 3899 0784 E9000000 		.4byte	0xe9
 3900 0788 20       		.byte	0x20
 3901 0789 00       		.byte	0
 3902 078a 16       		.uleb128 0x16
 3903 078b D1010000 		.4byte	.LASF96
 3904 078f 04       		.byte	0x4
 3905 0790 36       		.byte	0x36
 3906 0791 0A02     		.2byte	0x20a
 3907 0793 08       		.byte	0x8
 3908 0794 A6070000 		.4byte	0x7a6
 3909 0798 06       		.uleb128 0x6
 3910 0799 737000   		.ascii	"sp\000"
 3911 079c 36       		.byte	0x36
 3912 079d 0B02     		.2byte	0x20b
 3913 079f 1A       		.byte	0x1a
 3914 07a0 A6070000 		.4byte	0x7a6
 3915 07a4 00       		.byte	0
 3916 07a5 00       		.byte	0
 3917 07a6 05       		.uleb128 0x5
 3918 07a7 04070000 		.4byte	0x704
 3919 07ab 08       		.uleb128 0x8
 3920 07ac EE040000 		.4byte	.LASF97
 3921 07b0 18       		.byte	0x18
 3922 07b1 2F       		.byte	0x2f
 3923 07b2 64       		.byte	0x64
ARM GAS  C:\Users\DEVELO~1\AppData\Local\Temp\ccXzcT1U.s 			page 70


 3924 07b3 10       		.byte	0x10
 3925 07b4 E0070000 		.4byte	0x7e0
 3926 07b8 02       		.uleb128 0x2
 3927 07b9 930B0000 		.4byte	.LASF98
 3928 07bd 2F       		.byte	0x2f
 3929 07be 68       		.byte	0x68
 3930 07bf 21       		.byte	0x21
 3931 07c0 4B040000 		.4byte	0x44b
 3932 07c4 00       		.byte	0
 3933 07c5 02       		.uleb128 0x2
 3934 07c6 990B0000 		.4byte	.LASF99
 3935 07ca 2F       		.byte	0x2f
 3936 07cb 73       		.byte	0x73
 3937 07cc 21       		.byte	0x21
 3938 07cd 88030000 		.4byte	0x388
 3939 07d1 0C       		.byte	0xc
 3940 07d2 02       		.uleb128 0x2
 3941 07d3 0D020000 		.4byte	.LASF100
 3942 07d7 2F       		.byte	0x2f
 3943 07d8 79       		.byte	0x79
 3944 07d9 21       		.byte	0x21
 3945 07da 06010000 		.4byte	0x106
 3946 07de 10       		.byte	0x10
 3947 07df 00       		.byte	0
 3948 07e0 03       		.uleb128 0x3
 3949 07e1 A90A0000 		.4byte	.LASF101
 3950 07e5 2F       		.byte	0x2f
 3951 07e6 7B       		.byte	0x7b
 3952 07e7 03       		.byte	0x3
 3953 07e8 AB070000 		.4byte	0x7ab
 3954 07ec 08       		.uleb128 0x8
 3955 07ed 76000000 		.4byte	.LASF102
 3956 07f1 08       		.byte	0x8
 3957 07f2 2F       		.byte	0x2f
 3958 07f3 80       		.byte	0x80
 3959 07f4 10       		.byte	0x10
 3960 07f5 07080000 		.4byte	0x807
 3961 07f9 02       		.uleb128 0x2
 3962 07fa 6D0C0000 		.4byte	.LASF103
 3963 07fe 2F       		.byte	0x2f
 3964 07ff 84       		.byte	0x84
 3965 0800 21       		.byte	0x21
 3966 0801 CC030000 		.4byte	0x3cc
 3967 0805 00       		.byte	0
 3968 0806 00       		.byte	0
 3969 0807 03       		.uleb128 0x3
 3970 0808 29090000 		.4byte	.LASF104
 3971 080c 2F       		.byte	0x2f
 3972 080d 85       		.byte	0x85
 3973 080e 03       		.byte	0x3
 3974 080f EC070000 		.4byte	0x7ec
 3975 0813 03       		.uleb128 0x3
 3976 0814 53000000 		.4byte	.LASF105
 3977 0818 2F       		.byte	0x2f
 3978 0819 8A       		.byte	0x8a
 3979 081a 14       		.byte	0x14
 3980 081b B4040000 		.4byte	0x4b4
ARM GAS  C:\Users\DEVELO~1\AppData\Local\Temp\ccXzcT1U.s 			page 71


 3981 081f 08       		.uleb128 0x8
 3982 0820 AC080000 		.4byte	.LASF106
 3983 0824 08       		.byte	0x8
 3984 0825 2F       		.byte	0x2f
 3985 0826 8F       		.byte	0x8f
 3986 0827 10       		.byte	0x10
 3987 0828 3A080000 		.4byte	0x83a
 3988 082c 02       		.uleb128 0x2
 3989 082d 6D0C0000 		.4byte	.LASF103
 3990 0831 2F       		.byte	0x2f
 3991 0832 93       		.byte	0x93
 3992 0833 21       		.byte	0x21
 3993 0834 CC030000 		.4byte	0x3cc
 3994 0838 00       		.byte	0
 3995 0839 00       		.byte	0
 3996 083a 03       		.uleb128 0x3
 3997 083b D6040000 		.4byte	.LASF107
 3998 083f 2F       		.byte	0x2f
 3999 0840 94       		.byte	0x94
 4000 0841 03       		.byte	0x3
 4001 0842 1F080000 		.4byte	0x81f
 4002 0846 1A       		.uleb128 0x1a
 4003 0847 0C       		.byte	0xc
 4004 0848 2F       		.byte	0x2f
 4005 0849 A0       		.byte	0xa0
 4006 084a 73080000 		.4byte	0x873
 4007 084e 0F       		.uleb128 0xf
 4008 084f C9020000 		.4byte	.LASF108
 4009 0853 2F       		.byte	0x2f
 4010 0854 A4       		.byte	0xa4
 4011 0855 21       		.byte	0x21
 4012 0856 A0030000 		.4byte	0x3a0
 4013 085a 0F       		.uleb128 0xf
 4014 085b 6D0C0000 		.4byte	.LASF103
 4015 085f 2F       		.byte	0x2f
 4016 0860 A8       		.byte	0xa8
 4017 0861 21       		.byte	0x21
 4018 0862 CC030000 		.4byte	0x3cc
 4019 0866 0F       		.uleb128 0xf
 4020 0867 64040000 		.4byte	.LASF109
 4021 086b 2F       		.byte	0x2f
 4022 086c AC       		.byte	0xac
 4023 086d 21       		.byte	0x21
 4024 086e 05040000 		.4byte	0x405
 4025 0872 00       		.byte	0
 4026 0873 1A       		.uleb128 0x1a
 4027 0874 04       		.byte	0x4
 4028 0875 2F       		.byte	0x2f
 4029 0876 EB       		.byte	0xeb
 4030 0877 DC080000 		.4byte	0x8dc
 4031 087b 0F       		.uleb128 0xf
 4032 087c 9B050000 		.4byte	.LASF110
 4033 0880 2F       		.byte	0x2f
 4034 0881 F2       		.byte	0xf2
 4035 0882 21       		.byte	0x21
 4036 0883 53010000 		.4byte	0x153
 4037 0887 0F       		.uleb128 0xf
ARM GAS  C:\Users\DEVELO~1\AppData\Local\Temp\ccXzcT1U.s 			page 72


 4038 0888 B20E0000 		.4byte	.LASF111
 4039 088c 2F       		.byte	0x2f
 4040 088d F9       		.byte	0xf9
 4041 088e 21       		.byte	0x21
 4042 088f 53010000 		.4byte	0x153
 4043 0893 13       		.uleb128 0x13
 4044 0894 B3010000 		.4byte	.LASF79
 4045 0898 0001     		.2byte	0x100
 4046 089a 22       		.byte	0x22
 4047 089b B9040000 		.4byte	0x4b9
 4048 089f 13       		.uleb128 0x13
 4049 08a0 960E0000 		.4byte	.LASF112
 4050 08a4 0701     		.2byte	0x107
 4051 08a6 22       		.byte	0x22
 4052 08a7 DC080000 		.4byte	0x8dc
 4053 08ab 13       		.uleb128 0x13
 4054 08ac 07030000 		.4byte	.LASF113
 4055 08b0 0C01     		.2byte	0x10c
 4056 08b2 21       		.byte	0x21
 4057 08b3 53010000 		.4byte	0x153
 4058 08b7 13       		.uleb128 0x13
 4059 08b8 8F0C0000 		.4byte	.LASF114
 4060 08bc 1501     		.2byte	0x115
 4061 08be 22       		.byte	0x22
 4062 08bf 09090000 		.4byte	0x909
 4063 08c3 13       		.uleb128 0x13
 4064 08c4 9C0E0000 		.4byte	.LASF115
 4065 08c8 1E01     		.2byte	0x11e
 4066 08ca 22       		.byte	0x22
 4067 08cb 43090000 		.4byte	0x943
 4068 08cf 13       		.uleb128 0x13
 4069 08d0 17020000 		.4byte	.LASF116
 4070 08d4 2601     		.2byte	0x126
 4071 08d6 21       		.byte	0x21
 4072 08d7 5F010000 		.4byte	0x15f
 4073 08db 00       		.byte	0
 4074 08dc 05       		.uleb128 0x5
 4075 08dd 13080000 		.4byte	0x813
 4076 08e1 08       		.uleb128 0x8
 4077 08e2 72030000 		.4byte	.LASF117
 4078 08e6 0C       		.byte	0xc
 4079 08e7 37       		.byte	0x37
 4080 08e8 34       		.byte	0x34
 4081 08e9 10       		.byte	0x10
 4082 08ea 09090000 		.4byte	0x909
 4083 08ee 02       		.uleb128 0x2
 4084 08ef 6D0C0000 		.4byte	.LASF103
 4085 08f3 37       		.byte	0x37
 4086 08f4 35       		.byte	0x35
 4087 08f5 19       		.byte	0x19
 4088 08f6 CC030000 		.4byte	0x3cc
 4089 08fa 00       		.byte	0
 4090 08fb 09       		.uleb128 0x9
 4091 08fc 636E7400 		.ascii	"cnt\000"
 4092 0900 37       		.byte	0x37
 4093 0901 37       		.byte	0x37
 4094 0902 19       		.byte	0x19
ARM GAS  C:\Users\DEVELO~1\AppData\Local\Temp\ccXzcT1U.s 			page 73


 4095 0903 77010000 		.4byte	0x177
 4096 0907 08       		.byte	0x8
 4097 0908 00       		.byte	0
 4098 0909 05       		.uleb128 0x5
 4099 090a E1080000 		.4byte	0x8e1
 4100 090e 08       		.uleb128 0x8
 4101 090f 93060000 		.4byte	.LASF118
 4102 0913 10       		.byte	0x10
 4103 0914 38       		.byte	0x38
 4104 0915 39       		.byte	0x39
 4105 0916 08       		.byte	0x8
 4106 0917 43090000 		.4byte	0x943
 4107 091b 02       		.uleb128 0x2
 4108 091c 6D0C0000 		.4byte	.LASF103
 4109 0920 38       		.byte	0x38
 4110 0921 3A       		.byte	0x3a
 4111 0922 19       		.byte	0x19
 4112 0923 CC030000 		.4byte	0x3cc
 4113 0927 00       		.byte	0
 4114 0928 02       		.uleb128 0x2
 4115 0929 C1040000 		.4byte	.LASF34
 4116 092d 38       		.byte	0x38
 4117 092e 3C       		.byte	0x3c
 4118 092f 1A       		.byte	0x1a
 4119 0930 B4040000 		.4byte	0x4b4
 4120 0934 08       		.byte	0x8
 4121 0935 02       		.uleb128 0x2
 4122 0936 2D010000 		.4byte	.LASF69
 4123 093a 38       		.byte	0x38
 4124 093b 3E       		.byte	0x3e
 4125 093c 1A       		.byte	0x1a
 4126 093d 020A0000 		.4byte	0xa02
 4127 0941 0C       		.byte	0xc
 4128 0942 00       		.byte	0
 4129 0943 05       		.uleb128 0x5
 4130 0944 0E090000 		.4byte	0x90e
 4131 0948 05       		.uleb128 0x5
 4132 0949 7E020000 		.4byte	0x27e
 4133 094d 05       		.uleb128 0x5
 4134 094e 17010000 		.4byte	0x117
 4135 0952 16       		.uleb128 0x16
 4136 0953 E8010000 		.4byte	.LASF119
 4137 0957 10       		.byte	0x10
 4138 0958 2F       		.byte	0x2f
 4139 0959 5C01     		.2byte	0x15c
 4140 095b 10       		.byte	0x10
 4141 095c 7D090000 		.4byte	0x97d
 4142 0960 04       		.uleb128 0x4
 4143 0961 64040000 		.4byte	.LASF109
 4144 0965 2F       		.byte	0x2f
 4145 0966 6101     		.2byte	0x161
 4146 0968 21       		.byte	0x21
 4147 0969 05040000 		.4byte	0x405
 4148 096d 00       		.byte	0
 4149 096e 04       		.uleb128 0x4
 4150 096f 260E0000 		.4byte	.LASF120
 4151 0973 2F       		.byte	0x2f
ARM GAS  C:\Users\DEVELO~1\AppData\Local\Temp\ccXzcT1U.s 			page 74


 4152 0974 6501     		.2byte	0x165
 4153 0976 22       		.byte	0x22
 4154 0977 B4040000 		.4byte	0x4b4
 4155 097b 0C       		.byte	0xc
 4156 097c 00       		.byte	0
 4157 097d 12       		.uleb128 0x12
 4158 097e 3A0C0000 		.4byte	.LASF121
 4159 0982 2F       		.byte	0x2f
 4160 0983 6601     		.2byte	0x166
 4161 0985 03       		.byte	0x3
 4162 0986 52090000 		.4byte	0x952
 4163 098a 16       		.uleb128 0x16
 4164 098b 7D0B0000 		.4byte	.LASF122
 4165 098f 14       		.byte	0x14
 4166 0990 2F       		.byte	0x2f
 4167 0991 6B01     		.2byte	0x16b
 4168 0993 10       		.byte	0x10
 4169 0994 DF090000 		.4byte	0x9df
 4170 0998 04       		.uleb128 0x4
 4171 0999 3A000000 		.4byte	.LASF35
 4172 099d 2F       		.byte	0x2f
 4173 099e 6F01     		.2byte	0x16f
 4174 09a0 22       		.byte	0x22
 4175 09a1 66030000 		.4byte	0x366
 4176 09a5 00       		.byte	0
 4177 09a6 04       		.uleb128 0x4
 4178 09a7 BA010000 		.4byte	.LASF123
 4179 09ab 2F       		.byte	0x2f
 4180 09ac 7501     		.2byte	0x175
 4181 09ae 22       		.byte	0x22
 4182 09af 4D090000 		.4byte	0x94d
 4183 09b3 04       		.byte	0x4
 4184 09b4 04       		.uleb128 0x4
 4185 09b5 C7040000 		.4byte	.LASF124
 4186 09b9 2F       		.byte	0x2f
 4187 09ba 7901     		.2byte	0x179
 4188 09bc 22       		.byte	0x22
 4189 09bd 4D090000 		.4byte	0x94d
 4190 09c1 08       		.byte	0x8
 4191 09c2 04       		.uleb128 0x4
 4192 09c3 CF0D0000 		.4byte	.LASF125
 4193 09c7 2F       		.byte	0x2f
 4194 09c8 7F01     		.2byte	0x17f
 4195 09ca 22       		.byte	0x22
 4196 09cb 4D090000 		.4byte	0x94d
 4197 09cf 0C       		.byte	0xc
 4198 09d0 04       		.uleb128 0x4
 4199 09d1 F7060000 		.4byte	.LASF126
 4200 09d5 2F       		.byte	0x2f
 4201 09d6 8301     		.2byte	0x183
 4202 09d8 22       		.byte	0x22
 4203 09d9 4D090000 		.4byte	0x94d
 4204 09dd 10       		.byte	0x10
 4205 09de 00       		.byte	0
 4206 09df 12       		.uleb128 0x12
 4207 09e0 96030000 		.4byte	.LASF127
 4208 09e4 2F       		.byte	0x2f
ARM GAS  C:\Users\DEVELO~1\AppData\Local\Temp\ccXzcT1U.s 			page 75


 4209 09e5 8501     		.2byte	0x185
 4210 09e7 03       		.byte	0x3
 4211 09e8 8A090000 		.4byte	0x98a
 4212 09ec 0E       		.uleb128 0xe
 4213 09ed DF090000 		.4byte	0x9df
 4214 09f1 05       		.uleb128 0x5
 4215 09f2 EC090000 		.4byte	0x9ec
 4216 09f6 03       		.uleb128 0x3
 4217 09f7 DB0C0000 		.4byte	.LASF128
 4218 09fb 38       		.byte	0x38
 4219 09fc 34       		.byte	0x34
 4220 09fd 19       		.byte	0x19
 4221 09fe 0E090000 		.4byte	0x90e
 4222 0a02 05       		.uleb128 0x5
 4223 0a03 F6090000 		.4byte	0x9f6
 4224 0a07 03       		.uleb128 0x3
 4225 0a08 290C0000 		.4byte	.LASF129
 4226 0a0c 39       		.byte	0x39
 4227 0a0d 34       		.byte	0x34
 4228 0a0e 1F       		.byte	0x1f
 4229 0a0f 130A0000 		.4byte	0xa13
 4230 0a13 08       		.uleb128 0x8
 4231 0a14 D4080000 		.4byte	.LASF130
 4232 0a18 14       		.byte	0x14
 4233 0a19 39       		.byte	0x39
 4234 0a1a 39       		.byte	0x39
 4235 0a1b 08       		.byte	0x8
 4236 0a1c 620A0000 		.4byte	0xa62
 4237 0a20 02       		.uleb128 0x2
 4238 0a21 2D010000 		.4byte	.LASF69
 4239 0a25 39       		.byte	0x39
 4240 0a26 3A       		.byte	0x3a
 4241 0a27 1A       		.byte	0x1a
 4242 0a28 620A0000 		.4byte	0xa62
 4243 0a2c 00       		.byte	0
 4244 0a2d 02       		.uleb128 0x2
 4245 0a2e 82000000 		.4byte	.LASF131
 4246 0a32 39       		.byte	0x39
 4247 0a33 3D       		.byte	0x3d
 4248 0a34 1A       		.byte	0x1a
 4249 0a35 B4040000 		.4byte	0x4b4
 4250 0a39 04       		.byte	0x4
 4251 0a3a 02       		.uleb128 0x2
 4252 0a3b 94010000 		.4byte	.LASF132
 4253 0a3f 39       		.byte	0x39
 4254 0a40 3F       		.byte	0x3f
 4255 0a41 19       		.byte	0x19
 4256 0a42 5F010000 		.4byte	0x15f
 4257 0a46 08       		.byte	0x8
 4258 0a47 02       		.uleb128 0x2
 4259 0a48 98000000 		.4byte	.LASF38
 4260 0a4c 39       		.byte	0x39
 4261 0a4d 41       		.byte	0x41
 4262 0a4e 19       		.byte	0x19
 4263 0a4f 6B010000 		.4byte	0x16b
 4264 0a53 0C       		.byte	0xc
 4265 0a54 02       		.uleb128 0x2
ARM GAS  C:\Users\DEVELO~1\AppData\Local\Temp\ccXzcT1U.s 			page 76


 4266 0a55 290B0000 		.4byte	.LASF133
 4267 0a59 39       		.byte	0x39
 4268 0a5a 43       		.byte	0x43
 4269 0a5b 19       		.byte	0x19
 4270 0a5c 6B010000 		.4byte	0x16b
 4271 0a60 10       		.byte	0x10
 4272 0a61 00       		.byte	0
 4273 0a62 05       		.uleb128 0x5
 4274 0a63 070A0000 		.4byte	0xa07
 4275 0a67 08       		.uleb128 0x8
 4276 0a68 8B000000 		.4byte	.LASF134
 4277 0a6c 04       		.byte	0x4
 4278 0a6d 39       		.byte	0x39
 4279 0a6e 4A       		.byte	0x4a
 4280 0a6f 10       		.byte	0x10
 4281 0a70 820A0000 		.4byte	0xa82
 4282 0a74 02       		.uleb128 0x2
 4283 0a75 2D010000 		.4byte	.LASF69
 4284 0a79 39       		.byte	0x39
 4285 0a7a 4B       		.byte	0x4b
 4286 0a7b 1A       		.byte	0x1a
 4287 0a7c 620A0000 		.4byte	0xa62
 4288 0a80 00       		.byte	0
 4289 0a81 00       		.byte	0
 4290 0a82 03       		.uleb128 0x3
 4291 0a83 55040000 		.4byte	.LASF135
 4292 0a87 39       		.byte	0x39
 4293 0a88 4E       		.byte	0x4e
 4294 0a89 03       		.byte	0x3
 4295 0a8a 670A0000 		.4byte	0xa67
 4296 0a8e 0A       		.uleb128 0xa
 4297 0a8f 01       		.byte	0x1
 4298 0a90 02       		.byte	0x2
 4299 0a91 5D060000 		.4byte	.LASF136
 4300 0a95 05       		.uleb128 0x5
 4301 0a96 C0000000 		.4byte	0xc0
 4302 0a9a 1D       		.uleb128 0x1d
 4303 0a9b 60       		.byte	0x60
 4304 0a9c 3A       		.byte	0x3a
 4305 0a9d F601     		.2byte	0x1f6
 4306 0a9f BA0B0000 		.4byte	0xbba
 4307 0aa3 06       		.uleb128 0x6
 4308 0aa4 43523100 		.ascii	"CR1\000"
 4309 0aa8 3A       		.byte	0x3a
 4310 0aa9 F701     		.2byte	0x1f7
 4311 0aab 19       		.byte	0x19
 4312 0aac F5000000 		.4byte	0xf5
 4313 0ab0 00       		.byte	0
 4314 0ab1 06       		.uleb128 0x6
 4315 0ab2 43523200 		.ascii	"CR2\000"
 4316 0ab6 3A       		.byte	0x3a
 4317 0ab7 F801     		.2byte	0x1f8
 4318 0ab9 19       		.byte	0x19
 4319 0aba F5000000 		.4byte	0xf5
 4320 0abe 04       		.byte	0x4
 4321 0abf 04       		.uleb128 0x4
 4322 0ac0 58080000 		.4byte	.LASF137
ARM GAS  C:\Users\DEVELO~1\AppData\Local\Temp\ccXzcT1U.s 			page 77


 4323 0ac4 3A       		.byte	0x3a
 4324 0ac5 F901     		.2byte	0x1f9
 4325 0ac7 19       		.byte	0x19
 4326 0ac8 F5000000 		.4byte	0xf5
 4327 0acc 08       		.byte	0x8
 4328 0acd 04       		.uleb128 0x4
 4329 0ace 9C060000 		.4byte	.LASF138
 4330 0ad2 3A       		.byte	0x3a
 4331 0ad3 FA01     		.2byte	0x1fa
 4332 0ad5 19       		.byte	0x19
 4333 0ad6 F5000000 		.4byte	0xf5
 4334 0ada 0C       		.byte	0xc
 4335 0adb 06       		.uleb128 0x6
 4336 0adc 535200   		.ascii	"SR\000"
 4337 0adf 3A       		.byte	0x3a
 4338 0ae0 FB01     		.2byte	0x1fb
 4339 0ae2 19       		.byte	0x19
 4340 0ae3 F5000000 		.4byte	0xf5
 4341 0ae7 10       		.byte	0x10
 4342 0ae8 06       		.uleb128 0x6
 4343 0ae9 45475200 		.ascii	"EGR\000"
 4344 0aed 3A       		.byte	0x3a
 4345 0aee FC01     		.2byte	0x1fc
 4346 0af0 19       		.byte	0x19
 4347 0af1 F5000000 		.4byte	0xf5
 4348 0af5 14       		.byte	0x14
 4349 0af6 04       		.uleb128 0x4
 4350 0af7 90030000 		.4byte	.LASF139
 4351 0afb 3A       		.byte	0x3a
 4352 0afc FD01     		.2byte	0x1fd
 4353 0afe 19       		.byte	0x19
 4354 0aff F5000000 		.4byte	0xf5
 4355 0b03 18       		.byte	0x18
 4356 0b04 04       		.uleb128 0x4
 4357 0b05 3F000000 		.4byte	.LASF140
 4358 0b09 3A       		.byte	0x3a
 4359 0b0a FE01     		.2byte	0x1fe
 4360 0b0c 19       		.byte	0x19
 4361 0b0d F5000000 		.4byte	0xf5
 4362 0b11 1C       		.byte	0x1c
 4363 0b12 04       		.uleb128 0x4
 4364 0b13 36070000 		.4byte	.LASF141
 4365 0b17 3A       		.byte	0x3a
 4366 0b18 FF01     		.2byte	0x1ff
 4367 0b1a 19       		.byte	0x19
 4368 0b1b F5000000 		.4byte	0xf5
 4369 0b1f 20       		.byte	0x20
 4370 0b20 06       		.uleb128 0x6
 4371 0b21 434E5400 		.ascii	"CNT\000"
 4372 0b25 3A       		.byte	0x3a
 4373 0b26 0002     		.2byte	0x200
 4374 0b28 19       		.byte	0x19
 4375 0b29 F5000000 		.4byte	0xf5
 4376 0b2d 24       		.byte	0x24
 4377 0b2e 06       		.uleb128 0x6
 4378 0b2f 50534300 		.ascii	"PSC\000"
 4379 0b33 3A       		.byte	0x3a
ARM GAS  C:\Users\DEVELO~1\AppData\Local\Temp\ccXzcT1U.s 			page 78


 4380 0b34 0102     		.2byte	0x201
 4381 0b36 19       		.byte	0x19
 4382 0b37 F5000000 		.4byte	0xf5
 4383 0b3b 28       		.byte	0x28
 4384 0b3c 06       		.uleb128 0x6
 4385 0b3d 41525200 		.ascii	"ARR\000"
 4386 0b41 3A       		.byte	0x3a
 4387 0b42 0202     		.2byte	0x202
 4388 0b44 19       		.byte	0x19
 4389 0b45 F5000000 		.4byte	0xf5
 4390 0b49 2C       		.byte	0x2c
 4391 0b4a 06       		.uleb128 0x6
 4392 0b4b 52435200 		.ascii	"RCR\000"
 4393 0b4f 3A       		.byte	0x3a
 4394 0b50 0302     		.2byte	0x203
 4395 0b52 19       		.byte	0x19
 4396 0b53 F5000000 		.4byte	0xf5
 4397 0b57 30       		.byte	0x30
 4398 0b58 06       		.uleb128 0x6
 4399 0b59 43435200 		.ascii	"CCR\000"
 4400 0b5d 3A       		.byte	0x3a
 4401 0b5e 0402     		.2byte	0x204
 4402 0b60 19       		.byte	0x19
 4403 0b61 2B060000 		.4byte	0x62b
 4404 0b65 34       		.byte	0x34
 4405 0b66 04       		.uleb128 0x4
 4406 0b67 2F030000 		.4byte	.LASF142
 4407 0b6b 3A       		.byte	0x3a
 4408 0b6c 0502     		.2byte	0x205
 4409 0b6e 19       		.byte	0x19
 4410 0b6f F5000000 		.4byte	0xf5
 4411 0b73 44       		.byte	0x44
 4412 0b74 06       		.uleb128 0x6
 4413 0b75 44435200 		.ascii	"DCR\000"
 4414 0b79 3A       		.byte	0x3a
 4415 0b7a 1302     		.2byte	0x213
 4416 0b7c 19       		.byte	0x19
 4417 0b7d F5000000 		.4byte	0xf5
 4418 0b81 48       		.byte	0x48
 4419 0b82 04       		.uleb128 0x4
 4420 0b83 57020000 		.4byte	.LASF143
 4421 0b87 3A       		.byte	0x3a
 4422 0b88 1402     		.2byte	0x214
 4423 0b8a 19       		.byte	0x19
 4424 0b8b F5000000 		.4byte	0xf5
 4425 0b8f 4C       		.byte	0x4c
 4426 0b90 06       		.uleb128 0x6
 4427 0b91 4F5200   		.ascii	"OR\000"
 4428 0b94 3A       		.byte	0x3a
 4429 0b95 1502     		.2byte	0x215
 4430 0b97 19       		.byte	0x19
 4431 0b98 F5000000 		.4byte	0xf5
 4432 0b9c 50       		.byte	0x50
 4433 0b9d 04       		.uleb128 0x4
 4434 0b9e AB030000 		.4byte	.LASF144
 4435 0ba2 3A       		.byte	0x3a
 4436 0ba3 1602     		.2byte	0x216
ARM GAS  C:\Users\DEVELO~1\AppData\Local\Temp\ccXzcT1U.s 			page 79


 4437 0ba5 19       		.byte	0x19
 4438 0ba6 F5000000 		.4byte	0xf5
 4439 0baa 54       		.byte	0x54
 4440 0bab 04       		.uleb128 0x4
 4441 0bac D50A0000 		.4byte	.LASF145
 4442 0bb0 3A       		.byte	0x3a
 4443 0bb1 1702     		.2byte	0x217
 4444 0bb3 19       		.byte	0x19
 4445 0bb4 40060000 		.4byte	0x640
 4446 0bb8 58       		.byte	0x58
 4447 0bb9 00       		.byte	0
 4448 0bba 12       		.uleb128 0x12
 4449 0bbb 41060000 		.4byte	.LASF146
 4450 0bbf 3A       		.byte	0x3a
 4451 0bc0 1902     		.2byte	0x219
 4452 0bc2 03       		.byte	0x3
 4453 0bc3 9A0A0000 		.4byte	0xa9a
 4454 0bc7 0C       		.uleb128 0xc
 4455 0bc8 2D000000 		.4byte	0x2d
 4456 0bcc E00B0000 		.4byte	0xbe0
 4457 0bd0 07       		.uleb128 0x7
 4458 0bd1 B9040000 		.4byte	0x4b9
 4459 0bd5 07       		.uleb128 0x7
 4460 0bd6 E00B0000 		.4byte	0xbe0
 4461 0bda 07       		.uleb128 0x7
 4462 0bdb 2D000000 		.4byte	0x2d
 4463 0bdf 00       		.byte	0
 4464 0be0 05       		.uleb128 0x5
 4465 0be1 CC000000 		.4byte	0xcc
 4466 0be5 05       		.uleb128 0x5
 4467 0be6 C70B0000 		.4byte	0xbc7
 4468 0bea 0C       		.uleb128 0xc
 4469 0beb 2D000000 		.4byte	0x2d
 4470 0bef 030C0000 		.4byte	0xc03
 4471 0bf3 07       		.uleb128 0x7
 4472 0bf4 B9040000 		.4byte	0x4b9
 4473 0bf8 07       		.uleb128 0x7
 4474 0bf9 950A0000 		.4byte	0xa95
 4475 0bfd 07       		.uleb128 0x7
 4476 0bfe 2D000000 		.4byte	0x2d
 4477 0c02 00       		.byte	0
 4478 0c03 05       		.uleb128 0x5
 4479 0c04 EA0B0000 		.4byte	0xbea
 4480 0c08 0C       		.uleb128 0xc
 4481 0c09 53010000 		.4byte	0x153
 4482 0c0d 1C0C0000 		.4byte	0xc1c
 4483 0c11 07       		.uleb128 0x7
 4484 0c12 B9040000 		.4byte	0x4b9
 4485 0c16 07       		.uleb128 0x7
 4486 0c17 C0000000 		.4byte	0xc0
 4487 0c1b 00       		.byte	0
 4488 0c1c 05       		.uleb128 0x5
 4489 0c1d 080C0000 		.4byte	0xc08
 4490 0c21 0C       		.uleb128 0xc
 4491 0c22 53010000 		.4byte	0x153
 4492 0c26 300C0000 		.4byte	0xc30
 4493 0c2a 07       		.uleb128 0x7
ARM GAS  C:\Users\DEVELO~1\AppData\Local\Temp\ccXzcT1U.s 			page 80


 4494 0c2b B9040000 		.4byte	0x4b9
 4495 0c2f 00       		.byte	0
 4496 0c30 05       		.uleb128 0x5
 4497 0c31 210C0000 		.4byte	0xc21
 4498 0c35 0C       		.uleb128 0xc
 4499 0c36 53010000 		.4byte	0x153
 4500 0c3a 4E0C0000 		.4byte	0xc4e
 4501 0c3e 07       		.uleb128 0x7
 4502 0c3f B9040000 		.4byte	0x4b9
 4503 0c43 07       		.uleb128 0x7
 4504 0c44 C0000000 		.4byte	0xc0
 4505 0c48 07       		.uleb128 0x7
 4506 0c49 94030000 		.4byte	0x394
 4507 0c4d 00       		.byte	0
 4508 0c4e 05       		.uleb128 0x5
 4509 0c4f 350C0000 		.4byte	0xc35
 4510 0c53 0C       		.uleb128 0xc
 4511 0c54 53010000 		.4byte	0x153
 4512 0c58 670C0000 		.4byte	0xc67
 4513 0c5c 07       		.uleb128 0x7
 4514 0c5d B9040000 		.4byte	0x4b9
 4515 0c61 07       		.uleb128 0x7
 4516 0c62 94030000 		.4byte	0x394
 4517 0c66 00       		.byte	0
 4518 0c67 05       		.uleb128 0x5
 4519 0c68 530C0000 		.4byte	0xc53
 4520 0c6c 0C       		.uleb128 0xc
 4521 0c6d 2D000000 		.4byte	0x2d
 4522 0c71 8A0C0000 		.4byte	0xc8a
 4523 0c75 07       		.uleb128 0x7
 4524 0c76 B9040000 		.4byte	0x4b9
 4525 0c7a 07       		.uleb128 0x7
 4526 0c7b E00B0000 		.4byte	0xbe0
 4527 0c7f 07       		.uleb128 0x7
 4528 0c80 2D000000 		.4byte	0x2d
 4529 0c84 07       		.uleb128 0x7
 4530 0c85 94030000 		.4byte	0x394
 4531 0c89 00       		.byte	0
 4532 0c8a 05       		.uleb128 0x5
 4533 0c8b 6C0C0000 		.4byte	0xc6c
 4534 0c8f 0C       		.uleb128 0xc
 4535 0c90 2D000000 		.4byte	0x2d
 4536 0c94 AD0C0000 		.4byte	0xcad
 4537 0c98 07       		.uleb128 0x7
 4538 0c99 B9040000 		.4byte	0x4b9
 4539 0c9d 07       		.uleb128 0x7
 4540 0c9e 950A0000 		.4byte	0xa95
 4541 0ca2 07       		.uleb128 0x7
 4542 0ca3 2D000000 		.4byte	0x2d
 4543 0ca7 07       		.uleb128 0x7
 4544 0ca8 94030000 		.4byte	0x394
 4545 0cac 00       		.byte	0
 4546 0cad 05       		.uleb128 0x5
 4547 0cae 8F0C0000 		.4byte	0xc8f
 4548 0cb2 0C       		.uleb128 0xc
 4549 0cb3 53010000 		.4byte	0x153
 4550 0cb7 CB0C0000 		.4byte	0xccb
ARM GAS  C:\Users\DEVELO~1\AppData\Local\Temp\ccXzcT1U.s 			page 81


 4551 0cbb 07       		.uleb128 0x7
 4552 0cbc B9040000 		.4byte	0x4b9
 4553 0cc0 07       		.uleb128 0x7
 4554 0cc1 3E000000 		.4byte	0x3e
 4555 0cc5 07       		.uleb128 0x7
 4556 0cc6 B9040000 		.4byte	0x4b9
 4557 0cca 00       		.byte	0
 4558 0ccb 05       		.uleb128 0x5
 4559 0ccc B20C0000 		.4byte	0xcb2
 4560 0cd0 03       		.uleb128 0x3
 4561 0cd1 0C010000 		.4byte	.LASF147
 4562 0cd5 3B       		.byte	0x3b
 4563 0cd6 3A       		.byte	0x3a
 4564 0cd7 19       		.byte	0x19
 4565 0cd8 DC0C0000 		.4byte	0xcdc
 4566 0cdc 08       		.uleb128 0x8
 4567 0cdd 020E0000 		.4byte	.LASF148
 4568 0ce1 24       		.byte	0x24
 4569 0ce2 3B       		.byte	0x3b
 4570 0ce3 4B       		.byte	0x4b
 4571 0ce4 08       		.byte	0x8
 4572 0ce5 520D0000 		.4byte	0xd52
 4573 0ce9 02       		.uleb128 0x2
 4574 0cea FD020000 		.4byte	.LASF149
 4575 0cee 3B       		.byte	0x3b
 4576 0cef 4C       		.byte	0x4c
 4577 0cf0 19       		.byte	0x19
 4578 0cf1 3A080000 		.4byte	0x83a
 4579 0cf5 00       		.byte	0
 4580 0cf6 02       		.uleb128 0x2
 4581 0cf7 020C0000 		.4byte	.LASF150
 4582 0cfb 3B       		.byte	0x3b
 4583 0cfc 4D       		.byte	0x4d
 4584 0cfd 19       		.byte	0x19
 4585 0cfe 39000000 		.4byte	0x39
 4586 0d02 08       		.byte	0x8
 4587 0d03 02       		.uleb128 0x2
 4588 0d04 C50E0000 		.4byte	.LASF151
 4589 0d08 3B       		.byte	0x3b
 4590 0d09 4E       		.byte	0x4e
 4591 0d0a 1A       		.byte	0x1a
 4592 0d0b 950A0000 		.4byte	0xa95
 4593 0d0f 0C       		.byte	0xc
 4594 0d10 02       		.uleb128 0x2
 4595 0d11 110C0000 		.4byte	.LASF152
 4596 0d15 3B       		.byte	0x3b
 4597 0d16 4F       		.byte	0x4f
 4598 0d17 1A       		.byte	0x1a
 4599 0d18 950A0000 		.4byte	0xa95
 4600 0d1c 10       		.byte	0x10
 4601 0d1d 02       		.uleb128 0x2
 4602 0d1e 94070000 		.4byte	.LASF153
 4603 0d22 3B       		.byte	0x3b
 4604 0d23 51       		.byte	0x51
 4605 0d24 1A       		.byte	0x1a
 4606 0d25 950A0000 		.4byte	0xa95
 4607 0d29 14       		.byte	0x14
ARM GAS  C:\Users\DEVELO~1\AppData\Local\Temp\ccXzcT1U.s 			page 82


 4608 0d2a 02       		.uleb128 0x2
 4609 0d2b 73010000 		.4byte	.LASF154
 4610 0d2f 3B       		.byte	0x3b
 4611 0d30 52       		.byte	0x52
 4612 0d31 1A       		.byte	0x1a
 4613 0d32 950A0000 		.4byte	0xa95
 4614 0d36 18       		.byte	0x18
 4615 0d37 02       		.uleb128 0x2
 4616 0d38 C5060000 		.4byte	.LASF155
 4617 0d3c 3B       		.byte	0x3b
 4618 0d3d 53       		.byte	0x53
 4619 0d3e 19       		.byte	0x19
 4620 0d3f 520D0000 		.4byte	0xd52
 4621 0d43 1C       		.byte	0x1c
 4622 0d44 02       		.uleb128 0x2
 4623 0d45 180B0000 		.4byte	.LASF156
 4624 0d49 3B       		.byte	0x3b
 4625 0d4a 54       		.byte	0x54
 4626 0d4b 1A       		.byte	0x1a
 4627 0d4c B9040000 		.4byte	0x4b9
 4628 0d50 20       		.byte	0x20
 4629 0d51 00       		.byte	0
 4630 0d52 03       		.uleb128 0x3
 4631 0d53 8A010000 		.4byte	.LASF157
 4632 0d57 3B       		.byte	0x3b
 4633 0d58 41       		.byte	0x41
 4634 0d59 10       		.byte	0x10
 4635 0d5a 5E0D0000 		.4byte	0xd5e
 4636 0d5e 05       		.uleb128 0x5
 4637 0d5f 630D0000 		.4byte	0xd63
 4638 0d63 1F       		.uleb128 0x1f
 4639 0d64 6E0D0000 		.4byte	0xd6e
 4640 0d68 07       		.uleb128 0x7
 4641 0d69 6E0D0000 		.4byte	0xd6e
 4642 0d6d 00       		.byte	0
 4643 0d6e 05       		.uleb128 0x5
 4644 0d6f D00C0000 		.4byte	0xcd0
 4645 0d73 03       		.uleb128 0x3
 4646 0d74 39080000 		.4byte	.LASF158
 4647 0d78 3B       		.byte	0x3b
 4648 0d79 61       		.byte	0x61
 4649 0d7a 14       		.byte	0x14
 4650 0d7b D00C0000 		.4byte	0xcd0
 4651 0d7f 03       		.uleb128 0x3
 4652 0d80 53090000 		.4byte	.LASF159
 4653 0d84 3B       		.byte	0x3b
 4654 0d85 6D       		.byte	0x6d
 4655 0d86 14       		.byte	0x14
 4656 0d87 D00C0000 		.4byte	0xcd0
 4657 0d8b 20       		.uleb128 0x20
 4658 0d8c 66000000 		.4byte	0x66
 4659 0d90 3C       		.byte	0x3c
 4660 0d91 31       		.byte	0x31
 4661 0d92 B50D0000 		.4byte	0xdb5
 4662 0d96 0D       		.uleb128 0xd
 4663 0d97 AB0B0000 		.4byte	.LASF160
 4664 0d9b 00       		.byte	0
ARM GAS  C:\Users\DEVELO~1\AppData\Local\Temp\ccXzcT1U.s 			page 83


 4665 0d9c 0D       		.uleb128 0xd
 4666 0d9d 9B010000 		.4byte	.LASF161
 4667 0da1 01       		.byte	0x1
 4668 0da2 0D       		.uleb128 0xd
 4669 0da3 B2040000 		.4byte	.LASF162
 4670 0da7 02       		.byte	0x2
 4671 0da8 0D       		.uleb128 0xd
 4672 0da9 9C070000 		.4byte	.LASF163
 4673 0dad 03       		.byte	0x3
 4674 0dae 0D       		.uleb128 0xd
 4675 0daf 44010000 		.4byte	.LASF164
 4676 0db3 04       		.byte	0x4
 4677 0db4 00       		.byte	0
 4678 0db5 03       		.uleb128 0x3
 4679 0db6 F70B0000 		.4byte	.LASF165
 4680 0dba 3C       		.byte	0x3c
 4681 0dbb 37       		.byte	0x37
 4682 0dbc 03       		.byte	0x3
 4683 0dbd 8B0D0000 		.4byte	0xd8b
 4684 0dc1 03       		.uleb128 0x3
 4685 0dc2 C80C0000 		.4byte	.LASF166
 4686 0dc6 3C       		.byte	0x3c
 4687 0dc7 3C       		.byte	0x3c
 4688 0dc8 1A       		.byte	0x1a
 4689 0dc9 CD0D0000 		.4byte	0xdcd
 4690 0dcd 16       		.uleb128 0x16
 4691 0dce C80C0000 		.4byte	.LASF166
 4692 0dd2 10       		.byte	0x10
 4693 0dd3 3D       		.byte	0x3d
 4694 0dd4 3003     		.2byte	0x330
 4695 0dd6 08       		.byte	0x8
 4696 0dd7 140E0000 		.4byte	0xe14
 4697 0ddb 04       		.uleb128 0x4
 4698 0ddc 5F0D0000 		.4byte	.LASF37
 4699 0de0 3D       		.byte	0x3d
 4700 0de1 3403     		.2byte	0x334
 4701 0de3 1D       		.byte	0x1d
 4702 0de4 B50D0000 		.4byte	0xdb5
 4703 0de8 00       		.byte	0
 4704 0de9 04       		.uleb128 0x4
 4705 0dea DA0A0000 		.4byte	.LASF54
 4706 0dee 3D       		.byte	0x3d
 4707 0def 3803     		.2byte	0x338
 4708 0df1 1E       		.byte	0x1e
 4709 0df2 960E0000 		.4byte	0xe96
 4710 0df6 04       		.byte	0x4
 4711 0df7 04       		.uleb128 0x4
 4712 0df8 CE060000 		.4byte	.LASF167
 4713 0dfc 3D       		.byte	0x3d
 4714 0dfd 4003     		.2byte	0x340
 4715 0dff 1D       		.byte	0x1d
 4716 0e00 E9000000 		.4byte	0xe9
 4717 0e04 08       		.byte	0x8
 4718 0e05 06       		.uleb128 0x6
 4719 0e06 74696D00 		.ascii	"tim\000"
 4720 0e0a 3D       		.byte	0x3d
 4721 0e0b 4403     		.2byte	0x344
ARM GAS  C:\Users\DEVELO~1\AppData\Local\Temp\ccXzcT1U.s 			page 84


 4722 0e0d 1E       		.byte	0x1e
 4723 0e0e 9B0E0000 		.4byte	0xe9b
 4724 0e12 0C       		.byte	0xc
 4725 0e13 00       		.byte	0
 4726 0e14 03       		.uleb128 0x3
 4727 0e15 B4090000 		.4byte	.LASF168
 4728 0e19 3C       		.byte	0x3c
 4729 0e1a 43       		.byte	0x43
 4730 0e1b 10       		.byte	0x10
 4731 0e1c 200E0000 		.4byte	0xe20
 4732 0e20 05       		.uleb128 0x5
 4733 0e21 250E0000 		.4byte	0xe25
 4734 0e25 1F       		.uleb128 0x1f
 4735 0e26 300E0000 		.4byte	0xe30
 4736 0e2a 07       		.uleb128 0x7
 4737 0e2b 300E0000 		.4byte	0xe30
 4738 0e2f 00       		.byte	0
 4739 0e30 05       		.uleb128 0x5
 4740 0e31 C10D0000 		.4byte	0xdc1
 4741 0e35 12       		.uleb128 0x12
 4742 0e36 27070000 		.4byte	.LASF169
 4743 0e3a 3D       		.byte	0x3d
 4744 0e3b 0603     		.2byte	0x306
 4745 0e3d 12       		.byte	0x12
 4746 0e3e E9000000 		.4byte	0xe9
 4747 0e42 1D       		.uleb128 0x1d
 4748 0e43 10       		.byte	0x10
 4749 0e44 3D       		.byte	0x3d
 4750 0e45 1103     		.2byte	0x311
 4751 0e47 840E0000 		.4byte	0xe84
 4752 0e4b 04       		.uleb128 0x4
 4753 0e4c 550D0000 		.4byte	.LASF170
 4754 0e50 3D       		.byte	0x3d
 4755 0e51 1703     		.2byte	0x317
 4756 0e53 1D       		.byte	0x1d
 4757 0e54 350E0000 		.4byte	0xe35
 4758 0e58 00       		.byte	0
 4759 0e59 04       		.uleb128 0x4
 4760 0e5a 650D0000 		.4byte	.LASF171
 4761 0e5e 3D       		.byte	0x3d
 4762 0e5f 1E03     		.2byte	0x31e
 4763 0e61 1D       		.byte	0x1d
 4764 0e62 140E0000 		.4byte	0xe14
 4765 0e66 04       		.byte	0x4
 4766 0e67 06       		.uleb128 0x6
 4767 0e68 63723200 		.ascii	"cr2\000"
 4768 0e6c 3D       		.byte	0x3d
 4769 0e6d 2403     		.2byte	0x324
 4770 0e6f 1D       		.byte	0x1d
 4771 0e70 E9000000 		.4byte	0xe9
 4772 0e74 08       		.byte	0x8
 4773 0e75 04       		.uleb128 0x4
 4774 0e76 BF0A0000 		.4byte	.LASF172
 4775 0e7a 3D       		.byte	0x3d
 4776 0e7b 2A03     		.2byte	0x32a
 4777 0e7d 1D       		.byte	0x1d
 4778 0e7e E9000000 		.4byte	0xe9
ARM GAS  C:\Users\DEVELO~1\AppData\Local\Temp\ccXzcT1U.s 			page 85


 4779 0e82 0C       		.byte	0xc
 4780 0e83 00       		.byte	0
 4781 0e84 12       		.uleb128 0x12
 4782 0e85 DE010000 		.4byte	.LASF173
 4783 0e89 3D       		.byte	0x3d
 4784 0e8a 2B03     		.2byte	0x32b
 4785 0e8c 03       		.byte	0x3
 4786 0e8d 420E0000 		.4byte	0xe42
 4787 0e91 0E       		.uleb128 0xe
 4788 0e92 840E0000 		.4byte	0xe84
 4789 0e96 05       		.uleb128 0x5
 4790 0e97 910E0000 		.4byte	0xe91
 4791 0e9b 05       		.uleb128 0x5
 4792 0e9c BA0B0000 		.4byte	0xbba
 4793 0ea0 29       		.uleb128 0x29
 4794 0ea1 F7020000 		.4byte	.LASF185
 4795 0ea5 3D       		.byte	0x3d
 4796 0ea6 8303     		.2byte	0x383
 4797 0ea8 12       		.byte	0x12
 4798 0ea9 C10D0000 		.4byte	0xdc1
 4799 0ead 20       		.uleb128 0x20
 4800 0eae 66000000 		.4byte	0x66
 4801 0eb2 3E       		.byte	0x3e
 4802 0eb3 58       		.byte	0x58
 4803 0eb4 CB0E0000 		.4byte	0xecb
 4804 0eb8 0D       		.uleb128 0xd
 4805 0eb9 ED0B0000 		.4byte	.LASF174
 4806 0ebd 00       		.byte	0
 4807 0ebe 0D       		.uleb128 0xd
 4808 0ebf 63060000 		.4byte	.LASF175
 4809 0ec3 01       		.byte	0x1
 4810 0ec4 0D       		.uleb128 0xd
 4811 0ec5 760A0000 		.4byte	.LASF176
 4812 0ec9 02       		.byte	0x2
 4813 0eca 00       		.byte	0
 4814 0ecb 03       		.uleb128 0x3
 4815 0ecc 62030000 		.4byte	.LASF177
 4816 0ed0 3E       		.byte	0x3e
 4817 0ed1 5C       		.byte	0x5c
 4818 0ed2 03       		.byte	0x3
 4819 0ed3 AD0E0000 		.4byte	0xead
 4820 0ed7 03       		.uleb128 0x3
 4821 0ed8 1B000000 		.4byte	.LASF178
 4822 0edc 3E       		.byte	0x3e
 4823 0edd 61       		.byte	0x61
 4824 0ede 22       		.byte	0x22
 4825 0edf E30E0000 		.4byte	0xee3
 4826 0ee3 08       		.uleb128 0x8
 4827 0ee4 FA000000 		.4byte	.LASF179
 4828 0ee8 60       		.byte	0x60
 4829 0ee9 3E       		.byte	0x3e
 4830 0eea 7B       		.byte	0x7b
 4831 0eeb 08       		.byte	0x8
 4832 0eec 590F0000 		.4byte	0xf59
 4833 0ef0 09       		.uleb128 0x9
 4834 0ef1 766D7400 		.ascii	"vmt\000"
 4835 0ef5 3E       		.byte	0x3e
ARM GAS  C:\Users\DEVELO~1\AppData\Local\Temp\ccXzcT1U.s 			page 86


 4836 0ef6 7D       		.byte	0x7d
 4837 0ef7 21       		.byte	0x21
 4838 0ef8 0F100000 		.4byte	0x100f
 4839 0efc 00       		.byte	0
 4840 0efd 02       		.uleb128 0x2
 4841 0efe 6C030000 		.4byte	.LASF180
 4842 0f02 3E       		.byte	0x3e
 4843 0f03 7E       		.byte	0x7e
 4844 0f04 03       		.byte	0x3
 4845 0f05 820A0000 		.4byte	0xa82
 4846 0f09 04       		.byte	0x4
 4847 0f0a 02       		.uleb128 0x2
 4848 0f0b 5F0D0000 		.4byte	.LASF37
 4849 0f0f 3E       		.byte	0x3e
 4850 0f10 7E       		.byte	0x7e
 4851 0f11 03       		.byte	0x3
 4852 0f12 CB0E0000 		.4byte	0xecb
 4853 0f16 08       		.byte	0x8
 4854 0f17 02       		.uleb128 0x2
 4855 0f18 A1060000 		.4byte	.LASF181
 4856 0f1c 3E       		.byte	0x3e
 4857 0f1d 7E       		.byte	0x7e
 4858 0f1e 03       		.byte	0x3
 4859 0f1f 730D0000 		.4byte	0xd73
 4860 0f23 0C       		.byte	0xc
 4861 0f24 02       		.uleb128 0x2
 4862 0f25 6F0A0000 		.4byte	.LASF182
 4863 0f29 3E       		.byte	0x3e
 4864 0f2a 7E       		.byte	0x7e
 4865 0f2b 03       		.byte	0x3
 4866 0f2c 7F0D0000 		.4byte	0xd7f
 4867 0f30 30       		.byte	0x30
 4868 0f31 02       		.uleb128 0x2
 4869 0f32 75080000 		.4byte	.LASF183
 4870 0f36 3E       		.byte	0x3e
 4871 0f37 7E       		.byte	0x7e
 4872 0f38 03       		.byte	0x3
 4873 0f39 14100000 		.4byte	0x1014
 4874 0f3d 54       		.byte	0x54
 4875 0f3e 02       		.uleb128 0x2
 4876 0f3f CE060000 		.4byte	.LASF167
 4877 0f43 3E       		.byte	0x3e
 4878 0f44 7E       		.byte	0x7e
 4879 0f45 03       		.byte	0x3
 4880 0f46 E9000000 		.4byte	0xe9
 4881 0f4a 58       		.byte	0x58
 4882 0f4b 02       		.uleb128 0x2
 4883 0f4c FF0A0000 		.4byte	.LASF184
 4884 0f50 3E       		.byte	0x3e
 4885 0f51 7E       		.byte	0x7e
 4886 0f52 03       		.byte	0x3
 4887 0f53 C0000000 		.4byte	0xc0
 4888 0f57 5C       		.byte	0x5c
 4889 0f58 00       		.byte	0
 4890 0f59 1E       		.uleb128 0x1e
 4891 0f5a 53443100 		.ascii	"SD1\000"
 4892 0f5e 9002     		.2byte	0x290
ARM GAS  C:\Users\DEVELO~1\AppData\Local\Temp\ccXzcT1U.s 			page 87


 4893 0f60 D70E0000 		.4byte	0xed7
 4894 0f64 1E       		.uleb128 0x1e
 4895 0f65 53443500 		.ascii	"SD5\000"
 4896 0f69 9C02     		.2byte	0x29c
 4897 0f6b D70E0000 		.4byte	0xed7
 4898 0f6f 1E       		.uleb128 0x1e
 4899 0f70 53443600 		.ascii	"SD6\000"
 4900 0f74 9F02     		.2byte	0x29f
 4901 0f76 D70E0000 		.4byte	0xed7
 4902 0f7a 08       		.uleb128 0x8
 4903 0f7b 0B0E0000 		.4byte	.LASF186
 4904 0f7f 28       		.byte	0x28
 4905 0f80 3E       		.byte	0x3e
 4906 0f81 70       		.byte	0x70
 4907 0f82 08       		.byte	0x8
 4908 0f83 0A100000 		.4byte	0x100a
 4909 0f87 02       		.uleb128 0x2
 4910 0f88 43090000 		.4byte	.LASF187
 4911 0f8c 3E       		.byte	0x3e
 4912 0f8d 71       		.byte	0x71
 4913 0f8e 03       		.byte	0x3
 4914 0f8f 2D000000 		.4byte	0x2d
 4915 0f93 00       		.byte	0
 4916 0f94 02       		.uleb128 0x2
 4917 0f95 BD080000 		.4byte	.LASF188
 4918 0f99 3E       		.byte	0x3e
 4919 0f9a 71       		.byte	0x71
 4920 0f9b 03       		.byte	0x3
 4921 0f9c E50B0000 		.4byte	0xbe5
 4922 0fa0 04       		.byte	0x4
 4923 0fa1 02       		.uleb128 0x2
 4924 0fa2 E80B0000 		.4byte	.LASF189
 4925 0fa6 3E       		.byte	0x3e
 4926 0fa7 71       		.byte	0x71
 4927 0fa8 03       		.byte	0x3
 4928 0fa9 030C0000 		.4byte	0xc03
 4929 0fad 08       		.byte	0x8
 4930 0fae 09       		.uleb128 0x9
 4931 0faf 70757400 		.ascii	"put\000"
 4932 0fb3 3E       		.byte	0x3e
 4933 0fb4 71       		.byte	0x71
 4934 0fb5 03       		.byte	0x3
 4935 0fb6 1C0C0000 		.4byte	0xc1c
 4936 0fba 0C       		.byte	0xc
 4937 0fbb 09       		.uleb128 0x9
 4938 0fbc 67657400 		.ascii	"get\000"
 4939 0fc0 3E       		.byte	0x3e
 4940 0fc1 71       		.byte	0x71
 4941 0fc2 03       		.byte	0x3
 4942 0fc3 300C0000 		.4byte	0xc30
 4943 0fc7 10       		.byte	0x10
 4944 0fc8 02       		.uleb128 0x2
 4945 0fc9 8F050000 		.4byte	.LASF190
 4946 0fcd 3E       		.byte	0x3e
 4947 0fce 71       		.byte	0x71
 4948 0fcf 03       		.byte	0x3
 4949 0fd0 4E0C0000 		.4byte	0xc4e
ARM GAS  C:\Users\DEVELO~1\AppData\Local\Temp\ccXzcT1U.s 			page 88


 4950 0fd4 14       		.byte	0x14
 4951 0fd5 02       		.uleb128 0x2
 4952 0fd6 0C0C0000 		.4byte	.LASF191
 4953 0fda 3E       		.byte	0x3e
 4954 0fdb 71       		.byte	0x71
 4955 0fdc 03       		.byte	0x3
 4956 0fdd 670C0000 		.4byte	0xc67
 4957 0fe1 18       		.byte	0x18
 4958 0fe2 02       		.uleb128 0x2
 4959 0fe3 93020000 		.4byte	.LASF192
 4960 0fe7 3E       		.byte	0x3e
 4961 0fe8 71       		.byte	0x71
 4962 0fe9 03       		.byte	0x3
 4963 0fea 8A0C0000 		.4byte	0xc8a
 4964 0fee 1C       		.byte	0x1c
 4965 0fef 02       		.uleb128 0x2
 4966 0ff0 23090000 		.4byte	.LASF193
 4967 0ff4 3E       		.byte	0x3e
 4968 0ff5 71       		.byte	0x71
 4969 0ff6 03       		.byte	0x3
 4970 0ff7 AD0C0000 		.4byte	0xcad
 4971 0ffb 20       		.byte	0x20
 4972 0ffc 09       		.uleb128 0x9
 4973 0ffd 63746C00 		.ascii	"ctl\000"
 4974 1001 3E       		.byte	0x3e
 4975 1002 71       		.byte	0x71
 4976 1003 03       		.byte	0x3
 4977 1004 CB0C0000 		.4byte	0xccb
 4978 1008 24       		.byte	0x24
 4979 1009 00       		.byte	0
 4980 100a 0E       		.uleb128 0xe
 4981 100b 7A0F0000 		.4byte	0xf7a
 4982 100f 05       		.uleb128 0x5
 4983 1010 0A100000 		.4byte	0x100a
 4984 1014 05       		.uleb128 0x5
 4985 1015 F7060000 		.4byte	0x6f7
 4986 1019 19       		.uleb128 0x19
 4987 101a 1E020000 		.4byte	.LASF194
 4988 101e 40       		.byte	0x40
 4989 101f 50       		.byte	0x50
 4990 1020 2A100000 		.4byte	0x102a
 4991 1024 07       		.uleb128 0x7
 4992 1025 E9000000 		.4byte	0xe9
 4993 1029 00       		.byte	0
 4994 102a 19       		.uleb128 0x19
 4995 102b C40A0000 		.4byte	.LASF195
 4996 102f 40       		.byte	0x40
 4997 1030 4F       		.byte	0x4f
 4998 1031 40100000 		.4byte	0x1040
 4999 1035 07       		.uleb128 0x7
 5000 1036 E9000000 		.4byte	0xe9
 5001 103a 07       		.uleb128 0x7
 5002 103b E9000000 		.4byte	0xe9
 5003 103f 00       		.byte	0
 5004 1040 21       		.uleb128 0x21
 5005 1041 37040000 		.4byte	.LASF196
 5006 1045 3D       		.byte	0x3d
ARM GAS  C:\Users\DEVELO~1\AppData\Local\Temp\ccXzcT1U.s 			page 89


 5007 1046 CB03     		.2byte	0x3cb
 5008 1048 52100000 		.4byte	0x1052
 5009 104c 07       		.uleb128 0x7
 5010 104d 300E0000 		.4byte	0xe30
 5011 1051 00       		.byte	0
 5012 1052 22       		.uleb128 0x22
 5013 1053 880A0000 		.4byte	.LASF197
 5014 1057 41       		.byte	0x41
 5015 1058 1203     		.2byte	0x312
 5016 105a 22       		.uleb128 0x22
 5017 105b 6B040000 		.4byte	.LASF198
 5018 105f 36       		.byte	0x36
 5019 1060 F402     		.2byte	0x2f4
 5020 1062 19       		.uleb128 0x19
 5021 1063 9D0D0000 		.4byte	.LASF199
 5022 1067 34       		.byte	0x34
 5023 1068 FF       		.byte	0xff
 5024 1069 73100000 		.4byte	0x1073
 5025 106d 07       		.uleb128 0x7
 5026 106e 66030000 		.4byte	0x366
 5027 1072 00       		.byte	0
 5028 1073 21       		.uleb128 0x21
 5029 1074 A8000000 		.4byte	.LASF200
 5030 1078 3F       		.byte	0x3f
 5031 1079 B702     		.2byte	0x2b7
 5032 107b 85100000 		.4byte	0x1085
 5033 107f 07       		.uleb128 0x7
 5034 1080 85100000 		.4byte	0x1085
 5035 1084 00       		.byte	0
 5036 1085 05       		.uleb128 0x5
 5037 1086 D70E0000 		.4byte	0xed7
 5038 108a 19       		.uleb128 0x19
 5039 108b 6A0E0000 		.4byte	.LASF201
 5040 108f 34       		.byte	0x34
 5041 1090 FE       		.byte	0xfe
 5042 1091 9B100000 		.4byte	0x109b
 5043 1095 07       		.uleb128 0x7
 5044 1096 66030000 		.4byte	0x366
 5045 109a 00       		.byte	0
 5046 109b 23       		.uleb128 0x23
 5047 109c 1F0C0000 		.4byte	.LASF202
 5048 10a0 AF       		.byte	0xaf
 5049 10a1 00000000 		.4byte	.LFB518
 5050 10a5 AE000000 		.4byte	.LFE518-.LFB518
 5051 10a9 01       		.uleb128 0x1
 5052 10aa 9C       		.byte	0x9c
 5053 10ab 23       		.uleb128 0x23
 5054 10ac 14080000 		.4byte	.LASF203
 5055 10b0 72       		.byte	0x72
 5056 10b1 00000000 		.4byte	.LFB517
 5057 10b5 B0000000 		.4byte	.LFE517-.LFB517
 5058 10b9 01       		.uleb128 0x1
 5059 10ba 9C       		.byte	0x9c
 5060 10bb 01       		.uleb128 0x1
 5061 10bc 7C0E0000 		.4byte	.LASF204
 5062 10c0 28       		.byte	0x28
 5063 10c1 54       		.byte	0x54
ARM GAS  C:\Users\DEVELO~1\AppData\Local\Temp\ccXzcT1U.s 			page 90


 5064 10c2 00000000 		.4byte	.LFB516
 5065 10c6 0C000000 		.4byte	.LFE516-.LFB516
 5066 10ca 01       		.uleb128 0x1
 5067 10cb 9C       		.byte	0x9c
 5068 10cc 01       		.uleb128 0x1
 5069 10cd 34090000 		.4byte	.LASF205
 5070 10d1 28       		.byte	0x28
 5071 10d2 4E       		.byte	0x4e
 5072 10d3 00000000 		.4byte	.LFB515
 5073 10d7 0C000000 		.4byte	.LFE515-.LFB515
 5074 10db 01       		.uleb128 0x1
 5075 10dc 9C       		.byte	0x9c
 5076 10dd 01       		.uleb128 0x1
 5077 10de 12090000 		.4byte	.LASF206
 5078 10e2 27       		.byte	0x27
 5079 10e3 54       		.byte	0x54
 5080 10e4 00000000 		.4byte	.LFB514
 5081 10e8 0C000000 		.4byte	.LFE514-.LFB514
 5082 10ec 01       		.uleb128 0x1
 5083 10ed 9C       		.byte	0x9c
 5084 10ee 01       		.uleb128 0x1
 5085 10ef 7B050000 		.4byte	.LASF207
 5086 10f3 27       		.byte	0x27
 5087 10f4 4E       		.byte	0x4e
 5088 10f5 00000000 		.4byte	.LFB513
 5089 10f9 0C000000 		.4byte	.LFE513-.LFB513
 5090 10fd 01       		.uleb128 0x1
 5091 10fe 9C       		.byte	0x9c
 5092 10ff 01       		.uleb128 0x1
 5093 1100 0F030000 		.4byte	.LASF208
 5094 1104 26       		.byte	0x26
 5095 1105 54       		.byte	0x54
 5096 1106 00000000 		.4byte	.LFB512
 5097 110a 0C000000 		.4byte	.LFE512-.LFB512
 5098 110e 01       		.uleb128 0x1
 5099 110f 9C       		.byte	0x9c
 5100 1110 01       		.uleb128 0x1
 5101 1111 50010000 		.4byte	.LASF209
 5102 1115 26       		.byte	0x26
 5103 1116 4E       		.byte	0x4e
 5104 1117 00000000 		.4byte	.LFB511
 5105 111b 0C000000 		.4byte	.LFE511-.LFB511
 5106 111f 01       		.uleb128 0x1
 5107 1120 9C       		.byte	0x9c
 5108 1121 01       		.uleb128 0x1
 5109 1122 8A080000 		.4byte	.LASF210
 5110 1126 25       		.byte	0x25
 5111 1127 AC       		.byte	0xac
 5112 1128 00000000 		.4byte	.LFB510
 5113 112c 0C000000 		.4byte	.LFE510-.LFB510
 5114 1130 01       		.uleb128 0x1
 5115 1131 9C       		.byte	0x9c
 5116 1132 01       		.uleb128 0x1
 5117 1133 B4070000 		.4byte	.LASF211
 5118 1137 25       		.byte	0x25
 5119 1138 99       		.byte	0x99
 5120 1139 00000000 		.4byte	.LFB509
ARM GAS  C:\Users\DEVELO~1\AppData\Local\Temp\ccXzcT1U.s 			page 91


 5121 113d 0C000000 		.4byte	.LFE509-.LFB509
 5122 1141 01       		.uleb128 0x1
 5123 1142 9C       		.byte	0x9c
 5124 1143 01       		.uleb128 0x1
 5125 1144 35020000 		.4byte	.LASF212
 5126 1148 24       		.byte	0x24
 5127 1149 54       		.byte	0x54
 5128 114a 00000000 		.4byte	.LFB508
 5129 114e 0C000000 		.4byte	.LFE508-.LFB508
 5130 1152 01       		.uleb128 0x1
 5131 1153 9C       		.byte	0x9c
 5132 1154 01       		.uleb128 0x1
 5133 1155 6C020000 		.4byte	.LASF213
 5134 1159 24       		.byte	0x24
 5135 115a 4E       		.byte	0x4e
 5136 115b 00000000 		.4byte	.LFB507
 5137 115f 0C000000 		.4byte	.LFE507-.LFB507
 5138 1163 01       		.uleb128 0x1
 5139 1164 9C       		.byte	0x9c
 5140 1165 01       		.uleb128 0x1
 5141 1166 A80C0000 		.4byte	.LASF214
 5142 116a 23       		.byte	0x23
 5143 116b 54       		.byte	0x54
 5144 116c 00000000 		.4byte	.LFB506
 5145 1170 0C000000 		.4byte	.LFE506-.LFB506
 5146 1174 01       		.uleb128 0x1
 5147 1175 9C       		.byte	0x9c
 5148 1176 01       		.uleb128 0x1
 5149 1177 370E0000 		.4byte	.LASF215
 5150 117b 23       		.byte	0x23
 5151 117c 4E       		.byte	0x4e
 5152 117d 00000000 		.4byte	.LFB505
 5153 1181 0C000000 		.4byte	.LFE505-.LFB505
 5154 1185 01       		.uleb128 0x1
 5155 1186 9C       		.byte	0x9c
 5156 1187 01       		.uleb128 0x1
 5157 1188 C9030000 		.4byte	.LASF216
 5158 118c 22       		.byte	0x22
 5159 118d 54       		.byte	0x54
 5160 118e 00000000 		.4byte	.LFB504
 5161 1192 0C000000 		.4byte	.LFE504-.LFB504
 5162 1196 01       		.uleb128 0x1
 5163 1197 9C       		.byte	0x9c
 5164 1198 01       		.uleb128 0x1
 5165 1199 6F0B0000 		.4byte	.LASF217
 5166 119d 22       		.byte	0x22
 5167 119e 4E       		.byte	0x4e
 5168 119f 00000000 		.4byte	.LFB503
 5169 11a3 0C000000 		.4byte	.LFE503-.LFB503
 5170 11a7 01       		.uleb128 0x1
 5171 11a8 9C       		.byte	0x9c
 5172 11a9 17       		.uleb128 0x17
 5173 11aa AB020000 		.4byte	.LASF222
 5174 11ae 21       		.byte	0x21
 5175 11af 64       		.byte	0x64
 5176 11b0 00000000 		.4byte	.LFB502
 5177 11b4 28000000 		.4byte	.LFE502-.LFB502
ARM GAS  C:\Users\DEVELO~1\AppData\Local\Temp\ccXzcT1U.s 			page 92


 5178 11b8 01       		.uleb128 0x1
 5179 11b9 9C       		.byte	0x9c
 5180 11ba CE110000 		.4byte	0x11ce
 5181 11be 18       		.uleb128 0x18
 5182 11bf 2E0E0000 		.4byte	.LASF224
 5183 11c3 DE110000 		.4byte	0x11de
 5184 11c7 05       		.uleb128 0x5
 5185 11c8 03       		.byte	0x3
 5186 11c9 00000000 		.4byte	__func__.0
 5187 11cd 00       		.byte	0
 5188 11ce 14       		.uleb128 0x14
 5189 11cf 77030000 		.4byte	0x377
 5190 11d3 DE110000 		.4byte	0x11de
 5191 11d7 15       		.uleb128 0x15
 5192 11d8 3E000000 		.4byte	0x3e
 5193 11dc 08       		.byte	0x8
 5194 11dd 00       		.byte	0
 5195 11de 0E       		.uleb128 0xe
 5196 11df CE110000 		.4byte	0x11ce
 5197 11e3 0B       		.uleb128 0xb
 5198 11e4 66000000 		.4byte	.LASF218
 5199 11e8 21       		.byte	0x21
 5200 11e9 54       		.byte	0x54
 5201 11ea 00000000 		.4byte	.LFB501
 5202 11ee 0E000000 		.4byte	.LFE501-.LFB501
 5203 11f2 01       		.uleb128 0x1
 5204 11f3 9C       		.byte	0x9c
 5205 11f4 0B       		.uleb128 0xb
 5206 11f5 67080000 		.4byte	.LASF219
 5207 11f9 21       		.byte	0x21
 5208 11fa 4E       		.byte	0x4e
 5209 11fb 00000000 		.4byte	.LFB500
 5210 11ff 10000000 		.4byte	.LFE500-.LFB500
 5211 1203 01       		.uleb128 0x1
 5212 1204 9C       		.byte	0x9c
 5213 1205 01       		.uleb128 0x1
 5214 1206 FA0C0000 		.4byte	.LASF220
 5215 120a 20       		.byte	0x20
 5216 120b 54       		.byte	0x54
 5217 120c 00000000 		.4byte	.LFB499
 5218 1210 0C000000 		.4byte	.LFE499-.LFB499
 5219 1214 01       		.uleb128 0x1
 5220 1215 9C       		.byte	0x9c
 5221 1216 01       		.uleb128 0x1
 5222 1217 22040000 		.4byte	.LASF221
 5223 121b 20       		.byte	0x20
 5224 121c 4E       		.byte	0x4e
 5225 121d 00000000 		.4byte	.LFB498
 5226 1221 0C000000 		.4byte	.LFE498-.LFB498
 5227 1225 01       		.uleb128 0x1
 5228 1226 9C       		.byte	0x9c
 5229 1227 17       		.uleb128 0x17
 5230 1228 7A020000 		.4byte	.LASF223
 5231 122c 1F       		.byte	0x1f
 5232 122d 64       		.byte	0x64
 5233 122e 00000000 		.4byte	.LFB497
 5234 1232 20000000 		.4byte	.LFE497-.LFB497
ARM GAS  C:\Users\DEVELO~1\AppData\Local\Temp\ccXzcT1U.s 			page 93


 5235 1236 01       		.uleb128 0x1
 5236 1237 9C       		.byte	0x9c
 5237 1238 4C120000 		.4byte	0x124c
 5238 123c 18       		.uleb128 0x18
 5239 123d 2E0E0000 		.4byte	.LASF224
 5240 1241 DE110000 		.4byte	0x11de
 5241 1245 05       		.uleb128 0x5
 5242 1246 03       		.byte	0x3
 5243 1247 00000000 		.4byte	__func__.1
 5244 124b 00       		.byte	0
 5245 124c 0B       		.uleb128 0xb
 5246 124d 06070000 		.4byte	.LASF225
 5247 1251 1F       		.byte	0x1f
 5248 1252 54       		.byte	0x54
 5249 1253 00000000 		.4byte	.LFB496
 5250 1257 0E000000 		.4byte	.LFE496-.LFB496
 5251 125b 01       		.uleb128 0x1
 5252 125c 9C       		.byte	0x9c
 5253 125d 0B       		.uleb128 0xb
 5254 125e 45000000 		.4byte	.LASF226
 5255 1262 1F       		.byte	0x1f
 5256 1263 4E       		.byte	0x4e
 5257 1264 00000000 		.4byte	.LFB495
 5258 1268 10000000 		.4byte	.LFE495-.LFB495
 5259 126c 01       		.uleb128 0x1
 5260 126d 9C       		.byte	0x9c
 5261 126e 01       		.uleb128 0x1
 5262 126f EA000000 		.4byte	.LASF227
 5263 1273 1E       		.byte	0x1e
 5264 1274 5D       		.byte	0x5d
 5265 1275 00000000 		.4byte	.LFB494
 5266 1279 0C000000 		.4byte	.LFE494-.LFB494
 5267 127d 01       		.uleb128 0x1
 5268 127e 9C       		.byte	0x9c
 5269 127f 01       		.uleb128 0x1
 5270 1280 570C0000 		.4byte	.LASF228
 5271 1284 1E       		.byte	0x1e
 5272 1285 56       		.byte	0x56
 5273 1286 00000000 		.4byte	.LFB493
 5274 128a 0C000000 		.4byte	.LFE493-.LFB493
 5275 128e 01       		.uleb128 0x1
 5276 128f 9C       		.byte	0x9c
 5277 1290 01       		.uleb128 0x1
 5278 1291 CE020000 		.4byte	.LASF229
 5279 1295 1D       		.byte	0x1d
 5280 1296 45       		.byte	0x45
 5281 1297 00000000 		.4byte	.LFB492
 5282 129b 0C000000 		.4byte	.LFE492-.LFB492
 5283 129f 01       		.uleb128 0x1
 5284 12a0 9C       		.byte	0x9c
 5285 12a1 01       		.uleb128 0x1
 5286 12a2 180D0000 		.4byte	.LASF230
 5287 12a6 1D       		.byte	0x1d
 5288 12a7 3F       		.byte	0x3f
 5289 12a8 00000000 		.4byte	.LFB491
 5290 12ac 0C000000 		.4byte	.LFE491-.LFB491
 5291 12b0 01       		.uleb128 0x1
ARM GAS  C:\Users\DEVELO~1\AppData\Local\Temp\ccXzcT1U.s 			page 94


 5292 12b1 9C       		.byte	0x9c
 5293 12b2 01       		.uleb128 0x1
 5294 12b3 450E0000 		.4byte	.LASF231
 5295 12b7 1C       		.byte	0x1c
 5296 12b8 45       		.byte	0x45
 5297 12b9 00000000 		.4byte	.LFB490
 5298 12bd 0C000000 		.4byte	.LFE490-.LFB490
 5299 12c1 01       		.uleb128 0x1
 5300 12c2 9C       		.byte	0x9c
 5301 12c3 01       		.uleb128 0x1
 5302 12c4 EB0D0000 		.4byte	.LASF232
 5303 12c8 1C       		.byte	0x1c
 5304 12c9 3F       		.byte	0x3f
 5305 12ca 00000000 		.4byte	.LFB489
 5306 12ce 0C000000 		.4byte	.LFE489-.LFB489
 5307 12d2 01       		.uleb128 0x1
 5308 12d3 9C       		.byte	0x9c
 5309 12d4 01       		.uleb128 0x1
 5310 12d5 51030000 		.4byte	.LASF233
 5311 12d9 1B       		.byte	0x1b
 5312 12da 45       		.byte	0x45
 5313 12db 00000000 		.4byte	.LFB488
 5314 12df 0C000000 		.4byte	.LFE488-.LFB488
 5315 12e3 01       		.uleb128 0x1
 5316 12e4 9C       		.byte	0x9c
 5317 12e5 01       		.uleb128 0x1
 5318 12e6 A4010000 		.4byte	.LASF234
 5319 12ea 1B       		.byte	0x1b
 5320 12eb 3F       		.byte	0x3f
 5321 12ec 00000000 		.4byte	.LFB487
 5322 12f0 0C000000 		.4byte	.LFE487-.LFB487
 5323 12f4 01       		.uleb128 0x1
 5324 12f5 9C       		.byte	0x9c
 5325 12f6 01       		.uleb128 0x1
 5326 12f7 16070000 		.4byte	.LASF235
 5327 12fb 1A       		.byte	0x1a
 5328 12fc 45       		.byte	0x45
 5329 12fd 00000000 		.4byte	.LFB486
 5330 1301 0C000000 		.4byte	.LFE486-.LFB486
 5331 1305 01       		.uleb128 0x1
 5332 1306 9C       		.byte	0x9c
 5333 1307 01       		.uleb128 0x1
 5334 1308 860D0000 		.4byte	.LASF236
 5335 130c 1A       		.byte	0x1a
 5336 130d 3F       		.byte	0x3f
 5337 130e 00000000 		.4byte	.LFB485
 5338 1312 0C000000 		.4byte	.LFE485-.LFB485
 5339 1316 01       		.uleb128 0x1
 5340 1317 9C       		.byte	0x9c
 5341 1318 01       		.uleb128 0x1
 5342 1319 62090000 		.4byte	.LASF237
 5343 131d 19       		.byte	0x19
 5344 131e 45       		.byte	0x45
 5345 131f 00000000 		.4byte	.LFB484
 5346 1323 0C000000 		.4byte	.LFE484-.LFB484
 5347 1327 01       		.uleb128 0x1
 5348 1328 9C       		.byte	0x9c
ARM GAS  C:\Users\DEVELO~1\AppData\Local\Temp\ccXzcT1U.s 			page 95


 5349 1329 01       		.uleb128 0x1
 5350 132a E10A0000 		.4byte	.LASF238
 5351 132e 19       		.byte	0x19
 5352 132f 3F       		.byte	0x3f
 5353 1330 00000000 		.4byte	.LFB483
 5354 1334 0C000000 		.4byte	.LFE483-.LFB483
 5355 1338 01       		.uleb128 0x1
 5356 1339 9C       		.byte	0x9c
 5357 133a 17       		.uleb128 0x17
 5358 133b 7C0D0000 		.4byte	.LASF239
 5359 133f 18       		.byte	0x18
 5360 1340 55       		.byte	0x55
 5361 1341 00000000 		.4byte	.LFB482
 5362 1345 28000000 		.4byte	.LFE482-.LFB482
 5363 1349 01       		.uleb128 0x1
 5364 134a 9C       		.byte	0x9c
 5365 134b 5F130000 		.4byte	0x135f
 5366 134f 18       		.uleb128 0x18
 5367 1350 2E0E0000 		.4byte	.LASF224
 5368 1354 6F130000 		.4byte	0x136f
 5369 1358 05       		.uleb128 0x5
 5370 1359 03       		.byte	0x3
 5371 135a 00000000 		.4byte	__func__.2
 5372 135e 00       		.byte	0
 5373 135f 14       		.uleb128 0x14
 5374 1360 77030000 		.4byte	0x377
 5375 1364 6F130000 		.4byte	0x136f
 5376 1368 15       		.uleb128 0x15
 5377 1369 3E000000 		.4byte	0x3e
 5378 136d 09       		.byte	0x9
 5379 136e 00       		.byte	0
 5380 136f 0E       		.uleb128 0xe
 5381 1370 5F130000 		.4byte	0x135f
 5382 1374 0B       		.uleb128 0xb
 5383 1375 5D0B0000 		.4byte	.LASF240
 5384 1379 18       		.byte	0x18
 5385 137a 45       		.byte	0x45
 5386 137b 00000000 		.4byte	.LFB481
 5387 137f 0E000000 		.4byte	.LFE481-.LFB481
 5388 1383 01       		.uleb128 0x1
 5389 1384 9C       		.byte	0x9c
 5390 1385 0B       		.uleb128 0xb
 5391 1386 470C0000 		.4byte	.LASF241
 5392 138a 18       		.byte	0x18
 5393 138b 3F       		.byte	0x3f
 5394 138c 00000000 		.4byte	.LFB480
 5395 1390 10000000 		.4byte	.LFE480-.LFB480
 5396 1394 01       		.uleb128 0x1
 5397 1395 9C       		.byte	0x9c
 5398 1396 17       		.uleb128 0x17
 5399 1397 110A0000 		.4byte	.LASF242
 5400 139b 17       		.byte	0x17
 5401 139c 55       		.byte	0x55
 5402 139d 00000000 		.4byte	.LFB479
 5403 13a1 28000000 		.4byte	.LFE479-.LFB479
 5404 13a5 01       		.uleb128 0x1
 5405 13a6 9C       		.byte	0x9c
ARM GAS  C:\Users\DEVELO~1\AppData\Local\Temp\ccXzcT1U.s 			page 96


 5406 13a7 BB130000 		.4byte	0x13bb
 5407 13ab 18       		.uleb128 0x18
 5408 13ac 2E0E0000 		.4byte	.LASF224
 5409 13b0 6F130000 		.4byte	0x136f
 5410 13b4 05       		.uleb128 0x5
 5411 13b5 03       		.byte	0x3
 5412 13b6 00000000 		.4byte	__func__.3
 5413 13ba 00       		.byte	0
 5414 13bb 0B       		.uleb128 0xb
 5415 13bc BE0D0000 		.4byte	.LASF243
 5416 13c0 17       		.byte	0x17
 5417 13c1 45       		.byte	0x45
 5418 13c2 00000000 		.4byte	.LFB478
 5419 13c6 0E000000 		.4byte	.LFE478-.LFB478
 5420 13ca 01       		.uleb128 0x1
 5421 13cb 9C       		.byte	0x9c
 5422 13cc 0B       		.uleb128 0xb
 5423 13cd 20030000 		.4byte	.LASF244
 5424 13d1 17       		.byte	0x17
 5425 13d2 3F       		.byte	0x3f
 5426 13d3 00000000 		.4byte	.LFB477
 5427 13d7 10000000 		.4byte	.LFE477-.LFB477
 5428 13db 01       		.uleb128 0x1
 5429 13dc 9C       		.byte	0x9c
 5430 13dd 01       		.uleb128 0x1
 5431 13de 47080000 		.4byte	.LASF245
 5432 13e2 16       		.byte	0x16
 5433 13e3 45       		.byte	0x45
 5434 13e4 00000000 		.4byte	.LFB476
 5435 13e8 0C000000 		.4byte	.LFE476-.LFB476
 5436 13ec 01       		.uleb128 0x1
 5437 13ed 9C       		.byte	0x9c
 5438 13ee 01       		.uleb128 0x1
 5439 13ef A30E0000 		.4byte	.LASF246
 5440 13f3 16       		.byte	0x16
 5441 13f4 3F       		.byte	0x3f
 5442 13f5 00000000 		.4byte	.LFB475
 5443 13f9 0C000000 		.4byte	.LFE475-.LFB475
 5444 13fd 01       		.uleb128 0x1
 5445 13fe 9C       		.byte	0x9c
 5446 13ff 01       		.uleb128 0x1
 5447 1400 1B0A0000 		.4byte	.LASF247
 5448 1404 15       		.byte	0x15
 5449 1405 45       		.byte	0x45
 5450 1406 00000000 		.4byte	.LFB474
 5451 140a 0C000000 		.4byte	.LFE474-.LFB474
 5452 140e 01       		.uleb128 0x1
 5453 140f 9C       		.byte	0x9c
 5454 1410 01       		.uleb128 0x1
 5455 1411 78090000 		.4byte	.LASF248
 5456 1415 15       		.byte	0x15
 5457 1416 3F       		.byte	0x3f
 5458 1417 00000000 		.4byte	.LFB473
 5459 141b 0C000000 		.4byte	.LFE473-.LFB473
 5460 141f 01       		.uleb128 0x1
 5461 1420 9C       		.byte	0x9c
 5462 1421 01       		.uleb128 0x1
ARM GAS  C:\Users\DEVELO~1\AppData\Local\Temp\ccXzcT1U.s 			page 97


 5463 1422 A0040000 		.4byte	.LASF249
 5464 1426 14       		.byte	0x14
 5465 1427 45       		.byte	0x45
 5466 1428 00000000 		.4byte	.LFB472
 5467 142c 0C000000 		.4byte	.LFE472-.LFB472
 5468 1430 01       		.uleb128 0x1
 5469 1431 9C       		.byte	0x9c
 5470 1432 01       		.uleb128 0x1
 5471 1433 4D060000 		.4byte	.LASF250
 5472 1437 14       		.byte	0x14
 5473 1438 3F       		.byte	0x3f
 5474 1439 00000000 		.4byte	.LFB471
 5475 143d 0C000000 		.4byte	.LFE471-.LFB471
 5476 1441 01       		.uleb128 0x1
 5477 1442 9C       		.byte	0x9c
 5478 1443 17       		.uleb128 0x17
 5479 1444 64050000 		.4byte	.LASF251
 5480 1448 13       		.byte	0x13
 5481 1449 55       		.byte	0x55
 5482 144a 00000000 		.4byte	.LFB470
 5483 144e 28000000 		.4byte	.LFE470-.LFB470
 5484 1452 01       		.uleb128 0x1
 5485 1453 9C       		.byte	0x9c
 5486 1454 68140000 		.4byte	0x1468
 5487 1458 18       		.uleb128 0x18
 5488 1459 2E0E0000 		.4byte	.LASF224
 5489 145d DE110000 		.4byte	0x11de
 5490 1461 05       		.uleb128 0x5
 5491 1462 03       		.byte	0x3
 5492 1463 00000000 		.4byte	__func__.4
 5493 1467 00       		.byte	0
 5494 1468 0B       		.uleb128 0xb
 5495 1469 580E0000 		.4byte	.LASF252
 5496 146d 13       		.byte	0x13
 5497 146e 45       		.byte	0x45
 5498 146f 00000000 		.4byte	.LFB469
 5499 1473 0E000000 		.4byte	.LFE469-.LFB469
 5500 1477 01       		.uleb128 0x1
 5501 1478 9C       		.byte	0x9c
 5502 1479 0B       		.uleb128 0xb
 5503 147a 83020000 		.4byte	.LASF253
 5504 147e 13       		.byte	0x13
 5505 147f 3F       		.byte	0x3f
 5506 1480 00000000 		.4byte	.LFB468
 5507 1484 10000000 		.4byte	.LFE468-.LFB468
 5508 1488 01       		.uleb128 0x1
 5509 1489 9C       		.byte	0x9c
 5510 148a 01       		.uleb128 0x1
 5511 148b 45020000 		.4byte	.LASF254
 5512 148f 12       		.byte	0x12
 5513 1490 4C       		.byte	0x4c
 5514 1491 00000000 		.4byte	.LFB467
 5515 1495 0C000000 		.4byte	.LFE467-.LFB467
 5516 1499 01       		.uleb128 0x1
 5517 149a 9C       		.byte	0x9c
 5518 149b 01       		.uleb128 0x1
 5519 149c B80C0000 		.4byte	.LASF255
ARM GAS  C:\Users\DEVELO~1\AppData\Local\Temp\ccXzcT1U.s 			page 98


 5520 14a0 12       		.byte	0x12
 5521 14a1 46       		.byte	0x46
 5522 14a2 00000000 		.4byte	.LFB466
 5523 14a6 0C000000 		.4byte	.LFE466-.LFB466
 5524 14aa 01       		.uleb128 0x1
 5525 14ab 9C       		.byte	0x9c
 5526 14ac 01       		.uleb128 0x1
 5527 14ad E30C0000 		.4byte	.LASF256
 5528 14b1 11       		.byte	0x11
 5529 14b2 4C       		.byte	0x4c
 5530 14b3 00000000 		.4byte	.LFB465
 5531 14b7 0C000000 		.4byte	.LFE465-.LFB465
 5532 14bb 01       		.uleb128 0x1
 5533 14bc 9C       		.byte	0x9c
 5534 14bd 01       		.uleb128 0x1
 5535 14be C2090000 		.4byte	.LASF257
 5536 14c2 11       		.byte	0x11
 5537 14c3 46       		.byte	0x46
 5538 14c4 00000000 		.4byte	.LFB464
 5539 14c8 0C000000 		.4byte	.LFE464-.LFB464
 5540 14cc 01       		.uleb128 0x1
 5541 14cd 9C       		.byte	0x9c
 5542 14ce 01       		.uleb128 0x1
 5543 14cf 5F010000 		.4byte	.LASF258
 5544 14d3 10       		.byte	0x10
 5545 14d4 4C       		.byte	0x4c
 5546 14d5 00000000 		.4byte	.LFB463
 5547 14d9 0C000000 		.4byte	.LFE463-.LFB463
 5548 14dd 01       		.uleb128 0x1
 5549 14de 9C       		.byte	0x9c
 5550 14df 01       		.uleb128 0x1
 5551 14e0 F5080000 		.4byte	.LASF259
 5552 14e4 10       		.byte	0x10
 5553 14e5 46       		.byte	0x46
 5554 14e6 00000000 		.4byte	.LFB462
 5555 14ea 0C000000 		.4byte	.LFE462-.LFB462
 5556 14ee 01       		.uleb128 0x1
 5557 14ef 9C       		.byte	0x9c
 5558 14f0 01       		.uleb128 0x1
 5559 14f1 3B070000 		.4byte	.LASF260
 5560 14f5 0F       		.byte	0xf
 5561 14f6 4C       		.byte	0x4c
 5562 14f7 00000000 		.4byte	.LFB461
 5563 14fb 0C000000 		.4byte	.LFE461-.LFB461
 5564 14ff 01       		.uleb128 0x1
 5565 1500 9C       		.byte	0x9c
 5566 1501 01       		.uleb128 0x1
 5567 1502 C60B0000 		.4byte	.LASF261
 5568 1506 0F       		.byte	0xf
 5569 1507 46       		.byte	0x46
 5570 1508 00000000 		.4byte	.LFB460
 5571 150c 0C000000 		.4byte	.LFE460-.LFB460
 5572 1510 01       		.uleb128 0x1
 5573 1511 9C       		.byte	0x9c
 5574 1512 01       		.uleb128 0x1
 5575 1513 32010000 		.4byte	.LASF262
 5576 1517 0E       		.byte	0xe
ARM GAS  C:\Users\DEVELO~1\AppData\Local\Temp\ccXzcT1U.s 			page 99


 5577 1518 4C       		.byte	0x4c
 5578 1519 00000000 		.4byte	.LFB459
 5579 151d 0C000000 		.4byte	.LFE459-.LFB459
 5580 1521 01       		.uleb128 0x1
 5581 1522 9C       		.byte	0x9c
 5582 1523 01       		.uleb128 0x1
 5583 1524 7D070000 		.4byte	.LASF263
 5584 1528 0E       		.byte	0xe
 5585 1529 46       		.byte	0x46
 5586 152a 00000000 		.4byte	.LFB458
 5587 152e 0C000000 		.4byte	.LFE458-.LFB458
 5588 1532 01       		.uleb128 0x1
 5589 1533 9C       		.byte	0x9c
 5590 1534 01       		.uleb128 0x1
 5591 1535 D60B0000 		.4byte	.LASF264
 5592 1539 0D       		.byte	0xd
 5593 153a 4C       		.byte	0x4c
 5594 153b 00000000 		.4byte	.LFB457
 5595 153f 0C000000 		.4byte	.LFE457-.LFB457
 5596 1543 01       		.uleb128 0x1
 5597 1544 9C       		.byte	0x9c
 5598 1545 01       		.uleb128 0x1
 5599 1546 90040000 		.4byte	.LASF265
 5600 154a 0D       		.byte	0xd
 5601 154b 46       		.byte	0x46
 5602 154c 00000000 		.4byte	.LFB456
 5603 1550 0C000000 		.4byte	.LFE456-.LFB456
 5604 1554 01       		.uleb128 0x1
 5605 1555 9C       		.byte	0x9c
 5606 1556 01       		.uleb128 0x1
 5607 1557 FB070000 		.4byte	.LASF266
 5608 155b 0C       		.byte	0xc
 5609 155c 3D       		.byte	0x3d
 5610 155d 00000000 		.4byte	.LFB455
 5611 1561 0C000000 		.4byte	.LFE455-.LFB455
 5612 1565 01       		.uleb128 0x1
 5613 1566 9C       		.byte	0x9c
 5614 1567 01       		.uleb128 0x1
 5615 1568 F6010000 		.4byte	.LASF267
 5616 156c 0C       		.byte	0xc
 5617 156d 37       		.byte	0x37
 5618 156e 00000000 		.4byte	.LFB454
 5619 1572 0C000000 		.4byte	.LFE454-.LFB454
 5620 1576 01       		.uleb128 0x1
 5621 1577 9C       		.byte	0x9c
 5622 1578 01       		.uleb128 0x1
 5623 1579 00000000 		.4byte	.LASF268
 5624 157d 0B       		.byte	0xb
 5625 157e 3D       		.byte	0x3d
 5626 157f 00000000 		.4byte	.LFB453
 5627 1583 0C000000 		.4byte	.LFE453-.LFB453
 5628 1587 01       		.uleb128 0x1
 5629 1588 9C       		.byte	0x9c
 5630 1589 01       		.uleb128 0x1
 5631 158a 350A0000 		.4byte	.LASF269
 5632 158e 0B       		.byte	0xb
 5633 158f 37       		.byte	0x37
ARM GAS  C:\Users\DEVELO~1\AppData\Local\Temp\ccXzcT1U.s 			page 100


 5634 1590 00000000 		.4byte	.LFB452
 5635 1594 0C000000 		.4byte	.LFE452-.LFB452
 5636 1598 01       		.uleb128 0x1
 5637 1599 9C       		.byte	0x9c
 5638 159a 01       		.uleb128 0x1
 5639 159b 060B0000 		.4byte	.LASF270
 5640 159f 0A       		.byte	0xa
 5641 15a0 3D       		.byte	0x3d
 5642 15a1 00000000 		.4byte	.LFB451
 5643 15a5 0C000000 		.4byte	.LFE451-.LFB451
 5644 15a9 01       		.uleb128 0x1
 5645 15aa 9C       		.byte	0x9c
 5646 15ab 01       		.uleb128 0x1
 5647 15ac D4060000 		.4byte	.LASF271
 5648 15b0 0A       		.byte	0xa
 5649 15b1 37       		.byte	0x37
 5650 15b2 00000000 		.4byte	.LFB450
 5651 15b6 0C000000 		.4byte	.LFE450-.LFB450
 5652 15ba 01       		.uleb128 0x1
 5653 15bb 9C       		.byte	0x9c
 5654 15bc 01       		.uleb128 0x1
 5655 15bd 79060000 		.4byte	.LASF272
 5656 15c1 09       		.byte	0x9
 5657 15c2 3D       		.byte	0x3d
 5658 15c3 00000000 		.4byte	.LFB449
 5659 15c7 0C000000 		.4byte	.LFE449-.LFB449
 5660 15cb 01       		.uleb128 0x1
 5661 15cc 9C       		.byte	0x9c
 5662 15cd 01       		.uleb128 0x1
 5663 15ce 5C020000 		.4byte	.LASF273
 5664 15d2 09       		.byte	0x9
 5665 15d3 37       		.byte	0x37
 5666 15d4 00000000 		.4byte	.LFB448
 5667 15d8 0C000000 		.4byte	.LFE448-.LFB448
 5668 15dc 01       		.uleb128 0x1
 5669 15dd 9C       		.byte	0x9c
 5670 15de 01       		.uleb128 0x1
 5671 15df 28000000 		.4byte	.LASF274
 5672 15e3 08       		.byte	0x8
 5673 15e4 3D       		.byte	0x3d
 5674 15e5 00000000 		.4byte	.LFB447
 5675 15e9 0C000000 		.4byte	.LFE447-.LFB447
 5676 15ed 01       		.uleb128 0x1
 5677 15ee 9C       		.byte	0x9c
 5678 15ef 01       		.uleb128 0x1
 5679 15f0 1C080000 		.4byte	.LASF275
 5680 15f4 08       		.byte	0x8
 5681 15f5 37       		.byte	0x37
 5682 15f6 00000000 		.4byte	.LFB446
 5683 15fa 0C000000 		.4byte	.LFE446-.LFB446
 5684 15fe 01       		.uleb128 0x1
 5685 15ff 9C       		.byte	0x9c
 5686 1600 01       		.uleb128 0x1
 5687 1601 88090000 		.4byte	.LASF276
 5688 1605 07       		.byte	0x7
 5689 1606 3D       		.byte	0x3d
 5690 1607 00000000 		.4byte	.LFB445
ARM GAS  C:\Users\DEVELO~1\AppData\Local\Temp\ccXzcT1U.s 			page 101


 5691 160b 0C000000 		.4byte	.LFE445-.LFB445
 5692 160f 01       		.uleb128 0x1
 5693 1610 9C       		.byte	0x9c
 5694 1611 01       		.uleb128 0x1
 5695 1612 E4060000 		.4byte	.LASF277
 5696 1616 07       		.byte	0x7
 5697 1617 37       		.byte	0x37
 5698 1618 00000000 		.4byte	.LFB444
 5699 161c 0C000000 		.4byte	.LFE444-.LFB444
 5700 1620 01       		.uleb128 0x1
 5701 1621 9C       		.byte	0x9c
 5702 1622 01       		.uleb128 0x1
 5703 1623 B1030000 		.4byte	.LASF278
 5704 1627 06       		.byte	0x6
 5705 1628 3D       		.byte	0x3d
 5706 1629 00000000 		.4byte	.LFB443
 5707 162d 0C000000 		.4byte	.LFE443-.LFB443
 5708 1631 01       		.uleb128 0x1
 5709 1632 9C       		.byte	0x9c
 5710 1633 01       		.uleb128 0x1
 5711 1634 D9000000 		.4byte	.LASF279
 5712 1638 06       		.byte	0x6
 5713 1639 37       		.byte	0x37
 5714 163a 00000000 		.4byte	.LFB442
 5715 163e 0C000000 		.4byte	.LFE442-.LFB442
 5716 1642 01       		.uleb128 0x1
 5717 1643 9C       		.byte	0x9c
 5718 1644 01       		.uleb128 0x1
 5719 1645 DB070000 		.4byte	.LASF280
 5720 1649 05       		.byte	0x5
 5721 164a 3D       		.byte	0x3d
 5722 164b 00000000 		.4byte	.LFB441
 5723 164f 0C000000 		.4byte	.LFE441-.LFB441
 5724 1653 01       		.uleb128 0x1
 5725 1654 9C       		.byte	0x9c
 5726 1655 01       		.uleb128 0x1
 5727 1656 4D070000 		.4byte	.LASF281
 5728 165a 05       		.byte	0x5
 5729 165b 37       		.byte	0x37
 5730 165c 00000000 		.4byte	.LFB440
 5731 1660 0C000000 		.4byte	.LFE440-.LFB440
 5732 1664 01       		.uleb128 0x1
 5733 1665 9C       		.byte	0x9c
 5734 1666 01       		.uleb128 0x1
 5735 1667 C3080000 		.4byte	.LASF282
 5736 166b 04       		.byte	0x4
 5737 166c 3D       		.byte	0x3d
 5738 166d 00000000 		.4byte	.LFB439
 5739 1671 0C000000 		.4byte	.LFE439-.LFB439
 5740 1675 01       		.uleb128 0x1
 5741 1676 9C       		.byte	0x9c
 5742 1677 01       		.uleb128 0x1
 5743 1678 AF0D0000 		.4byte	.LASF283
 5744 167c 04       		.byte	0x4
 5745 167d 37       		.byte	0x37
 5746 167e 00000000 		.4byte	.LFB438
 5747 1682 0C000000 		.4byte	.LFE438-.LFB438
ARM GAS  C:\Users\DEVELO~1\AppData\Local\Temp\ccXzcT1U.s 			page 102


 5748 1686 01       		.uleb128 0x1
 5749 1687 9C       		.byte	0x9c
 5750 1688 01       		.uleb128 0x1
 5751 1689 9A020000 		.4byte	.LASF284
 5752 168d 03       		.byte	0x3
 5753 168e 3D       		.byte	0x3d
 5754 168f 00000000 		.4byte	.LFB437
 5755 1693 0C000000 		.4byte	.LFE437-.LFB437
 5756 1697 01       		.uleb128 0x1
 5757 1698 9C       		.byte	0x9c
 5758 1699 01       		.uleb128 0x1
 5759 169a F00A0000 		.4byte	.LASF285
 5760 169e 03       		.byte	0x3
 5761 169f 37       		.byte	0x37
 5762 16a0 00000000 		.4byte	.LFB436
 5763 16a4 0C000000 		.4byte	.LFE436-.LFB436
 5764 16a8 01       		.uleb128 0x1
 5765 16a9 9C       		.byte	0x9c
 5766 16aa 01       		.uleb128 0x1
 5767 16ab 3C0D0000 		.4byte	.LASF286
 5768 16af 02       		.byte	0x2
 5769 16b0 3D       		.byte	0x3d
 5770 16b1 00000000 		.4byte	.LFB435
 5771 16b5 0C000000 		.4byte	.LFE435-.LFB435
 5772 16b9 01       		.uleb128 0x1
 5773 16ba 9C       		.byte	0x9c
 5774 16bb 01       		.uleb128 0x1
 5775 16bc EC070000 		.4byte	.LASF287
 5776 16c0 02       		.byte	0x2
 5777 16c1 37       		.byte	0x37
 5778 16c2 00000000 		.4byte	.LFB434
 5779 16c6 0C000000 		.4byte	.LFE434-.LFB434
 5780 16ca 01       		.uleb128 0x1
 5781 16cb 9C       		.byte	0x9c
 5782 16cc 01       		.uleb128 0x1
 5783 16cd 3C0B0000 		.4byte	.LASF288
 5784 16d1 01       		.byte	0x1
 5785 16d2 3D       		.byte	0x3d
 5786 16d3 00000000 		.4byte	.LFB433
 5787 16d7 0C000000 		.4byte	.LFE433-.LFB433
 5788 16db 01       		.uleb128 0x1
 5789 16dc 9C       		.byte	0x9c
 5790 16dd 01       		.uleb128 0x1
 5791 16de 34030000 		.4byte	.LASF289
 5792 16e2 01       		.byte	0x1
 5793 16e3 37       		.byte	0x37
 5794 16e4 00000000 		.4byte	.LFB432
 5795 16e8 0C000000 		.4byte	.LFE432-.LFB432
 5796 16ec 01       		.uleb128 0x1
 5797 16ed 9C       		.byte	0x9c
 5798 16ee 00       		.byte	0
 5799              		.section	.debug_abbrev,"",%progbits
 5800              	.Ldebug_abbrev0:
 5801 0000 01       		.uleb128 0x1
 5802 0001 2E       		.uleb128 0x2e
 5803 0002 00       		.byte	0
 5804 0003 03       		.uleb128 0x3
ARM GAS  C:\Users\DEVELO~1\AppData\Local\Temp\ccXzcT1U.s 			page 103


 5805 0004 0E       		.uleb128 0xe
 5806 0005 3A       		.uleb128 0x3a
 5807 0006 0B       		.uleb128 0xb
 5808 0007 3B       		.uleb128 0x3b
 5809 0008 0B       		.uleb128 0xb
 5810 0009 39       		.uleb128 0x39
 5811 000a 21       		.uleb128 0x21
 5812 000b 14       		.sleb128 20
 5813 000c 27       		.uleb128 0x27
 5814 000d 19       		.uleb128 0x19
 5815 000e 11       		.uleb128 0x11
 5816 000f 01       		.uleb128 0x1
 5817 0010 12       		.uleb128 0x12
 5818 0011 06       		.uleb128 0x6
 5819 0012 40       		.uleb128 0x40
 5820 0013 18       		.uleb128 0x18
 5821 0014 7A       		.uleb128 0x7a
 5822 0015 19       		.uleb128 0x19
 5823 0016 00       		.byte	0
 5824 0017 00       		.byte	0
 5825 0018 02       		.uleb128 0x2
 5826 0019 0D       		.uleb128 0xd
 5827 001a 00       		.byte	0
 5828 001b 03       		.uleb128 0x3
 5829 001c 0E       		.uleb128 0xe
 5830 001d 3A       		.uleb128 0x3a
 5831 001e 0B       		.uleb128 0xb
 5832 001f 3B       		.uleb128 0x3b
 5833 0020 0B       		.uleb128 0xb
 5834 0021 39       		.uleb128 0x39
 5835 0022 0B       		.uleb128 0xb
 5836 0023 49       		.uleb128 0x49
 5837 0024 13       		.uleb128 0x13
 5838 0025 38       		.uleb128 0x38
 5839 0026 0B       		.uleb128 0xb
 5840 0027 00       		.byte	0
 5841 0028 00       		.byte	0
 5842 0029 03       		.uleb128 0x3
 5843 002a 16       		.uleb128 0x16
 5844 002b 00       		.byte	0
 5845 002c 03       		.uleb128 0x3
 5846 002d 0E       		.uleb128 0xe
 5847 002e 3A       		.uleb128 0x3a
 5848 002f 0B       		.uleb128 0xb
 5849 0030 3B       		.uleb128 0x3b
 5850 0031 0B       		.uleb128 0xb
 5851 0032 39       		.uleb128 0x39
 5852 0033 0B       		.uleb128 0xb
 5853 0034 49       		.uleb128 0x49
 5854 0035 13       		.uleb128 0x13
 5855 0036 00       		.byte	0
 5856 0037 00       		.byte	0
 5857 0038 04       		.uleb128 0x4
 5858 0039 0D       		.uleb128 0xd
 5859 003a 00       		.byte	0
 5860 003b 03       		.uleb128 0x3
 5861 003c 0E       		.uleb128 0xe
ARM GAS  C:\Users\DEVELO~1\AppData\Local\Temp\ccXzcT1U.s 			page 104


 5862 003d 3A       		.uleb128 0x3a
 5863 003e 0B       		.uleb128 0xb
 5864 003f 3B       		.uleb128 0x3b
 5865 0040 05       		.uleb128 0x5
 5866 0041 39       		.uleb128 0x39
 5867 0042 0B       		.uleb128 0xb
 5868 0043 49       		.uleb128 0x49
 5869 0044 13       		.uleb128 0x13
 5870 0045 38       		.uleb128 0x38
 5871 0046 0B       		.uleb128 0xb
 5872 0047 00       		.byte	0
 5873 0048 00       		.byte	0
 5874 0049 05       		.uleb128 0x5
 5875 004a 0F       		.uleb128 0xf
 5876 004b 00       		.byte	0
 5877 004c 0B       		.uleb128 0xb
 5878 004d 21       		.uleb128 0x21
 5879 004e 04       		.sleb128 4
 5880 004f 49       		.uleb128 0x49
 5881 0050 13       		.uleb128 0x13
 5882 0051 00       		.byte	0
 5883 0052 00       		.byte	0
 5884 0053 06       		.uleb128 0x6
 5885 0054 0D       		.uleb128 0xd
 5886 0055 00       		.byte	0
 5887 0056 03       		.uleb128 0x3
 5888 0057 08       		.uleb128 0x8
 5889 0058 3A       		.uleb128 0x3a
 5890 0059 0B       		.uleb128 0xb
 5891 005a 3B       		.uleb128 0x3b
 5892 005b 05       		.uleb128 0x5
 5893 005c 39       		.uleb128 0x39
 5894 005d 0B       		.uleb128 0xb
 5895 005e 49       		.uleb128 0x49
 5896 005f 13       		.uleb128 0x13
 5897 0060 38       		.uleb128 0x38
 5898 0061 0B       		.uleb128 0xb
 5899 0062 00       		.byte	0
 5900 0063 00       		.byte	0
 5901 0064 07       		.uleb128 0x7
 5902 0065 05       		.uleb128 0x5
 5903 0066 00       		.byte	0
 5904 0067 49       		.uleb128 0x49
 5905 0068 13       		.uleb128 0x13
 5906 0069 00       		.byte	0
 5907 006a 00       		.byte	0
 5908 006b 08       		.uleb128 0x8
 5909 006c 13       		.uleb128 0x13
 5910 006d 01       		.byte	0x1
 5911 006e 03       		.uleb128 0x3
 5912 006f 0E       		.uleb128 0xe
 5913 0070 0B       		.uleb128 0xb
 5914 0071 0B       		.uleb128 0xb
 5915 0072 3A       		.uleb128 0x3a
 5916 0073 0B       		.uleb128 0xb
 5917 0074 3B       		.uleb128 0x3b
 5918 0075 0B       		.uleb128 0xb
ARM GAS  C:\Users\DEVELO~1\AppData\Local\Temp\ccXzcT1U.s 			page 105


 5919 0076 39       		.uleb128 0x39
 5920 0077 0B       		.uleb128 0xb
 5921 0078 01       		.uleb128 0x1
 5922 0079 13       		.uleb128 0x13
 5923 007a 00       		.byte	0
 5924 007b 00       		.byte	0
 5925 007c 09       		.uleb128 0x9
 5926 007d 0D       		.uleb128 0xd
 5927 007e 00       		.byte	0
 5928 007f 03       		.uleb128 0x3
 5929 0080 08       		.uleb128 0x8
 5930 0081 3A       		.uleb128 0x3a
 5931 0082 0B       		.uleb128 0xb
 5932 0083 3B       		.uleb128 0x3b
 5933 0084 0B       		.uleb128 0xb
 5934 0085 39       		.uleb128 0x39
 5935 0086 0B       		.uleb128 0xb
 5936 0087 49       		.uleb128 0x49
 5937 0088 13       		.uleb128 0x13
 5938 0089 38       		.uleb128 0x38
 5939 008a 0B       		.uleb128 0xb
 5940 008b 00       		.byte	0
 5941 008c 00       		.byte	0
 5942 008d 0A       		.uleb128 0xa
 5943 008e 24       		.uleb128 0x24
 5944 008f 00       		.byte	0
 5945 0090 0B       		.uleb128 0xb
 5946 0091 0B       		.uleb128 0xb
 5947 0092 3E       		.uleb128 0x3e
 5948 0093 0B       		.uleb128 0xb
 5949 0094 03       		.uleb128 0x3
 5950 0095 0E       		.uleb128 0xe
 5951 0096 00       		.byte	0
 5952 0097 00       		.byte	0
 5953 0098 0B       		.uleb128 0xb
 5954 0099 2E       		.uleb128 0x2e
 5955 009a 00       		.byte	0
 5956 009b 03       		.uleb128 0x3
 5957 009c 0E       		.uleb128 0xe
 5958 009d 3A       		.uleb128 0x3a
 5959 009e 0B       		.uleb128 0xb
 5960 009f 3B       		.uleb128 0x3b
 5961 00a0 0B       		.uleb128 0xb
 5962 00a1 39       		.uleb128 0x39
 5963 00a2 21       		.uleb128 0x21
 5964 00a3 14       		.sleb128 20
 5965 00a4 27       		.uleb128 0x27
 5966 00a5 19       		.uleb128 0x19
 5967 00a6 11       		.uleb128 0x11
 5968 00a7 01       		.uleb128 0x1
 5969 00a8 12       		.uleb128 0x12
 5970 00a9 06       		.uleb128 0x6
 5971 00aa 40       		.uleb128 0x40
 5972 00ab 18       		.uleb128 0x18
 5973 00ac 7C       		.uleb128 0x7c
 5974 00ad 19       		.uleb128 0x19
 5975 00ae 00       		.byte	0
ARM GAS  C:\Users\DEVELO~1\AppData\Local\Temp\ccXzcT1U.s 			page 106


 5976 00af 00       		.byte	0
 5977 00b0 0C       		.uleb128 0xc
 5978 00b1 15       		.uleb128 0x15
 5979 00b2 01       		.byte	0x1
 5980 00b3 27       		.uleb128 0x27
 5981 00b4 19       		.uleb128 0x19
 5982 00b5 49       		.uleb128 0x49
 5983 00b6 13       		.uleb128 0x13
 5984 00b7 01       		.uleb128 0x1
 5985 00b8 13       		.uleb128 0x13
 5986 00b9 00       		.byte	0
 5987 00ba 00       		.byte	0
 5988 00bb 0D       		.uleb128 0xd
 5989 00bc 28       		.uleb128 0x28
 5990 00bd 00       		.byte	0
 5991 00be 03       		.uleb128 0x3
 5992 00bf 0E       		.uleb128 0xe
 5993 00c0 1C       		.uleb128 0x1c
 5994 00c1 0B       		.uleb128 0xb
 5995 00c2 00       		.byte	0
 5996 00c3 00       		.byte	0
 5997 00c4 0E       		.uleb128 0xe
 5998 00c5 26       		.uleb128 0x26
 5999 00c6 00       		.byte	0
 6000 00c7 49       		.uleb128 0x49
 6001 00c8 13       		.uleb128 0x13
 6002 00c9 00       		.byte	0
 6003 00ca 00       		.byte	0
 6004 00cb 0F       		.uleb128 0xf
 6005 00cc 0D       		.uleb128 0xd
 6006 00cd 00       		.byte	0
 6007 00ce 03       		.uleb128 0x3
 6008 00cf 0E       		.uleb128 0xe
 6009 00d0 3A       		.uleb128 0x3a
 6010 00d1 0B       		.uleb128 0xb
 6011 00d2 3B       		.uleb128 0x3b
 6012 00d3 0B       		.uleb128 0xb
 6013 00d4 39       		.uleb128 0x39
 6014 00d5 0B       		.uleb128 0xb
 6015 00d6 49       		.uleb128 0x49
 6016 00d7 13       		.uleb128 0x13
 6017 00d8 00       		.byte	0
 6018 00d9 00       		.byte	0
 6019 00da 10       		.uleb128 0x10
 6020 00db 35       		.uleb128 0x35
 6021 00dc 00       		.byte	0
 6022 00dd 49       		.uleb128 0x49
 6023 00de 13       		.uleb128 0x13
 6024 00df 00       		.byte	0
 6025 00e0 00       		.byte	0
 6026 00e1 11       		.uleb128 0x11
 6027 00e2 13       		.uleb128 0x13
 6028 00e3 01       		.byte	0x1
 6029 00e4 0B       		.uleb128 0xb
 6030 00e5 0B       		.uleb128 0xb
 6031 00e6 3A       		.uleb128 0x3a
 6032 00e7 21       		.uleb128 0x21
ARM GAS  C:\Users\DEVELO~1\AppData\Local\Temp\ccXzcT1U.s 			page 107


 6033 00e8 34       		.sleb128 52
 6034 00e9 3B       		.uleb128 0x3b
 6035 00ea 0B       		.uleb128 0xb
 6036 00eb 39       		.uleb128 0x39
 6037 00ec 0B       		.uleb128 0xb
 6038 00ed 01       		.uleb128 0x1
 6039 00ee 13       		.uleb128 0x13
 6040 00ef 00       		.byte	0
 6041 00f0 00       		.byte	0
 6042 00f1 12       		.uleb128 0x12
 6043 00f2 16       		.uleb128 0x16
 6044 00f3 00       		.byte	0
 6045 00f4 03       		.uleb128 0x3
 6046 00f5 0E       		.uleb128 0xe
 6047 00f6 3A       		.uleb128 0x3a
 6048 00f7 0B       		.uleb128 0xb
 6049 00f8 3B       		.uleb128 0x3b
 6050 00f9 05       		.uleb128 0x5
 6051 00fa 39       		.uleb128 0x39
 6052 00fb 0B       		.uleb128 0xb
 6053 00fc 49       		.uleb128 0x49
 6054 00fd 13       		.uleb128 0x13
 6055 00fe 00       		.byte	0
 6056 00ff 00       		.byte	0
 6057 0100 13       		.uleb128 0x13
 6058 0101 0D       		.uleb128 0xd
 6059 0102 00       		.byte	0
 6060 0103 03       		.uleb128 0x3
 6061 0104 0E       		.uleb128 0xe
 6062 0105 3A       		.uleb128 0x3a
 6063 0106 21       		.uleb128 0x21
 6064 0107 2F       		.sleb128 47
 6065 0108 3B       		.uleb128 0x3b
 6066 0109 05       		.uleb128 0x5
 6067 010a 39       		.uleb128 0x39
 6068 010b 0B       		.uleb128 0xb
 6069 010c 49       		.uleb128 0x49
 6070 010d 13       		.uleb128 0x13
 6071 010e 00       		.byte	0
 6072 010f 00       		.byte	0
 6073 0110 14       		.uleb128 0x14
 6074 0111 01       		.uleb128 0x1
 6075 0112 01       		.byte	0x1
 6076 0113 49       		.uleb128 0x49
 6077 0114 13       		.uleb128 0x13
 6078 0115 01       		.uleb128 0x1
 6079 0116 13       		.uleb128 0x13
 6080 0117 00       		.byte	0
 6081 0118 00       		.byte	0
 6082 0119 15       		.uleb128 0x15
 6083 011a 21       		.uleb128 0x21
 6084 011b 00       		.byte	0
 6085 011c 49       		.uleb128 0x49
 6086 011d 13       		.uleb128 0x13
 6087 011e 2F       		.uleb128 0x2f
 6088 011f 0B       		.uleb128 0xb
 6089 0120 00       		.byte	0
ARM GAS  C:\Users\DEVELO~1\AppData\Local\Temp\ccXzcT1U.s 			page 108


 6090 0121 00       		.byte	0
 6091 0122 16       		.uleb128 0x16
 6092 0123 13       		.uleb128 0x13
 6093 0124 01       		.byte	0x1
 6094 0125 03       		.uleb128 0x3
 6095 0126 0E       		.uleb128 0xe
 6096 0127 0B       		.uleb128 0xb
 6097 0128 0B       		.uleb128 0xb
 6098 0129 3A       		.uleb128 0x3a
 6099 012a 0B       		.uleb128 0xb
 6100 012b 3B       		.uleb128 0x3b
 6101 012c 05       		.uleb128 0x5
 6102 012d 39       		.uleb128 0x39
 6103 012e 0B       		.uleb128 0xb
 6104 012f 01       		.uleb128 0x1
 6105 0130 13       		.uleb128 0x13
 6106 0131 00       		.byte	0
 6107 0132 00       		.byte	0
 6108 0133 17       		.uleb128 0x17
 6109 0134 2E       		.uleb128 0x2e
 6110 0135 01       		.byte	0x1
 6111 0136 3F       		.uleb128 0x3f
 6112 0137 19       		.uleb128 0x19
 6113 0138 03       		.uleb128 0x3
 6114 0139 0E       		.uleb128 0xe
 6115 013a 3A       		.uleb128 0x3a
 6116 013b 0B       		.uleb128 0xb
 6117 013c 3B       		.uleb128 0x3b
 6118 013d 0B       		.uleb128 0xb
 6119 013e 39       		.uleb128 0x39
 6120 013f 21       		.uleb128 0x21
 6121 0140 01       		.sleb128 1
 6122 0141 27       		.uleb128 0x27
 6123 0142 19       		.uleb128 0x19
 6124 0143 11       		.uleb128 0x11
 6125 0144 01       		.uleb128 0x1
 6126 0145 12       		.uleb128 0x12
 6127 0146 06       		.uleb128 0x6
 6128 0147 40       		.uleb128 0x40
 6129 0148 18       		.uleb128 0x18
 6130 0149 7C       		.uleb128 0x7c
 6131 014a 19       		.uleb128 0x19
 6132 014b 01       		.uleb128 0x1
 6133 014c 13       		.uleb128 0x13
 6134 014d 00       		.byte	0
 6135 014e 00       		.byte	0
 6136 014f 18       		.uleb128 0x18
 6137 0150 34       		.uleb128 0x34
 6138 0151 00       		.byte	0
 6139 0152 03       		.uleb128 0x3
 6140 0153 0E       		.uleb128 0xe
 6141 0154 49       		.uleb128 0x49
 6142 0155 13       		.uleb128 0x13
 6143 0156 34       		.uleb128 0x34
 6144 0157 19       		.uleb128 0x19
 6145 0158 02       		.uleb128 0x2
 6146 0159 18       		.uleb128 0x18
ARM GAS  C:\Users\DEVELO~1\AppData\Local\Temp\ccXzcT1U.s 			page 109


 6147 015a 00       		.byte	0
 6148 015b 00       		.byte	0
 6149 015c 19       		.uleb128 0x19
 6150 015d 2E       		.uleb128 0x2e
 6151 015e 01       		.byte	0x1
 6152 015f 3F       		.uleb128 0x3f
 6153 0160 19       		.uleb128 0x19
 6154 0161 03       		.uleb128 0x3
 6155 0162 0E       		.uleb128 0xe
 6156 0163 3A       		.uleb128 0x3a
 6157 0164 0B       		.uleb128 0xb
 6158 0165 3B       		.uleb128 0x3b
 6159 0166 0B       		.uleb128 0xb
 6160 0167 39       		.uleb128 0x39
 6161 0168 21       		.uleb128 0x21
 6162 0169 08       		.sleb128 8
 6163 016a 27       		.uleb128 0x27
 6164 016b 19       		.uleb128 0x19
 6165 016c 3C       		.uleb128 0x3c
 6166 016d 19       		.uleb128 0x19
 6167 016e 01       		.uleb128 0x1
 6168 016f 13       		.uleb128 0x13
 6169 0170 00       		.byte	0
 6170 0171 00       		.byte	0
 6171 0172 1A       		.uleb128 0x1a
 6172 0173 17       		.uleb128 0x17
 6173 0174 01       		.byte	0x1
 6174 0175 0B       		.uleb128 0xb
 6175 0176 0B       		.uleb128 0xb
 6176 0177 3A       		.uleb128 0x3a
 6177 0178 0B       		.uleb128 0xb
 6178 0179 3B       		.uleb128 0x3b
 6179 017a 0B       		.uleb128 0xb
 6180 017b 39       		.uleb128 0x39
 6181 017c 21       		.uleb128 0x21
 6182 017d 03       		.sleb128 3
 6183 017e 01       		.uleb128 0x1
 6184 017f 13       		.uleb128 0x13
 6185 0180 00       		.byte	0
 6186 0181 00       		.byte	0
 6187 0182 1B       		.uleb128 0x1b
 6188 0183 0D       		.uleb128 0xd
 6189 0184 00       		.byte	0
 6190 0185 03       		.uleb128 0x3
 6191 0186 08       		.uleb128 0x8
 6192 0187 3A       		.uleb128 0x3a
 6193 0188 21       		.uleb128 0x21
 6194 0189 34       		.sleb128 52
 6195 018a 3B       		.uleb128 0x3b
 6196 018b 0B       		.uleb128 0xb
 6197 018c 39       		.uleb128 0x39
 6198 018d 21       		.uleb128 0x21
 6199 018e 07       		.sleb128 7
 6200 018f 49       		.uleb128 0x49
 6201 0190 13       		.uleb128 0x13
 6202 0191 00       		.byte	0
 6203 0192 00       		.byte	0
ARM GAS  C:\Users\DEVELO~1\AppData\Local\Temp\ccXzcT1U.s 			page 110


 6204 0193 1C       		.uleb128 0x1c
 6205 0194 0D       		.uleb128 0xd
 6206 0195 00       		.byte	0
 6207 0196 03       		.uleb128 0x3
 6208 0197 0E       		.uleb128 0xe
 6209 0198 3A       		.uleb128 0x3a
 6210 0199 21       		.uleb128 0x21
 6211 019a 34       		.sleb128 52
 6212 019b 3B       		.uleb128 0x3b
 6213 019c 0B       		.uleb128 0xb
 6214 019d 39       		.uleb128 0x39
 6215 019e 21       		.uleb128 0x21
 6216 019f 19       		.sleb128 25
 6217 01a0 49       		.uleb128 0x49
 6218 01a1 13       		.uleb128 0x13
 6219 01a2 0D       		.uleb128 0xd
 6220 01a3 0B       		.uleb128 0xb
 6221 01a4 6B       		.uleb128 0x6b
 6222 01a5 0B       		.uleb128 0xb
 6223 01a6 00       		.byte	0
 6224 01a7 00       		.byte	0
 6225 01a8 1D       		.uleb128 0x1d
 6226 01a9 13       		.uleb128 0x13
 6227 01aa 01       		.byte	0x1
 6228 01ab 0B       		.uleb128 0xb
 6229 01ac 0B       		.uleb128 0xb
 6230 01ad 3A       		.uleb128 0x3a
 6231 01ae 0B       		.uleb128 0xb
 6232 01af 3B       		.uleb128 0x3b
 6233 01b0 05       		.uleb128 0x5
 6234 01b1 39       		.uleb128 0x39
 6235 01b2 21       		.uleb128 0x21
 6236 01b3 09       		.sleb128 9
 6237 01b4 01       		.uleb128 0x1
 6238 01b5 13       		.uleb128 0x13
 6239 01b6 00       		.byte	0
 6240 01b7 00       		.byte	0
 6241 01b8 1E       		.uleb128 0x1e
 6242 01b9 34       		.uleb128 0x34
 6243 01ba 00       		.byte	0
 6244 01bb 03       		.uleb128 0x3
 6245 01bc 08       		.uleb128 0x8
 6246 01bd 3A       		.uleb128 0x3a
 6247 01be 21       		.uleb128 0x21
 6248 01bf 3F       		.sleb128 63
 6249 01c0 3B       		.uleb128 0x3b
 6250 01c1 05       		.uleb128 0x5
 6251 01c2 39       		.uleb128 0x39
 6252 01c3 21       		.uleb128 0x21
 6253 01c4 15       		.sleb128 21
 6254 01c5 49       		.uleb128 0x49
 6255 01c6 13       		.uleb128 0x13
 6256 01c7 3F       		.uleb128 0x3f
 6257 01c8 19       		.uleb128 0x19
 6258 01c9 3C       		.uleb128 0x3c
 6259 01ca 19       		.uleb128 0x19
 6260 01cb 00       		.byte	0
ARM GAS  C:\Users\DEVELO~1\AppData\Local\Temp\ccXzcT1U.s 			page 111


 6261 01cc 00       		.byte	0
 6262 01cd 1F       		.uleb128 0x1f
 6263 01ce 15       		.uleb128 0x15
 6264 01cf 01       		.byte	0x1
 6265 01d0 27       		.uleb128 0x27
 6266 01d1 19       		.uleb128 0x19
 6267 01d2 01       		.uleb128 0x1
 6268 01d3 13       		.uleb128 0x13
 6269 01d4 00       		.byte	0
 6270 01d5 00       		.byte	0
 6271 01d6 20       		.uleb128 0x20
 6272 01d7 04       		.uleb128 0x4
 6273 01d8 01       		.byte	0x1
 6274 01d9 3E       		.uleb128 0x3e
 6275 01da 21       		.uleb128 0x21
 6276 01db 07       		.sleb128 7
 6277 01dc 0B       		.uleb128 0xb
 6278 01dd 21       		.uleb128 0x21
 6279 01de 01       		.sleb128 1
 6280 01df 49       		.uleb128 0x49
 6281 01e0 13       		.uleb128 0x13
 6282 01e1 3A       		.uleb128 0x3a
 6283 01e2 0B       		.uleb128 0xb
 6284 01e3 3B       		.uleb128 0x3b
 6285 01e4 0B       		.uleb128 0xb
 6286 01e5 39       		.uleb128 0x39
 6287 01e6 21       		.uleb128 0x21
 6288 01e7 0E       		.sleb128 14
 6289 01e8 01       		.uleb128 0x1
 6290 01e9 13       		.uleb128 0x13
 6291 01ea 00       		.byte	0
 6292 01eb 00       		.byte	0
 6293 01ec 21       		.uleb128 0x21
 6294 01ed 2E       		.uleb128 0x2e
 6295 01ee 01       		.byte	0x1
 6296 01ef 3F       		.uleb128 0x3f
 6297 01f0 19       		.uleb128 0x19
 6298 01f1 03       		.uleb128 0x3
 6299 01f2 0E       		.uleb128 0xe
 6300 01f3 3A       		.uleb128 0x3a
 6301 01f4 0B       		.uleb128 0xb
 6302 01f5 3B       		.uleb128 0x3b
 6303 01f6 05       		.uleb128 0x5
 6304 01f7 39       		.uleb128 0x39
 6305 01f8 21       		.uleb128 0x21
 6306 01f9 08       		.sleb128 8
 6307 01fa 27       		.uleb128 0x27
 6308 01fb 19       		.uleb128 0x19
 6309 01fc 3C       		.uleb128 0x3c
 6310 01fd 19       		.uleb128 0x19
 6311 01fe 01       		.uleb128 0x1
 6312 01ff 13       		.uleb128 0x13
 6313 0200 00       		.byte	0
 6314 0201 00       		.byte	0
 6315 0202 22       		.uleb128 0x22
 6316 0203 2E       		.uleb128 0x2e
 6317 0204 00       		.byte	0
ARM GAS  C:\Users\DEVELO~1\AppData\Local\Temp\ccXzcT1U.s 			page 112


 6318 0205 3F       		.uleb128 0x3f
 6319 0206 19       		.uleb128 0x19
 6320 0207 03       		.uleb128 0x3
 6321 0208 0E       		.uleb128 0xe
 6322 0209 3A       		.uleb128 0x3a
 6323 020a 0B       		.uleb128 0xb
 6324 020b 3B       		.uleb128 0x3b
 6325 020c 05       		.uleb128 0x5
 6326 020d 39       		.uleb128 0x39
 6327 020e 21       		.uleb128 0x21
 6328 020f 08       		.sleb128 8
 6329 0210 27       		.uleb128 0x27
 6330 0211 19       		.uleb128 0x19
 6331 0212 3C       		.uleb128 0x3c
 6332 0213 19       		.uleb128 0x19
 6333 0214 00       		.byte	0
 6334 0215 00       		.byte	0
 6335 0216 23       		.uleb128 0x23
 6336 0217 2E       		.uleb128 0x2e
 6337 0218 00       		.byte	0
 6338 0219 3F       		.uleb128 0x3f
 6339 021a 19       		.uleb128 0x19
 6340 021b 03       		.uleb128 0x3
 6341 021c 0E       		.uleb128 0xe
 6342 021d 3A       		.uleb128 0x3a
 6343 021e 21       		.uleb128 0x21
 6344 021f 29       		.sleb128 41
 6345 0220 3B       		.uleb128 0x3b
 6346 0221 0B       		.uleb128 0xb
 6347 0222 39       		.uleb128 0x39
 6348 0223 21       		.uleb128 0x21
 6349 0224 06       		.sleb128 6
 6350 0225 27       		.uleb128 0x27
 6351 0226 19       		.uleb128 0x19
 6352 0227 11       		.uleb128 0x11
 6353 0228 01       		.uleb128 0x1
 6354 0229 12       		.uleb128 0x12
 6355 022a 06       		.uleb128 0x6
 6356 022b 40       		.uleb128 0x40
 6357 022c 18       		.uleb128 0x18
 6358 022d 7C       		.uleb128 0x7c
 6359 022e 19       		.uleb128 0x19
 6360 022f 00       		.byte	0
 6361 0230 00       		.byte	0
 6362 0231 24       		.uleb128 0x24
 6363 0232 11       		.uleb128 0x11
 6364 0233 01       		.byte	0x1
 6365 0234 25       		.uleb128 0x25
 6366 0235 0E       		.uleb128 0xe
 6367 0236 13       		.uleb128 0x13
 6368 0237 0B       		.uleb128 0xb
 6369 0238 03       		.uleb128 0x3
 6370 0239 0E       		.uleb128 0xe
 6371 023a 1B       		.uleb128 0x1b
 6372 023b 0E       		.uleb128 0xe
 6373 023c 55       		.uleb128 0x55
 6374 023d 17       		.uleb128 0x17
ARM GAS  C:\Users\DEVELO~1\AppData\Local\Temp\ccXzcT1U.s 			page 113


 6375 023e 11       		.uleb128 0x11
 6376 023f 01       		.uleb128 0x1
 6377 0240 10       		.uleb128 0x10
 6378 0241 17       		.uleb128 0x17
 6379 0242 00       		.byte	0
 6380 0243 00       		.byte	0
 6381 0244 25       		.uleb128 0x25
 6382 0245 24       		.uleb128 0x24
 6383 0246 00       		.byte	0
 6384 0247 0B       		.uleb128 0xb
 6385 0248 0B       		.uleb128 0xb
 6386 0249 3E       		.uleb128 0x3e
 6387 024a 0B       		.uleb128 0xb
 6388 024b 03       		.uleb128 0x3
 6389 024c 08       		.uleb128 0x8
 6390 024d 00       		.byte	0
 6391 024e 00       		.byte	0
 6392 024f 26       		.uleb128 0x26
 6393 0250 13       		.uleb128 0x13
 6394 0251 01       		.byte	0x1
 6395 0252 03       		.uleb128 0x3
 6396 0253 0E       		.uleb128 0xe
 6397 0254 0B       		.uleb128 0xb
 6398 0255 05       		.uleb128 0x5
 6399 0256 3A       		.uleb128 0x3a
 6400 0257 0B       		.uleb128 0xb
 6401 0258 3B       		.uleb128 0x3b
 6402 0259 05       		.uleb128 0x5
 6403 025a 39       		.uleb128 0x39
 6404 025b 0B       		.uleb128 0xb
 6405 025c 01       		.uleb128 0x1
 6406 025d 13       		.uleb128 0x13
 6407 025e 00       		.byte	0
 6408 025f 00       		.byte	0
 6409 0260 27       		.uleb128 0x27
 6410 0261 0F       		.uleb128 0xf
 6411 0262 00       		.byte	0
 6412 0263 0B       		.uleb128 0xb
 6413 0264 0B       		.uleb128 0xb
 6414 0265 00       		.byte	0
 6415 0266 00       		.byte	0
 6416 0267 28       		.uleb128 0x28
 6417 0268 13       		.uleb128 0x13
 6418 0269 01       		.byte	0x1
 6419 026a 0B       		.uleb128 0xb
 6420 026b 05       		.uleb128 0x5
 6421 026c 3A       		.uleb128 0x3a
 6422 026d 0B       		.uleb128 0xb
 6423 026e 3B       		.uleb128 0x3b
 6424 026f 0B       		.uleb128 0xb
 6425 0270 39       		.uleb128 0x39
 6426 0271 0B       		.uleb128 0xb
 6427 0272 01       		.uleb128 0x1
 6428 0273 13       		.uleb128 0x13
 6429 0274 00       		.byte	0
 6430 0275 00       		.byte	0
 6431 0276 29       		.uleb128 0x29
ARM GAS  C:\Users\DEVELO~1\AppData\Local\Temp\ccXzcT1U.s 			page 114


 6432 0277 34       		.uleb128 0x34
 6433 0278 00       		.byte	0
 6434 0279 03       		.uleb128 0x3
 6435 027a 0E       		.uleb128 0xe
 6436 027b 3A       		.uleb128 0x3a
 6437 027c 0B       		.uleb128 0xb
 6438 027d 3B       		.uleb128 0x3b
 6439 027e 05       		.uleb128 0x5
 6440 027f 39       		.uleb128 0x39
 6441 0280 0B       		.uleb128 0xb
 6442 0281 49       		.uleb128 0x49
 6443 0282 13       		.uleb128 0x13
 6444 0283 3F       		.uleb128 0x3f
 6445 0284 19       		.uleb128 0x19
 6446 0285 3C       		.uleb128 0x3c
 6447 0286 19       		.uleb128 0x19
 6448 0287 00       		.byte	0
 6449 0288 00       		.byte	0
 6450 0289 00       		.byte	0
 6451              		.section	.debug_aranges,"",%progbits
 6452 0000 CC020000 		.4byte	0x2cc
 6453 0004 0200     		.2byte	0x2
 6454 0006 00000000 		.4byte	.Ldebug_info0
 6455 000a 04       		.byte	0x4
 6456 000b 00       		.byte	0
 6457 000c 0000     		.2byte	0
 6458 000e 0000     		.2byte	0
 6459 0010 00000000 		.4byte	.LFB432
 6460 0014 0C000000 		.4byte	.LFE432-.LFB432
 6461 0018 00000000 		.4byte	.LFB433
 6462 001c 0C000000 		.4byte	.LFE433-.LFB433
 6463 0020 00000000 		.4byte	.LFB434
 6464 0024 0C000000 		.4byte	.LFE434-.LFB434
 6465 0028 00000000 		.4byte	.LFB435
 6466 002c 0C000000 		.4byte	.LFE435-.LFB435
 6467 0030 00000000 		.4byte	.LFB436
 6468 0034 0C000000 		.4byte	.LFE436-.LFB436
 6469 0038 00000000 		.4byte	.LFB437
 6470 003c 0C000000 		.4byte	.LFE437-.LFB437
 6471 0040 00000000 		.4byte	.LFB438
 6472 0044 0C000000 		.4byte	.LFE438-.LFB438
 6473 0048 00000000 		.4byte	.LFB439
 6474 004c 0C000000 		.4byte	.LFE439-.LFB439
 6475 0050 00000000 		.4byte	.LFB440
 6476 0054 0C000000 		.4byte	.LFE440-.LFB440
 6477 0058 00000000 		.4byte	.LFB441
 6478 005c 0C000000 		.4byte	.LFE441-.LFB441
 6479 0060 00000000 		.4byte	.LFB442
 6480 0064 0C000000 		.4byte	.LFE442-.LFB442
 6481 0068 00000000 		.4byte	.LFB443
 6482 006c 0C000000 		.4byte	.LFE443-.LFB443
 6483 0070 00000000 		.4byte	.LFB444
 6484 0074 0C000000 		.4byte	.LFE444-.LFB444
 6485 0078 00000000 		.4byte	.LFB445
 6486 007c 0C000000 		.4byte	.LFE445-.LFB445
 6487 0080 00000000 		.4byte	.LFB446
 6488 0084 0C000000 		.4byte	.LFE446-.LFB446
ARM GAS  C:\Users\DEVELO~1\AppData\Local\Temp\ccXzcT1U.s 			page 115


 6489 0088 00000000 		.4byte	.LFB447
 6490 008c 0C000000 		.4byte	.LFE447-.LFB447
 6491 0090 00000000 		.4byte	.LFB448
 6492 0094 0C000000 		.4byte	.LFE448-.LFB448
 6493 0098 00000000 		.4byte	.LFB449
 6494 009c 0C000000 		.4byte	.LFE449-.LFB449
 6495 00a0 00000000 		.4byte	.LFB450
 6496 00a4 0C000000 		.4byte	.LFE450-.LFB450
 6497 00a8 00000000 		.4byte	.LFB451
 6498 00ac 0C000000 		.4byte	.LFE451-.LFB451
 6499 00b0 00000000 		.4byte	.LFB452
 6500 00b4 0C000000 		.4byte	.LFE452-.LFB452
 6501 00b8 00000000 		.4byte	.LFB453
 6502 00bc 0C000000 		.4byte	.LFE453-.LFB453
 6503 00c0 00000000 		.4byte	.LFB454
 6504 00c4 0C000000 		.4byte	.LFE454-.LFB454
 6505 00c8 00000000 		.4byte	.LFB455
 6506 00cc 0C000000 		.4byte	.LFE455-.LFB455
 6507 00d0 00000000 		.4byte	.LFB456
 6508 00d4 0C000000 		.4byte	.LFE456-.LFB456
 6509 00d8 00000000 		.4byte	.LFB457
 6510 00dc 0C000000 		.4byte	.LFE457-.LFB457
 6511 00e0 00000000 		.4byte	.LFB458
 6512 00e4 0C000000 		.4byte	.LFE458-.LFB458
 6513 00e8 00000000 		.4byte	.LFB459
 6514 00ec 0C000000 		.4byte	.LFE459-.LFB459
 6515 00f0 00000000 		.4byte	.LFB460
 6516 00f4 0C000000 		.4byte	.LFE460-.LFB460
 6517 00f8 00000000 		.4byte	.LFB461
 6518 00fc 0C000000 		.4byte	.LFE461-.LFB461
 6519 0100 00000000 		.4byte	.LFB462
 6520 0104 0C000000 		.4byte	.LFE462-.LFB462
 6521 0108 00000000 		.4byte	.LFB463
 6522 010c 0C000000 		.4byte	.LFE463-.LFB463
 6523 0110 00000000 		.4byte	.LFB464
 6524 0114 0C000000 		.4byte	.LFE464-.LFB464
 6525 0118 00000000 		.4byte	.LFB465
 6526 011c 0C000000 		.4byte	.LFE465-.LFB465
 6527 0120 00000000 		.4byte	.LFB466
 6528 0124 0C000000 		.4byte	.LFE466-.LFB466
 6529 0128 00000000 		.4byte	.LFB467
 6530 012c 0C000000 		.4byte	.LFE467-.LFB467
 6531 0130 00000000 		.4byte	.LFB468
 6532 0134 10000000 		.4byte	.LFE468-.LFB468
 6533 0138 00000000 		.4byte	.LFB469
 6534 013c 0E000000 		.4byte	.LFE469-.LFB469
 6535 0140 00000000 		.4byte	.LFB470
 6536 0144 28000000 		.4byte	.LFE470-.LFB470
 6537 0148 00000000 		.4byte	.LFB471
 6538 014c 0C000000 		.4byte	.LFE471-.LFB471
 6539 0150 00000000 		.4byte	.LFB472
 6540 0154 0C000000 		.4byte	.LFE472-.LFB472
 6541 0158 00000000 		.4byte	.LFB473
 6542 015c 0C000000 		.4byte	.LFE473-.LFB473
 6543 0160 00000000 		.4byte	.LFB474
 6544 0164 0C000000 		.4byte	.LFE474-.LFB474
 6545 0168 00000000 		.4byte	.LFB475
ARM GAS  C:\Users\DEVELO~1\AppData\Local\Temp\ccXzcT1U.s 			page 116


 6546 016c 0C000000 		.4byte	.LFE475-.LFB475
 6547 0170 00000000 		.4byte	.LFB476
 6548 0174 0C000000 		.4byte	.LFE476-.LFB476
 6549 0178 00000000 		.4byte	.LFB477
 6550 017c 10000000 		.4byte	.LFE477-.LFB477
 6551 0180 00000000 		.4byte	.LFB478
 6552 0184 0E000000 		.4byte	.LFE478-.LFB478
 6553 0188 00000000 		.4byte	.LFB479
 6554 018c 28000000 		.4byte	.LFE479-.LFB479
 6555 0190 00000000 		.4byte	.LFB480
 6556 0194 10000000 		.4byte	.LFE480-.LFB480
 6557 0198 00000000 		.4byte	.LFB481
 6558 019c 0E000000 		.4byte	.LFE481-.LFB481
 6559 01a0 00000000 		.4byte	.LFB482
 6560 01a4 28000000 		.4byte	.LFE482-.LFB482
 6561 01a8 00000000 		.4byte	.LFB483
 6562 01ac 0C000000 		.4byte	.LFE483-.LFB483
 6563 01b0 00000000 		.4byte	.LFB484
 6564 01b4 0C000000 		.4byte	.LFE484-.LFB484
 6565 01b8 00000000 		.4byte	.LFB485
 6566 01bc 0C000000 		.4byte	.LFE485-.LFB485
 6567 01c0 00000000 		.4byte	.LFB486
 6568 01c4 0C000000 		.4byte	.LFE486-.LFB486
 6569 01c8 00000000 		.4byte	.LFB487
 6570 01cc 0C000000 		.4byte	.LFE487-.LFB487
 6571 01d0 00000000 		.4byte	.LFB488
 6572 01d4 0C000000 		.4byte	.LFE488-.LFB488
 6573 01d8 00000000 		.4byte	.LFB489
 6574 01dc 0C000000 		.4byte	.LFE489-.LFB489
 6575 01e0 00000000 		.4byte	.LFB490
 6576 01e4 0C000000 		.4byte	.LFE490-.LFB490
 6577 01e8 00000000 		.4byte	.LFB491
 6578 01ec 0C000000 		.4byte	.LFE491-.LFB491
 6579 01f0 00000000 		.4byte	.LFB492
 6580 01f4 0C000000 		.4byte	.LFE492-.LFB492
 6581 01f8 00000000 		.4byte	.LFB493
 6582 01fc 0C000000 		.4byte	.LFE493-.LFB493
 6583 0200 00000000 		.4byte	.LFB494
 6584 0204 0C000000 		.4byte	.LFE494-.LFB494
 6585 0208 00000000 		.4byte	.LFB495
 6586 020c 10000000 		.4byte	.LFE495-.LFB495
 6587 0210 00000000 		.4byte	.LFB496
 6588 0214 0E000000 		.4byte	.LFE496-.LFB496
 6589 0218 00000000 		.4byte	.LFB497
 6590 021c 20000000 		.4byte	.LFE497-.LFB497
 6591 0220 00000000 		.4byte	.LFB498
 6592 0224 0C000000 		.4byte	.LFE498-.LFB498
 6593 0228 00000000 		.4byte	.LFB499
 6594 022c 0C000000 		.4byte	.LFE499-.LFB499
 6595 0230 00000000 		.4byte	.LFB500
 6596 0234 10000000 		.4byte	.LFE500-.LFB500
 6597 0238 00000000 		.4byte	.LFB501
 6598 023c 0E000000 		.4byte	.LFE501-.LFB501
 6599 0240 00000000 		.4byte	.LFB502
 6600 0244 28000000 		.4byte	.LFE502-.LFB502
 6601 0248 00000000 		.4byte	.LFB503
 6602 024c 0C000000 		.4byte	.LFE503-.LFB503
ARM GAS  C:\Users\DEVELO~1\AppData\Local\Temp\ccXzcT1U.s 			page 117


 6603 0250 00000000 		.4byte	.LFB504
 6604 0254 0C000000 		.4byte	.LFE504-.LFB504
 6605 0258 00000000 		.4byte	.LFB505
 6606 025c 0C000000 		.4byte	.LFE505-.LFB505
 6607 0260 00000000 		.4byte	.LFB506
 6608 0264 0C000000 		.4byte	.LFE506-.LFB506
 6609 0268 00000000 		.4byte	.LFB507
 6610 026c 0C000000 		.4byte	.LFE507-.LFB507
 6611 0270 00000000 		.4byte	.LFB508
 6612 0274 0C000000 		.4byte	.LFE508-.LFB508
 6613 0278 00000000 		.4byte	.LFB509
 6614 027c 0C000000 		.4byte	.LFE509-.LFB509
 6615 0280 00000000 		.4byte	.LFB510
 6616 0284 0C000000 		.4byte	.LFE510-.LFB510
 6617 0288 00000000 		.4byte	.LFB511
 6618 028c 0C000000 		.4byte	.LFE511-.LFB511
 6619 0290 00000000 		.4byte	.LFB512
 6620 0294 0C000000 		.4byte	.LFE512-.LFB512
 6621 0298 00000000 		.4byte	.LFB513
 6622 029c 0C000000 		.4byte	.LFE513-.LFB513
 6623 02a0 00000000 		.4byte	.LFB514
 6624 02a4 0C000000 		.4byte	.LFE514-.LFB514
 6625 02a8 00000000 		.4byte	.LFB515
 6626 02ac 0C000000 		.4byte	.LFE515-.LFB515
 6627 02b0 00000000 		.4byte	.LFB516
 6628 02b4 0C000000 		.4byte	.LFE516-.LFB516
 6629 02b8 00000000 		.4byte	.LFB517
 6630 02bc B0000000 		.4byte	.LFE517-.LFB517
 6631 02c0 00000000 		.4byte	.LFB518
 6632 02c4 AE000000 		.4byte	.LFE518-.LFB518
 6633 02c8 00000000 		.4byte	0
 6634 02cc 00000000 		.4byte	0
 6635              		.section	.debug_rnglists,"",%progbits
 6636              	.Ldebug_ranges0:
 6637 0000 15020000 		.4byte	.Ldebug_ranges3-.Ldebug_ranges2
 6638              	.Ldebug_ranges2:
 6639 0004 0500     		.2byte	0x5
 6640 0006 04       		.byte	0x4
 6641 0007 00       		.byte	0
 6642 0008 00000000 		.4byte	0
 6643              	.LLRL0:
 6644 000c 07       		.byte	0x7
 6645 000d 00000000 		.4byte	.LFB432
 6646 0011 0C       		.uleb128 .LFE432-.LFB432
 6647 0012 07       		.byte	0x7
 6648 0013 00000000 		.4byte	.LFB433
 6649 0017 0C       		.uleb128 .LFE433-.LFB433
 6650 0018 07       		.byte	0x7
 6651 0019 00000000 		.4byte	.LFB434
 6652 001d 0C       		.uleb128 .LFE434-.LFB434
 6653 001e 07       		.byte	0x7
 6654 001f 00000000 		.4byte	.LFB435
 6655 0023 0C       		.uleb128 .LFE435-.LFB435
 6656 0024 07       		.byte	0x7
 6657 0025 00000000 		.4byte	.LFB436
 6658 0029 0C       		.uleb128 .LFE436-.LFB436
 6659 002a 07       		.byte	0x7
ARM GAS  C:\Users\DEVELO~1\AppData\Local\Temp\ccXzcT1U.s 			page 118


 6660 002b 00000000 		.4byte	.LFB437
 6661 002f 0C       		.uleb128 .LFE437-.LFB437
 6662 0030 07       		.byte	0x7
 6663 0031 00000000 		.4byte	.LFB438
 6664 0035 0C       		.uleb128 .LFE438-.LFB438
 6665 0036 07       		.byte	0x7
 6666 0037 00000000 		.4byte	.LFB439
 6667 003b 0C       		.uleb128 .LFE439-.LFB439
 6668 003c 07       		.byte	0x7
 6669 003d 00000000 		.4byte	.LFB440
 6670 0041 0C       		.uleb128 .LFE440-.LFB440
 6671 0042 07       		.byte	0x7
 6672 0043 00000000 		.4byte	.LFB441
 6673 0047 0C       		.uleb128 .LFE441-.LFB441
 6674 0048 07       		.byte	0x7
 6675 0049 00000000 		.4byte	.LFB442
 6676 004d 0C       		.uleb128 .LFE442-.LFB442
 6677 004e 07       		.byte	0x7
 6678 004f 00000000 		.4byte	.LFB443
 6679 0053 0C       		.uleb128 .LFE443-.LFB443
 6680 0054 07       		.byte	0x7
 6681 0055 00000000 		.4byte	.LFB444
 6682 0059 0C       		.uleb128 .LFE444-.LFB444
 6683 005a 07       		.byte	0x7
 6684 005b 00000000 		.4byte	.LFB445
 6685 005f 0C       		.uleb128 .LFE445-.LFB445
 6686 0060 07       		.byte	0x7
 6687 0061 00000000 		.4byte	.LFB446
 6688 0065 0C       		.uleb128 .LFE446-.LFB446
 6689 0066 07       		.byte	0x7
 6690 0067 00000000 		.4byte	.LFB447
 6691 006b 0C       		.uleb128 .LFE447-.LFB447
 6692 006c 07       		.byte	0x7
 6693 006d 00000000 		.4byte	.LFB448
 6694 0071 0C       		.uleb128 .LFE448-.LFB448
 6695 0072 07       		.byte	0x7
 6696 0073 00000000 		.4byte	.LFB449
 6697 0077 0C       		.uleb128 .LFE449-.LFB449
 6698 0078 07       		.byte	0x7
 6699 0079 00000000 		.4byte	.LFB450
 6700 007d 0C       		.uleb128 .LFE450-.LFB450
 6701 007e 07       		.byte	0x7
 6702 007f 00000000 		.4byte	.LFB451
 6703 0083 0C       		.uleb128 .LFE451-.LFB451
 6704 0084 07       		.byte	0x7
 6705 0085 00000000 		.4byte	.LFB452
 6706 0089 0C       		.uleb128 .LFE452-.LFB452
 6707 008a 07       		.byte	0x7
 6708 008b 00000000 		.4byte	.LFB453
 6709 008f 0C       		.uleb128 .LFE453-.LFB453
 6710 0090 07       		.byte	0x7
 6711 0091 00000000 		.4byte	.LFB454
 6712 0095 0C       		.uleb128 .LFE454-.LFB454
 6713 0096 07       		.byte	0x7
 6714 0097 00000000 		.4byte	.LFB455
 6715 009b 0C       		.uleb128 .LFE455-.LFB455
 6716 009c 07       		.byte	0x7
ARM GAS  C:\Users\DEVELO~1\AppData\Local\Temp\ccXzcT1U.s 			page 119


 6717 009d 00000000 		.4byte	.LFB456
 6718 00a1 0C       		.uleb128 .LFE456-.LFB456
 6719 00a2 07       		.byte	0x7
 6720 00a3 00000000 		.4byte	.LFB457
 6721 00a7 0C       		.uleb128 .LFE457-.LFB457
 6722 00a8 07       		.byte	0x7
 6723 00a9 00000000 		.4byte	.LFB458
 6724 00ad 0C       		.uleb128 .LFE458-.LFB458
 6725 00ae 07       		.byte	0x7
 6726 00af 00000000 		.4byte	.LFB459
 6727 00b3 0C       		.uleb128 .LFE459-.LFB459
 6728 00b4 07       		.byte	0x7
 6729 00b5 00000000 		.4byte	.LFB460
 6730 00b9 0C       		.uleb128 .LFE460-.LFB460
 6731 00ba 07       		.byte	0x7
 6732 00bb 00000000 		.4byte	.LFB461
 6733 00bf 0C       		.uleb128 .LFE461-.LFB461
 6734 00c0 07       		.byte	0x7
 6735 00c1 00000000 		.4byte	.LFB462
 6736 00c5 0C       		.uleb128 .LFE462-.LFB462
 6737 00c6 07       		.byte	0x7
 6738 00c7 00000000 		.4byte	.LFB463
 6739 00cb 0C       		.uleb128 .LFE463-.LFB463
 6740 00cc 07       		.byte	0x7
 6741 00cd 00000000 		.4byte	.LFB464
 6742 00d1 0C       		.uleb128 .LFE464-.LFB464
 6743 00d2 07       		.byte	0x7
 6744 00d3 00000000 		.4byte	.LFB465
 6745 00d7 0C       		.uleb128 .LFE465-.LFB465
 6746 00d8 07       		.byte	0x7
 6747 00d9 00000000 		.4byte	.LFB466
 6748 00dd 0C       		.uleb128 .LFE466-.LFB466
 6749 00de 07       		.byte	0x7
 6750 00df 00000000 		.4byte	.LFB467
 6751 00e3 0C       		.uleb128 .LFE467-.LFB467
 6752 00e4 07       		.byte	0x7
 6753 00e5 00000000 		.4byte	.LFB468
 6754 00e9 10       		.uleb128 .LFE468-.LFB468
 6755 00ea 07       		.byte	0x7
 6756 00eb 00000000 		.4byte	.LFB469
 6757 00ef 0E       		.uleb128 .LFE469-.LFB469
 6758 00f0 07       		.byte	0x7
 6759 00f1 00000000 		.4byte	.LFB470
 6760 00f5 28       		.uleb128 .LFE470-.LFB470
 6761 00f6 07       		.byte	0x7
 6762 00f7 00000000 		.4byte	.LFB471
 6763 00fb 0C       		.uleb128 .LFE471-.LFB471
 6764 00fc 07       		.byte	0x7
 6765 00fd 00000000 		.4byte	.LFB472
 6766 0101 0C       		.uleb128 .LFE472-.LFB472
 6767 0102 07       		.byte	0x7
 6768 0103 00000000 		.4byte	.LFB473
 6769 0107 0C       		.uleb128 .LFE473-.LFB473
 6770 0108 07       		.byte	0x7
 6771 0109 00000000 		.4byte	.LFB474
 6772 010d 0C       		.uleb128 .LFE474-.LFB474
 6773 010e 07       		.byte	0x7
ARM GAS  C:\Users\DEVELO~1\AppData\Local\Temp\ccXzcT1U.s 			page 120


 6774 010f 00000000 		.4byte	.LFB475
 6775 0113 0C       		.uleb128 .LFE475-.LFB475
 6776 0114 07       		.byte	0x7
 6777 0115 00000000 		.4byte	.LFB476
 6778 0119 0C       		.uleb128 .LFE476-.LFB476
 6779 011a 07       		.byte	0x7
 6780 011b 00000000 		.4byte	.LFB477
 6781 011f 10       		.uleb128 .LFE477-.LFB477
 6782 0120 07       		.byte	0x7
 6783 0121 00000000 		.4byte	.LFB478
 6784 0125 0E       		.uleb128 .LFE478-.LFB478
 6785 0126 07       		.byte	0x7
 6786 0127 00000000 		.4byte	.LFB479
 6787 012b 28       		.uleb128 .LFE479-.LFB479
 6788 012c 07       		.byte	0x7
 6789 012d 00000000 		.4byte	.LFB480
 6790 0131 10       		.uleb128 .LFE480-.LFB480
 6791 0132 07       		.byte	0x7
 6792 0133 00000000 		.4byte	.LFB481
 6793 0137 0E       		.uleb128 .LFE481-.LFB481
 6794 0138 07       		.byte	0x7
 6795 0139 00000000 		.4byte	.LFB482
 6796 013d 28       		.uleb128 .LFE482-.LFB482
 6797 013e 07       		.byte	0x7
 6798 013f 00000000 		.4byte	.LFB483
 6799 0143 0C       		.uleb128 .LFE483-.LFB483
 6800 0144 07       		.byte	0x7
 6801 0145 00000000 		.4byte	.LFB484
 6802 0149 0C       		.uleb128 .LFE484-.LFB484
 6803 014a 07       		.byte	0x7
 6804 014b 00000000 		.4byte	.LFB485
 6805 014f 0C       		.uleb128 .LFE485-.LFB485
 6806 0150 07       		.byte	0x7
 6807 0151 00000000 		.4byte	.LFB486
 6808 0155 0C       		.uleb128 .LFE486-.LFB486
 6809 0156 07       		.byte	0x7
 6810 0157 00000000 		.4byte	.LFB487
 6811 015b 0C       		.uleb128 .LFE487-.LFB487
 6812 015c 07       		.byte	0x7
 6813 015d 00000000 		.4byte	.LFB488
 6814 0161 0C       		.uleb128 .LFE488-.LFB488
 6815 0162 07       		.byte	0x7
 6816 0163 00000000 		.4byte	.LFB489
 6817 0167 0C       		.uleb128 .LFE489-.LFB489
 6818 0168 07       		.byte	0x7
 6819 0169 00000000 		.4byte	.LFB490
 6820 016d 0C       		.uleb128 .LFE490-.LFB490
 6821 016e 07       		.byte	0x7
 6822 016f 00000000 		.4byte	.LFB491
 6823 0173 0C       		.uleb128 .LFE491-.LFB491
 6824 0174 07       		.byte	0x7
 6825 0175 00000000 		.4byte	.LFB492
 6826 0179 0C       		.uleb128 .LFE492-.LFB492
 6827 017a 07       		.byte	0x7
 6828 017b 00000000 		.4byte	.LFB493
 6829 017f 0C       		.uleb128 .LFE493-.LFB493
 6830 0180 07       		.byte	0x7
ARM GAS  C:\Users\DEVELO~1\AppData\Local\Temp\ccXzcT1U.s 			page 121


 6831 0181 00000000 		.4byte	.LFB494
 6832 0185 0C       		.uleb128 .LFE494-.LFB494
 6833 0186 07       		.byte	0x7
 6834 0187 00000000 		.4byte	.LFB495
 6835 018b 10       		.uleb128 .LFE495-.LFB495
 6836 018c 07       		.byte	0x7
 6837 018d 00000000 		.4byte	.LFB496
 6838 0191 0E       		.uleb128 .LFE496-.LFB496
 6839 0192 07       		.byte	0x7
 6840 0193 00000000 		.4byte	.LFB497
 6841 0197 20       		.uleb128 .LFE497-.LFB497
 6842 0198 07       		.byte	0x7
 6843 0199 00000000 		.4byte	.LFB498
 6844 019d 0C       		.uleb128 .LFE498-.LFB498
 6845 019e 07       		.byte	0x7
 6846 019f 00000000 		.4byte	.LFB499
 6847 01a3 0C       		.uleb128 .LFE499-.LFB499
 6848 01a4 07       		.byte	0x7
 6849 01a5 00000000 		.4byte	.LFB500
 6850 01a9 10       		.uleb128 .LFE500-.LFB500
 6851 01aa 07       		.byte	0x7
 6852 01ab 00000000 		.4byte	.LFB501
 6853 01af 0E       		.uleb128 .LFE501-.LFB501
 6854 01b0 07       		.byte	0x7
 6855 01b1 00000000 		.4byte	.LFB502
 6856 01b5 28       		.uleb128 .LFE502-.LFB502
 6857 01b6 07       		.byte	0x7
 6858 01b7 00000000 		.4byte	.LFB503
 6859 01bb 0C       		.uleb128 .LFE503-.LFB503
 6860 01bc 07       		.byte	0x7
 6861 01bd 00000000 		.4byte	.LFB504
 6862 01c1 0C       		.uleb128 .LFE504-.LFB504
 6863 01c2 07       		.byte	0x7
 6864 01c3 00000000 		.4byte	.LFB505
 6865 01c7 0C       		.uleb128 .LFE505-.LFB505
 6866 01c8 07       		.byte	0x7
 6867 01c9 00000000 		.4byte	.LFB506
 6868 01cd 0C       		.uleb128 .LFE506-.LFB506
 6869 01ce 07       		.byte	0x7
 6870 01cf 00000000 		.4byte	.LFB507
 6871 01d3 0C       		.uleb128 .LFE507-.LFB507
 6872 01d4 07       		.byte	0x7
 6873 01d5 00000000 		.4byte	.LFB508
 6874 01d9 0C       		.uleb128 .LFE508-.LFB508
 6875 01da 07       		.byte	0x7
 6876 01db 00000000 		.4byte	.LFB509
 6877 01df 0C       		.uleb128 .LFE509-.LFB509
 6878 01e0 07       		.byte	0x7
 6879 01e1 00000000 		.4byte	.LFB510
 6880 01e5 0C       		.uleb128 .LFE510-.LFB510
 6881 01e6 07       		.byte	0x7
 6882 01e7 00000000 		.4byte	.LFB511
 6883 01eb 0C       		.uleb128 .LFE511-.LFB511
 6884 01ec 07       		.byte	0x7
 6885 01ed 00000000 		.4byte	.LFB512
 6886 01f1 0C       		.uleb128 .LFE512-.LFB512
 6887 01f2 07       		.byte	0x7
ARM GAS  C:\Users\DEVELO~1\AppData\Local\Temp\ccXzcT1U.s 			page 122


 6888 01f3 00000000 		.4byte	.LFB513
 6889 01f7 0C       		.uleb128 .LFE513-.LFB513
 6890 01f8 07       		.byte	0x7
 6891 01f9 00000000 		.4byte	.LFB514
 6892 01fd 0C       		.uleb128 .LFE514-.LFB514
 6893 01fe 07       		.byte	0x7
 6894 01ff 00000000 		.4byte	.LFB515
 6895 0203 0C       		.uleb128 .LFE515-.LFB515
 6896 0204 07       		.byte	0x7
 6897 0205 00000000 		.4byte	.LFB516
 6898 0209 0C       		.uleb128 .LFE516-.LFB516
 6899 020a 07       		.byte	0x7
 6900 020b 00000000 		.4byte	.LFB517
 6901 020f B001     		.uleb128 .LFE517-.LFB517
 6902 0211 07       		.byte	0x7
 6903 0212 00000000 		.4byte	.LFB518
 6904 0216 AE01     		.uleb128 .LFE518-.LFB518
 6905 0218 00       		.byte	0
 6906              	.Ldebug_ranges3:
 6907              		.section	.debug_line,"",%progbits
 6908              	.Ldebug_line0:
 6909 0000 FE0F0000 		.section	.debug_str,"MS",%progbits,1
 6909      0300B307 
 6909      00000201 
 6909      FB0E0D00 
 6909      01010101 
 6910              	.LASF268:
 6911 0000 65787469 		.ascii	"exti19_irq_deinit\000"
 6911      31395F69 
 6911      72715F64 
 6911      65696E69 
 6911      7400
 6912              	.LASF11:
 6913 0012 6C6F6E67 		.ascii	"long int\000"
 6913      20696E74 
 6913      00
 6914              	.LASF178:
 6915 001b 53657269 		.ascii	"SerialDriver\000"
 6915      616C4472 
 6915      69766572 
 6915      00
 6916              	.LASF274:
 6917 0028 65787469 		.ascii	"exti16_irq_deinit\000"
 6917      31365F69 
 6917      72715F64 
 6917      65696E69 
 6917      7400
 6918              	.LASF35:
 6919 003a 6E616D65 		.ascii	"name\000"
 6919      00
 6920              	.LASF140:
 6921 003f 43434D52 		.ascii	"CCMR2\000"
 6921      3200
 6922              	.LASF226:
 6923 0045 74696D32 		.ascii	"tim2_irq_init\000"
 6923      5F697271 
 6923      5F696E69 
ARM GAS  C:\Users\DEVELO~1\AppData\Local\Temp\ccXzcT1U.s 			page 123


 6923      7400
 6924              	.LASF105:
 6925 0053 74687265 		.ascii	"thread_reference_t\000"
 6925      61645F72 
 6925      65666572 
 6925      656E6365 
 6925      5F7400
 6926              	.LASF218:
 6927 0066 74696D34 		.ascii	"tim4_irq_deinit\000"
 6927      5F697271 
 6927      5F646569 
 6927      6E697400 
 6928              	.LASF102:
 6929 0076 63685F72 		.ascii	"ch_registry\000"
 6929      65676973 
 6929      74727900 
 6930              	.LASF131:
 6931 0082 6C697374 		.ascii	"listener\000"
 6931      656E6572 
 6931      00
 6932              	.LASF134:
 6933 008b 6576656E 		.ascii	"event_source\000"
 6933      745F736F 
 6933      75726365 
 6933      00
 6934              	.LASF38:
 6935 0098 666C6167 		.ascii	"flags\000"
 6935      7300
 6936              	.LASF65:
 6937 009e 73797374 		.ascii	"systime_t\000"
 6937      696D655F 
 6937      7400
 6938              	.LASF200:
 6939 00a8 73645F6C 		.ascii	"sd_lld_serve_interrupt\000"
 6939      6C645F73 
 6939      65727665 
 6939      5F696E74 
 6939      65727275 
 6940              	.LASF44:
 6941 00bf 7265616C 		.ascii	"realprio\000"
 6941      7072696F 
 6941      00
 6942              	.LASF89:
 6943 00c8 62756666 		.ascii	"buffer\000"
 6943      657200
 6944              	.LASF87:
 6945 00cf 73757370 		.ascii	"suspended\000"
 6945      656E6465 
 6945      6400
 6946              	.LASF279:
 6947 00d9 65787469 		.ascii	"exti5_9_irq_init\000"
 6947      355F395F 
 6947      6972715F 
 6947      696E6974 
 6947      00
 6948              	.LASF227:
 6949 00ea 74696D31 		.ascii	"tim1_irq_deinit\000"
ARM GAS  C:\Users\DEVELO~1\AppData\Local\Temp\ccXzcT1U.s 			page 124


 6949      5F697271 
 6949      5F646569 
 6949      6E697400 
 6950              	.LASF179:
 6951 00fa 68616C5F 		.ascii	"hal_serial_driver\000"
 6951      73657269 
 6951      616C5F64 
 6951      72697665 
 6951      7200
 6952              	.LASF147:
 6953 010c 696F5F71 		.ascii	"io_queue_t\000"
 6953      75657565 
 6953      5F7400
 6954              	.LASF42:
 6955 0117 6570656E 		.ascii	"epending\000"
 6955      64696E67 
 6955      00
 6956              	.LASF0:
 6957 0120 756E7369 		.ascii	"unsigned int\000"
 6957      676E6564 
 6957      20696E74 
 6957      00
 6958              	.LASF69:
 6959 012d 6E657874 		.ascii	"next\000"
 6959      00
 6960              	.LASF262:
 6961 0132 66646361 		.ascii	"fdcan2_irq_deinit\000"
 6961      6E325F69 
 6961      72715F64 
 6961      65696E69 
 6961      7400
 6962              	.LASF164:
 6963 0144 4750545F 		.ascii	"GPT_ONESHOT\000"
 6963      4F4E4553 
 6963      484F5400 
 6964              	.LASF209:
 6965 0150 74696D31 		.ascii	"tim15_irq_init\000"
 6965      355F6972 
 6965      715F696E 
 6965      697400
 6966              	.LASF258:
 6967 015f 71756164 		.ascii	"quadspi1_irq_deinit\000"
 6967      73706931 
 6967      5F697271 
 6967      5F646569 
 6967      6E697400 
 6968              	.LASF154:
 6969 0173 715F7264 		.ascii	"q_rdptr\000"
 6969      70747200 
 6970              	.LASF10:
 6971 017b 5F5F696E 		.ascii	"__int32_t\000"
 6971      7433325F 
 6971      7400
 6972              	.LASF39:
 6973 0185 72656673 		.ascii	"refs\000"
 6973      00
 6974              	.LASF157:
ARM GAS  C:\Users\DEVELO~1\AppData\Local\Temp\ccXzcT1U.s 			page 125


 6975 018a 716E6F74 		.ascii	"qnotify_t\000"
 6975      6966795F 
 6975      7400
 6976              	.LASF132:
 6977 0194 6576656E 		.ascii	"events\000"
 6977      747300
 6978              	.LASF161:
 6979 019b 4750545F 		.ascii	"GPT_STOP\000"
 6979      53544F50 
 6979      00
 6980              	.LASF234:
 6981 01a4 75617274 		.ascii	"uart9_irq_init\000"
 6981      395F6972 
 6981      715F696E 
 6981      697400
 6982              	.LASF79:
 6983 01b3 77746F62 		.ascii	"wtobjp\000"
 6983      6A7000
 6984              	.LASF123:
 6985 01ba 6D61696E 		.ascii	"mainthread_base\000"
 6985      74687265 
 6985      61645F62 
 6985      61736500 
 6986              	.LASF50:
 6987 01ca 76746C69 		.ascii	"vtlist\000"
 6987      737400
 6988              	.LASF96:
 6989 01d1 706F7274 		.ascii	"port_context\000"
 6989      5F636F6E 
 6989      74657874 
 6989      00
 6990              	.LASF173:
 6991 01de 47505443 		.ascii	"GPTConfig\000"
 6991      6F6E6669 
 6991      6700
 6992              	.LASF119:
 6993 01e8 63685F72 		.ascii	"ch_ready_list\000"
 6993      65616479 
 6993      5F6C6973 
 6993      7400
 6994              	.LASF267:
 6995 01f6 65787469 		.ascii	"exti20_exti21_irq_init\000"
 6995      32305F65 
 6995      78746932 
 6995      315F6972 
 6995      715F696E 
 6996              	.LASF100:
 6997 020d 6C617374 		.ascii	"laststamp\000"
 6997      7374616D 
 6997      7000
 6998              	.LASF116:
 6999 0217 65776D61 		.ascii	"ewmask\000"
 6999      736B00
 7000              	.LASF194:
 7001 021e 6E766963 		.ascii	"nvicDisableVector\000"
 7001      44697361 
 7001      626C6556 
ARM GAS  C:\Users\DEVELO~1\AppData\Local\Temp\ccXzcT1U.s 			page 126


 7001      6563746F 
 7001      7200
 7002              	.LASF72:
 7003 0230 70726576 		.ascii	"prev\000"
 7003      00
 7004              	.LASF212:
 7005 0235 74696D37 		.ascii	"tim7_irq_deinit\000"
 7005      5F697271 
 7005      5F646569 
 7005      6E697400 
 7006              	.LASF254:
 7007 0245 73646D6D 		.ascii	"sdmmc2_irq_deinit\000"
 7007      63325F69 
 7007      72715F64 
 7007      65696E69 
 7007      7400
 7008              	.LASF143:
 7009 0257 444D4152 		.ascii	"DMAR\000"
 7009      00
 7010              	.LASF273:
 7011 025c 65787469 		.ascii	"exti17_irq_init\000"
 7011      31375F69 
 7011      72715F69 
 7011      6E697400 
 7012              	.LASF213:
 7013 026c 74696D37 		.ascii	"tim7_irq_init\000"
 7013      5F697271 
 7013      5F696E69 
 7013      7400
 7014              	.LASF223:
 7015 027a 56656374 		.ascii	"VectorB0\000"
 7015      6F724230 
 7015      00
 7016              	.LASF253:
 7017 0283 75736172 		.ascii	"usart1_irq_init\000"
 7017      74315F69 
 7017      72715F69 
 7017      6E697400 
 7018              	.LASF192:
 7019 0293 77726974 		.ascii	"writet\000"
 7019      657400
 7020              	.LASF284:
 7021 029a 65787469 		.ascii	"exti2_irq_deinit\000"
 7021      325F6972 
 7021      715F6465 
 7021      696E6974 
 7021      00
 7022              	.LASF222:
 7023 02ab 56656374 		.ascii	"VectorB8\000"
 7023      6F724238 
 7023      00
 7024              	.LASF61:
 7025 02b4 63685F73 		.ascii	"ch_system_debug\000"
 7025      79737465 
 7025      6D5F6465 
 7025      62756700 
 7026              	.LASF91:
ARM GAS  C:\Users\DEVELO~1\AppData\Local\Temp\ccXzcT1U.s 			page 127


 7027 02c4 47545052 		.ascii	"GTPR\000"
 7027      00
 7028              	.LASF108:
 7029 02c9 6C697374 		.ascii	"list\000"
 7029      00
 7030              	.LASF229:
 7031 02ce 6C707561 		.ascii	"lpuart1_irq_deinit\000"
 7031      7274315F 
 7031      6972715F 
 7031      6465696E 
 7031      697400
 7032              	.LASF68:
 7033 02e1 63685F6C 		.ascii	"ch_list\000"
 7033      69737400 
 7034              	.LASF77:
 7035 02e9 63685F64 		.ascii	"ch_delta_list\000"
 7035      656C7461 
 7035      5F6C6973 
 7035      7400
 7036              	.LASF185:
 7037 02f7 47505444 		.ascii	"GPTD4\000"
 7037      3400
 7038              	.LASF149:
 7039 02fd 715F7761 		.ascii	"q_waiting\000"
 7039      6974696E 
 7039      6700
 7040              	.LASF113:
 7041 0307 73656E74 		.ascii	"sentmsg\000"
 7041      6D736700 
 7042              	.LASF208:
 7043 030f 74696D31 		.ascii	"tim15_irq_deinit\000"
 7043      355F6972 
 7043      715F6465 
 7043      696E6974 
 7043      00
 7044              	.LASF244:
 7045 0320 75617274 		.ascii	"uart5_irq_init\000"
 7045      355F6972 
 7045      715F696E 
 7045      697400
 7046              	.LASF142:
 7047 032f 42445452 		.ascii	"BDTR\000"
 7047      00
 7048              	.LASF289:
 7049 0334 65787469 		.ascii	"exti0_irq_init\000"
 7049      305F6972 
 7049      715F696E 
 7049      697400
 7050              	.LASF86:
 7051 0343 74726163 		.ascii	"trace_event_t\000"
 7051      655F6576 
 7051      656E745F 
 7051      7400
 7052              	.LASF233:
 7053 0351 75617274 		.ascii	"uart9_irq_deinit\000"
 7053      395F6972 
 7053      715F6465 
ARM GAS  C:\Users\DEVELO~1\AppData\Local\Temp\ccXzcT1U.s 			page 128


 7053      696E6974 
 7053      00
 7054              	.LASF177:
 7055 0362 73647374 		.ascii	"sdstate_t\000"
 7055      6174655F 
 7055      7400
 7056              	.LASF180:
 7057 036c 6576656E 		.ascii	"event\000"
 7057      7400
 7058              	.LASF117:
 7059 0372 63685F73 		.ascii	"ch_semaphore\000"
 7059      656D6170 
 7059      686F7265 
 7059      00
 7060              	.LASF26:
 7061 037f 74707269 		.ascii	"tprio_t\000"
 7061      6F5F7400 
 7062              	.LASF41:
 7063 0387 6D736771 		.ascii	"msgqueue\000"
 7063      75657565 
 7063      00
 7064              	.LASF139:
 7065 0390 43434D52 		.ascii	"CCMR1\000"
 7065      3100
 7066              	.LASF127:
 7067 0396 6F735F69 		.ascii	"os_instance_config_t\000"
 7067      6E737461 
 7067      6E63655F 
 7067      636F6E66 
 7067      69675F74 
 7068              	.LASF144:
 7069 03ab 43434D52 		.ascii	"CCMR3\000"
 7069      3300
 7070              	.LASF278:
 7071 03b1 65787469 		.ascii	"exti5_9_irq_deinit\000"
 7071      355F395F 
 7071      6972715F 
 7071      6465696E 
 7071      697400
 7072              	.LASF81:
 7073 03c4 68616C74 		.ascii	"halt\000"
 7073      00
 7074              	.LASF216:
 7075 03c9 74696D35 		.ascii	"tim5_irq_deinit\000"
 7075      5F697271 
 7075      5F646569 
 7075      6E697400 
 7076              	.LASF15:
 7077 03d9 6C6F6E67 		.ascii	"long long unsigned int\000"
 7077      206C6F6E 
 7077      6720756E 
 7077      7369676E 
 7077      65642069 
 7078              	.LASF291:
 7079 03f0 2E2E2F2E 		.ascii	"../../../os/hal/ports/STM32/STM32H7xx/stm32_isr.c\000"
 7079      2E2F2E2E 
 7079      2F6F732F 
ARM GAS  C:\Users\DEVELO~1\AppData\Local\Temp\ccXzcT1U.s 			page 129


 7079      68616C2F 
 7079      706F7274 
 7080              	.LASF221:
 7081 0422 74696D33 		.ascii	"tim3_irq_init\000"
 7081      5F697271 
 7081      5F696E69 
 7081      7400
 7082              	.LASF80:
 7083 0430 72656173 		.ascii	"reason\000"
 7083      6F6E00
 7084              	.LASF196:
 7085 0437 6770745F 		.ascii	"gpt_lld_serve_interrupt\000"
 7085      6C6C645F 
 7085      73657276 
 7085      655F696E 
 7085      74657272 
 7086              	.LASF93:
 7087 044f 50524553 		.ascii	"PRESC\000"
 7087      4300
 7088              	.LASF135:
 7089 0455 6576656E 		.ascii	"event_source_t\000"
 7089      745F736F 
 7089      75726365 
 7089      5F7400
 7090              	.LASF109:
 7091 0464 70717565 		.ascii	"pqueue\000"
 7091      756500
 7092              	.LASF198:
 7093 046b 5F5F706F 		.ascii	"__port_irq_epilogue\000"
 7093      72745F69 
 7093      72715F65 
 7093      70696C6F 
 7093      67756500 
 7094              	.LASF8:
 7095 047f 5F5F7569 		.ascii	"__uint16_t\000"
 7095      6E743136 
 7095      5F7400
 7096              	.LASF30:
 7097 048a 636E745F 		.ascii	"cnt_t\000"
 7097      7400
 7098              	.LASF265:
 7099 0490 66646361 		.ascii	"fdcan1_irq_init\000"
 7099      6E315F69 
 7099      72715F69 
 7099      6E697400 
 7100              	.LASF249:
 7101 04a0 75736172 		.ascii	"usart2_irq_deinit\000"
 7101      74325F69 
 7101      72715F64 
 7101      65696E69 
 7101      7400
 7102              	.LASF162:
 7103 04b2 4750545F 		.ascii	"GPT_READY\000"
 7103      52454144 
 7103      5900
 7104              	.LASF85:
 7105 04bc 74696D65 		.ascii	"time\000"
ARM GAS  C:\Users\DEVELO~1\AppData\Local\Temp\ccXzcT1U.s 			page 130


 7105      00
 7106              	.LASF34:
 7107 04c1 6F776E65 		.ascii	"owner\000"
 7107      7200
 7108              	.LASF124:
 7109 04c7 6D61696E 		.ascii	"mainthread_end\000"
 7109      74687265 
 7109      61645F65 
 7109      6E6400
 7110              	.LASF107:
 7111 04d6 74687265 		.ascii	"threads_queue_t\000"
 7111      6164735F 
 7111      71756575 
 7111      655F7400 
 7112              	.LASF43:
 7113 04e6 6D74786C 		.ascii	"mtxlist\000"
 7113      69737400 
 7114              	.LASF97:
 7115 04ee 63685F76 		.ascii	"ch_virtual_timers_list\000"
 7115      69727475 
 7115      616C5F74 
 7115      696D6572 
 7115      735F6C69 
 7116              	.LASF292:
 7117 0505 433A5C50 		.ascii	"C:\\PROJET\\ChibiOS project\\ChibiOS_21.11.4\\demos"
 7117      524F4A45 
 7117      545C4368 
 7117      6962694F 
 7117      53207072 
 7118 0534 5C53544D 		.ascii	"\\STM32\\RT-STM32H743ZI_REV_XY-NUCLEO144_Quartz8M\000"
 7118      33325C52 
 7118      542D5354 
 7118      4D333248 
 7118      3734335A 
 7119              	.LASF251:
 7120 0564 56656374 		.ascii	"VectorD4\000"
 7120      6F724434 
 7120      00
 7121              	.LASF53:
 7122 056d 72666375 		.ascii	"rfcu\000"
 7122      00
 7123              	.LASF32:
 7124 0572 74687265 		.ascii	"thread_t\000"
 7124      61645F74 
 7124      00
 7125              	.LASF207:
 7126 057b 74696D31 		.ascii	"tim16_irq_init\000"
 7126      365F6972 
 7126      715F696E 
 7126      697400
 7127              	.LASF82:
 7128 058a 75736572 		.ascii	"user\000"
 7128      00
 7129              	.LASF190:
 7130 058f 70757474 		.ascii	"putt\000"
 7130      00
 7131              	.LASF4:
ARM GAS  C:\Users\DEVELO~1\AppData\Local\Temp\ccXzcT1U.s 			page 131


 7132 0594 73697A65 		.ascii	"size_t\000"
 7132      5F7400
 7133              	.LASF110:
 7134 059b 7264796D 		.ascii	"rdymsg\000"
 7134      736700
 7135              	.LASF290:
 7136 05a2 474E5520 		.ascii	"GNU C17 11.3.1 20220712 -mcpu=cortex-m7 -mthumb -mf"
 7136      43313720 
 7136      31312E33 
 7136      2E312032 
 7136      30323230 
 7137 05d5 6C6F6174 		.ascii	"loat-abi=soft -march=armv7e-m -ggdb -O0 -ffunction-"
 7137      2D616269 
 7137      3D736F66 
 7137      74202D6D 
 7137      61726368 
 7138 0608 73656374 		.ascii	"sections -fdata-sections -fno-common\000"
 7138      696F6E73 
 7138      202D6664 
 7138      6174612D 
 7138      73656374 
 7139              	.LASF73:
 7140 062d 63685F70 		.ascii	"ch_priority_queue_t\000"
 7140      72696F72 
 7140      6974795F 
 7140      71756575 
 7140      655F7400 
 7141              	.LASF146:
 7142 0641 73746D33 		.ascii	"stm32_tim_t\000"
 7142      325F7469 
 7142      6D5F7400 
 7143              	.LASF250:
 7144 064d 75736172 		.ascii	"usart2_irq_init\000"
 7144      74325F69 
 7144      72715F69 
 7144      6E697400 
 7145              	.LASF136:
 7146 065d 5F426F6F 		.ascii	"_Bool\000"
 7146      6C00
 7147              	.LASF175:
 7148 0663 53445F53 		.ascii	"SD_STOP\000"
 7148      544F5000 
 7149              	.LASF1:
 7150 066b 6C6F6E67 		.ascii	"long long int\000"
 7150      206C6F6E 
 7150      6720696E 
 7150      7400
 7151              	.LASF272:
 7152 0679 65787469 		.ascii	"exti17_irq_deinit\000"
 7152      31375F69 
 7152      72715F64 
 7152      65696E69 
 7152      7400
 7153              	.LASF58:
 7154 068b 63685F72 		.ascii	"ch_rfcu\000"
 7154      66637500 
 7155              	.LASF118:
ARM GAS  C:\Users\DEVELO~1\AppData\Local\Temp\ccXzcT1U.s 			page 132


 7156 0693 63685F6D 		.ascii	"ch_mutex\000"
 7156      75746578 
 7156      00
 7157              	.LASF138:
 7158 069c 44494552 		.ascii	"DIER\000"
 7158      00
 7159              	.LASF181:
 7160 06a1 69717565 		.ascii	"iqueue\000"
 7160      756500
 7161              	.LASF94:
 7162 06a8 55534152 		.ascii	"USART_TypeDef\000"
 7162      545F5479 
 7162      70654465 
 7162      6600
 7163              	.LASF48:
 7164 06b6 63685F6F 		.ascii	"ch_os_instance\000"
 7164      735F696E 
 7164      7374616E 
 7164      636500
 7165              	.LASF155:
 7166 06c5 715F6E6F 		.ascii	"q_notify\000"
 7166      74696679 
 7166      00
 7167              	.LASF167:
 7168 06ce 636C6F63 		.ascii	"clock\000"
 7168      6B00
 7169              	.LASF271:
 7170 06d4 65787469 		.ascii	"exti18_irq_init\000"
 7170      31385F69 
 7170      72715F69 
 7170      6E697400 
 7171              	.LASF277:
 7172 06e4 65787469 		.ascii	"exti10_15_irq_init\000"
 7172      31305F31 
 7172      355F6972 
 7172      715F696E 
 7172      697400
 7173              	.LASF126:
 7174 06f7 69646C65 		.ascii	"idlethread_end\000"
 7174      74687265 
 7174      61645F65 
 7174      6E6400
 7175              	.LASF225:
 7176 0706 74696D32 		.ascii	"tim2_irq_deinit\000"
 7176      5F697271 
 7176      5F646569 
 7176      6E697400 
 7177              	.LASF235:
 7178 0716 75617274 		.ascii	"uart8_irq_deinit\000"
 7178      385F6972 
 7178      715F6465 
 7178      696E6974 
 7178      00
 7179              	.LASF169:
 7180 0727 67707466 		.ascii	"gptfreq_t\000"
 7180      7265715F 
 7180      7400
ARM GAS  C:\Users\DEVELO~1\AppData\Local\Temp\ccXzcT1U.s 			page 133


 7181              	.LASF75:
 7182 0731 7072696F 		.ascii	"prio\000"
 7182      00
 7183              	.LASF141:
 7184 0736 43434552 		.ascii	"CCER\000"
 7184      00
 7185              	.LASF260:
 7186 073b 66646361 		.ascii	"fdcan3_irq_deinit\000"
 7186      6E335F69 
 7186      72715F64 
 7186      65696E69 
 7186      7400
 7187              	.LASF281:
 7188 074d 65787469 		.ascii	"exti4_irq_init\000"
 7188      345F6972 
 7188      715F696E 
 7188      697400
 7189              	.LASF63:
 7190 075c 63686172 		.ascii	"char\000"
 7190      00
 7191              	.LASF76:
 7192 0761 63685F64 		.ascii	"ch_delta_list_t\000"
 7192      656C7461 
 7192      5F6C6973 
 7192      745F7400 
 7193              	.LASF57:
 7194 0771 72666375 		.ascii	"rfcu_mask_t\000"
 7194      5F6D6173 
 7194      6B5F7400 
 7195              	.LASF263:
 7196 077d 66646361 		.ascii	"fdcan2_irq_init\000"
 7196      6E325F69 
 7196      72715F69 
 7196      6E697400 
 7197              	.LASF36:
 7198 078d 77616261 		.ascii	"wabase\000"
 7198      736500
 7199              	.LASF153:
 7200 0794 715F7772 		.ascii	"q_wrptr\000"
 7200      70747200 
 7201              	.LASF163:
 7202 079c 4750545F 		.ascii	"GPT_CONTINUOUS\000"
 7202      434F4E54 
 7202      494E554F 
 7202      555300
 7203              	.LASF24:
 7204 07ab 74737461 		.ascii	"tstate_t\000"
 7204      74655F74 
 7204      00
 7205              	.LASF211:
 7206 07b4 74696D38 		.ascii	"tim8_tim12_tim13_tim14_irq_init\000"
 7206      5F74696D 
 7206      31325F74 
 7206      696D3133 
 7206      5F74696D 
 7207              	.LASF33:
 7208 07d4 72717565 		.ascii	"rqueue\000"
ARM GAS  C:\Users\DEVELO~1\AppData\Local\Temp\ccXzcT1U.s 			page 134


 7208      756500
 7209              	.LASF280:
 7210 07db 65787469 		.ascii	"exti4_irq_deinit\000"
 7210      345F6972 
 7210      715F6465 
 7210      696E6974 
 7210      00
 7211              	.LASF287:
 7212 07ec 65787469 		.ascii	"exti1_irq_init\000"
 7212      315F6972 
 7212      715F696E 
 7212      697400
 7213              	.LASF266:
 7214 07fb 65787469 		.ascii	"exti20_exti21_irq_deinit\000"
 7214      32305F65 
 7214      78746932 
 7214      315F6972 
 7214      715F6465 
 7215              	.LASF203:
 7216 0814 69727149 		.ascii	"irqInit\000"
 7216      6E697400 
 7217              	.LASF275:
 7218 081c 65787469 		.ascii	"exti16_irq_init\000"
 7218      31365F69 
 7218      72715F69 
 7218      6E697400 
 7219              	.LASF16:
 7220 082c 75696E74 		.ascii	"uint8_t\000"
 7220      385F7400 
 7221              	.LASF92:
 7222 0834 52544F52 		.ascii	"RTOR\000"
 7222      00
 7223              	.LASF158:
 7224 0839 696E7075 		.ascii	"input_queue_t\000"
 7224      745F7175 
 7224      6575655F 
 7224      7400
 7225              	.LASF245:
 7226 0847 75617274 		.ascii	"uart4_irq_deinit\000"
 7226      345F6972 
 7226      715F6465 
 7226      696E6974 
 7226      00
 7227              	.LASF137:
 7228 0858 534D4352 		.ascii	"SMCR\000"
 7228      00
 7229              	.LASF47:
 7230 085d 63685F74 		.ascii	"ch_thread\000"
 7230      68726561 
 7230      6400
 7231              	.LASF219:
 7232 0867 74696D34 		.ascii	"tim4_irq_init\000"
 7232      5F697271 
 7232      5F696E69 
 7232      7400
 7233              	.LASF183:
 7234 0875 75736172 		.ascii	"usart\000"
ARM GAS  C:\Users\DEVELO~1\AppData\Local\Temp\ccXzcT1U.s 			page 135


 7234      7400
 7235              	.LASF64:
 7236 087b 73797374 		.ascii	"system_debug_t\000"
 7236      656D5F64 
 7236      65627567 
 7236      5F7400
 7237              	.LASF210:
 7238 088a 74696D38 		.ascii	"tim8_tim12_tim13_tim14_irq_deinit\000"
 7238      5F74696D 
 7238      31325F74 
 7238      696D3133 
 7238      5F74696D 
 7239              	.LASF106:
 7240 08ac 63685F74 		.ascii	"ch_threads_queue\000"
 7240      68726561 
 7240      64735F71 
 7240      75657565 
 7240      00
 7241              	.LASF188:
 7242 08bd 77726974 		.ascii	"write\000"
 7242      6500
 7243              	.LASF282:
 7244 08c3 65787469 		.ascii	"exti3_irq_deinit\000"
 7244      335F6972 
 7244      715F6465 
 7244      696E6974 
 7244      00
 7245              	.LASF130:
 7246 08d4 6576656E 		.ascii	"event_listener\000"
 7246      745F6C69 
 7246      7374656E 
 7246      657200
 7247              	.LASF28:
 7248 08e3 6576656E 		.ascii	"eventmask_t\000"
 7248      746D6173 
 7248      6B5F7400 
 7249              	.LASF27:
 7250 08ef 6D73675F 		.ascii	"msg_t\000"
 7250      7400
 7251              	.LASF259:
 7252 08f5 71756164 		.ascii	"quadspi1_irq_init\000"
 7252      73706931 
 7252      5F697271 
 7252      5F696E69 
 7252      7400
 7253              	.LASF14:
 7254 0907 5F5F7569 		.ascii	"__uint64_t\000"
 7254      6E743634 
 7254      5F7400
 7255              	.LASF206:
 7256 0912 74696D31 		.ascii	"tim16_irq_deinit\000"
 7256      365F6972 
 7256      715F6465 
 7256      696E6974 
 7256      00
 7257              	.LASF193:
 7258 0923 72656164 		.ascii	"readt\000"
ARM GAS  C:\Users\DEVELO~1\AppData\Local\Temp\ccXzcT1U.s 			page 136


 7258      7400
 7259              	.LASF104:
 7260 0929 72656769 		.ascii	"registry_t\000"
 7260      73747279 
 7260      5F7400
 7261              	.LASF205:
 7262 0934 74696D31 		.ascii	"tim17_irq_init\000"
 7262      375F6972 
 7262      715F696E 
 7262      697400
 7263              	.LASF187:
 7264 0943 696E7374 		.ascii	"instance_offset\000"
 7264      616E6365 
 7264      5F6F6666 
 7264      73657400 
 7265              	.LASF159:
 7266 0953 6F757470 		.ascii	"output_queue_t\000"
 7266      75745F71 
 7266      75657565 
 7266      5F7400
 7267              	.LASF237:
 7268 0962 75617274 		.ascii	"uart7_irq_deinit\000"
 7268      375F6972 
 7268      715F6465 
 7268      696E6974 
 7268      00
 7269              	.LASF88:
 7270 0973 73697A65 		.ascii	"size\000"
 7270      00
 7271              	.LASF248:
 7272 0978 75736172 		.ascii	"usart3_irq_init\000"
 7272      74335F69 
 7272      72715F69 
 7272      6E697400 
 7273              	.LASF276:
 7274 0988 65787469 		.ascii	"exti10_15_irq_deinit\000"
 7274      31305F31 
 7274      355F6972 
 7274      715F6465 
 7274      696E6974 
 7275              	.LASF59:
 7276 099d 6D61736B 		.ascii	"mask\000"
 7276      00
 7277              	.LASF13:
 7278 09a2 6C6F6E67 		.ascii	"long unsigned int\000"
 7278      20756E73 
 7278      69676E65 
 7278      6420696E 
 7278      7400
 7279              	.LASF168:
 7280 09b4 67707463 		.ascii	"gptcallback_t\000"
 7280      616C6C62 
 7280      61636B5F 
 7280      7400
 7281              	.LASF257:
 7282 09c2 73646D6D 		.ascii	"sdmmc1_irq_init\000"
 7282      63315F69 
ARM GAS  C:\Users\DEVELO~1\AppData\Local\Temp\ccXzcT1U.s 			page 137


 7282      72715F69 
 7282      6E697400 
 7283              	.LASF66:
 7284 09d2 73797369 		.ascii	"sysinterval_t\000"
 7284      6E746572 
 7284      76616C5F 
 7284      7400
 7285              	.LASF70:
 7286 09e0 63685F71 		.ascii	"ch_queue_t\000"
 7286      75657565 
 7286      5F7400
 7287              	.LASF29:
 7288 09eb 6576656E 		.ascii	"eventflags_t\000"
 7288      74666C61 
 7288      67735F74 
 7288      00
 7289              	.LASF62:
 7290 09f8 70616E69 		.ascii	"panic_msg\000"
 7290      635F6D73 
 7290      6700
 7291              	.LASF90:
 7292 0a02 74726163 		.ascii	"trace_buffer_t\000"
 7292      655F6275 
 7292      66666572 
 7292      5F7400
 7293              	.LASF242:
 7294 0a11 56656374 		.ascii	"Vector114\000"
 7294      6F723131 
 7294      3400
 7295              	.LASF247:
 7296 0a1b 75736172 		.ascii	"usart3_irq_deinit\000"
 7296      74335F69 
 7296      72715F64 
 7296      65696E69 
 7296      7400
 7297              	.LASF23:
 7298 0a2d 746D6F64 		.ascii	"tmode_t\000"
 7298      655F7400 
 7299              	.LASF269:
 7300 0a35 65787469 		.ascii	"exti19_irq_init\000"
 7300      31395F69 
 7300      72715F69 
 7300      6E697400 
 7301              	.LASF55:
 7302 0a45 6D61696E 		.ascii	"mainthread\000"
 7302      74687265 
 7302      616400
 7303              	.LASF9:
 7304 0a50 73686F72 		.ascii	"short unsigned int\000"
 7304      7420756E 
 7304      7369676E 
 7304      65642069 
 7304      6E7400
 7305              	.LASF2:
 7306 0a63 6C6F6E67 		.ascii	"long double\000"
 7306      20646F75 
 7306      626C6500 
ARM GAS  C:\Users\DEVELO~1\AppData\Local\Temp\ccXzcT1U.s 			page 138


 7307              	.LASF182:
 7308 0a6f 6F717565 		.ascii	"oqueue\000"
 7308      756500
 7309              	.LASF176:
 7310 0a76 53445F52 		.ascii	"SD_READY\000"
 7310      45414459 
 7310      00
 7311              	.LASF17:
 7312 0a7f 75696E74 		.ascii	"uint16_t\000"
 7312      31365F74 
 7312      00
 7313              	.LASF197:
 7314 0a88 73745F6C 		.ascii	"st_lld_serve_interrupt\000"
 7314      6C645F73 
 7314      65727665 
 7314      5F696E74 
 7314      65727275 
 7315              	.LASF67:
 7316 0a9f 63685F6C 		.ascii	"ch_list_t\000"
 7316      6973745F 
 7316      7400
 7317              	.LASF101:
 7318 0aa9 76697274 		.ascii	"virtual_timers_list_t\000"
 7318      75616C5F 
 7318      74696D65 
 7318      72735F6C 
 7318      6973745F 
 7319              	.LASF172:
 7320 0abf 64696572 		.ascii	"dier\000"
 7320      00
 7321              	.LASF195:
 7322 0ac4 6E766963 		.ascii	"nvicEnableVector\000"
 7322      456E6162 
 7322      6C655665 
 7322      63746F72 
 7322      00
 7323              	.LASF145:
 7324 0ad5 43435852 		.ascii	"CCXR\000"
 7324      00
 7325              	.LASF54:
 7326 0ada 636F6E66 		.ascii	"config\000"
 7326      696700
 7327              	.LASF238:
 7328 0ae1 75617274 		.ascii	"uart7_irq_init\000"
 7328      375F6972 
 7328      715F696E 
 7328      697400
 7329              	.LASF285:
 7330 0af0 65787469 		.ascii	"exti2_irq_init\000"
 7330      325F6972 
 7330      715F696E 
 7330      697400
 7331              	.LASF184:
 7332 0aff 72786D61 		.ascii	"rxmask\000"
 7332      736B00
 7333              	.LASF270:
 7334 0b06 65787469 		.ascii	"exti18_irq_deinit\000"
ARM GAS  C:\Users\DEVELO~1\AppData\Local\Temp\ccXzcT1U.s 			page 139


 7334      31385F69 
 7334      72715F64 
 7334      65696E69 
 7334      7400
 7335              	.LASF156:
 7336 0b18 715F6C69 		.ascii	"q_link\000"
 7336      6E6B00
 7337              	.LASF7:
 7338 0b1f 73686F72 		.ascii	"short int\000"
 7338      7420696E 
 7338      7400
 7339              	.LASF133:
 7340 0b29 77666C61 		.ascii	"wflags\000"
 7340      677300
 7341              	.LASF95:
 7342 0b30 706F7274 		.ascii	"port_intctx\000"
 7342      5F696E74 
 7342      63747800 
 7343              	.LASF288:
 7344 0b3c 65787469 		.ascii	"exti0_irq_deinit\000"
 7344      305F6972 
 7344      715F6465 
 7344      696E6974 
 7344      00
 7345              	.LASF21:
 7346 0b4d 706F7274 		.ascii	"port_stkalign_t\000"
 7346      5F73746B 
 7346      616C6967 
 7346      6E5F7400 
 7347              	.LASF240:
 7348 0b5d 75736172 		.ascii	"usart6_irq_deinit\000"
 7348      74365F69 
 7348      72715F64 
 7348      65696E69 
 7348      7400
 7349              	.LASF217:
 7350 0b6f 74696D35 		.ascii	"tim5_irq_init\000"
 7350      5F697271 
 7350      5F696E69 
 7350      7400
 7351              	.LASF122:
 7352 0b7d 63685F6F 		.ascii	"ch_os_instance_config\000"
 7352      735F696E 
 7352      7374616E 
 7352      63655F63 
 7352      6F6E6669 
 7353              	.LASF98:
 7354 0b93 646C6973 		.ascii	"dlist\000"
 7354      7400
 7355              	.LASF99:
 7356 0b99 6C617374 		.ascii	"lasttime\000"
 7356      74696D65 
 7356      00
 7357              	.LASF20:
 7358 0ba2 75696E74 		.ascii	"uint64_t\000"
 7358      36345F74 
 7358      00
ARM GAS  C:\Users\DEVELO~1\AppData\Local\Temp\ccXzcT1U.s 			page 140


 7359              	.LASF160:
 7360 0bab 4750545F 		.ascii	"GPT_UNINIT\000"
 7360      554E494E 
 7360      495400
 7361              	.LASF49:
 7362 0bb6 726C6973 		.ascii	"rlist\000"
 7362      7400
 7363              	.LASF5:
 7364 0bbc 5F5F7569 		.ascii	"__uint8_t\000"
 7364      6E74385F 
 7364      7400
 7365              	.LASF261:
 7366 0bc6 66646361 		.ascii	"fdcan3_irq_init\000"
 7366      6E335F69 
 7366      72715F69 
 7366      6E697400 
 7367              	.LASF264:
 7368 0bd6 66646361 		.ascii	"fdcan1_irq_deinit\000"
 7368      6E315F69 
 7368      72715F64 
 7368      65696E69 
 7368      7400
 7369              	.LASF189:
 7370 0be8 72656164 		.ascii	"read\000"
 7370      00
 7371              	.LASF174:
 7372 0bed 53445F55 		.ascii	"SD_UNINIT\000"
 7372      4E494E49 
 7372      5400
 7373              	.LASF165:
 7374 0bf7 67707473 		.ascii	"gptstate_t\000"
 7374      74617465 
 7374      5F7400
 7375              	.LASF150:
 7376 0c02 715F636F 		.ascii	"q_counter\000"
 7376      756E7465 
 7376      7200
 7377              	.LASF191:
 7378 0c0c 67657474 		.ascii	"gett\000"
 7378      00
 7379              	.LASF152:
 7380 0c11 715F746F 		.ascii	"q_top\000"
 7380      7000
 7381              	.LASF25:
 7382 0c17 74726566 		.ascii	"trefs_t\000"
 7382      735F7400 
 7383              	.LASF202:
 7384 0c1f 69727144 		.ascii	"irqDeinit\000"
 7384      65696E69 
 7384      7400
 7385              	.LASF129:
 7386 0c29 6576656E 		.ascii	"event_listener_t\000"
 7386      745F6C69 
 7386      7374656E 
 7386      65725F74 
 7386      00
 7387              	.LASF121:
ARM GAS  C:\Users\DEVELO~1\AppData\Local\Temp\ccXzcT1U.s 			page 141


 7388 0c3a 72656164 		.ascii	"ready_list_t\000"
 7388      795F6C69 
 7388      73745F74 
 7388      00
 7389              	.LASF241:
 7390 0c47 75736172 		.ascii	"usart6_irq_init\000"
 7390      74365F69 
 7390      72715F69 
 7390      6E697400 
 7391              	.LASF228:
 7392 0c57 74696D31 		.ascii	"tim1_irq_init\000"
 7392      5F697271 
 7392      5F696E69 
 7392      7400
 7393              	.LASF84:
 7394 0c65 72747374 		.ascii	"rtstamp\000"
 7394      616D7000 
 7395              	.LASF103:
 7396 0c6d 71756575 		.ascii	"queue\000"
 7396      6500
 7397              	.LASF18:
 7398 0c73 696E7433 		.ascii	"int32_t\000"
 7398      325F7400 
 7399              	.LASF60:
 7400 0c7b 72666375 		.ascii	"rfcu_t\000"
 7400      5F7400
 7401              	.LASF56:
 7402 0c82 74726163 		.ascii	"trace_buffer\000"
 7402      655F6275 
 7402      66666572 
 7402      00
 7403              	.LASF114:
 7404 0c8f 77747365 		.ascii	"wtsemp\000"
 7404      6D7000
 7405              	.LASF74:
 7406 0c96 63685F70 		.ascii	"ch_priority_queue\000"
 7406      72696F72 
 7406      6974795F 
 7406      71756575 
 7406      6500
 7407              	.LASF214:
 7408 0ca8 74696D36 		.ascii	"tim6_irq_deinit\000"
 7408      5F697271 
 7408      5F646569 
 7408      6E697400 
 7409              	.LASF255:
 7410 0cb8 73646D6D 		.ascii	"sdmmc2_irq_init\000"
 7410      63325F69 
 7410      72715F69 
 7410      6E697400 
 7411              	.LASF166:
 7412 0cc8 47505444 		.ascii	"GPTDriver\000"
 7412      72697665 
 7412      7200
 7413              	.LASF71:
 7414 0cd2 63685F71 		.ascii	"ch_queue\000"
 7414      75657565 
ARM GAS  C:\Users\DEVELO~1\AppData\Local\Temp\ccXzcT1U.s 			page 142


 7414      00
 7415              	.LASF128:
 7416 0cdb 6D757465 		.ascii	"mutex_t\000"
 7416      785F7400 
 7417              	.LASF256:
 7418 0ce3 73646D6D 		.ascii	"sdmmc1_irq_deinit\000"
 7418      63315F69 
 7418      72715F64 
 7418      65696E69 
 7418      7400
 7419              	.LASF83:
 7420 0cf5 74797065 		.ascii	"type\000"
 7420      00
 7421              	.LASF220:
 7422 0cfa 74696D33 		.ascii	"tim3_irq_deinit\000"
 7422      5F697271 
 7422      5F646569 
 7422      6E697400 
 7423              	.LASF6:
 7424 0d0a 756E7369 		.ascii	"unsigned char\000"
 7424      676E6564 
 7424      20636861 
 7424      7200
 7425              	.LASF230:
 7426 0d18 6C707561 		.ascii	"lpuart1_irq_init\000"
 7426      7274315F 
 7426      6972715F 
 7426      696E6974 
 7426      00
 7427              	.LASF12:
 7428 0d29 5F5F7569 		.ascii	"__uint32_t\000"
 7428      6E743332 
 7428      5F7400
 7429              	.LASF40:
 7430 0d34 77616974 		.ascii	"waiting\000"
 7430      696E6700 
 7431              	.LASF286:
 7432 0d3c 65787469 		.ascii	"exti1_irq_deinit\000"
 7432      315F6972 
 7432      715F6465 
 7432      696E6974 
 7432      00
 7433              	.LASF52:
 7434 0d4d 636F7265 		.ascii	"core_id\000"
 7434      5F696400 
 7435              	.LASF170:
 7436 0d55 66726571 		.ascii	"frequency\000"
 7436      75656E63 
 7436      7900
 7437              	.LASF37:
 7438 0d5f 73746174 		.ascii	"state\000"
 7438      6500
 7439              	.LASF171:
 7440 0d65 63616C6C 		.ascii	"callback\000"
 7440      6261636B 
 7440      00
 7441              	.LASF46:
ARM GAS  C:\Users\DEVELO~1\AppData\Local\Temp\ccXzcT1U.s 			page 143


 7442 0d6e 6F735F69 		.ascii	"os_instance_t\000"
 7442      6E737461 
 7442      6E63655F 
 7442      7400
 7443              	.LASF239:
 7444 0d7c 56656374 		.ascii	"Vector15C\000"
 7444      6F723135 
 7444      4300
 7445              	.LASF236:
 7446 0d86 75617274 		.ascii	"uart8_irq_init\000"
 7446      385F6972 
 7446      715F696E 
 7446      697400
 7447              	.LASF51:
 7448 0d95 7265676C 		.ascii	"reglist\000"
 7448      69737400 
 7449              	.LASF199:
 7450 0d9d 5F5F7472 		.ascii	"__trace_isr_leave\000"
 7450      6163655F 
 7450      6973725F 
 7450      6C656176 
 7450      6500
 7451              	.LASF283:
 7452 0daf 65787469 		.ascii	"exti3_irq_init\000"
 7452      335F6972 
 7452      715F696E 
 7452      697400
 7453              	.LASF243:
 7454 0dbe 75617274 		.ascii	"uart5_irq_deinit\000"
 7454      355F6972 
 7454      715F6465 
 7454      696E6974 
 7454      00
 7455              	.LASF125:
 7456 0dcf 69646C65 		.ascii	"idlethread_base\000"
 7456      74687265 
 7456      61645F62 
 7456      61736500 
 7457              	.LASF3:
 7458 0ddf 7369676E 		.ascii	"signed char\000"
 7458      65642063 
 7458      68617200 
 7459              	.LASF232:
 7460 0deb 75736172 		.ascii	"usart10_irq_init\000"
 7460      7431305F 
 7460      6972715F 
 7460      696E6974 
 7460      00
 7461              	.LASF78:
 7462 0dfc 64656C74 		.ascii	"delta\000"
 7462      6100
 7463              	.LASF148:
 7464 0e02 696F5F71 		.ascii	"io_queue\000"
 7464      75657565 
 7464      00
 7465              	.LASF186:
 7466 0e0b 53657269 		.ascii	"SerialDriverVMT\000"
ARM GAS  C:\Users\DEVELO~1\AppData\Local\Temp\ccXzcT1U.s 			page 144


 7466      616C4472 
 7466      69766572 
 7466      564D5400 
 7467              	.LASF22:
 7468 0e1b 73746B61 		.ascii	"stkalign_t\000"
 7468      6C69676E 
 7468      5F7400
 7469              	.LASF120:
 7470 0e26 63757272 		.ascii	"current\000"
 7470      656E7400 
 7471              	.LASF224:
 7472 0e2e 5F5F6675 		.ascii	"__func__\000"
 7472      6E635F5F 
 7472      00
 7473              	.LASF215:
 7474 0e37 74696D36 		.ascii	"tim6_irq_init\000"
 7474      5F697271 
 7474      5F696E69 
 7474      7400
 7475              	.LASF231:
 7476 0e45 75736172 		.ascii	"usart10_irq_deinit\000"
 7476      7431305F 
 7476      6972715F 
 7476      6465696E 
 7476      697400
 7477              	.LASF252:
 7478 0e58 75736172 		.ascii	"usart1_irq_deinit\000"
 7478      74315F69 
 7478      72715F64 
 7478      65696E69 
 7478      7400
 7479              	.LASF201:
 7480 0e6a 5F5F7472 		.ascii	"__trace_isr_enter\000"
 7480      6163655F 
 7480      6973725F 
 7480      656E7465 
 7480      7200
 7481              	.LASF204:
 7482 0e7c 74696D31 		.ascii	"tim17_irq_deinit\000"
 7482      375F6972 
 7482      715F6465 
 7482      696E6974 
 7482      00
 7483              	.LASF19:
 7484 0e8d 75696E74 		.ascii	"uint32_t\000"
 7484      33325F74 
 7484      00
 7485              	.LASF112:
 7486 0e96 77747472 		.ascii	"wttrp\000"
 7486      7000
 7487              	.LASF115:
 7488 0e9c 77746D74 		.ascii	"wtmtxp\000"
 7488      787000
 7489              	.LASF246:
 7490 0ea3 75617274 		.ascii	"uart4_irq_init\000"
 7490      345F6972 
 7490      715F696E 
ARM GAS  C:\Users\DEVELO~1\AppData\Local\Temp\ccXzcT1U.s 			page 145


 7490      697400
 7491              	.LASF111:
 7492 0eb2 65786974 		.ascii	"exitcode\000"
 7492      636F6465 
 7492      00
 7493              	.LASF31:
 7494 0ebb 636F7265 		.ascii	"core_id_t\000"
 7494      5F69645F 
 7494      7400
 7495              	.LASF151:
 7496 0ec5 715F6275 		.ascii	"q_buffer\000"
 7496      66666572 
 7496      00
 7497              	.LASF45:
 7498 0ece 6D706F6F 		.ascii	"mpool\000"
 7498      6C00
 7499              		.ident	"GCC: (Arm GNU Toolchain 11.3.Rel1) 11.3.1 20220712"
ARM GAS  C:\Users\DEVELO~1\AppData\Local\Temp\ccXzcT1U.s 			page 146


DEFINED SYMBOLS
                            *ABS*:00000000 stm32_isr.c
C:\Users\DEVELO~1\AppData\Local\Temp\ccXzcT1U.s:18     .text.exti0_irq_init:00000000 $t
C:\Users\DEVELO~1\AppData\Local\Temp\ccXzcT1U.s:23     .text.exti0_irq_init:00000000 exti0_irq_init
C:\Users\DEVELO~1\AppData\Local\Temp\ccXzcT1U.s:49     .text.exti0_irq_deinit:00000000 $t
C:\Users\DEVELO~1\AppData\Local\Temp\ccXzcT1U.s:54     .text.exti0_irq_deinit:00000000 exti0_irq_deinit
C:\Users\DEVELO~1\AppData\Local\Temp\ccXzcT1U.s:79     .text.exti1_irq_init:00000000 $t
C:\Users\DEVELO~1\AppData\Local\Temp\ccXzcT1U.s:84     .text.exti1_irq_init:00000000 exti1_irq_init
C:\Users\DEVELO~1\AppData\Local\Temp\ccXzcT1U.s:110    .text.exti1_irq_deinit:00000000 $t
C:\Users\DEVELO~1\AppData\Local\Temp\ccXzcT1U.s:115    .text.exti1_irq_deinit:00000000 exti1_irq_deinit
C:\Users\DEVELO~1\AppData\Local\Temp\ccXzcT1U.s:140    .text.exti2_irq_init:00000000 $t
C:\Users\DEVELO~1\AppData\Local\Temp\ccXzcT1U.s:145    .text.exti2_irq_init:00000000 exti2_irq_init
C:\Users\DEVELO~1\AppData\Local\Temp\ccXzcT1U.s:171    .text.exti2_irq_deinit:00000000 $t
C:\Users\DEVELO~1\AppData\Local\Temp\ccXzcT1U.s:176    .text.exti2_irq_deinit:00000000 exti2_irq_deinit
C:\Users\DEVELO~1\AppData\Local\Temp\ccXzcT1U.s:201    .text.exti3_irq_init:00000000 $t
C:\Users\DEVELO~1\AppData\Local\Temp\ccXzcT1U.s:206    .text.exti3_irq_init:00000000 exti3_irq_init
C:\Users\DEVELO~1\AppData\Local\Temp\ccXzcT1U.s:232    .text.exti3_irq_deinit:00000000 $t
C:\Users\DEVELO~1\AppData\Local\Temp\ccXzcT1U.s:237    .text.exti3_irq_deinit:00000000 exti3_irq_deinit
C:\Users\DEVELO~1\AppData\Local\Temp\ccXzcT1U.s:262    .text.exti4_irq_init:00000000 $t
C:\Users\DEVELO~1\AppData\Local\Temp\ccXzcT1U.s:267    .text.exti4_irq_init:00000000 exti4_irq_init
C:\Users\DEVELO~1\AppData\Local\Temp\ccXzcT1U.s:293    .text.exti4_irq_deinit:00000000 $t
C:\Users\DEVELO~1\AppData\Local\Temp\ccXzcT1U.s:298    .text.exti4_irq_deinit:00000000 exti4_irq_deinit
C:\Users\DEVELO~1\AppData\Local\Temp\ccXzcT1U.s:323    .text.exti5_9_irq_init:00000000 $t
C:\Users\DEVELO~1\AppData\Local\Temp\ccXzcT1U.s:328    .text.exti5_9_irq_init:00000000 exti5_9_irq_init
C:\Users\DEVELO~1\AppData\Local\Temp\ccXzcT1U.s:354    .text.exti5_9_irq_deinit:00000000 $t
C:\Users\DEVELO~1\AppData\Local\Temp\ccXzcT1U.s:359    .text.exti5_9_irq_deinit:00000000 exti5_9_irq_deinit
C:\Users\DEVELO~1\AppData\Local\Temp\ccXzcT1U.s:384    .text.exti10_15_irq_init:00000000 $t
C:\Users\DEVELO~1\AppData\Local\Temp\ccXzcT1U.s:389    .text.exti10_15_irq_init:00000000 exti10_15_irq_init
C:\Users\DEVELO~1\AppData\Local\Temp\ccXzcT1U.s:415    .text.exti10_15_irq_deinit:00000000 $t
C:\Users\DEVELO~1\AppData\Local\Temp\ccXzcT1U.s:420    .text.exti10_15_irq_deinit:00000000 exti10_15_irq_deinit
C:\Users\DEVELO~1\AppData\Local\Temp\ccXzcT1U.s:445    .text.exti16_irq_init:00000000 $t
C:\Users\DEVELO~1\AppData\Local\Temp\ccXzcT1U.s:450    .text.exti16_irq_init:00000000 exti16_irq_init
C:\Users\DEVELO~1\AppData\Local\Temp\ccXzcT1U.s:476    .text.exti16_irq_deinit:00000000 $t
C:\Users\DEVELO~1\AppData\Local\Temp\ccXzcT1U.s:481    .text.exti16_irq_deinit:00000000 exti16_irq_deinit
C:\Users\DEVELO~1\AppData\Local\Temp\ccXzcT1U.s:506    .text.exti17_irq_init:00000000 $t
C:\Users\DEVELO~1\AppData\Local\Temp\ccXzcT1U.s:511    .text.exti17_irq_init:00000000 exti17_irq_init
C:\Users\DEVELO~1\AppData\Local\Temp\ccXzcT1U.s:537    .text.exti17_irq_deinit:00000000 $t
C:\Users\DEVELO~1\AppData\Local\Temp\ccXzcT1U.s:542    .text.exti17_irq_deinit:00000000 exti17_irq_deinit
C:\Users\DEVELO~1\AppData\Local\Temp\ccXzcT1U.s:567    .text.exti18_irq_init:00000000 $t
C:\Users\DEVELO~1\AppData\Local\Temp\ccXzcT1U.s:572    .text.exti18_irq_init:00000000 exti18_irq_init
C:\Users\DEVELO~1\AppData\Local\Temp\ccXzcT1U.s:598    .text.exti18_irq_deinit:00000000 $t
C:\Users\DEVELO~1\AppData\Local\Temp\ccXzcT1U.s:603    .text.exti18_irq_deinit:00000000 exti18_irq_deinit
C:\Users\DEVELO~1\AppData\Local\Temp\ccXzcT1U.s:628    .text.exti19_irq_init:00000000 $t
C:\Users\DEVELO~1\AppData\Local\Temp\ccXzcT1U.s:633    .text.exti19_irq_init:00000000 exti19_irq_init
C:\Users\DEVELO~1\AppData\Local\Temp\ccXzcT1U.s:659    .text.exti19_irq_deinit:00000000 $t
C:\Users\DEVELO~1\AppData\Local\Temp\ccXzcT1U.s:664    .text.exti19_irq_deinit:00000000 exti19_irq_deinit
C:\Users\DEVELO~1\AppData\Local\Temp\ccXzcT1U.s:689    .text.exti20_exti21_irq_init:00000000 $t
C:\Users\DEVELO~1\AppData\Local\Temp\ccXzcT1U.s:694    .text.exti20_exti21_irq_init:00000000 exti20_exti21_irq_init
C:\Users\DEVELO~1\AppData\Local\Temp\ccXzcT1U.s:720    .text.exti20_exti21_irq_deinit:00000000 $t
C:\Users\DEVELO~1\AppData\Local\Temp\ccXzcT1U.s:725    .text.exti20_exti21_irq_deinit:00000000 exti20_exti21_irq_deinit
C:\Users\DEVELO~1\AppData\Local\Temp\ccXzcT1U.s:750    .text.fdcan1_irq_init:00000000 $t
C:\Users\DEVELO~1\AppData\Local\Temp\ccXzcT1U.s:755    .text.fdcan1_irq_init:00000000 fdcan1_irq_init
C:\Users\DEVELO~1\AppData\Local\Temp\ccXzcT1U.s:781    .text.fdcan1_irq_deinit:00000000 $t
C:\Users\DEVELO~1\AppData\Local\Temp\ccXzcT1U.s:786    .text.fdcan1_irq_deinit:00000000 fdcan1_irq_deinit
C:\Users\DEVELO~1\AppData\Local\Temp\ccXzcT1U.s:811    .text.fdcan2_irq_init:00000000 $t
C:\Users\DEVELO~1\AppData\Local\Temp\ccXzcT1U.s:816    .text.fdcan2_irq_init:00000000 fdcan2_irq_init
C:\Users\DEVELO~1\AppData\Local\Temp\ccXzcT1U.s:842    .text.fdcan2_irq_deinit:00000000 $t
ARM GAS  C:\Users\DEVELO~1\AppData\Local\Temp\ccXzcT1U.s 			page 147


C:\Users\DEVELO~1\AppData\Local\Temp\ccXzcT1U.s:847    .text.fdcan2_irq_deinit:00000000 fdcan2_irq_deinit
C:\Users\DEVELO~1\AppData\Local\Temp\ccXzcT1U.s:872    .text.fdcan3_irq_init:00000000 $t
C:\Users\DEVELO~1\AppData\Local\Temp\ccXzcT1U.s:877    .text.fdcan3_irq_init:00000000 fdcan3_irq_init
C:\Users\DEVELO~1\AppData\Local\Temp\ccXzcT1U.s:903    .text.fdcan3_irq_deinit:00000000 $t
C:\Users\DEVELO~1\AppData\Local\Temp\ccXzcT1U.s:908    .text.fdcan3_irq_deinit:00000000 fdcan3_irq_deinit
C:\Users\DEVELO~1\AppData\Local\Temp\ccXzcT1U.s:933    .text.quadspi1_irq_init:00000000 $t
C:\Users\DEVELO~1\AppData\Local\Temp\ccXzcT1U.s:938    .text.quadspi1_irq_init:00000000 quadspi1_irq_init
C:\Users\DEVELO~1\AppData\Local\Temp\ccXzcT1U.s:964    .text.quadspi1_irq_deinit:00000000 $t
C:\Users\DEVELO~1\AppData\Local\Temp\ccXzcT1U.s:969    .text.quadspi1_irq_deinit:00000000 quadspi1_irq_deinit
C:\Users\DEVELO~1\AppData\Local\Temp\ccXzcT1U.s:994    .text.sdmmc1_irq_init:00000000 $t
C:\Users\DEVELO~1\AppData\Local\Temp\ccXzcT1U.s:999    .text.sdmmc1_irq_init:00000000 sdmmc1_irq_init
C:\Users\DEVELO~1\AppData\Local\Temp\ccXzcT1U.s:1025   .text.sdmmc1_irq_deinit:00000000 $t
C:\Users\DEVELO~1\AppData\Local\Temp\ccXzcT1U.s:1030   .text.sdmmc1_irq_deinit:00000000 sdmmc1_irq_deinit
C:\Users\DEVELO~1\AppData\Local\Temp\ccXzcT1U.s:1055   .text.sdmmc2_irq_init:00000000 $t
C:\Users\DEVELO~1\AppData\Local\Temp\ccXzcT1U.s:1060   .text.sdmmc2_irq_init:00000000 sdmmc2_irq_init
C:\Users\DEVELO~1\AppData\Local\Temp\ccXzcT1U.s:1086   .text.sdmmc2_irq_deinit:00000000 $t
C:\Users\DEVELO~1\AppData\Local\Temp\ccXzcT1U.s:1091   .text.sdmmc2_irq_deinit:00000000 sdmmc2_irq_deinit
C:\Users\DEVELO~1\AppData\Local\Temp\ccXzcT1U.s:1116   .text.usart1_irq_init:00000000 $t
C:\Users\DEVELO~1\AppData\Local\Temp\ccXzcT1U.s:1121   .text.usart1_irq_init:00000000 usart1_irq_init
C:\Users\DEVELO~1\AppData\Local\Temp\ccXzcT1U.s:1145   .text.usart1_irq_deinit:00000000 $t
C:\Users\DEVELO~1\AppData\Local\Temp\ccXzcT1U.s:1150   .text.usart1_irq_deinit:00000000 usart1_irq_deinit
C:\Users\DEVELO~1\AppData\Local\Temp\ccXzcT1U.s:1172   .text.VectorD4:00000000 $t
C:\Users\DEVELO~1\AppData\Local\Temp\ccXzcT1U.s:1178   .text.VectorD4:00000000 VectorD4
C:\Users\DEVELO~1\AppData\Local\Temp\ccXzcT1U.s:1206   .text.VectorD4:00000020 $d
C:\Users\DEVELO~1\AppData\Local\Temp\ccXzcT1U.s:2852   .rodata.__func__.4:00000000 __func__.4
C:\Users\DEVELO~1\AppData\Local\Temp\ccXzcT1U.s:1212   .text.usart2_irq_init:00000000 $t
C:\Users\DEVELO~1\AppData\Local\Temp\ccXzcT1U.s:1217   .text.usart2_irq_init:00000000 usart2_irq_init
C:\Users\DEVELO~1\AppData\Local\Temp\ccXzcT1U.s:1243   .text.usart2_irq_deinit:00000000 $t
C:\Users\DEVELO~1\AppData\Local\Temp\ccXzcT1U.s:1248   .text.usart2_irq_deinit:00000000 usart2_irq_deinit
C:\Users\DEVELO~1\AppData\Local\Temp\ccXzcT1U.s:1273   .text.usart3_irq_init:00000000 $t
C:\Users\DEVELO~1\AppData\Local\Temp\ccXzcT1U.s:1278   .text.usart3_irq_init:00000000 usart3_irq_init
C:\Users\DEVELO~1\AppData\Local\Temp\ccXzcT1U.s:1304   .text.usart3_irq_deinit:00000000 $t
C:\Users\DEVELO~1\AppData\Local\Temp\ccXzcT1U.s:1309   .text.usart3_irq_deinit:00000000 usart3_irq_deinit
C:\Users\DEVELO~1\AppData\Local\Temp\ccXzcT1U.s:1334   .text.uart4_irq_init:00000000 $t
C:\Users\DEVELO~1\AppData\Local\Temp\ccXzcT1U.s:1339   .text.uart4_irq_init:00000000 uart4_irq_init
C:\Users\DEVELO~1\AppData\Local\Temp\ccXzcT1U.s:1365   .text.uart4_irq_deinit:00000000 $t
C:\Users\DEVELO~1\AppData\Local\Temp\ccXzcT1U.s:1370   .text.uart4_irq_deinit:00000000 uart4_irq_deinit
C:\Users\DEVELO~1\AppData\Local\Temp\ccXzcT1U.s:1395   .text.uart5_irq_init:00000000 $t
C:\Users\DEVELO~1\AppData\Local\Temp\ccXzcT1U.s:1400   .text.uart5_irq_init:00000000 uart5_irq_init
C:\Users\DEVELO~1\AppData\Local\Temp\ccXzcT1U.s:1424   .text.uart5_irq_deinit:00000000 $t
C:\Users\DEVELO~1\AppData\Local\Temp\ccXzcT1U.s:1429   .text.uart5_irq_deinit:00000000 uart5_irq_deinit
C:\Users\DEVELO~1\AppData\Local\Temp\ccXzcT1U.s:1451   .text.Vector114:00000000 $t
C:\Users\DEVELO~1\AppData\Local\Temp\ccXzcT1U.s:1457   .text.Vector114:00000000 Vector114
C:\Users\DEVELO~1\AppData\Local\Temp\ccXzcT1U.s:1485   .text.Vector114:00000020 $d
C:\Users\DEVELO~1\AppData\Local\Temp\ccXzcT1U.s:2858   .rodata.__func__.3:00000000 __func__.3
C:\Users\DEVELO~1\AppData\Local\Temp\ccXzcT1U.s:1491   .text.usart6_irq_init:00000000 $t
C:\Users\DEVELO~1\AppData\Local\Temp\ccXzcT1U.s:1496   .text.usart6_irq_init:00000000 usart6_irq_init
C:\Users\DEVELO~1\AppData\Local\Temp\ccXzcT1U.s:1520   .text.usart6_irq_deinit:00000000 $t
C:\Users\DEVELO~1\AppData\Local\Temp\ccXzcT1U.s:1525   .text.usart6_irq_deinit:00000000 usart6_irq_deinit
C:\Users\DEVELO~1\AppData\Local\Temp\ccXzcT1U.s:1547   .text.Vector15C:00000000 $t
C:\Users\DEVELO~1\AppData\Local\Temp\ccXzcT1U.s:1553   .text.Vector15C:00000000 Vector15C
C:\Users\DEVELO~1\AppData\Local\Temp\ccXzcT1U.s:1581   .text.Vector15C:00000020 $d
C:\Users\DEVELO~1\AppData\Local\Temp\ccXzcT1U.s:2864   .rodata.__func__.2:00000000 __func__.2
C:\Users\DEVELO~1\AppData\Local\Temp\ccXzcT1U.s:1587   .text.uart7_irq_init:00000000 $t
C:\Users\DEVELO~1\AppData\Local\Temp\ccXzcT1U.s:1592   .text.uart7_irq_init:00000000 uart7_irq_init
C:\Users\DEVELO~1\AppData\Local\Temp\ccXzcT1U.s:1618   .text.uart7_irq_deinit:00000000 $t
C:\Users\DEVELO~1\AppData\Local\Temp\ccXzcT1U.s:1623   .text.uart7_irq_deinit:00000000 uart7_irq_deinit
ARM GAS  C:\Users\DEVELO~1\AppData\Local\Temp\ccXzcT1U.s 			page 148


C:\Users\DEVELO~1\AppData\Local\Temp\ccXzcT1U.s:1648   .text.uart8_irq_init:00000000 $t
C:\Users\DEVELO~1\AppData\Local\Temp\ccXzcT1U.s:1653   .text.uart8_irq_init:00000000 uart8_irq_init
C:\Users\DEVELO~1\AppData\Local\Temp\ccXzcT1U.s:1679   .text.uart8_irq_deinit:00000000 $t
C:\Users\DEVELO~1\AppData\Local\Temp\ccXzcT1U.s:1684   .text.uart8_irq_deinit:00000000 uart8_irq_deinit
C:\Users\DEVELO~1\AppData\Local\Temp\ccXzcT1U.s:1709   .text.uart9_irq_init:00000000 $t
C:\Users\DEVELO~1\AppData\Local\Temp\ccXzcT1U.s:1714   .text.uart9_irq_init:00000000 uart9_irq_init
C:\Users\DEVELO~1\AppData\Local\Temp\ccXzcT1U.s:1740   .text.uart9_irq_deinit:00000000 $t
C:\Users\DEVELO~1\AppData\Local\Temp\ccXzcT1U.s:1745   .text.uart9_irq_deinit:00000000 uart9_irq_deinit
C:\Users\DEVELO~1\AppData\Local\Temp\ccXzcT1U.s:1770   .text.usart10_irq_init:00000000 $t
C:\Users\DEVELO~1\AppData\Local\Temp\ccXzcT1U.s:1775   .text.usart10_irq_init:00000000 usart10_irq_init
C:\Users\DEVELO~1\AppData\Local\Temp\ccXzcT1U.s:1801   .text.usart10_irq_deinit:00000000 $t
C:\Users\DEVELO~1\AppData\Local\Temp\ccXzcT1U.s:1806   .text.usart10_irq_deinit:00000000 usart10_irq_deinit
C:\Users\DEVELO~1\AppData\Local\Temp\ccXzcT1U.s:1831   .text.lpuart1_irq_init:00000000 $t
C:\Users\DEVELO~1\AppData\Local\Temp\ccXzcT1U.s:1836   .text.lpuart1_irq_init:00000000 lpuart1_irq_init
C:\Users\DEVELO~1\AppData\Local\Temp\ccXzcT1U.s:1862   .text.lpuart1_irq_deinit:00000000 $t
C:\Users\DEVELO~1\AppData\Local\Temp\ccXzcT1U.s:1867   .text.lpuart1_irq_deinit:00000000 lpuart1_irq_deinit
C:\Users\DEVELO~1\AppData\Local\Temp\ccXzcT1U.s:1892   .text.tim1_irq_init:00000000 $t
C:\Users\DEVELO~1\AppData\Local\Temp\ccXzcT1U.s:1897   .text.tim1_irq_init:00000000 tim1_irq_init
C:\Users\DEVELO~1\AppData\Local\Temp\ccXzcT1U.s:1923   .text.tim1_irq_deinit:00000000 $t
C:\Users\DEVELO~1\AppData\Local\Temp\ccXzcT1U.s:1928   .text.tim1_irq_deinit:00000000 tim1_irq_deinit
C:\Users\DEVELO~1\AppData\Local\Temp\ccXzcT1U.s:1953   .text.tim2_irq_init:00000000 $t
C:\Users\DEVELO~1\AppData\Local\Temp\ccXzcT1U.s:1958   .text.tim2_irq_init:00000000 tim2_irq_init
C:\Users\DEVELO~1\AppData\Local\Temp\ccXzcT1U.s:1982   .text.tim2_irq_deinit:00000000 $t
C:\Users\DEVELO~1\AppData\Local\Temp\ccXzcT1U.s:1987   .text.tim2_irq_deinit:00000000 tim2_irq_deinit
C:\Users\DEVELO~1\AppData\Local\Temp\ccXzcT1U.s:2009   .text.VectorB0:00000000 $t
C:\Users\DEVELO~1\AppData\Local\Temp\ccXzcT1U.s:2015   .text.VectorB0:00000000 VectorB0
C:\Users\DEVELO~1\AppData\Local\Temp\ccXzcT1U.s:2042   .text.VectorB0:0000001c $d
C:\Users\DEVELO~1\AppData\Local\Temp\ccXzcT1U.s:2870   .rodata.__func__.1:00000000 __func__.1
C:\Users\DEVELO~1\AppData\Local\Temp\ccXzcT1U.s:2047   .text.tim3_irq_init:00000000 $t
C:\Users\DEVELO~1\AppData\Local\Temp\ccXzcT1U.s:2052   .text.tim3_irq_init:00000000 tim3_irq_init
C:\Users\DEVELO~1\AppData\Local\Temp\ccXzcT1U.s:2078   .text.tim3_irq_deinit:00000000 $t
C:\Users\DEVELO~1\AppData\Local\Temp\ccXzcT1U.s:2083   .text.tim3_irq_deinit:00000000 tim3_irq_deinit
C:\Users\DEVELO~1\AppData\Local\Temp\ccXzcT1U.s:2108   .text.tim4_irq_init:00000000 $t
C:\Users\DEVELO~1\AppData\Local\Temp\ccXzcT1U.s:2113   .text.tim4_irq_init:00000000 tim4_irq_init
C:\Users\DEVELO~1\AppData\Local\Temp\ccXzcT1U.s:2137   .text.tim4_irq_deinit:00000000 $t
C:\Users\DEVELO~1\AppData\Local\Temp\ccXzcT1U.s:2142   .text.tim4_irq_deinit:00000000 tim4_irq_deinit
C:\Users\DEVELO~1\AppData\Local\Temp\ccXzcT1U.s:2164   .text.VectorB8:00000000 $t
C:\Users\DEVELO~1\AppData\Local\Temp\ccXzcT1U.s:2170   .text.VectorB8:00000000 VectorB8
C:\Users\DEVELO~1\AppData\Local\Temp\ccXzcT1U.s:2198   .text.VectorB8:00000020 $d
C:\Users\DEVELO~1\AppData\Local\Temp\ccXzcT1U.s:2876   .rodata.__func__.0:00000000 __func__.0
C:\Users\DEVELO~1\AppData\Local\Temp\ccXzcT1U.s:2204   .text.tim5_irq_init:00000000 $t
C:\Users\DEVELO~1\AppData\Local\Temp\ccXzcT1U.s:2209   .text.tim5_irq_init:00000000 tim5_irq_init
C:\Users\DEVELO~1\AppData\Local\Temp\ccXzcT1U.s:2235   .text.tim5_irq_deinit:00000000 $t
C:\Users\DEVELO~1\AppData\Local\Temp\ccXzcT1U.s:2240   .text.tim5_irq_deinit:00000000 tim5_irq_deinit
C:\Users\DEVELO~1\AppData\Local\Temp\ccXzcT1U.s:2265   .text.tim6_irq_init:00000000 $t
C:\Users\DEVELO~1\AppData\Local\Temp\ccXzcT1U.s:2270   .text.tim6_irq_init:00000000 tim6_irq_init
C:\Users\DEVELO~1\AppData\Local\Temp\ccXzcT1U.s:2296   .text.tim6_irq_deinit:00000000 $t
C:\Users\DEVELO~1\AppData\Local\Temp\ccXzcT1U.s:2301   .text.tim6_irq_deinit:00000000 tim6_irq_deinit
C:\Users\DEVELO~1\AppData\Local\Temp\ccXzcT1U.s:2326   .text.tim7_irq_init:00000000 $t
C:\Users\DEVELO~1\AppData\Local\Temp\ccXzcT1U.s:2331   .text.tim7_irq_init:00000000 tim7_irq_init
C:\Users\DEVELO~1\AppData\Local\Temp\ccXzcT1U.s:2357   .text.tim7_irq_deinit:00000000 $t
C:\Users\DEVELO~1\AppData\Local\Temp\ccXzcT1U.s:2362   .text.tim7_irq_deinit:00000000 tim7_irq_deinit
C:\Users\DEVELO~1\AppData\Local\Temp\ccXzcT1U.s:2387   .text.tim8_tim12_tim13_tim14_irq_init:00000000 $t
C:\Users\DEVELO~1\AppData\Local\Temp\ccXzcT1U.s:2392   .text.tim8_tim12_tim13_tim14_irq_init:00000000 tim8_tim12_tim13_tim14_irq_init
C:\Users\DEVELO~1\AppData\Local\Temp\ccXzcT1U.s:2418   .text.tim8_tim12_tim13_tim14_irq_deinit:00000000 $t
C:\Users\DEVELO~1\AppData\Local\Temp\ccXzcT1U.s:2423   .text.tim8_tim12_tim13_tim14_irq_deinit:00000000 tim8_tim12_tim13_tim14_irq_deinit
C:\Users\DEVELO~1\AppData\Local\Temp\ccXzcT1U.s:2448   .text.tim15_irq_init:00000000 $t
ARM GAS  C:\Users\DEVELO~1\AppData\Local\Temp\ccXzcT1U.s 			page 149


C:\Users\DEVELO~1\AppData\Local\Temp\ccXzcT1U.s:2453   .text.tim15_irq_init:00000000 tim15_irq_init
C:\Users\DEVELO~1\AppData\Local\Temp\ccXzcT1U.s:2479   .text.tim15_irq_deinit:00000000 $t
C:\Users\DEVELO~1\AppData\Local\Temp\ccXzcT1U.s:2484   .text.tim15_irq_deinit:00000000 tim15_irq_deinit
C:\Users\DEVELO~1\AppData\Local\Temp\ccXzcT1U.s:2509   .text.tim16_irq_init:00000000 $t
C:\Users\DEVELO~1\AppData\Local\Temp\ccXzcT1U.s:2514   .text.tim16_irq_init:00000000 tim16_irq_init
C:\Users\DEVELO~1\AppData\Local\Temp\ccXzcT1U.s:2540   .text.tim16_irq_deinit:00000000 $t
C:\Users\DEVELO~1\AppData\Local\Temp\ccXzcT1U.s:2545   .text.tim16_irq_deinit:00000000 tim16_irq_deinit
C:\Users\DEVELO~1\AppData\Local\Temp\ccXzcT1U.s:2570   .text.tim17_irq_init:00000000 $t
C:\Users\DEVELO~1\AppData\Local\Temp\ccXzcT1U.s:2575   .text.tim17_irq_init:00000000 tim17_irq_init
C:\Users\DEVELO~1\AppData\Local\Temp\ccXzcT1U.s:2601   .text.tim17_irq_deinit:00000000 $t
C:\Users\DEVELO~1\AppData\Local\Temp\ccXzcT1U.s:2606   .text.tim17_irq_deinit:00000000 tim17_irq_deinit
C:\Users\DEVELO~1\AppData\Local\Temp\ccXzcT1U.s:2631   .text.irqInit:00000000 $t
C:\Users\DEVELO~1\AppData\Local\Temp\ccXzcT1U.s:2637   .text.irqInit:00000000 irqInit
C:\Users\DEVELO~1\AppData\Local\Temp\ccXzcT1U.s:2741   .text.irqDeinit:00000000 $t
C:\Users\DEVELO~1\AppData\Local\Temp\ccXzcT1U.s:2747   .text.irqDeinit:00000000 irqDeinit
C:\Users\DEVELO~1\AppData\Local\Temp\ccXzcT1U.s:2849   .rodata.__func__.4:00000000 $d
C:\Users\DEVELO~1\AppData\Local\Temp\ccXzcT1U.s:2855   .rodata.__func__.3:00000000 $d
C:\Users\DEVELO~1\AppData\Local\Temp\ccXzcT1U.s:2861   .rodata.__func__.2:00000000 $d
C:\Users\DEVELO~1\AppData\Local\Temp\ccXzcT1U.s:2867   .rodata.__func__.1:00000000 $d
C:\Users\DEVELO~1\AppData\Local\Temp\ccXzcT1U.s:2873   .rodata.__func__.0:00000000 $d

UNDEFINED SYMBOLS
nvicEnableVector
nvicDisableVector
__trace_isr_enter
sd_lld_serve_interrupt
__trace_isr_leave
__port_irq_epilogue
SD1
SD5
SD6
st_lld_serve_interrupt
gpt_lld_serve_interrupt
GPTD4
