ARM GAS  C:\Users\DEVELO~1\AppData\Local\Temp\ccVnb1zc.s 			page 1


   1              		.cpu cortex-m7
   2              		.arch armv7e-m
   3              		.fpu softvfp
   4              		.eabi_attribute 20, 1
   5              		.eabi_attribute 21, 1
   6              		.eabi_attribute 23, 3
   7              		.eabi_attribute 24, 1
   8              		.eabi_attribute 25, 1
   9              		.eabi_attribute 26, 1
  10              		.eabi_attribute 30, 6
  11              		.eabi_attribute 34, 1
  12              		.eabi_attribute 18, 4
  13              		.file	"audio_codec_ada1979.c"
  14              		.text
  15              	.Ltext0:
  16              		.cfi_sections	.debug_frame
  17              		.section	.text.chTimeDiffX,"ax",%progbits
  18              		.align	1
  19              		.syntax unified
  20              		.thumb
  21              		.thumb_func
  22              		.type	chTimeDiffX, %function
  23              	chTimeDiffX:
  24              	.LFB9:
  25              		.file 1 "../../../os/rt/include/chtime.h"
  26              		.loc 1 461 73
  27              		.cfi_startproc
  28              		@ args = 0, pretend = 0, frame = 8
  29              		@ frame_needed = 1, uses_anonymous_args = 0
  30              		@ link register save eliminated.
  31 0000 80B4     		push	{r7}
  32              		.cfi_def_cfa_offset 4
  33              		.cfi_offset 7, -4
  34 0002 83B0     		sub	sp, sp, #12
  35              		.cfi_def_cfa_offset 16
  36 0004 00AF     		add	r7, sp, #0
  37              		.cfi_def_cfa_register 7
  38 0006 7860     		str	r0, [r7, #4]
  39 0008 3960     		str	r1, [r7]
  40              		.loc 1 465 10
  41 000a 3A68     		ldr	r2, [r7]
  42 000c 7B68     		ldr	r3, [r7, #4]
  43 000e D31A     		subs	r3, r2, r3
  44              		.loc 1 467 1
  45 0010 1846     		mov	r0, r3
  46 0012 0C37     		adds	r7, r7, #12
  47              		.cfi_def_cfa_offset 4
  48 0014 BD46     		mov	sp, r7
  49              		.cfi_def_cfa_register 13
  50              		@ sp needed
  51 0016 80BC     		pop	{r7}
  52              		.cfi_restore 7
  53              		.cfi_def_cfa_offset 0
  54 0018 7047     		bx	lr
  55              		.cfi_endproc
  56              	.LFE9:
  57              		.size	chTimeDiffX, .-chTimeDiffX
ARM GAS  C:\Users\DEVELO~1\AppData\Local\Temp\ccVnb1zc.s 			page 2


  58              		.section	.text.port_timer_get_time,"ax",%progbits
  59              		.align	1
  60              		.syntax unified
  61              		.thumb
  62              		.thumb_func
  63              		.type	port_timer_get_time, %function
  64              	port_timer_get_time:
  65              	.LFB196:
  66              		.file 2 "../../../os/hal/osal/rt-nil/chcore_timer.h"
  67              		.loc 2 111 51
  68              		.cfi_startproc
  69              		@ args = 0, pretend = 0, frame = 0
  70              		@ frame_needed = 1, uses_anonymous_args = 0
  71 0000 80B5     		push	{r7, lr}
  72              		.cfi_def_cfa_offset 8
  73              		.cfi_offset 7, -8
  74              		.cfi_offset 14, -4
  75 0002 00AF     		add	r7, sp, #0
  76              		.cfi_def_cfa_register 7
  77              		.loc 2 113 10
  78 0004 FFF7FEFF 		bl	stGetCounter
  79 0008 0346     		mov	r3, r0
  80              		.loc 2 114 1
  81 000a 1846     		mov	r0, r3
  82 000c 80BD     		pop	{r7, pc}
  83              		.cfi_endproc
  84              	.LFE196:
  85              		.size	port_timer_get_time, .-port_timer_get_time
  86              		.section	.text.chVTGetSystemTimeX,"ax",%progbits
  87              		.align	1
  88              		.syntax unified
  89              		.thumb
  90              		.thumb_func
  91              		.type	chVTGetSystemTimeX, %function
  92              	chVTGetSystemTimeX:
  93              	.LFB209:
  94              		.file 3 "../../../os/rt/include/chvt.h"
  95              		.loc 3 122 50
  96              		.cfi_startproc
  97              		@ args = 0, pretend = 0, frame = 0
  98              		@ frame_needed = 1, uses_anonymous_args = 0
  99 0000 80B5     		push	{r7, lr}
 100              		.cfi_def_cfa_offset 8
 101              		.cfi_offset 7, -8
 102              		.cfi_offset 14, -4
 103 0002 00AF     		add	r7, sp, #0
 104              		.cfi_def_cfa_register 7
 105              		.loc 3 127 10
 106 0004 FFF7FEFF 		bl	port_timer_get_time
 107 0008 0346     		mov	r3, r0
 108              		.loc 3 129 1
 109 000a 1846     		mov	r0, r3
 110 000c 80BD     		pop	{r7, pc}
 111              		.cfi_endproc
 112              	.LFE209:
 113              		.size	chVTGetSystemTimeX, .-chVTGetSystemTimeX
 114              		.section	.text.chVTTimeElapsedSinceX,"ax",%progbits
ARM GAS  C:\Users\DEVELO~1\AppData\Local\Temp\ccVnb1zc.s 			page 3


 115              		.align	1
 116              		.syntax unified
 117              		.thumb
 118              		.thumb_func
 119              		.type	chVTTimeElapsedSinceX, %function
 120              	chVTTimeElapsedSinceX:
 121              	.LFB211:
 122              		.loc 3 159 68
 123              		.cfi_startproc
 124              		@ args = 0, pretend = 0, frame = 8
 125              		@ frame_needed = 1, uses_anonymous_args = 0
 126 0000 80B5     		push	{r7, lr}
 127              		.cfi_def_cfa_offset 8
 128              		.cfi_offset 7, -8
 129              		.cfi_offset 14, -4
 130 0002 82B0     		sub	sp, sp, #8
 131              		.cfi_def_cfa_offset 16
 132 0004 00AF     		add	r7, sp, #0
 133              		.cfi_def_cfa_register 7
 134 0006 7860     		str	r0, [r7, #4]
 135              		.loc 3 161 10
 136 0008 FFF7FEFF 		bl	chVTGetSystemTimeX
 137 000c 0346     		mov	r3, r0
 138 000e 1946     		mov	r1, r3
 139 0010 7868     		ldr	r0, [r7, #4]
 140 0012 FFF7FEFF 		bl	chTimeDiffX
 141 0016 0346     		mov	r3, r0
 142              		.loc 3 162 1
 143 0018 1846     		mov	r0, r3
 144 001a 0837     		adds	r7, r7, #8
 145              		.cfi_def_cfa_offset 8
 146 001c BD46     		mov	sp, r7
 147              		.cfi_def_cfa_register 13
 148              		@ sp needed
 149 001e 80BD     		pop	{r7, pc}
 150              		.cfi_endproc
 151              	.LFE211:
 152              		.size	chVTTimeElapsedSinceX, .-chVTTimeElapsedSinceX
 153              		.section	.data.audio_i2c,"aw"
 154              		.align	2
 155              		.type	audio_i2c, %object
 156              		.size	audio_i2c, 4
 157              	audio_i2c:
 158 0000 00000000 		.word	I2CD3
 159              		.section	.bss.adau1979_log,"aw",%nobits
 160              		.align	2
 161              		.type	adau1979_log, %object
 162              		.size	adau1979_log, 4
 163              	adau1979_log:
 164 0000 00000000 		.space	4
 165              		.section	.rodata.adau1979_addresses,"a"
 166              		.align	2
 167              		.type	adau1979_addresses, %object
 168              		.size	adau1979_addresses, 2
 169              	adau1979_addresses:
 170 0000 1112     		.ascii	"\021\022"
 171              		.section	.rodata.adau1979_default_i2c_cfg,"a"
ARM GAS  C:\Users\DEVELO~1\AppData\Local\Temp\ccVnb1zc.s 			page 4


 172              		.align	2
 173              		.type	adau1979_default_i2c_cfg, %object
 174              		.size	adau1979_default_i2c_cfg, 12
 175              	adau1979_default_i2c_cfg:
 176 0000 EC9C9010 		.word	277912812
 177 0004 00000000 		.word	0
 178 0008 00000000 		.word	0
 179              		.section	.rodata
 180              		.align	2
 181              	.LC0:
 182 0000 4F4B00   		.ascii	"OK\000"
 183 0003 00       		.align	2
 184              	.LC1:
 185 0004 4641494C 		.ascii	"FAIL\000"
 185      00
 186 0009 000000   		.align	2
 187              	.LC2:
 188 000c 49324320 		.ascii	"I2C ADAU1979 WR @0x%02X reg 0x%02X = 0x%02X -> %s\015"
 188      41444155 
 188      31393739 
 188      20575220 
 188      40307825 
 189 003e 0A00     		.ascii	"\012\000"
 190              		.section	.text.adau1979_write_reg,"ax",%progbits
 191              		.align	1
 192              		.syntax unified
 193              		.thumb
 194              		.thumb_func
 195              		.type	adau1979_write_reg, %function
 196              	adau1979_write_reg:
 197              	.LFB432:
 198              		.file 4 "audio/audio_codec_ada1979.c"
 199              		.loc 4 70 75
 200              		.cfi_startproc
 201              		@ args = 0, pretend = 0, frame = 16
 202              		@ frame_needed = 1, uses_anonymous_args = 0
 203 0000 90B5     		push	{r4, r7, lr}
 204              		.cfi_def_cfa_offset 12
 205              		.cfi_offset 4, -12
 206              		.cfi_offset 7, -8
 207              		.cfi_offset 14, -4
 208 0002 89B0     		sub	sp, sp, #36
 209              		.cfi_def_cfa_offset 48
 210 0004 04AF     		add	r7, sp, #16
 211              		.cfi_def_cfa 7, 32
 212 0006 0346     		mov	r3, r0
 213 0008 FB71     		strb	r3, [r7, #7]
 214 000a 0B46     		mov	r3, r1
 215 000c BB71     		strb	r3, [r7, #6]
 216 000e 1346     		mov	r3, r2
 217 0010 7B71     		strb	r3, [r7, #5]
 218              		.loc 4 71 13
 219 0012 BB79     		ldrb	r3, [r7, #6]
 220 0014 3B72     		strb	r3, [r7, #8]
 221 0016 7B79     		ldrb	r3, [r7, #5]
 222 0018 7B72     		strb	r3, [r7, #9]
 223              		.loc 4 72 16
ARM GAS  C:\Users\DEVELO~1\AppData\Local\Temp\ccVnb1zc.s 			page 5


 224 001a 154B     		ldr	r3, .L14
 225 001c 1868     		ldr	r0, [r3]
 226 001e FB79     		ldrb	r3, [r7, #7]	@ zero_extendqisi2
 227 0020 99B2     		uxth	r1, r3
 228 0022 07F10802 		add	r2, r7, #8
 229 0026 6423     		movs	r3, #100
 230 0028 0293     		str	r3, [sp, #8]
 231 002a 0023     		movs	r3, #0
 232 002c 0193     		str	r3, [sp, #4]
 233 002e 0023     		movs	r3, #0
 234 0030 0093     		str	r3, [sp]
 235 0032 0223     		movs	r3, #2
 236 0034 FFF7FEFF 		bl	i2cMasterTransmitTimeout
 237 0038 F860     		str	r0, [r7, #12]
 238              		.loc 4 73 22
 239 003a 0E4B     		ldr	r3, .L14+4
 240 003c 1B68     		ldr	r3, [r3]
 241              		.loc 4 73 8
 242 003e 002B     		cmp	r3, #0
 243 0040 11D0     		beq	.L10
 244              		.loc 4 74 9
 245 0042 0C4B     		ldr	r3, .L14+4
 246 0044 1868     		ldr	r0, [r3]
 247 0046 F979     		ldrb	r1, [r7, #7]	@ zero_extendqisi2
 248 0048 BC79     		ldrb	r4, [r7, #6]	@ zero_extendqisi2
 249 004a 7B79     		ldrb	r3, [r7, #5]	@ zero_extendqisi2
 250 004c FA68     		ldr	r2, [r7, #12]
 251 004e 002A     		cmp	r2, #0
 252 0050 01D1     		bne	.L11
 253              		.loc 4 74 9 is_stmt 0 discriminator 1
 254 0052 094A     		ldr	r2, .L14+8
 255 0054 00E0     		b	.L12
 256              	.L11:
 257              		.loc 4 74 9 discriminator 2
 258 0056 094A     		ldr	r2, .L14+12
 259              	.L12:
 260              		.loc 4 74 9 discriminator 4
 261 0058 0192     		str	r2, [sp, #4]
 262 005a 0093     		str	r3, [sp]
 263 005c 2346     		mov	r3, r4
 264 005e 0A46     		mov	r2, r1
 265 0060 0749     		ldr	r1, .L14+16
 266 0062 FFF7FEFF 		bl	chprintf
 267              	.L10:
 268              		.loc 4 78 12 is_stmt 1
 269 0066 FB68     		ldr	r3, [r7, #12]
 270              		.loc 4 79 1
 271 0068 1846     		mov	r0, r3
 272 006a 1437     		adds	r7, r7, #20
 273              		.cfi_def_cfa_offset 12
 274 006c BD46     		mov	sp, r7
 275              		.cfi_def_cfa_register 13
 276              		@ sp needed
 277 006e 90BD     		pop	{r4, r7, pc}
 278              	.L15:
 279              		.align	2
 280              	.L14:
ARM GAS  C:\Users\DEVELO~1\AppData\Local\Temp\ccVnb1zc.s 			page 6


 281 0070 00000000 		.word	audio_i2c
 282 0074 00000000 		.word	adau1979_log
 283 0078 00000000 		.word	.LC0
 284 007c 04000000 		.word	.LC1
 285 0080 0C000000 		.word	.LC2
 286              		.cfi_endproc
 287              	.LFE432:
 288              		.size	adau1979_write_reg, .-adau1979_write_reg
 289              		.section	.rodata
 290              		.align	2
 291              	.LC3:
 292 0040 49324320 		.ascii	"I2C ADAU1979 RD @0x%02X reg 0x%02X -> 0x%02X\015\012"
 292      41444155 
 292      31393739 
 292      20524420 
 292      40307825 
 293 006e 00       		.ascii	"\000"
 294 006f 00       		.align	2
 295              	.LC4:
 296 0070 49324320 		.ascii	"I2C ADAU1979 RD @0x%02X reg 0x%02X -> FAIL\015\012\000"
 296      41444155 
 296      31393739 
 296      20524420 
 296      40307825 
 297              		.section	.text.adau1979_read_reg,"ax",%progbits
 298              		.align	1
 299              		.syntax unified
 300              		.thumb
 301              		.thumb_func
 302              		.type	adau1979_read_reg, %function
 303              	adau1979_read_reg:
 304              	.LFB433:
 305              		.loc 4 81 75
 306              		.cfi_startproc
 307              		@ args = 0, pretend = 0, frame = 16
 308              		@ frame_needed = 1, uses_anonymous_args = 0
 309 0000 80B5     		push	{r7, lr}
 310              		.cfi_def_cfa_offset 8
 311              		.cfi_offset 7, -8
 312              		.cfi_offset 14, -4
 313 0002 88B0     		sub	sp, sp, #32
 314              		.cfi_def_cfa_offset 40
 315 0004 04AF     		add	r7, sp, #16
 316              		.cfi_def_cfa 7, 24
 317 0006 0346     		mov	r3, r0
 318 0008 3A60     		str	r2, [r7]
 319 000a FB71     		strb	r3, [r7, #7]
 320 000c 0B46     		mov	r3, r1
 321 000e BB71     		strb	r3, [r7, #6]
 322              		.loc 4 82 16
 323 0010 174B     		ldr	r3, .L20
 324 0012 1868     		ldr	r0, [r3]
 325 0014 FB79     		ldrb	r3, [r7, #7]	@ zero_extendqisi2
 326 0016 99B2     		uxth	r1, r3
 327 0018 BA1D     		adds	r2, r7, #6
 328 001a 6423     		movs	r3, #100
 329 001c 0293     		str	r3, [sp, #8]
ARM GAS  C:\Users\DEVELO~1\AppData\Local\Temp\ccVnb1zc.s 			page 7


 330 001e 0123     		movs	r3, #1
 331 0020 0193     		str	r3, [sp, #4]
 332 0022 3B68     		ldr	r3, [r7]
 333 0024 0093     		str	r3, [sp]
 334 0026 0123     		movs	r3, #1
 335 0028 FFF7FEFF 		bl	i2cMasterTransmitTimeout
 336 002c F860     		str	r0, [r7, #12]
 337              		.loc 4 83 22
 338 002e 114B     		ldr	r3, .L20+4
 339 0030 1B68     		ldr	r3, [r3]
 340              		.loc 4 83 8
 341 0032 002B     		cmp	r3, #0
 342 0034 16D0     		beq	.L17
 343              		.loc 4 84 12
 344 0036 FB68     		ldr	r3, [r7, #12]
 345 0038 002B     		cmp	r3, #0
 346 003a 0CD1     		bne	.L18
 347              		.loc 4 85 13
 348 003c 0D4B     		ldr	r3, .L20+4
 349 003e 1868     		ldr	r0, [r3]
 350 0040 FA79     		ldrb	r2, [r7, #7]	@ zero_extendqisi2
 351 0042 BB79     		ldrb	r3, [r7, #6]	@ zero_extendqisi2
 352 0044 1946     		mov	r1, r3
 353              		.loc 4 87 33
 354 0046 3B68     		ldr	r3, [r7]
 355 0048 1B78     		ldrb	r3, [r3]	@ zero_extendqisi2
 356              		.loc 4 85 13
 357 004a 0093     		str	r3, [sp]
 358 004c 0B46     		mov	r3, r1
 359 004e 0A49     		ldr	r1, .L20+8
 360 0050 FFF7FEFF 		bl	chprintf
 361 0054 06E0     		b	.L17
 362              	.L18:
 363              		.loc 4 89 13
 364 0056 074B     		ldr	r3, .L20+4
 365 0058 1868     		ldr	r0, [r3]
 366 005a FA79     		ldrb	r2, [r7, #7]	@ zero_extendqisi2
 367 005c BB79     		ldrb	r3, [r7, #6]	@ zero_extendqisi2
 368 005e 0749     		ldr	r1, .L20+12
 369 0060 FFF7FEFF 		bl	chprintf
 370              	.L17:
 371              		.loc 4 94 12
 372 0064 FB68     		ldr	r3, [r7, #12]
 373              		.loc 4 95 1
 374 0066 1846     		mov	r0, r3
 375 0068 1037     		adds	r7, r7, #16
 376              		.cfi_def_cfa_offset 8
 377 006a BD46     		mov	sp, r7
 378              		.cfi_def_cfa_register 13
 379              		@ sp needed
 380 006c 80BD     		pop	{r7, pc}
 381              	.L21:
 382 006e 00BF     		.align	2
 383              	.L20:
 384 0070 00000000 		.word	audio_i2c
 385 0074 00000000 		.word	adau1979_log
 386 0078 40000000 		.word	.LC3
ARM GAS  C:\Users\DEVELO~1\AppData\Local\Temp\ccVnb1zc.s 			page 8


 387 007c 70000000 		.word	.LC4
 388              		.cfi_endproc
 389              	.LFE433:
 390              		.size	adau1979_read_reg, .-adau1979_read_reg
 391              		.section	.text.adau1979_broadcast_write,"ax",%progbits
 392              		.align	1
 393              		.syntax unified
 394              		.thumb
 395              		.thumb_func
 396              		.type	adau1979_broadcast_write, %function
 397              	adau1979_broadcast_write:
 398              	.LFB434:
 399              		.loc 4 97 67
 400              		.cfi_startproc
 401              		@ args = 0, pretend = 0, frame = 16
 402              		@ frame_needed = 1, uses_anonymous_args = 0
 403 0000 80B5     		push	{r7, lr}
 404              		.cfi_def_cfa_offset 8
 405              		.cfi_offset 7, -8
 406              		.cfi_offset 14, -4
 407 0002 84B0     		sub	sp, sp, #16
 408              		.cfi_def_cfa_offset 24
 409 0004 00AF     		add	r7, sp, #0
 410              		.cfi_def_cfa_register 7
 411 0006 0346     		mov	r3, r0
 412 0008 0A46     		mov	r2, r1
 413 000a FB71     		strb	r3, [r7, #7]
 414 000c 1346     		mov	r3, r2
 415 000e BB71     		strb	r3, [r7, #6]
 416              		.loc 4 98 11
 417 0010 0023     		movs	r3, #0
 418 0012 FB60     		str	r3, [r7, #12]
 419              	.LBB2:
 420              		.loc 4 99 17
 421 0014 0023     		movs	r3, #0
 422 0016 BB60     		str	r3, [r7, #8]
 423              		.loc 4 99 5
 424 0018 0FE0     		b	.L23
 425              	.L24:
 426              		.loc 4 100 52 discriminator 3
 427 001a 0C4A     		ldr	r2, .L26
 428 001c BB68     		ldr	r3, [r7, #8]
 429 001e 1344     		add	r3, r3, r2
 430 0020 1B78     		ldrb	r3, [r3]	@ zero_extendqisi2
 431              		.loc 4 100 15 discriminator 3
 432 0022 BA79     		ldrb	r2, [r7, #6]	@ zero_extendqisi2
 433 0024 F979     		ldrb	r1, [r7, #7]	@ zero_extendqisi2
 434 0026 1846     		mov	r0, r3
 435 0028 FFF7FEFF 		bl	adau1979_write_reg
 436 002c 0246     		mov	r2, r0
 437              		.loc 4 100 12 discriminator 3
 438 002e FB68     		ldr	r3, [r7, #12]
 439 0030 1343     		orrs	r3, r3, r2
 440 0032 FB60     		str	r3, [r7, #12]
 441              		.loc 4 99 31 discriminator 3
 442 0034 BB68     		ldr	r3, [r7, #8]
 443 0036 0133     		adds	r3, r3, #1
ARM GAS  C:\Users\DEVELO~1\AppData\Local\Temp\ccVnb1zc.s 			page 9


 444 0038 BB60     		str	r3, [r7, #8]
 445              	.L23:
 446              		.loc 4 99 26 discriminator 1
 447 003a BB68     		ldr	r3, [r7, #8]
 448 003c 012B     		cmp	r3, #1
 449 003e ECD9     		bls	.L24
 450              	.LBE2:
 451              		.loc 4 102 12
 452 0040 FB68     		ldr	r3, [r7, #12]
 453              		.loc 4 103 1
 454 0042 1846     		mov	r0, r3
 455 0044 1037     		adds	r7, r7, #16
 456              		.cfi_def_cfa_offset 8
 457 0046 BD46     		mov	sp, r7
 458              		.cfi_def_cfa_register 13
 459              		@ sp needed
 460 0048 80BD     		pop	{r7, pc}
 461              	.L27:
 462 004a 00BF     		.align	2
 463              	.L26:
 464 004c 00000000 		.word	adau1979_addresses
 465              		.cfi_endproc
 466              	.LFE434:
 467              		.size	adau1979_broadcast_write, .-adau1979_broadcast_write
 468              		.section	.text.adau1979_verify_devid,"ax",%progbits
 469              		.align	1
 470              		.syntax unified
 471              		.thumb
 472              		.thumb_func
 473              		.type	adau1979_verify_devid, %function
 474              	adau1979_verify_devid:
 475              	.LFB435:
 476              		.loc 4 105 42
 477              		.cfi_startproc
 478              		@ args = 0, pretend = 0, frame = 16
 479              		@ frame_needed = 1, uses_anonymous_args = 0
 480 0000 80B5     		push	{r7, lr}
 481              		.cfi_def_cfa_offset 8
 482              		.cfi_offset 7, -8
 483              		.cfi_offset 14, -4
 484 0002 84B0     		sub	sp, sp, #16
 485              		.cfi_def_cfa_offset 24
 486 0004 00AF     		add	r7, sp, #0
 487              		.cfi_def_cfa_register 7
 488              	.LBB3:
 489              		.loc 4 106 17
 490 0006 0023     		movs	r3, #0
 491 0008 FB60     		str	r3, [r7, #12]
 492              		.loc 4 106 5
 493 000a 19E0     		b	.L29
 494              	.L34:
 495              	.LBB4:
 496              		.loc 4 107 17
 497 000c 0023     		movs	r3, #0
 498 000e FB71     		strb	r3, [r7, #7]
 499              		.loc 4 108 56
 500 0010 0F4A     		ldr	r2, .L35
ARM GAS  C:\Users\DEVELO~1\AppData\Local\Temp\ccVnb1zc.s 			page 10


 501 0012 FB68     		ldr	r3, [r7, #12]
 502 0014 1344     		add	r3, r3, r2
 503 0016 1B78     		ldrb	r3, [r3]	@ zero_extendqisi2
 504              		.loc 4 108 20
 505 0018 FA1D     		adds	r2, r7, #7
 506 001a F021     		movs	r1, #240
 507 001c 1846     		mov	r0, r3
 508 001e FFF7FEFF 		bl	adau1979_read_reg
 509 0022 B860     		str	r0, [r7, #8]
 510              		.loc 4 109 12
 511 0024 BB68     		ldr	r3, [r7, #8]
 512 0026 002B     		cmp	r3, #0
 513 0028 01D0     		beq	.L30
 514              		.loc 4 110 20
 515 002a BB68     		ldr	r3, [r7, #8]
 516 002c 0CE0     		b	.L33
 517              	.L30:
 518              		.loc 4 112 19
 519 002e FB79     		ldrb	r3, [r7, #7]	@ zero_extendqisi2
 520              		.loc 4 112 12
 521 0030 792B     		cmp	r3, #121
 522 0032 02D0     		beq	.L32
 523              		.loc 4 113 20
 524 0034 6FF00103 		mvn	r3, #1
 525 0038 06E0     		b	.L33
 526              	.L32:
 527              	.LBE4:
 528              		.loc 4 106 31
 529 003a FB68     		ldr	r3, [r7, #12]
 530 003c 0133     		adds	r3, r3, #1
 531 003e FB60     		str	r3, [r7, #12]
 532              	.L29:
 533              		.loc 4 106 26 discriminator 1
 534 0040 FB68     		ldr	r3, [r7, #12]
 535 0042 012B     		cmp	r3, #1
 536 0044 E2D9     		bls	.L34
 537              	.LBE3:
 538              		.loc 4 117 12
 539 0046 0023     		movs	r3, #0
 540              	.L33:
 541              		.loc 4 118 1
 542 0048 1846     		mov	r0, r3
 543 004a 1037     		adds	r7, r7, #16
 544              		.cfi_def_cfa_offset 8
 545 004c BD46     		mov	sp, r7
 546              		.cfi_def_cfa_register 13
 547              		@ sp needed
 548 004e 80BD     		pop	{r7, pc}
 549              	.L36:
 550              		.align	2
 551              	.L35:
 552 0050 00000000 		.word	adau1979_addresses
 553              		.cfi_endproc
 554              	.LFE435:
 555              		.size	adau1979_verify_devid, .-adau1979_verify_devid
 556              		.section	.text.adau1979_wait_pll_locked,"ax",%progbits
 557              		.align	1
ARM GAS  C:\Users\DEVELO~1\AppData\Local\Temp\ccVnb1zc.s 			page 11


 558              		.syntax unified
 559              		.thumb
 560              		.thumb_func
 561              		.type	adau1979_wait_pll_locked, %function
 562              	adau1979_wait_pll_locked:
 563              	.LFB436:
 564              		.loc 4 120 45
 565              		.cfi_startproc
 566              		@ args = 0, pretend = 0, frame = 24
 567              		@ frame_needed = 1, uses_anonymous_args = 0
 568 0000 80B5     		push	{r7, lr}
 569              		.cfi_def_cfa_offset 8
 570              		.cfi_offset 7, -8
 571              		.cfi_offset 14, -4
 572 0002 86B0     		sub	sp, sp, #24
 573              		.cfi_def_cfa_offset 32
 574 0004 00AF     		add	r7, sp, #0
 575              		.cfi_def_cfa_register 7
 576              		.loc 4 121 23
 577 0006 FFF7FEFF 		bl	chVTGetSystemTimeX
 578 000a F860     		str	r0, [r7, #12]
 579              		.loc 4 122 21
 580 000c C823     		movs	r3, #200
 581 000e BB60     		str	r3, [r7, #8]
 582              	.L46:
 583              	.LBB5:
 584              		.loc 4 125 14
 585 0010 0123     		movs	r3, #1
 586 0012 FB75     		strb	r3, [r7, #23]
 587              	.LBB6:
 588              		.loc 4 126 21
 589 0014 0023     		movs	r3, #0
 590 0016 3B61     		str	r3, [r7, #16]
 591              		.loc 4 126 9
 592 0018 1AE0     		b	.L38
 593              	.L43:
 594              	.LBB7:
 595              		.loc 4 127 21
 596 001a 0023     		movs	r3, #0
 597 001c FB70     		strb	r3, [r7, #3]
 598              		.loc 4 128 60
 599 001e 194A     		ldr	r2, .L47
 600 0020 3B69     		ldr	r3, [r7, #16]
 601 0022 1344     		add	r3, r3, r2
 602 0024 1B78     		ldrb	r3, [r3]	@ zero_extendqisi2
 603              		.loc 4 128 24
 604 0026 FA1C     		adds	r2, r7, #3
 605 0028 0121     		movs	r1, #1
 606 002a 1846     		mov	r0, r3
 607 002c FFF7FEFF 		bl	adau1979_read_reg
 608 0030 7860     		str	r0, [r7, #4]
 609              		.loc 4 129 16
 610 0032 7B68     		ldr	r3, [r7, #4]
 611 0034 002B     		cmp	r3, #0
 612 0036 01D0     		beq	.L39
 613              		.loc 4 130 24
 614 0038 7B68     		ldr	r3, [r7, #4]
ARM GAS  C:\Users\DEVELO~1\AppData\Local\Temp\ccVnb1zc.s 			page 12


 615 003a 1FE0     		b	.L40
 616              	.L39:
 617              		.loc 4 132 46
 618 003c FB78     		ldrb	r3, [r7, #3]	@ zero_extendqisi2
 619 003e 5BB2     		sxtb	r3, r3
 620              		.loc 4 132 16
 621 0040 002B     		cmp	r3, #0
 622 0042 02DB     		blt	.L41
 623              		.loc 4 133 24
 624 0044 0023     		movs	r3, #0
 625 0046 FB75     		strb	r3, [r7, #23]
 626 0048 05E0     		b	.L42
 627              	.L41:
 628              	.LBE7:
 629              		.loc 4 126 35
 630 004a 3B69     		ldr	r3, [r7, #16]
 631 004c 0133     		adds	r3, r3, #1
 632 004e 3B61     		str	r3, [r7, #16]
 633              	.L38:
 634              		.loc 4 126 30 discriminator 1
 635 0050 3B69     		ldr	r3, [r7, #16]
 636 0052 012B     		cmp	r3, #1
 637 0054 E1D9     		bls	.L43
 638              	.L42:
 639              	.LBE6:
 640              		.loc 4 138 12
 641 0056 FB7D     		ldrb	r3, [r7, #23]	@ zero_extendqisi2
 642 0058 002B     		cmp	r3, #0
 643 005a 01D0     		beq	.L44
 644              		.loc 4 139 20
 645 005c 0023     		movs	r3, #0
 646 005e 0DE0     		b	.L40
 647              	.L44:
 648              		.loc 4 142 13
 649 0060 F868     		ldr	r0, [r7, #12]
 650 0062 FFF7FEFF 		bl	chVTTimeElapsedSinceX
 651 0066 0246     		mov	r2, r0
 652              		.loc 4 142 12
 653 0068 BB68     		ldr	r3, [r7, #8]
 654 006a 9342     		cmp	r3, r2
 655 006c 02D8     		bhi	.L45
 656              		.loc 4 143 20
 657 006e 4FF0FF33 		mov	r3, #-1
 658 0072 03E0     		b	.L40
 659              	.L45:
 660              		.loc 4 145 9
 661 0074 0A20     		movs	r0, #10
 662 0076 FFF7FEFF 		bl	chThdSleep
 663              	.LBE5:
 664              		.loc 4 124 18
 665 007a C9E7     		b	.L46
 666              	.L40:
 667              		.loc 4 147 1
 668 007c 1846     		mov	r0, r3
 669 007e 1837     		adds	r7, r7, #24
 670              		.cfi_def_cfa_offset 8
 671 0080 BD46     		mov	sp, r7
ARM GAS  C:\Users\DEVELO~1\AppData\Local\Temp\ccVnb1zc.s 			page 13


 672              		.cfi_def_cfa_register 13
 673              		@ sp needed
 674 0082 80BD     		pop	{r7, pc}
 675              	.L48:
 676              		.align	2
 677              	.L47:
 678 0084 00000000 		.word	adau1979_addresses
 679              		.cfi_endproc
 680              	.LFE436:
 681              		.size	adau1979_wait_pll_locked, .-adau1979_wait_pll_locked
 682              		.section	.rodata
 683 009d 000000   		.align	2
 684              	.LC5:
 685 00a0 496E6974 		.ascii	"Initializing ADAU1979 (I2C3)\015\012\000"
 685      69616C69 
 685      7A696E67 
 685      20414441 
 685      55313937 
 686              		.section	.text.adau1979_init,"ax",%progbits
 687              		.align	1
 688              		.global	adau1979_init
 689              		.syntax unified
 690              		.thumb
 691              		.thumb_func
 692              		.type	adau1979_init, %function
 693              	adau1979_init:
 694              	.LFB437:
 695              		.loc 4 153 27
 696              		.cfi_startproc
 697              		@ args = 0, pretend = 0, frame = 0
 698              		@ frame_needed = 1, uses_anonymous_args = 0
 699 0000 80B5     		push	{r7, lr}
 700              		.cfi_def_cfa_offset 8
 701              		.cfi_offset 7, -8
 702              		.cfi_offset 14, -4
 703 0002 00AF     		add	r7, sp, #0
 704              		.cfi_def_cfa_register 7
 705              		.loc 4 154 22
 706 0004 0C4B     		ldr	r3, .L53
 707 0006 1B68     		ldr	r3, [r3]
 708              		.loc 4 154 8
 709 0008 002B     		cmp	r3, #0
 710 000a 05D0     		beq	.L50
 711              		.loc 4 155 9
 712 000c 0A4B     		ldr	r3, .L53
 713 000e 1B68     		ldr	r3, [r3]
 714 0010 0A49     		ldr	r1, .L53+4
 715 0012 1846     		mov	r0, r3
 716 0014 FFF7FEFF 		bl	chprintf
 717              	.L50:
 718              		.loc 4 157 18
 719 0018 094B     		ldr	r3, .L53+8
 720 001a 1B68     		ldr	r3, [r3]
 721 001c 1B78     		ldrb	r3, [r3]	@ zero_extendqisi2
 722              		.loc 4 157 8
 723 001e 012B     		cmp	r3, #1
 724 0020 05D1     		bne	.L51
ARM GAS  C:\Users\DEVELO~1\AppData\Local\Temp\ccVnb1zc.s 			page 14


 725              		.loc 4 158 9
 726 0022 074B     		ldr	r3, .L53+8
 727 0024 1B68     		ldr	r3, [r3]
 728 0026 0749     		ldr	r1, .L53+12
 729 0028 1846     		mov	r0, r3
 730 002a FFF7FEFF 		bl	i2cStart
 731              	.L51:
 732              		.loc 4 160 12
 733 002e FFF7FEFF 		bl	adau1979_verify_devid
 734 0032 0346     		mov	r3, r0
 735              		.loc 4 161 1
 736 0034 1846     		mov	r0, r3
 737 0036 80BD     		pop	{r7, pc}
 738              	.L54:
 739              		.align	2
 740              	.L53:
 741 0038 00000000 		.word	adau1979_log
 742 003c A0000000 		.word	.LC5
 743 0040 00000000 		.word	audio_i2c
 744 0044 00000000 		.word	adau1979_default_i2c_cfg
 745              		.cfi_endproc
 746              	.LFE437:
 747              		.size	adau1979_init, .-adau1979_init
 748              		.section	.rodata
 749 00bf 00       		.align	2
 750              	.LC6:
 751 00c0 436F6E66 		.ascii	"Configuring ADAU1979 default TDM settings\015\012\000"
 751      69677572 
 751      696E6720 
 751      41444155 
 751      31393739 
 752              		.section	.text.adau1979_set_default_config,"ax",%progbits
 753              		.align	1
 754              		.global	adau1979_set_default_config
 755              		.syntax unified
 756              		.thumb
 757              		.thumb_func
 758              		.type	adau1979_set_default_config, %function
 759              	adau1979_set_default_config:
 760              	.LFB438:
 761              		.loc 4 163 41
 762              		.cfi_startproc
 763              		@ args = 0, pretend = 0, frame = 8
 764              		@ frame_needed = 1, uses_anonymous_args = 0
 765 0000 80B5     		push	{r7, lr}
 766              		.cfi_def_cfa_offset 8
 767              		.cfi_offset 7, -8
 768              		.cfi_offset 14, -4
 769 0002 82B0     		sub	sp, sp, #8
 770              		.cfi_def_cfa_offset 16
 771 0004 00AF     		add	r7, sp, #0
 772              		.cfi_def_cfa_register 7
 773              		.loc 4 164 22
 774 0006 5C4B     		ldr	r3, .L60
 775 0008 1B68     		ldr	r3, [r3]
 776              		.loc 4 164 8
 777 000a 002B     		cmp	r3, #0
ARM GAS  C:\Users\DEVELO~1\AppData\Local\Temp\ccVnb1zc.s 			page 15


 778 000c 05D0     		beq	.L56
 779              		.loc 4 165 9
 780 000e 5A4B     		ldr	r3, .L60
 781 0010 1B68     		ldr	r3, [r3]
 782 0012 5A49     		ldr	r1, .L60+4
 783 0014 1846     		mov	r0, r3
 784 0016 FFF7FEFF 		bl	chprintf
 785              	.L56:
 786              		.loc 4 168 16
 787 001a 0021     		movs	r1, #0
 788 001c 0420     		movs	r0, #4
 789 001e FFF7FEFF 		bl	adau1979_broadcast_write
 790 0022 7860     		str	r0, [r7, #4]
 791              		.loc 4 169 11
 792 0024 0021     		movs	r1, #0
 793 0026 0420     		movs	r0, #4
 794 0028 FFF7FEFF 		bl	adau1979_broadcast_write
 795 002c 0246     		mov	r2, r0
 796              		.loc 4 169 8
 797 002e 7B68     		ldr	r3, [r7, #4]
 798 0030 1343     		orrs	r3, r3, r2
 799 0032 7B60     		str	r3, [r7, #4]
 800              		.loc 4 177 11
 801 0034 0121     		movs	r1, #1
 802 0036 0020     		movs	r0, #0
 803 0038 FFF7FEFF 		bl	adau1979_broadcast_write
 804 003c 0246     		mov	r2, r0
 805              		.loc 4 177 8
 806 003e 7B68     		ldr	r3, [r7, #4]
 807 0040 1343     		orrs	r3, r3, r2
 808 0042 7B60     		str	r3, [r7, #4]
 809              		.loc 4 178 11
 810 0044 4121     		movs	r1, #65
 811 0046 0120     		movs	r0, #1
 812 0048 FFF7FEFF 		bl	adau1979_broadcast_write
 813 004c 0246     		mov	r2, r0
 814              		.loc 4 178 8
 815 004e 7B68     		ldr	r3, [r7, #4]
 816 0050 1343     		orrs	r3, r3, r2
 817 0052 7B60     		str	r3, [r7, #4]
 818              		.loc 4 180 11
 819 0054 0021     		movs	r1, #0
 820 0056 0220     		movs	r0, #2
 821 0058 FFF7FEFF 		bl	adau1979_broadcast_write
 822 005c 0246     		mov	r2, r0
 823              		.loc 4 180 8
 824 005e 7B68     		ldr	r3, [r7, #4]
 825 0060 1343     		orrs	r3, r3, r2
 826 0062 7B60     		str	r3, [r7, #4]
 827              		.loc 4 181 11
 828 0064 0021     		movs	r1, #0
 829 0066 0320     		movs	r0, #3
 830 0068 FFF7FEFF 		bl	adau1979_broadcast_write
 831 006c 0246     		mov	r2, r0
 832              		.loc 4 181 8
 833 006e 7B68     		ldr	r3, [r7, #4]
 834 0070 1343     		orrs	r3, r3, r2
ARM GAS  C:\Users\DEVELO~1\AppData\Local\Temp\ccVnb1zc.s 			page 16


 835 0072 7B60     		str	r3, [r7, #4]
 836              		.loc 4 182 8
 837 0074 7B68     		ldr	r3, [r7, #4]
 838 0076 002B     		cmp	r3, #0
 839 0078 01D0     		beq	.L57
 840              		.loc 4 183 16
 841 007a 7B68     		ldr	r3, [r7, #4]
 842 007c 78E0     		b	.L58
 843              	.L57:
 844              		.loc 4 186 10
 845 007e FFF7FEFF 		bl	adau1979_wait_pll_locked
 846 0082 7860     		str	r0, [r7, #4]
 847              		.loc 4 187 8
 848 0084 7B68     		ldr	r3, [r7, #4]
 849 0086 002B     		cmp	r3, #0
 850 0088 01D0     		beq	.L59
 851              		.loc 4 188 16
 852 008a 7B68     		ldr	r3, [r7, #4]
 853 008c 70E0     		b	.L58
 854              	.L59:
 855              		.loc 4 192 11
 856 008e 4821     		movs	r1, #72
 857 0090 0520     		movs	r0, #5
 858 0092 FFF7FEFF 		bl	adau1979_broadcast_write
 859 0096 0246     		mov	r2, r0
 860              		.loc 4 192 8
 861 0098 7B68     		ldr	r3, [r7, #4]
 862 009a 1343     		orrs	r3, r3, r2
 863 009c 7B60     		str	r3, [r7, #4]
 864              		.loc 4 200 48
 865 009e 1123     		movs	r3, #17
 866              		.loc 4 200 11
 867 00a0 0022     		movs	r2, #0
 868 00a2 0721     		movs	r1, #7
 869 00a4 1846     		mov	r0, r3
 870 00a6 FFF7FEFF 		bl	adau1979_write_reg
 871 00aa 0246     		mov	r2, r0
 872              		.loc 4 200 8
 873 00ac 7B68     		ldr	r3, [r7, #4]
 874 00ae 1343     		orrs	r3, r3, r2
 875 00b0 7B60     		str	r3, [r7, #4]
 876              		.loc 4 201 48
 877 00b2 1123     		movs	r3, #17
 878              		.loc 4 201 11
 879 00b4 2122     		movs	r2, #33
 880 00b6 0821     		movs	r1, #8
 881 00b8 1846     		mov	r0, r3
 882 00ba FFF7FEFF 		bl	adau1979_write_reg
 883 00be 0246     		mov	r2, r0
 884              		.loc 4 201 8
 885 00c0 7B68     		ldr	r3, [r7, #4]
 886 00c2 1343     		orrs	r3, r3, r2
 887 00c4 7B60     		str	r3, [r7, #4]
 888              		.loc 4 202 48
 889 00c6 1123     		movs	r3, #17
 890              		.loc 4 202 11
 891 00c8 4222     		movs	r2, #66
ARM GAS  C:\Users\DEVELO~1\AppData\Local\Temp\ccVnb1zc.s 			page 17


 892 00ca 0921     		movs	r1, #9
 893 00cc 1846     		mov	r0, r3
 894 00ce FFF7FEFF 		bl	adau1979_write_reg
 895 00d2 0246     		mov	r2, r0
 896              		.loc 4 202 8
 897 00d4 7B68     		ldr	r3, [r7, #4]
 898 00d6 1343     		orrs	r3, r3, r2
 899 00d8 7B60     		str	r3, [r7, #4]
 900              		.loc 4 203 48
 901 00da 1123     		movs	r3, #17
 902              		.loc 4 203 11
 903 00dc 6322     		movs	r2, #99
 904 00de 0A21     		movs	r1, #10
 905 00e0 1846     		mov	r0, r3
 906 00e2 FFF7FEFF 		bl	adau1979_write_reg
 907 00e6 0246     		mov	r2, r0
 908              		.loc 4 203 8
 909 00e8 7B68     		ldr	r3, [r7, #4]
 910 00ea 1343     		orrs	r3, r3, r2
 911 00ec 7B60     		str	r3, [r7, #4]
 912              		.loc 4 205 48
 913 00ee 1223     		movs	r3, #18
 914              		.loc 4 205 11
 915 00f0 1022     		movs	r2, #16
 916 00f2 0721     		movs	r1, #7
 917 00f4 1846     		mov	r0, r3
 918 00f6 FFF7FEFF 		bl	adau1979_write_reg
 919 00fa 0246     		mov	r2, r0
 920              		.loc 4 205 8
 921 00fc 7B68     		ldr	r3, [r7, #4]
 922 00fe 1343     		orrs	r3, r3, r2
 923 0100 7B60     		str	r3, [r7, #4]
 924              		.loc 4 206 48
 925 0102 1223     		movs	r3, #18
 926              		.loc 4 206 11
 927 0104 3122     		movs	r2, #49
 928 0106 0821     		movs	r1, #8
 929 0108 1846     		mov	r0, r3
 930 010a FFF7FEFF 		bl	adau1979_write_reg
 931 010e 0246     		mov	r2, r0
 932              		.loc 4 206 8
 933 0110 7B68     		ldr	r3, [r7, #4]
 934 0112 1343     		orrs	r3, r3, r2
 935 0114 7B60     		str	r3, [r7, #4]
 936              		.loc 4 207 48
 937 0116 1223     		movs	r3, #18
 938              		.loc 4 207 11
 939 0118 5222     		movs	r2, #82
 940 011a 0921     		movs	r1, #9
 941 011c 1846     		mov	r0, r3
 942 011e FFF7FEFF 		bl	adau1979_write_reg
 943 0122 0246     		mov	r2, r0
 944              		.loc 4 207 8
 945 0124 7B68     		ldr	r3, [r7, #4]
 946 0126 1343     		orrs	r3, r3, r2
 947 0128 7B60     		str	r3, [r7, #4]
 948              		.loc 4 208 48
ARM GAS  C:\Users\DEVELO~1\AppData\Local\Temp\ccVnb1zc.s 			page 18


 949 012a 1223     		movs	r3, #18
 950              		.loc 4 208 11
 951 012c 7322     		movs	r2, #115
 952 012e 0A21     		movs	r1, #10
 953 0130 1846     		mov	r0, r3
 954 0132 FFF7FEFF 		bl	adau1979_write_reg
 955 0136 0246     		mov	r2, r0
 956              		.loc 4 208 8
 957 0138 7B68     		ldr	r3, [r7, #4]
 958 013a 1343     		orrs	r3, r3, r2
 959 013c 7B60     		str	r3, [r7, #4]
 960              		.loc 4 211 11
 961 013e 0F21     		movs	r1, #15
 962 0140 0420     		movs	r0, #4
 963 0142 FFF7FEFF 		bl	adau1979_broadcast_write
 964 0146 0246     		mov	r2, r0
 965              		.loc 4 211 8
 966 0148 7B68     		ldr	r3, [r7, #4]
 967 014a 1343     		orrs	r3, r3, r2
 968 014c 7B60     		str	r3, [r7, #4]
 969              		.loc 4 212 11
 970 014e 0F21     		movs	r1, #15
 971 0150 0420     		movs	r0, #4
 972 0152 FFF7FEFF 		bl	adau1979_broadcast_write
 973 0156 0246     		mov	r2, r0
 974              		.loc 4 212 8
 975 0158 7B68     		ldr	r3, [r7, #4]
 976 015a 1343     		orrs	r3, r3, r2
 977 015c 7B60     		str	r3, [r7, #4]
 978              		.loc 4 215 11
 979 015e 0421     		movs	r1, #4
 980 0160 0F20     		movs	r0, #15
 981 0162 FFF7FEFF 		bl	adau1979_broadcast_write
 982 0166 0246     		mov	r2, r0
 983              		.loc 4 215 8
 984 0168 7B68     		ldr	r3, [r7, #4]
 985 016a 1343     		orrs	r3, r3, r2
 986 016c 7B60     		str	r3, [r7, #4]
 987              		.loc 4 216 12
 988 016e 7B68     		ldr	r3, [r7, #4]
 989              	.L58:
 990              		.loc 4 217 1
 991 0170 1846     		mov	r0, r3
 992 0172 0837     		adds	r7, r7, #8
 993              		.cfi_def_cfa_offset 8
 994 0174 BD46     		mov	sp, r7
 995              		.cfi_def_cfa_register 13
 996              		@ sp needed
 997 0176 80BD     		pop	{r7, pc}
 998              	.L61:
 999              		.align	2
 1000              	.L60:
 1001 0178 00000000 		.word	adau1979_log
 1002 017c C0000000 		.word	.LC6
 1003              		.cfi_endproc
 1004              	.LFE438:
 1005              		.size	adau1979_set_default_config, .-adau1979_set_default_config
ARM GAS  C:\Users\DEVELO~1\AppData\Local\Temp\ccVnb1zc.s 			page 19


 1006              		.section	.rodata
 1007              		.align	2
 1008              	.LC7:
 1009 00ec 4F4E00   		.ascii	"ON\000"
 1010 00ef 00       		.align	2
 1011              	.LC8:
 1012 00f0 4F464600 		.ascii	"OFF\000"
 1013              		.align	2
 1014              	.LC9:
 1015 00f4 41443139 		.ascii	"AD1979 mute=%s\015\012\000"
 1015      3739206D 
 1015      7574653D 
 1015      25730D0A 
 1015      00
 1016              		.section	.text.adau1979_mute,"ax",%progbits
 1017              		.align	1
 1018              		.global	adau1979_mute
 1019              		.syntax unified
 1020              		.thumb
 1021              		.thumb_func
 1022              		.type	adau1979_mute, %function
 1023              	adau1979_mute:
 1024              	.LFB439:
 1025              		.loc 4 219 29
 1026              		.cfi_startproc
 1027              		@ args = 0, pretend = 0, frame = 16
 1028              		@ frame_needed = 1, uses_anonymous_args = 0
 1029 0000 80B5     		push	{r7, lr}
 1030              		.cfi_def_cfa_offset 8
 1031              		.cfi_offset 7, -8
 1032              		.cfi_offset 14, -4
 1033 0002 84B0     		sub	sp, sp, #16
 1034              		.cfi_def_cfa_offset 24
 1035 0004 00AF     		add	r7, sp, #0
 1036              		.cfi_def_cfa_register 7
 1037 0006 0346     		mov	r3, r0
 1038 0008 FB71     		strb	r3, [r7, #7]
 1039              		.loc 4 220 22
 1040 000a 234B     		ldr	r3, .L73
 1041 000c 1B68     		ldr	r3, [r3]
 1042              		.loc 4 220 8
 1043 000e 002B     		cmp	r3, #0
 1044 0010 0BD0     		beq	.L63
 1045              		.loc 4 221 9
 1046 0012 214B     		ldr	r3, .L73
 1047 0014 1868     		ldr	r0, [r3]
 1048 0016 FB79     		ldrb	r3, [r7, #7]	@ zero_extendqisi2
 1049 0018 002B     		cmp	r3, #0
 1050 001a 01D0     		beq	.L64
 1051              		.loc 4 221 9 is_stmt 0 discriminator 1
 1052 001c 1F4B     		ldr	r3, .L73+4
 1053 001e 00E0     		b	.L65
 1054              	.L64:
 1055              		.loc 4 221 9 discriminator 2
 1056 0020 1F4B     		ldr	r3, .L73+8
 1057              	.L65:
 1058              		.loc 4 221 9 discriminator 4
ARM GAS  C:\Users\DEVELO~1\AppData\Local\Temp\ccVnb1zc.s 			page 20


 1059 0022 1A46     		mov	r2, r3
 1060 0024 1F49     		ldr	r1, .L73+12
 1061 0026 FFF7FEFF 		bl	chprintf
 1062              	.L63:
 1063              	.LBB8:
 1064              		.loc 4 223 17 is_stmt 1
 1065 002a 0023     		movs	r3, #0
 1066 002c FB60     		str	r3, [r7, #12]
 1067              		.loc 4 223 5
 1068 002e 2AE0     		b	.L66
 1069              	.L71:
 1070              	.LBB9:
 1071              		.loc 4 224 17
 1072 0030 0023     		movs	r3, #0
 1073 0032 FB72     		strb	r3, [r7, #11]
 1074              		.loc 4 225 49
 1075 0034 1C4A     		ldr	r2, .L73+16
 1076 0036 FB68     		ldr	r3, [r7, #12]
 1077 0038 1344     		add	r3, r3, r2
 1078 003a 1B78     		ldrb	r3, [r3]	@ zero_extendqisi2
 1079              		.loc 4 225 13
 1080 003c 07F10B02 		add	r2, r7, #11
 1081 0040 0F21     		movs	r1, #15
 1082 0042 1846     		mov	r0, r3
 1083 0044 FFF7FEFF 		bl	adau1979_read_reg
 1084 0048 0346     		mov	r3, r0
 1085              		.loc 4 225 12
 1086 004a 002B     		cmp	r3, #0
 1087 004c 17D1     		bne	.L72
 1088              		.loc 4 228 12
 1089 004e FB79     		ldrb	r3, [r7, #7]	@ zero_extendqisi2
 1090 0050 002B     		cmp	r3, #0
 1091 0052 05D0     		beq	.L69
 1092              		.loc 4 229 18
 1093 0054 FB7A     		ldrb	r3, [r7, #11]	@ zero_extendqisi2
 1094 0056 23F00403 		bic	r3, r3, #4
 1095 005a DBB2     		uxtb	r3, r3
 1096 005c FB72     		strb	r3, [r7, #11]
 1097 005e 04E0     		b	.L70
 1098              	.L69:
 1099              		.loc 4 231 18
 1100 0060 FB7A     		ldrb	r3, [r7, #11]	@ zero_extendqisi2
 1101 0062 43F00403 		orr	r3, r3, #4
 1102 0066 DBB2     		uxtb	r3, r3
 1103 0068 FB72     		strb	r3, [r7, #11]
 1104              	.L70:
 1105              		.loc 4 233 46
 1106 006a 0F4A     		ldr	r2, .L73+16
 1107 006c FB68     		ldr	r3, [r7, #12]
 1108 006e 1344     		add	r3, r3, r2
 1109 0070 1B78     		ldrb	r3, [r3]	@ zero_extendqisi2
 1110              		.loc 4 233 9
 1111 0072 FA7A     		ldrb	r2, [r7, #11]	@ zero_extendqisi2
 1112 0074 0F21     		movs	r1, #15
 1113 0076 1846     		mov	r0, r3
 1114 0078 FFF7FEFF 		bl	adau1979_write_reg
 1115 007c 00E0     		b	.L68
ARM GAS  C:\Users\DEVELO~1\AppData\Local\Temp\ccVnb1zc.s 			page 21


 1116              	.L72:
 1117              		.loc 4 226 13
 1118 007e 00BF     		nop
 1119              	.L68:
 1120              	.LBE9:
 1121              		.loc 4 223 31 discriminator 2
 1122 0080 FB68     		ldr	r3, [r7, #12]
 1123 0082 0133     		adds	r3, r3, #1
 1124 0084 FB60     		str	r3, [r7, #12]
 1125              	.L66:
 1126              		.loc 4 223 26 discriminator 1
 1127 0086 FB68     		ldr	r3, [r7, #12]
 1128 0088 012B     		cmp	r3, #1
 1129 008a D1D9     		bls	.L71
 1130              	.LBE8:
 1131              		.loc 4 235 1
 1132 008c 00BF     		nop
 1133 008e 00BF     		nop
 1134 0090 1037     		adds	r7, r7, #16
 1135              		.cfi_def_cfa_offset 8
 1136 0092 BD46     		mov	sp, r7
 1137              		.cfi_def_cfa_register 13
 1138              		@ sp needed
 1139 0094 80BD     		pop	{r7, pc}
 1140              	.L74:
 1141 0096 00BF     		.align	2
 1142              	.L73:
 1143 0098 00000000 		.word	adau1979_log
 1144 009c EC000000 		.word	.LC7
 1145 00a0 F0000000 		.word	.LC8
 1146 00a4 F4000000 		.word	.LC9
 1147 00a8 00000000 		.word	adau1979_addresses
 1148              		.cfi_endproc
 1149              	.LFE439:
 1150              		.size	adau1979_mute, .-adau1979_mute
 1151              		.section	.text.adau1979_set_log_stream,"ax",%progbits
 1152              		.align	1
 1153              		.global	adau1979_set_log_stream
 1154              		.syntax unified
 1155              		.thumb
 1156              		.thumb_func
 1157              		.type	adau1979_set_log_stream, %function
 1158              	adau1979_set_log_stream:
 1159              	.LFB440:
 1160              		.loc 4 237 57
 1161              		.cfi_startproc
 1162              		@ args = 0, pretend = 0, frame = 8
 1163              		@ frame_needed = 1, uses_anonymous_args = 0
 1164              		@ link register save eliminated.
 1165 0000 80B4     		push	{r7}
 1166              		.cfi_def_cfa_offset 4
 1167              		.cfi_offset 7, -4
 1168 0002 83B0     		sub	sp, sp, #12
 1169              		.cfi_def_cfa_offset 16
 1170 0004 00AF     		add	r7, sp, #0
 1171              		.cfi_def_cfa_register 7
 1172 0006 7860     		str	r0, [r7, #4]
ARM GAS  C:\Users\DEVELO~1\AppData\Local\Temp\ccVnb1zc.s 			page 22


 1173              		.loc 4 238 18
 1174 0008 034A     		ldr	r2, .L76
 1175 000a 7B68     		ldr	r3, [r7, #4]
 1176 000c 1360     		str	r3, [r2]
 1177              		.loc 4 239 1
 1178 000e 00BF     		nop
 1179 0010 0C37     		adds	r7, r7, #12
 1180              		.cfi_def_cfa_offset 4
 1181 0012 BD46     		mov	sp, r7
 1182              		.cfi_def_cfa_register 13
 1183              		@ sp needed
 1184 0014 80BC     		pop	{r7}
 1185              		.cfi_restore 7
 1186              		.cfi_def_cfa_offset 0
 1187 0016 7047     		bx	lr
 1188              	.L77:
 1189              		.align	2
 1190              	.L76:
 1191 0018 00000000 		.word	adau1979_log
 1192              		.cfi_endproc
 1193              	.LFE440:
 1194              		.size	adau1979_set_log_stream, .-adau1979_set_log_stream
 1195              		.text
 1196              	.Letext0:
 1197              		.file 5 "c:\\chibistudio\\tools\\gnu tools arm embedded\\11.3 2022.08\\lib\\gcc\\arm-none-eabi\\11
 1198              		.file 6 "c:\\chibistudio\\tools\\gnu tools arm embedded\\11.3 2022.08\\arm-none-eabi\\include\\mac
 1199              		.file 7 "c:\\chibistudio\\tools\\gnu tools arm embedded\\11.3 2022.08\\arm-none-eabi\\include\\sys
 1200              		.file 8 "../../../os/common/ports/ARM-common/chtypes.h"
 1201              		.file 9 "../../../os/rt/include/chearly.h"
 1202              		.file 10 "../../../os/rt/include/chobjects.h"
 1203              		.file 11 "../../../os/rt/include/chrfcu.h"
 1204              		.file 12 "../../../os/rt/include/chdebug.h"
 1205              		.file 13 "../../../os/rt/include/chlists.h"
 1206              		.file 14 "../../../os/rt/include/chtrace.h"
 1207              		.file 15 "../../../os/common/ext/ST/STM32H7xx/stm32h743xx.h"
 1208              		.file 16 "../../../os/common/ports/ARMv7-M/chcore.h"
 1209              		.file 17 "../../../os/rt/include/chsem.h"
 1210              		.file 18 "../../../os/rt/include/chmtx.h"
 1211              		.file 19 "../../../os/hal/ports/STM32/LLD/DMAv2/stm32_dma.h"
 1212              		.file 20 "../../../os/hal/include/hal_streams.h"
 1213              		.file 21 "../../../os/hal/include/hal_i2c.h"
 1214              		.file 22 "../../../os/hal/ports/STM32/LLD/I2Cv3/hal_i2c_lld.h"
 1215              		.file 23 "../../../os/hal/lib/streams/chprintf.h"
 1216              		.file 24 "../../../os/hal/include/hal_st.h"
 1217              		.file 25 "../../../os/rt/include/chthreads.h"
 1218              		.section	.debug_info,"",%progbits
 1219              	.Ldebug_info0:
 1220 0000 86110000 		.4byte	0x1186
 1221 0004 0500     		.2byte	0x5
 1222 0006 01       		.byte	0x1
 1223 0007 04       		.byte	0x4
 1224 0008 00000000 		.4byte	.Ldebug_abbrev0
 1225 000c 23       		.uleb128 0x23
 1226 000d EC010000 		.4byte	.LASF195
 1227 0011 1D       		.byte	0x1d
 1228 0012 B7030000 		.4byte	.LASF196
 1229 0016 6E000000 		.4byte	.LASF197
ARM GAS  C:\Users\DEVELO~1\AppData\Local\Temp\ccVnb1zc.s 			page 23


 1230 001a 0C000000 		.4byte	.LLRL0
 1231 001e 00000000 		.4byte	0
 1232 0022 00000000 		.4byte	.Ldebug_line0
 1233 0026 24       		.uleb128 0x24
 1234 0027 04       		.byte	0x4
 1235 0028 05       		.byte	0x5
 1236 0029 696E7400 		.ascii	"int\000"
 1237 002d 02       		.uleb128 0x2
 1238 002e 2D000000 		.4byte	.LASF4
 1239 0032 05       		.byte	0x5
 1240 0033 D1       		.byte	0xd1
 1241 0034 17       		.byte	0x17
 1242 0035 39000000 		.4byte	0x39
 1243 0039 08       		.uleb128 0x8
 1244 003a 04       		.byte	0x4
 1245 003b 07       		.byte	0x7
 1246 003c 84030000 		.4byte	.LASF0
 1247 0040 08       		.uleb128 0x8
 1248 0041 08       		.byte	0x8
 1249 0042 05       		.byte	0x5
 1250 0043 64010000 		.4byte	.LASF1
 1251 0047 08       		.uleb128 0x8
 1252 0048 08       		.byte	0x8
 1253 0049 04       		.byte	0x4
 1254 004a 6C070000 		.4byte	.LASF2
 1255 004e 08       		.uleb128 0x8
 1256 004f 01       		.byte	0x1
 1257 0050 06       		.byte	0x6
 1258 0051 58000000 		.4byte	.LASF3
 1259 0055 02       		.uleb128 0x2
 1260 0056 64000000 		.4byte	.LASF5
 1261 005a 06       		.byte	0x6
 1262 005b 2B       		.byte	0x2b
 1263 005c 18       		.byte	0x18
 1264 005d 61000000 		.4byte	0x61
 1265 0061 08       		.uleb128 0x8
 1266 0062 01       		.byte	0x1
 1267 0063 08       		.byte	0x8
 1268 0064 8C060000 		.4byte	.LASF6
 1269 0068 08       		.uleb128 0x8
 1270 0069 02       		.byte	0x2
 1271 006a 05       		.byte	0x5
 1272 006b B5020000 		.4byte	.LASF7
 1273 006f 02       		.uleb128 0x2
 1274 0070 8B070000 		.4byte	.LASF8
 1275 0074 06       		.byte	0x6
 1276 0075 39       		.byte	0x39
 1277 0076 19       		.byte	0x19
 1278 0077 7B000000 		.4byte	0x7b
 1279 007b 08       		.uleb128 0x8
 1280 007c 02       		.byte	0x2
 1281 007d 07       		.byte	0x7
 1282 007e 21040000 		.4byte	.LASF9
 1283 0082 02       		.uleb128 0x2
 1284 0083 C3040000 		.4byte	.LASF10
 1285 0087 06       		.byte	0x6
 1286 0088 4D       		.byte	0x4d
ARM GAS  C:\Users\DEVELO~1\AppData\Local\Temp\ccVnb1zc.s 			page 24


 1287 0089 18       		.byte	0x18
 1288 008a 8E000000 		.4byte	0x8e
 1289 008e 08       		.uleb128 0x8
 1290 008f 04       		.byte	0x4
 1291 0090 05       		.byte	0x5
 1292 0091 DC000000 		.4byte	.LASF11
 1293 0095 02       		.uleb128 0x2
 1294 0096 F4020000 		.4byte	.LASF12
 1295 009a 06       		.byte	0x6
 1296 009b 4F       		.byte	0x4f
 1297 009c 19       		.byte	0x19
 1298 009d A1000000 		.4byte	0xa1
 1299 00a1 08       		.uleb128 0x8
 1300 00a2 04       		.byte	0x4
 1301 00a3 07       		.byte	0x7
 1302 00a4 7E010000 		.4byte	.LASF13
 1303 00a8 02       		.uleb128 0x2
 1304 00a9 D3050000 		.4byte	.LASF14
 1305 00ad 06       		.byte	0x6
 1306 00ae 69       		.byte	0x69
 1307 00af 19       		.byte	0x19
 1308 00b0 B4000000 		.4byte	0xb4
 1309 00b4 08       		.uleb128 0x8
 1310 00b5 08       		.byte	0x8
 1311 00b6 07       		.byte	0x7
 1312 00b7 9E010000 		.4byte	.LASF15
 1313 00bb 02       		.uleb128 0x2
 1314 00bc C5080000 		.4byte	.LASF16
 1315 00c0 07       		.byte	0x7
 1316 00c1 18       		.byte	0x18
 1317 00c2 13       		.byte	0x13
 1318 00c3 55000000 		.4byte	0x55
 1319 00c7 0D       		.uleb128 0xd
 1320 00c8 BB000000 		.4byte	0xbb
 1321 00cc 02       		.uleb128 0x2
 1322 00cd 91030000 		.4byte	.LASF17
 1323 00d1 07       		.byte	0x7
 1324 00d2 24       		.byte	0x24
 1325 00d3 14       		.byte	0x14
 1326 00d4 6F000000 		.4byte	0x6f
 1327 00d8 02       		.uleb128 0x2
 1328 00d9 84060000 		.4byte	.LASF18
 1329 00dd 07       		.byte	0x7
 1330 00de 2C       		.byte	0x2c
 1331 00df 13       		.byte	0x13
 1332 00e0 82000000 		.4byte	0x82
 1333 00e4 02       		.uleb128 0x2
 1334 00e5 2B070000 		.4byte	.LASF19
 1335 00e9 07       		.byte	0x7
 1336 00ea 30       		.byte	0x30
 1337 00eb 14       		.byte	0x14
 1338 00ec 95000000 		.4byte	0x95
 1339 00f0 19       		.uleb128 0x19
 1340 00f1 E4000000 		.4byte	0xe4
 1341 00f5 02       		.uleb128 0x2
 1342 00f6 7A050000 		.4byte	.LASF20
 1343 00fa 07       		.byte	0x7
ARM GAS  C:\Users\DEVELO~1\AppData\Local\Temp\ccVnb1zc.s 			page 25


 1344 00fb 3C       		.byte	0x3c
 1345 00fc 14       		.byte	0x14
 1346 00fd A8000000 		.4byte	0xa8
 1347 0101 19       		.uleb128 0x19
 1348 0102 F5000000 		.4byte	0xf5
 1349 0106 02       		.uleb128 0x2
 1350 0107 3B070000 		.4byte	.LASF21
 1351 010b 08       		.byte	0x8
 1352 010c 48       		.byte	0x48
 1353 010d 1D       		.byte	0x1d
 1354 010e F5000000 		.4byte	0xf5
 1355 0112 02       		.uleb128 0x2
 1356 0113 FB040000 		.4byte	.LASF22
 1357 0117 09       		.byte	0x9
 1358 0118 50       		.byte	0x50
 1359 0119 19       		.byte	0x19
 1360 011a 06010000 		.4byte	0x106
 1361 011e 02       		.uleb128 0x2
 1362 011f 99040000 		.4byte	.LASF23
 1363 0123 09       		.byte	0x9
 1364 0124 53       		.byte	0x53
 1365 0125 19       		.byte	0x19
 1366 0126 BB000000 		.4byte	0xbb
 1367 012a 02       		.uleb128 0x2
 1368 012b 8D020000 		.4byte	.LASF24
 1369 012f 09       		.byte	0x9
 1370 0130 54       		.byte	0x54
 1371 0131 19       		.byte	0x19
 1372 0132 BB000000 		.4byte	0xbb
 1373 0136 02       		.uleb128 0x2
 1374 0137 06060000 		.4byte	.LASF25
 1375 013b 09       		.byte	0x9
 1376 013c 55       		.byte	0x55
 1377 013d 19       		.byte	0x19
 1378 013e BB000000 		.4byte	0xbb
 1379 0142 02       		.uleb128 0x2
 1380 0143 41060000 		.4byte	.LASF26
 1381 0147 09       		.byte	0x9
 1382 0148 57       		.byte	0x57
 1383 0149 19       		.byte	0x19
 1384 014a E4000000 		.4byte	0xe4
 1385 014e 02       		.uleb128 0x2
 1386 014f 64040000 		.4byte	.LASF27
 1387 0153 09       		.byte	0x9
 1388 0154 58       		.byte	0x58
 1389 0155 19       		.byte	0x19
 1390 0156 D8000000 		.4byte	0xd8
 1391 015a 02       		.uleb128 0x2
 1392 015b B7040000 		.4byte	.LASF28
 1393 015f 09       		.byte	0x9
 1394 0160 5A       		.byte	0x5a
 1395 0161 19       		.byte	0x19
 1396 0162 E4000000 		.4byte	0xe4
 1397 0166 02       		.uleb128 0x2
 1398 0167 70030000 		.4byte	.LASF29
 1399 016b 09       		.byte	0x9
 1400 016c 5C       		.byte	0x5c
ARM GAS  C:\Users\DEVELO~1\AppData\Local\Temp\ccVnb1zc.s 			page 26


 1401 016d 19       		.byte	0x19
 1402 016e D8000000 		.4byte	0xd8
 1403 0172 02       		.uleb128 0x2
 1404 0173 FC050000 		.4byte	.LASF30
 1405 0177 09       		.byte	0x9
 1406 0178 80       		.byte	0x80
 1407 0179 12       		.byte	0x12
 1408 017a 39000000 		.4byte	0x39
 1409 017e 02       		.uleb128 0x2
 1410 017f AE070000 		.4byte	.LASF31
 1411 0183 09       		.byte	0x9
 1412 0184 85       		.byte	0x85
 1413 0185 1A       		.byte	0x1a
 1414 0186 8A010000 		.4byte	0x18a
 1415 018a 09       		.uleb128 0x9
 1416 018b 47040000 		.4byte	.LASF46
 1417 018f 48       		.byte	0x48
 1418 0190 0A       		.byte	0xa
 1419 0191 9C       		.byte	0x9c
 1420 0192 08       		.byte	0x8
 1421 0193 6D020000 		.4byte	0x26d
 1422 0197 07       		.uleb128 0x7
 1423 0198 68647200 		.ascii	"hdr\000"
 1424 019c 0A       		.byte	0xa
 1425 019d AD       		.byte	0xad
 1426 019e 05       		.byte	0x5
 1427 019f 7C080000 		.4byte	0x87c
 1428 01a3 00       		.byte	0
 1429 01a4 07       		.uleb128 0x7
 1430 01a5 63747800 		.ascii	"ctx\000"
 1431 01a9 0A       		.byte	0xa
 1432 01aa B1       		.byte	0xb1
 1433 01ab 21       		.byte	0x21
 1434 01ac E7070000 		.4byte	0x7e7
 1435 01b0 0C       		.byte	0xc
 1436 01b1 03       		.uleb128 0x3
 1437 01b2 F3080000 		.4byte	.LASF32
 1438 01b6 0A       		.byte	0xa
 1439 01b7 B6       		.byte	0xb6
 1440 01b8 21       		.byte	0x21
 1441 01b9 CC030000 		.4byte	0x3cc
 1442 01bd 10       		.byte	0x10
 1443 01be 03       		.uleb128 0x3
 1444 01bf 4B070000 		.4byte	.LASF33
 1445 01c3 0A       		.byte	0xa
 1446 01c4 BB       		.byte	0xbb
 1447 01c5 22       		.byte	0x22
 1448 01c6 7E090000 		.4byte	0x97e
 1449 01ca 18       		.byte	0x18
 1450 01cb 03       		.uleb128 0x3
 1451 01cc F8030000 		.4byte	.LASF34
 1452 01d0 0A       		.byte	0xa
 1453 01d1 C0       		.byte	0xc0
 1454 01d2 22       		.byte	0x22
 1455 01d3 55030000 		.4byte	0x355
 1456 01d7 1C       		.byte	0x1c
 1457 01d8 03       		.uleb128 0x3
ARM GAS  C:\Users\DEVELO~1\AppData\Local\Temp\ccVnb1zc.s 			page 27


 1458 01d9 78070000 		.4byte	.LASF35
 1459 01dd 0A       		.byte	0xa
 1460 01de C9       		.byte	0xc9
 1461 01df 22       		.byte	0x22
 1462 01e0 83090000 		.4byte	0x983
 1463 01e4 20       		.byte	0x20
 1464 01e5 03       		.uleb128 0x3
 1465 01e6 81020000 		.4byte	.LASF36
 1466 01ea 0A       		.byte	0xa
 1467 01eb CE       		.byte	0xce
 1468 01ec 21       		.byte	0x21
 1469 01ed 2A010000 		.4byte	0x12a
 1470 01f1 24       		.byte	0x24
 1471 01f2 03       		.uleb128 0x3
 1472 01f3 D7080000 		.4byte	.LASF37
 1473 01f7 0A       		.byte	0xa
 1474 01f8 D2       		.byte	0xd2
 1475 01f9 21       		.byte	0x21
 1476 01fa 1E010000 		.4byte	0x11e
 1477 01fe 25       		.byte	0x25
 1478 01ff 03       		.uleb128 0x3
 1479 0200 57010000 		.4byte	.LASF38
 1480 0204 0A       		.byte	0xa
 1481 0205 D7       		.byte	0xd7
 1482 0206 21       		.byte	0x21
 1483 0207 36010000 		.4byte	0x136
 1484 020b 26       		.byte	0x26
 1485 020c 05       		.uleb128 0x5
 1486 020d 7500     		.ascii	"u\000"
 1487 020f 0A       		.byte	0xa
 1488 0210 2801     		.2byte	0x128
 1489 0212 21       		.byte	0x21
 1490 0213 A9080000 		.4byte	0x8a9
 1491 0217 28       		.byte	0x28
 1492 0218 01       		.uleb128 0x1
 1493 0219 0E030000 		.4byte	.LASF39
 1494 021d 0A       		.byte	0xa
 1495 021e 2D01     		.2byte	0x12d
 1496 0220 21       		.byte	0x21
 1497 0221 A0030000 		.4byte	0x3a0
 1498 0225 2C       		.byte	0x2c
 1499 0226 01       		.uleb128 0x1
 1500 0227 76030000 		.4byte	.LASF40
 1501 022b 0A       		.byte	0xa
 1502 022c 3301     		.2byte	0x133
 1503 022e 21       		.byte	0x21
 1504 022f CC030000 		.4byte	0x3cc
 1505 0233 30       		.byte	0x30
 1506 0234 01       		.uleb128 0x1
 1507 0235 6A040000 		.4byte	.LASF41
 1508 0239 0A       		.byte	0xa
 1509 023a 3901     		.2byte	0x139
 1510 023c 21       		.byte	0x21
 1511 023d 5A010000 		.4byte	0x15a
 1512 0241 38       		.byte	0x38
 1513 0242 01       		.uleb128 0x1
 1514 0243 40090000 		.4byte	.LASF42
ARM GAS  C:\Users\DEVELO~1\AppData\Local\Temp\ccVnb1zc.s 			page 28


 1515 0247 0A       		.byte	0xa
 1516 0248 4001     		.2byte	0x140
 1517 024a 22       		.byte	0x22
 1518 024b 79090000 		.4byte	0x979
 1519 024f 3C       		.byte	0x3c
 1520 0250 01       		.uleb128 0x1
 1521 0251 1E050000 		.4byte	.LASF43
 1522 0255 0A       		.byte	0xa
 1523 0256 4401     		.2byte	0x144
 1524 0258 21       		.byte	0x21
 1525 0259 42010000 		.4byte	0x142
 1526 025d 40       		.byte	0x40
 1527 025e 01       		.uleb128 0x1
 1528 025f 03040000 		.4byte	.LASF44
 1529 0263 0A       		.byte	0xa
 1530 0264 4B01     		.2byte	0x14b
 1531 0266 22       		.byte	0x22
 1532 0267 BA040000 		.4byte	0x4ba
 1533 026b 44       		.byte	0x44
 1534 026c 00       		.byte	0
 1535 026d 02       		.uleb128 0x2
 1536 026e C2010000 		.4byte	.LASF45
 1537 0272 09       		.byte	0x9
 1538 0273 8A       		.byte	0x8a
 1539 0274 1F       		.byte	0x1f
 1540 0275 79020000 		.4byte	0x279
 1541 0279 25       		.uleb128 0x25
 1542 027a B2050000 		.4byte	.LASF47
 1543 027e 9008     		.2byte	0x890
 1544 0280 0A       		.byte	0xa
 1545 0281 8A01     		.2byte	0x18a
 1546 0283 08       		.byte	0x8
 1547 0284 07030000 		.4byte	0x307
 1548 0288 01       		.uleb128 0x1
 1549 0289 BF080000 		.4byte	.LASF48
 1550 028d 0A       		.byte	0xa
 1551 028e 8E01     		.2byte	0x18e
 1552 0290 21       		.byte	0x21
 1553 0291 B3090000 		.4byte	0x9b3
 1554 0295 00       		.byte	0
 1555 0296 01       		.uleb128 0x1
 1556 0297 D0000000 		.4byte	.LASF49
 1557 029b 0A       		.byte	0xa
 1558 029c 9201     		.2byte	0x192
 1559 029e 21       		.byte	0x21
 1560 029f 3D080000 		.4byte	0x83d
 1561 02a3 10       		.byte	0x10
 1562 02a4 01       		.uleb128 0x1
 1563 02a5 25080000 		.4byte	.LASF50
 1564 02a9 0A       		.byte	0xa
 1565 02aa 9901     		.2byte	0x199
 1566 02ac 21       		.byte	0x21
 1567 02ad 64080000 		.4byte	0x864
 1568 02b1 28       		.byte	0x28
 1569 02b2 01       		.uleb128 0x1
 1570 02b3 EB060000 		.4byte	.LASF51
 1571 02b7 0A       		.byte	0xa
ARM GAS  C:\Users\DEVELO~1\AppData\Local\Temp\ccVnb1zc.s 			page 29


 1572 02b8 9E01     		.2byte	0x19e
 1573 02ba 21       		.byte	0x21
 1574 02bb 72010000 		.4byte	0x172
 1575 02bf 30       		.byte	0x30
 1576 02c0 01       		.uleb128 0x1
 1577 02c1 43000000 		.4byte	.LASF52
 1578 02c5 0A       		.byte	0xa
 1579 02c6 A401     		.2byte	0x1a4
 1580 02c8 21       		.byte	0x21
 1581 02c9 2E030000 		.4byte	0x32e
 1582 02cd 34       		.byte	0x34
 1583 02ce 01       		.uleb128 0x1
 1584 02cf 84070000 		.4byte	.LASF53
 1585 02d3 0A       		.byte	0xa
 1586 02d4 A901     		.2byte	0x1a9
 1587 02d6 22       		.byte	0x22
 1588 02d7 270A0000 		.4byte	0xa27
 1589 02db 38       		.byte	0x38
 1590 02dc 01       		.uleb128 0x1
 1591 02dd 16010000 		.4byte	.LASF54
 1592 02e1 0A       		.byte	0xa
 1593 02e2 AD01     		.2byte	0x1ad
 1594 02e4 21       		.byte	0x21
 1595 02e5 7E010000 		.4byte	0x17e
 1596 02e9 3C       		.byte	0x3c
 1597 02ea 05       		.uleb128 0x5
 1598 02eb 64626700 		.ascii	"dbg\000"
 1599 02ef 0A       		.byte	0xa
 1600 02f0 B101     		.2byte	0x1b1
 1601 02f2 21       		.byte	0x21
 1602 02f3 6B030000 		.4byte	0x36b
 1603 02f7 84       		.byte	0x84
 1604 02f8 01       		.uleb128 0x1
 1605 02f9 FA080000 		.4byte	.LASF55
 1606 02fd 0A       		.byte	0xa
 1607 02fe B601     		.2byte	0x1b6
 1608 0300 21       		.byte	0x21
 1609 0301 15060000 		.4byte	0x615
 1610 0305 88       		.byte	0x88
 1611 0306 00       		.byte	0
 1612 0307 02       		.uleb128 0x2
 1613 0308 27050000 		.4byte	.LASF56
 1614 030c 0B       		.byte	0xb
 1615 030d 3F       		.byte	0x3f
 1616 030e 12       		.byte	0x12
 1617 030f E4000000 		.4byte	0xe4
 1618 0313 09       		.uleb128 0x9
 1619 0314 96020000 		.4byte	.LASF57
 1620 0318 04       		.byte	0x4
 1621 0319 0B       		.byte	0xb
 1622 031a 44       		.byte	0x44
 1623 031b 10       		.byte	0x10
 1624 031c 2E030000 		.4byte	0x32e
 1625 0320 03       		.uleb128 0x3
 1626 0321 FF020000 		.4byte	.LASF58
 1627 0325 0B       		.byte	0xb
 1628 0326 48       		.byte	0x48
ARM GAS  C:\Users\DEVELO~1\AppData\Local\Temp\ccVnb1zc.s 			page 30


 1629 0327 21       		.byte	0x21
 1630 0328 07030000 		.4byte	0x307
 1631 032c 00       		.byte	0
 1632 032d 00       		.byte	0
 1633 032e 02       		.uleb128 0x2
 1634 032f A7060000 		.4byte	.LASF59
 1635 0333 0B       		.byte	0xb
 1636 0334 49       		.byte	0x49
 1637 0335 03       		.byte	0x3
 1638 0336 13030000 		.4byte	0x313
 1639 033a 09       		.uleb128 0x9
 1640 033b 6E060000 		.4byte	.LASF60
 1641 033f 04       		.byte	0x4
 1642 0340 0C       		.byte	0xc
 1643 0341 3E       		.byte	0x3e
 1644 0342 10       		.byte	0x10
 1645 0343 55030000 		.4byte	0x355
 1646 0347 03       		.uleb128 0x3
 1647 0348 DD080000 		.4byte	.LASF61
 1648 034c 0C       		.byte	0xc
 1649 034d 46       		.byte	0x46
 1650 034e 24       		.byte	0x24
 1651 034f 5A030000 		.4byte	0x35a
 1652 0353 00       		.byte	0
 1653 0354 00       		.byte	0
 1654 0355 04       		.uleb128 0x4
 1655 0356 66030000 		.4byte	0x366
 1656 035a 19       		.uleb128 0x19
 1657 035b 55030000 		.4byte	0x355
 1658 035f 08       		.uleb128 0x8
 1659 0360 01       		.byte	0x1
 1660 0361 08       		.byte	0x8
 1661 0362 7F070000 		.4byte	.LASF62
 1662 0366 0D       		.uleb128 0xd
 1663 0367 5F030000 		.4byte	0x35f
 1664 036b 02       		.uleb128 0x2
 1665 036c A8030000 		.4byte	.LASF63
 1666 0370 0C       		.byte	0xc
 1667 0371 51       		.byte	0x51
 1668 0372 03       		.byte	0x3
 1669 0373 3A030000 		.4byte	0x33a
 1670 0377 02       		.uleb128 0x2
 1671 0378 BD070000 		.4byte	.LASF64
 1672 037c 01       		.byte	0x1
 1673 037d 6D       		.byte	0x6d
 1674 037e 12       		.byte	0x12
 1675 037f E4000000 		.4byte	0xe4
 1676 0383 0D       		.uleb128 0xd
 1677 0384 77030000 		.4byte	0x377
 1678 0388 02       		.uleb128 0x2
 1679 0389 9E020000 		.4byte	.LASF65
 1680 038d 01       		.byte	0x1
 1681 038e 79       		.byte	0x79
 1682 038f 12       		.byte	0x12
 1683 0390 E4000000 		.4byte	0xe4
 1684 0394 02       		.uleb128 0x2
 1685 0395 EC030000 		.4byte	.LASF66
ARM GAS  C:\Users\DEVELO~1\AppData\Local\Temp\ccVnb1zc.s 			page 31


 1686 0399 01       		.byte	0x1
 1687 039a 9B       		.byte	0x9b
 1688 039b 12       		.byte	0x12
 1689 039c F5000000 		.4byte	0xf5
 1690 03a0 02       		.uleb128 0x2
 1691 03a1 66050000 		.4byte	.LASF67
 1692 03a5 0D       		.byte	0xd
 1693 03a6 32       		.byte	0x32
 1694 03a7 18       		.byte	0x18
 1695 03a8 AC030000 		.4byte	0x3ac
 1696 03ac 09       		.uleb128 0x9
 1697 03ad A1040000 		.4byte	.LASF68
 1698 03b1 04       		.byte	0x4
 1699 03b2 0D       		.byte	0xd
 1700 03b3 38       		.byte	0x38
 1701 03b4 08       		.byte	0x8
 1702 03b5 C7030000 		.4byte	0x3c7
 1703 03b9 03       		.uleb128 0x3
 1704 03ba 2F010000 		.4byte	.LASF69
 1705 03be 0D       		.byte	0xd
 1706 03bf 39       		.byte	0x39
 1707 03c0 1A       		.byte	0x1a
 1708 03c1 C7030000 		.4byte	0x3c7
 1709 03c5 00       		.byte	0
 1710 03c6 00       		.byte	0
 1711 03c7 04       		.uleb128 0x4
 1712 03c8 A0030000 		.4byte	0x3a0
 1713 03cc 02       		.uleb128 0x2
 1714 03cd D9030000 		.4byte	.LASF70
 1715 03d1 0D       		.byte	0xd
 1716 03d2 3F       		.byte	0x3f
 1717 03d3 19       		.byte	0x19
 1718 03d4 D8030000 		.4byte	0x3d8
 1719 03d8 09       		.uleb128 0x9
 1720 03d9 AC020000 		.4byte	.LASF71
 1721 03dd 08       		.byte	0x8
 1722 03de 0D       		.byte	0xd
 1723 03df 45       		.byte	0x45
 1724 03e0 08       		.byte	0x8
 1725 03e1 00040000 		.4byte	0x400
 1726 03e5 03       		.uleb128 0x3
 1727 03e6 2F010000 		.4byte	.LASF69
 1728 03ea 0D       		.byte	0xd
 1729 03eb 46       		.byte	0x46
 1730 03ec 1A       		.byte	0x1a
 1731 03ed 00040000 		.4byte	0x400
 1732 03f1 00       		.byte	0
 1733 03f2 03       		.uleb128 0x3
 1734 03f3 16000000 		.4byte	.LASF72
 1735 03f7 0D       		.byte	0xd
 1736 03f8 47       		.byte	0x47
 1737 03f9 1A       		.byte	0x1a
 1738 03fa 00040000 		.4byte	0x400
 1739 03fe 04       		.byte	0x4
 1740 03ff 00       		.byte	0
 1741 0400 04       		.uleb128 0x4
 1742 0401 CC030000 		.4byte	0x3cc
ARM GAS  C:\Users\DEVELO~1\AppData\Local\Temp\ccVnb1zc.s 			page 32


 1743 0405 02       		.uleb128 0x2
 1744 0406 CE070000 		.4byte	.LASF73
 1745 040a 0D       		.byte	0xd
 1746 040b 4E       		.byte	0x4e
 1747 040c 22       		.byte	0x22
 1748 040d 11040000 		.4byte	0x411
 1749 0411 09       		.uleb128 0x9
 1750 0412 2D080000 		.4byte	.LASF74
 1751 0416 0C       		.byte	0xc
 1752 0417 0D       		.byte	0xd
 1753 0418 55       		.byte	0x55
 1754 0419 08       		.byte	0x8
 1755 041a 46040000 		.4byte	0x446
 1756 041e 03       		.uleb128 0x3
 1757 041f 2F010000 		.4byte	.LASF69
 1758 0423 0D       		.byte	0xd
 1759 0424 56       		.byte	0x56
 1760 0425 1A       		.byte	0x1a
 1761 0426 46040000 		.4byte	0x446
 1762 042a 00       		.byte	0
 1763 042b 03       		.uleb128 0x3
 1764 042c 16000000 		.4byte	.LASF72
 1765 0430 0D       		.byte	0xd
 1766 0431 57       		.byte	0x57
 1767 0432 1A       		.byte	0x1a
 1768 0433 46040000 		.4byte	0x446
 1769 0437 04       		.byte	0x4
 1770 0438 03       		.uleb128 0x3
 1771 0439 C6050000 		.4byte	.LASF75
 1772 043d 0D       		.byte	0xd
 1773 043e 58       		.byte	0x58
 1774 043f 19       		.byte	0x19
 1775 0440 42010000 		.4byte	0x142
 1776 0444 08       		.byte	0x8
 1777 0445 00       		.byte	0
 1778 0446 04       		.uleb128 0x4
 1779 0447 05040000 		.4byte	0x405
 1780 044b 02       		.uleb128 0x2
 1781 044c 58080000 		.4byte	.LASF76
 1782 0450 0D       		.byte	0xd
 1783 0451 5F       		.byte	0x5f
 1784 0452 1E       		.byte	0x1e
 1785 0453 57040000 		.4byte	0x457
 1786 0457 09       		.uleb128 0x9
 1787 0458 90010000 		.4byte	.LASF77
 1788 045c 0C       		.byte	0xc
 1789 045d 0D       		.byte	0xd
 1790 045e 64       		.byte	0x64
 1791 045f 08       		.byte	0x8
 1792 0460 8C040000 		.4byte	0x48c
 1793 0464 03       		.uleb128 0x3
 1794 0465 2F010000 		.4byte	.LASF69
 1795 0469 0D       		.byte	0xd
 1796 046a 65       		.byte	0x65
 1797 046b 1A       		.byte	0x1a
 1798 046c 8C040000 		.4byte	0x48c
 1799 0470 00       		.byte	0
ARM GAS  C:\Users\DEVELO~1\AppData\Local\Temp\ccVnb1zc.s 			page 33


 1800 0471 03       		.uleb128 0x3
 1801 0472 16000000 		.4byte	.LASF72
 1802 0476 0D       		.byte	0xd
 1803 0477 66       		.byte	0x66
 1804 0478 1A       		.byte	0x1a
 1805 0479 8C040000 		.4byte	0x48c
 1806 047d 04       		.byte	0x4
 1807 047e 03       		.uleb128 0x3
 1808 047f 29010000 		.4byte	.LASF78
 1809 0483 0D       		.byte	0xd
 1810 0484 67       		.byte	0x67
 1811 0485 19       		.byte	0x19
 1812 0486 88030000 		.4byte	0x388
 1813 048a 08       		.byte	0x8
 1814 048b 00       		.byte	0
 1815 048c 04       		.uleb128 0x4
 1816 048d 4B040000 		.4byte	0x44b
 1817 0491 0F       		.uleb128 0xf
 1818 0492 08       		.byte	0x8
 1819 0493 0E       		.byte	0xe
 1820 0494 83       		.byte	0x83
 1821 0495 05       		.byte	0x5
 1822 0496 B5040000 		.4byte	0x4b5
 1823 049a 07       		.uleb128 0x7
 1824 049b 6E747000 		.ascii	"ntp\000"
 1825 049f 0E       		.byte	0xe
 1826 04a0 87       		.byte	0x87
 1827 04a1 1E       		.byte	0x1e
 1828 04a2 B5040000 		.4byte	0x4b5
 1829 04a6 00       		.byte	0
 1830 04a7 03       		.uleb128 0x3
 1831 04a8 EC080000 		.4byte	.LASF79
 1832 04ac 0E       		.byte	0xe
 1833 04ad 8B       		.byte	0x8b
 1834 04ae 1E       		.byte	0x1e
 1835 04af BA040000 		.4byte	0x4ba
 1836 04b3 04       		.byte	0x4
 1837 04b4 00       		.byte	0
 1838 04b5 04       		.uleb128 0x4
 1839 04b6 7E010000 		.4byte	0x17e
 1840 04ba 26       		.uleb128 0x26
 1841 04bb 04       		.byte	0x4
 1842 04bc 0F       		.uleb128 0xf
 1843 04bd 08       		.byte	0x8
 1844 04be 0E       		.byte	0xe
 1845 04bf 90       		.byte	0x90
 1846 04c0 05       		.byte	0x5
 1847 04c1 DF040000 		.4byte	0x4df
 1848 04c5 07       		.uleb128 0x7
 1849 04c6 747000   		.ascii	"tp\000"
 1850 04c9 0E       		.byte	0xe
 1851 04ca 94       		.byte	0x94
 1852 04cb 1E       		.byte	0x1e
 1853 04cc B5040000 		.4byte	0x4b5
 1854 04d0 00       		.byte	0
 1855 04d1 07       		.uleb128 0x7
 1856 04d2 6D736700 		.ascii	"msg\000"
ARM GAS  C:\Users\DEVELO~1\AppData\Local\Temp\ccVnb1zc.s 			page 34


 1857 04d6 0E       		.byte	0xe
 1858 04d7 98       		.byte	0x98
 1859 04d8 1D       		.byte	0x1d
 1860 04d9 4E010000 		.4byte	0x14e
 1861 04dd 04       		.byte	0x4
 1862 04de 00       		.byte	0
 1863 04df 0F       		.uleb128 0xf
 1864 04e0 04       		.byte	0x4
 1865 04e1 0E       		.byte	0xe
 1866 04e2 9D       		.byte	0x9d
 1867 04e3 05       		.byte	0x5
 1868 04e4 F6040000 		.4byte	0x4f6
 1869 04e8 03       		.uleb128 0x3
 1870 04e9 F8030000 		.4byte	.LASF34
 1871 04ed 0E       		.byte	0xe
 1872 04ee A1       		.byte	0xa1
 1873 04ef 1E       		.byte	0x1e
 1874 04f0 55030000 		.4byte	0x355
 1875 04f4 00       		.byte	0
 1876 04f5 00       		.byte	0
 1877 04f6 0F       		.uleb128 0xf
 1878 04f7 04       		.byte	0x4
 1879 04f8 0E       		.byte	0xe
 1880 04f9 A6       		.byte	0xa6
 1881 04fa 05       		.byte	0x5
 1882 04fb 0D050000 		.4byte	0x50d
 1883 04ff 03       		.uleb128 0x3
 1884 0500 F3060000 		.4byte	.LASF80
 1885 0504 0E       		.byte	0xe
 1886 0505 AA       		.byte	0xaa
 1887 0506 1E       		.byte	0x1e
 1888 0507 55030000 		.4byte	0x355
 1889 050b 00       		.byte	0
 1890 050c 00       		.byte	0
 1891 050d 0F       		.uleb128 0xf
 1892 050e 08       		.byte	0x8
 1893 050f 0E       		.byte	0xe
 1894 0510 AF       		.byte	0xaf
 1895 0511 05       		.byte	0x5
 1896 0512 31050000 		.4byte	0x531
 1897 0516 07       		.uleb128 0x7
 1898 0517 75703100 		.ascii	"up1\000"
 1899 051b 0E       		.byte	0xe
 1900 051c B3       		.byte	0xb3
 1901 051d 1E       		.byte	0x1e
 1902 051e BA040000 		.4byte	0x4ba
 1903 0522 00       		.byte	0
 1904 0523 07       		.uleb128 0x7
 1905 0524 75703200 		.ascii	"up2\000"
 1906 0528 0E       		.byte	0xe
 1907 0529 B7       		.byte	0xb7
 1908 052a 1E       		.byte	0x1e
 1909 052b BA040000 		.4byte	0x4ba
 1910 052f 04       		.byte	0x4
 1911 0530 00       		.byte	0
 1912 0531 1A       		.uleb128 0x1a
 1913 0532 08       		.byte	0x8
ARM GAS  C:\Users\DEVELO~1\AppData\Local\Temp\ccVnb1zc.s 			page 35


 1914 0533 0E       		.byte	0xe
 1915 0534 7F       		.byte	0x7f
 1916 0535 6F050000 		.4byte	0x56f
 1917 0539 1B       		.uleb128 0x1b
 1918 053a 737700   		.ascii	"sw\000"
 1919 053d 8C       		.byte	0x8c
 1920 053e 91040000 		.4byte	0x491
 1921 0542 1B       		.uleb128 0x1b
 1922 0543 72647900 		.ascii	"rdy\000"
 1923 0547 99       		.byte	0x99
 1924 0548 BC040000 		.4byte	0x4bc
 1925 054c 1B       		.uleb128 0x1b
 1926 054d 69737200 		.ascii	"isr\000"
 1927 0551 A2       		.byte	0xa2
 1928 0552 DF040000 		.4byte	0x4df
 1929 0556 10       		.uleb128 0x10
 1930 0557 F3000000 		.4byte	.LASF81
 1931 055b 0E       		.byte	0xe
 1932 055c AB       		.byte	0xab
 1933 055d 07       		.byte	0x7
 1934 055e F6040000 		.4byte	0x4f6
 1935 0562 10       		.uleb128 0x10
 1936 0563 57060000 		.4byte	.LASF82
 1937 0567 0E       		.byte	0xe
 1938 0568 B8       		.byte	0xb8
 1939 0569 07       		.byte	0x7
 1940 056a 0D050000 		.4byte	0x50d
 1941 056e 00       		.byte	0
 1942 056f 0F       		.uleb128 0xf
 1943 0570 10       		.byte	0x10
 1944 0571 0E       		.byte	0xe
 1945 0572 6C       		.byte	0x6c
 1946 0573 09       		.byte	0x9
 1947 0574 B5050000 		.4byte	0x5b5
 1948 0578 1C       		.uleb128 0x1c
 1949 0579 D7000000 		.4byte	.LASF83
 1950 057d 70       		.byte	0x70
 1951 057e E4000000 		.4byte	0xe4
 1952 0582 03       		.byte	0x3
 1953 0583 00       		.byte	0
 1954 0584 1C       		.uleb128 0x1c
 1955 0585 81020000 		.4byte	.LASF36
 1956 0589 74       		.byte	0x74
 1957 058a E4000000 		.4byte	0xe4
 1958 058e 05       		.byte	0x5
 1959 058f 03       		.byte	0x3
 1960 0590 1C       		.uleb128 0x1c
 1961 0591 06050000 		.4byte	.LASF84
 1962 0595 7A       		.byte	0x7a
 1963 0596 E4000000 		.4byte	0xe4
 1964 059a 18       		.byte	0x18
 1965 059b 08       		.byte	0x8
 1966 059c 03       		.uleb128 0x3
 1967 059d C1050000 		.4byte	.LASF85
 1968 05a1 0E       		.byte	0xe
 1969 05a2 7E       		.byte	0x7e
 1970 05a3 19       		.byte	0x19
ARM GAS  C:\Users\DEVELO~1\AppData\Local\Temp\ccVnb1zc.s 			page 36


 1971 05a4 77030000 		.4byte	0x377
 1972 05a8 04       		.byte	0x4
 1973 05a9 07       		.uleb128 0x7
 1974 05aa 7500     		.ascii	"u\000"
 1975 05ac 0E       		.byte	0xe
 1976 05ad B9       		.byte	0xb9
 1977 05ae 05       		.byte	0x5
 1978 05af 31050000 		.4byte	0x531
 1979 05b3 08       		.byte	0x8
 1980 05b4 00       		.byte	0
 1981 05b5 02       		.uleb128 0x2
 1982 05b6 E5000000 		.4byte	.LASF86
 1983 05ba 0E       		.byte	0xe
 1984 05bb BA       		.byte	0xba
 1985 05bc 03       		.byte	0x3
 1986 05bd 6F050000 		.4byte	0x56f
 1987 05c1 27       		.uleb128 0x27
 1988 05c2 0808     		.2byte	0x808
 1989 05c4 0E       		.byte	0xe
 1990 05c5 C0       		.byte	0xc0
 1991 05c6 09       		.byte	0x9
 1992 05c7 00060000 		.4byte	0x600
 1993 05cb 03       		.uleb128 0x3
 1994 05cc 70050000 		.4byte	.LASF87
 1995 05d0 0E       		.byte	0xe
 1996 05d1 C4       		.byte	0xc4
 1997 05d2 19       		.byte	0x19
 1998 05d3 CC000000 		.4byte	0xcc
 1999 05d7 00       		.byte	0
 2000 05d8 03       		.uleb128 0x3
 2001 05d9 1C040000 		.4byte	.LASF88
 2002 05dd 0E       		.byte	0xe
 2003 05de C8       		.byte	0xc8
 2004 05df 19       		.byte	0x19
 2005 05e0 CC000000 		.4byte	0xcc
 2006 05e4 02       		.byte	0x2
 2007 05e5 07       		.uleb128 0x7
 2008 05e6 70747200 		.ascii	"ptr\000"
 2009 05ea 0E       		.byte	0xe
 2010 05eb CC       		.byte	0xcc
 2011 05ec 1A       		.byte	0x1a
 2012 05ed 00060000 		.4byte	0x600
 2013 05f1 04       		.byte	0x4
 2014 05f2 03       		.uleb128 0x3
 2015 05f3 C7070000 		.4byte	.LASF89
 2016 05f7 0E       		.byte	0xe
 2017 05f8 D0       		.byte	0xd0
 2018 05f9 19       		.byte	0x19
 2019 05fa 05060000 		.4byte	0x605
 2020 05fe 08       		.byte	0x8
 2021 05ff 00       		.byte	0
 2022 0600 04       		.uleb128 0x4
 2023 0601 B5050000 		.4byte	0x5b5
 2024 0605 1D       		.uleb128 0x1d
 2025 0606 B5050000 		.4byte	0x5b5
 2026 060a 15060000 		.4byte	0x615
 2027 060e 1E       		.uleb128 0x1e
ARM GAS  C:\Users\DEVELO~1\AppData\Local\Temp\ccVnb1zc.s 			page 37


 2028 060f 39000000 		.4byte	0x39
 2029 0613 7F       		.byte	0x7f
 2030 0614 00       		.byte	0
 2031 0615 02       		.uleb128 0x2
 2032 0616 C9020000 		.4byte	.LASF90
 2033 061a 0E       		.byte	0xe
 2034 061b D1       		.byte	0xd1
 2035 061c 03       		.byte	0x3
 2036 061d C1050000 		.4byte	0x5c1
 2037 0621 17       		.uleb128 0x17
 2038 0622 18       		.byte	0x18
 2039 0623 0F       		.byte	0xf
 2040 0624 3002     		.2byte	0x230
 2041 0626 7E060000 		.4byte	0x67e
 2042 062a 05       		.uleb128 0x5
 2043 062b 435200   		.ascii	"CR\000"
 2044 062e 0F       		.byte	0xf
 2045 062f 3202     		.2byte	0x232
 2046 0631 11       		.byte	0x11
 2047 0632 F0000000 		.4byte	0xf0
 2048 0636 00       		.byte	0
 2049 0637 01       		.uleb128 0x1
 2050 0638 E2070000 		.4byte	.LASF91
 2051 063c 0F       		.byte	0xf
 2052 063d 3302     		.2byte	0x233
 2053 063f 11       		.byte	0x11
 2054 0640 F0000000 		.4byte	0xf0
 2055 0644 04       		.byte	0x4
 2056 0645 05       		.uleb128 0x5
 2057 0646 50415200 		.ascii	"PAR\000"
 2058 064a 0F       		.byte	0xf
 2059 064b 3402     		.2byte	0x234
 2060 064d 11       		.byte	0x11
 2061 064e F0000000 		.4byte	0xf0
 2062 0652 08       		.byte	0x8
 2063 0653 01       		.uleb128 0x1
 2064 0654 28000000 		.4byte	.LASF92
 2065 0658 0F       		.byte	0xf
 2066 0659 3502     		.2byte	0x235
 2067 065b 11       		.byte	0x11
 2068 065c F0000000 		.4byte	0xf0
 2069 0660 0C       		.byte	0xc
 2070 0661 01       		.uleb128 0x1
 2071 0662 53080000 		.4byte	.LASF93
 2072 0666 0F       		.byte	0xf
 2073 0667 3602     		.2byte	0x236
 2074 0669 11       		.byte	0x11
 2075 066a F0000000 		.4byte	0xf0
 2076 066e 10       		.byte	0x10
 2077 066f 05       		.uleb128 0x5
 2078 0670 46435200 		.ascii	"FCR\000"
 2079 0674 0F       		.byte	0xf
 2080 0675 3702     		.2byte	0x237
 2081 0677 11       		.byte	0x11
 2082 0678 F0000000 		.4byte	0xf0
 2083 067c 14       		.byte	0x14
 2084 067d 00       		.byte	0
ARM GAS  C:\Users\DEVELO~1\AppData\Local\Temp\ccVnb1zc.s 			page 38


 2085 067e 0B       		.uleb128 0xb
 2086 067f 86040000 		.4byte	.LASF94
 2087 0683 0F       		.byte	0xf
 2088 0684 3802     		.2byte	0x238
 2089 0686 03       		.byte	0x3
 2090 0687 21060000 		.4byte	0x621
 2091 068b 17       		.uleb128 0x17
 2092 068c 04       		.byte	0x4
 2093 068d 0F       		.byte	0xf
 2094 068e 5102     		.2byte	0x251
 2095 0690 A3060000 		.4byte	0x6a3
 2096 0694 05       		.uleb128 0x5
 2097 0695 43435200 		.ascii	"CCR\000"
 2098 0699 0F       		.byte	0xf
 2099 069a 5302     		.2byte	0x253
 2100 069c 12       		.byte	0x12
 2101 069d F0000000 		.4byte	0xf0
 2102 06a1 00       		.byte	0
 2103 06a2 00       		.byte	0
 2104 06a3 0B       		.uleb128 0xb
 2105 06a4 56090000 		.4byte	.LASF95
 2106 06a8 0F       		.byte	0xf
 2107 06a9 5402     		.2byte	0x254
 2108 06ab 02       		.byte	0x2
 2109 06ac 8B060000 		.4byte	0x68b
 2110 06b0 17       		.uleb128 0x17
 2111 06b1 2C       		.byte	0x2c
 2112 06b2 0F       		.byte	0xf
 2113 06b3 4504     		.2byte	0x445
 2114 06b5 54070000 		.4byte	0x754
 2115 06b9 05       		.uleb128 0x5
 2116 06ba 43523100 		.ascii	"CR1\000"
 2117 06be 0F       		.byte	0xf
 2118 06bf 4704     		.2byte	0x447
 2119 06c1 11       		.byte	0x11
 2120 06c2 F0000000 		.4byte	0xf0
 2121 06c6 00       		.byte	0
 2122 06c7 05       		.uleb128 0x5
 2123 06c8 43523200 		.ascii	"CR2\000"
 2124 06cc 0F       		.byte	0xf
 2125 06cd 4804     		.2byte	0x448
 2126 06cf 11       		.byte	0x11
 2127 06d0 F0000000 		.4byte	0xf0
 2128 06d4 04       		.byte	0x4
 2129 06d5 01       		.uleb128 0x1
 2130 06d6 CD080000 		.4byte	.LASF96
 2131 06da 0F       		.byte	0xf
 2132 06db 4904     		.2byte	0x449
 2133 06dd 11       		.byte	0x11
 2134 06de F0000000 		.4byte	0xf0
 2135 06e2 08       		.byte	0x8
 2136 06e3 01       		.uleb128 0x1
 2137 06e4 D2080000 		.4byte	.LASF97
 2138 06e8 0F       		.byte	0xf
 2139 06e9 4A04     		.2byte	0x44a
 2140 06eb 11       		.byte	0x11
 2141 06ec F0000000 		.4byte	0xf0
ARM GAS  C:\Users\DEVELO~1\AppData\Local\Temp\ccVnb1zc.s 			page 39


 2142 06f0 0C       		.byte	0xc
 2143 06f1 01       		.uleb128 0x1
 2144 06f2 BA010000 		.4byte	.LASF98
 2145 06f6 0F       		.byte	0xf
 2146 06f7 4B04     		.2byte	0x44b
 2147 06f9 11       		.byte	0x11
 2148 06fa F0000000 		.4byte	0xf0
 2149 06fe 10       		.byte	0x10
 2150 06ff 01       		.uleb128 0x1
 2151 0700 19060000 		.4byte	.LASF99
 2152 0704 0F       		.byte	0xf
 2153 0705 4C04     		.2byte	0x44c
 2154 0707 11       		.byte	0x11
 2155 0708 F0000000 		.4byte	0xf0
 2156 070c 14       		.byte	0x14
 2157 070d 05       		.uleb128 0x5
 2158 070e 49535200 		.ascii	"ISR\000"
 2159 0712 0F       		.byte	0xf
 2160 0713 4D04     		.2byte	0x44d
 2161 0715 11       		.byte	0x11
 2162 0716 F0000000 		.4byte	0xf0
 2163 071a 18       		.byte	0x18
 2164 071b 05       		.uleb128 0x5
 2165 071c 49435200 		.ascii	"ICR\000"
 2166 0720 0F       		.byte	0xf
 2167 0721 4E04     		.2byte	0x44e
 2168 0723 11       		.byte	0x11
 2169 0724 F0000000 		.4byte	0xf0
 2170 0728 1C       		.byte	0x1c
 2171 0729 01       		.uleb128 0x1
 2172 072a B5010000 		.4byte	.LASF100
 2173 072e 0F       		.byte	0xf
 2174 072f 4F04     		.2byte	0x44f
 2175 0731 11       		.byte	0x11
 2176 0732 F0000000 		.4byte	0xf0
 2177 0736 20       		.byte	0x20
 2178 0737 01       		.uleb128 0x1
 2179 0738 7F030000 		.4byte	.LASF101
 2180 073c 0F       		.byte	0xf
 2181 073d 5004     		.2byte	0x450
 2182 073f 11       		.byte	0x11
 2183 0740 F0000000 		.4byte	0xf0
 2184 0744 24       		.byte	0x24
 2185 0745 01       		.uleb128 0x1
 2186 0746 73040000 		.4byte	.LASF102
 2187 074a 0F       		.byte	0xf
 2188 074b 5104     		.2byte	0x451
 2189 074d 11       		.byte	0x11
 2190 074e F0000000 		.4byte	0xf0
 2191 0752 28       		.byte	0x28
 2192 0753 00       		.byte	0
 2193 0754 0B       		.uleb128 0xb
 2194 0755 16030000 		.4byte	.LASF103
 2195 0759 0F       		.byte	0xf
 2196 075a 5204     		.2byte	0x452
 2197 075c 03       		.byte	0x3
 2198 075d B0060000 		.4byte	0x6b0
ARM GAS  C:\Users\DEVELO~1\AppData\Local\Temp\ccVnb1zc.s 			page 40


 2199 0761 11       		.uleb128 0x11
 2200 0762 C4000000 		.4byte	.LASF104
 2201 0766 24       		.byte	0x24
 2202 0767 10       		.byte	0x10
 2203 0768 E001     		.2byte	0x1e0
 2204 076a 08       		.byte	0x8
 2205 076b E7070000 		.4byte	0x7e7
 2206 076f 05       		.uleb128 0x5
 2207 0770 723400   		.ascii	"r4\000"
 2208 0773 10       		.byte	0x10
 2209 0774 F901     		.2byte	0x1f9
 2210 0776 11       		.byte	0x11
 2211 0777 E4000000 		.4byte	0xe4
 2212 077b 00       		.byte	0
 2213 077c 05       		.uleb128 0x5
 2214 077d 723500   		.ascii	"r5\000"
 2215 0780 10       		.byte	0x10
 2216 0781 FA01     		.2byte	0x1fa
 2217 0783 11       		.byte	0x11
 2218 0784 E4000000 		.4byte	0xe4
 2219 0788 04       		.byte	0x4
 2220 0789 05       		.uleb128 0x5
 2221 078a 723600   		.ascii	"r6\000"
 2222 078d 10       		.byte	0x10
 2223 078e FB01     		.2byte	0x1fb
 2224 0790 11       		.byte	0x11
 2225 0791 E4000000 		.4byte	0xe4
 2226 0795 08       		.byte	0x8
 2227 0796 05       		.uleb128 0x5
 2228 0797 723700   		.ascii	"r7\000"
 2229 079a 10       		.byte	0x10
 2230 079b FC01     		.2byte	0x1fc
 2231 079d 11       		.byte	0x11
 2232 079e E4000000 		.4byte	0xe4
 2233 07a2 0C       		.byte	0xc
 2234 07a3 05       		.uleb128 0x5
 2235 07a4 723800   		.ascii	"r8\000"
 2236 07a7 10       		.byte	0x10
 2237 07a8 FD01     		.2byte	0x1fd
 2238 07aa 11       		.byte	0x11
 2239 07ab E4000000 		.4byte	0xe4
 2240 07af 10       		.byte	0x10
 2241 07b0 05       		.uleb128 0x5
 2242 07b1 723900   		.ascii	"r9\000"
 2243 07b4 10       		.byte	0x10
 2244 07b5 FE01     		.2byte	0x1fe
 2245 07b7 11       		.byte	0x11
 2246 07b8 E4000000 		.4byte	0xe4
 2247 07bc 14       		.byte	0x14
 2248 07bd 05       		.uleb128 0x5
 2249 07be 72313000 		.ascii	"r10\000"
 2250 07c2 10       		.byte	0x10
 2251 07c3 FF01     		.2byte	0x1ff
 2252 07c5 11       		.byte	0x11
 2253 07c6 E4000000 		.4byte	0xe4
 2254 07ca 18       		.byte	0x18
 2255 07cb 05       		.uleb128 0x5
ARM GAS  C:\Users\DEVELO~1\AppData\Local\Temp\ccVnb1zc.s 			page 41


 2256 07cc 72313100 		.ascii	"r11\000"
 2257 07d0 10       		.byte	0x10
 2258 07d1 0002     		.2byte	0x200
 2259 07d3 11       		.byte	0x11
 2260 07d4 E4000000 		.4byte	0xe4
 2261 07d8 1C       		.byte	0x1c
 2262 07d9 05       		.uleb128 0x5
 2263 07da 6C7200   		.ascii	"lr\000"
 2264 07dd 10       		.byte	0x10
 2265 07de 0102     		.2byte	0x201
 2266 07e0 11       		.byte	0x11
 2267 07e1 E4000000 		.4byte	0xe4
 2268 07e5 20       		.byte	0x20
 2269 07e6 00       		.byte	0
 2270 07e7 11       		.uleb128 0x11
 2271 07e8 63030000 		.4byte	.LASF105
 2272 07ec 04       		.byte	0x4
 2273 07ed 10       		.byte	0x10
 2274 07ee 0A02     		.2byte	0x20a
 2275 07f0 08       		.byte	0x8
 2276 07f1 03080000 		.4byte	0x803
 2277 07f5 05       		.uleb128 0x5
 2278 07f6 737000   		.ascii	"sp\000"
 2279 07f9 10       		.byte	0x10
 2280 07fa 0B02     		.2byte	0x20b
 2281 07fc 1A       		.byte	0x1a
 2282 07fd 03080000 		.4byte	0x803
 2283 0801 00       		.byte	0
 2284 0802 00       		.byte	0
 2285 0803 04       		.uleb128 0x4
 2286 0804 61070000 		.4byte	0x761
 2287 0808 09       		.uleb128 0x9
 2288 0809 4F050000 		.4byte	.LASF106
 2289 080d 18       		.byte	0x18
 2290 080e 0A       		.byte	0xa
 2291 080f 64       		.byte	0x64
 2292 0810 10       		.byte	0x10
 2293 0811 3D080000 		.4byte	0x83d
 2294 0815 03       		.uleb128 0x3
 2295 0816 B7070000 		.4byte	.LASF107
 2296 081a 0A       		.byte	0xa
 2297 081b 68       		.byte	0x68
 2298 081c 21       		.byte	0x21
 2299 081d 4B040000 		.4byte	0x44b
 2300 0821 00       		.byte	0
 2301 0822 03       		.uleb128 0x3
 2302 0823 B9060000 		.4byte	.LASF108
 2303 0827 0A       		.byte	0xa
 2304 0828 73       		.byte	0x73
 2305 0829 21       		.byte	0x21
 2306 082a 77030000 		.4byte	0x377
 2307 082e 0C       		.byte	0xc
 2308 082f 03       		.uleb128 0x3
 2309 0830 0E050000 		.4byte	.LASF109
 2310 0834 0A       		.byte	0xa
 2311 0835 79       		.byte	0x79
 2312 0836 21       		.byte	0x21
ARM GAS  C:\Users\DEVELO~1\AppData\Local\Temp\ccVnb1zc.s 			page 42


 2313 0837 01010000 		.4byte	0x101
 2314 083b 10       		.byte	0x10
 2315 083c 00       		.byte	0
 2316 083d 02       		.uleb128 0x2
 2317 083e CD040000 		.4byte	.LASF110
 2318 0842 0A       		.byte	0xa
 2319 0843 7B       		.byte	0x7b
 2320 0844 03       		.byte	0x3
 2321 0845 08080000 		.4byte	0x808
 2322 0849 09       		.uleb128 0x9
 2323 084a D8020000 		.4byte	.LASF111
 2324 084e 08       		.byte	0x8
 2325 084f 0A       		.byte	0xa
 2326 0850 80       		.byte	0x80
 2327 0851 10       		.byte	0x10
 2328 0852 64080000 		.4byte	0x864
 2329 0856 03       		.uleb128 0x3
 2330 0857 FD030000 		.4byte	.LASF112
 2331 085b 0A       		.byte	0xa
 2332 085c 84       		.byte	0x84
 2333 085d 21       		.byte	0x21
 2334 085e CC030000 		.4byte	0x3cc
 2335 0862 00       		.byte	0
 2336 0863 00       		.byte	0
 2337 0864 02       		.uleb128 0x2
 2338 0865 20070000 		.4byte	.LASF113
 2339 0869 0A       		.byte	0xa
 2340 086a 85       		.byte	0x85
 2341 086b 03       		.byte	0x3
 2342 086c 49080000 		.4byte	0x849
 2343 0870 02       		.uleb128 0x2
 2344 0871 3C050000 		.4byte	.LASF114
 2345 0875 0A       		.byte	0xa
 2346 0876 8A       		.byte	0x8a
 2347 0877 14       		.byte	0x14
 2348 0878 B5040000 		.4byte	0x4b5
 2349 087c 1A       		.uleb128 0x1a
 2350 087d 0C       		.byte	0xc
 2351 087e 0A       		.byte	0xa
 2352 087f A0       		.byte	0xa0
 2353 0880 A9080000 		.4byte	0x8a9
 2354 0884 10       		.uleb128 0x10
 2355 0885 1D090000 		.4byte	.LASF115
 2356 0889 0A       		.byte	0xa
 2357 088a A4       		.byte	0xa4
 2358 088b 21       		.byte	0x21
 2359 088c A0030000 		.4byte	0x3a0
 2360 0890 10       		.uleb128 0x10
 2361 0891 FD030000 		.4byte	.LASF112
 2362 0895 0A       		.byte	0xa
 2363 0896 A8       		.byte	0xa8
 2364 0897 21       		.byte	0x21
 2365 0898 CC030000 		.4byte	0x3cc
 2366 089c 10       		.uleb128 0x10
 2367 089d F6070000 		.4byte	.LASF116
 2368 08a1 0A       		.byte	0xa
 2369 08a2 AC       		.byte	0xac
ARM GAS  C:\Users\DEVELO~1\AppData\Local\Temp\ccVnb1zc.s 			page 43


 2370 08a3 21       		.byte	0x21
 2371 08a4 05040000 		.4byte	0x405
 2372 08a8 00       		.byte	0
 2373 08a9 1A       		.uleb128 0x1a
 2374 08aa 04       		.byte	0x4
 2375 08ab 0A       		.byte	0xa
 2376 08ac EB       		.byte	0xeb
 2377 08ad 12090000 		.4byte	0x912
 2378 08b1 10       		.uleb128 0x10
 2379 08b2 3C000000 		.4byte	.LASF117
 2380 08b6 0A       		.byte	0xa
 2381 08b7 F2       		.byte	0xf2
 2382 08b8 21       		.byte	0x21
 2383 08b9 4E010000 		.4byte	0x14e
 2384 08bd 10       		.uleb128 0x10
 2385 08be 06010000 		.4byte	.LASF118
 2386 08c2 0A       		.byte	0xa
 2387 08c3 F9       		.byte	0xf9
 2388 08c4 21       		.byte	0x21
 2389 08c5 4E010000 		.4byte	0x14e
 2390 08c9 12       		.uleb128 0x12
 2391 08ca EC080000 		.4byte	.LASF79
 2392 08ce 0001     		.2byte	0x100
 2393 08d0 22       		.byte	0x22
 2394 08d1 BA040000 		.4byte	0x4ba
 2395 08d5 12       		.uleb128 0x12
 2396 08d6 D3030000 		.4byte	.LASF119
 2397 08da 0701     		.2byte	0x107
 2398 08dc 22       		.byte	0x22
 2399 08dd 12090000 		.4byte	0x912
 2400 08e1 12       		.uleb128 0x12
 2401 08e2 21010000 		.4byte	.LASF120
 2402 08e6 0C01     		.2byte	0x10c
 2403 08e8 21       		.byte	0x21
 2404 08e9 4E010000 		.4byte	0x14e
 2405 08ed 12       		.uleb128 0x12
 2406 08ee 9A030000 		.4byte	.LASF121
 2407 08f2 1501     		.2byte	0x115
 2408 08f4 22       		.byte	0x22
 2409 08f5 3F090000 		.4byte	0x93f
 2410 08f9 12       		.uleb128 0x12
 2411 08fa 34070000 		.4byte	.LASF122
 2412 08fe 1E01     		.2byte	0x11e
 2413 0900 22       		.byte	0x22
 2414 0901 79090000 		.4byte	0x979
 2415 0905 12       		.uleb128 0x12
 2416 0906 77010000 		.4byte	.LASF123
 2417 090a 2601     		.2byte	0x126
 2418 090c 21       		.byte	0x21
 2419 090d 5A010000 		.4byte	0x15a
 2420 0911 00       		.byte	0
 2421 0912 04       		.uleb128 0x4
 2422 0913 70080000 		.4byte	0x870
 2423 0917 09       		.uleb128 0x9
 2424 0918 13070000 		.4byte	.LASF124
 2425 091c 0C       		.byte	0xc
 2426 091d 11       		.byte	0x11
ARM GAS  C:\Users\DEVELO~1\AppData\Local\Temp\ccVnb1zc.s 			page 44


 2427 091e 34       		.byte	0x34
 2428 091f 10       		.byte	0x10
 2429 0920 3F090000 		.4byte	0x93f
 2430 0924 03       		.uleb128 0x3
 2431 0925 FD030000 		.4byte	.LASF112
 2432 0929 11       		.byte	0x11
 2433 092a 35       		.byte	0x35
 2434 092b 19       		.byte	0x19
 2435 092c CC030000 		.4byte	0x3cc
 2436 0930 00       		.byte	0
 2437 0931 07       		.uleb128 0x7
 2438 0932 636E7400 		.ascii	"cnt\000"
 2439 0936 11       		.byte	0x11
 2440 0937 37       		.byte	0x37
 2441 0938 19       		.byte	0x19
 2442 0939 66010000 		.4byte	0x166
 2443 093d 08       		.byte	0x8
 2444 093e 00       		.byte	0
 2445 093f 04       		.uleb128 0x4
 2446 0940 17090000 		.4byte	0x917
 2447 0944 09       		.uleb128 0x9
 2448 0945 B6080000 		.4byte	.LASF125
 2449 0949 10       		.byte	0x10
 2450 094a 12       		.byte	0x12
 2451 094b 39       		.byte	0x39
 2452 094c 08       		.byte	0x8
 2453 094d 79090000 		.4byte	0x979
 2454 0951 03       		.uleb128 0x3
 2455 0952 FD030000 		.4byte	.LASF112
 2456 0956 12       		.byte	0x12
 2457 0957 3A       		.byte	0x3a
 2458 0958 19       		.byte	0x19
 2459 0959 CC030000 		.4byte	0x3cc
 2460 095d 00       		.byte	0
 2461 095e 03       		.uleb128 0x3
 2462 095f 4B070000 		.4byte	.LASF33
 2463 0963 12       		.byte	0x12
 2464 0964 3C       		.byte	0x3c
 2465 0965 1A       		.byte	0x1a
 2466 0966 B5040000 		.4byte	0x4b5
 2467 096a 08       		.byte	0x8
 2468 096b 03       		.uleb128 0x3
 2469 096c 2F010000 		.4byte	.LASF69
 2470 0970 12       		.byte	0x12
 2471 0971 3E       		.byte	0x3e
 2472 0972 1A       		.byte	0x1a
 2473 0973 380A0000 		.4byte	0xa38
 2474 0977 0C       		.byte	0xc
 2475 0978 00       		.byte	0
 2476 0979 04       		.uleb128 0x4
 2477 097a 44090000 		.4byte	0x944
 2478 097e 04       		.uleb128 0x4
 2479 097f 6D020000 		.4byte	0x26d
 2480 0983 04       		.uleb128 0x4
 2481 0984 12010000 		.4byte	0x112
 2482 0988 11       		.uleb128 0x11
 2483 0989 A9040000 		.4byte	.LASF126
ARM GAS  C:\Users\DEVELO~1\AppData\Local\Temp\ccVnb1zc.s 			page 45


 2484 098d 10       		.byte	0x10
 2485 098e 0A       		.byte	0xa
 2486 098f 5C01     		.2byte	0x15c
 2487 0991 10       		.byte	0x10
 2488 0992 B3090000 		.4byte	0x9b3
 2489 0996 01       		.uleb128 0x1
 2490 0997 F6070000 		.4byte	.LASF116
 2491 099b 0A       		.byte	0xa
 2492 099c 6101     		.2byte	0x161
 2493 099e 21       		.byte	0x21
 2494 099f 05040000 		.4byte	0x405
 2495 09a3 00       		.byte	0
 2496 09a4 01       		.uleb128 0x1
 2497 09a5 CB050000 		.4byte	.LASF127
 2498 09a9 0A       		.byte	0xa
 2499 09aa 6501     		.2byte	0x165
 2500 09ac 22       		.byte	0x22
 2501 09ad B5040000 		.4byte	0x4b5
 2502 09b1 0C       		.byte	0xc
 2503 09b2 00       		.byte	0
 2504 09b3 0B       		.uleb128 0xb
 2505 09b4 1B000000 		.4byte	.LASF128
 2506 09b8 0A       		.byte	0xa
 2507 09b9 6601     		.2byte	0x166
 2508 09bb 03       		.byte	0x3
 2509 09bc 88090000 		.4byte	0x988
 2510 09c0 11       		.uleb128 0x11
 2511 09c1 92050000 		.4byte	.LASF129
 2512 09c5 14       		.byte	0x14
 2513 09c6 0A       		.byte	0xa
 2514 09c7 6B01     		.2byte	0x16b
 2515 09c9 10       		.byte	0x10
 2516 09ca 150A0000 		.4byte	0xa15
 2517 09ce 01       		.uleb128 0x1
 2518 09cf F8030000 		.4byte	.LASF34
 2519 09d3 0A       		.byte	0xa
 2520 09d4 6F01     		.2byte	0x16f
 2521 09d6 22       		.byte	0x22
 2522 09d7 55030000 		.4byte	0x355
 2523 09db 00       		.byte	0
 2524 09dc 01       		.uleb128 0x1
 2525 09dd 22030000 		.4byte	.LASF130
 2526 09e1 0A       		.byte	0xa
 2527 09e2 7501     		.2byte	0x175
 2528 09e4 22       		.byte	0x22
 2529 09e5 83090000 		.4byte	0x983
 2530 09e9 04       		.byte	0x4
 2531 09ea 01       		.uleb128 0x1
 2532 09eb 68080000 		.4byte	.LASF131
 2533 09ef 0A       		.byte	0xa
 2534 09f0 7901     		.2byte	0x179
 2535 09f2 22       		.byte	0x22
 2536 09f3 83090000 		.4byte	0x983
 2537 09f7 08       		.byte	0x8
 2538 09f8 01       		.uleb128 0x1
 2539 09f9 48000000 		.4byte	.LASF132
 2540 09fd 0A       		.byte	0xa
ARM GAS  C:\Users\DEVELO~1\AppData\Local\Temp\ccVnb1zc.s 			page 46


 2541 09fe 7F01     		.2byte	0x17f
 2542 0a00 22       		.byte	0x22
 2543 0a01 83090000 		.4byte	0x983
 2544 0a05 0C       		.byte	0xc
 2545 0a06 01       		.uleb128 0x1
 2546 0a07 31090000 		.4byte	.LASF133
 2547 0a0b 0A       		.byte	0xa
 2548 0a0c 8301     		.2byte	0x183
 2549 0a0e 22       		.byte	0x22
 2550 0a0f 83090000 		.4byte	0x983
 2551 0a13 10       		.byte	0x10
 2552 0a14 00       		.byte	0
 2553 0a15 0B       		.uleb128 0xb
 2554 0a16 96080000 		.4byte	.LASF134
 2555 0a1a 0A       		.byte	0xa
 2556 0a1b 8501     		.2byte	0x185
 2557 0a1d 03       		.byte	0x3
 2558 0a1e C0090000 		.4byte	0x9c0
 2559 0a22 0D       		.uleb128 0xd
 2560 0a23 150A0000 		.4byte	0xa15
 2561 0a27 04       		.uleb128 0x4
 2562 0a28 220A0000 		.4byte	0xa22
 2563 0a2c 02       		.uleb128 0x2
 2564 0a2d 5C010000 		.4byte	.LASF135
 2565 0a31 12       		.byte	0x12
 2566 0a32 34       		.byte	0x34
 2567 0a33 19       		.byte	0x19
 2568 0a34 44090000 		.4byte	0x944
 2569 0a38 04       		.uleb128 0x4
 2570 0a39 2C0A0000 		.4byte	0xa2c
 2571 0a3d 08       		.uleb128 0x8
 2572 0a3e 01       		.byte	0x1
 2573 0a3f 02       		.byte	0x2
 2574 0a40 7E060000 		.4byte	.LASF136
 2575 0a44 04       		.uleb128 0x4
 2576 0a45 BB000000 		.4byte	0xbb
 2577 0a49 17       		.uleb128 0x17
 2578 0a4a 10       		.byte	0x10
 2579 0a4b 13       		.byte	0x13
 2580 0a4c A701     		.2byte	0x1a7
 2581 0a4e A70A0000 		.4byte	0xaa7
 2582 0a52 01       		.uleb128 0x1
 2583 0a53 51070000 		.4byte	.LASF137
 2584 0a57 13       		.byte	0x13
 2585 0a58 A801     		.2byte	0x1a8
 2586 0a5a 1A       		.byte	0x1a
 2587 0a5b A70A0000 		.4byte	0xaa7
 2588 0a5f 00       		.byte	0
 2589 0a60 01       		.uleb128 0x1
 2590 0a61 F7050000 		.4byte	.LASF138
 2591 0a65 13       		.byte	0x13
 2592 0a66 A901     		.2byte	0x1a9
 2593 0a68 1A       		.byte	0x1a
 2594 0a69 AC0A0000 		.4byte	0xaac
 2595 0a6d 04       		.byte	0x4
 2596 0a6e 05       		.uleb128 0x5
 2597 0a6f 6D757800 		.ascii	"mux\000"
ARM GAS  C:\Users\DEVELO~1\AppData\Local\Temp\ccVnb1zc.s 			page 47


 2598 0a73 13       		.byte	0x13
 2599 0a74 AB01     		.2byte	0x1ab
 2600 0a76 1B       		.byte	0x1b
 2601 0a77 B10A0000 		.4byte	0xab1
 2602 0a7b 08       		.byte	0x8
 2603 0a7c 01       		.uleb128 0x1
 2604 0a7d E4020000 		.4byte	.LASF139
 2605 0a81 13       		.byte	0x13
 2606 0a82 AF01     		.2byte	0x1af
 2607 0a84 19       		.byte	0x19
 2608 0a85 BB000000 		.4byte	0xbb
 2609 0a89 0C       		.byte	0xc
 2610 0a8a 01       		.uleb128 0x1
 2611 0a8b 04030000 		.4byte	.LASF140
 2612 0a8f 13       		.byte	0x13
 2613 0a90 B101     		.2byte	0x1b1
 2614 0a92 19       		.byte	0x19
 2615 0a93 BB000000 		.4byte	0xbb
 2616 0a97 0D       		.byte	0xd
 2617 0a98 01       		.uleb128 0x1
 2618 0a99 0F010000 		.4byte	.LASF141
 2619 0a9d 13       		.byte	0x13
 2620 0a9e B201     		.2byte	0x1b2
 2621 0aa0 19       		.byte	0x19
 2622 0aa1 BB000000 		.4byte	0xbb
 2623 0aa5 0E       		.byte	0xe
 2624 0aa6 00       		.byte	0
 2625 0aa7 04       		.uleb128 0x4
 2626 0aa8 7E060000 		.4byte	0x67e
 2627 0aac 04       		.uleb128 0x4
 2628 0aad F0000000 		.4byte	0xf0
 2629 0ab1 04       		.uleb128 0x4
 2630 0ab2 A3060000 		.4byte	0x6a3
 2631 0ab6 0B       		.uleb128 0xb
 2632 0ab7 2E060000 		.4byte	.LASF142
 2633 0abb 13       		.byte	0x13
 2634 0abc B301     		.2byte	0x1b3
 2635 0abe 03       		.byte	0x3
 2636 0abf 490A0000 		.4byte	0xa49
 2637 0ac3 0D       		.uleb128 0xd
 2638 0ac4 B60A0000 		.4byte	0xab6
 2639 0ac8 09       		.uleb128 0x9
 2640 0ac9 96070000 		.4byte	.LASF143
 2641 0acd 14       		.byte	0x14
 2642 0ace 14       		.byte	0x14
 2643 0acf 4F       		.byte	0x4f
 2644 0ad0 08       		.byte	0x8
 2645 0ad1 170B0000 		.4byte	0xb17
 2646 0ad5 03       		.uleb128 0x3
 2647 0ad6 0D090000 		.4byte	.LASF144
 2648 0ada 14       		.byte	0x14
 2649 0adb 50       		.byte	0x50
 2650 0adc 03       		.byte	0x3
 2651 0add 2D000000 		.4byte	0x2d
 2652 0ae1 00       		.byte	0
 2653 0ae2 03       		.uleb128 0x3
 2654 0ae3 18050000 		.4byte	.LASF145
ARM GAS  C:\Users\DEVELO~1\AppData\Local\Temp\ccVnb1zc.s 			page 48


 2655 0ae7 14       		.byte	0x14
 2656 0ae8 50       		.byte	0x50
 2657 0ae9 03       		.byte	0x3
 2658 0aea 3A0B0000 		.4byte	0xb3a
 2659 0aee 04       		.byte	0x4
 2660 0aef 03       		.uleb128 0x3
 2661 0af0 E7080000 		.4byte	.LASF146
 2662 0af4 14       		.byte	0x14
 2663 0af5 50       		.byte	0x50
 2664 0af6 03       		.byte	0x3
 2665 0af7 580B0000 		.4byte	0xb58
 2666 0afb 08       		.byte	0x8
 2667 0afc 07       		.uleb128 0x7
 2668 0afd 70757400 		.ascii	"put\000"
 2669 0b01 14       		.byte	0x14
 2670 0b02 50       		.byte	0x50
 2671 0b03 03       		.byte	0x3
 2672 0b04 710B0000 		.4byte	0xb71
 2673 0b08 0C       		.byte	0xc
 2674 0b09 07       		.uleb128 0x7
 2675 0b0a 67657400 		.ascii	"get\000"
 2676 0b0e 14       		.byte	0x14
 2677 0b0f 50       		.byte	0x50
 2678 0b10 03       		.byte	0x3
 2679 0b11 850B0000 		.4byte	0xb85
 2680 0b15 10       		.byte	0x10
 2681 0b16 00       		.byte	0
 2682 0b17 0D       		.uleb128 0xd
 2683 0b18 C80A0000 		.4byte	0xac8
 2684 0b1c 18       		.uleb128 0x18
 2685 0b1d 2D000000 		.4byte	0x2d
 2686 0b21 350B0000 		.4byte	0xb35
 2687 0b25 06       		.uleb128 0x6
 2688 0b26 BA040000 		.4byte	0x4ba
 2689 0b2a 06       		.uleb128 0x6
 2690 0b2b 350B0000 		.4byte	0xb35
 2691 0b2f 06       		.uleb128 0x6
 2692 0b30 2D000000 		.4byte	0x2d
 2693 0b34 00       		.byte	0
 2694 0b35 04       		.uleb128 0x4
 2695 0b36 C7000000 		.4byte	0xc7
 2696 0b3a 04       		.uleb128 0x4
 2697 0b3b 1C0B0000 		.4byte	0xb1c
 2698 0b3f 18       		.uleb128 0x18
 2699 0b40 2D000000 		.4byte	0x2d
 2700 0b44 580B0000 		.4byte	0xb58
 2701 0b48 06       		.uleb128 0x6
 2702 0b49 BA040000 		.4byte	0x4ba
 2703 0b4d 06       		.uleb128 0x6
 2704 0b4e 440A0000 		.4byte	0xa44
 2705 0b52 06       		.uleb128 0x6
 2706 0b53 2D000000 		.4byte	0x2d
 2707 0b57 00       		.byte	0
 2708 0b58 04       		.uleb128 0x4
 2709 0b59 3F0B0000 		.4byte	0xb3f
 2710 0b5d 18       		.uleb128 0x18
 2711 0b5e 4E010000 		.4byte	0x14e
ARM GAS  C:\Users\DEVELO~1\AppData\Local\Temp\ccVnb1zc.s 			page 49


 2712 0b62 710B0000 		.4byte	0xb71
 2713 0b66 06       		.uleb128 0x6
 2714 0b67 BA040000 		.4byte	0x4ba
 2715 0b6b 06       		.uleb128 0x6
 2716 0b6c BB000000 		.4byte	0xbb
 2717 0b70 00       		.byte	0
 2718 0b71 04       		.uleb128 0x4
 2719 0b72 5D0B0000 		.4byte	0xb5d
 2720 0b76 18       		.uleb128 0x18
 2721 0b77 4E010000 		.4byte	0x14e
 2722 0b7b 850B0000 		.4byte	0xb85
 2723 0b7f 06       		.uleb128 0x6
 2724 0b80 BA040000 		.4byte	0x4ba
 2725 0b84 00       		.byte	0
 2726 0b85 04       		.uleb128 0x4
 2727 0b86 760B0000 		.4byte	0xb76
 2728 0b8a 0F       		.uleb128 0xf
 2729 0b8b 04       		.byte	0x4
 2730 0b8c 14       		.byte	0x14
 2731 0b8d 5A       		.byte	0x5a
 2732 0b8e 09       		.byte	0x9
 2733 0b8f A10B0000 		.4byte	0xba1
 2734 0b93 07       		.uleb128 0x7
 2735 0b94 766D7400 		.ascii	"vmt\000"
 2736 0b98 14       		.byte	0x14
 2737 0b99 5C       		.byte	0x5c
 2738 0b9a 29       		.byte	0x29
 2739 0b9b A10B0000 		.4byte	0xba1
 2740 0b9f 00       		.byte	0
 2741 0ba0 00       		.byte	0
 2742 0ba1 04       		.uleb128 0x4
 2743 0ba2 170B0000 		.4byte	0xb17
 2744 0ba6 02       		.uleb128 0x2
 2745 0ba7 4E030000 		.4byte	.LASF147
 2746 0bab 14       		.byte	0x14
 2747 0bac 5E       		.byte	0x5e
 2748 0bad 03       		.byte	0x3
 2749 0bae 8A0B0000 		.4byte	0xb8a
 2750 0bb2 04       		.uleb128 0x4
 2751 0bb3 C30A0000 		.4byte	0xac3
 2752 0bb7 28       		.uleb128 0x28
 2753 0bb8 07       		.byte	0x7
 2754 0bb9 01       		.byte	0x1
 2755 0bba 61000000 		.4byte	0x61
 2756 0bbe 15       		.byte	0x15
 2757 0bbf 54       		.byte	0x54
 2758 0bc0 0E       		.byte	0xe
 2759 0bc1 EA0B0000 		.4byte	0xbea
 2760 0bc5 13       		.uleb128 0x13
 2761 0bc6 AE060000 		.4byte	.LASF148
 2762 0bca 00       		.byte	0
 2763 0bcb 13       		.uleb128 0x13
 2764 0bcc 33050000 		.4byte	.LASF149
 2765 0bd0 01       		.byte	0x1
 2766 0bd1 13       		.uleb128 0x13
 2767 0bd2 34010000 		.4byte	.LASF150
 2768 0bd6 02       		.byte	0x2
ARM GAS  C:\Users\DEVELO~1\AppData\Local\Temp\ccVnb1zc.s 			page 50


 2769 0bd7 13       		.uleb128 0x13
 2770 0bd8 49060000 		.4byte	.LASF151
 2771 0bdc 03       		.byte	0x3
 2772 0bdd 13       		.uleb128 0x13
 2773 0bde 5E070000 		.4byte	.LASF152
 2774 0be2 04       		.byte	0x4
 2775 0be3 13       		.uleb128 0x13
 2776 0be4 08070000 		.4byte	.LASF153
 2777 0be8 05       		.byte	0x5
 2778 0be9 00       		.byte	0
 2779 0bea 02       		.uleb128 0x2
 2780 0beb 0E060000 		.4byte	.LASF154
 2781 0bef 15       		.byte	0x15
 2782 0bf0 5B       		.byte	0x5b
 2783 0bf1 03       		.byte	0x3
 2784 0bf2 B70B0000 		.4byte	0xbb7
 2785 0bf6 0B       		.uleb128 0xb
 2786 0bf7 77020000 		.4byte	.LASF155
 2787 0bfb 16       		.byte	0x16
 2788 0bfc DA01     		.2byte	0x1da
 2789 0bfe 12       		.byte	0x12
 2790 0bff CC000000 		.4byte	0xcc
 2791 0c03 0B       		.uleb128 0xb
 2792 0c04 5C060000 		.4byte	.LASF156
 2793 0c08 16       		.byte	0x16
 2794 0c09 DF01     		.2byte	0x1df
 2795 0c0b 12       		.byte	0x12
 2796 0c0c E4000000 		.4byte	0xe4
 2797 0c10 11       		.uleb128 0x11
 2798 0c11 E7070000 		.4byte	.LASF157
 2799 0c15 0C       		.byte	0xc
 2800 0c16 16       		.byte	0x16
 2801 0c17 E401     		.2byte	0x1e4
 2802 0c19 08       		.byte	0x8
 2803 0c1a 490C0000 		.4byte	0xc49
 2804 0c1e 01       		.uleb128 0x1
 2805 0c1f 34000000 		.4byte	.LASF158
 2806 0c23 16       		.byte	0x16
 2807 0c24 EA01     		.2byte	0x1ea
 2808 0c26 13       		.byte	0x13
 2809 0c27 E4000000 		.4byte	0xe4
 2810 0c2b 00       		.byte	0
 2811 0c2c 05       		.uleb128 0x5
 2812 0c2d 63723100 		.ascii	"cr1\000"
 2813 0c31 16       		.byte	0x16
 2814 0c32 EF01     		.2byte	0x1ef
 2815 0c34 13       		.byte	0x13
 2816 0c35 E4000000 		.4byte	0xe4
 2817 0c39 04       		.byte	0x4
 2818 0c3a 05       		.uleb128 0x5
 2819 0c3b 63723200 		.ascii	"cr2\000"
 2820 0c3f 16       		.byte	0x16
 2821 0c40 F401     		.2byte	0x1f4
 2822 0c42 13       		.byte	0x13
 2823 0c43 E4000000 		.4byte	0xe4
 2824 0c47 08       		.byte	0x8
 2825 0c48 00       		.byte	0
ARM GAS  C:\Users\DEVELO~1\AppData\Local\Temp\ccVnb1zc.s 			page 51


 2826 0c49 0B       		.uleb128 0xb
 2827 0c4a BF020000 		.4byte	.LASF159
 2828 0c4e 16       		.byte	0x16
 2829 0c4f FA01     		.2byte	0x1fa
 2830 0c51 1F       		.byte	0x1f
 2831 0c52 100C0000 		.4byte	0xc10
 2832 0c56 0D       		.uleb128 0xd
 2833 0c57 490C0000 		.4byte	0xc49
 2834 0c5b 0B       		.uleb128 0xb
 2835 0c5c 16080000 		.4byte	.LASF160
 2836 0c60 16       		.byte	0x16
 2837 0c61 FF01     		.2byte	0x1ff
 2838 0c63 1F       		.byte	0x1f
 2839 0c64 680C0000 		.4byte	0xc68
 2840 0c68 11       		.uleb128 0x11
 2841 0c69 22090000 		.4byte	.LASF161
 2842 0c6d 3C       		.byte	0x3c
 2843 0c6e 16       		.byte	0x16
 2844 0c6f 0402     		.2byte	0x204
 2845 0c71 08       		.byte	0x8
 2846 0c72 1D0D0000 		.4byte	0xd1d
 2847 0c76 01       		.uleb128 0x1
 2848 0c77 81020000 		.4byte	.LASF36
 2849 0c7b 16       		.byte	0x16
 2850 0c7c 0802     		.2byte	0x208
 2851 0c7e 1D       		.byte	0x1d
 2852 0c7f EA0B0000 		.4byte	0xbea
 2853 0c83 00       		.byte	0
 2854 0c84 01       		.uleb128 0x1
 2855 0c85 84070000 		.4byte	.LASF53
 2856 0c89 16       		.byte	0x16
 2857 0c8a 0C02     		.2byte	0x20c
 2858 0c8c 1E       		.byte	0x1e
 2859 0c8d 430D0000 		.4byte	0xd43
 2860 0c91 04       		.byte	0x4
 2861 0c92 01       		.uleb128 0x1
 2862 0c93 A1030000 		.4byte	.LASF162
 2863 0c97 16       		.byte	0x16
 2864 0c98 1002     		.2byte	0x210
 2865 0c9a 1D       		.byte	0x1d
 2866 0c9b 030C0000 		.4byte	0xc03
 2867 0c9f 08       		.byte	0x8
 2868 0ca0 01       		.uleb128 0x1
 2869 0ca1 87020000 		.4byte	.LASF163
 2870 0ca5 16       		.byte	0x16
 2871 0ca6 1202     		.2byte	0x212
 2872 0ca8 1D       		.byte	0x1d
 2873 0ca9 2C0A0000 		.4byte	0xa2c
 2874 0cad 0C       		.byte	0xc
 2875 0cae 01       		.uleb128 0x1
 2876 0caf 67060000 		.4byte	.LASF164
 2877 0cb3 16       		.byte	0x16
 2878 0cb4 1B02     		.2byte	0x21b
 2879 0cb6 1D       		.byte	0x1d
 2880 0cb7 70080000 		.4byte	0x870
 2881 0cbb 1C       		.byte	0x1c
 2882 0cbc 01       		.uleb128 0x1
ARM GAS  C:\Users\DEVELO~1\AppData\Local\Temp\ccVnb1zc.s 			page 52


 2883 0cbd 4E090000 		.4byte	.LASF165
 2884 0cc1 16       		.byte	0x16
 2885 0cc2 1F02     		.2byte	0x21f
 2886 0cc4 1D       		.byte	0x1d
 2887 0cc5 2D000000 		.4byte	0x2d
 2888 0cc9 20       		.byte	0x20
 2889 0cca 01       		.uleb128 0x1
 2890 0ccb 83050000 		.4byte	.LASF166
 2891 0ccf 16       		.byte	0x16
 2892 0cd0 2302     		.2byte	0x223
 2893 0cd2 1D       		.byte	0x1d
 2894 0cd3 2D000000 		.4byte	0x2d
 2895 0cd7 24       		.byte	0x24
 2896 0cd8 01       		.uleb128 0x1
 2897 0cd9 EA020000 		.4byte	.LASF167
 2898 0cdd 16       		.byte	0x16
 2899 0cde 2802     		.2byte	0x228
 2900 0ce0 1D       		.byte	0x1d
 2901 0ce1 E4000000 		.4byte	0xe4
 2902 0ce5 28       		.byte	0x28
 2903 0ce6 01       		.uleb128 0x1
 2904 0ce7 A8050000 		.4byte	.LASF168
 2905 0ceb 16       		.byte	0x16
 2906 0cec 2C02     		.2byte	0x22c
 2907 0cee 1D       		.byte	0x1d
 2908 0cef E4000000 		.4byte	0xe4
 2909 0cf3 2C       		.byte	0x2c
 2910 0cf4 05       		.uleb128 0x5
 2911 0cf5 727800   		.ascii	"rx\000"
 2912 0cf8 16       		.byte	0x16
 2913 0cf9 4502     		.2byte	0x245
 2914 0cfb 05       		.byte	0x5
 2915 0cfc 1D0D0000 		.4byte	0xd1d
 2916 0d00 30       		.byte	0x30
 2917 0d01 05       		.uleb128 0x5
 2918 0d02 747800   		.ascii	"tx\000"
 2919 0d05 16       		.byte	0x16
 2920 0d06 5802     		.2byte	0x258
 2921 0d08 05       		.byte	0x5
 2922 0d09 300D0000 		.4byte	0xd30
 2923 0d0d 34       		.byte	0x34
 2924 0d0e 05       		.uleb128 0x5
 2925 0d0f 69326300 		.ascii	"i2c\000"
 2926 0d13 16       		.byte	0x16
 2927 0d14 6602     		.2byte	0x266
 2928 0d16 1E       		.byte	0x1e
 2929 0d17 480D0000 		.4byte	0xd48
 2930 0d1b 38       		.byte	0x38
 2931 0d1c 00       		.byte	0
 2932 0d1d 20       		.uleb128 0x20
 2933 0d1e 3602     		.2byte	0x236
 2934 0d20 300D0000 		.4byte	0xd30
 2935 0d24 21       		.uleb128 0x21
 2936 0d25 646D6100 		.ascii	"dma\000"
 2937 0d29 3B02     		.2byte	0x23b
 2938 0d2b B20B0000 		.4byte	0xbb2
 2939 0d2f 00       		.byte	0
ARM GAS  C:\Users\DEVELO~1\AppData\Local\Temp\ccVnb1zc.s 			page 53


 2940 0d30 20       		.uleb128 0x20
 2941 0d31 4902     		.2byte	0x249
 2942 0d33 430D0000 		.4byte	0xd43
 2943 0d37 21       		.uleb128 0x21
 2944 0d38 646D6100 		.ascii	"dma\000"
 2945 0d3c 4E02     		.2byte	0x24e
 2946 0d3e B20B0000 		.4byte	0xbb2
 2947 0d42 00       		.byte	0
 2948 0d43 04       		.uleb128 0x4
 2949 0d44 560C0000 		.4byte	0xc56
 2950 0d48 04       		.uleb128 0x4
 2951 0d49 54070000 		.4byte	0x754
 2952 0d4d 29       		.uleb128 0x29
 2953 0d4e 58070000 		.4byte	.LASF198
 2954 0d52 16       		.byte	0x16
 2955 0d53 8F02     		.2byte	0x28f
 2956 0d55 12       		.byte	0x12
 2957 0d56 5B0C0000 		.4byte	0xc5b
 2958 0d5a 0A       		.uleb128 0xa
 2959 0d5b C2060000 		.4byte	.LASF169
 2960 0d5f 35       		.byte	0x35
 2961 0d60 13       		.byte	0x13
 2962 0d61 6B0D0000 		.4byte	0xd6b
 2963 0d65 05       		.uleb128 0x5
 2964 0d66 03       		.byte	0x3
 2965 0d67 00000000 		.4byte	audio_i2c
 2966 0d6b 04       		.uleb128 0x4
 2967 0d6c 5B0C0000 		.4byte	0xc5b
 2968 0d70 0A       		.uleb128 0xa
 2969 0d71 9A060000 		.4byte	.LASF170
 2970 0d75 36       		.byte	0x36
 2971 0d76 1E       		.byte	0x1e
 2972 0d77 810D0000 		.4byte	0xd81
 2973 0d7b 05       		.uleb128 0x5
 2974 0d7c 03       		.byte	0x3
 2975 0d7d 00000000 		.4byte	adau1979_log
 2976 0d81 04       		.uleb128 0x4
 2977 0d82 A60B0000 		.4byte	0xba6
 2978 0d86 1D       		.uleb128 0x1d
 2979 0d87 C7000000 		.4byte	0xc7
 2980 0d8b 960D0000 		.4byte	0xd96
 2981 0d8f 1E       		.uleb128 0x1e
 2982 0d90 39000000 		.4byte	0x39
 2983 0d94 01       		.byte	0x1
 2984 0d95 00       		.byte	0
 2985 0d96 0D       		.uleb128 0xd
 2986 0d97 860D0000 		.4byte	0xd86
 2987 0d9b 0A       		.uleb128 0xa
 2988 0d9c 51040000 		.4byte	.LASF171
 2989 0da0 37       		.byte	0x37
 2990 0da1 16       		.byte	0x16
 2991 0da2 960D0000 		.4byte	0xd96
 2992 0da6 05       		.uleb128 0x5
 2993 0da7 03       		.byte	0x3
 2994 0da8 00000000 		.4byte	adau1979_addresses
 2995 0dac 0A       		.uleb128 0xa
 2996 0dad FD070000 		.4byte	.LASF172
ARM GAS  C:\Users\DEVELO~1\AppData\Local\Temp\ccVnb1zc.s 			page 54


 2997 0db1 3C       		.byte	0x3c
 2998 0db2 18       		.byte	0x18
 2999 0db3 560C0000 		.4byte	0xc56
 3000 0db7 05       		.uleb128 0x5
 3001 0db8 03       		.byte	0x3
 3002 0db9 00000000 		.4byte	adau1979_default_i2c_cfg
 3003 0dbd 1F       		.uleb128 0x1f
 3004 0dbe FD000000 		.4byte	.LASF173
 3005 0dc2 15       		.byte	0x15
 3006 0dc3 B2       		.byte	0xb2
 3007 0dc4 09       		.byte	0x9
 3008 0dc5 4E010000 		.4byte	0x14e
 3009 0dc9 D80D0000 		.4byte	0xdd8
 3010 0dcd 06       		.uleb128 0x6
 3011 0dce 6B0D0000 		.4byte	0xd6b
 3012 0dd2 06       		.uleb128 0x6
 3013 0dd3 430D0000 		.4byte	0xd43
 3014 0dd7 00       		.byte	0
 3015 0dd8 2A       		.uleb128 0x2a
 3016 0dd9 DE060000 		.4byte	.LASF199
 3017 0ddd 18       		.byte	0x18
 3018 0dde 4B       		.byte	0x4b
 3019 0ddf 0D       		.byte	0xd
 3020 0de0 77030000 		.4byte	0x377
 3021 0de4 2B       		.uleb128 0x2b
 3022 0de5 AB080000 		.4byte	.LASF200
 3023 0de9 19       		.byte	0x19
 3024 0dea 4201     		.2byte	0x142
 3025 0dec 08       		.byte	0x8
 3026 0ded F70D0000 		.4byte	0xdf7
 3027 0df1 06       		.uleb128 0x6
 3028 0df2 88030000 		.4byte	0x388
 3029 0df6 00       		.byte	0
 3030 0df7 1F       		.uleb128 0x1f
 3031 0df8 6D090000 		.4byte	.LASF174
 3032 0dfc 17       		.byte	0x17
 3033 0dfd 2B       		.byte	0x2b
 3034 0dfe 07       		.byte	0x7
 3035 0dff 26000000 		.4byte	0x26
 3036 0e03 130E0000 		.4byte	0xe13
 3037 0e07 06       		.uleb128 0x6
 3038 0e08 810D0000 		.4byte	0xd81
 3039 0e0c 06       		.uleb128 0x6
 3040 0e0d 55030000 		.4byte	0x355
 3041 0e11 2C       		.uleb128 0x2c
 3042 0e12 00       		.byte	0
 3043 0e13 1F       		.uleb128 0x1f
 3044 0e14 3E010000 		.4byte	.LASF175
 3045 0e18 15       		.byte	0x15
 3046 0e19 B5       		.byte	0xb5
 3047 0e1a 09       		.byte	0x9
 3048 0e1b 4E010000 		.4byte	0x14e
 3049 0e1f 470E0000 		.4byte	0xe47
 3050 0e23 06       		.uleb128 0x6
 3051 0e24 6B0D0000 		.4byte	0xd6b
 3052 0e28 06       		.uleb128 0x6
 3053 0e29 F60B0000 		.4byte	0xbf6
ARM GAS  C:\Users\DEVELO~1\AppData\Local\Temp\ccVnb1zc.s 			page 55


 3054 0e2d 06       		.uleb128 0x6
 3055 0e2e 350B0000 		.4byte	0xb35
 3056 0e32 06       		.uleb128 0x6
 3057 0e33 2D000000 		.4byte	0x2d
 3058 0e37 06       		.uleb128 0x6
 3059 0e38 440A0000 		.4byte	0xa44
 3060 0e3c 06       		.uleb128 0x6
 3061 0e3d 2D000000 		.4byte	0x2d
 3062 0e41 06       		.uleb128 0x6
 3063 0e42 88030000 		.4byte	0x388
 3064 0e46 00       		.byte	0
 3065 0e47 2D       		.uleb128 0x2d
 3066 0e48 E3040000 		.4byte	.LASF176
 3067 0e4c 04       		.byte	0x4
 3068 0e4d ED       		.byte	0xed
 3069 0e4e 06       		.byte	0x6
 3070 0e4f 00000000 		.4byte	.LFB440
 3071 0e53 1C000000 		.4byte	.LFE440-.LFB440
 3072 0e57 01       		.uleb128 0x1
 3073 0e58 9C       		.byte	0x9c
 3074 0e59 6C0E0000 		.4byte	0xe6c
 3075 0e5d 16       		.uleb128 0x16
 3076 0e5e 63687000 		.ascii	"chp\000"
 3077 0e62 ED       		.byte	0xed
 3078 0e63 34       		.byte	0x34
 3079 0e64 810D0000 		.4byte	0xd81
 3080 0e68 02       		.uleb128 0x2
 3081 0e69 91       		.byte	0x91
 3082 0e6a 74       		.sleb128 -12
 3083 0e6b 00       		.byte	0
 3084 0e6c 2E       		.uleb128 0x2e
 3085 0e6d 78040000 		.4byte	.LASF177
 3086 0e71 04       		.byte	0x4
 3087 0e72 DB       		.byte	0xdb
 3088 0e73 06       		.byte	0x6
 3089 0e74 00000000 		.4byte	.LFB439
 3090 0e78 AC000000 		.4byte	.LFE439-.LFB439
 3091 0e7c 01       		.uleb128 0x1
 3092 0e7d 9C       		.byte	0x9c
 3093 0e7e BE0E0000 		.4byte	0xebe
 3094 0e82 16       		.uleb128 0x16
 3095 0e83 656E00   		.ascii	"en\000"
 3096 0e86 DB       		.byte	0xdb
 3097 0e87 19       		.byte	0x19
 3098 0e88 3D0A0000 		.4byte	0xa3d
 3099 0e8c 02       		.uleb128 0x2
 3100 0e8d 91       		.byte	0x91
 3101 0e8e 6F       		.sleb128 -17
 3102 0e8f 0E       		.uleb128 0xe
 3103 0e90 2A000000 		.4byte	.LBB8
 3104 0e94 62000000 		.4byte	.LBE8-.LBB8
 3105 0e98 0C       		.uleb128 0xc
 3106 0e99 6900     		.ascii	"i\000"
 3107 0e9b DF       		.byte	0xdf
 3108 0e9c 11       		.byte	0x11
 3109 0e9d 2D000000 		.4byte	0x2d
 3110 0ea1 02       		.uleb128 0x2
ARM GAS  C:\Users\DEVELO~1\AppData\Local\Temp\ccVnb1zc.s 			page 56


 3111 0ea2 91       		.byte	0x91
 3112 0ea3 74       		.sleb128 -12
 3113 0ea4 0E       		.uleb128 0xe
 3114 0ea5 30000000 		.4byte	.LBB9
 3115 0ea9 50000000 		.4byte	.LBE9-.LBB9
 3116 0ead 0A       		.uleb128 0xa
 3117 0eae 20080000 		.4byte	.LASF178
 3118 0eb2 E0       		.byte	0xe0
 3119 0eb3 11       		.byte	0x11
 3120 0eb4 BB000000 		.4byte	0xbb
 3121 0eb8 02       		.uleb128 0x2
 3122 0eb9 91       		.byte	0x91
 3123 0eba 73       		.sleb128 -13
 3124 0ebb 00       		.byte	0
 3125 0ebc 00       		.byte	0
 3126 0ebd 00       		.byte	0
 3127 0ebe 2F       		.uleb128 0x2f
 3128 0ebf D0010000 		.4byte	.LASF201
 3129 0ec3 04       		.byte	0x4
 3130 0ec4 A3       		.byte	0xa3
 3131 0ec5 07       		.byte	0x7
 3132 0ec6 4E010000 		.4byte	0x14e
 3133 0eca 00000000 		.4byte	.LFB438
 3134 0ece 80010000 		.4byte	.LFE438-.LFB438
 3135 0ed2 01       		.uleb128 0x1
 3136 0ed3 9C       		.byte	0x9c
 3137 0ed4 E60E0000 		.4byte	0xee6
 3138 0ed8 0C       		.uleb128 0xc
 3139 0ed9 737400   		.ascii	"st\000"
 3140 0edc A8       		.byte	0xa8
 3141 0edd 0B       		.byte	0xb
 3142 0ede 4E010000 		.4byte	0x14e
 3143 0ee2 02       		.uleb128 0x2
 3144 0ee3 91       		.byte	0x91
 3145 0ee4 74       		.sleb128 -12
 3146 0ee5 00       		.byte	0
 3147 0ee6 30       		.uleb128 0x30
 3148 0ee7 FA060000 		.4byte	.LASF202
 3149 0eeb 04       		.byte	0x4
 3150 0eec 99       		.byte	0x99
 3151 0eed 07       		.byte	0x7
 3152 0eee 4E010000 		.4byte	0x14e
 3153 0ef2 00000000 		.4byte	.LFB437
 3154 0ef6 48000000 		.4byte	.LFE437-.LFB437
 3155 0efa 01       		.uleb128 0x1
 3156 0efb 9C       		.byte	0x9c
 3157 0efc 14       		.uleb128 0x14
 3158 0efd DE050000 		.4byte	.LASF183
 3159 0f01 04       		.byte	0x4
 3160 0f02 78       		.byte	0x78
 3161 0f03 0E       		.byte	0xe
 3162 0f04 4E010000 		.4byte	0x14e
 3163 0f08 00000000 		.4byte	.LFB436
 3164 0f0c 88000000 		.4byte	.LFE436-.LFB436
 3165 0f10 01       		.uleb128 0x1
 3166 0f11 9C       		.byte	0x9c
 3167 0f12 860F0000 		.4byte	0xf86
ARM GAS  C:\Users\DEVELO~1\AppData\Local\Temp\ccVnb1zc.s 			page 57


 3168 0f16 0A       		.uleb128 0xa
 3169 0f17 07090000 		.4byte	.LASF179
 3170 0f1b 79       		.byte	0x79
 3171 0f1c 0F       		.byte	0xf
 3172 0f1d 77030000 		.4byte	0x377
 3173 0f21 02       		.uleb128 0x2
 3174 0f22 91       		.byte	0x91
 3175 0f23 6C       		.sleb128 -20
 3176 0f24 0A       		.uleb128 0xa
 3177 0f25 E4030000 		.4byte	.LASF180
 3178 0f29 7A       		.byte	0x7a
 3179 0f2a 15       		.byte	0x15
 3180 0f2b 83030000 		.4byte	0x383
 3181 0f2f 02       		.uleb128 0x2
 3182 0f30 91       		.byte	0x91
 3183 0f31 68       		.sleb128 -24
 3184 0f32 0E       		.uleb128 0xe
 3185 0f33 10000000 		.4byte	.LBB5
 3186 0f37 6A000000 		.4byte	.LBE5-.LBB5
 3187 0f3b 0A       		.uleb128 0xa
 3188 0f3c 8B050000 		.4byte	.LASF181
 3189 0f40 7D       		.byte	0x7d
 3190 0f41 0E       		.byte	0xe
 3191 0f42 3D0A0000 		.4byte	0xa3d
 3192 0f46 02       		.uleb128 0x2
 3193 0f47 91       		.byte	0x91
 3194 0f48 77       		.sleb128 -9
 3195 0f49 0E       		.uleb128 0xe
 3196 0f4a 14000000 		.4byte	.LBB6
 3197 0f4e 42000000 		.4byte	.LBE6-.LBB6
 3198 0f52 0C       		.uleb128 0xc
 3199 0f53 6900     		.ascii	"i\000"
 3200 0f55 7E       		.byte	0x7e
 3201 0f56 15       		.byte	0x15
 3202 0f57 2D000000 		.4byte	0x2d
 3203 0f5b 02       		.uleb128 0x2
 3204 0f5c 91       		.byte	0x91
 3205 0f5d 70       		.sleb128 -16
 3206 0f5e 0E       		.uleb128 0xe
 3207 0f5f 1A000000 		.4byte	.LBB7
 3208 0f63 30000000 		.4byte	.LBE7-.LBB7
 3209 0f67 0A       		.uleb128 0xa
 3210 0f68 72010000 		.4byte	.LASF182
 3211 0f6c 7F       		.byte	0x7f
 3212 0f6d 15       		.byte	0x15
 3213 0f6e BB000000 		.4byte	0xbb
 3214 0f72 02       		.uleb128 0x2
 3215 0f73 91       		.byte	0x91
 3216 0f74 63       		.sleb128 -29
 3217 0f75 0C       		.uleb128 0xc
 3218 0f76 737400   		.ascii	"st\000"
 3219 0f79 80       		.byte	0x80
 3220 0f7a 13       		.byte	0x13
 3221 0f7b 4E010000 		.4byte	0x14e
 3222 0f7f 02       		.uleb128 0x2
 3223 0f80 91       		.byte	0x91
 3224 0f81 64       		.sleb128 -28
ARM GAS  C:\Users\DEVELO~1\AppData\Local\Temp\ccVnb1zc.s 			page 58


 3225 0f82 00       		.byte	0
 3226 0f83 00       		.byte	0
 3227 0f84 00       		.byte	0
 3228 0f85 00       		.byte	0
 3229 0f86 14       		.uleb128 0x14
 3230 0f87 00000000 		.4byte	.LASF184
 3231 0f8b 04       		.byte	0x4
 3232 0f8c 69       		.byte	0x69
 3233 0f8d 0E       		.byte	0xe
 3234 0f8e 4E010000 		.4byte	0x14e
 3235 0f92 00000000 		.4byte	.LFB435
 3236 0f96 54000000 		.4byte	.LFE435-.LFB435
 3237 0f9a 01       		.uleb128 0x1
 3238 0f9b 9C       		.byte	0x9c
 3239 0f9c DC0F0000 		.4byte	0xfdc
 3240 0fa0 0E       		.uleb128 0xe
 3241 0fa1 06000000 		.4byte	.LBB3
 3242 0fa5 40000000 		.4byte	.LBE3-.LBB3
 3243 0fa9 0C       		.uleb128 0xc
 3244 0faa 6900     		.ascii	"i\000"
 3245 0fac 6A       		.byte	0x6a
 3246 0fad 11       		.byte	0x11
 3247 0fae 2D000000 		.4byte	0x2d
 3248 0fb2 02       		.uleb128 0x2
 3249 0fb3 91       		.byte	0x91
 3250 0fb4 74       		.sleb128 -12
 3251 0fb5 0E       		.uleb128 0xe
 3252 0fb6 0C000000 		.4byte	.LBB4
 3253 0fba 2E000000 		.4byte	.LBE4-.LBB4
 3254 0fbe 0A       		.uleb128 0xa
 3255 0fbf 90080000 		.4byte	.LASF185
 3256 0fc3 6B       		.byte	0x6b
 3257 0fc4 11       		.byte	0x11
 3258 0fc5 BB000000 		.4byte	0xbb
 3259 0fc9 02       		.uleb128 0x2
 3260 0fca 91       		.byte	0x91
 3261 0fcb 6F       		.sleb128 -17
 3262 0fcc 0C       		.uleb128 0xc
 3263 0fcd 737400   		.ascii	"st\000"
 3264 0fd0 6C       		.byte	0x6c
 3265 0fd1 0F       		.byte	0xf
 3266 0fd2 4E010000 		.4byte	0x14e
 3267 0fd6 02       		.uleb128 0x2
 3268 0fd7 91       		.byte	0x91
 3269 0fd8 70       		.sleb128 -16
 3270 0fd9 00       		.byte	0
 3271 0fda 00       		.byte	0
 3272 0fdb 00       		.byte	0
 3273 0fdc 14       		.uleb128 0x14
 3274 0fdd 77080000 		.4byte	.LASF186
 3275 0fe1 04       		.byte	0x4
 3276 0fe2 61       		.byte	0x61
 3277 0fe3 0E       		.byte	0xe
 3278 0fe4 4E010000 		.4byte	0x14e
 3279 0fe8 00000000 		.4byte	.LFB434
 3280 0fec 50000000 		.4byte	.LFE434-.LFB434
 3281 0ff0 01       		.uleb128 0x1
ARM GAS  C:\Users\DEVELO~1\AppData\Local\Temp\ccVnb1zc.s 			page 59


 3282 0ff1 9C       		.byte	0x9c
 3283 0ff2 37100000 		.4byte	0x1037
 3284 0ff6 16       		.uleb128 0x16
 3285 0ff7 72656700 		.ascii	"reg\000"
 3286 0ffb 61       		.byte	0x61
 3287 0ffc 2F       		.byte	0x2f
 3288 0ffd BB000000 		.4byte	0xbb
 3289 1001 02       		.uleb128 0x2
 3290 1002 91       		.byte	0x91
 3291 1003 6F       		.sleb128 -17
 3292 1004 15       		.uleb128 0x15
 3293 1005 48030000 		.4byte	.LASF187
 3294 1009 04       		.byte	0x4
 3295 100a 61       		.byte	0x61
 3296 100b 3C       		.byte	0x3c
 3297 100c BB000000 		.4byte	0xbb
 3298 1010 02       		.uleb128 0x2
 3299 1011 91       		.byte	0x91
 3300 1012 6E       		.sleb128 -18
 3301 1013 0C       		.uleb128 0xc
 3302 1014 737400   		.ascii	"st\000"
 3303 1017 62       		.byte	0x62
 3304 1018 0B       		.byte	0xb
 3305 1019 4E010000 		.4byte	0x14e
 3306 101d 02       		.uleb128 0x2
 3307 101e 91       		.byte	0x91
 3308 101f 74       		.sleb128 -12
 3309 1020 0E       		.uleb128 0xe
 3310 1021 14000000 		.4byte	.LBB2
 3311 1025 2C000000 		.4byte	.LBE2-.LBB2
 3312 1029 0C       		.uleb128 0xc
 3313 102a 6900     		.ascii	"i\000"
 3314 102c 63       		.byte	0x63
 3315 102d 11       		.byte	0x11
 3316 102e 2D000000 		.4byte	0x2d
 3317 1032 02       		.uleb128 0x2
 3318 1033 91       		.byte	0x91
 3319 1034 70       		.sleb128 -16
 3320 1035 00       		.byte	0
 3321 1036 00       		.byte	0
 3322 1037 14       		.uleb128 0x14
 3323 1038 CC060000 		.4byte	.LASF188
 3324 103c 04       		.byte	0x4
 3325 103d 51       		.byte	0x51
 3326 103e 0E       		.byte	0xe
 3327 103f 4E010000 		.4byte	0x14e
 3328 1043 00000000 		.4byte	.LFB433
 3329 1047 80000000 		.4byte	.LFE433-.LFB433
 3330 104b 01       		.uleb128 0x1
 3331 104c 9C       		.byte	0x9c
 3332 104d 8B100000 		.4byte	0x108b
 3333 1051 15       		.uleb128 0x15
 3334 1052 F8000000 		.4byte	.LASF189
 3335 1056 04       		.byte	0x4
 3336 1057 51       		.byte	0x51
 3337 1058 28       		.byte	0x28
 3338 1059 BB000000 		.4byte	0xbb
ARM GAS  C:\Users\DEVELO~1\AppData\Local\Temp\ccVnb1zc.s 			page 60


 3339 105d 02       		.uleb128 0x2
 3340 105e 91       		.byte	0x91
 3341 105f 6F       		.sleb128 -17
 3342 1060 16       		.uleb128 0x16
 3343 1061 72656700 		.ascii	"reg\000"
 3344 1065 51       		.byte	0x51
 3345 1066 36       		.byte	0x36
 3346 1067 BB000000 		.4byte	0xbb
 3347 106b 02       		.uleb128 0x2
 3348 106c 91       		.byte	0x91
 3349 106d 6E       		.sleb128 -18
 3350 106e 15       		.uleb128 0x15
 3351 106f 48030000 		.4byte	.LASF187
 3352 1073 04       		.byte	0x4
 3353 1074 51       		.byte	0x51
 3354 1075 44       		.byte	0x44
 3355 1076 440A0000 		.4byte	0xa44
 3356 107a 02       		.uleb128 0x2
 3357 107b 91       		.byte	0x91
 3358 107c 68       		.sleb128 -24
 3359 107d 0C       		.uleb128 0xc
 3360 107e 737400   		.ascii	"st\000"
 3361 1081 52       		.byte	0x52
 3362 1082 0B       		.byte	0xb
 3363 1083 4E010000 		.4byte	0x14e
 3364 1087 02       		.uleb128 0x2
 3365 1088 91       		.byte	0x91
 3366 1089 74       		.sleb128 -12
 3367 108a 00       		.byte	0
 3368 108b 14       		.uleb128 0x14
 3369 108c 09040000 		.4byte	.LASF190
 3370 1090 04       		.byte	0x4
 3371 1091 46       		.byte	0x46
 3372 1092 0E       		.byte	0xe
 3373 1093 4E010000 		.4byte	0x14e
 3374 1097 00000000 		.4byte	.LFB432
 3375 109b 84000000 		.4byte	.LFE432-.LFB432
 3376 109f 01       		.uleb128 0x1
 3377 10a0 9C       		.byte	0x9c
 3378 10a1 ED100000 		.4byte	0x10ed
 3379 10a5 15       		.uleb128 0x15
 3380 10a6 F8000000 		.4byte	.LASF189
 3381 10aa 04       		.byte	0x4
 3382 10ab 46       		.byte	0x46
 3383 10ac 29       		.byte	0x29
 3384 10ad BB000000 		.4byte	0xbb
 3385 10b1 02       		.uleb128 0x2
 3386 10b2 91       		.byte	0x91
 3387 10b3 67       		.sleb128 -25
 3388 10b4 16       		.uleb128 0x16
 3389 10b5 72656700 		.ascii	"reg\000"
 3390 10b9 46       		.byte	0x46
 3391 10ba 37       		.byte	0x37
 3392 10bb BB000000 		.4byte	0xbb
 3393 10bf 02       		.uleb128 0x2
 3394 10c0 91       		.byte	0x91
 3395 10c1 66       		.sleb128 -26
ARM GAS  C:\Users\DEVELO~1\AppData\Local\Temp\ccVnb1zc.s 			page 61


 3396 10c2 15       		.uleb128 0x15
 3397 10c3 48030000 		.4byte	.LASF187
 3398 10c7 04       		.byte	0x4
 3399 10c8 46       		.byte	0x46
 3400 10c9 44       		.byte	0x44
 3401 10ca BB000000 		.4byte	0xbb
 3402 10ce 02       		.uleb128 0x2
 3403 10cf 91       		.byte	0x91
 3404 10d0 65       		.sleb128 -27
 3405 10d1 0A       		.uleb128 0xa
 3406 10d2 48090000 		.4byte	.LASF191
 3407 10d6 47       		.byte	0x47
 3408 10d7 0D       		.byte	0xd
 3409 10d8 ED100000 		.4byte	0x10ed
 3410 10dc 02       		.uleb128 0x2
 3411 10dd 91       		.byte	0x91
 3412 10de 68       		.sleb128 -24
 3413 10df 0C       		.uleb128 0xc
 3414 10e0 737400   		.ascii	"st\000"
 3415 10e3 48       		.byte	0x48
 3416 10e4 0B       		.byte	0xb
 3417 10e5 4E010000 		.4byte	0x14e
 3418 10e9 02       		.uleb128 0x2
 3419 10ea 91       		.byte	0x91
 3420 10eb 6C       		.sleb128 -20
 3421 10ec 00       		.byte	0
 3422 10ed 1D       		.uleb128 0x1d
 3423 10ee BB000000 		.4byte	0xbb
 3424 10f2 FD100000 		.4byte	0x10fd
 3425 10f6 1E       		.uleb128 0x1e
 3426 10f7 39000000 		.4byte	0x39
 3427 10fb 01       		.byte	0x1
 3428 10fc 00       		.byte	0
 3429 10fd 14       		.uleb128 0x14
 3430 10fe 32030000 		.4byte	.LASF192
 3431 1102 03       		.byte	0x3
 3432 1103 9F       		.byte	0x9f
 3433 1104 1D       		.byte	0x1d
 3434 1105 88030000 		.4byte	0x388
 3435 1109 00000000 		.4byte	.LFB211
 3436 110d 20000000 		.4byte	.LFE211-.LFB211
 3437 1111 01       		.uleb128 0x1
 3438 1112 9C       		.byte	0x9c
 3439 1113 27110000 		.4byte	0x1127
 3440 1117 15       		.uleb128 0x15
 3441 1118 07090000 		.4byte	.LASF179
 3442 111c 03       		.byte	0x3
 3443 111d 9F       		.byte	0x9f
 3444 111e 3D       		.byte	0x3d
 3445 111f 77030000 		.4byte	0x377
 3446 1123 02       		.uleb128 0x2
 3447 1124 91       		.byte	0x91
 3448 1125 74       		.sleb128 -12
 3449 1126 00       		.byte	0
 3450 1127 22       		.uleb128 0x22
 3451 1128 34040000 		.4byte	.LASF193
 3452 112c 03       		.byte	0x3
ARM GAS  C:\Users\DEVELO~1\AppData\Local\Temp\ccVnb1zc.s 			page 62


 3453 112d 7A       		.byte	0x7a
 3454 112e 77030000 		.4byte	0x377
 3455 1132 00000000 		.4byte	.LFB209
 3456 1136 0E000000 		.4byte	.LFE209-.LFB209
 3457 113a 01       		.uleb128 0x1
 3458 113b 9C       		.byte	0x9c
 3459 113c 22       		.uleb128 0x22
 3460 113d 3F080000 		.4byte	.LASF194
 3461 1141 02       		.byte	0x2
 3462 1142 6F       		.byte	0x6f
 3463 1143 77030000 		.4byte	0x377
 3464 1147 00000000 		.4byte	.LFB196
 3465 114b 0E000000 		.4byte	.LFE196-.LFB196
 3466 114f 01       		.uleb128 0x1
 3467 1150 9C       		.byte	0x9c
 3468 1151 31       		.uleb128 0x31
 3469 1152 22060000 		.4byte	.LASF203
 3470 1156 01       		.byte	0x1
 3471 1157 CD01     		.2byte	0x1cd
 3472 1159 1D       		.byte	0x1d
 3473 115a 88030000 		.4byte	0x388
 3474 115e 00000000 		.4byte	.LFB9
 3475 1162 1A000000 		.4byte	.LFE9-.LFB9
 3476 1166 01       		.uleb128 0x1
 3477 1167 9C       		.byte	0x9c
 3478 1168 32       		.uleb128 0x32
 3479 1169 07090000 		.4byte	.LASF179
 3480 116d 01       		.byte	0x1
 3481 116e CD01     		.2byte	0x1cd
 3482 1170 33       		.byte	0x33
 3483 1171 77030000 		.4byte	0x377
 3484 1175 02       		.uleb128 0x2
 3485 1176 91       		.byte	0x91
 3486 1177 74       		.sleb128 -12
 3487 1178 33       		.uleb128 0x33
 3488 1179 656E6400 		.ascii	"end\000"
 3489 117d 01       		.byte	0x1
 3490 117e CD01     		.2byte	0x1cd
 3491 1180 44       		.byte	0x44
 3492 1181 77030000 		.4byte	0x377
 3493 1185 02       		.uleb128 0x2
 3494 1186 91       		.byte	0x91
 3495 1187 70       		.sleb128 -16
 3496 1188 00       		.byte	0
 3497 1189 00       		.byte	0
 3498              		.section	.debug_abbrev,"",%progbits
 3499              	.Ldebug_abbrev0:
 3500 0000 01       		.uleb128 0x1
 3501 0001 0D       		.uleb128 0xd
 3502 0002 00       		.byte	0
 3503 0003 03       		.uleb128 0x3
 3504 0004 0E       		.uleb128 0xe
 3505 0005 3A       		.uleb128 0x3a
 3506 0006 0B       		.uleb128 0xb
 3507 0007 3B       		.uleb128 0x3b
 3508 0008 05       		.uleb128 0x5
 3509 0009 39       		.uleb128 0x39
ARM GAS  C:\Users\DEVELO~1\AppData\Local\Temp\ccVnb1zc.s 			page 63


 3510 000a 0B       		.uleb128 0xb
 3511 000b 49       		.uleb128 0x49
 3512 000c 13       		.uleb128 0x13
 3513 000d 38       		.uleb128 0x38
 3514 000e 0B       		.uleb128 0xb
 3515 000f 00       		.byte	0
 3516 0010 00       		.byte	0
 3517 0011 02       		.uleb128 0x2
 3518 0012 16       		.uleb128 0x16
 3519 0013 00       		.byte	0
 3520 0014 03       		.uleb128 0x3
 3521 0015 0E       		.uleb128 0xe
 3522 0016 3A       		.uleb128 0x3a
 3523 0017 0B       		.uleb128 0xb
 3524 0018 3B       		.uleb128 0x3b
 3525 0019 0B       		.uleb128 0xb
 3526 001a 39       		.uleb128 0x39
 3527 001b 0B       		.uleb128 0xb
 3528 001c 49       		.uleb128 0x49
 3529 001d 13       		.uleb128 0x13
 3530 001e 00       		.byte	0
 3531 001f 00       		.byte	0
 3532 0020 03       		.uleb128 0x3
 3533 0021 0D       		.uleb128 0xd
 3534 0022 00       		.byte	0
 3535 0023 03       		.uleb128 0x3
 3536 0024 0E       		.uleb128 0xe
 3537 0025 3A       		.uleb128 0x3a
 3538 0026 0B       		.uleb128 0xb
 3539 0027 3B       		.uleb128 0x3b
 3540 0028 0B       		.uleb128 0xb
 3541 0029 39       		.uleb128 0x39
 3542 002a 0B       		.uleb128 0xb
 3543 002b 49       		.uleb128 0x49
 3544 002c 13       		.uleb128 0x13
 3545 002d 38       		.uleb128 0x38
 3546 002e 0B       		.uleb128 0xb
 3547 002f 00       		.byte	0
 3548 0030 00       		.byte	0
 3549 0031 04       		.uleb128 0x4
 3550 0032 0F       		.uleb128 0xf
 3551 0033 00       		.byte	0
 3552 0034 0B       		.uleb128 0xb
 3553 0035 21       		.uleb128 0x21
 3554 0036 04       		.sleb128 4
 3555 0037 49       		.uleb128 0x49
 3556 0038 13       		.uleb128 0x13
 3557 0039 00       		.byte	0
 3558 003a 00       		.byte	0
 3559 003b 05       		.uleb128 0x5
 3560 003c 0D       		.uleb128 0xd
 3561 003d 00       		.byte	0
 3562 003e 03       		.uleb128 0x3
 3563 003f 08       		.uleb128 0x8
 3564 0040 3A       		.uleb128 0x3a
 3565 0041 0B       		.uleb128 0xb
 3566 0042 3B       		.uleb128 0x3b
ARM GAS  C:\Users\DEVELO~1\AppData\Local\Temp\ccVnb1zc.s 			page 64


 3567 0043 05       		.uleb128 0x5
 3568 0044 39       		.uleb128 0x39
 3569 0045 0B       		.uleb128 0xb
 3570 0046 49       		.uleb128 0x49
 3571 0047 13       		.uleb128 0x13
 3572 0048 38       		.uleb128 0x38
 3573 0049 0B       		.uleb128 0xb
 3574 004a 00       		.byte	0
 3575 004b 00       		.byte	0
 3576 004c 06       		.uleb128 0x6
 3577 004d 05       		.uleb128 0x5
 3578 004e 00       		.byte	0
 3579 004f 49       		.uleb128 0x49
 3580 0050 13       		.uleb128 0x13
 3581 0051 00       		.byte	0
 3582 0052 00       		.byte	0
 3583 0053 07       		.uleb128 0x7
 3584 0054 0D       		.uleb128 0xd
 3585 0055 00       		.byte	0
 3586 0056 03       		.uleb128 0x3
 3587 0057 08       		.uleb128 0x8
 3588 0058 3A       		.uleb128 0x3a
 3589 0059 0B       		.uleb128 0xb
 3590 005a 3B       		.uleb128 0x3b
 3591 005b 0B       		.uleb128 0xb
 3592 005c 39       		.uleb128 0x39
 3593 005d 0B       		.uleb128 0xb
 3594 005e 49       		.uleb128 0x49
 3595 005f 13       		.uleb128 0x13
 3596 0060 38       		.uleb128 0x38
 3597 0061 0B       		.uleb128 0xb
 3598 0062 00       		.byte	0
 3599 0063 00       		.byte	0
 3600 0064 08       		.uleb128 0x8
 3601 0065 24       		.uleb128 0x24
 3602 0066 00       		.byte	0
 3603 0067 0B       		.uleb128 0xb
 3604 0068 0B       		.uleb128 0xb
 3605 0069 3E       		.uleb128 0x3e
 3606 006a 0B       		.uleb128 0xb
 3607 006b 03       		.uleb128 0x3
 3608 006c 0E       		.uleb128 0xe
 3609 006d 00       		.byte	0
 3610 006e 00       		.byte	0
 3611 006f 09       		.uleb128 0x9
 3612 0070 13       		.uleb128 0x13
 3613 0071 01       		.byte	0x1
 3614 0072 03       		.uleb128 0x3
 3615 0073 0E       		.uleb128 0xe
 3616 0074 0B       		.uleb128 0xb
 3617 0075 0B       		.uleb128 0xb
 3618 0076 3A       		.uleb128 0x3a
 3619 0077 0B       		.uleb128 0xb
 3620 0078 3B       		.uleb128 0x3b
 3621 0079 0B       		.uleb128 0xb
 3622 007a 39       		.uleb128 0x39
 3623 007b 0B       		.uleb128 0xb
ARM GAS  C:\Users\DEVELO~1\AppData\Local\Temp\ccVnb1zc.s 			page 65


 3624 007c 01       		.uleb128 0x1
 3625 007d 13       		.uleb128 0x13
 3626 007e 00       		.byte	0
 3627 007f 00       		.byte	0
 3628 0080 0A       		.uleb128 0xa
 3629 0081 34       		.uleb128 0x34
 3630 0082 00       		.byte	0
 3631 0083 03       		.uleb128 0x3
 3632 0084 0E       		.uleb128 0xe
 3633 0085 3A       		.uleb128 0x3a
 3634 0086 21       		.uleb128 0x21
 3635 0087 04       		.sleb128 4
 3636 0088 3B       		.uleb128 0x3b
 3637 0089 0B       		.uleb128 0xb
 3638 008a 39       		.uleb128 0x39
 3639 008b 0B       		.uleb128 0xb
 3640 008c 49       		.uleb128 0x49
 3641 008d 13       		.uleb128 0x13
 3642 008e 02       		.uleb128 0x2
 3643 008f 18       		.uleb128 0x18
 3644 0090 00       		.byte	0
 3645 0091 00       		.byte	0
 3646 0092 0B       		.uleb128 0xb
 3647 0093 16       		.uleb128 0x16
 3648 0094 00       		.byte	0
 3649 0095 03       		.uleb128 0x3
 3650 0096 0E       		.uleb128 0xe
 3651 0097 3A       		.uleb128 0x3a
 3652 0098 0B       		.uleb128 0xb
 3653 0099 3B       		.uleb128 0x3b
 3654 009a 05       		.uleb128 0x5
 3655 009b 39       		.uleb128 0x39
 3656 009c 0B       		.uleb128 0xb
 3657 009d 49       		.uleb128 0x49
 3658 009e 13       		.uleb128 0x13
 3659 009f 00       		.byte	0
 3660 00a0 00       		.byte	0
 3661 00a1 0C       		.uleb128 0xc
 3662 00a2 34       		.uleb128 0x34
 3663 00a3 00       		.byte	0
 3664 00a4 03       		.uleb128 0x3
 3665 00a5 08       		.uleb128 0x8
 3666 00a6 3A       		.uleb128 0x3a
 3667 00a7 21       		.uleb128 0x21
 3668 00a8 04       		.sleb128 4
 3669 00a9 3B       		.uleb128 0x3b
 3670 00aa 0B       		.uleb128 0xb
 3671 00ab 39       		.uleb128 0x39
 3672 00ac 0B       		.uleb128 0xb
 3673 00ad 49       		.uleb128 0x49
 3674 00ae 13       		.uleb128 0x13
 3675 00af 02       		.uleb128 0x2
 3676 00b0 18       		.uleb128 0x18
 3677 00b1 00       		.byte	0
 3678 00b2 00       		.byte	0
 3679 00b3 0D       		.uleb128 0xd
 3680 00b4 26       		.uleb128 0x26
ARM GAS  C:\Users\DEVELO~1\AppData\Local\Temp\ccVnb1zc.s 			page 66


 3681 00b5 00       		.byte	0
 3682 00b6 49       		.uleb128 0x49
 3683 00b7 13       		.uleb128 0x13
 3684 00b8 00       		.byte	0
 3685 00b9 00       		.byte	0
 3686 00ba 0E       		.uleb128 0xe
 3687 00bb 0B       		.uleb128 0xb
 3688 00bc 01       		.byte	0x1
 3689 00bd 11       		.uleb128 0x11
 3690 00be 01       		.uleb128 0x1
 3691 00bf 12       		.uleb128 0x12
 3692 00c0 06       		.uleb128 0x6
 3693 00c1 00       		.byte	0
 3694 00c2 00       		.byte	0
 3695 00c3 0F       		.uleb128 0xf
 3696 00c4 13       		.uleb128 0x13
 3697 00c5 01       		.byte	0x1
 3698 00c6 0B       		.uleb128 0xb
 3699 00c7 0B       		.uleb128 0xb
 3700 00c8 3A       		.uleb128 0x3a
 3701 00c9 0B       		.uleb128 0xb
 3702 00ca 3B       		.uleb128 0x3b
 3703 00cb 0B       		.uleb128 0xb
 3704 00cc 39       		.uleb128 0x39
 3705 00cd 0B       		.uleb128 0xb
 3706 00ce 01       		.uleb128 0x1
 3707 00cf 13       		.uleb128 0x13
 3708 00d0 00       		.byte	0
 3709 00d1 00       		.byte	0
 3710 00d2 10       		.uleb128 0x10
 3711 00d3 0D       		.uleb128 0xd
 3712 00d4 00       		.byte	0
 3713 00d5 03       		.uleb128 0x3
 3714 00d6 0E       		.uleb128 0xe
 3715 00d7 3A       		.uleb128 0x3a
 3716 00d8 0B       		.uleb128 0xb
 3717 00d9 3B       		.uleb128 0x3b
 3718 00da 0B       		.uleb128 0xb
 3719 00db 39       		.uleb128 0x39
 3720 00dc 0B       		.uleb128 0xb
 3721 00dd 49       		.uleb128 0x49
 3722 00de 13       		.uleb128 0x13
 3723 00df 00       		.byte	0
 3724 00e0 00       		.byte	0
 3725 00e1 11       		.uleb128 0x11
 3726 00e2 13       		.uleb128 0x13
 3727 00e3 01       		.byte	0x1
 3728 00e4 03       		.uleb128 0x3
 3729 00e5 0E       		.uleb128 0xe
 3730 00e6 0B       		.uleb128 0xb
 3731 00e7 0B       		.uleb128 0xb
 3732 00e8 3A       		.uleb128 0x3a
 3733 00e9 0B       		.uleb128 0xb
 3734 00ea 3B       		.uleb128 0x3b
 3735 00eb 05       		.uleb128 0x5
 3736 00ec 39       		.uleb128 0x39
 3737 00ed 0B       		.uleb128 0xb
ARM GAS  C:\Users\DEVELO~1\AppData\Local\Temp\ccVnb1zc.s 			page 67


 3738 00ee 01       		.uleb128 0x1
 3739 00ef 13       		.uleb128 0x13
 3740 00f0 00       		.byte	0
 3741 00f1 00       		.byte	0
 3742 00f2 12       		.uleb128 0x12
 3743 00f3 0D       		.uleb128 0xd
 3744 00f4 00       		.byte	0
 3745 00f5 03       		.uleb128 0x3
 3746 00f6 0E       		.uleb128 0xe
 3747 00f7 3A       		.uleb128 0x3a
 3748 00f8 21       		.uleb128 0x21
 3749 00f9 0A       		.sleb128 10
 3750 00fa 3B       		.uleb128 0x3b
 3751 00fb 05       		.uleb128 0x5
 3752 00fc 39       		.uleb128 0x39
 3753 00fd 0B       		.uleb128 0xb
 3754 00fe 49       		.uleb128 0x49
 3755 00ff 13       		.uleb128 0x13
 3756 0100 00       		.byte	0
 3757 0101 00       		.byte	0
 3758 0102 13       		.uleb128 0x13
 3759 0103 28       		.uleb128 0x28
 3760 0104 00       		.byte	0
 3761 0105 03       		.uleb128 0x3
 3762 0106 0E       		.uleb128 0xe
 3763 0107 1C       		.uleb128 0x1c
 3764 0108 0B       		.uleb128 0xb
 3765 0109 00       		.byte	0
 3766 010a 00       		.byte	0
 3767 010b 14       		.uleb128 0x14
 3768 010c 2E       		.uleb128 0x2e
 3769 010d 01       		.byte	0x1
 3770 010e 03       		.uleb128 0x3
 3771 010f 0E       		.uleb128 0xe
 3772 0110 3A       		.uleb128 0x3a
 3773 0111 0B       		.uleb128 0xb
 3774 0112 3B       		.uleb128 0x3b
 3775 0113 0B       		.uleb128 0xb
 3776 0114 39       		.uleb128 0x39
 3777 0115 0B       		.uleb128 0xb
 3778 0116 27       		.uleb128 0x27
 3779 0117 19       		.uleb128 0x19
 3780 0118 49       		.uleb128 0x49
 3781 0119 13       		.uleb128 0x13
 3782 011a 11       		.uleb128 0x11
 3783 011b 01       		.uleb128 0x1
 3784 011c 12       		.uleb128 0x12
 3785 011d 06       		.uleb128 0x6
 3786 011e 40       		.uleb128 0x40
 3787 011f 18       		.uleb128 0x18
 3788 0120 7C       		.uleb128 0x7c
 3789 0121 19       		.uleb128 0x19
 3790 0122 01       		.uleb128 0x1
 3791 0123 13       		.uleb128 0x13
 3792 0124 00       		.byte	0
 3793 0125 00       		.byte	0
 3794 0126 15       		.uleb128 0x15
ARM GAS  C:\Users\DEVELO~1\AppData\Local\Temp\ccVnb1zc.s 			page 68


 3795 0127 05       		.uleb128 0x5
 3796 0128 00       		.byte	0
 3797 0129 03       		.uleb128 0x3
 3798 012a 0E       		.uleb128 0xe
 3799 012b 3A       		.uleb128 0x3a
 3800 012c 0B       		.uleb128 0xb
 3801 012d 3B       		.uleb128 0x3b
 3802 012e 0B       		.uleb128 0xb
 3803 012f 39       		.uleb128 0x39
 3804 0130 0B       		.uleb128 0xb
 3805 0131 49       		.uleb128 0x49
 3806 0132 13       		.uleb128 0x13
 3807 0133 02       		.uleb128 0x2
 3808 0134 18       		.uleb128 0x18
 3809 0135 00       		.byte	0
 3810 0136 00       		.byte	0
 3811 0137 16       		.uleb128 0x16
 3812 0138 05       		.uleb128 0x5
 3813 0139 00       		.byte	0
 3814 013a 03       		.uleb128 0x3
 3815 013b 08       		.uleb128 0x8
 3816 013c 3A       		.uleb128 0x3a
 3817 013d 21       		.uleb128 0x21
 3818 013e 04       		.sleb128 4
 3819 013f 3B       		.uleb128 0x3b
 3820 0140 0B       		.uleb128 0xb
 3821 0141 39       		.uleb128 0x39
 3822 0142 0B       		.uleb128 0xb
 3823 0143 49       		.uleb128 0x49
 3824 0144 13       		.uleb128 0x13
 3825 0145 02       		.uleb128 0x2
 3826 0146 18       		.uleb128 0x18
 3827 0147 00       		.byte	0
 3828 0148 00       		.byte	0
 3829 0149 17       		.uleb128 0x17
 3830 014a 13       		.uleb128 0x13
 3831 014b 01       		.byte	0x1
 3832 014c 0B       		.uleb128 0xb
 3833 014d 0B       		.uleb128 0xb
 3834 014e 3A       		.uleb128 0x3a
 3835 014f 0B       		.uleb128 0xb
 3836 0150 3B       		.uleb128 0x3b
 3837 0151 05       		.uleb128 0x5
 3838 0152 39       		.uleb128 0x39
 3839 0153 21       		.uleb128 0x21
 3840 0154 09       		.sleb128 9
 3841 0155 01       		.uleb128 0x1
 3842 0156 13       		.uleb128 0x13
 3843 0157 00       		.byte	0
 3844 0158 00       		.byte	0
 3845 0159 18       		.uleb128 0x18
 3846 015a 15       		.uleb128 0x15
 3847 015b 01       		.byte	0x1
 3848 015c 27       		.uleb128 0x27
 3849 015d 19       		.uleb128 0x19
 3850 015e 49       		.uleb128 0x49
 3851 015f 13       		.uleb128 0x13
ARM GAS  C:\Users\DEVELO~1\AppData\Local\Temp\ccVnb1zc.s 			page 69


 3852 0160 01       		.uleb128 0x1
 3853 0161 13       		.uleb128 0x13
 3854 0162 00       		.byte	0
 3855 0163 00       		.byte	0
 3856 0164 19       		.uleb128 0x19
 3857 0165 35       		.uleb128 0x35
 3858 0166 00       		.byte	0
 3859 0167 49       		.uleb128 0x49
 3860 0168 13       		.uleb128 0x13
 3861 0169 00       		.byte	0
 3862 016a 00       		.byte	0
 3863 016b 1A       		.uleb128 0x1a
 3864 016c 17       		.uleb128 0x17
 3865 016d 01       		.byte	0x1
 3866 016e 0B       		.uleb128 0xb
 3867 016f 0B       		.uleb128 0xb
 3868 0170 3A       		.uleb128 0x3a
 3869 0171 0B       		.uleb128 0xb
 3870 0172 3B       		.uleb128 0x3b
 3871 0173 0B       		.uleb128 0xb
 3872 0174 39       		.uleb128 0x39
 3873 0175 21       		.uleb128 0x21
 3874 0176 03       		.sleb128 3
 3875 0177 01       		.uleb128 0x1
 3876 0178 13       		.uleb128 0x13
 3877 0179 00       		.byte	0
 3878 017a 00       		.byte	0
 3879 017b 1B       		.uleb128 0x1b
 3880 017c 0D       		.uleb128 0xd
 3881 017d 00       		.byte	0
 3882 017e 03       		.uleb128 0x3
 3883 017f 08       		.uleb128 0x8
 3884 0180 3A       		.uleb128 0x3a
 3885 0181 21       		.uleb128 0x21
 3886 0182 0E       		.sleb128 14
 3887 0183 3B       		.uleb128 0x3b
 3888 0184 0B       		.uleb128 0xb
 3889 0185 39       		.uleb128 0x39
 3890 0186 21       		.uleb128 0x21
 3891 0187 07       		.sleb128 7
 3892 0188 49       		.uleb128 0x49
 3893 0189 13       		.uleb128 0x13
 3894 018a 00       		.byte	0
 3895 018b 00       		.byte	0
 3896 018c 1C       		.uleb128 0x1c
 3897 018d 0D       		.uleb128 0xd
 3898 018e 00       		.byte	0
 3899 018f 03       		.uleb128 0x3
 3900 0190 0E       		.uleb128 0xe
 3901 0191 3A       		.uleb128 0x3a
 3902 0192 21       		.uleb128 0x21
 3903 0193 0E       		.sleb128 14
 3904 0194 3B       		.uleb128 0x3b
 3905 0195 0B       		.uleb128 0xb
 3906 0196 39       		.uleb128 0x39
 3907 0197 21       		.uleb128 0x21
 3908 0198 19       		.sleb128 25
ARM GAS  C:\Users\DEVELO~1\AppData\Local\Temp\ccVnb1zc.s 			page 70


 3909 0199 49       		.uleb128 0x49
 3910 019a 13       		.uleb128 0x13
 3911 019b 0D       		.uleb128 0xd
 3912 019c 0B       		.uleb128 0xb
 3913 019d 6B       		.uleb128 0x6b
 3914 019e 0B       		.uleb128 0xb
 3915 019f 00       		.byte	0
 3916 01a0 00       		.byte	0
 3917 01a1 1D       		.uleb128 0x1d
 3918 01a2 01       		.uleb128 0x1
 3919 01a3 01       		.byte	0x1
 3920 01a4 49       		.uleb128 0x49
 3921 01a5 13       		.uleb128 0x13
 3922 01a6 01       		.uleb128 0x1
 3923 01a7 13       		.uleb128 0x13
 3924 01a8 00       		.byte	0
 3925 01a9 00       		.byte	0
 3926 01aa 1E       		.uleb128 0x1e
 3927 01ab 21       		.uleb128 0x21
 3928 01ac 00       		.byte	0
 3929 01ad 49       		.uleb128 0x49
 3930 01ae 13       		.uleb128 0x13
 3931 01af 2F       		.uleb128 0x2f
 3932 01b0 0B       		.uleb128 0xb
 3933 01b1 00       		.byte	0
 3934 01b2 00       		.byte	0
 3935 01b3 1F       		.uleb128 0x1f
 3936 01b4 2E       		.uleb128 0x2e
 3937 01b5 01       		.byte	0x1
 3938 01b6 3F       		.uleb128 0x3f
 3939 01b7 19       		.uleb128 0x19
 3940 01b8 03       		.uleb128 0x3
 3941 01b9 0E       		.uleb128 0xe
 3942 01ba 3A       		.uleb128 0x3a
 3943 01bb 0B       		.uleb128 0xb
 3944 01bc 3B       		.uleb128 0x3b
 3945 01bd 0B       		.uleb128 0xb
 3946 01be 39       		.uleb128 0x39
 3947 01bf 0B       		.uleb128 0xb
 3948 01c0 27       		.uleb128 0x27
 3949 01c1 19       		.uleb128 0x19
 3950 01c2 49       		.uleb128 0x49
 3951 01c3 13       		.uleb128 0x13
 3952 01c4 3C       		.uleb128 0x3c
 3953 01c5 19       		.uleb128 0x19
 3954 01c6 01       		.uleb128 0x1
 3955 01c7 13       		.uleb128 0x13
 3956 01c8 00       		.byte	0
 3957 01c9 00       		.byte	0
 3958 01ca 20       		.uleb128 0x20
 3959 01cb 17       		.uleb128 0x17
 3960 01cc 01       		.byte	0x1
 3961 01cd 0B       		.uleb128 0xb
 3962 01ce 21       		.uleb128 0x21
 3963 01cf 04       		.sleb128 4
 3964 01d0 3A       		.uleb128 0x3a
 3965 01d1 21       		.uleb128 0x21
ARM GAS  C:\Users\DEVELO~1\AppData\Local\Temp\ccVnb1zc.s 			page 71


 3966 01d2 16       		.sleb128 22
 3967 01d3 3B       		.uleb128 0x3b
 3968 01d4 05       		.uleb128 0x5
 3969 01d5 39       		.uleb128 0x39
 3970 01d6 21       		.uleb128 0x21
 3971 01d7 03       		.sleb128 3
 3972 01d8 01       		.uleb128 0x1
 3973 01d9 13       		.uleb128 0x13
 3974 01da 00       		.byte	0
 3975 01db 00       		.byte	0
 3976 01dc 21       		.uleb128 0x21
 3977 01dd 0D       		.uleb128 0xd
 3978 01de 00       		.byte	0
 3979 01df 03       		.uleb128 0x3
 3980 01e0 08       		.uleb128 0x8
 3981 01e1 3A       		.uleb128 0x3a
 3982 01e2 21       		.uleb128 0x21
 3983 01e3 16       		.sleb128 22
 3984 01e4 3B       		.uleb128 0x3b
 3985 01e5 05       		.uleb128 0x5
 3986 01e6 39       		.uleb128 0x39
 3987 01e7 21       		.uleb128 0x21
 3988 01e8 20       		.sleb128 32
 3989 01e9 49       		.uleb128 0x49
 3990 01ea 13       		.uleb128 0x13
 3991 01eb 00       		.byte	0
 3992 01ec 00       		.byte	0
 3993 01ed 22       		.uleb128 0x22
 3994 01ee 2E       		.uleb128 0x2e
 3995 01ef 00       		.byte	0
 3996 01f0 03       		.uleb128 0x3
 3997 01f1 0E       		.uleb128 0xe
 3998 01f2 3A       		.uleb128 0x3a
 3999 01f3 0B       		.uleb128 0xb
 4000 01f4 3B       		.uleb128 0x3b
 4001 01f5 0B       		.uleb128 0xb
 4002 01f6 39       		.uleb128 0x39
 4003 01f7 21       		.uleb128 0x21
 4004 01f8 19       		.sleb128 25
 4005 01f9 27       		.uleb128 0x27
 4006 01fa 19       		.uleb128 0x19
 4007 01fb 49       		.uleb128 0x49
 4008 01fc 13       		.uleb128 0x13
 4009 01fd 11       		.uleb128 0x11
 4010 01fe 01       		.uleb128 0x1
 4011 01ff 12       		.uleb128 0x12
 4012 0200 06       		.uleb128 0x6
 4013 0201 40       		.uleb128 0x40
 4014 0202 18       		.uleb128 0x18
 4015 0203 7C       		.uleb128 0x7c
 4016 0204 19       		.uleb128 0x19
 4017 0205 00       		.byte	0
 4018 0206 00       		.byte	0
 4019 0207 23       		.uleb128 0x23
 4020 0208 11       		.uleb128 0x11
 4021 0209 01       		.byte	0x1
 4022 020a 25       		.uleb128 0x25
ARM GAS  C:\Users\DEVELO~1\AppData\Local\Temp\ccVnb1zc.s 			page 72


 4023 020b 0E       		.uleb128 0xe
 4024 020c 13       		.uleb128 0x13
 4025 020d 0B       		.uleb128 0xb
 4026 020e 03       		.uleb128 0x3
 4027 020f 0E       		.uleb128 0xe
 4028 0210 1B       		.uleb128 0x1b
 4029 0211 0E       		.uleb128 0xe
 4030 0212 55       		.uleb128 0x55
 4031 0213 17       		.uleb128 0x17
 4032 0214 11       		.uleb128 0x11
 4033 0215 01       		.uleb128 0x1
 4034 0216 10       		.uleb128 0x10
 4035 0217 17       		.uleb128 0x17
 4036 0218 00       		.byte	0
 4037 0219 00       		.byte	0
 4038 021a 24       		.uleb128 0x24
 4039 021b 24       		.uleb128 0x24
 4040 021c 00       		.byte	0
 4041 021d 0B       		.uleb128 0xb
 4042 021e 0B       		.uleb128 0xb
 4043 021f 3E       		.uleb128 0x3e
 4044 0220 0B       		.uleb128 0xb
 4045 0221 03       		.uleb128 0x3
 4046 0222 08       		.uleb128 0x8
 4047 0223 00       		.byte	0
 4048 0224 00       		.byte	0
 4049 0225 25       		.uleb128 0x25
 4050 0226 13       		.uleb128 0x13
 4051 0227 01       		.byte	0x1
 4052 0228 03       		.uleb128 0x3
 4053 0229 0E       		.uleb128 0xe
 4054 022a 0B       		.uleb128 0xb
 4055 022b 05       		.uleb128 0x5
 4056 022c 3A       		.uleb128 0x3a
 4057 022d 0B       		.uleb128 0xb
 4058 022e 3B       		.uleb128 0x3b
 4059 022f 05       		.uleb128 0x5
 4060 0230 39       		.uleb128 0x39
 4061 0231 0B       		.uleb128 0xb
 4062 0232 01       		.uleb128 0x1
 4063 0233 13       		.uleb128 0x13
 4064 0234 00       		.byte	0
 4065 0235 00       		.byte	0
 4066 0236 26       		.uleb128 0x26
 4067 0237 0F       		.uleb128 0xf
 4068 0238 00       		.byte	0
 4069 0239 0B       		.uleb128 0xb
 4070 023a 0B       		.uleb128 0xb
 4071 023b 00       		.byte	0
 4072 023c 00       		.byte	0
 4073 023d 27       		.uleb128 0x27
 4074 023e 13       		.uleb128 0x13
 4075 023f 01       		.byte	0x1
 4076 0240 0B       		.uleb128 0xb
 4077 0241 05       		.uleb128 0x5
 4078 0242 3A       		.uleb128 0x3a
 4079 0243 0B       		.uleb128 0xb
ARM GAS  C:\Users\DEVELO~1\AppData\Local\Temp\ccVnb1zc.s 			page 73


 4080 0244 3B       		.uleb128 0x3b
 4081 0245 0B       		.uleb128 0xb
 4082 0246 39       		.uleb128 0x39
 4083 0247 0B       		.uleb128 0xb
 4084 0248 01       		.uleb128 0x1
 4085 0249 13       		.uleb128 0x13
 4086 024a 00       		.byte	0
 4087 024b 00       		.byte	0
 4088 024c 28       		.uleb128 0x28
 4089 024d 04       		.uleb128 0x4
 4090 024e 01       		.byte	0x1
 4091 024f 3E       		.uleb128 0x3e
 4092 0250 0B       		.uleb128 0xb
 4093 0251 0B       		.uleb128 0xb
 4094 0252 0B       		.uleb128 0xb
 4095 0253 49       		.uleb128 0x49
 4096 0254 13       		.uleb128 0x13
 4097 0255 3A       		.uleb128 0x3a
 4098 0256 0B       		.uleb128 0xb
 4099 0257 3B       		.uleb128 0x3b
 4100 0258 0B       		.uleb128 0xb
 4101 0259 39       		.uleb128 0x39
 4102 025a 0B       		.uleb128 0xb
 4103 025b 01       		.uleb128 0x1
 4104 025c 13       		.uleb128 0x13
 4105 025d 00       		.byte	0
 4106 025e 00       		.byte	0
 4107 025f 29       		.uleb128 0x29
 4108 0260 34       		.uleb128 0x34
 4109 0261 00       		.byte	0
 4110 0262 03       		.uleb128 0x3
 4111 0263 0E       		.uleb128 0xe
 4112 0264 3A       		.uleb128 0x3a
 4113 0265 0B       		.uleb128 0xb
 4114 0266 3B       		.uleb128 0x3b
 4115 0267 05       		.uleb128 0x5
 4116 0268 39       		.uleb128 0x39
 4117 0269 0B       		.uleb128 0xb
 4118 026a 49       		.uleb128 0x49
 4119 026b 13       		.uleb128 0x13
 4120 026c 3F       		.uleb128 0x3f
 4121 026d 19       		.uleb128 0x19
 4122 026e 3C       		.uleb128 0x3c
 4123 026f 19       		.uleb128 0x19
 4124 0270 00       		.byte	0
 4125 0271 00       		.byte	0
 4126 0272 2A       		.uleb128 0x2a
 4127 0273 2E       		.uleb128 0x2e
 4128 0274 00       		.byte	0
 4129 0275 3F       		.uleb128 0x3f
 4130 0276 19       		.uleb128 0x19
 4131 0277 03       		.uleb128 0x3
 4132 0278 0E       		.uleb128 0xe
 4133 0279 3A       		.uleb128 0x3a
 4134 027a 0B       		.uleb128 0xb
 4135 027b 3B       		.uleb128 0x3b
 4136 027c 0B       		.uleb128 0xb
ARM GAS  C:\Users\DEVELO~1\AppData\Local\Temp\ccVnb1zc.s 			page 74


 4137 027d 39       		.uleb128 0x39
 4138 027e 0B       		.uleb128 0xb
 4139 027f 27       		.uleb128 0x27
 4140 0280 19       		.uleb128 0x19
 4141 0281 49       		.uleb128 0x49
 4142 0282 13       		.uleb128 0x13
 4143 0283 3C       		.uleb128 0x3c
 4144 0284 19       		.uleb128 0x19
 4145 0285 00       		.byte	0
 4146 0286 00       		.byte	0
 4147 0287 2B       		.uleb128 0x2b
 4148 0288 2E       		.uleb128 0x2e
 4149 0289 01       		.byte	0x1
 4150 028a 3F       		.uleb128 0x3f
 4151 028b 19       		.uleb128 0x19
 4152 028c 03       		.uleb128 0x3
 4153 028d 0E       		.uleb128 0xe
 4154 028e 3A       		.uleb128 0x3a
 4155 028f 0B       		.uleb128 0xb
 4156 0290 3B       		.uleb128 0x3b
 4157 0291 05       		.uleb128 0x5
 4158 0292 39       		.uleb128 0x39
 4159 0293 0B       		.uleb128 0xb
 4160 0294 27       		.uleb128 0x27
 4161 0295 19       		.uleb128 0x19
 4162 0296 3C       		.uleb128 0x3c
 4163 0297 19       		.uleb128 0x19
 4164 0298 01       		.uleb128 0x1
 4165 0299 13       		.uleb128 0x13
 4166 029a 00       		.byte	0
 4167 029b 00       		.byte	0
 4168 029c 2C       		.uleb128 0x2c
 4169 029d 18       		.uleb128 0x18
 4170 029e 00       		.byte	0
 4171 029f 00       		.byte	0
 4172 02a0 00       		.byte	0
 4173 02a1 2D       		.uleb128 0x2d
 4174 02a2 2E       		.uleb128 0x2e
 4175 02a3 01       		.byte	0x1
 4176 02a4 3F       		.uleb128 0x3f
 4177 02a5 19       		.uleb128 0x19
 4178 02a6 03       		.uleb128 0x3
 4179 02a7 0E       		.uleb128 0xe
 4180 02a8 3A       		.uleb128 0x3a
 4181 02a9 0B       		.uleb128 0xb
 4182 02aa 3B       		.uleb128 0x3b
 4183 02ab 0B       		.uleb128 0xb
 4184 02ac 39       		.uleb128 0x39
 4185 02ad 0B       		.uleb128 0xb
 4186 02ae 27       		.uleb128 0x27
 4187 02af 19       		.uleb128 0x19
 4188 02b0 11       		.uleb128 0x11
 4189 02b1 01       		.uleb128 0x1
 4190 02b2 12       		.uleb128 0x12
 4191 02b3 06       		.uleb128 0x6
 4192 02b4 40       		.uleb128 0x40
 4193 02b5 18       		.uleb128 0x18
ARM GAS  C:\Users\DEVELO~1\AppData\Local\Temp\ccVnb1zc.s 			page 75


 4194 02b6 7A       		.uleb128 0x7a
 4195 02b7 19       		.uleb128 0x19
 4196 02b8 01       		.uleb128 0x1
 4197 02b9 13       		.uleb128 0x13
 4198 02ba 00       		.byte	0
 4199 02bb 00       		.byte	0
 4200 02bc 2E       		.uleb128 0x2e
 4201 02bd 2E       		.uleb128 0x2e
 4202 02be 01       		.byte	0x1
 4203 02bf 3F       		.uleb128 0x3f
 4204 02c0 19       		.uleb128 0x19
 4205 02c1 03       		.uleb128 0x3
 4206 02c2 0E       		.uleb128 0xe
 4207 02c3 3A       		.uleb128 0x3a
 4208 02c4 0B       		.uleb128 0xb
 4209 02c5 3B       		.uleb128 0x3b
 4210 02c6 0B       		.uleb128 0xb
 4211 02c7 39       		.uleb128 0x39
 4212 02c8 0B       		.uleb128 0xb
 4213 02c9 27       		.uleb128 0x27
 4214 02ca 19       		.uleb128 0x19
 4215 02cb 11       		.uleb128 0x11
 4216 02cc 01       		.uleb128 0x1
 4217 02cd 12       		.uleb128 0x12
 4218 02ce 06       		.uleb128 0x6
 4219 02cf 40       		.uleb128 0x40
 4220 02d0 18       		.uleb128 0x18
 4221 02d1 7C       		.uleb128 0x7c
 4222 02d2 19       		.uleb128 0x19
 4223 02d3 01       		.uleb128 0x1
 4224 02d4 13       		.uleb128 0x13
 4225 02d5 00       		.byte	0
 4226 02d6 00       		.byte	0
 4227 02d7 2F       		.uleb128 0x2f
 4228 02d8 2E       		.uleb128 0x2e
 4229 02d9 01       		.byte	0x1
 4230 02da 3F       		.uleb128 0x3f
 4231 02db 19       		.uleb128 0x19
 4232 02dc 03       		.uleb128 0x3
 4233 02dd 0E       		.uleb128 0xe
 4234 02de 3A       		.uleb128 0x3a
 4235 02df 0B       		.uleb128 0xb
 4236 02e0 3B       		.uleb128 0x3b
 4237 02e1 0B       		.uleb128 0xb
 4238 02e2 39       		.uleb128 0x39
 4239 02e3 0B       		.uleb128 0xb
 4240 02e4 27       		.uleb128 0x27
 4241 02e5 19       		.uleb128 0x19
 4242 02e6 49       		.uleb128 0x49
 4243 02e7 13       		.uleb128 0x13
 4244 02e8 11       		.uleb128 0x11
 4245 02e9 01       		.uleb128 0x1
 4246 02ea 12       		.uleb128 0x12
 4247 02eb 06       		.uleb128 0x6
 4248 02ec 40       		.uleb128 0x40
 4249 02ed 18       		.uleb128 0x18
 4250 02ee 7C       		.uleb128 0x7c
ARM GAS  C:\Users\DEVELO~1\AppData\Local\Temp\ccVnb1zc.s 			page 76


 4251 02ef 19       		.uleb128 0x19
 4252 02f0 01       		.uleb128 0x1
 4253 02f1 13       		.uleb128 0x13
 4254 02f2 00       		.byte	0
 4255 02f3 00       		.byte	0
 4256 02f4 30       		.uleb128 0x30
 4257 02f5 2E       		.uleb128 0x2e
 4258 02f6 00       		.byte	0
 4259 02f7 3F       		.uleb128 0x3f
 4260 02f8 19       		.uleb128 0x19
 4261 02f9 03       		.uleb128 0x3
 4262 02fa 0E       		.uleb128 0xe
 4263 02fb 3A       		.uleb128 0x3a
 4264 02fc 0B       		.uleb128 0xb
 4265 02fd 3B       		.uleb128 0x3b
 4266 02fe 0B       		.uleb128 0xb
 4267 02ff 39       		.uleb128 0x39
 4268 0300 0B       		.uleb128 0xb
 4269 0301 27       		.uleb128 0x27
 4270 0302 19       		.uleb128 0x19
 4271 0303 49       		.uleb128 0x49
 4272 0304 13       		.uleb128 0x13
 4273 0305 11       		.uleb128 0x11
 4274 0306 01       		.uleb128 0x1
 4275 0307 12       		.uleb128 0x12
 4276 0308 06       		.uleb128 0x6
 4277 0309 40       		.uleb128 0x40
 4278 030a 18       		.uleb128 0x18
 4279 030b 7C       		.uleb128 0x7c
 4280 030c 19       		.uleb128 0x19
 4281 030d 00       		.byte	0
 4282 030e 00       		.byte	0
 4283 030f 31       		.uleb128 0x31
 4284 0310 2E       		.uleb128 0x2e
 4285 0311 01       		.byte	0x1
 4286 0312 03       		.uleb128 0x3
 4287 0313 0E       		.uleb128 0xe
 4288 0314 3A       		.uleb128 0x3a
 4289 0315 0B       		.uleb128 0xb
 4290 0316 3B       		.uleb128 0x3b
 4291 0317 05       		.uleb128 0x5
 4292 0318 39       		.uleb128 0x39
 4293 0319 0B       		.uleb128 0xb
 4294 031a 27       		.uleb128 0x27
 4295 031b 19       		.uleb128 0x19
 4296 031c 49       		.uleb128 0x49
 4297 031d 13       		.uleb128 0x13
 4298 031e 11       		.uleb128 0x11
 4299 031f 01       		.uleb128 0x1
 4300 0320 12       		.uleb128 0x12
 4301 0321 06       		.uleb128 0x6
 4302 0322 40       		.uleb128 0x40
 4303 0323 18       		.uleb128 0x18
 4304 0324 7A       		.uleb128 0x7a
 4305 0325 19       		.uleb128 0x19
 4306 0326 00       		.byte	0
 4307 0327 00       		.byte	0
ARM GAS  C:\Users\DEVELO~1\AppData\Local\Temp\ccVnb1zc.s 			page 77


 4308 0328 32       		.uleb128 0x32
 4309 0329 05       		.uleb128 0x5
 4310 032a 00       		.byte	0
 4311 032b 03       		.uleb128 0x3
 4312 032c 0E       		.uleb128 0xe
 4313 032d 3A       		.uleb128 0x3a
 4314 032e 0B       		.uleb128 0xb
 4315 032f 3B       		.uleb128 0x3b
 4316 0330 05       		.uleb128 0x5
 4317 0331 39       		.uleb128 0x39
 4318 0332 0B       		.uleb128 0xb
 4319 0333 49       		.uleb128 0x49
 4320 0334 13       		.uleb128 0x13
 4321 0335 02       		.uleb128 0x2
 4322 0336 18       		.uleb128 0x18
 4323 0337 00       		.byte	0
 4324 0338 00       		.byte	0
 4325 0339 33       		.uleb128 0x33
 4326 033a 05       		.uleb128 0x5
 4327 033b 00       		.byte	0
 4328 033c 03       		.uleb128 0x3
 4329 033d 08       		.uleb128 0x8
 4330 033e 3A       		.uleb128 0x3a
 4331 033f 0B       		.uleb128 0xb
 4332 0340 3B       		.uleb128 0x3b
 4333 0341 05       		.uleb128 0x5
 4334 0342 39       		.uleb128 0x39
 4335 0343 0B       		.uleb128 0xb
 4336 0344 49       		.uleb128 0x49
 4337 0345 13       		.uleb128 0x13
 4338 0346 02       		.uleb128 0x2
 4339 0347 18       		.uleb128 0x18
 4340 0348 00       		.byte	0
 4341 0349 00       		.byte	0
 4342 034a 00       		.byte	0
 4343              		.section	.debug_aranges,"",%progbits
 4344 0000 7C000000 		.4byte	0x7c
 4345 0004 0200     		.2byte	0x2
 4346 0006 00000000 		.4byte	.Ldebug_info0
 4347 000a 04       		.byte	0x4
 4348 000b 00       		.byte	0
 4349 000c 0000     		.2byte	0
 4350 000e 0000     		.2byte	0
 4351 0010 00000000 		.4byte	.LFB9
 4352 0014 1A000000 		.4byte	.LFE9-.LFB9
 4353 0018 00000000 		.4byte	.LFB196
 4354 001c 0E000000 		.4byte	.LFE196-.LFB196
 4355 0020 00000000 		.4byte	.LFB209
 4356 0024 0E000000 		.4byte	.LFE209-.LFB209
 4357 0028 00000000 		.4byte	.LFB211
 4358 002c 20000000 		.4byte	.LFE211-.LFB211
 4359 0030 00000000 		.4byte	.LFB432
 4360 0034 84000000 		.4byte	.LFE432-.LFB432
 4361 0038 00000000 		.4byte	.LFB433
 4362 003c 80000000 		.4byte	.LFE433-.LFB433
 4363 0040 00000000 		.4byte	.LFB434
 4364 0044 50000000 		.4byte	.LFE434-.LFB434
ARM GAS  C:\Users\DEVELO~1\AppData\Local\Temp\ccVnb1zc.s 			page 78


 4365 0048 00000000 		.4byte	.LFB435
 4366 004c 54000000 		.4byte	.LFE435-.LFB435
 4367 0050 00000000 		.4byte	.LFB436
 4368 0054 88000000 		.4byte	.LFE436-.LFB436
 4369 0058 00000000 		.4byte	.LFB437
 4370 005c 48000000 		.4byte	.LFE437-.LFB437
 4371 0060 00000000 		.4byte	.LFB438
 4372 0064 80010000 		.4byte	.LFE438-.LFB438
 4373 0068 00000000 		.4byte	.LFB439
 4374 006c AC000000 		.4byte	.LFE439-.LFB439
 4375 0070 00000000 		.4byte	.LFB440
 4376 0074 1C000000 		.4byte	.LFE440-.LFB440
 4377 0078 00000000 		.4byte	0
 4378 007c 00000000 		.4byte	0
 4379              		.section	.debug_rnglists,"",%progbits
 4380              	.Ldebug_ranges0:
 4381 0000 5C000000 		.4byte	.Ldebug_ranges3-.Ldebug_ranges2
 4382              	.Ldebug_ranges2:
 4383 0004 0500     		.2byte	0x5
 4384 0006 04       		.byte	0x4
 4385 0007 00       		.byte	0
 4386 0008 00000000 		.4byte	0
 4387              	.LLRL0:
 4388 000c 07       		.byte	0x7
 4389 000d 00000000 		.4byte	.LFB9
 4390 0011 1A       		.uleb128 .LFE9-.LFB9
 4391 0012 07       		.byte	0x7
 4392 0013 00000000 		.4byte	.LFB196
 4393 0017 0E       		.uleb128 .LFE196-.LFB196
 4394 0018 07       		.byte	0x7
 4395 0019 00000000 		.4byte	.LFB209
 4396 001d 0E       		.uleb128 .LFE209-.LFB209
 4397 001e 07       		.byte	0x7
 4398 001f 00000000 		.4byte	.LFB211
 4399 0023 20       		.uleb128 .LFE211-.LFB211
 4400 0024 07       		.byte	0x7
 4401 0025 00000000 		.4byte	.LFB432
 4402 0029 8401     		.uleb128 .LFE432-.LFB432
 4403 002b 07       		.byte	0x7
 4404 002c 00000000 		.4byte	.LFB433
 4405 0030 8001     		.uleb128 .LFE433-.LFB433
 4406 0032 07       		.byte	0x7
 4407 0033 00000000 		.4byte	.LFB434
 4408 0037 50       		.uleb128 .LFE434-.LFB434
 4409 0038 07       		.byte	0x7
 4410 0039 00000000 		.4byte	.LFB435
 4411 003d 54       		.uleb128 .LFE435-.LFB435
 4412 003e 07       		.byte	0x7
 4413 003f 00000000 		.4byte	.LFB436
 4414 0043 8801     		.uleb128 .LFE436-.LFB436
 4415 0045 07       		.byte	0x7
 4416 0046 00000000 		.4byte	.LFB437
 4417 004a 48       		.uleb128 .LFE437-.LFB437
 4418 004b 07       		.byte	0x7
 4419 004c 00000000 		.4byte	.LFB438
 4420 0050 8003     		.uleb128 .LFE438-.LFB438
 4421 0052 07       		.byte	0x7
ARM GAS  C:\Users\DEVELO~1\AppData\Local\Temp\ccVnb1zc.s 			page 79


 4422 0053 00000000 		.4byte	.LFB439
 4423 0057 AC01     		.uleb128 .LFE439-.LFB439
 4424 0059 07       		.byte	0x7
 4425 005a 00000000 		.4byte	.LFB440
 4426 005e 1C       		.uleb128 .LFE440-.LFB440
 4427 005f 00       		.byte	0
 4428              	.Ldebug_ranges3:
 4429              		.section	.debug_line,"",%progbits
 4430              	.Ldebug_line0:
 4431 0000 C2060000 		.section	.debug_str,"MS",%progbits,1
 4431      0300A103 
 4431      00000201 
 4431      FB0E0D00 
 4431      01010101 
 4432              	.LASF184:
 4433 0000 61646175 		.ascii	"adau1979_verify_devid\000"
 4433      31393739 
 4433      5F766572 
 4433      6966795F 
 4433      64657669 
 4434              	.LASF72:
 4435 0016 70726576 		.ascii	"prev\000"
 4435      00
 4436              	.LASF128:
 4437 001b 72656164 		.ascii	"ready_list_t\000"
 4437      795F6C69 
 4437      73745F74 
 4437      00
 4438              	.LASF92:
 4439 0028 4D304152 		.ascii	"M0AR\000"
 4439      00
 4440              	.LASF4:
 4441 002d 73697A65 		.ascii	"size_t\000"
 4441      5F7400
 4442              	.LASF158:
 4443 0034 74696D69 		.ascii	"timingr\000"
 4443      6E677200 
 4444              	.LASF117:
 4445 003c 7264796D 		.ascii	"rdymsg\000"
 4445      736700
 4446              	.LASF52:
 4447 0043 72666375 		.ascii	"rfcu\000"
 4447      00
 4448              	.LASF132:
 4449 0048 69646C65 		.ascii	"idlethread_base\000"
 4449      74687265 
 4449      61645F62 
 4449      61736500 
 4450              	.LASF3:
 4451 0058 7369676E 		.ascii	"signed char\000"
 4451      65642063 
 4451      68617200 
 4452              	.LASF5:
 4453 0064 5F5F7569 		.ascii	"__uint8_t\000"
 4453      6E74385F 
 4453      7400
 4454              	.LASF197:
ARM GAS  C:\Users\DEVELO~1\AppData\Local\Temp\ccVnb1zc.s 			page 80


 4455 006e 433A5C50 		.ascii	"C:\\PROJET\\ChibiOS project\\ChibiOS_21.11.4\\demos"
 4455      524F4A45 
 4455      545C4368 
 4455      6962694F 
 4455      53207072 
 4456 009d 5C53544D 		.ascii	"\\STM32\\RT-STM32H743ZI_REV_XY-NUCLEO144\000"
 4456      33325C52 
 4456      542D5354 
 4456      4D333248 
 4456      3734335A 
 4457              	.LASF104:
 4458 00c4 706F7274 		.ascii	"port_intctx\000"
 4458      5F696E74 
 4458      63747800 
 4459              	.LASF49:
 4460 00d0 76746C69 		.ascii	"vtlist\000"
 4460      737400
 4461              	.LASF83:
 4462 00d7 74797065 		.ascii	"type\000"
 4462      00
 4463              	.LASF11:
 4464 00dc 6C6F6E67 		.ascii	"long int\000"
 4464      20696E74 
 4464      00
 4465              	.LASF86:
 4466 00e5 74726163 		.ascii	"trace_event_t\000"
 4466      655F6576 
 4466      656E745F 
 4466      7400
 4467              	.LASF81:
 4468 00f3 68616C74 		.ascii	"halt\000"
 4468      00
 4469              	.LASF189:
 4470 00f8 61646472 		.ascii	"addr\000"
 4470      00
 4471              	.LASF173:
 4472 00fd 69326353 		.ascii	"i2cStart\000"
 4472      74617274 
 4472      00
 4473              	.LASF118:
 4474 0106 65786974 		.ascii	"exitcode\000"
 4474      636F6465 
 4474      00
 4475              	.LASF141:
 4476 010f 76656374 		.ascii	"vector\000"
 4476      6F7200
 4477              	.LASF54:
 4478 0116 6D61696E 		.ascii	"mainthread\000"
 4478      74687265 
 4478      616400
 4479              	.LASF120:
 4480 0121 73656E74 		.ascii	"sentmsg\000"
 4480      6D736700 
 4481              	.LASF78:
 4482 0129 64656C74 		.ascii	"delta\000"
 4482      6100
 4483              	.LASF69:
ARM GAS  C:\Users\DEVELO~1\AppData\Local\Temp\ccVnb1zc.s 			page 81


 4484 012f 6E657874 		.ascii	"next\000"
 4484      00
 4485              	.LASF150:
 4486 0134 4932435F 		.ascii	"I2C_READY\000"
 4486      52454144 
 4486      5900
 4487              	.LASF175:
 4488 013e 6932634D 		.ascii	"i2cMasterTransmitTimeout\000"
 4488      61737465 
 4488      72547261 
 4488      6E736D69 
 4488      7454696D 
 4489              	.LASF38:
 4490 0157 72656673 		.ascii	"refs\000"
 4490      00
 4491              	.LASF135:
 4492 015c 6D757465 		.ascii	"mutex_t\000"
 4492      785F7400 
 4493              	.LASF1:
 4494 0164 6C6F6E67 		.ascii	"long long int\000"
 4494      206C6F6E 
 4494      6720696E 
 4494      7400
 4495              	.LASF182:
 4496 0172 706C6C31 		.ascii	"pll1\000"
 4496      00
 4497              	.LASF123:
 4498 0177 65776D61 		.ascii	"ewmask\000"
 4498      736B00
 4499              	.LASF13:
 4500 017e 6C6F6E67 		.ascii	"long unsigned int\000"
 4500      20756E73 
 4500      69676E65 
 4500      6420696E 
 4500      7400
 4501              	.LASF77:
 4502 0190 63685F64 		.ascii	"ch_delta_list\000"
 4502      656C7461 
 4502      5F6C6973 
 4502      7400
 4503              	.LASF15:
 4504 019e 6C6F6E67 		.ascii	"long long unsigned int\000"
 4504      206C6F6E 
 4504      6720756E 
 4504      7369676E 
 4504      65642069 
 4505              	.LASF100:
 4506 01b5 50454352 		.ascii	"PECR\000"
 4506      00
 4507              	.LASF98:
 4508 01ba 54494D49 		.ascii	"TIMINGR\000"
 4508      4E475200 
 4509              	.LASF45:
 4510 01c2 6F735F69 		.ascii	"os_instance_t\000"
 4510      6E737461 
 4510      6E63655F 
 4510      7400
ARM GAS  C:\Users\DEVELO~1\AppData\Local\Temp\ccVnb1zc.s 			page 82


 4511              	.LASF201:
 4512 01d0 61646175 		.ascii	"adau1979_set_default_config\000"
 4512      31393739 
 4512      5F736574 
 4512      5F646566 
 4512      61756C74 
 4513              	.LASF195:
 4514 01ec 474E5520 		.ascii	"GNU C17 11.3.1 20220712 -mcpu=cortex-m7 -mthumb -mf"
 4514      43313720 
 4514      31312E33 
 4514      2E312032 
 4514      30323230 
 4515 021f 6C6F6174 		.ascii	"loat-abi=soft -march=armv7e-m -ggdb -O0 -ffunction-"
 4515      2D616269 
 4515      3D736F66 
 4515      74202D6D 
 4515      61726368 
 4516 0252 73656374 		.ascii	"sections -fdata-sections -fno-common\000"
 4516      696F6E73 
 4516      202D6664 
 4516      6174612D 
 4516      73656374 
 4517              	.LASF155:
 4518 0277 69326361 		.ascii	"i2caddr_t\000"
 4518      6464725F 
 4518      7400
 4519              	.LASF36:
 4520 0281 73746174 		.ascii	"state\000"
 4520      6500
 4521              	.LASF163:
 4522 0287 6D757465 		.ascii	"mutex\000"
 4522      7800
 4523              	.LASF24:
 4524 028d 74737461 		.ascii	"tstate_t\000"
 4524      74655F74 
 4524      00
 4525              	.LASF57:
 4526 0296 63685F72 		.ascii	"ch_rfcu\000"
 4526      66637500 
 4527              	.LASF65:
 4528 029e 73797369 		.ascii	"sysinterval_t\000"
 4528      6E746572 
 4528      76616C5F 
 4528      7400
 4529              	.LASF71:
 4530 02ac 63685F71 		.ascii	"ch_queue\000"
 4530      75657565 
 4530      00
 4531              	.LASF7:
 4532 02b5 73686F72 		.ascii	"short int\000"
 4532      7420696E 
 4532      7400
 4533              	.LASF159:
 4534 02bf 49324343 		.ascii	"I2CConfig\000"
 4534      6F6E6669 
 4534      6700
 4535              	.LASF90:
ARM GAS  C:\Users\DEVELO~1\AppData\Local\Temp\ccVnb1zc.s 			page 83


 4536 02c9 74726163 		.ascii	"trace_buffer_t\000"
 4536      655F6275 
 4536      66666572 
 4536      5F7400
 4537              	.LASF111:
 4538 02d8 63685F72 		.ascii	"ch_registry\000"
 4538      65676973 
 4538      74727900 
 4539              	.LASF139:
 4540 02e4 73686966 		.ascii	"shift\000"
 4540      7400
 4541              	.LASF167:
 4542 02ea 7278646D 		.ascii	"rxdmamode\000"
 4542      616D6F64 
 4542      6500
 4543              	.LASF12:
 4544 02f4 5F5F7569 		.ascii	"__uint32_t\000"
 4544      6E743332 
 4544      5F7400
 4545              	.LASF58:
 4546 02ff 6D61736B 		.ascii	"mask\000"
 4546      00
 4547              	.LASF140:
 4548 0304 73656C66 		.ascii	"selfindex\000"
 4548      696E6465 
 4548      7800
 4549              	.LASF39:
 4550 030e 77616974 		.ascii	"waiting\000"
 4550      696E6700 
 4551              	.LASF103:
 4552 0316 4932435F 		.ascii	"I2C_TypeDef\000"
 4552      54797065 
 4552      44656600 
 4553              	.LASF130:
 4554 0322 6D61696E 		.ascii	"mainthread_base\000"
 4554      74687265 
 4554      61645F62 
 4554      61736500 
 4555              	.LASF192:
 4556 0332 63685654 		.ascii	"chVTTimeElapsedSinceX\000"
 4556      54696D65 
 4556      456C6170 
 4556      73656453 
 4556      696E6365 
 4557              	.LASF187:
 4558 0348 76616C75 		.ascii	"value\000"
 4558      6500
 4559              	.LASF147:
 4560 034e 42617365 		.ascii	"BaseSequentialStream\000"
 4560      53657175 
 4560      656E7469 
 4560      616C5374 
 4560      7265616D 
 4561              	.LASF105:
 4562 0363 706F7274 		.ascii	"port_context\000"
 4562      5F636F6E 
 4562      74657874 
ARM GAS  C:\Users\DEVELO~1\AppData\Local\Temp\ccVnb1zc.s 			page 84


 4562      00
 4563              	.LASF29:
 4564 0370 636E745F 		.ascii	"cnt_t\000"
 4564      7400
 4565              	.LASF40:
 4566 0376 6D736771 		.ascii	"msgqueue\000"
 4566      75657565 
 4566      00
 4567              	.LASF101:
 4568 037f 52584452 		.ascii	"RXDR\000"
 4568      00
 4569              	.LASF0:
 4570 0384 756E7369 		.ascii	"unsigned int\000"
 4570      676E6564 
 4570      20696E74 
 4570      00
 4571              	.LASF17:
 4572 0391 75696E74 		.ascii	"uint16_t\000"
 4572      31365F74 
 4572      00
 4573              	.LASF121:
 4574 039a 77747365 		.ascii	"wtsemp\000"
 4574      6D7000
 4575              	.LASF162:
 4576 03a1 6572726F 		.ascii	"errors\000"
 4576      727300
 4577              	.LASF63:
 4578 03a8 73797374 		.ascii	"system_debug_t\000"
 4578      656D5F64 
 4578      65627567 
 4578      5F7400
 4579              	.LASF196:
 4580 03b7 61756469 		.ascii	"audio/audio_codec_ada1979.c\000"
 4580      6F2F6175 
 4580      64696F5F 
 4580      636F6465 
 4580      635F6164 
 4581              	.LASF119:
 4582 03d3 77747472 		.ascii	"wttrp\000"
 4582      7000
 4583              	.LASF70:
 4584 03d9 63685F71 		.ascii	"ch_queue_t\000"
 4584      75657565 
 4584      5F7400
 4585              	.LASF180:
 4586 03e4 74696D65 		.ascii	"timeout\000"
 4586      6F757400 
 4587              	.LASF66:
 4588 03ec 74696D65 		.ascii	"time_conv_t\000"
 4588      5F636F6E 
 4588      765F7400 
 4589              	.LASF34:
 4590 03f8 6E616D65 		.ascii	"name\000"
 4590      00
 4591              	.LASF112:
 4592 03fd 71756575 		.ascii	"queue\000"
 4592      6500
ARM GAS  C:\Users\DEVELO~1\AppData\Local\Temp\ccVnb1zc.s 			page 85


 4593              	.LASF44:
 4594 0403 6D706F6F 		.ascii	"mpool\000"
 4594      6C00
 4595              	.LASF190:
 4596 0409 61646175 		.ascii	"adau1979_write_reg\000"
 4596      31393739 
 4596      5F777269 
 4596      74655F72 
 4596      656700
 4597              	.LASF88:
 4598 041c 73697A65 		.ascii	"size\000"
 4598      00
 4599              	.LASF9:
 4600 0421 73686F72 		.ascii	"short unsigned int\000"
 4600      7420756E 
 4600      7369676E 
 4600      65642069 
 4600      6E7400
 4601              	.LASF193:
 4602 0434 63685654 		.ascii	"chVTGetSystemTimeX\000"
 4602      47657453 
 4602      79737465 
 4602      6D54696D 
 4602      655800
 4603              	.LASF46:
 4604 0447 63685F74 		.ascii	"ch_thread\000"
 4604      68726561 
 4604      6400
 4605              	.LASF171:
 4606 0451 61646175 		.ascii	"adau1979_addresses\000"
 4606      31393739 
 4606      5F616464 
 4606      72657373 
 4606      657300
 4607              	.LASF27:
 4608 0464 6D73675F 		.ascii	"msg_t\000"
 4608      7400
 4609              	.LASF41:
 4610 046a 6570656E 		.ascii	"epending\000"
 4610      64696E67 
 4610      00
 4611              	.LASF102:
 4612 0473 54584452 		.ascii	"TXDR\000"
 4612      00
 4613              	.LASF177:
 4614 0478 61646175 		.ascii	"adau1979_mute\000"
 4614      31393739 
 4614      5F6D7574 
 4614      6500
 4615              	.LASF94:
 4616 0486 444D415F 		.ascii	"DMA_Stream_TypeDef\000"
 4616      53747265 
 4616      616D5F54 
 4616      79706544 
 4616      656600
 4617              	.LASF23:
 4618 0499 746D6F64 		.ascii	"tmode_t\000"
ARM GAS  C:\Users\DEVELO~1\AppData\Local\Temp\ccVnb1zc.s 			page 86


 4618      655F7400 
 4619              	.LASF68:
 4620 04a1 63685F6C 		.ascii	"ch_list\000"
 4620      69737400 
 4621              	.LASF126:
 4622 04a9 63685F72 		.ascii	"ch_ready_list\000"
 4622      65616479 
 4622      5F6C6973 
 4622      7400
 4623              	.LASF28:
 4624 04b7 6576656E 		.ascii	"eventmask_t\000"
 4624      746D6173 
 4624      6B5F7400 
 4625              	.LASF10:
 4626 04c3 5F5F696E 		.ascii	"__int32_t\000"
 4626      7433325F 
 4626      7400
 4627              	.LASF110:
 4628 04cd 76697274 		.ascii	"virtual_timers_list_t\000"
 4628      75616C5F 
 4628      74696D65 
 4628      72735F6C 
 4628      6973745F 
 4629              	.LASF176:
 4630 04e3 61646175 		.ascii	"adau1979_set_log_stream\000"
 4630      31393739 
 4630      5F736574 
 4630      5F6C6F67 
 4630      5F737472 
 4631              	.LASF22:
 4632 04fb 73746B61 		.ascii	"stkalign_t\000"
 4632      6C69676E 
 4632      5F7400
 4633              	.LASF84:
 4634 0506 72747374 		.ascii	"rtstamp\000"
 4634      616D7000 
 4635              	.LASF109:
 4636 050e 6C617374 		.ascii	"laststamp\000"
 4636      7374616D 
 4636      7000
 4637              	.LASF145:
 4638 0518 77726974 		.ascii	"write\000"
 4638      6500
 4639              	.LASF43:
 4640 051e 7265616C 		.ascii	"realprio\000"
 4640      7072696F 
 4640      00
 4641              	.LASF56:
 4642 0527 72666375 		.ascii	"rfcu_mask_t\000"
 4642      5F6D6173 
 4642      6B5F7400 
 4643              	.LASF149:
 4644 0533 4932435F 		.ascii	"I2C_STOP\000"
 4644      53544F50 
 4644      00
 4645              	.LASF114:
 4646 053c 74687265 		.ascii	"thread_reference_t\000"
ARM GAS  C:\Users\DEVELO~1\AppData\Local\Temp\ccVnb1zc.s 			page 87


 4646      61645F72 
 4646      65666572 
 4646      656E6365 
 4646      5F7400
 4647              	.LASF106:
 4648 054f 63685F76 		.ascii	"ch_virtual_timers_list\000"
 4648      69727475 
 4648      616C5F74 
 4648      696D6572 
 4648      735F6C69 
 4649              	.LASF67:
 4650 0566 63685F6C 		.ascii	"ch_list_t\000"
 4650      6973745F 
 4650      7400
 4651              	.LASF87:
 4652 0570 73757370 		.ascii	"suspended\000"
 4652      656E6465 
 4652      6400
 4653              	.LASF20:
 4654 057a 75696E74 		.ascii	"uint64_t\000"
 4654      36345F74 
 4654      00
 4655              	.LASF166:
 4656 0583 72786279 		.ascii	"rxbytes\000"
 4656      74657300 
 4657              	.LASF181:
 4658 058b 6C6F636B 		.ascii	"locked\000"
 4658      656400
 4659              	.LASF129:
 4660 0592 63685F6F 		.ascii	"ch_os_instance_config\000"
 4660      735F696E 
 4660      7374616E 
 4660      63655F63 
 4660      6F6E6669 
 4661              	.LASF168:
 4662 05a8 7478646D 		.ascii	"txdmamode\000"
 4662      616D6F64 
 4662      6500
 4663              	.LASF47:
 4664 05b2 63685F6F 		.ascii	"ch_os_instance\000"
 4664      735F696E 
 4664      7374616E 
 4664      636500
 4665              	.LASF85:
 4666 05c1 74696D65 		.ascii	"time\000"
 4666      00
 4667              	.LASF75:
 4668 05c6 7072696F 		.ascii	"prio\000"
 4668      00
 4669              	.LASF127:
 4670 05cb 63757272 		.ascii	"current\000"
 4670      656E7400 
 4671              	.LASF14:
 4672 05d3 5F5F7569 		.ascii	"__uint64_t\000"
 4672      6E743634 
 4672      5F7400
 4673              	.LASF183:
ARM GAS  C:\Users\DEVELO~1\AppData\Local\Temp\ccVnb1zc.s 			page 88


 4674 05de 61646175 		.ascii	"adau1979_wait_pll_locked\000"
 4674      31393739 
 4674      5F776169 
 4674      745F706C 
 4674      6C5F6C6F 
 4675              	.LASF138:
 4676 05f7 69666372 		.ascii	"ifcr\000"
 4676      00
 4677              	.LASF30:
 4678 05fc 636F7265 		.ascii	"core_id_t\000"
 4678      5F69645F 
 4678      7400
 4679              	.LASF25:
 4680 0606 74726566 		.ascii	"trefs_t\000"
 4680      735F7400 
 4681              	.LASF154:
 4682 060e 69326373 		.ascii	"i2cstate_t\000"
 4682      74617465 
 4682      5F7400
 4683              	.LASF99:
 4684 0619 54494D45 		.ascii	"TIMEOUTR\000"
 4684      4F555452 
 4684      00
 4685              	.LASF203:
 4686 0622 63685469 		.ascii	"chTimeDiffX\000"
 4686      6D654469 
 4686      66665800 
 4687              	.LASF142:
 4688 062e 73746D33 		.ascii	"stm32_dma_stream_t\000"
 4688      325F646D 
 4688      615F7374 
 4688      7265616D 
 4688      5F7400
 4689              	.LASF26:
 4690 0641 74707269 		.ascii	"tprio_t\000"
 4690      6F5F7400 
 4691              	.LASF151:
 4692 0649 4932435F 		.ascii	"I2C_ACTIVE_TX\000"
 4692      41435449 
 4692      56455F54 
 4692      5800
 4693              	.LASF82:
 4694 0657 75736572 		.ascii	"user\000"
 4694      00
 4695              	.LASF156:
 4696 065c 69326366 		.ascii	"i2cflags_t\000"
 4696      6C616773 
 4696      5F7400
 4697              	.LASF164:
 4698 0667 74687265 		.ascii	"thread\000"
 4698      616400
 4699              	.LASF60:
 4700 066e 63685F73 		.ascii	"ch_system_debug\000"
 4700      79737465 
 4700      6D5F6465 
 4700      62756700 
 4701              	.LASF136:
ARM GAS  C:\Users\DEVELO~1\AppData\Local\Temp\ccVnb1zc.s 			page 89


 4702 067e 5F426F6F 		.ascii	"_Bool\000"
 4702      6C00
 4703              	.LASF18:
 4704 0684 696E7433 		.ascii	"int32_t\000"
 4704      325F7400 
 4705              	.LASF6:
 4706 068c 756E7369 		.ascii	"unsigned char\000"
 4706      676E6564 
 4706      20636861 
 4706      7200
 4707              	.LASF170:
 4708 069a 61646175 		.ascii	"adau1979_log\000"
 4708      31393739 
 4708      5F6C6F67 
 4708      00
 4709              	.LASF59:
 4710 06a7 72666375 		.ascii	"rfcu_t\000"
 4710      5F7400
 4711              	.LASF148:
 4712 06ae 4932435F 		.ascii	"I2C_UNINIT\000"
 4712      554E494E 
 4712      495400
 4713              	.LASF108:
 4714 06b9 6C617374 		.ascii	"lasttime\000"
 4714      74696D65 
 4714      00
 4715              	.LASF169:
 4716 06c2 61756469 		.ascii	"audio_i2c\000"
 4716      6F5F6932 
 4716      6300
 4717              	.LASF188:
 4718 06cc 61646175 		.ascii	"adau1979_read_reg\000"
 4718      31393739 
 4718      5F726561 
 4718      645F7265 
 4718      6700
 4719              	.LASF199:
 4720 06de 73744765 		.ascii	"stGetCounter\000"
 4720      74436F75 
 4720      6E746572 
 4720      00
 4721              	.LASF51:
 4722 06eb 636F7265 		.ascii	"core_id\000"
 4722      5F696400 
 4723              	.LASF80:
 4724 06f3 72656173 		.ascii	"reason\000"
 4724      6F6E00
 4725              	.LASF202:
 4726 06fa 61646175 		.ascii	"adau1979_init\000"
 4726      31393739 
 4726      5F696E69 
 4726      7400
 4727              	.LASF153:
 4728 0708 4932435F 		.ascii	"I2C_LOCKED\000"
 4728      4C4F434B 
 4728      454400
 4729              	.LASF124:
ARM GAS  C:\Users\DEVELO~1\AppData\Local\Temp\ccVnb1zc.s 			page 90


 4730 0713 63685F73 		.ascii	"ch_semaphore\000"
 4730      656D6170 
 4730      686F7265 
 4730      00
 4731              	.LASF113:
 4732 0720 72656769 		.ascii	"registry_t\000"
 4732      73747279 
 4732      5F7400
 4733              	.LASF19:
 4734 072b 75696E74 		.ascii	"uint32_t\000"
 4734      33325F74 
 4734      00
 4735              	.LASF122:
 4736 0734 77746D74 		.ascii	"wtmtxp\000"
 4736      787000
 4737              	.LASF21:
 4738 073b 706F7274 		.ascii	"port_stkalign_t\000"
 4738      5F73746B 
 4738      616C6967 
 4738      6E5F7400 
 4739              	.LASF33:
 4740 074b 6F776E65 		.ascii	"owner\000"
 4740      7200
 4741              	.LASF137:
 4742 0751 73747265 		.ascii	"stream\000"
 4742      616D00
 4743              	.LASF198:
 4744 0758 49324344 		.ascii	"I2CD3\000"
 4744      3300
 4745              	.LASF152:
 4746 075e 4932435F 		.ascii	"I2C_ACTIVE_RX\000"
 4746      41435449 
 4746      56455F52 
 4746      5800
 4747              	.LASF2:
 4748 076c 6C6F6E67 		.ascii	"long double\000"
 4748      20646F75 
 4748      626C6500 
 4749              	.LASF35:
 4750 0778 77616261 		.ascii	"wabase\000"
 4750      736500
 4751              	.LASF62:
 4752 077f 63686172 		.ascii	"char\000"
 4752      00
 4753              	.LASF53:
 4754 0784 636F6E66 		.ascii	"config\000"
 4754      696700
 4755              	.LASF8:
 4756 078b 5F5F7569 		.ascii	"__uint16_t\000"
 4756      6E743136 
 4756      5F7400
 4757              	.LASF143:
 4758 0796 42617365 		.ascii	"BaseSequentialStreamVMT\000"
 4758      53657175 
 4758      656E7469 
 4758      616C5374 
 4758      7265616D 
ARM GAS  C:\Users\DEVELO~1\AppData\Local\Temp\ccVnb1zc.s 			page 91


 4759              	.LASF31:
 4760 07ae 74687265 		.ascii	"thread_t\000"
 4760      61645F74 
 4760      00
 4761              	.LASF107:
 4762 07b7 646C6973 		.ascii	"dlist\000"
 4762      7400
 4763              	.LASF64:
 4764 07bd 73797374 		.ascii	"systime_t\000"
 4764      696D655F 
 4764      7400
 4765              	.LASF89:
 4766 07c7 62756666 		.ascii	"buffer\000"
 4766      657200
 4767              	.LASF73:
 4768 07ce 63685F70 		.ascii	"ch_priority_queue_t\000"
 4768      72696F72 
 4768      6974795F 
 4768      71756575 
 4768      655F7400 
 4769              	.LASF91:
 4770 07e2 4E445452 		.ascii	"NDTR\000"
 4770      00
 4771              	.LASF157:
 4772 07e7 68616C5F 		.ascii	"hal_i2c_config\000"
 4772      6932635F 
 4772      636F6E66 
 4772      696700
 4773              	.LASF116:
 4774 07f6 70717565 		.ascii	"pqueue\000"
 4774      756500
 4775              	.LASF172:
 4776 07fd 61646175 		.ascii	"adau1979_default_i2c_cfg\000"
 4776      31393739 
 4776      5F646566 
 4776      61756C74 
 4776      5F693263 
 4777              	.LASF160:
 4778 0816 49324344 		.ascii	"I2CDriver\000"
 4778      72697665 
 4778      7200
 4779              	.LASF178:
 4780 0820 6D697363 		.ascii	"misc\000"
 4780      00
 4781              	.LASF50:
 4782 0825 7265676C 		.ascii	"reglist\000"
 4782      69737400 
 4783              	.LASF74:
 4784 082d 63685F70 		.ascii	"ch_priority_queue\000"
 4784      72696F72 
 4784      6974795F 
 4784      71756575 
 4784      6500
 4785              	.LASF194:
 4786 083f 706F7274 		.ascii	"port_timer_get_time\000"
 4786      5F74696D 
 4786      65725F67 
ARM GAS  C:\Users\DEVELO~1\AppData\Local\Temp\ccVnb1zc.s 			page 92


 4786      65745F74 
 4786      696D6500 
 4787              	.LASF93:
 4788 0853 4D314152 		.ascii	"M1AR\000"
 4788      00
 4789              	.LASF76:
 4790 0858 63685F64 		.ascii	"ch_delta_list_t\000"
 4790      656C7461 
 4790      5F6C6973 
 4790      745F7400 
 4791              	.LASF131:
 4792 0868 6D61696E 		.ascii	"mainthread_end\000"
 4792      74687265 
 4792      61645F65 
 4792      6E6400
 4793              	.LASF186:
 4794 0877 61646175 		.ascii	"adau1979_broadcast_write\000"
 4794      31393739 
 4794      5F62726F 
 4794      61646361 
 4794      73745F77 
 4795              	.LASF185:
 4796 0890 64657669 		.ascii	"devid\000"
 4796      6400
 4797              	.LASF134:
 4798 0896 6F735F69 		.ascii	"os_instance_config_t\000"
 4798      6E737461 
 4798      6E63655F 
 4798      636F6E66 
 4798      69675F74 
 4799              	.LASF200:
 4800 08ab 63685468 		.ascii	"chThdSleep\000"
 4800      64536C65 
 4800      657000
 4801              	.LASF125:
 4802 08b6 63685F6D 		.ascii	"ch_mutex\000"
 4802      75746578 
 4802      00
 4803              	.LASF48:
 4804 08bf 726C6973 		.ascii	"rlist\000"
 4804      7400
 4805              	.LASF16:
 4806 08c5 75696E74 		.ascii	"uint8_t\000"
 4806      385F7400 
 4807              	.LASF96:
 4808 08cd 4F415231 		.ascii	"OAR1\000"
 4808      00
 4809              	.LASF97:
 4810 08d2 4F415232 		.ascii	"OAR2\000"
 4810      00
 4811              	.LASF37:
 4812 08d7 666C6167 		.ascii	"flags\000"
 4812      7300
 4813              	.LASF61:
 4814 08dd 70616E69 		.ascii	"panic_msg\000"
 4814      635F6D73 
 4814      6700
ARM GAS  C:\Users\DEVELO~1\AppData\Local\Temp\ccVnb1zc.s 			page 93


 4815              	.LASF146:
 4816 08e7 72656164 		.ascii	"read\000"
 4816      00
 4817              	.LASF79:
 4818 08ec 77746F62 		.ascii	"wtobjp\000"
 4818      6A7000
 4819              	.LASF32:
 4820 08f3 72717565 		.ascii	"rqueue\000"
 4820      756500
 4821              	.LASF55:
 4822 08fa 74726163 		.ascii	"trace_buffer\000"
 4822      655F6275 
 4822      66666572 
 4822      00
 4823              	.LASF179:
 4824 0907 73746172 		.ascii	"start\000"
 4824      7400
 4825              	.LASF144:
 4826 090d 696E7374 		.ascii	"instance_offset\000"
 4826      616E6365 
 4826      5F6F6666 
 4826      73657400 
 4827              	.LASF115:
 4828 091d 6C697374 		.ascii	"list\000"
 4828      00
 4829              	.LASF161:
 4830 0922 68616C5F 		.ascii	"hal_i2c_driver\000"
 4830      6932635F 
 4830      64726976 
 4830      657200
 4831              	.LASF133:
 4832 0931 69646C65 		.ascii	"idlethread_end\000"
 4832      74687265 
 4832      61645F65 
 4832      6E6400
 4833              	.LASF42:
 4834 0940 6D74786C 		.ascii	"mtxlist\000"
 4834      69737400 
 4835              	.LASF191:
 4836 0948 74786275 		.ascii	"txbuf\000"
 4836      6600
 4837              	.LASF165:
 4838 094e 74786279 		.ascii	"txbytes\000"
 4838      74657300 
 4839              	.LASF95:
 4840 0956 444D414D 		.ascii	"DMAMUX_Channel_TypeDef\000"
 4840      55585F43 
 4840      68616E6E 
 4840      656C5F54 
 4840      79706544 
 4841              	.LASF174:
 4842 096d 63687072 		.ascii	"chprintf\000"
 4842      696E7466 
 4842      00
 4843              		.ident	"GCC: (Arm GNU Toolchain 11.3.Rel1) 11.3.1 20220712"
ARM GAS  C:\Users\DEVELO~1\AppData\Local\Temp\ccVnb1zc.s 			page 94


DEFINED SYMBOLS
                            *ABS*:00000000 audio_codec_ada1979.c
C:\Users\DEVELO~1\AppData\Local\Temp\ccVnb1zc.s:18     .text.chTimeDiffX:00000000 $t
C:\Users\DEVELO~1\AppData\Local\Temp\ccVnb1zc.s:23     .text.chTimeDiffX:00000000 chTimeDiffX
C:\Users\DEVELO~1\AppData\Local\Temp\ccVnb1zc.s:59     .text.port_timer_get_time:00000000 $t
C:\Users\DEVELO~1\AppData\Local\Temp\ccVnb1zc.s:64     .text.port_timer_get_time:00000000 port_timer_get_time
C:\Users\DEVELO~1\AppData\Local\Temp\ccVnb1zc.s:87     .text.chVTGetSystemTimeX:00000000 $t
C:\Users\DEVELO~1\AppData\Local\Temp\ccVnb1zc.s:92     .text.chVTGetSystemTimeX:00000000 chVTGetSystemTimeX
C:\Users\DEVELO~1\AppData\Local\Temp\ccVnb1zc.s:115    .text.chVTTimeElapsedSinceX:00000000 $t
C:\Users\DEVELO~1\AppData\Local\Temp\ccVnb1zc.s:120    .text.chVTTimeElapsedSinceX:00000000 chVTTimeElapsedSinceX
C:\Users\DEVELO~1\AppData\Local\Temp\ccVnb1zc.s:154    .data.audio_i2c:00000000 $d
C:\Users\DEVELO~1\AppData\Local\Temp\ccVnb1zc.s:157    .data.audio_i2c:00000000 audio_i2c
C:\Users\DEVELO~1\AppData\Local\Temp\ccVnb1zc.s:160    .bss.adau1979_log:00000000 $d
C:\Users\DEVELO~1\AppData\Local\Temp\ccVnb1zc.s:163    .bss.adau1979_log:00000000 adau1979_log
C:\Users\DEVELO~1\AppData\Local\Temp\ccVnb1zc.s:166    .rodata.adau1979_addresses:00000000 $d
C:\Users\DEVELO~1\AppData\Local\Temp\ccVnb1zc.s:169    .rodata.adau1979_addresses:00000000 adau1979_addresses
C:\Users\DEVELO~1\AppData\Local\Temp\ccVnb1zc.s:172    .rodata.adau1979_default_i2c_cfg:00000000 $d
C:\Users\DEVELO~1\AppData\Local\Temp\ccVnb1zc.s:175    .rodata.adau1979_default_i2c_cfg:00000000 adau1979_default_i2c_cfg
C:\Users\DEVELO~1\AppData\Local\Temp\ccVnb1zc.s:180    .rodata:00000000 $d
C:\Users\DEVELO~1\AppData\Local\Temp\ccVnb1zc.s:191    .text.adau1979_write_reg:00000000 $t
C:\Users\DEVELO~1\AppData\Local\Temp\ccVnb1zc.s:196    .text.adau1979_write_reg:00000000 adau1979_write_reg
C:\Users\DEVELO~1\AppData\Local\Temp\ccVnb1zc.s:281    .text.adau1979_write_reg:00000070 $d
C:\Users\DEVELO~1\AppData\Local\Temp\ccVnb1zc.s:298    .text.adau1979_read_reg:00000000 $t
C:\Users\DEVELO~1\AppData\Local\Temp\ccVnb1zc.s:303    .text.adau1979_read_reg:00000000 adau1979_read_reg
C:\Users\DEVELO~1\AppData\Local\Temp\ccVnb1zc.s:384    .text.adau1979_read_reg:00000070 $d
C:\Users\DEVELO~1\AppData\Local\Temp\ccVnb1zc.s:392    .text.adau1979_broadcast_write:00000000 $t
C:\Users\DEVELO~1\AppData\Local\Temp\ccVnb1zc.s:397    .text.adau1979_broadcast_write:00000000 adau1979_broadcast_write
C:\Users\DEVELO~1\AppData\Local\Temp\ccVnb1zc.s:464    .text.adau1979_broadcast_write:0000004c $d
C:\Users\DEVELO~1\AppData\Local\Temp\ccVnb1zc.s:469    .text.adau1979_verify_devid:00000000 $t
C:\Users\DEVELO~1\AppData\Local\Temp\ccVnb1zc.s:474    .text.adau1979_verify_devid:00000000 adau1979_verify_devid
C:\Users\DEVELO~1\AppData\Local\Temp\ccVnb1zc.s:552    .text.adau1979_verify_devid:00000050 $d
C:\Users\DEVELO~1\AppData\Local\Temp\ccVnb1zc.s:557    .text.adau1979_wait_pll_locked:00000000 $t
C:\Users\DEVELO~1\AppData\Local\Temp\ccVnb1zc.s:562    .text.adau1979_wait_pll_locked:00000000 adau1979_wait_pll_locked
C:\Users\DEVELO~1\AppData\Local\Temp\ccVnb1zc.s:678    .text.adau1979_wait_pll_locked:00000084 $d
C:\Users\DEVELO~1\AppData\Local\Temp\ccVnb1zc.s:687    .text.adau1979_init:00000000 $t
C:\Users\DEVELO~1\AppData\Local\Temp\ccVnb1zc.s:693    .text.adau1979_init:00000000 adau1979_init
C:\Users\DEVELO~1\AppData\Local\Temp\ccVnb1zc.s:741    .text.adau1979_init:00000038 $d
C:\Users\DEVELO~1\AppData\Local\Temp\ccVnb1zc.s:753    .text.adau1979_set_default_config:00000000 $t
C:\Users\DEVELO~1\AppData\Local\Temp\ccVnb1zc.s:759    .text.adau1979_set_default_config:00000000 adau1979_set_default_config
C:\Users\DEVELO~1\AppData\Local\Temp\ccVnb1zc.s:1001   .text.adau1979_set_default_config:00000178 $d
C:\Users\DEVELO~1\AppData\Local\Temp\ccVnb1zc.s:1017   .text.adau1979_mute:00000000 $t
C:\Users\DEVELO~1\AppData\Local\Temp\ccVnb1zc.s:1023   .text.adau1979_mute:00000000 adau1979_mute
C:\Users\DEVELO~1\AppData\Local\Temp\ccVnb1zc.s:1143   .text.adau1979_mute:00000098 $d
C:\Users\DEVELO~1\AppData\Local\Temp\ccVnb1zc.s:1152   .text.adau1979_set_log_stream:00000000 $t
C:\Users\DEVELO~1\AppData\Local\Temp\ccVnb1zc.s:1158   .text.adau1979_set_log_stream:00000000 adau1979_set_log_stream
C:\Users\DEVELO~1\AppData\Local\Temp\ccVnb1zc.s:1191   .text.adau1979_set_log_stream:00000018 $d

UNDEFINED SYMBOLS
stGetCounter
I2CD3
i2cMasterTransmitTimeout
chprintf
chThdSleep
i2cStart
