ARM GAS  C:\Users\DEVELO~1\AppData\Local\Temp\ccfSEeL2.s 			page 1


   1              		.cpu cortex-m7
   2              		.arch armv7e-m
   3              		.fpu softvfp
   4              		.eabi_attribute 20, 1
   5              		.eabi_attribute 21, 1
   6              		.eabi_attribute 23, 3
   7              		.eabi_attribute 24, 1
   8              		.eabi_attribute 25, 1
   9              		.eabi_attribute 26, 1
  10              		.eabi_attribute 30, 2
  11              		.eabi_attribute 34, 1
  12              		.eabi_attribute 18, 4
  13              		.file	"board.c"
  14              		.text
  15              	.Ltext0:
  16              		.cfi_sections	.debug_frame
  17              		.section	.text.__early_init,"ax",%progbits
  18              		.align	1
  19              		.p2align 4,,15
  20              		.global	__early_init
  21              		.syntax unified
  22              		.thumb
  23              		.thumb_func
  24              		.type	__early_init, %function
  25              	__early_init:
  26              	.LFB434:
  27              		.file 1 "../../../os/hal/boards/STM32H743_LQFP176_CUSTOM/board.c"
  28              		.loc 1 211 25 view -0
  29              		.cfi_startproc
  30              		@ args = 0, pretend = 0, frame = 0
  31              		@ frame_needed = 0, uses_anonymous_args = 0
  32              		@ link register save eliminated.
  33              		.loc 1 213 3 view .LVU1
  34              	.LBB56:
  35              	.LBI56:
  36              		.loc 1 155 13 view .LVU2
  37              		.loc 1 159 3 view .LVU3
  38              	.LVL0:
  39              	.LBB57:
  40              	.LBI57:
  41              		.file 2 "../../../os/hal/ports/STM32/STM32H7xx/stm32_rcc.h"
  42              		.loc 2 121 22 view .LVU4
  43              	.LBB58:
  44              		.loc 2 124 3 view .LVU5
  45              		.loc 2 124 17 is_stmt 0 view .LVU6
  46 0000 6D4A     		ldr	r2, .L4
  47 0002 40F2FF70 		movw	r0, #2047
  48              	.LBE58:
  49              	.LBE57:
  50              	.LBB63:
  51              	.LBB64:
  52              		.loc 1 146 18 view .LVU7
  53 0006 0023     		movs	r3, #0
  54              	.LBE64:
  55              	.LBE63:
  56              	.LBB69:
  57              	.LBB59:
ARM GAS  C:\Users\DEVELO~1\AppData\Local\Temp\ccfSEeL2.s 			page 2


  58              		.loc 2 124 17 view .LVU8
  59 0008 D2F88810 		ldr	r1, [r2, #136]
  60 000c 0143     		orrs	r1, r1, r0
  61              	.LBE59:
  62              	.LBE69:
  63              	.LBE56:
  64              		.loc 1 211 25 view .LVU9
  65 000e 30B4     		push	{r4, r5}
  66              		.cfi_def_cfa_offset 8
  67              		.cfi_offset 4, -8
  68              		.cfi_offset 5, -4
  69              	.LBB137:
  70              	.LBB70:
  71              	.LBB60:
  72              		.loc 2 124 17 view .LVU10
  73 0010 C2F88810 		str	r1, [r2, #136]
  74              		.loc 2 125 3 is_stmt 1 view .LVU11
  75              		.loc 2 125 17 is_stmt 0 view .LVU12
  76 0014 694C     		ldr	r4, .L4+4
  77 0016 D2F88810 		ldr	r1, [r2, #136]
  78              	.LBE60:
  79              	.LBE70:
  80              	.LBB71:
  81              	.LBB65:
  82              		.loc 1 147 18 view .LVU13
  83 001a 694D     		ldr	r5, .L4+8
  84              	.LBE65:
  85              	.LBE71:
  86              	.LBB72:
  87              	.LBB61:
  88              		.loc 2 125 17 view .LVU14
  89 001c 0C40     		ands	r4, r4, r1
  90              	.LBE61:
  91              	.LBE72:
  92              	.LBB73:
  93              	.LBB66:
  94              		.loc 1 146 18 view .LVU15
  95 001e 6949     		ldr	r1, .L4+12
  96              	.LBE66:
  97              	.LBE73:
  98              	.LBB74:
  99              	.LBB62:
 100              		.loc 2 125 17 view .LVU16
 101 0020 C2F88840 		str	r4, [r2, #136]
 102              		.loc 2 126 3 is_stmt 1 view .LVU17
 103 0024 D2F88840 		ldr	r4, [r2, #136]
 104              	.LVL1:
 105              		.loc 2 126 3 is_stmt 0 view .LVU18
 106              	.LBE62:
 107              	.LBE74:
 108              		.loc 1 160 3 is_stmt 1 view .LVU19
 109              	.LBB75:
 110              	.LBI75:
 111              		.loc 2 853 22 view .LVU20
 112              	.LBB76:
 113              		.loc 2 857 3 view .LVU21
 114              		.loc 2 857 19 is_stmt 0 view .LVU22
ARM GAS  C:\Users\DEVELO~1\AppData\Local\Temp\ccfSEeL2.s 			page 3


 115 0028 D2F8E040 		ldr	r4, [r2, #224]
 116 002c 0443     		orrs	r4, r4, r0
 117 002e C2F8E040 		str	r4, [r2, #224]
 118              		.loc 2 858 3 is_stmt 1 view .LVU23
 119              		.loc 2 859 5 view .LVU24
 120              		.loc 2 859 23 is_stmt 0 view .LVU25
 121 0032 D2F80841 		ldr	r4, [r2, #264]
 122 0036 0443     		orrs	r4, r4, r0
 123              	.LBE76:
 124              	.LBE75:
 125              	.LBB79:
 126              	.LBB80:
 127              		.loc 1 146 18 view .LVU26
 128 0038 6348     		ldr	r0, .L4+16
 129              	.LBE80:
 130              	.LBE79:
 131              	.LBB83:
 132              	.LBB77:
 133              		.loc 2 859 23 view .LVU27
 134 003a C2F80841 		str	r4, [r2, #264]
 135              		.loc 2 864 3 is_stmt 1 view .LVU28
 136              	.LBE77:
 137              	.LBE83:
 138              	.LBB84:
 139              	.LBB81:
 140              		.loc 1 149 18 is_stmt 0 view .LVU29
 141 003e 8024     		movs	r4, #128
 142              	.LBE81:
 143              	.LBE84:
 144              	.LBB85:
 145              	.LBB78:
 146              		.loc 2 864 3 view .LVU30
 147 0040 D2F80821 		ldr	r2, [r2, #264]
 148              	.LVL2:
 149              		.loc 2 864 3 view .LVU31
 150              	.LBE78:
 151              	.LBE85:
 152              		.loc 1 164 3 is_stmt 1 view .LVU32
 153              	.LBB86:
 154              	.LBI63:
 155              		.loc 1 144 13 view .LVU33
 156              	.LBB67:
 157              		.loc 1 146 3 view .LVU34
 158              		.loc 1 149 18 is_stmt 0 view .LVU35
 159 0044 4FF4C042 		mov	r2, #24576
 160              		.loc 1 146 18 view .LVU36
 161 0048 4B60     		str	r3, [r1, #4]
 162              		.loc 1 147 3 is_stmt 1 view .LVU37
 163              		.loc 1 147 18 is_stmt 0 view .LVU38
 164 004a 8D60     		str	r5, [r1, #8]
 165              		.loc 1 148 3 is_stmt 1 view .LVU39
 166              		.loc 1 148 18 is_stmt 0 view .LVU40
 167 004c CB60     		str	r3, [r1, #12]
 168              		.loc 1 149 3 is_stmt 1 view .LVU41
 169              		.loc 1 149 18 is_stmt 0 view .LVU42
 170 004e 4A61     		str	r2, [r1, #20]
 171              		.loc 1 150 3 is_stmt 1 view .LVU43
ARM GAS  C:\Users\DEVELO~1\AppData\Local\Temp\ccfSEeL2.s 			page 4


 172              		.loc 1 150 18 is_stmt 0 view .LVU44
 173 0050 0A22     		movs	r2, #10
 174              	.LBE67:
 175              	.LBE86:
 176              	.LBB87:
 177              	.LBB88:
 178 0052 5E4D     		ldr	r5, .L4+20
 179              	.LBE88:
 180              	.LBE87:
 181              	.LBB92:
 182              	.LBB68:
 183 0054 0A62     		str	r2, [r1, #32]
 184              		.loc 1 151 3 is_stmt 1 view .LVU45
 185              		.loc 1 151 18 is_stmt 0 view .LVU46
 186 0056 5E4A     		ldr	r2, .L4+24
 187 0058 4A62     		str	r2, [r1, #36]
 188              		.loc 1 152 3 is_stmt 1 view .LVU47
 189              		.loc 1 152 18 is_stmt 0 view .LVU48
 190 005a 5E4A     		ldr	r2, .L4+28
 191 005c 0A60     		str	r2, [r1]
 192              	.LVL3:
 193              		.loc 1 152 18 view .LVU49
 194              	.LBE68:
 195              	.LBE92:
 196              		.loc 1 167 3 is_stmt 1 view .LVU50
 197              	.LBB93:
 198              	.LBI79:
 199              		.loc 1 144 13 view .LVU51
 200              	.LBB82:
 201              		.loc 1 146 3 view .LVU52
 202              		.loc 1 146 18 is_stmt 0 view .LVU53
 203 005e 4FF44062 		mov	r2, #3072
 204 0062 4260     		str	r2, [r0, #4]
 205              		.loc 1 147 3 is_stmt 1 view .LVU54
 206              		.loc 1 147 18 is_stmt 0 view .LVU55
 207 0064 5C4A     		ldr	r2, .L4+32
 208 0066 8260     		str	r2, [r0, #8]
 209              		.loc 1 148 3 is_stmt 1 view .LVU56
 210              		.loc 1 148 18 is_stmt 0 view .LVU57
 211 0068 4FF4A002 		mov	r2, #5242880
 212 006c C260     		str	r2, [r0, #12]
 213              		.loc 1 149 3 is_stmt 1 view .LVU58
 214              		.loc 1 150 18 is_stmt 0 view .LVU59
 215 006e 02F5B312 		add	r2, r2, #1466368
 216              		.loc 1 149 18 view .LVU60
 217 0072 4461     		str	r4, [r0, #20]
 218              		.loc 1 150 3 is_stmt 1 view .LVU61
 219              		.loc 1 150 18 is_stmt 0 view .LVU62
 220 0074 0262     		str	r2, [r0, #32]
 221              		.loc 1 151 3 is_stmt 1 view .LVU63
 222              		.loc 1 151 18 is_stmt 0 view .LVU64
 223 0076 594A     		ldr	r2, .L4+36
 224 0078 4262     		str	r2, [r0, #36]
 225              		.loc 1 152 3 is_stmt 1 view .LVU65
 226              		.loc 1 152 18 is_stmt 0 view .LVU66
 227 007a 594A     		ldr	r2, .L4+40
 228 007c 0260     		str	r2, [r0]
ARM GAS  C:\Users\DEVELO~1\AppData\Local\Temp\ccfSEeL2.s 			page 5


 229              	.LVL4:
 230              		.loc 1 152 18 view .LVU67
 231              	.LBE82:
 232              	.LBE93:
 233              		.loc 1 170 3 is_stmt 1 view .LVU68
 234              	.LBB94:
 235              	.LBI94:
 236              		.loc 1 144 13 view .LVU69
 237              	.LBB95:
 238              		.loc 1 146 3 view .LVU70
 239              		.loc 1 147 18 is_stmt 0 view .LVU71
 240 007e 5948     		ldr	r0, .L4+44
 241              		.loc 1 146 18 view .LVU72
 242 0080 C1F80438 		str	r3, [r1, #2052]
 243              		.loc 1 147 3 is_stmt 1 view .LVU73
 244              		.loc 1 147 18 is_stmt 0 view .LVU74
 245 0084 C1F80808 		str	r0, [r1, #2056]
 246              		.loc 1 148 3 is_stmt 1 view .LVU75
 247              		.loc 1 148 18 is_stmt 0 view .LVU76
 248 0088 5748     		ldr	r0, .L4+48
 249              	.LBE95:
 250              	.LBE94:
 251              	.LBB97:
 252              	.LBB98:
 253              		.loc 1 146 18 view .LVU77
 254 008a 584A     		ldr	r2, .L4+52
 255              	.LBE98:
 256              	.LBE97:
 257              	.LBB100:
 258              	.LBB96:
 259              		.loc 1 148 18 view .LVU78
 260 008c C1F80C08 		str	r0, [r1, #2060]
 261              		.loc 1 149 3 is_stmt 1 view .LVU79
 262              		.loc 1 151 18 is_stmt 0 view .LVU80
 263 0090 5748     		ldr	r0, .L4+56
 264              		.loc 1 149 18 view .LVU81
 265 0092 C1F81438 		str	r3, [r1, #2068]
 266              		.loc 1 150 3 is_stmt 1 view .LVU82
 267              		.loc 1 150 18 is_stmt 0 view .LVU83
 268 0096 C1F82038 		str	r3, [r1, #2080]
 269              		.loc 1 151 3 is_stmt 1 view .LVU84
 270              		.loc 1 151 18 is_stmt 0 view .LVU85
 271 009a C1F82408 		str	r0, [r1, #2084]
 272              		.loc 1 152 3 is_stmt 1 view .LVU86
 273              		.loc 1 152 18 is_stmt 0 view .LVU87
 274 009e 5548     		ldr	r0, .L4+60
 275 00a0 C1F80008 		str	r0, [r1, #2048]
 276              	.LVL5:
 277              		.loc 1 152 18 view .LVU88
 278              	.LBE96:
 279              	.LBE100:
 280              		.loc 1 173 3 is_stmt 1 view .LVU89
 281              	.LBB101:
 282              	.LBI97:
 283              		.loc 1 144 13 view .LVU90
 284              	.LBB99:
 285              		.loc 1 146 3 view .LVU91
ARM GAS  C:\Users\DEVELO~1\AppData\Local\Temp\ccfSEeL2.s 			page 6


 286              		.loc 1 149 18 is_stmt 0 view .LVU92
 287 00a4 4020     		movs	r0, #64
 288              		.loc 1 147 18 view .LVU93
 289 00a6 5449     		ldr	r1, .L4+64
 290              		.loc 1 146 18 view .LVU94
 291 00a8 5360     		str	r3, [r2, #4]
 292              		.loc 1 147 3 is_stmt 1 view .LVU95
 293              		.loc 1 147 18 is_stmt 0 view .LVU96
 294 00aa 9160     		str	r1, [r2, #8]
 295              		.loc 1 148 3 is_stmt 1 view .LVU97
 296              		.loc 1 148 18 is_stmt 0 view .LVU98
 297 00ac 1021     		movs	r1, #16
 298 00ae D160     		str	r1, [r2, #12]
 299              		.loc 1 149 3 is_stmt 1 view .LVU99
 300              		.loc 1 150 18 is_stmt 0 view .LVU100
 301 00b0 5249     		ldr	r1, .L4+68
 302              		.loc 1 149 18 view .LVU101
 303 00b2 5061     		str	r0, [r2, #20]
 304              		.loc 1 150 3 is_stmt 1 view .LVU102
 305              		.loc 1 150 18 is_stmt 0 view .LVU103
 306 00b4 1162     		str	r1, [r2, #32]
 307              		.loc 1 151 3 is_stmt 1 view .LVU104
 308              		.loc 1 151 18 is_stmt 0 view .LVU105
 309 00b6 01F1F841 		add	r1, r1, #2080374784
 310 00ba 5162     		str	r1, [r2, #36]
 311              		.loc 1 152 3 is_stmt 1 view .LVU106
 312              		.loc 1 152 18 is_stmt 0 view .LVU107
 313 00bc 5049     		ldr	r1, .L4+72
 314 00be 1160     		str	r1, [r2]
 315              	.LVL6:
 316              		.loc 1 152 18 view .LVU108
 317              	.LBE99:
 318              	.LBE101:
 319              		.loc 1 176 3 is_stmt 1 view .LVU109
 320              	.LBB102:
 321              	.LBI102:
 322              		.loc 1 144 13 view .LVU110
 323              	.LBB103:
 324              		.loc 1 146 3 view .LVU111
 325              		.loc 1 146 18 is_stmt 0 view .LVU112
 326 00c0 02F58062 		add	r2, r2, #1024
 327              		.loc 1 147 18 view .LVU113
 328 00c4 4F49     		ldr	r1, .L4+76
 329              		.loc 1 146 18 view .LVU114
 330 00c6 5360     		str	r3, [r2, #4]
 331              		.loc 1 147 3 is_stmt 1 view .LVU115
 332              		.loc 1 147 18 is_stmt 0 view .LVU116
 333 00c8 9160     		str	r1, [r2, #8]
 334              		.loc 1 148 3 is_stmt 1 view .LVU117
 335              		.loc 1 149 18 is_stmt 0 view .LVU118
 336 00ca 0421     		movs	r1, #4
 337              		.loc 1 148 18 view .LVU119
 338 00cc D360     		str	r3, [r2, #12]
 339              		.loc 1 149 3 is_stmt 1 view .LVU120
 340              		.loc 1 149 18 is_stmt 0 view .LVU121
 341 00ce 5161     		str	r1, [r2, #20]
 342              		.loc 1 150 3 is_stmt 1 view .LVU122
ARM GAS  C:\Users\DEVELO~1\AppData\Local\Temp\ccfSEeL2.s 			page 7


 343              		.loc 1 150 18 is_stmt 0 view .LVU123
 344 00d0 4D49     		ldr	r1, .L4+80
 345 00d2 1162     		str	r1, [r2, #32]
 346              		.loc 1 151 3 is_stmt 1 view .LVU124
 347              		.loc 1 151 18 is_stmt 0 view .LVU125
 348 00d4 4FF0CC31 		mov	r1, #-858993460
 349 00d8 5162     		str	r1, [r2, #36]
 350              		.loc 1 152 3 is_stmt 1 view .LVU126
 351              		.loc 1 152 18 is_stmt 0 view .LVU127
 352 00da 01F15E41 		add	r1, r1, #-570425344
 353 00de A1F50811 		sub	r1, r1, #2228224
 354 00e2 A1F6F241 		subw	r1, r1, #3314
 355 00e6 1160     		str	r1, [r2]
 356              	.LVL7:
 357              		.loc 1 152 18 view .LVU128
 358              	.LBE103:
 359              	.LBE102:
 360              		.loc 1 179 3 is_stmt 1 view .LVU129
 361              	.LBB104:
 362              	.LBI87:
 363              		.loc 1 144 13 view .LVU130
 364              	.LBB89:
 365              		.loc 1 146 3 view .LVU131
 366              		.loc 1 147 18 is_stmt 0 view .LVU132
 367 00e8 4849     		ldr	r1, .L4+84
 368              		.loc 1 146 18 view .LVU133
 369 00ea C2F80434 		str	r3, [r2, #1028]
 370              		.loc 1 147 3 is_stmt 1 view .LVU134
 371              		.loc 1 147 18 is_stmt 0 view .LVU135
 372 00ee C2F80814 		str	r1, [r2, #1032]
 373              		.loc 1 148 3 is_stmt 1 view .LVU136
 374              		.loc 1 148 18 is_stmt 0 view .LVU137
 375 00f2 C2F80C34 		str	r3, [r2, #1036]
 376              		.loc 1 149 3 is_stmt 1 view .LVU138
 377              		.loc 1 149 18 is_stmt 0 view .LVU139
 378 00f6 C2F81404 		str	r0, [r2, #1044]
 379              		.loc 1 150 3 is_stmt 1 view .LVU140
 380              		.loc 1 151 18 is_stmt 0 view .LVU141
 381 00fa 4548     		ldr	r0, .L4+88
 382              		.loc 1 150 18 view .LVU142
 383 00fc C2F82054 		str	r5, [r2, #1056]
 384              		.loc 1 151 3 is_stmt 1 view .LVU143
 385              		.loc 1 152 18 is_stmt 0 view .LVU144
 386 0100 6FF4D575 		mvn	r5, #426
 387              		.loc 1 151 18 view .LVU145
 388 0104 C2F82404 		str	r0, [r2, #1060]
 389              		.loc 1 152 3 is_stmt 1 view .LVU146
 390              		.loc 1 152 18 is_stmt 0 view .LVU147
 391 0108 A0F10950 		sub	r0, r0, #574619648
 392              	.LBE89:
 393              	.LBE104:
 394              	.LBB105:
 395              	.LBB106:
 396              		.loc 1 146 18 view .LVU148
 397 010c 4149     		ldr	r1, .L4+92
 398              	.LBE106:
 399              	.LBE105:
ARM GAS  C:\Users\DEVELO~1\AppData\Local\Temp\ccfSEeL2.s 			page 8


 400              	.LBB109:
 401              	.LBB90:
 402              		.loc 1 152 18 view .LVU149
 403 010e A0F50930 		sub	r0, r0, #140288
 404 0112 2844     		add	r0, r0, r5
 405              	.LBE90:
 406              	.LBE109:
 407              	.LBB110:
 408              	.LBB111:
 409              		.loc 1 147 18 view .LVU150
 410 0114 44F6F045 		movw	r5, #19696
 411              	.LBE111:
 412              	.LBE110:
 413              	.LBB116:
 414              	.LBB91:
 415              		.loc 1 152 18 view .LVU151
 416 0118 C2F80004 		str	r0, [r2, #1024]
 417              	.LVL8:
 418              		.loc 1 152 18 view .LVU152
 419              	.LBE91:
 420              	.LBE116:
 421              		.loc 1 182 3 is_stmt 1 view .LVU153
 422              	.LBB117:
 423              	.LBI105:
 424              		.loc 1 144 13 view .LVU154
 425              	.LBB107:
 426              		.loc 1 146 3 view .LVU155
 427              	.LBE107:
 428              	.LBE117:
 429              	.LBB118:
 430              	.LBB112:
 431              		.loc 1 146 18 is_stmt 0 view .LVU156
 432 011c 02F54062 		add	r2, r2, #3072
 433              	.LBE112:
 434              	.LBE118:
 435              	.LBB119:
 436              	.LBB108:
 437              		.loc 1 147 18 view .LVU157
 438 0120 3D48     		ldr	r0, .L4+96
 439              		.loc 1 146 18 view .LVU158
 440 0122 4B60     		str	r3, [r1, #4]
 441              		.loc 1 147 3 is_stmt 1 view .LVU159
 442              		.loc 1 147 18 is_stmt 0 view .LVU160
 443 0124 8860     		str	r0, [r1, #8]
 444              		.loc 1 148 3 is_stmt 1 view .LVU161
 445              		.loc 1 149 18 is_stmt 0 view .LVU162
 446 0126 4FF48060 		mov	r0, #1024
 447              		.loc 1 148 18 view .LVU163
 448 012a CB60     		str	r3, [r1, #12]
 449              		.loc 1 149 3 is_stmt 1 view .LVU164
 450              		.loc 1 149 18 is_stmt 0 view .LVU165
 451 012c 4861     		str	r0, [r1, #20]
 452              		.loc 1 150 3 is_stmt 1 view .LVU166
 453              		.loc 1 150 18 is_stmt 0 view .LVU167
 454 012e 3B48     		ldr	r0, .L4+100
 455 0130 0862     		str	r0, [r1, #32]
 456              		.loc 1 151 3 is_stmt 1 view .LVU168
ARM GAS  C:\Users\DEVELO~1\AppData\Local\Temp\ccfSEeL2.s 			page 9


 457              		.loc 1 151 18 is_stmt 0 view .LVU169
 458 0132 3B48     		ldr	r0, .L4+104
 459 0134 4862     		str	r0, [r1, #36]
 460              		.loc 1 152 3 is_stmt 1 view .LVU170
 461              		.loc 1 152 18 is_stmt 0 view .LVU171
 462 0136 A0F1D550 		sub	r0, r0, #446693376
 463 013a A0F5D410 		sub	r0, r0, #1736704
 464 013e A0F27250 		subw	r0, r0, #1394
 465 0142 0860     		str	r0, [r1]
 466              	.LVL9:
 467              		.loc 1 152 18 view .LVU172
 468              	.LBE108:
 469              	.LBE119:
 470              		.loc 1 185 3 is_stmt 1 view .LVU173
 471              	.LBB120:
 472              	.LBI110:
 473              		.loc 1 144 13 view .LVU174
 474              	.LBB113:
 475              		.loc 1 146 3 view .LVU175
 476              		.loc 1 146 18 is_stmt 0 view .LVU176
 477 0144 5360     		str	r3, [r2, #4]
 478              		.loc 1 147 3 is_stmt 1 view .LVU177
 479              		.loc 1 147 18 is_stmt 0 view .LVU178
 480 0146 9560     		str	r5, [r2, #8]
 481              		.loc 1 148 3 is_stmt 1 view .LVU179
 482              		.loc 1 148 18 is_stmt 0 view .LVU180
 483 0148 D360     		str	r3, [r2, #12]
 484              		.loc 1 149 3 is_stmt 1 view .LVU181
 485              		.loc 1 149 18 is_stmt 0 view .LVU182
 486 014a 5461     		str	r4, [r2, #20]
 487              		.loc 1 150 3 is_stmt 1 view .LVU183
 488              		.loc 1 150 18 is_stmt 0 view .LVU184
 489 014c 354C     		ldr	r4, .L4+108
 490              	.LBE113:
 491              	.LBE120:
 492              	.LBB121:
 493              	.LBB122:
 494              		.loc 1 146 18 view .LVU185
 495 014e 3648     		ldr	r0, .L4+112
 496              	.LBE122:
 497              	.LBE121:
 498              	.LBB126:
 499              	.LBB114:
 500              		.loc 1 150 18 view .LVU186
 501 0150 1462     		str	r4, [r2, #32]
 502              		.loc 1 151 3 is_stmt 1 view .LVU187
 503              	.LBE114:
 504              	.LBE126:
 505              	.LBB127:
 506              	.LBB123:
 507              		.loc 1 147 18 is_stmt 0 view .LVU188
 508 0152 364D     		ldr	r5, .L4+116
 509              	.LBE123:
 510              	.LBE127:
 511              	.LBB128:
 512              	.LBB115:
 513              		.loc 1 152 18 view .LVU189
ARM GAS  C:\Users\DEVELO~1\AppData\Local\Temp\ccfSEeL2.s 			page 10


 514 0154 364C     		ldr	r4, .L4+120
 515              		.loc 1 151 18 view .LVU190
 516 0156 5362     		str	r3, [r2, #36]
 517              		.loc 1 152 3 is_stmt 1 view .LVU191
 518              		.loc 1 152 18 is_stmt 0 view .LVU192
 519 0158 1460     		str	r4, [r2]
 520              	.LVL10:
 521              		.loc 1 152 18 view .LVU193
 522              	.LBE115:
 523              	.LBE128:
 524              		.loc 1 188 3 is_stmt 1 view .LVU194
 525              	.LBB129:
 526              	.LBI121:
 527              		.loc 1 144 13 view .LVU195
 528              	.LBB124:
 529              		.loc 1 146 3 view .LVU196
 530              	.LBE124:
 531              	.LBE129:
 532              	.LBB130:
 533              	.LBB131:
 534              		.loc 1 152 18 is_stmt 0 view .LVU197
 535 015a 4FF0FF34 		mov	r4, #-1
 536              	.LBE131:
 537              	.LBE130:
 538              	.LBB133:
 539              	.LBB125:
 540              		.loc 1 146 18 view .LVU198
 541 015e 4360     		str	r3, [r0, #4]
 542              		.loc 1 147 3 is_stmt 1 view .LVU199
 543              		.loc 1 147 18 is_stmt 0 view .LVU200
 544 0160 8560     		str	r5, [r0, #8]
 545              		.loc 1 148 3 is_stmt 1 view .LVU201
 546              		.loc 1 150 18 is_stmt 0 view .LVU202
 547 0162 A5F1AB45 		sub	r5, r5, #1434451968
 548              		.loc 1 148 18 view .LVU203
 549 0166 C360     		str	r3, [r0, #12]
 550              		.loc 1 149 3 is_stmt 1 view .LVU204
 551              		.loc 1 150 18 is_stmt 0 view .LVU205
 552 0168 A5F5DD15 		sub	r5, r5, #1810432
 553              		.loc 1 149 18 view .LVU206
 554 016c 4361     		str	r3, [r0, #20]
 555              		.loc 1 150 3 is_stmt 1 view .LVU207
 556              		.loc 1 150 18 is_stmt 0 view .LVU208
 557 016e A5F67C75 		subw	r5, r5, #3964
 558 0172 0562     		str	r5, [r0, #32]
 559              		.loc 1 151 3 is_stmt 1 view .LVU209
 560              		.loc 1 152 18 is_stmt 0 view .LVU210
 561 0174 2F4D     		ldr	r5, .L4+124
 562              		.loc 1 151 18 view .LVU211
 563 0176 4362     		str	r3, [r0, #36]
 564              		.loc 1 152 3 is_stmt 1 view .LVU212
 565              		.loc 1 152 18 is_stmt 0 view .LVU213
 566 0178 0560     		str	r5, [r0]
 567              	.LVL11:
 568              		.loc 1 152 18 view .LVU214
 569              	.LBE125:
 570              	.LBE133:
ARM GAS  C:\Users\DEVELO~1\AppData\Local\Temp\ccfSEeL2.s 			page 11


 571              		.loc 1 191 3 is_stmt 1 view .LVU215
 572              	.LBB134:
 573              	.LBI130:
 574              		.loc 1 144 13 view .LVU216
 575              	.LBB132:
 576              		.loc 1 146 3 view .LVU217
 577              		.loc 1 146 18 is_stmt 0 view .LVU218
 578 017a C1F8043C 		str	r3, [r1, #3076]
 579              		.loc 1 147 3 is_stmt 1 view .LVU219
 580              		.loc 1 147 18 is_stmt 0 view .LVU220
 581 017e C1F8083C 		str	r3, [r1, #3080]
 582              		.loc 1 148 3 is_stmt 1 view .LVU221
 583              		.loc 1 148 18 is_stmt 0 view .LVU222
 584 0182 C1F80C3C 		str	r3, [r1, #3084]
 585              		.loc 1 149 3 is_stmt 1 view .LVU223
 586              		.loc 1 149 18 is_stmt 0 view .LVU224
 587 0186 C1F8143C 		str	r3, [r1, #3092]
 588              		.loc 1 150 3 is_stmt 1 view .LVU225
 589              		.loc 1 150 18 is_stmt 0 view .LVU226
 590 018a C1F8203C 		str	r3, [r1, #3104]
 591              		.loc 1 151 3 is_stmt 1 view .LVU227
 592              		.loc 1 151 18 is_stmt 0 view .LVU228
 593 018e C1F8243C 		str	r3, [r1, #3108]
 594              		.loc 1 152 3 is_stmt 1 view .LVU229
 595              		.loc 1 152 18 is_stmt 0 view .LVU230
 596 0192 C1F8004C 		str	r4, [r1, #3072]
 597              	.LVL12:
 598              		.loc 1 152 18 view .LVU231
 599              	.LBE132:
 600              	.LBE134:
 601              		.loc 1 194 3 is_stmt 1 view .LVU232
 602              	.LBB135:
 603              	.LBI135:
 604              		.loc 1 144 13 view .LVU233
 605              	.LBB136:
 606              		.loc 1 146 3 view .LVU234
 607              		.loc 1 146 18 is_stmt 0 view .LVU235
 608 0196 C2F8043C 		str	r3, [r2, #3076]
 609              		.loc 1 147 3 is_stmt 1 view .LVU236
 610              		.loc 1 147 18 is_stmt 0 view .LVU237
 611 019a C2F8083C 		str	r3, [r2, #3080]
 612              		.loc 1 148 3 is_stmt 1 view .LVU238
 613              		.loc 1 148 18 is_stmt 0 view .LVU239
 614 019e C2F80C3C 		str	r3, [r2, #3084]
 615              		.loc 1 149 3 is_stmt 1 view .LVU240
 616              		.loc 1 149 18 is_stmt 0 view .LVU241
 617 01a2 C2F8143C 		str	r3, [r2, #3092]
 618              		.loc 1 150 3 is_stmt 1 view .LVU242
 619              		.loc 1 150 18 is_stmt 0 view .LVU243
 620 01a6 C2F8203C 		str	r3, [r2, #3104]
 621              		.loc 1 151 3 is_stmt 1 view .LVU244
 622              		.loc 1 151 18 is_stmt 0 view .LVU245
 623 01aa C2F8243C 		str	r3, [r2, #3108]
 624              		.loc 1 152 3 is_stmt 1 view .LVU246
 625              		.loc 1 152 18 is_stmt 0 view .LVU247
 626 01ae C2F8004C 		str	r4, [r2, #3072]
 627              	.LVL13:
ARM GAS  C:\Users\DEVELO~1\AppData\Local\Temp\ccfSEeL2.s 			page 12


 628              		.loc 1 152 18 view .LVU248
 629              	.LBE136:
 630              	.LBE135:
 631              	.LBE137:
 632              		.loc 1 214 3 is_stmt 1 view .LVU249
 633              		.loc 1 215 1 is_stmt 0 view .LVU250
 634 01b2 30BC     		pop	{r4, r5}
 635              		.cfi_restore 5
 636              		.cfi_restore 4
 637              		.cfi_def_cfa_offset 0
 638              		.loc 1 214 3 view .LVU251
 639 01b4 FFF7FEBF 		b	stm32_clock_init
 640              	.LVL14:
 641              	.L5:
 642              		.align	2
 643              	.L4:
 644 01b8 00440258 		.word	1476543488
 645 01bc 00F8FFFF 		.word	-2048
 646 01c0 1714FD3F 		.word	1073550359
 647 01c4 00000258 		.word	1476526080
 648 01c8 00040258 		.word	1476527104
 649 01cc CCCCCC50 		.word	1355599052
 650 01d0 70A70A00 		.word	698224
 651 01d4 D6D7A8EA 		.word	-358033450
 652 01d8 C04FF0FF 		.word	-1028160
 653 01dc 004488CC 		.word	-863484928
 654 01e0 BF7AAFAA 		.word	-1431340353
 655 01e4 0000FF07 		.word	134152192
 656 01e8 00005501 		.word	22347776
 657 01ec 000C0258 		.word	1476529152
 658 01f0 CCCC0C00 		.word	838860
 659 01f4 FFFFAAF2 		.word	-223674369
 660 01f8 3FD07FF0 		.word	-260059073
 661 01fc CC0C0050 		.word	1342180556
 662 0200 EA9F6AAF 		.word	-1351966742
 663 0204 1FC0FFFF 		.word	-16353
 664 0208 CC0000C0 		.word	-1073741620
 665 020c FFDFDFFF 		.word	-2105345
 666 0210 55C0CCCC 		.word	-858996651
 667 0214 00180258 		.word	1476532224
 668 0218 3F1FDFFF 		.word	-2154689
 669 021c CC0CCC00 		.word	13372620
 670 0220 5C5055C5 		.word	-984264612
 671 0224 00CCC000 		.word	12635136
 672 0228 00200258 		.word	1476534272
 673 022c CCFF4500 		.word	4587468
 674 0230 AF7BFFFF 		.word	-33873
 675 0234 BBAA71FF 		.word	-9327941
 676              		.cfi_endproc
 677              	.LFE434:
 678              		.size	__early_init, .-__early_init
 679              		.section	.text.sdc_lld_is_card_inserted,"ax",%progbits
 680              		.align	1
 681              		.p2align 4,,15
 682              		.global	sdc_lld_is_card_inserted
 683              		.syntax unified
 684              		.thumb
ARM GAS  C:\Users\DEVELO~1\AppData\Local\Temp\ccfSEeL2.s 			page 13


 685              		.thumb_func
 686              		.type	sdc_lld_is_card_inserted, %function
 687              	sdc_lld_is_card_inserted:
 688              	.LVL15:
 689              	.LFB435:
 690              		.loc 1 221 48 is_stmt 1 view -0
 691              		.cfi_startproc
 692              		@ args = 0, pretend = 0, frame = 0
 693              		@ frame_needed = 0, uses_anonymous_args = 0
 694              		@ link register save eliminated.
 695              		.loc 1 223 3 view .LVU253
 696              		.loc 1 225 3 view .LVU254
 697              		.loc 1 226 1 is_stmt 0 view .LVU255
 698 0000 0120     		movs	r0, #1
 699              	.LVL16:
 700              		.loc 1 226 1 view .LVU256
 701 0002 7047     		bx	lr
 702              		.cfi_endproc
 703              	.LFE435:
 704              		.size	sdc_lld_is_card_inserted, .-sdc_lld_is_card_inserted
 705              		.section	.text.sdc_lld_is_write_protected,"ax",%progbits
 706              		.align	1
 707              		.p2align 4,,15
 708              		.global	sdc_lld_is_write_protected
 709              		.syntax unified
 710              		.thumb
 711              		.thumb_func
 712              		.type	sdc_lld_is_write_protected, %function
 713              	sdc_lld_is_write_protected:
 714              	.LVL17:
 715              	.LFB436:
 716              		.loc 1 231 50 is_stmt 1 view -0
 717              		.cfi_startproc
 718              		@ args = 0, pretend = 0, frame = 0
 719              		@ frame_needed = 0, uses_anonymous_args = 0
 720              		@ link register save eliminated.
 721              		.loc 1 233 3 view .LVU258
 722              		.loc 1 235 3 view .LVU259
 723              		.loc 1 236 1 is_stmt 0 view .LVU260
 724 0000 0020     		movs	r0, #0
 725              	.LVL18:
 726              		.loc 1 236 1 view .LVU261
 727 0002 7047     		bx	lr
 728              		.cfi_endproc
 729              	.LFE436:
 730              		.size	sdc_lld_is_write_protected, .-sdc_lld_is_write_protected
 731              		.section	.text.mmc_lld_is_card_inserted,"ax",%progbits
 732              		.align	1
 733              		.p2align 4,,15
 734              		.global	mmc_lld_is_card_inserted
 735              		.syntax unified
 736              		.thumb
 737              		.thumb_func
 738              		.type	mmc_lld_is_card_inserted, %function
 739              	mmc_lld_is_card_inserted:
 740              	.LFB441:
 741              		.cfi_startproc
ARM GAS  C:\Users\DEVELO~1\AppData\Local\Temp\ccfSEeL2.s 			page 14


 742              		@ args = 0, pretend = 0, frame = 0
 743              		@ frame_needed = 0, uses_anonymous_args = 0
 744              		@ link register save eliminated.
 745 0000 0120     		movs	r0, #1
 746 0002 7047     		bx	lr
 747              		.cfi_endproc
 748              	.LFE441:
 749              		.size	mmc_lld_is_card_inserted, .-mmc_lld_is_card_inserted
 750              		.section	.text.mmc_lld_is_write_protected,"ax",%progbits
 751              		.align	1
 752              		.p2align 4,,15
 753              		.global	mmc_lld_is_write_protected
 754              		.syntax unified
 755              		.thumb
 756              		.thumb_func
 757              		.type	mmc_lld_is_write_protected, %function
 758              	mmc_lld_is_write_protected:
 759              	.LFB443:
 760              		.cfi_startproc
 761              		@ args = 0, pretend = 0, frame = 0
 762              		@ frame_needed = 0, uses_anonymous_args = 0
 763              		@ link register save eliminated.
 764 0000 0020     		movs	r0, #0
 765 0002 7047     		bx	lr
 766              		.cfi_endproc
 767              	.LFE443:
 768              		.size	mmc_lld_is_write_protected, .-mmc_lld_is_write_protected
 769              		.section	.text.boardInit,"ax",%progbits
 770              		.align	1
 771              		.p2align 4,,15
 772              		.global	boardInit
 773              		.syntax unified
 774              		.thumb
 775              		.thumb_func
 776              		.type	boardInit, %function
 777              	boardInit:
 778              	.LFB439:
 779              		.loc 1 265 22 is_stmt 1 view -0
 780              		.cfi_startproc
 781              		@ args = 0, pretend = 0, frame = 0
 782              		@ frame_needed = 0, uses_anonymous_args = 0
 783              		@ link register save eliminated.
 784              		.loc 1 266 1 view .LVU263
 785 0000 7047     		bx	lr
 786              		.cfi_endproc
 787              	.LFE439:
 788              		.size	boardInit, .-boardInit
 789 0002 00BF     		.text
 790              	.Letext0:
 791              		.file 3 "c:\\chibistudio\\tools\\gnu tools arm embedded\\11.3 2022.08\\lib\\gcc\\arm-none-eabi\\11
 792              		.file 4 "c:\\chibistudio\\tools\\gnu tools arm embedded\\11.3 2022.08\\arm-none-eabi\\include\\mac
 793              		.file 5 "c:\\chibistudio\\tools\\gnu tools arm embedded\\11.3 2022.08\\arm-none-eabi\\include\\sys
 794              		.file 6 "c:\\chibistudio\\tools\\gnu tools arm embedded\\11.3 2022.08\\arm-none-eabi\\include\\std
 795              		.file 7 "../../../os/common/ports/ARM-common/chtypes.h"
 796              		.file 8 "../../../os/rt/include/chearly.h"
 797              		.file 9 "../../../os/rt/include/chobjects.h"
 798              		.file 10 "../../../os/rt/include/chrfcu.h"
ARM GAS  C:\Users\DEVELO~1\AppData\Local\Temp\ccfSEeL2.s 			page 15


 799              		.file 11 "../../../os/rt/include/chdebug.h"
 800              		.file 12 "../../../os/rt/include/chtime.h"
 801              		.file 13 "../../../os/rt/include/chlists.h"
 802              		.file 14 "../../../os/rt/include/chtrace.h"
 803              		.file 15 "../../../os/common/ext/ST/STM32H7xx/stm32h743xx.h"
 804              		.file 16 "../../../os/common/ports/ARMv7-M/chcore.h"
 805              		.file 17 "../../../os/rt/include/chsem.h"
 806              		.file 18 "../../../os/rt/include/chmtx.h"
 807              		.file 19 "../../../os/hal/ports/STM32/LLD/DMAv2/stm32_dma.h"
 808              		.file 20 "../../../os/hal/ports/STM32/LLD/BDMAv1/stm32_bdma.h"
 809              		.file 21 "../../../os/hal/include/hal_ioblock.h"
 810              		.file 22 "../../../os/hal/ports/STM32/LLD/GPIOv2/stm32_gpio.h"
 811              		.file 23 "../../../os/hal/ports/STM32/LLD/GPIOv2/hal_pal_lld.h"
 812              		.file 24 "../../../os/hal/include/hal_sdc.h"
 813              		.file 25 "../../../os/hal/ports/STM32/LLD/SDMMCv2/hal_sdc_lld.h"
 814              		.file 26 "../../../os/hal/include/hal_spi_v2.h"
 815              		.file 27 "../../../os/hal/include/hal_mmc_spi.h"
 816              		.file 28 "../../../os/hal/ports/STM32/STM32H7xx/hal_lld.h"
 817              		.section	.debug_info,"",%progbits
 818              	.Ldebug_info0:
 819 0000 DE1E0000 		.4byte	0x1ede
 820 0004 0500     		.2byte	0x5
 821 0006 01       		.byte	0x1
 822 0007 04       		.byte	0x4
 823 0008 00000000 		.4byte	.Ldebug_abbrev0
 824 000c 23       		.uleb128 0x23
 825 000d 85080000 		.4byte	.LASF352
 826 0011 1D       		.byte	0x1d
 827 0012 C5010000 		.4byte	.LASF353
 828 0016 7E020000 		.4byte	.LASF354
 829 001a D3000000 		.4byte	.LLRL39
 830 001e 00000000 		.4byte	0
 831 0022 00000000 		.4byte	.Ldebug_line0
 832 0026 24       		.uleb128 0x24
 833 0027 04       		.byte	0x4
 834 0028 05       		.byte	0x5
 835 0029 696E7400 		.ascii	"int\000"
 836 002d 03       		.uleb128 0x3
 837 002e B0040000 		.4byte	.LASF4
 838 0032 03       		.byte	0x3
 839 0033 D1       		.byte	0xd1
 840 0034 17       		.byte	0x17
 841 0035 39000000 		.4byte	0x39
 842 0039 0C       		.uleb128 0xc
 843 003a 04       		.byte	0x4
 844 003b 07       		.byte	0x7
 845 003c E1000000 		.4byte	.LASF0
 846 0040 0C       		.uleb128 0xc
 847 0041 08       		.byte	0x8
 848 0042 05       		.byte	0x5
 849 0043 C7060000 		.4byte	.LASF1
 850 0047 0C       		.uleb128 0xc
 851 0048 08       		.byte	0x8
 852 0049 04       		.byte	0x4
 853 004a 2F080000 		.4byte	.LASF2
 854 004e 0C       		.uleb128 0xc
 855 004f 01       		.byte	0x1
ARM GAS  C:\Users\DEVELO~1\AppData\Local\Temp\ccfSEeL2.s 			page 16


 856 0050 06       		.byte	0x6
 857 0051 0B0D0000 		.4byte	.LASF3
 858 0055 03       		.uleb128 0x3
 859 0056 BF0A0000 		.4byte	.LASF5
 860 005a 04       		.byte	0x4
 861 005b 2B       		.byte	0x2b
 862 005c 18       		.byte	0x18
 863 005d 61000000 		.4byte	0x61
 864 0061 0C       		.uleb128 0xc
 865 0062 01       		.byte	0x1
 866 0063 08       		.byte	0x8
 867 0064 E50B0000 		.4byte	.LASF6
 868 0068 0C       		.uleb128 0xc
 869 0069 02       		.byte	0x2
 870 006a 05       		.byte	0x5
 871 006b 95090000 		.4byte	.LASF7
 872 006f 03       		.uleb128 0x3
 873 0070 D2030000 		.4byte	.LASF8
 874 0074 04       		.byte	0x4
 875 0075 39       		.byte	0x39
 876 0076 19       		.byte	0x19
 877 0077 7B000000 		.4byte	0x7b
 878 007b 0C       		.uleb128 0xc
 879 007c 02       		.byte	0x2
 880 007d 07       		.byte	0x7
 881 007e 300D0000 		.4byte	.LASF9
 882 0082 03       		.uleb128 0x3
 883 0083 B9050000 		.4byte	.LASF10
 884 0087 04       		.byte	0x4
 885 0088 4D       		.byte	0x4d
 886 0089 18       		.byte	0x18
 887 008a 8E000000 		.4byte	0x8e
 888 008e 0C       		.uleb128 0xc
 889 008f 04       		.byte	0x4
 890 0090 05       		.byte	0x5
 891 0091 0A000000 		.4byte	.LASF11
 892 0095 03       		.uleb128 0x3
 893 0096 070C0000 		.4byte	.LASF12
 894 009a 04       		.byte	0x4
 895 009b 4F       		.byte	0x4f
 896 009c 19       		.byte	0x19
 897 009d A1000000 		.4byte	0xa1
 898 00a1 0C       		.uleb128 0xc
 899 00a2 04       		.byte	0x4
 900 00a3 07       		.byte	0x7
 901 00a4 370B0000 		.4byte	.LASF13
 902 00a8 03       		.uleb128 0x3
 903 00a9 23060000 		.4byte	.LASF14
 904 00ad 04       		.byte	0x4
 905 00ae 69       		.byte	0x69
 906 00af 19       		.byte	0x19
 907 00b0 B4000000 		.4byte	0xb4
 908 00b4 0C       		.uleb128 0xc
 909 00b5 08       		.byte	0x8
 910 00b6 07       		.byte	0x7
 911 00b7 77030000 		.4byte	.LASF15
 912 00bb 03       		.uleb128 0x3
ARM GAS  C:\Users\DEVELO~1\AppData\Local\Temp\ccfSEeL2.s 			page 17


 913 00bc 46060000 		.4byte	.LASF16
 914 00c0 05       		.byte	0x5
 915 00c1 18       		.byte	0x18
 916 00c2 13       		.byte	0x13
 917 00c3 55000000 		.4byte	0x55
 918 00c7 0B       		.uleb128 0xb
 919 00c8 BB000000 		.4byte	0xbb
 920 00cc 03       		.uleb128 0x3
 921 00cd 3B080000 		.4byte	.LASF17
 922 00d1 05       		.byte	0x5
 923 00d2 24       		.byte	0x24
 924 00d3 14       		.byte	0x14
 925 00d4 6F000000 		.4byte	0x6f
 926 00d8 03       		.uleb128 0x3
 927 00d9 6F0B0000 		.4byte	.LASF18
 928 00dd 05       		.byte	0x5
 929 00de 2C       		.byte	0x2c
 930 00df 13       		.byte	0x13
 931 00e0 82000000 		.4byte	0x82
 932 00e4 03       		.uleb128 0x3
 933 00e5 F3000000 		.4byte	.LASF19
 934 00e9 05       		.byte	0x5
 935 00ea 30       		.byte	0x30
 936 00eb 14       		.byte	0x14
 937 00ec 95000000 		.4byte	0x95
 938 00f0 19       		.uleb128 0x19
 939 00f1 E4000000 		.4byte	0xe4
 940 00f5 0B       		.uleb128 0xb
 941 00f6 F0000000 		.4byte	0xf0
 942 00fa 03       		.uleb128 0x3
 943 00fb B40C0000 		.4byte	.LASF20
 944 00ff 05       		.byte	0x5
 945 0100 3C       		.byte	0x3c
 946 0101 14       		.byte	0x14
 947 0102 A8000000 		.4byte	0xa8
 948 0106 19       		.uleb128 0x19
 949 0107 FA000000 		.4byte	0xfa
 950 010b 03       		.uleb128 0x3
 951 010c 070B0000 		.4byte	.LASF21
 952 0110 06       		.byte	0x6
 953 0111 34       		.byte	0x34
 954 0112 1F       		.byte	0x1f
 955 0113 39000000 		.4byte	0x39
 956 0117 03       		.uleb128 0x3
 957 0118 010A0000 		.4byte	.LASF22
 958 011c 07       		.byte	0x7
 959 011d 48       		.byte	0x48
 960 011e 1D       		.byte	0x1d
 961 011f FA000000 		.4byte	0xfa
 962 0123 03       		.uleb128 0x3
 963 0124 5C0D0000 		.4byte	.LASF23
 964 0128 08       		.byte	0x8
 965 0129 50       		.byte	0x50
 966 012a 19       		.byte	0x19
 967 012b 17010000 		.4byte	0x117
 968 012f 03       		.uleb128 0x3
 969 0130 E1020000 		.4byte	.LASF24
ARM GAS  C:\Users\DEVELO~1\AppData\Local\Temp\ccfSEeL2.s 			page 18


 970 0134 08       		.byte	0x8
 971 0135 53       		.byte	0x53
 972 0136 19       		.byte	0x19
 973 0137 BB000000 		.4byte	0xbb
 974 013b 03       		.uleb128 0x3
 975 013c E8050000 		.4byte	.LASF25
 976 0140 08       		.byte	0x8
 977 0141 54       		.byte	0x54
 978 0142 19       		.byte	0x19
 979 0143 BB000000 		.4byte	0xbb
 980 0147 03       		.uleb128 0x3
 981 0148 280B0000 		.4byte	.LASF26
 982 014c 08       		.byte	0x8
 983 014d 55       		.byte	0x55
 984 014e 19       		.byte	0x19
 985 014f BB000000 		.4byte	0xbb
 986 0153 03       		.uleb128 0x3
 987 0154 4B030000 		.4byte	.LASF27
 988 0158 08       		.byte	0x8
 989 0159 57       		.byte	0x57
 990 015a 19       		.byte	0x19
 991 015b E4000000 		.4byte	0xe4
 992 015f 03       		.uleb128 0x3
 993 0160 E6060000 		.4byte	.LASF28
 994 0164 08       		.byte	0x8
 995 0165 58       		.byte	0x58
 996 0166 19       		.byte	0x19
 997 0167 D8000000 		.4byte	0xd8
 998 016b 03       		.uleb128 0x3
 999 016c 04030000 		.4byte	.LASF29
 1000 0170 08       		.byte	0x8
 1001 0171 5A       		.byte	0x5a
 1002 0172 19       		.byte	0x19
 1003 0173 E4000000 		.4byte	0xe4
 1004 0177 03       		.uleb128 0x3
 1005 0178 DD030000 		.4byte	.LASF30
 1006 017c 08       		.byte	0x8
 1007 017d 5C       		.byte	0x5c
 1008 017e 19       		.byte	0x19
 1009 017f D8000000 		.4byte	0xd8
 1010 0183 03       		.uleb128 0x3
 1011 0184 A30E0000 		.4byte	.LASF31
 1012 0188 08       		.byte	0x8
 1013 0189 80       		.byte	0x80
 1014 018a 12       		.byte	0x12
 1015 018b 39000000 		.4byte	0x39
 1016 018f 03       		.uleb128 0x3
 1017 0190 8A040000 		.4byte	.LASF32
 1018 0194 08       		.byte	0x8
 1019 0195 85       		.byte	0x85
 1020 0196 1A       		.byte	0x1a
 1021 0197 9B010000 		.4byte	0x19b
 1022 019b 09       		.uleb128 0x9
 1023 019c 72060000 		.4byte	.LASF47
 1024 01a0 48       		.byte	0x48
 1025 01a1 09       		.byte	0x9
 1026 01a2 9C       		.byte	0x9c
ARM GAS  C:\Users\DEVELO~1\AppData\Local\Temp\ccfSEeL2.s 			page 19


 1027 01a3 08       		.byte	0x8
 1028 01a4 7E020000 		.4byte	0x27e
 1029 01a8 07       		.uleb128 0x7
 1030 01a9 68647200 		.ascii	"hdr\000"
 1031 01ad 09       		.byte	0x9
 1032 01ae AD       		.byte	0xad
 1033 01af 05       		.byte	0x5
 1034 01b0 DC0E0000 		.4byte	0xedc
 1035 01b4 00       		.byte	0
 1036 01b5 07       		.uleb128 0x7
 1037 01b6 63747800 		.ascii	"ctx\000"
 1038 01ba 09       		.byte	0x9
 1039 01bb B1       		.byte	0xb1
 1040 01bc 21       		.byte	0x21
 1041 01bd 470E0000 		.4byte	0xe47
 1042 01c1 0C       		.byte	0xc
 1043 01c2 02       		.uleb128 0x2
 1044 01c3 03070000 		.4byte	.LASF33
 1045 01c7 09       		.byte	0x9
 1046 01c8 B6       		.byte	0xb6
 1047 01c9 21       		.byte	0x21
 1048 01ca CC030000 		.4byte	0x3cc
 1049 01ce 10       		.byte	0x10
 1050 01cf 02       		.uleb128 0x2
 1051 01d0 34040000 		.4byte	.LASF34
 1052 01d4 09       		.byte	0x9
 1053 01d5 BB       		.byte	0xbb
 1054 01d6 22       		.byte	0x22
 1055 01d7 E00F0000 		.4byte	0xfe0
 1056 01db 18       		.byte	0x18
 1057 01dc 02       		.uleb128 0x2
 1058 01dd 38000000 		.4byte	.LASF35
 1059 01e1 09       		.byte	0x9
 1060 01e2 C0       		.byte	0xc0
 1061 01e3 22       		.byte	0x22
 1062 01e4 66030000 		.4byte	0x366
 1063 01e8 1C       		.byte	0x1c
 1064 01e9 02       		.uleb128 0x2
 1065 01ea E1050000 		.4byte	.LASF36
 1066 01ee 09       		.byte	0x9
 1067 01ef C9       		.byte	0xc9
 1068 01f0 22       		.byte	0x22
 1069 01f1 E50F0000 		.4byte	0xfe5
 1070 01f5 20       		.byte	0x20
 1071 01f6 02       		.uleb128 0x2
 1072 01f7 8C0C0000 		.4byte	.LASF37
 1073 01fb 09       		.byte	0x9
 1074 01fc CE       		.byte	0xce
 1075 01fd 21       		.byte	0x21
 1076 01fe 3B010000 		.4byte	0x13b
 1077 0202 24       		.byte	0x24
 1078 0203 02       		.uleb128 0x2
 1079 0204 98000000 		.4byte	.LASF38
 1080 0208 09       		.byte	0x9
 1081 0209 D2       		.byte	0xd2
 1082 020a 21       		.byte	0x21
 1083 020b 2F010000 		.4byte	0x12f
ARM GAS  C:\Users\DEVELO~1\AppData\Local\Temp\ccfSEeL2.s 			page 20


 1084 020f 25       		.byte	0x25
 1085 0210 02       		.uleb128 0x2
 1086 0211 49010000 		.4byte	.LASF39
 1087 0215 09       		.byte	0x9
 1088 0216 D7       		.byte	0xd7
 1089 0217 21       		.byte	0x21
 1090 0218 47010000 		.4byte	0x147
 1091 021c 26       		.byte	0x26
 1092 021d 05       		.uleb128 0x5
 1093 021e 7500     		.ascii	"u\000"
 1094 0220 09       		.byte	0x9
 1095 0221 2801     		.2byte	0x128
 1096 0223 21       		.byte	0x21
 1097 0224 0A0F0000 		.4byte	0xf0a
 1098 0228 28       		.byte	0x28
 1099 0229 01       		.uleb128 0x1
 1100 022a 120C0000 		.4byte	.LASF40
 1101 022e 09       		.byte	0x9
 1102 022f 2D01     		.2byte	0x12d
 1103 0231 21       		.byte	0x21
 1104 0232 A0030000 		.4byte	0x3a0
 1105 0236 2C       		.byte	0x2c
 1106 0237 01       		.uleb128 0x1
 1107 0238 53060000 		.4byte	.LASF41
 1108 023c 09       		.byte	0x9
 1109 023d 3301     		.2byte	0x133
 1110 023f 21       		.byte	0x21
 1111 0240 CC030000 		.4byte	0x3cc
 1112 0244 30       		.byte	0x30
 1113 0245 01       		.uleb128 0x1
 1114 0246 D8000000 		.4byte	.LASF42
 1115 024a 09       		.byte	0x9
 1116 024b 3901     		.2byte	0x139
 1117 024d 21       		.byte	0x21
 1118 024e 6B010000 		.4byte	0x16b
 1119 0252 38       		.byte	0x38
 1120 0253 01       		.uleb128 0x1
 1121 0254 5D040000 		.4byte	.LASF43
 1122 0258 09       		.byte	0x9
 1123 0259 4001     		.2byte	0x140
 1124 025b 22       		.byte	0x22
 1125 025c DB0F0000 		.4byte	0xfdb
 1126 0260 3C       		.byte	0x3c
 1127 0261 01       		.uleb128 0x1
 1128 0262 A8000000 		.4byte	.LASF44
 1129 0266 09       		.byte	0x9
 1130 0267 4401     		.2byte	0x144
 1131 0269 21       		.byte	0x21
 1132 026a 53010000 		.4byte	0x153
 1133 026e 40       		.byte	0x40
 1134 026f 01       		.uleb128 0x1
 1135 0270 AD0E0000 		.4byte	.LASF45
 1136 0274 09       		.byte	0x9
 1137 0275 4B01     		.2byte	0x14b
 1138 0277 22       		.byte	0x22
 1139 0278 BA040000 		.4byte	0x4ba
 1140 027c 44       		.byte	0x44
ARM GAS  C:\Users\DEVELO~1\AppData\Local\Temp\ccfSEeL2.s 			page 21


 1141 027d 00       		.byte	0
 1142 027e 03       		.uleb128 0x3
 1143 027f A60C0000 		.4byte	.LASF46
 1144 0283 08       		.byte	0x8
 1145 0284 8A       		.byte	0x8a
 1146 0285 1F       		.byte	0x1f
 1147 0286 8A020000 		.4byte	0x28a
 1148 028a 25       		.uleb128 0x25
 1149 028b 14050000 		.4byte	.LASF48
 1150 028f 9008     		.2byte	0x890
 1151 0291 09       		.byte	0x9
 1152 0292 8A01     		.2byte	0x18a
 1153 0294 08       		.byte	0x8
 1154 0295 18030000 		.4byte	0x318
 1155 0299 01       		.uleb128 0x1
 1156 029a 890A0000 		.4byte	.LASF49
 1157 029e 09       		.byte	0x9
 1158 029f 8E01     		.2byte	0x18e
 1159 02a1 21       		.byte	0x21
 1160 02a2 15100000 		.4byte	0x1015
 1161 02a6 00       		.byte	0
 1162 02a7 01       		.uleb128 0x1
 1163 02a8 8E010000 		.4byte	.LASF50
 1164 02ac 09       		.byte	0x9
 1165 02ad 9201     		.2byte	0x192
 1166 02af 21       		.byte	0x21
 1167 02b0 9D0E0000 		.4byte	0xe9d
 1168 02b4 10       		.byte	0x10
 1169 02b5 01       		.uleb128 0x1
 1170 02b6 CB0C0000 		.4byte	.LASF51
 1171 02ba 09       		.byte	0x9
 1172 02bb 9901     		.2byte	0x199
 1173 02bd 21       		.byte	0x21
 1174 02be C40E0000 		.4byte	0xec4
 1175 02c2 28       		.byte	0x28
 1176 02c3 01       		.uleb128 0x1
 1177 02c4 330E0000 		.4byte	.LASF52
 1178 02c8 09       		.byte	0x9
 1179 02c9 9E01     		.2byte	0x19e
 1180 02cb 21       		.byte	0x21
 1181 02cc 83010000 		.4byte	0x183
 1182 02d0 30       		.byte	0x30
 1183 02d1 01       		.uleb128 0x1
 1184 02d2 7C040000 		.4byte	.LASF53
 1185 02d6 09       		.byte	0x9
 1186 02d7 A401     		.2byte	0x1a4
 1187 02d9 21       		.byte	0x21
 1188 02da 3F030000 		.4byte	0x33f
 1189 02de 34       		.byte	0x34
 1190 02df 01       		.uleb128 0x1
 1191 02e0 7E080000 		.4byte	.LASF54
 1192 02e4 09       		.byte	0x9
 1193 02e5 A901     		.2byte	0x1a9
 1194 02e7 22       		.byte	0x22
 1195 02e8 89100000 		.4byte	0x1089
 1196 02ec 38       		.byte	0x38
 1197 02ed 01       		.uleb128 0x1
ARM GAS  C:\Users\DEVELO~1\AppData\Local\Temp\ccfSEeL2.s 			page 22


 1198 02ee 810C0000 		.4byte	.LASF55
 1199 02f2 09       		.byte	0x9
 1200 02f3 AD01     		.2byte	0x1ad
 1201 02f5 21       		.byte	0x21
 1202 02f6 8F010000 		.4byte	0x18f
 1203 02fa 3C       		.byte	0x3c
 1204 02fb 05       		.uleb128 0x5
 1205 02fc 64626700 		.ascii	"dbg\000"
 1206 0300 09       		.byte	0x9
 1207 0301 B101     		.2byte	0x1b1
 1208 0303 21       		.byte	0x21
 1209 0304 7C030000 		.4byte	0x37c
 1210 0308 84       		.byte	0x84
 1211 0309 01       		.uleb128 0x1
 1212 030a A9030000 		.4byte	.LASF56
 1213 030e 09       		.byte	0x9
 1214 030f B601     		.2byte	0x1b6
 1215 0311 21       		.byte	0x21
 1216 0312 1B060000 		.4byte	0x61b
 1217 0316 88       		.byte	0x88
 1218 0317 00       		.byte	0
 1219 0318 03       		.uleb128 0x3
 1220 0319 AD050000 		.4byte	.LASF57
 1221 031d 0A       		.byte	0xa
 1222 031e 3F       		.byte	0x3f
 1223 031f 12       		.byte	0x12
 1224 0320 E4000000 		.4byte	0xe4
 1225 0324 09       		.uleb128 0x9
 1226 0325 87000000 		.4byte	.LASF58
 1227 0329 04       		.byte	0x4
 1228 032a 0A       		.byte	0xa
 1229 032b 44       		.byte	0x44
 1230 032c 10       		.byte	0x10
 1231 032d 3F030000 		.4byte	0x33f
 1232 0331 02       		.uleb128 0x2
 1233 0332 94070000 		.4byte	.LASF59
 1234 0336 0A       		.byte	0xa
 1235 0337 48       		.byte	0x48
 1236 0338 21       		.byte	0x21
 1237 0339 18030000 		.4byte	0x318
 1238 033d 00       		.byte	0
 1239 033e 00       		.byte	0
 1240 033f 03       		.uleb128 0x3
 1241 0340 840B0000 		.4byte	.LASF60
 1242 0344 0A       		.byte	0xa
 1243 0345 49       		.byte	0x49
 1244 0346 03       		.byte	0x3
 1245 0347 24030000 		.4byte	0x324
 1246 034b 09       		.uleb128 0x9
 1247 034c 6E020000 		.4byte	.LASF61
 1248 0350 04       		.byte	0x4
 1249 0351 0B       		.byte	0xb
 1250 0352 3E       		.byte	0x3e
 1251 0353 10       		.byte	0x10
 1252 0354 66030000 		.4byte	0x366
 1253 0358 02       		.uleb128 0x2
 1254 0359 CB070000 		.4byte	.LASF62
ARM GAS  C:\Users\DEVELO~1\AppData\Local\Temp\ccfSEeL2.s 			page 23


 1255 035d 0B       		.byte	0xb
 1256 035e 46       		.byte	0x46
 1257 035f 24       		.byte	0x24
 1258 0360 6B030000 		.4byte	0x36b
 1259 0364 00       		.byte	0
 1260 0365 00       		.byte	0
 1261 0366 04       		.uleb128 0x4
 1262 0367 77030000 		.4byte	0x377
 1263 036b 19       		.uleb128 0x19
 1264 036c 66030000 		.4byte	0x366
 1265 0370 0C       		.uleb128 0xc
 1266 0371 01       		.byte	0x1
 1267 0372 08       		.byte	0x8
 1268 0373 98050000 		.4byte	.LASF63
 1269 0377 0B       		.uleb128 0xb
 1270 0378 70030000 		.4byte	0x370
 1271 037c 03       		.uleb128 0x3
 1272 037d A4060000 		.4byte	.LASF64
 1273 0381 0B       		.byte	0xb
 1274 0382 51       		.byte	0x51
 1275 0383 03       		.byte	0x3
 1276 0384 4B030000 		.4byte	0x34b
 1277 0388 03       		.uleb128 0x3
 1278 0389 9E000000 		.4byte	.LASF65
 1279 038d 0C       		.byte	0xc
 1280 038e 6D       		.byte	0x6d
 1281 038f 12       		.byte	0x12
 1282 0390 E4000000 		.4byte	0xe4
 1283 0394 03       		.uleb128 0x3
 1284 0395 B5070000 		.4byte	.LASF66
 1285 0399 0C       		.byte	0xc
 1286 039a 79       		.byte	0x79
 1287 039b 12       		.byte	0x12
 1288 039c E4000000 		.4byte	0xe4
 1289 03a0 03       		.uleb128 0x3
 1290 03a1 44080000 		.4byte	.LASF67
 1291 03a5 0D       		.byte	0xd
 1292 03a6 32       		.byte	0x32
 1293 03a7 18       		.byte	0x18
 1294 03a8 AC030000 		.4byte	0x3ac
 1295 03ac 09       		.uleb128 0x9
 1296 03ad 3D020000 		.4byte	.LASF68
 1297 03b1 04       		.byte	0x4
 1298 03b2 0D       		.byte	0xd
 1299 03b3 38       		.byte	0x38
 1300 03b4 08       		.byte	0x8
 1301 03b5 C7030000 		.4byte	0x3c7
 1302 03b9 02       		.uleb128 0x2
 1303 03ba EE000000 		.4byte	.LASF69
 1304 03be 0D       		.byte	0xd
 1305 03bf 39       		.byte	0x39
 1306 03c0 1A       		.byte	0x1a
 1307 03c1 C7030000 		.4byte	0x3c7
 1308 03c5 00       		.byte	0
 1309 03c6 00       		.byte	0
 1310 03c7 04       		.uleb128 0x4
 1311 03c8 A0030000 		.4byte	0x3a0
ARM GAS  C:\Users\DEVELO~1\AppData\Local\Temp\ccfSEeL2.s 			page 24


 1312 03cc 03       		.uleb128 0x3
 1313 03cd AB010000 		.4byte	.LASF70
 1314 03d1 0D       		.byte	0xd
 1315 03d2 3F       		.byte	0x3f
 1316 03d3 19       		.byte	0x19
 1317 03d4 D8030000 		.4byte	0x3d8
 1318 03d8 09       		.uleb128 0x9
 1319 03d9 BA0B0000 		.4byte	.LASF71
 1320 03dd 08       		.byte	0x8
 1321 03de 0D       		.byte	0xd
 1322 03df 45       		.byte	0x45
 1323 03e0 08       		.byte	0x8
 1324 03e1 00040000 		.4byte	0x400
 1325 03e5 02       		.uleb128 0x2
 1326 03e6 EE000000 		.4byte	.LASF69
 1327 03ea 0D       		.byte	0xd
 1328 03eb 46       		.byte	0x46
 1329 03ec 1A       		.byte	0x1a
 1330 03ed 00040000 		.4byte	0x400
 1331 03f1 00       		.byte	0
 1332 03f2 02       		.uleb128 0x2
 1333 03f3 20020000 		.4byte	.LASF72
 1334 03f7 0D       		.byte	0xd
 1335 03f8 47       		.byte	0x47
 1336 03f9 1A       		.byte	0x1a
 1337 03fa 00040000 		.4byte	0x400
 1338 03fe 04       		.byte	0x4
 1339 03ff 00       		.byte	0
 1340 0400 04       		.uleb128 0x4
 1341 0401 CC030000 		.4byte	0x3cc
 1342 0405 03       		.uleb128 0x3
 1343 0406 C3040000 		.4byte	.LASF73
 1344 040a 0D       		.byte	0xd
 1345 040b 4E       		.byte	0x4e
 1346 040c 22       		.byte	0x22
 1347 040d 11040000 		.4byte	0x411
 1348 0411 09       		.uleb128 0x9
 1349 0412 9F0B0000 		.4byte	.LASF74
 1350 0416 0C       		.byte	0xc
 1351 0417 0D       		.byte	0xd
 1352 0418 55       		.byte	0x55
 1353 0419 08       		.byte	0x8
 1354 041a 46040000 		.4byte	0x446
 1355 041e 02       		.uleb128 0x2
 1356 041f EE000000 		.4byte	.LASF69
 1357 0423 0D       		.byte	0xd
 1358 0424 56       		.byte	0x56
 1359 0425 1A       		.byte	0x1a
 1360 0426 46040000 		.4byte	0x446
 1361 042a 00       		.byte	0
 1362 042b 02       		.uleb128 0x2
 1363 042c 20020000 		.4byte	.LASF72
 1364 0430 0D       		.byte	0xd
 1365 0431 57       		.byte	0x57
 1366 0432 1A       		.byte	0x1a
 1367 0433 46040000 		.4byte	0x446
 1368 0437 04       		.byte	0x4
ARM GAS  C:\Users\DEVELO~1\AppData\Local\Temp\ccfSEeL2.s 			page 25


 1369 0438 02       		.uleb128 0x2
 1370 0439 5F050000 		.4byte	.LASF75
 1371 043d 0D       		.byte	0xd
 1372 043e 58       		.byte	0x58
 1373 043f 19       		.byte	0x19
 1374 0440 53010000 		.4byte	0x153
 1375 0444 08       		.byte	0x8
 1376 0445 00       		.byte	0
 1377 0446 04       		.uleb128 0x4
 1378 0447 05040000 		.4byte	0x405
 1379 044b 03       		.uleb128 0x3
 1380 044c 9D050000 		.4byte	.LASF76
 1381 0450 0D       		.byte	0xd
 1382 0451 5F       		.byte	0x5f
 1383 0452 1E       		.byte	0x1e
 1384 0453 57040000 		.4byte	0x457
 1385 0457 09       		.uleb128 0x9
 1386 0458 E9020000 		.4byte	.LASF77
 1387 045c 0C       		.byte	0xc
 1388 045d 0D       		.byte	0xd
 1389 045e 64       		.byte	0x64
 1390 045f 08       		.byte	0x8
 1391 0460 8C040000 		.4byte	0x48c
 1392 0464 02       		.uleb128 0x2
 1393 0465 EE000000 		.4byte	.LASF69
 1394 0469 0D       		.byte	0xd
 1395 046a 65       		.byte	0x65
 1396 046b 1A       		.byte	0x1a
 1397 046c 8C040000 		.4byte	0x48c
 1398 0470 00       		.byte	0
 1399 0471 02       		.uleb128 0x2
 1400 0472 20020000 		.4byte	.LASF72
 1401 0476 0D       		.byte	0xd
 1402 0477 66       		.byte	0x66
 1403 0478 1A       		.byte	0x1a
 1404 0479 8C040000 		.4byte	0x48c
 1405 047d 04       		.byte	0x4
 1406 047e 02       		.uleb128 0x2
 1407 047f 1E0D0000 		.4byte	.LASF78
 1408 0483 0D       		.byte	0xd
 1409 0484 67       		.byte	0x67
 1410 0485 19       		.byte	0x19
 1411 0486 94030000 		.4byte	0x394
 1412 048a 08       		.byte	0x8
 1413 048b 00       		.byte	0
 1414 048c 04       		.uleb128 0x4
 1415 048d 4B040000 		.4byte	0x44b
 1416 0491 0A       		.uleb128 0xa
 1417 0492 08       		.byte	0x8
 1418 0493 0E       		.byte	0xe
 1419 0494 83       		.byte	0x83
 1420 0495 05       		.byte	0x5
 1421 0496 B5040000 		.4byte	0x4b5
 1422 049a 07       		.uleb128 0x7
 1423 049b 6E747000 		.ascii	"ntp\000"
 1424 049f 0E       		.byte	0xe
 1425 04a0 87       		.byte	0x87
ARM GAS  C:\Users\DEVELO~1\AppData\Local\Temp\ccfSEeL2.s 			page 26


 1426 04a1 1E       		.byte	0x1e
 1427 04a2 B5040000 		.4byte	0x4b5
 1428 04a6 00       		.byte	0
 1429 04a7 02       		.uleb128 0x2
 1430 04a8 82010000 		.4byte	.LASF79
 1431 04ac 0E       		.byte	0xe
 1432 04ad 8B       		.byte	0x8b
 1433 04ae 1E       		.byte	0x1e
 1434 04af BA040000 		.4byte	0x4ba
 1435 04b3 04       		.byte	0x4
 1436 04b4 00       		.byte	0
 1437 04b5 04       		.uleb128 0x4
 1438 04b6 8F010000 		.4byte	0x18f
 1439 04ba 26       		.uleb128 0x26
 1440 04bb 04       		.byte	0x4
 1441 04bc 0A       		.uleb128 0xa
 1442 04bd 08       		.byte	0x8
 1443 04be 0E       		.byte	0xe
 1444 04bf 90       		.byte	0x90
 1445 04c0 05       		.byte	0x5
 1446 04c1 DF040000 		.4byte	0x4df
 1447 04c5 07       		.uleb128 0x7
 1448 04c6 747000   		.ascii	"tp\000"
 1449 04c9 0E       		.byte	0xe
 1450 04ca 94       		.byte	0x94
 1451 04cb 1E       		.byte	0x1e
 1452 04cc B5040000 		.4byte	0x4b5
 1453 04d0 00       		.byte	0
 1454 04d1 07       		.uleb128 0x7
 1455 04d2 6D736700 		.ascii	"msg\000"
 1456 04d6 0E       		.byte	0xe
 1457 04d7 98       		.byte	0x98
 1458 04d8 1D       		.byte	0x1d
 1459 04d9 5F010000 		.4byte	0x15f
 1460 04dd 04       		.byte	0x4
 1461 04de 00       		.byte	0
 1462 04df 0A       		.uleb128 0xa
 1463 04e0 04       		.byte	0x4
 1464 04e1 0E       		.byte	0xe
 1465 04e2 9D       		.byte	0x9d
 1466 04e3 05       		.byte	0x5
 1467 04e4 F6040000 		.4byte	0x4f6
 1468 04e8 02       		.uleb128 0x2
 1469 04e9 38000000 		.4byte	.LASF35
 1470 04ed 0E       		.byte	0xe
 1471 04ee A1       		.byte	0xa1
 1472 04ef 1E       		.byte	0x1e
 1473 04f0 66030000 		.4byte	0x366
 1474 04f4 00       		.byte	0
 1475 04f5 00       		.byte	0
 1476 04f6 0A       		.uleb128 0xa
 1477 04f7 04       		.byte	0x4
 1478 04f8 0E       		.byte	0xe
 1479 04f9 A6       		.byte	0xa6
 1480 04fa 05       		.byte	0x5
 1481 04fb 0D050000 		.4byte	0x50d
 1482 04ff 02       		.uleb128 0x2
ARM GAS  C:\Users\DEVELO~1\AppData\Local\Temp\ccfSEeL2.s 			page 27


 1483 0500 A2030000 		.4byte	.LASF80
 1484 0504 0E       		.byte	0xe
 1485 0505 AA       		.byte	0xaa
 1486 0506 1E       		.byte	0x1e
 1487 0507 66030000 		.4byte	0x366
 1488 050b 00       		.byte	0
 1489 050c 00       		.byte	0
 1490 050d 0A       		.uleb128 0xa
 1491 050e 08       		.byte	0x8
 1492 050f 0E       		.byte	0xe
 1493 0510 AF       		.byte	0xaf
 1494 0511 05       		.byte	0x5
 1495 0512 31050000 		.4byte	0x531
 1496 0516 07       		.uleb128 0x7
 1497 0517 75703100 		.ascii	"up1\000"
 1498 051b 0E       		.byte	0xe
 1499 051c B3       		.byte	0xb3
 1500 051d 1E       		.byte	0x1e
 1501 051e BA040000 		.4byte	0x4ba
 1502 0522 00       		.byte	0
 1503 0523 07       		.uleb128 0x7
 1504 0524 75703200 		.ascii	"up2\000"
 1505 0528 0E       		.byte	0xe
 1506 0529 B7       		.byte	0xb7
 1507 052a 1E       		.byte	0x1e
 1508 052b BA040000 		.4byte	0x4ba
 1509 052f 04       		.byte	0x4
 1510 0530 00       		.byte	0
 1511 0531 14       		.uleb128 0x14
 1512 0532 08       		.byte	0x8
 1513 0533 0E       		.byte	0xe
 1514 0534 7F       		.byte	0x7f
 1515 0535 03       		.byte	0x3
 1516 0536 76050000 		.4byte	0x576
 1517 053a 12       		.uleb128 0x12
 1518 053b 737700   		.ascii	"sw\000"
 1519 053e 0E       		.byte	0xe
 1520 053f 8C       		.byte	0x8c
 1521 0540 07       		.byte	0x7
 1522 0541 91040000 		.4byte	0x491
 1523 0545 12       		.uleb128 0x12
 1524 0546 72647900 		.ascii	"rdy\000"
 1525 054a 0E       		.byte	0xe
 1526 054b 99       		.byte	0x99
 1527 054c 07       		.byte	0x7
 1528 054d BC040000 		.4byte	0x4bc
 1529 0551 12       		.uleb128 0x12
 1530 0552 69737200 		.ascii	"isr\000"
 1531 0556 0E       		.byte	0xe
 1532 0557 A2       		.byte	0xa2
 1533 0558 07       		.byte	0x7
 1534 0559 DF040000 		.4byte	0x4df
 1535 055d 11       		.uleb128 0x11
 1536 055e 72030000 		.4byte	.LASF81
 1537 0562 0E       		.byte	0xe
 1538 0563 AB       		.byte	0xab
 1539 0564 07       		.byte	0x7
ARM GAS  C:\Users\DEVELO~1\AppData\Local\Temp\ccfSEeL2.s 			page 28


 1540 0565 F6040000 		.4byte	0x4f6
 1541 0569 11       		.uleb128 0x11
 1542 056a A1040000 		.4byte	.LASF82
 1543 056e 0E       		.byte	0xe
 1544 056f B8       		.byte	0xb8
 1545 0570 07       		.byte	0x7
 1546 0571 0D050000 		.4byte	0x50d
 1547 0575 00       		.byte	0
 1548 0576 0A       		.uleb128 0xa
 1549 0577 10       		.byte	0x10
 1550 0578 0E       		.byte	0xe
 1551 0579 6C       		.byte	0x6c
 1552 057a 09       		.byte	0x9
 1553 057b BC050000 		.4byte	0x5bc
 1554 057f 1C       		.uleb128 0x1c
 1555 0580 D00B0000 		.4byte	.LASF83
 1556 0584 70       		.byte	0x70
 1557 0585 E4000000 		.4byte	0xe4
 1558 0589 03       		.byte	0x3
 1559 058a 00       		.byte	0
 1560 058b 1C       		.uleb128 0x1c
 1561 058c 8C0C0000 		.4byte	.LASF37
 1562 0590 74       		.byte	0x74
 1563 0591 E4000000 		.4byte	0xe4
 1564 0595 05       		.byte	0x5
 1565 0596 03       		.byte	0x3
 1566 0597 1C       		.uleb128 0x1c
 1567 0598 560B0000 		.4byte	.LASF84
 1568 059c 7A       		.byte	0x7a
 1569 059d E4000000 		.4byte	0xe4
 1570 05a1 18       		.byte	0x18
 1571 05a2 08       		.byte	0x8
 1572 05a3 02       		.uleb128 0x2
 1573 05a4 53030000 		.4byte	.LASF85
 1574 05a8 0E       		.byte	0xe
 1575 05a9 7E       		.byte	0x7e
 1576 05aa 19       		.byte	0x19
 1577 05ab 88030000 		.4byte	0x388
 1578 05af 04       		.byte	0x4
 1579 05b0 07       		.uleb128 0x7
 1580 05b1 7500     		.ascii	"u\000"
 1581 05b3 0E       		.byte	0xe
 1582 05b4 B9       		.byte	0xb9
 1583 05b5 05       		.byte	0x5
 1584 05b6 31050000 		.4byte	0x531
 1585 05ba 08       		.byte	0x8
 1586 05bb 00       		.byte	0
 1587 05bc 03       		.uleb128 0x3
 1588 05bd 1C030000 		.4byte	.LASF86
 1589 05c1 0E       		.byte	0xe
 1590 05c2 BA       		.byte	0xba
 1591 05c3 03       		.byte	0x3
 1592 05c4 76050000 		.4byte	0x576
 1593 05c8 1E       		.uleb128 0x1e
 1594 05c9 0808     		.2byte	0x808
 1595 05cb 0E       		.byte	0xe
 1596 05cc C0       		.byte	0xc0
ARM GAS  C:\Users\DEVELO~1\AppData\Local\Temp\ccfSEeL2.s 			page 29


 1597 05cd 06060000 		.4byte	0x606
 1598 05d1 02       		.uleb128 0x2
 1599 05d2 FC000000 		.4byte	.LASF87
 1600 05d6 0E       		.byte	0xe
 1601 05d7 C4       		.byte	0xc4
 1602 05d8 19       		.byte	0x19
 1603 05d9 CC000000 		.4byte	0xcc
 1604 05dd 00       		.byte	0
 1605 05de 02       		.uleb128 0x2
 1606 05df 75070000 		.4byte	.LASF88
 1607 05e3 0E       		.byte	0xe
 1608 05e4 C8       		.byte	0xc8
 1609 05e5 19       		.byte	0x19
 1610 05e6 CC000000 		.4byte	0xcc
 1611 05ea 02       		.byte	0x2
 1612 05eb 07       		.uleb128 0x7
 1613 05ec 70747200 		.ascii	"ptr\000"
 1614 05f0 0E       		.byte	0xe
 1615 05f1 CC       		.byte	0xcc
 1616 05f2 1A       		.byte	0x1a
 1617 05f3 06060000 		.4byte	0x606
 1618 05f7 04       		.byte	0x4
 1619 05f8 02       		.uleb128 0x2
 1620 05f9 B1000000 		.4byte	.LASF89
 1621 05fd 0E       		.byte	0xe
 1622 05fe D0       		.byte	0xd0
 1623 05ff 19       		.byte	0x19
 1624 0600 0B060000 		.4byte	0x60b
 1625 0604 08       		.byte	0x8
 1626 0605 00       		.byte	0
 1627 0606 04       		.uleb128 0x4
 1628 0607 BC050000 		.4byte	0x5bc
 1629 060b 15       		.uleb128 0x15
 1630 060c BC050000 		.4byte	0x5bc
 1631 0610 1B060000 		.4byte	0x61b
 1632 0614 16       		.uleb128 0x16
 1633 0615 39000000 		.4byte	0x39
 1634 0619 7F       		.byte	0x7f
 1635 061a 00       		.byte	0
 1636 061b 03       		.uleb128 0x3
 1637 061c DB070000 		.4byte	.LASF90
 1638 0620 0E       		.byte	0xe
 1639 0621 D1       		.byte	0xd1
 1640 0622 03       		.byte	0x3
 1641 0623 C8050000 		.4byte	0x5c8
 1642 0627 15       		.uleb128 0x15
 1643 0628 E4000000 		.4byte	0xe4
 1644 062c 37060000 		.4byte	0x637
 1645 0630 16       		.uleb128 0x16
 1646 0631 39000000 		.4byte	0x39
 1647 0635 07       		.byte	0x7
 1648 0636 00       		.byte	0
 1649 0637 15       		.uleb128 0x15
 1650 0638 E4000000 		.4byte	0xe4
 1651 063c 47060000 		.4byte	0x647
 1652 0640 16       		.uleb128 0x16
 1653 0641 39000000 		.4byte	0x39
ARM GAS  C:\Users\DEVELO~1\AppData\Local\Temp\ccfSEeL2.s 			page 30


 1654 0645 03       		.byte	0x3
 1655 0646 00       		.byte	0
 1656 0647 17       		.uleb128 0x17
 1657 0648 18       		.byte	0x18
 1658 0649 0F       		.byte	0xf
 1659 064a 3002     		.2byte	0x230
 1660 064c A4060000 		.4byte	0x6a4
 1661 0650 05       		.uleb128 0x5
 1662 0651 435200   		.ascii	"CR\000"
 1663 0654 0F       		.byte	0xf
 1664 0655 3202     		.2byte	0x232
 1665 0657 11       		.byte	0x11
 1666 0658 F0000000 		.4byte	0xf0
 1667 065c 00       		.byte	0
 1668 065d 01       		.uleb128 0x1
 1669 065e C0010000 		.4byte	.LASF91
 1670 0662 0F       		.byte	0xf
 1671 0663 3302     		.2byte	0x233
 1672 0665 11       		.byte	0x11
 1673 0666 F0000000 		.4byte	0xf0
 1674 066a 04       		.byte	0x4
 1675 066b 05       		.uleb128 0x5
 1676 066c 50415200 		.ascii	"PAR\000"
 1677 0670 0F       		.byte	0xf
 1678 0671 3402     		.2byte	0x234
 1679 0673 11       		.byte	0x11
 1680 0674 F0000000 		.4byte	0xf0
 1681 0678 08       		.byte	0x8
 1682 0679 01       		.uleb128 0x1
 1683 067a 0F050000 		.4byte	.LASF92
 1684 067e 0F       		.byte	0xf
 1685 067f 3502     		.2byte	0x235
 1686 0681 11       		.byte	0x11
 1687 0682 F0000000 		.4byte	0xf0
 1688 0686 0C       		.byte	0xc
 1689 0687 01       		.uleb128 0x1
 1690 0688 F80A0000 		.4byte	.LASF93
 1691 068c 0F       		.byte	0xf
 1692 068d 3602     		.2byte	0x236
 1693 068f 11       		.byte	0x11
 1694 0690 F0000000 		.4byte	0xf0
 1695 0694 10       		.byte	0x10
 1696 0695 05       		.uleb128 0x5
 1697 0696 46435200 		.ascii	"FCR\000"
 1698 069a 0F       		.byte	0xf
 1699 069b 3702     		.2byte	0x237
 1700 069d 11       		.byte	0x11
 1701 069e F0000000 		.4byte	0xf0
 1702 06a2 14       		.byte	0x14
 1703 06a3 00       		.byte	0
 1704 06a4 0F       		.uleb128 0xf
 1705 06a5 62070000 		.4byte	.LASF94
 1706 06a9 0F       		.byte	0xf
 1707 06aa 3802     		.2byte	0x238
 1708 06ac 03       		.byte	0x3
 1709 06ad 47060000 		.4byte	0x647
 1710 06b1 17       		.uleb128 0x17
ARM GAS  C:\Users\DEVELO~1\AppData\Local\Temp\ccfSEeL2.s 			page 31


 1711 06b2 14       		.byte	0x14
 1712 06b3 0F       		.byte	0xf
 1713 06b4 4202     		.2byte	0x242
 1714 06b6 01070000 		.4byte	0x701
 1715 06ba 05       		.uleb128 0x5
 1716 06bb 43435200 		.ascii	"CCR\000"
 1717 06bf 0F       		.byte	0xf
 1718 06c0 4402     		.2byte	0x244
 1719 06c2 11       		.byte	0x11
 1720 06c3 F0000000 		.4byte	0xf0
 1721 06c7 00       		.byte	0
 1722 06c8 01       		.uleb128 0x1
 1723 06c9 68020000 		.4byte	.LASF95
 1724 06cd 0F       		.byte	0xf
 1725 06ce 4502     		.2byte	0x245
 1726 06d0 11       		.byte	0x11
 1727 06d1 F0000000 		.4byte	0xf0
 1728 06d5 04       		.byte	0x4
 1729 06d6 01       		.uleb128 0x1
 1730 06d7 44010000 		.4byte	.LASF96
 1731 06db 0F       		.byte	0xf
 1732 06dc 4602     		.2byte	0x246
 1733 06de 11       		.byte	0x11
 1734 06df F0000000 		.4byte	0xf0
 1735 06e3 08       		.byte	0x8
 1736 06e4 01       		.uleb128 0x1
 1737 06e5 240D0000 		.4byte	.LASF97
 1738 06e9 0F       		.byte	0xf
 1739 06ea 4702     		.2byte	0x247
 1740 06ec 11       		.byte	0x11
 1741 06ed F0000000 		.4byte	0xf0
 1742 06f1 0C       		.byte	0xc
 1743 06f2 01       		.uleb128 0x1
 1744 06f3 560A0000 		.4byte	.LASF98
 1745 06f7 0F       		.byte	0xf
 1746 06f8 4802     		.2byte	0x248
 1747 06fa 11       		.byte	0x11
 1748 06fb F0000000 		.4byte	0xf0
 1749 06ff 10       		.byte	0x10
 1750 0700 00       		.byte	0
 1751 0701 0F       		.uleb128 0xf
 1752 0702 0A070000 		.4byte	.LASF99
 1753 0706 0F       		.byte	0xf
 1754 0707 4902     		.2byte	0x249
 1755 0709 03       		.byte	0x3
 1756 070a B1060000 		.4byte	0x6b1
 1757 070e 17       		.uleb128 0x17
 1758 070f 08       		.byte	0x8
 1759 0710 0F       		.byte	0xf
 1760 0711 4B02     		.2byte	0x24b
 1761 0713 34070000 		.4byte	0x734
 1762 0717 05       		.uleb128 0x5
 1763 0718 49535200 		.ascii	"ISR\000"
 1764 071c 0F       		.byte	0xf
 1765 071d 4D02     		.2byte	0x24d
 1766 071f 11       		.byte	0x11
 1767 0720 F0000000 		.4byte	0xf0
ARM GAS  C:\Users\DEVELO~1\AppData\Local\Temp\ccfSEeL2.s 			page 32


 1768 0724 00       		.byte	0
 1769 0725 01       		.uleb128 0x1
 1770 0726 750D0000 		.4byte	.LASF100
 1771 072a 0F       		.byte	0xf
 1772 072b 4E02     		.2byte	0x24e
 1773 072d 11       		.byte	0x11
 1774 072e F0000000 		.4byte	0xf0
 1775 0732 04       		.byte	0x4
 1776 0733 00       		.byte	0
 1777 0734 0F       		.uleb128 0xf
 1778 0735 26000000 		.4byte	.LASF101
 1779 0739 0F       		.byte	0xf
 1780 073a 4F02     		.2byte	0x24f
 1781 073c 03       		.byte	0x3
 1782 073d 0E070000 		.4byte	0x70e
 1783 0741 17       		.uleb128 0x17
 1784 0742 04       		.byte	0x4
 1785 0743 0F       		.byte	0xf
 1786 0744 5102     		.2byte	0x251
 1787 0746 59070000 		.4byte	0x759
 1788 074a 05       		.uleb128 0x5
 1789 074b 43435200 		.ascii	"CCR\000"
 1790 074f 0F       		.byte	0xf
 1791 0750 5302     		.2byte	0x253
 1792 0752 12       		.byte	0x12
 1793 0753 F0000000 		.4byte	0xf0
 1794 0757 00       		.byte	0
 1795 0758 00       		.byte	0
 1796 0759 0F       		.uleb128 0xf
 1797 075a 42090000 		.4byte	.LASF102
 1798 075e 0F       		.byte	0xf
 1799 075f 5402     		.2byte	0x254
 1800 0761 02       		.byte	0x2
 1801 0762 41070000 		.4byte	0x741
 1802 0766 15       		.uleb128 0x15
 1803 0767 E4000000 		.4byte	0xe4
 1804 076b 76070000 		.4byte	0x776
 1805 076f 16       		.uleb128 0x16
 1806 0770 39000000 		.4byte	0x39
 1807 0774 08       		.byte	0x8
 1808 0775 00       		.byte	0
 1809 0776 15       		.uleb128 0x15
 1810 0777 E4000000 		.4byte	0xe4
 1811 077b 86070000 		.4byte	0x786
 1812 077f 16       		.uleb128 0x16
 1813 0780 39000000 		.4byte	0x39
 1814 0784 02       		.byte	0x2
 1815 0785 00       		.byte	0
 1816 0786 1F       		.uleb128 0x1f
 1817 0787 3001     		.2byte	0x130
 1818 0789 CE04     		.2byte	0x4ce
 1819 078b 1D0B0000 		.4byte	0xb1d
 1820 078f 05       		.uleb128 0x5
 1821 0790 435200   		.ascii	"CR\000"
 1822 0793 0F       		.byte	0xf
 1823 0794 D004     		.2byte	0x4d0
 1824 0796 10       		.byte	0x10
ARM GAS  C:\Users\DEVELO~1\AppData\Local\Temp\ccfSEeL2.s 			page 33


 1825 0797 F0000000 		.4byte	0xf0
 1826 079b 00       		.byte	0
 1827 079c 01       		.uleb128 0x1
 1828 079d 6F080000 		.4byte	.LASF103
 1829 07a1 0F       		.byte	0xf
 1830 07a2 D104     		.2byte	0x4d1
 1831 07a4 10       		.byte	0x10
 1832 07a5 F0000000 		.4byte	0xf0
 1833 07a9 04       		.byte	0x4
 1834 07aa 01       		.uleb128 0x1
 1835 07ab 2A0D0000 		.4byte	.LASF104
 1836 07af 0F       		.byte	0xf
 1837 07b0 D204     		.2byte	0x4d2
 1838 07b2 10       		.byte	0x10
 1839 07b3 F0000000 		.4byte	0xf0
 1840 07b7 08       		.byte	0x8
 1841 07b8 01       		.uleb128 0x1
 1842 07b9 FF0B0000 		.4byte	.LASF105
 1843 07bd 0F       		.byte	0xf
 1844 07be D304     		.2byte	0x4d3
 1845 07c0 10       		.byte	0x10
 1846 07c1 F0000000 		.4byte	0xf0
 1847 07c5 0C       		.byte	0xc
 1848 07c6 01       		.uleb128 0x1
 1849 07c7 7F0A0000 		.4byte	.LASF106
 1850 07cb 0F       		.byte	0xf
 1851 07cc D404     		.2byte	0x4d4
 1852 07ce 10       		.byte	0x10
 1853 07cf F0000000 		.4byte	0xf0
 1854 07d3 10       		.byte	0x10
 1855 07d4 01       		.uleb128 0x1
 1856 07d5 63090000 		.4byte	.LASF107
 1857 07d9 0F       		.byte	0xf
 1858 07da D504     		.2byte	0x4d5
 1859 07dc 0F       		.byte	0xf
 1860 07dd E4000000 		.4byte	0xe4
 1861 07e1 14       		.byte	0x14
 1862 07e2 01       		.uleb128 0x1
 1863 07e3 300B0000 		.4byte	.LASF108
 1864 07e7 0F       		.byte	0xf
 1865 07e8 D604     		.2byte	0x4d6
 1866 07ea 10       		.byte	0x10
 1867 07eb F0000000 		.4byte	0xf0
 1868 07ef 18       		.byte	0x18
 1869 07f0 01       		.uleb128 0x1
 1870 07f1 F1050000 		.4byte	.LASF109
 1871 07f5 0F       		.byte	0xf
 1872 07f6 D704     		.2byte	0x4d7
 1873 07f8 10       		.byte	0x10
 1874 07f9 F0000000 		.4byte	0xf0
 1875 07fd 1C       		.byte	0x1c
 1876 07fe 01       		.uleb128 0x1
 1877 07ff 20010000 		.4byte	.LASF110
 1878 0803 0F       		.byte	0xf
 1879 0804 D804     		.2byte	0x4d8
 1880 0806 10       		.byte	0x10
 1881 0807 F0000000 		.4byte	0xf0
ARM GAS  C:\Users\DEVELO~1\AppData\Local\Temp\ccfSEeL2.s 			page 34


 1882 080b 20       		.byte	0x20
 1883 080c 01       		.uleb128 0x1
 1884 080d 6D090000 		.4byte	.LASF111
 1885 0811 0F       		.byte	0xf
 1886 0812 D904     		.2byte	0x4d9
 1887 0814 0F       		.byte	0xf
 1888 0815 E4000000 		.4byte	0xe4
 1889 0819 24       		.byte	0x24
 1890 081a 01       		.uleb128 0x1
 1891 081b D60A0000 		.4byte	.LASF112
 1892 081f 0F       		.byte	0xf
 1893 0820 DA04     		.2byte	0x4da
 1894 0822 10       		.byte	0x10
 1895 0823 F0000000 		.4byte	0xf0
 1896 0827 28       		.byte	0x28
 1897 0828 01       		.uleb128 0x1
 1898 0829 CE0A0000 		.4byte	.LASF113
 1899 082d 0F       		.byte	0xf
 1900 082e DB04     		.2byte	0x4db
 1901 0830 10       		.byte	0x10
 1902 0831 F0000000 		.4byte	0xf0
 1903 0835 2C       		.byte	0x2c
 1904 0836 01       		.uleb128 0x1
 1905 0837 B10B0000 		.4byte	.LASF114
 1906 083b 0F       		.byte	0xf
 1907 083c DC04     		.2byte	0x4dc
 1908 083e 10       		.byte	0x10
 1909 083f F0000000 		.4byte	0xf0
 1910 0843 30       		.byte	0x30
 1911 0844 01       		.uleb128 0x1
 1912 0845 1E0B0000 		.4byte	.LASF115
 1913 0849 0F       		.byte	0xf
 1914 084a DD04     		.2byte	0x4dd
 1915 084c 10       		.byte	0x10
 1916 084d F0000000 		.4byte	0xf0
 1917 0851 34       		.byte	0x34
 1918 0852 01       		.uleb128 0x1
 1919 0853 5C060000 		.4byte	.LASF116
 1920 0857 0F       		.byte	0xf
 1921 0858 DE04     		.2byte	0x4de
 1922 085a 10       		.byte	0x10
 1923 085b F0000000 		.4byte	0xf0
 1924 085f 38       		.byte	0x38
 1925 0860 01       		.uleb128 0x1
 1926 0861 CD050000 		.4byte	.LASF117
 1927 0865 0F       		.byte	0xf
 1928 0866 DF04     		.2byte	0x4df
 1929 0868 10       		.byte	0x10
 1930 0869 F0000000 		.4byte	0xf0
 1931 086d 3C       		.byte	0x3c
 1932 086e 01       		.uleb128 0x1
 1933 086f 95010000 		.4byte	.LASF118
 1934 0873 0F       		.byte	0xf
 1935 0874 E004     		.2byte	0x4e0
 1936 0876 10       		.byte	0x10
 1937 0877 F0000000 		.4byte	0xf0
 1938 087b 40       		.byte	0x40
ARM GAS  C:\Users\DEVELO~1\AppData\Local\Temp\ccfSEeL2.s 			page 35


 1939 087c 01       		.uleb128 0x1
 1940 087d B8000000 		.4byte	.LASF119
 1941 0881 0F       		.byte	0xf
 1942 0882 E104     		.2byte	0x4e1
 1943 0884 10       		.byte	0x10
 1944 0885 F0000000 		.4byte	0xf0
 1945 0889 44       		.byte	0x44
 1946 088a 01       		.uleb128 0x1
 1947 088b 77090000 		.4byte	.LASF120
 1948 088f 0F       		.byte	0xf
 1949 0890 E204     		.2byte	0x4e2
 1950 0892 10       		.byte	0x10
 1951 0893 E4000000 		.4byte	0xe4
 1952 0897 48       		.byte	0x48
 1953 0898 01       		.uleb128 0x1
 1954 0899 6B0A0000 		.4byte	.LASF121
 1955 089d 0F       		.byte	0xf
 1956 089e E304     		.2byte	0x4e3
 1957 08a0 11       		.byte	0x11
 1958 08a1 F0000000 		.4byte	0xf0
 1959 08a5 4C       		.byte	0x4c
 1960 08a6 01       		.uleb128 0x1
 1961 08a7 3B050000 		.4byte	.LASF122
 1962 08ab 0F       		.byte	0xf
 1963 08ac E404     		.2byte	0x4e4
 1964 08ae 11       		.byte	0x11
 1965 08af F0000000 		.4byte	0xf0
 1966 08b3 50       		.byte	0x50
 1967 08b4 01       		.uleb128 0x1
 1968 08b5 3D060000 		.4byte	.LASF123
 1969 08b9 0F       		.byte	0xf
 1970 08ba E504     		.2byte	0x4e5
 1971 08bc 11       		.byte	0x11
 1972 08bd F0000000 		.4byte	0xf0
 1973 08c1 54       		.byte	0x54
 1974 08c2 01       		.uleb128 0x1
 1975 08c3 D30C0000 		.4byte	.LASF124
 1976 08c7 0F       		.byte	0xf
 1977 08c8 E604     		.2byte	0x4e6
 1978 08ca 11       		.byte	0x11
 1979 08cb F0000000 		.4byte	0xf0
 1980 08cf 58       		.byte	0x58
 1981 08d0 01       		.uleb128 0x1
 1982 08d1 81090000 		.4byte	.LASF125
 1983 08d5 0F       		.byte	0xf
 1984 08d6 E704     		.2byte	0x4e7
 1985 08d8 10       		.byte	0x10
 1986 08d9 E4000000 		.4byte	0xe4
 1987 08dd 5C       		.byte	0x5c
 1988 08de 01       		.uleb128 0x1
 1989 08df 4E060000 		.4byte	.LASF126
 1990 08e3 0F       		.byte	0xf
 1991 08e4 E804     		.2byte	0x4e8
 1992 08e6 11       		.byte	0x11
 1993 08e7 F0000000 		.4byte	0xf0
 1994 08eb 60       		.byte	0x60
 1995 08ec 01       		.uleb128 0x1
ARM GAS  C:\Users\DEVELO~1\AppData\Local\Temp\ccfSEeL2.s 			page 36


 1996 08ed 410C0000 		.4byte	.LASF127
 1997 08f1 0F       		.byte	0xf
 1998 08f2 E904     		.2byte	0x4e9
 1999 08f4 11       		.byte	0x11
 2000 08f5 F0000000 		.4byte	0xf0
 2001 08f9 64       		.byte	0x64
 2002 08fa 01       		.uleb128 0x1
 2003 08fb 6A080000 		.4byte	.LASF128
 2004 08ff 0F       		.byte	0xf
 2005 0900 EA04     		.2byte	0x4ea
 2006 0902 11       		.byte	0x11
 2007 0903 F0000000 		.4byte	0xf0
 2008 0907 68       		.byte	0x68
 2009 0908 01       		.uleb128 0x1
 2010 0909 F90D0000 		.4byte	.LASF129
 2011 090d 0F       		.byte	0xf
 2012 090e EB04     		.2byte	0x4eb
 2013 0910 0F       		.byte	0xf
 2014 0911 E4000000 		.4byte	0xe4
 2015 0915 6C       		.byte	0x6c
 2016 0916 01       		.uleb128 0x1
 2017 0917 2C010000 		.4byte	.LASF130
 2018 091b 0F       		.byte	0xf
 2019 091c EC04     		.2byte	0x4ec
 2020 091e 11       		.byte	0x11
 2021 091f F0000000 		.4byte	0xf0
 2022 0923 70       		.byte	0x70
 2023 0924 05       		.uleb128 0x5
 2024 0925 43535200 		.ascii	"CSR\000"
 2025 0929 0F       		.byte	0xf
 2026 092a ED04     		.2byte	0x4ed
 2027 092c 11       		.byte	0x11
 2028 092d F0000000 		.4byte	0xf0
 2029 0931 74       		.byte	0x74
 2030 0932 01       		.uleb128 0x1
 2031 0933 8B090000 		.4byte	.LASF131
 2032 0937 0F       		.byte	0xf
 2033 0938 EE04     		.2byte	0x4ee
 2034 093a 0F       		.byte	0xf
 2035 093b E4000000 		.4byte	0xe4
 2036 093f 78       		.byte	0x78
 2037 0940 01       		.uleb128 0x1
 2038 0941 3A040000 		.4byte	.LASF132
 2039 0945 0F       		.byte	0xf
 2040 0946 EF04     		.2byte	0x4ef
 2041 0948 10       		.byte	0x10
 2042 0949 F0000000 		.4byte	0xf0
 2043 094d 7C       		.byte	0x7c
 2044 094e 01       		.uleb128 0x1
 2045 094f 9A0E0000 		.4byte	.LASF133
 2046 0953 0F       		.byte	0xf
 2047 0954 F004     		.2byte	0x4f0
 2048 0956 10       		.byte	0x10
 2049 0957 F0000000 		.4byte	0xf0
 2050 095b 80       		.byte	0x80
 2051 095c 01       		.uleb128 0x1
 2052 095d 4E080000 		.4byte	.LASF134
ARM GAS  C:\Users\DEVELO~1\AppData\Local\Temp\ccfSEeL2.s 			page 37


 2053 0961 0F       		.byte	0xf
 2054 0962 F104     		.2byte	0x4f1
 2055 0964 10       		.byte	0x10
 2056 0965 F0000000 		.4byte	0xf0
 2057 0969 84       		.byte	0x84
 2058 096a 01       		.uleb128 0x1
 2059 096b C90D0000 		.4byte	.LASF135
 2060 096f 0F       		.byte	0xf
 2061 0970 F204     		.2byte	0x4f2
 2062 0972 10       		.byte	0x10
 2063 0973 F0000000 		.4byte	0xf0
 2064 0977 88       		.byte	0x88
 2065 0978 01       		.uleb128 0x1
 2066 0979 8B070000 		.4byte	.LASF136
 2067 097d 0F       		.byte	0xf
 2068 097e F304     		.2byte	0x4f3
 2069 0980 10       		.byte	0x10
 2070 0981 F0000000 		.4byte	0xf0
 2071 0985 8C       		.byte	0x8c
 2072 0986 01       		.uleb128 0x1
 2073 0987 EA070000 		.4byte	.LASF137
 2074 098b 0F       		.byte	0xf
 2075 098c F404     		.2byte	0x4f4
 2076 098e 10       		.byte	0x10
 2077 098f F0000000 		.4byte	0xf0
 2078 0993 90       		.byte	0x90
 2079 0994 01       		.uleb128 0x1
 2080 0995 00000000 		.4byte	.LASF138
 2081 0999 0F       		.byte	0xf
 2082 099a F504     		.2byte	0x4f5
 2083 099c 10       		.byte	0x10
 2084 099d F0000000 		.4byte	0xf0
 2085 09a1 94       		.byte	0x94
 2086 09a2 01       		.uleb128 0x1
 2087 09a3 8F000000 		.4byte	.LASF139
 2088 09a7 0F       		.byte	0xf
 2089 09a8 F604     		.2byte	0x4f6
 2090 09aa 10       		.byte	0x10
 2091 09ab F0000000 		.4byte	0xf0
 2092 09af 98       		.byte	0x98
 2093 09b0 01       		.uleb128 0x1
 2094 09b1 E4040000 		.4byte	.LASF140
 2095 09b5 0F       		.byte	0xf
 2096 09b6 F704     		.2byte	0x4f7
 2097 09b8 10       		.byte	0x10
 2098 09b9 F0000000 		.4byte	0xf0
 2099 09bd 9C       		.byte	0x9c
 2100 09be 05       		.uleb128 0x5
 2101 09bf 47435200 		.ascii	"GCR\000"
 2102 09c3 0F       		.byte	0xf
 2103 09c4 F804     		.2byte	0x4f8
 2104 09c6 10       		.byte	0x10
 2105 09c7 F0000000 		.4byte	0xf0
 2106 09cb A0       		.byte	0xa0
 2107 09cc 01       		.uleb128 0x1
 2108 09cd 9F090000 		.4byte	.LASF141
 2109 09d1 0F       		.byte	0xf
ARM GAS  C:\Users\DEVELO~1\AppData\Local\Temp\ccfSEeL2.s 			page 38


 2110 09d2 F904     		.2byte	0x4f9
 2111 09d4 0F       		.byte	0xf
 2112 09d5 E4000000 		.4byte	0xe4
 2113 09d9 A4       		.byte	0xa4
 2114 09da 01       		.uleb128 0x1
 2115 09db D5070000 		.4byte	.LASF142
 2116 09df 0F       		.byte	0xf
 2117 09e0 FA04     		.2byte	0x4fa
 2118 09e2 10       		.byte	0x10
 2119 09e3 F0000000 		.4byte	0xf0
 2120 09e7 A8       		.byte	0xa8
 2121 09e8 01       		.uleb128 0x1
 2122 09e9 460C0000 		.4byte	.LASF143
 2123 09ed 0F       		.byte	0xf
 2124 09ee FB04     		.2byte	0x4fb
 2125 09f0 0F       		.byte	0xf
 2126 09f1 66070000 		.4byte	0x766
 2127 09f5 AC       		.byte	0xac
 2128 09f6 05       		.uleb128 0x5
 2129 09f7 52535200 		.ascii	"RSR\000"
 2130 09fb 0F       		.byte	0xf
 2131 09fc FC04     		.2byte	0x4fc
 2132 09fe 10       		.byte	0x10
 2133 09ff F0000000 		.4byte	0xf0
 2134 0a03 D0       		.byte	0xd0
 2135 0a04 01       		.uleb128 0x1
 2136 0a05 23050000 		.4byte	.LASF144
 2137 0a09 0F       		.byte	0xf
 2138 0a0a FD04     		.2byte	0x4fd
 2139 0a0c 10       		.byte	0x10
 2140 0a0d F0000000 		.4byte	0xf0
 2141 0a11 D4       		.byte	0xd4
 2142 0a12 01       		.uleb128 0x1
 2143 0a13 43030000 		.4byte	.LASF145
 2144 0a17 0F       		.byte	0xf
 2145 0a18 FE04     		.2byte	0x4fe
 2146 0a1a 10       		.byte	0x10
 2147 0a1b F0000000 		.4byte	0xf0
 2148 0a1f D8       		.byte	0xd8
 2149 0a20 01       		.uleb128 0x1
 2150 0a21 670B0000 		.4byte	.LASF146
 2151 0a25 0F       		.byte	0xf
 2152 0a26 FF04     		.2byte	0x4ff
 2153 0a28 10       		.byte	0x10
 2154 0a29 F0000000 		.4byte	0xf0
 2155 0a2d DC       		.byte	0xdc
 2156 0a2e 01       		.uleb128 0x1
 2157 0a2f F10D0000 		.4byte	.LASF147
 2158 0a33 0F       		.byte	0xf
 2159 0a34 0005     		.2byte	0x500
 2160 0a36 10       		.byte	0x10
 2161 0a37 F0000000 		.4byte	0xf0
 2162 0a3b E0       		.byte	0xe0
 2163 0a3c 01       		.uleb128 0x1
 2164 0a3d 60020000 		.4byte	.LASF148
 2165 0a41 0F       		.byte	0xf
 2166 0a42 0105     		.2byte	0x501
ARM GAS  C:\Users\DEVELO~1\AppData\Local\Temp\ccfSEeL2.s 			page 39


 2167 0a44 10       		.byte	0x10
 2168 0a45 F0000000 		.4byte	0xf0
 2169 0a49 E4       		.byte	0xe4
 2170 0a4a 01       		.uleb128 0x1
 2171 0a4b 910E0000 		.4byte	.LASF149
 2172 0a4f 0F       		.byte	0xf
 2173 0a50 0205     		.2byte	0x502
 2174 0a52 10       		.byte	0x10
 2175 0a53 F0000000 		.4byte	0xf0
 2176 0a57 E8       		.byte	0xe8
 2177 0a58 01       		.uleb128 0x1
 2178 0a59 E90A0000 		.4byte	.LASF150
 2179 0a5d 0F       		.byte	0xf
 2180 0a5e 0305     		.2byte	0x503
 2181 0a60 10       		.byte	0x10
 2182 0a61 F0000000 		.4byte	0xf0
 2183 0a65 EC       		.byte	0xec
 2184 0a66 01       		.uleb128 0x1
 2185 0a67 C3070000 		.4byte	.LASF151
 2186 0a6b 0F       		.byte	0xf
 2187 0a6c 0405     		.2byte	0x504
 2188 0a6e 10       		.byte	0x10
 2189 0a6f F0000000 		.4byte	0xf0
 2190 0a73 F0       		.byte	0xf0
 2191 0a74 01       		.uleb128 0x1
 2192 0a75 B70A0000 		.4byte	.LASF152
 2193 0a79 0F       		.byte	0xf
 2194 0a7a 0505     		.2byte	0x505
 2195 0a7c 10       		.byte	0x10
 2196 0a7d F0000000 		.4byte	0xf0
 2197 0a81 F4       		.byte	0xf4
 2198 0a82 01       		.uleb128 0x1
 2199 0a83 510C0000 		.4byte	.LASF153
 2200 0a87 0F       		.byte	0xf
 2201 0a88 0605     		.2byte	0x506
 2202 0a8a 10       		.byte	0x10
 2203 0a8b E4000000 		.4byte	0xe4
 2204 0a8f F8       		.byte	0xf8
 2205 0a90 01       		.uleb128 0x1
 2206 0a91 140B0000 		.4byte	.LASF154
 2207 0a95 0F       		.byte	0xf
 2208 0a96 0705     		.2byte	0x507
 2209 0a98 10       		.byte	0x10
 2210 0a99 F0000000 		.4byte	0xf0
 2211 0a9d FC       		.byte	0xfc
 2212 0a9e 10       		.uleb128 0x10
 2213 0a9f FB070000 		.4byte	.LASF155
 2214 0aa3 0805     		.2byte	0x508
 2215 0aa5 10       		.byte	0x10
 2216 0aa6 F0000000 		.4byte	0xf0
 2217 0aaa 0001     		.2byte	0x100
 2218 0aac 10       		.uleb128 0x10
 2219 0aad 25020000 		.4byte	.LASF156
 2220 0ab1 0905     		.2byte	0x509
 2221 0ab3 10       		.byte	0x10
 2222 0ab4 F0000000 		.4byte	0xf0
 2223 0ab8 0401     		.2byte	0x104
ARM GAS  C:\Users\DEVELO~1\AppData\Local\Temp\ccfSEeL2.s 			page 40


 2224 0aba 10       		.uleb128 0x10
 2225 0abb C3050000 		.4byte	.LASF157
 2226 0abf 0A05     		.2byte	0x50a
 2227 0ac1 10       		.byte	0x10
 2228 0ac2 F0000000 		.4byte	0xf0
 2229 0ac6 0801     		.2byte	0x108
 2230 0ac8 10       		.uleb128 0x10
 2231 0ac9 B1090000 		.4byte	.LASF158
 2232 0acd 0B05     		.2byte	0x50b
 2233 0acf 10       		.byte	0x10
 2234 0ad0 F0000000 		.4byte	0xf0
 2235 0ad4 0C01     		.2byte	0x10c
 2236 0ad6 10       		.uleb128 0x10
 2237 0ad7 97030000 		.4byte	.LASF159
 2238 0adb 0C05     		.2byte	0x50c
 2239 0add 10       		.byte	0x10
 2240 0ade F0000000 		.4byte	0xf0
 2241 0ae2 1001     		.2byte	0x110
 2242 0ae4 10       		.uleb128 0x10
 2243 0ae5 3B0E0000 		.4byte	.LASF160
 2244 0ae9 0D05     		.2byte	0x50d
 2245 0aeb 10       		.byte	0x10
 2246 0aec F0000000 		.4byte	0xf0
 2247 0af0 1401     		.2byte	0x114
 2248 0af2 10       		.uleb128 0x10
 2249 0af3 74000000 		.4byte	.LASF161
 2250 0af7 0E05     		.2byte	0x50e
 2251 0af9 10       		.byte	0x10
 2252 0afa F0000000 		.4byte	0xf0
 2253 0afe 1801     		.2byte	0x118
 2254 0b00 10       		.uleb128 0x10
 2255 0b01 A6040000 		.4byte	.LASF162
 2256 0b05 0F05     		.2byte	0x50f
 2257 0b07 10       		.byte	0x10
 2258 0b08 F0000000 		.4byte	0xf0
 2259 0b0c 1C01     		.2byte	0x11c
 2260 0b0e 10       		.uleb128 0x10
 2261 0b0f 5C0C0000 		.4byte	.LASF163
 2262 0b13 1005     		.2byte	0x510
 2263 0b15 0F       		.byte	0xf
 2264 0b16 37060000 		.4byte	0x637
 2265 0b1a 2001     		.2byte	0x120
 2266 0b1c 00       		.byte	0
 2267 0b1d 0F       		.uleb128 0xf
 2268 0b1e 5E010000 		.4byte	.LASF164
 2269 0b22 0F       		.byte	0xf
 2270 0b23 1205     		.2byte	0x512
 2271 0b25 03       		.byte	0x3
 2272 0b26 86070000 		.4byte	0x786
 2273 0b2a 1F       		.uleb128 0x1f
 2274 0b2b 0004     		.2byte	0x400
 2275 0b2d 7D05     		.2byte	0x57d
 2276 0b2f A00C0000 		.4byte	0xca0
 2277 0b33 01       		.uleb128 0x1
 2278 0b34 F20A0000 		.4byte	.LASF165
 2279 0b38 0F       		.byte	0xf
 2280 0b39 7F05     		.2byte	0x57f
ARM GAS  C:\Users\DEVELO~1\AppData\Local\Temp\ccfSEeL2.s 			page 41


 2281 0b3b 11       		.byte	0x11
 2282 0b3c F0000000 		.4byte	0xf0
 2283 0b40 00       		.byte	0
 2284 0b41 01       		.uleb128 0x1
 2285 0b42 4E010000 		.4byte	.LASF166
 2286 0b46 0F       		.byte	0xf
 2287 0b47 8005     		.2byte	0x580
 2288 0b49 11       		.byte	0x11
 2289 0b4a F0000000 		.4byte	0xf0
 2290 0b4e 04       		.byte	0x4
 2291 0b4f 05       		.uleb128 0x5
 2292 0b50 41524700 		.ascii	"ARG\000"
 2293 0b54 0F       		.byte	0xf
 2294 0b55 8105     		.2byte	0x581
 2295 0b57 11       		.byte	0x11
 2296 0b58 F0000000 		.4byte	0xf0
 2297 0b5c 08       		.byte	0x8
 2298 0b5d 05       		.uleb128 0x5
 2299 0b5e 434D4400 		.ascii	"CMD\000"
 2300 0b62 0F       		.byte	0xf
 2301 0b63 8205     		.2byte	0x582
 2302 0b65 11       		.byte	0x11
 2303 0b66 F0000000 		.4byte	0xf0
 2304 0b6a 0C       		.byte	0xc
 2305 0b6b 01       		.uleb128 0x1
 2306 0b6c 9E0C0000 		.4byte	.LASF167
 2307 0b70 0F       		.byte	0xf
 2308 0b71 8305     		.2byte	0x583
 2309 0b73 11       		.byte	0x11
 2310 0b74 F5000000 		.4byte	0xf5
 2311 0b78 10       		.byte	0x10
 2312 0b79 01       		.uleb128 0x1
 2313 0b7a 76050000 		.4byte	.LASF168
 2314 0b7e 0F       		.byte	0xf
 2315 0b7f 8405     		.2byte	0x584
 2316 0b81 11       		.byte	0x11
 2317 0b82 F5000000 		.4byte	0xf5
 2318 0b86 14       		.byte	0x14
 2319 0b87 01       		.uleb128 0x1
 2320 0b88 7C050000 		.4byte	.LASF169
 2321 0b8c 0F       		.byte	0xf
 2322 0b8d 8505     		.2byte	0x585
 2323 0b8f 11       		.byte	0x11
 2324 0b90 F5000000 		.4byte	0xf5
 2325 0b94 18       		.byte	0x18
 2326 0b95 01       		.uleb128 0x1
 2327 0b96 82050000 		.4byte	.LASF170
 2328 0b9a 0F       		.byte	0xf
 2329 0b9b 8605     		.2byte	0x586
 2330 0b9d 11       		.byte	0x11
 2331 0b9e F5000000 		.4byte	0xf5
 2332 0ba2 1C       		.byte	0x1c
 2333 0ba3 01       		.uleb128 0x1
 2334 0ba4 88050000 		.4byte	.LASF171
 2335 0ba8 0F       		.byte	0xf
 2336 0ba9 8705     		.2byte	0x587
 2337 0bab 11       		.byte	0x11
ARM GAS  C:\Users\DEVELO~1\AppData\Local\Temp\ccfSEeL2.s 			page 42


 2338 0bac F5000000 		.4byte	0xf5
 2339 0bb0 20       		.byte	0x20
 2340 0bb1 01       		.uleb128 0x1
 2341 0bb2 E0090000 		.4byte	.LASF172
 2342 0bb6 0F       		.byte	0xf
 2343 0bb7 8805     		.2byte	0x588
 2344 0bb9 11       		.byte	0x11
 2345 0bba F0000000 		.4byte	0xf0
 2346 0bbe 24       		.byte	0x24
 2347 0bbf 01       		.uleb128 0x1
 2348 0bc0 840A0000 		.4byte	.LASF173
 2349 0bc4 0F       		.byte	0xf
 2350 0bc5 8905     		.2byte	0x589
 2351 0bc7 11       		.byte	0x11
 2352 0bc8 F0000000 		.4byte	0xf0
 2353 0bcc 28       		.byte	0x28
 2354 0bcd 01       		.uleb128 0x1
 2355 0bce 8F0A0000 		.4byte	.LASF174
 2356 0bd2 0F       		.byte	0xf
 2357 0bd3 8A05     		.2byte	0x58a
 2358 0bd5 11       		.byte	0x11
 2359 0bd6 F0000000 		.4byte	0xf0
 2360 0bda 2C       		.byte	0x2c
 2361 0bdb 01       		.uleb128 0x1
 2362 0bdc 300C0000 		.4byte	.LASF175
 2363 0be0 0F       		.byte	0xf
 2364 0be1 8B05     		.2byte	0x58b
 2365 0be3 11       		.byte	0x11
 2366 0be4 F5000000 		.4byte	0xf5
 2367 0be8 30       		.byte	0x30
 2368 0be9 05       		.uleb128 0x5
 2369 0bea 53544100 		.ascii	"STA\000"
 2370 0bee 0F       		.byte	0xf
 2371 0bef 8C05     		.2byte	0x58c
 2372 0bf1 11       		.byte	0x11
 2373 0bf2 F5000000 		.4byte	0xf5
 2374 0bf6 34       		.byte	0x34
 2375 0bf7 05       		.uleb128 0x5
 2376 0bf8 49435200 		.ascii	"ICR\000"
 2377 0bfc 0F       		.byte	0xf
 2378 0bfd 8D05     		.2byte	0x58d
 2379 0bff 11       		.byte	0x11
 2380 0c00 F0000000 		.4byte	0xf0
 2381 0c04 38       		.byte	0x38
 2382 0c05 01       		.uleb128 0x1
 2383 0c06 A70A0000 		.4byte	.LASF176
 2384 0c0a 0F       		.byte	0xf
 2385 0c0b 8E05     		.2byte	0x58e
 2386 0c0d 11       		.byte	0x11
 2387 0c0e F0000000 		.4byte	0xf0
 2388 0c12 3C       		.byte	0x3c
 2389 0c13 01       		.uleb128 0x1
 2390 0c14 F9090000 		.4byte	.LASF177
 2391 0c18 0F       		.byte	0xf
 2392 0c19 8F05     		.2byte	0x58f
 2393 0c1b 11       		.byte	0x11
 2394 0c1c F0000000 		.4byte	0xf0
ARM GAS  C:\Users\DEVELO~1\AppData\Local\Temp\ccfSEeL2.s 			page 43


 2395 0c20 40       		.byte	0x40
 2396 0c21 01       		.uleb128 0x1
 2397 0c22 59090000 		.4byte	.LASF178
 2398 0c26 0F       		.byte	0xf
 2399 0c27 9005     		.2byte	0x590
 2400 0c29 11       		.byte	0x11
 2401 0c2a 76070000 		.4byte	0x776
 2402 0c2e 44       		.byte	0x44
 2403 0c2f 01       		.uleb128 0x1
 2404 0c30 06050000 		.4byte	.LASF179
 2405 0c34 0F       		.byte	0xf
 2406 0c35 9105     		.2byte	0x591
 2407 0c37 11       		.byte	0x11
 2408 0c38 F0000000 		.4byte	0xf0
 2409 0c3c 50       		.byte	0x50
 2410 0c3d 01       		.uleb128 0x1
 2411 0c3e FD0A0000 		.4byte	.LASF180
 2412 0c42 0F       		.byte	0xf
 2413 0c43 9205     		.2byte	0x592
 2414 0c45 11       		.byte	0x11
 2415 0c46 F0000000 		.4byte	0xf0
 2416 0c4a 54       		.byte	0x54
 2417 0c4b 01       		.uleb128 0x1
 2418 0c4c 030E0000 		.4byte	.LASF181
 2419 0c50 0F       		.byte	0xf
 2420 0c51 9305     		.2byte	0x593
 2421 0c53 11       		.byte	0x11
 2422 0c54 F0000000 		.4byte	0xf0
 2423 0c58 58       		.byte	0x58
 2424 0c59 01       		.uleb128 0x1
 2425 0c5a 0D0E0000 		.4byte	.LASF182
 2426 0c5e 0F       		.byte	0xf
 2427 0c5f 9405     		.2byte	0x594
 2428 0c61 11       		.byte	0x11
 2429 0c62 F0000000 		.4byte	0xf0
 2430 0c66 5C       		.byte	0x5c
 2431 0c67 01       		.uleb128 0x1
 2432 0c68 63090000 		.4byte	.LASF107
 2433 0c6c 0F       		.byte	0xf
 2434 0c6d 9505     		.2byte	0x595
 2435 0c6f 11       		.byte	0x11
 2436 0c70 27060000 		.4byte	0x627
 2437 0c74 60       		.byte	0x60
 2438 0c75 01       		.uleb128 0x1
 2439 0c76 99070000 		.4byte	.LASF183
 2440 0c7a 0F       		.byte	0xf
 2441 0c7b 9605     		.2byte	0x596
 2442 0c7d 11       		.byte	0x11
 2443 0c7e F0000000 		.4byte	0xf0
 2444 0c82 80       		.byte	0x80
 2445 0c83 01       		.uleb128 0x1
 2446 0c84 6D090000 		.4byte	.LASF111
 2447 0c88 0F       		.byte	0xf
 2448 0c89 9705     		.2byte	0x597
 2449 0c8b 11       		.byte	0x11
 2450 0c8c A00C0000 		.4byte	0xca0
 2451 0c90 84       		.byte	0x84
ARM GAS  C:\Users\DEVELO~1\AppData\Local\Temp\ccfSEeL2.s 			page 44


 2452 0c91 10       		.uleb128 0x10
 2453 0c92 07020000 		.4byte	.LASF184
 2454 0c96 9805     		.2byte	0x598
 2455 0c98 11       		.byte	0x11
 2456 0c99 F0000000 		.4byte	0xf0
 2457 0c9d FC03     		.2byte	0x3fc
 2458 0c9f 00       		.byte	0
 2459 0ca0 15       		.uleb128 0x15
 2460 0ca1 E4000000 		.4byte	0xe4
 2461 0ca5 B00C0000 		.4byte	0xcb0
 2462 0ca9 16       		.uleb128 0x16
 2463 0caa 39000000 		.4byte	0x39
 2464 0cae DD       		.byte	0xdd
 2465 0caf 00       		.byte	0
 2466 0cb0 0F       		.uleb128 0xf
 2467 0cb1 920D0000 		.4byte	.LASF185
 2468 0cb5 0F       		.byte	0xf
 2469 0cb6 9905     		.2byte	0x599
 2470 0cb8 03       		.byte	0x3
 2471 0cb9 2A0B0000 		.4byte	0xb2a
 2472 0cbd 17       		.uleb128 0x17
 2473 0cbe 54       		.byte	0x54
 2474 0cbf 0F       		.byte	0xf
 2475 0cc0 C405     		.2byte	0x5c4
 2476 0cc2 B40D0000 		.4byte	0xdb4
 2477 0cc6 05       		.uleb128 0x5
 2478 0cc7 43523100 		.ascii	"CR1\000"
 2479 0ccb 0F       		.byte	0xf
 2480 0ccc C605     		.2byte	0x5c6
 2481 0cce 11       		.byte	0x11
 2482 0ccf F0000000 		.4byte	0xf0
 2483 0cd3 00       		.byte	0
 2484 0cd4 05       		.uleb128 0x5
 2485 0cd5 43523200 		.ascii	"CR2\000"
 2486 0cd9 0F       		.byte	0xf
 2487 0cda C705     		.2byte	0x5c7
 2488 0cdc 11       		.byte	0x11
 2489 0cdd F0000000 		.4byte	0xf0
 2490 0ce1 04       		.byte	0x4
 2491 0ce2 01       		.uleb128 0x1
 2492 0ce3 EF090000 		.4byte	.LASF186
 2493 0ce7 0F       		.byte	0xf
 2494 0ce8 C805     		.2byte	0x5c8
 2495 0cea 11       		.byte	0x11
 2496 0ceb F0000000 		.4byte	0xf0
 2497 0cef 08       		.byte	0x8
 2498 0cf0 01       		.uleb128 0x1
 2499 0cf1 F4090000 		.4byte	.LASF187
 2500 0cf5 0F       		.byte	0xf
 2501 0cf6 C905     		.2byte	0x5c9
 2502 0cf8 11       		.byte	0x11
 2503 0cf9 F0000000 		.4byte	0xf0
 2504 0cfd 0C       		.byte	0xc
 2505 0cfe 05       		.uleb128 0x5
 2506 0cff 49455200 		.ascii	"IER\000"
 2507 0d03 0F       		.byte	0xf
 2508 0d04 CA05     		.2byte	0x5ca
ARM GAS  C:\Users\DEVELO~1\AppData\Local\Temp\ccfSEeL2.s 			page 45


 2509 0d06 11       		.byte	0x11
 2510 0d07 F0000000 		.4byte	0xf0
 2511 0d0b 10       		.byte	0x10
 2512 0d0c 05       		.uleb128 0x5
 2513 0d0d 535200   		.ascii	"SR\000"
 2514 0d10 0F       		.byte	0xf
 2515 0d11 CB05     		.2byte	0x5cb
 2516 0d13 11       		.byte	0x11
 2517 0d14 F0000000 		.4byte	0xf0
 2518 0d18 14       		.byte	0x14
 2519 0d19 01       		.uleb128 0x1
 2520 0d1a 750D0000 		.4byte	.LASF100
 2521 0d1e 0F       		.byte	0xf
 2522 0d1f CC05     		.2byte	0x5cc
 2523 0d21 11       		.byte	0x11
 2524 0d22 F0000000 		.4byte	0xf0
 2525 0d26 18       		.byte	0x18
 2526 0d27 01       		.uleb128 0x1
 2527 0d28 59090000 		.4byte	.LASF178
 2528 0d2c 0F       		.byte	0xf
 2529 0d2d CD05     		.2byte	0x5cd
 2530 0d2f 11       		.byte	0x11
 2531 0d30 E4000000 		.4byte	0xe4
 2532 0d34 1C       		.byte	0x1c
 2533 0d35 01       		.uleb128 0x1
 2534 0d36 7C060000 		.4byte	.LASF188
 2535 0d3a 0F       		.byte	0xf
 2536 0d3b CE05     		.2byte	0x5ce
 2537 0d3d 11       		.byte	0x11
 2538 0d3e F0000000 		.4byte	0xf0
 2539 0d42 20       		.byte	0x20
 2540 0d43 01       		.uleb128 0x1
 2541 0d44 63090000 		.4byte	.LASF107
 2542 0d48 0F       		.byte	0xf
 2543 0d49 CF05     		.2byte	0x5cf
 2544 0d4b 11       		.byte	0x11
 2545 0d4c 76070000 		.4byte	0x776
 2546 0d50 24       		.byte	0x24
 2547 0d51 01       		.uleb128 0x1
 2548 0d52 BE040000 		.4byte	.LASF189
 2549 0d56 0F       		.byte	0xf
 2550 0d57 D005     		.2byte	0x5d0
 2551 0d59 11       		.byte	0x11
 2552 0d5a F0000000 		.4byte	0xf0
 2553 0d5e 30       		.byte	0x30
 2554 0d5f 01       		.uleb128 0x1
 2555 0d60 6D090000 		.4byte	.LASF111
 2556 0d64 0F       		.byte	0xf
 2557 0d65 D105     		.2byte	0x5d1
 2558 0d67 11       		.byte	0x11
 2559 0d68 76070000 		.4byte	0x776
 2560 0d6c 34       		.byte	0x34
 2561 0d6d 01       		.uleb128 0x1
 2562 0d6e E7090000 		.4byte	.LASF190
 2563 0d72 0F       		.byte	0xf
 2564 0d73 D205     		.2byte	0x5d2
 2565 0d75 11       		.byte	0x11
ARM GAS  C:\Users\DEVELO~1\AppData\Local\Temp\ccfSEeL2.s 			page 46


 2566 0d76 F0000000 		.4byte	0xf0
 2567 0d7a 40       		.byte	0x40
 2568 0d7b 01       		.uleb128 0x1
 2569 0d7c 65060000 		.4byte	.LASF191
 2570 0d80 0F       		.byte	0xf
 2571 0d81 D305     		.2byte	0x5d3
 2572 0d83 11       		.byte	0x11
 2573 0d84 F0000000 		.4byte	0xf0
 2574 0d88 44       		.byte	0x44
 2575 0d89 01       		.uleb128 0x1
 2576 0d8a 4F020000 		.4byte	.LASF192
 2577 0d8e 0F       		.byte	0xf
 2578 0d8f D405     		.2byte	0x5d4
 2579 0d91 11       		.byte	0x11
 2580 0d92 F0000000 		.4byte	0xf0
 2581 0d96 48       		.byte	0x48
 2582 0d97 01       		.uleb128 0x1
 2583 0d98 180A0000 		.4byte	.LASF193
 2584 0d9c 0F       		.byte	0xf
 2585 0d9d D505     		.2byte	0x5d5
 2586 0d9f 11       		.byte	0x11
 2587 0da0 F0000000 		.4byte	0xf0
 2588 0da4 4C       		.byte	0x4c
 2589 0da5 01       		.uleb128 0x1
 2590 0da6 790C0000 		.4byte	.LASF194
 2591 0daa 0F       		.byte	0xf
 2592 0dab D605     		.2byte	0x5d6
 2593 0dad 11       		.byte	0x11
 2594 0dae F0000000 		.4byte	0xf0
 2595 0db2 50       		.byte	0x50
 2596 0db3 00       		.byte	0
 2597 0db4 0F       		.uleb128 0xf
 2598 0db5 920C0000 		.4byte	.LASF195
 2599 0db9 0F       		.byte	0xf
 2600 0dba D805     		.2byte	0x5d8
 2601 0dbc 03       		.byte	0x3
 2602 0dbd BD0C0000 		.4byte	0xcbd
 2603 0dc1 1A       		.uleb128 0x1a
 2604 0dc2 C9090000 		.4byte	.LASF196
 2605 0dc6 24       		.byte	0x24
 2606 0dc7 10       		.byte	0x10
 2607 0dc8 E001     		.2byte	0x1e0
 2608 0dca 08       		.byte	0x8
 2609 0dcb 470E0000 		.4byte	0xe47
 2610 0dcf 05       		.uleb128 0x5
 2611 0dd0 723400   		.ascii	"r4\000"
 2612 0dd3 10       		.byte	0x10
 2613 0dd4 F901     		.2byte	0x1f9
 2614 0dd6 11       		.byte	0x11
 2615 0dd7 E4000000 		.4byte	0xe4
 2616 0ddb 00       		.byte	0
 2617 0ddc 05       		.uleb128 0x5
 2618 0ddd 723500   		.ascii	"r5\000"
 2619 0de0 10       		.byte	0x10
 2620 0de1 FA01     		.2byte	0x1fa
 2621 0de3 11       		.byte	0x11
 2622 0de4 E4000000 		.4byte	0xe4
ARM GAS  C:\Users\DEVELO~1\AppData\Local\Temp\ccfSEeL2.s 			page 47


 2623 0de8 04       		.byte	0x4
 2624 0de9 05       		.uleb128 0x5
 2625 0dea 723600   		.ascii	"r6\000"
 2626 0ded 10       		.byte	0x10
 2627 0dee FB01     		.2byte	0x1fb
 2628 0df0 11       		.byte	0x11
 2629 0df1 E4000000 		.4byte	0xe4
 2630 0df5 08       		.byte	0x8
 2631 0df6 05       		.uleb128 0x5
 2632 0df7 723700   		.ascii	"r7\000"
 2633 0dfa 10       		.byte	0x10
 2634 0dfb FC01     		.2byte	0x1fc
 2635 0dfd 11       		.byte	0x11
 2636 0dfe E4000000 		.4byte	0xe4
 2637 0e02 0C       		.byte	0xc
 2638 0e03 05       		.uleb128 0x5
 2639 0e04 723800   		.ascii	"r8\000"
 2640 0e07 10       		.byte	0x10
 2641 0e08 FD01     		.2byte	0x1fd
 2642 0e0a 11       		.byte	0x11
 2643 0e0b E4000000 		.4byte	0xe4
 2644 0e0f 10       		.byte	0x10
 2645 0e10 05       		.uleb128 0x5
 2646 0e11 723900   		.ascii	"r9\000"
 2647 0e14 10       		.byte	0x10
 2648 0e15 FE01     		.2byte	0x1fe
 2649 0e17 11       		.byte	0x11
 2650 0e18 E4000000 		.4byte	0xe4
 2651 0e1c 14       		.byte	0x14
 2652 0e1d 05       		.uleb128 0x5
 2653 0e1e 72313000 		.ascii	"r10\000"
 2654 0e22 10       		.byte	0x10
 2655 0e23 FF01     		.2byte	0x1ff
 2656 0e25 11       		.byte	0x11
 2657 0e26 E4000000 		.4byte	0xe4
 2658 0e2a 18       		.byte	0x18
 2659 0e2b 05       		.uleb128 0x5
 2660 0e2c 72313100 		.ascii	"r11\000"
 2661 0e30 10       		.byte	0x10
 2662 0e31 0002     		.2byte	0x200
 2663 0e33 11       		.byte	0x11
 2664 0e34 E4000000 		.4byte	0xe4
 2665 0e38 1C       		.byte	0x1c
 2666 0e39 05       		.uleb128 0x5
 2667 0e3a 6C7200   		.ascii	"lr\000"
 2668 0e3d 10       		.byte	0x10
 2669 0e3e 0102     		.2byte	0x201
 2670 0e40 11       		.byte	0x11
 2671 0e41 E4000000 		.4byte	0xe4
 2672 0e45 20       		.byte	0x20
 2673 0e46 00       		.byte	0
 2674 0e47 1A       		.uleb128 0x1a
 2675 0e48 9E010000 		.4byte	.LASF197
 2676 0e4c 04       		.byte	0x4
 2677 0e4d 10       		.byte	0x10
 2678 0e4e 0A02     		.2byte	0x20a
 2679 0e50 08       		.byte	0x8
ARM GAS  C:\Users\DEVELO~1\AppData\Local\Temp\ccfSEeL2.s 			page 48


 2680 0e51 630E0000 		.4byte	0xe63
 2681 0e55 05       		.uleb128 0x5
 2682 0e56 737000   		.ascii	"sp\000"
 2683 0e59 10       		.byte	0x10
 2684 0e5a 0B02     		.2byte	0x20b
 2685 0e5c 1A       		.byte	0x1a
 2686 0e5d 630E0000 		.4byte	0xe63
 2687 0e61 00       		.byte	0
 2688 0e62 00       		.byte	0
 2689 0e63 04       		.uleb128 0x4
 2690 0e64 C10D0000 		.4byte	0xdc1
 2691 0e68 09       		.uleb128 0x9
 2692 0e69 65040000 		.4byte	.LASF198
 2693 0e6d 18       		.byte	0x18
 2694 0e6e 09       		.byte	0x9
 2695 0e6f 64       		.byte	0x64
 2696 0e70 10       		.byte	0x10
 2697 0e71 9D0E0000 		.4byte	0xe9d
 2698 0e75 02       		.uleb128 0x2
 2699 0e76 E3030000 		.4byte	.LASF199
 2700 0e7a 09       		.byte	0x9
 2701 0e7b 68       		.byte	0x68
 2702 0e7c 21       		.byte	0x21
 2703 0e7d 4B040000 		.4byte	0x44b
 2704 0e81 00       		.byte	0
 2705 0e82 02       		.uleb128 0x2
 2706 0e83 81040000 		.4byte	.LASF200
 2707 0e87 09       		.byte	0x9
 2708 0e88 73       		.byte	0x73
 2709 0e89 21       		.byte	0x21
 2710 0e8a 88030000 		.4byte	0x388
 2711 0e8e 0C       		.byte	0xc
 2712 0e8f 02       		.uleb128 0x2
 2713 0e90 FD010000 		.4byte	.LASF201
 2714 0e94 09       		.byte	0x9
 2715 0e95 79       		.byte	0x79
 2716 0e96 21       		.byte	0x21
 2717 0e97 06010000 		.4byte	0x106
 2718 0e9b 10       		.byte	0x10
 2719 0e9c 00       		.byte	0
 2720 0e9d 03       		.uleb128 0x3
 2721 0e9e 1A0C0000 		.4byte	.LASF202
 2722 0ea2 09       		.byte	0x9
 2723 0ea3 7B       		.byte	0x7b
 2724 0ea4 03       		.byte	0x3
 2725 0ea5 680E0000 		.4byte	0xe68
 2726 0ea9 09       		.uleb128 0x9
 2727 0eaa 5E000000 		.4byte	.LASF203
 2728 0eae 08       		.byte	0x8
 2729 0eaf 09       		.byte	0x9
 2730 0eb0 80       		.byte	0x80
 2731 0eb1 10       		.byte	0x10
 2732 0eb2 C40E0000 		.4byte	0xec4
 2733 0eb6 02       		.uleb128 0x2
 2734 0eb7 8B0B0000 		.4byte	.LASF204
 2735 0ebb 09       		.byte	0x9
 2736 0ebc 84       		.byte	0x84
ARM GAS  C:\Users\DEVELO~1\AppData\Local\Temp\ccfSEeL2.s 			page 49


 2737 0ebd 21       		.byte	0x21
 2738 0ebe CC030000 		.4byte	0x3cc
 2739 0ec2 00       		.byte	0
 2740 0ec3 00       		.byte	0
 2741 0ec4 03       		.uleb128 0x3
 2742 0ec5 1F070000 		.4byte	.LASF205
 2743 0ec9 09       		.byte	0x9
 2744 0eca 85       		.byte	0x85
 2745 0ecb 03       		.byte	0x3
 2746 0ecc A90E0000 		.4byte	0xea9
 2747 0ed0 03       		.uleb128 0x3
 2748 0ed1 46000000 		.4byte	.LASF206
 2749 0ed5 09       		.byte	0x9
 2750 0ed6 8A       		.byte	0x8a
 2751 0ed7 14       		.byte	0x14
 2752 0ed8 B5040000 		.4byte	0x4b5
 2753 0edc 14       		.uleb128 0x14
 2754 0edd 0C       		.byte	0xc
 2755 0ede 09       		.byte	0x9
 2756 0edf A0       		.byte	0xa0
 2757 0ee0 03       		.byte	0x3
 2758 0ee1 0A0F0000 		.4byte	0xf0a
 2759 0ee5 11       		.uleb128 0x11
 2760 0ee6 DC020000 		.4byte	.LASF207
 2761 0eea 09       		.byte	0x9
 2762 0eeb A4       		.byte	0xa4
 2763 0eec 21       		.byte	0x21
 2764 0eed A0030000 		.4byte	0x3a0
 2765 0ef1 11       		.uleb128 0x11
 2766 0ef2 8B0B0000 		.4byte	.LASF204
 2767 0ef6 09       		.byte	0x9
 2768 0ef7 A8       		.byte	0xa8
 2769 0ef8 21       		.byte	0x21
 2770 0ef9 CC030000 		.4byte	0x3cc
 2771 0efd 11       		.uleb128 0x11
 2772 0efe CB030000 		.4byte	.LASF208
 2773 0f02 09       		.byte	0x9
 2774 0f03 AC       		.byte	0xac
 2775 0f04 21       		.byte	0x21
 2776 0f05 05040000 		.4byte	0x405
 2777 0f09 00       		.byte	0
 2778 0f0a 14       		.uleb128 0x14
 2779 0f0b 04       		.byte	0x4
 2780 0f0c 09       		.byte	0x9
 2781 0f0d EB       		.byte	0xeb
 2782 0f0e 03       		.byte	0x3
 2783 0f0f 740F0000 		.4byte	0xf74
 2784 0f13 11       		.uleb128 0x11
 2785 0f14 B7040000 		.4byte	.LASF209
 2786 0f18 09       		.byte	0x9
 2787 0f19 F2       		.byte	0xf2
 2788 0f1a 21       		.byte	0x21
 2789 0f1b 5F010000 		.4byte	0x15f
 2790 0f1f 11       		.uleb128 0x11
 2791 0f20 7E0E0000 		.4byte	.LASF210
 2792 0f24 09       		.byte	0x9
 2793 0f25 F9       		.byte	0xf9
ARM GAS  C:\Users\DEVELO~1\AppData\Local\Temp\ccfSEeL2.s 			page 50


 2794 0f26 21       		.byte	0x21
 2795 0f27 5F010000 		.4byte	0x15f
 2796 0f2b 18       		.uleb128 0x18
 2797 0f2c 82010000 		.4byte	.LASF79
 2798 0f30 0001     		.2byte	0x100
 2799 0f32 22       		.byte	0x22
 2800 0f33 BA040000 		.4byte	0x4ba
 2801 0f37 18       		.uleb128 0x18
 2802 0f38 460E0000 		.4byte	.LASF211
 2803 0f3c 0701     		.2byte	0x107
 2804 0f3e 22       		.byte	0x22
 2805 0f3f 740F0000 		.4byte	0xf74
 2806 0f43 18       		.uleb128 0x18
 2807 0f44 FC020000 		.4byte	.LASF212
 2808 0f48 0C01     		.2byte	0x10c
 2809 0f4a 21       		.byte	0x21
 2810 0f4b 5F010000 		.4byte	0x15f
 2811 0f4f 18       		.uleb128 0x18
 2812 0f50 980B0000 		.4byte	.LASF213
 2813 0f54 1501     		.2byte	0x115
 2814 0f56 22       		.byte	0x22
 2815 0f57 A10F0000 		.4byte	0xfa1
 2816 0f5b 18       		.uleb128 0x18
 2817 0f5c 520E0000 		.4byte	.LASF214
 2818 0f60 1E01     		.2byte	0x11e
 2819 0f62 22       		.byte	0x22
 2820 0f63 DB0F0000 		.4byte	0xfdb
 2821 0f67 18       		.uleb128 0x18
 2822 0f68 0C020000 		.4byte	.LASF215
 2823 0f6c 2601     		.2byte	0x126
 2824 0f6e 21       		.byte	0x21
 2825 0f6f 6B010000 		.4byte	0x16b
 2826 0f73 00       		.byte	0
 2827 0f74 04       		.uleb128 0x4
 2828 0f75 D00E0000 		.4byte	0xed0
 2829 0f79 09       		.uleb128 0x9
 2830 0f7a 36030000 		.4byte	.LASF216
 2831 0f7e 0C       		.byte	0xc
 2832 0f7f 11       		.byte	0x11
 2833 0f80 34       		.byte	0x34
 2834 0f81 10       		.byte	0x10
 2835 0f82 A10F0000 		.4byte	0xfa1
 2836 0f86 02       		.uleb128 0x2
 2837 0f87 8B0B0000 		.4byte	.LASF204
 2838 0f8b 11       		.byte	0x11
 2839 0f8c 35       		.byte	0x35
 2840 0f8d 19       		.byte	0x19
 2841 0f8e CC030000 		.4byte	0x3cc
 2842 0f92 00       		.byte	0
 2843 0f93 07       		.uleb128 0x7
 2844 0f94 636E7400 		.ascii	"cnt\000"
 2845 0f98 11       		.byte	0x11
 2846 0f99 37       		.byte	0x37
 2847 0f9a 19       		.byte	0x19
 2848 0f9b 77010000 		.4byte	0x177
 2849 0f9f 08       		.byte	0x8
 2850 0fa0 00       		.byte	0
ARM GAS  C:\Users\DEVELO~1\AppData\Local\Temp\ccfSEeL2.s 			page 51


 2851 0fa1 04       		.uleb128 0x4
 2852 0fa2 790F0000 		.4byte	0xf79
 2853 0fa6 09       		.uleb128 0x9
 2854 0fa7 FD040000 		.4byte	.LASF217
 2855 0fab 10       		.byte	0x10
 2856 0fac 12       		.byte	0x12
 2857 0fad 39       		.byte	0x39
 2858 0fae 08       		.byte	0x8
 2859 0faf DB0F0000 		.4byte	0xfdb
 2860 0fb3 02       		.uleb128 0x2
 2861 0fb4 8B0B0000 		.4byte	.LASF204
 2862 0fb8 12       		.byte	0x12
 2863 0fb9 3A       		.byte	0x3a
 2864 0fba 19       		.byte	0x19
 2865 0fbb CC030000 		.4byte	0x3cc
 2866 0fbf 00       		.byte	0
 2867 0fc0 02       		.uleb128 0x2
 2868 0fc1 34040000 		.4byte	.LASF34
 2869 0fc5 12       		.byte	0x12
 2870 0fc6 3C       		.byte	0x3c
 2871 0fc7 1A       		.byte	0x1a
 2872 0fc8 B5040000 		.4byte	0x4b5
 2873 0fcc 08       		.byte	0x8
 2874 0fcd 02       		.uleb128 0x2
 2875 0fce EE000000 		.4byte	.LASF69
 2876 0fd2 12       		.byte	0x12
 2877 0fd3 3E       		.byte	0x3e
 2878 0fd4 1A       		.byte	0x1a
 2879 0fd5 9A100000 		.4byte	0x109a
 2880 0fd9 0C       		.byte	0xc
 2881 0fda 00       		.byte	0
 2882 0fdb 04       		.uleb128 0x4
 2883 0fdc A60F0000 		.4byte	0xfa6
 2884 0fe0 04       		.uleb128 0x4
 2885 0fe1 7E020000 		.4byte	0x27e
 2886 0fe5 04       		.uleb128 0x4
 2887 0fe6 23010000 		.4byte	0x123
 2888 0fea 1A       		.uleb128 0x1a
 2889 0feb 2F020000 		.4byte	.LASF218
 2890 0fef 10       		.byte	0x10
 2891 0ff0 09       		.byte	0x9
 2892 0ff1 5C01     		.2byte	0x15c
 2893 0ff3 10       		.byte	0x10
 2894 0ff4 15100000 		.4byte	0x1015
 2895 0ff8 01       		.uleb128 0x1
 2896 0ff9 CB030000 		.4byte	.LASF208
 2897 0ffd 09       		.byte	0x9
 2898 0ffe 6101     		.2byte	0x161
 2899 1000 21       		.byte	0x21
 2900 1001 05040000 		.4byte	0x405
 2901 1005 00       		.byte	0
 2902 1006 01       		.uleb128 0x1
 2903 1007 A00D0000 		.4byte	.LASF219
 2904 100b 09       		.byte	0x9
 2905 100c 6501     		.2byte	0x165
 2906 100e 22       		.byte	0x22
 2907 100f B5040000 		.4byte	0x4b5
ARM GAS  C:\Users\DEVELO~1\AppData\Local\Temp\ccfSEeL2.s 			page 52


 2908 1013 0C       		.byte	0xc
 2909 1014 00       		.byte	0
 2910 1015 0F       		.uleb128 0xf
 2911 1016 490B0000 		.4byte	.LASF220
 2912 101a 09       		.byte	0x9
 2913 101b 6601     		.2byte	0x166
 2914 101d 03       		.byte	0x3
 2915 101e EA0F0000 		.4byte	0xfea
 2916 1022 1A       		.uleb128 0x1a
 2917 1023 250A0000 		.4byte	.LASF221
 2918 1027 14       		.byte	0x14
 2919 1028 09       		.byte	0x9
 2920 1029 6B01     		.2byte	0x16b
 2921 102b 10       		.byte	0x10
 2922 102c 77100000 		.4byte	0x1077
 2923 1030 01       		.uleb128 0x1
 2924 1031 38000000 		.4byte	.LASF35
 2925 1035 09       		.byte	0x9
 2926 1036 6F01     		.2byte	0x16f
 2927 1038 22       		.byte	0x22
 2928 1039 66030000 		.4byte	0x366
 2929 103d 00       		.byte	0
 2930 103e 01       		.uleb128 0x1
 2931 103f 00060000 		.4byte	.LASF222
 2932 1043 09       		.byte	0x9
 2933 1044 7501     		.2byte	0x175
 2934 1046 22       		.byte	0x22
 2935 1047 E50F0000 		.4byte	0xfe5
 2936 104b 04       		.byte	0x4
 2937 104c 01       		.uleb128 0x1
 2938 104d 43040000 		.4byte	.LASF223
 2939 1051 09       		.byte	0x9
 2940 1052 7901     		.2byte	0x179
 2941 1054 22       		.byte	0x22
 2942 1055 E50F0000 		.4byte	0xfe5
 2943 1059 08       		.byte	0x8
 2944 105a 01       		.uleb128 0x1
 2945 105b EB0C0000 		.4byte	.LASF224
 2946 105f 09       		.byte	0x9
 2947 1060 7F01     		.2byte	0x17f
 2948 1062 22       		.byte	0x22
 2949 1063 E50F0000 		.4byte	0xfe5
 2950 1067 0C       		.byte	0xc
 2951 1068 01       		.uleb128 0x1
 2952 1069 50050000 		.4byte	.LASF225
 2953 106d 09       		.byte	0x9
 2954 106e 8301     		.2byte	0x183
 2955 1070 22       		.byte	0x22
 2956 1071 E50F0000 		.4byte	0xfe5
 2957 1075 10       		.byte	0x10
 2958 1076 00       		.byte	0
 2959 1077 0F       		.uleb128 0xf
 2960 1078 5D030000 		.4byte	.LASF226
 2961 107c 09       		.byte	0x9
 2962 107d 8501     		.2byte	0x185
 2963 107f 03       		.byte	0x3
 2964 1080 22100000 		.4byte	0x1022
ARM GAS  C:\Users\DEVELO~1\AppData\Local\Temp\ccfSEeL2.s 			page 53


 2965 1084 0B       		.uleb128 0xb
 2966 1085 77100000 		.4byte	0x1077
 2967 1089 04       		.uleb128 0x4
 2968 108a 84100000 		.4byte	0x1084
 2969 108e 03       		.uleb128 0x3
 2970 108f 3A090000 		.4byte	.LASF227
 2971 1093 12       		.byte	0x12
 2972 1094 34       		.byte	0x34
 2973 1095 19       		.byte	0x19
 2974 1096 A60F0000 		.4byte	0xfa6
 2975 109a 04       		.uleb128 0x4
 2976 109b 8E100000 		.4byte	0x108e
 2977 109f 0C       		.uleb128 0xc
 2978 10a0 01       		.byte	0x1
 2979 10a1 02       		.byte	0x2
 2980 10a2 DE040000 		.4byte	.LASF228
 2981 10a6 04       		.uleb128 0x4
 2982 10a7 BB000000 		.4byte	0xbb
 2983 10ab 17       		.uleb128 0x17
 2984 10ac 10       		.byte	0x10
 2985 10ad 13       		.byte	0x13
 2986 10ae A701     		.2byte	0x1a7
 2987 10b0 09110000 		.4byte	0x1109
 2988 10b4 01       		.uleb128 0x1
 2989 10b5 6B060000 		.4byte	.LASF229
 2990 10b9 13       		.byte	0x13
 2991 10ba A801     		.2byte	0x1a8
 2992 10bc 1A       		.byte	0x1a
 2993 10bd 09110000 		.4byte	0x1109
 2994 10c1 00       		.byte	0
 2995 10c2 01       		.uleb128 0x1
 2996 10c3 10030000 		.4byte	.LASF230
 2997 10c7 13       		.byte	0x13
 2998 10c8 A901     		.2byte	0x1a9
 2999 10ca 1A       		.byte	0x1a
 3000 10cb 0E110000 		.4byte	0x110e
 3001 10cf 04       		.byte	0x4
 3002 10d0 05       		.uleb128 0x5
 3003 10d1 6D757800 		.ascii	"mux\000"
 3004 10d5 13       		.byte	0x13
 3005 10d6 AB01     		.2byte	0x1ab
 3006 10d8 1B       		.byte	0x1b
 3007 10d9 13110000 		.4byte	0x1113
 3008 10dd 08       		.byte	0x8
 3009 10de 01       		.uleb128 0x1
 3010 10df 30030000 		.4byte	.LASF231
 3011 10e3 13       		.byte	0x13
 3012 10e4 AF01     		.2byte	0x1af
 3013 10e6 19       		.byte	0x19
 3014 10e7 BB000000 		.4byte	0xbb
 3015 10eb 0C       		.byte	0xc
 3016 10ec 01       		.uleb128 0x1
 3017 10ed 870E0000 		.4byte	.LASF232
 3018 10f1 13       		.byte	0x13
 3019 10f2 B101     		.2byte	0x1b1
 3020 10f4 19       		.byte	0x19
 3021 10f5 BB000000 		.4byte	0xbb
ARM GAS  C:\Users\DEVELO~1\AppData\Local\Temp\ccfSEeL2.s 			page 54


 3022 10f9 0D       		.byte	0xd
 3023 10fa 01       		.uleb128 0x1
 3024 10fb B6030000 		.4byte	.LASF233
 3025 10ff 13       		.byte	0x13
 3026 1100 B201     		.2byte	0x1b2
 3027 1102 19       		.byte	0x19
 3028 1103 BB000000 		.4byte	0xbb
 3029 1107 0E       		.byte	0xe
 3030 1108 00       		.byte	0
 3031 1109 04       		.uleb128 0x4
 3032 110a A4060000 		.4byte	0x6a4
 3033 110e 04       		.uleb128 0x4
 3034 110f F0000000 		.4byte	0xf0
 3035 1113 04       		.uleb128 0x4
 3036 1114 59070000 		.4byte	0x759
 3037 1118 0F       		.uleb128 0xf
 3038 1119 10060000 		.4byte	.LASF234
 3039 111d 13       		.byte	0x13
 3040 111e B301     		.2byte	0x1b3
 3041 1120 03       		.byte	0x3
 3042 1121 AB100000 		.4byte	0x10ab
 3043 1125 0B       		.uleb128 0xb
 3044 1126 18110000 		.4byte	0x1118
 3045 112a 0A       		.uleb128 0xa
 3046 112b 14       		.byte	0x14
 3047 112c 14       		.byte	0x14
 3048 112d E5       		.byte	0xe5
 3049 112e 09       		.byte	0x9
 3050 112f 82110000 		.4byte	0x1182
 3051 1133 02       		.uleb128 0x2
 3052 1134 33000000 		.4byte	.LASF235
 3053 1138 14       		.byte	0x14
 3054 1139 E6       		.byte	0xe6
 3055 113a 1E       		.byte	0x1e
 3056 113b 82110000 		.4byte	0x1182
 3057 113f 00       		.byte	0
 3058 1140 02       		.uleb128 0x2
 3059 1141 62080000 		.4byte	.LASF236
 3060 1145 14       		.byte	0x14
 3061 1146 E7       		.byte	0xe7
 3062 1147 1E       		.byte	0x1e
 3063 1148 87110000 		.4byte	0x1187
 3064 114c 04       		.byte	0x4
 3065 114d 02       		.uleb128 0x2
 3066 114e 30030000 		.4byte	.LASF231
 3067 1152 14       		.byte	0x14
 3068 1153 E8       		.byte	0xe8
 3069 1154 1D       		.byte	0x1d
 3070 1155 BB000000 		.4byte	0xbb
 3071 1159 08       		.byte	0x8
 3072 115a 07       		.uleb128 0x7
 3073 115b 6D757800 		.ascii	"mux\000"
 3074 115f 14       		.byte	0x14
 3075 1160 EA       		.byte	0xea
 3076 1161 1E       		.byte	0x1e
 3077 1162 13110000 		.4byte	0x1113
 3078 1166 0C       		.byte	0xc
ARM GAS  C:\Users\DEVELO~1\AppData\Local\Temp\ccfSEeL2.s 			page 55


 3079 1167 02       		.uleb128 0x2
 3080 1168 870E0000 		.4byte	.LASF232
 3081 116c 14       		.byte	0x14
 3082 116d EB       		.byte	0xeb
 3083 116e 1D       		.byte	0x1d
 3084 116f BB000000 		.4byte	0xbb
 3085 1173 10       		.byte	0x10
 3086 1174 02       		.uleb128 0x2
 3087 1175 B6030000 		.4byte	.LASF233
 3088 1179 14       		.byte	0x14
 3089 117a EC       		.byte	0xec
 3090 117b 1D       		.byte	0x1d
 3091 117c BB000000 		.4byte	0xbb
 3092 1180 11       		.byte	0x11
 3093 1181 00       		.byte	0
 3094 1182 04       		.uleb128 0x4
 3095 1183 34070000 		.4byte	0x734
 3096 1187 04       		.uleb128 0x4
 3097 1188 01070000 		.4byte	0x701
 3098 118c 03       		.uleb128 0x3
 3099 118d 1F0E0000 		.4byte	.LASF237
 3100 1191 14       		.byte	0x14
 3101 1192 ED       		.byte	0xed
 3102 1193 03       		.byte	0x3
 3103 1194 2A110000 		.4byte	0x112a
 3104 1198 0B       		.uleb128 0xb
 3105 1199 8C110000 		.4byte	0x118c
 3106 119d 04       		.uleb128 0x4
 3107 119e C7000000 		.4byte	0xc7
 3108 11a2 1D       		.uleb128 0x1d
 3109 11a3 61000000 		.4byte	0x61
 3110 11a7 15       		.byte	0x15
 3111 11a8 28       		.byte	0x28
 3112 11a9 E4110000 		.4byte	0x11e4
 3113 11ad 08       		.uleb128 0x8
 3114 11ae 55020000 		.4byte	.LASF238
 3115 11b2 00       		.byte	0
 3116 11b3 08       		.uleb128 0x8
 3117 11b4 59070000 		.4byte	.LASF239
 3118 11b8 01       		.byte	0x1
 3119 11b9 08       		.uleb128 0x8
 3120 11ba C2000000 		.4byte	.LASF240
 3121 11be 02       		.byte	0x2
 3122 11bf 08       		.uleb128 0x8
 3123 11c0 73010000 		.4byte	.LASF241
 3124 11c4 03       		.byte	0x3
 3125 11c5 08       		.uleb128 0x8
 3126 11c6 64050000 		.4byte	.LASF242
 3127 11ca 04       		.byte	0x4
 3128 11cb 08       		.uleb128 0x8
 3129 11cc 9A060000 		.4byte	.LASF243
 3130 11d0 05       		.byte	0x5
 3131 11d1 08       		.uleb128 0x8
 3132 11d2 730A0000 		.4byte	.LASF244
 3133 11d6 06       		.byte	0x6
 3134 11d7 08       		.uleb128 0x8
 3135 11d8 6D0C0000 		.4byte	.LASF245
ARM GAS  C:\Users\DEVELO~1\AppData\Local\Temp\ccfSEeL2.s 			page 56


 3136 11dc 07       		.byte	0x7
 3137 11dd 08       		.uleb128 0x8
 3138 11de 13000000 		.4byte	.LASF246
 3139 11e2 08       		.byte	0x8
 3140 11e3 00       		.byte	0
 3141 11e4 03       		.uleb128 0x3
 3142 11e5 D5060000 		.4byte	.LASF247
 3143 11e9 15       		.byte	0x15
 3144 11ea 32       		.byte	0x32
 3145 11eb 03       		.byte	0x3
 3146 11ec A2110000 		.4byte	0x11a2
 3147 11f0 0A       		.uleb128 0xa
 3148 11f1 08       		.byte	0x8
 3149 11f2 15       		.byte	0x15
 3150 11f3 37       		.byte	0x37
 3151 11f4 09       		.byte	0x9
 3152 11f5 14120000 		.4byte	0x1214
 3153 11f9 02       		.uleb128 0x2
 3154 11fa 06010000 		.4byte	.LASF248
 3155 11fe 15       		.byte	0x15
 3156 11ff 38       		.byte	0x38
 3157 1200 11       		.byte	0x11
 3158 1201 E4000000 		.4byte	0xe4
 3159 1205 00       		.byte	0
 3160 1206 02       		.uleb128 0x2
 3161 1207 F8050000 		.4byte	.LASF249
 3162 120b 15       		.byte	0x15
 3163 120c 39       		.byte	0x39
 3164 120d 11       		.byte	0x11
 3165 120e E4000000 		.4byte	0xe4
 3166 1212 04       		.byte	0x4
 3167 1213 00       		.byte	0
 3168 1214 03       		.uleb128 0x3
 3169 1215 D50B0000 		.4byte	.LASF250
 3170 1219 15       		.byte	0x15
 3171 121a 3A       		.byte	0x3a
 3172 121b 03       		.byte	0x3
 3173 121c F0110000 		.4byte	0x11f0
 3174 1220 1B       		.uleb128 0x1b
 3175 1221 9F100000 		.4byte	0x109f
 3176 1225 2F120000 		.4byte	0x122f
 3177 1229 0D       		.uleb128 0xd
 3178 122a BA040000 		.4byte	0x4ba
 3179 122e 00       		.byte	0
 3180 122f 04       		.uleb128 0x4
 3181 1230 20120000 		.4byte	0x1220
 3182 1234 1B       		.uleb128 0x1b
 3183 1235 9F100000 		.4byte	0x109f
 3184 1239 52120000 		.4byte	0x1252
 3185 123d 0D       		.uleb128 0xd
 3186 123e BA040000 		.4byte	0x4ba
 3187 1242 0D       		.uleb128 0xd
 3188 1243 E4000000 		.4byte	0xe4
 3189 1247 0D       		.uleb128 0xd
 3190 1248 A6100000 		.4byte	0x10a6
 3191 124c 0D       		.uleb128 0xd
 3192 124d E4000000 		.4byte	0xe4
ARM GAS  C:\Users\DEVELO~1\AppData\Local\Temp\ccfSEeL2.s 			page 57


 3193 1251 00       		.byte	0
 3194 1252 04       		.uleb128 0x4
 3195 1253 34120000 		.4byte	0x1234
 3196 1257 1B       		.uleb128 0x1b
 3197 1258 9F100000 		.4byte	0x109f
 3198 125c 75120000 		.4byte	0x1275
 3199 1260 0D       		.uleb128 0xd
 3200 1261 BA040000 		.4byte	0x4ba
 3201 1265 0D       		.uleb128 0xd
 3202 1266 E4000000 		.4byte	0xe4
 3203 126a 0D       		.uleb128 0xd
 3204 126b 9D110000 		.4byte	0x119d
 3205 126f 0D       		.uleb128 0xd
 3206 1270 E4000000 		.4byte	0xe4
 3207 1274 00       		.byte	0
 3208 1275 04       		.uleb128 0x4
 3209 1276 57120000 		.4byte	0x1257
 3210 127a 1B       		.uleb128 0x1b
 3211 127b 9F100000 		.4byte	0x109f
 3212 127f 8E120000 		.4byte	0x128e
 3213 1283 0D       		.uleb128 0xd
 3214 1284 BA040000 		.4byte	0x4ba
 3215 1288 0D       		.uleb128 0xd
 3216 1289 8E120000 		.4byte	0x128e
 3217 128d 00       		.byte	0
 3218 128e 04       		.uleb128 0x4
 3219 128f 14120000 		.4byte	0x1214
 3220 1293 04       		.uleb128 0x4
 3221 1294 7A120000 		.4byte	0x127a
 3222 1298 04       		.uleb128 0x4
 3223 1299 E4000000 		.4byte	0xe4
 3224 129d 0A       		.uleb128 0xa
 3225 129e 04       		.byte	0x4
 3226 129f 16       		.byte	0x16
 3227 12a0 5B       		.byte	0x5b
 3228 12a1 05       		.byte	0x5
 3229 12a2 C1120000 		.4byte	0x12c1
 3230 12a6 07       		.uleb128 0x7
 3231 12a7 73657400 		.ascii	"set\000"
 3232 12ab 16       		.byte	0x16
 3233 12ac 5C       		.byte	0x5c
 3234 12ad 19       		.byte	0x19
 3235 12ae CC000000 		.4byte	0xcc
 3236 12b2 00       		.byte	0
 3237 12b3 02       		.uleb128 0x2
 3238 12b4 57040000 		.4byte	.LASF251
 3239 12b8 16       		.byte	0x16
 3240 12b9 5D       		.byte	0x5d
 3241 12ba 19       		.byte	0x19
 3242 12bb CC000000 		.4byte	0xcc
 3243 12bf 02       		.byte	0x2
 3244 12c0 00       		.byte	0
 3245 12c1 14       		.uleb128 0x14
 3246 12c2 04       		.byte	0x4
 3247 12c3 16       		.byte	0x16
 3248 12c4 59       		.byte	0x59
 3249 12c5 0C       		.byte	0xc
ARM GAS  C:\Users\DEVELO~1\AppData\Local\Temp\ccfSEeL2.s 			page 58


 3250 12c6 DF120000 		.4byte	0x12df
 3251 12ca 12       		.uleb128 0x12
 3252 12cb 5700     		.ascii	"W\000"
 3253 12cd 16       		.byte	0x16
 3254 12ce 5A       		.byte	0x5a
 3255 12cf 19       		.byte	0x19
 3256 12d0 E4000000 		.4byte	0xe4
 3257 12d4 12       		.uleb128 0x12
 3258 12d5 4800     		.ascii	"H\000"
 3259 12d7 16       		.byte	0x16
 3260 12d8 5E       		.byte	0x5e
 3261 12d9 07       		.byte	0x7
 3262 12da 9D120000 		.4byte	0x129d
 3263 12de 00       		.byte	0
 3264 12df 19       		.uleb128 0x19
 3265 12e0 C1120000 		.4byte	0x12c1
 3266 12e4 0A       		.uleb128 0xa
 3267 12e5 28       		.byte	0x28
 3268 12e6 16       		.byte	0x16
 3269 12e7 51       		.byte	0x51
 3270 12e8 09       		.byte	0x9
 3271 12e9 70130000 		.4byte	0x1370
 3272 12ed 02       		.uleb128 0x2
 3273 12ee E9030000 		.4byte	.LASF252
 3274 12f2 16       		.byte	0x16
 3275 12f3 53       		.byte	0x53
 3276 12f4 19       		.byte	0x19
 3277 12f5 F0000000 		.4byte	0xf0
 3278 12f9 00       		.byte	0
 3279 12fa 02       		.uleb128 0x2
 3280 12fb 1E0A0000 		.4byte	.LASF253
 3281 12ff 16       		.byte	0x16
 3282 1300 54       		.byte	0x54
 3283 1301 19       		.byte	0x19
 3284 1302 F0000000 		.4byte	0xf0
 3285 1306 04       		.byte	0x4
 3286 1307 02       		.uleb128 0x2
 3287 1308 21080000 		.4byte	.LASF254
 3288 130c 16       		.byte	0x16
 3289 130d 55       		.byte	0x55
 3290 130e 19       		.byte	0x19
 3291 130f F0000000 		.4byte	0xf0
 3292 1313 08       		.byte	0x8
 3293 1314 02       		.uleb128 0x2
 3294 1315 44050000 		.4byte	.LASF255
 3295 1319 16       		.byte	0x16
 3296 131a 56       		.byte	0x56
 3297 131b 19       		.byte	0x19
 3298 131c F0000000 		.4byte	0xf0
 3299 1320 0C       		.byte	0xc
 3300 1321 07       		.uleb128 0x7
 3301 1322 49445200 		.ascii	"IDR\000"
 3302 1326 16       		.byte	0x16
 3303 1327 57       		.byte	0x57
 3304 1328 19       		.byte	0x19
 3305 1329 F0000000 		.4byte	0xf0
 3306 132d 10       		.byte	0x10
ARM GAS  C:\Users\DEVELO~1\AppData\Local\Temp\ccfSEeL2.s 			page 59


 3307 132e 07       		.uleb128 0x7
 3308 132f 4F445200 		.ascii	"ODR\000"
 3309 1333 16       		.byte	0x16
 3310 1334 58       		.byte	0x58
 3311 1335 19       		.byte	0x19
 3312 1336 F0000000 		.4byte	0xf0
 3313 133a 14       		.byte	0x14
 3314 133b 02       		.uleb128 0x2
 3315 133c 59000000 		.4byte	.LASF256
 3316 1340 16       		.byte	0x16
 3317 1341 5F       		.byte	0x5f
 3318 1342 05       		.byte	0x5
 3319 1343 DF120000 		.4byte	0x12df
 3320 1347 18       		.byte	0x18
 3321 1348 02       		.uleb128 0x2
 3322 1349 29080000 		.4byte	.LASF257
 3323 134d 16       		.byte	0x16
 3324 134e 60       		.byte	0x60
 3325 134f 19       		.byte	0x19
 3326 1350 F0000000 		.4byte	0xf0
 3327 1354 1C       		.byte	0x1c
 3328 1355 02       		.uleb128 0x2
 3329 1356 36050000 		.4byte	.LASF258
 3330 135a 16       		.byte	0x16
 3331 135b 61       		.byte	0x61
 3332 135c 19       		.byte	0x19
 3333 135d F0000000 		.4byte	0xf0
 3334 1361 20       		.byte	0x20
 3335 1362 02       		.uleb128 0x2
 3336 1363 22040000 		.4byte	.LASF259
 3337 1367 16       		.byte	0x16
 3338 1368 62       		.byte	0x62
 3339 1369 19       		.byte	0x19
 3340 136a F0000000 		.4byte	0xf0
 3341 136e 24       		.byte	0x24
 3342 136f 00       		.byte	0
 3343 1370 03       		.uleb128 0x3
 3344 1371 27040000 		.4byte	.LASF260
 3345 1375 16       		.byte	0x16
 3346 1376 63       		.byte	0x63
 3347 1377 03       		.byte	0x3
 3348 1378 E4120000 		.4byte	0x12e4
 3349 137c 03       		.uleb128 0x3
 3350 137d 2B050000 		.4byte	.LASF261
 3351 1381 17       		.byte	0x17
 3352 1382 D9       		.byte	0xd9
 3353 1383 18       		.byte	0x18
 3354 1384 88130000 		.4byte	0x1388
 3355 1388 04       		.uleb128 0x4
 3356 1389 70130000 		.4byte	0x1370
 3357 138d 04       		.uleb128 0x4
 3358 138e 25110000 		.4byte	0x1125
 3359 1392 1D       		.uleb128 0x1d
 3360 1393 61000000 		.4byte	0x61
 3361 1397 18       		.byte	0x18
 3362 1398 7A       		.byte	0x7a
 3363 1399 B0130000 		.4byte	0x13b0
ARM GAS  C:\Users\DEVELO~1\AppData\Local\Temp\ccfSEeL2.s 			page 60


 3364 139d 08       		.uleb128 0x8
 3365 139e BD0C0000 		.4byte	.LASF262
 3366 13a2 00       		.byte	0
 3367 13a3 08       		.uleb128 0x8
 3368 13a4 13080000 		.4byte	.LASF263
 3369 13a8 01       		.byte	0x1
 3370 13a9 08       		.uleb128 0x8
 3371 13aa 670D0000 		.4byte	.LASF264
 3372 13ae 02       		.byte	0x2
 3373 13af 00       		.byte	0
 3374 13b0 03       		.uleb128 0x3
 3375 13b1 C30B0000 		.4byte	.LASF265
 3376 13b5 18       		.byte	0x18
 3377 13b6 7E       		.byte	0x7e
 3378 13b7 03       		.byte	0x3
 3379 13b8 92130000 		.4byte	0x1392
 3380 13bc 03       		.uleb128 0x3
 3381 13bd 880D0000 		.4byte	.LASF266
 3382 13c1 19       		.byte	0x19
 3383 13c2 A6       		.byte	0xa6
 3384 13c3 12       		.byte	0x12
 3385 13c4 E4000000 		.4byte	0xe4
 3386 13c8 03       		.uleb128 0x3
 3387 13c9 AC0A0000 		.4byte	.LASF267
 3388 13cd 19       		.byte	0x19
 3389 13ce AB       		.byte	0xab
 3390 13cf 12       		.byte	0x12
 3391 13d0 E4000000 		.4byte	0xe4
 3392 13d4 03       		.uleb128 0x3
 3393 13d5 BD060000 		.4byte	.LASF268
 3394 13d9 19       		.byte	0x19
 3395 13da B0       		.byte	0xb0
 3396 13db 1A       		.byte	0x1a
 3397 13dc E0130000 		.4byte	0x13e0
 3398 13e0 09       		.uleb128 0x9
 3399 13e1 BD060000 		.4byte	.LASF268
 3400 13e5 50       		.byte	0x50
 3401 13e6 19       		.byte	0x19
 3402 13e7 D6       		.byte	0xd6
 3403 13e8 08       		.byte	0x8
 3404 13e9 A5140000 		.4byte	0x14a5
 3405 13ed 07       		.uleb128 0x7
 3406 13ee 766D7400 		.ascii	"vmt\000"
 3407 13f2 19       		.byte	0x19
 3408 13f3 DA       		.byte	0xda
 3409 13f4 1E       		.byte	0x1e
 3410 13f5 62150000 		.4byte	0x1562
 3411 13f9 00       		.byte	0
 3412 13fa 02       		.uleb128 0x2
 3413 13fb 8C0C0000 		.4byte	.LASF37
 3414 13ff 19       		.byte	0x19
 3415 1400 DB       		.byte	0xdb
 3416 1401 03       		.byte	0x3
 3417 1402 E4110000 		.4byte	0x11e4
 3418 1406 04       		.byte	0x4
 3419 1407 07       		.uleb128 0x7
 3420 1408 63696400 		.ascii	"cid\000"
ARM GAS  C:\Users\DEVELO~1\AppData\Local\Temp\ccfSEeL2.s 			page 61


 3421 140c 19       		.byte	0x19
 3422 140d DB       		.byte	0xdb
 3423 140e 03       		.byte	0x3
 3424 140f 37060000 		.4byte	0x637
 3425 1413 08       		.byte	0x8
 3426 1414 07       		.uleb128 0x7
 3427 1415 63736400 		.ascii	"csd\000"
 3428 1419 19       		.byte	0x19
 3429 141a DB       		.byte	0xdb
 3430 141b 03       		.byte	0x3
 3431 141c 37060000 		.4byte	0x637
 3432 1420 18       		.byte	0x18
 3433 1421 02       		.uleb128 0x2
 3434 1422 7E000000 		.4byte	.LASF269
 3435 1426 19       		.byte	0x19
 3436 1427 DB       		.byte	0xdb
 3437 1428 03       		.byte	0x3
 3438 1429 E4000000 		.4byte	0xe4
 3439 142d 28       		.byte	0x28
 3440 142e 02       		.uleb128 0x2
 3441 142f 7E080000 		.4byte	.LASF54
 3442 1433 19       		.byte	0x19
 3443 1434 DF       		.byte	0xdf
 3444 1435 1E       		.byte	0x1e
 3445 1436 67150000 		.4byte	0x1567
 3446 143a 2C       		.byte	0x2c
 3447 143b 02       		.uleb128 0x2
 3448 143c 8E030000 		.4byte	.LASF270
 3449 1440 19       		.byte	0x19
 3450 1441 E3       		.byte	0xe3
 3451 1442 1D       		.byte	0x1d
 3452 1443 BC130000 		.4byte	0x13bc
 3453 1447 30       		.byte	0x30
 3454 1448 02       		.uleb128 0x2
 3455 1449 C4030000 		.4byte	.LASF271
 3456 144d 19       		.byte	0x19
 3457 144e E7       		.byte	0xe7
 3458 144f 1D       		.byte	0x1d
 3459 1450 C8130000 		.4byte	0x13c8
 3460 1454 34       		.byte	0x34
 3461 1455 07       		.uleb128 0x7
 3462 1456 72636100 		.ascii	"rca\000"
 3463 145a 19       		.byte	0x19
 3464 145b EB       		.byte	0xeb
 3465 145c 1D       		.byte	0x1d
 3466 145d E4000000 		.4byte	0xe4
 3467 1461 38       		.byte	0x38
 3468 1462 07       		.uleb128 0x7
 3469 1463 62756600 		.ascii	"buf\000"
 3470 1467 19       		.byte	0x19
 3471 1468 EF       		.byte	0xef
 3472 1469 1E       		.byte	0x1e
 3473 146a A6100000 		.4byte	0x10a6
 3474 146e 3C       		.byte	0x3c
 3475 146f 02       		.uleb128 0x2
 3476 1470 910B0000 		.4byte	.LASF272
 3477 1474 19       		.byte	0x19
ARM GAS  C:\Users\DEVELO~1\AppData\Local\Temp\ccfSEeL2.s 			page 62


 3478 1475 F4       		.byte	0xf4
 3479 1476 1D       		.byte	0x1d
 3480 1477 D00E0000 		.4byte	0xed0
 3481 147b 40       		.byte	0x40
 3482 147c 02       		.uleb128 0x2
 3483 147d C30D0000 		.4byte	.LASF273
 3484 1481 19       		.byte	0x19
 3485 1482 F9       		.byte	0xf9
 3486 1483 1E       		.byte	0x1e
 3487 1484 6C150000 		.4byte	0x156c
 3488 1488 44       		.byte	0x44
 3489 1489 02       		.uleb128 0x2
 3490 148a 9E070000 		.4byte	.LASF274
 3491 148e 19       		.byte	0x19
 3492 148f FD       		.byte	0xfd
 3493 1490 1D       		.byte	0x1d
 3494 1491 E4000000 		.4byte	0xe4
 3495 1495 48       		.byte	0x48
 3496 1496 01       		.uleb128 0x1
 3497 1497 DF0D0000 		.4byte	.LASF275
 3498 149b 19       		.byte	0x19
 3499 149c 0101     		.2byte	0x101
 3500 149e 1E       		.byte	0x1e
 3501 149f 98120000 		.4byte	0x1298
 3502 14a3 4C       		.byte	0x4c
 3503 14a4 00       		.byte	0
 3504 14a5 0A       		.uleb128 0xa
 3505 14a6 08       		.byte	0x8
 3506 14a7 19       		.byte	0x19
 3507 14a8 B6       		.byte	0xb6
 3508 14a9 09       		.byte	0x9
 3509 14aa C9140000 		.4byte	0x14c9
 3510 14ae 02       		.uleb128 0x2
 3511 14af 010D0000 		.4byte	.LASF276
 3512 14b3 19       		.byte	0x19
 3513 14b4 BA       		.byte	0xba
 3514 14b5 11       		.byte	0x11
 3515 14b6 B0130000 		.4byte	0x13b0
 3516 14ba 00       		.byte	0
 3517 14bb 02       		.uleb128 0x2
 3518 14bc E00A0000 		.4byte	.LASF277
 3519 14c0 19       		.byte	0x19
 3520 14c1 C1       		.byte	0xc1
 3521 14c2 11       		.byte	0x11
 3522 14c3 E4000000 		.4byte	0xe4
 3523 14c7 04       		.byte	0x4
 3524 14c8 00       		.byte	0
 3525 14c9 03       		.uleb128 0x3
 3526 14ca 54010000 		.4byte	.LASF278
 3527 14ce 19       		.byte	0x19
 3528 14cf C2       		.byte	0xc2
 3529 14d0 03       		.byte	0x3
 3530 14d1 A5140000 		.4byte	0x14a5
 3531 14d5 0B       		.uleb128 0xb
 3532 14d6 C9140000 		.4byte	0x14c9
 3533 14da 09       		.uleb128 0x9
 3534 14db 13020000 		.4byte	.LASF279
ARM GAS  C:\Users\DEVELO~1\AppData\Local\Temp\ccfSEeL2.s 			page 63


 3535 14df 24       		.byte	0x24
 3536 14e0 19       		.byte	0x19
 3537 14e1 CF       		.byte	0xcf
 3538 14e2 08       		.byte	0x8
 3539 14e3 5D150000 		.4byte	0x155d
 3540 14e7 02       		.uleb128 0x2
 3541 14e8 49070000 		.4byte	.LASF280
 3542 14ec 19       		.byte	0x19
 3543 14ed D0       		.byte	0xd0
 3544 14ee 03       		.byte	0x3
 3545 14ef 2D000000 		.4byte	0x2d
 3546 14f3 00       		.byte	0
 3547 14f4 02       		.uleb128 0x2
 3548 14f5 F30B0000 		.4byte	.LASF281
 3549 14f9 19       		.byte	0x19
 3550 14fa D0       		.byte	0xd0
 3551 14fb 03       		.byte	0x3
 3552 14fc 2F120000 		.4byte	0x122f
 3553 1500 04       		.byte	0x4
 3554 1501 02       		.uleb128 0x2
 3555 1502 D20D0000 		.4byte	.LASF282
 3556 1506 19       		.byte	0x19
 3557 1507 D0       		.byte	0xd0
 3558 1508 03       		.byte	0x3
 3559 1509 2F120000 		.4byte	0x122f
 3560 150d 08       		.byte	0x8
 3561 150e 02       		.uleb128 0x2
 3562 150f A9090000 		.4byte	.LASF283
 3563 1513 19       		.byte	0x19
 3564 1514 D0       		.byte	0xd0
 3565 1515 03       		.byte	0x3
 3566 1516 2F120000 		.4byte	0x122f
 3567 151a 0C       		.byte	0xc
 3568 151b 02       		.uleb128 0x2
 3569 151c CD000000 		.4byte	.LASF284
 3570 1520 19       		.byte	0x19
 3571 1521 D0       		.byte	0xd0
 3572 1522 03       		.byte	0x3
 3573 1523 2F120000 		.4byte	0x122f
 3574 1527 10       		.byte	0x10
 3575 1528 02       		.uleb128 0x2
 3576 1529 C90A0000 		.4byte	.LASF285
 3577 152d 19       		.byte	0x19
 3578 152e D0       		.byte	0xd0
 3579 152f 03       		.byte	0x3
 3580 1530 52120000 		.4byte	0x1252
 3581 1534 14       		.byte	0x14
 3582 1535 02       		.uleb128 0x2
 3583 1536 E0060000 		.4byte	.LASF286
 3584 153a 19       		.byte	0x19
 3585 153b D0       		.byte	0xd0
 3586 153c 03       		.byte	0x3
 3587 153d 75120000 		.4byte	0x1275
 3588 1541 18       		.byte	0x18
 3589 1542 02       		.uleb128 0x2
 3590 1543 89010000 		.4byte	.LASF287
 3591 1547 19       		.byte	0x19
ARM GAS  C:\Users\DEVELO~1\AppData\Local\Temp\ccfSEeL2.s 			page 64


 3592 1548 D0       		.byte	0xd0
 3593 1549 03       		.byte	0x3
 3594 154a 2F120000 		.4byte	0x122f
 3595 154e 1C       		.byte	0x1c
 3596 154f 02       		.uleb128 0x2
 3597 1550 F4040000 		.4byte	.LASF288
 3598 1554 19       		.byte	0x19
 3599 1555 D0       		.byte	0xd0
 3600 1556 03       		.byte	0x3
 3601 1557 93120000 		.4byte	0x1293
 3602 155b 20       		.byte	0x20
 3603 155c 00       		.byte	0
 3604 155d 0B       		.uleb128 0xb
 3605 155e DA140000 		.4byte	0x14da
 3606 1562 04       		.uleb128 0x4
 3607 1563 5D150000 		.4byte	0x155d
 3608 1567 04       		.uleb128 0x4
 3609 1568 D5140000 		.4byte	0x14d5
 3610 156c 04       		.uleb128 0x4
 3611 156d B00C0000 		.4byte	0xcb0
 3612 1571 1D       		.uleb128 0x1d
 3613 1572 61000000 		.4byte	0x61
 3614 1576 1A       		.byte	0x1a
 3615 1577 76       		.byte	0x76
 3616 1578 9B150000 		.4byte	0x159b
 3617 157c 08       		.uleb128 0x8
 3618 157d 57080000 		.4byte	.LASF289
 3619 1581 00       		.byte	0
 3620 1582 08       		.uleb128 0x8
 3621 1583 5E0B0000 		.4byte	.LASF290
 3622 1587 01       		.byte	0x1
 3623 1588 08       		.uleb128 0x8
 3624 1589 9D0A0000 		.4byte	.LASF291
 3625 158d 02       		.byte	0x2
 3626 158e 08       		.uleb128 0x8
 3627 158f 2A070000 		.4byte	.LASF292
 3628 1593 03       		.byte	0x3
 3629 1594 08       		.uleb128 0x8
 3630 1595 600E0000 		.4byte	.LASF293
 3631 1599 04       		.byte	0x4
 3632 159a 00       		.byte	0
 3633 159b 03       		.uleb128 0x3
 3634 159c D5090000 		.4byte	.LASF294
 3635 15a0 1A       		.byte	0x1a
 3636 15a1 7C       		.byte	0x7c
 3637 15a2 03       		.byte	0x3
 3638 15a3 71150000 		.4byte	0x1571
 3639 15a7 03       		.uleb128 0x3
 3640 15a8 45020000 		.4byte	.LASF295
 3641 15ac 1A       		.byte	0x1a
 3642 15ad 81       		.byte	0x81
 3643 15ae 1F       		.byte	0x1f
 3644 15af B3150000 		.4byte	0x15b3
 3645 15b3 09       		.uleb128 0x9
 3646 15b4 F6030000 		.4byte	.LASF296
 3647 15b8 3C       		.byte	0x3c
 3648 15b9 1A       		.byte	0x1a
ARM GAS  C:\Users\DEVELO~1\AppData\Local\Temp\ccfSEeL2.s 			page 65


 3649 15ba D8       		.byte	0xd8
 3650 15bb 08       		.byte	0x8
 3651 15bc 5B160000 		.4byte	0x165b
 3652 15c0 02       		.uleb128 0x2
 3653 15c1 8C0C0000 		.4byte	.LASF37
 3654 15c5 1A       		.byte	0x1a
 3655 15c6 DC       		.byte	0xdc
 3656 15c7 1D       		.byte	0x1d
 3657 15c8 9B150000 		.4byte	0x159b
 3658 15cc 00       		.byte	0
 3659 15cd 02       		.uleb128 0x2
 3660 15ce 7E080000 		.4byte	.LASF54
 3661 15d2 1A       		.byte	0x1a
 3662 15d3 E0       		.byte	0xe0
 3663 15d4 1E       		.byte	0x1e
 3664 15d5 4C170000 		.4byte	0x174c
 3665 15d9 04       		.byte	0x4
 3666 15da 02       		.uleb128 0x2
 3667 15db 7A0D0000 		.4byte	.LASF297
 3668 15df 1A       		.byte	0x1a
 3669 15e0 E5       		.byte	0xe5
 3670 15e1 1D       		.byte	0x1d
 3671 15e2 D00E0000 		.4byte	0xed0
 3672 15e6 08       		.byte	0x8
 3673 15e7 02       		.uleb128 0x2
 3674 15e8 2A030000 		.4byte	.LASF298
 3675 15ec 1A       		.byte	0x1a
 3676 15ed EB       		.byte	0xeb
 3677 15ee 1D       		.byte	0x1d
 3678 15ef 8E100000 		.4byte	0x108e
 3679 15f3 0C       		.byte	0xc
 3680 15f4 07       		.uleb128 0x7
 3681 15f5 73706900 		.ascii	"spi\000"
 3682 15f9 1A       		.byte	0x1a
 3683 15fa F1       		.byte	0xf1
 3684 15fb 03       		.byte	0x3
 3685 15fc 51170000 		.4byte	0x1751
 3686 1600 1C       		.byte	0x1c
 3687 1601 02       		.uleb128 0x2
 3688 1602 E90D0000 		.4byte	.LASF299
 3689 1606 1A       		.byte	0x1a
 3690 1607 F1       		.byte	0xf1
 3691 1608 03       		.byte	0x3
 3692 1609 9F100000 		.4byte	0x109f
 3693 160d 20       		.byte	0x20
 3694 160e 07       		.uleb128 0x7
 3695 160f 727800   		.ascii	"rx\000"
 3696 1612 1A       		.byte	0x1a
 3697 1613 F1       		.byte	0xf1
 3698 1614 03       		.byte	0x3
 3699 1615 03170000 		.4byte	0x1703
 3700 1619 24       		.byte	0x24
 3701 161a 07       		.uleb128 0x7
 3702 161b 747800   		.ascii	"tx\000"
 3703 161e 1A       		.byte	0x1a
 3704 161f F1       		.byte	0xf1
 3705 1620 03       		.byte	0x3
ARM GAS  C:\Users\DEVELO~1\AppData\Local\Temp\ccfSEeL2.s 			page 66


 3706 1621 2A170000 		.4byte	0x172a
 3707 1625 28       		.byte	0x28
 3708 1626 02       		.uleb128 0x2
 3709 1627 370C0000 		.4byte	.LASF300
 3710 162b 1A       		.byte	0x1a
 3711 162c F1       		.byte	0xf1
 3712 162d 03       		.byte	0x3
 3713 162e E4000000 		.4byte	0xe4
 3714 1632 2C       		.byte	0x2c
 3715 1633 02       		.uleb128 0x2
 3716 1634 D7050000 		.4byte	.LASF301
 3717 1638 1A       		.byte	0x1a
 3718 1639 F1       		.byte	0xf1
 3719 163a 03       		.byte	0x3
 3720 163b E4000000 		.4byte	0xe4
 3721 163f 30       		.byte	0x30
 3722 1640 02       		.uleb128 0x2
 3723 1641 590E0000 		.4byte	.LASF302
 3724 1645 1A       		.byte	0x1a
 3725 1646 F1       		.byte	0xf1
 3726 1647 03       		.byte	0x3
 3727 1648 E4000000 		.4byte	0xe4
 3728 164c 34       		.byte	0x34
 3729 164d 02       		.uleb128 0x2
 3730 164e 5C0A0000 		.4byte	.LASF303
 3731 1652 1A       		.byte	0x1a
 3732 1653 F1       		.byte	0xf1
 3733 1654 03       		.byte	0x3
 3734 1655 E4000000 		.4byte	0xe4
 3735 1659 38       		.byte	0x38
 3736 165a 00       		.byte	0
 3737 165b 03       		.uleb128 0x3
 3738 165c B3060000 		.4byte	.LASF304
 3739 1660 1A       		.byte	0x1a
 3740 1661 86       		.byte	0x86
 3741 1662 1F       		.byte	0x1f
 3742 1663 6C160000 		.4byte	0x166c
 3743 1667 0B       		.uleb128 0xb
 3744 1668 5B160000 		.4byte	0x165b
 3745 166c 09       		.uleb128 0x9
 3746 166d A6070000 		.4byte	.LASF305
 3747 1671 1C       		.byte	0x1c
 3748 1672 1A       		.byte	0x1a
 3749 1673 9F       		.byte	0x9f
 3750 1674 08       		.byte	0x8
 3751 1675 E2160000 		.4byte	0x16e2
 3752 1679 02       		.uleb128 0x2
 3753 167a 3D000000 		.4byte	.LASF306
 3754 167e 1A       		.byte	0x1a
 3755 167f A4       		.byte	0xa4
 3756 1680 1D       		.byte	0x1d
 3757 1681 9F100000 		.4byte	0x109f
 3758 1685 00       		.byte	0
 3759 1686 02       		.uleb128 0x2
 3760 1687 4A050000 		.4byte	.LASF307
 3761 168b 1A       		.byte	0x1a
 3762 168c AA       		.byte	0xaa
ARM GAS  C:\Users\DEVELO~1\AppData\Local\Temp\ccfSEeL2.s 			page 67


 3763 168d 1D       		.byte	0x1d
 3764 168e 9F100000 		.4byte	0x109f
 3765 1692 01       		.byte	0x1
 3766 1693 02       		.uleb128 0x2
 3767 1694 950A0000 		.4byte	.LASF308
 3768 1698 1A       		.byte	0x1a
 3769 1699 AF       		.byte	0xaf
 3770 169a 1D       		.byte	0x1d
 3771 169b E2160000 		.4byte	0x16e2
 3772 169f 04       		.byte	0x4
 3773 16a0 02       		.uleb128 0x2
 3774 16a1 6A010000 		.4byte	.LASF309
 3775 16a5 1A       		.byte	0x1a
 3776 16a6 B3       		.byte	0xb3
 3777 16a7 1D       		.byte	0x1d
 3778 16a8 E2160000 		.4byte	0x16e2
 3779 16ac 08       		.byte	0x8
 3780 16ad 02       		.uleb128 0x2
 3781 16ae EF030000 		.4byte	.LASF310
 3782 16b2 1A       		.byte	0x1a
 3783 16b3 CA       		.byte	0xca
 3784 16b4 1D       		.byte	0x1d
 3785 16b5 7C130000 		.4byte	0x137c
 3786 16b9 0C       		.byte	0xc
 3787 16ba 02       		.uleb128 0x2
 3788 16bb B30E0000 		.4byte	.LASF311
 3789 16bf 1A       		.byte	0x1a
 3790 16c0 CF       		.byte	0xcf
 3791 16c1 1D       		.byte	0x1d
 3792 16c2 0B010000 		.4byte	0x10b
 3793 16c6 10       		.byte	0x10
 3794 16c7 02       		.uleb128 0x2
 3795 16c8 27010000 		.4byte	.LASF312
 3796 16cc 1A       		.byte	0x1a
 3797 16cd D2       		.byte	0xd2
 3798 16ce 03       		.byte	0x3
 3799 16cf E4000000 		.4byte	0xe4
 3800 16d3 14       		.byte	0x14
 3801 16d4 02       		.uleb128 0x2
 3802 16d5 E40D0000 		.4byte	.LASF313
 3803 16d9 1A       		.byte	0x1a
 3804 16da D2       		.byte	0xd2
 3805 16db 03       		.byte	0x3
 3806 16dc E4000000 		.4byte	0xe4
 3807 16e0 18       		.byte	0x18
 3808 16e1 00       		.byte	0
 3809 16e2 03       		.uleb128 0x3
 3810 16e3 D4020000 		.4byte	.LASF314
 3811 16e7 1A       		.byte	0x1a
 3812 16e8 8E       		.byte	0x8e
 3813 16e9 10       		.byte	0x10
 3814 16ea EE160000 		.4byte	0x16ee
 3815 16ee 04       		.uleb128 0x4
 3816 16ef F3160000 		.4byte	0x16f3
 3817 16f3 27       		.uleb128 0x27
 3818 16f4 FE160000 		.4byte	0x16fe
 3819 16f8 0D       		.uleb128 0xd
ARM GAS  C:\Users\DEVELO~1\AppData\Local\Temp\ccfSEeL2.s 			page 68


 3820 16f9 FE160000 		.4byte	0x16fe
 3821 16fd 00       		.byte	0
 3822 16fe 04       		.uleb128 0x4
 3823 16ff A7150000 		.4byte	0x15a7
 3824 1703 14       		.uleb128 0x14
 3825 1704 04       		.byte	0x4
 3826 1705 1A       		.byte	0x1a
 3827 1706 F1       		.byte	0xf1
 3828 1707 03       		.byte	0x3
 3829 1708 25170000 		.4byte	0x1725
 3830 170c 12       		.uleb128 0x12
 3831 170d 646D6100 		.ascii	"dma\000"
 3832 1711 1A       		.byte	0x1a
 3833 1712 F1       		.byte	0xf1
 3834 1713 03       		.byte	0x3
 3835 1714 8D130000 		.4byte	0x138d
 3836 1718 11       		.uleb128 0x11
 3837 1719 33000000 		.4byte	.LASF235
 3838 171d 1A       		.byte	0x1a
 3839 171e F1       		.byte	0xf1
 3840 171f 03       		.byte	0x3
 3841 1720 25170000 		.4byte	0x1725
 3842 1724 00       		.byte	0
 3843 1725 04       		.uleb128 0x4
 3844 1726 98110000 		.4byte	0x1198
 3845 172a 14       		.uleb128 0x14
 3846 172b 04       		.byte	0x4
 3847 172c 1A       		.byte	0x1a
 3848 172d F1       		.byte	0xf1
 3849 172e 03       		.byte	0x3
 3850 172f 4C170000 		.4byte	0x174c
 3851 1733 12       		.uleb128 0x12
 3852 1734 646D6100 		.ascii	"dma\000"
 3853 1738 1A       		.byte	0x1a
 3854 1739 F1       		.byte	0xf1
 3855 173a 03       		.byte	0x3
 3856 173b 8D130000 		.4byte	0x138d
 3857 173f 11       		.uleb128 0x11
 3858 1740 33000000 		.4byte	.LASF235
 3859 1744 1A       		.byte	0x1a
 3860 1745 F1       		.byte	0xf1
 3861 1746 03       		.byte	0x3
 3862 1747 25170000 		.4byte	0x1725
 3863 174b 00       		.byte	0
 3864 174c 04       		.uleb128 0x4
 3865 174d 67160000 		.4byte	0x1667
 3866 1751 04       		.uleb128 0x4
 3867 1752 B40D0000 		.4byte	0xdb4
 3868 1756 0A       		.uleb128 0xa
 3869 1757 0C       		.byte	0xc
 3870 1758 1B       		.byte	0x1b
 3871 1759 59       		.byte	0x59
 3872 175a 09       		.byte	0x9
 3873 175b 87170000 		.4byte	0x1787
 3874 175f 02       		.uleb128 0x2
 3875 1760 58030000 		.4byte	.LASF315
 3876 1764 1B       		.byte	0x1b
ARM GAS  C:\Users\DEVELO~1\AppData\Local\Temp\ccfSEeL2.s 			page 69


 3877 1765 5D       		.byte	0x5d
 3878 1766 2A       		.byte	0x2a
 3879 1767 FE160000 		.4byte	0x16fe
 3880 176b 00       		.byte	0
 3881 176c 02       		.uleb128 0x2
 3882 176d 650A0000 		.4byte	.LASF316
 3883 1771 1B       		.byte	0x1b
 3884 1772 61       		.byte	0x61
 3885 1773 2A       		.byte	0x2a
 3886 1774 4C170000 		.4byte	0x174c
 3887 1778 04       		.byte	0x4
 3888 1779 02       		.uleb128 0x2
 3889 177a FB0C0000 		.4byte	.LASF317
 3890 177e 1B       		.byte	0x1b
 3891 177f 65       		.byte	0x65
 3892 1780 2A       		.byte	0x2a
 3893 1781 4C170000 		.4byte	0x174c
 3894 1785 08       		.byte	0x8
 3895 1786 00       		.byte	0
 3896 1787 03       		.uleb128 0x3
 3897 1788 F2060000 		.4byte	.LASF318
 3898 178c 1B       		.byte	0x1b
 3899 178d 66       		.byte	0x66
 3900 178e 03       		.byte	0x3
 3901 178f 56170000 		.4byte	0x1756
 3902 1793 0B       		.uleb128 0xb
 3903 1794 87170000 		.4byte	0x1787
 3904 1798 09       		.uleb128 0x9
 3905 1799 31010000 		.4byte	.LASF319
 3906 179d 24       		.byte	0x24
 3907 179e 1B       		.byte	0x1b
 3908 179f 79       		.byte	0x79
 3909 17a0 08       		.byte	0x8
 3910 17a1 1B180000 		.4byte	0x181b
 3911 17a5 02       		.uleb128 0x2
 3912 17a6 49070000 		.4byte	.LASF280
 3913 17aa 1B       		.byte	0x1b
 3914 17ab 7A       		.byte	0x7a
 3915 17ac 03       		.byte	0x3
 3916 17ad 2D000000 		.4byte	0x2d
 3917 17b1 00       		.byte	0
 3918 17b2 02       		.uleb128 0x2
 3919 17b3 F30B0000 		.4byte	.LASF281
 3920 17b7 1B       		.byte	0x1b
 3921 17b8 7A       		.byte	0x7a
 3922 17b9 03       		.byte	0x3
 3923 17ba 2F120000 		.4byte	0x122f
 3924 17be 04       		.byte	0x4
 3925 17bf 02       		.uleb128 0x2
 3926 17c0 D20D0000 		.4byte	.LASF282
 3927 17c4 1B       		.byte	0x1b
 3928 17c5 7A       		.byte	0x7a
 3929 17c6 03       		.byte	0x3
 3930 17c7 2F120000 		.4byte	0x122f
 3931 17cb 08       		.byte	0x8
 3932 17cc 02       		.uleb128 0x2
 3933 17cd A9090000 		.4byte	.LASF283
ARM GAS  C:\Users\DEVELO~1\AppData\Local\Temp\ccfSEeL2.s 			page 70


 3934 17d1 1B       		.byte	0x1b
 3935 17d2 7A       		.byte	0x7a
 3936 17d3 03       		.byte	0x3
 3937 17d4 2F120000 		.4byte	0x122f
 3938 17d8 0C       		.byte	0xc
 3939 17d9 02       		.uleb128 0x2
 3940 17da CD000000 		.4byte	.LASF284
 3941 17de 1B       		.byte	0x1b
 3942 17df 7A       		.byte	0x7a
 3943 17e0 03       		.byte	0x3
 3944 17e1 2F120000 		.4byte	0x122f
 3945 17e5 10       		.byte	0x10
 3946 17e6 02       		.uleb128 0x2
 3947 17e7 C90A0000 		.4byte	.LASF285
 3948 17eb 1B       		.byte	0x1b
 3949 17ec 7A       		.byte	0x7a
 3950 17ed 03       		.byte	0x3
 3951 17ee 52120000 		.4byte	0x1252
 3952 17f2 14       		.byte	0x14
 3953 17f3 02       		.uleb128 0x2
 3954 17f4 E0060000 		.4byte	.LASF286
 3955 17f8 1B       		.byte	0x1b
 3956 17f9 7A       		.byte	0x7a
 3957 17fa 03       		.byte	0x3
 3958 17fb 75120000 		.4byte	0x1275
 3959 17ff 18       		.byte	0x18
 3960 1800 02       		.uleb128 0x2
 3961 1801 89010000 		.4byte	.LASF287
 3962 1805 1B       		.byte	0x1b
 3963 1806 7A       		.byte	0x7a
 3964 1807 03       		.byte	0x3
 3965 1808 2F120000 		.4byte	0x122f
 3966 180c 1C       		.byte	0x1c
 3967 180d 02       		.uleb128 0x2
 3968 180e F4040000 		.4byte	.LASF288
 3969 1812 1B       		.byte	0x1b
 3970 1813 7A       		.byte	0x7a
 3971 1814 03       		.byte	0x3
 3972 1815 93120000 		.4byte	0x1293
 3973 1819 20       		.byte	0x20
 3974 181a 00       		.byte	0
 3975 181b 0B       		.uleb128 0xb
 3976 181c 98170000 		.4byte	0x1798
 3977 1820 0A       		.uleb128 0xa
 3978 1821 38       		.byte	0x38
 3979 1822 1B       		.byte	0x1b
 3980 1823 82       		.byte	0x82
 3981 1824 09       		.byte	0x9
 3982 1825 92180000 		.4byte	0x1892
 3983 1829 07       		.uleb128 0x7
 3984 182a 766D7400 		.ascii	"vmt\000"
 3985 182e 1B       		.byte	0x1b
 3986 182f 86       		.byte	0x86
 3987 1830 2A       		.byte	0x2a
 3988 1831 92180000 		.4byte	0x1892
 3989 1835 00       		.byte	0
 3990 1836 02       		.uleb128 0x2
ARM GAS  C:\Users\DEVELO~1\AppData\Local\Temp\ccfSEeL2.s 			page 71


 3991 1837 8C0C0000 		.4byte	.LASF37
 3992 183b 1B       		.byte	0x1b
 3993 183c 87       		.byte	0x87
 3994 183d 03       		.byte	0x3
 3995 183e E4110000 		.4byte	0x11e4
 3996 1842 04       		.byte	0x4
 3997 1843 07       		.uleb128 0x7
 3998 1844 63696400 		.ascii	"cid\000"
 3999 1848 1B       		.byte	0x1b
 4000 1849 87       		.byte	0x87
 4001 184a 03       		.byte	0x3
 4002 184b 37060000 		.4byte	0x637
 4003 184f 08       		.byte	0x8
 4004 1850 07       		.uleb128 0x7
 4005 1851 63736400 		.ascii	"csd\000"
 4006 1855 1B       		.byte	0x1b
 4007 1856 87       		.byte	0x87
 4008 1857 03       		.byte	0x3
 4009 1858 37060000 		.4byte	0x637
 4010 185c 18       		.byte	0x18
 4011 185d 02       		.uleb128 0x2
 4012 185e 7E000000 		.4byte	.LASF269
 4013 1862 1B       		.byte	0x1b
 4014 1863 87       		.byte	0x87
 4015 1864 03       		.byte	0x3
 4016 1865 E4000000 		.4byte	0xe4
 4017 1869 28       		.byte	0x28
 4018 186a 02       		.uleb128 0x2
 4019 186b 7E080000 		.4byte	.LASF54
 4020 186f 1B       		.byte	0x1b
 4021 1870 8B       		.byte	0x8b
 4022 1871 2A       		.byte	0x2a
 4023 1872 97180000 		.4byte	0x1897
 4024 1876 2C       		.byte	0x2c
 4025 1877 02       		.uleb128 0x2
 4026 1878 12040000 		.4byte	.LASF320
 4027 187c 1B       		.byte	0x1b
 4028 187d 8F       		.byte	0x8f
 4029 187e 29       		.byte	0x29
 4030 187f 9F100000 		.4byte	0x109f
 4031 1883 30       		.byte	0x30
 4032 1884 02       		.uleb128 0x2
 4033 1885 B1000000 		.4byte	.LASF89
 4034 1889 1B       		.byte	0x1b
 4035 188a 93       		.byte	0x93
 4036 188b 2A       		.byte	0x2a
 4037 188c A6100000 		.4byte	0x10a6
 4038 1890 34       		.byte	0x34
 4039 1891 00       		.byte	0
 4040 1892 04       		.uleb128 0x4
 4041 1893 1B180000 		.4byte	0x181b
 4042 1897 04       		.uleb128 0x4
 4043 1898 93170000 		.4byte	0x1793
 4044 189c 03       		.uleb128 0x3
 4045 189d 0F010000 		.4byte	.LASF321
 4046 18a1 1B       		.byte	0x1b
 4047 18a2 94       		.byte	0x94
ARM GAS  C:\Users\DEVELO~1\AppData\Local\Temp\ccfSEeL2.s 			page 72


 4048 18a3 03       		.byte	0x3
 4049 18a4 20180000 		.4byte	0x1820
 4050 18a8 03       		.uleb128 0x3
 4051 18a9 6A000000 		.4byte	.LASF322
 4052 18ad 1B       		.byte	0x1b
 4053 18ae 9A       		.byte	0x9a
 4054 18af 1A       		.byte	0x1a
 4055 18b0 9C180000 		.4byte	0x189c
 4056 18b4 0A       		.uleb128 0xa
 4057 18b5 1C       		.byte	0x1c
 4058 18b6 01       		.byte	0x1
 4059 18b7 29       		.byte	0x29
 4060 18b8 09       		.byte	0x9
 4061 18b9 19190000 		.4byte	0x1919
 4062 18bd 02       		.uleb128 0x2
 4063 18be 4C0E0000 		.4byte	.LASF323
 4064 18c2 01       		.byte	0x1
 4065 18c3 2A       		.byte	0x2a
 4066 18c4 19       		.byte	0x19
 4067 18c5 E4000000 		.4byte	0xe4
 4068 18c9 00       		.byte	0
 4069 18ca 02       		.uleb128 0x2
 4070 18cb 15030000 		.4byte	.LASF324
 4071 18cf 01       		.byte	0x1
 4072 18d0 2B       		.byte	0x2b
 4073 18d1 19       		.byte	0x19
 4074 18d2 E4000000 		.4byte	0xe4
 4075 18d6 04       		.byte	0x4
 4076 18d7 02       		.uleb128 0x2
 4077 18d8 170E0000 		.4byte	.LASF325
 4078 18dc 01       		.byte	0x1
 4079 18dd 2C       		.byte	0x2c
 4080 18de 19       		.byte	0x19
 4081 18df E4000000 		.4byte	0xe4
 4082 18e3 08       		.byte	0x8
 4083 18e4 02       		.uleb128 0x2
 4084 18e5 EC060000 		.4byte	.LASF326
 4085 18e9 01       		.byte	0x1
 4086 18ea 2D       		.byte	0x2d
 4087 18eb 19       		.byte	0x19
 4088 18ec E4000000 		.4byte	0xe4
 4089 18f0 0C       		.byte	0xc
 4090 18f1 07       		.uleb128 0x7
 4091 18f2 6F647200 		.ascii	"odr\000"
 4092 18f6 01       		.byte	0x1
 4093 18f7 2E       		.byte	0x2e
 4094 18f8 19       		.byte	0x19
 4095 18f9 E4000000 		.4byte	0xe4
 4096 18fd 10       		.byte	0x10
 4097 18fe 02       		.uleb128 0x2
 4098 18ff 86070000 		.4byte	.LASF327
 4099 1903 01       		.byte	0x1
 4100 1904 2F       		.byte	0x2f
 4101 1905 19       		.byte	0x19
 4102 1906 E4000000 		.4byte	0xe4
 4103 190a 14       		.byte	0x14
 4104 190b 02       		.uleb128 0x2
ARM GAS  C:\Users\DEVELO~1\AppData\Local\Temp\ccfSEeL2.s 			page 73


 4105 190c 81070000 		.4byte	.LASF328
 4106 1910 01       		.byte	0x1
 4107 1911 30       		.byte	0x30
 4108 1912 19       		.byte	0x19
 4109 1913 E4000000 		.4byte	0xe4
 4110 1917 18       		.byte	0x18
 4111 1918 00       		.byte	0
 4112 1919 03       		.uleb128 0x3
 4113 191a 05040000 		.4byte	.LASF329
 4114 191e 01       		.byte	0x1
 4115 191f 31       		.byte	0x31
 4116 1920 03       		.byte	0x3
 4117 1921 B4180000 		.4byte	0x18b4
 4118 1925 0B       		.uleb128 0xb
 4119 1926 19190000 		.4byte	0x1919
 4120 192a 1E       		.uleb128 0x1e
 4121 192b 3401     		.2byte	0x134
 4122 192d 01       		.byte	0x1
 4123 192e 36       		.byte	0x36
 4124 192f C4190000 		.4byte	0x19c4
 4125 1933 02       		.uleb128 0x2
 4126 1934 110A0000 		.4byte	.LASF330
 4127 1938 01       		.byte	0x1
 4128 1939 38       		.byte	0x38
 4129 193a 19       		.byte	0x19
 4130 193b 19190000 		.4byte	0x1919
 4131 193f 00       		.byte	0
 4132 1940 02       		.uleb128 0x2
 4133 1941 ED040000 		.4byte	.LASF331
 4134 1945 01       		.byte	0x1
 4135 1946 3B       		.byte	0x3b
 4136 1947 19       		.byte	0x19
 4137 1948 19190000 		.4byte	0x1919
 4138 194c 1C       		.byte	0x1c
 4139 194d 02       		.uleb128 0x2
 4140 194e 1F000000 		.4byte	.LASF332
 4141 1952 01       		.byte	0x1
 4142 1953 3E       		.byte	0x3e
 4143 1954 19       		.byte	0x19
 4144 1955 19190000 		.4byte	0x1919
 4145 1959 38       		.byte	0x38
 4146 195a 02       		.uleb128 0x2
 4147 195b 77080000 		.4byte	.LASF333
 4148 195f 01       		.byte	0x1
 4149 1960 41       		.byte	0x41
 4150 1961 19       		.byte	0x19
 4151 1962 19190000 		.4byte	0x1919
 4152 1966 54       		.byte	0x54
 4153 1967 02       		.uleb128 0x2
 4154 1968 93040000 		.4byte	.LASF334
 4155 196c 01       		.byte	0x1
 4156 196d 44       		.byte	0x44
 4157 196e 19       		.byte	0x19
 4158 196f 19190000 		.4byte	0x1919
 4159 1973 70       		.byte	0x70
 4160 1974 02       		.uleb128 0x2
 4161 1975 9A040000 		.4byte	.LASF335
ARM GAS  C:\Users\DEVELO~1\AppData\Local\Temp\ccfSEeL2.s 			page 74


 4162 1979 01       		.byte	0x1
 4163 197a 47       		.byte	0x47
 4164 197b 19       		.byte	0x19
 4165 197c 19190000 		.4byte	0x1919
 4166 1980 8C       		.byte	0x8c
 4167 1981 02       		.uleb128 0x2
 4168 1982 F4070000 		.4byte	.LASF336
 4169 1986 01       		.byte	0x1
 4170 1987 4A       		.byte	0x4a
 4171 1988 19       		.byte	0x19
 4172 1989 19190000 		.4byte	0x1919
 4173 198d A8       		.byte	0xa8
 4174 198e 02       		.uleb128 0x2
 4175 198f BD030000 		.4byte	.LASF337
 4176 1993 01       		.byte	0x1
 4177 1994 4D       		.byte	0x4d
 4178 1995 19       		.byte	0x19
 4179 1996 19190000 		.4byte	0x1919
 4180 199a C4       		.byte	0xc4
 4181 199b 02       		.uleb128 0x2
 4182 199c 170D0000 		.4byte	.LASF338
 4183 19a0 01       		.byte	0x1
 4184 19a1 50       		.byte	0x50
 4185 19a2 19       		.byte	0x19
 4186 19a3 19190000 		.4byte	0x1919
 4187 19a7 E0       		.byte	0xe0
 4188 19a8 02       		.uleb128 0x2
 4189 19a9 7A070000 		.4byte	.LASF339
 4190 19ad 01       		.byte	0x1
 4191 19ae 53       		.byte	0x53
 4192 19af 19       		.byte	0x19
 4193 19b0 19190000 		.4byte	0x1919
 4194 19b4 FC       		.byte	0xfc
 4195 19b5 28       		.uleb128 0x28
 4196 19b6 D7040000 		.4byte	.LASF340
 4197 19ba 01       		.byte	0x1
 4198 19bb 56       		.byte	0x56
 4199 19bc 19       		.byte	0x19
 4200 19bd 19190000 		.4byte	0x1919
 4201 19c1 1801     		.2byte	0x118
 4202 19c3 00       		.byte	0
 4203 19c4 03       		.uleb128 0x3
 4204 19c5 05080000 		.4byte	.LASF341
 4205 19c9 01       		.byte	0x1
 4206 19ca 58       		.byte	0x58
 4207 19cb 03       		.byte	0x3
 4208 19cc 2A190000 		.4byte	0x192a
 4209 19d0 0B       		.uleb128 0xb
 4210 19d1 C4190000 		.4byte	0x19c4
 4211 19d5 29       		.uleb128 0x29
 4212 19d6 35070000 		.4byte	.LASF355
 4213 19da 01       		.byte	0x1
 4214 19db 5D       		.byte	0x5d
 4215 19dc 1C       		.byte	0x1c
 4216 19dd D0190000 		.4byte	0x19d0
 4217 19e1 3401     		.2byte	0x134
 4218 19e3 D6       		.byte	0xd6
ARM GAS  C:\Users\DEVELO~1\AppData\Local\Temp\ccfSEeL2.s 			page 75


 4219 19e4 D7       		.byte	0xd7
 4220 19e5 A8       		.byte	0xa8
 4221 19e6 EA       		.byte	0xea
 4222 19e7 00       		.byte	0
 4223 19e8 00       		.byte	0
 4224 19e9 00       		.byte	0
 4225 19ea 00       		.byte	0
 4226 19eb 17       		.byte	0x17
 4227 19ec 14       		.byte	0x14
 4228 19ed FD       		.byte	0xfd
 4229 19ee 3F       		.byte	0x3f
 4230 19ef 00       		.byte	0
 4231 19f0 00       		.byte	0
 4232 19f1 00       		.byte	0
 4233 19f2 00       		.byte	0
 4234 19f3 00       		.byte	0
 4235 19f4 60       		.byte	0x60
 4236 19f5 00       		.byte	0
 4237 19f6 00       		.byte	0
 4238 19f7 0A       		.byte	0xa
 4239 19f8 00       		.byte	0
 4240 19f9 00       		.byte	0
 4241 19fa 00       		.byte	0
 4242 19fb 70       		.byte	0x70
 4243 19fc A7       		.byte	0xa7
 4244 19fd 0A       		.byte	0xa
 4245 19fe 00       		.byte	0
 4246 19ff BF       		.byte	0xbf
 4247 1a00 7A       		.byte	0x7a
 4248 1a01 AF       		.byte	0xaf
 4249 1a02 AA       		.byte	0xaa
 4250 1a03 00       		.byte	0
 4251 1a04 0C       		.byte	0xc
 4252 1a05 00       		.byte	0
 4253 1a06 00       		.byte	0
 4254 1a07 C0       		.byte	0xc0
 4255 1a08 4F       		.byte	0x4f
 4256 1a09 F0       		.byte	0xf0
 4257 1a0a FF       		.byte	0xff
 4258 1a0b 00       		.byte	0
 4259 1a0c 00       		.byte	0
 4260 1a0d 50       		.byte	0x50
 4261 1a0e 00       		.byte	0
 4262 1a0f 80       		.byte	0x80
 4263 1a10 00       		.byte	0
 4264 1a11 00       		.byte	0
 4265 1a12 00       		.byte	0
 4266 1a13 00       		.byte	0
 4267 1a14 60       		.byte	0x60
 4268 1a15 66       		.byte	0x66
 4269 1a16 00       		.byte	0
 4270 1a17 00       		.byte	0
 4271 1a18 44       		.byte	0x44
 4272 1a19 88       		.byte	0x88
 4273 1a1a CC       		.byte	0xcc
 4274 1a1b FF       		.byte	0xff
 4275 1a1c FF       		.byte	0xff
ARM GAS  C:\Users\DEVELO~1\AppData\Local\Temp\ccfSEeL2.s 			page 76


 4276 1a1d AA       		.byte	0xaa
 4277 1a1e F2       		.byte	0xf2
 4278 1a1f 00       		.byte	0
 4279 1a20 00       		.byte	0
 4280 1a21 00       		.byte	0
 4281 1a22 00       		.byte	0
 4282 1a23 00       		.byte	0
 4283 1a24 00       		.byte	0
 4284 1a25 FF       		.byte	0xff
 4285 1a26 07       		.byte	0x7
 4286 1a27 00       		.byte	0
 4287 1a28 00       		.byte	0
 4288 1a29 55       		.byte	0x55
 4289 1a2a 01       		.byte	0x1
 4290 1a2b 00       		.byte	0
 4291 1a2c 00       		.byte	0
 4292 1a2d 00       		.byte	0
 4293 1a2e 00       		.byte	0
 4294 1a2f 00       		.byte	0
 4295 1a30 00       		.byte	0
 4296 1a31 00       		.byte	0
 4297 1a32 00       		.byte	0
 4298 1a33 CC       		.byte	0xcc
 4299 1a34 CC       		.byte	0xcc
 4300 1a35 0C       		.byte	0xc
 4301 1a36 00       		.byte	0
 4302 1a37 EA       		.byte	0xea
 4303 1a38 9F       		.byte	0x9f
 4304 1a39 6A       		.byte	0x6a
 4305 1a3a AF       		.byte	0xaf
 4306 1a3b 00       		.byte	0
 4307 1a3c 00       		.byte	0
 4308 1a3d 00       		.byte	0
 4309 1a3e 00       		.byte	0
 4310 1a3f 3F       		.byte	0x3f
 4311 1a40 D0       		.byte	0xd0
 4312 1a41 7F       		.byte	0x7f
 4313 1a42 F0       		.byte	0xf0
 4314 1a43 10       		.byte	0x10
 4315 1a44 00       		.byte	0
 4316 1a45 00       		.byte	0
 4317 1a46 00       		.byte	0
 4318 1a47 40       		.byte	0x40
 4319 1a48 00       		.byte	0
 4320 1a49 00       		.byte	0
 4321 1a4a 00       		.byte	0
 4322 1a4b CC       		.byte	0xcc
 4323 1a4c 0C       		.byte	0xc
 4324 1a4d 00       		.byte	0
 4325 1a4e 50       		.byte	0x50
 4326 1a4f CC       		.byte	0xcc
 4327 1a50 0C       		.byte	0xc
 4328 1a51 00       		.byte	0
 4329 1a52 CC       		.byte	0xcc
 4330 1a53 DA       		.byte	0xda
 4331 1a54 BF       		.byte	0xbf
 4332 1a55 AA       		.byte	0xaa
ARM GAS  C:\Users\DEVELO~1\AppData\Local\Temp\ccfSEeL2.s 			page 77


 4333 1a56 AA       		.byte	0xaa
 4334 1a57 00       		.byte	0
 4335 1a58 00       		.byte	0
 4336 1a59 00       		.byte	0
 4337 1a5a 00       		.byte	0
 4338 1a5b 1F       		.byte	0x1f
 4339 1a5c C0       		.byte	0xc0
 4340 1a5d FF       		.byte	0xff
 4341 1a5e FF       		.byte	0xff
 4342 1a5f 00       		.byte	0
 4343 1a60 00       		.byte	0
 4344 1a61 00       		.byte	0
 4345 1a62 00       		.byte	0
 4346 1a63 04       		.byte	0x4
 4347 1a64 00       		.byte	0
 4348 1a65 00       		.byte	0
 4349 1a66 00       		.byte	0
 4350 1a67 CC       		.byte	0xcc
 4351 1a68 00       		.byte	0
 4352 1a69 00       		.byte	0
 4353 1a6a C0       		.byte	0xc0
 4354 1a6b CC       		.byte	0xcc
 4355 1a6c CC       		.byte	0xcc
 4356 1a6d CC       		.byte	0xcc
 4357 1a6e CC       		.byte	0xcc
 4358 1a6f AA       		.byte	0xaa
 4359 1a70 9A       		.byte	0x9a
 4360 1a71 8A       		.byte	0x8a
 4361 1a72 AA       		.byte	0xaa
 4362 1a73 00       		.byte	0
 4363 1a74 00       		.byte	0
 4364 1a75 00       		.byte	0
 4365 1a76 00       		.byte	0
 4366 1a77 FF       		.byte	0xff
 4367 1a78 DF       		.byte	0xdf
 4368 1a79 DF       		.byte	0xdf
 4369 1a7a FF       		.byte	0xff
 4370 1a7b 00       		.byte	0
 4371 1a7c 00       		.byte	0
 4372 1a7d 00       		.byte	0
 4373 1a7e 00       		.byte	0
 4374 1a7f 40       		.byte	0x40
 4375 1a80 00       		.byte	0
 4376 1a81 00       		.byte	0
 4377 1a82 00       		.byte	0
 4378 1a83 CC       		.byte	0xcc
 4379 1a84 CC       		.byte	0xcc
 4380 1a85 CC       		.byte	0xcc
 4381 1a86 50       		.byte	0x50
 4382 1a87 55       		.byte	0x55
 4383 1a88 C0       		.byte	0xc0
 4384 1a89 CC       		.byte	0xcc
 4385 1a8a CC       		.byte	0xcc
 4386 1a8b EA       		.byte	0xea
 4387 1a8c CA       		.byte	0xca
 4388 1a8d 9A       		.byte	0x9a
 4389 1a8e AA       		.byte	0xaa
ARM GAS  C:\Users\DEVELO~1\AppData\Local\Temp\ccfSEeL2.s 			page 78


 4390 1a8f 00       		.byte	0
 4391 1a90 00       		.byte	0
 4392 1a91 00       		.byte	0
 4393 1a92 00       		.byte	0
 4394 1a93 3F       		.byte	0x3f
 4395 1a94 1F       		.byte	0x1f
 4396 1a95 DF       		.byte	0xdf
 4397 1a96 FF       		.byte	0xff
 4398 1a97 00       		.byte	0
 4399 1a98 00       		.byte	0
 4400 1a99 00       		.byte	0
 4401 1a9a 00       		.byte	0
 4402 1a9b 00       		.byte	0
 4403 1a9c 04       		.byte	0x4
 4404 1a9d 00       		.byte	0
 4405 1a9e 00       		.byte	0
 4406 1a9f CC       		.byte	0xcc
 4407 1aa0 0C       		.byte	0xc
 4408 1aa1 CC       		.byte	0xcc
 4409 1aa2 00       		.byte	0
 4410 1aa3 5C       		.byte	0x5c
 4411 1aa4 50       		.byte	0x50
 4412 1aa5 55       		.byte	0x55
 4413 1aa6 C5       		.byte	0xc5
 4414 1aa7 AF       		.byte	0xaf
 4415 1aa8 7B       		.byte	0x7b
 4416 1aa9 FF       		.byte	0xff
 4417 1aaa FF       		.byte	0xff
 4418 1aab 00       		.byte	0
 4419 1aac 00       		.byte	0
 4420 1aad 00       		.byte	0
 4421 1aae 00       		.byte	0
 4422 1aaf F0       		.byte	0xf0
 4423 1ab0 4C       		.byte	0x4c
 4424 1ab1 00       		.byte	0
 4425 1ab2 00       		.byte	0
 4426 1ab3 00       		.byte	0
 4427 1ab4 00       		.byte	0
 4428 1ab5 00       		.byte	0
 4429 1ab6 00       		.byte	0
 4430 1ab7 80       		.byte	0x80
 4431 1ab8 00       		.byte	0
 4432 1ab9 00       		.byte	0
 4433 1aba 00       		.byte	0
 4434 1abb 00       		.byte	0
 4435 1abc CC       		.byte	0xcc
 4436 1abd C0       		.byte	0xc0
 4437 1abe 00       		.byte	0
 4438 1abf 00       		.byte	0
 4439 1ac0 00       		.byte	0
 4440 1ac1 00       		.byte	0
 4441 1ac2 00       		.byte	0
 4442 1ac3 BB       		.byte	0xbb
 4443 1ac4 AA       		.byte	0xaa
 4444 1ac5 71       		.byte	0x71
 4445 1ac6 FF       		.byte	0xff
 4446 1ac7 00       		.byte	0
ARM GAS  C:\Users\DEVELO~1\AppData\Local\Temp\ccfSEeL2.s 			page 79


 4447 1ac8 00       		.byte	0
 4448 1ac9 00       		.byte	0
 4449 1aca 00       		.byte	0
 4450 1acb CC       		.byte	0xcc
 4451 1acc FF       		.byte	0xff
 4452 1acd 45       		.byte	0x45
 4453 1ace 00       		.byte	0
 4454 1acf 00       		.byte	0
 4455 1ad0 00       		.byte	0
 4456 1ad1 00       		.byte	0
 4457 1ad2 00       		.byte	0
 4458 1ad3 00       		.byte	0
 4459 1ad4 00       		.byte	0
 4460 1ad5 00       		.byte	0
 4461 1ad6 00       		.byte	0
 4462 1ad7 50       		.byte	0x50
 4463 1ad8 50       		.byte	0x50
 4464 1ad9 AA       		.byte	0xaa
 4465 1ada AA       		.byte	0xaa
 4466 1adb 00       		.byte	0
 4467 1adc 00       		.byte	0
 4468 1add 00       		.byte	0
 4469 1ade 00       		.byte	0
 4470 1adf FF       		.byte	0xff
 4471 1ae0 FF       		.byte	0xff
 4472 1ae1 FF       		.byte	0xff
 4473 1ae2 FF       		.byte	0xff
 4474 1ae3 00       		.byte	0
 4475 1ae4 00       		.byte	0
 4476 1ae5 00       		.byte	0
 4477 1ae6 00       		.byte	0
 4478 1ae7 00       		.byte	0
 4479 1ae8 00       		.byte	0
 4480 1ae9 00       		.byte	0
 4481 1aea 00       		.byte	0
 4482 1aeb 00       		.byte	0
 4483 1aec 00       		.byte	0
 4484 1aed 00       		.byte	0
 4485 1aee 00       		.byte	0
 4486 1aef 00       		.byte	0
 4487 1af0 00       		.byte	0
 4488 1af1 00       		.byte	0
 4489 1af2 00       		.byte	0
 4490 1af3 00       		.byte	0
 4491 1af4 00       		.byte	0
 4492 1af5 00       		.byte	0
 4493 1af6 00       		.byte	0
 4494 1af7 00       		.byte	0
 4495 1af8 00       		.byte	0
 4496 1af9 00       		.byte	0
 4497 1afa 00       		.byte	0
 4498 1afb FF       		.byte	0xff
 4499 1afc FF       		.byte	0xff
 4500 1afd FF       		.byte	0xff
 4501 1afe FF       		.byte	0xff
 4502 1aff 00       		.byte	0
 4503 1b00 00       		.byte	0
ARM GAS  C:\Users\DEVELO~1\AppData\Local\Temp\ccfSEeL2.s 			page 80


 4504 1b01 00       		.byte	0
 4505 1b02 00       		.byte	0
 4506 1b03 00       		.byte	0
 4507 1b04 00       		.byte	0
 4508 1b05 00       		.byte	0
 4509 1b06 00       		.byte	0
 4510 1b07 00       		.byte	0
 4511 1b08 00       		.byte	0
 4512 1b09 00       		.byte	0
 4513 1b0a 00       		.byte	0
 4514 1b0b 00       		.byte	0
 4515 1b0c 00       		.byte	0
 4516 1b0d 00       		.byte	0
 4517 1b0e 00       		.byte	0
 4518 1b0f 00       		.byte	0
 4519 1b10 00       		.byte	0
 4520 1b11 00       		.byte	0
 4521 1b12 00       		.byte	0
 4522 1b13 00       		.byte	0
 4523 1b14 00       		.byte	0
 4524 1b15 00       		.byte	0
 4525 1b16 00       		.byte	0
 4526 1b17 2A       		.uleb128 0x2a
 4527 1b18 6D0E0000 		.4byte	.LASF356
 4528 1b1c 1C       		.byte	0x1c
 4529 1b1d BD       		.byte	0xbd
 4530 1b1e 08       		.byte	0x8
 4531 1b1f 2B       		.uleb128 0x2b
 4532 1b20 8E050000 		.4byte	.LASF357
 4533 1b24 01       		.byte	0x1
 4534 1b25 0901     		.2byte	0x109
 4535 1b27 06       		.byte	0x6
 4536 1b28 00000000 		.4byte	.LFB439
 4537 1b2c 02000000 		.4byte	.LFE439-.LFB439
 4538 1b30 01       		.uleb128 0x1
 4539 1b31 9C       		.byte	0x9c
 4540 1b32 20       		.uleb128 0x20
 4541 1b33 3B0A0000 		.4byte	.LASF342
 4542 1b37 FD       		.byte	0xfd
 4543 1b38 9F100000 		.4byte	0x109f
 4544 1b3c 4D1B0000 		.4byte	0x1b4d
 4545 1b40 13       		.uleb128 0x13
 4546 1b41 52040000 		.4byte	.LASF344
 4547 1b45 01       		.byte	0x1
 4548 1b46 FD       		.byte	0xfd
 4549 1b47 2C       		.byte	0x2c
 4550 1b48 4D1B0000 		.4byte	0x1b4d
 4551 1b4c 00       		.byte	0
 4552 1b4d 04       		.uleb128 0x4
 4553 1b4e A8180000 		.4byte	0x18a8
 4554 1b52 20       		.uleb128 0x20
 4555 1b53 81060000 		.4byte	.LASF343
 4556 1b57 F3       		.byte	0xf3
 4557 1b58 9F100000 		.4byte	0x109f
 4558 1b5c 6D1B0000 		.4byte	0x1b6d
 4559 1b60 13       		.uleb128 0x13
 4560 1b61 52040000 		.4byte	.LASF344
ARM GAS  C:\Users\DEVELO~1\AppData\Local\Temp\ccfSEeL2.s 			page 81


 4561 1b65 01       		.byte	0x1
 4562 1b66 F3       		.byte	0xf3
 4563 1b67 2A       		.byte	0x2a
 4564 1b68 4D1B0000 		.4byte	0x1b4d
 4565 1b6c 00       		.byte	0
 4566 1b6d 21       		.uleb128 0x21
 4567 1b6e A80D0000 		.4byte	.LASF346
 4568 1b72 E7       		.byte	0xe7
 4569 1b73 9F100000 		.4byte	0x109f
 4570 1b77 881B0000 		.4byte	0x1b88
 4571 1b7b 13       		.uleb128 0x13
 4572 1b7c F7020000 		.4byte	.LASF345
 4573 1b80 01       		.byte	0x1
 4574 1b81 E7       		.byte	0xe7
 4575 1b82 2C       		.byte	0x2c
 4576 1b83 881B0000 		.4byte	0x1b88
 4577 1b87 00       		.byte	0
 4578 1b88 04       		.uleb128 0x4
 4579 1b89 D4130000 		.4byte	0x13d4
 4580 1b8d 21       		.uleb128 0x21
 4581 1b8e 430D0000 		.4byte	.LASF347
 4582 1b92 DD       		.byte	0xdd
 4583 1b93 9F100000 		.4byte	0x109f
 4584 1b97 A81B0000 		.4byte	0x1ba8
 4585 1b9b 13       		.uleb128 0x13
 4586 1b9c F7020000 		.4byte	.LASF345
 4587 1ba0 01       		.byte	0x1
 4588 1ba1 DD       		.byte	0xdd
 4589 1ba2 2A       		.byte	0x2a
 4590 1ba3 881B0000 		.4byte	0x1b88
 4591 1ba7 00       		.byte	0
 4592 1ba8 2C       		.uleb128 0x2c
 4593 1ba9 770B0000 		.4byte	.LASF358
 4594 1bad 01       		.byte	0x1
 4595 1bae D3       		.byte	0xd3
 4596 1baf 06       		.byte	0x6
 4597 1bb0 00000000 		.4byte	.LFB434
 4598 1bb4 38020000 		.4byte	.LFE434-.LFB434
 4599 1bb8 01       		.uleb128 0x1
 4600 1bb9 9C       		.byte	0x9c
 4601 1bba 2D1E0000 		.4byte	0x1e2d
 4602 1bbe 0E       		.uleb128 0xe
 4603 1bbf 2D1E0000 		.4byte	0x1e2d
 4604 1bc3 00000000 		.4byte	.LBI56
 4605 1bc7 02       		.byte	.LVU2
 4606 1bc8 0C000000 		.4byte	.LLRL0
 4607 1bcc D5       		.byte	0xd5
 4608 1bcd 231E0000 		.4byte	0x1e23
 4609 1bd1 0E       		.uleb128 0xe
 4610 1bd2 891E0000 		.4byte	0x1e89
 4611 1bd6 00000000 		.4byte	.LBI57
 4612 1bda 04       		.byte	.LVU4
 4613 1bdb 19000000 		.4byte	.LLRL1
 4614 1bdf 9F       		.byte	0x9f
 4615 1be0 F21B0000 		.4byte	0x1bf2
 4616 1be4 06       		.uleb128 0x6
 4617 1be5 961E0000 		.4byte	0x1e96
ARM GAS  C:\Users\DEVELO~1\AppData\Local\Temp\ccfSEeL2.s 			page 82


 4618 1be9 0E000000 		.4byte	.LLST2
 4619 1bed 0C000000 		.4byte	.LVUS2
 4620 1bf1 00       		.byte	0
 4621 1bf2 0E       		.uleb128 0xe
 4622 1bf3 361E0000 		.4byte	0x1e36
 4623 1bf7 44000000 		.4byte	.LBI63
 4624 1bfb 02       		.byte	.LVU33
 4625 1bfc 2E000000 		.4byte	.LLRL3
 4626 1c00 A4       		.byte	0xa4
 4627 1c01 201C0000 		.4byte	0x1c20
 4628 1c05 06       		.uleb128 0x6
 4629 1c06 4F1E0000 		.4byte	0x1e4f
 4630 1c0a 1C000000 		.4byte	.LLST4
 4631 1c0e 1A000000 		.4byte	.LVUS4
 4632 1c12 06       		.uleb128 0x6
 4633 1c13 431E0000 		.4byte	0x1e43
 4634 1c17 2C000000 		.4byte	.LLST5
 4635 1c1b 2A000000 		.4byte	.LVUS5
 4636 1c1f 00       		.byte	0
 4637 1c20 0E       		.uleb128 0xe
 4638 1c21 611E0000 		.4byte	0x1e61
 4639 1c25 28000000 		.4byte	.LBI75
 4640 1c29 02       		.byte	.LVU20
 4641 1c2a 43000000 		.4byte	.LLRL6
 4642 1c2e A0       		.byte	0xa0
 4643 1c2f 4E1C0000 		.4byte	0x1c4e
 4644 1c33 06       		.uleb128 0x6
 4645 1c34 7C1E0000 		.4byte	0x1e7c
 4646 1c38 3C000000 		.4byte	.LLST7
 4647 1c3c 3A000000 		.4byte	.LVUS7
 4648 1c40 06       		.uleb128 0x6
 4649 1c41 6F1E0000 		.4byte	0x1e6f
 4650 1c45 48000000 		.4byte	.LLST8
 4651 1c49 46000000 		.4byte	.LVUS8
 4652 1c4d 00       		.byte	0
 4653 1c4e 0E       		.uleb128 0xe
 4654 1c4f 361E0000 		.4byte	0x1e36
 4655 1c53 5E000000 		.4byte	.LBI79
 4656 1c57 02       		.byte	.LVU51
 4657 1c58 52000000 		.4byte	.LLRL9
 4658 1c5c A7       		.byte	0xa7
 4659 1c5d 7C1C0000 		.4byte	0x1c7c
 4660 1c61 06       		.uleb128 0x6
 4661 1c62 4F1E0000 		.4byte	0x1e4f
 4662 1c66 56000000 		.4byte	.LLST10
 4663 1c6a 54000000 		.4byte	.LVUS10
 4664 1c6e 06       		.uleb128 0x6
 4665 1c6f 431E0000 		.4byte	0x1e43
 4666 1c73 66000000 		.4byte	.LLST11
 4667 1c77 64000000 		.4byte	.LVUS11
 4668 1c7b 00       		.byte	0
 4669 1c7c 0E       		.uleb128 0xe
 4670 1c7d 361E0000 		.4byte	0x1e36
 4671 1c81 E8000000 		.4byte	.LBI87
 4672 1c85 02       		.byte	.LVU130
 4673 1c86 61000000 		.4byte	.LLRL12
 4674 1c8a B3       		.byte	0xb3
ARM GAS  C:\Users\DEVELO~1\AppData\Local\Temp\ccfSEeL2.s 			page 83


 4675 1c8b AA1C0000 		.4byte	0x1caa
 4676 1c8f 06       		.uleb128 0x6
 4677 1c90 4F1E0000 		.4byte	0x1e4f
 4678 1c94 76000000 		.4byte	.LLST13
 4679 1c98 74000000 		.4byte	.LVUS13
 4680 1c9c 06       		.uleb128 0x6
 4681 1c9d 431E0000 		.4byte	0x1e43
 4682 1ca1 87000000 		.4byte	.LLST14
 4683 1ca5 85000000 		.4byte	.LVUS14
 4684 1ca9 00       		.byte	0
 4685 1caa 0E       		.uleb128 0xe
 4686 1cab 361E0000 		.4byte	0x1e36
 4687 1caf 7E000000 		.4byte	.LBI94
 4688 1cb3 02       		.byte	.LVU69
 4689 1cb4 79000000 		.4byte	.LLRL15
 4690 1cb8 AA       		.byte	0xaa
 4691 1cb9 D81C0000 		.4byte	0x1cd8
 4692 1cbd 06       		.uleb128 0x6
 4693 1cbe 4F1E0000 		.4byte	0x1e4f
 4694 1cc2 97000000 		.4byte	.LLST16
 4695 1cc6 95000000 		.4byte	.LVUS16
 4696 1cca 06       		.uleb128 0x6
 4697 1ccb 431E0000 		.4byte	0x1e43
 4698 1ccf A7000000 		.4byte	.LLST17
 4699 1cd3 A5000000 		.4byte	.LVUS17
 4700 1cd7 00       		.byte	0
 4701 1cd8 0E       		.uleb128 0xe
 4702 1cd9 361E0000 		.4byte	0x1e36
 4703 1cdd A4000000 		.4byte	.LBI97
 4704 1ce1 02       		.byte	.LVU90
 4705 1ce2 85000000 		.4byte	.LLRL18
 4706 1ce6 AD       		.byte	0xad
 4707 1ce7 061D0000 		.4byte	0x1d06
 4708 1ceb 06       		.uleb128 0x6
 4709 1cec 4F1E0000 		.4byte	0x1e4f
 4710 1cf0 B7000000 		.4byte	.LLST19
 4711 1cf4 B5000000 		.4byte	.LVUS19
 4712 1cf8 06       		.uleb128 0x6
 4713 1cf9 431E0000 		.4byte	0x1e43
 4714 1cfd C8000000 		.4byte	.LLST20
 4715 1d01 C6000000 		.4byte	.LVUS20
 4716 1d05 00       		.byte	0
 4717 1d06 2D       		.uleb128 0x2d
 4718 1d07 361E0000 		.4byte	0x1e36
 4719 1d0b C0000000 		.4byte	.LBI102
 4720 1d0f 02       		.byte	.LVU110
 4721 1d10 C0000000 		.4byte	.LBB102
 4722 1d14 28000000 		.4byte	.LBE102-.LBB102
 4723 1d18 01       		.byte	0x1
 4724 1d19 B0       		.byte	0xb0
 4725 1d1a 03       		.byte	0x3
 4726 1d1b 3A1D0000 		.4byte	0x1d3a
 4727 1d1f 06       		.uleb128 0x6
 4728 1d20 4F1E0000 		.4byte	0x1e4f
 4729 1d24 D8000000 		.4byte	.LLST21
 4730 1d28 D6000000 		.4byte	.LVUS21
 4731 1d2c 06       		.uleb128 0x6
ARM GAS  C:\Users\DEVELO~1\AppData\Local\Temp\ccfSEeL2.s 			page 84


 4732 1d2d 431E0000 		.4byte	0x1e43
 4733 1d31 E9000000 		.4byte	.LLST22
 4734 1d35 E7000000 		.4byte	.LVUS22
 4735 1d39 00       		.byte	0
 4736 1d3a 0E       		.uleb128 0xe
 4737 1d3b 361E0000 		.4byte	0x1e36
 4738 1d3f 1C010000 		.4byte	.LBI105
 4739 1d43 02       		.byte	.LVU154
 4740 1d44 91000000 		.4byte	.LLRL23
 4741 1d48 B6       		.byte	0xb6
 4742 1d49 681D0000 		.4byte	0x1d68
 4743 1d4d 06       		.uleb128 0x6
 4744 1d4e 4F1E0000 		.4byte	0x1e4f
 4745 1d52 F9000000 		.4byte	.LLST24
 4746 1d56 F7000000 		.4byte	.LVUS24
 4747 1d5a 06       		.uleb128 0x6
 4748 1d5b 431E0000 		.4byte	0x1e43
 4749 1d5f 0A010000 		.4byte	.LLST25
 4750 1d63 08010000 		.4byte	.LVUS25
 4751 1d67 00       		.byte	0
 4752 1d68 0E       		.uleb128 0xe
 4753 1d69 361E0000 		.4byte	0x1e36
 4754 1d6d 44010000 		.4byte	.LBI110
 4755 1d71 02       		.byte	.LVU174
 4756 1d72 A0000000 		.4byte	.LLRL26
 4757 1d76 B9       		.byte	0xb9
 4758 1d77 961D0000 		.4byte	0x1d96
 4759 1d7b 06       		.uleb128 0x6
 4760 1d7c 4F1E0000 		.4byte	0x1e4f
 4761 1d80 1A010000 		.4byte	.LLST27
 4762 1d84 18010000 		.4byte	.LVUS27
 4763 1d88 06       		.uleb128 0x6
 4764 1d89 431E0000 		.4byte	0x1e43
 4765 1d8d 2B010000 		.4byte	.LLST28
 4766 1d91 29010000 		.4byte	.LVUS28
 4767 1d95 00       		.byte	0
 4768 1d96 0E       		.uleb128 0xe
 4769 1d97 361E0000 		.4byte	0x1e36
 4770 1d9b 5A010000 		.4byte	.LBI121
 4771 1d9f 02       		.byte	.LVU195
 4772 1da0 B5000000 		.4byte	.LLRL29
 4773 1da4 BC       		.byte	0xbc
 4774 1da5 C41D0000 		.4byte	0x1dc4
 4775 1da9 06       		.uleb128 0x6
 4776 1daa 4F1E0000 		.4byte	0x1e4f
 4777 1dae 3B010000 		.4byte	.LLST30
 4778 1db2 39010000 		.4byte	.LVUS30
 4779 1db6 06       		.uleb128 0x6
 4780 1db7 431E0000 		.4byte	0x1e43
 4781 1dbb 4C010000 		.4byte	.LLST31
 4782 1dbf 4A010000 		.4byte	.LVUS31
 4783 1dc3 00       		.byte	0
 4784 1dc4 0E       		.uleb128 0xe
 4785 1dc5 361E0000 		.4byte	0x1e36
 4786 1dc9 7A010000 		.4byte	.LBI130
 4787 1dcd 02       		.byte	.LVU216
 4788 1dce C7000000 		.4byte	.LLRL32
ARM GAS  C:\Users\DEVELO~1\AppData\Local\Temp\ccfSEeL2.s 			page 85


 4789 1dd2 BF       		.byte	0xbf
 4790 1dd3 F21D0000 		.4byte	0x1df2
 4791 1dd7 06       		.uleb128 0x6
 4792 1dd8 4F1E0000 		.4byte	0x1e4f
 4793 1ddc 5C010000 		.4byte	.LLST33
 4794 1de0 5A010000 		.4byte	.LVUS33
 4795 1de4 06       		.uleb128 0x6
 4796 1de5 431E0000 		.4byte	0x1e43
 4797 1de9 6D010000 		.4byte	.LLST34
 4798 1ded 6B010000 		.4byte	.LVUS34
 4799 1df1 00       		.byte	0
 4800 1df2 2E       		.uleb128 0x2e
 4801 1df3 361E0000 		.4byte	0x1e36
 4802 1df7 96010000 		.4byte	.LBI135
 4803 1dfb 02       		.byte	.LVU233
 4804 1dfc 96010000 		.4byte	.LBB135
 4805 1e00 1C000000 		.4byte	.LBE135-.LBB135
 4806 1e04 01       		.byte	0x1
 4807 1e05 C2       		.byte	0xc2
 4808 1e06 03       		.byte	0x3
 4809 1e07 06       		.uleb128 0x6
 4810 1e08 4F1E0000 		.4byte	0x1e4f
 4811 1e0c 7D010000 		.4byte	.LLST35
 4812 1e10 7B010000 		.4byte	.LVUS35
 4813 1e14 06       		.uleb128 0x6
 4814 1e15 431E0000 		.4byte	0x1e43
 4815 1e19 8E010000 		.4byte	.LLST36
 4816 1e1d 8C010000 		.4byte	.LVUS36
 4817 1e21 00       		.byte	0
 4818 1e22 00       		.byte	0
 4819 1e23 2F       		.uleb128 0x2f
 4820 1e24 B8010000 		.4byte	.LVL14
 4821 1e28 171B0000 		.4byte	0x1b17
 4822 1e2c 00       		.byte	0
 4823 1e2d 30       		.uleb128 0x30
 4824 1e2e DB0C0000 		.4byte	.LASF359
 4825 1e32 01       		.byte	0x1
 4826 1e33 9B       		.byte	0x9b
 4827 1e34 0D       		.byte	0xd
 4828 1e35 01       		.byte	0x1
 4829 1e36 22       		.uleb128 0x22
 4830 1e37 B6010000 		.4byte	.LASF349
 4831 1e3b 01       		.byte	0x1
 4832 1e3c 90       		.byte	0x90
 4833 1e3d 0D       		.byte	0xd
 4834 1e3e 01       		.byte	0x1
 4835 1e3f 5C1E0000 		.4byte	0x1e5c
 4836 1e43 13       		.uleb128 0x13
 4837 1e44 670C0000 		.4byte	.LASF348
 4838 1e48 01       		.byte	0x1
 4839 1e49 90       		.byte	0x90
 4840 1e4a 25       		.byte	0x25
 4841 1e4b 88130000 		.4byte	0x1388
 4842 1e4f 13       		.uleb128 0x13
 4843 1e50 7E080000 		.4byte	.LASF54
 4844 1e54 01       		.byte	0x1
 4845 1e55 90       		.byte	0x90
ARM GAS  C:\Users\DEVELO~1\AppData\Local\Temp\ccfSEeL2.s 			page 86


 4846 1e56 40       		.byte	0x40
 4847 1e57 5C1E0000 		.4byte	0x1e5c
 4848 1e5b 00       		.byte	0
 4849 1e5c 04       		.uleb128 0x4
 4850 1e5d 25190000 		.4byte	0x1925
 4851 1e61 31       		.uleb128 0x31
 4852 1e62 BB090000 		.4byte	.LASF350
 4853 1e66 02       		.byte	0x2
 4854 1e67 5503     		.2byte	0x355
 4855 1e69 16       		.byte	0x16
 4856 1e6a 03       		.byte	0x3
 4857 1e6b 891E0000 		.4byte	0x1e89
 4858 1e6f 32       		.uleb128 0x32
 4859 1e70 94070000 		.4byte	.LASF59
 4860 1e74 02       		.byte	0x2
 4861 1e75 5503     		.2byte	0x355
 4862 1e77 2D       		.byte	0x2d
 4863 1e78 E4000000 		.4byte	0xe4
 4864 1e7c 33       		.uleb128 0x33
 4865 1e7d 6C7000   		.ascii	"lp\000"
 4866 1e80 02       		.byte	0x2
 4867 1e81 5503     		.2byte	0x355
 4868 1e83 38       		.byte	0x38
 4869 1e84 9F100000 		.4byte	0x109f
 4870 1e88 00       		.byte	0
 4871 1e89 22       		.uleb128 0x22
 4872 1e8a 2E060000 		.4byte	.LASF351
 4873 1e8e 02       		.byte	0x2
 4874 1e8f 79       		.byte	0x79
 4875 1e90 16       		.byte	0x16
 4876 1e91 03       		.byte	0x3
 4877 1e92 A31E0000 		.4byte	0x1ea3
 4878 1e96 13       		.uleb128 0x13
 4879 1e97 94070000 		.4byte	.LASF59
 4880 1e9b 02       		.byte	0x2
 4881 1e9c 79       		.byte	0x79
 4882 1e9d 2E       		.byte	0x2e
 4883 1e9e E4000000 		.4byte	0xe4
 4884 1ea2 00       		.byte	0
 4885 1ea3 34       		.uleb128 0x34
 4886 1ea4 8D1B0000 		.4byte	0x1b8d
 4887 1ea8 00000000 		.4byte	.LFB435
 4888 1eac 04000000 		.4byte	.LFE435-.LFB435
 4889 1eb0 01       		.uleb128 0x1
 4890 1eb1 9C       		.byte	0x9c
 4891 1eb2 C41E0000 		.4byte	0x1ec4
 4892 1eb6 06       		.uleb128 0x6
 4893 1eb7 9B1B0000 		.4byte	0x1b9b
 4894 1ebb A0010000 		.4byte	.LLST37
 4895 1ebf 9C010000 		.4byte	.LVUS37
 4896 1ec3 00       		.byte	0
 4897 1ec4 35       		.uleb128 0x35
 4898 1ec5 6D1B0000 		.4byte	0x1b6d
 4899 1ec9 00000000 		.4byte	.LFB436
 4900 1ecd 04000000 		.4byte	.LFE436-.LFB436
 4901 1ed1 01       		.uleb128 0x1
 4902 1ed2 9C       		.byte	0x9c
ARM GAS  C:\Users\DEVELO~1\AppData\Local\Temp\ccfSEeL2.s 			page 87


 4903 1ed3 06       		.uleb128 0x6
 4904 1ed4 7B1B0000 		.4byte	0x1b7b
 4905 1ed8 B7010000 		.4byte	.LLST38
 4906 1edc B3010000 		.4byte	.LVUS38
 4907 1ee0 00       		.byte	0
 4908 1ee1 00       		.byte	0
 4909              		.section	.debug_abbrev,"",%progbits
 4910              	.Ldebug_abbrev0:
 4911 0000 01       		.uleb128 0x1
 4912 0001 0D       		.uleb128 0xd
 4913 0002 00       		.byte	0
 4914 0003 03       		.uleb128 0x3
 4915 0004 0E       		.uleb128 0xe
 4916 0005 3A       		.uleb128 0x3a
 4917 0006 0B       		.uleb128 0xb
 4918 0007 3B       		.uleb128 0x3b
 4919 0008 05       		.uleb128 0x5
 4920 0009 39       		.uleb128 0x39
 4921 000a 0B       		.uleb128 0xb
 4922 000b 49       		.uleb128 0x49
 4923 000c 13       		.uleb128 0x13
 4924 000d 38       		.uleb128 0x38
 4925 000e 0B       		.uleb128 0xb
 4926 000f 00       		.byte	0
 4927 0010 00       		.byte	0
 4928 0011 02       		.uleb128 0x2
 4929 0012 0D       		.uleb128 0xd
 4930 0013 00       		.byte	0
 4931 0014 03       		.uleb128 0x3
 4932 0015 0E       		.uleb128 0xe
 4933 0016 3A       		.uleb128 0x3a
 4934 0017 0B       		.uleb128 0xb
 4935 0018 3B       		.uleb128 0x3b
 4936 0019 0B       		.uleb128 0xb
 4937 001a 39       		.uleb128 0x39
 4938 001b 0B       		.uleb128 0xb
 4939 001c 49       		.uleb128 0x49
 4940 001d 13       		.uleb128 0x13
 4941 001e 38       		.uleb128 0x38
 4942 001f 0B       		.uleb128 0xb
 4943 0020 00       		.byte	0
 4944 0021 00       		.byte	0
 4945 0022 03       		.uleb128 0x3
 4946 0023 16       		.uleb128 0x16
 4947 0024 00       		.byte	0
 4948 0025 03       		.uleb128 0x3
 4949 0026 0E       		.uleb128 0xe
 4950 0027 3A       		.uleb128 0x3a
 4951 0028 0B       		.uleb128 0xb
 4952 0029 3B       		.uleb128 0x3b
 4953 002a 0B       		.uleb128 0xb
 4954 002b 39       		.uleb128 0x39
 4955 002c 0B       		.uleb128 0xb
 4956 002d 49       		.uleb128 0x49
 4957 002e 13       		.uleb128 0x13
 4958 002f 00       		.byte	0
 4959 0030 00       		.byte	0
ARM GAS  C:\Users\DEVELO~1\AppData\Local\Temp\ccfSEeL2.s 			page 88


 4960 0031 04       		.uleb128 0x4
 4961 0032 0F       		.uleb128 0xf
 4962 0033 00       		.byte	0
 4963 0034 0B       		.uleb128 0xb
 4964 0035 21       		.uleb128 0x21
 4965 0036 04       		.sleb128 4
 4966 0037 49       		.uleb128 0x49
 4967 0038 13       		.uleb128 0x13
 4968 0039 00       		.byte	0
 4969 003a 00       		.byte	0
 4970 003b 05       		.uleb128 0x5
 4971 003c 0D       		.uleb128 0xd
 4972 003d 00       		.byte	0
 4973 003e 03       		.uleb128 0x3
 4974 003f 08       		.uleb128 0x8
 4975 0040 3A       		.uleb128 0x3a
 4976 0041 0B       		.uleb128 0xb
 4977 0042 3B       		.uleb128 0x3b
 4978 0043 05       		.uleb128 0x5
 4979 0044 39       		.uleb128 0x39
 4980 0045 0B       		.uleb128 0xb
 4981 0046 49       		.uleb128 0x49
 4982 0047 13       		.uleb128 0x13
 4983 0048 38       		.uleb128 0x38
 4984 0049 0B       		.uleb128 0xb
 4985 004a 00       		.byte	0
 4986 004b 00       		.byte	0
 4987 004c 06       		.uleb128 0x6
 4988 004d 05       		.uleb128 0x5
 4989 004e 00       		.byte	0
 4990 004f 31       		.uleb128 0x31
 4991 0050 13       		.uleb128 0x13
 4992 0051 02       		.uleb128 0x2
 4993 0052 17       		.uleb128 0x17
 4994 0053 B742     		.uleb128 0x2137
 4995 0055 17       		.uleb128 0x17
 4996 0056 00       		.byte	0
 4997 0057 00       		.byte	0
 4998 0058 07       		.uleb128 0x7
 4999 0059 0D       		.uleb128 0xd
 5000 005a 00       		.byte	0
 5001 005b 03       		.uleb128 0x3
 5002 005c 08       		.uleb128 0x8
 5003 005d 3A       		.uleb128 0x3a
 5004 005e 0B       		.uleb128 0xb
 5005 005f 3B       		.uleb128 0x3b
 5006 0060 0B       		.uleb128 0xb
 5007 0061 39       		.uleb128 0x39
 5008 0062 0B       		.uleb128 0xb
 5009 0063 49       		.uleb128 0x49
 5010 0064 13       		.uleb128 0x13
 5011 0065 38       		.uleb128 0x38
 5012 0066 0B       		.uleb128 0xb
 5013 0067 00       		.byte	0
 5014 0068 00       		.byte	0
 5015 0069 08       		.uleb128 0x8
 5016 006a 28       		.uleb128 0x28
ARM GAS  C:\Users\DEVELO~1\AppData\Local\Temp\ccfSEeL2.s 			page 89


 5017 006b 00       		.byte	0
 5018 006c 03       		.uleb128 0x3
 5019 006d 0E       		.uleb128 0xe
 5020 006e 1C       		.uleb128 0x1c
 5021 006f 0B       		.uleb128 0xb
 5022 0070 00       		.byte	0
 5023 0071 00       		.byte	0
 5024 0072 09       		.uleb128 0x9
 5025 0073 13       		.uleb128 0x13
 5026 0074 01       		.byte	0x1
 5027 0075 03       		.uleb128 0x3
 5028 0076 0E       		.uleb128 0xe
 5029 0077 0B       		.uleb128 0xb
 5030 0078 0B       		.uleb128 0xb
 5031 0079 3A       		.uleb128 0x3a
 5032 007a 0B       		.uleb128 0xb
 5033 007b 3B       		.uleb128 0x3b
 5034 007c 0B       		.uleb128 0xb
 5035 007d 39       		.uleb128 0x39
 5036 007e 0B       		.uleb128 0xb
 5037 007f 01       		.uleb128 0x1
 5038 0080 13       		.uleb128 0x13
 5039 0081 00       		.byte	0
 5040 0082 00       		.byte	0
 5041 0083 0A       		.uleb128 0xa
 5042 0084 13       		.uleb128 0x13
 5043 0085 01       		.byte	0x1
 5044 0086 0B       		.uleb128 0xb
 5045 0087 0B       		.uleb128 0xb
 5046 0088 3A       		.uleb128 0x3a
 5047 0089 0B       		.uleb128 0xb
 5048 008a 3B       		.uleb128 0x3b
 5049 008b 0B       		.uleb128 0xb
 5050 008c 39       		.uleb128 0x39
 5051 008d 0B       		.uleb128 0xb
 5052 008e 01       		.uleb128 0x1
 5053 008f 13       		.uleb128 0x13
 5054 0090 00       		.byte	0
 5055 0091 00       		.byte	0
 5056 0092 0B       		.uleb128 0xb
 5057 0093 26       		.uleb128 0x26
 5058 0094 00       		.byte	0
 5059 0095 49       		.uleb128 0x49
 5060 0096 13       		.uleb128 0x13
 5061 0097 00       		.byte	0
 5062 0098 00       		.byte	0
 5063 0099 0C       		.uleb128 0xc
 5064 009a 24       		.uleb128 0x24
 5065 009b 00       		.byte	0
 5066 009c 0B       		.uleb128 0xb
 5067 009d 0B       		.uleb128 0xb
 5068 009e 3E       		.uleb128 0x3e
 5069 009f 0B       		.uleb128 0xb
 5070 00a0 03       		.uleb128 0x3
 5071 00a1 0E       		.uleb128 0xe
 5072 00a2 00       		.byte	0
 5073 00a3 00       		.byte	0
ARM GAS  C:\Users\DEVELO~1\AppData\Local\Temp\ccfSEeL2.s 			page 90


 5074 00a4 0D       		.uleb128 0xd
 5075 00a5 05       		.uleb128 0x5
 5076 00a6 00       		.byte	0
 5077 00a7 49       		.uleb128 0x49
 5078 00a8 13       		.uleb128 0x13
 5079 00a9 00       		.byte	0
 5080 00aa 00       		.byte	0
 5081 00ab 0E       		.uleb128 0xe
 5082 00ac 1D       		.uleb128 0x1d
 5083 00ad 01       		.byte	0x1
 5084 00ae 31       		.uleb128 0x31
 5085 00af 13       		.uleb128 0x13
 5086 00b0 52       		.uleb128 0x52
 5087 00b1 01       		.uleb128 0x1
 5088 00b2 B842     		.uleb128 0x2138
 5089 00b4 0B       		.uleb128 0xb
 5090 00b5 55       		.uleb128 0x55
 5091 00b6 17       		.uleb128 0x17
 5092 00b7 58       		.uleb128 0x58
 5093 00b8 21       		.uleb128 0x21
 5094 00b9 01       		.sleb128 1
 5095 00ba 59       		.uleb128 0x59
 5096 00bb 0B       		.uleb128 0xb
 5097 00bc 57       		.uleb128 0x57
 5098 00bd 21       		.uleb128 0x21
 5099 00be 03       		.sleb128 3
 5100 00bf 01       		.uleb128 0x1
 5101 00c0 13       		.uleb128 0x13
 5102 00c1 00       		.byte	0
 5103 00c2 00       		.byte	0
 5104 00c3 0F       		.uleb128 0xf
 5105 00c4 16       		.uleb128 0x16
 5106 00c5 00       		.byte	0
 5107 00c6 03       		.uleb128 0x3
 5108 00c7 0E       		.uleb128 0xe
 5109 00c8 3A       		.uleb128 0x3a
 5110 00c9 0B       		.uleb128 0xb
 5111 00ca 3B       		.uleb128 0x3b
 5112 00cb 05       		.uleb128 0x5
 5113 00cc 39       		.uleb128 0x39
 5114 00cd 0B       		.uleb128 0xb
 5115 00ce 49       		.uleb128 0x49
 5116 00cf 13       		.uleb128 0x13
 5117 00d0 00       		.byte	0
 5118 00d1 00       		.byte	0
 5119 00d2 10       		.uleb128 0x10
 5120 00d3 0D       		.uleb128 0xd
 5121 00d4 00       		.byte	0
 5122 00d5 03       		.uleb128 0x3
 5123 00d6 0E       		.uleb128 0xe
 5124 00d7 3A       		.uleb128 0x3a
 5125 00d8 21       		.uleb128 0x21
 5126 00d9 0F       		.sleb128 15
 5127 00da 3B       		.uleb128 0x3b
 5128 00db 05       		.uleb128 0x5
 5129 00dc 39       		.uleb128 0x39
 5130 00dd 0B       		.uleb128 0xb
ARM GAS  C:\Users\DEVELO~1\AppData\Local\Temp\ccfSEeL2.s 			page 91


 5131 00de 49       		.uleb128 0x49
 5132 00df 13       		.uleb128 0x13
 5133 00e0 38       		.uleb128 0x38
 5134 00e1 05       		.uleb128 0x5
 5135 00e2 00       		.byte	0
 5136 00e3 00       		.byte	0
 5137 00e4 11       		.uleb128 0x11
 5138 00e5 0D       		.uleb128 0xd
 5139 00e6 00       		.byte	0
 5140 00e7 03       		.uleb128 0x3
 5141 00e8 0E       		.uleb128 0xe
 5142 00e9 3A       		.uleb128 0x3a
 5143 00ea 0B       		.uleb128 0xb
 5144 00eb 3B       		.uleb128 0x3b
 5145 00ec 0B       		.uleb128 0xb
 5146 00ed 39       		.uleb128 0x39
 5147 00ee 0B       		.uleb128 0xb
 5148 00ef 49       		.uleb128 0x49
 5149 00f0 13       		.uleb128 0x13
 5150 00f1 00       		.byte	0
 5151 00f2 00       		.byte	0
 5152 00f3 12       		.uleb128 0x12
 5153 00f4 0D       		.uleb128 0xd
 5154 00f5 00       		.byte	0
 5155 00f6 03       		.uleb128 0x3
 5156 00f7 08       		.uleb128 0x8
 5157 00f8 3A       		.uleb128 0x3a
 5158 00f9 0B       		.uleb128 0xb
 5159 00fa 3B       		.uleb128 0x3b
 5160 00fb 0B       		.uleb128 0xb
 5161 00fc 39       		.uleb128 0x39
 5162 00fd 0B       		.uleb128 0xb
 5163 00fe 49       		.uleb128 0x49
 5164 00ff 13       		.uleb128 0x13
 5165 0100 00       		.byte	0
 5166 0101 00       		.byte	0
 5167 0102 13       		.uleb128 0x13
 5168 0103 05       		.uleb128 0x5
 5169 0104 00       		.byte	0
 5170 0105 03       		.uleb128 0x3
 5171 0106 0E       		.uleb128 0xe
 5172 0107 3A       		.uleb128 0x3a
 5173 0108 0B       		.uleb128 0xb
 5174 0109 3B       		.uleb128 0x3b
 5175 010a 0B       		.uleb128 0xb
 5176 010b 39       		.uleb128 0x39
 5177 010c 0B       		.uleb128 0xb
 5178 010d 49       		.uleb128 0x49
 5179 010e 13       		.uleb128 0x13
 5180 010f 00       		.byte	0
 5181 0110 00       		.byte	0
 5182 0111 14       		.uleb128 0x14
 5183 0112 17       		.uleb128 0x17
 5184 0113 01       		.byte	0x1
 5185 0114 0B       		.uleb128 0xb
 5186 0115 0B       		.uleb128 0xb
 5187 0116 3A       		.uleb128 0x3a
ARM GAS  C:\Users\DEVELO~1\AppData\Local\Temp\ccfSEeL2.s 			page 92


 5188 0117 0B       		.uleb128 0xb
 5189 0118 3B       		.uleb128 0x3b
 5190 0119 0B       		.uleb128 0xb
 5191 011a 39       		.uleb128 0x39
 5192 011b 0B       		.uleb128 0xb
 5193 011c 01       		.uleb128 0x1
 5194 011d 13       		.uleb128 0x13
 5195 011e 00       		.byte	0
 5196 011f 00       		.byte	0
 5197 0120 15       		.uleb128 0x15
 5198 0121 01       		.uleb128 0x1
 5199 0122 01       		.byte	0x1
 5200 0123 49       		.uleb128 0x49
 5201 0124 13       		.uleb128 0x13
 5202 0125 01       		.uleb128 0x1
 5203 0126 13       		.uleb128 0x13
 5204 0127 00       		.byte	0
 5205 0128 00       		.byte	0
 5206 0129 16       		.uleb128 0x16
 5207 012a 21       		.uleb128 0x21
 5208 012b 00       		.byte	0
 5209 012c 49       		.uleb128 0x49
 5210 012d 13       		.uleb128 0x13
 5211 012e 2F       		.uleb128 0x2f
 5212 012f 0B       		.uleb128 0xb
 5213 0130 00       		.byte	0
 5214 0131 00       		.byte	0
 5215 0132 17       		.uleb128 0x17
 5216 0133 13       		.uleb128 0x13
 5217 0134 01       		.byte	0x1
 5218 0135 0B       		.uleb128 0xb
 5219 0136 0B       		.uleb128 0xb
 5220 0137 3A       		.uleb128 0x3a
 5221 0138 0B       		.uleb128 0xb
 5222 0139 3B       		.uleb128 0x3b
 5223 013a 05       		.uleb128 0x5
 5224 013b 39       		.uleb128 0x39
 5225 013c 21       		.uleb128 0x21
 5226 013d 09       		.sleb128 9
 5227 013e 01       		.uleb128 0x1
 5228 013f 13       		.uleb128 0x13
 5229 0140 00       		.byte	0
 5230 0141 00       		.byte	0
 5231 0142 18       		.uleb128 0x18
 5232 0143 0D       		.uleb128 0xd
 5233 0144 00       		.byte	0
 5234 0145 03       		.uleb128 0x3
 5235 0146 0E       		.uleb128 0xe
 5236 0147 3A       		.uleb128 0x3a
 5237 0148 21       		.uleb128 0x21
 5238 0149 09       		.sleb128 9
 5239 014a 3B       		.uleb128 0x3b
 5240 014b 05       		.uleb128 0x5
 5241 014c 39       		.uleb128 0x39
 5242 014d 0B       		.uleb128 0xb
 5243 014e 49       		.uleb128 0x49
 5244 014f 13       		.uleb128 0x13
ARM GAS  C:\Users\DEVELO~1\AppData\Local\Temp\ccfSEeL2.s 			page 93


 5245 0150 00       		.byte	0
 5246 0151 00       		.byte	0
 5247 0152 19       		.uleb128 0x19
 5248 0153 35       		.uleb128 0x35
 5249 0154 00       		.byte	0
 5250 0155 49       		.uleb128 0x49
 5251 0156 13       		.uleb128 0x13
 5252 0157 00       		.byte	0
 5253 0158 00       		.byte	0
 5254 0159 1A       		.uleb128 0x1a
 5255 015a 13       		.uleb128 0x13
 5256 015b 01       		.byte	0x1
 5257 015c 03       		.uleb128 0x3
 5258 015d 0E       		.uleb128 0xe
 5259 015e 0B       		.uleb128 0xb
 5260 015f 0B       		.uleb128 0xb
 5261 0160 3A       		.uleb128 0x3a
 5262 0161 0B       		.uleb128 0xb
 5263 0162 3B       		.uleb128 0x3b
 5264 0163 05       		.uleb128 0x5
 5265 0164 39       		.uleb128 0x39
 5266 0165 0B       		.uleb128 0xb
 5267 0166 01       		.uleb128 0x1
 5268 0167 13       		.uleb128 0x13
 5269 0168 00       		.byte	0
 5270 0169 00       		.byte	0
 5271 016a 1B       		.uleb128 0x1b
 5272 016b 15       		.uleb128 0x15
 5273 016c 01       		.byte	0x1
 5274 016d 27       		.uleb128 0x27
 5275 016e 19       		.uleb128 0x19
 5276 016f 49       		.uleb128 0x49
 5277 0170 13       		.uleb128 0x13
 5278 0171 01       		.uleb128 0x1
 5279 0172 13       		.uleb128 0x13
 5280 0173 00       		.byte	0
 5281 0174 00       		.byte	0
 5282 0175 1C       		.uleb128 0x1c
 5283 0176 0D       		.uleb128 0xd
 5284 0177 00       		.byte	0
 5285 0178 03       		.uleb128 0x3
 5286 0179 0E       		.uleb128 0xe
 5287 017a 3A       		.uleb128 0x3a
 5288 017b 21       		.uleb128 0x21
 5289 017c 0E       		.sleb128 14
 5290 017d 3B       		.uleb128 0x3b
 5291 017e 0B       		.uleb128 0xb
 5292 017f 39       		.uleb128 0x39
 5293 0180 21       		.uleb128 0x21
 5294 0181 19       		.sleb128 25
 5295 0182 49       		.uleb128 0x49
 5296 0183 13       		.uleb128 0x13
 5297 0184 0D       		.uleb128 0xd
 5298 0185 0B       		.uleb128 0xb
 5299 0186 6B       		.uleb128 0x6b
 5300 0187 0B       		.uleb128 0xb
 5301 0188 00       		.byte	0
ARM GAS  C:\Users\DEVELO~1\AppData\Local\Temp\ccfSEeL2.s 			page 94


 5302 0189 00       		.byte	0
 5303 018a 1D       		.uleb128 0x1d
 5304 018b 04       		.uleb128 0x4
 5305 018c 01       		.byte	0x1
 5306 018d 3E       		.uleb128 0x3e
 5307 018e 21       		.uleb128 0x21
 5308 018f 07       		.sleb128 7
 5309 0190 0B       		.uleb128 0xb
 5310 0191 21       		.uleb128 0x21
 5311 0192 01       		.sleb128 1
 5312 0193 49       		.uleb128 0x49
 5313 0194 13       		.uleb128 0x13
 5314 0195 3A       		.uleb128 0x3a
 5315 0196 0B       		.uleb128 0xb
 5316 0197 3B       		.uleb128 0x3b
 5317 0198 0B       		.uleb128 0xb
 5318 0199 39       		.uleb128 0x39
 5319 019a 21       		.uleb128 0x21
 5320 019b 0E       		.sleb128 14
 5321 019c 01       		.uleb128 0x1
 5322 019d 13       		.uleb128 0x13
 5323 019e 00       		.byte	0
 5324 019f 00       		.byte	0
 5325 01a0 1E       		.uleb128 0x1e
 5326 01a1 13       		.uleb128 0x13
 5327 01a2 01       		.byte	0x1
 5328 01a3 0B       		.uleb128 0xb
 5329 01a4 05       		.uleb128 0x5
 5330 01a5 3A       		.uleb128 0x3a
 5331 01a6 0B       		.uleb128 0xb
 5332 01a7 3B       		.uleb128 0x3b
 5333 01a8 0B       		.uleb128 0xb
 5334 01a9 39       		.uleb128 0x39
 5335 01aa 21       		.uleb128 0x21
 5336 01ab 09       		.sleb128 9
 5337 01ac 01       		.uleb128 0x1
 5338 01ad 13       		.uleb128 0x13
 5339 01ae 00       		.byte	0
 5340 01af 00       		.byte	0
 5341 01b0 1F       		.uleb128 0x1f
 5342 01b1 13       		.uleb128 0x13
 5343 01b2 01       		.byte	0x1
 5344 01b3 0B       		.uleb128 0xb
 5345 01b4 05       		.uleb128 0x5
 5346 01b5 3A       		.uleb128 0x3a
 5347 01b6 21       		.uleb128 0x21
 5348 01b7 0F       		.sleb128 15
 5349 01b8 3B       		.uleb128 0x3b
 5350 01b9 05       		.uleb128 0x5
 5351 01ba 39       		.uleb128 0x39
 5352 01bb 21       		.uleb128 0x21
 5353 01bc 09       		.sleb128 9
 5354 01bd 01       		.uleb128 0x1
 5355 01be 13       		.uleb128 0x13
 5356 01bf 00       		.byte	0
 5357 01c0 00       		.byte	0
 5358 01c1 20       		.uleb128 0x20
ARM GAS  C:\Users\DEVELO~1\AppData\Local\Temp\ccfSEeL2.s 			page 95


 5359 01c2 2E       		.uleb128 0x2e
 5360 01c3 01       		.byte	0x1
 5361 01c4 3F       		.uleb128 0x3f
 5362 01c5 19       		.uleb128 0x19
 5363 01c6 03       		.uleb128 0x3
 5364 01c7 0E       		.uleb128 0xe
 5365 01c8 3A       		.uleb128 0x3a
 5366 01c9 21       		.uleb128 0x21
 5367 01ca 01       		.sleb128 1
 5368 01cb 3B       		.uleb128 0x3b
 5369 01cc 0B       		.uleb128 0xb
 5370 01cd 39       		.uleb128 0x39
 5371 01ce 21       		.uleb128 0x21
 5372 01cf 06       		.sleb128 6
 5373 01d0 27       		.uleb128 0x27
 5374 01d1 19       		.uleb128 0x19
 5375 01d2 49       		.uleb128 0x49
 5376 01d3 13       		.uleb128 0x13
 5377 01d4 01       		.uleb128 0x1
 5378 01d5 13       		.uleb128 0x13
 5379 01d6 00       		.byte	0
 5380 01d7 00       		.byte	0
 5381 01d8 21       		.uleb128 0x21
 5382 01d9 2E       		.uleb128 0x2e
 5383 01da 01       		.byte	0x1
 5384 01db 3F       		.uleb128 0x3f
 5385 01dc 19       		.uleb128 0x19
 5386 01dd 03       		.uleb128 0x3
 5387 01de 0E       		.uleb128 0xe
 5388 01df 3A       		.uleb128 0x3a
 5389 01e0 21       		.uleb128 0x21
 5390 01e1 01       		.sleb128 1
 5391 01e2 3B       		.uleb128 0x3b
 5392 01e3 0B       		.uleb128 0xb
 5393 01e4 39       		.uleb128 0x39
 5394 01e5 21       		.uleb128 0x21
 5395 01e6 06       		.sleb128 6
 5396 01e7 27       		.uleb128 0x27
 5397 01e8 19       		.uleb128 0x19
 5398 01e9 49       		.uleb128 0x49
 5399 01ea 13       		.uleb128 0x13
 5400 01eb 20       		.uleb128 0x20
 5401 01ec 21       		.uleb128 0x21
 5402 01ed 01       		.sleb128 1
 5403 01ee 01       		.uleb128 0x1
 5404 01ef 13       		.uleb128 0x13
 5405 01f0 00       		.byte	0
 5406 01f1 00       		.byte	0
 5407 01f2 22       		.uleb128 0x22
 5408 01f3 2E       		.uleb128 0x2e
 5409 01f4 01       		.byte	0x1
 5410 01f5 03       		.uleb128 0x3
 5411 01f6 0E       		.uleb128 0xe
 5412 01f7 3A       		.uleb128 0x3a
 5413 01f8 0B       		.uleb128 0xb
 5414 01f9 3B       		.uleb128 0x3b
 5415 01fa 0B       		.uleb128 0xb
ARM GAS  C:\Users\DEVELO~1\AppData\Local\Temp\ccfSEeL2.s 			page 96


 5416 01fb 39       		.uleb128 0x39
 5417 01fc 0B       		.uleb128 0xb
 5418 01fd 27       		.uleb128 0x27
 5419 01fe 19       		.uleb128 0x19
 5420 01ff 20       		.uleb128 0x20
 5421 0200 0B       		.uleb128 0xb
 5422 0201 01       		.uleb128 0x1
 5423 0202 13       		.uleb128 0x13
 5424 0203 00       		.byte	0
 5425 0204 00       		.byte	0
 5426 0205 23       		.uleb128 0x23
 5427 0206 11       		.uleb128 0x11
 5428 0207 01       		.byte	0x1
 5429 0208 25       		.uleb128 0x25
 5430 0209 0E       		.uleb128 0xe
 5431 020a 13       		.uleb128 0x13
 5432 020b 0B       		.uleb128 0xb
 5433 020c 03       		.uleb128 0x3
 5434 020d 0E       		.uleb128 0xe
 5435 020e 1B       		.uleb128 0x1b
 5436 020f 0E       		.uleb128 0xe
 5437 0210 55       		.uleb128 0x55
 5438 0211 17       		.uleb128 0x17
 5439 0212 11       		.uleb128 0x11
 5440 0213 01       		.uleb128 0x1
 5441 0214 10       		.uleb128 0x10
 5442 0215 17       		.uleb128 0x17
 5443 0216 00       		.byte	0
 5444 0217 00       		.byte	0
 5445 0218 24       		.uleb128 0x24
 5446 0219 24       		.uleb128 0x24
 5447 021a 00       		.byte	0
 5448 021b 0B       		.uleb128 0xb
 5449 021c 0B       		.uleb128 0xb
 5450 021d 3E       		.uleb128 0x3e
 5451 021e 0B       		.uleb128 0xb
 5452 021f 03       		.uleb128 0x3
 5453 0220 08       		.uleb128 0x8
 5454 0221 00       		.byte	0
 5455 0222 00       		.byte	0
 5456 0223 25       		.uleb128 0x25
 5457 0224 13       		.uleb128 0x13
 5458 0225 01       		.byte	0x1
 5459 0226 03       		.uleb128 0x3
 5460 0227 0E       		.uleb128 0xe
 5461 0228 0B       		.uleb128 0xb
 5462 0229 05       		.uleb128 0x5
 5463 022a 3A       		.uleb128 0x3a
 5464 022b 0B       		.uleb128 0xb
 5465 022c 3B       		.uleb128 0x3b
 5466 022d 05       		.uleb128 0x5
 5467 022e 39       		.uleb128 0x39
 5468 022f 0B       		.uleb128 0xb
 5469 0230 01       		.uleb128 0x1
 5470 0231 13       		.uleb128 0x13
 5471 0232 00       		.byte	0
 5472 0233 00       		.byte	0
ARM GAS  C:\Users\DEVELO~1\AppData\Local\Temp\ccfSEeL2.s 			page 97


 5473 0234 26       		.uleb128 0x26
 5474 0235 0F       		.uleb128 0xf
 5475 0236 00       		.byte	0
 5476 0237 0B       		.uleb128 0xb
 5477 0238 0B       		.uleb128 0xb
 5478 0239 00       		.byte	0
 5479 023a 00       		.byte	0
 5480 023b 27       		.uleb128 0x27
 5481 023c 15       		.uleb128 0x15
 5482 023d 01       		.byte	0x1
 5483 023e 27       		.uleb128 0x27
 5484 023f 19       		.uleb128 0x19
 5485 0240 01       		.uleb128 0x1
 5486 0241 13       		.uleb128 0x13
 5487 0242 00       		.byte	0
 5488 0243 00       		.byte	0
 5489 0244 28       		.uleb128 0x28
 5490 0245 0D       		.uleb128 0xd
 5491 0246 00       		.byte	0
 5492 0247 03       		.uleb128 0x3
 5493 0248 0E       		.uleb128 0xe
 5494 0249 3A       		.uleb128 0x3a
 5495 024a 0B       		.uleb128 0xb
 5496 024b 3B       		.uleb128 0x3b
 5497 024c 0B       		.uleb128 0xb
 5498 024d 39       		.uleb128 0x39
 5499 024e 0B       		.uleb128 0xb
 5500 024f 49       		.uleb128 0x49
 5501 0250 13       		.uleb128 0x13
 5502 0251 38       		.uleb128 0x38
 5503 0252 05       		.uleb128 0x5
 5504 0253 00       		.byte	0
 5505 0254 00       		.byte	0
 5506 0255 29       		.uleb128 0x29
 5507 0256 34       		.uleb128 0x34
 5508 0257 00       		.byte	0
 5509 0258 03       		.uleb128 0x3
 5510 0259 0E       		.uleb128 0xe
 5511 025a 3A       		.uleb128 0x3a
 5512 025b 0B       		.uleb128 0xb
 5513 025c 3B       		.uleb128 0x3b
 5514 025d 0B       		.uleb128 0xb
 5515 025e 39       		.uleb128 0x39
 5516 025f 0B       		.uleb128 0xb
 5517 0260 49       		.uleb128 0x49
 5518 0261 13       		.uleb128 0x13
 5519 0262 1C       		.uleb128 0x1c
 5520 0263 03       		.uleb128 0x3
 5521 0264 00       		.byte	0
 5522 0265 00       		.byte	0
 5523 0266 2A       		.uleb128 0x2a
 5524 0267 2E       		.uleb128 0x2e
 5525 0268 00       		.byte	0
 5526 0269 3F       		.uleb128 0x3f
 5527 026a 19       		.uleb128 0x19
 5528 026b 03       		.uleb128 0x3
 5529 026c 0E       		.uleb128 0xe
ARM GAS  C:\Users\DEVELO~1\AppData\Local\Temp\ccfSEeL2.s 			page 98


 5530 026d 3A       		.uleb128 0x3a
 5531 026e 0B       		.uleb128 0xb
 5532 026f 3B       		.uleb128 0x3b
 5533 0270 0B       		.uleb128 0xb
 5534 0271 39       		.uleb128 0x39
 5535 0272 0B       		.uleb128 0xb
 5536 0273 27       		.uleb128 0x27
 5537 0274 19       		.uleb128 0x19
 5538 0275 3C       		.uleb128 0x3c
 5539 0276 19       		.uleb128 0x19
 5540 0277 00       		.byte	0
 5541 0278 00       		.byte	0
 5542 0279 2B       		.uleb128 0x2b
 5543 027a 2E       		.uleb128 0x2e
 5544 027b 00       		.byte	0
 5545 027c 3F       		.uleb128 0x3f
 5546 027d 19       		.uleb128 0x19
 5547 027e 03       		.uleb128 0x3
 5548 027f 0E       		.uleb128 0xe
 5549 0280 3A       		.uleb128 0x3a
 5550 0281 0B       		.uleb128 0xb
 5551 0282 3B       		.uleb128 0x3b
 5552 0283 05       		.uleb128 0x5
 5553 0284 39       		.uleb128 0x39
 5554 0285 0B       		.uleb128 0xb
 5555 0286 27       		.uleb128 0x27
 5556 0287 19       		.uleb128 0x19
 5557 0288 11       		.uleb128 0x11
 5558 0289 01       		.uleb128 0x1
 5559 028a 12       		.uleb128 0x12
 5560 028b 06       		.uleb128 0x6
 5561 028c 40       		.uleb128 0x40
 5562 028d 18       		.uleb128 0x18
 5563 028e 7A       		.uleb128 0x7a
 5564 028f 19       		.uleb128 0x19
 5565 0290 00       		.byte	0
 5566 0291 00       		.byte	0
 5567 0292 2C       		.uleb128 0x2c
 5568 0293 2E       		.uleb128 0x2e
 5569 0294 01       		.byte	0x1
 5570 0295 3F       		.uleb128 0x3f
 5571 0296 19       		.uleb128 0x19
 5572 0297 03       		.uleb128 0x3
 5573 0298 0E       		.uleb128 0xe
 5574 0299 3A       		.uleb128 0x3a
 5575 029a 0B       		.uleb128 0xb
 5576 029b 3B       		.uleb128 0x3b
 5577 029c 0B       		.uleb128 0xb
 5578 029d 39       		.uleb128 0x39
 5579 029e 0B       		.uleb128 0xb
 5580 029f 27       		.uleb128 0x27
 5581 02a0 19       		.uleb128 0x19
 5582 02a1 11       		.uleb128 0x11
 5583 02a2 01       		.uleb128 0x1
 5584 02a3 12       		.uleb128 0x12
 5585 02a4 06       		.uleb128 0x6
 5586 02a5 40       		.uleb128 0x40
ARM GAS  C:\Users\DEVELO~1\AppData\Local\Temp\ccfSEeL2.s 			page 99


 5587 02a6 18       		.uleb128 0x18
 5588 02a7 7A       		.uleb128 0x7a
 5589 02a8 19       		.uleb128 0x19
 5590 02a9 01       		.uleb128 0x1
 5591 02aa 13       		.uleb128 0x13
 5592 02ab 00       		.byte	0
 5593 02ac 00       		.byte	0
 5594 02ad 2D       		.uleb128 0x2d
 5595 02ae 1D       		.uleb128 0x1d
 5596 02af 01       		.byte	0x1
 5597 02b0 31       		.uleb128 0x31
 5598 02b1 13       		.uleb128 0x13
 5599 02b2 52       		.uleb128 0x52
 5600 02b3 01       		.uleb128 0x1
 5601 02b4 B842     		.uleb128 0x2138
 5602 02b6 0B       		.uleb128 0xb
 5603 02b7 11       		.uleb128 0x11
 5604 02b8 01       		.uleb128 0x1
 5605 02b9 12       		.uleb128 0x12
 5606 02ba 06       		.uleb128 0x6
 5607 02bb 58       		.uleb128 0x58
 5608 02bc 0B       		.uleb128 0xb
 5609 02bd 59       		.uleb128 0x59
 5610 02be 0B       		.uleb128 0xb
 5611 02bf 57       		.uleb128 0x57
 5612 02c0 0B       		.uleb128 0xb
 5613 02c1 01       		.uleb128 0x1
 5614 02c2 13       		.uleb128 0x13
 5615 02c3 00       		.byte	0
 5616 02c4 00       		.byte	0
 5617 02c5 2E       		.uleb128 0x2e
 5618 02c6 1D       		.uleb128 0x1d
 5619 02c7 01       		.byte	0x1
 5620 02c8 31       		.uleb128 0x31
 5621 02c9 13       		.uleb128 0x13
 5622 02ca 52       		.uleb128 0x52
 5623 02cb 01       		.uleb128 0x1
 5624 02cc B842     		.uleb128 0x2138
 5625 02ce 0B       		.uleb128 0xb
 5626 02cf 11       		.uleb128 0x11
 5627 02d0 01       		.uleb128 0x1
 5628 02d1 12       		.uleb128 0x12
 5629 02d2 06       		.uleb128 0x6
 5630 02d3 58       		.uleb128 0x58
 5631 02d4 0B       		.uleb128 0xb
 5632 02d5 59       		.uleb128 0x59
 5633 02d6 0B       		.uleb128 0xb
 5634 02d7 57       		.uleb128 0x57
 5635 02d8 0B       		.uleb128 0xb
 5636 02d9 00       		.byte	0
 5637 02da 00       		.byte	0
 5638 02db 2F       		.uleb128 0x2f
 5639 02dc 48       		.uleb128 0x48
 5640 02dd 00       		.byte	0
 5641 02de 7D       		.uleb128 0x7d
 5642 02df 01       		.uleb128 0x1
 5643 02e0 8201     		.uleb128 0x82
ARM GAS  C:\Users\DEVELO~1\AppData\Local\Temp\ccfSEeL2.s 			page 100


 5644 02e2 19       		.uleb128 0x19
 5645 02e3 7F       		.uleb128 0x7f
 5646 02e4 13       		.uleb128 0x13
 5647 02e5 00       		.byte	0
 5648 02e6 00       		.byte	0
 5649 02e7 30       		.uleb128 0x30
 5650 02e8 2E       		.uleb128 0x2e
 5651 02e9 00       		.byte	0
 5652 02ea 03       		.uleb128 0x3
 5653 02eb 0E       		.uleb128 0xe
 5654 02ec 3A       		.uleb128 0x3a
 5655 02ed 0B       		.uleb128 0xb
 5656 02ee 3B       		.uleb128 0x3b
 5657 02ef 0B       		.uleb128 0xb
 5658 02f0 39       		.uleb128 0x39
 5659 02f1 0B       		.uleb128 0xb
 5660 02f2 27       		.uleb128 0x27
 5661 02f3 19       		.uleb128 0x19
 5662 02f4 20       		.uleb128 0x20
 5663 02f5 0B       		.uleb128 0xb
 5664 02f6 00       		.byte	0
 5665 02f7 00       		.byte	0
 5666 02f8 31       		.uleb128 0x31
 5667 02f9 2E       		.uleb128 0x2e
 5668 02fa 01       		.byte	0x1
 5669 02fb 03       		.uleb128 0x3
 5670 02fc 0E       		.uleb128 0xe
 5671 02fd 3A       		.uleb128 0x3a
 5672 02fe 0B       		.uleb128 0xb
 5673 02ff 3B       		.uleb128 0x3b
 5674 0300 05       		.uleb128 0x5
 5675 0301 39       		.uleb128 0x39
 5676 0302 0B       		.uleb128 0xb
 5677 0303 27       		.uleb128 0x27
 5678 0304 19       		.uleb128 0x19
 5679 0305 20       		.uleb128 0x20
 5680 0306 0B       		.uleb128 0xb
 5681 0307 01       		.uleb128 0x1
 5682 0308 13       		.uleb128 0x13
 5683 0309 00       		.byte	0
 5684 030a 00       		.byte	0
 5685 030b 32       		.uleb128 0x32
 5686 030c 05       		.uleb128 0x5
 5687 030d 00       		.byte	0
 5688 030e 03       		.uleb128 0x3
 5689 030f 0E       		.uleb128 0xe
 5690 0310 3A       		.uleb128 0x3a
 5691 0311 0B       		.uleb128 0xb
 5692 0312 3B       		.uleb128 0x3b
 5693 0313 05       		.uleb128 0x5
 5694 0314 39       		.uleb128 0x39
 5695 0315 0B       		.uleb128 0xb
 5696 0316 49       		.uleb128 0x49
 5697 0317 13       		.uleb128 0x13
 5698 0318 00       		.byte	0
 5699 0319 00       		.byte	0
 5700 031a 33       		.uleb128 0x33
ARM GAS  C:\Users\DEVELO~1\AppData\Local\Temp\ccfSEeL2.s 			page 101


 5701 031b 05       		.uleb128 0x5
 5702 031c 00       		.byte	0
 5703 031d 03       		.uleb128 0x3
 5704 031e 08       		.uleb128 0x8
 5705 031f 3A       		.uleb128 0x3a
 5706 0320 0B       		.uleb128 0xb
 5707 0321 3B       		.uleb128 0x3b
 5708 0322 05       		.uleb128 0x5
 5709 0323 39       		.uleb128 0x39
 5710 0324 0B       		.uleb128 0xb
 5711 0325 49       		.uleb128 0x49
 5712 0326 13       		.uleb128 0x13
 5713 0327 00       		.byte	0
 5714 0328 00       		.byte	0
 5715 0329 34       		.uleb128 0x34
 5716 032a 2E       		.uleb128 0x2e
 5717 032b 01       		.byte	0x1
 5718 032c 31       		.uleb128 0x31
 5719 032d 13       		.uleb128 0x13
 5720 032e 11       		.uleb128 0x11
 5721 032f 01       		.uleb128 0x1
 5722 0330 12       		.uleb128 0x12
 5723 0331 06       		.uleb128 0x6
 5724 0332 40       		.uleb128 0x40
 5725 0333 18       		.uleb128 0x18
 5726 0334 7A       		.uleb128 0x7a
 5727 0335 19       		.uleb128 0x19
 5728 0336 01       		.uleb128 0x1
 5729 0337 13       		.uleb128 0x13
 5730 0338 00       		.byte	0
 5731 0339 00       		.byte	0
 5732 033a 35       		.uleb128 0x35
 5733 033b 2E       		.uleb128 0x2e
 5734 033c 01       		.byte	0x1
 5735 033d 31       		.uleb128 0x31
 5736 033e 13       		.uleb128 0x13
 5737 033f 11       		.uleb128 0x11
 5738 0340 01       		.uleb128 0x1
 5739 0341 12       		.uleb128 0x12
 5740 0342 06       		.uleb128 0x6
 5741 0343 40       		.uleb128 0x40
 5742 0344 18       		.uleb128 0x18
 5743 0345 7A       		.uleb128 0x7a
 5744 0346 19       		.uleb128 0x19
 5745 0347 00       		.byte	0
 5746 0348 00       		.byte	0
 5747 0349 00       		.byte	0
 5748              		.section	.debug_loclists,"",%progbits
 5749 0000 C6010000 		.4byte	.Ldebug_loc3-.Ldebug_loc2
 5750              	.Ldebug_loc2:
 5751 0004 0500     		.2byte	0x5
 5752 0006 04       		.byte	0x4
 5753 0007 00       		.byte	0
 5754 0008 00000000 		.4byte	0
 5755              	.Ldebug_loc0:
 5756              	.LVUS2:
 5757 000c 04       		.uleb128 .LVU4
ARM GAS  C:\Users\DEVELO~1\AppData\Local\Temp\ccfSEeL2.s 			page 102


 5758 000d 00       		.uleb128 .LVU18
 5759              	.LLST2:
 5760 000e 08       		.byte	0x8
 5761 000f 00000000 		.4byte	.LVL0
 5762 0013 28       		.uleb128 .LVL1-.LVL0
 5763 0014 04       		.uleb128 0x4
 5764 0015 0A       		.byte	0xa
 5765 0016 FF07     		.2byte	0x7ff
 5766 0018 9F       		.byte	0x9f
 5767 0019 00       		.byte	0
 5768              	.LVUS4:
 5769 001a 02       		.uleb128 .LVU33
 5770 001b 00       		.uleb128 .LVU49
 5771              	.LLST4:
 5772 001c 08       		.byte	0x8
 5773 001d 44000000 		.4byte	.LVL2
 5774 0021 1A       		.uleb128 .LVL3-.LVL2
 5775 0022 06       		.uleb128 0x6
 5776 0023 A0       		.byte	0xa0
 5777 0024 D5190000 		.4byte	.Ldebug_info0+6613
 5778 0028 00       		.sleb128 0
 5779 0029 00       		.byte	0
 5780              	.LVUS5:
 5781 002a 02       		.uleb128 .LVU33
 5782 002b 00       		.uleb128 .LVU49
 5783              	.LLST5:
 5784 002c 08       		.byte	0x8
 5785 002d 44000000 		.4byte	.LVL2
 5786 0031 1A       		.uleb128 .LVL3-.LVL2
 5787 0032 06       		.uleb128 0x6
 5788 0033 0C       		.byte	0xc
 5789 0034 00000258 		.4byte	0x58020000
 5790 0038 9F       		.byte	0x9f
 5791 0039 00       		.byte	0
 5792              	.LVUS7:
 5793 003a 02       		.uleb128 .LVU20
 5794 003b 00       		.uleb128 .LVU31
 5795              	.LLST7:
 5796 003c 08       		.byte	0x8
 5797 003d 28000000 		.4byte	.LVL1
 5798 0041 1C       		.uleb128 .LVL2-.LVL1
 5799 0042 02       		.uleb128 0x2
 5800 0043 31       		.byte	0x31
 5801 0044 9F       		.byte	0x9f
 5802 0045 00       		.byte	0
 5803              	.LVUS8:
 5804 0046 02       		.uleb128 .LVU20
 5805 0047 00       		.uleb128 .LVU31
 5806              	.LLST8:
 5807 0048 08       		.byte	0x8
 5808 0049 28000000 		.4byte	.LVL1
 5809 004d 1C       		.uleb128 .LVL2-.LVL1
 5810 004e 04       		.uleb128 0x4
 5811 004f 0A       		.byte	0xa
 5812 0050 FF07     		.2byte	0x7ff
 5813 0052 9F       		.byte	0x9f
 5814 0053 00       		.byte	0
ARM GAS  C:\Users\DEVELO~1\AppData\Local\Temp\ccfSEeL2.s 			page 103


 5815              	.LVUS10:
 5816 0054 02       		.uleb128 .LVU51
 5817 0055 00       		.uleb128 .LVU67
 5818              	.LLST10:
 5819 0056 08       		.byte	0x8
 5820 0057 5E000000 		.4byte	.LVL3
 5821 005b 20       		.uleb128 .LVL4-.LVL3
 5822 005c 06       		.uleb128 0x6
 5823 005d A0       		.byte	0xa0
 5824 005e D5190000 		.4byte	.Ldebug_info0+6613
 5825 0062 1C       		.sleb128 28
 5826 0063 00       		.byte	0
 5827              	.LVUS11:
 5828 0064 02       		.uleb128 .LVU51
 5829 0065 00       		.uleb128 .LVU67
 5830              	.LLST11:
 5831 0066 08       		.byte	0x8
 5832 0067 5E000000 		.4byte	.LVL3
 5833 006b 20       		.uleb128 .LVL4-.LVL3
 5834 006c 06       		.uleb128 0x6
 5835 006d 0C       		.byte	0xc
 5836 006e 00040258 		.4byte	0x58020400
 5837 0072 9F       		.byte	0x9f
 5838 0073 00       		.byte	0
 5839              	.LVUS13:
 5840 0074 02       		.uleb128 .LVU130
 5841 0075 00       		.uleb128 .LVU152
 5842              	.LLST13:
 5843 0076 08       		.byte	0x8
 5844 0077 E8000000 		.4byte	.LVL7
 5845 007b 34       		.uleb128 .LVL8-.LVL7
 5846 007c 07       		.uleb128 0x7
 5847 007d A0       		.byte	0xa0
 5848 007e D5190000 		.4byte	.Ldebug_info0+6613
 5849 0082 8C01     		.sleb128 140
 5850 0084 00       		.byte	0
 5851              	.LVUS14:
 5852 0085 02       		.uleb128 .LVU130
 5853 0086 00       		.uleb128 .LVU152
 5854              	.LLST14:
 5855 0087 08       		.byte	0x8
 5856 0088 E8000000 		.4byte	.LVL7
 5857 008c 34       		.uleb128 .LVL8-.LVL7
 5858 008d 06       		.uleb128 0x6
 5859 008e 0C       		.byte	0xc
 5860 008f 00140258 		.4byte	0x58021400
 5861 0093 9F       		.byte	0x9f
 5862 0094 00       		.byte	0
 5863              	.LVUS16:
 5864 0095 02       		.uleb128 .LVU69
 5865 0096 00       		.uleb128 .LVU88
 5866              	.LLST16:
 5867 0097 08       		.byte	0x8
 5868 0098 7E000000 		.4byte	.LVL4
 5869 009c 26       		.uleb128 .LVL5-.LVL4
 5870 009d 06       		.uleb128 0x6
 5871 009e A0       		.byte	0xa0
ARM GAS  C:\Users\DEVELO~1\AppData\Local\Temp\ccfSEeL2.s 			page 104


 5872 009f D5190000 		.4byte	.Ldebug_info0+6613
 5873 00a3 38       		.sleb128 56
 5874 00a4 00       		.byte	0
 5875              	.LVUS17:
 5876 00a5 02       		.uleb128 .LVU69
 5877 00a6 00       		.uleb128 .LVU88
 5878              	.LLST17:
 5879 00a7 08       		.byte	0x8
 5880 00a8 7E000000 		.4byte	.LVL4
 5881 00ac 26       		.uleb128 .LVL5-.LVL4
 5882 00ad 06       		.uleb128 0x6
 5883 00ae 0C       		.byte	0xc
 5884 00af 00080258 		.4byte	0x58020800
 5885 00b3 9F       		.byte	0x9f
 5886 00b4 00       		.byte	0
 5887              	.LVUS19:
 5888 00b5 02       		.uleb128 .LVU90
 5889 00b6 00       		.uleb128 .LVU108
 5890              	.LLST19:
 5891 00b7 08       		.byte	0x8
 5892 00b8 A4000000 		.4byte	.LVL5
 5893 00bc 1C       		.uleb128 .LVL6-.LVL5
 5894 00bd 07       		.uleb128 0x7
 5895 00be A0       		.byte	0xa0
 5896 00bf D5190000 		.4byte	.Ldebug_info0+6613
 5897 00c3 D400     		.sleb128 84
 5898 00c5 00       		.byte	0
 5899              	.LVUS20:
 5900 00c6 02       		.uleb128 .LVU90
 5901 00c7 00       		.uleb128 .LVU108
 5902              	.LLST20:
 5903 00c8 08       		.byte	0x8
 5904 00c9 A4000000 		.4byte	.LVL5
 5905 00cd 1C       		.uleb128 .LVL6-.LVL5
 5906 00ce 06       		.uleb128 0x6
 5907 00cf 0C       		.byte	0xc
 5908 00d0 000C0258 		.4byte	0x58020c00
 5909 00d4 9F       		.byte	0x9f
 5910 00d5 00       		.byte	0
 5911              	.LVUS21:
 5912 00d6 02       		.uleb128 .LVU110
 5913 00d7 00       		.uleb128 .LVU128
 5914              	.LLST21:
 5915 00d8 08       		.byte	0x8
 5916 00d9 C0000000 		.4byte	.LVL6
 5917 00dd 28       		.uleb128 .LVL7-.LVL6
 5918 00de 07       		.uleb128 0x7
 5919 00df A0       		.byte	0xa0
 5920 00e0 D5190000 		.4byte	.Ldebug_info0+6613
 5921 00e4 F000     		.sleb128 112
 5922 00e6 00       		.byte	0
 5923              	.LVUS22:
 5924 00e7 02       		.uleb128 .LVU110
 5925 00e8 00       		.uleb128 .LVU128
 5926              	.LLST22:
 5927 00e9 08       		.byte	0x8
 5928 00ea C0000000 		.4byte	.LVL6
ARM GAS  C:\Users\DEVELO~1\AppData\Local\Temp\ccfSEeL2.s 			page 105


 5929 00ee 28       		.uleb128 .LVL7-.LVL6
 5930 00ef 06       		.uleb128 0x6
 5931 00f0 0C       		.byte	0xc
 5932 00f1 00100258 		.4byte	0x58021000
 5933 00f5 9F       		.byte	0x9f
 5934 00f6 00       		.byte	0
 5935              	.LVUS24:
 5936 00f7 02       		.uleb128 .LVU154
 5937 00f8 00       		.uleb128 .LVU172
 5938              	.LLST24:
 5939 00f9 08       		.byte	0x8
 5940 00fa 1C010000 		.4byte	.LVL8
 5941 00fe 28       		.uleb128 .LVL9-.LVL8
 5942 00ff 07       		.uleb128 0x7
 5943 0100 A0       		.byte	0xa0
 5944 0101 D5190000 		.4byte	.Ldebug_info0+6613
 5945 0105 A801     		.sleb128 168
 5946 0107 00       		.byte	0
 5947              	.LVUS25:
 5948 0108 02       		.uleb128 .LVU154
 5949 0109 00       		.uleb128 .LVU172
 5950              	.LLST25:
 5951 010a 08       		.byte	0x8
 5952 010b 1C010000 		.4byte	.LVL8
 5953 010f 28       		.uleb128 .LVL9-.LVL8
 5954 0110 06       		.uleb128 0x6
 5955 0111 0C       		.byte	0xc
 5956 0112 00180258 		.4byte	0x58021800
 5957 0116 9F       		.byte	0x9f
 5958 0117 00       		.byte	0
 5959              	.LVUS27:
 5960 0118 02       		.uleb128 .LVU174
 5961 0119 00       		.uleb128 .LVU193
 5962              	.LLST27:
 5963 011a 08       		.byte	0x8
 5964 011b 44010000 		.4byte	.LVL9
 5965 011f 16       		.uleb128 .LVL10-.LVL9
 5966 0120 07       		.uleb128 0x7
 5967 0121 A0       		.byte	0xa0
 5968 0122 D5190000 		.4byte	.Ldebug_info0+6613
 5969 0126 C401     		.sleb128 196
 5970 0128 00       		.byte	0
 5971              	.LVUS28:
 5972 0129 02       		.uleb128 .LVU174
 5973 012a 00       		.uleb128 .LVU193
 5974              	.LLST28:
 5975 012b 08       		.byte	0x8
 5976 012c 44010000 		.4byte	.LVL9
 5977 0130 16       		.uleb128 .LVL10-.LVL9
 5978 0131 06       		.uleb128 0x6
 5979 0132 0C       		.byte	0xc
 5980 0133 001C0258 		.4byte	0x58021c00
 5981 0137 9F       		.byte	0x9f
 5982 0138 00       		.byte	0
 5983              	.LVUS30:
 5984 0139 02       		.uleb128 .LVU195
 5985 013a 00       		.uleb128 .LVU214
ARM GAS  C:\Users\DEVELO~1\AppData\Local\Temp\ccfSEeL2.s 			page 106


 5986              	.LLST30:
 5987 013b 08       		.byte	0x8
 5988 013c 5A010000 		.4byte	.LVL10
 5989 0140 20       		.uleb128 .LVL11-.LVL10
 5990 0141 07       		.uleb128 0x7
 5991 0142 A0       		.byte	0xa0
 5992 0143 D5190000 		.4byte	.Ldebug_info0+6613
 5993 0147 E001     		.sleb128 224
 5994 0149 00       		.byte	0
 5995              	.LVUS31:
 5996 014a 02       		.uleb128 .LVU195
 5997 014b 00       		.uleb128 .LVU214
 5998              	.LLST31:
 5999 014c 08       		.byte	0x8
 6000 014d 5A010000 		.4byte	.LVL10
 6001 0151 20       		.uleb128 .LVL11-.LVL10
 6002 0152 06       		.uleb128 0x6
 6003 0153 0C       		.byte	0xc
 6004 0154 00200258 		.4byte	0x58022000
 6005 0158 9F       		.byte	0x9f
 6006 0159 00       		.byte	0
 6007              	.LVUS33:
 6008 015a 02       		.uleb128 .LVU216
 6009 015b 00       		.uleb128 .LVU231
 6010              	.LLST33:
 6011 015c 08       		.byte	0x8
 6012 015d 7A010000 		.4byte	.LVL11
 6013 0161 1C       		.uleb128 .LVL12-.LVL11
 6014 0162 07       		.uleb128 0x7
 6015 0163 A0       		.byte	0xa0
 6016 0164 D5190000 		.4byte	.Ldebug_info0+6613
 6017 0168 FC01     		.sleb128 252
 6018 016a 00       		.byte	0
 6019              	.LVUS34:
 6020 016b 02       		.uleb128 .LVU216
 6021 016c 00       		.uleb128 .LVU231
 6022              	.LLST34:
 6023 016d 08       		.byte	0x8
 6024 016e 7A010000 		.4byte	.LVL11
 6025 0172 1C       		.uleb128 .LVL12-.LVL11
 6026 0173 06       		.uleb128 0x6
 6027 0174 0C       		.byte	0xc
 6028 0175 00240258 		.4byte	0x58022400
 6029 0179 9F       		.byte	0x9f
 6030 017a 00       		.byte	0
 6031              	.LVUS35:
 6032 017b 02       		.uleb128 .LVU233
 6033 017c 00       		.uleb128 .LVU248
 6034              	.LLST35:
 6035 017d 08       		.byte	0x8
 6036 017e 96010000 		.4byte	.LVL12
 6037 0182 1C       		.uleb128 .LVL13-.LVL12
 6038 0183 07       		.uleb128 0x7
 6039 0184 A0       		.byte	0xa0
 6040 0185 D5190000 		.4byte	.Ldebug_info0+6613
 6041 0189 9802     		.sleb128 280
 6042 018b 00       		.byte	0
ARM GAS  C:\Users\DEVELO~1\AppData\Local\Temp\ccfSEeL2.s 			page 107


 6043              	.LVUS36:
 6044 018c 02       		.uleb128 .LVU233
 6045 018d 00       		.uleb128 .LVU248
 6046              	.LLST36:
 6047 018e 08       		.byte	0x8
 6048 018f 96010000 		.4byte	.LVL12
 6049 0193 1C       		.uleb128 .LVL13-.LVL12
 6050 0194 06       		.uleb128 0x6
 6051 0195 0C       		.byte	0xc
 6052 0196 00280258 		.4byte	0x58022800
 6053 019a 9F       		.byte	0x9f
 6054 019b 00       		.byte	0
 6055              	.LVUS37:
 6056 019c 00       		.uleb128 0
 6057 019d 00       		.uleb128 .LVU256
 6058 019e 00       		.uleb128 .LVU256
 6059 019f 00       		.uleb128 0
 6060              	.LLST37:
 6061 01a0 06       		.byte	0x6
 6062 01a1 00000000 		.4byte	.LVL15
 6063 01a5 04       		.byte	0x4
 6064 01a6 00       		.uleb128 .LVL15-.LVL15
 6065 01a7 02       		.uleb128 .LVL16-.LVL15
 6066 01a8 01       		.uleb128 0x1
 6067 01a9 50       		.byte	0x50
 6068 01aa 04       		.byte	0x4
 6069 01ab 02       		.uleb128 .LVL16-.LVL15
 6070 01ac 04       		.uleb128 .LFE435-.LVL15
 6071 01ad 04       		.uleb128 0x4
 6072 01ae A3       		.byte	0xa3
 6073 01af 01       		.uleb128 0x1
 6074 01b0 50       		.byte	0x50
 6075 01b1 9F       		.byte	0x9f
 6076 01b2 00       		.byte	0
 6077              	.LVUS38:
 6078 01b3 00       		.uleb128 0
 6079 01b4 00       		.uleb128 .LVU261
 6080 01b5 00       		.uleb128 .LVU261
 6081 01b6 00       		.uleb128 0
 6082              	.LLST38:
 6083 01b7 06       		.byte	0x6
 6084 01b8 00000000 		.4byte	.LVL17
 6085 01bc 04       		.byte	0x4
 6086 01bd 00       		.uleb128 .LVL17-.LVL17
 6087 01be 02       		.uleb128 .LVL18-.LVL17
 6088 01bf 01       		.uleb128 0x1
 6089 01c0 50       		.byte	0x50
 6090 01c1 04       		.byte	0x4
 6091 01c2 02       		.uleb128 .LVL18-.LVL17
 6092 01c3 04       		.uleb128 .LFE436-.LVL17
 6093 01c4 04       		.uleb128 0x4
 6094 01c5 A3       		.byte	0xa3
 6095 01c6 01       		.uleb128 0x1
 6096 01c7 50       		.byte	0x50
 6097 01c8 9F       		.byte	0x9f
 6098 01c9 00       		.byte	0
 6099              	.Ldebug_loc3:
ARM GAS  C:\Users\DEVELO~1\AppData\Local\Temp\ccfSEeL2.s 			page 108


 6100              		.section	.debug_aranges,"",%progbits
 6101 0000 34000000 		.4byte	0x34
 6102 0004 0200     		.2byte	0x2
 6103 0006 00000000 		.4byte	.Ldebug_info0
 6104 000a 04       		.byte	0x4
 6105 000b 00       		.byte	0
 6106 000c 0000     		.2byte	0
 6107 000e 0000     		.2byte	0
 6108 0010 00000000 		.4byte	.LFB434
 6109 0014 38020000 		.4byte	.LFE434-.LFB434
 6110 0018 00000000 		.4byte	.LFB435
 6111 001c 04000000 		.4byte	.LFE435-.LFB435
 6112 0020 00000000 		.4byte	.LFB436
 6113 0024 04000000 		.4byte	.LFE436-.LFB436
 6114 0028 00000000 		.4byte	.LFB439
 6115 002c 02000000 		.4byte	.LFE439-.LFB439
 6116 0030 00000000 		.4byte	0
 6117 0034 00000000 		.4byte	0
 6118              		.section	.debug_rnglists,"",%progbits
 6119              	.Ldebug_ranges0:
 6120 0000 E9000000 		.4byte	.Ldebug_ranges3-.Ldebug_ranges2
 6121              	.Ldebug_ranges2:
 6122 0004 0500     		.2byte	0x5
 6123 0006 04       		.byte	0x4
 6124 0007 00       		.byte	0
 6125 0008 00000000 		.4byte	0
 6126              	.LLRL0:
 6127 000c 05       		.byte	0x5
 6128 000d 00000000 		.4byte	.LBB56
 6129 0011 04       		.byte	0x4
 6130 0012 00       		.uleb128 .LBB56-.LBB56
 6131 0013 0E       		.uleb128 .LBE56-.LBB56
 6132 0014 04       		.byte	0x4
 6133 0015 10       		.uleb128 .LBB137-.LBB56
 6134 0016 B203     		.uleb128 .LBE137-.LBB56
 6135 0018 00       		.byte	0
 6136              	.LLRL1:
 6137 0019 05       		.byte	0x5
 6138 001a 00000000 		.4byte	.LBB57
 6139 001e 04       		.byte	0x4
 6140 001f 00       		.uleb128 .LBB57-.LBB57
 6141 0020 06       		.uleb128 .LBE57-.LBB57
 6142 0021 04       		.byte	0x4
 6143 0022 08       		.uleb128 .LBB69-.LBB57
 6144 0023 0E       		.uleb128 .LBE69-.LBB57
 6145 0024 04       		.byte	0x4
 6146 0025 10       		.uleb128 .LBB70-.LBB57
 6147 0026 1A       		.uleb128 .LBE70-.LBB57
 6148 0027 04       		.byte	0x4
 6149 0028 1C       		.uleb128 .LBB72-.LBB57
 6150 0029 1E       		.uleb128 .LBE72-.LBB57
 6151 002a 04       		.byte	0x4
 6152 002b 20       		.uleb128 .LBB74-.LBB57
 6153 002c 28       		.uleb128 .LBE74-.LBB57
 6154 002d 00       		.byte	0
 6155              	.LLRL3:
 6156 002e 05       		.byte	0x5
ARM GAS  C:\Users\DEVELO~1\AppData\Local\Temp\ccfSEeL2.s 			page 109


 6157 002f 06000000 		.4byte	.LBB63
 6158 0033 04       		.byte	0x4
 6159 0034 00       		.uleb128 .LBB63-.LBB63
 6160 0035 02       		.uleb128 .LBE63-.LBB63
 6161 0036 04       		.byte	0x4
 6162 0037 14       		.uleb128 .LBB71-.LBB63
 6163 0038 16       		.uleb128 .LBE71-.LBB63
 6164 0039 04       		.byte	0x4
 6165 003a 18       		.uleb128 .LBB73-.LBB63
 6166 003b 1A       		.uleb128 .LBE73-.LBB63
 6167 003c 04       		.byte	0x4
 6168 003d 3E       		.uleb128 .LBB86-.LBB63
 6169 003e 4C       		.uleb128 .LBE86-.LBB63
 6170 003f 04       		.byte	0x4
 6171 0040 4E       		.uleb128 .LBB92-.LBB63
 6172 0041 58       		.uleb128 .LBE92-.LBB63
 6173 0042 00       		.byte	0
 6174              	.LLRL6:
 6175 0043 05       		.byte	0x5
 6176 0044 28000000 		.4byte	.LBB75
 6177 0048 04       		.byte	0x4
 6178 0049 00       		.uleb128 .LBB75-.LBB75
 6179 004a 10       		.uleb128 .LBE75-.LBB75
 6180 004b 04       		.byte	0x4
 6181 004c 12       		.uleb128 .LBB83-.LBB75
 6182 004d 16       		.uleb128 .LBE83-.LBB75
 6183 004e 04       		.byte	0x4
 6184 004f 18       		.uleb128 .LBB85-.LBB75
 6185 0050 1C       		.uleb128 .LBE85-.LBB75
 6186 0051 00       		.byte	0
 6187              	.LLRL9:
 6188 0052 05       		.byte	0x5
 6189 0053 38000000 		.4byte	.LBB79
 6190 0057 04       		.byte	0x4
 6191 0058 00       		.uleb128 .LBB79-.LBB79
 6192 0059 02       		.uleb128 .LBE79-.LBB79
 6193 005a 04       		.byte	0x4
 6194 005b 06       		.uleb128 .LBB84-.LBB79
 6195 005c 08       		.uleb128 .LBE84-.LBB79
 6196 005d 04       		.byte	0x4
 6197 005e 26       		.uleb128 .LBB93-.LBB79
 6198 005f 46       		.uleb128 .LBE93-.LBB79
 6199 0060 00       		.byte	0
 6200              	.LLRL12:
 6201 0061 05       		.byte	0x5
 6202 0062 52000000 		.4byte	.LBB87
 6203 0066 04       		.byte	0x4
 6204 0067 00       		.uleb128 .LBB87-.LBB87
 6205 0068 02       		.uleb128 .LBE87-.LBB87
 6206 0069 04       		.byte	0x4
 6207 006a 9601     		.uleb128 .LBB104-.LBB87
 6208 006c BA01     		.uleb128 .LBE104-.LBB87
 6209 006e 04       		.byte	0x4
 6210 006f BC01     		.uleb128 .LBB109-.LBB87
 6211 0071 C201     		.uleb128 .LBE109-.LBB87
 6212 0073 04       		.byte	0x4
 6213 0074 C601     		.uleb128 .LBB116-.LBB87
ARM GAS  C:\Users\DEVELO~1\AppData\Local\Temp\ccfSEeL2.s 			page 110


 6214 0076 CA01     		.uleb128 .LBE116-.LBB87
 6215 0078 00       		.byte	0
 6216              	.LLRL15:
 6217 0079 05       		.byte	0x5
 6218 007a 7E000000 		.4byte	.LBB94
 6219 007e 04       		.byte	0x4
 6220 007f 00       		.uleb128 .LBB94-.LBB94
 6221 0080 0C       		.uleb128 .LBE94-.LBB94
 6222 0081 04       		.byte	0x4
 6223 0082 0E       		.uleb128 .LBB100-.LBB94
 6224 0083 26       		.uleb128 .LBE100-.LBB94
 6225 0084 00       		.byte	0
 6226              	.LLRL18:
 6227 0085 05       		.byte	0x5
 6228 0086 8A000000 		.4byte	.LBB97
 6229 008a 04       		.byte	0x4
 6230 008b 00       		.uleb128 .LBB97-.LBB97
 6231 008c 02       		.uleb128 .LBE97-.LBB97
 6232 008d 04       		.byte	0x4
 6233 008e 1A       		.uleb128 .LBB101-.LBB97
 6234 008f 36       		.uleb128 .LBE101-.LBB97
 6235 0090 00       		.byte	0
 6236              	.LLRL23:
 6237 0091 05       		.byte	0x5
 6238 0092 0C010000 		.4byte	.LBB105
 6239 0096 04       		.byte	0x4
 6240 0097 00       		.uleb128 .LBB105-.LBB105
 6241 0098 02       		.uleb128 .LBE105-.LBB105
 6242 0099 04       		.byte	0x4
 6243 009a 10       		.uleb128 .LBB117-.LBB105
 6244 009b 10       		.uleb128 .LBE117-.LBB105
 6245 009c 04       		.byte	0x4
 6246 009d 14       		.uleb128 .LBB119-.LBB105
 6247 009e 38       		.uleb128 .LBE119-.LBB105
 6248 009f 00       		.byte	0
 6249              	.LLRL26:
 6250 00a0 05       		.byte	0x5
 6251 00a1 14010000 		.4byte	.LBB110
 6252 00a5 04       		.byte	0x4
 6253 00a6 00       		.uleb128 .LBB110-.LBB110
 6254 00a7 04       		.uleb128 .LBE110-.LBB110
 6255 00a8 04       		.byte	0x4
 6256 00a9 08       		.uleb128 .LBB118-.LBB110
 6257 00aa 0C       		.uleb128 .LBE118-.LBB110
 6258 00ab 04       		.byte	0x4
 6259 00ac 30       		.uleb128 .LBB120-.LBB110
 6260 00ad 3A       		.uleb128 .LBE120-.LBB110
 6261 00ae 04       		.byte	0x4
 6262 00af 3C       		.uleb128 .LBB126-.LBB110
 6263 00b0 3E       		.uleb128 .LBE126-.LBB110
 6264 00b1 04       		.byte	0x4
 6265 00b2 40       		.uleb128 .LBB128-.LBB110
 6266 00b3 46       		.uleb128 .LBE128-.LBB110
 6267 00b4 00       		.byte	0
 6268              	.LLRL29:
 6269 00b5 05       		.byte	0x5
 6270 00b6 4E010000 		.4byte	.LBB121
ARM GAS  C:\Users\DEVELO~1\AppData\Local\Temp\ccfSEeL2.s 			page 111


 6271 00ba 04       		.byte	0x4
 6272 00bb 00       		.uleb128 .LBB121-.LBB121
 6273 00bc 02       		.uleb128 .LBE121-.LBB121
 6274 00bd 04       		.byte	0x4
 6275 00be 04       		.uleb128 .LBB127-.LBB121
 6276 00bf 06       		.uleb128 .LBE127-.LBB121
 6277 00c0 04       		.byte	0x4
 6278 00c1 0C       		.uleb128 .LBB129-.LBB121
 6279 00c2 0C       		.uleb128 .LBE129-.LBB121
 6280 00c3 04       		.byte	0x4
 6281 00c4 10       		.uleb128 .LBB133-.LBB121
 6282 00c5 2C       		.uleb128 .LBE133-.LBB121
 6283 00c6 00       		.byte	0
 6284              	.LLRL32:
 6285 00c7 05       		.byte	0x5
 6286 00c8 5A010000 		.4byte	.LBB130
 6287 00cc 04       		.byte	0x4
 6288 00cd 00       		.uleb128 .LBB130-.LBB130
 6289 00ce 04       		.uleb128 .LBE130-.LBB130
 6290 00cf 04       		.byte	0x4
 6291 00d0 20       		.uleb128 .LBB134-.LBB130
 6292 00d1 3C       		.uleb128 .LBE134-.LBB130
 6293 00d2 00       		.byte	0
 6294              	.LLRL39:
 6295 00d3 07       		.byte	0x7
 6296 00d4 00000000 		.4byte	.LFB434
 6297 00d8 B804     		.uleb128 .LFE434-.LFB434
 6298 00da 07       		.byte	0x7
 6299 00db 00000000 		.4byte	.LFB435
 6300 00df 04       		.uleb128 .LFE435-.LFB435
 6301 00e0 07       		.byte	0x7
 6302 00e1 00000000 		.4byte	.LFB436
 6303 00e5 04       		.uleb128 .LFE436-.LFB436
 6304 00e6 07       		.byte	0x7
 6305 00e7 00000000 		.4byte	.LFB439
 6306 00eb 02       		.uleb128 .LFE439-.LFB439
 6307 00ec 00       		.byte	0
 6308              	.Ldebug_ranges3:
 6309              		.section	.debug_line,"",%progbits
 6310              	.Ldebug_line0:
 6311 0000 9A080000 		.section	.debug_str,"MS",%progbits,1
 6311      03007F04 
 6311      00000201 
 6311      FB0E0D00 
 6311      01010101 
 6312              	.LASF138:
 6313 0000 41504231 		.ascii	"APB1HRSTR\000"
 6313      48525354 
 6313      5200
 6314              	.LASF11:
 6315 000a 6C6F6E67 		.ascii	"long int\000"
 6315      20696E74 
 6315      00
 6316              	.LASF246:
 6317 0013 424C4B5F 		.ascii	"BLK_SYNCING\000"
 6317      53594E43 
 6317      494E4700 
ARM GAS  C:\Users\DEVELO~1\AppData\Local\Temp\ccfSEeL2.s 			page 112


 6318              	.LASF332:
 6319 001f 50434461 		.ascii	"PCData\000"
 6319      746100
 6320              	.LASF101:
 6321 0026 42444D41 		.ascii	"BDMA_TypeDef\000"
 6321      5F547970 
 6321      65446566 
 6321      00
 6322              	.LASF235:
 6323 0033 62646D61 		.ascii	"bdma\000"
 6323      00
 6324              	.LASF35:
 6325 0038 6E616D65 		.ascii	"name\000"
 6325      00
 6326              	.LASF306:
 6327 003d 63697263 		.ascii	"circular\000"
 6327      756C6172 
 6327      00
 6328              	.LASF206:
 6329 0046 74687265 		.ascii	"thread_reference_t\000"
 6329      61645F72 
 6329      65666572 
 6329      656E6365 
 6329      5F7400
 6330              	.LASF256:
 6331 0059 42535252 		.ascii	"BSRR\000"
 6331      00
 6332              	.LASF203:
 6333 005e 63685F72 		.ascii	"ch_registry\000"
 6333      65676973 
 6333      74727900 
 6334              	.LASF322:
 6335 006a 4D4D4344 		.ascii	"MMCDriver\000"
 6335      72697665 
 6335      7200
 6336              	.LASF161:
 6337 0074 41504232 		.ascii	"APB2LPENR\000"
 6337      4C50454E 
 6337      5200
 6338              	.LASF269:
 6339 007e 63617061 		.ascii	"capacity\000"
 6339      63697479 
 6339      00
 6340              	.LASF58:
 6341 0087 63685F72 		.ascii	"ch_rfcu\000"
 6341      66637500 
 6342              	.LASF139:
 6343 008f 41504232 		.ascii	"APB2RSTR\000"
 6343      52535452 
 6343      00
 6344              	.LASF38:
 6345 0098 666C6167 		.ascii	"flags\000"
 6345      7300
 6346              	.LASF65:
 6347 009e 73797374 		.ascii	"systime_t\000"
 6347      696D655F 
 6347      7400
ARM GAS  C:\Users\DEVELO~1\AppData\Local\Temp\ccfSEeL2.s 			page 113


 6348              	.LASF44:
 6349 00a8 7265616C 		.ascii	"realprio\000"
 6349      7072696F 
 6349      00
 6350              	.LASF89:
 6351 00b1 62756666 		.ascii	"buffer\000"
 6351      657200
 6352              	.LASF119:
 6353 00b8 504C4C33 		.ascii	"PLL3FRACR\000"
 6353      46524143 
 6353      5200
 6354              	.LASF240:
 6355 00c2 424C4B5F 		.ascii	"BLK_ACTIVE\000"
 6355      41435449 
 6355      564500
 6356              	.LASF284:
 6357 00cd 64697363 		.ascii	"disconnect\000"
 6357      6F6E6E65 
 6357      637400
 6358              	.LASF42:
 6359 00d8 6570656E 		.ascii	"epending\000"
 6359      64696E67 
 6359      00
 6360              	.LASF0:
 6361 00e1 756E7369 		.ascii	"unsigned int\000"
 6361      676E6564 
 6361      20696E74 
 6361      00
 6362              	.LASF69:
 6363 00ee 6E657874 		.ascii	"next\000"
 6363      00
 6364              	.LASF19:
 6365 00f3 75696E74 		.ascii	"uint32_t\000"
 6365      33325F74 
 6365      00
 6366              	.LASF87:
 6367 00fc 73757370 		.ascii	"suspended\000"
 6367      656E6465 
 6367      6400
 6368              	.LASF248:
 6369 0106 626C6B5F 		.ascii	"blk_size\000"
 6369      73697A65 
 6369      00
 6370              	.LASF321:
 6371 010f 6D6D635F 		.ascii	"mmc_spi_driver_t\000"
 6371      7370695F 
 6371      64726976 
 6371      65725F74 
 6371      00
 6372              	.LASF110:
 6373 0120 44334346 		.ascii	"D3CFGR\000"
 6373      475200
 6374              	.LASF312:
 6375 0127 63666731 		.ascii	"cfg1\000"
 6375      00
 6376              	.LASF130:
 6377 012c 42444352 		.ascii	"BDCR\000"
ARM GAS  C:\Users\DEVELO~1\AppData\Local\Temp\ccfSEeL2.s 			page 114


 6377      00
 6378              	.LASF319:
 6379 0131 6D6D635F 		.ascii	"mmc_spi_driver_vmt\000"
 6379      7370695F 
 6379      64726976 
 6379      65725F76 
 6379      6D7400
 6380              	.LASF96:
 6381 0144 43504152 		.ascii	"CPAR\000"
 6381      00
 6382              	.LASF39:
 6383 0149 72656673 		.ascii	"refs\000"
 6383      00
 6384              	.LASF166:
 6385 014e 434C4B43 		.ascii	"CLKCR\000"
 6385      5200
 6386              	.LASF278:
 6387 0154 53444343 		.ascii	"SDCConfig\000"
 6387      6F6E6669 
 6387      6700
 6388              	.LASF164:
 6389 015e 5243435F 		.ascii	"RCC_TypeDef\000"
 6389      54797065 
 6389      44656600 
 6390              	.LASF309:
 6391 016a 6572726F 		.ascii	"error_cb\000"
 6391      725F6362 
 6391      00
 6392              	.LASF241:
 6393 0173 424C4B5F 		.ascii	"BLK_CONNECTING\000"
 6393      434F4E4E 
 6393      45435449 
 6393      4E4700
 6394              	.LASF79:
 6395 0182 77746F62 		.ascii	"wtobjp\000"
 6395      6A7000
 6396              	.LASF287:
 6397 0189 73796E63 		.ascii	"sync\000"
 6397      00
 6398              	.LASF50:
 6399 018e 76746C69 		.ascii	"vtlist\000"
 6399      737400
 6400              	.LASF118:
 6401 0195 504C4C33 		.ascii	"PLL3DIVR\000"
 6401      44495652 
 6401      00
 6402              	.LASF197:
 6403 019e 706F7274 		.ascii	"port_context\000"
 6403      5F636F6E 
 6403      74657874 
 6403      00
 6404              	.LASF70:
 6405 01ab 63685F71 		.ascii	"ch_queue_t\000"
 6405      75657565 
 6405      5F7400
 6406              	.LASF349:
 6407 01b6 6770696F 		.ascii	"gpio_init\000"
ARM GAS  C:\Users\DEVELO~1\AppData\Local\Temp\ccfSEeL2.s 			page 115


 6407      5F696E69 
 6407      7400
 6408              	.LASF91:
 6409 01c0 4E445452 		.ascii	"NDTR\000"
 6409      00
 6410              	.LASF353:
 6411 01c5 2E2E2F2E 		.ascii	"../../../os/hal/boards/STM32H743_LQFP176_CUSTOM/boa"
 6411      2E2F2E2E 
 6411      2F6F732F 
 6411      68616C2F 
 6411      626F6172 
 6412 01f8 72642E63 		.ascii	"rd.c\000"
 6412      00
 6413              	.LASF201:
 6414 01fd 6C617374 		.ascii	"laststamp\000"
 6414      7374616D 
 6414      7000
 6415              	.LASF184:
 6416 0207 49505652 		.ascii	"IPVR\000"
 6416      00
 6417              	.LASF215:
 6418 020c 65776D61 		.ascii	"ewmask\000"
 6418      736B00
 6419              	.LASF279:
 6420 0213 53444344 		.ascii	"SDCDriverVMT\000"
 6420      72697665 
 6420      72564D54 
 6420      00
 6421              	.LASF72:
 6422 0220 70726576 		.ascii	"prev\000"
 6422      00
 6423              	.LASF156:
 6424 0225 41484232 		.ascii	"AHB2LPENR\000"
 6424      4C50454E 
 6424      5200
 6425              	.LASF218:
 6426 022f 63685F72 		.ascii	"ch_ready_list\000"
 6426      65616479 
 6426      5F6C6973 
 6426      7400
 6427              	.LASF68:
 6428 023d 63685F6C 		.ascii	"ch_list\000"
 6428      69737400 
 6429              	.LASF295:
 6430 0245 53504944 		.ascii	"SPIDriver\000"
 6430      72697665 
 6430      7200
 6431              	.LASF192:
 6432 024f 52584352 		.ascii	"RXCRC\000"
 6432      4300
 6433              	.LASF238:
 6434 0255 424C4B5F 		.ascii	"BLK_UNINIT\000"
 6434      554E494E 
 6434      495400
 6435              	.LASF148:
 6436 0260 41504233 		.ascii	"APB3ENR\000"
 6436      454E5200 
ARM GAS  C:\Users\DEVELO~1\AppData\Local\Temp\ccfSEeL2.s 			page 116


 6437              	.LASF95:
 6438 0268 434E4454 		.ascii	"CNDTR\000"
 6438      5200
 6439              	.LASF61:
 6440 026e 63685F73 		.ascii	"ch_system_debug\000"
 6440      79737465 
 6440      6D5F6465 
 6440      62756700 
 6441              	.LASF354:
 6442 027e 433A5C50 		.ascii	"C:\\PROJET\\ChibiOS project\\ChibiOS_21.11.4\\demos"
 6442      524F4A45 
 6442      545C4368 
 6442      6962694F 
 6442      53207072 
 6443 02ad 5C53544D 		.ascii	"\\STM32\\RT-STM32H743ZI_REV_XY-NUCLEO144\000"
 6443      33325C52 
 6443      542D5354 
 6443      4D333248 
 6443      3734335A 
 6444              	.LASF314:
 6445 02d4 73706963 		.ascii	"spicb_t\000"
 6445      625F7400 
 6446              	.LASF207:
 6447 02dc 6C697374 		.ascii	"list\000"
 6447      00
 6448              	.LASF24:
 6449 02e1 746D6F64 		.ascii	"tmode_t\000"
 6449      655F7400 
 6450              	.LASF77:
 6451 02e9 63685F64 		.ascii	"ch_delta_list\000"
 6451      656C7461 
 6451      5F6C6973 
 6451      7400
 6452              	.LASF345:
 6453 02f7 73646370 		.ascii	"sdcp\000"
 6453      00
 6454              	.LASF212:
 6455 02fc 73656E74 		.ascii	"sentmsg\000"
 6455      6D736700 
 6456              	.LASF29:
 6457 0304 6576656E 		.ascii	"eventmask_t\000"
 6457      746D6173 
 6457      6B5F7400 
 6458              	.LASF230:
 6459 0310 69666372 		.ascii	"ifcr\000"
 6459      00
 6460              	.LASF324:
 6461 0315 6F747970 		.ascii	"otyper\000"
 6461      657200
 6462              	.LASF86:
 6463 031c 74726163 		.ascii	"trace_event_t\000"
 6463      655F6576 
 6463      656E745F 
 6463      7400
 6464              	.LASF298:
 6465 032a 6D757465 		.ascii	"mutex\000"
 6465      7800
ARM GAS  C:\Users\DEVELO~1\AppData\Local\Temp\ccfSEeL2.s 			page 117


 6466              	.LASF231:
 6467 0330 73686966 		.ascii	"shift\000"
 6467      7400
 6468              	.LASF216:
 6469 0336 63685F73 		.ascii	"ch_semaphore\000"
 6469      656D6170 
 6469      686F7265 
 6469      00
 6470              	.LASF145:
 6471 0343 41484231 		.ascii	"AHB1ENR\000"
 6471      454E5200 
 6472              	.LASF27:
 6473 034b 74707269 		.ascii	"tprio_t\000"
 6473      6F5F7400 
 6474              	.LASF85:
 6475 0353 74696D65 		.ascii	"time\000"
 6475      00
 6476              	.LASF315:
 6477 0358 73706970 		.ascii	"spip\000"
 6477      00
 6478              	.LASF226:
 6479 035d 6F735F69 		.ascii	"os_instance_config_t\000"
 6479      6E737461 
 6479      6E63655F 
 6479      636F6E66 
 6479      69675F74 
 6480              	.LASF81:
 6481 0372 68616C74 		.ascii	"halt\000"
 6481      00
 6482              	.LASF15:
 6483 0377 6C6F6E67 		.ascii	"long long unsigned int\000"
 6483      206C6F6E 
 6483      6720756E 
 6483      7369676E 
 6483      65642069 
 6484              	.LASF270:
 6485 038e 63617264 		.ascii	"cardmode\000"
 6485      6D6F6465 
 6485      00
 6486              	.LASF159:
 6487 0397 41504231 		.ascii	"APB1LLPENR\000"
 6487      4C4C5045 
 6487      4E5200
 6488              	.LASF80:
 6489 03a2 72656173 		.ascii	"reason\000"
 6489      6F6E00
 6490              	.LASF56:
 6491 03a9 74726163 		.ascii	"trace_buffer\000"
 6491      655F6275 
 6491      66666572 
 6491      00
 6492              	.LASF233:
 6493 03b6 76656374 		.ascii	"vector\000"
 6493      6F7200
 6494              	.LASF337:
 6495 03bd 50484461 		.ascii	"PHData\000"
 6495      746100
ARM GAS  C:\Users\DEVELO~1\AppData\Local\Temp\ccfSEeL2.s 			page 118


 6496              	.LASF271:
 6497 03c4 6572726F 		.ascii	"errors\000"
 6497      727300
 6498              	.LASF208:
 6499 03cb 70717565 		.ascii	"pqueue\000"
 6499      756500
 6500              	.LASF8:
 6501 03d2 5F5F7569 		.ascii	"__uint16_t\000"
 6501      6E743136 
 6501      5F7400
 6502              	.LASF30:
 6503 03dd 636E745F 		.ascii	"cnt_t\000"
 6503      7400
 6504              	.LASF199:
 6505 03e3 646C6973 		.ascii	"dlist\000"
 6505      7400
 6506              	.LASF252:
 6507 03e9 4D4F4445 		.ascii	"MODER\000"
 6507      5200
 6508              	.LASF310:
 6509 03ef 7373706F 		.ascii	"ssport\000"
 6509      727400
 6510              	.LASF296:
 6511 03f6 68616C5F 		.ascii	"hal_spi_driver\000"
 6511      7370695F 
 6511      64726976 
 6511      657200
 6512              	.LASF329:
 6513 0405 6770696F 		.ascii	"gpio_setup_t\000"
 6513      5F736574 
 6513      75705F74 
 6513      00
 6514              	.LASF320:
 6515 0412 626C6F63 		.ascii	"block_addresses\000"
 6515      6B5F6164 
 6515      64726573 
 6515      73657300 
 6516              	.LASF259:
 6517 0422 41465248 		.ascii	"AFRH\000"
 6517      00
 6518              	.LASF260:
 6519 0427 73746D33 		.ascii	"stm32_gpio_t\000"
 6519      325F6770 
 6519      696F5F74 
 6519      00
 6520              	.LASF34:
 6521 0434 6F776E65 		.ascii	"owner\000"
 6521      7200
 6522              	.LASF132:
 6523 043a 41484233 		.ascii	"AHB3RSTR\000"
 6523      52535452 
 6523      00
 6524              	.LASF223:
 6525 0443 6D61696E 		.ascii	"mainthread_end\000"
 6525      74687265 
 6525      61645F65 
 6525      6E6400
ARM GAS  C:\Users\DEVELO~1\AppData\Local\Temp\ccfSEeL2.s 			page 119


 6526              	.LASF344:
 6527 0452 6D6D6370 		.ascii	"mmcp\000"
 6527      00
 6528              	.LASF251:
 6529 0457 636C6561 		.ascii	"clear\000"
 6529      7200
 6530              	.LASF43:
 6531 045d 6D74786C 		.ascii	"mtxlist\000"
 6531      69737400 
 6532              	.LASF198:
 6533 0465 63685F76 		.ascii	"ch_virtual_timers_list\000"
 6533      69727475 
 6533      616C5F74 
 6533      696D6572 
 6533      735F6C69 
 6534              	.LASF53:
 6535 047c 72666375 		.ascii	"rfcu\000"
 6535      00
 6536              	.LASF200:
 6537 0481 6C617374 		.ascii	"lasttime\000"
 6537      74696D65 
 6537      00
 6538              	.LASF32:
 6539 048a 74687265 		.ascii	"thread_t\000"
 6539      61645F74 
 6539      00
 6540              	.LASF334:
 6541 0493 50454461 		.ascii	"PEData\000"
 6541      746100
 6542              	.LASF335:
 6543 049a 50464461 		.ascii	"PFData\000"
 6543      746100
 6544              	.LASF82:
 6545 04a1 75736572 		.ascii	"user\000"
 6545      00
 6546              	.LASF162:
 6547 04a6 41504234 		.ascii	"APB4LPENR\000"
 6547      4C50454E 
 6547      5200
 6548              	.LASF4:
 6549 04b0 73697A65 		.ascii	"size_t\000"
 6549      5F7400
 6550              	.LASF209:
 6551 04b7 7264796D 		.ascii	"rdymsg\000"
 6551      736700
 6552              	.LASF189:
 6553 04be 52584452 		.ascii	"RXDR\000"
 6553      00
 6554              	.LASF73:
 6555 04c3 63685F70 		.ascii	"ch_priority_queue_t\000"
 6555      72696F72 
 6555      6974795F 
 6555      71756575 
 6555      655F7400 
 6556              	.LASF340:
 6557 04d7 504B4461 		.ascii	"PKData\000"
 6557      746100
ARM GAS  C:\Users\DEVELO~1\AppData\Local\Temp\ccfSEeL2.s 			page 120


 6558              	.LASF228:
 6559 04de 5F426F6F 		.ascii	"_Bool\000"
 6559      6C00
 6560              	.LASF140:
 6561 04e4 41504234 		.ascii	"APB4RSTR\000"
 6561      52535452 
 6561      00
 6562              	.LASF331:
 6563 04ed 50424461 		.ascii	"PBData\000"
 6563      746100
 6564              	.LASF288:
 6565 04f4 6765745F 		.ascii	"get_info\000"
 6565      696E666F 
 6565      00
 6566              	.LASF217:
 6567 04fd 63685F6D 		.ascii	"ch_mutex\000"
 6567      75746578 
 6567      00
 6568              	.LASF179:
 6569 0506 49444D41 		.ascii	"IDMACTRL\000"
 6569      4354524C 
 6569      00
 6570              	.LASF92:
 6571 050f 4D304152 		.ascii	"M0AR\000"
 6571      00
 6572              	.LASF48:
 6573 0514 63685F6F 		.ascii	"ch_os_instance\000"
 6573      735F696E 
 6573      7374616E 
 6573      636500
 6574              	.LASF144:
 6575 0523 41484233 		.ascii	"AHB3ENR\000"
 6575      454E5200 
 6576              	.LASF261:
 6577 052b 696F706F 		.ascii	"ioportid_t\000"
 6577      72746964 
 6577      5F7400
 6578              	.LASF258:
 6579 0536 4146524C 		.ascii	"AFRL\000"
 6579      00
 6580              	.LASF122:
 6581 053b 44324343 		.ascii	"D2CCIP1R\000"
 6581      49503152 
 6581      00
 6582              	.LASF255:
 6583 0544 50555044 		.ascii	"PUPDR\000"
 6583      5200
 6584              	.LASF307:
 6585 054a 736C6176 		.ascii	"slave\000"
 6585      6500
 6586              	.LASF225:
 6587 0550 69646C65 		.ascii	"idlethread_end\000"
 6587      74687265 
 6587      61645F65 
 6587      6E6400
 6588              	.LASF75:
 6589 055f 7072696F 		.ascii	"prio\000"
ARM GAS  C:\Users\DEVELO~1\AppData\Local\Temp\ccfSEeL2.s 			page 121


 6589      00
 6590              	.LASF242:
 6591 0564 424C4B5F 		.ascii	"BLK_DISCONNECTING\000"
 6591      44495343 
 6591      4F4E4E45 
 6591      4354494E 
 6591      4700
 6592              	.LASF168:
 6593 0576 52455350 		.ascii	"RESP1\000"
 6593      3100
 6594              	.LASF169:
 6595 057c 52455350 		.ascii	"RESP2\000"
 6595      3200
 6596              	.LASF170:
 6597 0582 52455350 		.ascii	"RESP3\000"
 6597      3300
 6598              	.LASF171:
 6599 0588 52455350 		.ascii	"RESP4\000"
 6599      3400
 6600              	.LASF357:
 6601 058e 626F6172 		.ascii	"boardInit\000"
 6601      64496E69 
 6601      7400
 6602              	.LASF63:
 6603 0598 63686172 		.ascii	"char\000"
 6603      00
 6604              	.LASF76:
 6605 059d 63685F64 		.ascii	"ch_delta_list_t\000"
 6605      656C7461 
 6605      5F6C6973 
 6605      745F7400 
 6606              	.LASF57:
 6607 05ad 72666375 		.ascii	"rfcu_mask_t\000"
 6607      5F6D6173 
 6607      6B5F7400 
 6608              	.LASF10:
 6609 05b9 5F5F696E 		.ascii	"__int32_t\000"
 6609      7433325F 
 6609      7400
 6610              	.LASF157:
 6611 05c3 41484234 		.ascii	"AHB4LPENR\000"
 6611      4C50454E 
 6611      5200
 6612              	.LASF117:
 6613 05cd 504C4C32 		.ascii	"PLL2FRACR\000"
 6613      46524143 
 6613      5200
 6614              	.LASF301:
 6615 05d7 7478646D 		.ascii	"txdmamode\000"
 6615      616D6F64 
 6615      6500
 6616              	.LASF36:
 6617 05e1 77616261 		.ascii	"wabase\000"
 6617      736500
 6618              	.LASF25:
 6619 05e8 74737461 		.ascii	"tstate_t\000"
 6619      74655F74 
ARM GAS  C:\Users\DEVELO~1\AppData\Local\Temp\ccfSEeL2.s 			page 122


 6619      00
 6620              	.LASF109:
 6621 05f1 44324346 		.ascii	"D2CFGR\000"
 6621      475200
 6622              	.LASF249:
 6623 05f8 626C6B5F 		.ascii	"blk_num\000"
 6623      6E756D00 
 6624              	.LASF222:
 6625 0600 6D61696E 		.ascii	"mainthread_base\000"
 6625      74687265 
 6625      61645F62 
 6625      61736500 
 6626              	.LASF234:
 6627 0610 73746D33 		.ascii	"stm32_dma_stream_t\000"
 6627      325F646D 
 6627      615F7374 
 6627      7265616D 
 6627      5F7400
 6628              	.LASF14:
 6629 0623 5F5F7569 		.ascii	"__uint64_t\000"
 6629      6E743634 
 6629      5F7400
 6630              	.LASF351:
 6631 062e 5F5F7263 		.ascii	"__rccResetAHB4\000"
 6631      63526573 
 6631      65744148 
 6631      423400
 6632              	.LASF123:
 6633 063d 44324343 		.ascii	"D2CCIP2R\000"
 6633      49503252 
 6633      00
 6634              	.LASF16:
 6635 0646 75696E74 		.ascii	"uint8_t\000"
 6635      385F7400 
 6636              	.LASF126:
 6637 064e 43494552 		.ascii	"CIER\000"
 6637      00
 6638              	.LASF41:
 6639 0653 6D736771 		.ascii	"msgqueue\000"
 6639      75657565 
 6639      00
 6640              	.LASF116:
 6641 065c 504C4C32 		.ascii	"PLL2DIVR\000"
 6641      44495652 
 6641      00
 6642              	.LASF191:
 6643 0665 54584352 		.ascii	"TXCRC\000"
 6643      4300
 6644              	.LASF229:
 6645 066b 73747265 		.ascii	"stream\000"
 6645      616D00
 6646              	.LASF47:
 6647 0672 63685F74 		.ascii	"ch_thread\000"
 6647      68726561 
 6647      6400
 6648              	.LASF188:
 6649 067c 54584452 		.ascii	"TXDR\000"
ARM GAS  C:\Users\DEVELO~1\AppData\Local\Temp\ccfSEeL2.s 			page 123


 6649      00
 6650              	.LASF343:
 6651 0681 6D6D635F 		.ascii	"mmc_lld_is_card_inserted\000"
 6651      6C6C645F 
 6651      69735F63 
 6651      6172645F 
 6651      696E7365 
 6652              	.LASF243:
 6653 069a 424C4B5F 		.ascii	"BLK_READY\000"
 6653      52454144 
 6653      5900
 6654              	.LASF64:
 6655 06a4 73797374 		.ascii	"system_debug_t\000"
 6655      656D5F64 
 6655      65627567 
 6655      5F7400
 6656              	.LASF304:
 6657 06b3 53504943 		.ascii	"SPIConfig\000"
 6657      6F6E6669 
 6657      6700
 6658              	.LASF268:
 6659 06bd 53444344 		.ascii	"SDCDriver\000"
 6659      72697665 
 6659      7200
 6660              	.LASF1:
 6661 06c7 6C6F6E67 		.ascii	"long long int\000"
 6661      206C6F6E 
 6661      6720696E 
 6661      7400
 6662              	.LASF247:
 6663 06d5 626C6B73 		.ascii	"blkstate_t\000"
 6663      74617465 
 6663      5F7400
 6664              	.LASF286:
 6665 06e0 77726974 		.ascii	"write\000"
 6665      6500
 6666              	.LASF28:
 6667 06e6 6D73675F 		.ascii	"msg_t\000"
 6667      7400
 6668              	.LASF326:
 6669 06ec 70757064 		.ascii	"pupdr\000"
 6669      7200
 6670              	.LASF318:
 6671 06f2 6D6D635F 		.ascii	"mmc_spi_config_t\000"
 6671      7370695F 
 6671      636F6E66 
 6671      69675F74 
 6671      00
 6672              	.LASF33:
 6673 0703 72717565 		.ascii	"rqueue\000"
 6673      756500
 6674              	.LASF99:
 6675 070a 42444D41 		.ascii	"BDMA_Channel_TypeDef\000"
 6675      5F436861 
 6675      6E6E656C 
 6675      5F547970 
 6675      65446566 
ARM GAS  C:\Users\DEVELO~1\AppData\Local\Temp\ccfSEeL2.s 			page 124


 6676              	.LASF205:
 6677 071f 72656769 		.ascii	"registry_t\000"
 6677      73747279 
 6677      5F7400
 6678              	.LASF292:
 6679 072a 5350495F 		.ascii	"SPI_ACTIVE\000"
 6679      41435449 
 6679      564500
 6680              	.LASF355:
 6681 0735 6770696F 		.ascii	"gpio_default_config\000"
 6681      5F646566 
 6681      61756C74 
 6681      5F636F6E 
 6681      66696700 
 6682              	.LASF280:
 6683 0749 696E7374 		.ascii	"instance_offset\000"
 6683      616E6365 
 6683      5F6F6666 
 6683      73657400 
 6684              	.LASF239:
 6685 0759 424C4B5F 		.ascii	"BLK_STOP\000"
 6685      53544F50 
 6685      00
 6686              	.LASF94:
 6687 0762 444D415F 		.ascii	"DMA_Stream_TypeDef\000"
 6687      53747265 
 6687      616D5F54 
 6687      79706544 
 6687      656600
 6688              	.LASF88:
 6689 0775 73697A65 		.ascii	"size\000"
 6689      00
 6690              	.LASF339:
 6691 077a 504A4461 		.ascii	"PJData\000"
 6691      746100
 6692              	.LASF328:
 6693 0781 61667268 		.ascii	"afrh\000"
 6693      00
 6694              	.LASF327:
 6695 0786 6166726C 		.ascii	"afrl\000"
 6695      00
 6696              	.LASF136:
 6697 078b 41504233 		.ascii	"APB3RSTR\000"
 6697      52535452 
 6697      00
 6698              	.LASF59:
 6699 0794 6D61736B 		.ascii	"mask\000"
 6699      00
 6700              	.LASF183:
 6701 0799 4649464F 		.ascii	"FIFO\000"
 6701      00
 6702              	.LASF274:
 6703 079e 636C6B66 		.ascii	"clkfreq\000"
 6703      72657100 
 6704              	.LASF305:
 6705 07a6 68616C5F 		.ascii	"hal_spi_config\000"
 6705      7370695F 
ARM GAS  C:\Users\DEVELO~1\AppData\Local\Temp\ccfSEeL2.s 			page 125


 6705      636F6E66 
 6705      696700
 6706              	.LASF66:
 6707 07b5 73797369 		.ascii	"sysinterval_t\000"
 6707      6E746572 
 6707      76616C5F 
 6707      7400
 6708              	.LASF151:
 6709 07c3 41504232 		.ascii	"APB2ENR\000"
 6709      454E5200 
 6710              	.LASF62:
 6711 07cb 70616E69 		.ascii	"panic_msg\000"
 6711      635F6D73 
 6711      6700
 6712              	.LASF142:
 6713 07d5 4433414D 		.ascii	"D3AMR\000"
 6713      5200
 6714              	.LASF90:
 6715 07db 74726163 		.ascii	"trace_buffer_t\000"
 6715      655F6275 
 6715      66666572 
 6715      5F7400
 6716              	.LASF137:
 6717 07ea 41504231 		.ascii	"APB1LRSTR\000"
 6717      4C525354 
 6717      5200
 6718              	.LASF336:
 6719 07f4 50474461 		.ascii	"PGData\000"
 6719      746100
 6720              	.LASF155:
 6721 07fb 41484231 		.ascii	"AHB1LPENR\000"
 6721      4C50454E 
 6721      5200
 6722              	.LASF341:
 6723 0805 6770696F 		.ascii	"gpio_config_t\000"
 6723      5F636F6E 
 6723      6669675F 
 6723      7400
 6724              	.LASF263:
 6725 0813 5344435F 		.ascii	"SDC_MODE_4BIT\000"
 6725      4D4F4445 
 6725      5F344249 
 6725      5400
 6726              	.LASF254:
 6727 0821 4F535045 		.ascii	"OSPEEDR\000"
 6727      45445200 
 6728              	.LASF257:
 6729 0829 4C4F434B 		.ascii	"LOCKR\000"
 6729      5200
 6730              	.LASF2:
 6731 082f 6C6F6E67 		.ascii	"long double\000"
 6731      20646F75 
 6731      626C6500 
 6732              	.LASF17:
 6733 083b 75696E74 		.ascii	"uint16_t\000"
 6733      31365F74 
 6733      00
ARM GAS  C:\Users\DEVELO~1\AppData\Local\Temp\ccfSEeL2.s 			page 126


 6734              	.LASF67:
 6735 0844 63685F6C 		.ascii	"ch_list_t\000"
 6735      6973745F 
 6735      7400
 6736              	.LASF134:
 6737 084e 41484232 		.ascii	"AHB2RSTR\000"
 6737      52535452 
 6737      00
 6738              	.LASF289:
 6739 0857 5350495F 		.ascii	"SPI_UNINIT\000"
 6739      554E494E 
 6739      495400
 6740              	.LASF236:
 6741 0862 6368616E 		.ascii	"channel\000"
 6741      6E656C00 
 6742              	.LASF128:
 6743 086a 43494352 		.ascii	"CICR\000"
 6743      00
 6744              	.LASF103:
 6745 086f 48534943 		.ascii	"HSICFGR\000"
 6745      46475200 
 6746              	.LASF333:
 6747 0877 50444461 		.ascii	"PDData\000"
 6747      746100
 6748              	.LASF54:
 6749 087e 636F6E66 		.ascii	"config\000"
 6749      696700
 6750              	.LASF352:
 6751 0885 474E5520 		.ascii	"GNU C17 11.3.1 20220712 -mcpu=cortex-m7 -mthumb -mf"
 6751      43313720 
 6751      31312E33 
 6751      2E312032 
 6751      30323230 
 6752 08b8 6C6F6174 		.ascii	"loat-abi=soft -march=armv7e-m -ggdb -O2 -fomit-fram"
 6752      2D616269 
 6752      3D736F66 
 6752      74202D6D 
 6752      61726368 
 6753 08eb 652D706F 		.ascii	"e-pointer -falign-functions=16 -ffunction-sections "
 6753      696E7465 
 6753      72202D66 
 6753      616C6967 
 6753      6E2D6675 
 6754 091e 2D666461 		.ascii	"-fdata-sections -fno-common\000"
 6754      74612D73 
 6754      65637469 
 6754      6F6E7320 
 6754      2D666E6F 
 6755              	.LASF227:
 6756 093a 6D757465 		.ascii	"mutex_t\000"
 6756      785F7400 
 6757              	.LASF102:
 6758 0942 444D414D 		.ascii	"DMAMUX_Channel_TypeDef\000"
 6758      55585F43 
 6758      68616E6E 
 6758      656C5F54 
 6758      79706544 
ARM GAS  C:\Users\DEVELO~1\AppData\Local\Temp\ccfSEeL2.s 			page 127


 6759              	.LASF178:
 6760 0959 52455345 		.ascii	"RESERVED0\000"
 6760      52564544 
 6760      3000
 6761              	.LASF107:
 6762 0963 52455345 		.ascii	"RESERVED1\000"
 6762      52564544 
 6762      3100
 6763              	.LASF111:
 6764 096d 52455345 		.ascii	"RESERVED2\000"
 6764      52564544 
 6764      3200
 6765              	.LASF120:
 6766 0977 52455345 		.ascii	"RESERVED3\000"
 6766      52564544 
 6766      3300
 6767              	.LASF125:
 6768 0981 52455345 		.ascii	"RESERVED4\000"
 6768      52564544 
 6768      3400
 6769              	.LASF131:
 6770 098b 52455345 		.ascii	"RESERVED6\000"
 6770      52564544 
 6770      3600
 6771              	.LASF7:
 6772 0995 73686F72 		.ascii	"short int\000"
 6772      7420696E 
 6772      7400
 6773              	.LASF141:
 6774 099f 52455345 		.ascii	"RESERVED8\000"
 6774      52564544 
 6774      3800
 6775              	.LASF283:
 6776 09a9 636F6E6E 		.ascii	"connect\000"
 6776      65637400 
 6777              	.LASF158:
 6778 09b1 41504233 		.ascii	"APB3LPENR\000"
 6778      4C50454E 
 6778      5200
 6779              	.LASF350:
 6780 09bb 72636345 		.ascii	"rccEnableAHB4\000"
 6780      6E61626C 
 6780      65414842 
 6780      3400
 6781              	.LASF196:
 6782 09c9 706F7274 		.ascii	"port_intctx\000"
 6782      5F696E74 
 6782      63747800 
 6783              	.LASF294:
 6784 09d5 73706973 		.ascii	"spistate_t\000"
 6784      74617465 
 6784      5F7400
 6785              	.LASF172:
 6786 09e0 4454494D 		.ascii	"DTIMER\000"
 6786      455200
 6787              	.LASF190:
 6788 09e7 43524350 		.ascii	"CRCPOLY\000"
ARM GAS  C:\Users\DEVELO~1\AppData\Local\Temp\ccfSEeL2.s 			page 128


 6788      4F4C5900 
 6789              	.LASF186:
 6790 09ef 43464731 		.ascii	"CFG1\000"
 6790      00
 6791              	.LASF187:
 6792 09f4 43464732 		.ascii	"CFG2\000"
 6792      00
 6793              	.LASF177:
 6794 09f9 41434B54 		.ascii	"ACKTIME\000"
 6794      494D4500 
 6795              	.LASF22:
 6796 0a01 706F7274 		.ascii	"port_stkalign_t\000"
 6796      5F73746B 
 6796      616C6967 
 6796      6E5F7400 
 6797              	.LASF330:
 6798 0a11 50414461 		.ascii	"PAData\000"
 6798      746100
 6799              	.LASF193:
 6800 0a18 55445244 		.ascii	"UDRDR\000"
 6800      5200
 6801              	.LASF253:
 6802 0a1e 4F545950 		.ascii	"OTYPER\000"
 6802      455200
 6803              	.LASF221:
 6804 0a25 63685F6F 		.ascii	"ch_os_instance_config\000"
 6804      735F696E 
 6804      7374616E 
 6804      63655F63 
 6804      6F6E6669 
 6805              	.LASF342:
 6806 0a3b 6D6D635F 		.ascii	"mmc_lld_is_write_protected\000"
 6806      6C6C645F 
 6806      69735F77 
 6806      72697465 
 6806      5F70726F 
 6807              	.LASF98:
 6808 0a56 434D3141 		.ascii	"CM1AR\000"
 6808      5200
 6809              	.LASF303:
 6810 0a5c 7478736F 		.ascii	"txsource\000"
 6810      75726365 
 6810      00
 6811              	.LASF316:
 6812 0a65 6C736366 		.ascii	"lscfg\000"
 6812      6700
 6813              	.LASF121:
 6814 0a6b 44314343 		.ascii	"D1CCIPR\000"
 6814      49505200 
 6815              	.LASF244:
 6816 0a73 424C4B5F 		.ascii	"BLK_READING\000"
 6816      52454144 
 6816      494E4700 
 6817              	.LASF106:
 6818 0a7f 43464752 		.ascii	"CFGR\000"
 6818      00
 6819              	.LASF173:
ARM GAS  C:\Users\DEVELO~1\AppData\Local\Temp\ccfSEeL2.s 			page 129


 6820 0a84 444C454E 		.ascii	"DLEN\000"
 6820      00
 6821              	.LASF49:
 6822 0a89 726C6973 		.ascii	"rlist\000"
 6822      7400
 6823              	.LASF174:
 6824 0a8f 44435452 		.ascii	"DCTRL\000"
 6824      4C00
 6825              	.LASF308:
 6826 0a95 64617461 		.ascii	"data_cb\000"
 6826      5F636200 
 6827              	.LASF291:
 6828 0a9d 5350495F 		.ascii	"SPI_READY\000"
 6828      52454144 
 6828      5900
 6829              	.LASF176:
 6830 0aa7 4D41534B 		.ascii	"MASK\000"
 6830      00
 6831              	.LASF267:
 6832 0aac 73646366 		.ascii	"sdcflags_t\000"
 6832      6C616773 
 6832      5F7400
 6833              	.LASF152:
 6834 0ab7 41504234 		.ascii	"APB4ENR\000"
 6834      454E5200 
 6835              	.LASF5:
 6836 0abf 5F5F7569 		.ascii	"__uint8_t\000"
 6836      6E74385F 
 6836      7400
 6837              	.LASF285:
 6838 0ac9 72656164 		.ascii	"read\000"
 6838      00
 6839              	.LASF113:
 6840 0ace 504C4C43 		.ascii	"PLLCFGR\000"
 6840      46475200 
 6841              	.LASF112:
 6842 0ad6 504C4C43 		.ascii	"PLLCKSELR\000"
 6842      4B53454C 
 6842      5200
 6843              	.LASF277:
 6844 0ae0 736C6F77 		.ascii	"slowdown\000"
 6844      646F776E 
 6844      00
 6845              	.LASF150:
 6846 0ae9 41504231 		.ascii	"APB1HENR\000"
 6846      48454E52 
 6846      00
 6847              	.LASF165:
 6848 0af2 504F5745 		.ascii	"POWER\000"
 6848      5200
 6849              	.LASF93:
 6850 0af8 4D314152 		.ascii	"M1AR\000"
 6850      00
 6851              	.LASF180:
 6852 0afd 49444D41 		.ascii	"IDMABSIZE\000"
 6852      4253495A 
 6852      4500
ARM GAS  C:\Users\DEVELO~1\AppData\Local\Temp\ccfSEeL2.s 			page 130


 6853              	.LASF21:
 6854 0b07 75696E74 		.ascii	"uint_fast8_t\000"
 6854      5F666173 
 6854      74385F74 
 6854      00
 6855              	.LASF154:
 6856 0b14 41484233 		.ascii	"AHB3LPENR\000"
 6856      4C50454E 
 6856      5200
 6857              	.LASF115:
 6858 0b1e 504C4C31 		.ascii	"PLL1FRACR\000"
 6858      46524143 
 6858      5200
 6859              	.LASF26:
 6860 0b28 74726566 		.ascii	"trefs_t\000"
 6860      735F7400 
 6861              	.LASF108:
 6862 0b30 44314346 		.ascii	"D1CFGR\000"
 6862      475200
 6863              	.LASF13:
 6864 0b37 6C6F6E67 		.ascii	"long unsigned int\000"
 6864      20756E73 
 6864      69676E65 
 6864      6420696E 
 6864      7400
 6865              	.LASF220:
 6866 0b49 72656164 		.ascii	"ready_list_t\000"
 6866      795F6C69 
 6866      73745F74 
 6866      00
 6867              	.LASF84:
 6868 0b56 72747374 		.ascii	"rtstamp\000"
 6868      616D7000 
 6869              	.LASF290:
 6870 0b5e 5350495F 		.ascii	"SPI_STOP\000"
 6870      53544F50 
 6870      00
 6871              	.LASF146:
 6872 0b67 41484232 		.ascii	"AHB2ENR\000"
 6872      454E5200 
 6873              	.LASF18:
 6874 0b6f 696E7433 		.ascii	"int32_t\000"
 6874      325F7400 
 6875              	.LASF358:
 6876 0b77 5F5F6561 		.ascii	"__early_init\000"
 6876      726C795F 
 6876      696E6974 
 6876      00
 6877              	.LASF60:
 6878 0b84 72666375 		.ascii	"rfcu_t\000"
 6878      5F7400
 6879              	.LASF204:
 6880 0b8b 71756575 		.ascii	"queue\000"
 6880      6500
 6881              	.LASF272:
 6882 0b91 74687265 		.ascii	"thread\000"
 6882      616400
ARM GAS  C:\Users\DEVELO~1\AppData\Local\Temp\ccfSEeL2.s 			page 131


 6883              	.LASF213:
 6884 0b98 77747365 		.ascii	"wtsemp\000"
 6884      6D7000
 6885              	.LASF74:
 6886 0b9f 63685F70 		.ascii	"ch_priority_queue\000"
 6886      72696F72 
 6886      6974795F 
 6886      71756575 
 6886      6500
 6887              	.LASF114:
 6888 0bb1 504C4C31 		.ascii	"PLL1DIVR\000"
 6888      44495652 
 6888      00
 6889              	.LASF71:
 6890 0bba 63685F71 		.ascii	"ch_queue\000"
 6890      75657565 
 6890      00
 6891              	.LASF265:
 6892 0bc3 73646362 		.ascii	"sdcbusmode_t\000"
 6892      75736D6F 
 6892      64655F74 
 6892      00
 6893              	.LASF83:
 6894 0bd0 74797065 		.ascii	"type\000"
 6894      00
 6895              	.LASF250:
 6896 0bd5 426C6F63 		.ascii	"BlockDeviceInfo\000"
 6896      6B446576 
 6896      69636549 
 6896      6E666F00 
 6897              	.LASF6:
 6898 0be5 756E7369 		.ascii	"unsigned char\000"
 6898      676E6564 
 6898      20636861 
 6898      7200
 6899              	.LASF281:
 6900 0bf3 69735F69 		.ascii	"is_inserted\000"
 6900      6E736572 
 6900      74656400 
 6901              	.LASF105:
 6902 0bff 43534943 		.ascii	"CSICFGR\000"
 6902      46475200 
 6903              	.LASF12:
 6904 0c07 5F5F7569 		.ascii	"__uint32_t\000"
 6904      6E743332 
 6904      5F7400
 6905              	.LASF40:
 6906 0c12 77616974 		.ascii	"waiting\000"
 6906      696E6700 
 6907              	.LASF202:
 6908 0c1a 76697274 		.ascii	"virtual_timers_list_t\000"
 6908      75616C5F 
 6908      74696D65 
 6908      72735F6C 
 6908      6973745F 
 6909              	.LASF175:
 6910 0c30 44434F55 		.ascii	"DCOUNT\000"
ARM GAS  C:\Users\DEVELO~1\AppData\Local\Temp\ccfSEeL2.s 			page 132


 6910      4E5400
 6911              	.LASF300:
 6912 0c37 7278646D 		.ascii	"rxdmamode\000"
 6912      616D6F64 
 6912      6500
 6913              	.LASF127:
 6914 0c41 43494652 		.ascii	"CIFR\000"
 6914      00
 6915              	.LASF143:
 6916 0c46 52455345 		.ascii	"RESERVED11\000"
 6916      52564544 
 6916      313100
 6917              	.LASF153:
 6918 0c51 52455345 		.ascii	"RESERVED12\000"
 6918      52564544 
 6918      313200
 6919              	.LASF163:
 6920 0c5c 52455345 		.ascii	"RESERVED13\000"
 6920      52564544 
 6920      313300
 6921              	.LASF348:
 6922 0c67 6770696F 		.ascii	"gpiop\000"
 6922      7000
 6923              	.LASF245:
 6924 0c6d 424C4B5F 		.ascii	"BLK_WRITING\000"
 6924      57524954 
 6924      494E4700 
 6925              	.LASF194:
 6926 0c79 49325343 		.ascii	"I2SCFGR\000"
 6926      46475200 
 6927              	.LASF55:
 6928 0c81 6D61696E 		.ascii	"mainthread\000"
 6928      74687265 
 6928      616400
 6929              	.LASF37:
 6930 0c8c 73746174 		.ascii	"state\000"
 6930      6500
 6931              	.LASF195:
 6932 0c92 5350495F 		.ascii	"SPI_TypeDef\000"
 6932      54797065 
 6932      44656600 
 6933              	.LASF167:
 6934 0c9e 52455350 		.ascii	"RESPCMD\000"
 6934      434D4400 
 6935              	.LASF46:
 6936 0ca6 6F735F69 		.ascii	"os_instance_t\000"
 6936      6E737461 
 6936      6E63655F 
 6936      7400
 6937              	.LASF20:
 6938 0cb4 75696E74 		.ascii	"uint64_t\000"
 6938      36345F74 
 6938      00
 6939              	.LASF262:
 6940 0cbd 5344435F 		.ascii	"SDC_MODE_1BIT\000"
 6940      4D4F4445 
 6940      5F314249 
ARM GAS  C:\Users\DEVELO~1\AppData\Local\Temp\ccfSEeL2.s 			page 133


 6940      5400
 6941              	.LASF51:
 6942 0ccb 7265676C 		.ascii	"reglist\000"
 6942      69737400 
 6943              	.LASF124:
 6944 0cd3 44334343 		.ascii	"D3CCIPR\000"
 6944      49505200 
 6945              	.LASF359:
 6946 0cdb 73746D33 		.ascii	"stm32_gpio_init\000"
 6946      325F6770 
 6946      696F5F69 
 6946      6E697400 
 6947              	.LASF224:
 6948 0ceb 69646C65 		.ascii	"idlethread_base\000"
 6948      74687265 
 6948      61645F62 
 6948      61736500 
 6949              	.LASF317:
 6950 0cfb 68736366 		.ascii	"hscfg\000"
 6950      6700
 6951              	.LASF276:
 6952 0d01 6275735F 		.ascii	"bus_width\000"
 6952      77696474 
 6952      6800
 6953              	.LASF3:
 6954 0d0b 7369676E 		.ascii	"signed char\000"
 6954      65642063 
 6954      68617200 
 6955              	.LASF338:
 6956 0d17 50494461 		.ascii	"PIData\000"
 6956      746100
 6957              	.LASF78:
 6958 0d1e 64656C74 		.ascii	"delta\000"
 6958      6100
 6959              	.LASF97:
 6960 0d24 434D3041 		.ascii	"CM0AR\000"
 6960      5200
 6961              	.LASF104:
 6962 0d2a 43525243 		.ascii	"CRRCR\000"
 6962      5200
 6963              	.LASF9:
 6964 0d30 73686F72 		.ascii	"short unsigned int\000"
 6964      7420756E 
 6964      7369676E 
 6964      65642069 
 6964      6E7400
 6965              	.LASF347:
 6966 0d43 7364635F 		.ascii	"sdc_lld_is_card_inserted\000"
 6966      6C6C645F 
 6966      69735F63 
 6966      6172645F 
 6966      696E7365 
 6967              	.LASF23:
 6968 0d5c 73746B61 		.ascii	"stkalign_t\000"
 6968      6C69676E 
 6968      5F7400
 6969              	.LASF264:
ARM GAS  C:\Users\DEVELO~1\AppData\Local\Temp\ccfSEeL2.s 			page 134


 6970 0d67 5344435F 		.ascii	"SDC_MODE_8BIT\000"
 6970      4D4F4445 
 6970      5F384249 
 6970      5400
 6971              	.LASF100:
 6972 0d75 49464352 		.ascii	"IFCR\000"
 6972      00
 6973              	.LASF297:
 6974 0d7a 73796E63 		.ascii	"sync_transfer\000"
 6974      5F747261 
 6974      6E736665 
 6974      7200
 6975              	.LASF266:
 6976 0d88 7364636D 		.ascii	"sdcmode_t\000"
 6976      6F64655F 
 6976      7400
 6977              	.LASF185:
 6978 0d92 53444D4D 		.ascii	"SDMMC_TypeDef\000"
 6978      435F5479 
 6978      70654465 
 6978      6600
 6979              	.LASF219:
 6980 0da0 63757272 		.ascii	"current\000"
 6980      656E7400 
 6981              	.LASF346:
 6982 0da8 7364635F 		.ascii	"sdc_lld_is_write_protected\000"
 6982      6C6C645F 
 6982      69735F77 
 6982      72697465 
 6982      5F70726F 
 6983              	.LASF273:
 6984 0dc3 73646D6D 		.ascii	"sdmmc\000"
 6984      6300
 6985              	.LASF135:
 6986 0dc9 41484234 		.ascii	"AHB4RSTR\000"
 6986      52535452 
 6986      00
 6987              	.LASF282:
 6988 0dd2 69735F70 		.ascii	"is_protected\000"
 6988      726F7465 
 6988      63746564 
 6988      00
 6989              	.LASF275:
 6990 0ddf 72657370 		.ascii	"resp\000"
 6990      00
 6991              	.LASF313:
 6992 0de4 63666732 		.ascii	"cfg2\000"
 6992      00
 6993              	.LASF299:
 6994 0de9 69735F62 		.ascii	"is_bdma\000"
 6994      646D6100 
 6995              	.LASF147:
 6996 0df1 41484234 		.ascii	"AHB4ENR\000"
 6996      454E5200 
 6997              	.LASF129:
 6998 0df9 52455345 		.ascii	"RESERVED5\000"
 6998      52564544 
ARM GAS  C:\Users\DEVELO~1\AppData\Local\Temp\ccfSEeL2.s 			page 135


 6998      3500
 6999              	.LASF181:
 7000 0e03 49444D41 		.ascii	"IDMABASE0\000"
 7000      42415345 
 7000      3000
 7001              	.LASF182:
 7002 0e0d 49444D41 		.ascii	"IDMABASE1\000"
 7002      42415345 
 7002      3100
 7003              	.LASF325:
 7004 0e17 6F737065 		.ascii	"ospeedr\000"
 7004      65647200 
 7005              	.LASF237:
 7006 0e1f 73746D33 		.ascii	"stm32_bdma_stream_t\000"
 7006      325F6264 
 7006      6D615F73 
 7006      74726561 
 7006      6D5F7400 
 7007              	.LASF52:
 7008 0e33 636F7265 		.ascii	"core_id\000"
 7008      5F696400 
 7009              	.LASF160:
 7010 0e3b 41504231 		.ascii	"APB1HLPENR\000"
 7010      484C5045 
 7010      4E5200
 7011              	.LASF211:
 7012 0e46 77747472 		.ascii	"wttrp\000"
 7012      7000
 7013              	.LASF323:
 7014 0e4c 6D6F6465 		.ascii	"moder\000"
 7014      7200
 7015              	.LASF214:
 7016 0e52 77746D74 		.ascii	"wtmtxp\000"
 7016      787000
 7017              	.LASF302:
 7018 0e59 72787369 		.ascii	"rxsink\000"
 7018      6E6B00
 7019              	.LASF293:
 7020 0e60 5350495F 		.ascii	"SPI_COMPLETE\000"
 7020      434F4D50 
 7020      4C455445 
 7020      00
 7021              	.LASF356:
 7022 0e6d 73746D33 		.ascii	"stm32_clock_init\000"
 7022      325F636C 
 7022      6F636B5F 
 7022      696E6974 
 7022      00
 7023              	.LASF210:
 7024 0e7e 65786974 		.ascii	"exitcode\000"
 7024      636F6465 
 7024      00
 7025              	.LASF232:
 7026 0e87 73656C66 		.ascii	"selfindex\000"
 7026      696E6465 
 7026      7800
 7027              	.LASF149:
ARM GAS  C:\Users\DEVELO~1\AppData\Local\Temp\ccfSEeL2.s 			page 136


 7028 0e91 41504231 		.ascii	"APB1LENR\000"
 7028      4C454E52 
 7028      00
 7029              	.LASF133:
 7030 0e9a 41484231 		.ascii	"AHB1RSTR\000"
 7030      52535452 
 7030      00
 7031              	.LASF31:
 7032 0ea3 636F7265 		.ascii	"core_id_t\000"
 7032      5F69645F 
 7032      7400
 7033              	.LASF45:
 7034 0ead 6D706F6F 		.ascii	"mpool\000"
 7034      6C00
 7035              	.LASF311:
 7036 0eb3 73737061 		.ascii	"sspad\000"
 7036      6400
 7037              		.ident	"GCC: (Arm GNU Toolchain 11.3.Rel1) 11.3.1 20220712"
ARM GAS  C:\Users\DEVELO~1\AppData\Local\Temp\ccfSEeL2.s 			page 137


DEFINED SYMBOLS
                            *ABS*:00000000 board.c
C:\Users\DEVELO~1\AppData\Local\Temp\ccfSEeL2.s:18     .text.__early_init:00000000 $t
C:\Users\DEVELO~1\AppData\Local\Temp\ccfSEeL2.s:25     .text.__early_init:00000000 __early_init
C:\Users\DEVELO~1\AppData\Local\Temp\ccfSEeL2.s:644    .text.__early_init:000001b8 $d
C:\Users\DEVELO~1\AppData\Local\Temp\ccfSEeL2.s:680    .text.sdc_lld_is_card_inserted:00000000 $t
C:\Users\DEVELO~1\AppData\Local\Temp\ccfSEeL2.s:687    .text.sdc_lld_is_card_inserted:00000000 sdc_lld_is_card_inserted
C:\Users\DEVELO~1\AppData\Local\Temp\ccfSEeL2.s:706    .text.sdc_lld_is_write_protected:00000000 $t
C:\Users\DEVELO~1\AppData\Local\Temp\ccfSEeL2.s:713    .text.sdc_lld_is_write_protected:00000000 sdc_lld_is_write_protected
C:\Users\DEVELO~1\AppData\Local\Temp\ccfSEeL2.s:732    .text.mmc_lld_is_card_inserted:00000000 $t
C:\Users\DEVELO~1\AppData\Local\Temp\ccfSEeL2.s:739    .text.mmc_lld_is_card_inserted:00000000 mmc_lld_is_card_inserted
C:\Users\DEVELO~1\AppData\Local\Temp\ccfSEeL2.s:751    .text.mmc_lld_is_write_protected:00000000 $t
C:\Users\DEVELO~1\AppData\Local\Temp\ccfSEeL2.s:758    .text.mmc_lld_is_write_protected:00000000 mmc_lld_is_write_protected
C:\Users\DEVELO~1\AppData\Local\Temp\ccfSEeL2.s:770    .text.boardInit:00000000 $t
C:\Users\DEVELO~1\AppData\Local\Temp\ccfSEeL2.s:777    .text.boardInit:00000000 boardInit

UNDEFINED SYMBOLS
stm32_clock_init
