ARM GAS  C:\Users\DEVELO~1\AppData\Local\Temp\cceKKU6r.s 			page 1


   1              		.cpu cortex-m7
   2              		.arch armv7e-m
   3              		.fpu softvfp
   4              		.eabi_attribute 20, 1
   5              		.eabi_attribute 21, 1
   6              		.eabi_attribute 23, 3
   7              		.eabi_attribute 24, 1
   8              		.eabi_attribute 25, 1
   9              		.eabi_attribute 26, 1
  10              		.eabi_attribute 30, 2
  11              		.eabi_attribute 34, 1
  12              		.eabi_attribute 18, 4
  13              		.file	"chprintf.c"
  14              		.text
  15              	.Ltext0:
  16              		.cfi_sections	.debug_frame
  17              		.section	.rodata.chvprintf.str1.4,"aMS",%progbits,1
  18              		.align	2
  19              	.LC0:
  20 0000 286E756C 		.ascii	"(null)\000"
  20      6C2900
  21              		.section	.text.chvprintf,"ax",%progbits
  22              		.align	1
  23              		.p2align 4,,15
  24              		.global	chvprintf
  25              		.syntax unified
  26              		.thumb
  27              		.thumb_func
  28              		.type	chvprintf, %function
  29              	chvprintf:
  30              	.LVL0:
  31              	.LFB434:
  32              		.file 1 "../../../os/hal/lib/streams/chprintf.c"
  33              		.loc 1 124 71 view -0
  34              		.cfi_startproc
  35              		@ args = 0, pretend = 0, frame = 24
  36              		@ frame_needed = 0, uses_anonymous_args = 0
  37              		.loc 1 138 13 is_stmt 0 view .LVU1
  38 0000 0B46     		mov	r3, r1
  39              		.loc 1 124 71 view .LVU2
  40 0002 2DE9F04F 		push	{r4, r5, r6, r7, r8, r9, r10, fp, lr}
  41              		.cfi_def_cfa_offset 36
  42              		.cfi_offset 4, -36
  43              		.cfi_offset 5, -32
  44              		.cfi_offset 6, -28
  45              		.cfi_offset 7, -24
  46              		.cfi_offset 8, -20
  47              		.cfi_offset 9, -16
  48              		.cfi_offset 10, -12
  49              		.cfi_offset 11, -8
  50              		.cfi_offset 14, -4
  51 0006 0E46     		mov	r6, r1
  52 0008 87B0     		sub	sp, sp, #28
  53              		.cfi_def_cfa_offset 64
  54              		.loc 1 138 7 view .LVU3
  55 000a 13F8011B 		ldrb	r1, [r3], #1	@ zero_extendqisi2
  56              	.LVL1:
ARM GAS  C:\Users\DEVELO~1\AppData\Local\Temp\cceKKU6r.s 			page 2


  57              		.loc 1 124 71 view .LVU4
  58 000e 0192     		str	r2, [sp, #4]
  59              	.LVL2:
  60              		.loc 1 125 3 is_stmt 1 view .LVU5
  61              		.loc 1 126 3 view .LVU6
  62              		.loc 1 127 3 view .LVU7
  63              		.loc 1 128 3 view .LVU8
  64              		.loc 1 129 3 view .LVU9
  65              		.loc 1 134 3 view .LVU10
  66              		.loc 1 137 3 view .LVU11
  67              		.loc 1 138 5 view .LVU12
  68              		.loc 1 139 5 view .LVU13
  69              		.loc 1 139 8 is_stmt 0 view .LVU14
  70 0010 0029     		cmp	r1, #0
  71 0012 00F00F82 		beq	.L64
  72 0016 0446     		mov	r4, r0
  73              		.loc 1 127 7 view .LVU15
  74 0018 4FF00009 		mov	r9, #0
  75 001c 0CE0     		b	.L3
  76              	.LVL3:
  77              	.L133:
  78              		.loc 1 144 7 is_stmt 1 discriminator 1 view .LVU16
  79 001e 2268     		ldr	r2, [r4]
  80              	.LVL4:
  81              		.loc 1 144 7 is_stmt 0 discriminator 1 view .LVU17
  82 0020 2046     		mov	r0, r4
  83              		.loc 1 145 8 discriminator 1 view .LVU18
  84 0022 09F10109 		add	r9, r9, #1
  85              	.LVL5:
  86              		.loc 1 146 7 discriminator 1 view .LVU19
  87 0026 1E46     		mov	r6, r3
  88              		.loc 1 144 7 discriminator 1 view .LVU20
  89 0028 D268     		ldr	r2, [r2, #12]
  90 002a 9047     		blx	r2
  91              	.LVL6:
  92              		.loc 1 145 7 is_stmt 1 discriminator 1 view .LVU21
  93              		.loc 1 146 7 discriminator 1 view .LVU22
  94              	.L5:
  95              		.loc 1 128 3 view .LVU23
  96              		.loc 1 129 3 view .LVU24
  97              		.loc 1 134 3 view .LVU25
  98              		.loc 1 137 3 view .LVU26
  99              		.loc 1 138 5 view .LVU27
 100              		.loc 1 138 13 is_stmt 0 view .LVU28
 101 002c 3346     		mov	r3, r6
 102              	.LVL7:
 103              		.loc 1 138 7 view .LVU29
 104 002e 13F8011B 		ldrb	r1, [r3], #1	@ zero_extendqisi2
 105              	.LVL8:
 106              		.loc 1 139 5 is_stmt 1 view .LVU30
 107              		.loc 1 139 8 is_stmt 0 view .LVU31
 108 0032 0029     		cmp	r1, #0
 109 0034 00F0DF80 		beq	.L1
 110              	.LVL9:
 111              	.L3:
 112              		.loc 1 143 5 is_stmt 1 view .LVU32
 113              		.loc 1 143 8 is_stmt 0 view .LVU33
ARM GAS  C:\Users\DEVELO~1\AppData\Local\Temp\cceKKU6r.s 			page 3


 114 0038 2529     		cmp	r1, #37
 115 003a F0D1     		bne	.L133
 116              		.loc 1 149 5 is_stmt 1 view .LVU34
 117              	.LVL10:
 118              		.loc 1 150 5 view .LVU35
 119              		.loc 1 153 5 view .LVU36
 120              		.loc 1 154 5 view .LVU37
 121              		.loc 1 154 8 is_stmt 0 view .LVU38
 122 003c 7278     		ldrb	r2, [r6, #1]	@ zero_extendqisi2
 123              	.LVL11:
 124              		.loc 1 154 8 view .LVU39
 125 003e 2D2A     		cmp	r2, #45
 126 0040 00F0C580 		beq	.L134
 127              		.loc 1 153 16 view .LVU40
 128 0044 4FF0000E 		mov	lr, #0
 129              	.LVL12:
 130              	.L6:
 131              		.loc 1 160 5 is_stmt 1 view .LVU41
 132              		.loc 1 161 5 view .LVU42
 133              		.loc 1 161 9 is_stmt 0 view .LVU43
 134 0048 1978     		ldrb	r1, [r3]	@ zero_extendqisi2
 135              	.LVL13:
 136              		.loc 1 161 8 view .LVU44
 137 004a 2B29     		cmp	r1, #43
 138 004c 00F0BB80 		beq	.L135
 139              		.loc 1 160 13 view .LVU45
 140 0050 0025     		movs	r5, #0
 141              	.LVL14:
 142              	.L7:
 143              		.loc 1 167 5 is_stmt 1 view .LVU46
 144              		.loc 1 168 5 view .LVU47
 145              		.loc 1 168 8 is_stmt 0 view .LVU48
 146 0052 3029     		cmp	r1, #48
 147 0054 00F0B380 		beq	.L136
 148              		.loc 1 167 12 view .LVU49
 149 0058 2027     		movs	r7, #32
 150              	.LVL15:
 151              	.L8:
 152              		.loc 1 174 5 is_stmt 1 view .LVU50
 153              		.loc 1 174 8 is_stmt 0 view .LVU51
 154 005a 2A29     		cmp	r1, #42
 155 005c 4DD1     		bne	.L9
 156              		.loc 1 175 7 is_stmt 1 view .LVU52
 157              		.loc 1 177 9 is_stmt 0 view .LVU53
 158 005e 5978     		ldrb	r1, [r3, #1]	@ zero_extendqisi2
 159              		.loc 1 177 15 view .LVU54
 160 0060 9E1C     		adds	r6, r3, #2
 161              		.loc 1 175 13 view .LVU55
 162 0062 DDF804A0 		ldr	r10, [sp, #4]
 163              	.LVL16:
 164              		.loc 1 198 8 view .LVU56
 165 0066 2E29     		cmp	r1, #46
 166              		.loc 1 175 13 view .LVU57
 167 0068 5AF8042B 		ldr	r2, [r10], #4
 168              	.LVL17:
 169              		.loc 1 176 7 is_stmt 1 view .LVU58
 170              		.loc 1 177 7 view .LVU59
ARM GAS  C:\Users\DEVELO~1\AppData\Local\Temp\cceKKU6r.s 			page 4


 171              		.loc 1 197 5 view .LVU60
 172              		.loc 1 198 5 view .LVU61
 173              		.loc 1 198 8 is_stmt 0 view .LVU62
 174 006c 5BD0     		beq	.L137
 175              	.LVL18:
 176              	.L69:
 177              		.loc 1 197 15 view .LVU63
 178 006e 0020     		movs	r0, #0
 179              	.LVL19:
 180              	.L12:
 181              		.loc 1 220 5 is_stmt 1 view .LVU64
 182              		.loc 1 220 8 is_stmt 0 view .LVU65
 183 0070 01F0DF03 		and	r3, r1, #223
 184 0074 4C2B     		cmp	r3, #76
 185 0076 63D1     		bne	.L16
 186              	.L140:
 187              		.loc 1 221 7 is_stmt 1 view .LVU66
 188              	.LVL20:
 189              		.loc 1 222 7 view .LVU67
 190              		.loc 1 222 9 is_stmt 0 view .LVU68
 191 0078 16F8011B 		ldrb	r1, [r6], #1	@ zero_extendqisi2
 192              	.LVL21:
 193              		.loc 1 223 7 is_stmt 1 view .LVU69
 194              		.loc 1 223 10 is_stmt 0 view .LVU70
 195 007c 0029     		cmp	r1, #0
 196 007e 00F0BA80 		beq	.L1
 197              		.loc 1 232 5 is_stmt 1 view .LVU71
 198 0082 A1F14403 		sub	r3, r1, #68
 199 0086 342B     		cmp	r3, #52
 200 0088 00F2B980 		bhi	.L18
 201 008c DFE813F0 		tbh	[pc, r3, lsl #1]
 202              	.L59:
 203 0090 A001     		.2byte	(.L36-.L59)/2
 204 0092 B700     		.2byte	(.L18-.L59)/2
 205 0094 B700     		.2byte	(.L18-.L59)/2
 206 0096 B700     		.2byte	(.L18-.L59)/2
 207 0098 B700     		.2byte	(.L18-.L59)/2
 208 009a A001     		.2byte	(.L36-.L59)/2
 209 009c B700     		.2byte	(.L18-.L59)/2
 210 009e B700     		.2byte	(.L18-.L59)/2
 211 00a0 B700     		.2byte	(.L18-.L59)/2
 212 00a2 B700     		.2byte	(.L18-.L59)/2
 213 00a4 B700     		.2byte	(.L18-.L59)/2
 214 00a6 3601     		.2byte	(.L61-.L59)/2
 215 00a8 E700     		.2byte	(.L76-.L59)/2
 216 00aa B700     		.2byte	(.L18-.L59)/2
 217 00ac B700     		.2byte	(.L18-.L59)/2
 218 00ae B700     		.2byte	(.L18-.L59)/2
 219 00b0 B700     		.2byte	(.L18-.L59)/2
 220 00b2 C601     		.2byte	(.L60-.L59)/2
 221 00b4 B700     		.2byte	(.L18-.L59)/2
 222 00b6 B700     		.2byte	(.L18-.L59)/2
 223 00b8 E700     		.2byte	(.L76-.L59)/2
 224 00ba B700     		.2byte	(.L18-.L59)/2
 225 00bc B700     		.2byte	(.L18-.L59)/2
 226 00be B700     		.2byte	(.L18-.L59)/2
 227 00c0 B700     		.2byte	(.L18-.L59)/2
ARM GAS  C:\Users\DEVELO~1\AppData\Local\Temp\cceKKU6r.s 			page 5


 228 00c2 B700     		.2byte	(.L18-.L59)/2
 229 00c4 B700     		.2byte	(.L18-.L59)/2
 230 00c6 B700     		.2byte	(.L18-.L59)/2
 231 00c8 B700     		.2byte	(.L18-.L59)/2
 232 00ca B700     		.2byte	(.L18-.L59)/2
 233 00cc B700     		.2byte	(.L18-.L59)/2
 234 00ce 5901     		.2byte	(.L25-.L59)/2
 235 00d0 A001     		.2byte	(.L36-.L59)/2
 236 00d2 B700     		.2byte	(.L18-.L59)/2
 237 00d4 B700     		.2byte	(.L18-.L59)/2
 238 00d6 B700     		.2byte	(.L18-.L59)/2
 239 00d8 B700     		.2byte	(.L18-.L59)/2
 240 00da A001     		.2byte	(.L36-.L59)/2
 241 00dc B700     		.2byte	(.L18-.L59)/2
 242 00de B700     		.2byte	(.L18-.L59)/2
 243 00e0 B700     		.2byte	(.L18-.L59)/2
 244 00e2 B700     		.2byte	(.L18-.L59)/2
 245 00e4 B700     		.2byte	(.L18-.L59)/2
 246 00e6 3601     		.2byte	(.L61-.L59)/2
 247 00e8 E700     		.2byte	(.L76-.L59)/2
 248 00ea B700     		.2byte	(.L18-.L59)/2
 249 00ec B700     		.2byte	(.L18-.L59)/2
 250 00ee 3901     		.2byte	(.L22-.L59)/2
 251 00f0 B700     		.2byte	(.L18-.L59)/2
 252 00f2 C601     		.2byte	(.L60-.L59)/2
 253 00f4 B700     		.2byte	(.L18-.L59)/2
 254 00f6 B700     		.2byte	(.L18-.L59)/2
 255 00f8 E700     		.2byte	(.L76-.L59)/2
 256              	.LVL22:
 257              		.p2align 1
 258              	.L9:
 259              		.loc 1 181 7 view .LVU72
 260              		.loc 1 182 9 view .LVU73
 261              		.loc 1 182 17 is_stmt 0 view .LVU74
 262 00fa 5E1C     		adds	r6, r3, #1
 263              	.LVL23:
 264              		.loc 1 183 9 is_stmt 1 view .LVU75
 265              		.loc 1 183 12 is_stmt 0 view .LVU76
 266 00fc 0029     		cmp	r1, #0
 267 00fe 7AD0     		beq	.L1
 268              		.loc 1 180 13 view .LVU77
 269 0100 0022     		movs	r2, #0
 270 0102 05E0     		b	.L11
 271              	.LVL24:
 272              	.L138:
 273              		.loc 1 182 11 view .LVU78
 274 0104 16F8011B 		ldrb	r1, [r6], #1	@ zero_extendqisi2
 275              	.LVL25:
 276              		.loc 1 188 17 view .LVU79
 277 0108 03EB4002 		add	r2, r3, r0, lsl #1
 278              		.loc 1 181 13 is_stmt 1 view .LVU80
 279              	.LVL26:
 280              		.loc 1 181 7 view .LVU81
 281              		.loc 1 182 9 view .LVU82
 282              		.loc 1 183 9 view .LVU83
 283              		.loc 1 183 12 is_stmt 0 view .LVU84
 284 010c 0029     		cmp	r1, #0
ARM GAS  C:\Users\DEVELO~1\AppData\Local\Temp\cceKKU6r.s 			page 6


 285 010e 72D0     		beq	.L1
 286              	.LVL27:
 287              	.L11:
 288              		.loc 1 186 9 is_stmt 1 view .LVU85
 289              		.loc 1 187 11 view .LVU86
 290              		.loc 1 186 22 is_stmt 0 view .LVU87
 291 0110 A1F13003 		sub	r3, r1, #48
 292              		.loc 1 188 25 view .LVU88
 293 0114 02EB8200 		add	r0, r2, r2, lsl #2
 294              		.loc 1 186 22 view .LVU89
 295 0118 DBB2     		uxtb	r3, r3
 296              	.LVL28:
 297              		.loc 1 188 11 is_stmt 1 view .LVU90
 298              		.loc 1 186 12 is_stmt 0 view .LVU91
 299 011a 092B     		cmp	r3, #9
 300 011c F2D9     		bls	.L138
 301              		.loc 1 198 8 view .LVU92
 302 011e 2E29     		cmp	r1, #46
 303 0120 DDF804A0 		ldr	r10, [sp, #4]
 304              	.LVL29:
 305              		.loc 1 197 5 is_stmt 1 view .LVU93
 306              		.loc 1 198 5 view .LVU94
 307              		.loc 1 198 8 is_stmt 0 view .LVU95
 308 0124 A3D1     		bne	.L69
 309              	.LVL30:
 310              	.L137:
 311              		.loc 1 199 7 is_stmt 1 view .LVU96
 312              		.loc 1 199 9 is_stmt 0 view .LVU97
 313 0126 3178     		ldrb	r1, [r6]	@ zero_extendqisi2
 314              	.LVL31:
 315              		.loc 1 200 7 is_stmt 1 view .LVU98
 316              		.loc 1 200 10 is_stmt 0 view .LVU99
 317 0128 0029     		cmp	r1, #0
 318 012a 64D0     		beq	.L1
 319              		.loc 1 203 7 is_stmt 1 view .LVU100
 320              		.loc 1 203 10 is_stmt 0 view .LVU101
 321 012c 2A29     		cmp	r1, #42
 322 012e 52D1     		bne	.L139
 323              		.loc 1 204 9 is_stmt 1 view .LVU102
 324              	.LVL32:
 325              		.loc 1 205 11 is_stmt 0 view .LVU103
 326 0130 7178     		ldrb	r1, [r6, #1]	@ zero_extendqisi2
 327              	.LVL33:
 328              		.loc 1 205 17 view .LVU104
 329 0132 0236     		adds	r6, r6, #2
 330              	.LVL34:
 331              		.loc 1 204 19 view .LVU105
 332 0134 5AF8040B 		ldr	r0, [r10], #4
 333              	.LVL35:
 334              		.loc 1 205 9 is_stmt 1 view .LVU106
 335              		.loc 1 220 5 view .LVU107
 336              		.loc 1 220 8 is_stmt 0 view .LVU108
 337 0138 01F0DF03 		and	r3, r1, #223
 338 013c 4C2B     		cmp	r3, #76
 339 013e 9BD0     		beq	.L140
 340              	.L16:
 341              		.loc 1 228 7 is_stmt 1 view .LVU109
ARM GAS  C:\Users\DEVELO~1\AppData\Local\Temp\cceKKU6r.s 			page 7


 342              		.loc 1 228 28 is_stmt 0 view .LVU110
 343 0140 A1F14103 		sub	r3, r1, #65
 344              		.loc 1 232 5 view .LVU111
 345 0144 A1F1440C 		sub	ip, r1, #68
 346              		.loc 1 228 28 view .LVU112
 347 0148 DBB2     		uxtb	r3, r3
 348              	.LVL36:
 349              		.loc 1 232 5 is_stmt 1 view .LVU113
 350 014a BCF1340F 		cmp	ip, #52
 351 014e 56D8     		bhi	.L18
 352 0150 DFE81CF0 		tbh	[pc, ip, lsl #1]
 353              	.L20:
 354 0154 0901     		.2byte	(.L24-.L20)/2
 355 0156 5500     		.2byte	(.L18-.L20)/2
 356 0158 5500     		.2byte	(.L18-.L20)/2
 357 015a 5500     		.2byte	(.L18-.L20)/2
 358 015c 5500     		.2byte	(.L18-.L20)/2
 359 015e 0901     		.2byte	(.L24-.L20)/2
 360 0160 5500     		.2byte	(.L18-.L20)/2
 361 0162 5500     		.2byte	(.L18-.L20)/2
 362 0164 5500     		.2byte	(.L18-.L20)/2
 363 0166 5500     		.2byte	(.L18-.L20)/2
 364 0168 5500     		.2byte	(.L18-.L20)/2
 365 016a D400     		.2byte	(.L61-.L20)/2
 366 016c 8500     		.2byte	(.L76-.L20)/2
 367 016e 5500     		.2byte	(.L18-.L20)/2
 368 0170 5500     		.2byte	(.L18-.L20)/2
 369 0172 5500     		.2byte	(.L18-.L20)/2
 370 0174 5500     		.2byte	(.L18-.L20)/2
 371 0176 6401     		.2byte	(.L60-.L20)/2
 372 0178 5500     		.2byte	(.L18-.L20)/2
 373 017a 5500     		.2byte	(.L18-.L20)/2
 374 017c 8500     		.2byte	(.L76-.L20)/2
 375 017e 5500     		.2byte	(.L18-.L20)/2
 376 0180 5500     		.2byte	(.L18-.L20)/2
 377 0182 5500     		.2byte	(.L18-.L20)/2
 378 0184 5500     		.2byte	(.L18-.L20)/2
 379 0186 5500     		.2byte	(.L18-.L20)/2
 380 0188 5500     		.2byte	(.L18-.L20)/2
 381 018a 5500     		.2byte	(.L18-.L20)/2
 382 018c 5500     		.2byte	(.L18-.L20)/2
 383 018e 5500     		.2byte	(.L18-.L20)/2
 384 0190 5500     		.2byte	(.L18-.L20)/2
 385 0192 F700     		.2byte	(.L25-.L20)/2
 386 0194 0901     		.2byte	(.L24-.L20)/2
 387 0196 5500     		.2byte	(.L18-.L20)/2
 388 0198 5500     		.2byte	(.L18-.L20)/2
 389 019a 5500     		.2byte	(.L18-.L20)/2
 390 019c 5500     		.2byte	(.L18-.L20)/2
 391 019e 0901     		.2byte	(.L24-.L20)/2
 392 01a0 5500     		.2byte	(.L18-.L20)/2
 393 01a2 5500     		.2byte	(.L18-.L20)/2
 394 01a4 5500     		.2byte	(.L18-.L20)/2
 395 01a6 5500     		.2byte	(.L18-.L20)/2
 396 01a8 5500     		.2byte	(.L18-.L20)/2
 397 01aa D400     		.2byte	(.L61-.L20)/2
 398 01ac 8500     		.2byte	(.L76-.L20)/2
ARM GAS  C:\Users\DEVELO~1\AppData\Local\Temp\cceKKU6r.s 			page 8


 399 01ae 5500     		.2byte	(.L18-.L20)/2
 400 01b0 5500     		.2byte	(.L18-.L20)/2
 401 01b2 D700     		.2byte	(.L22-.L20)/2
 402 01b4 5500     		.2byte	(.L18-.L20)/2
 403 01b6 6401     		.2byte	(.L60-.L20)/2
 404 01b8 5500     		.2byte	(.L18-.L20)/2
 405 01ba 5500     		.2byte	(.L18-.L20)/2
 406 01bc 8500     		.2byte	(.L76-.L20)/2
 407              	.LVL37:
 408              		.p2align 1
 409              	.L136:
 410              		.loc 1 169 7 view .LVU114
 411              		.loc 1 170 7 view .LVU115
 412              		.loc 1 169 10 is_stmt 0 view .LVU116
 413 01be 0133     		adds	r3, r3, #1
 414              	.LVL38:
 415              		.loc 1 170 14 view .LVU117
 416 01c0 0F46     		mov	r7, r1
 417              		.loc 1 174 10 view .LVU118
 418 01c2 1978     		ldrb	r1, [r3]	@ zero_extendqisi2
 419 01c4 49E7     		b	.L8
 420              	.LVL39:
 421              	.L135:
 422              		.loc 1 162 7 is_stmt 1 view .LVU119
 423              		.loc 1 163 7 view .LVU120
 424              		.loc 1 168 9 is_stmt 0 view .LVU121
 425 01c6 5978     		ldrb	r1, [r3, #1]	@ zero_extendqisi2
 426              		.loc 1 163 15 view .LVU122
 427 01c8 0125     		movs	r5, #1
 428              		.loc 1 162 10 view .LVU123
 429 01ca 0133     		adds	r3, r3, #1
 430              	.LVL40:
 431              		.loc 1 162 10 view .LVU124
 432 01cc 41E7     		b	.L7
 433              	.LVL41:
 434              	.L134:
 435              		.loc 1 155 7 is_stmt 1 view .LVU125
 436              		.loc 1 155 10 is_stmt 0 view .LVU126
 437 01ce B31C     		adds	r3, r6, #2
 438              	.LVL42:
 439              		.loc 1 156 7 is_stmt 1 view .LVU127
 440              		.loc 1 156 18 is_stmt 0 view .LVU128
 441 01d0 4FF0010E 		mov	lr, #1
 442 01d4 38E7     		b	.L6
 443              	.LVL43:
 444              	.L139:
 445              		.loc 1 199 15 view .LVU129
 446 01d6 0136     		adds	r6, r6, #1
 447              	.LVL44:
 448              		.loc 1 197 15 view .LVU130
 449 01d8 0020     		movs	r0, #0
 450              	.LVL45:
 451              	.L14:
 452              		.loc 1 209 11 is_stmt 1 view .LVU131
 453              		.loc 1 208 25 view .LVU132
 454 01da A1F13003 		sub	r3, r1, #48
 455              		.loc 1 210 33 is_stmt 0 view .LVU133
ARM GAS  C:\Users\DEVELO~1\AppData\Local\Temp\cceKKU6r.s 			page 9


 456 01de 00EB800C 		add	ip, r0, r0, lsl #2
 457              		.loc 1 208 25 view .LVU134
 458 01e2 DBB2     		uxtb	r3, r3
 459              	.LVL46:
 460              		.loc 1 210 11 is_stmt 1 view .LVU135
 461              		.loc 1 208 25 is_stmt 0 view .LVU136
 462 01e4 092B     		cmp	r3, #9
 463 01e6 3FF643AF 		bhi	.L12
 464              		.loc 1 211 13 view .LVU137
 465 01ea 16F8011B 		ldrb	r1, [r6], #1	@ zero_extendqisi2
 466              	.LVL47:
 467              		.loc 1 210 21 view .LVU138
 468 01ee 03EB4C00 		add	r0, r3, ip, lsl #1
 469              	.LVL48:
 470              		.loc 1 211 11 is_stmt 1 view .LVU139
 471              		.loc 1 212 11 view .LVU140
 472              		.loc 1 212 14 is_stmt 0 view .LVU141
 473 01f2 0029     		cmp	r1, #0
 474 01f4 F1D1     		bne	.L14
 475              	.LVL49:
 476              	.L1:
 477              		.loc 1 338 1 view .LVU142
 478 01f6 4846     		mov	r0, r9
 479 01f8 07B0     		add	sp, sp, #28
 480              		.cfi_remember_state
 481              		.cfi_def_cfa_offset 36
 482              		@ sp needed
 483 01fa BDE8F08F 		pop	{r4, r5, r6, r7, r8, r9, r10, fp, pc}
 484              	.LVL50:
 485              	.L18:
 486              		.cfi_restore_state
 487              		.loc 1 306 7 is_stmt 1 view .LVU143
 488              		.loc 1 306 7 is_stmt 0 view .LVU144
 489 01fe 013A     		subs	r2, r2, #1
 490              		.loc 1 306 12 view .LVU145
 491 0200 8DF80C10 		strb	r1, [sp, #12]
 492              		.loc 1 307 7 is_stmt 1 view .LVU146
 493              	.LVL51:
 494              		.loc 1 309 5 view .LVU147
 495              		.loc 1 310 5 view .LVU148
 496              		.loc 1 307 7 is_stmt 0 view .LVU149
 497 0204 CDF804A0 		str	r10, [sp, #4]
 498              	.LVL52:
 499              		.loc 1 307 7 view .LVU150
 500 0208 22EAE27B 		bic	fp, r2, r2, asr #31
 501              	.LVL53:
 502              		.loc 1 313 5 is_stmt 1 view .LVU151
 503              		.loc 1 313 8 is_stmt 0 view .LVU152
 504 020c BEF1000F 		cmp	lr, #0
 505 0210 40F0A580 		bne	.L81
 506              	.L145:
 507              		.loc 1 316 8 view .LVU153
 508 0214 002A     		cmp	r2, #0
 509              		.loc 1 313 8 view .LVU154
 510 0216 7546     		mov	r5, lr
 511              	.LVL54:
 512              		.loc 1 313 8 view .LVU155
ARM GAS  C:\Users\DEVELO~1\AppData\Local\Temp\cceKKU6r.s 			page 10


 513 0218 0DF10C0A 		add	r10, sp, #12
 514              	.LVL55:
 515              		.loc 1 314 7 is_stmt 1 view .LVU156
 516              		.loc 1 314 13 is_stmt 0 view .LVU157
 517 021c CBF1000B 		rsb	fp, fp, #0
 518              	.LVL56:
 519              		.loc 1 316 5 is_stmt 1 view .LVU158
 520              		.loc 1 316 8 is_stmt 0 view .LVU159
 521 0220 53DC     		bgt	.L141
 522              	.LVL57:
 523              	.L50:
 524              		.loc 1 327 16 is_stmt 1 view .LVU160
 525 0222 002D     		cmp	r5, #0
 526 0224 0DDB     		blt	.L55
 527              	.LVL58:
 528              	.L56:
 529              		.loc 1 327 16 is_stmt 0 view .LVU161
 530 0226 05F10108 		add	r8, r5, #1
 531 022a D044     		add	r8, r8, r10
 532              	.L54:
 533              	.LVL59:
 534              		.loc 1 328 7 is_stmt 1 view .LVU162
 535              		.loc 1 328 7 is_stmt 0 view .LVU163
 536 022c 2368     		ldr	r3, [r4]
 537 022e 2046     		mov	r0, r4
 538 0230 1AF8011B 		ldrb	r1, [r10], #1	@ zero_extendqisi2
 539              	.LVL60:
 540              		.loc 1 328 7 view .LVU164
 541 0234 DB68     		ldr	r3, [r3, #12]
 542 0236 9847     		blx	r3
 543              	.LVL61:
 544              		.loc 1 329 7 is_stmt 1 view .LVU165
 545              		.loc 1 327 16 view .LVU166
 546              		.loc 1 327 16 is_stmt 0 view .LVU167
 547 0238 C245     		cmp	r10, r8
 548 023a F7D1     		bne	.L54
 549 023c 09F10109 		add	r9, r9, #1
 550              		.loc 1 329 8 view .LVU168
 551 0240 A944     		add	r9, r9, r5
 552              	.L55:
 553              	.LVL62:
 554              		.loc 1 332 12 is_stmt 1 view .LVU169
 555 0242 BBF1000F 		cmp	fp, #0
 556 0246 3FF4F1AE 		beq	.L5
 557 024a 5D46     		mov	r5, fp
 558              	.LVL63:
 559              	.L57:
 560              		.loc 1 333 7 view .LVU170
 561 024c 2368     		ldr	r3, [r4]
 562 024e 3946     		mov	r1, r7
 563 0250 2046     		mov	r0, r4
 564 0252 DB68     		ldr	r3, [r3, #12]
 565 0254 9847     		blx	r3
 566              	.LVL64:
 567              		.loc 1 334 7 view .LVU171
 568              		.loc 1 335 7 view .LVU172
 569              		.loc 1 332 12 view .LVU173
ARM GAS  C:\Users\DEVELO~1\AppData\Local\Temp\cceKKU6r.s 			page 11


 570 0256 013D     		subs	r5, r5, #1
 571              	.LVL65:
 572              		.loc 1 332 12 is_stmt 0 view .LVU174
 573 0258 F8D1     		bne	.L57
 574              		.loc 1 334 8 view .LVU175
 575 025a D944     		add	r9, r9, fp
 576 025c E6E6     		b	.L5
 577              	.L21:
 578              	.LVL66:
 579              	.L76:
 580              		.loc 1 232 5 view .LVU176
 581 025e 4FF01008 		mov	r8, #16
 582              	.LVL67:
 583              		.loc 1 298 9 is_stmt 1 view .LVU177
 584              	.L43:
 585              		.loc 1 301 9 view .LVU178
 586              		.loc 1 301 13 is_stmt 0 view .LVU179
 587 0262 5346     		mov	r3, r10
 588              	.LVL68:
 589              		.loc 1 301 11 view .LVU180
 590 0264 53F8040B 		ldr	r0, [r3], #4
 591              	.LVL69:
 592              		.loc 1 301 11 view .LVU181
 593 0268 0193     		str	r3, [sp, #4]
 594              	.LVL70:
 595              		.loc 1 303 7 is_stmt 1 view .LVU182
 596              	.LBB14:
 597              	.LBI14:
 598              		.loc 1 72 14 view .LVU183
 599              		.loc 1 74 3 view .LVU184
 600              	.LBB15:
 601              	.LBI15:
 602              		.loc 1 38 14 view .LVU185
 603              	.LBB16:
 604              		.loc 1 42 3 view .LVU186
 605              		.loc 1 43 3 view .LVU187
 606              		.loc 1 44 3 view .LVU188
 607              		.loc 1 46 3 view .LVU189
 608              		.loc 1 47 3 view .LVU190
 609              		.loc 1 53 3 view .LVU191
 610              		.loc 1 53 5 is_stmt 0 view .LVU192
 611 026a 0DF11703 		add	r3, sp, #23
 612              	.LVL71:
 613              		.loc 1 53 5 view .LVU193
 614 026e 00E0     		b	.L47
 615              	.LVL72:
 616              	.L73:
 617              		.loc 1 53 5 view .LVU194
 618 0270 2B46     		mov	r3, r5
 619              	.LVL73:
 620              	.L47:
 621              		.loc 1 54 3 is_stmt 1 view .LVU195
 622              		.loc 1 55 5 view .LVU196
 623              		.loc 1 58 7 view .LVU197
 624              		.loc 1 55 17 is_stmt 0 view .LVU198
 625 0272 8446     		mov	ip, r0
 626              		.loc 1 60 10 view .LVU199
ARM GAS  C:\Users\DEVELO~1\AppData\Local\Temp\cceKKU6r.s 			page 12


 627 0274 5D1E     		subs	r5, r3, #1
 628              		.loc 1 55 17 view .LVU200
 629 0276 B0FBF8F0 		udiv	r0, r0, r8
 630              	.LVL74:
 631              		.loc 1 55 17 view .LVU201
 632 027a 08FB10CA 		mls	r10, r8, r0, ip
 633              	.LVL75:
 634              		.loc 1 56 5 is_stmt 1 view .LVU202
 635              		.loc 1 56 7 is_stmt 0 view .LVU203
 636 027e 0AF13001 		add	r1, r10, #48
 637              	.LVL76:
 638              		.loc 1 57 5 is_stmt 1 view .LVU204
 639              		.loc 1 57 8 is_stmt 0 view .LVU205
 640 0282 3929     		cmp	r1, #57
 641              		.loc 1 58 9 view .LVU206
 642 0284 C8BF     		it	gt
 643 0286 0AF13701 		addgt	r1, r10, #55
 644              	.LVL77:
 645              		.loc 1 60 5 is_stmt 1 view .LVU207
 646              		.loc 1 62 26 is_stmt 0 view .LVU208
 647 028a C445     		cmp	ip, r8
 648              		.loc 1 60 10 view .LVU209
 649 028c C9B2     		uxtb	r1, r1
 650              	.LVL78:
 651              		.loc 1 60 10 view .LVU210
 652 028e 03F8011C 		strb	r1, [r3, #-1]
 653              		.loc 1 61 5 is_stmt 1 view .LVU211
 654              	.LVL79:
 655              		.loc 1 62 26 view .LVU212
 656              		.loc 1 62 26 is_stmt 0 view .LVU213
 657 0292 EDD2     		bcs	.L73
 658              		.loc 1 64 3 is_stmt 1 view .LVU214
 659              		.loc 1 64 5 is_stmt 0 view .LVU215
 660 0294 0DF11700 		add	r0, sp, #23
 661              	.LVL80:
 662              		.loc 1 64 5 view .LVU216
 663 0298 0DF11708 		add	r8, sp, #23
 664              	.LVL81:
 665              		.loc 1 64 5 view .LVU217
 666 029c 451B     		subs	r5, r0, r5
 667              	.LVL82:
 668              		.loc 1 64 5 view .LVU218
 669 029e 1846     		mov	r0, r3
 670 02a0 03AB     		add	r3, sp, #12
 671              	.LVL83:
 672              		.loc 1 64 5 view .LVU219
 673 02a2 9C46     		mov	ip, r3
 674              		.loc 1 64 5 view .LVU220
 675 02a4 01E0     		b	.L49
 676              	.LVL84:
 677              	.L48:
 678              		.loc 1 66 12 view .LVU221
 679 02a6 10F8011B 		ldrb	r1, [r0], #1	@ zero_extendqisi2
 680              	.L49:
 681              		.loc 1 65 3 is_stmt 1 view .LVU222
 682              		.loc 1 66 5 view .LVU223
 683              	.LVL85:
ARM GAS  C:\Users\DEVELO~1\AppData\Local\Temp\cceKKU6r.s 			page 13


 684              		.loc 1 67 10 is_stmt 0 view .LVU224
 685 02aa 4045     		cmp	r0, r8
 686              		.loc 1 66 10 view .LVU225
 687 02ac 0CF8011B 		strb	r1, [ip], #1
 688              	.LVL86:
 689              		.loc 1 67 10 is_stmt 1 view .LVU226
 690 02b0 F9D1     		bne	.L48
 691              	.LBE16:
 692              	.LBE15:
 693              	.LBE14:
 694              		.loc 1 310 16 is_stmt 0 view .LVU227
 695 02b2 521B     		subs	r2, r2, r5
 696              		.loc 1 150 7 view .LVU228
 697 02b4 9A46     		mov	r10, r3
 698              		.loc 1 320 10 view .LVU229
 699 02b6 013D     		subs	r5, r5, #1
 700              	.LVL87:
 701              	.L33:
 702              		.loc 1 309 5 is_stmt 1 view .LVU230
 703              		.loc 1 310 5 view .LVU231
 704              		.loc 1 310 5 is_stmt 0 view .LVU232
 705 02b8 22EAE27B 		bic	fp, r2, r2, asr #31
 706              	.LVL88:
 707              		.loc 1 313 5 is_stmt 1 view .LVU233
 708              		.loc 1 313 8 is_stmt 0 view .LVU234
 709 02bc BEF1000F 		cmp	lr, #0
 710 02c0 AFD1     		bne	.L50
 711              		.loc 1 314 7 is_stmt 1 view .LVU235
 712              		.loc 1 316 8 is_stmt 0 view .LVU236
 713 02c2 002A     		cmp	r2, #0
 714              		.loc 1 314 13 view .LVU237
 715 02c4 CBF1000B 		rsb	fp, fp, #0
 716              	.LVL89:
 717              		.loc 1 316 5 is_stmt 1 view .LVU238
 718              		.loc 1 316 8 is_stmt 0 view .LVU239
 719 02c8 ABDD     		ble	.L50
 720              	.LVL90:
 721              	.L141:
 722              		.loc 1 317 7 is_stmt 1 view .LVU240
 723              		.loc 1 317 12 is_stmt 0 view .LVU241
 724 02ca 9AF80010 		ldrb	r1, [r10]	@ zero_extendqisi2
 725              		.loc 1 317 36 view .LVU242
 726 02ce 2B29     		cmp	r1, #43
 727 02d0 18BF     		it	ne
 728 02d2 2D29     		cmpne	r1, #45
 729 02d4 02D1     		bne	.L51
 730              		.loc 1 317 36 view .LVU243
 731 02d6 302F     		cmp	r7, #48
 732 02d8 00F09680 		beq	.L142
 733              	.LVL91:
 734              	.L51:
 735              		.loc 1 316 8 discriminator 1 view .LVU244
 736 02dc D846     		mov	r8, fp
 737              	.LVL92:
 738              	.L52:
 739              		.loc 1 322 7 is_stmt 1 discriminator 1 view .LVU245
 740              		.loc 1 323 9 discriminator 1 view .LVU246
ARM GAS  C:\Users\DEVELO~1\AppData\Local\Temp\cceKKU6r.s 			page 14


 741 02de 2368     		ldr	r3, [r4]
 742 02e0 3946     		mov	r1, r7
 743 02e2 2046     		mov	r0, r4
 744 02e4 DB68     		ldr	r3, [r3, #12]
 745 02e6 9847     		blx	r3
 746              	.LVL93:
 747              		.loc 1 324 9 discriminator 1 view .LVU247
 748              		.loc 1 325 24 discriminator 1 view .LVU248
 749              		.loc 1 325 24 is_stmt 0 discriminator 1 view .LVU249
 750 02e8 18F10108 		adds	r8, r8, #1
 751              	.LVL94:
 752              		.loc 1 325 24 discriminator 1 view .LVU250
 753 02ec F7D1     		bne	.L52
 754              		.loc 1 327 16 view .LVU251
 755 02ee 002D     		cmp	r5, #0
 756 02f0 A9EB0B09 		sub	r9, r9, fp
 757              	.LVL95:
 758              		.loc 1 327 16 is_stmt 1 view .LVU252
 759 02f4 FFF69AAE 		blt	.L5
 760              		.loc 1 325 24 is_stmt 0 view .LVU253
 761 02f8 C346     		mov	fp, r8
 762 02fa 94E7     		b	.L56
 763              	.LVL96:
 764              	.L61:
 765              		.loc 1 297 7 is_stmt 1 view .LVU254
 766              		.loc 1 232 5 is_stmt 0 view .LVU255
 767 02fc 4FF00808 		mov	r8, #8
 768 0300 AFE7     		b	.L43
 769              	.LVL97:
 770              	.L22:
 771              		.loc 1 238 7 is_stmt 1 view .LVU256
 772              		.loc 1 239 7 view .LVU257
 773              		.loc 1 239 14 is_stmt 0 view .LVU258
 774 0302 5346     		mov	r3, r10
 775              	.LVL98:
 776              		.loc 1 239 14 view .LVU259
 777 0304 53F804AB 		ldr	r10, [r3], #4
 778              	.LVL99:
 779              		.loc 1 239 14 view .LVU260
 780 0308 0193     		str	r3, [sp, #4]
 781              	.LVL100:
 782              		.loc 1 239 10 view .LVU261
 783 030a BAF1000F 		cmp	r10, #0
 784 030e 00F08880 		beq	.L143
 785              		.loc 1 245 19 view .LVU262
 786 0312 9AF80010 		ldrb	r1, [r10]	@ zero_extendqisi2
 787              	.LVL101:
 788              		.loc 1 242 7 is_stmt 1 view .LVU263
 789              		.loc 1 242 10 is_stmt 0 view .LVU264
 790 0316 0028     		cmp	r0, #0
 791 0318 68D1     		bne	.L144
 792              	.LVL102:
 793              		.loc 1 245 22 is_stmt 1 view .LVU265
 794 031a 0029     		cmp	r1, #0
 795 031c 69D0     		beq	.L31
 796              	.LVL103:
 797              	.L79:
ARM GAS  C:\Users\DEVELO~1\AppData\Local\Temp\cceKKU6r.s 			page 15


 798              		.loc 1 245 22 is_stmt 0 view .LVU266
 799 031e 47F6FE70 		movw	r0, #32766
 800              	.L28:
 801              		.loc 1 245 22 discriminator 4 view .LVU267
 802 0322 5146     		mov	r1, r10
 803 0324 01E0     		b	.L34
 804              	.LVL104:
 805              	.L32:
 806              		.loc 1 245 22 discriminator 3 view .LVU268
 807 0326 C542     		cmn	r5, r0
 808 0328 05D4     		bmi	.L131
 809              	.LVL105:
 810              	.L34:
 811              		.loc 1 245 46 is_stmt 1 discriminator 4 view .LVU269
 812              		.loc 1 245 22 discriminator 4 view .LVU270
 813 032a 11F8013F 		ldrb	r3, [r1, #1]!	@ zero_extendqisi2
 814              	.LVL106:
 815              		.loc 1 245 22 is_stmt 0 discriminator 4 view .LVU271
 816 032e AAEB0105 		sub	r5, r10, r1
 817 0332 002B     		cmp	r3, #0
 818 0334 F7D1     		bne	.L32
 819              	.L131:
 820              		.loc 1 309 7 view .LVU272
 821 0336 A1EB0A01 		sub	r1, r1, r10
 822              	.LVL107:
 823              		.loc 1 238 14 view .LVU273
 824 033a 2027     		movs	r7, #32
 825              		.loc 1 310 16 view .LVU274
 826 033c 521A     		subs	r2, r2, r1
 827              		.loc 1 320 10 view .LVU275
 828 033e 4D1E     		subs	r5, r1, #1
 829 0340 BAE7     		b	.L33
 830              	.LVL108:
 831              	.L25:
 832              		.loc 1 234 7 is_stmt 1 view .LVU276
 833              		.loc 1 235 7 view .LVU277
 834              		.loc 1 235 12 is_stmt 0 view .LVU278
 835 0342 5AF8043B 		ldr	r3, [r10], #4
 836              	.LVL109:
 837              		.loc 1 235 12 view .LVU279
 838 0346 013A     		subs	r2, r2, #1
 839              		.loc 1 234 14 view .LVU280
 840 0348 2027     		movs	r7, #32
 841 034a 22EAE27B 		bic	fp, r2, r2, asr #31
 842              		.loc 1 235 12 view .LVU281
 843 034e CDF804A0 		str	r10, [sp, #4]
 844 0352 8DF80C30 		strb	r3, [sp, #12]
 845              		.loc 1 236 7 is_stmt 1 view .LVU282
 846              	.LVL110:
 847              		.loc 1 309 5 view .LVU283
 848              		.loc 1 310 5 view .LVU284
 849              		.loc 1 313 5 view .LVU285
 850              		.loc 1 313 8 is_stmt 0 view .LVU286
 851 0356 BEF1000F 		cmp	lr, #0
 852 035a 3FF45BAF 		beq	.L145
 853              	.LVL111:
 854              	.L81:
ARM GAS  C:\Users\DEVELO~1\AppData\Local\Temp\cceKKU6r.s 			page 16


 855              		.loc 1 313 8 view .LVU287
 856 035e 0025     		movs	r5, #0
 857              	.LVL112:
 858              		.loc 1 313 8 view .LVU288
 859 0360 0DF10C0A 		add	r10, sp, #12
 860              	.LVL113:
 861              		.loc 1 313 8 view .LVU289
 862 0364 5FE7     		b	.L56
 863              	.LVL114:
 864              	.L24:
 865              		.loc 1 252 7 is_stmt 1 view .LVU290
 866              		.loc 1 252 10 is_stmt 0 view .LVU291
 867 0366 192B     		cmp	r3, #25
 868 0368 32D9     		bls	.L36
 869              		.loc 1 256 9 is_stmt 1 view .LVU292
 870              		.loc 1 256 11 is_stmt 0 view .LVU293
 871 036a 5346     		mov	r3, r10
 872              	.LVL115:
 873              		.loc 1 256 11 view .LVU294
 874 036c 53F8040B 		ldr	r0, [r3], #4
 875              	.LVL116:
 876              		.loc 1 258 10 view .LVU295
 877 0370 0028     		cmp	r0, #0
 878              		.loc 1 256 11 view .LVU296
 879 0372 0193     		str	r3, [sp, #4]
 880              	.LVL117:
 881              		.loc 1 258 7 is_stmt 1 view .LVU297
 882              		.loc 1 258 10 is_stmt 0 view .LVU298
 883 0374 32DB     		blt	.L146
 884              	.LVL118:
 885              	.L38:
 886              		.loc 1 263 9 is_stmt 1 view .LVU299
 887              		.loc 1 263 12 is_stmt 0 view .LVU300
 888 0376 002D     		cmp	r5, #0
 889 0378 59D0     		beq	.L72
 890              		.loc 1 264 11 is_stmt 1 view .LVU301
 891              	.LVL119:
 892              		.loc 1 264 16 is_stmt 0 view .LVU302
 893 037a 2B23     		movs	r3, #43
 894              		.loc 1 264 13 view .LVU303
 895 037c 0DF10D0C 		add	ip, sp, #13
 896              	.LVL120:
 897              		.loc 1 264 16 view .LVU304
 898 0380 8DF80C30 		strb	r3, [sp, #12]
 899 0384 03AB     		add	r3, sp, #12
 900              	.LVL121:
 901              	.L39:
 902              		.loc 1 266 7 is_stmt 1 view .LVU305
 903              	.LBB17:
 904              	.LBI17:
 905              		.loc 1 72 14 view .LVU306
 906              		.loc 1 74 3 view .LVU307
 907              	.LBB18:
 908              	.LBI18:
 909              		.loc 1 38 14 view .LVU308
 910              	.LBB19:
 911              		.loc 1 42 3 view .LVU309
ARM GAS  C:\Users\DEVELO~1\AppData\Local\Temp\cceKKU6r.s 			page 17


 912              		.loc 1 43 3 view .LVU310
 913              		.loc 1 44 3 view .LVU311
 914              		.loc 1 46 3 view .LVU312
 915              		.loc 1 47 3 view .LVU313
 916              		.loc 1 53 3 view .LVU314
 917              		.loc 1 53 5 is_stmt 0 view .LVU315
 918 0386 0CF10B0A 		add	r10, ip, #11
 919              	.LVL122:
 920              		.loc 1 53 5 view .LVU316
 921 038a 5546     		mov	r5, r10
 922              	.LVL123:
 923              	.L40:
 924              		.loc 1 54 3 is_stmt 1 view .LVU317
 925              		.loc 1 55 5 view .LVU318
 926              		.loc 1 55 17 is_stmt 0 view .LVU319
 927 038c 2C49     		ldr	r1, .L147
 928 038e A1FB0081 		umull	r8, r1, r1, r0
 929 0392 8046     		mov	r8, r0
 930 0394 C908     		lsrs	r1, r1, #3
 931              		.loc 1 62 26 view .LVU320
 932 0396 B8F1090F 		cmp	r8, #9
 933              		.loc 1 55 17 view .LVU321
 934 039a 01EB810B 		add	fp, r1, r1, lsl #2
 935 039e 0846     		mov	r0, r1
 936 03a0 A8EB4B01 		sub	r1, r8, fp, lsl #1
 937              	.LVL124:
 938              		.loc 1 56 5 is_stmt 1 view .LVU322
 939              		.loc 1 57 5 view .LVU323
 940              		.loc 1 60 5 view .LVU324
 941              		.loc 1 56 7 is_stmt 0 view .LVU325
 942 03a4 01F13001 		add	r1, r1, #48
 943              	.LVL125:
 944              		.loc 1 60 10 view .LVU326
 945 03a8 C9B2     		uxtb	r1, r1
 946              	.LVL126:
 947              		.loc 1 60 10 view .LVU327
 948 03aa 05F8011D 		strb	r1, [r5, #-1]!
 949              	.LVL127:
 950              		.loc 1 61 5 is_stmt 1 view .LVU328
 951              		.loc 1 62 26 view .LVU329
 952              		.loc 1 62 26 is_stmt 0 view .LVU330
 953 03ae EDDC     		bgt	.L40
 954              		.loc 1 64 3 is_stmt 1 view .LVU331
 955              	.LVL128:
 956              		.loc 1 64 5 is_stmt 0 view .LVU332
 957 03b0 AAEB0500 		sub	r0, r10, r5
 958              	.LVL129:
 959              		.loc 1 64 5 view .LVU333
 960 03b4 6044     		add	r0, r0, ip
 961 03b6 01E0     		b	.L42
 962              	.LVL130:
 963              	.L41:
 964              		.loc 1 66 12 view .LVU334
 965 03b8 15F8011F 		ldrb	r1, [r5, #1]!	@ zero_extendqisi2
 966              	.L42:
 967              		.loc 1 65 3 is_stmt 1 view .LVU335
 968              		.loc 1 66 5 view .LVU336
ARM GAS  C:\Users\DEVELO~1\AppData\Local\Temp\cceKKU6r.s 			page 18


 969              	.LVL131:
 970              		.loc 1 66 10 is_stmt 0 view .LVU337
 971 03bc 0CF8011B 		strb	r1, [ip], #1
 972              	.LVL132:
 973              		.loc 1 67 10 is_stmt 1 view .LVU338
 974              		.loc 1 67 10 is_stmt 0 view .LVU339
 975 03c0 8445     		cmp	ip, r0
 976 03c2 F9D1     		bne	.L41
 977              	.LBE19:
 978              	.LBE18:
 979              	.LBE17:
 980              		.loc 1 309 7 view .LVU340
 981 03c4 ACEB0305 		sub	r5, ip, r3
 982              		.loc 1 150 7 view .LVU341
 983 03c8 9A46     		mov	r10, r3
 984              	.LVL133:
 985              		.loc 1 310 16 view .LVU342
 986 03ca 521B     		subs	r2, r2, r5
 987              		.loc 1 320 10 view .LVU343
 988 03cc 013D     		subs	r5, r5, #1
 989 03ce 73E7     		b	.L33
 990              	.LVL134:
 991              	.L36:
 992              		.loc 1 253 9 is_stmt 1 view .LVU344
 993              		.loc 1 253 11 is_stmt 0 view .LVU345
 994 03d0 5AF8040B 		ldr	r0, [r10], #4
 995              	.LVL135:
 996              		.loc 1 258 10 view .LVU346
 997 03d4 0028     		cmp	r0, #0
 998              		.loc 1 253 11 view .LVU347
 999 03d6 CDF804A0 		str	r10, [sp, #4]
 1000              	.LVL136:
 1001              		.loc 1 258 7 is_stmt 1 view .LVU348
 1002              		.loc 1 258 10 is_stmt 0 view .LVU349
 1003 03da CCDA     		bge	.L38
 1004              	.LVL137:
 1005              	.L146:
 1006              		.loc 1 259 9 is_stmt 1 view .LVU350
 1007              		.loc 1 259 14 is_stmt 0 view .LVU351
 1008 03dc 2D23     		movs	r3, #45
 1009              		.loc 1 260 11 view .LVU352
 1010 03de 4042     		rsbs	r0, r0, #0
 1011              	.LVL138:
 1012              		.loc 1 259 11 view .LVU353
 1013 03e0 0DF10D0C 		add	ip, sp, #13
 1014              	.LVL139:
 1015              		.loc 1 259 14 view .LVU354
 1016 03e4 8DF80C30 		strb	r3, [sp, #12]
 1017              		.loc 1 260 9 is_stmt 1 view .LVU355
 1018              	.LVL140:
 1019              		.loc 1 260 9 is_stmt 0 view .LVU356
 1020 03e8 03AB     		add	r3, sp, #12
 1021              	.LVL141:
 1022              		.loc 1 260 9 view .LVU357
 1023 03ea CCE7     		b	.L39
 1024              	.LVL142:
 1025              	.L144:
ARM GAS  C:\Users\DEVELO~1\AppData\Local\Temp\cceKKU6r.s 			page 19


 1026              		.loc 1 245 22 is_stmt 1 discriminator 1 view .LVU358
 1027 03ec 09B1     		cbz	r1, .L31
 1028              	.LVL143:
 1029              	.L29:
 1030              		.loc 1 245 22 is_stmt 0 view .LVU359
 1031 03ee 0138     		subs	r0, r0, #1
 1032              	.LVL144:
 1033              		.loc 1 245 22 view .LVU360
 1034 03f0 97D5     		bpl	.L28
 1035              	.LVL145:
 1036              	.L31:
 1037              		.loc 1 309 5 is_stmt 1 view .LVU361
 1038              		.loc 1 310 5 view .LVU362
 1039              		.loc 1 310 5 is_stmt 0 view .LVU363
 1040 03f2 22EAE27B 		bic	fp, r2, r2, asr #31
 1041              	.LVL146:
 1042              		.loc 1 313 5 is_stmt 1 view .LVU364
 1043              		.loc 1 313 8 is_stmt 0 view .LVU365
 1044 03f6 BEF1000F 		cmp	lr, #0
 1045 03fa 03D1     		bne	.L80
 1046              		.loc 1 314 7 is_stmt 1 view .LVU366
 1047              		.loc 1 316 8 is_stmt 0 view .LVU367
 1048 03fc 002A     		cmp	r2, #0
 1049              		.loc 1 314 13 view .LVU368
 1050 03fe CBF1000B 		rsb	fp, fp, #0
 1051              	.LVL147:
 1052              		.loc 1 316 5 is_stmt 1 view .LVU369
 1053              		.loc 1 316 8 is_stmt 0 view .LVU370
 1054 0402 19DC     		bgt	.L82
 1055              	.L80:
 1056              		.loc 1 313 8 view .LVU371
 1057 0404 2027     		movs	r7, #32
 1058 0406 1CE7     		b	.L55
 1059              	.LVL148:
 1060              	.L142:
 1061              		.loc 1 318 9 is_stmt 1 view .LVU372
 1062 0408 2268     		ldr	r2, [r4]
 1063 040a 2046     		mov	r0, r4
 1064 040c 0AF1010A 		add	r10, r10, #1
 1065              	.LVL149:
 1066              		.loc 1 319 10 is_stmt 0 view .LVU373
 1067 0410 09F10109 		add	r9, r9, #1
 1068              	.LVL150:
 1069              		.loc 1 318 9 view .LVU374
 1070 0414 D268     		ldr	r2, [r2, #12]
 1071              		.loc 1 327 16 view .LVU375
 1072 0416 013D     		subs	r5, r5, #1
 1073              		.loc 1 318 9 view .LVU376
 1074 0418 9047     		blx	r2
 1075              	.LVL151:
 1076              		.loc 1 319 9 is_stmt 1 view .LVU377
 1077              		.loc 1 320 9 view .LVU378
 1078              		.loc 1 320 9 is_stmt 0 view .LVU379
 1079 041a 5FE7     		b	.L51
 1080              	.LVL152:
 1081              	.L60:
 1082              		.loc 1 232 5 view .LVU380
ARM GAS  C:\Users\DEVELO~1\AppData\Local\Temp\cceKKU6r.s 			page 20


 1083 041c 4FF00A08 		mov	r8, #10
 1084 0420 1FE7     		b	.L43
 1085              	.LVL153:
 1086              	.L143:
 1087              		.loc 1 242 7 is_stmt 1 view .LVU381
 1088              		.loc 1 240 11 is_stmt 0 view .LVU382
 1089 0422 DFF820A0 		ldr	r10, .L147+4
 1090              		.loc 1 242 10 view .LVU383
 1091 0426 0028     		cmp	r0, #0
 1092 0428 3FF479AF 		beq	.L79
 1093 042c DFE7     		b	.L29
 1094              	.LVL154:
 1095              	.L72:
 1096              		.loc 1 149 7 view .LVU384
 1097 042e 03AB     		add	r3, sp, #12
 1098              	.LVL155:
 1099              		.loc 1 149 7 view .LVU385
 1100 0430 9C46     		mov	ip, r3
 1101 0432 A8E7     		b	.L39
 1102              	.LVL156:
 1103              	.L64:
 1104              		.loc 1 127 7 view .LVU386
 1105 0434 8946     		mov	r9, r1
 1106 0436 DEE6     		b	.L1
 1107              	.LVL157:
 1108              	.L82:
 1109              		.loc 1 316 8 view .LVU387
 1110 0438 2027     		movs	r7, #32
 1111 043a 4FF0FF35 		mov	r5, #-1
 1112              	.LVL158:
 1113              		.loc 1 316 8 view .LVU388
 1114 043e 4DE7     		b	.L51
 1115              	.L148:
 1116              		.align	2
 1117              	.L147:
 1118 0440 CDCCCCCC 		.word	-858993459
 1119 0444 00000000 		.word	.LC0
 1120              		.cfi_endproc
 1121              	.LFE434:
 1122              		.size	chvprintf, .-chvprintf
 1123              		.section	.text.chprintf,"ax",%progbits
 1124              		.align	1
 1125              		.p2align 4,,15
 1126              		.global	chprintf
 1127              		.syntax unified
 1128              		.thumb
 1129              		.thumb_func
 1130              		.type	chprintf, %function
 1131              	chprintf:
 1132              	.LVL159:
 1133              	.LFB435:
 1134              		.loc 1 365 63 is_stmt 1 view -0
 1135              		.cfi_startproc
 1136              		@ args = 4, pretend = 12, frame = 8
 1137              		@ frame_needed = 0, uses_anonymous_args = 1
 1138              		.loc 1 366 3 view .LVU390
 1139              		.loc 1 367 3 view .LVU391
ARM GAS  C:\Users\DEVELO~1\AppData\Local\Temp\cceKKU6r.s 			page 21


 1140              		.loc 1 369 3 view .LVU392
 1141              		.loc 1 365 63 is_stmt 0 view .LVU393
 1142 0000 0EB4     		push	{r1, r2, r3}
 1143              		.cfi_def_cfa_offset 12
 1144              		.cfi_offset 1, -12
 1145              		.cfi_offset 2, -8
 1146              		.cfi_offset 3, -4
 1147 0002 00B5     		push	{lr}
 1148              		.cfi_def_cfa_offset 16
 1149              		.cfi_offset 14, -16
 1150 0004 82B0     		sub	sp, sp, #8
 1151              		.cfi_def_cfa_offset 24
 1152              		.loc 1 365 63 view .LVU394
 1153 0006 03AA     		add	r2, sp, #12
 1154 0008 52F8041B 		ldr	r1, [r2], #4
 1155              		.loc 1 369 3 view .LVU395
 1156 000c 0192     		str	r2, [sp, #4]
 1157              		.loc 1 370 3 is_stmt 1 view .LVU396
 1158              		.loc 1 370 21 is_stmt 0 view .LVU397
 1159 000e FFF7FEFF 		bl	chvprintf
 1160              	.LVL160:
 1161              		.loc 1 371 3 is_stmt 1 view .LVU398
 1162              		.loc 1 373 3 view .LVU399
 1163              		.loc 1 374 1 is_stmt 0 view .LVU400
 1164 0012 02B0     		add	sp, sp, #8
 1165              		.cfi_def_cfa_offset 16
 1166              		@ sp needed
 1167 0014 5DF804EB 		ldr	lr, [sp], #4
 1168              		.cfi_restore 14
 1169              		.cfi_def_cfa_offset 12
 1170 0018 03B0     		add	sp, sp, #12
 1171              		.cfi_restore 3
 1172              		.cfi_restore 2
 1173              		.cfi_restore 1
 1174              		.cfi_def_cfa_offset 0
 1175 001a 7047     		bx	lr
 1176              		.cfi_endproc
 1177              	.LFE435:
 1178              		.size	chprintf, .-chprintf
 1179              		.section	.text.chsnprintf,"ax",%progbits
 1180              		.align	1
 1181              		.p2align 4,,15
 1182              		.global	chsnprintf
 1183              		.syntax unified
 1184              		.thumb
 1185              		.thumb_func
 1186              		.type	chsnprintf, %function
 1187              	chsnprintf:
 1188              	.LVL161:
 1189              	.LFB436:
 1190              		.loc 1 403 62 is_stmt 1 view -0
 1191              		.cfi_startproc
 1192              		@ args = 4, pretend = 8, frame = 24
 1193              		@ frame_needed = 0, uses_anonymous_args = 1
 1194              		.loc 1 404 3 view .LVU402
 1195              		.loc 1 405 3 view .LVU403
 1196              		.loc 1 408 3 view .LVU404
ARM GAS  C:\Users\DEVELO~1\AppData\Local\Temp\cceKKU6r.s 			page 22


 1197              		.loc 1 403 62 is_stmt 0 view .LVU405
 1198 0000 0CB4     		push	{r2, r3}
 1199              		.cfi_def_cfa_offset 8
 1200              		.cfi_offset 2, -8
 1201              		.cfi_offset 3, -4
 1202 0002 F0B5     		push	{r4, r5, r6, r7, lr}
 1203              		.cfi_def_cfa_offset 28
 1204              		.cfi_offset 4, -28
 1205              		.cfi_offset 5, -24
 1206              		.cfi_offset 6, -20
 1207              		.cfi_offset 7, -16
 1208              		.cfi_offset 14, -12
 1209 0004 87B0     		sub	sp, sp, #28
 1210              		.cfi_def_cfa_offset 56
 1211              		.loc 1 403 62 view .LVU406
 1212 0006 0646     		mov	r6, r0
 1213              	.LBB22:
 1214              	.LBB23:
 1215              		.loc 1 450 6 view .LVU407
 1216 0008 0C46     		mov	r4, r1
 1217              	.LBE23:
 1218              	.LBE22:
 1219              		.loc 1 403 62 view .LVU408
 1220 000a 0CAD     		add	r5, sp, #48
 1221 000c 55F8047B 		ldr	r7, [r5], #4
 1222              		.loc 1 408 3 view .LVU409
 1223 0010 0095     		str	r5, [sp]
 1224              		.loc 1 409 3 is_stmt 1 view .LVU410
 1225              	.LVL162:
 1226              	.LBB26:
 1227              	.LBI22:
 1228              		.loc 1 444 5 view .LVU411
 1229              	.LBB24:
 1230              		.loc 1 445 3 view .LVU412
 1231              		.loc 1 446 3 view .LVU413
 1232              		.loc 1 447 3 view .LVU414
 1233              		.loc 1 448 3 view .LVU415
 1234              		.loc 1 450 3 view .LVU416
 1235              		.loc 1 450 6 is_stmt 0 view .LVU417
 1236 0012 A1B1     		cbz	r1, .L152
 1237              		.loc 1 451 5 is_stmt 1 view .LVU418
 1238              	.LVL163:
 1239              		.loc 1 457 3 view .LVU419
 1240 0014 0023     		movs	r3, #0
 1241 0016 4A1E     		subs	r2, r1, #1
 1242              	.LVL164:
 1243              		.loc 1 457 3 is_stmt 0 view .LVU420
 1244 0018 0146     		mov	r1, r0
 1245              	.LVL165:
 1246              		.loc 1 457 3 view .LVU421
 1247 001a 01A8     		add	r0, sp, #4
 1248              	.LVL166:
 1249              		.loc 1 457 3 view .LVU422
 1250 001c FFF7FEFF 		bl	msObjectInit
 1251              	.LVL167:
 1252              		.loc 1 460 3 is_stmt 1 view .LVU423
 1253              		.loc 1 461 3 view .LVU424
ARM GAS  C:\Users\DEVELO~1\AppData\Local\Temp\cceKKU6r.s 			page 23


 1254              		.loc 1 461 12 is_stmt 0 view .LVU425
 1255 0020 2A46     		mov	r2, r5
 1256 0022 3946     		mov	r1, r7
 1257 0024 01A8     		add	r0, sp, #4
 1258              	.LVL168:
 1259              		.loc 1 461 12 view .LVU426
 1260 0026 FFF7FEFF 		bl	chvprintf
 1261              	.LVL169:
 1262              		.loc 1 464 9 view .LVU427
 1263 002a 049B     		ldr	r3, [sp, #16]
 1264              	.LVL170:
 1265              		.loc 1 464 3 is_stmt 1 view .LVU428
 1266              		.loc 1 464 6 is_stmt 0 view .LVU429
 1267 002c 9C42     		cmp	r4, r3
 1268 002e 01D9     		bls	.L151
 1269              		.loc 1 465 5 is_stmt 1 view .LVU430
 1270              		.loc 1 465 17 is_stmt 0 view .LVU431
 1271 0030 0022     		movs	r2, #0
 1272 0032 F254     		strb	r2, [r6, r3]
 1273              		.loc 1 469 3 is_stmt 1 view .LVU432
 1274              	.LVL171:
 1275              		.loc 1 469 3 is_stmt 0 view .LVU433
 1276              	.LBE24:
 1277              	.LBE26:
 1278              		.loc 1 410 3 is_stmt 1 view .LVU434
 1279              		.loc 1 413 3 view .LVU435
 1280              	.L151:
 1281              		.loc 1 414 1 is_stmt 0 view .LVU436
 1282 0034 07B0     		add	sp, sp, #28
 1283              		.cfi_remember_state
 1284              		.cfi_def_cfa_offset 28
 1285              		@ sp needed
 1286 0036 BDE8F040 		pop	{r4, r5, r6, r7, lr}
 1287              		.cfi_restore 14
 1288              		.cfi_restore 7
 1289              		.cfi_restore 6
 1290              		.cfi_restore 5
 1291              		.cfi_restore 4
 1292              		.cfi_def_cfa_offset 8
 1293              	.LVL172:
 1294              		.loc 1 414 1 view .LVU437
 1295 003a 02B0     		add	sp, sp, #8
 1296              		.cfi_restore 3
 1297              		.cfi_restore 2
 1298              		.cfi_def_cfa_offset 0
 1299 003c 7047     		bx	lr
 1300              	.LVL173:
 1301              	.L152:
 1302              		.cfi_restore_state
 1303              	.LBB27:
 1304              	.LBB25:
 1305              		.loc 1 457 3 is_stmt 1 view .LVU438
 1306 003e 0146     		mov	r1, r0
 1307              	.LVL174:
 1308              		.loc 1 457 3 is_stmt 0 view .LVU439
 1309 0040 2346     		mov	r3, r4
 1310 0042 2246     		mov	r2, r4
ARM GAS  C:\Users\DEVELO~1\AppData\Local\Temp\cceKKU6r.s 			page 24


 1311 0044 01A8     		add	r0, sp, #4
 1312              	.LVL175:
 1313              		.loc 1 457 3 view .LVU440
 1314 0046 FFF7FEFF 		bl	msObjectInit
 1315              	.LVL176:
 1316              		.loc 1 460 3 is_stmt 1 view .LVU441
 1317              		.loc 1 461 3 view .LVU442
 1318              		.loc 1 461 12 is_stmt 0 view .LVU443
 1319 004a 2A46     		mov	r2, r5
 1320 004c 3946     		mov	r1, r7
 1321 004e 01A8     		add	r0, sp, #4
 1322              	.LVL177:
 1323              		.loc 1 461 12 view .LVU444
 1324 0050 FFF7FEFF 		bl	chvprintf
 1325              	.LVL178:
 1326              		.loc 1 464 3 is_stmt 1 view .LVU445
 1327              	.LBE25:
 1328              	.LBE27:
 1329              		.loc 1 414 1 is_stmt 0 view .LVU446
 1330 0054 07B0     		add	sp, sp, #28
 1331              		.cfi_def_cfa_offset 28
 1332              		@ sp needed
 1333 0056 BDE8F040 		pop	{r4, r5, r6, r7, lr}
 1334              		.cfi_restore 14
 1335              		.cfi_restore 7
 1336              		.cfi_restore 6
 1337              		.cfi_restore 5
 1338              		.cfi_restore 4
 1339              		.cfi_def_cfa_offset 8
 1340              	.LVL179:
 1341              		.loc 1 414 1 view .LVU447
 1342 005a 02B0     		add	sp, sp, #8
 1343              		.cfi_restore 3
 1344              		.cfi_restore 2
 1345              		.cfi_def_cfa_offset 0
 1346 005c 7047     		bx	lr
 1347              		.cfi_endproc
 1348              	.LFE436:
 1349              		.size	chsnprintf, .-chsnprintf
 1350 005e 00BF     		.section	.text.chvsnprintf,"ax",%progbits
 1351              		.align	1
 1352              		.p2align 4,,15
 1353              		.global	chvsnprintf
 1354              		.syntax unified
 1355              		.thumb
 1356              		.thumb_func
 1357              		.type	chvsnprintf, %function
 1358              	chvsnprintf:
 1359              	.LVL180:
 1360              	.LFB437:
 1361              		.loc 1 444 70 is_stmt 1 view -0
 1362              		.cfi_startproc
 1363              		@ args = 0, pretend = 0, frame = 24
 1364              		@ frame_needed = 0, uses_anonymous_args = 0
 1365              		.loc 1 445 3 view .LVU449
 1366              		.loc 1 446 3 view .LVU450
 1367              		.loc 1 447 3 view .LVU451
ARM GAS  C:\Users\DEVELO~1\AppData\Local\Temp\cceKKU6r.s 			page 25


 1368              		.loc 1 448 3 view .LVU452
 1369              		.loc 1 450 3 view .LVU453
 1370              		.loc 1 444 70 is_stmt 0 view .LVU454
 1371 0000 F0B5     		push	{r4, r5, r6, r7, lr}
 1372              		.cfi_def_cfa_offset 20
 1373              		.cfi_offset 4, -20
 1374              		.cfi_offset 5, -16
 1375              		.cfi_offset 6, -12
 1376              		.cfi_offset 7, -8
 1377              		.cfi_offset 14, -4
 1378 0002 0546     		mov	r5, r0
 1379 0004 87B0     		sub	sp, sp, #28
 1380              		.cfi_def_cfa_offset 48
 1381              		.loc 1 450 6 view .LVU455
 1382 0006 0C46     		mov	r4, r1
 1383              		.loc 1 444 70 view .LVU456
 1384 0008 1646     		mov	r6, r2
 1385 000a 1F46     		mov	r7, r3
 1386              	.LVL181:
 1387              		.loc 1 450 6 view .LVU457
 1388 000c 89B1     		cbz	r1, .L156
 1389              		.loc 1 451 5 is_stmt 1 view .LVU458
 1390              	.LVL182:
 1391              		.loc 1 457 3 view .LVU459
 1392 000e 0023     		movs	r3, #0
 1393 0010 4A1E     		subs	r2, r1, #1
 1394              	.LVL183:
 1395              		.loc 1 457 3 is_stmt 0 view .LVU460
 1396 0012 0146     		mov	r1, r0
 1397              	.LVL184:
 1398              		.loc 1 457 3 view .LVU461
 1399 0014 01A8     		add	r0, sp, #4
 1400              	.LVL185:
 1401              		.loc 1 457 3 view .LVU462
 1402 0016 FFF7FEFF 		bl	msObjectInit
 1403              	.LVL186:
 1404              		.loc 1 460 3 is_stmt 1 view .LVU463
 1405              		.loc 1 461 3 view .LVU464
 1406              		.loc 1 461 12 is_stmt 0 view .LVU465
 1407 001a 3A46     		mov	r2, r7
 1408 001c 3146     		mov	r1, r6
 1409 001e 01A8     		add	r0, sp, #4
 1410              	.LVL187:
 1411              		.loc 1 461 12 view .LVU466
 1412 0020 FFF7FEFF 		bl	chvprintf
 1413              	.LVL188:
 1414              		.loc 1 464 9 view .LVU467
 1415 0024 049B     		ldr	r3, [sp, #16]
 1416              	.LVL189:
 1417              		.loc 1 464 3 is_stmt 1 view .LVU468
 1418              		.loc 1 464 6 is_stmt 0 view .LVU469
 1419 0026 A342     		cmp	r3, r4
 1420 0028 01D2     		bcs	.L155
 1421              		.loc 1 465 5 is_stmt 1 view .LVU470
 1422              		.loc 1 465 17 is_stmt 0 view .LVU471
 1423 002a 0022     		movs	r2, #0
 1424 002c EA54     		strb	r2, [r5, r3]
ARM GAS  C:\Users\DEVELO~1\AppData\Local\Temp\cceKKU6r.s 			page 26


 1425              		.loc 1 469 3 is_stmt 1 view .LVU472
 1426              	.L155:
 1427              		.loc 1 470 1 is_stmt 0 view .LVU473
 1428 002e 07B0     		add	sp, sp, #28
 1429              		.cfi_remember_state
 1430              		.cfi_def_cfa_offset 20
 1431              		@ sp needed
 1432 0030 F0BD     		pop	{r4, r5, r6, r7, pc}
 1433              	.LVL190:
 1434              	.L156:
 1435              		.cfi_restore_state
 1436              		.loc 1 457 3 is_stmt 1 view .LVU474
 1437 0032 0146     		mov	r1, r0
 1438              	.LVL191:
 1439              		.loc 1 457 3 is_stmt 0 view .LVU475
 1440 0034 2346     		mov	r3, r4
 1441 0036 2246     		mov	r2, r4
 1442              	.LVL192:
 1443              		.loc 1 457 3 view .LVU476
 1444 0038 01A8     		add	r0, sp, #4
 1445              	.LVL193:
 1446              		.loc 1 457 3 view .LVU477
 1447 003a FFF7FEFF 		bl	msObjectInit
 1448              	.LVL194:
 1449              		.loc 1 460 3 is_stmt 1 view .LVU478
 1450              		.loc 1 461 3 view .LVU479
 1451              		.loc 1 461 12 is_stmt 0 view .LVU480
 1452 003e 3A46     		mov	r2, r7
 1453 0040 3146     		mov	r1, r6
 1454 0042 01A8     		add	r0, sp, #4
 1455              	.LVL195:
 1456              		.loc 1 461 12 view .LVU481
 1457 0044 FFF7FEFF 		bl	chvprintf
 1458              	.LVL196:
 1459              		.loc 1 464 3 is_stmt 1 view .LVU482
 1460              		.loc 1 470 1 is_stmt 0 view .LVU483
 1461 0048 07B0     		add	sp, sp, #28
 1462              		.cfi_def_cfa_offset 20
 1463              		@ sp needed
 1464 004a F0BD     		pop	{r4, r5, r6, r7, pc}
 1465              		.loc 1 470 1 view .LVU484
 1466              		.cfi_endproc
 1467              	.LFE437:
 1468              		.size	chvsnprintf, .-chvsnprintf
 1469              		.text
 1470              	.Letext0:
 1471              		.file 2 "c:\\chibistudio\\tools\\gnu tools arm embedded\\11.3 2022.08\\lib\\gcc\\arm-none-eabi\\11
 1472              		.file 3 "c:\\chibistudio\\tools\\gnu tools arm embedded\\11.3 2022.08\\arm-none-eabi\\include\\mac
 1473              		.file 4 "c:\\chibistudio\\tools\\gnu tools arm embedded\\11.3 2022.08\\arm-none-eabi\\include\\sys
 1474              		.file 5 "../../../os/rt/include/chearly.h"
 1475              		.file 6 "c:\\chibistudio\\tools\\gnu tools arm embedded\\11.3 2022.08\\lib\\gcc\\arm-none-eabi\\11
 1476              		.file 7 "../../../os/hal/include/hal_streams.h"
 1477              		.file 8 "../../../os/hal/lib/streams/memstreams.h"
 1478              		.file 9 "<built-in>"
 1479              		.section	.debug_info,"",%progbits
 1480              	.Ldebug_info0:
 1481 0000 C5090000 		.4byte	0x9c5
ARM GAS  C:\Users\DEVELO~1\AppData\Local\Temp\cceKKU6r.s 			page 27


 1482 0004 0500     		.2byte	0x5
 1483 0006 01       		.byte	0x1
 1484 0007 04       		.byte	0x4
 1485 0008 00000000 		.4byte	.Ldebug_abbrev0
 1486 000c 25       		.uleb128 0x25
 1487 000d 34020000 		.4byte	.LASF48
 1488 0011 1D       		.byte	0x1d
 1489 0012 89000000 		.4byte	.LASF49
 1490 0016 75010000 		.4byte	.LASF50
 1491 001a 1B000000 		.4byte	.LLRL53
 1492 001e 00000000 		.4byte	0
 1493 0022 00000000 		.4byte	.Ldebug_line0
 1494 0026 05       		.uleb128 0x5
 1495 0027 08       		.byte	0x8
 1496 0028 07       		.byte	0x7
 1497 0029 49010000 		.4byte	.LASF0
 1498 002d 05       		.uleb128 0x5
 1499 002e 04       		.byte	0x4
 1500 002f 07       		.byte	0x7
 1501 0030 68010000 		.4byte	.LASF1
 1502 0034 26       		.uleb128 0x26
 1503 0035 04       		.byte	0x4
 1504 0036 05       		.byte	0x5
 1505 0037 696E7400 		.ascii	"int\000"
 1506 003b 07       		.uleb128 0x7
 1507 003c 39000000 		.4byte	.LASF5
 1508 0040 02       		.byte	0x2
 1509 0041 D1       		.byte	0xd1
 1510 0042 17       		.byte	0x17
 1511 0043 2D000000 		.4byte	0x2d
 1512 0047 05       		.uleb128 0x5
 1513 0048 08       		.byte	0x8
 1514 0049 05       		.byte	0x5
 1515 004a BB000000 		.4byte	.LASF2
 1516 004e 05       		.uleb128 0x5
 1517 004f 08       		.byte	0x8
 1518 0050 04       		.byte	0x4
 1519 0051 23010000 		.4byte	.LASF3
 1520 0055 05       		.uleb128 0x5
 1521 0056 01       		.byte	0x1
 1522 0057 06       		.byte	0x6
 1523 0058 3D010000 		.4byte	.LASF4
 1524 005c 07       		.uleb128 0x7
 1525 005d F5000000 		.4byte	.LASF6
 1526 0061 03       		.byte	0x3
 1527 0062 2B       		.byte	0x2b
 1528 0063 18       		.byte	0x18
 1529 0064 68000000 		.4byte	0x68
 1530 0068 05       		.uleb128 0x5
 1531 0069 01       		.byte	0x1
 1532 006a 08       		.byte	0x8
 1533 006b 2F010000 		.4byte	.LASF7
 1534 006f 05       		.uleb128 0x5
 1535 0070 02       		.byte	0x2
 1536 0071 05       		.byte	0x5
 1537 0072 2F000000 		.4byte	.LASF8
 1538 0076 05       		.uleb128 0x5
ARM GAS  C:\Users\DEVELO~1\AppData\Local\Temp\cceKKU6r.s 			page 28


 1539 0077 02       		.byte	0x2
 1540 0078 07       		.byte	0x7
 1541 0079 DE010000 		.4byte	.LASF9
 1542 007d 07       		.uleb128 0x7
 1543 007e EE020000 		.4byte	.LASF10
 1544 0082 03       		.byte	0x3
 1545 0083 4D       		.byte	0x4d
 1546 0084 18       		.byte	0x18
 1547 0085 89000000 		.4byte	0x89
 1548 0089 05       		.uleb128 0x5
 1549 008a 04       		.byte	0x4
 1550 008b 05       		.byte	0x5
 1551 008c FB010000 		.4byte	.LASF11
 1552 0090 05       		.uleb128 0x5
 1553 0091 04       		.byte	0x4
 1554 0092 07       		.byte	0x7
 1555 0093 22020000 		.4byte	.LASF12
 1556 0097 07       		.uleb128 0x7
 1557 0098 81000000 		.4byte	.LASF13
 1558 009c 04       		.byte	0x4
 1559 009d 18       		.byte	0x18
 1560 009e 13       		.byte	0x13
 1561 009f 5C000000 		.4byte	0x5c
 1562 00a3 0E       		.uleb128 0xe
 1563 00a4 97000000 		.4byte	0x97
 1564 00a8 07       		.uleb128 0x7
 1565 00a9 04020000 		.4byte	.LASF14
 1566 00ad 04       		.byte	0x4
 1567 00ae 2C       		.byte	0x2c
 1568 00af 13       		.byte	0x13
 1569 00b0 7D000000 		.4byte	0x7d
 1570 00b4 07       		.uleb128 0x7
 1571 00b5 37030000 		.4byte	.LASF15
 1572 00b9 05       		.byte	0x5
 1573 00ba 58       		.byte	0x58
 1574 00bb 19       		.byte	0x19
 1575 00bc A8000000 		.4byte	0xa8
 1576 00c0 06       		.uleb128 0x6
 1577 00c1 CC000000 		.4byte	0xcc
 1578 00c5 05       		.uleb128 0x5
 1579 00c6 01       		.byte	0x1
 1580 00c7 08       		.byte	0x8
 1581 00c8 F6010000 		.4byte	.LASF16
 1582 00cc 0E       		.uleb128 0xe
 1583 00cd C5000000 		.4byte	0xc5
 1584 00d1 27       		.uleb128 0x27
 1585 00d2 04       		.byte	0x4
 1586 00d3 05       		.uleb128 0x5
 1587 00d4 01       		.byte	0x1
 1588 00d5 02       		.byte	0x2
 1589 00d6 0C020000 		.4byte	.LASF17
 1590 00da 06       		.uleb128 0x6
 1591 00db 97000000 		.4byte	0x97
 1592 00df 07       		.uleb128 0x7
 1593 00e0 13030000 		.4byte	.LASF18
 1594 00e4 06       		.byte	0x6
 1595 00e5 28       		.byte	0x28
ARM GAS  C:\Users\DEVELO~1\AppData\Local\Temp\cceKKU6r.s 			page 29


 1596 00e6 1B       		.byte	0x1b
 1597 00e7 EB000000 		.4byte	0xeb
 1598 00eb 28       		.uleb128 0x28
 1599 00ec EB000000 		.4byte	.LASF51
 1600 00f0 04       		.byte	0x4
 1601 00f1 09       		.byte	0x9
 1602 00f2 00       		.byte	0
 1603 00f3 02010000 		.4byte	0x102
 1604 00f7 29       		.uleb128 0x29
 1605 00f8 F1010000 		.4byte	.LASF52
 1606 00fc D1000000 		.4byte	0xd1
 1607 0100 00       		.byte	0
 1608 0101 00       		.byte	0
 1609 0102 07       		.uleb128 0x7
 1610 0103 65000000 		.4byte	.LASF19
 1611 0107 06       		.byte	0x6
 1612 0108 63       		.byte	0x63
 1613 0109 18       		.byte	0x18
 1614 010a DF000000 		.4byte	0xdf
 1615 010e 17       		.uleb128 0x17
 1616 010f 51030000 		.4byte	.LASF24
 1617 0113 14       		.byte	0x14
 1618 0114 07       		.byte	0x7
 1619 0115 4F       		.byte	0x4f
 1620 0116 59010000 		.4byte	0x159
 1621 011a 08       		.uleb128 0x8
 1622 011b C9000000 		.4byte	.LASF20
 1623 011f 07       		.byte	0x7
 1624 0120 50       		.byte	0x50
 1625 0121 3B000000 		.4byte	0x3b
 1626 0125 00       		.byte	0
 1627 0126 08       		.uleb128 0x8
 1628 0127 0C000000 		.4byte	.LASF21
 1629 012b 07       		.byte	0x7
 1630 012c 50       		.byte	0x50
 1631 012d 7C010000 		.4byte	0x17c
 1632 0131 04       		.byte	0x4
 1633 0132 08       		.uleb128 0x8
 1634 0133 B6000000 		.4byte	.LASF22
 1635 0137 07       		.byte	0x7
 1636 0138 50       		.byte	0x50
 1637 0139 9A010000 		.4byte	0x19a
 1638 013d 08       		.byte	0x8
 1639 013e 09       		.uleb128 0x9
 1640 013f 70757400 		.ascii	"put\000"
 1641 0143 07       		.byte	0x7
 1642 0144 50       		.byte	0x50
 1643 0145 03       		.byte	0x3
 1644 0146 B3010000 		.4byte	0x1b3
 1645 014a 0C       		.byte	0xc
 1646 014b 09       		.uleb128 0x9
 1647 014c 67657400 		.ascii	"get\000"
 1648 0150 07       		.byte	0x7
 1649 0151 50       		.byte	0x50
 1650 0152 03       		.byte	0x3
 1651 0153 C7010000 		.4byte	0x1c7
 1652 0157 10       		.byte	0x10
ARM GAS  C:\Users\DEVELO~1\AppData\Local\Temp\cceKKU6r.s 			page 30


 1653 0158 00       		.byte	0
 1654 0159 0E       		.uleb128 0xe
 1655 015a 0E010000 		.4byte	0x10e
 1656 015e 0F       		.uleb128 0xf
 1657 015f 3B000000 		.4byte	0x3b
 1658 0163 77010000 		.4byte	0x177
 1659 0167 04       		.uleb128 0x4
 1660 0168 D1000000 		.4byte	0xd1
 1661 016c 04       		.uleb128 0x4
 1662 016d 77010000 		.4byte	0x177
 1663 0171 04       		.uleb128 0x4
 1664 0172 3B000000 		.4byte	0x3b
 1665 0176 00       		.byte	0
 1666 0177 06       		.uleb128 0x6
 1667 0178 A3000000 		.4byte	0xa3
 1668 017c 06       		.uleb128 0x6
 1669 017d 5E010000 		.4byte	0x15e
 1670 0181 0F       		.uleb128 0xf
 1671 0182 3B000000 		.4byte	0x3b
 1672 0186 9A010000 		.4byte	0x19a
 1673 018a 04       		.uleb128 0x4
 1674 018b D1000000 		.4byte	0xd1
 1675 018f 04       		.uleb128 0x4
 1676 0190 DA000000 		.4byte	0xda
 1677 0194 04       		.uleb128 0x4
 1678 0195 3B000000 		.4byte	0x3b
 1679 0199 00       		.byte	0
 1680 019a 06       		.uleb128 0x6
 1681 019b 81010000 		.4byte	0x181
 1682 019f 0F       		.uleb128 0xf
 1683 01a0 B4000000 		.4byte	0xb4
 1684 01a4 B3010000 		.4byte	0x1b3
 1685 01a8 04       		.uleb128 0x4
 1686 01a9 D1000000 		.4byte	0xd1
 1687 01ad 04       		.uleb128 0x4
 1688 01ae 97000000 		.4byte	0x97
 1689 01b2 00       		.byte	0
 1690 01b3 06       		.uleb128 0x6
 1691 01b4 9F010000 		.4byte	0x19f
 1692 01b8 0F       		.uleb128 0xf
 1693 01b9 B4000000 		.4byte	0xb4
 1694 01bd C7010000 		.4byte	0x1c7
 1695 01c1 04       		.uleb128 0x4
 1696 01c2 D1000000 		.4byte	0xd1
 1697 01c6 00       		.byte	0
 1698 01c7 06       		.uleb128 0x6
 1699 01c8 B8010000 		.4byte	0x1b8
 1700 01cc 18       		.uleb128 0x18
 1701 01cd 04       		.byte	0x4
 1702 01ce 07       		.byte	0x7
 1703 01cf 5A       		.byte	0x5a
 1704 01d0 E2010000 		.4byte	0x1e2
 1705 01d4 09       		.uleb128 0x9
 1706 01d5 766D7400 		.ascii	"vmt\000"
 1707 01d9 07       		.byte	0x7
 1708 01da 5C       		.byte	0x5c
 1709 01db 29       		.byte	0x29
ARM GAS  C:\Users\DEVELO~1\AppData\Local\Temp\cceKKU6r.s 			page 31


 1710 01dc E2010000 		.4byte	0x1e2
 1711 01e0 00       		.byte	0
 1712 01e1 00       		.byte	0
 1713 01e2 06       		.uleb128 0x6
 1714 01e3 59010000 		.4byte	0x159
 1715 01e7 07       		.uleb128 0x7
 1716 01e8 40000000 		.4byte	.LASF23
 1717 01ec 07       		.byte	0x7
 1718 01ed 5E       		.byte	0x5e
 1719 01ee 03       		.byte	0x3
 1720 01ef CC010000 		.4byte	0x1cc
 1721 01f3 17       		.uleb128 0x17
 1722 01f4 74000000 		.4byte	.LASF25
 1723 01f8 18       		.byte	0x18
 1724 01f9 08       		.byte	0x8
 1725 01fa 3D       		.byte	0x3d
 1726 01fb 4A020000 		.4byte	0x24a
 1727 01ff 08       		.uleb128 0x8
 1728 0200 C9000000 		.4byte	.LASF20
 1729 0204 08       		.byte	0x8
 1730 0205 3E       		.byte	0x3e
 1731 0206 3B000000 		.4byte	0x3b
 1732 020a 00       		.byte	0
 1733 020b 08       		.uleb128 0x8
 1734 020c 0C000000 		.4byte	.LASF21
 1735 0210 08       		.byte	0x8
 1736 0211 3E       		.byte	0x3e
 1737 0212 7C010000 		.4byte	0x17c
 1738 0216 04       		.byte	0x4
 1739 0217 08       		.uleb128 0x8
 1740 0218 B6000000 		.4byte	.LASF22
 1741 021c 08       		.byte	0x8
 1742 021d 3E       		.byte	0x3e
 1743 021e 9A010000 		.4byte	0x19a
 1744 0222 08       		.byte	0x8
 1745 0223 09       		.uleb128 0x9
 1746 0224 70757400 		.ascii	"put\000"
 1747 0228 08       		.byte	0x8
 1748 0229 3E       		.byte	0x3e
 1749 022a 03       		.byte	0x3
 1750 022b B3010000 		.4byte	0x1b3
 1751 022f 0C       		.byte	0xc
 1752 0230 09       		.uleb128 0x9
 1753 0231 67657400 		.ascii	"get\000"
 1754 0235 08       		.byte	0x8
 1755 0236 3E       		.byte	0x3e
 1756 0237 03       		.byte	0x3
 1757 0238 C7010000 		.4byte	0x1c7
 1758 023c 10       		.byte	0x10
 1759 023d 08       		.uleb128 0x8
 1760 023e D2010000 		.4byte	.LASF26
 1761 0242 08       		.byte	0x8
 1762 0243 3E       		.byte	0x3e
 1763 0244 B3010000 		.4byte	0x1b3
 1764 0248 14       		.byte	0x14
 1765 0249 00       		.byte	0
 1766 024a 0E       		.uleb128 0xe
ARM GAS  C:\Users\DEVELO~1\AppData\Local\Temp\cceKKU6r.s 			page 32


 1767 024b F3010000 		.4byte	0x1f3
 1768 024f 18       		.uleb128 0x18
 1769 0250 14       		.byte	0x14
 1770 0251 08       		.byte	0x8
 1771 0252 46       		.byte	0x46
 1772 0253 96020000 		.4byte	0x296
 1773 0257 09       		.uleb128 0x9
 1774 0258 766D7400 		.ascii	"vmt\000"
 1775 025c 08       		.byte	0x8
 1776 025d 48       		.byte	0x48
 1777 025e 1E       		.byte	0x1e
 1778 025f 96020000 		.4byte	0x296
 1779 0263 00       		.byte	0
 1780 0264 08       		.uleb128 0x8
 1781 0265 1B020000 		.4byte	.LASF27
 1782 0269 08       		.byte	0x8
 1783 026a 49       		.byte	0x49
 1784 026b DA000000 		.4byte	0xda
 1785 026f 04       		.byte	0x4
 1786 0270 08       		.uleb128 0x8
 1787 0271 E9020000 		.4byte	.LASF28
 1788 0275 08       		.byte	0x8
 1789 0276 49       		.byte	0x49
 1790 0277 3B000000 		.4byte	0x3b
 1791 027b 08       		.byte	0x8
 1792 027c 09       		.uleb128 0x9
 1793 027d 656F7300 		.ascii	"eos\000"
 1794 0281 08       		.byte	0x8
 1795 0282 49       		.byte	0x49
 1796 0283 03       		.byte	0x3
 1797 0284 3B000000 		.4byte	0x3b
 1798 0288 0C       		.byte	0xc
 1799 0289 08       		.uleb128 0x8
 1800 028a E4000000 		.4byte	.LASF29
 1801 028e 08       		.byte	0x8
 1802 028f 49       		.byte	0x49
 1803 0290 3B000000 		.4byte	0x3b
 1804 0294 10       		.byte	0x10
 1805 0295 00       		.byte	0
 1806 0296 06       		.uleb128 0x6
 1807 0297 4A020000 		.4byte	0x24a
 1808 029b 07       		.uleb128 0x7
 1809 029c 12000000 		.4byte	.LASF30
 1810 02a0 08       		.byte	0x8
 1811 02a1 4A       		.byte	0x4a
 1812 02a2 03       		.byte	0x3
 1813 02a3 4F020000 		.4byte	0x24f
 1814 02a7 2A       		.uleb128 0x2a
 1815 02a8 22030000 		.4byte	.LASF53
 1816 02ac 08       		.byte	0x8
 1817 02ad 57       		.byte	0x57
 1818 02ae 08       		.byte	0x8
 1819 02af C8020000 		.4byte	0x2c8
 1820 02b3 04       		.uleb128 0x4
 1821 02b4 C8020000 		.4byte	0x2c8
 1822 02b8 04       		.uleb128 0x4
 1823 02b9 DA000000 		.4byte	0xda
ARM GAS  C:\Users\DEVELO~1\AppData\Local\Temp\cceKKU6r.s 			page 33


 1824 02bd 04       		.uleb128 0x4
 1825 02be 3B000000 		.4byte	0x3b
 1826 02c2 04       		.uleb128 0x4
 1827 02c3 3B000000 		.4byte	0x3b
 1828 02c7 00       		.byte	0
 1829 02c8 06       		.uleb128 0x6
 1830 02c9 9B020000 		.4byte	0x29b
 1831 02cd 2B       		.uleb128 0x2b
 1832 02ce FF020000 		.4byte	.LASF54
 1833 02d2 01       		.byte	0x1
 1834 02d3 BC01     		.2byte	0x1bc
 1835 02d5 05       		.byte	0x5
 1836 02d6 34000000 		.4byte	0x34
 1837 02da 01       		.byte	0x1
 1838 02db 39030000 		.4byte	0x339
 1839 02df 12       		.uleb128 0x12
 1840 02e0 73747200 		.ascii	"str\000"
 1841 02e4 17       		.byte	0x17
 1842 02e5 39030000 		.4byte	0x339
 1843 02e9 2C       		.uleb128 0x2c
 1844 02ea E9020000 		.4byte	.LASF28
 1845 02ee 01       		.byte	0x1
 1846 02ef BC01     		.2byte	0x1bc
 1847 02f1 23       		.byte	0x23
 1848 02f2 3B000000 		.4byte	0x3b
 1849 02f6 12       		.uleb128 0x12
 1850 02f7 666D7400 		.ascii	"fmt\000"
 1851 02fb 35       		.byte	0x35
 1852 02fc C0000000 		.4byte	0xc0
 1853 0300 12       		.uleb128 0x12
 1854 0301 617000   		.ascii	"ap\000"
 1855 0304 42       		.byte	0x42
 1856 0305 02010000 		.4byte	0x102
 1857 0309 19       		.uleb128 0x19
 1858 030a 6D7300   		.ascii	"ms\000"
 1859 030d BD01     		.2byte	0x1bd
 1860 030f 10       		.byte	0x10
 1861 0310 9B020000 		.4byte	0x29b
 1862 0314 19       		.uleb128 0x19
 1863 0315 63687000 		.ascii	"chp\000"
 1864 0319 BE01     		.2byte	0x1be
 1865 031b 19       		.byte	0x19
 1866 031c 3E030000 		.4byte	0x33e
 1867 0320 1A       		.uleb128 0x1a
 1868 0321 00000000 		.4byte	.LASF31
 1869 0325 BF01     		.2byte	0x1bf
 1870 0327 0A       		.byte	0xa
 1871 0328 3B000000 		.4byte	0x3b
 1872 032c 1A       		.uleb128 0x1a
 1873 032d 6D000000 		.4byte	.LASF32
 1874 0331 C001     		.2byte	0x1c0
 1875 0333 07       		.byte	0x7
 1876 0334 34000000 		.4byte	0x34
 1877 0338 00       		.byte	0
 1878 0339 06       		.uleb128 0x6
 1879 033a C5000000 		.4byte	0xc5
 1880 033e 06       		.uleb128 0x6
ARM GAS  C:\Users\DEVELO~1\AppData\Local\Temp\cceKKU6r.s 			page 34


 1881 033f E7010000 		.4byte	0x1e7
 1882 0343 1B       		.uleb128 0x1b
 1883 0344 69030000 		.4byte	.LASF33
 1884 0348 9301     		.2byte	0x193
 1885 034a 34000000 		.4byte	0x34
 1886 034e 00000000 		.4byte	.LFB436
 1887 0352 5E000000 		.4byte	.LFE436-.LFB436
 1888 0356 01       		.uleb128 0x1
 1889 0357 9C       		.byte	0x9c
 1890 0358 B6040000 		.4byte	0x4b6
 1891 035c 1C       		.uleb128 0x1c
 1892 035d 73747200 		.ascii	"str\000"
 1893 0361 9301     		.2byte	0x193
 1894 0363 16       		.byte	0x16
 1895 0364 39030000 		.4byte	0x339
 1896 0368 1A000000 		.4byte	.LLST36
 1897 036c 0C000000 		.4byte	.LVUS36
 1898 0370 2D       		.uleb128 0x2d
 1899 0371 E9020000 		.4byte	.LASF28
 1900 0375 01       		.byte	0x1
 1901 0376 9301     		.2byte	0x193
 1902 0378 22       		.byte	0x22
 1903 0379 3B000000 		.4byte	0x3b
 1904 037d 55000000 		.4byte	.LLST37
 1905 0381 49000000 		.4byte	.LVUS37
 1906 0385 1D       		.uleb128 0x1d
 1907 0386 666D7400 		.ascii	"fmt\000"
 1908 038a 9301     		.2byte	0x193
 1909 038c 34       		.byte	0x34
 1910 038d C0000000 		.4byte	0xc0
 1911 0391 02       		.uleb128 0x2
 1912 0392 91       		.byte	0x91
 1913 0393 78       		.sleb128 -8
 1914 0394 1E       		.uleb128 0x1e
 1915 0395 1F       		.uleb128 0x1f
 1916 0396 617000   		.ascii	"ap\000"
 1917 0399 9401     		.2byte	0x194
 1918 039b 02010000 		.4byte	0x102
 1919 039f 02       		.uleb128 0x2
 1920 03a0 91       		.byte	0x91
 1921 03a1 48       		.sleb128 -56
 1922 03a2 20       		.uleb128 0x20
 1923 03a3 6D000000 		.4byte	.LASF32
 1924 03a7 9501     		.2byte	0x195
 1925 03a9 34000000 		.4byte	0x34
 1926 03ad 81000000 		.4byte	.LLST38
 1927 03b1 7F000000 		.4byte	.LVUS38
 1928 03b5 2E       		.uleb128 0x2e
 1929 03b6 CD020000 		.4byte	0x2cd
 1930 03ba 12000000 		.4byte	.LBI22
 1931 03be 0100     		.2byte	.LVU411
 1932 03c0 0C000000 		.4byte	.LLRL39
 1933 03c4 01       		.byte	0x1
 1934 03c5 9901     		.2byte	0x199
 1935 03c7 0C       		.byte	0xc
 1936 03c8 13       		.uleb128 0x13
 1937 03c9 00030000 		.4byte	0x300
ARM GAS  C:\Users\DEVELO~1\AppData\Local\Temp\cceKKU6r.s 			page 35


 1938 03cd 02       		.uleb128 0x2
 1939 03ce F6020000 		.4byte	0x2f6
 1940 03d2 90000000 		.4byte	.LLST40
 1941 03d6 8A000000 		.4byte	.LVUS40
 1942 03da 02       		.uleb128 0x2
 1943 03db E9020000 		.4byte	0x2e9
 1944 03df B0000000 		.4byte	.LLST41
 1945 03e3 A6000000 		.4byte	.LVUS41
 1946 03e7 02       		.uleb128 0x2
 1947 03e8 DF020000 		.4byte	0x2df
 1948 03ec DE000000 		.4byte	.LLST42
 1949 03f0 D2000000 		.4byte	.LVUS42
 1950 03f4 2F       		.uleb128 0x2f
 1951 03f5 0C000000 		.4byte	.LLRL39
 1952 03f9 21       		.uleb128 0x21
 1953 03fa 09030000 		.4byte	0x309
 1954 03fe 02       		.uleb128 0x2
 1955 03ff 91       		.byte	0x91
 1956 0400 4C       		.sleb128 -52
 1957 0401 03       		.uleb128 0x3
 1958 0402 14030000 		.4byte	0x314
 1959 0406 11010000 		.4byte	.LLST43
 1960 040a 05010000 		.4byte	.LVUS43
 1961 040e 03       		.uleb128 0x3
 1962 040f 20030000 		.4byte	0x320
 1963 0413 49010000 		.4byte	.LLST44
 1964 0417 41010000 		.4byte	.LVUS44
 1965 041b 03       		.uleb128 0x3
 1966 041c 2C030000 		.4byte	0x32c
 1967 0420 6C010000 		.4byte	.LLST45
 1968 0424 68010000 		.4byte	.LVUS45
 1969 0428 0A       		.uleb128 0xa
 1970 0429 20000000 		.4byte	.LVL167
 1971 042d A7020000 		.4byte	0x2a7
 1972 0431 4E040000 		.4byte	0x44e
 1973 0435 01       		.uleb128 0x1
 1974 0436 01       		.uleb128 0x1
 1975 0437 50       		.byte	0x50
 1976 0438 03       		.uleb128 0x3
 1977 0439 91       		.byte	0x91
 1978 043a BC7F     		.sleb128 -68
 1979 043c 01       		.uleb128 0x1
 1980 043d 01       		.uleb128 0x1
 1981 043e 51       		.byte	0x51
 1982 043f 02       		.uleb128 0x2
 1983 0440 76       		.byte	0x76
 1984 0441 00       		.sleb128 0
 1985 0442 01       		.uleb128 0x1
 1986 0443 01       		.uleb128 0x1
 1987 0444 52       		.byte	0x52
 1988 0445 02       		.uleb128 0x2
 1989 0446 74       		.byte	0x74
 1990 0447 7F       		.sleb128 -1
 1991 0448 01       		.uleb128 0x1
 1992 0449 01       		.uleb128 0x1
 1993 044a 53       		.byte	0x53
 1994 044b 01       		.uleb128 0x1
ARM GAS  C:\Users\DEVELO~1\AppData\Local\Temp\cceKKU6r.s 			page 36


 1995 044c 30       		.byte	0x30
 1996 044d 00       		.byte	0
 1997 044e 0A       		.uleb128 0xa
 1998 044f 2A000000 		.4byte	.LVL169
 1999 0453 32050000 		.4byte	0x532
 2000 0457 6F040000 		.4byte	0x46f
 2001 045b 01       		.uleb128 0x1
 2002 045c 01       		.uleb128 0x1
 2003 045d 50       		.byte	0x50
 2004 045e 03       		.uleb128 0x3
 2005 045f 91       		.byte	0x91
 2006 0460 BC7F     		.sleb128 -68
 2007 0462 01       		.uleb128 0x1
 2008 0463 01       		.uleb128 0x1
 2009 0464 51       		.byte	0x51
 2010 0465 02       		.uleb128 0x2
 2011 0466 77       		.byte	0x77
 2012 0467 00       		.sleb128 0
 2013 0468 01       		.uleb128 0x1
 2014 0469 01       		.uleb128 0x1
 2015 046a 52       		.byte	0x52
 2016 046b 02       		.uleb128 0x2
 2017 046c 75       		.byte	0x75
 2018 046d 00       		.sleb128 0
 2019 046e 00       		.byte	0
 2020 046f 0A       		.uleb128 0xa
 2021 0470 4A000000 		.4byte	.LVL176
 2022 0474 A7020000 		.4byte	0x2a7
 2023 0478 96040000 		.4byte	0x496
 2024 047c 01       		.uleb128 0x1
 2025 047d 01       		.uleb128 0x1
 2026 047e 50       		.byte	0x50
 2027 047f 03       		.uleb128 0x3
 2028 0480 91       		.byte	0x91
 2029 0481 BC7F     		.sleb128 -68
 2030 0483 01       		.uleb128 0x1
 2031 0484 01       		.uleb128 0x1
 2032 0485 51       		.byte	0x51
 2033 0486 02       		.uleb128 0x2
 2034 0487 76       		.byte	0x76
 2035 0488 00       		.sleb128 0
 2036 0489 01       		.uleb128 0x1
 2037 048a 01       		.uleb128 0x1
 2038 048b 52       		.byte	0x52
 2039 048c 02       		.uleb128 0x2
 2040 048d 74       		.byte	0x74
 2041 048e 00       		.sleb128 0
 2042 048f 01       		.uleb128 0x1
 2043 0490 01       		.uleb128 0x1
 2044 0491 53       		.byte	0x53
 2045 0492 02       		.uleb128 0x2
 2046 0493 74       		.byte	0x74
 2047 0494 00       		.sleb128 0
 2048 0495 00       		.byte	0
 2049 0496 14       		.uleb128 0x14
 2050 0497 54000000 		.4byte	.LVL178
 2051 049b 32050000 		.4byte	0x532
ARM GAS  C:\Users\DEVELO~1\AppData\Local\Temp\cceKKU6r.s 			page 37


 2052 049f 01       		.uleb128 0x1
 2053 04a0 01       		.uleb128 0x1
 2054 04a1 50       		.byte	0x50
 2055 04a2 03       		.uleb128 0x3
 2056 04a3 91       		.byte	0x91
 2057 04a4 BC7F     		.sleb128 -68
 2058 04a6 01       		.uleb128 0x1
 2059 04a7 01       		.uleb128 0x1
 2060 04a8 51       		.byte	0x51
 2061 04a9 02       		.uleb128 0x2
 2062 04aa 77       		.byte	0x77
 2063 04ab 00       		.sleb128 0
 2064 04ac 01       		.uleb128 0x1
 2065 04ad 01       		.uleb128 0x1
 2066 04ae 52       		.byte	0x52
 2067 04af 02       		.uleb128 0x2
 2068 04b0 75       		.byte	0x75
 2069 04b1 00       		.sleb128 0
 2070 04b2 00       		.byte	0
 2071 04b3 00       		.byte	0
 2072 04b4 00       		.byte	0
 2073 04b5 00       		.byte	0
 2074 04b6 1B       		.uleb128 0x1b
 2075 04b7 12020000 		.4byte	.LASF34
 2076 04bb 6D01     		.2byte	0x16d
 2077 04bd 34000000 		.4byte	0x34
 2078 04c1 00000000 		.4byte	.LFB435
 2079 04c5 1C000000 		.4byte	.LFE435-.LFB435
 2080 04c9 01       		.uleb128 0x1
 2081 04ca 9C       		.byte	0x9c
 2082 04cb 32050000 		.4byte	0x532
 2083 04cf 1C       		.uleb128 0x1c
 2084 04d0 63687000 		.ascii	"chp\000"
 2085 04d4 6D01     		.2byte	0x16d
 2086 04d6 24       		.byte	0x24
 2087 04d7 3E030000 		.4byte	0x33e
 2088 04db 80010000 		.4byte	.LLST34
 2089 04df 7C010000 		.4byte	.LVUS34
 2090 04e3 1D       		.uleb128 0x1d
 2091 04e4 666D7400 		.ascii	"fmt\000"
 2092 04e8 6D01     		.2byte	0x16d
 2093 04ea 35       		.byte	0x35
 2094 04eb C0000000 		.4byte	0xc0
 2095 04ef 02       		.uleb128 0x2
 2096 04f0 91       		.byte	0x91
 2097 04f1 74       		.sleb128 -12
 2098 04f2 1E       		.uleb128 0x1e
 2099 04f3 1F       		.uleb128 0x1f
 2100 04f4 617000   		.ascii	"ap\000"
 2101 04f7 6E01     		.2byte	0x16e
 2102 04f9 02010000 		.4byte	0x102
 2103 04fd 02       		.uleb128 0x2
 2104 04fe 91       		.byte	0x91
 2105 04ff 6C       		.sleb128 -20
 2106 0500 20       		.uleb128 0x20
 2107 0501 55000000 		.4byte	.LASF35
 2108 0505 6F01     		.2byte	0x16f
ARM GAS  C:\Users\DEVELO~1\AppData\Local\Temp\cceKKU6r.s 			page 38


 2109 0507 34000000 		.4byte	0x34
 2110 050b 95010000 		.4byte	.LLST35
 2111 050f 93010000 		.4byte	.LVUS35
 2112 0513 14       		.uleb128 0x14
 2113 0514 12000000 		.4byte	.LVL160
 2114 0518 32050000 		.4byte	0x532
 2115 051c 01       		.uleb128 0x1
 2116 051d 01       		.uleb128 0x1
 2117 051e 50       		.byte	0x50
 2118 051f 03       		.uleb128 0x3
 2119 0520 A3       		.byte	0xa3
 2120 0521 01       		.uleb128 0x1
 2121 0522 50       		.byte	0x50
 2122 0523 01       		.uleb128 0x1
 2123 0524 01       		.uleb128 0x1
 2124 0525 51       		.byte	0x51
 2125 0526 03       		.uleb128 0x3
 2126 0527 91       		.byte	0x91
 2127 0528 5C       		.sleb128 -36
 2128 0529 06       		.byte	0x6
 2129 052a 01       		.uleb128 0x1
 2130 052b 01       		.uleb128 0x1
 2131 052c 52       		.byte	0x52
 2132 052d 02       		.uleb128 0x2
 2133 052e 91       		.byte	0x91
 2134 052f 60       		.sleb128 -32
 2135 0530 00       		.byte	0
 2136 0531 00       		.byte	0
 2137 0532 30       		.uleb128 0x30
 2138 0533 47030000 		.4byte	.LASF36
 2139 0537 01       		.byte	0x1
 2140 0538 7C       		.byte	0x7c
 2141 0539 05       		.byte	0x5
 2142 053a 34000000 		.4byte	0x34
 2143 053e 00000000 		.4byte	.LFB434
 2144 0542 48040000 		.4byte	.LFE434-.LFB434
 2145 0546 01       		.uleb128 0x1
 2146 0547 9C       		.byte	0x9c
 2147 0548 32080000 		.4byte	0x832
 2148 054c 15       		.uleb128 0x15
 2149 054d 63687000 		.ascii	"chp\000"
 2150 0551 25       		.byte	0x25
 2151 0552 3E030000 		.4byte	0x33e
 2152 0556 AA010000 		.4byte	.LLST0
 2153 055a 9E010000 		.4byte	.LVUS0
 2154 055e 15       		.uleb128 0x15
 2155 055f 666D7400 		.ascii	"fmt\000"
 2156 0563 36       		.byte	0x36
 2157 0564 C0000000 		.4byte	0xc0
 2158 0568 12020000 		.4byte	.LLST1
 2159 056c DA010000 		.4byte	.LVUS1
 2160 0570 15       		.uleb128 0x15
 2161 0571 617000   		.ascii	"ap\000"
 2162 0574 43       		.byte	0x43
 2163 0575 02010000 		.4byte	0x102
 2164 0579 2B030000 		.4byte	.LLST2
 2165 057d DD020000 		.4byte	.LVUS2
ARM GAS  C:\Users\DEVELO~1\AppData\Local\Temp\cceKKU6r.s 			page 39


 2166 0581 0C       		.uleb128 0xc
 2167 0582 7000     		.ascii	"p\000"
 2168 0584 7D       		.byte	0x7d
 2169 0585 09       		.byte	0x9
 2170 0586 39030000 		.4byte	0x339
 2171 058a C7040000 		.4byte	.LLST3
 2172 058e 9B040000 		.4byte	.LVUS3
 2173 0592 0C       		.uleb128 0xc
 2174 0593 7300     		.ascii	"s\000"
 2175 0595 7D       		.byte	0x7d
 2176 0596 0D       		.byte	0xd
 2177 0597 39030000 		.4byte	0x339
 2178 059b B4050000 		.4byte	.LLST4
 2179 059f 82050000 		.4byte	.LVUS4
 2180 05a3 0C       		.uleb128 0xc
 2181 05a4 6300     		.ascii	"c\000"
 2182 05a6 7D       		.byte	0x7d
 2183 05a7 10       		.byte	0x10
 2184 05a8 C5000000 		.4byte	0xc5
 2185 05ac AB060000 		.4byte	.LLST5
 2186 05b0 81060000 		.4byte	.LVUS5
 2187 05b4 0B       		.uleb128 0xb
 2188 05b5 F8020000 		.4byte	.LASF37
 2189 05b9 7D       		.byte	0x7d
 2190 05ba 13       		.byte	0x13
 2191 05bb C5000000 		.4byte	0xc5
 2192 05bf 65070000 		.4byte	.LLST6
 2193 05c3 43070000 		.4byte	.LVUS6
 2194 05c7 0D       		.uleb128 0xd
 2195 05c8 6900     		.ascii	"i\000"
 2196 05ca 7E       		.byte	0x7e
 2197 05cb 07       		.byte	0x7
 2198 05cc 34000000 		.4byte	0x34
 2199 05d0 0B       		.uleb128 0xb
 2200 05d1 3D030000 		.4byte	.LASF38
 2201 05d5 7E       		.byte	0x7e
 2202 05d6 0A       		.byte	0xa
 2203 05d7 34000000 		.4byte	0x34
 2204 05db 13080000 		.4byte	.LLST7
 2205 05df EF070000 		.4byte	.LVUS7
 2206 05e3 0B       		.uleb128 0xb
 2207 05e4 B0000000 		.4byte	.LASF39
 2208 05e8 7E       		.byte	0x7e
 2209 05e9 15       		.byte	0x15
 2210 05ea 34000000 		.4byte	0x34
 2211 05ee CE080000 		.4byte	.LLST8
 2212 05f2 AC080000 		.4byte	.LVUS8
 2213 05f6 0C       		.uleb128 0xc
 2214 05f7 6E00     		.ascii	"n\000"
 2215 05f9 7F       		.byte	0x7f
 2216 05fa 07       		.byte	0x7
 2217 05fb 34000000 		.4byte	0x34
 2218 05ff 75090000 		.4byte	.LLST9
 2219 0603 5D090000 		.4byte	.LVUS9
 2220 0607 0B       		.uleb128 0xb
 2221 0608 0B030000 		.4byte	.LASF40
 2222 060c 80       		.byte	0x80
ARM GAS  C:\Users\DEVELO~1\AppData\Local\Temp\cceKKU6r.s 			page 40


 2223 060d 08       		.byte	0x8
 2224 060e D3000000 		.4byte	0xd3
 2225 0612 D6090000 		.4byte	.LLST10
 2226 0616 CE090000 		.4byte	.LVUS10
 2227 061a 0B       		.uleb128 0xb
 2228 061b D9000000 		.4byte	.LASF41
 2229 061f 80       		.byte	0x80
 2230 0620 11       		.byte	0x11
 2231 0621 D3000000 		.4byte	0xd3
 2232 0625 220A0000 		.4byte	.LLST11
 2233 0629 0E0A0000 		.4byte	.LVUS11
 2234 062d 0B       		.uleb128 0xb
 2235 062e FF000000 		.4byte	.LASF42
 2236 0632 80       		.byte	0x80
 2237 0633 1D       		.byte	0x1d
 2238 0634 D3000000 		.4byte	0xd3
 2239 0638 880A0000 		.4byte	.LLST12
 2240 063c 6E0A0000 		.4byte	.LVUS12
 2241 0640 0C       		.uleb128 0xc
 2242 0641 6C00     		.ascii	"l\000"
 2243 0643 81       		.byte	0x81
 2244 0644 08       		.byte	0x8
 2245 0645 89000000 		.4byte	0x89
 2246 0649 F70A0000 		.4byte	.LLST13
 2247 064d E90A0000 		.4byte	.LVUS13
 2248 0651 31       		.uleb128 0x31
 2249 0652 CB010000 		.4byte	.LASF43
 2250 0656 01       		.byte	0x1
 2251 0657 86       		.byte	0x86
 2252 0658 08       		.byte	0x8
 2253 0659 32080000 		.4byte	0x832
 2254 065d 02       		.uleb128 0x2
 2255 065e 91       		.byte	0x91
 2256 065f 4C       		.sleb128 -52
 2257 0660 32       		.uleb128 0x32
 2258 0661 1F000000 		.4byte	.LASF55
 2259 0665 01       		.byte	0x1
 2260 0666 2801     		.2byte	0x128
 2261 0668 01       		.byte	0x1
 2262 0669 5E020000 		.4byte	.L21
 2263 066d 22       		.uleb128 0x22
 2264 066e 42080000 		.4byte	0x842
 2265 0672 6A020000 		.4byte	.LBI14
 2266 0676 0100     		.2byte	.LVU183
 2267 0678 6A020000 		.4byte	.LBB14
 2268 067c 48000000 		.4byte	.LBE14-.LBB14
 2269 0680 2F01     		.2byte	0x12f
 2270 0682 1B070000 		.4byte	0x71b
 2271 0686 13       		.uleb128 0x13
 2272 0687 64080000 		.4byte	0x864
 2273 068b 02       		.uleb128 0x2
 2274 068c 59080000 		.4byte	0x859
 2275 0690 4E0B0000 		.4byte	.LLST14
 2276 0694 4C0B0000 		.4byte	.LVUS14
 2277 0698 02       		.uleb128 0x2
 2278 0699 50080000 		.4byte	0x850
 2279 069d 5B0B0000 		.4byte	.LLST15
ARM GAS  C:\Users\DEVELO~1\AppData\Local\Temp\cceKKU6r.s 			page 41


 2280 06a1 570B0000 		.4byte	.LVUS15
 2281 06a5 23       		.uleb128 0x23
 2282 06a6 70080000 		.4byte	0x870
 2283 06aa 6A020000 		.4byte	.LBI15
 2284 06ae 0300     		.2byte	.LVU185
 2285 06b0 6A020000 		.4byte	.LBB15
 2286 06b4 48000000 		.4byte	.LBE15-.LBB15
 2287 06b8 4A       		.byte	0x4a
 2288 06b9 02       		.uleb128 0x2
 2289 06ba 9D080000 		.4byte	0x89d
 2290 06be 6F0B0000 		.4byte	.LLST16
 2291 06c2 6D0B0000 		.4byte	.LVUS16
 2292 06c6 13       		.uleb128 0x13
 2293 06c7 92080000 		.4byte	0x892
 2294 06cb 02       		.uleb128 0x2
 2295 06cc 87080000 		.4byte	0x887
 2296 06d0 7B0B0000 		.4byte	.LLST17
 2297 06d4 790B0000 		.4byte	.LVUS17
 2298 06d8 02       		.uleb128 0x2
 2299 06d9 7E080000 		.4byte	0x87e
 2300 06dd 8E0B0000 		.4byte	.LLST18
 2301 06e1 840B0000 		.4byte	.LVUS18
 2302 06e5 03       		.uleb128 0x3
 2303 06e6 A8080000 		.4byte	0x8a8
 2304 06ea BB0B0000 		.4byte	.LLST19
 2305 06ee B10B0000 		.4byte	.LVUS19
 2306 06f2 03       		.uleb128 0x3
 2307 06f3 B1080000 		.4byte	0x8b1
 2308 06f7 040C0000 		.4byte	.LLST20
 2309 06fb F60B0000 		.4byte	.LVUS20
 2310 06ff 03       		.uleb128 0x3
 2311 0700 BA080000 		.4byte	0x8ba
 2312 0704 3B0C0000 		.4byte	.LLST21
 2313 0708 330C0000 		.4byte	.LVUS21
 2314 070c 03       		.uleb128 0x3
 2315 070d C3080000 		.4byte	0x8c3
 2316 0711 680C0000 		.4byte	.LLST22
 2317 0715 600C0000 		.4byte	.LVUS22
 2318 0719 00       		.byte	0
 2319 071a 00       		.byte	0
 2320 071b 22       		.uleb128 0x22
 2321 071c 42080000 		.4byte	0x842
 2322 0720 86030000 		.4byte	.LBI17
 2323 0724 0100     		.2byte	.LVU306
 2324 0726 86030000 		.4byte	.LBB17
 2325 072a 3E000000 		.4byte	.LBE17-.LBB17
 2326 072e 0A01     		.2byte	0x10a
 2327 0730 D9070000 		.4byte	0x7d9
 2328 0734 02       		.uleb128 0x2
 2329 0735 64080000 		.4byte	0x864
 2330 0739 8F0C0000 		.4byte	.LLST23
 2331 073d 8D0C0000 		.4byte	.LVUS23
 2332 0741 02       		.uleb128 0x2
 2333 0742 59080000 		.4byte	0x859
 2334 0746 9D0C0000 		.4byte	.LLST24
 2335 074a 990C0000 		.4byte	.LVUS24
 2336 074e 02       		.uleb128 0x2
ARM GAS  C:\Users\DEVELO~1\AppData\Local\Temp\cceKKU6r.s 			page 42


 2337 074f 50080000 		.4byte	0x850
 2338 0753 CE0C0000 		.4byte	.LLST25
 2339 0757 CA0C0000 		.4byte	.LVUS25
 2340 075b 23       		.uleb128 0x23
 2341 075c 70080000 		.4byte	0x870
 2342 0760 86030000 		.4byte	.LBI18
 2343 0764 0300     		.2byte	.LVU308
 2344 0766 86030000 		.4byte	.LBB18
 2345 076a 3E000000 		.4byte	.LBE18-.LBB18
 2346 076e 4A       		.byte	0x4a
 2347 076f 02       		.uleb128 0x2
 2348 0770 9D080000 		.4byte	0x89d
 2349 0774 E20C0000 		.4byte	.LLST26
 2350 0778 E00C0000 		.4byte	.LVUS26
 2351 077c 02       		.uleb128 0x2
 2352 077d 92080000 		.4byte	0x892
 2353 0781 EE0C0000 		.4byte	.LLST27
 2354 0785 EC0C0000 		.4byte	.LVUS27
 2355 0789 02       		.uleb128 0x2
 2356 078a 87080000 		.4byte	0x887
 2357 078e 9D0C0000 		.4byte	.LLST24
 2358 0792 990C0000 		.4byte	.LVUS24
 2359 0796 02       		.uleb128 0x2
 2360 0797 7E080000 		.4byte	0x87e
 2361 079b FE0C0000 		.4byte	.LLST29
 2362 079f F80C0000 		.4byte	.LVUS29
 2363 07a3 03       		.uleb128 0x3
 2364 07a4 A8080000 		.4byte	0x8a8
 2365 07a8 1F0D0000 		.4byte	.LLST30
 2366 07ac 150D0000 		.4byte	.LVUS30
 2367 07b0 03       		.uleb128 0x3
 2368 07b1 B1080000 		.4byte	0x8b1
 2369 07b5 560D0000 		.4byte	.LLST31
 2370 07b9 4E0D0000 		.4byte	.LVUS31
 2371 07bd 03       		.uleb128 0x3
 2372 07be BA080000 		.4byte	0x8ba
 2373 07c2 9D0C0000 		.4byte	.LLST24
 2374 07c6 990C0000 		.4byte	.LVUS24
 2375 07ca 03       		.uleb128 0x3
 2376 07cb C3080000 		.4byte	0x8c3
 2377 07cf 9D0C0000 		.4byte	.LLST24
 2378 07d3 990C0000 		.4byte	.LVUS24
 2379 07d7 00       		.byte	0
 2380 07d8 00       		.byte	0
 2381 07d9 10       		.uleb128 0x10
 2382 07da 2C000000 		.4byte	.LVL6
 2383 07de E9070000 		.4byte	0x7e9
 2384 07e2 01       		.uleb128 0x1
 2385 07e3 01       		.uleb128 0x1
 2386 07e4 50       		.byte	0x50
 2387 07e5 02       		.uleb128 0x2
 2388 07e6 74       		.byte	0x74
 2389 07e7 00       		.sleb128 0
 2390 07e8 00       		.byte	0
 2391 07e9 10       		.uleb128 0x10
 2392 07ea 38020000 		.4byte	.LVL61
 2393 07ee F9070000 		.4byte	0x7f9
ARM GAS  C:\Users\DEVELO~1\AppData\Local\Temp\cceKKU6r.s 			page 43


 2394 07f2 01       		.uleb128 0x1
 2395 07f3 01       		.uleb128 0x1
 2396 07f4 50       		.byte	0x50
 2397 07f5 02       		.uleb128 0x2
 2398 07f6 74       		.byte	0x74
 2399 07f7 00       		.sleb128 0
 2400 07f8 00       		.byte	0
 2401 07f9 10       		.uleb128 0x10
 2402 07fa 56020000 		.4byte	.LVL64
 2403 07fe 0F080000 		.4byte	0x80f
 2404 0802 01       		.uleb128 0x1
 2405 0803 01       		.uleb128 0x1
 2406 0804 50       		.byte	0x50
 2407 0805 02       		.uleb128 0x2
 2408 0806 74       		.byte	0x74
 2409 0807 00       		.sleb128 0
 2410 0808 01       		.uleb128 0x1
 2411 0809 01       		.uleb128 0x1
 2412 080a 51       		.byte	0x51
 2413 080b 02       		.uleb128 0x2
 2414 080c 77       		.byte	0x77
 2415 080d 00       		.sleb128 0
 2416 080e 00       		.byte	0
 2417 080f 10       		.uleb128 0x10
 2418 0810 E8020000 		.4byte	.LVL93
 2419 0814 25080000 		.4byte	0x825
 2420 0818 01       		.uleb128 0x1
 2421 0819 01       		.uleb128 0x1
 2422 081a 50       		.byte	0x50
 2423 081b 02       		.uleb128 0x2
 2424 081c 74       		.byte	0x74
 2425 081d 00       		.sleb128 0
 2426 081e 01       		.uleb128 0x1
 2427 081f 01       		.uleb128 0x1
 2428 0820 51       		.byte	0x51
 2429 0821 02       		.uleb128 0x2
 2430 0822 77       		.byte	0x77
 2431 0823 00       		.sleb128 0
 2432 0824 00       		.byte	0
 2433 0825 33       		.uleb128 0x33
 2434 0826 1A040000 		.4byte	.LVL151
 2435 082a 01       		.uleb128 0x1
 2436 082b 01       		.uleb128 0x1
 2437 082c 50       		.byte	0x50
 2438 082d 02       		.uleb128 0x2
 2439 082e 74       		.byte	0x74
 2440 082f 00       		.sleb128 0
 2441 0830 00       		.byte	0
 2442 0831 00       		.byte	0
 2443 0832 34       		.uleb128 0x34
 2444 0833 C5000000 		.4byte	0xc5
 2445 0837 42080000 		.4byte	0x842
 2446 083b 35       		.uleb128 0x35
 2447 083c 2D000000 		.4byte	0x2d
 2448 0840 0B       		.byte	0xb
 2449 0841 00       		.byte	0
 2450 0842 24       		.uleb128 0x24
ARM GAS  C:\Users\DEVELO~1\AppData\Local\Temp\cceKKU6r.s 			page 44


 2451 0843 60010000 		.4byte	.LASF45
 2452 0847 48       		.byte	0x48
 2453 0848 39030000 		.4byte	0x339
 2454 084c 70080000 		.4byte	0x870
 2455 0850 11       		.uleb128 0x11
 2456 0851 7000     		.ascii	"p\000"
 2457 0853 48       		.byte	0x48
 2458 0854 1C       		.byte	0x1c
 2459 0855 39030000 		.4byte	0x339
 2460 0859 11       		.uleb128 0x11
 2461 085a 6E756D00 		.ascii	"num\000"
 2462 085e 48       		.byte	0x48
 2463 085f 24       		.byte	0x24
 2464 0860 89000000 		.4byte	0x89
 2465 0864 16       		.uleb128 0x16
 2466 0865 D8010000 		.4byte	.LASF44
 2467 0869 48       		.byte	0x48
 2468 086a 32       		.byte	0x32
 2469 086b 2D000000 		.4byte	0x2d
 2470 086f 00       		.byte	0
 2471 0870 24       		.uleb128 0x24
 2472 0871 07010000 		.4byte	.LASF46
 2473 0875 26       		.byte	0x26
 2474 0876 39030000 		.4byte	0x339
 2475 087a CE080000 		.4byte	0x8ce
 2476 087e 11       		.uleb128 0x11
 2477 087f 7000     		.ascii	"p\000"
 2478 0881 26       		.byte	0x26
 2479 0882 30       		.byte	0x30
 2480 0883 39030000 		.4byte	0x339
 2481 0887 11       		.uleb128 0x11
 2482 0888 6E756D00 		.ascii	"num\000"
 2483 088c 27       		.byte	0x27
 2484 088d 2F       		.byte	0x2f
 2485 088e 89000000 		.4byte	0x89
 2486 0892 16       		.uleb128 0x16
 2487 0893 D8010000 		.4byte	.LASF44
 2488 0897 28       		.byte	0x28
 2489 0898 33       		.byte	0x33
 2490 0899 2D000000 		.4byte	0x2d
 2491 089d 16       		.uleb128 0x16
 2492 089e 2F030000 		.4byte	.LASF47
 2493 08a2 29       		.byte	0x29
 2494 08a3 2F       		.byte	0x2f
 2495 08a4 89000000 		.4byte	0x89
 2496 08a8 0D       		.uleb128 0xd
 2497 08a9 6900     		.ascii	"i\000"
 2498 08ab 2A       		.byte	0x2a
 2499 08ac 07       		.byte	0x7
 2500 08ad 34000000 		.4byte	0x34
 2501 08b1 0D       		.uleb128 0xd
 2502 08b2 7100     		.ascii	"q\000"
 2503 08b4 2B       		.byte	0x2b
 2504 08b5 09       		.byte	0x9
 2505 08b6 39030000 		.4byte	0x339
 2506 08ba 0D       		.uleb128 0xd
 2507 08bb 6C00     		.ascii	"l\000"
ARM GAS  C:\Users\DEVELO~1\AppData\Local\Temp\cceKKU6r.s 			page 45


 2508 08bd 2C       		.byte	0x2c
 2509 08be 08       		.byte	0x8
 2510 08bf 89000000 		.4byte	0x89
 2511 08c3 0D       		.uleb128 0xd
 2512 08c4 6C6C00   		.ascii	"ll\000"
 2513 08c7 2C       		.byte	0x2c
 2514 08c8 0B       		.byte	0xb
 2515 08c9 89000000 		.4byte	0x89
 2516 08cd 00       		.byte	0
 2517 08ce 36       		.uleb128 0x36
 2518 08cf CD020000 		.4byte	0x2cd
 2519 08d3 00000000 		.4byte	.LFB437
 2520 08d7 4C000000 		.4byte	.LFE437-.LFB437
 2521 08db 01       		.uleb128 0x1
 2522 08dc 9C       		.byte	0x9c
 2523 08dd 02       		.uleb128 0x2
 2524 08de DF020000 		.4byte	0x2df
 2525 08e2 7C0D0000 		.4byte	.LLST46
 2526 08e6 720D0000 		.4byte	.LVUS46
 2527 08ea 02       		.uleb128 0x2
 2528 08eb E9020000 		.4byte	0x2e9
 2529 08ef A30D0000 		.4byte	.LLST47
 2530 08f3 9B0D0000 		.4byte	.LVUS47
 2531 08f7 02       		.uleb128 0x2
 2532 08f8 F6020000 		.4byte	0x2f6
 2533 08fc C50D0000 		.4byte	.LLST48
 2534 0900 BD0D0000 		.4byte	.LVUS48
 2535 0904 02       		.uleb128 0x2
 2536 0905 00030000 		.4byte	0x300
 2537 0909 E50D0000 		.4byte	.LLST49
 2538 090d DF0D0000 		.4byte	.LVUS49
 2539 0911 21       		.uleb128 0x21
 2540 0912 09030000 		.4byte	0x309
 2541 0916 02       		.uleb128 0x2
 2542 0917 91       		.byte	0x91
 2543 0918 54       		.sleb128 -44
 2544 0919 03       		.uleb128 0x3
 2545 091a 14030000 		.4byte	0x314
 2546 091e 060E0000 		.4byte	.LLST50
 2547 0922 FA0D0000 		.4byte	.LVUS50
 2548 0926 03       		.uleb128 0x3
 2549 0927 20030000 		.4byte	0x320
 2550 092b 3A0E0000 		.4byte	.LLST51
 2551 092f 320E0000 		.4byte	.LVUS51
 2552 0933 03       		.uleb128 0x3
 2553 0934 2C030000 		.4byte	0x32c
 2554 0938 5D0E0000 		.4byte	.LLST52
 2555 093c 590E0000 		.4byte	.LVUS52
 2556 0940 0A       		.uleb128 0xa
 2557 0941 1A000000 		.4byte	.LVL186
 2558 0945 A7020000 		.4byte	0x2a7
 2559 0949 65090000 		.4byte	0x965
 2560 094d 01       		.uleb128 0x1
 2561 094e 01       		.uleb128 0x1
 2562 094f 50       		.byte	0x50
 2563 0950 02       		.uleb128 0x2
 2564 0951 91       		.byte	0x91
ARM GAS  C:\Users\DEVELO~1\AppData\Local\Temp\cceKKU6r.s 			page 46


 2565 0952 54       		.sleb128 -44
 2566 0953 01       		.uleb128 0x1
 2567 0954 01       		.uleb128 0x1
 2568 0955 51       		.byte	0x51
 2569 0956 02       		.uleb128 0x2
 2570 0957 75       		.byte	0x75
 2571 0958 00       		.sleb128 0
 2572 0959 01       		.uleb128 0x1
 2573 095a 01       		.uleb128 0x1
 2574 095b 52       		.byte	0x52
 2575 095c 02       		.uleb128 0x2
 2576 095d 74       		.byte	0x74
 2577 095e 7F       		.sleb128 -1
 2578 095f 01       		.uleb128 0x1
 2579 0960 01       		.uleb128 0x1
 2580 0961 53       		.byte	0x53
 2581 0962 01       		.uleb128 0x1
 2582 0963 30       		.byte	0x30
 2583 0964 00       		.byte	0
 2584 0965 0A       		.uleb128 0xa
 2585 0966 24000000 		.4byte	.LVL188
 2586 096a 32050000 		.4byte	0x532
 2587 096e 85090000 		.4byte	0x985
 2588 0972 01       		.uleb128 0x1
 2589 0973 01       		.uleb128 0x1
 2590 0974 50       		.byte	0x50
 2591 0975 02       		.uleb128 0x2
 2592 0976 91       		.byte	0x91
 2593 0977 54       		.sleb128 -44
 2594 0978 01       		.uleb128 0x1
 2595 0979 01       		.uleb128 0x1
 2596 097a 51       		.byte	0x51
 2597 097b 02       		.uleb128 0x2
 2598 097c 76       		.byte	0x76
 2599 097d 00       		.sleb128 0
 2600 097e 01       		.uleb128 0x1
 2601 097f 01       		.uleb128 0x1
 2602 0980 52       		.byte	0x52
 2603 0981 02       		.uleb128 0x2
 2604 0982 77       		.byte	0x77
 2605 0983 00       		.sleb128 0
 2606 0984 00       		.byte	0
 2607 0985 0A       		.uleb128 0xa
 2608 0986 3E000000 		.4byte	.LVL194
 2609 098a A7020000 		.4byte	0x2a7
 2610 098e AB090000 		.4byte	0x9ab
 2611 0992 01       		.uleb128 0x1
 2612 0993 01       		.uleb128 0x1
 2613 0994 50       		.byte	0x50
 2614 0995 02       		.uleb128 0x2
 2615 0996 91       		.byte	0x91
 2616 0997 54       		.sleb128 -44
 2617 0998 01       		.uleb128 0x1
 2618 0999 01       		.uleb128 0x1
 2619 099a 51       		.byte	0x51
 2620 099b 02       		.uleb128 0x2
 2621 099c 75       		.byte	0x75
ARM GAS  C:\Users\DEVELO~1\AppData\Local\Temp\cceKKU6r.s 			page 47


 2622 099d 00       		.sleb128 0
 2623 099e 01       		.uleb128 0x1
 2624 099f 01       		.uleb128 0x1
 2625 09a0 52       		.byte	0x52
 2626 09a1 02       		.uleb128 0x2
 2627 09a2 74       		.byte	0x74
 2628 09a3 00       		.sleb128 0
 2629 09a4 01       		.uleb128 0x1
 2630 09a5 01       		.uleb128 0x1
 2631 09a6 53       		.byte	0x53
 2632 09a7 02       		.uleb128 0x2
 2633 09a8 74       		.byte	0x74
 2634 09a9 00       		.sleb128 0
 2635 09aa 00       		.byte	0
 2636 09ab 14       		.uleb128 0x14
 2637 09ac 48000000 		.4byte	.LVL196
 2638 09b0 32050000 		.4byte	0x532
 2639 09b4 01       		.uleb128 0x1
 2640 09b5 01       		.uleb128 0x1
 2641 09b6 50       		.byte	0x50
 2642 09b7 02       		.uleb128 0x2
 2643 09b8 91       		.byte	0x91
 2644 09b9 54       		.sleb128 -44
 2645 09ba 01       		.uleb128 0x1
 2646 09bb 01       		.uleb128 0x1
 2647 09bc 51       		.byte	0x51
 2648 09bd 02       		.uleb128 0x2
 2649 09be 76       		.byte	0x76
 2650 09bf 00       		.sleb128 0
 2651 09c0 01       		.uleb128 0x1
 2652 09c1 01       		.uleb128 0x1
 2653 09c2 52       		.byte	0x52
 2654 09c3 02       		.uleb128 0x2
 2655 09c4 77       		.byte	0x77
 2656 09c5 00       		.sleb128 0
 2657 09c6 00       		.byte	0
 2658 09c7 00       		.byte	0
 2659 09c8 00       		.byte	0
 2660              		.section	.debug_abbrev,"",%progbits
 2661              	.Ldebug_abbrev0:
 2662 0000 01       		.uleb128 0x1
 2663 0001 49       		.uleb128 0x49
 2664 0002 00       		.byte	0
 2665 0003 02       		.uleb128 0x2
 2666 0004 18       		.uleb128 0x18
 2667 0005 7E       		.uleb128 0x7e
 2668 0006 18       		.uleb128 0x18
 2669 0007 00       		.byte	0
 2670 0008 00       		.byte	0
 2671 0009 02       		.uleb128 0x2
 2672 000a 05       		.uleb128 0x5
 2673 000b 00       		.byte	0
 2674 000c 31       		.uleb128 0x31
 2675 000d 13       		.uleb128 0x13
 2676 000e 02       		.uleb128 0x2
 2677 000f 17       		.uleb128 0x17
 2678 0010 B742     		.uleb128 0x2137
ARM GAS  C:\Users\DEVELO~1\AppData\Local\Temp\cceKKU6r.s 			page 48


 2679 0012 17       		.uleb128 0x17
 2680 0013 00       		.byte	0
 2681 0014 00       		.byte	0
 2682 0015 03       		.uleb128 0x3
 2683 0016 34       		.uleb128 0x34
 2684 0017 00       		.byte	0
 2685 0018 31       		.uleb128 0x31
 2686 0019 13       		.uleb128 0x13
 2687 001a 02       		.uleb128 0x2
 2688 001b 17       		.uleb128 0x17
 2689 001c B742     		.uleb128 0x2137
 2690 001e 17       		.uleb128 0x17
 2691 001f 00       		.byte	0
 2692 0020 00       		.byte	0
 2693 0021 04       		.uleb128 0x4
 2694 0022 05       		.uleb128 0x5
 2695 0023 00       		.byte	0
 2696 0024 49       		.uleb128 0x49
 2697 0025 13       		.uleb128 0x13
 2698 0026 00       		.byte	0
 2699 0027 00       		.byte	0
 2700 0028 05       		.uleb128 0x5
 2701 0029 24       		.uleb128 0x24
 2702 002a 00       		.byte	0
 2703 002b 0B       		.uleb128 0xb
 2704 002c 0B       		.uleb128 0xb
 2705 002d 3E       		.uleb128 0x3e
 2706 002e 0B       		.uleb128 0xb
 2707 002f 03       		.uleb128 0x3
 2708 0030 0E       		.uleb128 0xe
 2709 0031 00       		.byte	0
 2710 0032 00       		.byte	0
 2711 0033 06       		.uleb128 0x6
 2712 0034 0F       		.uleb128 0xf
 2713 0035 00       		.byte	0
 2714 0036 0B       		.uleb128 0xb
 2715 0037 21       		.uleb128 0x21
 2716 0038 04       		.sleb128 4
 2717 0039 49       		.uleb128 0x49
 2718 003a 13       		.uleb128 0x13
 2719 003b 00       		.byte	0
 2720 003c 00       		.byte	0
 2721 003d 07       		.uleb128 0x7
 2722 003e 16       		.uleb128 0x16
 2723 003f 00       		.byte	0
 2724 0040 03       		.uleb128 0x3
 2725 0041 0E       		.uleb128 0xe
 2726 0042 3A       		.uleb128 0x3a
 2727 0043 0B       		.uleb128 0xb
 2728 0044 3B       		.uleb128 0x3b
 2729 0045 0B       		.uleb128 0xb
 2730 0046 39       		.uleb128 0x39
 2731 0047 0B       		.uleb128 0xb
 2732 0048 49       		.uleb128 0x49
 2733 0049 13       		.uleb128 0x13
 2734 004a 00       		.byte	0
 2735 004b 00       		.byte	0
ARM GAS  C:\Users\DEVELO~1\AppData\Local\Temp\cceKKU6r.s 			page 49


 2736 004c 08       		.uleb128 0x8
 2737 004d 0D       		.uleb128 0xd
 2738 004e 00       		.byte	0
 2739 004f 03       		.uleb128 0x3
 2740 0050 0E       		.uleb128 0xe
 2741 0051 3A       		.uleb128 0x3a
 2742 0052 0B       		.uleb128 0xb
 2743 0053 3B       		.uleb128 0x3b
 2744 0054 0B       		.uleb128 0xb
 2745 0055 39       		.uleb128 0x39
 2746 0056 21       		.uleb128 0x21
 2747 0057 03       		.sleb128 3
 2748 0058 49       		.uleb128 0x49
 2749 0059 13       		.uleb128 0x13
 2750 005a 38       		.uleb128 0x38
 2751 005b 0B       		.uleb128 0xb
 2752 005c 00       		.byte	0
 2753 005d 00       		.byte	0
 2754 005e 09       		.uleb128 0x9
 2755 005f 0D       		.uleb128 0xd
 2756 0060 00       		.byte	0
 2757 0061 03       		.uleb128 0x3
 2758 0062 08       		.uleb128 0x8
 2759 0063 3A       		.uleb128 0x3a
 2760 0064 0B       		.uleb128 0xb
 2761 0065 3B       		.uleb128 0x3b
 2762 0066 0B       		.uleb128 0xb
 2763 0067 39       		.uleb128 0x39
 2764 0068 0B       		.uleb128 0xb
 2765 0069 49       		.uleb128 0x49
 2766 006a 13       		.uleb128 0x13
 2767 006b 38       		.uleb128 0x38
 2768 006c 0B       		.uleb128 0xb
 2769 006d 00       		.byte	0
 2770 006e 00       		.byte	0
 2771 006f 0A       		.uleb128 0xa
 2772 0070 48       		.uleb128 0x48
 2773 0071 01       		.byte	0x1
 2774 0072 7D       		.uleb128 0x7d
 2775 0073 01       		.uleb128 0x1
 2776 0074 7F       		.uleb128 0x7f
 2777 0075 13       		.uleb128 0x13
 2778 0076 01       		.uleb128 0x1
 2779 0077 13       		.uleb128 0x13
 2780 0078 00       		.byte	0
 2781 0079 00       		.byte	0
 2782 007a 0B       		.uleb128 0xb
 2783 007b 34       		.uleb128 0x34
 2784 007c 00       		.byte	0
 2785 007d 03       		.uleb128 0x3
 2786 007e 0E       		.uleb128 0xe
 2787 007f 3A       		.uleb128 0x3a
 2788 0080 21       		.uleb128 0x21
 2789 0081 01       		.sleb128 1
 2790 0082 3B       		.uleb128 0x3b
 2791 0083 0B       		.uleb128 0xb
 2792 0084 39       		.uleb128 0x39
ARM GAS  C:\Users\DEVELO~1\AppData\Local\Temp\cceKKU6r.s 			page 50


 2793 0085 0B       		.uleb128 0xb
 2794 0086 49       		.uleb128 0x49
 2795 0087 13       		.uleb128 0x13
 2796 0088 02       		.uleb128 0x2
 2797 0089 17       		.uleb128 0x17
 2798 008a B742     		.uleb128 0x2137
 2799 008c 17       		.uleb128 0x17
 2800 008d 00       		.byte	0
 2801 008e 00       		.byte	0
 2802 008f 0C       		.uleb128 0xc
 2803 0090 34       		.uleb128 0x34
 2804 0091 00       		.byte	0
 2805 0092 03       		.uleb128 0x3
 2806 0093 08       		.uleb128 0x8
 2807 0094 3A       		.uleb128 0x3a
 2808 0095 21       		.uleb128 0x21
 2809 0096 01       		.sleb128 1
 2810 0097 3B       		.uleb128 0x3b
 2811 0098 0B       		.uleb128 0xb
 2812 0099 39       		.uleb128 0x39
 2813 009a 0B       		.uleb128 0xb
 2814 009b 49       		.uleb128 0x49
 2815 009c 13       		.uleb128 0x13
 2816 009d 02       		.uleb128 0x2
 2817 009e 17       		.uleb128 0x17
 2818 009f B742     		.uleb128 0x2137
 2819 00a1 17       		.uleb128 0x17
 2820 00a2 00       		.byte	0
 2821 00a3 00       		.byte	0
 2822 00a4 0D       		.uleb128 0xd
 2823 00a5 34       		.uleb128 0x34
 2824 00a6 00       		.byte	0
 2825 00a7 03       		.uleb128 0x3
 2826 00a8 08       		.uleb128 0x8
 2827 00a9 3A       		.uleb128 0x3a
 2828 00aa 21       		.uleb128 0x21
 2829 00ab 01       		.sleb128 1
 2830 00ac 3B       		.uleb128 0x3b
 2831 00ad 0B       		.uleb128 0xb
 2832 00ae 39       		.uleb128 0x39
 2833 00af 0B       		.uleb128 0xb
 2834 00b0 49       		.uleb128 0x49
 2835 00b1 13       		.uleb128 0x13
 2836 00b2 00       		.byte	0
 2837 00b3 00       		.byte	0
 2838 00b4 0E       		.uleb128 0xe
 2839 00b5 26       		.uleb128 0x26
 2840 00b6 00       		.byte	0
 2841 00b7 49       		.uleb128 0x49
 2842 00b8 13       		.uleb128 0x13
 2843 00b9 00       		.byte	0
 2844 00ba 00       		.byte	0
 2845 00bb 0F       		.uleb128 0xf
 2846 00bc 15       		.uleb128 0x15
 2847 00bd 01       		.byte	0x1
 2848 00be 27       		.uleb128 0x27
 2849 00bf 19       		.uleb128 0x19
ARM GAS  C:\Users\DEVELO~1\AppData\Local\Temp\cceKKU6r.s 			page 51


 2850 00c0 49       		.uleb128 0x49
 2851 00c1 13       		.uleb128 0x13
 2852 00c2 01       		.uleb128 0x1
 2853 00c3 13       		.uleb128 0x13
 2854 00c4 00       		.byte	0
 2855 00c5 00       		.byte	0
 2856 00c6 10       		.uleb128 0x10
 2857 00c7 48       		.uleb128 0x48
 2858 00c8 01       		.byte	0x1
 2859 00c9 7D       		.uleb128 0x7d
 2860 00ca 01       		.uleb128 0x1
 2861 00cb 01       		.uleb128 0x1
 2862 00cc 13       		.uleb128 0x13
 2863 00cd 00       		.byte	0
 2864 00ce 00       		.byte	0
 2865 00cf 11       		.uleb128 0x11
 2866 00d0 05       		.uleb128 0x5
 2867 00d1 00       		.byte	0
 2868 00d2 03       		.uleb128 0x3
 2869 00d3 08       		.uleb128 0x8
 2870 00d4 3A       		.uleb128 0x3a
 2871 00d5 21       		.uleb128 0x21
 2872 00d6 01       		.sleb128 1
 2873 00d7 3B       		.uleb128 0x3b
 2874 00d8 0B       		.uleb128 0xb
 2875 00d9 39       		.uleb128 0x39
 2876 00da 0B       		.uleb128 0xb
 2877 00db 49       		.uleb128 0x49
 2878 00dc 13       		.uleb128 0x13
 2879 00dd 00       		.byte	0
 2880 00de 00       		.byte	0
 2881 00df 12       		.uleb128 0x12
 2882 00e0 05       		.uleb128 0x5
 2883 00e1 00       		.byte	0
 2884 00e2 03       		.uleb128 0x3
 2885 00e3 08       		.uleb128 0x8
 2886 00e4 3A       		.uleb128 0x3a
 2887 00e5 21       		.uleb128 0x21
 2888 00e6 01       		.sleb128 1
 2889 00e7 3B       		.uleb128 0x3b
 2890 00e8 21       		.uleb128 0x21
 2891 00e9 BC03     		.sleb128 444
 2892 00eb 39       		.uleb128 0x39
 2893 00ec 0B       		.uleb128 0xb
 2894 00ed 49       		.uleb128 0x49
 2895 00ee 13       		.uleb128 0x13
 2896 00ef 00       		.byte	0
 2897 00f0 00       		.byte	0
 2898 00f1 13       		.uleb128 0x13
 2899 00f2 05       		.uleb128 0x5
 2900 00f3 00       		.byte	0
 2901 00f4 31       		.uleb128 0x31
 2902 00f5 13       		.uleb128 0x13
 2903 00f6 00       		.byte	0
 2904 00f7 00       		.byte	0
 2905 00f8 14       		.uleb128 0x14
 2906 00f9 48       		.uleb128 0x48
ARM GAS  C:\Users\DEVELO~1\AppData\Local\Temp\cceKKU6r.s 			page 52


 2907 00fa 01       		.byte	0x1
 2908 00fb 7D       		.uleb128 0x7d
 2909 00fc 01       		.uleb128 0x1
 2910 00fd 7F       		.uleb128 0x7f
 2911 00fe 13       		.uleb128 0x13
 2912 00ff 00       		.byte	0
 2913 0100 00       		.byte	0
 2914 0101 15       		.uleb128 0x15
 2915 0102 05       		.uleb128 0x5
 2916 0103 00       		.byte	0
 2917 0104 03       		.uleb128 0x3
 2918 0105 08       		.uleb128 0x8
 2919 0106 3A       		.uleb128 0x3a
 2920 0107 21       		.uleb128 0x21
 2921 0108 01       		.sleb128 1
 2922 0109 3B       		.uleb128 0x3b
 2923 010a 21       		.uleb128 0x21
 2924 010b FC00     		.sleb128 124
 2925 010d 39       		.uleb128 0x39
 2926 010e 0B       		.uleb128 0xb
 2927 010f 49       		.uleb128 0x49
 2928 0110 13       		.uleb128 0x13
 2929 0111 02       		.uleb128 0x2
 2930 0112 17       		.uleb128 0x17
 2931 0113 B742     		.uleb128 0x2137
 2932 0115 17       		.uleb128 0x17
 2933 0116 00       		.byte	0
 2934 0117 00       		.byte	0
 2935 0118 16       		.uleb128 0x16
 2936 0119 05       		.uleb128 0x5
 2937 011a 00       		.byte	0
 2938 011b 03       		.uleb128 0x3
 2939 011c 0E       		.uleb128 0xe
 2940 011d 3A       		.uleb128 0x3a
 2941 011e 21       		.uleb128 0x21
 2942 011f 01       		.sleb128 1
 2943 0120 3B       		.uleb128 0x3b
 2944 0121 0B       		.uleb128 0xb
 2945 0122 39       		.uleb128 0x39
 2946 0123 0B       		.uleb128 0xb
 2947 0124 49       		.uleb128 0x49
 2948 0125 13       		.uleb128 0x13
 2949 0126 00       		.byte	0
 2950 0127 00       		.byte	0
 2951 0128 17       		.uleb128 0x17
 2952 0129 13       		.uleb128 0x13
 2953 012a 01       		.byte	0x1
 2954 012b 03       		.uleb128 0x3
 2955 012c 0E       		.uleb128 0xe
 2956 012d 0B       		.uleb128 0xb
 2957 012e 0B       		.uleb128 0xb
 2958 012f 3A       		.uleb128 0x3a
 2959 0130 0B       		.uleb128 0xb
 2960 0131 3B       		.uleb128 0x3b
 2961 0132 0B       		.uleb128 0xb
 2962 0133 39       		.uleb128 0x39
 2963 0134 21       		.uleb128 0x21
ARM GAS  C:\Users\DEVELO~1\AppData\Local\Temp\cceKKU6r.s 			page 53


 2964 0135 08       		.sleb128 8
 2965 0136 01       		.uleb128 0x1
 2966 0137 13       		.uleb128 0x13
 2967 0138 00       		.byte	0
 2968 0139 00       		.byte	0
 2969 013a 18       		.uleb128 0x18
 2970 013b 13       		.uleb128 0x13
 2971 013c 01       		.byte	0x1
 2972 013d 0B       		.uleb128 0xb
 2973 013e 0B       		.uleb128 0xb
 2974 013f 3A       		.uleb128 0x3a
 2975 0140 0B       		.uleb128 0xb
 2976 0141 3B       		.uleb128 0x3b
 2977 0142 0B       		.uleb128 0xb
 2978 0143 39       		.uleb128 0x39
 2979 0144 21       		.uleb128 0x21
 2980 0145 09       		.sleb128 9
 2981 0146 01       		.uleb128 0x1
 2982 0147 13       		.uleb128 0x13
 2983 0148 00       		.byte	0
 2984 0149 00       		.byte	0
 2985 014a 19       		.uleb128 0x19
 2986 014b 34       		.uleb128 0x34
 2987 014c 00       		.byte	0
 2988 014d 03       		.uleb128 0x3
 2989 014e 08       		.uleb128 0x8
 2990 014f 3A       		.uleb128 0x3a
 2991 0150 21       		.uleb128 0x21
 2992 0151 01       		.sleb128 1
 2993 0152 3B       		.uleb128 0x3b
 2994 0153 05       		.uleb128 0x5
 2995 0154 39       		.uleb128 0x39
 2996 0155 0B       		.uleb128 0xb
 2997 0156 49       		.uleb128 0x49
 2998 0157 13       		.uleb128 0x13
 2999 0158 00       		.byte	0
 3000 0159 00       		.byte	0
 3001 015a 1A       		.uleb128 0x1a
 3002 015b 34       		.uleb128 0x34
 3003 015c 00       		.byte	0
 3004 015d 03       		.uleb128 0x3
 3005 015e 0E       		.uleb128 0xe
 3006 015f 3A       		.uleb128 0x3a
 3007 0160 21       		.uleb128 0x21
 3008 0161 01       		.sleb128 1
 3009 0162 3B       		.uleb128 0x3b
 3010 0163 05       		.uleb128 0x5
 3011 0164 39       		.uleb128 0x39
 3012 0165 0B       		.uleb128 0xb
 3013 0166 49       		.uleb128 0x49
 3014 0167 13       		.uleb128 0x13
 3015 0168 00       		.byte	0
 3016 0169 00       		.byte	0
 3017 016a 1B       		.uleb128 0x1b
 3018 016b 2E       		.uleb128 0x2e
 3019 016c 01       		.byte	0x1
 3020 016d 3F       		.uleb128 0x3f
ARM GAS  C:\Users\DEVELO~1\AppData\Local\Temp\cceKKU6r.s 			page 54


 3021 016e 19       		.uleb128 0x19
 3022 016f 03       		.uleb128 0x3
 3023 0170 0E       		.uleb128 0xe
 3024 0171 3A       		.uleb128 0x3a
 3025 0172 21       		.uleb128 0x21
 3026 0173 01       		.sleb128 1
 3027 0174 3B       		.uleb128 0x3b
 3028 0175 05       		.uleb128 0x5
 3029 0176 39       		.uleb128 0x39
 3030 0177 21       		.uleb128 0x21
 3031 0178 05       		.sleb128 5
 3032 0179 27       		.uleb128 0x27
 3033 017a 19       		.uleb128 0x19
 3034 017b 49       		.uleb128 0x49
 3035 017c 13       		.uleb128 0x13
 3036 017d 11       		.uleb128 0x11
 3037 017e 01       		.uleb128 0x1
 3038 017f 12       		.uleb128 0x12
 3039 0180 06       		.uleb128 0x6
 3040 0181 40       		.uleb128 0x40
 3041 0182 18       		.uleb128 0x18
 3042 0183 7A       		.uleb128 0x7a
 3043 0184 19       		.uleb128 0x19
 3044 0185 01       		.uleb128 0x1
 3045 0186 13       		.uleb128 0x13
 3046 0187 00       		.byte	0
 3047 0188 00       		.byte	0
 3048 0189 1C       		.uleb128 0x1c
 3049 018a 05       		.uleb128 0x5
 3050 018b 00       		.byte	0
 3051 018c 03       		.uleb128 0x3
 3052 018d 08       		.uleb128 0x8
 3053 018e 3A       		.uleb128 0x3a
 3054 018f 21       		.uleb128 0x21
 3055 0190 01       		.sleb128 1
 3056 0191 3B       		.uleb128 0x3b
 3057 0192 05       		.uleb128 0x5
 3058 0193 39       		.uleb128 0x39
 3059 0194 0B       		.uleb128 0xb
 3060 0195 49       		.uleb128 0x49
 3061 0196 13       		.uleb128 0x13
 3062 0197 02       		.uleb128 0x2
 3063 0198 17       		.uleb128 0x17
 3064 0199 B742     		.uleb128 0x2137
 3065 019b 17       		.uleb128 0x17
 3066 019c 00       		.byte	0
 3067 019d 00       		.byte	0
 3068 019e 1D       		.uleb128 0x1d
 3069 019f 05       		.uleb128 0x5
 3070 01a0 00       		.byte	0
 3071 01a1 03       		.uleb128 0x3
 3072 01a2 08       		.uleb128 0x8
 3073 01a3 3A       		.uleb128 0x3a
 3074 01a4 21       		.uleb128 0x21
 3075 01a5 01       		.sleb128 1
 3076 01a6 3B       		.uleb128 0x3b
 3077 01a7 05       		.uleb128 0x5
ARM GAS  C:\Users\DEVELO~1\AppData\Local\Temp\cceKKU6r.s 			page 55


 3078 01a8 39       		.uleb128 0x39
 3079 01a9 0B       		.uleb128 0xb
 3080 01aa 49       		.uleb128 0x49
 3081 01ab 13       		.uleb128 0x13
 3082 01ac 02       		.uleb128 0x2
 3083 01ad 18       		.uleb128 0x18
 3084 01ae 00       		.byte	0
 3085 01af 00       		.byte	0
 3086 01b0 1E       		.uleb128 0x1e
 3087 01b1 18       		.uleb128 0x18
 3088 01b2 00       		.byte	0
 3089 01b3 00       		.byte	0
 3090 01b4 00       		.byte	0
 3091 01b5 1F       		.uleb128 0x1f
 3092 01b6 34       		.uleb128 0x34
 3093 01b7 00       		.byte	0
 3094 01b8 03       		.uleb128 0x3
 3095 01b9 08       		.uleb128 0x8
 3096 01ba 3A       		.uleb128 0x3a
 3097 01bb 21       		.uleb128 0x21
 3098 01bc 01       		.sleb128 1
 3099 01bd 3B       		.uleb128 0x3b
 3100 01be 05       		.uleb128 0x5
 3101 01bf 39       		.uleb128 0x39
 3102 01c0 21       		.uleb128 0x21
 3103 01c1 0B       		.sleb128 11
 3104 01c2 49       		.uleb128 0x49
 3105 01c3 13       		.uleb128 0x13
 3106 01c4 02       		.uleb128 0x2
 3107 01c5 18       		.uleb128 0x18
 3108 01c6 00       		.byte	0
 3109 01c7 00       		.byte	0
 3110 01c8 20       		.uleb128 0x20
 3111 01c9 34       		.uleb128 0x34
 3112 01ca 00       		.byte	0
 3113 01cb 03       		.uleb128 0x3
 3114 01cc 0E       		.uleb128 0xe
 3115 01cd 3A       		.uleb128 0x3a
 3116 01ce 21       		.uleb128 0x21
 3117 01cf 01       		.sleb128 1
 3118 01d0 3B       		.uleb128 0x3b
 3119 01d1 05       		.uleb128 0x5
 3120 01d2 39       		.uleb128 0x39
 3121 01d3 21       		.uleb128 0x21
 3122 01d4 07       		.sleb128 7
 3123 01d5 49       		.uleb128 0x49
 3124 01d6 13       		.uleb128 0x13
 3125 01d7 02       		.uleb128 0x2
 3126 01d8 17       		.uleb128 0x17
 3127 01d9 B742     		.uleb128 0x2137
 3128 01db 17       		.uleb128 0x17
 3129 01dc 00       		.byte	0
 3130 01dd 00       		.byte	0
 3131 01de 21       		.uleb128 0x21
 3132 01df 34       		.uleb128 0x34
 3133 01e0 00       		.byte	0
 3134 01e1 31       		.uleb128 0x31
ARM GAS  C:\Users\DEVELO~1\AppData\Local\Temp\cceKKU6r.s 			page 56


 3135 01e2 13       		.uleb128 0x13
 3136 01e3 02       		.uleb128 0x2
 3137 01e4 18       		.uleb128 0x18
 3138 01e5 00       		.byte	0
 3139 01e6 00       		.byte	0
 3140 01e7 22       		.uleb128 0x22
 3141 01e8 1D       		.uleb128 0x1d
 3142 01e9 01       		.byte	0x1
 3143 01ea 31       		.uleb128 0x31
 3144 01eb 13       		.uleb128 0x13
 3145 01ec 52       		.uleb128 0x52
 3146 01ed 01       		.uleb128 0x1
 3147 01ee B842     		.uleb128 0x2138
 3148 01f0 05       		.uleb128 0x5
 3149 01f1 11       		.uleb128 0x11
 3150 01f2 01       		.uleb128 0x1
 3151 01f3 12       		.uleb128 0x12
 3152 01f4 06       		.uleb128 0x6
 3153 01f5 58       		.uleb128 0x58
 3154 01f6 21       		.uleb128 0x21
 3155 01f7 01       		.sleb128 1
 3156 01f8 59       		.uleb128 0x59
 3157 01f9 05       		.uleb128 0x5
 3158 01fa 57       		.uleb128 0x57
 3159 01fb 21       		.uleb128 0x21
 3160 01fc 0B       		.sleb128 11
 3161 01fd 01       		.uleb128 0x1
 3162 01fe 13       		.uleb128 0x13
 3163 01ff 00       		.byte	0
 3164 0200 00       		.byte	0
 3165 0201 23       		.uleb128 0x23
 3166 0202 1D       		.uleb128 0x1d
 3167 0203 01       		.byte	0x1
 3168 0204 31       		.uleb128 0x31
 3169 0205 13       		.uleb128 0x13
 3170 0206 52       		.uleb128 0x52
 3171 0207 01       		.uleb128 0x1
 3172 0208 B842     		.uleb128 0x2138
 3173 020a 05       		.uleb128 0x5
 3174 020b 11       		.uleb128 0x11
 3175 020c 01       		.uleb128 0x1
 3176 020d 12       		.uleb128 0x12
 3177 020e 06       		.uleb128 0x6
 3178 020f 58       		.uleb128 0x58
 3179 0210 21       		.uleb128 0x21
 3180 0211 01       		.sleb128 1
 3181 0212 59       		.uleb128 0x59
 3182 0213 0B       		.uleb128 0xb
 3183 0214 57       		.uleb128 0x57
 3184 0215 21       		.uleb128 0x21
 3185 0216 0A       		.sleb128 10
 3186 0217 00       		.byte	0
 3187 0218 00       		.byte	0
 3188 0219 24       		.uleb128 0x24
 3189 021a 2E       		.uleb128 0x2e
 3190 021b 01       		.byte	0x1
 3191 021c 03       		.uleb128 0x3
ARM GAS  C:\Users\DEVELO~1\AppData\Local\Temp\cceKKU6r.s 			page 57


 3192 021d 0E       		.uleb128 0xe
 3193 021e 3A       		.uleb128 0x3a
 3194 021f 21       		.uleb128 0x21
 3195 0220 01       		.sleb128 1
 3196 0221 3B       		.uleb128 0x3b
 3197 0222 0B       		.uleb128 0xb
 3198 0223 39       		.uleb128 0x39
 3199 0224 21       		.uleb128 0x21
 3200 0225 0E       		.sleb128 14
 3201 0226 27       		.uleb128 0x27
 3202 0227 19       		.uleb128 0x19
 3203 0228 49       		.uleb128 0x49
 3204 0229 13       		.uleb128 0x13
 3205 022a 20       		.uleb128 0x20
 3206 022b 21       		.uleb128 0x21
 3207 022c 01       		.sleb128 1
 3208 022d 01       		.uleb128 0x1
 3209 022e 13       		.uleb128 0x13
 3210 022f 00       		.byte	0
 3211 0230 00       		.byte	0
 3212 0231 25       		.uleb128 0x25
 3213 0232 11       		.uleb128 0x11
 3214 0233 01       		.byte	0x1
 3215 0234 25       		.uleb128 0x25
 3216 0235 0E       		.uleb128 0xe
 3217 0236 13       		.uleb128 0x13
 3218 0237 0B       		.uleb128 0xb
 3219 0238 03       		.uleb128 0x3
 3220 0239 0E       		.uleb128 0xe
 3221 023a 1B       		.uleb128 0x1b
 3222 023b 0E       		.uleb128 0xe
 3223 023c 55       		.uleb128 0x55
 3224 023d 17       		.uleb128 0x17
 3225 023e 11       		.uleb128 0x11
 3226 023f 01       		.uleb128 0x1
 3227 0240 10       		.uleb128 0x10
 3228 0241 17       		.uleb128 0x17
 3229 0242 00       		.byte	0
 3230 0243 00       		.byte	0
 3231 0244 26       		.uleb128 0x26
 3232 0245 24       		.uleb128 0x24
 3233 0246 00       		.byte	0
 3234 0247 0B       		.uleb128 0xb
 3235 0248 0B       		.uleb128 0xb
 3236 0249 3E       		.uleb128 0x3e
 3237 024a 0B       		.uleb128 0xb
 3238 024b 03       		.uleb128 0x3
 3239 024c 08       		.uleb128 0x8
 3240 024d 00       		.byte	0
 3241 024e 00       		.byte	0
 3242 024f 27       		.uleb128 0x27
 3243 0250 0F       		.uleb128 0xf
 3244 0251 00       		.byte	0
 3245 0252 0B       		.uleb128 0xb
 3246 0253 0B       		.uleb128 0xb
 3247 0254 00       		.byte	0
 3248 0255 00       		.byte	0
ARM GAS  C:\Users\DEVELO~1\AppData\Local\Temp\cceKKU6r.s 			page 58


 3249 0256 28       		.uleb128 0x28
 3250 0257 13       		.uleb128 0x13
 3251 0258 01       		.byte	0x1
 3252 0259 03       		.uleb128 0x3
 3253 025a 0E       		.uleb128 0xe
 3254 025b 0B       		.uleb128 0xb
 3255 025c 0B       		.uleb128 0xb
 3256 025d 3A       		.uleb128 0x3a
 3257 025e 0B       		.uleb128 0xb
 3258 025f 3B       		.uleb128 0x3b
 3259 0260 0B       		.uleb128 0xb
 3260 0261 01       		.uleb128 0x1
 3261 0262 13       		.uleb128 0x13
 3262 0263 00       		.byte	0
 3263 0264 00       		.byte	0
 3264 0265 29       		.uleb128 0x29
 3265 0266 0D       		.uleb128 0xd
 3266 0267 00       		.byte	0
 3267 0268 03       		.uleb128 0x3
 3268 0269 0E       		.uleb128 0xe
 3269 026a 49       		.uleb128 0x49
 3270 026b 13       		.uleb128 0x13
 3271 026c 38       		.uleb128 0x38
 3272 026d 0B       		.uleb128 0xb
 3273 026e 34       		.uleb128 0x34
 3274 026f 19       		.uleb128 0x19
 3275 0270 00       		.byte	0
 3276 0271 00       		.byte	0
 3277 0272 2A       		.uleb128 0x2a
 3278 0273 2E       		.uleb128 0x2e
 3279 0274 01       		.byte	0x1
 3280 0275 3F       		.uleb128 0x3f
 3281 0276 19       		.uleb128 0x19
 3282 0277 03       		.uleb128 0x3
 3283 0278 0E       		.uleb128 0xe
 3284 0279 3A       		.uleb128 0x3a
 3285 027a 0B       		.uleb128 0xb
 3286 027b 3B       		.uleb128 0x3b
 3287 027c 0B       		.uleb128 0xb
 3288 027d 39       		.uleb128 0x39
 3289 027e 0B       		.uleb128 0xb
 3290 027f 27       		.uleb128 0x27
 3291 0280 19       		.uleb128 0x19
 3292 0281 3C       		.uleb128 0x3c
 3293 0282 19       		.uleb128 0x19
 3294 0283 01       		.uleb128 0x1
 3295 0284 13       		.uleb128 0x13
 3296 0285 00       		.byte	0
 3297 0286 00       		.byte	0
 3298 0287 2B       		.uleb128 0x2b
 3299 0288 2E       		.uleb128 0x2e
 3300 0289 01       		.byte	0x1
 3301 028a 3F       		.uleb128 0x3f
 3302 028b 19       		.uleb128 0x19
 3303 028c 03       		.uleb128 0x3
 3304 028d 0E       		.uleb128 0xe
 3305 028e 3A       		.uleb128 0x3a
ARM GAS  C:\Users\DEVELO~1\AppData\Local\Temp\cceKKU6r.s 			page 59


 3306 028f 0B       		.uleb128 0xb
 3307 0290 3B       		.uleb128 0x3b
 3308 0291 05       		.uleb128 0x5
 3309 0292 39       		.uleb128 0x39
 3310 0293 0B       		.uleb128 0xb
 3311 0294 27       		.uleb128 0x27
 3312 0295 19       		.uleb128 0x19
 3313 0296 49       		.uleb128 0x49
 3314 0297 13       		.uleb128 0x13
 3315 0298 20       		.uleb128 0x20
 3316 0299 0B       		.uleb128 0xb
 3317 029a 01       		.uleb128 0x1
 3318 029b 13       		.uleb128 0x13
 3319 029c 00       		.byte	0
 3320 029d 00       		.byte	0
 3321 029e 2C       		.uleb128 0x2c
 3322 029f 05       		.uleb128 0x5
 3323 02a0 00       		.byte	0
 3324 02a1 03       		.uleb128 0x3
 3325 02a2 0E       		.uleb128 0xe
 3326 02a3 3A       		.uleb128 0x3a
 3327 02a4 0B       		.uleb128 0xb
 3328 02a5 3B       		.uleb128 0x3b
 3329 02a6 05       		.uleb128 0x5
 3330 02a7 39       		.uleb128 0x39
 3331 02a8 0B       		.uleb128 0xb
 3332 02a9 49       		.uleb128 0x49
 3333 02aa 13       		.uleb128 0x13
 3334 02ab 00       		.byte	0
 3335 02ac 00       		.byte	0
 3336 02ad 2D       		.uleb128 0x2d
 3337 02ae 05       		.uleb128 0x5
 3338 02af 00       		.byte	0
 3339 02b0 03       		.uleb128 0x3
 3340 02b1 0E       		.uleb128 0xe
 3341 02b2 3A       		.uleb128 0x3a
 3342 02b3 0B       		.uleb128 0xb
 3343 02b4 3B       		.uleb128 0x3b
 3344 02b5 05       		.uleb128 0x5
 3345 02b6 39       		.uleb128 0x39
 3346 02b7 0B       		.uleb128 0xb
 3347 02b8 49       		.uleb128 0x49
 3348 02b9 13       		.uleb128 0x13
 3349 02ba 02       		.uleb128 0x2
 3350 02bb 17       		.uleb128 0x17
 3351 02bc B742     		.uleb128 0x2137
 3352 02be 17       		.uleb128 0x17
 3353 02bf 00       		.byte	0
 3354 02c0 00       		.byte	0
 3355 02c1 2E       		.uleb128 0x2e
 3356 02c2 1D       		.uleb128 0x1d
 3357 02c3 01       		.byte	0x1
 3358 02c4 31       		.uleb128 0x31
 3359 02c5 13       		.uleb128 0x13
 3360 02c6 52       		.uleb128 0x52
 3361 02c7 01       		.uleb128 0x1
 3362 02c8 B842     		.uleb128 0x2138
ARM GAS  C:\Users\DEVELO~1\AppData\Local\Temp\cceKKU6r.s 			page 60


 3363 02ca 05       		.uleb128 0x5
 3364 02cb 55       		.uleb128 0x55
 3365 02cc 17       		.uleb128 0x17
 3366 02cd 58       		.uleb128 0x58
 3367 02ce 0B       		.uleb128 0xb
 3368 02cf 59       		.uleb128 0x59
 3369 02d0 05       		.uleb128 0x5
 3370 02d1 57       		.uleb128 0x57
 3371 02d2 0B       		.uleb128 0xb
 3372 02d3 00       		.byte	0
 3373 02d4 00       		.byte	0
 3374 02d5 2F       		.uleb128 0x2f
 3375 02d6 0B       		.uleb128 0xb
 3376 02d7 01       		.byte	0x1
 3377 02d8 55       		.uleb128 0x55
 3378 02d9 17       		.uleb128 0x17
 3379 02da 00       		.byte	0
 3380 02db 00       		.byte	0
 3381 02dc 30       		.uleb128 0x30
 3382 02dd 2E       		.uleb128 0x2e
 3383 02de 01       		.byte	0x1
 3384 02df 3F       		.uleb128 0x3f
 3385 02e0 19       		.uleb128 0x19
 3386 02e1 03       		.uleb128 0x3
 3387 02e2 0E       		.uleb128 0xe
 3388 02e3 3A       		.uleb128 0x3a
 3389 02e4 0B       		.uleb128 0xb
 3390 02e5 3B       		.uleb128 0x3b
 3391 02e6 0B       		.uleb128 0xb
 3392 02e7 39       		.uleb128 0x39
 3393 02e8 0B       		.uleb128 0xb
 3394 02e9 27       		.uleb128 0x27
 3395 02ea 19       		.uleb128 0x19
 3396 02eb 49       		.uleb128 0x49
 3397 02ec 13       		.uleb128 0x13
 3398 02ed 11       		.uleb128 0x11
 3399 02ee 01       		.uleb128 0x1
 3400 02ef 12       		.uleb128 0x12
 3401 02f0 06       		.uleb128 0x6
 3402 02f1 40       		.uleb128 0x40
 3403 02f2 18       		.uleb128 0x18
 3404 02f3 7A       		.uleb128 0x7a
 3405 02f4 19       		.uleb128 0x19
 3406 02f5 01       		.uleb128 0x1
 3407 02f6 13       		.uleb128 0x13
 3408 02f7 00       		.byte	0
 3409 02f8 00       		.byte	0
 3410 02f9 31       		.uleb128 0x31
 3411 02fa 34       		.uleb128 0x34
 3412 02fb 00       		.byte	0
 3413 02fc 03       		.uleb128 0x3
 3414 02fd 0E       		.uleb128 0xe
 3415 02fe 3A       		.uleb128 0x3a
 3416 02ff 0B       		.uleb128 0xb
 3417 0300 3B       		.uleb128 0x3b
 3418 0301 0B       		.uleb128 0xb
 3419 0302 39       		.uleb128 0x39
ARM GAS  C:\Users\DEVELO~1\AppData\Local\Temp\cceKKU6r.s 			page 61


 3420 0303 0B       		.uleb128 0xb
 3421 0304 49       		.uleb128 0x49
 3422 0305 13       		.uleb128 0x13
 3423 0306 02       		.uleb128 0x2
 3424 0307 18       		.uleb128 0x18
 3425 0308 00       		.byte	0
 3426 0309 00       		.byte	0
 3427 030a 32       		.uleb128 0x32
 3428 030b 0A       		.uleb128 0xa
 3429 030c 00       		.byte	0
 3430 030d 03       		.uleb128 0x3
 3431 030e 0E       		.uleb128 0xe
 3432 030f 3A       		.uleb128 0x3a
 3433 0310 0B       		.uleb128 0xb
 3434 0311 3B       		.uleb128 0x3b
 3435 0312 05       		.uleb128 0x5
 3436 0313 39       		.uleb128 0x39
 3437 0314 0B       		.uleb128 0xb
 3438 0315 11       		.uleb128 0x11
 3439 0316 01       		.uleb128 0x1
 3440 0317 00       		.byte	0
 3441 0318 00       		.byte	0
 3442 0319 33       		.uleb128 0x33
 3443 031a 48       		.uleb128 0x48
 3444 031b 01       		.byte	0x1
 3445 031c 7D       		.uleb128 0x7d
 3446 031d 01       		.uleb128 0x1
 3447 031e 00       		.byte	0
 3448 031f 00       		.byte	0
 3449 0320 34       		.uleb128 0x34
 3450 0321 01       		.uleb128 0x1
 3451 0322 01       		.byte	0x1
 3452 0323 49       		.uleb128 0x49
 3453 0324 13       		.uleb128 0x13
 3454 0325 01       		.uleb128 0x1
 3455 0326 13       		.uleb128 0x13
 3456 0327 00       		.byte	0
 3457 0328 00       		.byte	0
 3458 0329 35       		.uleb128 0x35
 3459 032a 21       		.uleb128 0x21
 3460 032b 00       		.byte	0
 3461 032c 49       		.uleb128 0x49
 3462 032d 13       		.uleb128 0x13
 3463 032e 2F       		.uleb128 0x2f
 3464 032f 0B       		.uleb128 0xb
 3465 0330 00       		.byte	0
 3466 0331 00       		.byte	0
 3467 0332 36       		.uleb128 0x36
 3468 0333 2E       		.uleb128 0x2e
 3469 0334 01       		.byte	0x1
 3470 0335 31       		.uleb128 0x31
 3471 0336 13       		.uleb128 0x13
 3472 0337 11       		.uleb128 0x11
 3473 0338 01       		.uleb128 0x1
 3474 0339 12       		.uleb128 0x12
 3475 033a 06       		.uleb128 0x6
 3476 033b 40       		.uleb128 0x40
ARM GAS  C:\Users\DEVELO~1\AppData\Local\Temp\cceKKU6r.s 			page 62


 3477 033c 18       		.uleb128 0x18
 3478 033d 7A       		.uleb128 0x7a
 3479 033e 19       		.uleb128 0x19
 3480 033f 00       		.byte	0
 3481 0340 00       		.byte	0
 3482 0341 00       		.byte	0
 3483              		.section	.debug_loclists,"",%progbits
 3484 0000 690E0000 		.4byte	.Ldebug_loc3-.Ldebug_loc2
 3485              	.Ldebug_loc2:
 3486 0004 0500     		.2byte	0x5
 3487 0006 04       		.byte	0x4
 3488 0007 00       		.byte	0
 3489 0008 00000000 		.4byte	0
 3490              	.Ldebug_loc0:
 3491              	.LVUS36:
 3492 000c 00       		.uleb128 0
 3493 000d 00       		.uleb128 .LVU422
 3494 000e 00       		.uleb128 .LVU422
 3495 000f 00       		.uleb128 .LVU423
 3496 0010 00       		.uleb128 .LVU423
 3497 0011 00       		.uleb128 .LVU437
 3498 0012 00       		.uleb128 .LVU437
 3499 0013 00       		.uleb128 .LVU438
 3500 0014 00       		.uleb128 .LVU438
 3501 0015 00       		.uleb128 .LVU440
 3502 0016 00       		.uleb128 .LVU440
 3503 0017 00       		.uleb128 .LVU447
 3504 0018 00       		.uleb128 .LVU447
 3505 0019 00       		.uleb128 0
 3506              	.LLST36:
 3507 001a 06       		.byte	0x6
 3508 001b 00000000 		.4byte	.LVL161
 3509 001f 04       		.byte	0x4
 3510 0020 00       		.uleb128 .LVL161-.LVL161
 3511 0021 1C       		.uleb128 .LVL166-.LVL161
 3512 0022 01       		.uleb128 0x1
 3513 0023 50       		.byte	0x50
 3514 0024 04       		.byte	0x4
 3515 0025 1C       		.uleb128 .LVL166-.LVL161
 3516 0026 1F       		.uleb128 .LVL167-1-.LVL161
 3517 0027 01       		.uleb128 0x1
 3518 0028 51       		.byte	0x51
 3519 0029 04       		.byte	0x4
 3520 002a 1F       		.uleb128 .LVL167-1-.LVL161
 3521 002b 3A       		.uleb128 .LVL172-.LVL161
 3522 002c 01       		.uleb128 0x1
 3523 002d 56       		.byte	0x56
 3524 002e 04       		.byte	0x4
 3525 002f 3A       		.uleb128 .LVL172-.LVL161
 3526 0030 3E       		.uleb128 .LVL173-.LVL161
 3527 0031 04       		.uleb128 0x4
 3528 0032 A3       		.byte	0xa3
 3529 0033 01       		.uleb128 0x1
 3530 0034 50       		.byte	0x50
 3531 0035 9F       		.byte	0x9f
 3532 0036 04       		.byte	0x4
 3533 0037 3E       		.uleb128 .LVL173-.LVL161
ARM GAS  C:\Users\DEVELO~1\AppData\Local\Temp\cceKKU6r.s 			page 63


 3534 0038 46       		.uleb128 .LVL175-.LVL161
 3535 0039 01       		.uleb128 0x1
 3536 003a 50       		.byte	0x50
 3537 003b 04       		.byte	0x4
 3538 003c 46       		.uleb128 .LVL175-.LVL161
 3539 003d 5A       		.uleb128 .LVL179-.LVL161
 3540 003e 01       		.uleb128 0x1
 3541 003f 56       		.byte	0x56
 3542 0040 04       		.byte	0x4
 3543 0041 5A       		.uleb128 .LVL179-.LVL161
 3544 0042 5E       		.uleb128 .LFE436-.LVL161
 3545 0043 04       		.uleb128 0x4
 3546 0044 A3       		.byte	0xa3
 3547 0045 01       		.uleb128 0x1
 3548 0046 50       		.byte	0x50
 3549 0047 9F       		.byte	0x9f
 3550 0048 00       		.byte	0
 3551              	.LVUS37:
 3552 0049 00       		.uleb128 0
 3553 004a 00       		.uleb128 .LVU421
 3554 004b 00       		.uleb128 .LVU421
 3555 004c 00       		.uleb128 .LVU437
 3556 004d 00       		.uleb128 .LVU437
 3557 004e 00       		.uleb128 .LVU438
 3558 004f 00       		.uleb128 .LVU438
 3559 0050 00       		.uleb128 .LVU439
 3560 0051 00       		.uleb128 .LVU439
 3561 0052 00       		.uleb128 .LVU447
 3562 0053 00       		.uleb128 .LVU447
 3563 0054 00       		.uleb128 0
 3564              	.LLST37:
 3565 0055 06       		.byte	0x6
 3566 0056 00000000 		.4byte	.LVL161
 3567 005a 04       		.byte	0x4
 3568 005b 00       		.uleb128 .LVL161-.LVL161
 3569 005c 1A       		.uleb128 .LVL165-.LVL161
 3570 005d 01       		.uleb128 0x1
 3571 005e 51       		.byte	0x51
 3572 005f 04       		.byte	0x4
 3573 0060 1A       		.uleb128 .LVL165-.LVL161
 3574 0061 3A       		.uleb128 .LVL172-.LVL161
 3575 0062 01       		.uleb128 0x1
 3576 0063 54       		.byte	0x54
 3577 0064 04       		.byte	0x4
 3578 0065 3A       		.uleb128 .LVL172-.LVL161
 3579 0066 3E       		.uleb128 .LVL173-.LVL161
 3580 0067 04       		.uleb128 0x4
 3581 0068 A3       		.byte	0xa3
 3582 0069 01       		.uleb128 0x1
 3583 006a 51       		.byte	0x51
 3584 006b 9F       		.byte	0x9f
 3585 006c 04       		.byte	0x4
 3586 006d 3E       		.uleb128 .LVL173-.LVL161
 3587 006e 40       		.uleb128 .LVL174-.LVL161
 3588 006f 01       		.uleb128 0x1
 3589 0070 51       		.byte	0x51
 3590 0071 04       		.byte	0x4
ARM GAS  C:\Users\DEVELO~1\AppData\Local\Temp\cceKKU6r.s 			page 64


 3591 0072 40       		.uleb128 .LVL174-.LVL161
 3592 0073 5A       		.uleb128 .LVL179-.LVL161
 3593 0074 01       		.uleb128 0x1
 3594 0075 54       		.byte	0x54
 3595 0076 04       		.byte	0x4
 3596 0077 5A       		.uleb128 .LVL179-.LVL161
 3597 0078 5E       		.uleb128 .LFE436-.LVL161
 3598 0079 04       		.uleb128 0x4
 3599 007a A3       		.byte	0xa3
 3600 007b 01       		.uleb128 0x1
 3601 007c 51       		.byte	0x51
 3602 007d 9F       		.byte	0x9f
 3603 007e 00       		.byte	0
 3604              	.LVUS38:
 3605 007f 01       		.uleb128 .LVU433
 3606 0080 04       		.uleb128 .LVU436
 3607              	.LLST38:
 3608 0081 08       		.byte	0x8
 3609 0082 34000000 		.4byte	.LVL171
 3610 0086 00       		.uleb128 .LVL171-.LVL171
 3611 0087 01       		.uleb128 0x1
 3612 0088 50       		.byte	0x50
 3613 0089 00       		.byte	0
 3614              	.LVUS40:
 3615 008a 01       		.uleb128 .LVU411
 3616 008b 01       		.uleb128 .LVU433
 3617 008c 00       		.uleb128 .LVU438
 3618 008d 00       		.uleb128 .LVU447
 3619 008e 00       		.uleb128 .LVU447
 3620 008f 00       		.uleb128 0
 3621              	.LLST40:
 3622 0090 06       		.byte	0x6
 3623 0091 12000000 		.4byte	.LVL162
 3624 0095 04       		.byte	0x4
 3625 0096 00       		.uleb128 .LVL162-.LVL162
 3626 0097 22       		.uleb128 .LVL171-.LVL162
 3627 0098 01       		.uleb128 0x1
 3628 0099 57       		.byte	0x57
 3629 009a 04       		.byte	0x4
 3630 009b 2C       		.uleb128 .LVL173-.LVL162
 3631 009c 48       		.uleb128 .LVL179-.LVL162
 3632 009d 01       		.uleb128 0x1
 3633 009e 57       		.byte	0x57
 3634 009f 04       		.byte	0x4
 3635 00a0 48       		.uleb128 .LVL179-.LVL162
 3636 00a1 4C       		.uleb128 .LFE436-.LVL162
 3637 00a2 02       		.uleb128 0x2
 3638 00a3 91       		.byte	0x91
 3639 00a4 68       		.sleb128 -24
 3640 00a5 00       		.byte	0
 3641              	.LVUS41:
 3642 00a6 01       		.uleb128 .LVU411
 3643 00a7 00       		.uleb128 .LVU421
 3644 00a8 00       		.uleb128 .LVU421
 3645 00a9 01       		.uleb128 .LVU433
 3646 00aa 00       		.uleb128 .LVU438
 3647 00ab 00       		.uleb128 .LVU439
ARM GAS  C:\Users\DEVELO~1\AppData\Local\Temp\cceKKU6r.s 			page 65


 3648 00ac 00       		.uleb128 .LVU439
 3649 00ad 00       		.uleb128 .LVU447
 3650 00ae 00       		.uleb128 .LVU447
 3651 00af 00       		.uleb128 0
 3652              	.LLST41:
 3653 00b0 06       		.byte	0x6
 3654 00b1 12000000 		.4byte	.LVL162
 3655 00b5 04       		.byte	0x4
 3656 00b6 00       		.uleb128 .LVL162-.LVL162
 3657 00b7 08       		.uleb128 .LVL165-.LVL162
 3658 00b8 01       		.uleb128 0x1
 3659 00b9 51       		.byte	0x51
 3660 00ba 04       		.byte	0x4
 3661 00bb 08       		.uleb128 .LVL165-.LVL162
 3662 00bc 22       		.uleb128 .LVL171-.LVL162
 3663 00bd 01       		.uleb128 0x1
 3664 00be 54       		.byte	0x54
 3665 00bf 04       		.byte	0x4
 3666 00c0 2C       		.uleb128 .LVL173-.LVL162
 3667 00c1 2E       		.uleb128 .LVL174-.LVL162
 3668 00c2 01       		.uleb128 0x1
 3669 00c3 51       		.byte	0x51
 3670 00c4 04       		.byte	0x4
 3671 00c5 2E       		.uleb128 .LVL174-.LVL162
 3672 00c6 48       		.uleb128 .LVL179-.LVL162
 3673 00c7 01       		.uleb128 0x1
 3674 00c8 54       		.byte	0x54
 3675 00c9 04       		.byte	0x4
 3676 00ca 48       		.uleb128 .LVL179-.LVL162
 3677 00cb 4C       		.uleb128 .LFE436-.LVL162
 3678 00cc 04       		.uleb128 0x4
 3679 00cd A3       		.byte	0xa3
 3680 00ce 01       		.uleb128 0x1
 3681 00cf 51       		.byte	0x51
 3682 00d0 9F       		.byte	0x9f
 3683 00d1 00       		.byte	0
 3684              	.LVUS42:
 3685 00d2 01       		.uleb128 .LVU411
 3686 00d3 00       		.uleb128 .LVU422
 3687 00d4 00       		.uleb128 .LVU422
 3688 00d5 00       		.uleb128 .LVU423
 3689 00d6 00       		.uleb128 .LVU423
 3690 00d7 01       		.uleb128 .LVU433
 3691 00d8 00       		.uleb128 .LVU438
 3692 00d9 00       		.uleb128 .LVU440
 3693 00da 00       		.uleb128 .LVU440
 3694 00db 00       		.uleb128 .LVU447
 3695 00dc 00       		.uleb128 .LVU447
 3696 00dd 00       		.uleb128 0
 3697              	.LLST42:
 3698 00de 06       		.byte	0x6
 3699 00df 12000000 		.4byte	.LVL162
 3700 00e3 04       		.byte	0x4
 3701 00e4 00       		.uleb128 .LVL162-.LVL162
 3702 00e5 0A       		.uleb128 .LVL166-.LVL162
 3703 00e6 01       		.uleb128 0x1
 3704 00e7 50       		.byte	0x50
ARM GAS  C:\Users\DEVELO~1\AppData\Local\Temp\cceKKU6r.s 			page 66


 3705 00e8 04       		.byte	0x4
 3706 00e9 0A       		.uleb128 .LVL166-.LVL162
 3707 00ea 0D       		.uleb128 .LVL167-1-.LVL162
 3708 00eb 01       		.uleb128 0x1
 3709 00ec 51       		.byte	0x51
 3710 00ed 04       		.byte	0x4
 3711 00ee 0D       		.uleb128 .LVL167-1-.LVL162
 3712 00ef 22       		.uleb128 .LVL171-.LVL162
 3713 00f0 01       		.uleb128 0x1
 3714 00f1 56       		.byte	0x56
 3715 00f2 04       		.byte	0x4
 3716 00f3 2C       		.uleb128 .LVL173-.LVL162
 3717 00f4 34       		.uleb128 .LVL175-.LVL162
 3718 00f5 01       		.uleb128 0x1
 3719 00f6 50       		.byte	0x50
 3720 00f7 04       		.byte	0x4
 3721 00f8 34       		.uleb128 .LVL175-.LVL162
 3722 00f9 48       		.uleb128 .LVL179-.LVL162
 3723 00fa 01       		.uleb128 0x1
 3724 00fb 56       		.byte	0x56
 3725 00fc 04       		.byte	0x4
 3726 00fd 48       		.uleb128 .LVL179-.LVL162
 3727 00fe 4C       		.uleb128 .LFE436-.LVL162
 3728 00ff 04       		.uleb128 0x4
 3729 0100 A3       		.byte	0xa3
 3730 0101 01       		.uleb128 0x1
 3731 0102 50       		.byte	0x50
 3732 0103 9F       		.byte	0x9f
 3733 0104 00       		.byte	0
 3734              	.LVUS43:
 3735 0105 01       		.uleb128 .LVU424
 3736 0106 00       		.uleb128 .LVU426
 3737 0107 00       		.uleb128 .LVU426
 3738 0108 00       		.uleb128 .LVU427
 3739 0109 00       		.uleb128 .LVU427
 3740 010a 00       		.uleb128 .LVU438
 3741 010b 01       		.uleb128 .LVU442
 3742 010c 00       		.uleb128 .LVU444
 3743 010d 00       		.uleb128 .LVU444
 3744 010e 00       		.uleb128 .LVU445
 3745 010f 00       		.uleb128 .LVU445
 3746 0110 00       		.uleb128 0
 3747              	.LLST43:
 3748 0111 06       		.byte	0x6
 3749 0112 20000000 		.4byte	.LVL167
 3750 0116 04       		.byte	0x4
 3751 0117 00       		.uleb128 .LVL167-.LVL167
 3752 0118 06       		.uleb128 .LVL168-.LVL167
 3753 0119 04       		.uleb128 0x4
 3754 011a 91       		.byte	0x91
 3755 011b BC7F     		.sleb128 -68
 3756 011d 9F       		.byte	0x9f
 3757 011e 04       		.byte	0x4
 3758 011f 06       		.uleb128 .LVL168-.LVL167
 3759 0120 09       		.uleb128 .LVL169-1-.LVL167
 3760 0121 01       		.uleb128 0x1
 3761 0122 50       		.byte	0x50
ARM GAS  C:\Users\DEVELO~1\AppData\Local\Temp\cceKKU6r.s 			page 67


 3762 0123 04       		.byte	0x4
 3763 0124 09       		.uleb128 .LVL169-1-.LVL167
 3764 0125 1E       		.uleb128 .LVL173-.LVL167
 3765 0126 04       		.uleb128 0x4
 3766 0127 91       		.byte	0x91
 3767 0128 BC7F     		.sleb128 -68
 3768 012a 9F       		.byte	0x9f
 3769 012b 04       		.byte	0x4
 3770 012c 2A       		.uleb128 .LVL176-.LVL167
 3771 012d 30       		.uleb128 .LVL177-.LVL167
 3772 012e 04       		.uleb128 0x4
 3773 012f 91       		.byte	0x91
 3774 0130 BC7F     		.sleb128 -68
 3775 0132 9F       		.byte	0x9f
 3776 0133 04       		.byte	0x4
 3777 0134 30       		.uleb128 .LVL177-.LVL167
 3778 0135 33       		.uleb128 .LVL178-1-.LVL167
 3779 0136 01       		.uleb128 0x1
 3780 0137 50       		.byte	0x50
 3781 0138 04       		.byte	0x4
 3782 0139 33       		.uleb128 .LVL178-1-.LVL167
 3783 013a 3E       		.uleb128 .LFE436-.LVL167
 3784 013b 04       		.uleb128 0x4
 3785 013c 91       		.byte	0x91
 3786 013d BC7F     		.sleb128 -68
 3787 013f 9F       		.byte	0x9f
 3788 0140 00       		.byte	0
 3789              	.LVUS44:
 3790 0141 01       		.uleb128 .LVU419
 3791 0142 00       		.uleb128 .LVU420
 3792 0143 00       		.uleb128 .LVU420
 3793 0144 00       		.uleb128 .LVU423
 3794 0145 00       		.uleb128 .LVU423
 3795 0146 01       		.uleb128 .LVU433
 3796 0147 00       		.uleb128 .LVU438
 3797 0148 00       		.uleb128 0
 3798              	.LLST44:
 3799 0149 06       		.byte	0x6
 3800 014a 14000000 		.4byte	.LVL163
 3801 014e 04       		.byte	0x4
 3802 014f 00       		.uleb128 .LVL163-.LVL163
 3803 0150 04       		.uleb128 .LVL164-.LVL163
 3804 0151 03       		.uleb128 0x3
 3805 0152 71       		.byte	0x71
 3806 0153 7F       		.sleb128 -1
 3807 0154 9F       		.byte	0x9f
 3808 0155 04       		.byte	0x4
 3809 0156 04       		.uleb128 .LVL164-.LVL163
 3810 0157 0B       		.uleb128 .LVL167-1-.LVL163
 3811 0158 01       		.uleb128 0x1
 3812 0159 52       		.byte	0x52
 3813 015a 04       		.byte	0x4
 3814 015b 0B       		.uleb128 .LVL167-1-.LVL163
 3815 015c 20       		.uleb128 .LVL171-.LVL163
 3816 015d 03       		.uleb128 0x3
 3817 015e 74       		.byte	0x74
 3818 015f 7F       		.sleb128 -1
ARM GAS  C:\Users\DEVELO~1\AppData\Local\Temp\cceKKU6r.s 			page 68


 3819 0160 9F       		.byte	0x9f
 3820 0161 04       		.byte	0x4
 3821 0162 2A       		.uleb128 .LVL173-.LVL163
 3822 0163 4A       		.uleb128 .LFE436-.LVL163
 3823 0164 02       		.uleb128 0x2
 3824 0165 30       		.byte	0x30
 3825 0166 9F       		.byte	0x9f
 3826 0167 00       		.byte	0
 3827              	.LVUS45:
 3828 0168 00       		.uleb128 .LVU428
 3829 0169 01       		.uleb128 .LVU433
 3830 016a 00       		.uleb128 .LVU445
 3831 016b 00       		.uleb128 0
 3832              	.LLST45:
 3833 016c 06       		.byte	0x6
 3834 016d 2C000000 		.4byte	.LVL170
 3835 0171 04       		.byte	0x4
 3836 0172 00       		.uleb128 .LVL170-.LVL170
 3837 0173 08       		.uleb128 .LVL171-.LVL170
 3838 0174 01       		.uleb128 0x1
 3839 0175 50       		.byte	0x50
 3840 0176 04       		.byte	0x4
 3841 0177 28       		.uleb128 .LVL178-.LVL170
 3842 0178 32       		.uleb128 .LFE436-.LVL170
 3843 0179 01       		.uleb128 0x1
 3844 017a 50       		.byte	0x50
 3845 017b 00       		.byte	0
 3846              	.LVUS34:
 3847 017c 00       		.uleb128 0
 3848 017d 00       		.uleb128 .LVU398
 3849 017e 00       		.uleb128 .LVU398
 3850 017f 00       		.uleb128 0
 3851              	.LLST34:
 3852 0180 06       		.byte	0x6
 3853 0181 00000000 		.4byte	.LVL159
 3854 0185 04       		.byte	0x4
 3855 0186 00       		.uleb128 .LVL159-.LVL159
 3856 0187 11       		.uleb128 .LVL160-1-.LVL159
 3857 0188 01       		.uleb128 0x1
 3858 0189 50       		.byte	0x50
 3859 018a 04       		.byte	0x4
 3860 018b 11       		.uleb128 .LVL160-1-.LVL159
 3861 018c 1C       		.uleb128 .LFE435-.LVL159
 3862 018d 04       		.uleb128 0x4
 3863 018e A3       		.byte	0xa3
 3864 018f 01       		.uleb128 0x1
 3865 0190 50       		.byte	0x50
 3866 0191 9F       		.byte	0x9f
 3867 0192 00       		.byte	0
 3868              	.LVUS35:
 3869 0193 00       		.uleb128 .LVU398
 3870 0194 00       		.uleb128 0
 3871              	.LLST35:
 3872 0195 08       		.byte	0x8
 3873 0196 12000000 		.4byte	.LVL160
 3874 019a 0A       		.uleb128 .LFE435-.LVL160
 3875 019b 01       		.uleb128 0x1
ARM GAS  C:\Users\DEVELO~1\AppData\Local\Temp\cceKKU6r.s 			page 69


 3876 019c 50       		.byte	0x50
 3877 019d 00       		.byte	0
 3878              	.LVUS0:
 3879 019e 00       		.uleb128 0
 3880 019f 00       		.uleb128 .LVU16
 3881 01a0 00       		.uleb128 .LVU16
 3882 01a1 00       		.uleb128 .LVU142
 3883 01a2 00       		.uleb128 .LVU142
 3884 01a3 00       		.uleb128 .LVU143
 3885 01a4 00       		.uleb128 .LVU143
 3886 01a5 00       		.uleb128 .LVU386
 3887 01a6 00       		.uleb128 .LVU386
 3888 01a7 00       		.uleb128 .LVU387
 3889 01a8 00       		.uleb128 .LVU387
 3890 01a9 00       		.uleb128 0
 3891              	.LLST0:
 3892 01aa 06       		.byte	0x6
 3893 01ab 00000000 		.4byte	.LVL0
 3894 01af 04       		.byte	0x4
 3895 01b0 00       		.uleb128 .LVL0-.LVL0
 3896 01b1 1E       		.uleb128 .LVL3-.LVL0
 3897 01b2 01       		.uleb128 0x1
 3898 01b3 50       		.byte	0x50
 3899 01b4 04       		.byte	0x4
 3900 01b5 1E       		.uleb128 .LVL3-.LVL0
 3901 01b6 F603     		.uleb128 .LVL49-.LVL0
 3902 01b8 01       		.uleb128 0x1
 3903 01b9 54       		.byte	0x54
 3904 01ba 04       		.byte	0x4
 3905 01bb F603     		.uleb128 .LVL49-.LVL0
 3906 01bd FE03     		.uleb128 .LVL50-.LVL0
 3907 01bf 04       		.uleb128 0x4
 3908 01c0 A3       		.byte	0xa3
 3909 01c1 01       		.uleb128 0x1
 3910 01c2 50       		.byte	0x50
 3911 01c3 9F       		.byte	0x9f
 3912 01c4 04       		.byte	0x4
 3913 01c5 FE03     		.uleb128 .LVL50-.LVL0
 3914 01c7 B408     		.uleb128 .LVL156-.LVL0
 3915 01c9 01       		.uleb128 0x1
 3916 01ca 54       		.byte	0x54
 3917 01cb 04       		.byte	0x4
 3918 01cc B408     		.uleb128 .LVL156-.LVL0
 3919 01ce B808     		.uleb128 .LVL157-.LVL0
 3920 01d0 01       		.uleb128 0x1
 3921 01d1 50       		.byte	0x50
 3922 01d2 04       		.byte	0x4
 3923 01d3 B808     		.uleb128 .LVL157-.LVL0
 3924 01d5 C808     		.uleb128 .LFE434-.LVL0
 3925 01d7 01       		.uleb128 0x1
 3926 01d8 54       		.byte	0x54
 3927 01d9 00       		.byte	0
 3928              	.LVUS1:
 3929 01da 00       		.uleb128 0
 3930 01db 00       		.uleb128 .LVU4
 3931 01dc 00       		.uleb128 .LVU4
 3932 01dd 03       		.uleb128 .LVU8
ARM GAS  C:\Users\DEVELO~1\AppData\Local\Temp\cceKKU6r.s 			page 70


 3933 01de 00       		.uleb128 .LVU16
 3934 01df 00       		.uleb128 .LVU21
 3935 01e0 00       		.uleb128 .LVU21
 3936 01e1 00       		.uleb128 .LVU29
 3937 01e2 00       		.uleb128 .LVU29
 3938 01e3 00       		.uleb128 .LVU30
 3939 01e4 00       		.uleb128 .LVU30
 3940 01e5 01       		.uleb128 .LVU59
 3941 01e6 01       		.uleb128 .LVU59
 3942 01e7 02       		.uleb128 .LVU60
 3943 01e8 02       		.uleb128 .LVU60
 3944 01e9 02       		.uleb128 .LVU68
 3945 01ea 02       		.uleb128 .LVU68
 3946 01eb 00       		.uleb128 .LVU69
 3947 01ec 00       		.uleb128 .LVU69
 3948 01ed 00       		.uleb128 .LVU72
 3949 01ee 00       		.uleb128 .LVU72
 3950 01ef 00       		.uleb128 .LVU75
 3951 01f0 00       		.uleb128 .LVU75
 3952 01f1 00       		.uleb128 .LVU79
 3953 01f2 00       		.uleb128 .LVU79
 3954 01f3 01       		.uleb128 .LVU81
 3955 01f4 00       		.uleb128 .LVU85
 3956 01f5 01       		.uleb128 .LVU97
 3957 01f6 01       		.uleb128 .LVU97
 3958 01f7 00       		.uleb128 .LVU105
 3959 01f8 00       		.uleb128 .LVU105
 3960 01f9 01       		.uleb128 .LVU107
 3961 01fa 01       		.uleb128 .LVU107
 3962 01fb 00       		.uleb128 .LVU114
 3963 01fc 00       		.uleb128 .LVU114
 3964 01fd 01       		.uleb128 .LVU115
 3965 01fe 01       		.uleb128 .LVU115
 3966 01ff 00       		.uleb128 .LVU117
 3967 0200 00       		.uleb128 .LVU117
 3968 0201 01       		.uleb128 .LVU120
 3969 0202 01       		.uleb128 .LVU120
 3970 0203 00       		.uleb128 .LVU124
 3971 0204 00       		.uleb128 .LVU124
 3972 0205 00       		.uleb128 .LVU129
 3973 0206 00       		.uleb128 .LVU129
 3974 0207 00       		.uleb128 .LVU130
 3975 0208 00       		.uleb128 .LVU130
 3976 0209 00       		.uleb128 .LVU131
 3977 020a 01       		.uleb128 .LVU132
 3978 020b 00       		.uleb128 .LVU138
 3979 020c 00       		.uleb128 .LVU138
 3980 020d 01       		.uleb128 .LVU140
 3981 020e 00       		.uleb128 .LVU143
 3982 020f 00       		.uleb128 .LVU386
 3983 0210 00       		.uleb128 .LVU387
 3984 0211 00       		.uleb128 0
 3985              	.LLST1:
 3986 0212 06       		.byte	0x6
 3987 0213 00000000 		.4byte	.LVL0
 3988 0217 04       		.byte	0x4
 3989 0218 00       		.uleb128 .LVL0-.LVL0
ARM GAS  C:\Users\DEVELO~1\AppData\Local\Temp\cceKKU6r.s 			page 71


 3990 0219 0E       		.uleb128 .LVL1-.LVL0
 3991 021a 01       		.uleb128 0x1
 3992 021b 51       		.byte	0x51
 3993 021c 04       		.byte	0x4
 3994 021d 0E       		.uleb128 .LVL1-.LVL0
 3995 021e 10       		.uleb128 .LVL2-.LVL0
 3996 021f 01       		.uleb128 0x1
 3997 0220 56       		.byte	0x56
 3998 0221 04       		.byte	0x4
 3999 0222 1E       		.uleb128 .LVL3-.LVL0
 4000 0223 2B       		.uleb128 .LVL6-1-.LVL0
 4001 0224 01       		.uleb128 0x1
 4002 0225 53       		.byte	0x53
 4003 0226 04       		.byte	0x4
 4004 0227 2B       		.uleb128 .LVL6-1-.LVL0
 4005 0228 2E       		.uleb128 .LVL7-.LVL0
 4006 0229 01       		.uleb128 0x1
 4007 022a 56       		.byte	0x56
 4008 022b 04       		.byte	0x4
 4009 022c 2E       		.uleb128 .LVL7-.LVL0
 4010 022d 32       		.uleb128 .LVL8-.LVL0
 4011 022e 03       		.uleb128 0x3
 4012 022f 76       		.byte	0x76
 4013 0230 01       		.sleb128 1
 4014 0231 9F       		.byte	0x9f
 4015 0232 04       		.byte	0x4
 4016 0233 32       		.uleb128 .LVL8-.LVL0
 4017 0234 6C       		.uleb128 .LVL17-.LVL0
 4018 0235 01       		.uleb128 0x1
 4019 0236 53       		.byte	0x53
 4020 0237 04       		.byte	0x4
 4021 0238 6C       		.uleb128 .LVL17-.LVL0
 4022 0239 6C       		.uleb128 .LVL17-.LVL0
 4023 023a 03       		.uleb128 0x3
 4024 023b 73       		.byte	0x73
 4025 023c 01       		.sleb128 1
 4026 023d 9F       		.byte	0x9f
 4027 023e 04       		.byte	0x4
 4028 023f 6C       		.uleb128 .LVL17-.LVL0
 4029 0240 78       		.uleb128 .LVL20-.LVL0
 4030 0241 01       		.uleb128 0x1
 4031 0242 56       		.byte	0x56
 4032 0243 04       		.byte	0x4
 4033 0244 78       		.uleb128 .LVL20-.LVL0
 4034 0245 7C       		.uleb128 .LVL21-.LVL0
 4035 0246 03       		.uleb128 0x3
 4036 0247 76       		.byte	0x76
 4037 0248 01       		.sleb128 1
 4038 0249 9F       		.byte	0x9f
 4039 024a 04       		.byte	0x4
 4040 024b 7C       		.uleb128 .LVL21-.LVL0
 4041 024c FA01     		.uleb128 .LVL22-.LVL0
 4042 024e 01       		.uleb128 0x1
 4043 024f 56       		.byte	0x56
 4044 0250 04       		.byte	0x4
 4045 0251 FA01     		.uleb128 .LVL22-.LVL0
 4046 0253 FC01     		.uleb128 .LVL23-.LVL0
ARM GAS  C:\Users\DEVELO~1\AppData\Local\Temp\cceKKU6r.s 			page 72


 4047 0255 01       		.uleb128 0x1
 4048 0256 53       		.byte	0x53
 4049 0257 04       		.byte	0x4
 4050 0258 FC01     		.uleb128 .LVL23-.LVL0
 4051 025a 8802     		.uleb128 .LVL25-.LVL0
 4052 025c 01       		.uleb128 0x1
 4053 025d 56       		.byte	0x56
 4054 025e 04       		.byte	0x4
 4055 025f 8802     		.uleb128 .LVL25-.LVL0
 4056 0261 8C02     		.uleb128 .LVL26-.LVL0
 4057 0263 03       		.uleb128 0x3
 4058 0264 76       		.byte	0x76
 4059 0265 7F       		.sleb128 -1
 4060 0266 9F       		.byte	0x9f
 4061 0267 04       		.byte	0x4
 4062 0268 9002     		.uleb128 .LVL27-.LVL0
 4063 026a A602     		.uleb128 .LVL30-.LVL0
 4064 026c 01       		.uleb128 0x1
 4065 026d 56       		.byte	0x56
 4066 026e 04       		.byte	0x4
 4067 026f A602     		.uleb128 .LVL30-.LVL0
 4068 0271 B402     		.uleb128 .LVL34-.LVL0
 4069 0273 03       		.uleb128 0x3
 4070 0274 76       		.byte	0x76
 4071 0275 01       		.sleb128 1
 4072 0276 9F       		.byte	0x9f
 4073 0277 04       		.byte	0x4
 4074 0278 B402     		.uleb128 .LVL34-.LVL0
 4075 027a B802     		.uleb128 .LVL35-.LVL0
 4076 027c 03       		.uleb128 0x3
 4077 027d 76       		.byte	0x76
 4078 027e 7F       		.sleb128 -1
 4079 027f 9F       		.byte	0x9f
 4080 0280 04       		.byte	0x4
 4081 0281 B802     		.uleb128 .LVL35-.LVL0
 4082 0283 BE03     		.uleb128 .LVL37-.LVL0
 4083 0285 01       		.uleb128 0x1
 4084 0286 56       		.byte	0x56
 4085 0287 04       		.byte	0x4
 4086 0288 BE03     		.uleb128 .LVL37-.LVL0
 4087 028a BE03     		.uleb128 .LVL37-.LVL0
 4088 028c 01       		.uleb128 0x1
 4089 028d 53       		.byte	0x53
 4090 028e 04       		.byte	0x4
 4091 028f BE03     		.uleb128 .LVL37-.LVL0
 4092 0291 C003     		.uleb128 .LVL38-.LVL0
 4093 0293 03       		.uleb128 0x3
 4094 0294 73       		.byte	0x73
 4095 0295 01       		.sleb128 1
 4096 0296 9F       		.byte	0x9f
 4097 0297 04       		.byte	0x4
 4098 0298 C003     		.uleb128 .LVL38-.LVL0
 4099 029a C603     		.uleb128 .LVL39-.LVL0
 4100 029c 01       		.uleb128 0x1
 4101 029d 53       		.byte	0x53
 4102 029e 04       		.byte	0x4
 4103 029f C603     		.uleb128 .LVL39-.LVL0
ARM GAS  C:\Users\DEVELO~1\AppData\Local\Temp\cceKKU6r.s 			page 73


 4104 02a1 CC03     		.uleb128 .LVL40-.LVL0
 4105 02a3 03       		.uleb128 0x3
 4106 02a4 73       		.byte	0x73
 4107 02a5 01       		.sleb128 1
 4108 02a6 9F       		.byte	0x9f
 4109 02a7 04       		.byte	0x4
 4110 02a8 CC03     		.uleb128 .LVL40-.LVL0
 4111 02aa D603     		.uleb128 .LVL43-.LVL0
 4112 02ac 01       		.uleb128 0x1
 4113 02ad 53       		.byte	0x53
 4114 02ae 04       		.byte	0x4
 4115 02af D603     		.uleb128 .LVL43-.LVL0
 4116 02b1 D803     		.uleb128 .LVL44-.LVL0
 4117 02b3 03       		.uleb128 0x3
 4118 02b4 76       		.byte	0x76
 4119 02b5 01       		.sleb128 1
 4120 02b6 9F       		.byte	0x9f
 4121 02b7 04       		.byte	0x4
 4122 02b8 D803     		.uleb128 .LVL44-.LVL0
 4123 02ba DA03     		.uleb128 .LVL45-.LVL0
 4124 02bc 01       		.uleb128 0x1
 4125 02bd 56       		.byte	0x56
 4126 02be 04       		.byte	0x4
 4127 02bf DA03     		.uleb128 .LVL45-.LVL0
 4128 02c1 EE03     		.uleb128 .LVL47-.LVL0
 4129 02c3 01       		.uleb128 0x1
 4130 02c4 56       		.byte	0x56
 4131 02c5 04       		.byte	0x4
 4132 02c6 EE03     		.uleb128 .LVL47-.LVL0
 4133 02c8 F203     		.uleb128 .LVL48-.LVL0
 4134 02ca 03       		.uleb128 0x3
 4135 02cb 76       		.byte	0x76
 4136 02cc 7F       		.sleb128 -1
 4137 02cd 9F       		.byte	0x9f
 4138 02ce 04       		.byte	0x4
 4139 02cf FE03     		.uleb128 .LVL50-.LVL0
 4140 02d1 B408     		.uleb128 .LVL156-.LVL0
 4141 02d3 01       		.uleb128 0x1
 4142 02d4 56       		.byte	0x56
 4143 02d5 04       		.byte	0x4
 4144 02d6 B808     		.uleb128 .LVL157-.LVL0
 4145 02d8 C808     		.uleb128 .LFE434-.LVL0
 4146 02da 01       		.uleb128 0x1
 4147 02db 56       		.byte	0x56
 4148 02dc 00       		.byte	0
 4149              	.LVUS2:
 4150 02dd 00       		.uleb128 0
 4151 02de 00       		.uleb128 .LVU5
 4152 02df 00       		.uleb128 .LVU5
 4153 02e0 00       		.uleb128 .LVU16
 4154 02e1 00       		.uleb128 .LVU16
 4155 02e2 00       		.uleb128 .LVU17
 4156 02e3 02       		.uleb128 .LVU23
 4157 02e4 00       		.uleb128 .LVU32
 4158 02e5 00       		.uleb128 .LVU32
 4159 02e6 00       		.uleb128 .LVU39
 4160 02e7 00       		.uleb128 .LVU56
ARM GAS  C:\Users\DEVELO~1\AppData\Local\Temp\cceKKU6r.s 			page 74


 4161 02e8 00       		.uleb128 .LVU58
 4162 02e9 00       		.uleb128 .LVU58
 4163 02ea 00       		.uleb128 .LVU72
 4164 02eb 00       		.uleb128 .LVU72
 4165 02ec 00       		.uleb128 .LVU93
 4166 02ed 00       		.uleb128 .LVU93
 4167 02ee 01       		.uleb128 .LVU103
 4168 02ef 01       		.uleb128 .LVU103
 4169 02f0 00       		.uleb128 .LVU106
 4170 02f1 00       		.uleb128 .LVU106
 4171 02f2 00       		.uleb128 .LVU114
 4172 02f3 00       		.uleb128 .LVU114
 4173 02f4 00       		.uleb128 .LVU129
 4174 02f5 00       		.uleb128 .LVU129
 4175 02f6 00       		.uleb128 .LVU142
 4176 02f7 01       		.uleb128 .LVU147
 4177 02f8 00       		.uleb128 .LVU150
 4178 02f9 00       		.uleb128 .LVU176
 4179 02fa 00       		.uleb128 .LVU180
 4180 02fb 00       		.uleb128 .LVU180
 4181 02fc 00       		.uleb128 .LVU181
 4182 02fd 00       		.uleb128 .LVU181
 4183 02fe 00       		.uleb128 .LVU193
 4184 02ff 00       		.uleb128 .LVU193
 4185 0300 00       		.uleb128 .LVU240
 4186 0301 00       		.uleb128 .LVU254
 4187 0302 00       		.uleb128 .LVU259
 4188 0303 00       		.uleb128 .LVU259
 4189 0304 00       		.uleb128 .LVU260
 4190 0305 00       		.uleb128 .LVU260
 4191 0306 00       		.uleb128 .LVU268
 4192 0307 00       		.uleb128 .LVU268
 4193 0308 00       		.uleb128 .LVU276
 4194 0309 00       		.uleb128 .LVU276
 4195 030a 02       		.uleb128 .LVU278
 4196 030b 02       		.uleb128 .LVU278
 4197 030c 00       		.uleb128 .LVU279
 4198 030d 00       		.uleb128 .LVU279
 4199 030e 00       		.uleb128 .LVU287
 4200 030f 00       		.uleb128 .LVU290
 4201 0310 00       		.uleb128 .LVU294
 4202 0311 00       		.uleb128 .LVU294
 4203 0312 00       		.uleb128 .LVU295
 4204 0313 00       		.uleb128 .LVU295
 4205 0314 00       		.uleb128 .LVU299
 4206 0315 00       		.uleb128 .LVU299
 4207 0316 00       		.uleb128 .LVU344
 4208 0317 00       		.uleb128 .LVU344
 4209 0318 01       		.uleb128 .LVU345
 4210 0319 01       		.uleb128 .LVU345
 4211 031a 00       		.uleb128 .LVU346
 4212 031b 00       		.uleb128 .LVU346
 4213 031c 00       		.uleb128 .LVU350
 4214 031d 00       		.uleb128 .LVU350
 4215 031e 00       		.uleb128 .LVU358
 4216 031f 00       		.uleb128 .LVU358
 4217 0320 00       		.uleb128 .LVU361
ARM GAS  C:\Users\DEVELO~1\AppData\Local\Temp\cceKKU6r.s 			page 75


 4218 0321 00       		.uleb128 .LVU361
 4219 0322 00       		.uleb128 .LVU372
 4220 0323 00       		.uleb128 .LVU380
 4221 0324 00       		.uleb128 .LVU381
 4222 0325 00       		.uleb128 .LVU381
 4223 0326 00       		.uleb128 .LVU384
 4224 0327 00       		.uleb128 .LVU384
 4225 0328 00       		.uleb128 .LVU386
 4226 0329 00       		.uleb128 .LVU386
 4227 032a 00       		.uleb128 .LVU387
 4228              	.LLST2:
 4229 032b 06       		.byte	0x6
 4230 032c 00000000 		.4byte	.LVL0
 4231 0330 04       		.byte	0x4
 4232 0331 00       		.uleb128 .LVL0-.LVL0
 4233 0332 10       		.uleb128 .LVL2-.LVL0
 4234 0333 01       		.uleb128 0x1
 4235 0334 52       		.byte	0x52
 4236 0335 04       		.byte	0x4
 4237 0336 10       		.uleb128 .LVL2-.LVL0
 4238 0337 1E       		.uleb128 .LVL3-.LVL0
 4239 0338 03       		.uleb128 0x3
 4240 0339 52       		.byte	0x52
 4241 033a 93       		.byte	0x93
 4242 033b 04       		.uleb128 0x4
 4243 033c 04       		.byte	0x4
 4244 033d 1E       		.uleb128 .LVL3-.LVL0
 4245 033e 20       		.uleb128 .LVL4-.LVL0
 4246 033f 04       		.uleb128 0x4
 4247 0340 91       		.byte	0x91
 4248 0341 44       		.sleb128 -60
 4249 0342 93       		.byte	0x93
 4250 0343 04       		.uleb128 0x4
 4251 0344 04       		.byte	0x4
 4252 0345 2C       		.uleb128 .LVL6-.LVL0
 4253 0346 38       		.uleb128 .LVL9-.LVL0
 4254 0347 04       		.uleb128 0x4
 4255 0348 91       		.byte	0x91
 4256 0349 44       		.sleb128 -60
 4257 034a 93       		.byte	0x93
 4258 034b 04       		.uleb128 0x4
 4259 034c 04       		.byte	0x4
 4260 034d 38       		.uleb128 .LVL9-.LVL0
 4261 034e 3E       		.uleb128 .LVL11-.LVL0
 4262 034f 04       		.uleb128 0x4
 4263 0350 91       		.byte	0x91
 4264 0351 44       		.sleb128 -60
 4265 0352 93       		.byte	0x93
 4266 0353 04       		.uleb128 0x4
 4267 0354 04       		.byte	0x4
 4268 0355 66       		.uleb128 .LVL16-.LVL0
 4269 0356 6C       		.uleb128 .LVL17-.LVL0
 4270 0357 05       		.uleb128 0x5
 4271 0358 7A       		.byte	0x7a
 4272 0359 04       		.sleb128 4
 4273 035a 9F       		.byte	0x9f
 4274 035b 93       		.byte	0x93
ARM GAS  C:\Users\DEVELO~1\AppData\Local\Temp\cceKKU6r.s 			page 76


 4275 035c 04       		.uleb128 0x4
 4276 035d 04       		.byte	0x4
 4277 035e 6C       		.uleb128 .LVL17-.LVL0
 4278 035f FA01     		.uleb128 .LVL22-.LVL0
 4279 0361 03       		.uleb128 0x3
 4280 0362 5A       		.byte	0x5a
 4281 0363 93       		.byte	0x93
 4282 0364 04       		.uleb128 0x4
 4283 0365 04       		.byte	0x4
 4284 0366 FA01     		.uleb128 .LVL22-.LVL0
 4285 0368 A402     		.uleb128 .LVL29-.LVL0
 4286 036a 04       		.uleb128 0x4
 4287 036b 91       		.byte	0x91
 4288 036c 44       		.sleb128 -60
 4289 036d 93       		.byte	0x93
 4290 036e 04       		.uleb128 0x4
 4291 036f 04       		.byte	0x4
 4292 0370 A402     		.uleb128 .LVL29-.LVL0
 4293 0372 B002     		.uleb128 .LVL32-.LVL0
 4294 0374 03       		.uleb128 0x3
 4295 0375 5A       		.byte	0x5a
 4296 0376 93       		.byte	0x93
 4297 0377 04       		.uleb128 0x4
 4298 0378 04       		.byte	0x4
 4299 0379 B002     		.uleb128 .LVL32-.LVL0
 4300 037b B802     		.uleb128 .LVL35-.LVL0
 4301 037d 05       		.uleb128 0x5
 4302 037e 7A       		.byte	0x7a
 4303 037f 04       		.sleb128 4
 4304 0380 9F       		.byte	0x9f
 4305 0381 93       		.byte	0x93
 4306 0382 04       		.uleb128 0x4
 4307 0383 04       		.byte	0x4
 4308 0384 B802     		.uleb128 .LVL35-.LVL0
 4309 0386 BE03     		.uleb128 .LVL37-.LVL0
 4310 0388 03       		.uleb128 0x3
 4311 0389 5A       		.byte	0x5a
 4312 038a 93       		.byte	0x93
 4313 038b 04       		.uleb128 0x4
 4314 038c 04       		.byte	0x4
 4315 038d BE03     		.uleb128 .LVL37-.LVL0
 4316 038f D603     		.uleb128 .LVL43-.LVL0
 4317 0391 04       		.uleb128 0x4
 4318 0392 91       		.byte	0x91
 4319 0393 44       		.sleb128 -60
 4320 0394 93       		.byte	0x93
 4321 0395 04       		.uleb128 0x4
 4322 0396 04       		.byte	0x4
 4323 0397 D603     		.uleb128 .LVL43-.LVL0
 4324 0399 F603     		.uleb128 .LVL49-.LVL0
 4325 039b 03       		.uleb128 0x3
 4326 039c 5A       		.byte	0x5a
 4327 039d 93       		.byte	0x93
 4328 039e 04       		.uleb128 0x4
 4329 039f 04       		.byte	0x4
 4330 03a0 8404     		.uleb128 .LVL51-.LVL0
 4331 03a2 8804     		.uleb128 .LVL52-.LVL0
ARM GAS  C:\Users\DEVELO~1\AppData\Local\Temp\cceKKU6r.s 			page 77


 4332 03a4 04       		.uleb128 0x4
 4333 03a5 91       		.byte	0x91
 4334 03a6 44       		.sleb128 -60
 4335 03a7 93       		.byte	0x93
 4336 03a8 04       		.uleb128 0x4
 4337 03a9 04       		.byte	0x4
 4338 03aa DE04     		.uleb128 .LVL66-.LVL0
 4339 03ac E404     		.uleb128 .LVL68-.LVL0
 4340 03ae 03       		.uleb128 0x3
 4341 03af 5A       		.byte	0x5a
 4342 03b0 93       		.byte	0x93
 4343 03b1 04       		.uleb128 0x4
 4344 03b2 04       		.byte	0x4
 4345 03b3 E404     		.uleb128 .LVL68-.LVL0
 4346 03b5 E804     		.uleb128 .LVL69-.LVL0
 4347 03b7 05       		.uleb128 0x5
 4348 03b8 73       		.byte	0x73
 4349 03b9 04       		.sleb128 4
 4350 03ba 9F       		.byte	0x9f
 4351 03bb 93       		.byte	0x93
 4352 03bc 04       		.uleb128 0x4
 4353 03bd 04       		.byte	0x4
 4354 03be E804     		.uleb128 .LVL69-.LVL0
 4355 03c0 EE04     		.uleb128 .LVL71-.LVL0
 4356 03c2 03       		.uleb128 0x3
 4357 03c3 53       		.byte	0x53
 4358 03c4 93       		.byte	0x93
 4359 03c5 04       		.uleb128 0x4
 4360 03c6 04       		.byte	0x4
 4361 03c7 EE04     		.uleb128 .LVL71-.LVL0
 4362 03c9 CA05     		.uleb128 .LVL90-.LVL0
 4363 03cb 04       		.uleb128 0x4
 4364 03cc 91       		.byte	0x91
 4365 03cd 44       		.sleb128 -60
 4366 03ce 93       		.byte	0x93
 4367 03cf 04       		.uleb128 0x4
 4368 03d0 04       		.byte	0x4
 4369 03d1 FC05     		.uleb128 .LVL96-.LVL0
 4370 03d3 8406     		.uleb128 .LVL98-.LVL0
 4371 03d5 03       		.uleb128 0x3
 4372 03d6 5A       		.byte	0x5a
 4373 03d7 93       		.byte	0x93
 4374 03d8 04       		.uleb128 0x4
 4375 03d9 04       		.byte	0x4
 4376 03da 8406     		.uleb128 .LVL98-.LVL0
 4377 03dc 8806     		.uleb128 .LVL99-.LVL0
 4378 03de 05       		.uleb128 0x5
 4379 03df 73       		.byte	0x73
 4380 03e0 04       		.sleb128 4
 4381 03e1 9F       		.byte	0x9f
 4382 03e2 93       		.byte	0x93
 4383 03e3 04       		.uleb128 0x4
 4384 03e4 04       		.byte	0x4
 4385 03e5 8806     		.uleb128 .LVL99-.LVL0
 4386 03e7 A606     		.uleb128 .LVL104-.LVL0
 4387 03e9 03       		.uleb128 0x3
 4388 03ea 53       		.byte	0x53
ARM GAS  C:\Users\DEVELO~1\AppData\Local\Temp\cceKKU6r.s 			page 78


 4389 03eb 93       		.byte	0x93
 4390 03ec 04       		.uleb128 0x4
 4391 03ed 04       		.byte	0x4
 4392 03ee A606     		.uleb128 .LVL104-.LVL0
 4393 03f0 C206     		.uleb128 .LVL108-.LVL0
 4394 03f2 04       		.uleb128 0x4
 4395 03f3 91       		.byte	0x91
 4396 03f4 44       		.sleb128 -60
 4397 03f5 93       		.byte	0x93
 4398 03f6 04       		.uleb128 0x4
 4399 03f7 04       		.byte	0x4
 4400 03f8 C206     		.uleb128 .LVL108-.LVL0
 4401 03fa C206     		.uleb128 .LVL108-.LVL0
 4402 03fc 03       		.uleb128 0x3
 4403 03fd 5A       		.byte	0x5a
 4404 03fe 93       		.byte	0x93
 4405 03ff 04       		.uleb128 0x4
 4406 0400 04       		.byte	0x4
 4407 0401 C206     		.uleb128 .LVL108-.LVL0
 4408 0403 C606     		.uleb128 .LVL109-.LVL0
 4409 0405 05       		.uleb128 0x5
 4410 0406 7A       		.byte	0x7a
 4411 0407 04       		.sleb128 4
 4412 0408 9F       		.byte	0x9f
 4413 0409 93       		.byte	0x93
 4414 040a 04       		.uleb128 0x4
 4415 040b 04       		.byte	0x4
 4416 040c C606     		.uleb128 .LVL109-.LVL0
 4417 040e DE06     		.uleb128 .LVL111-.LVL0
 4418 0410 03       		.uleb128 0x3
 4419 0411 5A       		.byte	0x5a
 4420 0412 93       		.byte	0x93
 4421 0413 04       		.uleb128 0x4
 4422 0414 04       		.byte	0x4
 4423 0415 E606     		.uleb128 .LVL114-.LVL0
 4424 0417 EC06     		.uleb128 .LVL115-.LVL0
 4425 0419 03       		.uleb128 0x3
 4426 041a 5A       		.byte	0x5a
 4427 041b 93       		.byte	0x93
 4428 041c 04       		.uleb128 0x4
 4429 041d 04       		.byte	0x4
 4430 041e EC06     		.uleb128 .LVL115-.LVL0
 4431 0420 F006     		.uleb128 .LVL116-.LVL0
 4432 0422 05       		.uleb128 0x5
 4433 0423 73       		.byte	0x73
 4434 0424 04       		.sleb128 4
 4435 0425 9F       		.byte	0x9f
 4436 0426 93       		.byte	0x93
 4437 0427 04       		.uleb128 0x4
 4438 0428 04       		.byte	0x4
 4439 0429 F006     		.uleb128 .LVL116-.LVL0
 4440 042b F606     		.uleb128 .LVL118-.LVL0
 4441 042d 03       		.uleb128 0x3
 4442 042e 53       		.byte	0x53
 4443 042f 93       		.byte	0x93
 4444 0430 04       		.uleb128 0x4
 4445 0431 04       		.byte	0x4
ARM GAS  C:\Users\DEVELO~1\AppData\Local\Temp\cceKKU6r.s 			page 79


 4446 0432 F606     		.uleb128 .LVL118-.LVL0
 4447 0434 D007     		.uleb128 .LVL134-.LVL0
 4448 0436 04       		.uleb128 0x4
 4449 0437 91       		.byte	0x91
 4450 0438 44       		.sleb128 -60
 4451 0439 93       		.byte	0x93
 4452 043a 04       		.uleb128 0x4
 4453 043b 04       		.byte	0x4
 4454 043c D007     		.uleb128 .LVL134-.LVL0
 4455 043e D007     		.uleb128 .LVL134-.LVL0
 4456 0440 03       		.uleb128 0x3
 4457 0441 5A       		.byte	0x5a
 4458 0442 93       		.byte	0x93
 4459 0443 04       		.uleb128 0x4
 4460 0444 04       		.byte	0x4
 4461 0445 D007     		.uleb128 .LVL134-.LVL0
 4462 0447 D407     		.uleb128 .LVL135-.LVL0
 4463 0449 05       		.uleb128 0x5
 4464 044a 7A       		.byte	0x7a
 4465 044b 04       		.sleb128 4
 4466 044c 9F       		.byte	0x9f
 4467 044d 93       		.byte	0x93
 4468 044e 04       		.uleb128 0x4
 4469 044f 04       		.byte	0x4
 4470 0450 D407     		.uleb128 .LVL135-.LVL0
 4471 0452 DC07     		.uleb128 .LVL137-.LVL0
 4472 0454 03       		.uleb128 0x3
 4473 0455 5A       		.byte	0x5a
 4474 0456 93       		.byte	0x93
 4475 0457 04       		.uleb128 0x4
 4476 0458 04       		.byte	0x4
 4477 0459 DC07     		.uleb128 .LVL137-.LVL0
 4478 045b EC07     		.uleb128 .LVL142-.LVL0
 4479 045d 04       		.uleb128 0x4
 4480 045e 91       		.byte	0x91
 4481 045f 44       		.sleb128 -60
 4482 0460 93       		.byte	0x93
 4483 0461 04       		.uleb128 0x4
 4484 0462 04       		.byte	0x4
 4485 0463 EC07     		.uleb128 .LVL142-.LVL0
 4486 0465 F207     		.uleb128 .LVL145-.LVL0
 4487 0467 03       		.uleb128 0x3
 4488 0468 53       		.byte	0x53
 4489 0469 93       		.byte	0x93
 4490 046a 04       		.uleb128 0x4
 4491 046b 04       		.byte	0x4
 4492 046c F207     		.uleb128 .LVL145-.LVL0
 4493 046e 8808     		.uleb128 .LVL148-.LVL0
 4494 0470 04       		.uleb128 0x4
 4495 0471 91       		.byte	0x91
 4496 0472 44       		.sleb128 -60
 4497 0473 93       		.byte	0x93
 4498 0474 04       		.uleb128 0x4
 4499 0475 04       		.byte	0x4
 4500 0476 9C08     		.uleb128 .LVL152-.LVL0
 4501 0478 A208     		.uleb128 .LVL153-.LVL0
 4502 047a 03       		.uleb128 0x3
ARM GAS  C:\Users\DEVELO~1\AppData\Local\Temp\cceKKU6r.s 			page 80


 4503 047b 5A       		.byte	0x5a
 4504 047c 93       		.byte	0x93
 4505 047d 04       		.uleb128 0x4
 4506 047e 04       		.byte	0x4
 4507 047f A208     		.uleb128 .LVL153-.LVL0
 4508 0481 AE08     		.uleb128 .LVL154-.LVL0
 4509 0483 03       		.uleb128 0x3
 4510 0484 53       		.byte	0x53
 4511 0485 93       		.byte	0x93
 4512 0486 04       		.uleb128 0x4
 4513 0487 04       		.byte	0x4
 4514 0488 AE08     		.uleb128 .LVL154-.LVL0
 4515 048a B408     		.uleb128 .LVL156-.LVL0
 4516 048c 04       		.uleb128 0x4
 4517 048d 91       		.byte	0x91
 4518 048e 44       		.sleb128 -60
 4519 048f 93       		.byte	0x93
 4520 0490 04       		.uleb128 0x4
 4521 0491 04       		.byte	0x4
 4522 0492 B408     		.uleb128 .LVL156-.LVL0
 4523 0494 B808     		.uleb128 .LVL157-.LVL0
 4524 0496 03       		.uleb128 0x3
 4525 0497 52       		.byte	0x52
 4526 0498 93       		.byte	0x93
 4527 0499 04       		.uleb128 0x4
 4528 049a 00       		.byte	0
 4529              	.LVUS3:
 4530 049b 01       		.uleb128 .LVU35
 4531 049c 00       		.uleb128 .LVU142
 4532 049d 00       		.uleb128 .LVU143
 4533 049e 01       		.uleb128 .LVU144
 4534 049f 01       		.uleb128 .LVU144
 4535 04a0 01       		.uleb128 .LVU147
 4536 04a1 00       		.uleb128 .LVU176
 4537 04a2 00       		.uleb128 .LVU219
 4538 04a3 00       		.uleb128 .LVU219
 4539 04a4 00       		.uleb128 .LVU230
 4540 04a5 00       		.uleb128 .LVU254
 4541 04a6 00       		.uleb128 .LVU265
 4542 04a7 00       		.uleb128 .LVU265
 4543 04a8 00       		.uleb128 .LVU266
 4544 04a9 00       		.uleb128 .LVU268
 4545 04aa 01       		.uleb128 .LVU270
 4546 04ab 01       		.uleb128 .LVU270
 4547 04ac 00       		.uleb128 .LVU271
 4548 04ad 00       		.uleb128 .LVU271
 4549 04ae 00       		.uleb128 .LVU273
 4550 04af 00       		.uleb128 .LVU276
 4551 04b0 02       		.uleb128 .LVU278
 4552 04b1 02       		.uleb128 .LVU278
 4553 04b2 01       		.uleb128 .LVU283
 4554 04b3 00       		.uleb128 .LVU290
 4555 04b4 01       		.uleb128 .LVU302
 4556 04b5 01       		.uleb128 .LVU302
 4557 04b6 00       		.uleb128 .LVU304
 4558 04b7 00       		.uleb128 .LVU304
 4559 04b8 00       		.uleb128 .LVU334
ARM GAS  C:\Users\DEVELO~1\AppData\Local\Temp\cceKKU6r.s 			page 81


 4560 04b9 00       		.uleb128 .LVU334
 4561 04ba 00       		.uleb128 .LVU342
 4562 04bb 00       		.uleb128 .LVU344
 4563 04bc 01       		.uleb128 .LVU351
 4564 04bd 01       		.uleb128 .LVU351
 4565 04be 00       		.uleb128 .LVU354
 4566 04bf 00       		.uleb128 .LVU354
 4567 04c0 00       		.uleb128 .LVU358
 4568 04c1 00       		.uleb128 .LVU358
 4569 04c2 00       		.uleb128 .LVU361
 4570 04c3 00       		.uleb128 .LVU380
 4571 04c4 00       		.uleb128 .LVU385
 4572 04c5 00       		.uleb128 .LVU385
 4573 04c6 00       		.uleb128 .LVU386
 4574              	.LLST3:
 4575 04c7 06       		.byte	0x6
 4576 04c8 3C000000 		.4byte	.LVL10
 4577 04cc 04       		.byte	0x4
 4578 04cd 00       		.uleb128 .LVL10-.LVL10
 4579 04ce BA03     		.uleb128 .LVL49-.LVL10
 4580 04d0 03       		.uleb128 0x3
 4581 04d1 91       		.byte	0x91
 4582 04d2 4C       		.sleb128 -52
 4583 04d3 9F       		.byte	0x9f
 4584 04d4 04       		.byte	0x4
 4585 04d5 C203     		.uleb128 .LVL50-.LVL10
 4586 04d7 C203     		.uleb128 .LVL50-.LVL10
 4587 04d9 03       		.uleb128 0x3
 4588 04da 91       		.byte	0x91
 4589 04db 4C       		.sleb128 -52
 4590 04dc 9F       		.byte	0x9f
 4591 04dd 04       		.byte	0x4
 4592 04de C203     		.uleb128 .LVL50-.LVL10
 4593 04e0 C803     		.uleb128 .LVL51-.LVL10
 4594 04e2 03       		.uleb128 0x3
 4595 04e3 91       		.byte	0x91
 4596 04e4 4D       		.sleb128 -51
 4597 04e5 9F       		.byte	0x9f
 4598 04e6 04       		.byte	0x4
 4599 04e7 A204     		.uleb128 .LVL66-.LVL10
 4600 04e9 E604     		.uleb128 .LVL83-.LVL10
 4601 04eb 03       		.uleb128 0x3
 4602 04ec 91       		.byte	0x91
 4603 04ed 4C       		.sleb128 -52
 4604 04ee 9F       		.byte	0x9f
 4605 04ef 04       		.byte	0x4
 4606 04f0 E604     		.uleb128 .LVL83-.LVL10
 4607 04f2 FC04     		.uleb128 .LVL87-.LVL10
 4608 04f4 01       		.uleb128 0x1
 4609 04f5 53       		.byte	0x53
 4610 04f6 04       		.byte	0x4
 4611 04f7 C005     		.uleb128 .LVL96-.LVL10
 4612 04f9 DE05     		.uleb128 .LVL102-.LVL10
 4613 04fb 03       		.uleb128 0x3
 4614 04fc 91       		.byte	0x91
 4615 04fd 4C       		.sleb128 -52
 4616 04fe 9F       		.byte	0x9f
ARM GAS  C:\Users\DEVELO~1\AppData\Local\Temp\cceKKU6r.s 			page 82


 4617 04ff 04       		.byte	0x4
 4618 0500 DE05     		.uleb128 .LVL102-.LVL10
 4619 0502 E205     		.uleb128 .LVL103-.LVL10
 4620 0504 01       		.uleb128 0x1
 4621 0505 5A       		.byte	0x5a
 4622 0506 04       		.byte	0x4
 4623 0507 EA05     		.uleb128 .LVL104-.LVL10
 4624 0509 EE05     		.uleb128 .LVL105-.LVL10
 4625 050b 01       		.uleb128 0x1
 4626 050c 51       		.byte	0x51
 4627 050d 04       		.byte	0x4
 4628 050e EE05     		.uleb128 .LVL105-.LVL10
 4629 0510 F205     		.uleb128 .LVL106-.LVL10
 4630 0512 03       		.uleb128 0x3
 4631 0513 71       		.byte	0x71
 4632 0514 01       		.sleb128 1
 4633 0515 9F       		.byte	0x9f
 4634 0516 04       		.byte	0x4
 4635 0517 F205     		.uleb128 .LVL106-.LVL10
 4636 0519 FE05     		.uleb128 .LVL107-.LVL10
 4637 051b 01       		.uleb128 0x1
 4638 051c 51       		.byte	0x51
 4639 051d 04       		.byte	0x4
 4640 051e 8606     		.uleb128 .LVL108-.LVL10
 4641 0520 8606     		.uleb128 .LVL108-.LVL10
 4642 0522 03       		.uleb128 0x3
 4643 0523 91       		.byte	0x91
 4644 0524 4C       		.sleb128 -52
 4645 0525 9F       		.byte	0x9f
 4646 0526 04       		.byte	0x4
 4647 0527 8606     		.uleb128 .LVL108-.LVL10
 4648 0529 9A06     		.uleb128 .LVL110-.LVL10
 4649 052b 03       		.uleb128 0x3
 4650 052c 91       		.byte	0x91
 4651 052d 4D       		.sleb128 -51
 4652 052e 9F       		.byte	0x9f
 4653 052f 04       		.byte	0x4
 4654 0530 AA06     		.uleb128 .LVL114-.LVL10
 4655 0532 BE06     		.uleb128 .LVL119-.LVL10
 4656 0534 03       		.uleb128 0x3
 4657 0535 91       		.byte	0x91
 4658 0536 4C       		.sleb128 -52
 4659 0537 9F       		.byte	0x9f
 4660 0538 04       		.byte	0x4
 4661 0539 BE06     		.uleb128 .LVL119-.LVL10
 4662 053b C406     		.uleb128 .LVL120-.LVL10
 4663 053d 03       		.uleb128 0x3
 4664 053e 91       		.byte	0x91
 4665 053f 4D       		.sleb128 -51
 4666 0540 9F       		.byte	0x9f
 4667 0541 04       		.byte	0x4
 4668 0542 C406     		.uleb128 .LVL120-.LVL10
 4669 0544 FC06     		.uleb128 .LVL130-.LVL10
 4670 0546 01       		.uleb128 0x1
 4671 0547 5C       		.byte	0x5c
 4672 0548 04       		.byte	0x4
 4673 0549 FC06     		.uleb128 .LVL130-.LVL10
ARM GAS  C:\Users\DEVELO~1\AppData\Local\Temp\cceKKU6r.s 			page 83


 4674 054b 8E07     		.uleb128 .LVL133-.LVL10
 4675 054d 03       		.uleb128 0x3
 4676 054e 7A       		.byte	0x7a
 4677 054f 75       		.sleb128 -11
 4678 0550 9F       		.byte	0x9f
 4679 0551 04       		.byte	0x4
 4680 0552 9407     		.uleb128 .LVL134-.LVL10
 4681 0554 A007     		.uleb128 .LVL137-.LVL10
 4682 0556 03       		.uleb128 0x3
 4683 0557 91       		.byte	0x91
 4684 0558 4C       		.sleb128 -52
 4685 0559 9F       		.byte	0x9f
 4686 055a 04       		.byte	0x4
 4687 055b A007     		.uleb128 .LVL137-.LVL10
 4688 055d A807     		.uleb128 .LVL139-.LVL10
 4689 055f 03       		.uleb128 0x3
 4690 0560 91       		.byte	0x91
 4691 0561 4D       		.sleb128 -51
 4692 0562 9F       		.byte	0x9f
 4693 0563 04       		.byte	0x4
 4694 0564 A807     		.uleb128 .LVL139-.LVL10
 4695 0566 B007     		.uleb128 .LVL142-.LVL10
 4696 0568 01       		.uleb128 0x1
 4697 0569 5C       		.byte	0x5c
 4698 056a 04       		.byte	0x4
 4699 056b B007     		.uleb128 .LVL142-.LVL10
 4700 056d B607     		.uleb128 .LVL145-.LVL10
 4701 056f 01       		.uleb128 0x1
 4702 0570 5A       		.byte	0x5a
 4703 0571 04       		.byte	0x4
 4704 0572 E007     		.uleb128 .LVL152-.LVL10
 4705 0574 F407     		.uleb128 .LVL155-.LVL10
 4706 0576 03       		.uleb128 0x3
 4707 0577 91       		.byte	0x91
 4708 0578 4C       		.sleb128 -52
 4709 0579 9F       		.byte	0x9f
 4710 057a 04       		.byte	0x4
 4711 057b F407     		.uleb128 .LVL155-.LVL10
 4712 057d F807     		.uleb128 .LVL156-.LVL10
 4713 057f 01       		.uleb128 0x1
 4714 0580 53       		.byte	0x53
 4715 0581 00       		.byte	0
 4716              	.LVUS4:
 4717 0582 02       		.uleb128 .LVU36
 4718 0583 00       		.uleb128 .LVU142
 4719 0584 00       		.uleb128 .LVU143
 4720 0585 00       		.uleb128 .LVU156
 4721 0586 00       		.uleb128 .LVU156
 4722 0587 00       		.uleb128 .LVU161
 4723 0588 00       		.uleb128 .LVU162
 4724 0589 01       		.uleb128 .LVU163
 4725 058a 01       		.uleb128 .LVU163
 4726 058b 00       		.uleb128 .LVU164
 4727 058c 00       		.uleb128 .LVU164
 4728 058d 00       		.uleb128 .LVU169
 4729 058e 00       		.uleb128 .LVU176
 4730 058f 00       		.uleb128 .LVU219
ARM GAS  C:\Users\DEVELO~1\AppData\Local\Temp\cceKKU6r.s 			page 84


 4731 0590 00       		.uleb128 .LVU219
 4732 0591 00       		.uleb128 .LVU230
 4733 0592 00       		.uleb128 .LVU230
 4734 0593 00       		.uleb128 .LVU245
 4735 0594 00       		.uleb128 .LVU252
 4736 0595 00       		.uleb128 .LVU254
 4737 0596 00       		.uleb128 .LVU254
 4738 0597 00       		.uleb128 .LVU261
 4739 0598 00       		.uleb128 .LVU263
 4740 0599 00       		.uleb128 .LVU266
 4741 059a 00       		.uleb128 .LVU276
 4742 059b 00       		.uleb128 .LVU289
 4743 059c 00       		.uleb128 .LVU289
 4744 059d 00       		.uleb128 .LVU290
 4745 059e 00       		.uleb128 .LVU290
 4746 059f 00       		.uleb128 .LVU305
 4747 05a0 00       		.uleb128 .LVU305
 4748 05a1 00       		.uleb128 .LVU344
 4749 05a2 00       		.uleb128 .LVU344
 4750 05a3 00       		.uleb128 .LVU357
 4751 05a4 00       		.uleb128 .LVU357
 4752 05a5 00       		.uleb128 .LVU358
 4753 05a6 00       		.uleb128 .LVU358
 4754 05a7 00       		.uleb128 .LVU359
 4755 05a8 00       		.uleb128 .LVU361
 4756 05a9 00       		.uleb128 .LVU380
 4757 05aa 00       		.uleb128 .LVU380
 4758 05ab 00       		.uleb128 .LVU381
 4759 05ac 00       		.uleb128 .LVU381
 4760 05ad 00       		.uleb128 .LVU384
 4761 05ae 00       		.uleb128 .LVU384
 4762 05af 00       		.uleb128 .LVU385
 4763 05b0 00       		.uleb128 .LVU385
 4764 05b1 00       		.uleb128 .LVU386
 4765 05b2 00       		.uleb128 .LVU387
 4766 05b3 00       		.uleb128 0
 4767              	.LLST4:
 4768 05b4 06       		.byte	0x6
 4769 05b5 3C000000 		.4byte	.LVL10
 4770 05b9 04       		.byte	0x4
 4771 05ba 00       		.uleb128 .LVL10-.LVL10
 4772 05bb BA03     		.uleb128 .LVL49-.LVL10
 4773 05bd 03       		.uleb128 0x3
 4774 05be 91       		.byte	0x91
 4775 05bf 4C       		.sleb128 -52
 4776 05c0 9F       		.byte	0x9f
 4777 05c1 04       		.byte	0x4
 4778 05c2 C203     		.uleb128 .LVL50-.LVL10
 4779 05c4 E003     		.uleb128 .LVL55-.LVL10
 4780 05c6 03       		.uleb128 0x3
 4781 05c7 91       		.byte	0x91
 4782 05c8 4C       		.sleb128 -52
 4783 05c9 9F       		.byte	0x9f
 4784 05ca 04       		.byte	0x4
 4785 05cb E003     		.uleb128 .LVL55-.LVL10
 4786 05cd EA03     		.uleb128 .LVL58-.LVL10
 4787 05cf 01       		.uleb128 0x1
ARM GAS  C:\Users\DEVELO~1\AppData\Local\Temp\cceKKU6r.s 			page 85


 4788 05d0 5A       		.byte	0x5a
 4789 05d1 04       		.byte	0x4
 4790 05d2 F003     		.uleb128 .LVL59-.LVL10
 4791 05d4 F003     		.uleb128 .LVL59-.LVL10
 4792 05d6 01       		.uleb128 0x1
 4793 05d7 5A       		.byte	0x5a
 4794 05d8 04       		.byte	0x4
 4795 05d9 F003     		.uleb128 .LVL59-.LVL10
 4796 05db F803     		.uleb128 .LVL60-.LVL10
 4797 05dd 03       		.uleb128 0x3
 4798 05de 7A       		.byte	0x7a
 4799 05df 01       		.sleb128 1
 4800 05e0 9F       		.byte	0x9f
 4801 05e1 04       		.byte	0x4
 4802 05e2 F803     		.uleb128 .LVL60-.LVL10
 4803 05e4 8604     		.uleb128 .LVL62-.LVL10
 4804 05e6 01       		.uleb128 0x1
 4805 05e7 5A       		.byte	0x5a
 4806 05e8 04       		.byte	0x4
 4807 05e9 A204     		.uleb128 .LVL66-.LVL10
 4808 05eb E604     		.uleb128 .LVL83-.LVL10
 4809 05ed 03       		.uleb128 0x3
 4810 05ee 91       		.byte	0x91
 4811 05ef 4C       		.sleb128 -52
 4812 05f0 9F       		.byte	0x9f
 4813 05f1 04       		.byte	0x4
 4814 05f2 E604     		.uleb128 .LVL83-.LVL10
 4815 05f4 FC04     		.uleb128 .LVL87-.LVL10
 4816 05f6 01       		.uleb128 0x1
 4817 05f7 53       		.byte	0x53
 4818 05f8 04       		.byte	0x4
 4819 05f9 FC04     		.uleb128 .LVL87-.LVL10
 4820 05fb A205     		.uleb128 .LVL92-.LVL10
 4821 05fd 01       		.uleb128 0x1
 4822 05fe 5A       		.byte	0x5a
 4823 05ff 04       		.byte	0x4
 4824 0600 B805     		.uleb128 .LVL95-.LVL10
 4825 0602 C005     		.uleb128 .LVL96-.LVL10
 4826 0604 01       		.uleb128 0x1
 4827 0605 5A       		.byte	0x5a
 4828 0606 04       		.byte	0x4
 4829 0607 C005     		.uleb128 .LVL96-.LVL10
 4830 0609 CE05     		.uleb128 .LVL100-.LVL10
 4831 060b 03       		.uleb128 0x3
 4832 060c 91       		.byte	0x91
 4833 060d 4C       		.sleb128 -52
 4834 060e 9F       		.byte	0x9f
 4835 060f 04       		.byte	0x4
 4836 0610 DA05     		.uleb128 .LVL101-.LVL10
 4837 0612 E205     		.uleb128 .LVL103-.LVL10
 4838 0614 01       		.uleb128 0x1
 4839 0615 5A       		.byte	0x5a
 4840 0616 04       		.byte	0x4
 4841 0617 8606     		.uleb128 .LVL108-.LVL10
 4842 0619 A806     		.uleb128 .LVL113-.LVL10
 4843 061b 03       		.uleb128 0x3
 4844 061c 91       		.byte	0x91
ARM GAS  C:\Users\DEVELO~1\AppData\Local\Temp\cceKKU6r.s 			page 86


 4845 061d 4C       		.sleb128 -52
 4846 061e 9F       		.byte	0x9f
 4847 061f 04       		.byte	0x4
 4848 0620 A806     		.uleb128 .LVL113-.LVL10
 4849 0622 AA06     		.uleb128 .LVL114-.LVL10
 4850 0624 01       		.uleb128 0x1
 4851 0625 5A       		.byte	0x5a
 4852 0626 04       		.byte	0x4
 4853 0627 AA06     		.uleb128 .LVL114-.LVL10
 4854 0629 CA06     		.uleb128 .LVL121-.LVL10
 4855 062b 03       		.uleb128 0x3
 4856 062c 91       		.byte	0x91
 4857 062d 4C       		.sleb128 -52
 4858 062e 9F       		.byte	0x9f
 4859 062f 04       		.byte	0x4
 4860 0630 CA06     		.uleb128 .LVL121-.LVL10
 4861 0632 9407     		.uleb128 .LVL134-.LVL10
 4862 0634 01       		.uleb128 0x1
 4863 0635 53       		.byte	0x53
 4864 0636 04       		.byte	0x4
 4865 0637 9407     		.uleb128 .LVL134-.LVL10
 4866 0639 AE07     		.uleb128 .LVL141-.LVL10
 4867 063b 03       		.uleb128 0x3
 4868 063c 91       		.byte	0x91
 4869 063d 4C       		.sleb128 -52
 4870 063e 9F       		.byte	0x9f
 4871 063f 04       		.byte	0x4
 4872 0640 AE07     		.uleb128 .LVL141-.LVL10
 4873 0642 B007     		.uleb128 .LVL142-.LVL10
 4874 0644 01       		.uleb128 0x1
 4875 0645 53       		.byte	0x53
 4876 0646 04       		.byte	0x4
 4877 0647 B007     		.uleb128 .LVL142-.LVL10
 4878 0649 B207     		.uleb128 .LVL143-.LVL10
 4879 064b 01       		.uleb128 0x1
 4880 064c 5A       		.byte	0x5a
 4881 064d 04       		.byte	0x4
 4882 064e B607     		.uleb128 .LVL145-.LVL10
 4883 0650 E007     		.uleb128 .LVL152-.LVL10
 4884 0652 01       		.uleb128 0x1
 4885 0653 5A       		.byte	0x5a
 4886 0654 04       		.byte	0x4
 4887 0655 E007     		.uleb128 .LVL152-.LVL10
 4888 0657 E607     		.uleb128 .LVL153-.LVL10
 4889 0659 03       		.uleb128 0x3
 4890 065a 91       		.byte	0x91
 4891 065b 4C       		.sleb128 -52
 4892 065c 9F       		.byte	0x9f
 4893 065d 04       		.byte	0x4
 4894 065e E607     		.uleb128 .LVL153-.LVL10
 4895 0660 F207     		.uleb128 .LVL154-.LVL10
 4896 0662 06       		.uleb128 0x6
 4897 0663 03       		.byte	0x3
 4898 0664 00000000 		.4byte	.LC0
 4899 0668 9F       		.byte	0x9f
 4900 0669 04       		.byte	0x4
 4901 066a F207     		.uleb128 .LVL154-.LVL10
ARM GAS  C:\Users\DEVELO~1\AppData\Local\Temp\cceKKU6r.s 			page 87


 4902 066c F407     		.uleb128 .LVL155-.LVL10
 4903 066e 03       		.uleb128 0x3
 4904 066f 91       		.byte	0x91
 4905 0670 4C       		.sleb128 -52
 4906 0671 9F       		.byte	0x9f
 4907 0672 04       		.byte	0x4
 4908 0673 F407     		.uleb128 .LVL155-.LVL10
 4909 0675 F807     		.uleb128 .LVL156-.LVL10
 4910 0677 01       		.uleb128 0x1
 4911 0678 53       		.byte	0x53
 4912 0679 04       		.byte	0x4
 4913 067a FC07     		.uleb128 .LVL157-.LVL10
 4914 067c 8C08     		.uleb128 .LFE434-.LVL10
 4915 067e 01       		.uleb128 0x1
 4916 067f 5A       		.byte	0x5a
 4917 0680 00       		.byte	0
 4918              	.LVUS5:
 4919 0681 08       		.uleb128 .LVU13
 4920 0682 00       		.uleb128 .LVU21
 4921 0683 00       		.uleb128 .LVU30
 4922 0684 00       		.uleb128 .LVU44
 4923 0685 02       		.uleb128 .LVU60
 4924 0686 00       		.uleb128 .LVU72
 4925 0687 00       		.uleb128 .LVU75
 4926 0688 00       		.uleb128 .LVU78
 4927 0689 00       		.uleb128 .LVU78
 4928 068a 03       		.uleb128 .LVU83
 4929 068b 03       		.uleb128 .LVU83
 4930 068c 00       		.uleb128 .LVU90
 4931 068d 00       		.uleb128 .LVU90
 4932 068e 00       		.uleb128 .LVU93
 4933 068f 00       		.uleb128 .LVU93
 4934 0690 00       		.uleb128 .LVU104
 4935 0691 00       		.uleb128 .LVU104
 4936 0692 00       		.uleb128 .LVU105
 4937 0693 00       		.uleb128 .LVU105
 4938 0694 01       		.uleb128 .LVU107
 4939 0695 01       		.uleb128 .LVU107
 4940 0696 00       		.uleb128 .LVU114
 4941 0697 00       		.uleb128 .LVU125
 4942 0698 00       		.uleb128 .LVU135
 4943 0699 00       		.uleb128 .LVU135
 4944 069a 01       		.uleb128 .LVU140
 4945 069b 01       		.uleb128 .LVU140
 4946 069c 00       		.uleb128 .LVU142
 4947 069d 00       		.uleb128 .LVU143
 4948 069e 00       		.uleb128 .LVU160
 4949 069f 00       		.uleb128 .LVU176
 4950 06a0 00       		.uleb128 .LVU177
 4951 06a1 00       		.uleb128 .LVU254
 4952 06a2 00       		.uleb128 .LVU256
 4953 06a3 00       		.uleb128 .LVU256
 4954 06a4 00       		.uleb128 .LVU263
 4955 06a5 00       		.uleb128 .LVU276
 4956 06a6 00       		.uleb128 .LVU317
 4957 06a7 00       		.uleb128 .LVU344
 4958 06a8 00       		.uleb128 .LVU358
ARM GAS  C:\Users\DEVELO~1\AppData\Local\Temp\cceKKU6r.s 			page 88


 4959 06a9 00       		.uleb128 .LVU380
 4960 06aa 00       		.uleb128 .LVU387
 4961              	.LLST5:
 4962 06ab 06       		.byte	0x6
 4963 06ac 10000000 		.4byte	.LVL2
 4964 06b0 04       		.byte	0x4
 4965 06b1 00       		.uleb128 .LVL2-.LVL2
 4966 06b2 1B       		.uleb128 .LVL6-1-.LVL2
 4967 06b3 01       		.uleb128 0x1
 4968 06b4 51       		.byte	0x51
 4969 06b5 04       		.byte	0x4
 4970 06b6 22       		.uleb128 .LVL8-.LVL2
 4971 06b7 3A       		.uleb128 .LVL13-.LVL2
 4972 06b8 01       		.uleb128 0x1
 4973 06b9 51       		.byte	0x51
 4974 06ba 04       		.byte	0x4
 4975 06bb 5C       		.uleb128 .LVL17-.LVL2
 4976 06bc EA01     		.uleb128 .LVL22-.LVL2
 4977 06be 01       		.uleb128 0x1
 4978 06bf 51       		.byte	0x51
 4979 06c0 04       		.byte	0x4
 4980 06c1 EC01     		.uleb128 .LVL23-.LVL2
 4981 06c3 F401     		.uleb128 .LVL24-.LVL2
 4982 06c5 02       		.uleb128 0x2
 4983 06c6 73       		.byte	0x73
 4984 06c7 00       		.sleb128 0
 4985 06c8 04       		.byte	0x4
 4986 06c9 F401     		.uleb128 .LVL24-.LVL2
 4987 06cb FC01     		.uleb128 .LVL26-.LVL2
 4988 06cd 01       		.uleb128 0x1
 4989 06ce 53       		.byte	0x53
 4990 06cf 04       		.byte	0x4
 4991 06d0 FC01     		.uleb128 .LVL26-.LVL2
 4992 06d2 8A02     		.uleb128 .LVL28-.LVL2
 4993 06d4 01       		.uleb128 0x1
 4994 06d5 51       		.byte	0x51
 4995 06d6 04       		.byte	0x4
 4996 06d7 8A02     		.uleb128 .LVL28-.LVL2
 4997 06d9 9402     		.uleb128 .LVL29-.LVL2
 4998 06db 01       		.uleb128 0x1
 4999 06dc 53       		.byte	0x53
 5000 06dd 04       		.byte	0x4
 5001 06de 9402     		.uleb128 .LVL29-.LVL2
 5002 06e0 A202     		.uleb128 .LVL33-.LVL2
 5003 06e2 01       		.uleb128 0x1
 5004 06e3 51       		.byte	0x51
 5005 06e4 04       		.byte	0x4
 5006 06e5 A202     		.uleb128 .LVL33-.LVL2
 5007 06e7 A402     		.uleb128 .LVL34-.LVL2
 5008 06e9 02       		.uleb128 0x2
 5009 06ea 76       		.byte	0x76
 5010 06eb 00       		.sleb128 0
 5011 06ec 04       		.byte	0x4
 5012 06ed A402     		.uleb128 .LVL34-.LVL2
 5013 06ef A802     		.uleb128 .LVL35-.LVL2
 5014 06f1 02       		.uleb128 0x2
 5015 06f2 76       		.byte	0x76
ARM GAS  C:\Users\DEVELO~1\AppData\Local\Temp\cceKKU6r.s 			page 89


 5016 06f3 7E       		.sleb128 -2
 5017 06f4 04       		.byte	0x4
 5018 06f5 A802     		.uleb128 .LVL35-.LVL2
 5019 06f7 AE03     		.uleb128 .LVL37-.LVL2
 5020 06f9 01       		.uleb128 0x1
 5021 06fa 51       		.byte	0x51
 5022 06fb 04       		.byte	0x4
 5023 06fc BE03     		.uleb128 .LVL41-.LVL2
 5024 06fe D403     		.uleb128 .LVL46-.LVL2
 5025 0700 01       		.uleb128 0x1
 5026 0701 51       		.byte	0x51
 5027 0702 04       		.byte	0x4
 5028 0703 D403     		.uleb128 .LVL46-.LVL2
 5029 0705 E203     		.uleb128 .LVL48-.LVL2
 5030 0707 01       		.uleb128 0x1
 5031 0708 53       		.byte	0x53
 5032 0709 04       		.byte	0x4
 5033 070a E203     		.uleb128 .LVL48-.LVL2
 5034 070c E603     		.uleb128 .LVL49-.LVL2
 5035 070e 01       		.uleb128 0x1
 5036 070f 51       		.byte	0x51
 5037 0710 04       		.byte	0x4
 5038 0711 EE03     		.uleb128 .LVL50-.LVL2
 5039 0713 9204     		.uleb128 .LVL57-.LVL2
 5040 0715 01       		.uleb128 0x1
 5041 0716 51       		.byte	0x51
 5042 0717 04       		.byte	0x4
 5043 0718 CE04     		.uleb128 .LVL66-.LVL2
 5044 071a D204     		.uleb128 .LVL67-.LVL2
 5045 071c 01       		.uleb128 0x1
 5046 071d 51       		.byte	0x51
 5047 071e 04       		.byte	0x4
 5048 071f EC05     		.uleb128 .LVL96-.LVL2
 5049 0721 F205     		.uleb128 .LVL97-.LVL2
 5050 0723 02       		.uleb128 0x2
 5051 0724 38       		.byte	0x38
 5052 0725 9F       		.byte	0x9f
 5053 0726 04       		.byte	0x4
 5054 0727 F205     		.uleb128 .LVL97-.LVL2
 5055 0729 8606     		.uleb128 .LVL101-.LVL2
 5056 072b 01       		.uleb128 0x1
 5057 072c 51       		.byte	0x51
 5058 072d 04       		.byte	0x4
 5059 072e B206     		.uleb128 .LVL108-.LVL2
 5060 0730 FC06     		.uleb128 .LVL123-.LVL2
 5061 0732 01       		.uleb128 0x1
 5062 0733 51       		.byte	0x51
 5063 0734 04       		.byte	0x4
 5064 0735 C007     		.uleb128 .LVL134-.LVL2
 5065 0737 DC07     		.uleb128 .LVL142-.LVL2
 5066 0739 01       		.uleb128 0x1
 5067 073a 51       		.byte	0x51
 5068 073b 04       		.byte	0x4
 5069 073c 8C08     		.uleb128 .LVL152-.LVL2
 5070 073e A808     		.uleb128 .LVL157-.LVL2
 5071 0740 01       		.uleb128 0x1
 5072 0741 51       		.byte	0x51
ARM GAS  C:\Users\DEVELO~1\AppData\Local\Temp\cceKKU6r.s 			page 90


 5073 0742 00       		.byte	0
 5074              	.LVUS6:
 5075 0743 01       		.uleb128 .LVU47
 5076 0744 00       		.uleb128 .LVU50
 5077 0745 00       		.uleb128 .LVU50
 5078 0746 00       		.uleb128 .LVU114
 5079 0747 00       		.uleb128 .LVU114
 5080 0748 02       		.uleb128 .LVU116
 5081 0749 02       		.uleb128 .LVU116
 5082 074a 00       		.uleb128 .LVU119
 5083 074b 00       		.uleb128 .LVU129
 5084 074c 00       		.uleb128 .LVU142
 5085 074d 00       		.uleb128 .LVU143
 5086 074e 00       		.uleb128 .LVU161
 5087 074f 00       		.uleb128 .LVU176
 5088 0750 00       		.uleb128 .LVU244
 5089 0751 00       		.uleb128 .LVU254
 5090 0752 01       		.uleb128 .LVU257
 5091 0753 01       		.uleb128 .LVU257
 5092 0754 00       		.uleb128 .LVU276
 5093 0755 00       		.uleb128 .LVU276
 5094 0756 01       		.uleb128 .LVU277
 5095 0757 01       		.uleb128 .LVU277
 5096 0758 01       		.uleb128 .LVU283
 5097 0759 01       		.uleb128 .LVU283
 5098 075a 00       		.uleb128 .LVU358
 5099 075b 00       		.uleb128 .LVU358
 5100 075c 00       		.uleb128 .LVU372
 5101 075d 00       		.uleb128 .LVU372
 5102 075e 00       		.uleb128 .LVU381
 5103 075f 00       		.uleb128 .LVU381
 5104 0760 00       		.uleb128 .LVU384
 5105 0761 00       		.uleb128 .LVU384
 5106 0762 00       		.uleb128 .LVU386
 5107 0763 00       		.uleb128 .LVU387
 5108 0764 00       		.uleb128 0
 5109              	.LLST6:
 5110 0765 06       		.byte	0x6
 5111 0766 52000000 		.4byte	.LVL14
 5112 076a 04       		.byte	0x4
 5113 076b 00       		.uleb128 .LVL14-.LVL14
 5114 076c 08       		.uleb128 .LVL15-.LVL14
 5115 076d 03       		.uleb128 0x3
 5116 076e 08       		.byte	0x8
 5117 076f 20       		.byte	0x20
 5118 0770 9F       		.byte	0x9f
 5119 0771 04       		.byte	0x4
 5120 0772 08       		.uleb128 .LVL15-.LVL14
 5121 0773 EC02     		.uleb128 .LVL37-.LVL14
 5122 0775 01       		.uleb128 0x1
 5123 0776 57       		.byte	0x57
 5124 0777 04       		.byte	0x4
 5125 0778 EC02     		.uleb128 .LVL37-.LVL14
 5126 077a EC02     		.uleb128 .LVL37-.LVL14
 5127 077c 03       		.uleb128 0x3
 5128 077d 08       		.byte	0x8
 5129 077e 20       		.byte	0x20
ARM GAS  C:\Users\DEVELO~1\AppData\Local\Temp\cceKKU6r.s 			page 91


 5130 077f 9F       		.byte	0x9f
 5131 0780 04       		.byte	0x4
 5132 0781 EC02     		.uleb128 .LVL37-.LVL14
 5133 0783 F402     		.uleb128 .LVL39-.LVL14
 5134 0785 03       		.uleb128 0x3
 5135 0786 08       		.byte	0x8
 5136 0787 30       		.byte	0x30
 5137 0788 9F       		.byte	0x9f
 5138 0789 04       		.byte	0x4
 5139 078a 8403     		.uleb128 .LVL43-.LVL14
 5140 078c A403     		.uleb128 .LVL49-.LVL14
 5141 078e 01       		.uleb128 0x1
 5142 078f 57       		.byte	0x57
 5143 0790 04       		.byte	0x4
 5144 0791 AC03     		.uleb128 .LVL50-.LVL14
 5145 0793 D403     		.uleb128 .LVL58-.LVL14
 5146 0795 01       		.uleb128 0x1
 5147 0796 57       		.byte	0x57
 5148 0797 04       		.byte	0x4
 5149 0798 8C04     		.uleb128 .LVL66-.LVL14
 5150 079a 8A05     		.uleb128 .LVL91-.LVL14
 5151 079c 01       		.uleb128 0x1
 5152 079d 57       		.byte	0x57
 5153 079e 04       		.byte	0x4
 5154 079f AA05     		.uleb128 .LVL96-.LVL14
 5155 07a1 B005     		.uleb128 .LVL97-.LVL14
 5156 07a3 01       		.uleb128 0x1
 5157 07a4 57       		.byte	0x57
 5158 07a5 04       		.byte	0x4
 5159 07a6 B005     		.uleb128 .LVL97-.LVL14
 5160 07a8 F005     		.uleb128 .LVL108-.LVL14
 5161 07aa 03       		.uleb128 0x3
 5162 07ab 08       		.byte	0x8
 5163 07ac 20       		.byte	0x20
 5164 07ad 9F       		.byte	0x9f
 5165 07ae 04       		.byte	0x4
 5166 07af F005     		.uleb128 .LVL108-.LVL14
 5167 07b1 F005     		.uleb128 .LVL108-.LVL14
 5168 07b3 01       		.uleb128 0x1
 5169 07b4 57       		.byte	0x57
 5170 07b5 04       		.byte	0x4
 5171 07b6 F005     		.uleb128 .LVL108-.LVL14
 5172 07b8 8406     		.uleb128 .LVL110-.LVL14
 5173 07ba 03       		.uleb128 0x3
 5174 07bb 08       		.byte	0x8
 5175 07bc 20       		.byte	0x20
 5176 07bd 9F       		.byte	0x9f
 5177 07be 04       		.byte	0x4
 5178 07bf 8406     		.uleb128 .LVL110-.LVL14
 5179 07c1 9A07     		.uleb128 .LVL142-.LVL14
 5180 07c3 01       		.uleb128 0x1
 5181 07c4 57       		.byte	0x57
 5182 07c5 04       		.byte	0x4
 5183 07c6 9A07     		.uleb128 .LVL142-.LVL14
 5184 07c8 B607     		.uleb128 .LVL148-.LVL14
 5185 07ca 03       		.uleb128 0x3
 5186 07cb 08       		.byte	0x8
ARM GAS  C:\Users\DEVELO~1\AppData\Local\Temp\cceKKU6r.s 			page 92


 5187 07cc 20       		.byte	0x20
 5188 07cd 9F       		.byte	0x9f
 5189 07ce 04       		.byte	0x4
 5190 07cf B607     		.uleb128 .LVL148-.LVL14
 5191 07d1 D007     		.uleb128 .LVL153-.LVL14
 5192 07d3 01       		.uleb128 0x1
 5193 07d4 57       		.byte	0x57
 5194 07d5 04       		.byte	0x4
 5195 07d6 D007     		.uleb128 .LVL153-.LVL14
 5196 07d8 DC07     		.uleb128 .LVL154-.LVL14
 5197 07da 03       		.uleb128 0x3
 5198 07db 08       		.byte	0x8
 5199 07dc 20       		.byte	0x20
 5200 07dd 9F       		.byte	0x9f
 5201 07de 04       		.byte	0x4
 5202 07df DC07     		.uleb128 .LVL154-.LVL14
 5203 07e1 E207     		.uleb128 .LVL156-.LVL14
 5204 07e3 01       		.uleb128 0x1
 5205 07e4 57       		.byte	0x57
 5206 07e5 04       		.byte	0x4
 5207 07e6 E607     		.uleb128 .LVL157-.LVL14
 5208 07e8 F607     		.uleb128 .LFE434-.LVL14
 5209 07ea 03       		.uleb128 0x3
 5210 07eb 08       		.byte	0x8
 5211 07ec 20       		.byte	0x20
 5212 07ed 9F       		.byte	0x9f
 5213 07ee 00       		.byte	0
 5214              	.LVUS7:
 5215 07ef 03       		.uleb128 .LVU61
 5216 07f0 00       		.uleb128 .LVU64
 5217 07f1 00       		.uleb128 .LVU64
 5218 07f2 00       		.uleb128 .LVU72
 5219 07f3 01       		.uleb128 .LVU94
 5220 07f4 00       		.uleb128 .LVU106
 5221 07f5 01       		.uleb128 .LVU107
 5222 07f6 00       		.uleb128 .LVU114
 5223 07f7 00       		.uleb128 .LVU129
 5224 07f8 00       		.uleb128 .LVU131
 5225 07f9 01       		.uleb128 .LVU132
 5226 07fa 00       		.uleb128 .LVU142
 5227 07fb 00       		.uleb128 .LVU143
 5228 07fc 00       		.uleb128 .LVU160
 5229 07fd 00       		.uleb128 .LVU176
 5230 07fe 00       		.uleb128 .LVU181
 5231 07ff 00       		.uleb128 .LVU254
 5232 0800 00       		.uleb128 .LVU265
 5233 0801 00       		.uleb128 .LVU265
 5234 0802 00       		.uleb128 .LVU266
 5235 0803 00       		.uleb128 .LVU268
 5236 0804 00       		.uleb128 .LVU269
 5237 0805 00       		.uleb128 .LVU271
 5238 0806 00       		.uleb128 .LVU273
 5239 0807 00       		.uleb128 .LVU276
 5240 0808 00       		.uleb128 .LVU295
 5241 0809 00       		.uleb128 .LVU344
 5242 080a 00       		.uleb128 .LVU346
 5243 080b 00       		.uleb128 .LVU358
ARM GAS  C:\Users\DEVELO~1\AppData\Local\Temp\cceKKU6r.s 			page 93


 5244 080c 00       		.uleb128 .LVU359
 5245 080d 00       		.uleb128 .LVU359
 5246 080e 00       		.uleb128 .LVU360
 5247 080f 00       		.uleb128 .LVU360
 5248 0810 00       		.uleb128 .LVU361
 5249 0811 00       		.uleb128 .LVU380
 5250 0812 00       		.uleb128 .LVU384
 5251              	.LLST7:
 5252 0813 06       		.byte	0x6
 5253 0814 6C000000 		.4byte	.LVL17
 5254 0818 04       		.byte	0x4
 5255 0819 00       		.uleb128 .LVL17-.LVL17
 5256 081a 04       		.uleb128 .LVL19-.LVL17
 5257 081b 02       		.uleb128 0x2
 5258 081c 30       		.byte	0x30
 5259 081d 9F       		.byte	0x9f
 5260 081e 04       		.byte	0x4
 5261 081f 04       		.uleb128 .LVL19-.LVL17
 5262 0820 8E01     		.uleb128 .LVL22-.LVL17
 5263 0822 01       		.uleb128 0x1
 5264 0823 50       		.byte	0x50
 5265 0824 04       		.byte	0x4
 5266 0825 B801     		.uleb128 .LVL29-.LVL17
 5267 0827 CC01     		.uleb128 .LVL35-.LVL17
 5268 0829 02       		.uleb128 0x2
 5269 082a 30       		.byte	0x30
 5270 082b 9F       		.byte	0x9f
 5271 082c 04       		.byte	0x4
 5272 082d CC01     		.uleb128 .LVL35-.LVL17
 5273 082f D202     		.uleb128 .LVL37-.LVL17
 5274 0831 01       		.uleb128 0x1
 5275 0832 50       		.byte	0x50
 5276 0833 04       		.byte	0x4
 5277 0834 EA02     		.uleb128 .LVL43-.LVL17
 5278 0836 EE02     		.uleb128 .LVL45-.LVL17
 5279 0838 02       		.uleb128 0x2
 5280 0839 30       		.byte	0x30
 5281 083a 9F       		.byte	0x9f
 5282 083b 04       		.byte	0x4
 5283 083c EE02     		.uleb128 .LVL45-.LVL17
 5284 083e 8A03     		.uleb128 .LVL49-.LVL17
 5285 0840 01       		.uleb128 0x1
 5286 0841 50       		.byte	0x50
 5287 0842 04       		.byte	0x4
 5288 0843 9203     		.uleb128 .LVL50-.LVL17
 5289 0845 B603     		.uleb128 .LVL57-.LVL17
 5290 0847 01       		.uleb128 0x1
 5291 0848 50       		.byte	0x50
 5292 0849 04       		.byte	0x4
 5293 084a F203     		.uleb128 .LVL66-.LVL17
 5294 084c FC03     		.uleb128 .LVL69-.LVL17
 5295 084e 01       		.uleb128 0x1
 5296 084f 50       		.byte	0x50
 5297 0850 04       		.byte	0x4
 5298 0851 9005     		.uleb128 .LVL96-.LVL17
 5299 0853 AE05     		.uleb128 .LVL102-.LVL17
 5300 0855 01       		.uleb128 0x1
ARM GAS  C:\Users\DEVELO~1\AppData\Local\Temp\cceKKU6r.s 			page 94


 5301 0856 50       		.byte	0x50
 5302 0857 04       		.byte	0x4
 5303 0858 AE05     		.uleb128 .LVL102-.LVL17
 5304 085a B205     		.uleb128 .LVL103-.LVL17
 5305 085c 04       		.uleb128 0x4
 5306 085d 0A       		.byte	0xa
 5307 085e FF7F     		.2byte	0x7fff
 5308 0860 9F       		.byte	0x9f
 5309 0861 04       		.byte	0x4
 5310 0862 BA05     		.uleb128 .LVL104-.LVL17
 5311 0864 BE05     		.uleb128 .LVL105-.LVL17
 5312 0866 09       		.uleb128 0x9
 5313 0867 7A       		.byte	0x7a
 5314 0868 00       		.sleb128 0
 5315 0869 70       		.byte	0x70
 5316 086a 00       		.sleb128 0
 5317 086b 22       		.byte	0x22
 5318 086c 71       		.byte	0x71
 5319 086d 00       		.sleb128 0
 5320 086e 1C       		.byte	0x1c
 5321 086f 9F       		.byte	0x9f
 5322 0870 04       		.byte	0x4
 5323 0871 C205     		.uleb128 .LVL106-.LVL17
 5324 0873 CE05     		.uleb128 .LVL107-.LVL17
 5325 0875 09       		.uleb128 0x9
 5326 0876 7A       		.byte	0x7a
 5327 0877 00       		.sleb128 0
 5328 0878 70       		.byte	0x70
 5329 0879 00       		.sleb128 0
 5330 087a 22       		.byte	0x22
 5331 087b 71       		.byte	0x71
 5332 087c 00       		.sleb128 0
 5333 087d 1C       		.byte	0x1c
 5334 087e 9F       		.byte	0x9f
 5335 087f 04       		.byte	0x4
 5336 0880 D605     		.uleb128 .LVL108-.LVL17
 5337 0882 8406     		.uleb128 .LVL116-.LVL17
 5338 0884 01       		.uleb128 0x1
 5339 0885 50       		.byte	0x50
 5340 0886 04       		.byte	0x4
 5341 0887 E406     		.uleb128 .LVL134-.LVL17
 5342 0889 E806     		.uleb128 .LVL135-.LVL17
 5343 088b 01       		.uleb128 0x1
 5344 088c 50       		.byte	0x50
 5345 088d 04       		.byte	0x4
 5346 088e 8007     		.uleb128 .LVL142-.LVL17
 5347 0890 8207     		.uleb128 .LVL143-.LVL17
 5348 0892 01       		.uleb128 0x1
 5349 0893 50       		.byte	0x50
 5350 0894 04       		.byte	0x4
 5351 0895 8207     		.uleb128 .LVL143-.LVL17
 5352 0897 8407     		.uleb128 .LVL144-.LVL17
 5353 0899 03       		.uleb128 0x3
 5354 089a 70       		.byte	0x70
 5355 089b 7F       		.sleb128 -1
 5356 089c 9F       		.byte	0x9f
 5357 089d 04       		.byte	0x4
ARM GAS  C:\Users\DEVELO~1\AppData\Local\Temp\cceKKU6r.s 			page 95


 5358 089e 8407     		.uleb128 .LVL144-.LVL17
 5359 08a0 8607     		.uleb128 .LVL145-.LVL17
 5360 08a2 01       		.uleb128 0x1
 5361 08a3 50       		.byte	0x50
 5362 08a4 04       		.byte	0x4
 5363 08a5 B007     		.uleb128 .LVL152-.LVL17
 5364 08a7 C207     		.uleb128 .LVL154-.LVL17
 5365 08a9 01       		.uleb128 0x1
 5366 08aa 50       		.byte	0x50
 5367 08ab 00       		.byte	0
 5368              	.LVUS8:
 5369 08ac 02       		.uleb128 .LVU60
 5370 08ad 00       		.uleb128 .LVU63
 5371 08ae 00       		.uleb128 .LVU72
 5372 08af 00       		.uleb128 .LVU78
 5373 08b0 00       		.uleb128 .LVU78
 5374 08b1 00       		.uleb128 .LVU85
 5375 08b2 01       		.uleb128 .LVU91
 5376 08b3 00       		.uleb128 .LVU96
 5377 08b4 00       		.uleb128 .LVU151
 5378 08b5 00       		.uleb128 .LVU161
 5379 08b6 00       		.uleb128 .LVU169
 5380 08b7 00       		.uleb128 .LVU170
 5381 08b8 00       		.uleb128 .LVU170
 5382 08b9 02       		.uleb128 .LVU173
 5383 08ba 02       		.uleb128 .LVU173
 5384 08bb 00       		.uleb128 .LVU174
 5385 08bc 00       		.uleb128 .LVU174
 5386 08bd 00       		.uleb128 .LVU176
 5387 08be 00       		.uleb128 .LVU233
 5388 08bf 00       		.uleb128 .LVU245
 5389 08c0 00       		.uleb128 .LVU245
 5390 08c1 02       		.uleb128 .LVU249
 5391 08c2 02       		.uleb128 .LVU249
 5392 08c3 00       		.uleb128 .LVU250
 5393 08c4 00       		.uleb128 .LVU250
 5394 08c5 00       		.uleb128 .LVU252
 5395 08c6 00       		.uleb128 .LVU252
 5396 08c7 00       		.uleb128 .LVU254
 5397 08c8 03       		.uleb128 .LVU285
 5398 08c9 00       		.uleb128 .LVU290
 5399 08ca 00       		.uleb128 .LVU364
 5400 08cb 00       		.uleb128 .LVU380
 5401 08cc 00       		.uleb128 .LVU387
 5402 08cd 00       		.uleb128 0
 5403              	.LLST8:
 5404 08ce 06       		.byte	0x6
 5405 08cf 6C000000 		.4byte	.LVL17
 5406 08d3 04       		.byte	0x4
 5407 08d4 00       		.uleb128 .LVL17-.LVL17
 5408 08d5 02       		.uleb128 .LVL18-.LVL17
 5409 08d6 01       		.uleb128 0x1
 5410 08d7 52       		.byte	0x52
 5411 08d8 04       		.byte	0x4
 5412 08d9 8E01     		.uleb128 .LVL22-.LVL17
 5413 08db 9801     		.uleb128 .LVL24-.LVL17
 5414 08dd 02       		.uleb128 0x2
ARM GAS  C:\Users\DEVELO~1\AppData\Local\Temp\cceKKU6r.s 			page 96


 5415 08de 30       		.byte	0x30
 5416 08df 9F       		.byte	0x9f
 5417 08e0 04       		.byte	0x4
 5418 08e1 9801     		.uleb128 .LVL24-.LVL17
 5419 08e3 A401     		.uleb128 .LVL27-.LVL17
 5420 08e5 08       		.uleb128 0x8
 5421 08e6 70       		.byte	0x70
 5422 08e7 00       		.sleb128 0
 5423 08e8 31       		.byte	0x31
 5424 08e9 24       		.byte	0x24
 5425 08ea 73       		.byte	0x73
 5426 08eb 00       		.sleb128 0
 5427 08ec 22       		.byte	0x22
 5428 08ed 9F       		.byte	0x9f
 5429 08ee 04       		.byte	0x4
 5430 08ef AE01     		.uleb128 .LVL28-.LVL17
 5431 08f1 BA01     		.uleb128 .LVL30-.LVL17
 5432 08f3 08       		.uleb128 0x8
 5433 08f4 70       		.byte	0x70
 5434 08f5 00       		.sleb128 0
 5435 08f6 31       		.byte	0x31
 5436 08f7 24       		.byte	0x24
 5437 08f8 73       		.byte	0x73
 5438 08f9 00       		.sleb128 0
 5439 08fa 22       		.byte	0x22
 5440 08fb 9F       		.byte	0x9f
 5441 08fc 04       		.byte	0x4
 5442 08fd A003     		.uleb128 .LVL53-.LVL17
 5443 08ff BA03     		.uleb128 .LVL58-.LVL17
 5444 0901 01       		.uleb128 0x1
 5445 0902 5B       		.byte	0x5b
 5446 0903 04       		.byte	0x4
 5447 0904 D603     		.uleb128 .LVL62-.LVL17
 5448 0906 E003     		.uleb128 .LVL63-.LVL17
 5449 0908 01       		.uleb128 0x1
 5450 0909 5B       		.byte	0x5b
 5451 090a 04       		.byte	0x4
 5452 090b E003     		.uleb128 .LVL63-.LVL17
 5453 090d EA03     		.uleb128 .LVL64-.LVL17
 5454 090f 01       		.uleb128 0x1
 5455 0910 55       		.byte	0x55
 5456 0911 04       		.byte	0x4
 5457 0912 EA03     		.uleb128 .LVL64-.LVL17
 5458 0914 EC03     		.uleb128 .LVL65-.LVL17
 5459 0916 03       		.uleb128 0x3
 5460 0917 75       		.byte	0x75
 5461 0918 7F       		.sleb128 -1
 5462 0919 9F       		.byte	0x9f
 5463 091a 04       		.byte	0x4
 5464 091b EC03     		.uleb128 .LVL65-.LVL17
 5465 091d F203     		.uleb128 .LVL66-.LVL17
 5466 091f 01       		.uleb128 0x1
 5467 0920 55       		.byte	0x55
 5468 0921 04       		.byte	0x4
 5469 0922 D004     		.uleb128 .LVL88-.LVL17
 5470 0924 F204     		.uleb128 .LVL92-.LVL17
 5471 0926 01       		.uleb128 0x1
ARM GAS  C:\Users\DEVELO~1\AppData\Local\Temp\cceKKU6r.s 			page 97


 5472 0927 5B       		.byte	0x5b
 5473 0928 04       		.byte	0x4
 5474 0929 F204     		.uleb128 .LVL92-.LVL17
 5475 092b FC04     		.uleb128 .LVL93-.LVL17
 5476 092d 01       		.uleb128 0x1
 5477 092e 58       		.byte	0x58
 5478 092f 04       		.byte	0x4
 5479 0930 FC04     		.uleb128 .LVL93-.LVL17
 5480 0932 8005     		.uleb128 .LVL94-.LVL17
 5481 0934 03       		.uleb128 0x3
 5482 0935 78       		.byte	0x78
 5483 0936 01       		.sleb128 1
 5484 0937 9F       		.byte	0x9f
 5485 0938 04       		.byte	0x4
 5486 0939 8005     		.uleb128 .LVL94-.LVL17
 5487 093b 8805     		.uleb128 .LVL95-.LVL17
 5488 093d 01       		.uleb128 0x1
 5489 093e 58       		.byte	0x58
 5490 093f 04       		.byte	0x4
 5491 0940 8805     		.uleb128 .LVL95-.LVL17
 5492 0942 9005     		.uleb128 .LVL96-.LVL17
 5493 0944 02       		.uleb128 0x2
 5494 0945 30       		.byte	0x30
 5495 0946 9F       		.byte	0x9f
 5496 0947 04       		.byte	0x4
 5497 0948 EA05     		.uleb128 .LVL110-.LVL17
 5498 094a FA05     		.uleb128 .LVL114-.LVL17
 5499 094c 01       		.uleb128 0x1
 5500 094d 5B       		.byte	0x5b
 5501 094e 04       		.byte	0x4
 5502 094f 8A07     		.uleb128 .LVL146-.LVL17
 5503 0951 B007     		.uleb128 .LVL152-.LVL17
 5504 0953 01       		.uleb128 0x1
 5505 0954 5B       		.byte	0x5b
 5506 0955 04       		.byte	0x4
 5507 0956 CC07     		.uleb128 .LVL157-.LVL17
 5508 0958 DC07     		.uleb128 .LFE434-.LVL17
 5509 095a 01       		.uleb128 0x1
 5510 095b 5B       		.byte	0x5b
 5511 095c 00       		.byte	0
 5512              	.LVUS9:
 5513 095d 03       		.uleb128 .LVU8
 5514 095e 00       		.uleb128 .LVU16
 5515 095f 00       		.uleb128 .LVU16
 5516 0960 00       		.uleb128 .LVU19
 5517 0961 00       		.uleb128 .LVU19
 5518 0962 01       		.uleb128 .LVU22
 5519 0963 01       		.uleb128 .LVU22
 5520 0964 00       		.uleb128 .LVU142
 5521 0965 00       		.uleb128 .LVU143
 5522 0966 00       		.uleb128 .LVU161
 5523 0967 00       		.uleb128 .LVU169
 5524 0968 00       		.uleb128 .LVU170
 5525 0969 00       		.uleb128 .LVU176
 5526 096a 00       		.uleb128 .LVU245
 5527 096b 00       		.uleb128 .LVU252
 5528 096c 00       		.uleb128 .LVU374
ARM GAS  C:\Users\DEVELO~1\AppData\Local\Temp\cceKKU6r.s 			page 98


 5529 096d 00       		.uleb128 .LVU374
 5530 096e 01       		.uleb128 .LVU378
 5531 096f 01       		.uleb128 .LVU378
 5532 0970 00       		.uleb128 .LVU386
 5533 0971 00       		.uleb128 .LVU386
 5534 0972 00       		.uleb128 .LVU387
 5535 0973 00       		.uleb128 .LVU387
 5536 0974 00       		.uleb128 0
 5537              	.LLST9:
 5538 0975 06       		.byte	0x6
 5539 0976 10000000 		.4byte	.LVL2
 5540 097a 04       		.byte	0x4
 5541 097b 00       		.uleb128 .LVL2-.LVL2
 5542 097c 0E       		.uleb128 .LVL3-.LVL2
 5543 097d 02       		.uleb128 0x2
 5544 097e 30       		.byte	0x30
 5545 097f 9F       		.byte	0x9f
 5546 0980 04       		.byte	0x4
 5547 0981 0E       		.uleb128 .LVL3-.LVL2
 5548 0982 16       		.uleb128 .LVL5-.LVL2
 5549 0983 01       		.uleb128 0x1
 5550 0984 59       		.byte	0x59
 5551 0985 04       		.byte	0x4
 5552 0986 16       		.uleb128 .LVL5-.LVL2
 5553 0987 1C       		.uleb128 .LVL6-.LVL2
 5554 0988 03       		.uleb128 0x3
 5555 0989 79       		.byte	0x79
 5556 098a 7F       		.sleb128 -1
 5557 098b 9F       		.byte	0x9f
 5558 098c 04       		.byte	0x4
 5559 098d 1C       		.uleb128 .LVL6-.LVL2
 5560 098e E603     		.uleb128 .LVL49-.LVL2
 5561 0990 01       		.uleb128 0x1
 5562 0991 59       		.byte	0x59
 5563 0992 04       		.byte	0x4
 5564 0993 EE03     		.uleb128 .LVL50-.LVL2
 5565 0995 9604     		.uleb128 .LVL58-.LVL2
 5566 0997 01       		.uleb128 0x1
 5567 0998 59       		.byte	0x59
 5568 0999 04       		.byte	0x4
 5569 099a B204     		.uleb128 .LVL62-.LVL2
 5570 099c BC04     		.uleb128 .LVL63-.LVL2
 5571 099e 01       		.uleb128 0x1
 5572 099f 59       		.byte	0x59
 5573 09a0 04       		.byte	0x4
 5574 09a1 CE04     		.uleb128 .LVL66-.LVL2
 5575 09a3 CE05     		.uleb128 .LVL92-.LVL2
 5576 09a5 01       		.uleb128 0x1
 5577 09a6 59       		.byte	0x59
 5578 09a7 04       		.byte	0x4
 5579 09a8 E405     		.uleb128 .LVL95-.LVL2
 5580 09aa 8408     		.uleb128 .LVL150-.LVL2
 5581 09ac 01       		.uleb128 0x1
 5582 09ad 59       		.byte	0x59
 5583 09ae 04       		.byte	0x4
 5584 09af 8408     		.uleb128 .LVL150-.LVL2
 5585 09b1 8A08     		.uleb128 .LVL151-.LVL2
ARM GAS  C:\Users\DEVELO~1\AppData\Local\Temp\cceKKU6r.s 			page 99


 5586 09b3 03       		.uleb128 0x3
 5587 09b4 79       		.byte	0x79
 5588 09b5 7F       		.sleb128 -1
 5589 09b6 9F       		.byte	0x9f
 5590 09b7 04       		.byte	0x4
 5591 09b8 8A08     		.uleb128 .LVL151-.LVL2
 5592 09ba A408     		.uleb128 .LVL156-.LVL2
 5593 09bc 01       		.uleb128 0x1
 5594 09bd 59       		.byte	0x59
 5595 09be 04       		.byte	0x4
 5596 09bf A408     		.uleb128 .LVL156-.LVL2
 5597 09c1 A808     		.uleb128 .LVL157-.LVL2
 5598 09c3 02       		.uleb128 0x2
 5599 09c4 30       		.byte	0x30
 5600 09c5 9F       		.byte	0x9f
 5601 09c6 04       		.byte	0x4
 5602 09c7 A808     		.uleb128 .LVL157-.LVL2
 5603 09c9 B808     		.uleb128 .LFE434-.LVL2
 5604 09cb 01       		.uleb128 0x1
 5605 09cc 59       		.byte	0x59
 5606 09cd 00       		.byte	0
 5607              	.LVUS10:
 5608 09ce 01       		.uleb128 .LVU67
 5609 09cf 00       		.uleb128 .LVU72
 5610 09d0 00       		.uleb128 .LVU113
 5611 09d1 00       		.uleb128 .LVU114
 5612 09d2 00       		.uleb128 .LVU290
 5613 09d3 00       		.uleb128 .LVU294
 5614 09d4 00       		.uleb128 .LVU294
 5615 09d5 00       		.uleb128 .LVU299
 5616              	.LLST10:
 5617 09d6 06       		.byte	0x6
 5618 09d7 78000000 		.4byte	.LVL20
 5619 09db 04       		.byte	0x4
 5620 09dc 00       		.uleb128 .LVL20-.LVL20
 5621 09dd 8201     		.uleb128 .LVL22-.LVL20
 5622 09df 02       		.uleb128 0x2
 5623 09e0 31       		.byte	0x31
 5624 09e1 9F       		.byte	0x9f
 5625 09e2 04       		.byte	0x4
 5626 09e3 D201     		.uleb128 .LVL36-.LVL20
 5627 09e5 C602     		.uleb128 .LVL37-.LVL20
 5628 09e7 08       		.uleb128 0x8
 5629 09e8 73       		.byte	0x73
 5630 09e9 00       		.sleb128 0
 5631 09ea 08       		.byte	0x8
 5632 09eb FF       		.byte	0xff
 5633 09ec 1A       		.byte	0x1a
 5634 09ed 49       		.byte	0x49
 5635 09ee 2C       		.byte	0x2c
 5636 09ef 9F       		.byte	0x9f
 5637 09f0 04       		.byte	0x4
 5638 09f1 EE05     		.uleb128 .LVL114-.LVL20
 5639 09f3 F405     		.uleb128 .LVL115-.LVL20
 5640 09f5 08       		.uleb128 0x8
 5641 09f6 73       		.byte	0x73
 5642 09f7 00       		.sleb128 0
ARM GAS  C:\Users\DEVELO~1\AppData\Local\Temp\cceKKU6r.s 			page 100


 5643 09f8 08       		.byte	0x8
 5644 09f9 FF       		.byte	0xff
 5645 09fa 1A       		.byte	0x1a
 5646 09fb 49       		.byte	0x49
 5647 09fc 2C       		.byte	0x2c
 5648 09fd 9F       		.byte	0x9f
 5649 09fe 04       		.byte	0x4
 5650 09ff F405     		.uleb128 .LVL115-.LVL20
 5651 0a01 FE05     		.uleb128 .LVL118-.LVL20
 5652 0a03 09       		.uleb128 0x9
 5653 0a04 71       		.byte	0x71
 5654 0a05 BF7F     		.sleb128 -65
 5655 0a07 08       		.byte	0x8
 5656 0a08 FF       		.byte	0xff
 5657 0a09 1A       		.byte	0x1a
 5658 0a0a 49       		.byte	0x49
 5659 0a0b 2C       		.byte	0x2c
 5660 0a0c 9F       		.byte	0x9f
 5661 0a0d 00       		.byte	0
 5662              	.LVUS11:
 5663 0a0e 03       		.uleb128 .LVU37
 5664 0a0f 00       		.uleb128 .LVU41
 5665 0a10 00       		.uleb128 .LVU41
 5666 0a11 00       		.uleb128 .LVU125
 5667 0a12 00       		.uleb128 .LVU125
 5668 0a13 01       		.uleb128 .LVU128
 5669 0a14 01       		.uleb128 .LVU128
 5670 0a15 00       		.uleb128 .LVU129
 5671 0a16 00       		.uleb128 .LVU129
 5672 0a17 00       		.uleb128 .LVU142
 5673 0a18 00       		.uleb128 .LVU143
 5674 0a19 00       		.uleb128 .LVU161
 5675 0a1a 00       		.uleb128 .LVU176
 5676 0a1b 00       		.uleb128 .LVU244
 5677 0a1c 00       		.uleb128 .LVU254
 5678 0a1d 00       		.uleb128 .LVU377
 5679 0a1e 00       		.uleb128 .LVU380
 5680 0a1f 00       		.uleb128 .LVU386
 5681 0a20 00       		.uleb128 .LVU387
 5682 0a21 00       		.uleb128 0
 5683              	.LLST11:
 5684 0a22 06       		.byte	0x6
 5685 0a23 3C000000 		.4byte	.LVL10
 5686 0a27 04       		.byte	0x4
 5687 0a28 00       		.uleb128 .LVL10-.LVL10
 5688 0a29 0C       		.uleb128 .LVL12-.LVL10
 5689 0a2a 02       		.uleb128 0x2
 5690 0a2b 30       		.byte	0x30
 5691 0a2c 9F       		.byte	0x9f
 5692 0a2d 04       		.byte	0x4
 5693 0a2e 0C       		.uleb128 .LVL12-.LVL10
 5694 0a2f 9203     		.uleb128 .LVL41-.LVL10
 5695 0a31 01       		.uleb128 0x1
 5696 0a32 5E       		.byte	0x5e
 5697 0a33 04       		.byte	0x4
 5698 0a34 9203     		.uleb128 .LVL41-.LVL10
 5699 0a36 9403     		.uleb128 .LVL42-.LVL10
ARM GAS  C:\Users\DEVELO~1\AppData\Local\Temp\cceKKU6r.s 			page 101


 5700 0a38 02       		.uleb128 0x2
 5701 0a39 30       		.byte	0x30
 5702 0a3a 9F       		.byte	0x9f
 5703 0a3b 04       		.byte	0x4
 5704 0a3c 9403     		.uleb128 .LVL42-.LVL10
 5705 0a3e 9A03     		.uleb128 .LVL43-.LVL10
 5706 0a40 02       		.uleb128 0x2
 5707 0a41 31       		.byte	0x31
 5708 0a42 9F       		.byte	0x9f
 5709 0a43 04       		.byte	0x4
 5710 0a44 9A03     		.uleb128 .LVL43-.LVL10
 5711 0a46 BA03     		.uleb128 .LVL49-.LVL10
 5712 0a48 01       		.uleb128 0x1
 5713 0a49 5E       		.byte	0x5e
 5714 0a4a 04       		.byte	0x4
 5715 0a4b C203     		.uleb128 .LVL50-.LVL10
 5716 0a4d EA03     		.uleb128 .LVL58-.LVL10
 5717 0a4f 01       		.uleb128 0x1
 5718 0a50 5E       		.byte	0x5e
 5719 0a51 04       		.byte	0x4
 5720 0a52 A204     		.uleb128 .LVL66-.LVL10
 5721 0a54 A005     		.uleb128 .LVL91-.LVL10
 5722 0a56 01       		.uleb128 0x1
 5723 0a57 5E       		.byte	0x5e
 5724 0a58 04       		.byte	0x4
 5725 0a59 C005     		.uleb128 .LVL96-.LVL10
 5726 0a5b DD07     		.uleb128 .LVL151-1-.LVL10
 5727 0a5d 01       		.uleb128 0x1
 5728 0a5e 5E       		.byte	0x5e
 5729 0a5f 04       		.byte	0x4
 5730 0a60 E007     		.uleb128 .LVL152-.LVL10
 5731 0a62 F807     		.uleb128 .LVL156-.LVL10
 5732 0a64 01       		.uleb128 0x1
 5733 0a65 5E       		.byte	0x5e
 5734 0a66 04       		.byte	0x4
 5735 0a67 FC07     		.uleb128 .LVL157-.LVL10
 5736 0a69 8C08     		.uleb128 .LFE434-.LVL10
 5737 0a6b 01       		.uleb128 0x1
 5738 0a6c 5E       		.byte	0x5e
 5739 0a6d 00       		.byte	0
 5740              	.LVUS12:
 5741 0a6e 01       		.uleb128 .LVU42
 5742 0a6f 00       		.uleb128 .LVU46
 5743 0a70 00       		.uleb128 .LVU46
 5744 0a71 00       		.uleb128 .LVU119
 5745 0a72 00       		.uleb128 .LVU119
 5746 0a73 02       		.uleb128 .LVU121
 5747 0a74 02       		.uleb128 .LVU121
 5748 0a75 00       		.uleb128 .LVU125
 5749 0a76 00       		.uleb128 .LVU129
 5750 0a77 00       		.uleb128 .LVU142
 5751 0a78 00       		.uleb128 .LVU143
 5752 0a79 00       		.uleb128 .LVU155
 5753 0a7a 00       		.uleb128 .LVU176
 5754 0a7b 00       		.uleb128 .LVU194
 5755 0a7c 00       		.uleb128 .LVU254
 5756 0a7d 00       		.uleb128 .LVU268
ARM GAS  C:\Users\DEVELO~1\AppData\Local\Temp\cceKKU6r.s 			page 102


 5757 0a7e 00       		.uleb128 .LVU276
 5758 0a7f 00       		.uleb128 .LVU288
 5759 0a80 00       		.uleb128 .LVU290
 5760 0a81 00       		.uleb128 .LVU317
 5761 0a82 00       		.uleb128 .LVU344
 5762 0a83 00       		.uleb128 .LVU372
 5763 0a84 00       		.uleb128 .LVU380
 5764 0a85 00       		.uleb128 .LVU386
 5765 0a86 00       		.uleb128 .LVU387
 5766 0a87 00       		.uleb128 .LVU388
 5767              	.LLST12:
 5768 0a88 06       		.byte	0x6
 5769 0a89 48000000 		.4byte	.LVL12
 5770 0a8d 04       		.byte	0x4
 5771 0a8e 00       		.uleb128 .LVL12-.LVL12
 5772 0a8f 0A       		.uleb128 .LVL14-.LVL12
 5773 0a90 02       		.uleb128 0x2
 5774 0a91 30       		.byte	0x30
 5775 0a92 9F       		.byte	0x9f
 5776 0a93 04       		.byte	0x4
 5777 0a94 0A       		.uleb128 .LVL14-.LVL12
 5778 0a95 FE02     		.uleb128 .LVL39-.LVL12
 5779 0a97 01       		.uleb128 0x1
 5780 0a98 55       		.byte	0x55
 5781 0a99 04       		.byte	0x4
 5782 0a9a FE02     		.uleb128 .LVL39-.LVL12
 5783 0a9c FE02     		.uleb128 .LVL39-.LVL12
 5784 0a9e 02       		.uleb128 0x2
 5785 0a9f 30       		.byte	0x30
 5786 0aa0 9F       		.byte	0x9f
 5787 0aa1 04       		.byte	0x4
 5788 0aa2 FE02     		.uleb128 .LVL39-.LVL12
 5789 0aa4 8603     		.uleb128 .LVL41-.LVL12
 5790 0aa6 02       		.uleb128 0x2
 5791 0aa7 31       		.byte	0x31
 5792 0aa8 9F       		.byte	0x9f
 5793 0aa9 04       		.byte	0x4
 5794 0aaa 8E03     		.uleb128 .LVL43-.LVL12
 5795 0aac AE03     		.uleb128 .LVL49-.LVL12
 5796 0aae 01       		.uleb128 0x1
 5797 0aaf 55       		.byte	0x55
 5798 0ab0 04       		.byte	0x4
 5799 0ab1 B603     		.uleb128 .LVL50-.LVL12
 5800 0ab3 D003     		.uleb128 .LVL54-.LVL12
 5801 0ab5 01       		.uleb128 0x1
 5802 0ab6 55       		.byte	0x55
 5803 0ab7 04       		.byte	0x4
 5804 0ab8 9604     		.uleb128 .LVL66-.LVL12
 5805 0aba A804     		.uleb128 .LVL72-.LVL12
 5806 0abc 01       		.uleb128 0x1
 5807 0abd 55       		.byte	0x55
 5808 0abe 04       		.byte	0x4
 5809 0abf B405     		.uleb128 .LVL96-.LVL12
 5810 0ac1 DE05     		.uleb128 .LVL104-.LVL12
 5811 0ac3 01       		.uleb128 0x1
 5812 0ac4 55       		.byte	0x55
 5813 0ac5 04       		.byte	0x4
ARM GAS  C:\Users\DEVELO~1\AppData\Local\Temp\cceKKU6r.s 			page 103


 5814 0ac6 FA05     		.uleb128 .LVL108-.LVL12
 5815 0ac8 9806     		.uleb128 .LVL112-.LVL12
 5816 0aca 01       		.uleb128 0x1
 5817 0acb 55       		.byte	0x55
 5818 0acc 04       		.byte	0x4
 5819 0acd 9E06     		.uleb128 .LVL114-.LVL12
 5820 0acf C406     		.uleb128 .LVL123-.LVL12
 5821 0ad1 01       		.uleb128 0x1
 5822 0ad2 55       		.byte	0x55
 5823 0ad3 04       		.byte	0x4
 5824 0ad4 8807     		.uleb128 .LVL134-.LVL12
 5825 0ad6 C007     		.uleb128 .LVL148-.LVL12
 5826 0ad8 01       		.uleb128 0x1
 5827 0ad9 55       		.byte	0x55
 5828 0ada 04       		.byte	0x4
 5829 0adb D407     		.uleb128 .LVL152-.LVL12
 5830 0add EC07     		.uleb128 .LVL156-.LVL12
 5831 0adf 01       		.uleb128 0x1
 5832 0ae0 55       		.byte	0x55
 5833 0ae1 04       		.byte	0x4
 5834 0ae2 F007     		.uleb128 .LVL157-.LVL12
 5835 0ae4 F607     		.uleb128 .LVL158-.LVL12
 5836 0ae6 01       		.uleb128 0x1
 5837 0ae7 55       		.byte	0x55
 5838 0ae8 00       		.byte	0
 5839              	.LVUS13:
 5840 0ae9 00       		.uleb128 .LVU182
 5841 0aea 00       		.uleb128 .LVU194
 5842 0aeb 00       		.uleb128 .LVU297
 5843 0aec 00       		.uleb128 .LVU305
 5844 0aed 01       		.uleb128 .LVU329
 5845 0aee 00       		.uleb128 .LVU333
 5846 0aef 00       		.uleb128 .LVU333
 5847 0af0 00       		.uleb128 .LVU344
 5848 0af1 00       		.uleb128 .LVU348
 5849 0af2 00       		.uleb128 .LVU353
 5850 0af3 00       		.uleb128 .LVU353
 5851 0af4 01       		.uleb128 .LVU356
 5852 0af5 00       		.uleb128 .LVU384
 5853 0af6 00       		.uleb128 .LVU386
 5854              	.LLST13:
 5855 0af7 06       		.byte	0x6
 5856 0af8 6A020000 		.4byte	.LVL70
 5857 0afc 04       		.byte	0x4
 5858 0afd 00       		.uleb128 .LVL70-.LVL70
 5859 0afe 06       		.uleb128 .LVL72-.LVL70
 5860 0aff 01       		.uleb128 0x1
 5861 0b00 50       		.byte	0x50
 5862 0b01 04       		.byte	0x4
 5863 0b02 8A02     		.uleb128 .LVL117-.LVL70
 5864 0b04 9C02     		.uleb128 .LVL121-.LVL70
 5865 0b06 01       		.uleb128 0x1
 5866 0b07 50       		.byte	0x50
 5867 0b08 04       		.byte	0x4
 5868 0b09 C402     		.uleb128 .LVL127-.LVL70
 5869 0b0b CA02     		.uleb128 .LVL129-.LVL70
 5870 0b0d 01       		.uleb128 0x1
ARM GAS  C:\Users\DEVELO~1\AppData\Local\Temp\cceKKU6r.s 			page 104


 5871 0b0e 50       		.byte	0x50
 5872 0b0f 04       		.byte	0x4
 5873 0b10 CA02     		.uleb128 .LVL129-.LVL70
 5874 0b12 E602     		.uleb128 .LVL134-.LVL70
 5875 0b14 1E       		.uleb128 0x1e
 5876 0b15 78       		.byte	0x78
 5877 0b16 00       		.sleb128 0
 5878 0b17 A8       		.byte	0xa8
 5879 0b18 2D       		.uleb128 0x2d
 5880 0b19 A8       		.byte	0xa8
 5881 0b1a 26       		.uleb128 0x26
 5882 0b1b A4       		.byte	0xa4
 5883 0b1c 26       		.uleb128 0x26
 5884 0b1d 08       		.byte	0x8
 5885 0b1e CDCCCCCC 		.8byte	0xcccccccd
 5885      00000000 
 5886 0b26 1E       		.byte	0x1e
 5887 0b27 08       		.byte	0x8
 5888 0b28 20       		.byte	0x20
 5889 0b29 A8       		.byte	0xa8
 5890 0b2a 26       		.uleb128 0x26
 5891 0b2b 25       		.byte	0x25
 5892 0b2c A8       		.byte	0xa8
 5893 0b2d 2D       		.uleb128 0x2d
 5894 0b2e A8       		.byte	0xa8
 5895 0b2f 00       		.uleb128 0
 5896 0b30 33       		.byte	0x33
 5897 0b31 25       		.byte	0x25
 5898 0b32 9F       		.byte	0x9f
 5899 0b33 04       		.byte	0x4
 5900 0b34 F002     		.uleb128 .LVL136-.LVL70
 5901 0b36 F602     		.uleb128 .LVL138-.LVL70
 5902 0b38 01       		.uleb128 0x1
 5903 0b39 50       		.byte	0x50
 5904 0b3a 04       		.byte	0x4
 5905 0b3b F602     		.uleb128 .LVL138-.LVL70
 5906 0b3d FE02     		.uleb128 .LVL140-.LVL70
 5907 0b3f 04       		.uleb128 0x4
 5908 0b40 70       		.byte	0x70
 5909 0b41 00       		.sleb128 0
 5910 0b42 1F       		.byte	0x1f
 5911 0b43 9F       		.byte	0x9f
 5912 0b44 04       		.byte	0x4
 5913 0b45 C403     		.uleb128 .LVL154-.LVL70
 5914 0b47 CA03     		.uleb128 .LVL156-.LVL70
 5915 0b49 01       		.uleb128 0x1
 5916 0b4a 50       		.byte	0x50
 5917 0b4b 00       		.byte	0
 5918              	.LVUS14:
 5919 0b4c 01       		.uleb128 .LVU183
 5920 0b4d 00       		.uleb128 .LVU194
 5921              	.LLST14:
 5922 0b4e 08       		.byte	0x8
 5923 0b4f 6A020000 		.4byte	.LVL70
 5924 0b53 06       		.uleb128 .LVL72-.LVL70
 5925 0b54 01       		.uleb128 0x1
 5926 0b55 50       		.byte	0x50
ARM GAS  C:\Users\DEVELO~1\AppData\Local\Temp\cceKKU6r.s 			page 105


 5927 0b56 00       		.byte	0
 5928              	.LVUS15:
 5929 0b57 01       		.uleb128 .LVU183
 5930 0b58 00       		.uleb128 .LVU219
 5931 0b59 00       		.uleb128 .LVU219
 5932 0b5a 00       		.uleb128 .LVU230
 5933              	.LLST15:
 5934 0b5b 06       		.byte	0x6
 5935 0b5c 6A020000 		.4byte	.LVL70
 5936 0b60 04       		.byte	0x4
 5937 0b61 00       		.uleb128 .LVL70-.LVL70
 5938 0b62 38       		.uleb128 .LVL83-.LVL70
 5939 0b63 03       		.uleb128 0x3
 5940 0b64 91       		.byte	0x91
 5941 0b65 4C       		.sleb128 -52
 5942 0b66 9F       		.byte	0x9f
 5943 0b67 04       		.byte	0x4
 5944 0b68 38       		.uleb128 .LVL83-.LVL70
 5945 0b69 4E       		.uleb128 .LVL87-.LVL70
 5946 0b6a 01       		.uleb128 0x1
 5947 0b6b 53       		.byte	0x53
 5948 0b6c 00       		.byte	0
 5949              	.LVUS16:
 5950 0b6d 04       		.uleb128 .LVU186
 5951 0b6e 00       		.uleb128 .LVU230
 5952              	.LLST16:
 5953 0b6f 08       		.byte	0x8
 5954 0b70 6A020000 		.4byte	.LVL70
 5955 0b74 4E       		.uleb128 .LVL87-.LVL70
 5956 0b75 02       		.uleb128 0x2
 5957 0b76 30       		.byte	0x30
 5958 0b77 9F       		.byte	0x9f
 5959 0b78 00       		.byte	0
 5960              	.LVUS17:
 5961 0b79 03       		.uleb128 .LVU185
 5962 0b7a 00       		.uleb128 .LVU194
 5963              	.LLST17:
 5964 0b7b 08       		.byte	0x8
 5965 0b7c 6A020000 		.4byte	.LVL70
 5966 0b80 06       		.uleb128 .LVL72-.LVL70
 5967 0b81 01       		.uleb128 0x1
 5968 0b82 50       		.byte	0x50
 5969 0b83 00       		.byte	0
 5970              	.LVUS18:
 5971 0b84 03       		.uleb128 .LVU185
 5972 0b85 00       		.uleb128 .LVU219
 5973 0b86 00       		.uleb128 .LVU219
 5974 0b87 00       		.uleb128 .LVU221
 5975 0b88 00       		.uleb128 .LVU221
 5976 0b89 02       		.uleb128 .LVU224
 5977 0b8a 02       		.uleb128 .LVU224
 5978 0b8b 00       		.uleb128 .LVU226
 5979 0b8c 00       		.uleb128 .LVU226
 5980 0b8d 00       		.uleb128 .LVU230
 5981              	.LLST18:
 5982 0b8e 06       		.byte	0x6
 5983 0b8f 6A020000 		.4byte	.LVL70
ARM GAS  C:\Users\DEVELO~1\AppData\Local\Temp\cceKKU6r.s 			page 106


 5984 0b93 04       		.byte	0x4
 5985 0b94 00       		.uleb128 .LVL70-.LVL70
 5986 0b95 38       		.uleb128 .LVL83-.LVL70
 5987 0b96 03       		.uleb128 0x3
 5988 0b97 91       		.byte	0x91
 5989 0b98 4C       		.sleb128 -52
 5990 0b99 9F       		.byte	0x9f
 5991 0b9a 04       		.byte	0x4
 5992 0b9b 38       		.uleb128 .LVL83-.LVL70
 5993 0b9c 3C       		.uleb128 .LVL84-.LVL70
 5994 0b9d 01       		.uleb128 0x1
 5995 0b9e 53       		.byte	0x53
 5996 0b9f 04       		.byte	0x4
 5997 0ba0 3C       		.uleb128 .LVL84-.LVL70
 5998 0ba1 40       		.uleb128 .LVL85-.LVL70
 5999 0ba2 01       		.uleb128 0x1
 6000 0ba3 5C       		.byte	0x5c
 6001 0ba4 04       		.byte	0x4
 6002 0ba5 40       		.uleb128 .LVL85-.LVL70
 6003 0ba6 46       		.uleb128 .LVL86-.LVL70
 6004 0ba7 03       		.uleb128 0x3
 6005 0ba8 7C       		.byte	0x7c
 6006 0ba9 01       		.sleb128 1
 6007 0baa 9F       		.byte	0x9f
 6008 0bab 04       		.byte	0x4
 6009 0bac 46       		.uleb128 .LVL86-.LVL70
 6010 0bad 4E       		.uleb128 .LVL87-.LVL70
 6011 0bae 01       		.uleb128 0x1
 6012 0baf 5C       		.byte	0x5c
 6013 0bb0 00       		.byte	0
 6014              	.LVUS19:
 6015 0bb1 00       		.uleb128 .LVU194
 6016 0bb2 00       		.uleb128 .LVU195
 6017 0bb3 00       		.uleb128 .LVU202
 6018 0bb4 00       		.uleb128 .LVU204
 6019 0bb5 00       		.uleb128 .LVU204
 6020 0bb6 00       		.uleb128 .LVU210
 6021 0bb7 00       		.uleb128 .LVU210
 6022 0bb8 00       		.uleb128 .LVU218
 6023 0bb9 00       		.uleb128 .LVU218
 6024 0bba 00       		.uleb128 .LVU221
 6025              	.LLST19:
 6026 0bbb 06       		.byte	0x6
 6027 0bbc 70020000 		.4byte	.LVL72
 6028 0bc0 04       		.byte	0x4
 6029 0bc1 00       		.uleb128 .LVL72-.LVL72
 6030 0bc2 02       		.uleb128 .LVL73-.LVL72
 6031 0bc3 0F       		.uleb128 0xf
 6032 0bc4 7A       		.byte	0x7a
 6033 0bc5 37       		.sleb128 55
 6034 0bc6 7A       		.byte	0x7a
 6035 0bc7 30       		.sleb128 48
 6036 0bc8 7A       		.byte	0x7a
 6037 0bc9 30       		.sleb128 48
 6038 0bca 08       		.byte	0x8
 6039 0bcb 39       		.byte	0x39
 6040 0bcc 2B       		.byte	0x2b
ARM GAS  C:\Users\DEVELO~1\AppData\Local\Temp\cceKKU6r.s 			page 107


 6041 0bcd 28       		.byte	0x28
 6042 0bce 0100     		.2byte	0x1
 6043 0bd0 16       		.byte	0x16
 6044 0bd1 13       		.byte	0x13
 6045 0bd2 9F       		.byte	0x9f
 6046 0bd3 04       		.byte	0x4
 6047 0bd4 0E       		.uleb128 .LVL75-.LVL72
 6048 0bd5 12       		.uleb128 .LVL76-.LVL72
 6049 0bd6 01       		.uleb128 0x1
 6050 0bd7 5A       		.byte	0x5a
 6051 0bd8 04       		.byte	0x4
 6052 0bd9 12       		.uleb128 .LVL76-.LVL72
 6053 0bda 1E       		.uleb128 .LVL78-.LVL72
 6054 0bdb 01       		.uleb128 0x1
 6055 0bdc 51       		.byte	0x51
 6056 0bdd 04       		.byte	0x4
 6057 0bde 1E       		.uleb128 .LVL78-.LVL72
 6058 0bdf 2E       		.uleb128 .LVL82-.LVL72
 6059 0be0 0F       		.uleb128 0xf
 6060 0be1 7A       		.byte	0x7a
 6061 0be2 37       		.sleb128 55
 6062 0be3 7A       		.byte	0x7a
 6063 0be4 30       		.sleb128 48
 6064 0be5 7A       		.byte	0x7a
 6065 0be6 30       		.sleb128 48
 6066 0be7 08       		.byte	0x8
 6067 0be8 39       		.byte	0x39
 6068 0be9 2B       		.byte	0x2b
 6069 0bea 28       		.byte	0x28
 6070 0beb 0100     		.2byte	0x1
 6071 0bed 16       		.byte	0x16
 6072 0bee 13       		.byte	0x13
 6073 0bef 9F       		.byte	0x9f
 6074 0bf0 04       		.byte	0x4
 6075 0bf1 2E       		.uleb128 .LVL82-.LVL72
 6076 0bf2 36       		.uleb128 .LVL84-.LVL72
 6077 0bf3 01       		.uleb128 0x1
 6078 0bf4 55       		.byte	0x55
 6079 0bf5 00       		.byte	0
 6080              	.LVUS20:
 6081 0bf6 0A       		.uleb128 .LVU192
 6082 0bf7 00       		.uleb128 .LVU193
 6083 0bf8 00       		.uleb128 .LVU193
 6084 0bf9 00       		.uleb128 .LVU194
 6085 0bfa 00       		.uleb128 .LVU194
 6086 0bfb 00       		.uleb128 .LVU195
 6087 0bfc 00       		.uleb128 .LVU195
 6088 0bfd 01       		.uleb128 .LVU208
 6089 0bfe 01       		.uleb128 .LVU208
 6090 0bff 00       		.uleb128 .LVU218
 6091 0c00 00       		.uleb128 .LVU218
 6092 0c01 00       		.uleb128 .LVU219
 6093 0c02 00       		.uleb128 .LVU219
 6094 0c03 00       		.uleb128 .LVU221
 6095              	.LLST20:
 6096 0c04 06       		.byte	0x6
 6097 0c05 6A020000 		.4byte	.LVL70
ARM GAS  C:\Users\DEVELO~1\AppData\Local\Temp\cceKKU6r.s 			page 108


 6098 0c09 04       		.byte	0x4
 6099 0c0a 00       		.uleb128 .LVL70-.LVL70
 6100 0c0b 04       		.uleb128 .LVL71-.LVL70
 6101 0c0c 03       		.uleb128 0x3
 6102 0c0d 91       		.byte	0x91
 6103 0c0e 57       		.sleb128 -41
 6104 0c0f 9F       		.byte	0x9f
 6105 0c10 04       		.byte	0x4
 6106 0c11 04       		.uleb128 .LVL71-.LVL70
 6107 0c12 06       		.uleb128 .LVL72-.LVL70
 6108 0c13 01       		.uleb128 0x1
 6109 0c14 53       		.byte	0x53
 6110 0c15 04       		.byte	0x4
 6111 0c16 06       		.uleb128 .LVL72-.LVL70
 6112 0c17 08       		.uleb128 .LVL73-.LVL70
 6113 0c18 01       		.uleb128 0x1
 6114 0c19 55       		.byte	0x55
 6115 0c1a 04       		.byte	0x4
 6116 0c1b 08       		.uleb128 .LVL73-.LVL70
 6117 0c1c 20       		.uleb128 .LVL77-.LVL70
 6118 0c1d 01       		.uleb128 0x1
 6119 0c1e 53       		.byte	0x53
 6120 0c1f 04       		.byte	0x4
 6121 0c20 20       		.uleb128 .LVL77-.LVL70
 6122 0c21 34       		.uleb128 .LVL82-.LVL70
 6123 0c22 01       		.uleb128 0x1
 6124 0c23 55       		.byte	0x55
 6125 0c24 04       		.byte	0x4
 6126 0c25 34       		.uleb128 .LVL82-.LVL70
 6127 0c26 38       		.uleb128 .LVL83-.LVL70
 6128 0c27 03       		.uleb128 0x3
 6129 0c28 73       		.byte	0x73
 6130 0c29 7F       		.sleb128 -1
 6131 0c2a 9F       		.byte	0x9f
 6132 0c2b 04       		.byte	0x4
 6133 0c2c 38       		.uleb128 .LVL83-.LVL70
 6134 0c2d 3C       		.uleb128 .LVL84-.LVL70
 6135 0c2e 03       		.uleb128 0x3
 6136 0c2f 70       		.byte	0x70
 6137 0c30 7F       		.sleb128 -1
 6138 0c31 9F       		.byte	0x9f
 6139 0c32 00       		.byte	0
 6140              	.LVUS21:
 6141 0c33 08       		.uleb128 .LVU190
 6142 0c34 00       		.uleb128 .LVU201
 6143 0c35 00       		.uleb128 .LVU201
 6144 0c36 01       		.uleb128 .LVU212
 6145 0c37 01       		.uleb128 .LVU212
 6146 0c38 00       		.uleb128 .LVU216
 6147 0c39 00       		.uleb128 .LVU216
 6148 0c3a 00       		.uleb128 .LVU217
 6149              	.LLST21:
 6150 0c3b 06       		.byte	0x6
 6151 0c3c 6A020000 		.4byte	.LVL70
 6152 0c40 04       		.byte	0x4
 6153 0c41 00       		.uleb128 .LVL70-.LVL70
 6154 0c42 10       		.uleb128 .LVL74-.LVL70
ARM GAS  C:\Users\DEVELO~1\AppData\Local\Temp\cceKKU6r.s 			page 109


 6155 0c43 01       		.uleb128 0x1
 6156 0c44 50       		.byte	0x50
 6157 0c45 04       		.byte	0x4
 6158 0c46 10       		.uleb128 .LVL74-.LVL70
 6159 0c47 28       		.uleb128 .LVL79-.LVL70
 6160 0c48 01       		.uleb128 0x1
 6161 0c49 5C       		.byte	0x5c
 6162 0c4a 04       		.byte	0x4
 6163 0c4b 28       		.uleb128 .LVL79-.LVL70
 6164 0c4c 2E       		.uleb128 .LVL80-.LVL70
 6165 0c4d 01       		.uleb128 0x1
 6166 0c4e 50       		.byte	0x50
 6167 0c4f 04       		.byte	0x4
 6168 0c50 2E       		.uleb128 .LVL80-.LVL70
 6169 0c51 32       		.uleb128 .LVL81-.LVL70
 6170 0c52 0C       		.uleb128 0xc
 6171 0c53 7C       		.byte	0x7c
 6172 0c54 00       		.sleb128 0
 6173 0c55 A8       		.byte	0xa8
 6174 0c56 2D       		.uleb128 0x2d
 6175 0c57 78       		.byte	0x78
 6176 0c58 00       		.sleb128 0
 6177 0c59 A8       		.byte	0xa8
 6178 0c5a 2D       		.uleb128 0x2d
 6179 0c5b 1B       		.byte	0x1b
 6180 0c5c A8       		.byte	0xa8
 6181 0c5d 00       		.uleb128 0
 6182 0c5e 9F       		.byte	0x9f
 6183 0c5f 00       		.byte	0
 6184              	.LVUS22:
 6185 0c60 09       		.uleb128 .LVU191
 6186 0c61 00       		.uleb128 .LVU201
 6187 0c62 00       		.uleb128 .LVU201
 6188 0c63 02       		.uleb128 .LVU213
 6189 0c64 02       		.uleb128 .LVU213
 6190 0c65 00       		.uleb128 .LVU216
 6191 0c66 00       		.uleb128 .LVU216
 6192 0c67 00       		.uleb128 .LVU217
 6193              	.LLST22:
 6194 0c68 06       		.byte	0x6
 6195 0c69 6A020000 		.4byte	.LVL70
 6196 0c6d 04       		.byte	0x4
 6197 0c6e 00       		.uleb128 .LVL70-.LVL70
 6198 0c6f 10       		.uleb128 .LVL74-.LVL70
 6199 0c70 01       		.uleb128 0x1
 6200 0c71 50       		.byte	0x50
 6201 0c72 04       		.byte	0x4
 6202 0c73 10       		.uleb128 .LVL74-.LVL70
 6203 0c74 28       		.uleb128 .LVL79-.LVL70
 6204 0c75 01       		.uleb128 0x1
 6205 0c76 5C       		.byte	0x5c
 6206 0c77 04       		.byte	0x4
 6207 0c78 28       		.uleb128 .LVL79-.LVL70
 6208 0c79 2E       		.uleb128 .LVL80-.LVL70
 6209 0c7a 01       		.uleb128 0x1
 6210 0c7b 50       		.byte	0x50
 6211 0c7c 04       		.byte	0x4
ARM GAS  C:\Users\DEVELO~1\AppData\Local\Temp\cceKKU6r.s 			page 110


 6212 0c7d 2E       		.uleb128 .LVL80-.LVL70
 6213 0c7e 32       		.uleb128 .LVL81-.LVL70
 6214 0c7f 0C       		.uleb128 0xc
 6215 0c80 7C       		.byte	0x7c
 6216 0c81 00       		.sleb128 0
 6217 0c82 A8       		.byte	0xa8
 6218 0c83 2D       		.uleb128 0x2d
 6219 0c84 78       		.byte	0x78
 6220 0c85 00       		.sleb128 0
 6221 0c86 A8       		.byte	0xa8
 6222 0c87 2D       		.uleb128 0x2d
 6223 0c88 1B       		.byte	0x1b
 6224 0c89 A8       		.byte	0xa8
 6225 0c8a 00       		.uleb128 0
 6226 0c8b 9F       		.byte	0x9f
 6227 0c8c 00       		.byte	0
 6228              	.LVUS23:
 6229 0c8d 01       		.uleb128 .LVU306
 6230 0c8e 00       		.uleb128 .LVU344
 6231              	.LLST23:
 6232 0c8f 08       		.byte	0x8
 6233 0c90 86030000 		.4byte	.LVL121
 6234 0c94 4A       		.uleb128 .LVL134-.LVL121
 6235 0c95 02       		.uleb128 0x2
 6236 0c96 3A       		.byte	0x3a
 6237 0c97 9F       		.byte	0x9f
 6238 0c98 00       		.byte	0
 6239              	.LVUS24:
 6240 0c99 01       		.uleb128 .LVU329
 6241 0c9a 00       		.uleb128 .LVU333
 6242 0c9b 00       		.uleb128 .LVU333
 6243 0c9c 00       		.uleb128 .LVU344
 6244              	.LLST24:
 6245 0c9d 06       		.byte	0x6
 6246 0c9e AE030000 		.4byte	.LVL127
 6247 0ca2 04       		.byte	0x4
 6248 0ca3 00       		.uleb128 .LVL127-.LVL127
 6249 0ca4 06       		.uleb128 .LVL129-.LVL127
 6250 0ca5 01       		.uleb128 0x1
 6251 0ca6 50       		.byte	0x50
 6252 0ca7 04       		.byte	0x4
 6253 0ca8 06       		.uleb128 .LVL129-.LVL127
 6254 0ca9 22       		.uleb128 .LVL134-.LVL127
 6255 0caa 1E       		.uleb128 0x1e
 6256 0cab 78       		.byte	0x78
 6257 0cac 00       		.sleb128 0
 6258 0cad A8       		.byte	0xa8
 6259 0cae 2D       		.uleb128 0x2d
 6260 0caf A8       		.byte	0xa8
 6261 0cb0 26       		.uleb128 0x26
 6262 0cb1 A4       		.byte	0xa4
 6263 0cb2 26       		.uleb128 0x26
 6264 0cb3 08       		.byte	0x8
 6265 0cb4 CDCCCCCC 		.8byte	0xcccccccd
 6265      00000000 
 6266 0cbc 1E       		.byte	0x1e
 6267 0cbd 08       		.byte	0x8
ARM GAS  C:\Users\DEVELO~1\AppData\Local\Temp\cceKKU6r.s 			page 111


 6268 0cbe 20       		.byte	0x20
 6269 0cbf A8       		.byte	0xa8
 6270 0cc0 26       		.uleb128 0x26
 6271 0cc1 25       		.byte	0x25
 6272 0cc2 A8       		.byte	0xa8
 6273 0cc3 2D       		.uleb128 0x2d
 6274 0cc4 A8       		.byte	0xa8
 6275 0cc5 00       		.uleb128 0
 6276 0cc6 33       		.byte	0x33
 6277 0cc7 25       		.byte	0x25
 6278 0cc8 9F       		.byte	0x9f
 6279 0cc9 00       		.byte	0
 6280              	.LVUS25:
 6281 0cca 01       		.uleb128 .LVU306
 6282 0ccb 00       		.uleb128 .LVU334
 6283 0ccc 00       		.uleb128 .LVU334
 6284 0ccd 00       		.uleb128 .LVU342
 6285              	.LLST25:
 6286 0cce 06       		.byte	0x6
 6287 0ccf 86030000 		.4byte	.LVL121
 6288 0cd3 04       		.byte	0x4
 6289 0cd4 00       		.uleb128 .LVL121-.LVL121
 6290 0cd5 32       		.uleb128 .LVL130-.LVL121
 6291 0cd6 01       		.uleb128 0x1
 6292 0cd7 5C       		.byte	0x5c
 6293 0cd8 04       		.byte	0x4
 6294 0cd9 32       		.uleb128 .LVL130-.LVL121
 6295 0cda 44       		.uleb128 .LVL133-.LVL121
 6296 0cdb 03       		.uleb128 0x3
 6297 0cdc 7A       		.byte	0x7a
 6298 0cdd 75       		.sleb128 -11
 6299 0cde 9F       		.byte	0x9f
 6300 0cdf 00       		.byte	0
 6301              	.LVUS26:
 6302 0ce0 04       		.uleb128 .LVU309
 6303 0ce1 00       		.uleb128 .LVU344
 6304              	.LLST26:
 6305 0ce2 08       		.byte	0x8
 6306 0ce3 86030000 		.4byte	.LVL121
 6307 0ce7 4A       		.uleb128 .LVL134-.LVL121
 6308 0ce8 02       		.uleb128 0x2
 6309 0ce9 30       		.byte	0x30
 6310 0cea 9F       		.byte	0x9f
 6311 0ceb 00       		.byte	0
 6312              	.LVUS27:
 6313 0cec 03       		.uleb128 .LVU308
 6314 0ced 00       		.uleb128 .LVU344
 6315              	.LLST27:
 6316 0cee 08       		.byte	0x8
 6317 0cef 86030000 		.4byte	.LVL121
 6318 0cf3 4A       		.uleb128 .LVL134-.LVL121
 6319 0cf4 02       		.uleb128 0x2
 6320 0cf5 3A       		.byte	0x3a
 6321 0cf6 9F       		.byte	0x9f
 6322 0cf7 00       		.byte	0
 6323              	.LVUS29:
 6324 0cf8 03       		.uleb128 .LVU308
ARM GAS  C:\Users\DEVELO~1\AppData\Local\Temp\cceKKU6r.s 			page 112


 6325 0cf9 02       		.uleb128 .LVU337
 6326 0cfa 02       		.uleb128 .LVU337
 6327 0cfb 00       		.uleb128 .LVU338
 6328 0cfc 00       		.uleb128 .LVU338
 6329 0cfd 00       		.uleb128 .LVU344
 6330              	.LLST29:
 6331 0cfe 06       		.byte	0x6
 6332 0cff 86030000 		.4byte	.LVL121
 6333 0d03 04       		.byte	0x4
 6334 0d04 00       		.uleb128 .LVL121-.LVL121
 6335 0d05 36       		.uleb128 .LVL131-.LVL121
 6336 0d06 01       		.uleb128 0x1
 6337 0d07 5C       		.byte	0x5c
 6338 0d08 04       		.byte	0x4
 6339 0d09 36       		.uleb128 .LVL131-.LVL121
 6340 0d0a 3A       		.uleb128 .LVL132-.LVL121
 6341 0d0b 03       		.uleb128 0x3
 6342 0d0c 7C       		.byte	0x7c
 6343 0d0d 01       		.sleb128 1
 6344 0d0e 9F       		.byte	0x9f
 6345 0d0f 04       		.byte	0x4
 6346 0d10 3A       		.uleb128 .LVL132-.LVL121
 6347 0d11 4A       		.uleb128 .LVL134-.LVL121
 6348 0d12 01       		.uleb128 0x1
 6349 0d13 5C       		.byte	0x5c
 6350 0d14 00       		.byte	0
 6351              	.LVUS30:
 6352 0d15 00       		.uleb128 .LVU322
 6353 0d16 01       		.uleb128 .LVU323
 6354 0d17 01       		.uleb128 .LVU323
 6355 0d18 00       		.uleb128 .LVU326
 6356 0d19 00       		.uleb128 .LVU326
 6357 0d1a 00       		.uleb128 .LVU327
 6358 0d1b 00       		.uleb128 .LVU327
 6359 0d1c 01       		.uleb128 .LVU332
 6360 0d1d 01       		.uleb128 .LVU332
 6361 0d1e 00       		.uleb128 .LVU334
 6362              	.LLST30:
 6363 0d1f 06       		.byte	0x6
 6364 0d20 A4030000 		.4byte	.LVL124
 6365 0d24 04       		.byte	0x4
 6366 0d25 00       		.uleb128 .LVL124-.LVL124
 6367 0d26 00       		.uleb128 .LVL124-.LVL124
 6368 0d27 01       		.uleb128 0x1
 6369 0d28 51       		.byte	0x51
 6370 0d29 04       		.byte	0x4
 6371 0d2a 00       		.uleb128 .LVL124-.LVL124
 6372 0d2b 04       		.uleb128 .LVL125-.LVL124
 6373 0d2c 03       		.uleb128 0x3
 6374 0d2d 71       		.byte	0x71
 6375 0d2e 30       		.sleb128 48
 6376 0d2f 9F       		.byte	0x9f
 6377 0d30 04       		.byte	0x4
 6378 0d31 04       		.uleb128 .LVL125-.LVL124
 6379 0d32 06       		.uleb128 .LVL126-.LVL124
 6380 0d33 01       		.uleb128 0x1
 6381 0d34 51       		.byte	0x51
ARM GAS  C:\Users\DEVELO~1\AppData\Local\Temp\cceKKU6r.s 			page 113


 6382 0d35 04       		.byte	0x4
 6383 0d36 06       		.uleb128 .LVL126-.LVL124
 6384 0d37 0C       		.uleb128 .LVL128-.LVL124
 6385 0d38 0A       		.uleb128 0xa
 6386 0d39 78       		.byte	0x78
 6387 0d3a 00       		.sleb128 0
 6388 0d3b 7B       		.byte	0x7b
 6389 0d3c 00       		.sleb128 0
 6390 0d3d 31       		.byte	0x31
 6391 0d3e 24       		.byte	0x24
 6392 0d3f 1C       		.byte	0x1c
 6393 0d40 23       		.byte	0x23
 6394 0d41 30       		.uleb128 0x30
 6395 0d42 9F       		.byte	0x9f
 6396 0d43 04       		.byte	0x4
 6397 0d44 0C       		.uleb128 .LVL128-.LVL124
 6398 0d45 14       		.uleb128 .LVL130-.LVL124
 6399 0d46 06       		.uleb128 0x6
 6400 0d47 7A       		.byte	0x7a
 6401 0d48 00       		.sleb128 0
 6402 0d49 75       		.byte	0x75
 6403 0d4a 00       		.sleb128 0
 6404 0d4b 1C       		.byte	0x1c
 6405 0d4c 9F       		.byte	0x9f
 6406 0d4d 00       		.byte	0
 6407              	.LVUS31:
 6408 0d4e 00       		.uleb128 .LVU316
 6409 0d4f 00       		.uleb128 .LVU317
 6410 0d50 00       		.uleb128 .LVU317
 6411 0d51 03       		.uleb128 .LVU325
 6412 0d52 03       		.uleb128 .LVU325
 6413 0d53 00       		.uleb128 .LVU328
 6414 0d54 00       		.uleb128 .LVU328
 6415 0d55 00       		.uleb128 .LVU334
 6416              	.LLST31:
 6417 0d56 06       		.byte	0x6
 6418 0d57 8A030000 		.4byte	.LVL122
 6419 0d5b 04       		.byte	0x4
 6420 0d5c 00       		.uleb128 .LVL122-.LVL122
 6421 0d5d 02       		.uleb128 .LVL123-.LVL122
 6422 0d5e 01       		.uleb128 0x1
 6423 0d5f 5A       		.byte	0x5a
 6424 0d60 04       		.byte	0x4
 6425 0d61 02       		.uleb128 .LVL123-.LVL122
 6426 0d62 1A       		.uleb128 .LVL124-.LVL122
 6427 0d63 01       		.uleb128 0x1
 6428 0d64 55       		.byte	0x55
 6429 0d65 04       		.byte	0x4
 6430 0d66 1A       		.uleb128 .LVL124-.LVL122
 6431 0d67 24       		.uleb128 .LVL127-.LVL122
 6432 0d68 03       		.uleb128 0x3
 6433 0d69 75       		.byte	0x75
 6434 0d6a 7F       		.sleb128 -1
 6435 0d6b 9F       		.byte	0x9f
 6436 0d6c 04       		.byte	0x4
 6437 0d6d 24       		.uleb128 .LVL127-.LVL122
 6438 0d6e 2E       		.uleb128 .LVL130-.LVL122
ARM GAS  C:\Users\DEVELO~1\AppData\Local\Temp\cceKKU6r.s 			page 114


 6439 0d6f 01       		.uleb128 0x1
 6440 0d70 55       		.byte	0x55
 6441 0d71 00       		.byte	0
 6442              	.LVUS46:
 6443 0d72 00       		.uleb128 0
 6444 0d73 00       		.uleb128 .LVU462
 6445 0d74 00       		.uleb128 .LVU462
 6446 0d75 00       		.uleb128 .LVU463
 6447 0d76 00       		.uleb128 .LVU463
 6448 0d77 00       		.uleb128 .LVU474
 6449 0d78 00       		.uleb128 .LVU474
 6450 0d79 00       		.uleb128 .LVU477
 6451 0d7a 00       		.uleb128 .LVU477
 6452 0d7b 00       		.uleb128 0
 6453              	.LLST46:
 6454 0d7c 06       		.byte	0x6
 6455 0d7d 00000000 		.4byte	.LVL180
 6456 0d81 04       		.byte	0x4
 6457 0d82 00       		.uleb128 .LVL180-.LVL180
 6458 0d83 16       		.uleb128 .LVL185-.LVL180
 6459 0d84 01       		.uleb128 0x1
 6460 0d85 50       		.byte	0x50
 6461 0d86 04       		.byte	0x4
 6462 0d87 16       		.uleb128 .LVL185-.LVL180
 6463 0d88 19       		.uleb128 .LVL186-1-.LVL180
 6464 0d89 01       		.uleb128 0x1
 6465 0d8a 51       		.byte	0x51
 6466 0d8b 04       		.byte	0x4
 6467 0d8c 19       		.uleb128 .LVL186-1-.LVL180
 6468 0d8d 32       		.uleb128 .LVL190-.LVL180
 6469 0d8e 01       		.uleb128 0x1
 6470 0d8f 55       		.byte	0x55
 6471 0d90 04       		.byte	0x4
 6472 0d91 32       		.uleb128 .LVL190-.LVL180
 6473 0d92 3A       		.uleb128 .LVL193-.LVL180
 6474 0d93 01       		.uleb128 0x1
 6475 0d94 50       		.byte	0x50
 6476 0d95 04       		.byte	0x4
 6477 0d96 3A       		.uleb128 .LVL193-.LVL180
 6478 0d97 4C       		.uleb128 .LFE437-.LVL180
 6479 0d98 01       		.uleb128 0x1
 6480 0d99 55       		.byte	0x55
 6481 0d9a 00       		.byte	0
 6482              	.LVUS47:
 6483 0d9b 00       		.uleb128 0
 6484 0d9c 00       		.uleb128 .LVU461
 6485 0d9d 00       		.uleb128 .LVU461
 6486 0d9e 00       		.uleb128 .LVU474
 6487 0d9f 00       		.uleb128 .LVU474
 6488 0da0 00       		.uleb128 .LVU475
 6489 0da1 00       		.uleb128 .LVU475
 6490 0da2 00       		.uleb128 0
 6491              	.LLST47:
 6492 0da3 06       		.byte	0x6
 6493 0da4 00000000 		.4byte	.LVL180
 6494 0da8 04       		.byte	0x4
 6495 0da9 00       		.uleb128 .LVL180-.LVL180
ARM GAS  C:\Users\DEVELO~1\AppData\Local\Temp\cceKKU6r.s 			page 115


 6496 0daa 14       		.uleb128 .LVL184-.LVL180
 6497 0dab 01       		.uleb128 0x1
 6498 0dac 51       		.byte	0x51
 6499 0dad 04       		.byte	0x4
 6500 0dae 14       		.uleb128 .LVL184-.LVL180
 6501 0daf 32       		.uleb128 .LVL190-.LVL180
 6502 0db0 01       		.uleb128 0x1
 6503 0db1 54       		.byte	0x54
 6504 0db2 04       		.byte	0x4
 6505 0db3 32       		.uleb128 .LVL190-.LVL180
 6506 0db4 34       		.uleb128 .LVL191-.LVL180
 6507 0db5 01       		.uleb128 0x1
 6508 0db6 51       		.byte	0x51
 6509 0db7 04       		.byte	0x4
 6510 0db8 34       		.uleb128 .LVL191-.LVL180
 6511 0db9 4C       		.uleb128 .LFE437-.LVL180
 6512 0dba 01       		.uleb128 0x1
 6513 0dbb 54       		.byte	0x54
 6514 0dbc 00       		.byte	0
 6515              	.LVUS48:
 6516 0dbd 00       		.uleb128 0
 6517 0dbe 00       		.uleb128 .LVU460
 6518 0dbf 00       		.uleb128 .LVU460
 6519 0dc0 00       		.uleb128 .LVU474
 6520 0dc1 00       		.uleb128 .LVU474
 6521 0dc2 00       		.uleb128 .LVU476
 6522 0dc3 00       		.uleb128 .LVU476
 6523 0dc4 00       		.uleb128 0
 6524              	.LLST48:
 6525 0dc5 06       		.byte	0x6
 6526 0dc6 00000000 		.4byte	.LVL180
 6527 0dca 04       		.byte	0x4
 6528 0dcb 00       		.uleb128 .LVL180-.LVL180
 6529 0dcc 12       		.uleb128 .LVL183-.LVL180
 6530 0dcd 01       		.uleb128 0x1
 6531 0dce 52       		.byte	0x52
 6532 0dcf 04       		.byte	0x4
 6533 0dd0 12       		.uleb128 .LVL183-.LVL180
 6534 0dd1 32       		.uleb128 .LVL190-.LVL180
 6535 0dd2 01       		.uleb128 0x1
 6536 0dd3 56       		.byte	0x56
 6537 0dd4 04       		.byte	0x4
 6538 0dd5 32       		.uleb128 .LVL190-.LVL180
 6539 0dd6 38       		.uleb128 .LVL192-.LVL180
 6540 0dd7 01       		.uleb128 0x1
 6541 0dd8 52       		.byte	0x52
 6542 0dd9 04       		.byte	0x4
 6543 0dda 38       		.uleb128 .LVL192-.LVL180
 6544 0ddb 4C       		.uleb128 .LFE437-.LVL180
 6545 0ddc 01       		.uleb128 0x1
 6546 0ddd 56       		.byte	0x56
 6547 0dde 00       		.byte	0
 6548              	.LVUS49:
 6549 0ddf 00       		.uleb128 0
 6550 0de0 00       		.uleb128 .LVU457
 6551 0de1 02       		.uleb128 .LVU465
 6552 0de2 00       		.uleb128 .LVU474
ARM GAS  C:\Users\DEVELO~1\AppData\Local\Temp\cceKKU6r.s 			page 116


 6553 0de3 02       		.uleb128 .LVU480
 6554 0de4 00       		.uleb128 0
 6555              	.LLST49:
 6556 0de5 06       		.byte	0x6
 6557 0de6 00000000 		.4byte	.LVL180
 6558 0dea 04       		.byte	0x4
 6559 0deb 00       		.uleb128 .LVL180-.LVL180
 6560 0dec 0C       		.uleb128 .LVL181-.LVL180
 6561 0ded 01       		.uleb128 0x1
 6562 0dee 53       		.byte	0x53
 6563 0def 04       		.byte	0x4
 6564 0df0 1A       		.uleb128 .LVL186-.LVL180
 6565 0df1 32       		.uleb128 .LVL190-.LVL180
 6566 0df2 01       		.uleb128 0x1
 6567 0df3 57       		.byte	0x57
 6568 0df4 04       		.byte	0x4
 6569 0df5 3E       		.uleb128 .LVL194-.LVL180
 6570 0df6 4C       		.uleb128 .LFE437-.LVL180
 6571 0df7 01       		.uleb128 0x1
 6572 0df8 57       		.byte	0x57
 6573 0df9 00       		.byte	0
 6574              	.LVUS50:
 6575 0dfa 01       		.uleb128 .LVU464
 6576 0dfb 00       		.uleb128 .LVU466
 6577 0dfc 00       		.uleb128 .LVU466
 6578 0dfd 00       		.uleb128 .LVU467
 6579 0dfe 00       		.uleb128 .LVU467
 6580 0dff 00       		.uleb128 .LVU474
 6581 0e00 01       		.uleb128 .LVU479
 6582 0e01 00       		.uleb128 .LVU481
 6583 0e02 00       		.uleb128 .LVU481
 6584 0e03 00       		.uleb128 .LVU482
 6585 0e04 00       		.uleb128 .LVU482
 6586 0e05 00       		.uleb128 0
 6587              	.LLST50:
 6588 0e06 06       		.byte	0x6
 6589 0e07 1A000000 		.4byte	.LVL186
 6590 0e0b 04       		.byte	0x4
 6591 0e0c 00       		.uleb128 .LVL186-.LVL186
 6592 0e0d 06       		.uleb128 .LVL187-.LVL186
 6593 0e0e 03       		.uleb128 0x3
 6594 0e0f 91       		.byte	0x91
 6595 0e10 54       		.sleb128 -44
 6596 0e11 9F       		.byte	0x9f
 6597 0e12 04       		.byte	0x4
 6598 0e13 06       		.uleb128 .LVL187-.LVL186
 6599 0e14 09       		.uleb128 .LVL188-1-.LVL186
 6600 0e15 01       		.uleb128 0x1
 6601 0e16 50       		.byte	0x50
 6602 0e17 04       		.byte	0x4
 6603 0e18 09       		.uleb128 .LVL188-1-.LVL186
 6604 0e19 18       		.uleb128 .LVL190-.LVL186
 6605 0e1a 03       		.uleb128 0x3
 6606 0e1b 91       		.byte	0x91
 6607 0e1c 54       		.sleb128 -44
 6608 0e1d 9F       		.byte	0x9f
 6609 0e1e 04       		.byte	0x4
ARM GAS  C:\Users\DEVELO~1\AppData\Local\Temp\cceKKU6r.s 			page 117


 6610 0e1f 24       		.uleb128 .LVL194-.LVL186
 6611 0e20 2A       		.uleb128 .LVL195-.LVL186
 6612 0e21 03       		.uleb128 0x3
 6613 0e22 91       		.byte	0x91
 6614 0e23 54       		.sleb128 -44
 6615 0e24 9F       		.byte	0x9f
 6616 0e25 04       		.byte	0x4
 6617 0e26 2A       		.uleb128 .LVL195-.LVL186
 6618 0e27 2D       		.uleb128 .LVL196-1-.LVL186
 6619 0e28 01       		.uleb128 0x1
 6620 0e29 50       		.byte	0x50
 6621 0e2a 04       		.byte	0x4
 6622 0e2b 2D       		.uleb128 .LVL196-1-.LVL186
 6623 0e2c 32       		.uleb128 .LFE437-.LVL186
 6624 0e2d 03       		.uleb128 0x3
 6625 0e2e 91       		.byte	0x91
 6626 0e2f 54       		.sleb128 -44
 6627 0e30 9F       		.byte	0x9f
 6628 0e31 00       		.byte	0
 6629              	.LVUS51:
 6630 0e32 01       		.uleb128 .LVU459
 6631 0e33 00       		.uleb128 .LVU460
 6632 0e34 00       		.uleb128 .LVU460
 6633 0e35 00       		.uleb128 .LVU463
 6634 0e36 00       		.uleb128 .LVU463
 6635 0e37 00       		.uleb128 .LVU474
 6636 0e38 00       		.uleb128 .LVU474
 6637 0e39 00       		.uleb128 0
 6638              	.LLST51:
 6639 0e3a 06       		.byte	0x6
 6640 0e3b 0E000000 		.4byte	.LVL182
 6641 0e3f 04       		.byte	0x4
 6642 0e40 00       		.uleb128 .LVL182-.LVL182
 6643 0e41 04       		.uleb128 .LVL183-.LVL182
 6644 0e42 03       		.uleb128 0x3
 6645 0e43 71       		.byte	0x71
 6646 0e44 7F       		.sleb128 -1
 6647 0e45 9F       		.byte	0x9f
 6648 0e46 04       		.byte	0x4
 6649 0e47 04       		.uleb128 .LVL183-.LVL182
 6650 0e48 0B       		.uleb128 .LVL186-1-.LVL182
 6651 0e49 01       		.uleb128 0x1
 6652 0e4a 52       		.byte	0x52
 6653 0e4b 04       		.byte	0x4
 6654 0e4c 0B       		.uleb128 .LVL186-1-.LVL182
 6655 0e4d 24       		.uleb128 .LVL190-.LVL182
 6656 0e4e 03       		.uleb128 0x3
 6657 0e4f 74       		.byte	0x74
 6658 0e50 7F       		.sleb128 -1
 6659 0e51 9F       		.byte	0x9f
 6660 0e52 04       		.byte	0x4
 6661 0e53 24       		.uleb128 .LVL190-.LVL182
 6662 0e54 3E       		.uleb128 .LFE437-.LVL182
 6663 0e55 02       		.uleb128 0x2
 6664 0e56 30       		.byte	0x30
 6665 0e57 9F       		.byte	0x9f
 6666 0e58 00       		.byte	0
ARM GAS  C:\Users\DEVELO~1\AppData\Local\Temp\cceKKU6r.s 			page 118


 6667              	.LVUS52:
 6668 0e59 00       		.uleb128 .LVU468
 6669 0e5a 00       		.uleb128 .LVU474
 6670 0e5b 00       		.uleb128 .LVU482
 6671 0e5c 00       		.uleb128 0
 6672              	.LLST52:
 6673 0e5d 06       		.byte	0x6
 6674 0e5e 26000000 		.4byte	.LVL189
 6675 0e62 04       		.byte	0x4
 6676 0e63 00       		.uleb128 .LVL189-.LVL189
 6677 0e64 0C       		.uleb128 .LVL190-.LVL189
 6678 0e65 01       		.uleb128 0x1
 6679 0e66 50       		.byte	0x50
 6680 0e67 04       		.byte	0x4
 6681 0e68 22       		.uleb128 .LVL196-.LVL189
 6682 0e69 26       		.uleb128 .LFE437-.LVL189
 6683 0e6a 01       		.uleb128 0x1
 6684 0e6b 50       		.byte	0x50
 6685 0e6c 00       		.byte	0
 6686              	.Ldebug_loc3:
 6687              		.section	.debug_aranges,"",%progbits
 6688 0000 34000000 		.4byte	0x34
 6689 0004 0200     		.2byte	0x2
 6690 0006 00000000 		.4byte	.Ldebug_info0
 6691 000a 04       		.byte	0x4
 6692 000b 00       		.byte	0
 6693 000c 0000     		.2byte	0
 6694 000e 0000     		.2byte	0
 6695 0010 00000000 		.4byte	.LFB434
 6696 0014 48040000 		.4byte	.LFE434-.LFB434
 6697 0018 00000000 		.4byte	.LFB435
 6698 001c 1C000000 		.4byte	.LFE435-.LFB435
 6699 0020 00000000 		.4byte	.LFB436
 6700 0024 5E000000 		.4byte	.LFE436-.LFB436
 6701 0028 00000000 		.4byte	.LFB437
 6702 002c 4C000000 		.4byte	.LFE437-.LFB437
 6703 0030 00000000 		.4byte	0
 6704 0034 00000000 		.4byte	0
 6705              		.section	.debug_rnglists,"",%progbits
 6706              	.Ldebug_ranges0:
 6707 0000 31000000 		.4byte	.Ldebug_ranges3-.Ldebug_ranges2
 6708              	.Ldebug_ranges2:
 6709 0004 0500     		.2byte	0x5
 6710 0006 04       		.byte	0x4
 6711 0007 00       		.byte	0
 6712 0008 00000000 		.4byte	0
 6713              	.LLRL39:
 6714 000c 05       		.byte	0x5
 6715 000d 08000000 		.4byte	.LBB22
 6716 0011 04       		.byte	0x4
 6717 0012 00       		.uleb128 .LBB22-.LBB22
 6718 0013 02       		.uleb128 .LBE22-.LBB22
 6719 0014 04       		.byte	0x4
 6720 0015 0A       		.uleb128 .LBB26-.LBB22
 6721 0016 2C       		.uleb128 .LBE26-.LBB22
 6722 0017 04       		.byte	0x4
 6723 0018 36       		.uleb128 .LBB27-.LBB22
ARM GAS  C:\Users\DEVELO~1\AppData\Local\Temp\cceKKU6r.s 			page 119


 6724 0019 4C       		.uleb128 .LBE27-.LBB22
 6725 001a 00       		.byte	0
 6726              	.LLRL53:
 6727 001b 07       		.byte	0x7
 6728 001c 00000000 		.4byte	.LFB434
 6729 0020 C808     		.uleb128 .LFE434-.LFB434
 6730 0022 07       		.byte	0x7
 6731 0023 00000000 		.4byte	.LFB435
 6732 0027 1C       		.uleb128 .LFE435-.LFB435
 6733 0028 07       		.byte	0x7
 6734 0029 00000000 		.4byte	.LFB436
 6735 002d 5E       		.uleb128 .LFE436-.LFB436
 6736 002e 07       		.byte	0x7
 6737 002f 00000000 		.4byte	.LFB437
 6738 0033 4C       		.uleb128 .LFE437-.LFB437
 6739 0034 00       		.byte	0
 6740              	.Ldebug_ranges3:
 6741              		.section	.debug_line,"",%progbits
 6742              	.Ldebug_line0:
 6743 0000 64080000 		.section	.debug_str,"MS",%progbits,1
 6743      0300E901 
 6743      00000201 
 6743      FB0E0D00 
 6743      01010101 
 6744              	.LASF31:
 6745 0000 73697A65 		.ascii	"size_wo_nul\000"
 6745      5F776F5F 
 6745      6E756C00 
 6746              	.LASF21:
 6747 000c 77726974 		.ascii	"write\000"
 6747      6500
 6748              	.LASF30:
 6749 0012 4D656D6F 		.ascii	"MemoryStream\000"
 6749      72795374 
 6749      7265616D 
 6749      00
 6750              	.LASF55:
 6751 001f 756E7369 		.ascii	"unsigned_common\000"
 6751      676E6564 
 6751      5F636F6D 
 6751      6D6F6E00 
 6752              	.LASF8:
 6753 002f 73686F72 		.ascii	"short int\000"
 6753      7420696E 
 6753      7400
 6754              	.LASF5:
 6755 0039 73697A65 		.ascii	"size_t\000"
 6755      5F7400
 6756              	.LASF23:
 6757 0040 42617365 		.ascii	"BaseSequentialStream\000"
 6757      53657175 
 6757      656E7469 
 6757      616C5374 
 6757      7265616D 
 6758              	.LASF35:
 6759 0055 666F726D 		.ascii	"formatted_bytes\000"
 6759      61747465 
ARM GAS  C:\Users\DEVELO~1\AppData\Local\Temp\cceKKU6r.s 			page 120


 6759      645F6279 
 6759      74657300 
 6760              	.LASF19:
 6761 0065 76615F6C 		.ascii	"va_list\000"
 6761      69737400 
 6762              	.LASF32:
 6763 006d 72657476 		.ascii	"retval\000"
 6763      616C00
 6764              	.LASF25:
 6765 0074 4D656D53 		.ascii	"MemStreamVMT\000"
 6765      74726561 
 6765      6D564D54 
 6765      00
 6766              	.LASF13:
 6767 0081 75696E74 		.ascii	"uint8_t\000"
 6767      385F7400 
 6768              	.LASF49:
 6769 0089 2E2E2F2E 		.ascii	"../../../os/hal/lib/streams/chprintf.c\000"
 6769      2E2F2E2E 
 6769      2F6F732F 
 6769      68616C2F 
 6769      6C69622F 
 6770              	.LASF39:
 6771 00b0 77696474 		.ascii	"width\000"
 6771      6800
 6772              	.LASF22:
 6773 00b6 72656164 		.ascii	"read\000"
 6773      00
 6774              	.LASF2:
 6775 00bb 6C6F6E67 		.ascii	"long long int\000"
 6775      206C6F6E 
 6775      6720696E 
 6775      7400
 6776              	.LASF20:
 6777 00c9 696E7374 		.ascii	"instance_offset\000"
 6777      616E6365 
 6777      5F6F6666 
 6777      73657400 
 6778              	.LASF41:
 6779 00d9 6C656674 		.ascii	"left_align\000"
 6779      5F616C69 
 6779      676E00
 6780              	.LASF29:
 6781 00e4 6F666673 		.ascii	"offset\000"
 6781      657400
 6782              	.LASF51:
 6783 00eb 5F5F7661 		.ascii	"__va_list\000"
 6783      5F6C6973 
 6783      7400
 6784              	.LASF6:
 6785 00f5 5F5F7569 		.ascii	"__uint8_t\000"
 6785      6E74385F 
 6785      7400
 6786              	.LASF42:
 6787 00ff 646F5F73 		.ascii	"do_sign\000"
 6787      69676E00 
 6788              	.LASF46:
ARM GAS  C:\Users\DEVELO~1\AppData\Local\Temp\cceKKU6r.s 			page 121


 6789 0107 6C6F6E67 		.ascii	"long_to_string_with_divisor\000"
 6789      5F746F5F 
 6789      73747269 
 6789      6E675F77 
 6789      6974685F 
 6790              	.LASF3:
 6791 0123 6C6F6E67 		.ascii	"long double\000"
 6791      20646F75 
 6791      626C6500 
 6792              	.LASF7:
 6793 012f 756E7369 		.ascii	"unsigned char\000"
 6793      676E6564 
 6793      20636861 
 6793      7200
 6794              	.LASF4:
 6795 013d 7369676E 		.ascii	"signed char\000"
 6795      65642063 
 6795      68617200 
 6796              	.LASF0:
 6797 0149 6C6F6E67 		.ascii	"long long unsigned int\000"
 6797      206C6F6E 
 6797      6720756E 
 6797      7369676E 
 6797      65642069 
 6798              	.LASF45:
 6799 0160 63685F6C 		.ascii	"ch_ltoa\000"
 6799      746F6100 
 6800              	.LASF1:
 6801 0168 756E7369 		.ascii	"unsigned int\000"
 6801      676E6564 
 6801      20696E74 
 6801      00
 6802              	.LASF50:
 6803 0175 433A5C50 		.ascii	"C:\\PROJET\\ChibiOS project\\ChibiOS_21.11.4\\demos"
 6803      524F4A45 
 6803      545C4368 
 6803      6962694F 
 6803      53207072 
 6804 01a4 5C53544D 		.ascii	"\\STM32\\RT-STM32H743ZI_REV_XY-NUCLEO144\000"
 6804      33325C52 
 6804      542D5354 
 6804      4D333248 
 6804      3734335A 
 6805              	.LASF43:
 6806 01cb 746D7062 		.ascii	"tmpbuf\000"
 6806      756600
 6807              	.LASF26:
 6808 01d2 756E6765 		.ascii	"unget\000"
 6808      7400
 6809              	.LASF44:
 6810 01d8 72616469 		.ascii	"radix\000"
 6810      7800
 6811              	.LASF9:
 6812 01de 73686F72 		.ascii	"short unsigned int\000"
 6812      7420756E 
 6812      7369676E 
 6812      65642069 
ARM GAS  C:\Users\DEVELO~1\AppData\Local\Temp\cceKKU6r.s 			page 122


 6812      6E7400
 6813              	.LASF52:
 6814 01f1 5F5F6170 		.ascii	"__ap\000"
 6814      00
 6815              	.LASF16:
 6816 01f6 63686172 		.ascii	"char\000"
 6816      00
 6817              	.LASF11:
 6818 01fb 6C6F6E67 		.ascii	"long int\000"
 6818      20696E74 
 6818      00
 6819              	.LASF14:
 6820 0204 696E7433 		.ascii	"int32_t\000"
 6820      325F7400 
 6821              	.LASF17:
 6822 020c 5F426F6F 		.ascii	"_Bool\000"
 6822      6C00
 6823              	.LASF34:
 6824 0212 63687072 		.ascii	"chprintf\000"
 6824      696E7466 
 6824      00
 6825              	.LASF27:
 6826 021b 62756666 		.ascii	"buffer\000"
 6826      657200
 6827              	.LASF12:
 6828 0222 6C6F6E67 		.ascii	"long unsigned int\000"
 6828      20756E73 
 6828      69676E65 
 6828      6420696E 
 6828      7400
 6829              	.LASF48:
 6830 0234 474E5520 		.ascii	"GNU C17 11.3.1 20220712 -mcpu=cortex-m7 -mthumb -mf"
 6830      43313720 
 6830      31312E33 
 6830      2E312032 
 6830      30323230 
 6831 0267 6C6F6174 		.ascii	"loat-abi=soft -march=armv7e-m -ggdb -O2 -fomit-fram"
 6831      2D616269 
 6831      3D736F66 
 6831      74202D6D 
 6831      61726368 
 6832 029a 652D706F 		.ascii	"e-pointer -falign-functions=16 -ffunction-sections "
 6832      696E7465 
 6832      72202D66 
 6832      616C6967 
 6832      6E2D6675 
 6833 02cd 2D666461 		.ascii	"-fdata-sections -fno-common\000"
 6833      74612D73 
 6833      65637469 
 6833      6F6E7320 
 6833      2D666E6F 
 6834              	.LASF28:
 6835 02e9 73697A65 		.ascii	"size\000"
 6835      00
 6836              	.LASF10:
 6837 02ee 5F5F696E 		.ascii	"__int32_t\000"
 6837      7433325F 
ARM GAS  C:\Users\DEVELO~1\AppData\Local\Temp\cceKKU6r.s 			page 123


 6837      7400
 6838              	.LASF37:
 6839 02f8 66696C6C 		.ascii	"filler\000"
 6839      657200
 6840              	.LASF54:
 6841 02ff 63687673 		.ascii	"chvsnprintf\000"
 6841      6E707269 
 6841      6E746600 
 6842              	.LASF40:
 6843 030b 69735F6C 		.ascii	"is_long\000"
 6843      6F6E6700 
 6844              	.LASF18:
 6845 0313 5F5F676E 		.ascii	"__gnuc_va_list\000"
 6845      75635F76 
 6845      615F6C69 
 6845      737400
 6846              	.LASF53:
 6847 0322 6D734F62 		.ascii	"msObjectInit\000"
 6847      6A656374 
 6847      496E6974 
 6847      00
 6848              	.LASF47:
 6849 032f 64697669 		.ascii	"divisor\000"
 6849      736F7200 
 6850              	.LASF15:
 6851 0337 6D73675F 		.ascii	"msg_t\000"
 6851      7400
 6852              	.LASF38:
 6853 033d 70726563 		.ascii	"precision\000"
 6853      6973696F 
 6853      6E00
 6854              	.LASF36:
 6855 0347 63687670 		.ascii	"chvprintf\000"
 6855      72696E74 
 6855      6600
 6856              	.LASF24:
 6857 0351 42617365 		.ascii	"BaseSequentialStreamVMT\000"
 6857      53657175 
 6857      656E7469 
 6857      616C5374 
 6857      7265616D 
 6858              	.LASF33:
 6859 0369 6368736E 		.ascii	"chsnprintf\000"
 6859      7072696E 
 6859      746600
 6860              		.ident	"GCC: (Arm GNU Toolchain 11.3.Rel1) 11.3.1 20220712"
ARM GAS  C:\Users\DEVELO~1\AppData\Local\Temp\cceKKU6r.s 			page 124


DEFINED SYMBOLS
                            *ABS*:00000000 chprintf.c
C:\Users\DEVELO~1\AppData\Local\Temp\cceKKU6r.s:18     .rodata.chvprintf.str1.4:00000000 $d
C:\Users\DEVELO~1\AppData\Local\Temp\cceKKU6r.s:22     .text.chvprintf:00000000 $t
C:\Users\DEVELO~1\AppData\Local\Temp\cceKKU6r.s:29     .text.chvprintf:00000000 chvprintf
C:\Users\DEVELO~1\AppData\Local\Temp\cceKKU6r.s:203    .text.chvprintf:00000090 $d
C:\Users\DEVELO~1\AppData\Local\Temp\cceKKU6r.s:257    .text.chvprintf:000000fa $t
C:\Users\DEVELO~1\AppData\Local\Temp\cceKKU6r.s:354    .text.chvprintf:00000154 $d
C:\Users\DEVELO~1\AppData\Local\Temp\cceKKU6r.s:408    .text.chvprintf:000001be $t
C:\Users\DEVELO~1\AppData\Local\Temp\cceKKU6r.s:1118   .text.chvprintf:00000440 $d
C:\Users\DEVELO~1\AppData\Local\Temp\cceKKU6r.s:1124   .text.chprintf:00000000 $t
C:\Users\DEVELO~1\AppData\Local\Temp\cceKKU6r.s:1131   .text.chprintf:00000000 chprintf
C:\Users\DEVELO~1\AppData\Local\Temp\cceKKU6r.s:1180   .text.chsnprintf:00000000 $t
C:\Users\DEVELO~1\AppData\Local\Temp\cceKKU6r.s:1187   .text.chsnprintf:00000000 chsnprintf
C:\Users\DEVELO~1\AppData\Local\Temp\cceKKU6r.s:1351   .text.chvsnprintf:00000000 $t
C:\Users\DEVELO~1\AppData\Local\Temp\cceKKU6r.s:1358   .text.chvsnprintf:00000000 chvsnprintf

UNDEFINED SYMBOLS
msObjectInit
