ARM GAS  C:\Users\DEVELO~1\AppData\Local\Temp\ccIRxm3d.s 			page 1


   1              		.cpu cortex-m7
   2              		.arch armv7e-m
   3              		.fpu softvfp
   4              		.eabi_attribute 20, 1
   5              		.eabi_attribute 21, 1
   6              		.eabi_attribute 23, 3
   7              		.eabi_attribute 24, 1
   8              		.eabi_attribute 25, 1
   9              		.eabi_attribute 26, 1
  10              		.eabi_attribute 30, 6
  11              		.eabi_attribute 34, 1
  12              		.eabi_attribute 18, 4
  13              		.file	"drv_display.c"
  14              		.text
  15              	.Ltext0:
  16              		.cfi_sections	.debug_frame
  17              		.section	.text.chThdGetSelfX,"ax",%progbits
  18              		.align	1
  19              		.syntax unified
  20              		.thumb
  21              		.thumb_func
  22              		.type	chThdGetSelfX, %function
  23              	chThdGetSelfX:
  24              	.LFB229:
  25              		.file 1 "../../../os/rt/include/chthreads.h"
  26              		.loc 1 341 45
  27              		.cfi_startproc
  28              		@ args = 0, pretend = 0, frame = 0
  29              		@ frame_needed = 1, uses_anonymous_args = 0
  30              		@ link register save eliminated.
  31 0000 80B4     		push	{r7}
  32              		.cfi_def_cfa_offset 4
  33              		.cfi_offset 7, -4
  34 0002 00AF     		add	r7, sp, #0
  35              		.cfi_def_cfa_register 7
  36              		.loc 1 343 10
  37 0004 024B     		ldr	r3, .L3
  38 0006 DB68     		ldr	r3, [r3, #12]
  39              		.loc 1 344 1
  40 0008 1846     		mov	r0, r3
  41 000a BD46     		mov	sp, r7
  42              		.cfi_def_cfa_register 13
  43              		@ sp needed
  44 000c 80BC     		pop	{r7}
  45              		.cfi_restore 7
  46              		.cfi_def_cfa_offset 0
  47 000e 7047     		bx	lr
  48              	.L4:
  49              		.align	2
  50              	.L3:
  51 0010 00000000 		.word	ch0
  52              		.cfi_endproc
  53              	.LFE229:
  54              		.size	chThdGetSelfX, .-chThdGetSelfX
  55              		.section	.text.chThdTerminatedX,"ax",%progbits
  56              		.align	1
  57              		.syntax unified
ARM GAS  C:\Users\DEVELO~1\AppData\Local\Temp\ccIRxm3d.s 			page 2


  58              		.thumb
  59              		.thumb_func
  60              		.type	chThdTerminatedX, %function
  61              	chThdTerminatedX:
  62              	.LFB232:
  63              		.loc 1 401 51
  64              		.cfi_startproc
  65              		@ args = 0, pretend = 0, frame = 8
  66              		@ frame_needed = 1, uses_anonymous_args = 0
  67              		@ link register save eliminated.
  68 0000 80B4     		push	{r7}
  69              		.cfi_def_cfa_offset 4
  70              		.cfi_offset 7, -4
  71 0002 83B0     		sub	sp, sp, #12
  72              		.cfi_def_cfa_offset 16
  73 0004 00AF     		add	r7, sp, #0
  74              		.cfi_def_cfa_register 7
  75 0006 7860     		str	r0, [r7, #4]
  76              		.loc 1 403 19
  77 0008 7B68     		ldr	r3, [r7, #4]
  78 000a 93F82430 		ldrb	r3, [r3, #36]	@ zero_extendqisi2
  79              		.loc 1 403 10
  80 000e 0F2B     		cmp	r3, #15
  81 0010 0CBF     		ite	eq
  82 0012 0123     		moveq	r3, #1
  83 0014 0023     		movne	r3, #0
  84 0016 DBB2     		uxtb	r3, r3
  85              		.loc 1 404 1
  86 0018 1846     		mov	r0, r3
  87 001a 0C37     		adds	r7, r7, #12
  88              		.cfi_def_cfa_offset 4
  89 001c BD46     		mov	sp, r7
  90              		.cfi_def_cfa_register 13
  91              		@ sp needed
  92 001e 80BC     		pop	{r7}
  93              		.cfi_restore 7
  94              		.cfi_def_cfa_offset 0
  95 0020 7047     		bx	lr
  96              		.cfi_endproc
  97              	.LFE232:
  98              		.size	chThdTerminatedX, .-chThdTerminatedX
  99              		.section	.text.chThdShouldTerminateX,"ax",%progbits
 100              		.align	1
 101              		.syntax unified
 102              		.thumb
 103              		.thumb_func
 104              		.type	chThdShouldTerminateX, %function
 105              	chThdShouldTerminateX:
 106              	.LFB233:
 107              		.loc 1 414 48
 108              		.cfi_startproc
 109              		@ args = 0, pretend = 0, frame = 0
 110              		@ frame_needed = 1, uses_anonymous_args = 0
 111 0000 80B5     		push	{r7, lr}
 112              		.cfi_def_cfa_offset 8
 113              		.cfi_offset 7, -8
 114              		.cfi_offset 14, -4
ARM GAS  C:\Users\DEVELO~1\AppData\Local\Temp\ccIRxm3d.s 			page 3


 115 0002 00AF     		add	r7, sp, #0
 116              		.cfi_def_cfa_register 7
 117              		.loc 1 416 18
 118 0004 FFF7FEFF 		bl	chThdGetSelfX
 119 0008 0346     		mov	r3, r0
 120              		.loc 1 416 33
 121 000a 93F82530 		ldrb	r3, [r3, #37]	@ zero_extendqisi2
 122              		.loc 1 416 41
 123 000e 03F00403 		and	r3, r3, #4
 124              		.loc 1 416 10
 125 0012 002B     		cmp	r3, #0
 126 0014 14BF     		ite	ne
 127 0016 0123     		movne	r3, #1
 128 0018 0023     		moveq	r3, #0
 129 001a DBB2     		uxtb	r3, r3
 130              		.loc 1 417 1
 131 001c 1846     		mov	r0, r3
 132 001e 80BD     		pop	{r7, pc}
 133              		.cfi_endproc
 134              	.LFE233:
 135              		.size	chThdShouldTerminateX, .-chThdShouldTerminateX
 136              		.section	.text.chRegSetThreadName,"ax",%progbits
 137              		.align	1
 138              		.syntax unified
 139              		.thumb
 140              		.thumb_func
 141              		.type	chRegSetThreadName, %function
 142              	chRegSetThreadName:
 143              	.LFB240:
 144              		.file 2 "../../../os/rt/include/chregistry.h"
 145              		.loc 2 165 57
 146              		.cfi_startproc
 147              		@ args = 0, pretend = 0, frame = 8
 148              		@ frame_needed = 1, uses_anonymous_args = 0
 149              		@ link register save eliminated.
 150 0000 80B4     		push	{r7}
 151              		.cfi_def_cfa_offset 4
 152              		.cfi_offset 7, -4
 153 0002 83B0     		sub	sp, sp, #12
 154              		.cfi_def_cfa_offset 16
 155 0004 00AF     		add	r7, sp, #0
 156              		.cfi_def_cfa_register 7
 157 0006 7860     		str	r0, [r7, #4]
 158              		.loc 2 168 3
 159 0008 044B     		ldr	r3, .L10
 160 000a DB68     		ldr	r3, [r3, #12]
 161              		.loc 2 168 32
 162 000c 7A68     		ldr	r2, [r7, #4]
 163 000e DA61     		str	r2, [r3, #28]
 164              		.loc 2 172 1
 165 0010 00BF     		nop
 166 0012 0C37     		adds	r7, r7, #12
 167              		.cfi_def_cfa_offset 4
 168 0014 BD46     		mov	sp, r7
 169              		.cfi_def_cfa_register 13
 170              		@ sp needed
 171 0016 80BC     		pop	{r7}
ARM GAS  C:\Users\DEVELO~1\AppData\Local\Temp\ccIRxm3d.s 			page 4


 172              		.cfi_restore 7
 173              		.cfi_def_cfa_offset 0
 174 0018 7047     		bx	lr
 175              	.L11:
 176 001a 00BF     		.align	2
 177              	.L10:
 178 001c 00000000 		.word	ch0
 179              		.cfi_endproc
 180              	.LFE240:
 181              		.size	chRegSetThreadName, .-chRegSetThreadName
 182              		.section	.rodata.spicfg,"a"
 183              		.align	2
 184              		.type	spicfg, %object
 185              		.size	spicfg, 28
 186              	spicfg:
 187 0000 00       		.byte	0
 188 0001 00       		.byte	0
 189 0002 0000     		.space	2
 190 0004 00000000 		.word	0
 191 0008 00000000 		.word	0
 192 000c 00000000 		.space	8
 192      00000000 
 193 0014 07000040 		.word	1073741831
 194 0018 00004004 		.word	71303168
 195              		.section	.bss.buffer,"aw",%nobits
 196              		.align	2
 197              		.type	buffer, %object
 198              		.size	buffer, 1024
 199              	buffer:
 200 0000 00000000 		.space	1024
 200      00000000 
 200      00000000 
 200      00000000 
 200      00000000 
 201              		.section	.bss.current_font,"aw",%nobits
 202              		.align	2
 203              		.type	current_font, %object
 204              		.size	current_font, 4
 205              	current_font:
 206 0000 00000000 		.space	4
 207              		.section	.bss.display_tp,"aw",%nobits
 208              		.align	2
 209              		.type	display_tp, %object
 210              		.size	display_tp, 4
 211              	display_tp:
 212 0000 00000000 		.space	4
 213              		.section	.text.cs_low,"ax",%progbits
 214              		.align	1
 215              		.syntax unified
 216              		.thumb
 217              		.thumb_func
 218              		.type	cs_low, %function
 219              	cs_low:
 220              	.LFB435:
 221              		.file 3 "drivers/drv_display.c"
 222              		.loc 3 39 34
 223              		.cfi_startproc
ARM GAS  C:\Users\DEVELO~1\AppData\Local\Temp\ccIRxm3d.s 			page 5


 224              		@ args = 0, pretend = 0, frame = 0
 225              		@ frame_needed = 1, uses_anonymous_args = 0
 226              		@ link register save eliminated.
 227 0000 80B4     		push	{r7}
 228              		.cfi_def_cfa_offset 4
 229              		.cfi_offset 7, -4
 230 0002 00AF     		add	r7, sp, #0
 231              		.cfi_def_cfa_register 7
 232              		.loc 3 39 36
 233 0004 034B     		ldr	r3, .L13
 234 0006 4022     		movs	r2, #64
 235 0008 5A83     		strh	r2, [r3, #26]	@ movhi
 236              		.loc 3 39 69
 237 000a 00BF     		nop
 238 000c BD46     		mov	sp, r7
 239              		.cfi_def_cfa_register 13
 240              		@ sp needed
 241 000e 80BC     		pop	{r7}
 242              		.cfi_restore 7
 243              		.cfi_def_cfa_offset 0
 244 0010 7047     		bx	lr
 245              	.L14:
 246 0012 00BF     		.align	2
 247              	.L13:
 248 0014 00200258 		.word	1476534272
 249              		.cfi_endproc
 250              	.LFE435:
 251              		.size	cs_low, .-cs_low
 252              		.section	.text.cs_high,"ax",%progbits
 253              		.align	1
 254              		.syntax unified
 255              		.thumb
 256              		.thumb_func
 257              		.type	cs_high, %function
 258              	cs_high:
 259              	.LFB436:
 260              		.loc 3 40 34
 261              		.cfi_startproc
 262              		@ args = 0, pretend = 0, frame = 0
 263              		@ frame_needed = 1, uses_anonymous_args = 0
 264              		@ link register save eliminated.
 265 0000 80B4     		push	{r7}
 266              		.cfi_def_cfa_offset 4
 267              		.cfi_offset 7, -4
 268 0002 00AF     		add	r7, sp, #0
 269              		.cfi_def_cfa_register 7
 270              		.loc 3 40 36
 271 0004 034B     		ldr	r3, .L16
 272 0006 4022     		movs	r2, #64
 273 0008 1A83     		strh	r2, [r3, #24]	@ movhi
 274              		.loc 3 40 69
 275 000a 00BF     		nop
 276 000c BD46     		mov	sp, r7
 277              		.cfi_def_cfa_register 13
 278              		@ sp needed
 279 000e 80BC     		pop	{r7}
 280              		.cfi_restore 7
ARM GAS  C:\Users\DEVELO~1\AppData\Local\Temp\ccIRxm3d.s 			page 6


 281              		.cfi_def_cfa_offset 0
 282 0010 7047     		bx	lr
 283              	.L17:
 284 0012 00BF     		.align	2
 285              	.L16:
 286 0014 00200258 		.word	1476534272
 287              		.cfi_endproc
 288              	.LFE436:
 289              		.size	cs_high, .-cs_high
 290              		.section	.text.dc_cmd,"ax",%progbits
 291              		.align	1
 292              		.syntax unified
 293              		.thumb
 294              		.thumb_func
 295              		.type	dc_cmd, %function
 296              	dc_cmd:
 297              	.LFB437:
 298              		.loc 3 41 34
 299              		.cfi_startproc
 300              		@ args = 0, pretend = 0, frame = 0
 301              		@ frame_needed = 1, uses_anonymous_args = 0
 302              		@ link register save eliminated.
 303 0000 80B4     		push	{r7}
 304              		.cfi_def_cfa_offset 4
 305              		.cfi_offset 7, -4
 306 0002 00AF     		add	r7, sp, #0
 307              		.cfi_def_cfa_register 7
 308              		.loc 3 41 36
 309 0004 034B     		ldr	r3, .L19
 310 0006 2022     		movs	r2, #32
 311 0008 5A83     		strh	r2, [r3, #26]	@ movhi
 312              		.loc 3 41 69
 313 000a 00BF     		nop
 314 000c BD46     		mov	sp, r7
 315              		.cfi_def_cfa_register 13
 316              		@ sp needed
 317 000e 80BC     		pop	{r7}
 318              		.cfi_restore 7
 319              		.cfi_def_cfa_offset 0
 320 0010 7047     		bx	lr
 321              	.L20:
 322 0012 00BF     		.align	2
 323              	.L19:
 324 0014 00200258 		.word	1476534272
 325              		.cfi_endproc
 326              	.LFE437:
 327              		.size	dc_cmd, .-dc_cmd
 328              		.section	.text.dc_data,"ax",%progbits
 329              		.align	1
 330              		.syntax unified
 331              		.thumb
 332              		.thumb_func
 333              		.type	dc_data, %function
 334              	dc_data:
 335              	.LFB438:
 336              		.loc 3 42 34
 337              		.cfi_startproc
ARM GAS  C:\Users\DEVELO~1\AppData\Local\Temp\ccIRxm3d.s 			page 7


 338              		@ args = 0, pretend = 0, frame = 0
 339              		@ frame_needed = 1, uses_anonymous_args = 0
 340              		@ link register save eliminated.
 341 0000 80B4     		push	{r7}
 342              		.cfi_def_cfa_offset 4
 343              		.cfi_offset 7, -4
 344 0002 00AF     		add	r7, sp, #0
 345              		.cfi_def_cfa_register 7
 346              		.loc 3 42 36
 347 0004 034B     		ldr	r3, .L22
 348 0006 2022     		movs	r2, #32
 349 0008 1A83     		strh	r2, [r3, #24]	@ movhi
 350              		.loc 3 42 69
 351 000a 00BF     		nop
 352 000c BD46     		mov	sp, r7
 353              		.cfi_def_cfa_register 13
 354              		@ sp needed
 355 000e 80BC     		pop	{r7}
 356              		.cfi_restore 7
 357              		.cfi_def_cfa_offset 0
 358 0010 7047     		bx	lr
 359              	.L23:
 360 0012 00BF     		.align	2
 361              	.L22:
 362 0014 00200258 		.word	1476534272
 363              		.cfi_endproc
 364              	.LFE438:
 365              		.size	dc_data, .-dc_data
 366              		.section	.text.send_cmd,"ax",%progbits
 367              		.align	1
 368              		.syntax unified
 369              		.thumb
 370              		.thumb_func
 371              		.type	send_cmd, %function
 372              	send_cmd:
 373              	.LFB439:
 374              		.loc 3 48 35
 375              		.cfi_startproc
 376              		@ args = 0, pretend = 0, frame = 8
 377              		@ frame_needed = 1, uses_anonymous_args = 0
 378 0000 80B5     		push	{r7, lr}
 379              		.cfi_def_cfa_offset 8
 380              		.cfi_offset 7, -8
 381              		.cfi_offset 14, -4
 382 0002 82B0     		sub	sp, sp, #8
 383              		.cfi_def_cfa_offset 16
 384 0004 00AF     		add	r7, sp, #0
 385              		.cfi_def_cfa_register 7
 386 0006 0346     		mov	r3, r0
 387 0008 FB71     		strb	r3, [r7, #7]
 388              		.loc 3 49 5
 389 000a FFF7FEFF 		bl	dc_cmd
 390              		.loc 3 50 5
 391 000e FFF7FEFF 		bl	cs_low
 392              		.loc 3 51 5
 393 0012 FB79     		ldrb	r3, [r7, #7]	@ zero_extendqisi2
 394 0014 1946     		mov	r1, r3
ARM GAS  C:\Users\DEVELO~1\AppData\Local\Temp\ccIRxm3d.s 			page 8


 395 0016 0448     		ldr	r0, .L25
 396 0018 FFF7FEFF 		bl	spi_lld_polled_exchange
 397              		.loc 3 52 5
 398 001c FFF7FEFF 		bl	cs_high
 399              		.loc 3 53 1
 400 0020 00BF     		nop
 401 0022 0837     		adds	r7, r7, #8
 402              		.cfi_def_cfa_offset 8
 403 0024 BD46     		mov	sp, r7
 404              		.cfi_def_cfa_register 13
 405              		@ sp needed
 406 0026 80BD     		pop	{r7, pc}
 407              	.L26:
 408              		.align	2
 409              	.L25:
 410 0028 00000000 		.word	SPID5
 411              		.cfi_endproc
 412              	.LFE439:
 413              		.size	send_cmd, .-send_cmd
 414              		.section	.text.send_data,"ax",%progbits
 415              		.align	1
 416              		.syntax unified
 417              		.thumb
 418              		.thumb_func
 419              		.type	send_data, %function
 420              	send_data:
 421              	.LFB440:
 422              		.loc 3 55 56
 423              		.cfi_startproc
 424              		@ args = 0, pretend = 0, frame = 16
 425              		@ frame_needed = 1, uses_anonymous_args = 0
 426 0000 80B5     		push	{r7, lr}
 427              		.cfi_def_cfa_offset 8
 428              		.cfi_offset 7, -8
 429              		.cfi_offset 14, -4
 430 0002 84B0     		sub	sp, sp, #16
 431              		.cfi_def_cfa_offset 24
 432 0004 00AF     		add	r7, sp, #0
 433              		.cfi_def_cfa_register 7
 434 0006 7860     		str	r0, [r7, #4]
 435 0008 3960     		str	r1, [r7]
 436              		.loc 3 56 5
 437 000a FFF7FEFF 		bl	dc_data
 438              	.LBB2:
 439              		.loc 3 57 17
 440 000e 0023     		movs	r3, #0
 441 0010 FB60     		str	r3, [r7, #12]
 442              		.loc 3 57 5
 443 0012 0EE0     		b	.L28
 444              	.L29:
 445              		.loc 3 58 9 discriminator 3
 446 0014 FFF7FEFF 		bl	cs_low
 447              		.loc 3 59 9 discriminator 3
 448 0018 7A68     		ldr	r2, [r7, #4]
 449 001a FB68     		ldr	r3, [r7, #12]
 450 001c 1344     		add	r3, r3, r2
 451 001e 1B78     		ldrb	r3, [r3]	@ zero_extendqisi2
ARM GAS  C:\Users\DEVELO~1\AppData\Local\Temp\ccIRxm3d.s 			page 9


 452 0020 1946     		mov	r1, r3
 453 0022 0848     		ldr	r0, .L30
 454 0024 FFF7FEFF 		bl	spi_lld_polled_exchange
 455              		.loc 3 60 9 discriminator 3
 456 0028 FFF7FEFF 		bl	cs_high
 457              		.loc 3 57 34 discriminator 3
 458 002c FB68     		ldr	r3, [r7, #12]
 459 002e 0133     		adds	r3, r3, #1
 460 0030 FB60     		str	r3, [r7, #12]
 461              	.L28:
 462              		.loc 3 57 26 discriminator 1
 463 0032 FA68     		ldr	r2, [r7, #12]
 464 0034 3B68     		ldr	r3, [r7]
 465 0036 9A42     		cmp	r2, r3
 466 0038 ECD3     		bcc	.L29
 467              	.LBE2:
 468              		.loc 3 62 1
 469 003a 00BF     		nop
 470 003c 00BF     		nop
 471 003e 1037     		adds	r7, r7, #16
 472              		.cfi_def_cfa_offset 8
 473 0040 BD46     		mov	sp, r7
 474              		.cfi_def_cfa_register 13
 475              		@ sp needed
 476 0042 80BD     		pop	{r7, pc}
 477              	.L31:
 478              		.align	2
 479              	.L30:
 480 0044 00000000 		.word	SPID5
 481              		.cfi_endproc
 482              	.LFE440:
 483              		.size	send_data, .-send_data
 484              		.section	.bss.display_dirty,"aw",%nobits
 485              		.type	display_dirty, %object
 486              		.size	display_dirty, 1
 487              	display_dirty:
 488 0000 00       		.space	1
 489              		.section	.bss.dirty_pages,"aw",%nobits
 490              		.type	dirty_pages, %object
 491              		.size	dirty_pages, 1
 492              	dirty_pages:
 493 0000 00       		.space	1
 494              		.section	.text.drv_display_get_buffer,"ax",%progbits
 495              		.align	1
 496              		.global	drv_display_get_buffer
 497              		.syntax unified
 498              		.thumb
 499              		.thumb_func
 500              		.type	drv_display_get_buffer, %function
 501              	drv_display_get_buffer:
 502              	.LFB441:
 503              		.loc 3 77 39
 504              		.cfi_startproc
 505              		@ args = 0, pretend = 0, frame = 0
 506              		@ frame_needed = 1, uses_anonymous_args = 0
 507              		@ link register save eliminated.
 508 0000 80B4     		push	{r7}
ARM GAS  C:\Users\DEVELO~1\AppData\Local\Temp\ccIRxm3d.s 			page 10


 509              		.cfi_def_cfa_offset 4
 510              		.cfi_offset 7, -4
 511 0002 00AF     		add	r7, sp, #0
 512              		.cfi_def_cfa_register 7
 513              		.loc 3 78 12
 514 0004 024B     		ldr	r3, .L34
 515              		.loc 3 79 1
 516 0006 1846     		mov	r0, r3
 517 0008 BD46     		mov	sp, r7
 518              		.cfi_def_cfa_register 13
 519              		@ sp needed
 520 000a 80BC     		pop	{r7}
 521              		.cfi_restore 7
 522              		.cfi_def_cfa_offset 0
 523 000c 7047     		bx	lr
 524              	.L35:
 525 000e 00BF     		.align	2
 526              	.L34:
 527 0010 00000000 		.word	buffer
 528              		.cfi_endproc
 529              	.LFE441:
 530              		.size	drv_display_get_buffer, .-drv_display_get_buffer
 531              		.section	.text.set_pixel,"ax",%progbits
 532              		.align	1
 533              		.syntax unified
 534              		.thumb
 535              		.thumb_func
 536              		.type	set_pixel, %function
 537              	set_pixel:
 538              	.LFB442:
 539              		.loc 3 85 53
 540              		.cfi_startproc
 541              		@ args = 0, pretend = 0, frame = 24
 542              		@ frame_needed = 1, uses_anonymous_args = 0
 543              		@ link register save eliminated.
 544 0000 80B4     		push	{r7}
 545              		.cfi_def_cfa_offset 4
 546              		.cfi_offset 7, -4
 547 0002 87B0     		sub	sp, sp, #28
 548              		.cfi_def_cfa_offset 32
 549 0004 00AF     		add	r7, sp, #0
 550              		.cfi_def_cfa_register 7
 551 0006 F860     		str	r0, [r7, #12]
 552 0008 B960     		str	r1, [r7, #8]
 553 000a 1346     		mov	r3, r2
 554 000c FB71     		strb	r3, [r7, #7]
 555              		.loc 3 86 8
 556 000e FB68     		ldr	r3, [r7, #12]
 557 0010 002B     		cmp	r3, #0
 558 0012 4FDB     		blt	.L42
 559              		.loc 3 86 15 discriminator 1
 560 0014 FB68     		ldr	r3, [r7, #12]
 561 0016 7F2B     		cmp	r3, #127
 562 0018 4CDC     		bgt	.L42
 563              		.loc 3 86 40 discriminator 2
 564 001a BB68     		ldr	r3, [r7, #8]
 565 001c 002B     		cmp	r3, #0
ARM GAS  C:\Users\DEVELO~1\AppData\Local\Temp\ccIRxm3d.s 			page 11


 566 001e 49DB     		blt	.L42
 567              		.loc 3 86 49 discriminator 3
 568 0020 BB68     		ldr	r3, [r7, #8]
 569 0022 3F2B     		cmp	r3, #63
 570 0024 46DC     		bgt	.L42
 571              		.loc 3 89 30
 572 0026 BB68     		ldr	r3, [r7, #8]
 573 0028 DB10     		asrs	r3, r3, #3
 574              		.loc 3 89 36
 575 002a DB01     		lsls	r3, r3, #7
 576              		.loc 3 89 15
 577 002c FA68     		ldr	r2, [r7, #12]
 578 002e 1344     		add	r3, r3, r2
 579 0030 7B61     		str	r3, [r7, #20]
 580              		.loc 3 90 45
 581 0032 BB68     		ldr	r3, [r7, #8]
 582 0034 03F00703 		and	r3, r3, #7
 583              		.loc 3 90 39
 584 0038 0122     		movs	r2, #1
 585 003a 02FA03F3 		lsl	r3, r2, r3
 586              		.loc 3 90 19
 587 003e FB74     		strb	r3, [r7, #19]
 588              		.loc 3 92 13
 589 0040 1F4A     		ldr	r2, .L43
 590 0042 7B69     		ldr	r3, [r7, #20]
 591 0044 1344     		add	r3, r3, r2
 592 0046 1B78     		ldrb	r3, [r3]
 593 0048 BB74     		strb	r3, [r7, #18]
 594              		.loc 3 94 8
 595 004a FB79     		ldrb	r3, [r7, #7]	@ zero_extendqisi2
 596 004c 002B     		cmp	r3, #0
 597 004e 0CD0     		beq	.L40
 598              		.loc 3 94 27 discriminator 1
 599 0050 1B4A     		ldr	r2, .L43
 600 0052 7B69     		ldr	r3, [r7, #20]
 601 0054 1344     		add	r3, r3, r2
 602 0056 1A78     		ldrb	r2, [r3]	@ zero_extendqisi2
 603 0058 FB7C     		ldrb	r3, [r7, #19]
 604 005a 1343     		orrs	r3, r3, r2
 605 005c D9B2     		uxtb	r1, r3
 606 005e 184A     		ldr	r2, .L43
 607 0060 7B69     		ldr	r3, [r7, #20]
 608 0062 1344     		add	r3, r3, r2
 609 0064 0A46     		mov	r2, r1
 610 0066 1A70     		strb	r2, [r3]
 611 0068 0DE0     		b	.L41
 612              	.L40:
 613              		.loc 3 95 27
 614 006a 154A     		ldr	r2, .L43
 615 006c 7B69     		ldr	r3, [r7, #20]
 616 006e 1344     		add	r3, r3, r2
 617 0070 1A78     		ldrb	r2, [r3]	@ zero_extendqisi2
 618              		.loc 3 95 30
 619 0072 FB7C     		ldrb	r3, [r7, #19]
 620 0074 DB43     		mvns	r3, r3
 621 0076 DBB2     		uxtb	r3, r3
 622              		.loc 3 95 27
ARM GAS  C:\Users\DEVELO~1\AppData\Local\Temp\ccIRxm3d.s 			page 12


 623 0078 1340     		ands	r3, r3, r2
 624 007a D9B2     		uxtb	r1, r3
 625 007c 104A     		ldr	r2, .L43
 626 007e 7B69     		ldr	r3, [r7, #20]
 627 0080 1344     		add	r3, r3, r2
 628 0082 0A46     		mov	r2, r1
 629 0084 1A70     		strb	r2, [r3]
 630              	.L41:
 631              		.loc 3 98 15
 632 0086 0E4A     		ldr	r2, .L43
 633 0088 7B69     		ldr	r3, [r7, #20]
 634 008a 1344     		add	r3, r3, r2
 635 008c 1B78     		ldrb	r3, [r3]	@ zero_extendqisi2
 636              		.loc 3 98 8
 637 008e BA7C     		ldrb	r2, [r7, #18]	@ zero_extendqisi2
 638 0090 9A42     		cmp	r2, r3
 639 0092 10D0     		beq	.L36
 640              		.loc 3 99 23
 641 0094 0B4B     		ldr	r3, .L43+4
 642 0096 0122     		movs	r2, #1
 643 0098 1A70     		strb	r2, [r3]
 644              		.loc 3 100 34
 645 009a BB68     		ldr	r3, [r7, #8]
 646 009c DB10     		asrs	r3, r3, #3
 647              		.loc 3 100 28
 648 009e 0122     		movs	r2, #1
 649 00a0 02FA03F3 		lsl	r3, r2, r3
 650              		.loc 3 100 21
 651 00a4 DAB2     		uxtb	r2, r3
 652 00a6 084B     		ldr	r3, .L43+8
 653 00a8 1B78     		ldrb	r3, [r3]	@ zero_extendqisi2
 654 00aa 1343     		orrs	r3, r3, r2
 655 00ac DAB2     		uxtb	r2, r3
 656 00ae 064B     		ldr	r3, .L43+8
 657 00b0 1A70     		strb	r2, [r3]
 658 00b2 00E0     		b	.L36
 659              	.L42:
 660              		.loc 3 87 9
 661 00b4 00BF     		nop
 662              	.L36:
 663              		.loc 3 102 1
 664 00b6 1C37     		adds	r7, r7, #28
 665              		.cfi_def_cfa_offset 4
 666 00b8 BD46     		mov	sp, r7
 667              		.cfi_def_cfa_register 13
 668              		@ sp needed
 669 00ba 80BC     		pop	{r7}
 670              		.cfi_restore 7
 671              		.cfi_def_cfa_offset 0
 672 00bc 7047     		bx	lr
 673              	.L44:
 674 00be 00BF     		.align	2
 675              	.L43:
 676 00c0 00000000 		.word	buffer
 677 00c4 00000000 		.word	display_dirty
 678 00c8 00000000 		.word	dirty_pages
 679              		.cfi_endproc
ARM GAS  C:\Users\DEVELO~1\AppData\Local\Temp\ccIRxm3d.s 			page 13


 680              	.LFE442:
 681              		.size	set_pixel, .-set_pixel
 682              		.section	.text.drv_display_draw_pixel,"ax",%progbits
 683              		.align	1
 684              		.global	drv_display_draw_pixel
 685              		.syntax unified
 686              		.thumb
 687              		.thumb_func
 688              		.type	drv_display_draw_pixel, %function
 689              	drv_display_draw_pixel:
 690              	.LFB443:
 691              		.loc 3 104 52
 692              		.cfi_startproc
 693              		@ args = 0, pretend = 0, frame = 16
 694              		@ frame_needed = 1, uses_anonymous_args = 0
 695 0000 80B5     		push	{r7, lr}
 696              		.cfi_def_cfa_offset 8
 697              		.cfi_offset 7, -8
 698              		.cfi_offset 14, -4
 699 0002 84B0     		sub	sp, sp, #16
 700              		.cfi_def_cfa_offset 24
 701 0004 00AF     		add	r7, sp, #0
 702              		.cfi_def_cfa_register 7
 703 0006 F860     		str	r0, [r7, #12]
 704 0008 B960     		str	r1, [r7, #8]
 705 000a 1346     		mov	r3, r2
 706 000c FB71     		strb	r3, [r7, #7]
 707              		.loc 3 105 5
 708 000e FB79     		ldrb	r3, [r7, #7]	@ zero_extendqisi2
 709 0010 1A46     		mov	r2, r3
 710 0012 B968     		ldr	r1, [r7, #8]
 711 0014 F868     		ldr	r0, [r7, #12]
 712 0016 FFF7FEFF 		bl	set_pixel
 713              		.loc 3 106 1
 714 001a 00BF     		nop
 715 001c 1037     		adds	r7, r7, #16
 716              		.cfi_def_cfa_offset 8
 717 001e BD46     		mov	sp, r7
 718              		.cfi_def_cfa_register 13
 719              		@ sp needed
 720 0020 80BD     		pop	{r7, pc}
 721              		.cfi_endproc
 722              	.LFE443:
 723              		.size	drv_display_draw_pixel, .-drv_display_draw_pixel
 724              		.section	.text.drv_display_draw_rect,"ax",%progbits
 725              		.align	1
 726              		.global	drv_display_draw_rect
 727              		.syntax unified
 728              		.thumb
 729              		.thumb_func
 730              		.type	drv_display_draw_rect, %function
 731              	drv_display_draw_rect:
 732              	.LFB444:
 733              		.loc 3 108 56
 734              		.cfi_startproc
 735              		@ args = 0, pretend = 0, frame = 24
 736              		@ frame_needed = 1, uses_anonymous_args = 0
ARM GAS  C:\Users\DEVELO~1\AppData\Local\Temp\ccIRxm3d.s 			page 14


 737 0000 80B5     		push	{r7, lr}
 738              		.cfi_def_cfa_offset 8
 739              		.cfi_offset 7, -8
 740              		.cfi_offset 14, -4
 741 0002 86B0     		sub	sp, sp, #24
 742              		.cfi_def_cfa_offset 32
 743 0004 00AF     		add	r7, sp, #0
 744              		.cfi_def_cfa_register 7
 745 0006 F860     		str	r0, [r7, #12]
 746 0008 B960     		str	r1, [r7, #8]
 747 000a 7A60     		str	r2, [r7, #4]
 748 000c 3B60     		str	r3, [r7]
 749              		.loc 3 110 8
 750 000e 7B68     		ldr	r3, [r7, #4]
 751 0010 002B     		cmp	r3, #0
 752 0012 3DDD     		ble	.L54
 753              		.loc 3 110 16 discriminator 1
 754 0014 3B68     		ldr	r3, [r7]
 755 0016 002B     		cmp	r3, #0
 756 0018 3ADD     		ble	.L54
 757              	.LBB3:
 758              		.loc 3 114 14
 759 001a 0023     		movs	r3, #0
 760 001c 7B61     		str	r3, [r7, #20]
 761              		.loc 3 114 5
 762 001e 15E0     		b	.L50
 763              	.L51:
 764              		.loc 3 115 9 discriminator 3
 765 0020 FA68     		ldr	r2, [r7, #12]
 766 0022 7B69     		ldr	r3, [r7, #20]
 767 0024 1344     		add	r3, r3, r2
 768 0026 0122     		movs	r2, #1
 769 0028 B968     		ldr	r1, [r7, #8]
 770 002a 1846     		mov	r0, r3
 771 002c FFF7FEFF 		bl	drv_display_draw_pixel
 772              		.loc 3 116 9 discriminator 3
 773 0030 FA68     		ldr	r2, [r7, #12]
 774 0032 7B69     		ldr	r3, [r7, #20]
 775 0034 D018     		adds	r0, r2, r3
 776              		.loc 3 116 42 discriminator 3
 777 0036 BA68     		ldr	r2, [r7, #8]
 778 0038 3B68     		ldr	r3, [r7]
 779 003a 1344     		add	r3, r3, r2
 780              		.loc 3 116 9 discriminator 3
 781 003c 013B     		subs	r3, r3, #1
 782 003e 0122     		movs	r2, #1
 783 0040 1946     		mov	r1, r3
 784 0042 FFF7FEFF 		bl	drv_display_draw_pixel
 785              		.loc 3 114 32 discriminator 3
 786 0046 7B69     		ldr	r3, [r7, #20]
 787 0048 0133     		adds	r3, r3, #1
 788 004a 7B61     		str	r3, [r7, #20]
 789              	.L50:
 790              		.loc 3 114 25 discriminator 1
 791 004c 7A69     		ldr	r2, [r7, #20]
 792 004e 7B68     		ldr	r3, [r7, #4]
 793 0050 9A42     		cmp	r2, r3
ARM GAS  C:\Users\DEVELO~1\AppData\Local\Temp\ccIRxm3d.s 			page 15


 794 0052 E5DB     		blt	.L51
 795              	.LBE3:
 796              	.LBB4:
 797              		.loc 3 120 14
 798 0054 0023     		movs	r3, #0
 799 0056 3B61     		str	r3, [r7, #16]
 800              		.loc 3 120 5
 801 0058 15E0     		b	.L52
 802              	.L53:
 803              		.loc 3 121 9 discriminator 3
 804 005a BA68     		ldr	r2, [r7, #8]
 805 005c 3B69     		ldr	r3, [r7, #16]
 806 005e 1344     		add	r3, r3, r2
 807 0060 0122     		movs	r2, #1
 808 0062 1946     		mov	r1, r3
 809 0064 F868     		ldr	r0, [r7, #12]
 810 0066 FFF7FEFF 		bl	drv_display_draw_pixel
 811              		.loc 3 122 34 discriminator 3
 812 006a FA68     		ldr	r2, [r7, #12]
 813 006c 7B68     		ldr	r3, [r7, #4]
 814 006e 1344     		add	r3, r3, r2
 815              		.loc 3 122 9 discriminator 3
 816 0070 581E     		subs	r0, r3, #1
 817 0072 BA68     		ldr	r2, [r7, #8]
 818 0074 3B69     		ldr	r3, [r7, #16]
 819 0076 1344     		add	r3, r3, r2
 820 0078 0122     		movs	r2, #1
 821 007a 1946     		mov	r1, r3
 822 007c FFF7FEFF 		bl	drv_display_draw_pixel
 823              		.loc 3 120 32 discriminator 3
 824 0080 3B69     		ldr	r3, [r7, #16]
 825 0082 0133     		adds	r3, r3, #1
 826 0084 3B61     		str	r3, [r7, #16]
 827              	.L52:
 828              		.loc 3 120 25 discriminator 1
 829 0086 3A69     		ldr	r2, [r7, #16]
 830 0088 3B68     		ldr	r3, [r7]
 831 008a 9A42     		cmp	r2, r3
 832 008c E5DB     		blt	.L53
 833 008e 00E0     		b	.L46
 834              	.L54:
 835              	.LBE4:
 836              		.loc 3 111 9
 837 0090 00BF     		nop
 838              	.L46:
 839              		.loc 3 124 1
 840 0092 1837     		adds	r7, r7, #24
 841              		.cfi_def_cfa_offset 8
 842 0094 BD46     		mov	sp, r7
 843              		.cfi_def_cfa_register 13
 844              		@ sp needed
 845 0096 80BD     		pop	{r7, pc}
 846              		.cfi_endproc
 847              	.LFE444:
 848              		.size	drv_display_draw_rect, .-drv_display_draw_rect
 849              		.section	.text.drv_display_fill_rect,"ax",%progbits
 850              		.align	1
ARM GAS  C:\Users\DEVELO~1\AppData\Local\Temp\ccIRxm3d.s 			page 16


 851              		.global	drv_display_fill_rect
 852              		.syntax unified
 853              		.thumb
 854              		.thumb_func
 855              		.type	drv_display_fill_rect, %function
 856              	drv_display_fill_rect:
 857              	.LFB445:
 858              		.loc 3 126 56
 859              		.cfi_startproc
 860              		@ args = 0, pretend = 0, frame = 24
 861              		@ frame_needed = 1, uses_anonymous_args = 0
 862 0000 80B5     		push	{r7, lr}
 863              		.cfi_def_cfa_offset 8
 864              		.cfi_offset 7, -8
 865              		.cfi_offset 14, -4
 866 0002 86B0     		sub	sp, sp, #24
 867              		.cfi_def_cfa_offset 32
 868 0004 00AF     		add	r7, sp, #0
 869              		.cfi_def_cfa_register 7
 870 0006 F860     		str	r0, [r7, #12]
 871 0008 B960     		str	r1, [r7, #8]
 872 000a 7A60     		str	r2, [r7, #4]
 873 000c 3B60     		str	r3, [r7]
 874              		.loc 3 128 8
 875 000e 7B68     		ldr	r3, [r7, #4]
 876 0010 002B     		cmp	r3, #0
 877 0012 21DD     		ble	.L63
 878              		.loc 3 128 16 discriminator 1
 879 0014 3B68     		ldr	r3, [r7]
 880 0016 002B     		cmp	r3, #0
 881 0018 1EDD     		ble	.L63
 882              	.LBB5:
 883              		.loc 3 131 14
 884 001a 0023     		movs	r3, #0
 885 001c 7B61     		str	r3, [r7, #20]
 886              		.loc 3 131 5
 887 001e 16E0     		b	.L59
 888              	.L62:
 889              	.LBB6:
 890              		.loc 3 132 18
 891 0020 0023     		movs	r3, #0
 892 0022 3B61     		str	r3, [r7, #16]
 893              		.loc 3 132 9
 894 0024 0CE0     		b	.L60
 895              	.L61:
 896              		.loc 3 133 13 discriminator 3
 897 0026 FA68     		ldr	r2, [r7, #12]
 898 0028 3B69     		ldr	r3, [r7, #16]
 899 002a D018     		adds	r0, r2, r3
 900 002c BA68     		ldr	r2, [r7, #8]
 901 002e 7B69     		ldr	r3, [r7, #20]
 902 0030 1344     		add	r3, r3, r2
 903 0032 0122     		movs	r2, #1
 904 0034 1946     		mov	r1, r3
 905 0036 FFF7FEFF 		bl	drv_display_draw_pixel
 906              		.loc 3 132 36 discriminator 3
 907 003a 3B69     		ldr	r3, [r7, #16]
ARM GAS  C:\Users\DEVELO~1\AppData\Local\Temp\ccIRxm3d.s 			page 17


 908 003c 0133     		adds	r3, r3, #1
 909 003e 3B61     		str	r3, [r7, #16]
 910              	.L60:
 911              		.loc 3 132 29 discriminator 1
 912 0040 3A69     		ldr	r2, [r7, #16]
 913 0042 7B68     		ldr	r3, [r7, #4]
 914 0044 9A42     		cmp	r2, r3
 915 0046 EEDB     		blt	.L61
 916              	.LBE6:
 917              		.loc 3 131 32 discriminator 2
 918 0048 7B69     		ldr	r3, [r7, #20]
 919 004a 0133     		adds	r3, r3, #1
 920 004c 7B61     		str	r3, [r7, #20]
 921              	.L59:
 922              		.loc 3 131 25 discriminator 1
 923 004e 7A69     		ldr	r2, [r7, #20]
 924 0050 3B68     		ldr	r3, [r7]
 925 0052 9A42     		cmp	r2, r3
 926 0054 E4DB     		blt	.L62
 927 0056 00E0     		b	.L55
 928              	.L63:
 929              	.LBE5:
 930              		.loc 3 129 9
 931 0058 00BF     		nop
 932              	.L55:
 933              		.loc 3 136 1
 934 005a 1837     		adds	r7, r7, #24
 935              		.cfi_def_cfa_offset 8
 936 005c BD46     		mov	sp, r7
 937              		.cfi_def_cfa_register 13
 938              		@ sp needed
 939 005e 80BD     		pop	{r7, pc}
 940              		.cfi_endproc
 941              	.LFE445:
 942              		.size	drv_display_fill_rect, .-drv_display_fill_rect
 943              		.section	.text.drv_display_clear_rect,"ax",%progbits
 944              		.align	1
 945              		.global	drv_display_clear_rect
 946              		.syntax unified
 947              		.thumb
 948              		.thumb_func
 949              		.type	drv_display_clear_rect, %function
 950              	drv_display_clear_rect:
 951              	.LFB446:
 952              		.loc 3 139 57
 953              		.cfi_startproc
 954              		@ args = 0, pretend = 0, frame = 24
 955              		@ frame_needed = 1, uses_anonymous_args = 0
 956 0000 80B5     		push	{r7, lr}
 957              		.cfi_def_cfa_offset 8
 958              		.cfi_offset 7, -8
 959              		.cfi_offset 14, -4
 960 0002 86B0     		sub	sp, sp, #24
 961              		.cfi_def_cfa_offset 32
 962 0004 00AF     		add	r7, sp, #0
 963              		.cfi_def_cfa_register 7
 964 0006 F860     		str	r0, [r7, #12]
ARM GAS  C:\Users\DEVELO~1\AppData\Local\Temp\ccIRxm3d.s 			page 18


 965 0008 B960     		str	r1, [r7, #8]
 966 000a 7A60     		str	r2, [r7, #4]
 967 000c 3B60     		str	r3, [r7]
 968              		.loc 3 141 8
 969 000e 7B68     		ldr	r3, [r7, #4]
 970 0010 002B     		cmp	r3, #0
 971 0012 21DD     		ble	.L72
 972              		.loc 3 141 16 discriminator 1
 973 0014 3B68     		ldr	r3, [r7]
 974 0016 002B     		cmp	r3, #0
 975 0018 1EDD     		ble	.L72
 976              	.LBB7:
 977              		.loc 3 144 14
 978 001a 0023     		movs	r3, #0
 979 001c 7B61     		str	r3, [r7, #20]
 980              		.loc 3 144 5
 981 001e 16E0     		b	.L68
 982              	.L71:
 983              	.LBB8:
 984              		.loc 3 145 18
 985 0020 0023     		movs	r3, #0
 986 0022 3B61     		str	r3, [r7, #16]
 987              		.loc 3 145 9
 988 0024 0CE0     		b	.L69
 989              	.L70:
 990              		.loc 3 146 13 discriminator 3
 991 0026 FA68     		ldr	r2, [r7, #12]
 992 0028 3B69     		ldr	r3, [r7, #16]
 993 002a D018     		adds	r0, r2, r3
 994 002c BA68     		ldr	r2, [r7, #8]
 995 002e 7B69     		ldr	r3, [r7, #20]
 996 0030 1344     		add	r3, r3, r2
 997 0032 0022     		movs	r2, #0
 998 0034 1946     		mov	r1, r3
 999 0036 FFF7FEFF 		bl	drv_display_draw_pixel
 1000              		.loc 3 145 36 discriminator 3
 1001 003a 3B69     		ldr	r3, [r7, #16]
 1002 003c 0133     		adds	r3, r3, #1
 1003 003e 3B61     		str	r3, [r7, #16]
 1004              	.L69:
 1005              		.loc 3 145 29 discriminator 1
 1006 0040 3A69     		ldr	r2, [r7, #16]
 1007 0042 7B68     		ldr	r3, [r7, #4]
 1008 0044 9A42     		cmp	r2, r3
 1009 0046 EEDB     		blt	.L70
 1010              	.LBE8:
 1011              		.loc 3 144 32 discriminator 2
 1012 0048 7B69     		ldr	r3, [r7, #20]
 1013 004a 0133     		adds	r3, r3, #1
 1014 004c 7B61     		str	r3, [r7, #20]
 1015              	.L68:
 1016              		.loc 3 144 25 discriminator 1
 1017 004e 7A69     		ldr	r2, [r7, #20]
 1018 0050 3B68     		ldr	r3, [r7]
 1019 0052 9A42     		cmp	r2, r3
 1020 0054 E4DB     		blt	.L71
 1021 0056 00E0     		b	.L64
ARM GAS  C:\Users\DEVELO~1\AppData\Local\Temp\ccIRxm3d.s 			page 19


 1022              	.L72:
 1023              	.LBE7:
 1024              		.loc 3 142 9
 1025 0058 00BF     		nop
 1026              	.L64:
 1027              		.loc 3 149 1
 1028 005a 1837     		adds	r7, r7, #24
 1029              		.cfi_def_cfa_offset 8
 1030 005c BD46     		mov	sp, r7
 1031              		.cfi_def_cfa_register 13
 1032              		@ sp needed
 1033 005e 80BD     		pop	{r7, pc}
 1034              		.cfi_endproc
 1035              	.LFE446:
 1036              		.size	drv_display_clear_rect, .-drv_display_clear_rect
 1037              		.section	.text.drv_display_init,"ax",%progbits
 1038              		.align	1
 1039              		.global	drv_display_init
 1040              		.syntax unified
 1041              		.thumb
 1042              		.thumb_func
 1043              		.type	drv_display_init, %function
 1044              	drv_display_init:
 1045              	.LFB447:
 1046              		.loc 3 157 29
 1047              		.cfi_startproc
 1048              		@ args = 0, pretend = 0, frame = 0
 1049              		@ frame_needed = 1, uses_anonymous_args = 0
 1050 0000 80B5     		push	{r7, lr}
 1051              		.cfi_def_cfa_offset 8
 1052              		.cfi_offset 7, -8
 1053              		.cfi_offset 14, -4
 1054 0002 00AF     		add	r7, sp, #0
 1055              		.cfi_def_cfa_register 7
 1056              		.loc 3 160 5
 1057 0004 0122     		movs	r2, #1
 1058 0006 4021     		movs	r1, #64
 1059 0008 3A48     		ldr	r0, .L74
 1060 000a FFF7FEFF 		bl	_pal_lld_setgroupmode
 1061              		.loc 3 161 5
 1062 000e 0122     		movs	r2, #1
 1063 0010 2021     		movs	r1, #32
 1064 0012 3848     		ldr	r0, .L74
 1065 0014 FFF7FEFF 		bl	_pal_lld_setgroupmode
 1066              		.loc 3 162 5
 1067 0018 0122     		movs	r2, #1
 1068 001a 1021     		movs	r1, #16
 1069 001c 3548     		ldr	r0, .L74
 1070 001e FFF7FEFF 		bl	_pal_lld_setgroupmode
 1071              		.loc 3 164 5
 1072 0022 FFF7FEFF 		bl	cs_high
 1073              		.loc 3 165 5
 1074 0026 FFF7FEFF 		bl	dc_data
 1075              		.loc 3 166 5
 1076 002a 324B     		ldr	r3, .L74
 1077 002c 1022     		movs	r2, #16
 1078 002e 1A83     		strh	r2, [r3, #24]	@ movhi
ARM GAS  C:\Users\DEVELO~1\AppData\Local\Temp\ccIRxm3d.s 			page 20


 1079              		.loc 3 169 5
 1080 0030 40F29A22 		movw	r2, #666
 1081 0034 8021     		movs	r1, #128
 1082 0036 3048     		ldr	r0, .L74+4
 1083 0038 FFF7FEFF 		bl	_pal_lld_setgroupmode
 1084              		.loc 3 170 5
 1085 003c 40F29A22 		movw	r2, #666
 1086 0040 4FF48071 		mov	r1, #256
 1087 0044 2C48     		ldr	r0, .L74+4
 1088 0046 FFF7FEFF 		bl	_pal_lld_setgroupmode
 1089              		.loc 3 171 5
 1090 004a 40F29A22 		movw	r2, #666
 1091 004e 4FF40071 		mov	r1, #512
 1092 0052 2948     		ldr	r0, .L74+4
 1093 0054 FFF7FEFF 		bl	_pal_lld_setgroupmode
 1094              		.loc 3 173 5
 1095 0058 2849     		ldr	r1, .L74+8
 1096 005a 2948     		ldr	r0, .L74+12
 1097 005c FFF7FEFF 		bl	spiStart
 1098              		.loc 3 176 5
 1099 0060 244B     		ldr	r3, .L74
 1100 0062 1022     		movs	r2, #16
 1101 0064 5A83     		strh	r2, [r3, #26]	@ movhi
 1102              		.loc 3 177 5
 1103 0066 4FF4FA70 		mov	r0, #500
 1104 006a FFF7FEFF 		bl	chThdSleep
 1105              		.loc 3 178 5
 1106 006e 214B     		ldr	r3, .L74
 1107 0070 1022     		movs	r2, #16
 1108 0072 1A83     		strh	r2, [r3, #24]	@ movhi
 1109              		.loc 3 179 5
 1110 0074 4FF4FA70 		mov	r0, #500
 1111 0078 FFF7FEFF 		bl	chThdSleep
 1112              		.loc 3 182 5
 1113 007c AE20     		movs	r0, #174
 1114 007e FFF7FEFF 		bl	send_cmd
 1115              		.loc 3 183 5
 1116 0082 D520     		movs	r0, #213
 1117 0084 FFF7FEFF 		bl	send_cmd
 1118              		.loc 3 183 21
 1119 0088 8020     		movs	r0, #128
 1120 008a FFF7FEFF 		bl	send_cmd
 1121              		.loc 3 184 5
 1122 008e A820     		movs	r0, #168
 1123 0090 FFF7FEFF 		bl	send_cmd
 1124              		.loc 3 184 21
 1125 0094 3F20     		movs	r0, #63
 1126 0096 FFF7FEFF 		bl	send_cmd
 1127              		.loc 3 185 5
 1128 009a D320     		movs	r0, #211
 1129 009c FFF7FEFF 		bl	send_cmd
 1130              		.loc 3 185 21
 1131 00a0 0020     		movs	r0, #0
 1132 00a2 FFF7FEFF 		bl	send_cmd
 1133              		.loc 3 186 5
 1134 00a6 4020     		movs	r0, #64
 1135 00a8 FFF7FEFF 		bl	send_cmd
ARM GAS  C:\Users\DEVELO~1\AppData\Local\Temp\ccIRxm3d.s 			page 21


 1136              		.loc 3 187 5
 1137 00ac 8D20     		movs	r0, #141
 1138 00ae FFF7FEFF 		bl	send_cmd
 1139              		.loc 3 187 21
 1140 00b2 1420     		movs	r0, #20
 1141 00b4 FFF7FEFF 		bl	send_cmd
 1142              		.loc 3 188 5
 1143 00b8 2020     		movs	r0, #32
 1144 00ba FFF7FEFF 		bl	send_cmd
 1145              		.loc 3 188 21
 1146 00be 0020     		movs	r0, #0
 1147 00c0 FFF7FEFF 		bl	send_cmd
 1148              		.loc 3 189 5
 1149 00c4 A120     		movs	r0, #161
 1150 00c6 FFF7FEFF 		bl	send_cmd
 1151              		.loc 3 190 5
 1152 00ca C820     		movs	r0, #200
 1153 00cc FFF7FEFF 		bl	send_cmd
 1154              		.loc 3 191 5
 1155 00d0 DA20     		movs	r0, #218
 1156 00d2 FFF7FEFF 		bl	send_cmd
 1157              		.loc 3 191 21
 1158 00d6 1220     		movs	r0, #18
 1159 00d8 FFF7FEFF 		bl	send_cmd
 1160              		.loc 3 192 5
 1161 00dc AF20     		movs	r0, #175
 1162 00de FFF7FEFF 		bl	send_cmd
 1163              		.loc 3 194 5
 1164 00e2 FFF7FEFF 		bl	drv_display_clear
 1165              		.loc 3 195 5
 1166 00e6 FFF7FEFF 		bl	drv_display_update
 1167              		.loc 3 198 18
 1168 00ea 064B     		ldr	r3, .L74+16
 1169 00ec 064A     		ldr	r2, .L74+20
 1170 00ee 1A60     		str	r2, [r3]
 1171              		.loc 3 199 1
 1172 00f0 00BF     		nop
 1173 00f2 80BD     		pop	{r7, pc}
 1174              	.L75:
 1175              		.align	2
 1176              	.L74:
 1177 00f4 00200258 		.word	1476534272
 1178 00f8 00140258 		.word	1476531200
 1179 00fc 00000000 		.word	spicfg
 1180 0100 00000000 		.word	SPID5
 1181 0104 00000000 		.word	current_font
 1182 0108 00000000 		.word	FONT_5X7
 1183              		.cfi_endproc
 1184              	.LFE447:
 1185              		.size	drv_display_init, .-drv_display_init
 1186              		.section	.text.drv_display_clear,"ax",%progbits
 1187              		.align	1
 1188              		.global	drv_display_clear
 1189              		.syntax unified
 1190              		.thumb
 1191              		.thumb_func
 1192              		.type	drv_display_clear, %function
ARM GAS  C:\Users\DEVELO~1\AppData\Local\Temp\ccIRxm3d.s 			page 22


 1193              	drv_display_clear:
 1194              	.LFB448:
 1195              		.loc 3 205 30
 1196              		.cfi_startproc
 1197              		@ args = 0, pretend = 0, frame = 0
 1198              		@ frame_needed = 1, uses_anonymous_args = 0
 1199 0000 80B5     		push	{r7, lr}
 1200              		.cfi_def_cfa_offset 8
 1201              		.cfi_offset 7, -8
 1202              		.cfi_offset 14, -4
 1203 0002 00AF     		add	r7, sp, #0
 1204              		.cfi_def_cfa_register 7
 1205              		.loc 3 206 5
 1206 0004 4FF48062 		mov	r2, #1024
 1207 0008 0021     		movs	r1, #0
 1208 000a 0548     		ldr	r0, .L77
 1209 000c FFF7FEFF 		bl	memset
 1210              		.loc 3 207 19
 1211 0010 044B     		ldr	r3, .L77+4
 1212 0012 0122     		movs	r2, #1
 1213 0014 1A70     		strb	r2, [r3]
 1214              		.loc 3 208 17
 1215 0016 044B     		ldr	r3, .L77+8
 1216 0018 FF22     		movs	r2, #255
 1217 001a 1A70     		strb	r2, [r3]
 1218              		.loc 3 209 1
 1219 001c 00BF     		nop
 1220 001e 80BD     		pop	{r7, pc}
 1221              	.L78:
 1222              		.align	2
 1223              	.L77:
 1224 0020 00000000 		.word	buffer
 1225 0024 00000000 		.word	display_dirty
 1226 0028 00000000 		.word	dirty_pages
 1227              		.cfi_endproc
 1228              	.LFE448:
 1229              		.size	drv_display_clear, .-drv_display_clear
 1230              		.section	.text.drv_display_update,"ax",%progbits
 1231              		.align	1
 1232              		.global	drv_display_update
 1233              		.syntax unified
 1234              		.thumb
 1235              		.thumb_func
 1236              		.type	drv_display_update, %function
 1237              	drv_display_update:
 1238              	.LFB449:
 1239              		.loc 3 215 31
 1240              		.cfi_startproc
 1241              		@ args = 0, pretend = 0, frame = 8
 1242              		@ frame_needed = 1, uses_anonymous_args = 0
 1243 0000 80B5     		push	{r7, lr}
 1244              		.cfi_def_cfa_offset 8
 1245              		.cfi_offset 7, -8
 1246              		.cfi_offset 14, -4
 1247 0002 82B0     		sub	sp, sp, #8
 1248              		.cfi_def_cfa_offset 16
 1249 0004 00AF     		add	r7, sp, #0
ARM GAS  C:\Users\DEVELO~1\AppData\Local\Temp\ccIRxm3d.s 			page 23


 1250              		.cfi_def_cfa_register 7
 1251              		.loc 3 218 9
 1252 0006 1E4B     		ldr	r3, .L88
 1253 0008 1B78     		ldrb	r3, [r3]
 1254 000a DBB2     		uxtb	r3, r3
 1255 000c 83F00103 		eor	r3, r3, #1
 1256 0010 DBB2     		uxtb	r3, r3
 1257              		.loc 3 218 8
 1258 0012 002B     		cmp	r3, #0
 1259 0014 2FD1     		bne	.L86
 1260              	.LBB9:
 1261              		.loc 3 221 18
 1262 0016 0023     		movs	r3, #0
 1263 0018 FB71     		strb	r3, [r7, #7]
 1264              		.loc 3 221 5
 1265 001a 22E0     		b	.L82
 1266              	.L85:
 1267              		.loc 3 223 13
 1268 001c 194B     		ldr	r3, .L88+4
 1269 001e 1B78     		ldrb	r3, [r3]	@ zero_extendqisi2
 1270 0020 1A46     		mov	r2, r3
 1271 0022 FB79     		ldrb	r3, [r7, #7]	@ zero_extendqisi2
 1272 0024 22FA03F3 		lsr	r3, r2, r3
 1273 0028 03F00103 		and	r3, r3, #1
 1274              		.loc 3 223 12
 1275 002c 002B     		cmp	r3, #0
 1276 002e 14D0     		beq	.L87
 1277              		.loc 3 226 9
 1278 0030 FB79     		ldrb	r3, [r7, #7]
 1279 0032 503B     		subs	r3, r3, #80
 1280 0034 DBB2     		uxtb	r3, r3
 1281 0036 1846     		mov	r0, r3
 1282 0038 FFF7FEFF 		bl	send_cmd
 1283              		.loc 3 227 9
 1284 003c 0020     		movs	r0, #0
 1285 003e FFF7FEFF 		bl	send_cmd
 1286              		.loc 3 228 9
 1287 0042 1020     		movs	r0, #16
 1288 0044 FFF7FEFF 		bl	send_cmd
 1289              		.loc 3 230 32
 1290 0048 FB79     		ldrb	r3, [r7, #7]	@ zero_extendqisi2
 1291 004a DB01     		lsls	r3, r3, #7
 1292              		.loc 3 230 19
 1293 004c 0E4A     		ldr	r2, .L88+8
 1294 004e 1344     		add	r3, r3, r2
 1295              		.loc 3 230 9
 1296 0050 8021     		movs	r1, #128
 1297 0052 1846     		mov	r0, r3
 1298 0054 FFF7FEFF 		bl	send_data
 1299 0058 00E0     		b	.L84
 1300              	.L87:
 1301              		.loc 3 224 13
 1302 005a 00BF     		nop
 1303              	.L84:
 1304              		.loc 3 221 42 discriminator 2
 1305 005c FB79     		ldrb	r3, [r7, #7]	@ zero_extendqisi2
 1306 005e 0133     		adds	r3, r3, #1
ARM GAS  C:\Users\DEVELO~1\AppData\Local\Temp\ccIRxm3d.s 			page 24


 1307 0060 FB71     		strb	r3, [r7, #7]
 1308              	.L82:
 1309              		.loc 3 221 33 discriminator 1
 1310 0062 FB79     		ldrb	r3, [r7, #7]	@ zero_extendqisi2
 1311 0064 072B     		cmp	r3, #7
 1312 0066 D9D9     		bls	.L85
 1313              	.LBE9:
 1314              		.loc 3 235 19
 1315 0068 054B     		ldr	r3, .L88
 1316 006a 0022     		movs	r2, #0
 1317 006c 1A70     		strb	r2, [r3]
 1318              		.loc 3 236 17
 1319 006e 054B     		ldr	r3, .L88+4
 1320 0070 0022     		movs	r2, #0
 1321 0072 1A70     		strb	r2, [r3]
 1322 0074 00E0     		b	.L79
 1323              	.L86:
 1324              		.loc 3 219 9
 1325 0076 00BF     		nop
 1326              	.L79:
 1327              		.loc 3 237 1
 1328 0078 0837     		adds	r7, r7, #8
 1329              		.cfi_def_cfa_offset 8
 1330 007a BD46     		mov	sp, r7
 1331              		.cfi_def_cfa_register 13
 1332              		@ sp needed
 1333 007c 80BD     		pop	{r7, pc}
 1334              	.L89:
 1335 007e 00BF     		.align	2
 1336              	.L88:
 1337 0080 00000000 		.word	display_dirty
 1338 0084 00000000 		.word	dirty_pages
 1339 0088 00000000 		.word	buffer
 1340              		.cfi_endproc
 1341              	.LFE449:
 1342              		.size	drv_display_update, .-drv_display_update
 1343              		.section	.text.drv_display_set_font,"ax",%progbits
 1344              		.align	1
 1345              		.global	drv_display_set_font
 1346              		.syntax unified
 1347              		.thumb
 1348              		.thumb_func
 1349              		.type	drv_display_set_font, %function
 1350              	drv_display_set_font:
 1351              	.LFB450:
 1352              		.loc 3 243 47
 1353              		.cfi_startproc
 1354              		@ args = 0, pretend = 0, frame = 8
 1355              		@ frame_needed = 1, uses_anonymous_args = 0
 1356              		@ link register save eliminated.
 1357 0000 80B4     		push	{r7}
 1358              		.cfi_def_cfa_offset 4
 1359              		.cfi_offset 7, -4
 1360 0002 83B0     		sub	sp, sp, #12
 1361              		.cfi_def_cfa_offset 16
 1362 0004 00AF     		add	r7, sp, #0
 1363              		.cfi_def_cfa_register 7
ARM GAS  C:\Users\DEVELO~1\AppData\Local\Temp\ccIRxm3d.s 			page 25


 1364 0006 7860     		str	r0, [r7, #4]
 1365              		.loc 3 244 18
 1366 0008 034A     		ldr	r2, .L91
 1367 000a 7B68     		ldr	r3, [r7, #4]
 1368 000c 1360     		str	r3, [r2]
 1369              		.loc 3 245 1
 1370 000e 00BF     		nop
 1371 0010 0C37     		adds	r7, r7, #12
 1372              		.cfi_def_cfa_offset 4
 1373 0012 BD46     		mov	sp, r7
 1374              		.cfi_def_cfa_register 13
 1375              		@ sp needed
 1376 0014 80BC     		pop	{r7}
 1377              		.cfi_restore 7
 1378              		.cfi_def_cfa_offset 0
 1379 0016 7047     		bx	lr
 1380              	.L92:
 1381              		.align	2
 1382              	.L91:
 1383 0018 00000000 		.word	current_font
 1384              		.cfi_endproc
 1385              	.LFE450:
 1386              		.size	drv_display_set_font, .-drv_display_set_font
 1387              		.section	.text.font_advance,"ax",%progbits
 1388              		.align	1
 1389              		.syntax unified
 1390              		.thumb
 1391              		.thumb_func
 1392              		.type	font_advance, %function
 1393              	font_advance:
 1394              	.LFB451:
 1395              		.loc 3 247 53
 1396              		.cfi_startproc
 1397              		@ args = 0, pretend = 0, frame = 8
 1398              		@ frame_needed = 1, uses_anonymous_args = 0
 1399              		@ link register save eliminated.
 1400 0000 80B4     		push	{r7}
 1401              		.cfi_def_cfa_offset 4
 1402              		.cfi_offset 7, -4
 1403 0002 83B0     		sub	sp, sp, #12
 1404              		.cfi_def_cfa_offset 16
 1405 0004 00AF     		add	r7, sp, #0
 1406              		.cfi_def_cfa_register 7
 1407 0006 7860     		str	r0, [r7, #4]
 1408              		.loc 3 248 23
 1409 0008 7B68     		ldr	r3, [r7, #4]
 1410 000a 1A79     		ldrb	r2, [r3, #4]	@ zero_extendqisi2
 1411              		.loc 3 248 34
 1412 000c 7B68     		ldr	r3, [r7, #4]
 1413 000e 1B7A     		ldrb	r3, [r3, #8]	@ zero_extendqisi2
 1414              		.loc 3 248 12
 1415 0010 1344     		add	r3, r3, r2
 1416 0012 DBB2     		uxtb	r3, r3
 1417              		.loc 3 249 1
 1418 0014 1846     		mov	r0, r3
 1419 0016 0C37     		adds	r7, r7, #12
 1420              		.cfi_def_cfa_offset 4
ARM GAS  C:\Users\DEVELO~1\AppData\Local\Temp\ccIRxm3d.s 			page 26


 1421 0018 BD46     		mov	sp, r7
 1422              		.cfi_def_cfa_register 13
 1423              		@ sp needed
 1424 001a 80BC     		pop	{r7}
 1425              		.cfi_restore 7
 1426              		.cfi_def_cfa_offset 0
 1427 001c 7047     		bx	lr
 1428              		.cfi_endproc
 1429              	.LFE451:
 1430              		.size	font_advance, .-font_advance
 1431              		.section	.text.drv_display_draw_char,"ax",%progbits
 1432              		.align	1
 1433              		.global	drv_display_draw_char
 1434              		.syntax unified
 1435              		.thumb
 1436              		.thumb_func
 1437              		.type	drv_display_draw_char, %function
 1438              	drv_display_draw_char:
 1439              	.LFB452:
 1440              		.loc 3 251 58
 1441              		.cfi_startproc
 1442              		@ args = 0, pretend = 0, frame = 16
 1443              		@ frame_needed = 1, uses_anonymous_args = 0
 1444 0000 80B5     		push	{r7, lr}
 1445              		.cfi_def_cfa_offset 8
 1446              		.cfi_offset 7, -8
 1447              		.cfi_offset 14, -4
 1448 0002 84B0     		sub	sp, sp, #16
 1449              		.cfi_def_cfa_offset 24
 1450 0004 00AF     		add	r7, sp, #0
 1451              		.cfi_def_cfa_register 7
 1452 0006 0346     		mov	r3, r0
 1453 0008 FB71     		strb	r3, [r7, #7]
 1454 000a 0B46     		mov	r3, r1
 1455 000c BB71     		strb	r3, [r7, #6]
 1456 000e 1346     		mov	r3, r2
 1457 0010 7B71     		strb	r3, [r7, #5]
 1458              		.loc 3 253 9
 1459 0012 254B     		ldr	r3, .L106
 1460 0014 1B68     		ldr	r3, [r3]
 1461              		.loc 3 253 8
 1462 0016 002B     		cmp	r3, #0
 1463 0018 41D0     		beq	.L105
 1464              		.loc 3 255 34
 1465 001a 234B     		ldr	r3, .L106
 1466 001c 1B68     		ldr	r3, [r3]
 1467 001e 9B79     		ldrb	r3, [r3, #6]	@ zero_extendqisi2
 1468              		.loc 3 255 8
 1469 0020 7A79     		ldrb	r2, [r7, #5]	@ zero_extendqisi2
 1470 0022 9A42     		cmp	r2, r3
 1471 0024 05D3     		bcc	.L98
 1472              		.loc 3 255 70 discriminator 1
 1473 0026 204B     		ldr	r3, .L106
 1474 0028 1B68     		ldr	r3, [r3]
 1475 002a DB79     		ldrb	r3, [r3, #7]	@ zero_extendqisi2
 1476              		.loc 3 255 42 discriminator 1
 1477 002c 7A79     		ldrb	r2, [r7, #5]	@ zero_extendqisi2
ARM GAS  C:\Users\DEVELO~1\AppData\Local\Temp\ccIRxm3d.s 			page 27


 1478 002e 9A42     		cmp	r2, r3
 1479 0030 01D9     		bls	.L99
 1480              	.L98:
 1481              		.loc 3 256 11
 1482 0032 3F23     		movs	r3, #63
 1483 0034 7B71     		strb	r3, [r7, #5]
 1484              	.L99:
 1485              	.LBB10:
 1486              		.loc 3 258 18
 1487 0036 0023     		movs	r3, #0
 1488 0038 FB73     		strb	r3, [r7, #15]
 1489              		.loc 3 258 5
 1490 003a 29E0     		b	.L100
 1491              	.L104:
 1492              	.LBB11:
 1493              		.loc 3 259 36
 1494 003c 1A4B     		ldr	r3, .L106
 1495 003e 1B68     		ldr	r3, [r3]
 1496 0040 DB68     		ldr	r3, [r3, #12]
 1497              		.loc 3 259 24
 1498 0042 F97B     		ldrb	r1, [r7, #15]	@ zero_extendqisi2
 1499 0044 7A79     		ldrb	r2, [r7, #5]	@ zero_extendqisi2
 1500 0046 1046     		mov	r0, r2
 1501 0048 9847     		blx	r3
 1502              	.LVL0:
 1503 004a 0346     		mov	r3, r0
 1504 004c 7B73     		strb	r3, [r7, #13]
 1505              	.LBB12:
 1506              		.loc 3 260 22
 1507 004e 0023     		movs	r3, #0
 1508 0050 BB73     		strb	r3, [r7, #14]
 1509              		.loc 3 260 9
 1510 0052 14E0     		b	.L101
 1511              	.L103:
 1512              		.loc 3 261 17
 1513 0054 7A7B     		ldrb	r2, [r7, #13]	@ zero_extendqisi2
 1514 0056 BB7B     		ldrb	r3, [r7, #14]	@ zero_extendqisi2
 1515 0058 22FA03F3 		lsr	r3, r2, r3
 1516 005c 03F00103 		and	r3, r3, #1
 1517              		.loc 3 261 16
 1518 0060 002B     		cmp	r3, #0
 1519 0062 09D0     		beq	.L102
 1520              		.loc 3 262 17
 1521 0064 FA79     		ldrb	r2, [r7, #7]	@ zero_extendqisi2
 1522 0066 FB7B     		ldrb	r3, [r7, #15]	@ zero_extendqisi2
 1523 0068 D018     		adds	r0, r2, r3
 1524 006a BA79     		ldrb	r2, [r7, #6]	@ zero_extendqisi2
 1525 006c BB7B     		ldrb	r3, [r7, #14]	@ zero_extendqisi2
 1526 006e 1344     		add	r3, r3, r2
 1527 0070 0122     		movs	r2, #1
 1528 0072 1946     		mov	r1, r3
 1529 0074 FFF7FEFF 		bl	set_pixel
 1530              	.L102:
 1531              		.loc 3 260 62 discriminator 2
 1532 0078 BB7B     		ldrb	r3, [r7, #14]	@ zero_extendqisi2
 1533 007a 0133     		adds	r3, r3, #1
 1534 007c BB73     		strb	r3, [r7, #14]
ARM GAS  C:\Users\DEVELO~1\AppData\Local\Temp\ccIRxm3d.s 			page 28


 1535              	.L101:
 1536              		.loc 3 260 49 discriminator 1
 1537 007e 0A4B     		ldr	r3, .L106
 1538 0080 1B68     		ldr	r3, [r3]
 1539 0082 5B79     		ldrb	r3, [r3, #5]	@ zero_extendqisi2
 1540              		.loc 3 260 35 discriminator 1
 1541 0084 BA7B     		ldrb	r2, [r7, #14]	@ zero_extendqisi2
 1542 0086 9A42     		cmp	r2, r3
 1543 0088 E4D3     		bcc	.L103
 1544              	.LBE12:
 1545              	.LBE11:
 1546              		.loc 3 258 57 discriminator 2
 1547 008a FB7B     		ldrb	r3, [r7, #15]	@ zero_extendqisi2
 1548 008c 0133     		adds	r3, r3, #1
 1549 008e FB73     		strb	r3, [r7, #15]
 1550              	.L100:
 1551              		.loc 3 258 45 discriminator 1
 1552 0090 054B     		ldr	r3, .L106
 1553 0092 1B68     		ldr	r3, [r3]
 1554 0094 1B79     		ldrb	r3, [r3, #4]	@ zero_extendqisi2
 1555              		.loc 3 258 31 discriminator 1
 1556 0096 FA7B     		ldrb	r2, [r7, #15]	@ zero_extendqisi2
 1557 0098 9A42     		cmp	r2, r3
 1558 009a CFD3     		bcc	.L104
 1559 009c 00E0     		b	.L95
 1560              	.L105:
 1561              	.LBE10:
 1562              		.loc 3 253 24
 1563 009e 00BF     		nop
 1564              	.L95:
 1565              		.loc 3 265 1
 1566 00a0 1037     		adds	r7, r7, #16
 1567              		.cfi_def_cfa_offset 8
 1568 00a2 BD46     		mov	sp, r7
 1569              		.cfi_def_cfa_register 13
 1570              		@ sp needed
 1571 00a4 80BD     		pop	{r7, pc}
 1572              	.L107:
 1573 00a6 00BF     		.align	2
 1574              	.L106:
 1575 00a8 00000000 		.word	current_font
 1576              		.cfi_endproc
 1577              	.LFE452:
 1578              		.size	drv_display_draw_char, .-drv_display_draw_char
 1579              		.section	.text.drv_display_draw_text,"ax",%progbits
 1580              		.align	1
 1581              		.global	drv_display_draw_text
 1582              		.syntax unified
 1583              		.thumb
 1584              		.thumb_func
 1585              		.type	drv_display_draw_text, %function
 1586              	drv_display_draw_text:
 1587              	.LFB453:
 1588              		.loc 3 267 67
 1589              		.cfi_startproc
 1590              		@ args = 0, pretend = 0, frame = 16
 1591              		@ frame_needed = 1, uses_anonymous_args = 0
ARM GAS  C:\Users\DEVELO~1\AppData\Local\Temp\ccIRxm3d.s 			page 29


 1592 0000 80B5     		push	{r7, lr}
 1593              		.cfi_def_cfa_offset 8
 1594              		.cfi_offset 7, -8
 1595              		.cfi_offset 14, -4
 1596 0002 84B0     		sub	sp, sp, #16
 1597              		.cfi_def_cfa_offset 24
 1598 0004 00AF     		add	r7, sp, #0
 1599              		.cfi_def_cfa_register 7
 1600 0006 0346     		mov	r3, r0
 1601 0008 3A60     		str	r2, [r7]
 1602 000a FB71     		strb	r3, [r7, #7]
 1603 000c 0B46     		mov	r3, r1
 1604 000e BB71     		strb	r3, [r7, #6]
 1605              		.loc 3 269 9
 1606 0010 144B     		ldr	r3, .L115
 1607 0012 1B68     		ldr	r3, [r3]
 1608              		.loc 3 269 8
 1609 0014 002B     		cmp	r3, #0
 1610 0016 20D0     		beq	.L114
 1611              		.loc 3 269 23 discriminator 2
 1612 0018 3B68     		ldr	r3, [r7]
 1613 001a 002B     		cmp	r3, #0
 1614 001c 1DD0     		beq	.L114
 1615              		.loc 3 271 25
 1616 001e 114B     		ldr	r3, .L115
 1617 0020 1B68     		ldr	r3, [r3]
 1618 0022 1846     		mov	r0, r3
 1619 0024 FFF7FEFF 		bl	font_advance
 1620 0028 0346     		mov	r3, r0
 1621 002a FB73     		strb	r3, [r7, #15]
 1622              		.loc 3 273 11
 1623 002c 0CE0     		b	.L112
 1624              	.L113:
 1625              		.loc 3 274 41
 1626 002e 3B68     		ldr	r3, [r7]
 1627 0030 5A1C     		adds	r2, r3, #1
 1628 0032 3A60     		str	r2, [r7]
 1629              		.loc 3 274 9
 1630 0034 1A78     		ldrb	r2, [r3]	@ zero_extendqisi2
 1631 0036 B979     		ldrb	r1, [r7, #6]	@ zero_extendqisi2
 1632 0038 FB79     		ldrb	r3, [r7, #7]	@ zero_extendqisi2
 1633 003a 1846     		mov	r0, r3
 1634 003c FFF7FEFF 		bl	drv_display_draw_char
 1635              		.loc 3 275 11
 1636 0040 FA79     		ldrb	r2, [r7, #7]
 1637 0042 FB7B     		ldrb	r3, [r7, #15]
 1638 0044 1344     		add	r3, r3, r2
 1639 0046 FB71     		strb	r3, [r7, #7]
 1640              	.L112:
 1641              		.loc 3 273 12
 1642 0048 3B68     		ldr	r3, [r7]
 1643 004a 1B78     		ldrb	r3, [r3]	@ zero_extendqisi2
 1644              		.loc 3 273 17
 1645 004c 002B     		cmp	r3, #0
 1646 004e 05D0     		beq	.L108
 1647              		.loc 3 273 22 discriminator 1
 1648 0050 97F90730 		ldrsb	r3, [r7, #7]
ARM GAS  C:\Users\DEVELO~1\AppData\Local\Temp\ccIRxm3d.s 			page 30


 1649              		.loc 3 273 17 discriminator 1
 1650 0054 002B     		cmp	r3, #0
 1651 0056 EADA     		bge	.L113
 1652 0058 00E0     		b	.L108
 1653              	.L114:
 1654              		.loc 3 269 32
 1655 005a 00BF     		nop
 1656              	.L108:
 1657              		.loc 3 277 1
 1658 005c 1037     		adds	r7, r7, #16
 1659              		.cfi_def_cfa_offset 8
 1660 005e BD46     		mov	sp, r7
 1661              		.cfi_def_cfa_register 13
 1662              		@ sp needed
 1663 0060 80BD     		pop	{r7, pc}
 1664              	.L116:
 1665 0062 00BF     		.align	2
 1666              	.L115:
 1667 0064 00000000 		.word	current_font
 1668              		.cfi_endproc
 1669              	.LFE453:
 1670              		.size	drv_display_draw_text, .-drv_display_draw_text
 1671              		.section	.text.drv_display_draw_text_with_font,"ax",%progbits
 1672              		.align	1
 1673              		.global	drv_display_draw_text_with_font
 1674              		.syntax unified
 1675              		.thumb
 1676              		.thumb_func
 1677              		.type	drv_display_draw_text_with_font, %function
 1678              	drv_display_draw_text_with_font:
 1679              	.LFB454:
 1680              		.loc 3 281 55
 1681              		.cfi_startproc
 1682              		@ args = 0, pretend = 0, frame = 24
 1683              		@ frame_needed = 1, uses_anonymous_args = 0
 1684 0000 80B5     		push	{r7, lr}
 1685              		.cfi_def_cfa_offset 8
 1686              		.cfi_offset 7, -8
 1687              		.cfi_offset 14, -4
 1688 0002 86B0     		sub	sp, sp, #24
 1689              		.cfi_def_cfa_offset 32
 1690 0004 00AF     		add	r7, sp, #0
 1691              		.cfi_def_cfa_register 7
 1692 0006 F860     		str	r0, [r7, #12]
 1693 0008 7B60     		str	r3, [r7, #4]
 1694 000a 0B46     		mov	r3, r1
 1695 000c FB72     		strb	r3, [r7, #11]
 1696 000e 1346     		mov	r3, r2
 1697 0010 BB72     		strb	r3, [r7, #10]
 1698              		.loc 3 283 8
 1699 0012 FB68     		ldr	r3, [r7, #12]
 1700 0014 002B     		cmp	r3, #0
 1701 0016 12D0     		beq	.L121
 1702              		.loc 3 283 15 discriminator 2
 1703 0018 7B68     		ldr	r3, [r7, #4]
 1704 001a 002B     		cmp	r3, #0
 1705 001c 0FD0     		beq	.L121
ARM GAS  C:\Users\DEVELO~1\AppData\Local\Temp\ccIRxm3d.s 			page 31


 1706              		.loc 3 285 19
 1707 001e 0A4B     		ldr	r3, .L122
 1708 0020 1B68     		ldr	r3, [r3]
 1709 0022 7B61     		str	r3, [r7, #20]
 1710              		.loc 3 286 18
 1711 0024 084A     		ldr	r2, .L122
 1712 0026 FB68     		ldr	r3, [r7, #12]
 1713 0028 1360     		str	r3, [r2]
 1714              		.loc 3 287 5
 1715 002a B97A     		ldrb	r1, [r7, #10]	@ zero_extendqisi2
 1716 002c FB7A     		ldrb	r3, [r7, #11]	@ zero_extendqisi2
 1717 002e 7A68     		ldr	r2, [r7, #4]
 1718 0030 1846     		mov	r0, r3
 1719 0032 FFF7FEFF 		bl	drv_display_draw_text
 1720              		.loc 3 288 18
 1721 0036 044A     		ldr	r2, .L122
 1722 0038 7B69     		ldr	r3, [r7, #20]
 1723 003a 1360     		str	r3, [r2]
 1724 003c 00E0     		b	.L117
 1725              	.L121:
 1726              		.loc 3 283 24
 1727 003e 00BF     		nop
 1728              	.L117:
 1729              		.loc 3 289 1
 1730 0040 1837     		adds	r7, r7, #24
 1731              		.cfi_def_cfa_offset 8
 1732 0042 BD46     		mov	sp, r7
 1733              		.cfi_def_cfa_register 13
 1734              		@ sp needed
 1735 0044 80BD     		pop	{r7, pc}
 1736              	.L123:
 1737 0046 00BF     		.align	2
 1738              	.L122:
 1739 0048 00000000 		.word	current_font
 1740              		.cfi_endproc
 1741              	.LFE454:
 1742              		.size	drv_display_draw_text_with_font, .-drv_display_draw_text_with_font
 1743              		.section	.text.drv_display_draw_text_at_baseline,"ax",%progbits
 1744              		.align	1
 1745              		.global	drv_display_draw_text_at_baseline
 1746              		.syntax unified
 1747              		.thumb
 1748              		.thumb_func
 1749              		.type	drv_display_draw_text_at_baseline, %function
 1750              	drv_display_draw_text_at_baseline:
 1751              	.LFB455:
 1752              		.loc 3 293 57
 1753              		.cfi_startproc
 1754              		@ args = 0, pretend = 0, frame = 24
 1755              		@ frame_needed = 1, uses_anonymous_args = 0
 1756 0000 80B5     		push	{r7, lr}
 1757              		.cfi_def_cfa_offset 8
 1758              		.cfi_offset 7, -8
 1759              		.cfi_offset 14, -4
 1760 0002 86B0     		sub	sp, sp, #24
 1761              		.cfi_def_cfa_offset 32
 1762 0004 00AF     		add	r7, sp, #0
ARM GAS  C:\Users\DEVELO~1\AppData\Local\Temp\ccIRxm3d.s 			page 32


 1763              		.cfi_def_cfa_register 7
 1764 0006 F860     		str	r0, [r7, #12]
 1765 0008 7B60     		str	r3, [r7, #4]
 1766 000a 0B46     		mov	r3, r1
 1767 000c FB72     		strb	r3, [r7, #11]
 1768 000e 1346     		mov	r3, r2
 1769 0010 BB72     		strb	r3, [r7, #10]
 1770              		.loc 3 295 8
 1771 0012 FB68     		ldr	r3, [r7, #12]
 1772 0014 002B     		cmp	r3, #0
 1773 0016 1FD0     		beq	.L130
 1774              		.loc 3 295 15 discriminator 2
 1775 0018 7B68     		ldr	r3, [r7, #4]
 1776 001a 002B     		cmp	r3, #0
 1777 001c 1CD0     		beq	.L130
 1778              		.loc 3 297 19
 1779 001e 104B     		ldr	r3, .L131
 1780 0020 1B68     		ldr	r3, [r3]
 1781 0022 7B61     		str	r3, [r7, #20]
 1782              		.loc 3 298 18
 1783 0024 0E4A     		ldr	r2, .L131
 1784 0026 FB68     		ldr	r3, [r7, #12]
 1785 0028 1360     		str	r3, [r2]
 1786              		.loc 3 300 36
 1787 002a FB68     		ldr	r3, [r7, #12]
 1788 002c 5B79     		ldrb	r3, [r3, #5]	@ zero_extendqisi2
 1789              		.loc 3 300 13
 1790 002e BA7A     		ldrb	r2, [r7, #10]	@ zero_extendqisi2
 1791 0030 9A42     		cmp	r2, r3
 1792 0032 05D3     		bcc	.L128
 1793              		.loc 3 301 37 discriminator 1
 1794 0034 FB68     		ldr	r3, [r7, #12]
 1795 0036 5B79     		ldrb	r3, [r3, #5]	@ zero_extendqisi2
 1796              		.loc 3 300 13 discriminator 1
 1797 0038 BA7A     		ldrb	r2, [r7, #10]
 1798 003a D31A     		subs	r3, r2, r3
 1799 003c DBB2     		uxtb	r3, r3
 1800 003e 00E0     		b	.L129
 1801              	.L128:
 1802              		.loc 3 300 13 is_stmt 0 discriminator 2
 1803 0040 0023     		movs	r3, #0
 1804              	.L129:
 1805              		.loc 3 300 13 discriminator 4
 1806 0042 FB74     		strb	r3, [r7, #19]
 1807              		.loc 3 304 5 is_stmt 1 discriminator 4
 1808 0044 F97C     		ldrb	r1, [r7, #19]	@ zero_extendqisi2
 1809 0046 FB7A     		ldrb	r3, [r7, #11]	@ zero_extendqisi2
 1810 0048 7A68     		ldr	r2, [r7, #4]
 1811 004a 1846     		mov	r0, r3
 1812 004c FFF7FEFF 		bl	drv_display_draw_text
 1813              		.loc 3 305 18 discriminator 4
 1814 0050 034A     		ldr	r2, .L131
 1815 0052 7B69     		ldr	r3, [r7, #20]
 1816 0054 1360     		str	r3, [r2]
 1817 0056 00E0     		b	.L124
 1818              	.L130:
 1819              		.loc 3 295 24
ARM GAS  C:\Users\DEVELO~1\AppData\Local\Temp\ccIRxm3d.s 			page 33


 1820 0058 00BF     		nop
 1821              	.L124:
 1822              		.loc 3 306 1
 1823 005a 1837     		adds	r7, r7, #24
 1824              		.cfi_def_cfa_offset 8
 1825 005c BD46     		mov	sp, r7
 1826              		.cfi_def_cfa_register 13
 1827              		@ sp needed
 1828 005e 80BD     		pop	{r7, pc}
 1829              	.L132:
 1830              		.align	2
 1831              	.L131:
 1832 0060 00000000 		.word	current_font
 1833              		.cfi_endproc
 1834              	.LFE455:
 1835              		.size	drv_display_draw_text_at_baseline, .-drv_display_draw_text_at_baseline
 1836              		.section	.rodata
 1837              		.align	2
 1838              	.LC0:
 1839 0000 25642020 		.ascii	"%d   \000"
 1839      2000
 1840              		.section	.text.drv_display_draw_number,"ax",%progbits
 1841              		.align	1
 1842              		.global	drv_display_draw_number
 1843              		.syntax unified
 1844              		.thumb
 1845              		.thumb_func
 1846              		.type	drv_display_draw_number, %function
 1847              	drv_display_draw_number:
 1848              	.LFB456:
 1849              		.loc 3 308 61
 1850              		.cfi_startproc
 1851              		@ args = 0, pretend = 0, frame = 24
 1852              		@ frame_needed = 1, uses_anonymous_args = 0
 1853 0000 80B5     		push	{r7, lr}
 1854              		.cfi_def_cfa_offset 8
 1855              		.cfi_offset 7, -8
 1856              		.cfi_offset 14, -4
 1857 0002 86B0     		sub	sp, sp, #24
 1858              		.cfi_def_cfa_offset 32
 1859 0004 00AF     		add	r7, sp, #0
 1860              		.cfi_def_cfa_register 7
 1861 0006 0346     		mov	r3, r0
 1862 0008 3A60     		str	r2, [r7]
 1863 000a FB71     		strb	r3, [r7, #7]
 1864 000c 0B46     		mov	r3, r1
 1865 000e BB71     		strb	r3, [r7, #6]
 1866              		.loc 3 310 5
 1867 0010 07F10800 		add	r0, r7, #8
 1868 0014 3B68     		ldr	r3, [r7]
 1869 0016 074A     		ldr	r2, .L134
 1870 0018 1021     		movs	r1, #16
 1871 001a FFF7FEFF 		bl	snprintf
 1872              		.loc 3 311 5
 1873 001e 07F10802 		add	r2, r7, #8
 1874 0022 B979     		ldrb	r1, [r7, #6]	@ zero_extendqisi2
 1875 0024 FB79     		ldrb	r3, [r7, #7]	@ zero_extendqisi2
ARM GAS  C:\Users\DEVELO~1\AppData\Local\Temp\ccIRxm3d.s 			page 34


 1876 0026 1846     		mov	r0, r3
 1877 0028 FFF7FEFF 		bl	drv_display_draw_text
 1878              		.loc 3 312 1
 1879 002c 00BF     		nop
 1880 002e 1837     		adds	r7, r7, #24
 1881              		.cfi_def_cfa_offset 8
 1882 0030 BD46     		mov	sp, r7
 1883              		.cfi_def_cfa_register 13
 1884              		@ sp needed
 1885 0032 80BD     		pop	{r7, pc}
 1886              	.L135:
 1887              		.align	2
 1888              	.L134:
 1889 0034 00000000 		.word	.LC0
 1890              		.cfi_endproc
 1891              	.LFE456:
 1892              		.size	drv_display_draw_number, .-drv_display_draw_number
 1893              		.section	.bss.waDisplay,"aw",%nobits
 1894              		.align	3
 1895              		.type	waDisplay, %object
 1896              		.size	waDisplay, 752
 1897              	waDisplay:
 1898 0000 00000000 		.space	752
 1898      00000000 
 1898      00000000 
 1898      00000000 
 1898      00000000 
 1899              		.section	.rodata
 1900 0006 0000     		.align	2
 1901              	.LC1:
 1902 0008 44697370 		.ascii	"Display\000"
 1902      6C617900 
 1903              		.section	.text.displayThread,"ax",%progbits
 1904              		.align	1
 1905              		.syntax unified
 1906              		.thumb
 1907              		.thumb_func
 1908              		.type	displayThread, %function
 1909              	displayThread:
 1910              	.LFB457:
 1911              		.loc 3 320 41
 1912              		.cfi_startproc
 1913              		@ args = 0, pretend = 0, frame = 8
 1914              		@ frame_needed = 1, uses_anonymous_args = 0
 1915 0000 80B5     		push	{r7, lr}
 1916              		.cfi_def_cfa_offset 8
 1917              		.cfi_offset 7, -8
 1918              		.cfi_offset 14, -4
 1919 0002 82B0     		sub	sp, sp, #8
 1920              		.cfi_def_cfa_offset 16
 1921 0004 00AF     		add	r7, sp, #0
 1922              		.cfi_def_cfa_register 7
 1923 0006 7860     		str	r0, [r7, #4]
 1924              		.loc 3 322 5
 1925 0008 0C48     		ldr	r0, .L139
 1926 000a FFF7FEFF 		bl	chRegSetThreadName
 1927              		.loc 3 324 11
ARM GAS  C:\Users\DEVELO~1\AppData\Local\Temp\ccIRxm3d.s 			page 35


 1928 000e 05E0     		b	.L137
 1929              	.L138:
 1930              		.loc 3 325 9
 1931 0010 FFF7FEFF 		bl	drv_display_update
 1932              		.loc 3 326 9
 1933 0014 4FF4A570 		mov	r0, #330
 1934 0018 FFF7FEFF 		bl	chThdSleep
 1935              	.L137:
 1936              		.loc 3 324 13
 1937 001c FFF7FEFF 		bl	chThdShouldTerminateX
 1938 0020 0346     		mov	r3, r0
 1939              		.loc 3 324 12
 1940 0022 83F00103 		eor	r3, r3, #1
 1941 0026 DBB2     		uxtb	r3, r3
 1942 0028 002B     		cmp	r3, #0
 1943 002a F1D1     		bne	.L138
 1944              		.loc 3 329 5
 1945 002c 0020     		movs	r0, #0
 1946 002e FFF7FEFF 		bl	chThdExit
 1947              		.loc 3 330 1
 1948 0032 00BF     		nop
 1949 0034 0837     		adds	r7, r7, #8
 1950              		.cfi_def_cfa_offset 8
 1951 0036 BD46     		mov	sp, r7
 1952              		.cfi_def_cfa_register 13
 1953              		@ sp needed
 1954 0038 80BD     		pop	{r7, pc}
 1955              	.L140:
 1956 003a 00BF     		.align	2
 1957              	.L139:
 1958 003c 08000000 		.word	.LC1
 1959              		.cfi_endproc
 1960              	.LFE457:
 1961              		.size	displayThread, .-displayThread
 1962              		.section	.text.drv_display_start,"ax",%progbits
 1963              		.align	1
 1964              		.global	drv_display_start
 1965              		.syntax unified
 1966              		.thumb
 1967              		.thumb_func
 1968              		.type	drv_display_start, %function
 1969              	drv_display_start:
 1970              	.LFB458:
 1971              		.loc 3 332 30
 1972              		.cfi_startproc
 1973              		@ args = 0, pretend = 0, frame = 0
 1974              		@ frame_needed = 1, uses_anonymous_args = 0
 1975 0000 80B5     		push	{r7, lr}
 1976              		.cfi_def_cfa_offset 8
 1977              		.cfi_offset 7, -8
 1978              		.cfi_offset 14, -4
 1979 0002 82B0     		sub	sp, sp, #8
 1980              		.cfi_def_cfa_offset 16
 1981 0004 02AF     		add	r7, sp, #8
 1982              		.cfi_def_cfa 7, 8
 1983              		.loc 3 333 20
 1984 0006 134B     		ldr	r3, .L146
ARM GAS  C:\Users\DEVELO~1\AppData\Local\Temp\ccIRxm3d.s 			page 36


 1985 0008 1B68     		ldr	r3, [r3]
 1986              		.loc 3 333 8
 1987 000a 002B     		cmp	r3, #0
 1988 000c 0FD0     		beq	.L142
 1989              		.loc 3 334 13
 1990 000e 114B     		ldr	r3, .L146
 1991 0010 1B68     		ldr	r3, [r3]
 1992 0012 1846     		mov	r0, r3
 1993 0014 FFF7FEFF 		bl	chThdTerminatedX
 1994 0018 0346     		mov	r3, r0
 1995              		.loc 3 334 12
 1996 001a 002B     		cmp	r3, #0
 1997 001c 16D0     		beq	.L145
 1998              		.loc 3 335 13
 1999 001e 0D4B     		ldr	r3, .L146
 2000 0020 1B68     		ldr	r3, [r3]
 2001 0022 1846     		mov	r0, r3
 2002 0024 FFF7FEFF 		bl	chThdWait
 2003              		.loc 3 336 24
 2004 0028 0A4B     		ldr	r3, .L146
 2005 002a 0022     		movs	r2, #0
 2006 002c 1A60     		str	r2, [r3]
 2007              	.L142:
 2008              		.loc 3 342 5
 2009 002e FFF7FEFF 		bl	drv_display_init
 2010              		.loc 3 344 18
 2011 0032 0023     		movs	r3, #0
 2012 0034 0093     		str	r3, [sp]
 2013 0036 084B     		ldr	r3, .L146+4
 2014 0038 8022     		movs	r2, #128
 2015 003a 4FF43C71 		mov	r1, #752
 2016 003e 0748     		ldr	r0, .L146+8
 2017 0040 FFF7FEFF 		bl	chThdCreateStatic
 2018 0044 0346     		mov	r3, r0
 2019              		.loc 3 344 16
 2020 0046 034A     		ldr	r2, .L146
 2021 0048 1360     		str	r3, [r2]
 2022 004a 00E0     		b	.L141
 2023              	.L145:
 2024              		.loc 3 338 13
 2025 004c 00BF     		nop
 2026              	.L141:
 2027              		.loc 3 346 1
 2028 004e BD46     		mov	sp, r7
 2029              		.cfi_def_cfa_register 13
 2030              		@ sp needed
 2031 0050 80BD     		pop	{r7, pc}
 2032              	.L147:
 2033 0052 00BF     		.align	2
 2034              	.L146:
 2035 0054 00000000 		.word	display_tp
 2036 0058 00000000 		.word	displayThread
 2037 005c 00000000 		.word	waDisplay
 2038              		.cfi_endproc
 2039              	.LFE458:
 2040              		.size	drv_display_start, .-drv_display_start
 2041              		.section	.text.drv_display_stop,"ax",%progbits
ARM GAS  C:\Users\DEVELO~1\AppData\Local\Temp\ccIRxm3d.s 			page 37


 2042              		.align	1
 2043              		.global	drv_display_stop
 2044              		.syntax unified
 2045              		.thumb
 2046              		.thumb_func
 2047              		.type	drv_display_stop, %function
 2048              	drv_display_stop:
 2049              	.LFB459:
 2050              		.loc 3 348 29
 2051              		.cfi_startproc
 2052              		@ args = 0, pretend = 0, frame = 0
 2053              		@ frame_needed = 1, uses_anonymous_args = 0
 2054 0000 80B5     		push	{r7, lr}
 2055              		.cfi_def_cfa_offset 8
 2056              		.cfi_offset 7, -8
 2057              		.cfi_offset 14, -4
 2058 0002 00AF     		add	r7, sp, #0
 2059              		.cfi_def_cfa_register 7
 2060              		.loc 3 349 20
 2061 0004 094B     		ldr	r3, .L152
 2062 0006 1B68     		ldr	r3, [r3]
 2063              		.loc 3 349 8
 2064 0008 002B     		cmp	r3, #0
 2065 000a 0DD0     		beq	.L151
 2066              		.loc 3 352 5
 2067 000c 074B     		ldr	r3, .L152
 2068 000e 1B68     		ldr	r3, [r3]
 2069 0010 1846     		mov	r0, r3
 2070 0012 FFF7FEFF 		bl	chThdTerminate
 2071              		.loc 3 353 5
 2072 0016 054B     		ldr	r3, .L152
 2073 0018 1B68     		ldr	r3, [r3]
 2074 001a 1846     		mov	r0, r3
 2075 001c FFF7FEFF 		bl	chThdWait
 2076              		.loc 3 354 16
 2077 0020 024B     		ldr	r3, .L152
 2078 0022 0022     		movs	r2, #0
 2079 0024 1A60     		str	r2, [r3]
 2080 0026 00E0     		b	.L148
 2081              	.L151:
 2082              		.loc 3 350 9
 2083 0028 00BF     		nop
 2084              	.L148:
 2085              		.loc 3 355 1
 2086 002a 80BD     		pop	{r7, pc}
 2087              	.L153:
 2088              		.align	2
 2089              	.L152:
 2090 002c 00000000 		.word	display_tp
 2091              		.cfi_endproc
 2092              	.LFE459:
 2093              		.size	drv_display_stop, .-drv_display_stop
 2094              		.text
 2095              	.Letext0:
 2096              		.file 4 "c:\\chibistudio\\tools\\gnu tools arm embedded\\11.3 2022.08\\lib\\gcc\\arm-none-eabi\\11
 2097              		.file 5 "c:\\chibistudio\\tools\\gnu tools arm embedded\\11.3 2022.08\\arm-none-eabi\\include\\mac
 2098              		.file 6 "c:\\chibistudio\\tools\\gnu tools arm embedded\\11.3 2022.08\\arm-none-eabi\\include\\sys
ARM GAS  C:\Users\DEVELO~1\AppData\Local\Temp\ccIRxm3d.s 			page 38


 2099              		.file 7 "c:\\chibistudio\\tools\\gnu tools arm embedded\\11.3 2022.08\\arm-none-eabi\\include\\std
 2100              		.file 8 "../../../os/common/ports/ARM-common/chtypes.h"
 2101              		.file 9 "../../../os/rt/include/chearly.h"
 2102              		.file 10 "../../../os/rt/include/chobjects.h"
 2103              		.file 11 "../../../os/rt/include/chrfcu.h"
 2104              		.file 12 "../../../os/rt/include/chdebug.h"
 2105              		.file 13 "../../../os/rt/include/chtime.h"
 2106              		.file 14 "../../../os/rt/include/chlists.h"
 2107              		.file 15 "../../../os/rt/include/chtrace.h"
 2108              		.file 16 "../../../os/common/ext/ST/STM32H7xx/stm32h743xx.h"
 2109              		.file 17 "../../../os/common/ports/ARMv7-M/chcore.h"
 2110              		.file 18 "../../../os/rt/include/chsem.h"
 2111              		.file 19 "../../../os/rt/include/chmtx.h"
 2112              		.file 20 "../../../os/hal/ports/STM32/LLD/DMAv2/stm32_dma.h"
 2113              		.file 21 "../../../os/hal/ports/STM32/LLD/BDMAv1/stm32_bdma.h"
 2114              		.file 22 "../../../os/hal/ports/STM32/LLD/GPIOv2/stm32_gpio.h"
 2115              		.file 23 "../../../os/hal/ports/STM32/LLD/GPIOv2/hal_pal_lld.h"
 2116              		.file 24 "../../../os/hal/include/hal_spi_v2.h"
 2117              		.file 25 "ui/font.h"
 2118              		.file 26 "../../../os/hal/ports/STM32/LLD/SPIv3/hal_spi_v2_lld.h"
 2119              		.file 27 "c:\\chibistudio\\tools\\gnu tools arm embedded\\11.3 2022.08\\arm-none-eabi\\include\\st
 2120              		.file 28 "c:\\chibistudio\\tools\\gnu tools arm embedded\\11.3 2022.08\\arm-none-eabi\\include\\st
 2121              		.file 29 "../../../os/rt/include/chsys.h"
 2122              		.section	.debug_info,"",%progbits
 2123              	.Ldebug_info0:
 2124 0000 07180000 		.4byte	0x1807
 2125 0004 0500     		.2byte	0x5
 2126 0006 01       		.byte	0x1
 2127 0007 04       		.byte	0x4
 2128 0008 00000000 		.4byte	.Ldebug_abbrev0
 2129 000c 2B       		.uleb128 0x2b
 2130 000d E2030000 		.4byte	.LASF261
 2131 0011 1D       		.byte	0x1d
 2132 0012 04030000 		.4byte	.LASF262
 2133 0016 CF010000 		.4byte	.LASF263
 2134 001a 0C000000 		.4byte	.LLRL0
 2135 001e 00000000 		.4byte	0
 2136 0022 00000000 		.4byte	.Ldebug_line0
 2137 0026 2C       		.uleb128 0x2c
 2138 0027 04       		.byte	0x4
 2139 0028 05       		.byte	0x5
 2140 0029 696E7400 		.ascii	"int\000"
 2141 002d 10       		.uleb128 0x10
 2142 002e 26000000 		.4byte	0x26
 2143 0032 02       		.uleb128 0x2
 2144 0033 CF030000 		.4byte	.LASF4
 2145 0037 04       		.byte	0x4
 2146 0038 D1       		.byte	0xd1
 2147 0039 17       		.byte	0x17
 2148 003a 3E000000 		.4byte	0x3e
 2149 003e 0B       		.uleb128 0xb
 2150 003f 04       		.byte	0x4
 2151 0040 07       		.byte	0x7
 2152 0041 C8000000 		.4byte	.LASF0
 2153 0045 0B       		.uleb128 0xb
 2154 0046 08       		.byte	0x8
 2155 0047 05       		.byte	0x5
ARM GAS  C:\Users\DEVELO~1\AppData\Local\Temp\ccIRxm3d.s 			page 39


 2156 0048 6B060000 		.4byte	.LASF1
 2157 004c 0B       		.uleb128 0xb
 2158 004d 08       		.byte	0x8
 2159 004e 04       		.byte	0x4
 2160 004f EA070000 		.4byte	.LASF2
 2161 0053 0B       		.uleb128 0xb
 2162 0054 01       		.byte	0x1
 2163 0055 06       		.byte	0x6
 2164 0056 000B0000 		.4byte	.LASF3
 2165 005a 02       		.uleb128 0x2
 2166 005b 5D090000 		.4byte	.LASF5
 2167 005f 05       		.byte	0x5
 2168 0060 2B       		.byte	0x2b
 2169 0061 18       		.byte	0x18
 2170 0062 66000000 		.4byte	0x66
 2171 0066 0B       		.uleb128 0xb
 2172 0067 01       		.byte	0x1
 2173 0068 08       		.byte	0x8
 2174 0069 300A0000 		.4byte	.LASF6
 2175 006d 0B       		.uleb128 0xb
 2176 006e 02       		.byte	0x2
 2177 006f 05       		.byte	0x5
 2178 0070 7F080000 		.4byte	.LASF7
 2179 0074 02       		.uleb128 0x2
 2180 0075 F3020000 		.4byte	.LASF8
 2181 0079 05       		.byte	0x5
 2182 007a 39       		.byte	0x39
 2183 007b 19       		.byte	0x19
 2184 007c 80000000 		.4byte	0x80
 2185 0080 0B       		.uleb128 0xb
 2186 0081 02       		.byte	0x2
 2187 0082 07       		.byte	0x7
 2188 0083 180B0000 		.4byte	.LASF9
 2189 0087 02       		.uleb128 0x2
 2190 0088 51050000 		.4byte	.LASF10
 2191 008c 05       		.byte	0x5
 2192 008d 4D       		.byte	0x4d
 2193 008e 18       		.byte	0x18
 2194 008f 93000000 		.4byte	0x93
 2195 0093 0B       		.uleb128 0xb
 2196 0094 04       		.byte	0x4
 2197 0095 05       		.byte	0x5
 2198 0096 00000000 		.4byte	.LASF11
 2199 009a 02       		.uleb128 0x2
 2200 009b 430A0000 		.4byte	.LASF12
 2201 009f 05       		.byte	0x5
 2202 00a0 4F       		.byte	0x4f
 2203 00a1 19       		.byte	0x19
 2204 00a2 A6000000 		.4byte	0xa6
 2205 00a6 0B       		.uleb128 0xb
 2206 00a7 04       		.byte	0x4
 2207 00a8 07       		.byte	0x7
 2208 00a9 8F090000 		.4byte	.LASF13
 2209 00ad 02       		.uleb128 0x2
 2210 00ae D2050000 		.4byte	.LASF14
 2211 00b2 05       		.byte	0x5
 2212 00b3 69       		.byte	0x69
ARM GAS  C:\Users\DEVELO~1\AppData\Local\Temp\ccIRxm3d.s 			page 40


 2213 00b4 19       		.byte	0x19
 2214 00b5 B9000000 		.4byte	0xb9
 2215 00b9 0B       		.uleb128 0xb
 2216 00ba 08       		.byte	0x8
 2217 00bb 07       		.byte	0x7
 2218 00bc C7020000 		.4byte	.LASF15
 2219 00c0 02       		.uleb128 0x2
 2220 00c1 F4050000 		.4byte	.LASF16
 2221 00c5 06       		.byte	0x6
 2222 00c6 18       		.byte	0x18
 2223 00c7 13       		.byte	0x13
 2224 00c8 5A000000 		.4byte	0x5a
 2225 00cc 10       		.uleb128 0x10
 2226 00cd C0000000 		.4byte	0xc0
 2227 00d1 02       		.uleb128 0x2
 2228 00d2 F6070000 		.4byte	.LASF17
 2229 00d6 06       		.byte	0x6
 2230 00d7 24       		.byte	0x24
 2231 00d8 14       		.byte	0x14
 2232 00d9 74000000 		.4byte	0x74
 2233 00dd 02       		.uleb128 0x2
 2234 00de DF090000 		.4byte	.LASF18
 2235 00e2 06       		.byte	0x6
 2236 00e3 2C       		.byte	0x2c
 2237 00e4 13       		.byte	0x13
 2238 00e5 87000000 		.4byte	0x87
 2239 00e9 02       		.uleb128 0x2
 2240 00ea DA000000 		.4byte	.LASF19
 2241 00ee 06       		.byte	0x6
 2242 00ef 30       		.byte	0x30
 2243 00f0 14       		.byte	0x14
 2244 00f1 9A000000 		.4byte	0x9a
 2245 00f5 18       		.uleb128 0x18
 2246 00f6 E9000000 		.4byte	0xe9
 2247 00fa 02       		.uleb128 0x2
 2248 00fb C50A0000 		.4byte	.LASF20
 2249 00ff 06       		.byte	0x6
 2250 0100 3C       		.byte	0x3c
 2251 0101 14       		.byte	0x14
 2252 0102 AD000000 		.4byte	0xad
 2253 0106 18       		.uleb128 0x18
 2254 0107 FA000000 		.4byte	0xfa
 2255 010b 02       		.uleb128 0x2
 2256 010c 79060000 		.4byte	.LASF21
 2257 0110 07       		.byte	0x7
 2258 0111 34       		.byte	0x34
 2259 0112 1F       		.byte	0x1f
 2260 0113 3E000000 		.4byte	0x3e
 2261 0117 02       		.uleb128 0x2
 2262 0118 D7080000 		.4byte	.LASF22
 2263 011c 08       		.byte	0x8
 2264 011d 48       		.byte	0x48
 2265 011e 1D       		.byte	0x1d
 2266 011f FA000000 		.4byte	0xfa
 2267 0123 02       		.uleb128 0x2
 2268 0124 2B0B0000 		.4byte	.LASF23
 2269 0128 09       		.byte	0x9
ARM GAS  C:\Users\DEVELO~1\AppData\Local\Temp\ccIRxm3d.s 			page 41


 2270 0129 50       		.byte	0x50
 2271 012a 19       		.byte	0x19
 2272 012b 17010000 		.4byte	0x117
 2273 012f 02       		.uleb128 0x2
 2274 0130 C9070000 		.4byte	.LASF24
 2275 0134 09       		.byte	0x9
 2276 0135 53       		.byte	0x53
 2277 0136 19       		.byte	0x19
 2278 0137 C0000000 		.4byte	0xc0
 2279 013b 02       		.uleb128 0x2
 2280 013c 9A050000 		.4byte	.LASF25
 2281 0140 09       		.byte	0x9
 2282 0141 54       		.byte	0x54
 2283 0142 19       		.byte	0x19
 2284 0143 C0000000 		.4byte	0xc0
 2285 0147 02       		.uleb128 0x2
 2286 0148 87090000 		.4byte	.LASF26
 2287 014c 09       		.byte	0x9
 2288 014d 55       		.byte	0x55
 2289 014e 19       		.byte	0x19
 2290 014f C0000000 		.4byte	0xc0
 2291 0153 02       		.uleb128 0x2
 2292 0154 97020000 		.4byte	.LASF27
 2293 0158 09       		.byte	0x9
 2294 0159 57       		.byte	0x57
 2295 015a 19       		.byte	0x19
 2296 015b E9000000 		.4byte	0xe9
 2297 015f 02       		.uleb128 0x2
 2298 0160 95060000 		.4byte	.LASF28
 2299 0164 09       		.byte	0x9
 2300 0165 58       		.byte	0x58
 2301 0166 19       		.byte	0x19
 2302 0167 DD000000 		.4byte	0xdd
 2303 016b 02       		.uleb128 0x2
 2304 016c 5F020000 		.4byte	.LASF29
 2305 0170 09       		.byte	0x9
 2306 0171 5A       		.byte	0x5a
 2307 0172 19       		.byte	0x19
 2308 0173 E9000000 		.4byte	0xe9
 2309 0177 02       		.uleb128 0x2
 2310 0178 FE020000 		.4byte	.LASF30
 2311 017c 09       		.byte	0x9
 2312 017d 5C       		.byte	0x5c
 2313 017e 19       		.byte	0x19
 2314 017f DD000000 		.4byte	0xdd
 2315 0183 02       		.uleb128 0x2
 2316 0184 AC0B0000 		.4byte	.LASF31
 2317 0188 09       		.byte	0x9
 2318 0189 80       		.byte	0x80
 2319 018a 12       		.byte	0x12
 2320 018b 3E000000 		.4byte	0x3e
 2321 018f 02       		.uleb128 0x2
 2322 0190 B8030000 		.4byte	.LASF32
 2323 0194 09       		.byte	0x9
 2324 0195 85       		.byte	0x85
 2325 0196 1A       		.byte	0x1a
 2326 0197 9B010000 		.4byte	0x19b
ARM GAS  C:\Users\DEVELO~1\AppData\Local\Temp\ccIRxm3d.s 			page 42


 2327 019b 09       		.uleb128 0x9
 2328 019c 28060000 		.4byte	.LASF47
 2329 01a0 48       		.byte	0x48
 2330 01a1 0A       		.byte	0xa
 2331 01a2 9C       		.byte	0x9c
 2332 01a3 08       		.byte	0x8
 2333 01a4 7E020000 		.4byte	0x27e
 2334 01a8 08       		.uleb128 0x8
 2335 01a9 68647200 		.ascii	"hdr\000"
 2336 01ad 0A       		.byte	0xa
 2337 01ae AD       		.byte	0xad
 2338 01af 05       		.byte	0x5
 2339 01b0 82090000 		.4byte	0x982
 2340 01b4 00       		.byte	0
 2341 01b5 08       		.uleb128 0x8
 2342 01b6 63747800 		.ascii	"ctx\000"
 2343 01ba 0A       		.byte	0xa
 2344 01bb B1       		.byte	0xb1
 2345 01bc 21       		.byte	0x21
 2346 01bd ED080000 		.4byte	0x8ed
 2347 01c1 0C       		.byte	0xc
 2348 01c2 01       		.uleb128 0x1
 2349 01c3 A3050000 		.4byte	.LASF33
 2350 01c7 0A       		.byte	0xa
 2351 01c8 B6       		.byte	0xb6
 2352 01c9 21       		.byte	0x21
 2353 01ca D8030000 		.4byte	0x3d8
 2354 01ce 10       		.byte	0x10
 2355 01cf 01       		.uleb128 0x1
 2356 01d0 63030000 		.4byte	.LASF34
 2357 01d4 0A       		.byte	0xa
 2358 01d5 BB       		.byte	0xbb
 2359 01d6 22       		.byte	0x22
 2360 01d7 860A0000 		.4byte	0xa86
 2361 01db 18       		.byte	0x18
 2362 01dc 01       		.uleb128 0x1
 2363 01dd 67090000 		.4byte	.LASF35
 2364 01e1 0A       		.byte	0xa
 2365 01e2 C0       		.byte	0xc0
 2366 01e3 22       		.byte	0x22
 2367 01e4 66030000 		.4byte	0x366
 2368 01e8 1C       		.byte	0x1c
 2369 01e9 01       		.uleb128 0x1
 2370 01ea 71050000 		.4byte	.LASF36
 2371 01ee 0A       		.byte	0xa
 2372 01ef C9       		.byte	0xc9
 2373 01f0 22       		.byte	0x22
 2374 01f1 8B0A0000 		.4byte	0xa8b
 2375 01f5 20       		.byte	0x20
 2376 01f6 01       		.uleb128 0x1
 2377 01f7 A50A0000 		.4byte	.LASF37
 2378 01fb 0A       		.byte	0xa
 2379 01fc CE       		.byte	0xce
 2380 01fd 21       		.byte	0x21
 2381 01fe 3B010000 		.4byte	0x13b
 2382 0202 24       		.byte	0x24
 2383 0203 01       		.uleb128 0x1
ARM GAS  C:\Users\DEVELO~1\AppData\Local\Temp\ccIRxm3d.s 			page 43


 2384 0204 95000000 		.4byte	.LASF38
 2385 0208 0A       		.byte	0xa
 2386 0209 D2       		.byte	0xd2
 2387 020a 21       		.byte	0x21
 2388 020b 2F010000 		.4byte	0x12f
 2389 020f 25       		.byte	0x25
 2390 0210 01       		.uleb128 0x1
 2391 0211 F0000000 		.4byte	.LASF39
 2392 0215 0A       		.byte	0xa
 2393 0216 D7       		.byte	0xd7
 2394 0217 21       		.byte	0x21
 2395 0218 47010000 		.4byte	0x147
 2396 021c 26       		.byte	0x26
 2397 021d 07       		.uleb128 0x7
 2398 021e 7500     		.ascii	"u\000"
 2399 0220 0A       		.byte	0xa
 2400 0221 2801     		.2byte	0x128
 2401 0223 21       		.byte	0x21
 2402 0224 B0090000 		.4byte	0x9b0
 2403 0228 28       		.byte	0x28
 2404 0229 03       		.uleb128 0x3
 2405 022a 4E0A0000 		.4byte	.LASF40
 2406 022e 0A       		.byte	0xa
 2407 022f 2D01     		.2byte	0x12d
 2408 0231 21       		.byte	0x21
 2409 0232 AC030000 		.4byte	0x3ac
 2410 0236 2C       		.byte	0x2c
 2411 0237 03       		.uleb128 0x3
 2412 0238 12060000 		.4byte	.LASF41
 2413 023c 0A       		.byte	0xa
 2414 023d 3301     		.2byte	0x133
 2415 023f 21       		.byte	0x21
 2416 0240 D8030000 		.4byte	0x3d8
 2417 0244 30       		.byte	0x30
 2418 0245 03       		.uleb128 0x3
 2419 0246 BF000000 		.4byte	.LASF42
 2420 024a 0A       		.byte	0xa
 2421 024b 3901     		.2byte	0x139
 2422 024d 21       		.byte	0x21
 2423 024e 6B010000 		.4byte	0x16b
 2424 0252 38       		.byte	0x38
 2425 0253 03       		.uleb128 0x3
 2426 0254 7E030000 		.4byte	.LASF43
 2427 0258 0A       		.byte	0xa
 2428 0259 4001     		.2byte	0x140
 2429 025b 22       		.byte	0x22
 2430 025c 810A0000 		.4byte	0xa81
 2431 0260 3C       		.byte	0x3c
 2432 0261 03       		.uleb128 0x3
 2433 0262 A5000000 		.4byte	.LASF44
 2434 0266 0A       		.byte	0xa
 2435 0267 4401     		.2byte	0x144
 2436 0269 21       		.byte	0x21
 2437 026a 53010000 		.4byte	0x153
 2438 026e 40       		.byte	0x40
 2439 026f 03       		.uleb128 0x3
 2440 0270 B60B0000 		.4byte	.LASF45
ARM GAS  C:\Users\DEVELO~1\AppData\Local\Temp\ccIRxm3d.s 			page 44


 2441 0274 0A       		.byte	0xa
 2442 0275 4B01     		.2byte	0x14b
 2443 0277 22       		.byte	0x22
 2444 0278 C6040000 		.4byte	0x4c6
 2445 027c 44       		.byte	0x44
 2446 027d 00       		.byte	0
 2447 027e 02       		.uleb128 0x2
 2448 027f B70A0000 		.4byte	.LASF46
 2449 0283 09       		.byte	0x9
 2450 0284 8A       		.byte	0x8a
 2451 0285 1F       		.byte	0x1f
 2452 0286 8A020000 		.4byte	0x28a
 2453 028a 2D       		.uleb128 0x2d
 2454 028b D5040000 		.4byte	.LASF48
 2455 028f 9008     		.2byte	0x890
 2456 0291 0A       		.byte	0xa
 2457 0292 8A01     		.2byte	0x18a
 2458 0294 08       		.byte	0x8
 2459 0295 18030000 		.4byte	0x318
 2460 0299 03       		.uleb128 0x3
 2461 029a 2E090000 		.4byte	.LASF49
 2462 029e 0A       		.byte	0xa
 2463 029f 8E01     		.2byte	0x18e
 2464 02a1 21       		.byte	0x21
 2465 02a2 BB0A0000 		.4byte	0xabb
 2466 02a6 00       		.byte	0
 2467 02a7 03       		.uleb128 0x3
 2468 02a8 1A010000 		.4byte	.LASF50
 2469 02ac 0A       		.byte	0xa
 2470 02ad 9201     		.2byte	0x192
 2471 02af 21       		.byte	0x21
 2472 02b0 43090000 		.4byte	0x943
 2473 02b4 10       		.byte	0x10
 2474 02b5 03       		.uleb128 0x3
 2475 02b6 D80A0000 		.4byte	.LASF51
 2476 02ba 0A       		.byte	0xa
 2477 02bb 9901     		.2byte	0x199
 2478 02bd 21       		.byte	0x21
 2479 02be 6A090000 		.4byte	0x96a
 2480 02c2 28       		.byte	0x28
 2481 02c3 03       		.uleb128 0x3
 2482 02c4 E3000000 		.4byte	.LASF52
 2483 02c8 0A       		.byte	0xa
 2484 02c9 9E01     		.2byte	0x19e
 2485 02cb 21       		.byte	0x21
 2486 02cc 83010000 		.4byte	0x183
 2487 02d0 30       		.byte	0x30
 2488 02d1 03       		.uleb128 0x3
 2489 02d2 9D030000 		.4byte	.LASF53
 2490 02d6 0A       		.byte	0xa
 2491 02d7 A401     		.2byte	0x1a4
 2492 02d9 21       		.byte	0x21
 2493 02da 3F030000 		.4byte	0x33f
 2494 02de 34       		.byte	0x34
 2495 02df 03       		.uleb128 0x3
 2496 02e0 39080000 		.4byte	.LASF54
 2497 02e4 0A       		.byte	0xa
ARM GAS  C:\Users\DEVELO~1\AppData\Local\Temp\ccIRxm3d.s 			page 45


 2498 02e5 A901     		.2byte	0x1a9
 2499 02e7 22       		.byte	0x22
 2500 02e8 2F0B0000 		.4byte	0xb2f
 2501 02ec 38       		.byte	0x38
 2502 02ed 03       		.uleb128 0x3
 2503 02ee D1070000 		.4byte	.LASF55
 2504 02f2 0A       		.byte	0xa
 2505 02f3 AD01     		.2byte	0x1ad
 2506 02f5 21       		.byte	0x21
 2507 02f6 8F010000 		.4byte	0x18f
 2508 02fa 3C       		.byte	0x3c
 2509 02fb 07       		.uleb128 0x7
 2510 02fc 64626700 		.ascii	"dbg\000"
 2511 0300 0A       		.byte	0xa
 2512 0301 B101     		.2byte	0x1b1
 2513 0303 21       		.byte	0x21
 2514 0304 7C030000 		.4byte	0x37c
 2515 0308 84       		.byte	0x84
 2516 0309 03       		.uleb128 0x3
 2517 030a F4090000 		.4byte	.LASF56
 2518 030e 0A       		.byte	0xa
 2519 030f B601     		.2byte	0x1b6
 2520 0311 21       		.byte	0x21
 2521 0312 28060000 		.4byte	0x628
 2522 0316 88       		.byte	0x88
 2523 0317 00       		.byte	0
 2524 0318 02       		.uleb128 0x2
 2525 0319 45050000 		.4byte	.LASF57
 2526 031d 0B       		.byte	0xb
 2527 031e 3F       		.byte	0x3f
 2528 031f 12       		.byte	0x12
 2529 0320 E9000000 		.4byte	0xe9
 2530 0324 09       		.uleb128 0x9
 2531 0325 AD040000 		.4byte	.LASF58
 2532 0329 04       		.byte	0x4
 2533 032a 0B       		.byte	0xb
 2534 032b 44       		.byte	0x44
 2535 032c 10       		.byte	0x10
 2536 032d 3F030000 		.4byte	0x33f
 2537 0331 01       		.uleb128 0x1
 2538 0332 58070000 		.4byte	.LASF59
 2539 0336 0B       		.byte	0xb
 2540 0337 48       		.byte	0x48
 2541 0338 21       		.byte	0x21
 2542 0339 18030000 		.4byte	0x318
 2543 033d 00       		.byte	0
 2544 033e 00       		.byte	0
 2545 033f 02       		.uleb128 0x2
 2546 0340 E7090000 		.4byte	.LASF60
 2547 0344 0B       		.byte	0xb
 2548 0345 49       		.byte	0x49
 2549 0346 03       		.byte	0x3
 2550 0347 24030000 		.4byte	0x324
 2551 034b 09       		.uleb128 0x9
 2552 034c BF010000 		.4byte	.LASF61
 2553 0350 04       		.byte	0x4
 2554 0351 0C       		.byte	0xc
ARM GAS  C:\Users\DEVELO~1\AppData\Local\Temp\ccIRxm3d.s 			page 46


 2555 0352 3E       		.byte	0x3e
 2556 0353 10       		.byte	0x10
 2557 0354 66030000 		.4byte	0x366
 2558 0358 01       		.uleb128 0x1
 2559 0359 95070000 		.4byte	.LASF62
 2560 035d 0C       		.byte	0xc
 2561 035e 46       		.byte	0x46
 2562 035f 24       		.byte	0x24
 2563 0360 6B030000 		.4byte	0x36b
 2564 0364 00       		.byte	0
 2565 0365 00       		.byte	0
 2566 0366 04       		.uleb128 0x4
 2567 0367 77030000 		.4byte	0x377
 2568 036b 18       		.uleb128 0x18
 2569 036c 66030000 		.4byte	0x366
 2570 0370 0B       		.uleb128 0xb
 2571 0371 01       		.byte	0x1
 2572 0372 08       		.byte	0x8
 2573 0373 30050000 		.4byte	.LASF63
 2574 0377 10       		.uleb128 0x10
 2575 0378 70030000 		.4byte	0x370
 2576 037c 02       		.uleb128 0x2
 2577 037d 52060000 		.4byte	.LASF64
 2578 0381 0C       		.byte	0xc
 2579 0382 51       		.byte	0x51
 2580 0383 03       		.byte	0x3
 2581 0384 4B030000 		.4byte	0x34b
 2582 0388 02       		.uleb128 0x2
 2583 0389 9B000000 		.4byte	.LASF65
 2584 038d 0D       		.byte	0xd
 2585 038e 6D       		.byte	0x6d
 2586 038f 12       		.byte	0x12
 2587 0390 E9000000 		.4byte	0xe9
 2588 0394 02       		.uleb128 0x2
 2589 0395 7C070000 		.4byte	.LASF66
 2590 0399 0D       		.byte	0xd
 2591 039a 79       		.byte	0x79
 2592 039b 12       		.byte	0x12
 2593 039c E9000000 		.4byte	0xe9
 2594 03a0 02       		.uleb128 0x2
 2595 03a1 5B050000 		.4byte	.LASF67
 2596 03a5 0D       		.byte	0xd
 2597 03a6 9B       		.byte	0x9b
 2598 03a7 12       		.byte	0x12
 2599 03a8 FA000000 		.4byte	0xfa
 2600 03ac 02       		.uleb128 0x2
 2601 03ad FF070000 		.4byte	.LASF68
 2602 03b1 0E       		.byte	0xe
 2603 03b2 32       		.byte	0x32
 2604 03b3 18       		.byte	0x18
 2605 03b4 B8030000 		.4byte	0x3b8
 2606 03b8 09       		.uleb128 0x9
 2607 03b9 9D010000 		.4byte	.LASF69
 2608 03bd 04       		.byte	0x4
 2609 03be 0E       		.byte	0xe
 2610 03bf 38       		.byte	0x38
 2611 03c0 08       		.byte	0x8
ARM GAS  C:\Users\DEVELO~1\AppData\Local\Temp\ccIRxm3d.s 			page 47


 2612 03c1 D3030000 		.4byte	0x3d3
 2613 03c5 01       		.uleb128 0x1
 2614 03c6 D5000000 		.4byte	.LASF70
 2615 03ca 0E       		.byte	0xe
 2616 03cb 39       		.byte	0x39
 2617 03cc 1A       		.byte	0x1a
 2618 03cd D3030000 		.4byte	0x3d3
 2619 03d1 00       		.byte	0
 2620 03d2 00       		.byte	0
 2621 03d3 04       		.uleb128 0x4
 2622 03d4 AC030000 		.4byte	0x3ac
 2623 03d8 02       		.uleb128 0x2
 2624 03d9 8A070000 		.4byte	.LASF71
 2625 03dd 0E       		.byte	0xe
 2626 03de 3F       		.byte	0x3f
 2627 03df 19       		.byte	0x19
 2628 03e0 E4030000 		.4byte	0x3e4
 2629 03e4 09       		.uleb128 0x9
 2630 03e5 1A0A0000 		.4byte	.LASF72
 2631 03e9 08       		.byte	0x8
 2632 03ea 0E       		.byte	0xe
 2633 03eb 45       		.byte	0x45
 2634 03ec 08       		.byte	0x8
 2635 03ed 0C040000 		.4byte	0x40c
 2636 03f1 01       		.uleb128 0x1
 2637 03f2 D5000000 		.4byte	.LASF70
 2638 03f6 0E       		.byte	0xe
 2639 03f7 46       		.byte	0x46
 2640 03f8 1A       		.byte	0x1a
 2641 03f9 0C040000 		.4byte	0x40c
 2642 03fd 00       		.byte	0
 2643 03fe 01       		.uleb128 0x1
 2644 03ff 83010000 		.4byte	.LASF73
 2645 0403 0E       		.byte	0xe
 2646 0404 47       		.byte	0x47
 2647 0405 1A       		.byte	0x1a
 2648 0406 0C040000 		.4byte	0x40c
 2649 040a 04       		.byte	0x4
 2650 040b 00       		.byte	0
 2651 040c 04       		.uleb128 0x4
 2652 040d D8030000 		.4byte	0x3d8
 2653 0411 02       		.uleb128 0x2
 2654 0412 8D040000 		.4byte	.LASF74
 2655 0416 0E       		.byte	0xe
 2656 0417 4E       		.byte	0x4e
 2657 0418 22       		.byte	0x22
 2658 0419 1D040000 		.4byte	0x41d
 2659 041d 09       		.uleb128 0x9
 2660 041e 080A0000 		.4byte	.LASF75
 2661 0422 0C       		.byte	0xc
 2662 0423 0E       		.byte	0xe
 2663 0424 55       		.byte	0x55
 2664 0425 08       		.byte	0x8
 2665 0426 52040000 		.4byte	0x452
 2666 042a 01       		.uleb128 0x1
 2667 042b D5000000 		.4byte	.LASF70
 2668 042f 0E       		.byte	0xe
ARM GAS  C:\Users\DEVELO~1\AppData\Local\Temp\ccIRxm3d.s 			page 48


 2669 0430 56       		.byte	0x56
 2670 0431 1A       		.byte	0x1a
 2671 0432 52040000 		.4byte	0x452
 2672 0436 00       		.byte	0
 2673 0437 01       		.uleb128 0x1
 2674 0438 83010000 		.4byte	.LASF73
 2675 043c 0E       		.byte	0xe
 2676 043d 57       		.byte	0x57
 2677 043e 1A       		.byte	0x1a
 2678 043f 52040000 		.4byte	0x452
 2679 0443 04       		.byte	0x4
 2680 0444 01       		.uleb128 0x1
 2681 0445 18050000 		.4byte	.LASF76
 2682 0449 0E       		.byte	0xe
 2683 044a 58       		.byte	0x58
 2684 044b 19       		.byte	0x19
 2685 044c 53010000 		.4byte	0x153
 2686 0450 08       		.byte	0x8
 2687 0451 00       		.byte	0
 2688 0452 04       		.uleb128 0x4
 2689 0453 11040000 		.4byte	0x411
 2690 0457 02       		.uleb128 0x2
 2691 0458 35050000 		.4byte	.LASF77
 2692 045c 0E       		.byte	0xe
 2693 045d 5F       		.byte	0x5f
 2694 045e 1E       		.byte	0x1e
 2695 045f 63040000 		.4byte	0x463
 2696 0463 09       		.uleb128 0x9
 2697 0464 49020000 		.4byte	.LASF78
 2698 0468 0C       		.byte	0xc
 2699 0469 0E       		.byte	0xe
 2700 046a 64       		.byte	0x64
 2701 046b 08       		.byte	0x8
 2702 046c 98040000 		.4byte	0x498
 2703 0470 01       		.uleb128 0x1
 2704 0471 D5000000 		.4byte	.LASF70
 2705 0475 0E       		.byte	0xe
 2706 0476 65       		.byte	0x65
 2707 0477 1A       		.byte	0x1a
 2708 0478 98040000 		.4byte	0x498
 2709 047c 00       		.byte	0
 2710 047d 01       		.uleb128 0x1
 2711 047e 83010000 		.4byte	.LASF73
 2712 0482 0E       		.byte	0xe
 2713 0483 66       		.byte	0x66
 2714 0484 1A       		.byte	0x1a
 2715 0485 98040000 		.4byte	0x498
 2716 0489 04       		.byte	0x4
 2717 048a 01       		.uleb128 0x1
 2718 048b 0C0B0000 		.4byte	.LASF79
 2719 048f 0E       		.byte	0xe
 2720 0490 67       		.byte	0x67
 2721 0491 19       		.byte	0x19
 2722 0492 94030000 		.4byte	0x394
 2723 0496 08       		.byte	0x8
 2724 0497 00       		.byte	0
 2725 0498 04       		.uleb128 0x4
ARM GAS  C:\Users\DEVELO~1\AppData\Local\Temp\ccIRxm3d.s 			page 49


 2726 0499 57040000 		.4byte	0x457
 2727 049d 0D       		.uleb128 0xd
 2728 049e 08       		.byte	0x8
 2729 049f 0F       		.byte	0xf
 2730 04a0 83       		.byte	0x83
 2731 04a1 05       		.byte	0x5
 2732 04a2 C1040000 		.4byte	0x4c1
 2733 04a6 08       		.uleb128 0x8
 2734 04a7 6E747000 		.ascii	"ntp\000"
 2735 04ab 0F       		.byte	0xf
 2736 04ac 87       		.byte	0x87
 2737 04ad 1E       		.byte	0x1e
 2738 04ae C1040000 		.4byte	0x4c1
 2739 04b2 00       		.byte	0
 2740 04b3 01       		.uleb128 0x1
 2741 04b4 AC010000 		.4byte	.LASF80
 2742 04b8 0F       		.byte	0xf
 2743 04b9 8B       		.byte	0x8b
 2744 04ba 1E       		.byte	0x1e
 2745 04bb C6040000 		.4byte	0x4c6
 2746 04bf 04       		.byte	0x4
 2747 04c0 00       		.byte	0
 2748 04c1 04       		.uleb128 0x4
 2749 04c2 8F010000 		.4byte	0x18f
 2750 04c6 2E       		.uleb128 0x2e
 2751 04c7 04       		.byte	0x4
 2752 04c8 0D       		.uleb128 0xd
 2753 04c9 08       		.byte	0x8
 2754 04ca 0F       		.byte	0xf
 2755 04cb 90       		.byte	0x90
 2756 04cc 05       		.byte	0x5
 2757 04cd EB040000 		.4byte	0x4eb
 2758 04d1 08       		.uleb128 0x8
 2759 04d2 747000   		.ascii	"tp\000"
 2760 04d5 0F       		.byte	0xf
 2761 04d6 94       		.byte	0x94
 2762 04d7 1E       		.byte	0x1e
 2763 04d8 C1040000 		.4byte	0x4c1
 2764 04dc 00       		.byte	0
 2765 04dd 08       		.uleb128 0x8
 2766 04de 6D736700 		.ascii	"msg\000"
 2767 04e2 0F       		.byte	0xf
 2768 04e3 98       		.byte	0x98
 2769 04e4 1D       		.byte	0x1d
 2770 04e5 5F010000 		.4byte	0x15f
 2771 04e9 04       		.byte	0x4
 2772 04ea 00       		.byte	0
 2773 04eb 0D       		.uleb128 0xd
 2774 04ec 04       		.byte	0x4
 2775 04ed 0F       		.byte	0xf
 2776 04ee 9D       		.byte	0x9d
 2777 04ef 05       		.byte	0x5
 2778 04f0 02050000 		.4byte	0x502
 2779 04f4 01       		.uleb128 0x1
 2780 04f5 67090000 		.4byte	.LASF35
 2781 04f9 0F       		.byte	0xf
 2782 04fa A1       		.byte	0xa1
ARM GAS  C:\Users\DEVELO~1\AppData\Local\Temp\ccIRxm3d.s 			page 50


 2783 04fb 1E       		.byte	0x1e
 2784 04fc 66030000 		.4byte	0x366
 2785 0500 00       		.byte	0
 2786 0501 00       		.byte	0
 2787 0502 0D       		.uleb128 0xd
 2788 0503 04       		.byte	0x4
 2789 0504 0F       		.byte	0xf
 2790 0505 A6       		.byte	0xa6
 2791 0506 05       		.byte	0x5
 2792 0507 19050000 		.4byte	0x519
 2793 050b 01       		.uleb128 0x1
 2794 050c DE020000 		.4byte	.LASF81
 2795 0510 0F       		.byte	0xf
 2796 0511 AA       		.byte	0xaa
 2797 0512 1E       		.byte	0x1e
 2798 0513 66030000 		.4byte	0x366
 2799 0517 00       		.byte	0
 2800 0518 00       		.byte	0
 2801 0519 0D       		.uleb128 0xd
 2802 051a 08       		.byte	0x8
 2803 051b 0F       		.byte	0xf
 2804 051c AF       		.byte	0xaf
 2805 051d 05       		.byte	0x5
 2806 051e 3D050000 		.4byte	0x53d
 2807 0522 08       		.uleb128 0x8
 2808 0523 75703100 		.ascii	"up1\000"
 2809 0527 0F       		.byte	0xf
 2810 0528 B3       		.byte	0xb3
 2811 0529 1E       		.byte	0x1e
 2812 052a C6040000 		.4byte	0x4c6
 2813 052e 00       		.byte	0
 2814 052f 08       		.uleb128 0x8
 2815 0530 75703200 		.ascii	"up2\000"
 2816 0534 0F       		.byte	0xf
 2817 0535 B7       		.byte	0xb7
 2818 0536 1E       		.byte	0x1e
 2819 0537 C6040000 		.4byte	0x4c6
 2820 053b 04       		.byte	0x4
 2821 053c 00       		.byte	0
 2822 053d 15       		.uleb128 0x15
 2823 053e 08       		.byte	0x8
 2824 053f 0F       		.byte	0xf
 2825 0540 7F       		.byte	0x7f
 2826 0541 03       		.byte	0x3
 2827 0542 82050000 		.4byte	0x582
 2828 0546 13       		.uleb128 0x13
 2829 0547 737700   		.ascii	"sw\000"
 2830 054a 0F       		.byte	0xf
 2831 054b 8C       		.byte	0x8c
 2832 054c 07       		.byte	0x7
 2833 054d 9D040000 		.4byte	0x49d
 2834 0551 13       		.uleb128 0x13
 2835 0552 72647900 		.ascii	"rdy\000"
 2836 0556 0F       		.byte	0xf
 2837 0557 99       		.byte	0x99
 2838 0558 07       		.byte	0x7
 2839 0559 C8040000 		.4byte	0x4c8
ARM GAS  C:\Users\DEVELO~1\AppData\Local\Temp\ccIRxm3d.s 			page 51


 2840 055d 13       		.uleb128 0x13
 2841 055e 69737200 		.ascii	"isr\000"
 2842 0562 0F       		.byte	0xf
 2843 0563 A2       		.byte	0xa2
 2844 0564 07       		.byte	0x7
 2845 0565 EB040000 		.4byte	0x4eb
 2846 0569 0E       		.uleb128 0xe
 2847 056a C2020000 		.4byte	.LASF82
 2848 056e 0F       		.byte	0xf
 2849 056f AB       		.byte	0xab
 2850 0570 07       		.byte	0x7
 2851 0571 02050000 		.4byte	0x502
 2852 0575 0E       		.uleb128 0xe
 2853 0576 CA030000 		.4byte	.LASF83
 2854 057a 0F       		.byte	0xf
 2855 057b B8       		.byte	0xb8
 2856 057c 07       		.byte	0x7
 2857 057d 19050000 		.4byte	0x519
 2858 0581 00       		.byte	0
 2859 0582 0D       		.uleb128 0xd
 2860 0583 10       		.byte	0x10
 2861 0584 0F       		.byte	0xf
 2862 0585 6C       		.byte	0x6c
 2863 0586 09       		.byte	0x9
 2864 0587 C8050000 		.4byte	0x5c8
 2865 058b 23       		.uleb128 0x23
 2866 058c 2B0A0000 		.4byte	.LASF84
 2867 0590 70       		.byte	0x70
 2868 0591 E9000000 		.4byte	0xe9
 2869 0595 03       		.byte	0x3
 2870 0596 00       		.byte	0
 2871 0597 23       		.uleb128 0x23
 2872 0598 A50A0000 		.4byte	.LASF37
 2873 059c 74       		.byte	0x74
 2874 059d E9000000 		.4byte	0xe9
 2875 05a1 05       		.byte	0x5
 2876 05a2 03       		.byte	0x3
 2877 05a3 23       		.uleb128 0x23
 2878 05a4 CE090000 		.4byte	.LASF85
 2879 05a8 7A       		.byte	0x7a
 2880 05a9 E9000000 		.4byte	0xe9
 2881 05ad 18       		.byte	0x18
 2882 05ae 08       		.byte	0x8
 2883 05af 01       		.uleb128 0x1
 2884 05b0 4C030000 		.4byte	.LASF86
 2885 05b4 0F       		.byte	0xf
 2886 05b5 7E       		.byte	0x7e
 2887 05b6 19       		.byte	0x19
 2888 05b7 88030000 		.4byte	0x388
 2889 05bb 04       		.byte	0x4
 2890 05bc 08       		.uleb128 0x8
 2891 05bd 7500     		.ascii	"u\000"
 2892 05bf 0F       		.byte	0xf
 2893 05c0 B9       		.byte	0xb9
 2894 05c1 05       		.byte	0x5
 2895 05c2 3D050000 		.4byte	0x53d
 2896 05c6 08       		.byte	0x8
ARM GAS  C:\Users\DEVELO~1\AppData\Local\Temp\ccIRxm3d.s 			page 52


 2897 05c7 00       		.byte	0
 2898 05c8 02       		.uleb128 0x2
 2899 05c9 70020000 		.4byte	.LASF87
 2900 05cd 0F       		.byte	0xf
 2901 05ce BA       		.byte	0xba
 2902 05cf 03       		.byte	0x3
 2903 05d0 82050000 		.4byte	0x582
 2904 05d4 2F       		.uleb128 0x2f
 2905 05d5 0808     		.2byte	0x808
 2906 05d7 0F       		.byte	0xf
 2907 05d8 C0       		.byte	0xc0
 2908 05d9 09       		.byte	0x9
 2909 05da 13060000 		.4byte	0x613
 2910 05de 01       		.uleb128 0x1
 2911 05df B5000000 		.4byte	.LASF88
 2912 05e3 0F       		.byte	0xf
 2913 05e4 C4       		.byte	0xc4
 2914 05e5 19       		.byte	0x19
 2915 05e6 D1000000 		.4byte	0xd1
 2916 05ea 00       		.byte	0
 2917 05eb 01       		.uleb128 0x1
 2918 05ec 42070000 		.4byte	.LASF89
 2919 05f0 0F       		.byte	0xf
 2920 05f1 C8       		.byte	0xc8
 2921 05f2 19       		.byte	0x19
 2922 05f3 D1000000 		.4byte	0xd1
 2923 05f7 02       		.byte	0x2
 2924 05f8 08       		.uleb128 0x8
 2925 05f9 70747200 		.ascii	"ptr\000"
 2926 05fd 0F       		.byte	0xf
 2927 05fe CC       		.byte	0xcc
 2928 05ff 1A       		.byte	0x1a
 2929 0600 13060000 		.4byte	0x613
 2930 0604 04       		.byte	0x4
 2931 0605 01       		.uleb128 0x1
 2932 0606 AE000000 		.4byte	.LASF90
 2933 060a 0F       		.byte	0xf
 2934 060b D0       		.byte	0xd0
 2935 060c 19       		.byte	0x19
 2936 060d 18060000 		.4byte	0x618
 2937 0611 08       		.byte	0x8
 2938 0612 00       		.byte	0
 2939 0613 04       		.uleb128 0x4
 2940 0614 C8050000 		.4byte	0x5c8
 2941 0618 19       		.uleb128 0x19
 2942 0619 C8050000 		.4byte	0x5c8
 2943 061d 28060000 		.4byte	0x628
 2944 0621 1D       		.uleb128 0x1d
 2945 0622 3E000000 		.4byte	0x3e
 2946 0626 7F       		.byte	0x7f
 2947 0627 00       		.byte	0
 2948 0628 02       		.uleb128 0x2
 2949 0629 BA070000 		.4byte	.LASF91
 2950 062d 0F       		.byte	0xf
 2951 062e D1       		.byte	0xd1
 2952 062f 03       		.byte	0x3
 2953 0630 D4050000 		.4byte	0x5d4
ARM GAS  C:\Users\DEVELO~1\AppData\Local\Temp\ccIRxm3d.s 			page 53


 2954 0634 16       		.uleb128 0x16
 2955 0635 18       		.byte	0x18
 2956 0636 10       		.byte	0x10
 2957 0637 3002     		.2byte	0x230
 2958 0639 91060000 		.4byte	0x691
 2959 063d 07       		.uleb128 0x7
 2960 063e 435200   		.ascii	"CR\000"
 2961 0641 10       		.byte	0x10
 2962 0642 3202     		.2byte	0x232
 2963 0644 11       		.byte	0x11
 2964 0645 F5000000 		.4byte	0xf5
 2965 0649 00       		.byte	0
 2966 064a 03       		.uleb128 0x3
 2967 064b 65010000 		.4byte	.LASF92
 2968 064f 10       		.byte	0x10
 2969 0650 3302     		.2byte	0x233
 2970 0652 11       		.byte	0x11
 2971 0653 F5000000 		.4byte	0xf5
 2972 0657 04       		.byte	0x4
 2973 0658 07       		.uleb128 0x7
 2974 0659 50415200 		.ascii	"PAR\000"
 2975 065d 10       		.byte	0x10
 2976 065e 3402     		.2byte	0x234
 2977 0660 11       		.byte	0x11
 2978 0661 F5000000 		.4byte	0xf5
 2979 0665 08       		.byte	0x8
 2980 0666 03       		.uleb128 0x3
 2981 0667 D0040000 		.4byte	.LASF93
 2982 066b 10       		.byte	0x10
 2983 066c 3502     		.2byte	0x235
 2984 066e 11       		.byte	0x11
 2985 066f F5000000 		.4byte	0xf5
 2986 0673 0C       		.byte	0xc
 2987 0674 03       		.uleb128 0x3
 2988 0675 09070000 		.4byte	.LASF94
 2989 0679 10       		.byte	0x10
 2990 067a 3602     		.2byte	0x236
 2991 067c 11       		.byte	0x11
 2992 067d F5000000 		.4byte	0xf5
 2993 0681 10       		.byte	0x10
 2994 0682 07       		.uleb128 0x7
 2995 0683 46435200 		.ascii	"FCR\000"
 2996 0687 10       		.byte	0x10
 2997 0688 3702     		.2byte	0x237
 2998 068a 11       		.byte	0x11
 2999 068b F5000000 		.4byte	0xf5
 3000 068f 14       		.byte	0x14
 3001 0690 00       		.byte	0
 3002 0691 11       		.uleb128 0x11
 3003 0692 2F070000 		.4byte	.LASF95
 3004 0696 10       		.byte	0x10
 3005 0697 3802     		.2byte	0x238
 3006 0699 03       		.byte	0x3
 3007 069a 34060000 		.4byte	0x634
 3008 069e 16       		.uleb128 0x16
 3009 069f 14       		.byte	0x14
 3010 06a0 10       		.byte	0x10
ARM GAS  C:\Users\DEVELO~1\AppData\Local\Temp\ccIRxm3d.s 			page 54


 3011 06a1 4202     		.2byte	0x242
 3012 06a3 EE060000 		.4byte	0x6ee
 3013 06a7 07       		.uleb128 0x7
 3014 06a8 43435200 		.ascii	"CCR\000"
 3015 06ac 10       		.byte	0x10
 3016 06ad 4402     		.2byte	0x244
 3017 06af 11       		.byte	0x11
 3018 06b0 F5000000 		.4byte	0xf5
 3019 06b4 00       		.byte	0
 3020 06b5 03       		.uleb128 0x3
 3021 06b6 B9010000 		.4byte	.LASF96
 3022 06ba 10       		.byte	0x10
 3023 06bb 4502     		.2byte	0x245
 3024 06bd 11       		.byte	0x11
 3025 06be F5000000 		.4byte	0xf5
 3026 06c2 04       		.byte	0x4
 3027 06c3 03       		.uleb128 0x3
 3028 06c4 EB000000 		.4byte	.LASF97
 3029 06c8 10       		.byte	0x10
 3030 06c9 4602     		.2byte	0x246
 3031 06cb 11       		.byte	0x11
 3032 06cc F5000000 		.4byte	0xf5
 3033 06d0 08       		.byte	0x8
 3034 06d1 03       		.uleb128 0x3
 3035 06d2 120B0000 		.4byte	.LASF98
 3036 06d6 10       		.byte	0x10
 3037 06d7 4702     		.2byte	0x247
 3038 06d9 11       		.byte	0x11
 3039 06da F5000000 		.4byte	0xf5
 3040 06de 0C       		.byte	0xc
 3041 06df 03       		.uleb128 0x3
 3042 06e0 10090000 		.4byte	.LASF99
 3043 06e4 10       		.byte	0x10
 3044 06e5 4802     		.2byte	0x248
 3045 06e7 11       		.byte	0x11
 3046 06e8 F5000000 		.4byte	0xf5
 3047 06ec 10       		.byte	0x10
 3048 06ed 00       		.byte	0
 3049 06ee 11       		.uleb128 0x11
 3050 06ef C0060000 		.4byte	.LASF100
 3051 06f3 10       		.byte	0x10
 3052 06f4 4902     		.2byte	0x249
 3053 06f6 03       		.byte	0x3
 3054 06f7 9E060000 		.4byte	0x69e
 3055 06fb 16       		.uleb128 0x16
 3056 06fc 08       		.byte	0x8
 3057 06fd 10       		.byte	0x10
 3058 06fe 4B02     		.2byte	0x24b
 3059 0700 21070000 		.4byte	0x721
 3060 0704 07       		.uleb128 0x7
 3061 0705 49535200 		.ascii	"ISR\000"
 3062 0709 10       		.byte	0x10
 3063 070a 4D02     		.2byte	0x24d
 3064 070c 11       		.byte	0x11
 3065 070d F5000000 		.4byte	0xf5
 3066 0711 00       		.byte	0
 3067 0712 03       		.uleb128 0x3
ARM GAS  C:\Users\DEVELO~1\AppData\Local\Temp\ccIRxm3d.s 			page 55


 3068 0713 360B0000 		.4byte	.LASF101
 3069 0717 10       		.byte	0x10
 3070 0718 4E02     		.2byte	0x24e
 3071 071a 11       		.byte	0x11
 3072 071b F5000000 		.4byte	0xf5
 3073 071f 04       		.byte	0x4
 3074 0720 00       		.byte	0
 3075 0721 11       		.uleb128 0x11
 3076 0722 09000000 		.4byte	.LASF102
 3077 0726 10       		.byte	0x10
 3078 0727 4F02     		.2byte	0x24f
 3079 0729 03       		.byte	0x3
 3080 072a FB060000 		.4byte	0x6fb
 3081 072e 16       		.uleb128 0x16
 3082 072f 04       		.byte	0x4
 3083 0730 10       		.byte	0x10
 3084 0731 5102     		.2byte	0x251
 3085 0733 46070000 		.4byte	0x746
 3086 0737 07       		.uleb128 0x7
 3087 0738 43435200 		.ascii	"CCR\000"
 3088 073c 10       		.byte	0x10
 3089 073d 5302     		.2byte	0x253
 3090 073f 12       		.byte	0x12
 3091 0740 F5000000 		.4byte	0xf5
 3092 0744 00       		.byte	0
 3093 0745 00       		.byte	0
 3094 0746 11       		.uleb128 0x11
 3095 0747 4A080000 		.4byte	.LASF103
 3096 074b 10       		.byte	0x10
 3097 074c 5402     		.2byte	0x254
 3098 074e 02       		.byte	0x2
 3099 074f 2E070000 		.4byte	0x72e
 3100 0753 19       		.uleb128 0x19
 3101 0754 E9000000 		.4byte	0xe9
 3102 0758 63070000 		.4byte	0x763
 3103 075c 1D       		.uleb128 0x1d
 3104 075d 3E000000 		.4byte	0x3e
 3105 0761 02       		.byte	0x2
 3106 0762 00       		.byte	0
 3107 0763 16       		.uleb128 0x16
 3108 0764 54       		.byte	0x54
 3109 0765 10       		.byte	0x10
 3110 0766 C405     		.2byte	0x5c4
 3111 0768 5A080000 		.4byte	0x85a
 3112 076c 07       		.uleb128 0x7
 3113 076d 43523100 		.ascii	"CR1\000"
 3114 0771 10       		.byte	0x10
 3115 0772 C605     		.2byte	0x5c6
 3116 0774 11       		.byte	0x11
 3117 0775 F5000000 		.4byte	0xf5
 3118 0779 00       		.byte	0
 3119 077a 07       		.uleb128 0x7
 3120 077b 43523200 		.ascii	"CR2\000"
 3121 077f 10       		.byte	0x10
 3122 0780 C705     		.2byte	0x5c7
 3123 0782 11       		.byte	0x11
 3124 0783 F5000000 		.4byte	0xf5
ARM GAS  C:\Users\DEVELO~1\AppData\Local\Temp\ccIRxm3d.s 			page 56


 3125 0787 04       		.byte	0x4
 3126 0788 03       		.uleb128 0x3
 3127 0789 CD080000 		.4byte	.LASF104
 3128 078d 10       		.byte	0x10
 3129 078e C805     		.2byte	0x5c8
 3130 0790 11       		.byte	0x11
 3131 0791 F5000000 		.4byte	0xf5
 3132 0795 08       		.byte	0x8
 3133 0796 03       		.uleb128 0x3
 3134 0797 D2080000 		.4byte	.LASF105
 3135 079b 10       		.byte	0x10
 3136 079c C905     		.2byte	0x5c9
 3137 079e 11       		.byte	0x11
 3138 079f F5000000 		.4byte	0xf5
 3139 07a3 0C       		.byte	0xc
 3140 07a4 07       		.uleb128 0x7
 3141 07a5 49455200 		.ascii	"IER\000"
 3142 07a9 10       		.byte	0x10
 3143 07aa CA05     		.2byte	0x5ca
 3144 07ac 11       		.byte	0x11
 3145 07ad F5000000 		.4byte	0xf5
 3146 07b1 10       		.byte	0x10
 3147 07b2 07       		.uleb128 0x7
 3148 07b3 535200   		.ascii	"SR\000"
 3149 07b6 10       		.byte	0x10
 3150 07b7 CB05     		.2byte	0x5cb
 3151 07b9 11       		.byte	0x11
 3152 07ba F5000000 		.4byte	0xf5
 3153 07be 14       		.byte	0x14
 3154 07bf 03       		.uleb128 0x3
 3155 07c0 360B0000 		.4byte	.LASF101
 3156 07c4 10       		.byte	0x10
 3157 07c5 CC05     		.2byte	0x5cc
 3158 07c7 11       		.byte	0x11
 3159 07c8 F5000000 		.4byte	0xf5
 3160 07cc 18       		.byte	0x18
 3161 07cd 03       		.uleb128 0x3
 3162 07ce 61080000 		.4byte	.LASF106
 3163 07d2 10       		.byte	0x10
 3164 07d3 CD05     		.2byte	0x5cd
 3165 07d5 11       		.byte	0x11
 3166 07d6 E9000000 		.4byte	0xe9
 3167 07da 1C       		.byte	0x1c
 3168 07db 03       		.uleb128 0x3
 3169 07dc 48060000 		.4byte	.LASF107
 3170 07e0 10       		.byte	0x10
 3171 07e1 CE05     		.2byte	0x5ce
 3172 07e3 11       		.byte	0x11
 3173 07e4 F5000000 		.4byte	0xf5
 3174 07e8 20       		.byte	0x20
 3175 07e9 03       		.uleb128 0x3
 3176 07ea 6B080000 		.4byte	.LASF108
 3177 07ee 10       		.byte	0x10
 3178 07ef CF05     		.2byte	0x5cf
 3179 07f1 11       		.byte	0x11
 3180 07f2 53070000 		.4byte	0x753
 3181 07f6 24       		.byte	0x24
ARM GAS  C:\Users\DEVELO~1\AppData\Local\Temp\ccIRxm3d.s 			page 57


 3182 07f7 03       		.uleb128 0x3
 3183 07f8 DD030000 		.4byte	.LASF109
 3184 07fc 10       		.byte	0x10
 3185 07fd D005     		.2byte	0x5d0
 3186 07ff 11       		.byte	0x11
 3187 0800 F5000000 		.4byte	0xf5
 3188 0804 30       		.byte	0x30
 3189 0805 03       		.uleb128 0x3
 3190 0806 75080000 		.4byte	.LASF110
 3191 080a 10       		.byte	0x10
 3192 080b D105     		.2byte	0x5d1
 3193 080d 11       		.byte	0x11
 3194 080e 53070000 		.4byte	0x753
 3195 0812 34       		.byte	0x34
 3196 0813 03       		.uleb128 0x3
 3197 0814 C5080000 		.4byte	.LASF111
 3198 0818 10       		.byte	0x10
 3199 0819 D205     		.2byte	0x5d2
 3200 081b 11       		.byte	0x11
 3201 081c F5000000 		.4byte	0xf5
 3202 0820 40       		.byte	0x40
 3203 0821 03       		.uleb128 0x3
 3204 0822 1B060000 		.4byte	.LASF112
 3205 0826 10       		.byte	0x10
 3206 0827 D305     		.2byte	0x5d3
 3207 0829 11       		.byte	0x11
 3208 082a F5000000 		.4byte	0xf5
 3209 082e 44       		.byte	0x44
 3210 082f 03       		.uleb128 0x3
 3211 0830 B3010000 		.4byte	.LASF113
 3212 0834 10       		.byte	0x10
 3213 0835 D405     		.2byte	0x5d4
 3214 0837 11       		.byte	0x11
 3215 0838 F5000000 		.4byte	0xf5
 3216 083c 48       		.byte	0x48
 3217 083d 03       		.uleb128 0x3
 3218 083e E7080000 		.4byte	.LASF114
 3219 0842 10       		.byte	0x10
 3220 0843 D505     		.2byte	0x5d5
 3221 0845 11       		.byte	0x11
 3222 0846 F5000000 		.4byte	0xf5
 3223 084a 4C       		.byte	0x4c
 3224 084b 03       		.uleb128 0x3
 3225 084c 9D0A0000 		.4byte	.LASF115
 3226 0850 10       		.byte	0x10
 3227 0851 D605     		.2byte	0x5d6
 3228 0853 11       		.byte	0x11
 3229 0854 F5000000 		.4byte	0xf5
 3230 0858 50       		.byte	0x50
 3231 0859 00       		.byte	0
 3232 085a 11       		.uleb128 0x11
 3233 085b AB0A0000 		.4byte	.LASF116
 3234 085f 10       		.byte	0x10
 3235 0860 D805     		.2byte	0x5d8
 3236 0862 03       		.byte	0x3
 3237 0863 63070000 		.4byte	0x763
 3238 0867 1E       		.uleb128 0x1e
ARM GAS  C:\Users\DEVELO~1\AppData\Local\Temp\ccIRxm3d.s 			page 58


 3239 0868 A1080000 		.4byte	.LASF117
 3240 086c 24       		.byte	0x24
 3241 086d 11       		.byte	0x11
 3242 086e E001     		.2byte	0x1e0
 3243 0870 08       		.byte	0x8
 3244 0871 ED080000 		.4byte	0x8ed
 3245 0875 07       		.uleb128 0x7
 3246 0876 723400   		.ascii	"r4\000"
 3247 0879 11       		.byte	0x11
 3248 087a F901     		.2byte	0x1f9
 3249 087c 11       		.byte	0x11
 3250 087d E9000000 		.4byte	0xe9
 3251 0881 00       		.byte	0
 3252 0882 07       		.uleb128 0x7
 3253 0883 723500   		.ascii	"r5\000"
 3254 0886 11       		.byte	0x11
 3255 0887 FA01     		.2byte	0x1fa
 3256 0889 11       		.byte	0x11
 3257 088a E9000000 		.4byte	0xe9
 3258 088e 04       		.byte	0x4
 3259 088f 07       		.uleb128 0x7
 3260 0890 723600   		.ascii	"r6\000"
 3261 0893 11       		.byte	0x11
 3262 0894 FB01     		.2byte	0x1fb
 3263 0896 11       		.byte	0x11
 3264 0897 E9000000 		.4byte	0xe9
 3265 089b 08       		.byte	0x8
 3266 089c 07       		.uleb128 0x7
 3267 089d 723700   		.ascii	"r7\000"
 3268 08a0 11       		.byte	0x11
 3269 08a1 FC01     		.2byte	0x1fc
 3270 08a3 11       		.byte	0x11
 3271 08a4 E9000000 		.4byte	0xe9
 3272 08a8 0C       		.byte	0xc
 3273 08a9 07       		.uleb128 0x7
 3274 08aa 723800   		.ascii	"r8\000"
 3275 08ad 11       		.byte	0x11
 3276 08ae FD01     		.2byte	0x1fd
 3277 08b0 11       		.byte	0x11
 3278 08b1 E9000000 		.4byte	0xe9
 3279 08b5 10       		.byte	0x10
 3280 08b6 07       		.uleb128 0x7
 3281 08b7 723900   		.ascii	"r9\000"
 3282 08ba 11       		.byte	0x11
 3283 08bb FE01     		.2byte	0x1fe
 3284 08bd 11       		.byte	0x11
 3285 08be E9000000 		.4byte	0xe9
 3286 08c2 14       		.byte	0x14
 3287 08c3 07       		.uleb128 0x7
 3288 08c4 72313000 		.ascii	"r10\000"
 3289 08c8 11       		.byte	0x11
 3290 08c9 FF01     		.2byte	0x1ff
 3291 08cb 11       		.byte	0x11
 3292 08cc E9000000 		.4byte	0xe9
 3293 08d0 18       		.byte	0x18
 3294 08d1 07       		.uleb128 0x7
 3295 08d2 72313100 		.ascii	"r11\000"
ARM GAS  C:\Users\DEVELO~1\AppData\Local\Temp\ccIRxm3d.s 			page 59


 3296 08d6 11       		.byte	0x11
 3297 08d7 0002     		.2byte	0x200
 3298 08d9 11       		.byte	0x11
 3299 08da E9000000 		.4byte	0xe9
 3300 08de 1C       		.byte	0x1c
 3301 08df 07       		.uleb128 0x7
 3302 08e0 6C7200   		.ascii	"lr\000"
 3303 08e3 11       		.byte	0x11
 3304 08e4 0102     		.2byte	0x201
 3305 08e6 11       		.byte	0x11
 3306 08e7 E9000000 		.4byte	0xe9
 3307 08eb 20       		.byte	0x20
 3308 08ec 00       		.byte	0
 3309 08ed 1E       		.uleb128 0x1e
 3310 08ee 21010000 		.4byte	.LASF118
 3311 08f2 04       		.byte	0x4
 3312 08f3 11       		.byte	0x11
 3313 08f4 0A02     		.2byte	0x20a
 3314 08f6 08       		.byte	0x8
 3315 08f7 09090000 		.4byte	0x909
 3316 08fb 07       		.uleb128 0x7
 3317 08fc 737000   		.ascii	"sp\000"
 3318 08ff 11       		.byte	0x11
 3319 0900 0B02     		.2byte	0x20b
 3320 0902 1A       		.byte	0x1a
 3321 0903 09090000 		.4byte	0x909
 3322 0907 00       		.byte	0
 3323 0908 00       		.byte	0
 3324 0909 04       		.uleb128 0x4
 3325 090a 67080000 		.4byte	0x867
 3326 090e 09       		.uleb128 0x9
 3327 090f 86030000 		.4byte	.LASF119
 3328 0913 18       		.byte	0x18
 3329 0914 0A       		.byte	0xa
 3330 0915 64       		.byte	0x64
 3331 0916 10       		.byte	0x10
 3332 0917 43090000 		.4byte	0x943
 3333 091b 01       		.uleb128 0x1
 3334 091c 0A090000 		.4byte	.LASF120
 3335 0920 0A       		.byte	0xa
 3336 0921 68       		.byte	0x68
 3337 0922 21       		.byte	0x21
 3338 0923 57040000 		.4byte	0x457
 3339 0927 00       		.byte	0
 3340 0928 01       		.uleb128 0x1
 3341 0929 A2030000 		.4byte	.LASF121
 3342 092d 0A       		.byte	0xa
 3343 092e 73       		.byte	0x73
 3344 092f 21       		.byte	0x21
 3345 0930 88030000 		.4byte	0x388
 3346 0934 0C       		.byte	0xc
 3347 0935 01       		.uleb128 0x1
 3348 0936 72010000 		.4byte	.LASF122
 3349 093a 0A       		.byte	0xa
 3350 093b 79       		.byte	0x79
 3351 093c 21       		.byte	0x21
 3352 093d 06010000 		.4byte	0x106
ARM GAS  C:\Users\DEVELO~1\AppData\Local\Temp\ccIRxm3d.s 			page 60


 3353 0941 10       		.byte	0x10
 3354 0942 00       		.byte	0
 3355 0943 02       		.uleb128 0x2
 3356 0944 560A0000 		.4byte	.LASF123
 3357 0948 0A       		.byte	0xa
 3358 0949 7B       		.byte	0x7b
 3359 094a 03       		.byte	0x3
 3360 094b 0E090000 		.4byte	0x90e
 3361 094f 09       		.uleb128 0x9
 3362 0950 5F000000 		.4byte	.LASF124
 3363 0954 08       		.byte	0x8
 3364 0955 0A       		.byte	0xa
 3365 0956 80       		.byte	0x80
 3366 0957 10       		.byte	0x10
 3367 0958 6A090000 		.4byte	0x96a
 3368 095c 01       		.uleb128 0x1
 3369 095d EE090000 		.4byte	.LASF125
 3370 0961 0A       		.byte	0xa
 3371 0962 84       		.byte	0x84
 3372 0963 21       		.byte	0x21
 3373 0964 D8030000 		.4byte	0x3d8
 3374 0968 00       		.byte	0
 3375 0969 00       		.byte	0
 3376 096a 02       		.uleb128 0x2
 3377 096b D5060000 		.4byte	.LASF126
 3378 096f 0A       		.byte	0xa
 3379 0970 85       		.byte	0x85
 3380 0971 03       		.byte	0x3
 3381 0972 4F090000 		.4byte	0x94f
 3382 0976 02       		.uleb128 0x2
 3383 0977 36000000 		.4byte	.LASF127
 3384 097b 0A       		.byte	0xa
 3385 097c 8A       		.byte	0x8a
 3386 097d 14       		.byte	0x14
 3387 097e C1040000 		.4byte	0x4c1
 3388 0982 15       		.uleb128 0x15
 3389 0983 0C       		.byte	0xc
 3390 0984 0A       		.byte	0xa
 3391 0985 A0       		.byte	0xa0
 3392 0986 03       		.byte	0x3
 3393 0987 B0090000 		.4byte	0x9b0
 3394 098b 0E       		.uleb128 0xe
 3395 098c 2D020000 		.4byte	.LASF128
 3396 0990 0A       		.byte	0xa
 3397 0991 A4       		.byte	0xa4
 3398 0992 21       		.byte	0x21
 3399 0993 AC030000 		.4byte	0x3ac
 3400 0997 0E       		.uleb128 0xe
 3401 0998 EE090000 		.4byte	.LASF125
 3402 099c 0A       		.byte	0xa
 3403 099d A8       		.byte	0xa8
 3404 099e 21       		.byte	0x21
 3405 099f D8030000 		.4byte	0x3d8
 3406 09a3 0E       		.uleb128 0xe
 3407 09a4 EC020000 		.4byte	.LASF129
 3408 09a8 0A       		.byte	0xa
 3409 09a9 AC       		.byte	0xac
ARM GAS  C:\Users\DEVELO~1\AppData\Local\Temp\ccIRxm3d.s 			page 61


 3410 09aa 21       		.byte	0x21
 3411 09ab 11040000 		.4byte	0x411
 3412 09af 00       		.byte	0
 3413 09b0 15       		.uleb128 0x15
 3414 09b1 04       		.byte	0x4
 3415 09b2 0A       		.byte	0xa
 3416 09b3 EB       		.byte	0xeb
 3417 09b4 03       		.byte	0x3
 3418 09b5 1A0A0000 		.4byte	0xa1a
 3419 09b9 0E       		.uleb128 0xe
 3420 09ba D6030000 		.4byte	.LASF130
 3421 09be 0A       		.byte	0xa
 3422 09bf F2       		.byte	0xf2
 3423 09c0 21       		.byte	0x21
 3424 09c1 5F010000 		.4byte	0x15f
 3425 09c5 0E       		.uleb128 0xe
 3426 09c6 990B0000 		.4byte	.LASF131
 3427 09ca 0A       		.byte	0xa
 3428 09cb F9       		.byte	0xf9
 3429 09cc 21       		.byte	0x21
 3430 09cd 5F010000 		.4byte	0x15f
 3431 09d1 17       		.uleb128 0x17
 3432 09d2 AC010000 		.4byte	.LASF80
 3433 09d6 0001     		.2byte	0x100
 3434 09d8 22       		.byte	0x22
 3435 09d9 C6040000 		.4byte	0x4c6
 3436 09dd 17       		.uleb128 0x17
 3437 09de 7E000000 		.4byte	.LASF132
 3438 09e2 0701     		.2byte	0x107
 3439 09e4 22       		.byte	0x22
 3440 09e5 1A0A0000 		.4byte	0xa1a
 3441 09e9 17       		.uleb128 0x17
 3442 09ea 57020000 		.4byte	.LASF133
 3443 09ee 0C01     		.2byte	0x10c
 3444 09f0 21       		.byte	0x21
 3445 09f1 5F010000 		.4byte	0x15f
 3446 09f5 17       		.uleb128 0x17
 3447 09f6 010A0000 		.4byte	.LASF134
 3448 09fa 1501     		.2byte	0x115
 3449 09fc 22       		.byte	0x22
 3450 09fd 470A0000 		.4byte	0xa47
 3451 0a01 17       		.uleb128 0x17
 3452 0a02 26000000 		.4byte	.LASF135
 3453 0a06 1E01     		.2byte	0x11e
 3454 0a08 22       		.byte	0x22
 3455 0a09 810A0000 		.4byte	0xa81
 3456 0a0d 17       		.uleb128 0x17
 3457 0a0e 7C010000 		.4byte	.LASF136
 3458 0a12 2601     		.2byte	0x126
 3459 0a14 21       		.byte	0x21
 3460 0a15 6B010000 		.4byte	0x16b
 3461 0a19 00       		.byte	0
 3462 0a1a 04       		.uleb128 0x4
 3463 0a1b 76090000 		.4byte	0x976
 3464 0a1f 09       		.uleb128 0x9
 3465 0a20 8A020000 		.4byte	.LASF137
 3466 0a24 0C       		.byte	0xc
ARM GAS  C:\Users\DEVELO~1\AppData\Local\Temp\ccIRxm3d.s 			page 62


 3467 0a25 12       		.byte	0x12
 3468 0a26 34       		.byte	0x34
 3469 0a27 10       		.byte	0x10
 3470 0a28 470A0000 		.4byte	0xa47
 3471 0a2c 01       		.uleb128 0x1
 3472 0a2d EE090000 		.4byte	.LASF125
 3473 0a31 12       		.byte	0x12
 3474 0a32 35       		.byte	0x35
 3475 0a33 19       		.byte	0x19
 3476 0a34 D8030000 		.4byte	0x3d8
 3477 0a38 00       		.byte	0
 3478 0a39 08       		.uleb128 0x8
 3479 0a3a 636E7400 		.ascii	"cnt\000"
 3480 0a3e 12       		.byte	0x12
 3481 0a3f 37       		.byte	0x37
 3482 0a40 19       		.byte	0x19
 3483 0a41 77010000 		.4byte	0x177
 3484 0a45 08       		.byte	0x8
 3485 0a46 00       		.byte	0
 3486 0a47 04       		.uleb128 0x4
 3487 0a48 1F0A0000 		.4byte	0xa1f
 3488 0a4c 09       		.uleb128 0x9
 3489 0a4d B5040000 		.4byte	.LASF138
 3490 0a51 10       		.byte	0x10
 3491 0a52 13       		.byte	0x13
 3492 0a53 39       		.byte	0x39
 3493 0a54 08       		.byte	0x8
 3494 0a55 810A0000 		.4byte	0xa81
 3495 0a59 01       		.uleb128 0x1
 3496 0a5a EE090000 		.4byte	.LASF125
 3497 0a5e 13       		.byte	0x13
 3498 0a5f 3A       		.byte	0x3a
 3499 0a60 19       		.byte	0x19
 3500 0a61 D8030000 		.4byte	0x3d8
 3501 0a65 00       		.byte	0
 3502 0a66 01       		.uleb128 0x1
 3503 0a67 63030000 		.4byte	.LASF34
 3504 0a6b 13       		.byte	0x13
 3505 0a6c 3C       		.byte	0x3c
 3506 0a6d 1A       		.byte	0x1a
 3507 0a6e C1040000 		.4byte	0x4c1
 3508 0a72 08       		.byte	0x8
 3509 0a73 01       		.uleb128 0x1
 3510 0a74 D5000000 		.4byte	.LASF70
 3511 0a78 13       		.byte	0x13
 3512 0a79 3E       		.byte	0x3e
 3513 0a7a 1A       		.byte	0x1a
 3514 0a7b 690B0000 		.4byte	0xb69
 3515 0a7f 0C       		.byte	0xc
 3516 0a80 00       		.byte	0
 3517 0a81 04       		.uleb128 0x4
 3518 0a82 4C0A0000 		.4byte	0xa4c
 3519 0a86 04       		.uleb128 0x4
 3520 0a87 7E020000 		.4byte	0x27e
 3521 0a8b 04       		.uleb128 0x4
 3522 0a8c 23010000 		.4byte	0x123
 3523 0a90 1E       		.uleb128 0x1e
ARM GAS  C:\Users\DEVELO~1\AppData\Local\Temp\ccIRxm3d.s 			page 63


 3524 0a91 33010000 		.4byte	.LASF139
 3525 0a95 10       		.byte	0x10
 3526 0a96 0A       		.byte	0xa
 3527 0a97 5C01     		.2byte	0x15c
 3528 0a99 10       		.byte	0x10
 3529 0a9a BB0A0000 		.4byte	0xabb
 3530 0a9e 03       		.uleb128 0x3
 3531 0a9f EC020000 		.4byte	.LASF129
 3532 0aa3 0A       		.byte	0xa
 3533 0aa4 6101     		.2byte	0x161
 3534 0aa6 21       		.byte	0x21
 3535 0aa7 11040000 		.4byte	0x411
 3536 0aab 00       		.byte	0
 3537 0aac 03       		.uleb128 0x3
 3538 0aad 490B0000 		.4byte	.LASF140
 3539 0ab1 0A       		.byte	0xa
 3540 0ab2 6501     		.2byte	0x165
 3541 0ab4 22       		.byte	0x22
 3542 0ab5 C1040000 		.4byte	0x4c1
 3543 0ab9 0C       		.byte	0xc
 3544 0aba 00       		.byte	0
 3545 0abb 11       		.uleb128 0x11
 3546 0abc A1090000 		.4byte	.LASF141
 3547 0ac0 0A       		.byte	0xa
 3548 0ac1 6601     		.2byte	0x166
 3549 0ac3 03       		.byte	0x3
 3550 0ac4 900A0000 		.4byte	0xa90
 3551 0ac8 1E       		.uleb128 0x1e
 3552 0ac9 F4080000 		.4byte	.LASF142
 3553 0acd 14       		.byte	0x14
 3554 0ace 0A       		.byte	0xa
 3555 0acf 6B01     		.2byte	0x16b
 3556 0ad1 10       		.byte	0x10
 3557 0ad2 1D0B0000 		.4byte	0xb1d
 3558 0ad6 03       		.uleb128 0x3
 3559 0ad7 67090000 		.4byte	.LASF35
 3560 0adb 0A       		.byte	0xa
 3561 0adc 6F01     		.2byte	0x16f
 3562 0ade 22       		.byte	0x22
 3563 0adf 66030000 		.4byte	0x366
 3564 0ae3 00       		.byte	0
 3565 0ae4 03       		.uleb128 0x3
 3566 0ae5 AA050000 		.4byte	.LASF143
 3567 0ae9 0A       		.byte	0xa
 3568 0aea 7501     		.2byte	0x175
 3569 0aec 22       		.byte	0x22
 3570 0aed 8B0A0000 		.4byte	0xa8b
 3571 0af1 04       		.byte	0x4
 3572 0af2 03       		.uleb128 0x3
 3573 0af3 69030000 		.4byte	.LASF144
 3574 0af7 0A       		.byte	0xa
 3575 0af8 7901     		.2byte	0x179
 3576 0afa 22       		.byte	0x22
 3577 0afb 8B0A0000 		.4byte	0xa8b
 3578 0aff 08       		.byte	0x8
 3579 0b00 03       		.uleb128 0x3
 3580 0b01 F00A0000 		.4byte	.LASF145
ARM GAS  C:\Users\DEVELO~1\AppData\Local\Temp\ccIRxm3d.s 			page 64


 3581 0b05 0A       		.byte	0xa
 3582 0b06 7F01     		.2byte	0x17f
 3583 0b08 22       		.byte	0x22
 3584 0b09 8B0A0000 		.4byte	0xa8b
 3585 0b0d 0C       		.byte	0xc
 3586 0b0e 03       		.uleb128 0x3
 3587 0b0f 09050000 		.4byte	.LASF146
 3588 0b13 0A       		.byte	0xa
 3589 0b14 8301     		.2byte	0x183
 3590 0b16 22       		.byte	0x22
 3591 0b17 8B0A0000 		.4byte	0xa8b
 3592 0b1b 10       		.byte	0x10
 3593 0b1c 00       		.byte	0
 3594 0b1d 11       		.uleb128 0x11
 3595 0b1e A5020000 		.4byte	.LASF147
 3596 0b22 0A       		.byte	0xa
 3597 0b23 8501     		.2byte	0x185
 3598 0b25 03       		.byte	0x3
 3599 0b26 C80A0000 		.4byte	0xac8
 3600 0b2a 10       		.uleb128 0x10
 3601 0b2b 1D0B0000 		.4byte	0xb1d
 3602 0b2f 04       		.uleb128 0x4
 3603 0b30 2A0B0000 		.4byte	0xb2a
 3604 0b34 30       		.uleb128 0x30
 3605 0b35 63683000 		.ascii	"ch0\000"
 3606 0b39 1D       		.byte	0x1d
 3607 0b3a 4101     		.2byte	0x141
 3608 0b3c 16       		.byte	0x16
 3609 0b3d 7E020000 		.4byte	0x27e
 3610 0b41 02       		.uleb128 0x2
 3611 0b42 BA020000 		.4byte	.LASF148
 3612 0b46 01       		.byte	0x1
 3613 0b47 34       		.byte	0x34
 3614 0b48 10       		.byte	0x10
 3615 0b49 4D0B0000 		.4byte	0xb4d
 3616 0b4d 04       		.uleb128 0x4
 3617 0b4e 520B0000 		.4byte	0xb52
 3618 0b52 26       		.uleb128 0x26
 3619 0b53 5D0B0000 		.4byte	0xb5d
 3620 0b57 05       		.uleb128 0x5
 3621 0b58 C6040000 		.4byte	0x4c6
 3622 0b5c 00       		.byte	0
 3623 0b5d 02       		.uleb128 0x2
 3624 0b5e 230A0000 		.4byte	.LASF149
 3625 0b62 13       		.byte	0x13
 3626 0b63 34       		.byte	0x34
 3627 0b64 19       		.byte	0x19
 3628 0b65 4C0A0000 		.4byte	0xa4c
 3629 0b69 04       		.uleb128 0x4
 3630 0b6a 5D0B0000 		.4byte	0xb5d
 3631 0b6e 0B       		.uleb128 0xb
 3632 0b6f 01       		.byte	0x1
 3633 0b70 02       		.byte	0x2
 3634 0b71 A7040000 		.4byte	.LASF150
 3635 0b75 18       		.uleb128 0x18
 3636 0b76 6E0B0000 		.4byte	0xb6e
 3637 0b7a 04       		.uleb128 0x4
ARM GAS  C:\Users\DEVELO~1\AppData\Local\Temp\ccIRxm3d.s 			page 65


 3638 0b7b C0000000 		.4byte	0xc0
 3639 0b7f 16       		.uleb128 0x16
 3640 0b80 10       		.byte	0x10
 3641 0b81 14       		.byte	0x14
 3642 0b82 A701     		.2byte	0x1a7
 3643 0b84 DD0B0000 		.4byte	0xbdd
 3644 0b88 03       		.uleb128 0x3
 3645 0b89 21060000 		.4byte	.LASF151
 3646 0b8d 14       		.byte	0x14
 3647 0b8e A801     		.2byte	0x1a8
 3648 0b90 1A       		.byte	0x1a
 3649 0b91 DD0B0000 		.4byte	0xbdd
 3650 0b95 00       		.byte	0
 3651 0b96 03       		.uleb128 0x3
 3652 0b97 6B020000 		.4byte	.LASF152
 3653 0b9b 14       		.byte	0x14
 3654 0b9c A901     		.2byte	0x1a9
 3655 0b9e 1A       		.byte	0x1a
 3656 0b9f E20B0000 		.4byte	0xbe2
 3657 0ba3 04       		.byte	0x4
 3658 0ba4 07       		.uleb128 0x7
 3659 0ba5 6D757800 		.ascii	"mux\000"
 3660 0ba9 14       		.byte	0x14
 3661 0baa AB01     		.2byte	0x1ab
 3662 0bac 1B       		.byte	0x1b
 3663 0bad E70B0000 		.4byte	0xbe7
 3664 0bb1 08       		.byte	0x8
 3665 0bb2 03       		.uleb128 0x3
 3666 0bb3 84020000 		.4byte	.LASF153
 3667 0bb7 14       		.byte	0x14
 3668 0bb8 AF01     		.2byte	0x1af
 3669 0bba 19       		.byte	0x19
 3670 0bbb C0000000 		.4byte	0xc0
 3671 0bbf 0C       		.byte	0xc
 3672 0bc0 03       		.uleb128 0x3
 3673 0bc1 A20B0000 		.4byte	.LASF154
 3674 0bc5 14       		.byte	0x14
 3675 0bc6 B101     		.2byte	0x1b1
 3676 0bc8 19       		.byte	0x19
 3677 0bc9 C0000000 		.4byte	0xc0
 3678 0bcd 0D       		.byte	0xd
 3679 0bce 03       		.uleb128 0x3
 3680 0bcf E5020000 		.4byte	.LASF155
 3681 0bd3 14       		.byte	0x14
 3682 0bd4 B201     		.2byte	0x1b2
 3683 0bd6 19       		.byte	0x19
 3684 0bd7 C0000000 		.4byte	0xc0
 3685 0bdb 0E       		.byte	0xe
 3686 0bdc 00       		.byte	0
 3687 0bdd 04       		.uleb128 0x4
 3688 0bde 91060000 		.4byte	0x691
 3689 0be2 04       		.uleb128 0x4
 3690 0be3 F5000000 		.4byte	0xf5
 3691 0be7 04       		.uleb128 0x4
 3692 0be8 46070000 		.4byte	0x746
 3693 0bec 11       		.uleb128 0x11
 3694 0bed BF050000 		.4byte	.LASF156
ARM GAS  C:\Users\DEVELO~1\AppData\Local\Temp\ccIRxm3d.s 			page 66


 3695 0bf1 14       		.byte	0x14
 3696 0bf2 B301     		.2byte	0x1b3
 3697 0bf4 03       		.byte	0x3
 3698 0bf5 7F0B0000 		.4byte	0xb7f
 3699 0bf9 10       		.uleb128 0x10
 3700 0bfa EC0B0000 		.4byte	0xbec
 3701 0bfe 0D       		.uleb128 0xd
 3702 0bff 14       		.byte	0x14
 3703 0c00 15       		.byte	0x15
 3704 0c01 E5       		.byte	0xe5
 3705 0c02 09       		.byte	0x9
 3706 0c03 560C0000 		.4byte	0xc56
 3707 0c07 01       		.uleb128 0x1
 3708 0c08 16000000 		.4byte	.LASF157
 3709 0c0c 15       		.byte	0x15
 3710 0c0d E6       		.byte	0xe6
 3711 0c0e 1E       		.byte	0x1e
 3712 0c0f 560C0000 		.4byte	0xc56
 3713 0c13 00       		.byte	0
 3714 0c14 01       		.uleb128 0x1
 3715 0c15 14080000 		.4byte	.LASF158
 3716 0c19 15       		.byte	0x15
 3717 0c1a E7       		.byte	0xe7
 3718 0c1b 1E       		.byte	0x1e
 3719 0c1c 5B0C0000 		.4byte	0xc5b
 3720 0c20 04       		.byte	0x4
 3721 0c21 01       		.uleb128 0x1
 3722 0c22 84020000 		.4byte	.LASF153
 3723 0c26 15       		.byte	0x15
 3724 0c27 E8       		.byte	0xe8
 3725 0c28 1D       		.byte	0x1d
 3726 0c29 C0000000 		.4byte	0xc0
 3727 0c2d 08       		.byte	0x8
 3728 0c2e 08       		.uleb128 0x8
 3729 0c2f 6D757800 		.ascii	"mux\000"
 3730 0c33 15       		.byte	0x15
 3731 0c34 EA       		.byte	0xea
 3732 0c35 1E       		.byte	0x1e
 3733 0c36 E70B0000 		.4byte	0xbe7
 3734 0c3a 0C       		.byte	0xc
 3735 0c3b 01       		.uleb128 0x1
 3736 0c3c A20B0000 		.4byte	.LASF154
 3737 0c40 15       		.byte	0x15
 3738 0c41 EB       		.byte	0xeb
 3739 0c42 1D       		.byte	0x1d
 3740 0c43 C0000000 		.4byte	0xc0
 3741 0c47 10       		.byte	0x10
 3742 0c48 01       		.uleb128 0x1
 3743 0c49 E5020000 		.4byte	.LASF155
 3744 0c4d 15       		.byte	0x15
 3745 0c4e EC       		.byte	0xec
 3746 0c4f 1D       		.byte	0x1d
 3747 0c50 C0000000 		.4byte	0xc0
 3748 0c54 11       		.byte	0x11
 3749 0c55 00       		.byte	0
 3750 0c56 04       		.uleb128 0x4
 3751 0c57 21070000 		.4byte	0x721
ARM GAS  C:\Users\DEVELO~1\AppData\Local\Temp\ccIRxm3d.s 			page 67


 3752 0c5b 04       		.uleb128 0x4
 3753 0c5c EE060000 		.4byte	0x6ee
 3754 0c60 02       		.uleb128 0x2
 3755 0c61 710B0000 		.4byte	.LASF159
 3756 0c65 15       		.byte	0x15
 3757 0c66 ED       		.byte	0xed
 3758 0c67 03       		.byte	0x3
 3759 0c68 FE0B0000 		.4byte	0xbfe
 3760 0c6c 10       		.uleb128 0x10
 3761 0c6d 600C0000 		.4byte	0xc60
 3762 0c71 04       		.uleb128 0x4
 3763 0c72 CC000000 		.4byte	0xcc
 3764 0c76 0D       		.uleb128 0xd
 3765 0c77 04       		.byte	0x4
 3766 0c78 16       		.byte	0x16
 3767 0c79 5B       		.byte	0x5b
 3768 0c7a 05       		.byte	0x5
 3769 0c7b 9A0C0000 		.4byte	0xc9a
 3770 0c7f 08       		.uleb128 0x8
 3771 0c80 73657400 		.ascii	"set\000"
 3772 0c84 16       		.byte	0x16
 3773 0c85 5C       		.byte	0x5c
 3774 0c86 19       		.byte	0x19
 3775 0c87 D1000000 		.4byte	0xd1
 3776 0c8b 00       		.byte	0
 3777 0c8c 01       		.uleb128 0x1
 3778 0c8d 78030000 		.4byte	.LASF160
 3779 0c91 16       		.byte	0x16
 3780 0c92 5D       		.byte	0x5d
 3781 0c93 19       		.byte	0x19
 3782 0c94 D1000000 		.4byte	0xd1
 3783 0c98 02       		.byte	0x2
 3784 0c99 00       		.byte	0
 3785 0c9a 15       		.uleb128 0x15
 3786 0c9b 04       		.byte	0x4
 3787 0c9c 16       		.byte	0x16
 3788 0c9d 59       		.byte	0x59
 3789 0c9e 0C       		.byte	0xc
 3790 0c9f B80C0000 		.4byte	0xcb8
 3791 0ca3 13       		.uleb128 0x13
 3792 0ca4 5700     		.ascii	"W\000"
 3793 0ca6 16       		.byte	0x16
 3794 0ca7 5A       		.byte	0x5a
 3795 0ca8 19       		.byte	0x19
 3796 0ca9 E9000000 		.4byte	0xe9
 3797 0cad 13       		.uleb128 0x13
 3798 0cae 4800     		.ascii	"H\000"
 3799 0cb0 16       		.byte	0x16
 3800 0cb1 5E       		.byte	0x5e
 3801 0cb2 07       		.byte	0x7
 3802 0cb3 760C0000 		.4byte	0xc76
 3803 0cb7 00       		.byte	0
 3804 0cb8 18       		.uleb128 0x18
 3805 0cb9 9A0C0000 		.4byte	0xc9a
 3806 0cbd 0D       		.uleb128 0xd
 3807 0cbe 28       		.byte	0x28
 3808 0cbf 16       		.byte	0x16
ARM GAS  C:\Users\DEVELO~1\AppData\Local\Temp\ccIRxm3d.s 			page 68


 3809 0cc0 51       		.byte	0x51
 3810 0cc1 09       		.byte	0x9
 3811 0cc2 490D0000 		.4byte	0xd49
 3812 0cc6 01       		.uleb128 0x1
 3813 0cc7 30030000 		.4byte	.LASF161
 3814 0ccb 16       		.byte	0x16
 3815 0ccc 53       		.byte	0x53
 3816 0ccd 19       		.byte	0x19
 3817 0cce F5000000 		.4byte	0xf5
 3818 0cd2 00       		.byte	0
 3819 0cd3 01       		.uleb128 0x1
 3820 0cd4 ED080000 		.4byte	.LASF162
 3821 0cd8 16       		.byte	0x16
 3822 0cd9 54       		.byte	0x54
 3823 0cda 19       		.byte	0x19
 3824 0cdb F5000000 		.4byte	0xf5
 3825 0cdf 04       		.byte	0x4
 3826 0ce0 01       		.uleb128 0x1
 3827 0ce1 DC070000 		.4byte	.LASF163
 3828 0ce5 16       		.byte	0x16
 3829 0ce6 55       		.byte	0x55
 3830 0ce7 19       		.byte	0x19
 3831 0ce8 F5000000 		.4byte	0xf5
 3832 0cec 08       		.byte	0x8
 3833 0ced 01       		.uleb128 0x1
 3834 0cee FD040000 		.4byte	.LASF164
 3835 0cf2 16       		.byte	0x16
 3836 0cf3 56       		.byte	0x56
 3837 0cf4 19       		.byte	0x19
 3838 0cf5 F5000000 		.4byte	0xf5
 3839 0cf9 0C       		.byte	0xc
 3840 0cfa 08       		.uleb128 0x8
 3841 0cfb 49445200 		.ascii	"IDR\000"
 3842 0cff 16       		.byte	0x16
 3843 0d00 57       		.byte	0x57
 3844 0d01 19       		.byte	0x19
 3845 0d02 F5000000 		.4byte	0xf5
 3846 0d06 10       		.byte	0x10
 3847 0d07 08       		.uleb128 0x8
 3848 0d08 4F445200 		.ascii	"ODR\000"
 3849 0d0c 16       		.byte	0x16
 3850 0d0d 58       		.byte	0x58
 3851 0d0e 19       		.byte	0x19
 3852 0d0f F5000000 		.4byte	0xf5
 3853 0d13 14       		.byte	0x14
 3854 0d14 01       		.uleb128 0x1
 3855 0d15 49000000 		.4byte	.LASF165
 3856 0d19 16       		.byte	0x16
 3857 0d1a 5F       		.byte	0x5f
 3858 0d1b 05       		.byte	0x5
 3859 0d1c B80C0000 		.4byte	0xcb8
 3860 0d20 18       		.byte	0x18
 3861 0d21 01       		.uleb128 0x1
 3862 0d22 E4070000 		.4byte	.LASF166
 3863 0d26 16       		.byte	0x16
 3864 0d27 60       		.byte	0x60
 3865 0d28 19       		.byte	0x19
ARM GAS  C:\Users\DEVELO~1\AppData\Local\Temp\ccIRxm3d.s 			page 69


 3866 0d29 F5000000 		.4byte	0xf5
 3867 0d2d 1C       		.byte	0x1c
 3868 0d2e 01       		.uleb128 0x1
 3869 0d2f 3E0A0000 		.4byte	.LASF167
 3870 0d33 16       		.byte	0x16
 3871 0d34 61       		.byte	0x61
 3872 0d35 19       		.byte	0x19
 3873 0d36 F5000000 		.4byte	0xf5
 3874 0d3a 20       		.byte	0x20
 3875 0d3b 01       		.uleb128 0x1
 3876 0d3c 51030000 		.4byte	.LASF168
 3877 0d40 16       		.byte	0x16
 3878 0d41 62       		.byte	0x62
 3879 0d42 19       		.byte	0x19
 3880 0d43 F5000000 		.4byte	0xf5
 3881 0d47 24       		.byte	0x24
 3882 0d48 00       		.byte	0
 3883 0d49 02       		.uleb128 0x2
 3884 0d4a 56030000 		.4byte	.LASF169
 3885 0d4e 16       		.byte	0x16
 3886 0d4f 63       		.byte	0x63
 3887 0d50 03       		.byte	0x3
 3888 0d51 BD0C0000 		.4byte	0xcbd
 3889 0d55 02       		.uleb128 0x2
 3890 0d56 E0060000 		.4byte	.LASF170
 3891 0d5a 17       		.byte	0x17
 3892 0d5b C2       		.byte	0xc2
 3893 0d5c 12       		.byte	0x12
 3894 0d5d E9000000 		.4byte	0xe9
 3895 0d61 02       		.uleb128 0x2
 3896 0d62 E00A0000 		.4byte	.LASF171
 3897 0d66 17       		.byte	0x17
 3898 0d67 C7       		.byte	0xc7
 3899 0d68 12       		.byte	0x12
 3900 0d69 E9000000 		.4byte	0xe9
 3901 0d6d 02       		.uleb128 0x2
 3902 0d6e 11010000 		.4byte	.LASF172
 3903 0d72 17       		.byte	0x17
 3904 0d73 CC       		.byte	0xcc
 3905 0d74 12       		.byte	0x12
 3906 0d75 E9000000 		.4byte	0xe9
 3907 0d79 02       		.uleb128 0x2
 3908 0d7a F2040000 		.4byte	.LASF173
 3909 0d7e 17       		.byte	0x17
 3910 0d7f D9       		.byte	0xd9
 3911 0d80 18       		.byte	0x18
 3912 0d81 850D0000 		.4byte	0xd85
 3913 0d85 04       		.uleb128 0x4
 3914 0d86 490D0000 		.4byte	0xd49
 3915 0d8a 04       		.uleb128 0x4
 3916 0d8b F90B0000 		.4byte	0xbf9
 3917 0d8f 31       		.uleb128 0x31
 3918 0d90 07       		.byte	0x7
 3919 0d91 01       		.byte	0x1
 3920 0d92 66000000 		.4byte	0x66
 3921 0d96 18       		.byte	0x18
 3922 0d97 76       		.byte	0x76
ARM GAS  C:\Users\DEVELO~1\AppData\Local\Temp\ccIRxm3d.s 			page 70


 3923 0d98 0E       		.byte	0xe
 3924 0d99 BC0D0000 		.4byte	0xdbc
 3925 0d9d 1A       		.uleb128 0x1a
 3926 0d9e 09080000 		.4byte	.LASF174
 3927 0da2 00       		.byte	0
 3928 0da3 1A       		.uleb128 0x1a
 3929 0da4 D6090000 		.4byte	.LASF175
 3930 0da8 01       		.byte	0x1
 3931 0da9 1A       		.uleb128 0x1a
 3932 0daa 4E090000 		.4byte	.LASF176
 3933 0dae 02       		.byte	0x2
 3934 0daf 1A       		.uleb128 0x1a
 3935 0db0 F7060000 		.4byte	.LASF177
 3936 0db4 03       		.byte	0x3
 3937 0db5 1A       		.uleb128 0x1a
 3938 0db6 8C0B0000 		.4byte	.LASF178
 3939 0dba 04       		.byte	0x4
 3940 0dbb 00       		.byte	0
 3941 0dbc 02       		.uleb128 0x2
 3942 0dbd AD080000 		.4byte	.LASF179
 3943 0dc1 18       		.byte	0x18
 3944 0dc2 7C       		.byte	0x7c
 3945 0dc3 03       		.byte	0x3
 3946 0dc4 8F0D0000 		.4byte	0xd8f
 3947 0dc8 02       		.uleb128 0x2
 3948 0dc9 CE0A0000 		.4byte	.LASF180
 3949 0dcd 18       		.byte	0x18
 3950 0dce 81       		.byte	0x81
 3951 0dcf 1F       		.byte	0x1f
 3952 0dd0 D40D0000 		.4byte	0xdd4
 3953 0dd4 09       		.uleb128 0x9
 3954 0dd5 3D030000 		.4byte	.LASF181
 3955 0dd9 3C       		.byte	0x3c
 3956 0dda 18       		.byte	0x18
 3957 0ddb D8       		.byte	0xd8
 3958 0ddc 08       		.byte	0x8
 3959 0ddd 7C0E0000 		.4byte	0xe7c
 3960 0de1 01       		.uleb128 0x1
 3961 0de2 A50A0000 		.4byte	.LASF37
 3962 0de6 18       		.byte	0x18
 3963 0de7 DC       		.byte	0xdc
 3964 0de8 1D       		.byte	0x1d
 3965 0de9 BC0D0000 		.4byte	0xdbc
 3966 0ded 00       		.byte	0
 3967 0dee 01       		.uleb128 0x1
 3968 0def 39080000 		.4byte	.LASF54
 3969 0df3 18       		.byte	0x18
 3970 0df4 E0       		.byte	0xe0
 3971 0df5 1E       		.byte	0x1e
 3972 0df6 7A0F0000 		.4byte	0xf7a
 3973 0dfa 04       		.byte	0x4
 3974 0dfb 01       		.uleb128 0x1
 3975 0dfc 3B0B0000 		.4byte	.LASF182
 3976 0e00 18       		.byte	0x18
 3977 0e01 E5       		.byte	0xe5
 3978 0e02 1D       		.byte	0x1d
 3979 0e03 76090000 		.4byte	0x976
ARM GAS  C:\Users\DEVELO~1\AppData\Local\Temp\ccIRxm3d.s 			page 71


 3980 0e07 08       		.byte	0x8
 3981 0e08 01       		.uleb128 0x1
 3982 0e09 7E020000 		.4byte	.LASF183
 3983 0e0d 18       		.byte	0x18
 3984 0e0e EB       		.byte	0xeb
 3985 0e0f 1D       		.byte	0x1d
 3986 0e10 5D0B0000 		.4byte	0xb5d
 3987 0e14 0C       		.byte	0xc
 3988 0e15 08       		.uleb128 0x8
 3989 0e16 73706900 		.ascii	"spi\000"
 3990 0e1a 18       		.byte	0x18
 3991 0e1b F1       		.byte	0xf1
 3992 0e1c 03       		.byte	0x3
 3993 0e1d 7F0F0000 		.4byte	0xf7f
 3994 0e21 1C       		.byte	0x1c
 3995 0e22 01       		.uleb128 0x1
 3996 0e23 690B0000 		.4byte	.LASF184
 3997 0e27 18       		.byte	0x18
 3998 0e28 F1       		.byte	0xf1
 3999 0e29 03       		.byte	0x3
 4000 0e2a 6E0B0000 		.4byte	0xb6e
 4001 0e2e 20       		.byte	0x20
 4002 0e2f 08       		.uleb128 0x8
 4003 0e30 727800   		.ascii	"rx\000"
 4004 0e33 18       		.byte	0x18
 4005 0e34 F1       		.byte	0xf1
 4006 0e35 03       		.byte	0x3
 4007 0e36 310F0000 		.4byte	0xf31
 4008 0e3a 24       		.byte	0x24
 4009 0e3b 08       		.uleb128 0x8
 4010 0e3c 747800   		.ascii	"tx\000"
 4011 0e3f 18       		.byte	0x18
 4012 0e40 F1       		.byte	0xf1
 4013 0e41 03       		.byte	0x3
 4014 0e42 580F0000 		.4byte	0xf58
 4015 0e46 28       		.byte	0x28
 4016 0e47 01       		.uleb128 0x1
 4017 0e48 6C0A0000 		.4byte	.LASF185
 4018 0e4c 18       		.byte	0x18
 4019 0e4d F1       		.byte	0xf1
 4020 0e4e 03       		.byte	0x3
 4021 0e4f E9000000 		.4byte	0xe9
 4022 0e53 2C       		.byte	0x2c
 4023 0e54 01       		.uleb128 0x1
 4024 0e55 67050000 		.4byte	.LASF186
 4025 0e59 18       		.byte	0x18
 4026 0e5a F1       		.byte	0xf1
 4027 0e5b 03       		.byte	0x3
 4028 0e5c E9000000 		.4byte	0xe9
 4029 0e60 30       		.byte	0x30
 4030 0e61 01       		.uleb128 0x1
 4031 0e62 850B0000 		.4byte	.LASF187
 4032 0e66 18       		.byte	0x18
 4033 0e67 F1       		.byte	0xf1
 4034 0e68 03       		.byte	0x3
 4035 0e69 E9000000 		.4byte	0xe9
 4036 0e6d 34       		.byte	0x34
ARM GAS  C:\Users\DEVELO~1\AppData\Local\Temp\ccIRxm3d.s 			page 72


 4037 0e6e 01       		.uleb128 0x1
 4038 0e6f 16090000 		.4byte	.LASF188
 4039 0e73 18       		.byte	0x18
 4040 0e74 F1       		.byte	0xf1
 4041 0e75 03       		.byte	0x3
 4042 0e76 E9000000 		.4byte	0xe9
 4043 0e7a 38       		.byte	0x38
 4044 0e7b 00       		.byte	0
 4045 0e7c 02       		.uleb128 0x2
 4046 0e7d 61060000 		.4byte	.LASF189
 4047 0e81 18       		.byte	0x18
 4048 0e82 86       		.byte	0x86
 4049 0e83 1F       		.byte	0x1f
 4050 0e84 8D0E0000 		.4byte	0xe8d
 4051 0e88 10       		.uleb128 0x10
 4052 0e89 7C0E0000 		.4byte	0xe7c
 4053 0e8d 09       		.uleb128 0x9
 4054 0e8e 66070000 		.4byte	.LASF190
 4055 0e92 1C       		.byte	0x1c
 4056 0e93 18       		.byte	0x18
 4057 0e94 9F       		.byte	0x9f
 4058 0e95 08       		.byte	0x8
 4059 0e96 030F0000 		.4byte	0xf03
 4060 0e9a 01       		.uleb128 0x1
 4061 0e9b 2D000000 		.4byte	.LASF191
 4062 0e9f 18       		.byte	0x18
 4063 0ea0 A4       		.byte	0xa4
 4064 0ea1 1D       		.byte	0x1d
 4065 0ea2 6E0B0000 		.4byte	0xb6e
 4066 0ea6 00       		.byte	0
 4067 0ea7 01       		.uleb128 0x1
 4068 0ea8 03050000 		.4byte	.LASF192
 4069 0eac 18       		.byte	0x18
 4070 0ead AA       		.byte	0xaa
 4071 0eae 1D       		.byte	0x1d
 4072 0eaf 6E0B0000 		.4byte	0xb6e
 4073 0eb3 01       		.byte	0x1
 4074 0eb4 01       		.uleb128 0x1
 4075 0eb5 46090000 		.4byte	.LASF193
 4076 0eb9 18       		.byte	0x18
 4077 0eba AF       		.byte	0xaf
 4078 0ebb 1D       		.byte	0x1d
 4079 0ebc 030F0000 		.4byte	0xf03
 4080 0ec0 04       		.byte	0x4
 4081 0ec1 01       		.uleb128 0x1
 4082 0ec2 08010000 		.4byte	.LASF194
 4083 0ec6 18       		.byte	0x18
 4084 0ec7 B3       		.byte	0xb3
 4085 0ec8 1D       		.byte	0x1d
 4086 0ec9 030F0000 		.4byte	0xf03
 4087 0ecd 08       		.byte	0x8
 4088 0ece 01       		.uleb128 0x1
 4089 0ecf 36030000 		.4byte	.LASF195
 4090 0ed3 18       		.byte	0x18
 4091 0ed4 CA       		.byte	0xca
 4092 0ed5 1D       		.byte	0x1d
 4093 0ed6 790D0000 		.4byte	0xd79
ARM GAS  C:\Users\DEVELO~1\AppData\Local\Temp\ccIRxm3d.s 			page 73


 4094 0eda 0C       		.byte	0xc
 4095 0edb 01       		.uleb128 0x1
 4096 0edc BC0B0000 		.4byte	.LASF196
 4097 0ee0 18       		.byte	0x18
 4098 0ee1 CF       		.byte	0xcf
 4099 0ee2 1D       		.byte	0x1d
 4100 0ee3 0B010000 		.4byte	0x10b
 4101 0ee7 10       		.byte	0x10
 4102 0ee8 01       		.uleb128 0x1
 4103 0ee9 5F0B0000 		.4byte	.LASF197
 4104 0eed 18       		.byte	0x18
 4105 0eee D2       		.byte	0xd2
 4106 0eef 03       		.byte	0x3
 4107 0ef0 E9000000 		.4byte	0xe9
 4108 0ef4 14       		.byte	0x14
 4109 0ef5 01       		.uleb128 0x1
 4110 0ef6 640B0000 		.4byte	.LASF198
 4111 0efa 18       		.byte	0x18
 4112 0efb D2       		.byte	0xd2
 4113 0efc 03       		.byte	0x3
 4114 0efd E9000000 		.4byte	0xe9
 4115 0f01 18       		.byte	0x18
 4116 0f02 00       		.byte	0
 4117 0f03 02       		.uleb128 0x2
 4118 0f04 25020000 		.4byte	.LASF199
 4119 0f08 18       		.byte	0x18
 4120 0f09 8E       		.byte	0x8e
 4121 0f0a 10       		.byte	0x10
 4122 0f0b 0F0F0000 		.4byte	0xf0f
 4123 0f0f 04       		.uleb128 0x4
 4124 0f10 140F0000 		.4byte	0xf14
 4125 0f14 26       		.uleb128 0x26
 4126 0f15 1F0F0000 		.4byte	0xf1f
 4127 0f19 05       		.uleb128 0x5
 4128 0f1a 1F0F0000 		.4byte	0xf1f
 4129 0f1e 00       		.byte	0
 4130 0f1f 04       		.uleb128 0x4
 4131 0f20 C80D0000 		.4byte	0xdc8
 4132 0f24 32       		.uleb128 0x32
 4133 0f25 33080000 		.4byte	.LASF200
 4134 0f29 1A       		.byte	0x1a
 4135 0f2a 5A02     		.2byte	0x25a
 4136 0f2c 12       		.byte	0x12
 4137 0f2d C80D0000 		.4byte	0xdc8
 4138 0f31 15       		.uleb128 0x15
 4139 0f32 04       		.byte	0x4
 4140 0f33 18       		.byte	0x18
 4141 0f34 F1       		.byte	0xf1
 4142 0f35 03       		.byte	0x3
 4143 0f36 530F0000 		.4byte	0xf53
 4144 0f3a 13       		.uleb128 0x13
 4145 0f3b 646D6100 		.ascii	"dma\000"
 4146 0f3f 18       		.byte	0x18
 4147 0f40 F1       		.byte	0xf1
 4148 0f41 03       		.byte	0x3
 4149 0f42 8A0D0000 		.4byte	0xd8a
 4150 0f46 0E       		.uleb128 0xe
ARM GAS  C:\Users\DEVELO~1\AppData\Local\Temp\ccIRxm3d.s 			page 74


 4151 0f47 16000000 		.4byte	.LASF157
 4152 0f4b 18       		.byte	0x18
 4153 0f4c F1       		.byte	0xf1
 4154 0f4d 03       		.byte	0x3
 4155 0f4e 530F0000 		.4byte	0xf53
 4156 0f52 00       		.byte	0
 4157 0f53 04       		.uleb128 0x4
 4158 0f54 6C0C0000 		.4byte	0xc6c
 4159 0f58 15       		.uleb128 0x15
 4160 0f59 04       		.byte	0x4
 4161 0f5a 18       		.byte	0x18
 4162 0f5b F1       		.byte	0xf1
 4163 0f5c 03       		.byte	0x3
 4164 0f5d 7A0F0000 		.4byte	0xf7a
 4165 0f61 13       		.uleb128 0x13
 4166 0f62 646D6100 		.ascii	"dma\000"
 4167 0f66 18       		.byte	0x18
 4168 0f67 F1       		.byte	0xf1
 4169 0f68 03       		.byte	0x3
 4170 0f69 8A0D0000 		.4byte	0xd8a
 4171 0f6d 0E       		.uleb128 0xe
 4172 0f6e 16000000 		.4byte	.LASF157
 4173 0f72 18       		.byte	0x18
 4174 0f73 F1       		.byte	0xf1
 4175 0f74 03       		.byte	0x3
 4176 0f75 530F0000 		.4byte	0xf53
 4177 0f79 00       		.byte	0
 4178 0f7a 04       		.uleb128 0x4
 4179 0f7b 880E0000 		.4byte	0xe88
 4180 0f7f 04       		.uleb128 0x4
 4181 0f80 5A080000 		.4byte	0x85a
 4182 0f84 09       		.uleb128 0x9
 4183 0f85 E4040000 		.4byte	.LASF201
 4184 0f89 10       		.byte	0x10
 4185 0f8a 19       		.byte	0x19
 4186 0f8b 24       		.byte	0x24
 4187 0f8c 10       		.byte	0x10
 4188 0f8d ED0F0000 		.4byte	0xfed
 4189 0f91 01       		.uleb128 0x1
 4190 0f92 67090000 		.4byte	.LASF35
 4191 0f96 19       		.byte	0x19
 4192 0f97 25       		.byte	0x25
 4193 0f98 11       		.byte	0x11
 4194 0f99 66030000 		.4byte	0x366
 4195 0f9d 00       		.byte	0
 4196 0f9e 01       		.uleb128 0x1
 4197 0f9f A1040000 		.4byte	.LASF202
 4198 0fa3 19       		.byte	0x19
 4199 0fa4 26       		.byte	0x26
 4200 0fa5 0D       		.byte	0xd
 4201 0fa6 C0000000 		.4byte	0xc0
 4202 0faa 04       		.byte	0x4
 4203 0fab 01       		.uleb128 0x1
 4204 0fac 75070000 		.4byte	.LASF203
 4205 0fb0 19       		.byte	0x19
 4206 0fb1 27       		.byte	0x27
 4207 0fb2 0D       		.byte	0xd
ARM GAS  C:\Users\DEVELO~1\AppData\Local\Temp\ccIRxm3d.s 			page 75


 4208 0fb3 C0000000 		.4byte	0xc0
 4209 0fb7 05       		.byte	0x5
 4210 0fb8 01       		.uleb128 0x1
 4211 0fb9 810A0000 		.4byte	.LASF204
 4212 0fbd 19       		.byte	0x19
 4213 0fbe 28       		.byte	0x28
 4214 0fbf 0D       		.byte	0xd
 4215 0fc0 C0000000 		.4byte	0xc0
 4216 0fc4 06       		.byte	0x6
 4217 0fc5 01       		.uleb128 0x1
 4218 0fc6 58090000 		.4byte	.LASF205
 4219 0fca 19       		.byte	0x19
 4220 0fcb 29       		.byte	0x29
 4221 0fcc 0D       		.byte	0xd
 4222 0fcd C0000000 		.4byte	0xc0
 4223 0fd1 07       		.byte	0x7
 4224 0fd2 01       		.uleb128 0x1
 4225 0fd3 1F090000 		.4byte	.LASF206
 4226 0fd7 19       		.byte	0x19
 4227 0fd8 2A       		.byte	0x2a
 4228 0fd9 0D       		.byte	0xd
 4229 0fda C0000000 		.4byte	0xc0
 4230 0fde 08       		.byte	0x8
 4231 0fdf 01       		.uleb128 0x1
 4232 0fe0 00010000 		.4byte	.LASF207
 4233 0fe4 19       		.byte	0x19
 4234 0fe5 31       		.byte	0x31
 4235 0fe6 0F       		.byte	0xf
 4236 0fe7 01100000 		.4byte	0x1001
 4237 0feb 0C       		.byte	0xc
 4238 0fec 00       		.byte	0
 4239 0fed 33       		.uleb128 0x33
 4240 0fee C0000000 		.4byte	0xc0
 4241 0ff2 01100000 		.4byte	0x1001
 4242 0ff6 05       		.uleb128 0x5
 4243 0ff7 70030000 		.4byte	0x370
 4244 0ffb 05       		.uleb128 0x5
 4245 0ffc C0000000 		.4byte	0xc0
 4246 1000 00       		.byte	0
 4247 1001 04       		.uleb128 0x4
 4248 1002 ED0F0000 		.4byte	0xfed
 4249 1006 02       		.uleb128 0x2
 4250 1007 EB040000 		.4byte	.LASF208
 4251 100b 19       		.byte	0x19
 4252 100c 32       		.byte	0x32
 4253 100d 03       		.byte	0x3
 4254 100e 840F0000 		.4byte	0xf84
 4255 1012 10       		.uleb128 0x10
 4256 1013 06100000 		.4byte	0x1006
 4257 1017 27       		.uleb128 0x27
 4258 1018 5D070000 		.4byte	.LASF209
 4259 101c 19       		.byte	0x19
 4260 101d 39       		.byte	0x39
 4261 101e 15       		.byte	0x15
 4262 101f 12100000 		.4byte	0x1012
 4263 1023 04       		.uleb128 0x4
 4264 1024 70030000 		.4byte	0x370
ARM GAS  C:\Users\DEVELO~1\AppData\Local\Temp\ccIRxm3d.s 			page 76


 4265 1028 0F       		.uleb128 0xf
 4266 1029 27090000 		.4byte	.LASF210
 4267 102d 0D       		.byte	0xd
 4268 102e 18       		.byte	0x18
 4269 102f 880E0000 		.4byte	0xe88
 4270 1033 05       		.uleb128 0x5
 4271 1034 03       		.byte	0x3
 4272 1035 00000000 		.4byte	spicfg
 4273 1039 19       		.uleb128 0x19
 4274 103a C0000000 		.4byte	0xc0
 4275 103e 4A100000 		.4byte	0x104a
 4276 1042 34       		.uleb128 0x34
 4277 1043 3E000000 		.4byte	0x3e
 4278 1047 FF03     		.2byte	0x3ff
 4279 1049 00       		.byte	0
 4280 104a 0F       		.uleb128 0xf
 4281 104b AE000000 		.4byte	.LASF90
 4282 104f 1F       		.byte	0x1f
 4283 1050 10       		.byte	0x10
 4284 1051 39100000 		.4byte	0x1039
 4285 1055 05       		.uleb128 0x5
 4286 1056 03       		.byte	0x3
 4287 1057 00000000 		.4byte	buffer
 4288 105b 0F       		.uleb128 0xf
 4289 105c B8080000 		.4byte	.LASF211
 4290 1060 20       		.byte	0x20
 4291 1061 16       		.byte	0x16
 4292 1062 6C100000 		.4byte	0x106c
 4293 1066 05       		.uleb128 0x5
 4294 1067 03       		.byte	0x3
 4295 1068 00000000 		.4byte	current_font
 4296 106c 04       		.uleb128 0x4
 4297 106d 12100000 		.4byte	0x1012
 4298 1071 0F       		.uleb128 0xf
 4299 1072 F5000000 		.4byte	.LASF212
 4300 1076 21       		.byte	0x21
 4301 1077 12       		.byte	0x12
 4302 1078 C1040000 		.4byte	0x4c1
 4303 107c 05       		.uleb128 0x5
 4304 107d 03       		.byte	0x3
 4305 107e 00000000 		.4byte	display_tp
 4306 1082 0F       		.uleb128 0xf
 4307 1083 41010000 		.4byte	.LASF213
 4308 1087 44       		.byte	0x44
 4309 1088 16       		.byte	0x16
 4310 1089 750B0000 		.4byte	0xb75
 4311 108d 05       		.uleb128 0x5
 4312 108e 03       		.byte	0x3
 4313 108f 00000000 		.4byte	display_dirty
 4314 1093 0F       		.uleb128 0xf
 4315 1094 6C090000 		.4byte	.LASF214
 4316 1098 46       		.byte	0x46
 4317 1099 10       		.byte	0x10
 4318 109a C0000000 		.4byte	0xc0
 4319 109e 05       		.uleb128 0x5
 4320 109f 03       		.byte	0x3
 4321 10a0 00000000 		.4byte	dirty_pages
ARM GAS  C:\Users\DEVELO~1\AppData\Local\Temp\ccIRxm3d.s 			page 77


 4322 10a4 19       		.uleb128 0x19
 4323 10a5 23010000 		.4byte	0x123
 4324 10a9 B4100000 		.4byte	0x10b4
 4325 10ad 1D       		.uleb128 0x1d
 4326 10ae 3E000000 		.4byte	0x3e
 4327 10b2 5D       		.byte	0x5d
 4328 10b3 00       		.byte	0
 4329 10b4 1F       		.uleb128 0x1f
 4330 10b5 78090000 		.4byte	.LASF215
 4331 10b9 3E01     		.2byte	0x13e
 4332 10bb 08       		.byte	0x8
 4333 10bc A4100000 		.4byte	0x10a4
 4334 10c0 05       		.uleb128 0x5
 4335 10c1 03       		.byte	0x3
 4336 10c2 00000000 		.4byte	waDisplay
 4337 10c6 20       		.uleb128 0x20
 4338 10c7 86060000 		.4byte	.LASF218
 4339 10cb 01       		.byte	0x1
 4340 10cc 3901     		.2byte	0x139
 4341 10ce D8100000 		.4byte	0x10d8
 4342 10d2 05       		.uleb128 0x5
 4343 10d3 C1040000 		.4byte	0x4c1
 4344 10d7 00       		.byte	0
 4345 10d8 1B       		.uleb128 0x1b
 4346 10d9 A8070000 		.4byte	.LASF216
 4347 10dd 01       		.byte	0x1
 4348 10de 2C01     		.2byte	0x12c
 4349 10e0 0D       		.byte	0xd
 4350 10e1 C1040000 		.4byte	0x4c1
 4351 10e5 03110000 		.4byte	0x1103
 4352 10e9 05       		.uleb128 0x5
 4353 10ea C6040000 		.4byte	0x4c6
 4354 10ee 05       		.uleb128 0x5
 4355 10ef 32000000 		.4byte	0x32
 4356 10f3 05       		.uleb128 0x5
 4357 10f4 53010000 		.4byte	0x153
 4358 10f8 05       		.uleb128 0x5
 4359 10f9 410B0000 		.4byte	0xb41
 4360 10fd 05       		.uleb128 0x5
 4361 10fe C6040000 		.4byte	0x4c6
 4362 1102 00       		.byte	0
 4363 1103 1B       		.uleb128 0x1b
 4364 1104 40080000 		.4byte	.LASF217
 4365 1108 01       		.byte	0x1
 4366 1109 3601     		.2byte	0x136
 4367 110b 09       		.byte	0x9
 4368 110c 5F010000 		.4byte	0x15f
 4369 1110 1A110000 		.4byte	0x111a
 4370 1114 05       		.uleb128 0x5
 4371 1115 C1040000 		.4byte	0x4c1
 4372 1119 00       		.byte	0
 4373 111a 20       		.uleb128 0x20
 4374 111b ED060000 		.4byte	.LASF219
 4375 111f 01       		.byte	0x1
 4376 1120 3301     		.2byte	0x133
 4377 1122 2C110000 		.4byte	0x112c
 4378 1126 05       		.uleb128 0x5
ARM GAS  C:\Users\DEVELO~1\AppData\Local\Temp\ccIRxm3d.s 			page 78


 4379 1127 5F010000 		.4byte	0x15f
 4380 112b 00       		.byte	0
 4381 112c 1B       		.uleb128 0x1b
 4382 112d 26070000 		.4byte	.LASF220
 4383 1131 1B       		.byte	0x1b
 4384 1132 1401     		.2byte	0x114
 4385 1134 05       		.byte	0x5
 4386 1135 26000000 		.4byte	0x26
 4387 1139 4E110000 		.4byte	0x114e
 4388 113d 05       		.uleb128 0x5
 4389 113e 23100000 		.4byte	0x1023
 4390 1142 05       		.uleb128 0x5
 4391 1143 32000000 		.4byte	0x32
 4392 1147 05       		.uleb128 0x5
 4393 1148 66030000 		.4byte	0x366
 4394 114c 35       		.uleb128 0x35
 4395 114d 00       		.byte	0
 4396 114e 36       		.uleb128 0x36
 4397 114f 02070000 		.4byte	.LASF221
 4398 1153 1C       		.byte	0x1c
 4399 1154 21       		.byte	0x21
 4400 1155 09       		.byte	0x9
 4401 1156 C6040000 		.4byte	0x4c6
 4402 115a 6E110000 		.4byte	0x116e
 4403 115e 05       		.uleb128 0x5
 4404 115f C6040000 		.4byte	0x4c6
 4405 1163 05       		.uleb128 0x5
 4406 1164 26000000 		.4byte	0x26
 4407 1168 05       		.uleb128 0x5
 4408 1169 32000000 		.4byte	0x32
 4409 116d 00       		.byte	0
 4410 116e 20       		.uleb128 0x20
 4411 116f 760A0000 		.4byte	.LASF222
 4412 1173 01       		.byte	0x1
 4413 1174 4201     		.2byte	0x142
 4414 1176 80110000 		.4byte	0x1180
 4415 117a 05       		.uleb128 0x5
 4416 117b 94030000 		.4byte	0x394
 4417 117f 00       		.byte	0
 4418 1180 1B       		.uleb128 0x1b
 4419 1181 C1030000 		.4byte	.LASF223
 4420 1185 18       		.byte	0x18
 4421 1186 E301     		.2byte	0x1e3
 4422 1188 09       		.byte	0x9
 4423 1189 5F010000 		.4byte	0x15f
 4424 118d 9C110000 		.4byte	0x119c
 4425 1191 05       		.uleb128 0x5
 4426 1192 1F0F0000 		.4byte	0xf1f
 4427 1196 05       		.uleb128 0x5
 4428 1197 7A0F0000 		.4byte	0xf7a
 4429 119b 00       		.byte	0
 4430 119c 20       		.uleb128 0x20
 4431 119d 1A030000 		.4byte	.LASF224
 4432 11a1 17       		.byte	0x17
 4433 11a2 F301     		.2byte	0x1f3
 4434 11a4 B8110000 		.4byte	0x11b8
 4435 11a8 05       		.uleb128 0x5
ARM GAS  C:\Users\DEVELO~1\AppData\Local\Temp\ccIRxm3d.s 			page 79


 4436 11a9 790D0000 		.4byte	0xd79
 4437 11ad 05       		.uleb128 0x5
 4438 11ae 550D0000 		.4byte	0xd55
 4439 11b2 05       		.uleb128 0x5
 4440 11b3 610D0000 		.4byte	0xd61
 4441 11b7 00       		.byte	0
 4442 11b8 1B       		.uleb128 0x1b
 4443 11b9 89080000 		.4byte	.LASF225
 4444 11bd 1A       		.byte	0x1a
 4445 11be 7102     		.2byte	0x271
 4446 11c0 0C       		.byte	0xc
 4447 11c1 E9000000 		.4byte	0xe9
 4448 11c5 D4110000 		.4byte	0x11d4
 4449 11c9 05       		.uleb128 0x5
 4450 11ca 1F0F0000 		.4byte	0xf1f
 4451 11ce 05       		.uleb128 0x5
 4452 11cf E9000000 		.4byte	0xe9
 4453 11d3 00       		.byte	0
 4454 11d4 28       		.uleb128 0x28
 4455 11d5 47070000 		.4byte	.LASF226
 4456 11d9 5C01     		.2byte	0x15c
 4457 11db 00000000 		.4byte	.LFB459
 4458 11df 30000000 		.4byte	.LFE459-.LFB459
 4459 11e3 01       		.uleb128 0x1
 4460 11e4 9C       		.byte	0x9c
 4461 11e5 28       		.uleb128 0x28
 4462 11e6 BE040000 		.4byte	.LASF227
 4463 11ea 4C01     		.2byte	0x14c
 4464 11ec 00000000 		.4byte	.LFB458
 4465 11f0 60000000 		.4byte	.LFE458-.LFB458
 4466 11f4 01       		.uleb128 0x1
 4467 11f5 9C       		.byte	0x9c
 4468 11f6 37       		.uleb128 0x37
 4469 11f7 C0090000 		.4byte	.LASF246
 4470 11fb 03       		.byte	0x3
 4471 11fc 4001     		.2byte	0x140
 4472 11fe 08       		.byte	0x8
 4473 11ff 00000000 		.4byte	.LFB457
 4474 1203 40000000 		.4byte	.LFE457-.LFB457
 4475 1207 01       		.uleb128 0x1
 4476 1208 9C       		.byte	0x9c
 4477 1209 1E120000 		.4byte	0x121e
 4478 120d 0A       		.uleb128 0xa
 4479 120e 61726700 		.ascii	"arg\000"
 4480 1212 03       		.byte	0x3
 4481 1213 4001     		.2byte	0x140
 4482 1215 08       		.byte	0x8
 4483 1216 C6040000 		.4byte	0x4c6
 4484 121a 02       		.uleb128 0x2
 4485 121b 91       		.byte	0x91
 4486 121c 74       		.sleb128 -12
 4487 121d 00       		.byte	0
 4488 121e 21       		.uleb128 0x21
 4489 121f 0E070000 		.4byte	.LASF228
 4490 1223 3401     		.2byte	0x134
 4491 1225 00000000 		.4byte	.LFB456
 4492 1229 38000000 		.4byte	.LFE456-.LFB456
ARM GAS  C:\Users\DEVELO~1\AppData\Local\Temp\ccIRxm3d.s 			page 80


 4493 122d 01       		.uleb128 0x1
 4494 122e 9C       		.byte	0x9c
 4495 122f 6F120000 		.4byte	0x126f
 4496 1233 0A       		.uleb128 0xa
 4497 1234 7800     		.ascii	"x\000"
 4498 1236 03       		.byte	0x3
 4499 1237 3401     		.2byte	0x134
 4500 1239 26       		.byte	0x26
 4501 123a C0000000 		.4byte	0xc0
 4502 123e 02       		.uleb128 0x2
 4503 123f 91       		.byte	0x91
 4504 1240 67       		.sleb128 -25
 4505 1241 0A       		.uleb128 0xa
 4506 1242 7900     		.ascii	"y\000"
 4507 1244 03       		.byte	0x3
 4508 1245 3401     		.2byte	0x134
 4509 1247 31       		.byte	0x31
 4510 1248 C0000000 		.4byte	0xc0
 4511 124c 02       		.uleb128 0x2
 4512 124d 91       		.byte	0x91
 4513 124e 66       		.sleb128 -26
 4514 124f 0A       		.uleb128 0xa
 4515 1250 6E756D00 		.ascii	"num\000"
 4516 1254 03       		.byte	0x3
 4517 1255 3401     		.2byte	0x134
 4518 1257 38       		.byte	0x38
 4519 1258 26000000 		.4byte	0x26
 4520 125c 02       		.uleb128 0x2
 4521 125d 91       		.byte	0x91
 4522 125e 60       		.sleb128 -32
 4523 125f 1C       		.uleb128 0x1c
 4524 1260 62756600 		.ascii	"buf\000"
 4525 1264 3501     		.2byte	0x135
 4526 1266 0A       		.byte	0xa
 4527 1267 6F120000 		.4byte	0x126f
 4528 126b 02       		.uleb128 0x2
 4529 126c 91       		.byte	0x91
 4530 126d 68       		.sleb128 -24
 4531 126e 00       		.byte	0
 4532 126f 19       		.uleb128 0x19
 4533 1270 70030000 		.4byte	0x370
 4534 1274 7F120000 		.4byte	0x127f
 4535 1278 1D       		.uleb128 0x1d
 4536 1279 3E000000 		.4byte	0x3e
 4537 127d 0F       		.byte	0xf
 4538 127e 00       		.byte	0
 4539 127f 21       		.uleb128 0x21
 4540 1280 78050000 		.4byte	.LASF229
 4541 1284 2301     		.2byte	0x123
 4542 1286 00000000 		.4byte	.LFB455
 4543 128a 64000000 		.4byte	.LFE455-.LFB455
 4544 128e 01       		.uleb128 0x1
 4545 128f 9C       		.byte	0x9c
 4546 1290 ED120000 		.4byte	0x12ed
 4547 1294 24       		.uleb128 0x24
 4548 1295 82090000 		.4byte	.LASF230
 4549 1299 2301     		.2byte	0x123
ARM GAS  C:\Users\DEVELO~1\AppData\Local\Temp\ccIRxm3d.s 			page 81


 4550 129b 36       		.byte	0x36
 4551 129c 6C100000 		.4byte	0x106c
 4552 12a0 02       		.uleb128 0x2
 4553 12a1 91       		.byte	0x91
 4554 12a2 6C       		.sleb128 -20
 4555 12a3 0A       		.uleb128 0xa
 4556 12a4 7800     		.ascii	"x\000"
 4557 12a6 03       		.byte	0x3
 4558 12a7 2401     		.2byte	0x124
 4559 12a9 30       		.byte	0x30
 4560 12aa C0000000 		.4byte	0xc0
 4561 12ae 02       		.uleb128 0x2
 4562 12af 91       		.byte	0x91
 4563 12b0 6B       		.sleb128 -21
 4564 12b1 24       		.uleb128 0x24
 4565 12b2 1B000000 		.4byte	.LASF231
 4566 12b6 2401     		.2byte	0x124
 4567 12b8 3B       		.byte	0x3b
 4568 12b9 C0000000 		.4byte	0xc0
 4569 12bd 02       		.uleb128 0x2
 4570 12be 91       		.byte	0x91
 4571 12bf 6A       		.sleb128 -22
 4572 12c0 0A       		.uleb128 0xa
 4573 12c1 74787400 		.ascii	"txt\000"
 4574 12c5 03       		.byte	0x3
 4575 12c6 2501     		.2byte	0x125
 4576 12c8 34       		.byte	0x34
 4577 12c9 66030000 		.4byte	0x366
 4578 12cd 02       		.uleb128 0x2
 4579 12ce 91       		.byte	0x91
 4580 12cf 64       		.sleb128 -28
 4581 12d0 1F       		.uleb128 0x1f
 4582 12d1 2E010000 		.4byte	.LASF232
 4583 12d5 2901     		.2byte	0x129
 4584 12d7 13       		.byte	0x13
 4585 12d8 6C100000 		.4byte	0x106c
 4586 12dc 02       		.uleb128 0x2
 4587 12dd 91       		.byte	0x91
 4588 12de 74       		.sleb128 -12
 4589 12df 1C       		.uleb128 0x1c
 4590 12e0 7900     		.ascii	"y\000"
 4591 12e2 2C01     		.2byte	0x12c
 4592 12e4 0D       		.byte	0xd
 4593 12e5 C0000000 		.4byte	0xc0
 4594 12e9 02       		.uleb128 0x2
 4595 12ea 91       		.byte	0x91
 4596 12eb 73       		.sleb128 -13
 4597 12ec 00       		.byte	0
 4598 12ed 21       		.uleb128 0x21
 4599 12ee A0060000 		.4byte	.LASF233
 4600 12f2 1701     		.2byte	0x117
 4601 12f4 00000000 		.4byte	.LFB454
 4602 12f8 4C000000 		.4byte	.LFE454-.LFB454
 4603 12fc 01       		.uleb128 0x1
 4604 12fd 9C       		.byte	0x9c
 4605 12fe 4D130000 		.4byte	0x134d
 4606 1302 24       		.uleb128 0x24
ARM GAS  C:\Users\DEVELO~1\AppData\Local\Temp\ccIRxm3d.s 			page 82


 4607 1303 82090000 		.4byte	.LASF230
 4608 1307 1701     		.2byte	0x117
 4609 1309 34       		.byte	0x34
 4610 130a 6C100000 		.4byte	0x106c
 4611 130e 02       		.uleb128 0x2
 4612 130f 91       		.byte	0x91
 4613 1310 6C       		.sleb128 -20
 4614 1311 0A       		.uleb128 0xa
 4615 1312 7800     		.ascii	"x\000"
 4616 1314 03       		.byte	0x3
 4617 1315 1801     		.2byte	0x118
 4618 1317 2E       		.byte	0x2e
 4619 1318 C0000000 		.4byte	0xc0
 4620 131c 02       		.uleb128 0x2
 4621 131d 91       		.byte	0x91
 4622 131e 6B       		.sleb128 -21
 4623 131f 0A       		.uleb128 0xa
 4624 1320 7900     		.ascii	"y\000"
 4625 1322 03       		.byte	0x3
 4626 1323 1801     		.2byte	0x118
 4627 1325 39       		.byte	0x39
 4628 1326 C0000000 		.4byte	0xc0
 4629 132a 02       		.uleb128 0x2
 4630 132b 91       		.byte	0x91
 4631 132c 6A       		.sleb128 -22
 4632 132d 0A       		.uleb128 0xa
 4633 132e 74787400 		.ascii	"txt\000"
 4634 1332 03       		.byte	0x3
 4635 1333 1901     		.2byte	0x119
 4636 1335 32       		.byte	0x32
 4637 1336 66030000 		.4byte	0x366
 4638 133a 02       		.uleb128 0x2
 4639 133b 91       		.byte	0x91
 4640 133c 64       		.sleb128 -28
 4641 133d 1F       		.uleb128 0x1f
 4642 133e 2E010000 		.4byte	.LASF232
 4643 1342 1D01     		.2byte	0x11d
 4644 1344 13       		.byte	0x13
 4645 1345 6C100000 		.4byte	0x106c
 4646 1349 02       		.uleb128 0x2
 4647 134a 91       		.byte	0x91
 4648 134b 74       		.sleb128 -12
 4649 134c 00       		.byte	0
 4650 134d 21       		.uleb128 0x21
 4651 134e 870A0000 		.4byte	.LASF234
 4652 1352 0B01     		.2byte	0x10b
 4653 1354 00000000 		.4byte	.LFB453
 4654 1358 68000000 		.4byte	.LFE453-.LFB453
 4655 135c 01       		.uleb128 0x1
 4656 135d 9C       		.byte	0x9c
 4657 135e 9E130000 		.4byte	0x139e
 4658 1362 0A       		.uleb128 0xa
 4659 1363 7800     		.ascii	"x\000"
 4660 1365 03       		.byte	0x3
 4661 1366 0B01     		.2byte	0x10b
 4662 1368 24       		.byte	0x24
 4663 1369 C0000000 		.4byte	0xc0
ARM GAS  C:\Users\DEVELO~1\AppData\Local\Temp\ccIRxm3d.s 			page 83


 4664 136d 02       		.uleb128 0x2
 4665 136e 91       		.byte	0x91
 4666 136f 6F       		.sleb128 -17
 4667 1370 0A       		.uleb128 0xa
 4668 1371 7900     		.ascii	"y\000"
 4669 1373 03       		.byte	0x3
 4670 1374 0B01     		.2byte	0x10b
 4671 1376 2F       		.byte	0x2f
 4672 1377 C0000000 		.4byte	0xc0
 4673 137b 02       		.uleb128 0x2
 4674 137c 91       		.byte	0x91
 4675 137d 6E       		.sleb128 -18
 4676 137e 0A       		.uleb128 0xa
 4677 137f 74787400 		.ascii	"txt\000"
 4678 1383 03       		.byte	0x3
 4679 1384 0B01     		.2byte	0x10b
 4680 1386 3E       		.byte	0x3e
 4681 1387 66030000 		.4byte	0x366
 4682 138b 02       		.uleb128 0x2
 4683 138c 91       		.byte	0x91
 4684 138d 68       		.sleb128 -24
 4685 138e 1C       		.uleb128 0x1c
 4686 138f 61647600 		.ascii	"adv\000"
 4687 1393 0F01     		.2byte	0x10f
 4688 1395 13       		.byte	0x13
 4689 1396 CC000000 		.4byte	0xcc
 4690 139a 02       		.uleb128 0x2
 4691 139b 91       		.byte	0x91
 4692 139c 77       		.sleb128 -9
 4693 139d 00       		.byte	0
 4694 139e 14       		.uleb128 0x14
 4695 139f 32060000 		.4byte	.LASF235
 4696 13a3 FB       		.byte	0xfb
 4697 13a4 00000000 		.4byte	.LFB452
 4698 13a8 AC000000 		.4byte	.LFE452-.LFB452
 4699 13ac 01       		.uleb128 0x1
 4700 13ad 9C       		.byte	0x9c
 4701 13ae 22140000 		.4byte	0x1422
 4702 13b2 06       		.uleb128 0x6
 4703 13b3 7800     		.ascii	"x\000"
 4704 13b5 FB       		.byte	0xfb
 4705 13b6 24       		.byte	0x24
 4706 13b7 C0000000 		.4byte	0xc0
 4707 13bb 02       		.uleb128 0x2
 4708 13bc 91       		.byte	0x91
 4709 13bd 6F       		.sleb128 -17
 4710 13be 06       		.uleb128 0x6
 4711 13bf 7900     		.ascii	"y\000"
 4712 13c1 FB       		.byte	0xfb
 4713 13c2 2F       		.byte	0x2f
 4714 13c3 C0000000 		.4byte	0xc0
 4715 13c7 02       		.uleb128 0x2
 4716 13c8 91       		.byte	0x91
 4717 13c9 6E       		.sleb128 -18
 4718 13ca 06       		.uleb128 0x6
 4719 13cb 6300     		.ascii	"c\000"
 4720 13cd FB       		.byte	0xfb
ARM GAS  C:\Users\DEVELO~1\AppData\Local\Temp\ccIRxm3d.s 			page 84


 4721 13ce 37       		.byte	0x37
 4722 13cf 70030000 		.4byte	0x370
 4723 13d3 02       		.uleb128 0x2
 4724 13d4 91       		.byte	0x91
 4725 13d5 6D       		.sleb128 -19
 4726 13d6 0C       		.uleb128 0xc
 4727 13d7 36000000 		.4byte	.LBB10
 4728 13db 68000000 		.4byte	.LBE10-.LBB10
 4729 13df 1C       		.uleb128 0x1c
 4730 13e0 636F6C00 		.ascii	"col\000"
 4731 13e4 0201     		.2byte	0x102
 4732 13e6 12       		.byte	0x12
 4733 13e7 C0000000 		.4byte	0xc0
 4734 13eb 02       		.uleb128 0x2
 4735 13ec 91       		.byte	0x91
 4736 13ed 77       		.sleb128 -9
 4737 13ee 0C       		.uleb128 0xc
 4738 13ef 3C000000 		.4byte	.LBB11
 4739 13f3 4E000000 		.4byte	.LBE11-.LBB11
 4740 13f7 1F       		.uleb128 0x1f
 4741 13f8 4D060000 		.4byte	.LASF236
 4742 13fc 0301     		.2byte	0x103
 4743 13fe 11       		.byte	0x11
 4744 13ff C0000000 		.4byte	0xc0
 4745 1403 02       		.uleb128 0x2
 4746 1404 91       		.byte	0x91
 4747 1405 75       		.sleb128 -11
 4748 1406 0C       		.uleb128 0xc
 4749 1407 4E000000 		.4byte	.LBB12
 4750 140b 3C000000 		.4byte	.LBE12-.LBB12
 4751 140f 1C       		.uleb128 0x1c
 4752 1410 726F7700 		.ascii	"row\000"
 4753 1414 0401     		.2byte	0x104
 4754 1416 16       		.byte	0x16
 4755 1417 C0000000 		.4byte	0xc0
 4756 141b 02       		.uleb128 0x2
 4757 141c 91       		.byte	0x91
 4758 141d 76       		.sleb128 -10
 4759 141e 00       		.byte	0
 4760 141f 00       		.byte	0
 4761 1420 00       		.byte	0
 4762 1421 00       		.byte	0
 4763 1422 38       		.uleb128 0x38
 4764 1423 AB030000 		.4byte	.LASF257
 4765 1427 03       		.byte	0x3
 4766 1428 F7       		.byte	0xf7
 4767 1429 17       		.byte	0x17
 4768 142a C0000000 		.4byte	0xc0
 4769 142e 00000000 		.4byte	.LFB451
 4770 1432 1E000000 		.4byte	.LFE451-.LFB451
 4771 1436 01       		.uleb128 0x1
 4772 1437 9C       		.byte	0x9c
 4773 1438 49140000 		.4byte	0x1449
 4774 143c 06       		.uleb128 0x6
 4775 143d 6600     		.ascii	"f\000"
 4776 143f F7       		.byte	0xf7
 4777 1440 32       		.byte	0x32
ARM GAS  C:\Users\DEVELO~1\AppData\Local\Temp\ccIRxm3d.s 			page 85


 4778 1441 6C100000 		.4byte	0x106c
 4779 1445 02       		.uleb128 0x2
 4780 1446 91       		.byte	0x91
 4781 1447 74       		.sleb128 -12
 4782 1448 00       		.byte	0
 4783 1449 39       		.uleb128 0x39
 4784 144a 88010000 		.4byte	.LASF237
 4785 144e 03       		.byte	0x3
 4786 144f F3       		.byte	0xf3
 4787 1450 06       		.byte	0x6
 4788 1451 00000000 		.4byte	.LFB450
 4789 1455 1C000000 		.4byte	.LFE450-.LFB450
 4790 1459 01       		.uleb128 0x1
 4791 145a 9C       		.byte	0x9c
 4792 145b 6F140000 		.4byte	0x146f
 4793 145f 25       		.uleb128 0x25
 4794 1460 82090000 		.4byte	.LASF230
 4795 1464 03       		.byte	0x3
 4796 1465 F3       		.byte	0xf3
 4797 1466 29       		.byte	0x29
 4798 1467 6C100000 		.4byte	0x106c
 4799 146b 02       		.uleb128 0x2
 4800 146c 91       		.byte	0x91
 4801 146d 74       		.sleb128 -12
 4802 146e 00       		.byte	0
 4803 146f 14       		.uleb128 0x14
 4804 1470 1D050000 		.4byte	.LASF238
 4805 1474 D7       		.byte	0xd7
 4806 1475 00000000 		.4byte	.LFB449
 4807 1479 8C000000 		.4byte	.LFE449-.LFB449
 4808 147d 01       		.uleb128 0x1
 4809 147e 9C       		.byte	0x9c
 4810 147f 9C140000 		.4byte	0x149c
 4811 1483 0C       		.uleb128 0xc
 4812 1484 16000000 		.4byte	.LBB9
 4813 1488 52000000 		.4byte	.LBE9-.LBB9
 4814 148c 0F       		.uleb128 0xf
 4815 148d 9B060000 		.4byte	.LASF239
 4816 1491 DD       		.byte	0xdd
 4817 1492 12       		.byte	0x12
 4818 1493 C0000000 		.4byte	0xc0
 4819 1497 02       		.uleb128 0x2
 4820 1498 91       		.byte	0x91
 4821 1499 77       		.sleb128 -9
 4822 149a 00       		.byte	0
 4823 149b 00       		.byte	0
 4824 149c 3A       		.uleb128 0x3a
 4825 149d AE090000 		.4byte	.LASF240
 4826 14a1 03       		.byte	0x3
 4827 14a2 CD       		.byte	0xcd
 4828 14a3 06       		.byte	0x6
 4829 14a4 00000000 		.4byte	.LFB448
 4830 14a8 2C000000 		.4byte	.LFE448-.LFB448
 4831 14ac 01       		.uleb128 0x1
 4832 14ad 9C       		.byte	0x9c
 4833 14ae 14       		.uleb128 0x14
 4834 14af 4E000000 		.4byte	.LASF241
ARM GAS  C:\Users\DEVELO~1\AppData\Local\Temp\ccIRxm3d.s 			page 86


 4835 14b3 9D       		.byte	0x9d
 4836 14b4 00000000 		.4byte	.LFB447
 4837 14b8 0C010000 		.4byte	.LFE447-.LFB447
 4838 14bc 01       		.uleb128 0x1
 4839 14bd 9C       		.byte	0x9c
 4840 14be CF140000 		.4byte	0x14cf
 4841 14c2 27       		.uleb128 0x27
 4842 14c3 5D070000 		.4byte	.LASF209
 4843 14c7 03       		.byte	0x3
 4844 14c8 C5       		.byte	0xc5
 4845 14c9 19       		.byte	0x19
 4846 14ca 12100000 		.4byte	0x1012
 4847 14ce 00       		.byte	0
 4848 14cf 14       		.uleb128 0x14
 4849 14d0 1C080000 		.4byte	.LASF242
 4850 14d4 8B       		.byte	0x8b
 4851 14d5 00000000 		.4byte	.LFB446
 4852 14d9 60000000 		.4byte	.LFE446-.LFB446
 4853 14dd 01       		.uleb128 0x1
 4854 14de 9C       		.byte	0x9c
 4855 14df 42150000 		.4byte	0x1542
 4856 14e3 06       		.uleb128 0x6
 4857 14e4 7800     		.ascii	"x\000"
 4858 14e6 8B       		.byte	0x8b
 4859 14e7 21       		.byte	0x21
 4860 14e8 26000000 		.4byte	0x26
 4861 14ec 02       		.uleb128 0x2
 4862 14ed 91       		.byte	0x91
 4863 14ee 6C       		.sleb128 -20
 4864 14ef 06       		.uleb128 0x6
 4865 14f0 7900     		.ascii	"y\000"
 4866 14f2 8B       		.byte	0x8b
 4867 14f3 28       		.byte	0x28
 4868 14f4 26000000 		.4byte	0x26
 4869 14f8 02       		.uleb128 0x2
 4870 14f9 91       		.byte	0x91
 4871 14fa 68       		.sleb128 -24
 4872 14fb 06       		.uleb128 0x6
 4873 14fc 7700     		.ascii	"w\000"
 4874 14fe 8B       		.byte	0x8b
 4875 14ff 2F       		.byte	0x2f
 4876 1500 26000000 		.4byte	0x26
 4877 1504 02       		.uleb128 0x2
 4878 1505 91       		.byte	0x91
 4879 1506 64       		.sleb128 -28
 4880 1507 06       		.uleb128 0x6
 4881 1508 6800     		.ascii	"h\000"
 4882 150a 8B       		.byte	0x8b
 4883 150b 36       		.byte	0x36
 4884 150c 26000000 		.4byte	0x26
 4885 1510 02       		.uleb128 0x2
 4886 1511 91       		.byte	0x91
 4887 1512 60       		.sleb128 -32
 4888 1513 0C       		.uleb128 0xc
 4889 1514 1A000000 		.4byte	.LBB7
 4890 1518 3E000000 		.4byte	.LBE7-.LBB7
 4891 151c 12       		.uleb128 0x12
ARM GAS  C:\Users\DEVELO~1\AppData\Local\Temp\ccIRxm3d.s 			page 87


 4892 151d 697900   		.ascii	"iy\000"
 4893 1520 90       		.byte	0x90
 4894 1521 0E       		.byte	0xe
 4895 1522 26000000 		.4byte	0x26
 4896 1526 02       		.uleb128 0x2
 4897 1527 91       		.byte	0x91
 4898 1528 74       		.sleb128 -12
 4899 1529 0C       		.uleb128 0xc
 4900 152a 20000000 		.4byte	.LBB8
 4901 152e 28000000 		.4byte	.LBE8-.LBB8
 4902 1532 12       		.uleb128 0x12
 4903 1533 697800   		.ascii	"ix\000"
 4904 1536 91       		.byte	0x91
 4905 1537 12       		.byte	0x12
 4906 1538 26000000 		.4byte	0x26
 4907 153c 02       		.uleb128 0x2
 4908 153d 91       		.byte	0x91
 4909 153e 70       		.sleb128 -16
 4910 153f 00       		.byte	0
 4911 1540 00       		.byte	0
 4912 1541 00       		.byte	0
 4913 1542 14       		.uleb128 0x14
 4914 1543 4F010000 		.4byte	.LASF243
 4915 1547 7E       		.byte	0x7e
 4916 1548 00000000 		.4byte	.LFB445
 4917 154c 60000000 		.4byte	.LFE445-.LFB445
 4918 1550 01       		.uleb128 0x1
 4919 1551 9C       		.byte	0x9c
 4920 1552 B5150000 		.4byte	0x15b5
 4921 1556 06       		.uleb128 0x6
 4922 1557 7800     		.ascii	"x\000"
 4923 1559 7E       		.byte	0x7e
 4924 155a 20       		.byte	0x20
 4925 155b 26000000 		.4byte	0x26
 4926 155f 02       		.uleb128 0x2
 4927 1560 91       		.byte	0x91
 4928 1561 6C       		.sleb128 -20
 4929 1562 06       		.uleb128 0x6
 4930 1563 7900     		.ascii	"y\000"
 4931 1565 7E       		.byte	0x7e
 4932 1566 27       		.byte	0x27
 4933 1567 26000000 		.4byte	0x26
 4934 156b 02       		.uleb128 0x2
 4935 156c 91       		.byte	0x91
 4936 156d 68       		.sleb128 -24
 4937 156e 06       		.uleb128 0x6
 4938 156f 7700     		.ascii	"w\000"
 4939 1571 7E       		.byte	0x7e
 4940 1572 2E       		.byte	0x2e
 4941 1573 26000000 		.4byte	0x26
 4942 1577 02       		.uleb128 0x2
 4943 1578 91       		.byte	0x91
 4944 1579 64       		.sleb128 -28
 4945 157a 06       		.uleb128 0x6
 4946 157b 6800     		.ascii	"h\000"
 4947 157d 7E       		.byte	0x7e
 4948 157e 35       		.byte	0x35
ARM GAS  C:\Users\DEVELO~1\AppData\Local\Temp\ccIRxm3d.s 			page 88


 4949 157f 26000000 		.4byte	0x26
 4950 1583 02       		.uleb128 0x2
 4951 1584 91       		.byte	0x91
 4952 1585 60       		.sleb128 -32
 4953 1586 0C       		.uleb128 0xc
 4954 1587 1A000000 		.4byte	.LBB5
 4955 158b 3E000000 		.4byte	.LBE5-.LBB5
 4956 158f 12       		.uleb128 0x12
 4957 1590 697900   		.ascii	"iy\000"
 4958 1593 83       		.byte	0x83
 4959 1594 0E       		.byte	0xe
 4960 1595 26000000 		.4byte	0x26
 4961 1599 02       		.uleb128 0x2
 4962 159a 91       		.byte	0x91
 4963 159b 74       		.sleb128 -12
 4964 159c 0C       		.uleb128 0xc
 4965 159d 20000000 		.4byte	.LBB6
 4966 15a1 28000000 		.4byte	.LBE6-.LBB6
 4967 15a5 12       		.uleb128 0x12
 4968 15a6 697800   		.ascii	"ix\000"
 4969 15a9 84       		.byte	0x84
 4970 15aa 12       		.byte	0x12
 4971 15ab 26000000 		.4byte	0x26
 4972 15af 02       		.uleb128 0x2
 4973 15b0 91       		.byte	0x91
 4974 15b1 70       		.sleb128 -16
 4975 15b2 00       		.byte	0
 4976 15b3 00       		.byte	0
 4977 15b4 00       		.byte	0
 4978 15b5 14       		.uleb128 0x14
 4979 15b6 77040000 		.4byte	.LASF244
 4980 15ba 6C       		.byte	0x6c
 4981 15bb 00000000 		.4byte	.LFB444
 4982 15bf 98000000 		.4byte	.LFE444-.LFB444
 4983 15c3 01       		.uleb128 0x1
 4984 15c4 9C       		.byte	0x9c
 4985 15c5 2C160000 		.4byte	0x162c
 4986 15c9 06       		.uleb128 0x6
 4987 15ca 7800     		.ascii	"x\000"
 4988 15cc 6C       		.byte	0x6c
 4989 15cd 20       		.byte	0x20
 4990 15ce 26000000 		.4byte	0x26
 4991 15d2 02       		.uleb128 0x2
 4992 15d3 91       		.byte	0x91
 4993 15d4 6C       		.sleb128 -20
 4994 15d5 06       		.uleb128 0x6
 4995 15d6 7900     		.ascii	"y\000"
 4996 15d8 6C       		.byte	0x6c
 4997 15d9 27       		.byte	0x27
 4998 15da 26000000 		.4byte	0x26
 4999 15de 02       		.uleb128 0x2
 5000 15df 91       		.byte	0x91
 5001 15e0 68       		.sleb128 -24
 5002 15e1 06       		.uleb128 0x6
 5003 15e2 7700     		.ascii	"w\000"
 5004 15e4 6C       		.byte	0x6c
 5005 15e5 2E       		.byte	0x2e
ARM GAS  C:\Users\DEVELO~1\AppData\Local\Temp\ccIRxm3d.s 			page 89


 5006 15e6 26000000 		.4byte	0x26
 5007 15ea 02       		.uleb128 0x2
 5008 15eb 91       		.byte	0x91
 5009 15ec 64       		.sleb128 -28
 5010 15ed 06       		.uleb128 0x6
 5011 15ee 6800     		.ascii	"h\000"
 5012 15f0 6C       		.byte	0x6c
 5013 15f1 35       		.byte	0x35
 5014 15f2 26000000 		.4byte	0x26
 5015 15f6 02       		.uleb128 0x2
 5016 15f7 91       		.byte	0x91
 5017 15f8 60       		.sleb128 -32
 5018 15f9 3B       		.uleb128 0x3b
 5019 15fa 1A000000 		.4byte	.LBB3
 5020 15fe 3A000000 		.4byte	.LBE3-.LBB3
 5021 1602 14160000 		.4byte	0x1614
 5022 1606 12       		.uleb128 0x12
 5023 1607 697800   		.ascii	"ix\000"
 5024 160a 72       		.byte	0x72
 5025 160b 0E       		.byte	0xe
 5026 160c 26000000 		.4byte	0x26
 5027 1610 02       		.uleb128 0x2
 5028 1611 91       		.byte	0x91
 5029 1612 74       		.sleb128 -12
 5030 1613 00       		.byte	0
 5031 1614 0C       		.uleb128 0xc
 5032 1615 54000000 		.4byte	.LBB4
 5033 1619 3C000000 		.4byte	.LBE4-.LBB4
 5034 161d 12       		.uleb128 0x12
 5035 161e 697900   		.ascii	"iy\000"
 5036 1621 78       		.byte	0x78
 5037 1622 0E       		.byte	0xe
 5038 1623 26000000 		.4byte	0x26
 5039 1627 02       		.uleb128 0x2
 5040 1628 91       		.byte	0x91
 5041 1629 70       		.sleb128 -16
 5042 162a 00       		.byte	0
 5043 162b 00       		.byte	0
 5044 162c 14       		.uleb128 0x14
 5045 162d DD050000 		.4byte	.LASF245
 5046 1631 68       		.byte	0x68
 5047 1632 00000000 		.4byte	.LFB443
 5048 1636 22000000 		.4byte	.LFE443-.LFB443
 5049 163a 01       		.uleb128 0x1
 5050 163b 9C       		.byte	0x9c
 5051 163c 66160000 		.4byte	0x1666
 5052 1640 06       		.uleb128 0x6
 5053 1641 7800     		.ascii	"x\000"
 5054 1643 68       		.byte	0x68
 5055 1644 21       		.byte	0x21
 5056 1645 26000000 		.4byte	0x26
 5057 1649 02       		.uleb128 0x2
 5058 164a 91       		.byte	0x91
 5059 164b 74       		.sleb128 -12
 5060 164c 06       		.uleb128 0x6
 5061 164d 7900     		.ascii	"y\000"
 5062 164f 68       		.byte	0x68
ARM GAS  C:\Users\DEVELO~1\AppData\Local\Temp\ccIRxm3d.s 			page 90


 5063 1650 28       		.byte	0x28
 5064 1651 26000000 		.4byte	0x26
 5065 1655 02       		.uleb128 0x2
 5066 1656 91       		.byte	0x91
 5067 1657 70       		.sleb128 -16
 5068 1658 06       		.uleb128 0x6
 5069 1659 6F6E00   		.ascii	"on\000"
 5070 165c 68       		.byte	0x68
 5071 165d 30       		.byte	0x30
 5072 165e 6E0B0000 		.4byte	0xb6e
 5073 1662 02       		.uleb128 0x2
 5074 1663 91       		.byte	0x91
 5075 1664 6F       		.sleb128 -17
 5076 1665 00       		.byte	0
 5077 1666 29       		.uleb128 0x29
 5078 1667 34090000 		.4byte	.LASF247
 5079 166b 03       		.byte	0x3
 5080 166c 55       		.byte	0x55
 5081 166d 00000000 		.4byte	.LFB442
 5082 1671 CC000000 		.4byte	.LFE442-.LFB442
 5083 1675 01       		.uleb128 0x1
 5084 1676 9C       		.byte	0x9c
 5085 1677 CB160000 		.4byte	0x16cb
 5086 167b 06       		.uleb128 0x6
 5087 167c 7800     		.ascii	"x\000"
 5088 167e 55       		.byte	0x55
 5089 167f 22       		.byte	0x22
 5090 1680 26000000 		.4byte	0x26
 5091 1684 02       		.uleb128 0x2
 5092 1685 91       		.byte	0x91
 5093 1686 6C       		.sleb128 -20
 5094 1687 06       		.uleb128 0x6
 5095 1688 7900     		.ascii	"y\000"
 5096 168a 55       		.byte	0x55
 5097 168b 29       		.byte	0x29
 5098 168c 26000000 		.4byte	0x26
 5099 1690 02       		.uleb128 0x2
 5100 1691 91       		.byte	0x91
 5101 1692 68       		.sleb128 -24
 5102 1693 06       		.uleb128 0x6
 5103 1694 6F6E00   		.ascii	"on\000"
 5104 1697 55       		.byte	0x55
 5105 1698 31       		.byte	0x31
 5106 1699 6E0B0000 		.4byte	0xb6e
 5107 169d 02       		.uleb128 0x2
 5108 169e 91       		.byte	0x91
 5109 169f 67       		.sleb128 -25
 5110 16a0 0F       		.uleb128 0xf
 5111 16a1 9F020000 		.4byte	.LASF248
 5112 16a5 59       		.byte	0x59
 5113 16a6 0F       		.byte	0xf
 5114 16a7 2D000000 		.4byte	0x2d
 5115 16ab 02       		.uleb128 0x2
 5116 16ac 91       		.byte	0x91
 5117 16ad 74       		.sleb128 -12
 5118 16ae 0F       		.uleb128 0xf
 5119 16af 58070000 		.4byte	.LASF59
ARM GAS  C:\Users\DEVELO~1\AppData\Local\Temp\ccIRxm3d.s 			page 91


 5120 16b3 5A       		.byte	0x5a
 5121 16b4 13       		.byte	0x13
 5122 16b5 CC000000 		.4byte	0xcc
 5123 16b9 02       		.uleb128 0x2
 5124 16ba 91       		.byte	0x91
 5125 16bb 73       		.sleb128 -13
 5126 16bc 12       		.uleb128 0x12
 5127 16bd 6F6C6400 		.ascii	"old\000"
 5128 16c1 5C       		.byte	0x5c
 5129 16c2 0D       		.byte	0xd
 5130 16c3 C0000000 		.4byte	0xc0
 5131 16c7 02       		.uleb128 0x2
 5132 16c8 91       		.byte	0x91
 5133 16c9 72       		.sleb128 -14
 5134 16ca 00       		.byte	0
 5135 16cb 3C       		.uleb128 0x3c
 5136 16cc 32020000 		.4byte	.LASF264
 5137 16d0 03       		.byte	0x3
 5138 16d1 4D       		.byte	0x4d
 5139 16d2 0A       		.byte	0xa
 5140 16d3 7A0B0000 		.4byte	0xb7a
 5141 16d7 00000000 		.4byte	.LFB441
 5142 16db 14000000 		.4byte	.LFE441-.LFB441
 5143 16df 01       		.uleb128 0x1
 5144 16e0 9C       		.byte	0x9c
 5145 16e1 2A       		.uleb128 0x2a
 5146 16e2 6D040000 		.4byte	.LASF249
 5147 16e6 37       		.byte	0x37
 5148 16e7 00000000 		.4byte	.LFB440
 5149 16eb 48000000 		.4byte	.LFE440-.LFB440
 5150 16ef 01       		.uleb128 0x1
 5151 16f0 9C       		.byte	0x9c
 5152 16f1 29170000 		.4byte	0x1729
 5153 16f5 25       		.uleb128 0x25
 5154 16f6 BA050000 		.4byte	.LASF250
 5155 16fa 03       		.byte	0x3
 5156 16fb 37       		.byte	0x37
 5157 16fc 26       		.byte	0x26
 5158 16fd 710C0000 		.4byte	0xc71
 5159 1701 02       		.uleb128 0x2
 5160 1702 91       		.byte	0x91
 5161 1703 6C       		.sleb128 -20
 5162 1704 06       		.uleb128 0x6
 5163 1705 6C656E00 		.ascii	"len\000"
 5164 1709 37       		.byte	0x37
 5165 170a 33       		.byte	0x33
 5166 170b 32000000 		.4byte	0x32
 5167 170f 02       		.uleb128 0x2
 5168 1710 91       		.byte	0x91
 5169 1711 68       		.sleb128 -24
 5170 1712 0C       		.uleb128 0xc
 5171 1713 0E000000 		.4byte	.LBB2
 5172 1717 2C000000 		.4byte	.LBE2-.LBB2
 5173 171b 12       		.uleb128 0x12
 5174 171c 6900     		.ascii	"i\000"
 5175 171e 39       		.byte	0x39
 5176 171f 11       		.byte	0x11
ARM GAS  C:\Users\DEVELO~1\AppData\Local\Temp\ccIRxm3d.s 			page 92


 5177 1720 32000000 		.4byte	0x32
 5178 1724 02       		.uleb128 0x2
 5179 1725 91       		.byte	0x91
 5180 1726 74       		.sleb128 -12
 5181 1727 00       		.byte	0
 5182 1728 00       		.byte	0
 5183 1729 2A       		.uleb128 0x2a
 5184 172a 9F070000 		.4byte	.LASF251
 5185 172e 30       		.byte	0x30
 5186 172f 00000000 		.4byte	.LFB439
 5187 1733 2C000000 		.4byte	.LFE439-.LFB439
 5188 1737 01       		.uleb128 0x1
 5189 1738 9C       		.byte	0x9c
 5190 1739 4C170000 		.4byte	0x174c
 5191 173d 06       		.uleb128 0x6
 5192 173e 636D6400 		.ascii	"cmd\000"
 5193 1742 30       		.byte	0x30
 5194 1743 1E       		.byte	0x1e
 5195 1744 C0000000 		.4byte	0xc0
 5196 1748 02       		.uleb128 0x2
 5197 1749 91       		.byte	0x91
 5198 174a 77       		.sleb128 -9
 5199 174b 00       		.byte	0
 5200 174c 22       		.uleb128 0x22
 5201 174d 6A010000 		.4byte	.LASF252
 5202 1751 2A       		.byte	0x2a
 5203 1752 00000000 		.4byte	.LFB438
 5204 1756 18000000 		.4byte	.LFE438-.LFB438
 5205 175a 01       		.uleb128 0x1
 5206 175b 9C       		.byte	0x9c
 5207 175c 22       		.uleb128 0x22
 5208 175d E90A0000 		.4byte	.LASF253
 5209 1761 29       		.byte	0x29
 5210 1762 00000000 		.4byte	.LFB437
 5211 1766 18000000 		.4byte	.LFE437-.LFB437
 5212 176a 01       		.uleb128 0x1
 5213 176b 9C       		.byte	0x9c
 5214 176c 22       		.uleb128 0x22
 5215 176d 3E090000 		.4byte	.LASF254
 5216 1771 28       		.byte	0x28
 5217 1772 00000000 		.4byte	.LFB436
 5218 1776 18000000 		.4byte	.LFE436-.LFB436
 5219 177a 01       		.uleb128 0x1
 5220 177b 9C       		.byte	0x9c
 5221 177c 22       		.uleb128 0x22
 5222 177d A5010000 		.4byte	.LASF255
 5223 1781 27       		.byte	0x27
 5224 1782 00000000 		.4byte	.LFB435
 5225 1786 18000000 		.4byte	.LFE435-.LFB435
 5226 178a 01       		.uleb128 0x1
 5227 178b 9C       		.byte	0x9c
 5228 178c 29       		.uleb128 0x29
 5229 178d 6B000000 		.4byte	.LASF256
 5230 1791 02       		.byte	0x2
 5231 1792 A5       		.byte	0xa5
 5232 1793 00000000 		.4byte	.LFB240
 5233 1797 20000000 		.4byte	.LFE240-.LFB240
ARM GAS  C:\Users\DEVELO~1\AppData\Local\Temp\ccIRxm3d.s 			page 93


 5234 179b 01       		.uleb128 0x1
 5235 179c 9C       		.byte	0x9c
 5236 179d B1170000 		.4byte	0x17b1
 5237 17a1 25       		.uleb128 0x25
 5238 17a2 67090000 		.4byte	.LASF35
 5239 17a6 02       		.byte	0x2
 5240 17a7 A5       		.byte	0xa5
 5241 17a8 33       		.byte	0x33
 5242 17a9 66030000 		.4byte	0x366
 5243 17ad 02       		.uleb128 0x2
 5244 17ae 91       		.byte	0x91
 5245 17af 74       		.sleb128 -12
 5246 17b0 00       		.byte	0
 5247 17b1 3D       		.uleb128 0x3d
 5248 17b2 FC050000 		.4byte	.LASF259
 5249 17b6 01       		.byte	0x1
 5250 17b7 9E01     		.2byte	0x19e
 5251 17b9 14       		.byte	0x14
 5252 17ba 6E0B0000 		.4byte	0xb6e
 5253 17be 00000000 		.4byte	.LFB233
 5254 17c2 20000000 		.4byte	.LFE233-.LFB233
 5255 17c6 01       		.uleb128 0x1
 5256 17c7 9C       		.byte	0x9c
 5257 17c8 3E       		.uleb128 0x3e
 5258 17c9 84000000 		.4byte	.LASF258
 5259 17cd 01       		.byte	0x1
 5260 17ce 9101     		.2byte	0x191
 5261 17d0 14       		.byte	0x14
 5262 17d1 6E0B0000 		.4byte	0xb6e
 5263 17d5 00000000 		.4byte	.LFB232
 5264 17d9 22000000 		.4byte	.LFE232-.LFB232
 5265 17dd 01       		.uleb128 0x1
 5266 17de 9C       		.byte	0x9c
 5267 17df F3170000 		.4byte	0x17f3
 5268 17e3 0A       		.uleb128 0xa
 5269 17e4 747000   		.ascii	"tp\000"
 5270 17e7 01       		.byte	0x1
 5271 17e8 9101     		.2byte	0x191
 5272 17ea 2F       		.byte	0x2f
 5273 17eb C1040000 		.4byte	0x4c1
 5274 17ef 02       		.uleb128 0x2
 5275 17f0 91       		.byte	0x91
 5276 17f1 74       		.sleb128 -12
 5277 17f2 00       		.byte	0
 5278 17f3 3F       		.uleb128 0x3f
 5279 17f4 510B0000 		.4byte	.LASF260
 5280 17f8 01       		.byte	0x1
 5281 17f9 5501     		.2byte	0x155
 5282 17fb 19       		.byte	0x19
 5283 17fc C1040000 		.4byte	0x4c1
 5284 1800 00000000 		.4byte	.LFB229
 5285 1804 14000000 		.4byte	.LFE229-.LFB229
 5286 1808 01       		.uleb128 0x1
 5287 1809 9C       		.byte	0x9c
 5288 180a 00       		.byte	0
 5289              		.section	.debug_abbrev,"",%progbits
 5290              	.Ldebug_abbrev0:
ARM GAS  C:\Users\DEVELO~1\AppData\Local\Temp\ccIRxm3d.s 			page 94


 5291 0000 01       		.uleb128 0x1
 5292 0001 0D       		.uleb128 0xd
 5293 0002 00       		.byte	0
 5294 0003 03       		.uleb128 0x3
 5295 0004 0E       		.uleb128 0xe
 5296 0005 3A       		.uleb128 0x3a
 5297 0006 0B       		.uleb128 0xb
 5298 0007 3B       		.uleb128 0x3b
 5299 0008 0B       		.uleb128 0xb
 5300 0009 39       		.uleb128 0x39
 5301 000a 0B       		.uleb128 0xb
 5302 000b 49       		.uleb128 0x49
 5303 000c 13       		.uleb128 0x13
 5304 000d 38       		.uleb128 0x38
 5305 000e 0B       		.uleb128 0xb
 5306 000f 00       		.byte	0
 5307 0010 00       		.byte	0
 5308 0011 02       		.uleb128 0x2
 5309 0012 16       		.uleb128 0x16
 5310 0013 00       		.byte	0
 5311 0014 03       		.uleb128 0x3
 5312 0015 0E       		.uleb128 0xe
 5313 0016 3A       		.uleb128 0x3a
 5314 0017 0B       		.uleb128 0xb
 5315 0018 3B       		.uleb128 0x3b
 5316 0019 0B       		.uleb128 0xb
 5317 001a 39       		.uleb128 0x39
 5318 001b 0B       		.uleb128 0xb
 5319 001c 49       		.uleb128 0x49
 5320 001d 13       		.uleb128 0x13
 5321 001e 00       		.byte	0
 5322 001f 00       		.byte	0
 5323 0020 03       		.uleb128 0x3
 5324 0021 0D       		.uleb128 0xd
 5325 0022 00       		.byte	0
 5326 0023 03       		.uleb128 0x3
 5327 0024 0E       		.uleb128 0xe
 5328 0025 3A       		.uleb128 0x3a
 5329 0026 0B       		.uleb128 0xb
 5330 0027 3B       		.uleb128 0x3b
 5331 0028 05       		.uleb128 0x5
 5332 0029 39       		.uleb128 0x39
 5333 002a 0B       		.uleb128 0xb
 5334 002b 49       		.uleb128 0x49
 5335 002c 13       		.uleb128 0x13
 5336 002d 38       		.uleb128 0x38
 5337 002e 0B       		.uleb128 0xb
 5338 002f 00       		.byte	0
 5339 0030 00       		.byte	0
 5340 0031 04       		.uleb128 0x4
 5341 0032 0F       		.uleb128 0xf
 5342 0033 00       		.byte	0
 5343 0034 0B       		.uleb128 0xb
 5344 0035 21       		.uleb128 0x21
 5345 0036 04       		.sleb128 4
 5346 0037 49       		.uleb128 0x49
 5347 0038 13       		.uleb128 0x13
ARM GAS  C:\Users\DEVELO~1\AppData\Local\Temp\ccIRxm3d.s 			page 95


 5348 0039 00       		.byte	0
 5349 003a 00       		.byte	0
 5350 003b 05       		.uleb128 0x5
 5351 003c 05       		.uleb128 0x5
 5352 003d 00       		.byte	0
 5353 003e 49       		.uleb128 0x49
 5354 003f 13       		.uleb128 0x13
 5355 0040 00       		.byte	0
 5356 0041 00       		.byte	0
 5357 0042 06       		.uleb128 0x6
 5358 0043 05       		.uleb128 0x5
 5359 0044 00       		.byte	0
 5360 0045 03       		.uleb128 0x3
 5361 0046 08       		.uleb128 0x8
 5362 0047 3A       		.uleb128 0x3a
 5363 0048 21       		.uleb128 0x21
 5364 0049 03       		.sleb128 3
 5365 004a 3B       		.uleb128 0x3b
 5366 004b 0B       		.uleb128 0xb
 5367 004c 39       		.uleb128 0x39
 5368 004d 0B       		.uleb128 0xb
 5369 004e 49       		.uleb128 0x49
 5370 004f 13       		.uleb128 0x13
 5371 0050 02       		.uleb128 0x2
 5372 0051 18       		.uleb128 0x18
 5373 0052 00       		.byte	0
 5374 0053 00       		.byte	0
 5375 0054 07       		.uleb128 0x7
 5376 0055 0D       		.uleb128 0xd
 5377 0056 00       		.byte	0
 5378 0057 03       		.uleb128 0x3
 5379 0058 08       		.uleb128 0x8
 5380 0059 3A       		.uleb128 0x3a
 5381 005a 0B       		.uleb128 0xb
 5382 005b 3B       		.uleb128 0x3b
 5383 005c 05       		.uleb128 0x5
 5384 005d 39       		.uleb128 0x39
 5385 005e 0B       		.uleb128 0xb
 5386 005f 49       		.uleb128 0x49
 5387 0060 13       		.uleb128 0x13
 5388 0061 38       		.uleb128 0x38
 5389 0062 0B       		.uleb128 0xb
 5390 0063 00       		.byte	0
 5391 0064 00       		.byte	0
 5392 0065 08       		.uleb128 0x8
 5393 0066 0D       		.uleb128 0xd
 5394 0067 00       		.byte	0
 5395 0068 03       		.uleb128 0x3
 5396 0069 08       		.uleb128 0x8
 5397 006a 3A       		.uleb128 0x3a
 5398 006b 0B       		.uleb128 0xb
 5399 006c 3B       		.uleb128 0x3b
 5400 006d 0B       		.uleb128 0xb
 5401 006e 39       		.uleb128 0x39
 5402 006f 0B       		.uleb128 0xb
 5403 0070 49       		.uleb128 0x49
 5404 0071 13       		.uleb128 0x13
ARM GAS  C:\Users\DEVELO~1\AppData\Local\Temp\ccIRxm3d.s 			page 96


 5405 0072 38       		.uleb128 0x38
 5406 0073 0B       		.uleb128 0xb
 5407 0074 00       		.byte	0
 5408 0075 00       		.byte	0
 5409 0076 09       		.uleb128 0x9
 5410 0077 13       		.uleb128 0x13
 5411 0078 01       		.byte	0x1
 5412 0079 03       		.uleb128 0x3
 5413 007a 0E       		.uleb128 0xe
 5414 007b 0B       		.uleb128 0xb
 5415 007c 0B       		.uleb128 0xb
 5416 007d 3A       		.uleb128 0x3a
 5417 007e 0B       		.uleb128 0xb
 5418 007f 3B       		.uleb128 0x3b
 5419 0080 0B       		.uleb128 0xb
 5420 0081 39       		.uleb128 0x39
 5421 0082 0B       		.uleb128 0xb
 5422 0083 01       		.uleb128 0x1
 5423 0084 13       		.uleb128 0x13
 5424 0085 00       		.byte	0
 5425 0086 00       		.byte	0
 5426 0087 0A       		.uleb128 0xa
 5427 0088 05       		.uleb128 0x5
 5428 0089 00       		.byte	0
 5429 008a 03       		.uleb128 0x3
 5430 008b 08       		.uleb128 0x8
 5431 008c 3A       		.uleb128 0x3a
 5432 008d 0B       		.uleb128 0xb
 5433 008e 3B       		.uleb128 0x3b
 5434 008f 05       		.uleb128 0x5
 5435 0090 39       		.uleb128 0x39
 5436 0091 0B       		.uleb128 0xb
 5437 0092 49       		.uleb128 0x49
 5438 0093 13       		.uleb128 0x13
 5439 0094 02       		.uleb128 0x2
 5440 0095 18       		.uleb128 0x18
 5441 0096 00       		.byte	0
 5442 0097 00       		.byte	0
 5443 0098 0B       		.uleb128 0xb
 5444 0099 24       		.uleb128 0x24
 5445 009a 00       		.byte	0
 5446 009b 0B       		.uleb128 0xb
 5447 009c 0B       		.uleb128 0xb
 5448 009d 3E       		.uleb128 0x3e
 5449 009e 0B       		.uleb128 0xb
 5450 009f 03       		.uleb128 0x3
 5451 00a0 0E       		.uleb128 0xe
 5452 00a1 00       		.byte	0
 5453 00a2 00       		.byte	0
 5454 00a3 0C       		.uleb128 0xc
 5455 00a4 0B       		.uleb128 0xb
 5456 00a5 01       		.byte	0x1
 5457 00a6 11       		.uleb128 0x11
 5458 00a7 01       		.uleb128 0x1
 5459 00a8 12       		.uleb128 0x12
 5460 00a9 06       		.uleb128 0x6
 5461 00aa 00       		.byte	0
ARM GAS  C:\Users\DEVELO~1\AppData\Local\Temp\ccIRxm3d.s 			page 97


 5462 00ab 00       		.byte	0
 5463 00ac 0D       		.uleb128 0xd
 5464 00ad 13       		.uleb128 0x13
 5465 00ae 01       		.byte	0x1
 5466 00af 0B       		.uleb128 0xb
 5467 00b0 0B       		.uleb128 0xb
 5468 00b1 3A       		.uleb128 0x3a
 5469 00b2 0B       		.uleb128 0xb
 5470 00b3 3B       		.uleb128 0x3b
 5471 00b4 0B       		.uleb128 0xb
 5472 00b5 39       		.uleb128 0x39
 5473 00b6 0B       		.uleb128 0xb
 5474 00b7 01       		.uleb128 0x1
 5475 00b8 13       		.uleb128 0x13
 5476 00b9 00       		.byte	0
 5477 00ba 00       		.byte	0
 5478 00bb 0E       		.uleb128 0xe
 5479 00bc 0D       		.uleb128 0xd
 5480 00bd 00       		.byte	0
 5481 00be 03       		.uleb128 0x3
 5482 00bf 0E       		.uleb128 0xe
 5483 00c0 3A       		.uleb128 0x3a
 5484 00c1 0B       		.uleb128 0xb
 5485 00c2 3B       		.uleb128 0x3b
 5486 00c3 0B       		.uleb128 0xb
 5487 00c4 39       		.uleb128 0x39
 5488 00c5 0B       		.uleb128 0xb
 5489 00c6 49       		.uleb128 0x49
 5490 00c7 13       		.uleb128 0x13
 5491 00c8 00       		.byte	0
 5492 00c9 00       		.byte	0
 5493 00ca 0F       		.uleb128 0xf
 5494 00cb 34       		.uleb128 0x34
 5495 00cc 00       		.byte	0
 5496 00cd 03       		.uleb128 0x3
 5497 00ce 0E       		.uleb128 0xe
 5498 00cf 3A       		.uleb128 0x3a
 5499 00d0 21       		.uleb128 0x21
 5500 00d1 03       		.sleb128 3
 5501 00d2 3B       		.uleb128 0x3b
 5502 00d3 0B       		.uleb128 0xb
 5503 00d4 39       		.uleb128 0x39
 5504 00d5 0B       		.uleb128 0xb
 5505 00d6 49       		.uleb128 0x49
 5506 00d7 13       		.uleb128 0x13
 5507 00d8 02       		.uleb128 0x2
 5508 00d9 18       		.uleb128 0x18
 5509 00da 00       		.byte	0
 5510 00db 00       		.byte	0
 5511 00dc 10       		.uleb128 0x10
 5512 00dd 26       		.uleb128 0x26
 5513 00de 00       		.byte	0
 5514 00df 49       		.uleb128 0x49
 5515 00e0 13       		.uleb128 0x13
 5516 00e1 00       		.byte	0
 5517 00e2 00       		.byte	0
 5518 00e3 11       		.uleb128 0x11
ARM GAS  C:\Users\DEVELO~1\AppData\Local\Temp\ccIRxm3d.s 			page 98


 5519 00e4 16       		.uleb128 0x16
 5520 00e5 00       		.byte	0
 5521 00e6 03       		.uleb128 0x3
 5522 00e7 0E       		.uleb128 0xe
 5523 00e8 3A       		.uleb128 0x3a
 5524 00e9 0B       		.uleb128 0xb
 5525 00ea 3B       		.uleb128 0x3b
 5526 00eb 05       		.uleb128 0x5
 5527 00ec 39       		.uleb128 0x39
 5528 00ed 0B       		.uleb128 0xb
 5529 00ee 49       		.uleb128 0x49
 5530 00ef 13       		.uleb128 0x13
 5531 00f0 00       		.byte	0
 5532 00f1 00       		.byte	0
 5533 00f2 12       		.uleb128 0x12
 5534 00f3 34       		.uleb128 0x34
 5535 00f4 00       		.byte	0
 5536 00f5 03       		.uleb128 0x3
 5537 00f6 08       		.uleb128 0x8
 5538 00f7 3A       		.uleb128 0x3a
 5539 00f8 21       		.uleb128 0x21
 5540 00f9 03       		.sleb128 3
 5541 00fa 3B       		.uleb128 0x3b
 5542 00fb 0B       		.uleb128 0xb
 5543 00fc 39       		.uleb128 0x39
 5544 00fd 0B       		.uleb128 0xb
 5545 00fe 49       		.uleb128 0x49
 5546 00ff 13       		.uleb128 0x13
 5547 0100 02       		.uleb128 0x2
 5548 0101 18       		.uleb128 0x18
 5549 0102 00       		.byte	0
 5550 0103 00       		.byte	0
 5551 0104 13       		.uleb128 0x13
 5552 0105 0D       		.uleb128 0xd
 5553 0106 00       		.byte	0
 5554 0107 03       		.uleb128 0x3
 5555 0108 08       		.uleb128 0x8
 5556 0109 3A       		.uleb128 0x3a
 5557 010a 0B       		.uleb128 0xb
 5558 010b 3B       		.uleb128 0x3b
 5559 010c 0B       		.uleb128 0xb
 5560 010d 39       		.uleb128 0x39
 5561 010e 0B       		.uleb128 0xb
 5562 010f 49       		.uleb128 0x49
 5563 0110 13       		.uleb128 0x13
 5564 0111 00       		.byte	0
 5565 0112 00       		.byte	0
 5566 0113 14       		.uleb128 0x14
 5567 0114 2E       		.uleb128 0x2e
 5568 0115 01       		.byte	0x1
 5569 0116 3F       		.uleb128 0x3f
 5570 0117 19       		.uleb128 0x19
 5571 0118 03       		.uleb128 0x3
 5572 0119 0E       		.uleb128 0xe
 5573 011a 3A       		.uleb128 0x3a
 5574 011b 21       		.uleb128 0x21
 5575 011c 03       		.sleb128 3
ARM GAS  C:\Users\DEVELO~1\AppData\Local\Temp\ccIRxm3d.s 			page 99


 5576 011d 3B       		.uleb128 0x3b
 5577 011e 0B       		.uleb128 0xb
 5578 011f 39       		.uleb128 0x39
 5579 0120 21       		.uleb128 0x21
 5580 0121 06       		.sleb128 6
 5581 0122 27       		.uleb128 0x27
 5582 0123 19       		.uleb128 0x19
 5583 0124 11       		.uleb128 0x11
 5584 0125 01       		.uleb128 0x1
 5585 0126 12       		.uleb128 0x12
 5586 0127 06       		.uleb128 0x6
 5587 0128 40       		.uleb128 0x40
 5588 0129 18       		.uleb128 0x18
 5589 012a 7C       		.uleb128 0x7c
 5590 012b 19       		.uleb128 0x19
 5591 012c 01       		.uleb128 0x1
 5592 012d 13       		.uleb128 0x13
 5593 012e 00       		.byte	0
 5594 012f 00       		.byte	0
 5595 0130 15       		.uleb128 0x15
 5596 0131 17       		.uleb128 0x17
 5597 0132 01       		.byte	0x1
 5598 0133 0B       		.uleb128 0xb
 5599 0134 0B       		.uleb128 0xb
 5600 0135 3A       		.uleb128 0x3a
 5601 0136 0B       		.uleb128 0xb
 5602 0137 3B       		.uleb128 0x3b
 5603 0138 0B       		.uleb128 0xb
 5604 0139 39       		.uleb128 0x39
 5605 013a 0B       		.uleb128 0xb
 5606 013b 01       		.uleb128 0x1
 5607 013c 13       		.uleb128 0x13
 5608 013d 00       		.byte	0
 5609 013e 00       		.byte	0
 5610 013f 16       		.uleb128 0x16
 5611 0140 13       		.uleb128 0x13
 5612 0141 01       		.byte	0x1
 5613 0142 0B       		.uleb128 0xb
 5614 0143 0B       		.uleb128 0xb
 5615 0144 3A       		.uleb128 0x3a
 5616 0145 0B       		.uleb128 0xb
 5617 0146 3B       		.uleb128 0x3b
 5618 0147 05       		.uleb128 0x5
 5619 0148 39       		.uleb128 0x39
 5620 0149 21       		.uleb128 0x21
 5621 014a 09       		.sleb128 9
 5622 014b 01       		.uleb128 0x1
 5623 014c 13       		.uleb128 0x13
 5624 014d 00       		.byte	0
 5625 014e 00       		.byte	0
 5626 014f 17       		.uleb128 0x17
 5627 0150 0D       		.uleb128 0xd
 5628 0151 00       		.byte	0
 5629 0152 03       		.uleb128 0x3
 5630 0153 0E       		.uleb128 0xe
 5631 0154 3A       		.uleb128 0x3a
 5632 0155 21       		.uleb128 0x21
ARM GAS  C:\Users\DEVELO~1\AppData\Local\Temp\ccIRxm3d.s 			page 100


 5633 0156 0A       		.sleb128 10
 5634 0157 3B       		.uleb128 0x3b
 5635 0158 05       		.uleb128 0x5
 5636 0159 39       		.uleb128 0x39
 5637 015a 0B       		.uleb128 0xb
 5638 015b 49       		.uleb128 0x49
 5639 015c 13       		.uleb128 0x13
 5640 015d 00       		.byte	0
 5641 015e 00       		.byte	0
 5642 015f 18       		.uleb128 0x18
 5643 0160 35       		.uleb128 0x35
 5644 0161 00       		.byte	0
 5645 0162 49       		.uleb128 0x49
 5646 0163 13       		.uleb128 0x13
 5647 0164 00       		.byte	0
 5648 0165 00       		.byte	0
 5649 0166 19       		.uleb128 0x19
 5650 0167 01       		.uleb128 0x1
 5651 0168 01       		.byte	0x1
 5652 0169 49       		.uleb128 0x49
 5653 016a 13       		.uleb128 0x13
 5654 016b 01       		.uleb128 0x1
 5655 016c 13       		.uleb128 0x13
 5656 016d 00       		.byte	0
 5657 016e 00       		.byte	0
 5658 016f 1A       		.uleb128 0x1a
 5659 0170 28       		.uleb128 0x28
 5660 0171 00       		.byte	0
 5661 0172 03       		.uleb128 0x3
 5662 0173 0E       		.uleb128 0xe
 5663 0174 1C       		.uleb128 0x1c
 5664 0175 0B       		.uleb128 0xb
 5665 0176 00       		.byte	0
 5666 0177 00       		.byte	0
 5667 0178 1B       		.uleb128 0x1b
 5668 0179 2E       		.uleb128 0x2e
 5669 017a 01       		.byte	0x1
 5670 017b 3F       		.uleb128 0x3f
 5671 017c 19       		.uleb128 0x19
 5672 017d 03       		.uleb128 0x3
 5673 017e 0E       		.uleb128 0xe
 5674 017f 3A       		.uleb128 0x3a
 5675 0180 0B       		.uleb128 0xb
 5676 0181 3B       		.uleb128 0x3b
 5677 0182 05       		.uleb128 0x5
 5678 0183 39       		.uleb128 0x39
 5679 0184 0B       		.uleb128 0xb
 5680 0185 27       		.uleb128 0x27
 5681 0186 19       		.uleb128 0x19
 5682 0187 49       		.uleb128 0x49
 5683 0188 13       		.uleb128 0x13
 5684 0189 3C       		.uleb128 0x3c
 5685 018a 19       		.uleb128 0x19
 5686 018b 01       		.uleb128 0x1
 5687 018c 13       		.uleb128 0x13
 5688 018d 00       		.byte	0
 5689 018e 00       		.byte	0
ARM GAS  C:\Users\DEVELO~1\AppData\Local\Temp\ccIRxm3d.s 			page 101


 5690 018f 1C       		.uleb128 0x1c
 5691 0190 34       		.uleb128 0x34
 5692 0191 00       		.byte	0
 5693 0192 03       		.uleb128 0x3
 5694 0193 08       		.uleb128 0x8
 5695 0194 3A       		.uleb128 0x3a
 5696 0195 21       		.uleb128 0x21
 5697 0196 03       		.sleb128 3
 5698 0197 3B       		.uleb128 0x3b
 5699 0198 05       		.uleb128 0x5
 5700 0199 39       		.uleb128 0x39
 5701 019a 0B       		.uleb128 0xb
 5702 019b 49       		.uleb128 0x49
 5703 019c 13       		.uleb128 0x13
 5704 019d 02       		.uleb128 0x2
 5705 019e 18       		.uleb128 0x18
 5706 019f 00       		.byte	0
 5707 01a0 00       		.byte	0
 5708 01a1 1D       		.uleb128 0x1d
 5709 01a2 21       		.uleb128 0x21
 5710 01a3 00       		.byte	0
 5711 01a4 49       		.uleb128 0x49
 5712 01a5 13       		.uleb128 0x13
 5713 01a6 2F       		.uleb128 0x2f
 5714 01a7 0B       		.uleb128 0xb
 5715 01a8 00       		.byte	0
 5716 01a9 00       		.byte	0
 5717 01aa 1E       		.uleb128 0x1e
 5718 01ab 13       		.uleb128 0x13
 5719 01ac 01       		.byte	0x1
 5720 01ad 03       		.uleb128 0x3
 5721 01ae 0E       		.uleb128 0xe
 5722 01af 0B       		.uleb128 0xb
 5723 01b0 0B       		.uleb128 0xb
 5724 01b1 3A       		.uleb128 0x3a
 5725 01b2 0B       		.uleb128 0xb
 5726 01b3 3B       		.uleb128 0x3b
 5727 01b4 05       		.uleb128 0x5
 5728 01b5 39       		.uleb128 0x39
 5729 01b6 0B       		.uleb128 0xb
 5730 01b7 01       		.uleb128 0x1
 5731 01b8 13       		.uleb128 0x13
 5732 01b9 00       		.byte	0
 5733 01ba 00       		.byte	0
 5734 01bb 1F       		.uleb128 0x1f
 5735 01bc 34       		.uleb128 0x34
 5736 01bd 00       		.byte	0
 5737 01be 03       		.uleb128 0x3
 5738 01bf 0E       		.uleb128 0xe
 5739 01c0 3A       		.uleb128 0x3a
 5740 01c1 21       		.uleb128 0x21
 5741 01c2 03       		.sleb128 3
 5742 01c3 3B       		.uleb128 0x3b
 5743 01c4 05       		.uleb128 0x5
 5744 01c5 39       		.uleb128 0x39
 5745 01c6 0B       		.uleb128 0xb
 5746 01c7 49       		.uleb128 0x49
ARM GAS  C:\Users\DEVELO~1\AppData\Local\Temp\ccIRxm3d.s 			page 102


 5747 01c8 13       		.uleb128 0x13
 5748 01c9 02       		.uleb128 0x2
 5749 01ca 18       		.uleb128 0x18
 5750 01cb 00       		.byte	0
 5751 01cc 00       		.byte	0
 5752 01cd 20       		.uleb128 0x20
 5753 01ce 2E       		.uleb128 0x2e
 5754 01cf 01       		.byte	0x1
 5755 01d0 3F       		.uleb128 0x3f
 5756 01d1 19       		.uleb128 0x19
 5757 01d2 03       		.uleb128 0x3
 5758 01d3 0E       		.uleb128 0xe
 5759 01d4 3A       		.uleb128 0x3a
 5760 01d5 0B       		.uleb128 0xb
 5761 01d6 3B       		.uleb128 0x3b
 5762 01d7 05       		.uleb128 0x5
 5763 01d8 39       		.uleb128 0x39
 5764 01d9 21       		.uleb128 0x21
 5765 01da 08       		.sleb128 8
 5766 01db 27       		.uleb128 0x27
 5767 01dc 19       		.uleb128 0x19
 5768 01dd 3C       		.uleb128 0x3c
 5769 01de 19       		.uleb128 0x19
 5770 01df 01       		.uleb128 0x1
 5771 01e0 13       		.uleb128 0x13
 5772 01e1 00       		.byte	0
 5773 01e2 00       		.byte	0
 5774 01e3 21       		.uleb128 0x21
 5775 01e4 2E       		.uleb128 0x2e
 5776 01e5 01       		.byte	0x1
 5777 01e6 3F       		.uleb128 0x3f
 5778 01e7 19       		.uleb128 0x19
 5779 01e8 03       		.uleb128 0x3
 5780 01e9 0E       		.uleb128 0xe
 5781 01ea 3A       		.uleb128 0x3a
 5782 01eb 21       		.uleb128 0x21
 5783 01ec 03       		.sleb128 3
 5784 01ed 3B       		.uleb128 0x3b
 5785 01ee 05       		.uleb128 0x5
 5786 01ef 39       		.uleb128 0x39
 5787 01f0 21       		.uleb128 0x21
 5788 01f1 06       		.sleb128 6
 5789 01f2 27       		.uleb128 0x27
 5790 01f3 19       		.uleb128 0x19
 5791 01f4 11       		.uleb128 0x11
 5792 01f5 01       		.uleb128 0x1
 5793 01f6 12       		.uleb128 0x12
 5794 01f7 06       		.uleb128 0x6
 5795 01f8 40       		.uleb128 0x40
 5796 01f9 18       		.uleb128 0x18
 5797 01fa 7C       		.uleb128 0x7c
 5798 01fb 19       		.uleb128 0x19
 5799 01fc 01       		.uleb128 0x1
 5800 01fd 13       		.uleb128 0x13
 5801 01fe 00       		.byte	0
 5802 01ff 00       		.byte	0
 5803 0200 22       		.uleb128 0x22
ARM GAS  C:\Users\DEVELO~1\AppData\Local\Temp\ccIRxm3d.s 			page 103


 5804 0201 2E       		.uleb128 0x2e
 5805 0202 00       		.byte	0
 5806 0203 03       		.uleb128 0x3
 5807 0204 0E       		.uleb128 0xe
 5808 0205 3A       		.uleb128 0x3a
 5809 0206 21       		.uleb128 0x21
 5810 0207 03       		.sleb128 3
 5811 0208 3B       		.uleb128 0x3b
 5812 0209 0B       		.uleb128 0xb
 5813 020a 39       		.uleb128 0x39
 5814 020b 21       		.uleb128 0x21
 5815 020c 14       		.sleb128 20
 5816 020d 27       		.uleb128 0x27
 5817 020e 19       		.uleb128 0x19
 5818 020f 11       		.uleb128 0x11
 5819 0210 01       		.uleb128 0x1
 5820 0211 12       		.uleb128 0x12
 5821 0212 06       		.uleb128 0x6
 5822 0213 40       		.uleb128 0x40
 5823 0214 18       		.uleb128 0x18
 5824 0215 7A       		.uleb128 0x7a
 5825 0216 19       		.uleb128 0x19
 5826 0217 00       		.byte	0
 5827 0218 00       		.byte	0
 5828 0219 23       		.uleb128 0x23
 5829 021a 0D       		.uleb128 0xd
 5830 021b 00       		.byte	0
 5831 021c 03       		.uleb128 0x3
 5832 021d 0E       		.uleb128 0xe
 5833 021e 3A       		.uleb128 0x3a
 5834 021f 21       		.uleb128 0x21
 5835 0220 0F       		.sleb128 15
 5836 0221 3B       		.uleb128 0x3b
 5837 0222 0B       		.uleb128 0xb
 5838 0223 39       		.uleb128 0x39
 5839 0224 21       		.uleb128 0x21
 5840 0225 19       		.sleb128 25
 5841 0226 49       		.uleb128 0x49
 5842 0227 13       		.uleb128 0x13
 5843 0228 0D       		.uleb128 0xd
 5844 0229 0B       		.uleb128 0xb
 5845 022a 6B       		.uleb128 0x6b
 5846 022b 0B       		.uleb128 0xb
 5847 022c 00       		.byte	0
 5848 022d 00       		.byte	0
 5849 022e 24       		.uleb128 0x24
 5850 022f 05       		.uleb128 0x5
 5851 0230 00       		.byte	0
 5852 0231 03       		.uleb128 0x3
 5853 0232 0E       		.uleb128 0xe
 5854 0233 3A       		.uleb128 0x3a
 5855 0234 21       		.uleb128 0x21
 5856 0235 03       		.sleb128 3
 5857 0236 3B       		.uleb128 0x3b
 5858 0237 05       		.uleb128 0x5
 5859 0238 39       		.uleb128 0x39
 5860 0239 0B       		.uleb128 0xb
ARM GAS  C:\Users\DEVELO~1\AppData\Local\Temp\ccIRxm3d.s 			page 104


 5861 023a 49       		.uleb128 0x49
 5862 023b 13       		.uleb128 0x13
 5863 023c 02       		.uleb128 0x2
 5864 023d 18       		.uleb128 0x18
 5865 023e 00       		.byte	0
 5866 023f 00       		.byte	0
 5867 0240 25       		.uleb128 0x25
 5868 0241 05       		.uleb128 0x5
 5869 0242 00       		.byte	0
 5870 0243 03       		.uleb128 0x3
 5871 0244 0E       		.uleb128 0xe
 5872 0245 3A       		.uleb128 0x3a
 5873 0246 0B       		.uleb128 0xb
 5874 0247 3B       		.uleb128 0x3b
 5875 0248 0B       		.uleb128 0xb
 5876 0249 39       		.uleb128 0x39
 5877 024a 0B       		.uleb128 0xb
 5878 024b 49       		.uleb128 0x49
 5879 024c 13       		.uleb128 0x13
 5880 024d 02       		.uleb128 0x2
 5881 024e 18       		.uleb128 0x18
 5882 024f 00       		.byte	0
 5883 0250 00       		.byte	0
 5884 0251 26       		.uleb128 0x26
 5885 0252 15       		.uleb128 0x15
 5886 0253 01       		.byte	0x1
 5887 0254 27       		.uleb128 0x27
 5888 0255 19       		.uleb128 0x19
 5889 0256 01       		.uleb128 0x1
 5890 0257 13       		.uleb128 0x13
 5891 0258 00       		.byte	0
 5892 0259 00       		.byte	0
 5893 025a 27       		.uleb128 0x27
 5894 025b 34       		.uleb128 0x34
 5895 025c 00       		.byte	0
 5896 025d 03       		.uleb128 0x3
 5897 025e 0E       		.uleb128 0xe
 5898 025f 3A       		.uleb128 0x3a
 5899 0260 0B       		.uleb128 0xb
 5900 0261 3B       		.uleb128 0x3b
 5901 0262 0B       		.uleb128 0xb
 5902 0263 39       		.uleb128 0x39
 5903 0264 0B       		.uleb128 0xb
 5904 0265 49       		.uleb128 0x49
 5905 0266 13       		.uleb128 0x13
 5906 0267 3F       		.uleb128 0x3f
 5907 0268 19       		.uleb128 0x19
 5908 0269 3C       		.uleb128 0x3c
 5909 026a 19       		.uleb128 0x19
 5910 026b 00       		.byte	0
 5911 026c 00       		.byte	0
 5912 026d 28       		.uleb128 0x28
 5913 026e 2E       		.uleb128 0x2e
 5914 026f 00       		.byte	0
 5915 0270 3F       		.uleb128 0x3f
 5916 0271 19       		.uleb128 0x19
 5917 0272 03       		.uleb128 0x3
ARM GAS  C:\Users\DEVELO~1\AppData\Local\Temp\ccIRxm3d.s 			page 105


 5918 0273 0E       		.uleb128 0xe
 5919 0274 3A       		.uleb128 0x3a
 5920 0275 21       		.uleb128 0x21
 5921 0276 03       		.sleb128 3
 5922 0277 3B       		.uleb128 0x3b
 5923 0278 05       		.uleb128 0x5
 5924 0279 39       		.uleb128 0x39
 5925 027a 21       		.uleb128 0x21
 5926 027b 06       		.sleb128 6
 5927 027c 27       		.uleb128 0x27
 5928 027d 19       		.uleb128 0x19
 5929 027e 11       		.uleb128 0x11
 5930 027f 01       		.uleb128 0x1
 5931 0280 12       		.uleb128 0x12
 5932 0281 06       		.uleb128 0x6
 5933 0282 40       		.uleb128 0x40
 5934 0283 18       		.uleb128 0x18
 5935 0284 7C       		.uleb128 0x7c
 5936 0285 19       		.uleb128 0x19
 5937 0286 00       		.byte	0
 5938 0287 00       		.byte	0
 5939 0288 29       		.uleb128 0x29
 5940 0289 2E       		.uleb128 0x2e
 5941 028a 01       		.byte	0x1
 5942 028b 03       		.uleb128 0x3
 5943 028c 0E       		.uleb128 0xe
 5944 028d 3A       		.uleb128 0x3a
 5945 028e 0B       		.uleb128 0xb
 5946 028f 3B       		.uleb128 0x3b
 5947 0290 0B       		.uleb128 0xb
 5948 0291 39       		.uleb128 0x39
 5949 0292 21       		.uleb128 0x21
 5950 0293 14       		.sleb128 20
 5951 0294 27       		.uleb128 0x27
 5952 0295 19       		.uleb128 0x19
 5953 0296 11       		.uleb128 0x11
 5954 0297 01       		.uleb128 0x1
 5955 0298 12       		.uleb128 0x12
 5956 0299 06       		.uleb128 0x6
 5957 029a 40       		.uleb128 0x40
 5958 029b 18       		.uleb128 0x18
 5959 029c 7A       		.uleb128 0x7a
 5960 029d 19       		.uleb128 0x19
 5961 029e 01       		.uleb128 0x1
 5962 029f 13       		.uleb128 0x13
 5963 02a0 00       		.byte	0
 5964 02a1 00       		.byte	0
 5965 02a2 2A       		.uleb128 0x2a
 5966 02a3 2E       		.uleb128 0x2e
 5967 02a4 01       		.byte	0x1
 5968 02a5 03       		.uleb128 0x3
 5969 02a6 0E       		.uleb128 0xe
 5970 02a7 3A       		.uleb128 0x3a
 5971 02a8 21       		.uleb128 0x21
 5972 02a9 03       		.sleb128 3
 5973 02aa 3B       		.uleb128 0x3b
 5974 02ab 0B       		.uleb128 0xb
ARM GAS  C:\Users\DEVELO~1\AppData\Local\Temp\ccIRxm3d.s 			page 106


 5975 02ac 39       		.uleb128 0x39
 5976 02ad 21       		.uleb128 0x21
 5977 02ae 0D       		.sleb128 13
 5978 02af 27       		.uleb128 0x27
 5979 02b0 19       		.uleb128 0x19
 5980 02b1 11       		.uleb128 0x11
 5981 02b2 01       		.uleb128 0x1
 5982 02b3 12       		.uleb128 0x12
 5983 02b4 06       		.uleb128 0x6
 5984 02b5 40       		.uleb128 0x40
 5985 02b6 18       		.uleb128 0x18
 5986 02b7 7C       		.uleb128 0x7c
 5987 02b8 19       		.uleb128 0x19
 5988 02b9 01       		.uleb128 0x1
 5989 02ba 13       		.uleb128 0x13
 5990 02bb 00       		.byte	0
 5991 02bc 00       		.byte	0
 5992 02bd 2B       		.uleb128 0x2b
 5993 02be 11       		.uleb128 0x11
 5994 02bf 01       		.byte	0x1
 5995 02c0 25       		.uleb128 0x25
 5996 02c1 0E       		.uleb128 0xe
 5997 02c2 13       		.uleb128 0x13
 5998 02c3 0B       		.uleb128 0xb
 5999 02c4 03       		.uleb128 0x3
 6000 02c5 0E       		.uleb128 0xe
 6001 02c6 1B       		.uleb128 0x1b
 6002 02c7 0E       		.uleb128 0xe
 6003 02c8 55       		.uleb128 0x55
 6004 02c9 17       		.uleb128 0x17
 6005 02ca 11       		.uleb128 0x11
 6006 02cb 01       		.uleb128 0x1
 6007 02cc 10       		.uleb128 0x10
 6008 02cd 17       		.uleb128 0x17
 6009 02ce 00       		.byte	0
 6010 02cf 00       		.byte	0
 6011 02d0 2C       		.uleb128 0x2c
 6012 02d1 24       		.uleb128 0x24
 6013 02d2 00       		.byte	0
 6014 02d3 0B       		.uleb128 0xb
 6015 02d4 0B       		.uleb128 0xb
 6016 02d5 3E       		.uleb128 0x3e
 6017 02d6 0B       		.uleb128 0xb
 6018 02d7 03       		.uleb128 0x3
 6019 02d8 08       		.uleb128 0x8
 6020 02d9 00       		.byte	0
 6021 02da 00       		.byte	0
 6022 02db 2D       		.uleb128 0x2d
 6023 02dc 13       		.uleb128 0x13
 6024 02dd 01       		.byte	0x1
 6025 02de 03       		.uleb128 0x3
 6026 02df 0E       		.uleb128 0xe
 6027 02e0 0B       		.uleb128 0xb
 6028 02e1 05       		.uleb128 0x5
 6029 02e2 3A       		.uleb128 0x3a
 6030 02e3 0B       		.uleb128 0xb
 6031 02e4 3B       		.uleb128 0x3b
ARM GAS  C:\Users\DEVELO~1\AppData\Local\Temp\ccIRxm3d.s 			page 107


 6032 02e5 05       		.uleb128 0x5
 6033 02e6 39       		.uleb128 0x39
 6034 02e7 0B       		.uleb128 0xb
 6035 02e8 01       		.uleb128 0x1
 6036 02e9 13       		.uleb128 0x13
 6037 02ea 00       		.byte	0
 6038 02eb 00       		.byte	0
 6039 02ec 2E       		.uleb128 0x2e
 6040 02ed 0F       		.uleb128 0xf
 6041 02ee 00       		.byte	0
 6042 02ef 0B       		.uleb128 0xb
 6043 02f0 0B       		.uleb128 0xb
 6044 02f1 00       		.byte	0
 6045 02f2 00       		.byte	0
 6046 02f3 2F       		.uleb128 0x2f
 6047 02f4 13       		.uleb128 0x13
 6048 02f5 01       		.byte	0x1
 6049 02f6 0B       		.uleb128 0xb
 6050 02f7 05       		.uleb128 0x5
 6051 02f8 3A       		.uleb128 0x3a
 6052 02f9 0B       		.uleb128 0xb
 6053 02fa 3B       		.uleb128 0x3b
 6054 02fb 0B       		.uleb128 0xb
 6055 02fc 39       		.uleb128 0x39
 6056 02fd 0B       		.uleb128 0xb
 6057 02fe 01       		.uleb128 0x1
 6058 02ff 13       		.uleb128 0x13
 6059 0300 00       		.byte	0
 6060 0301 00       		.byte	0
 6061 0302 30       		.uleb128 0x30
 6062 0303 34       		.uleb128 0x34
 6063 0304 00       		.byte	0
 6064 0305 03       		.uleb128 0x3
 6065 0306 08       		.uleb128 0x8
 6066 0307 3A       		.uleb128 0x3a
 6067 0308 0B       		.uleb128 0xb
 6068 0309 3B       		.uleb128 0x3b
 6069 030a 05       		.uleb128 0x5
 6070 030b 39       		.uleb128 0x39
 6071 030c 0B       		.uleb128 0xb
 6072 030d 49       		.uleb128 0x49
 6073 030e 13       		.uleb128 0x13
 6074 030f 3F       		.uleb128 0x3f
 6075 0310 19       		.uleb128 0x19
 6076 0311 3C       		.uleb128 0x3c
 6077 0312 19       		.uleb128 0x19
 6078 0313 00       		.byte	0
 6079 0314 00       		.byte	0
 6080 0315 31       		.uleb128 0x31
 6081 0316 04       		.uleb128 0x4
 6082 0317 01       		.byte	0x1
 6083 0318 3E       		.uleb128 0x3e
 6084 0319 0B       		.uleb128 0xb
 6085 031a 0B       		.uleb128 0xb
 6086 031b 0B       		.uleb128 0xb
 6087 031c 49       		.uleb128 0x49
 6088 031d 13       		.uleb128 0x13
ARM GAS  C:\Users\DEVELO~1\AppData\Local\Temp\ccIRxm3d.s 			page 108


 6089 031e 3A       		.uleb128 0x3a
 6090 031f 0B       		.uleb128 0xb
 6091 0320 3B       		.uleb128 0x3b
 6092 0321 0B       		.uleb128 0xb
 6093 0322 39       		.uleb128 0x39
 6094 0323 0B       		.uleb128 0xb
 6095 0324 01       		.uleb128 0x1
 6096 0325 13       		.uleb128 0x13
 6097 0326 00       		.byte	0
 6098 0327 00       		.byte	0
 6099 0328 32       		.uleb128 0x32
 6100 0329 34       		.uleb128 0x34
 6101 032a 00       		.byte	0
 6102 032b 03       		.uleb128 0x3
 6103 032c 0E       		.uleb128 0xe
 6104 032d 3A       		.uleb128 0x3a
 6105 032e 0B       		.uleb128 0xb
 6106 032f 3B       		.uleb128 0x3b
 6107 0330 05       		.uleb128 0x5
 6108 0331 39       		.uleb128 0x39
 6109 0332 0B       		.uleb128 0xb
 6110 0333 49       		.uleb128 0x49
 6111 0334 13       		.uleb128 0x13
 6112 0335 3F       		.uleb128 0x3f
 6113 0336 19       		.uleb128 0x19
 6114 0337 3C       		.uleb128 0x3c
 6115 0338 19       		.uleb128 0x19
 6116 0339 00       		.byte	0
 6117 033a 00       		.byte	0
 6118 033b 33       		.uleb128 0x33
 6119 033c 15       		.uleb128 0x15
 6120 033d 01       		.byte	0x1
 6121 033e 27       		.uleb128 0x27
 6122 033f 19       		.uleb128 0x19
 6123 0340 49       		.uleb128 0x49
 6124 0341 13       		.uleb128 0x13
 6125 0342 01       		.uleb128 0x1
 6126 0343 13       		.uleb128 0x13
 6127 0344 00       		.byte	0
 6128 0345 00       		.byte	0
 6129 0346 34       		.uleb128 0x34
 6130 0347 21       		.uleb128 0x21
 6131 0348 00       		.byte	0
 6132 0349 49       		.uleb128 0x49
 6133 034a 13       		.uleb128 0x13
 6134 034b 2F       		.uleb128 0x2f
 6135 034c 05       		.uleb128 0x5
 6136 034d 00       		.byte	0
 6137 034e 00       		.byte	0
 6138 034f 35       		.uleb128 0x35
 6139 0350 18       		.uleb128 0x18
 6140 0351 00       		.byte	0
 6141 0352 00       		.byte	0
 6142 0353 00       		.byte	0
 6143 0354 36       		.uleb128 0x36
 6144 0355 2E       		.uleb128 0x2e
 6145 0356 01       		.byte	0x1
ARM GAS  C:\Users\DEVELO~1\AppData\Local\Temp\ccIRxm3d.s 			page 109


 6146 0357 3F       		.uleb128 0x3f
 6147 0358 19       		.uleb128 0x19
 6148 0359 03       		.uleb128 0x3
 6149 035a 0E       		.uleb128 0xe
 6150 035b 3A       		.uleb128 0x3a
 6151 035c 0B       		.uleb128 0xb
 6152 035d 3B       		.uleb128 0x3b
 6153 035e 0B       		.uleb128 0xb
 6154 035f 39       		.uleb128 0x39
 6155 0360 0B       		.uleb128 0xb
 6156 0361 27       		.uleb128 0x27
 6157 0362 19       		.uleb128 0x19
 6158 0363 49       		.uleb128 0x49
 6159 0364 13       		.uleb128 0x13
 6160 0365 3C       		.uleb128 0x3c
 6161 0366 19       		.uleb128 0x19
 6162 0367 01       		.uleb128 0x1
 6163 0368 13       		.uleb128 0x13
 6164 0369 00       		.byte	0
 6165 036a 00       		.byte	0
 6166 036b 37       		.uleb128 0x37
 6167 036c 2E       		.uleb128 0x2e
 6168 036d 01       		.byte	0x1
 6169 036e 03       		.uleb128 0x3
 6170 036f 0E       		.uleb128 0xe
 6171 0370 3A       		.uleb128 0x3a
 6172 0371 0B       		.uleb128 0xb
 6173 0372 3B       		.uleb128 0x3b
 6174 0373 05       		.uleb128 0x5
 6175 0374 39       		.uleb128 0x39
 6176 0375 0B       		.uleb128 0xb
 6177 0376 27       		.uleb128 0x27
 6178 0377 19       		.uleb128 0x19
 6179 0378 11       		.uleb128 0x11
 6180 0379 01       		.uleb128 0x1
 6181 037a 12       		.uleb128 0x12
 6182 037b 06       		.uleb128 0x6
 6183 037c 40       		.uleb128 0x40
 6184 037d 18       		.uleb128 0x18
 6185 037e 7C       		.uleb128 0x7c
 6186 037f 19       		.uleb128 0x19
 6187 0380 01       		.uleb128 0x1
 6188 0381 13       		.uleb128 0x13
 6189 0382 00       		.byte	0
 6190 0383 00       		.byte	0
 6191 0384 38       		.uleb128 0x38
 6192 0385 2E       		.uleb128 0x2e
 6193 0386 01       		.byte	0x1
 6194 0387 03       		.uleb128 0x3
 6195 0388 0E       		.uleb128 0xe
 6196 0389 3A       		.uleb128 0x3a
 6197 038a 0B       		.uleb128 0xb
 6198 038b 3B       		.uleb128 0x3b
 6199 038c 0B       		.uleb128 0xb
 6200 038d 39       		.uleb128 0x39
 6201 038e 0B       		.uleb128 0xb
 6202 038f 27       		.uleb128 0x27
ARM GAS  C:\Users\DEVELO~1\AppData\Local\Temp\ccIRxm3d.s 			page 110


 6203 0390 19       		.uleb128 0x19
 6204 0391 49       		.uleb128 0x49
 6205 0392 13       		.uleb128 0x13
 6206 0393 11       		.uleb128 0x11
 6207 0394 01       		.uleb128 0x1
 6208 0395 12       		.uleb128 0x12
 6209 0396 06       		.uleb128 0x6
 6210 0397 40       		.uleb128 0x40
 6211 0398 18       		.uleb128 0x18
 6212 0399 7A       		.uleb128 0x7a
 6213 039a 19       		.uleb128 0x19
 6214 039b 01       		.uleb128 0x1
 6215 039c 13       		.uleb128 0x13
 6216 039d 00       		.byte	0
 6217 039e 00       		.byte	0
 6218 039f 39       		.uleb128 0x39
 6219 03a0 2E       		.uleb128 0x2e
 6220 03a1 01       		.byte	0x1
 6221 03a2 3F       		.uleb128 0x3f
 6222 03a3 19       		.uleb128 0x19
 6223 03a4 03       		.uleb128 0x3
 6224 03a5 0E       		.uleb128 0xe
 6225 03a6 3A       		.uleb128 0x3a
 6226 03a7 0B       		.uleb128 0xb
 6227 03a8 3B       		.uleb128 0x3b
 6228 03a9 0B       		.uleb128 0xb
 6229 03aa 39       		.uleb128 0x39
 6230 03ab 0B       		.uleb128 0xb
 6231 03ac 27       		.uleb128 0x27
 6232 03ad 19       		.uleb128 0x19
 6233 03ae 11       		.uleb128 0x11
 6234 03af 01       		.uleb128 0x1
 6235 03b0 12       		.uleb128 0x12
 6236 03b1 06       		.uleb128 0x6
 6237 03b2 40       		.uleb128 0x40
 6238 03b3 18       		.uleb128 0x18
 6239 03b4 7A       		.uleb128 0x7a
 6240 03b5 19       		.uleb128 0x19
 6241 03b6 01       		.uleb128 0x1
 6242 03b7 13       		.uleb128 0x13
 6243 03b8 00       		.byte	0
 6244 03b9 00       		.byte	0
 6245 03ba 3A       		.uleb128 0x3a
 6246 03bb 2E       		.uleb128 0x2e
 6247 03bc 00       		.byte	0
 6248 03bd 3F       		.uleb128 0x3f
 6249 03be 19       		.uleb128 0x19
 6250 03bf 03       		.uleb128 0x3
 6251 03c0 0E       		.uleb128 0xe
 6252 03c1 3A       		.uleb128 0x3a
 6253 03c2 0B       		.uleb128 0xb
 6254 03c3 3B       		.uleb128 0x3b
 6255 03c4 0B       		.uleb128 0xb
 6256 03c5 39       		.uleb128 0x39
 6257 03c6 0B       		.uleb128 0xb
 6258 03c7 27       		.uleb128 0x27
 6259 03c8 19       		.uleb128 0x19
ARM GAS  C:\Users\DEVELO~1\AppData\Local\Temp\ccIRxm3d.s 			page 111


 6260 03c9 11       		.uleb128 0x11
 6261 03ca 01       		.uleb128 0x1
 6262 03cb 12       		.uleb128 0x12
 6263 03cc 06       		.uleb128 0x6
 6264 03cd 40       		.uleb128 0x40
 6265 03ce 18       		.uleb128 0x18
 6266 03cf 7C       		.uleb128 0x7c
 6267 03d0 19       		.uleb128 0x19
 6268 03d1 00       		.byte	0
 6269 03d2 00       		.byte	0
 6270 03d3 3B       		.uleb128 0x3b
 6271 03d4 0B       		.uleb128 0xb
 6272 03d5 01       		.byte	0x1
 6273 03d6 11       		.uleb128 0x11
 6274 03d7 01       		.uleb128 0x1
 6275 03d8 12       		.uleb128 0x12
 6276 03d9 06       		.uleb128 0x6
 6277 03da 01       		.uleb128 0x1
 6278 03db 13       		.uleb128 0x13
 6279 03dc 00       		.byte	0
 6280 03dd 00       		.byte	0
 6281 03de 3C       		.uleb128 0x3c
 6282 03df 2E       		.uleb128 0x2e
 6283 03e0 00       		.byte	0
 6284 03e1 3F       		.uleb128 0x3f
 6285 03e2 19       		.uleb128 0x19
 6286 03e3 03       		.uleb128 0x3
 6287 03e4 0E       		.uleb128 0xe
 6288 03e5 3A       		.uleb128 0x3a
 6289 03e6 0B       		.uleb128 0xb
 6290 03e7 3B       		.uleb128 0x3b
 6291 03e8 0B       		.uleb128 0xb
 6292 03e9 39       		.uleb128 0x39
 6293 03ea 0B       		.uleb128 0xb
 6294 03eb 27       		.uleb128 0x27
 6295 03ec 19       		.uleb128 0x19
 6296 03ed 49       		.uleb128 0x49
 6297 03ee 13       		.uleb128 0x13
 6298 03ef 11       		.uleb128 0x11
 6299 03f0 01       		.uleb128 0x1
 6300 03f1 12       		.uleb128 0x12
 6301 03f2 06       		.uleb128 0x6
 6302 03f3 40       		.uleb128 0x40
 6303 03f4 18       		.uleb128 0x18
 6304 03f5 7A       		.uleb128 0x7a
 6305 03f6 19       		.uleb128 0x19
 6306 03f7 00       		.byte	0
 6307 03f8 00       		.byte	0
 6308 03f9 3D       		.uleb128 0x3d
 6309 03fa 2E       		.uleb128 0x2e
 6310 03fb 00       		.byte	0
 6311 03fc 03       		.uleb128 0x3
 6312 03fd 0E       		.uleb128 0xe
 6313 03fe 3A       		.uleb128 0x3a
 6314 03ff 0B       		.uleb128 0xb
 6315 0400 3B       		.uleb128 0x3b
 6316 0401 05       		.uleb128 0x5
ARM GAS  C:\Users\DEVELO~1\AppData\Local\Temp\ccIRxm3d.s 			page 112


 6317 0402 39       		.uleb128 0x39
 6318 0403 0B       		.uleb128 0xb
 6319 0404 27       		.uleb128 0x27
 6320 0405 19       		.uleb128 0x19
 6321 0406 49       		.uleb128 0x49
 6322 0407 13       		.uleb128 0x13
 6323 0408 11       		.uleb128 0x11
 6324 0409 01       		.uleb128 0x1
 6325 040a 12       		.uleb128 0x12
 6326 040b 06       		.uleb128 0x6
 6327 040c 40       		.uleb128 0x40
 6328 040d 18       		.uleb128 0x18
 6329 040e 7C       		.uleb128 0x7c
 6330 040f 19       		.uleb128 0x19
 6331 0410 00       		.byte	0
 6332 0411 00       		.byte	0
 6333 0412 3E       		.uleb128 0x3e
 6334 0413 2E       		.uleb128 0x2e
 6335 0414 01       		.byte	0x1
 6336 0415 03       		.uleb128 0x3
 6337 0416 0E       		.uleb128 0xe
 6338 0417 3A       		.uleb128 0x3a
 6339 0418 0B       		.uleb128 0xb
 6340 0419 3B       		.uleb128 0x3b
 6341 041a 05       		.uleb128 0x5
 6342 041b 39       		.uleb128 0x39
 6343 041c 0B       		.uleb128 0xb
 6344 041d 27       		.uleb128 0x27
 6345 041e 19       		.uleb128 0x19
 6346 041f 49       		.uleb128 0x49
 6347 0420 13       		.uleb128 0x13
 6348 0421 11       		.uleb128 0x11
 6349 0422 01       		.uleb128 0x1
 6350 0423 12       		.uleb128 0x12
 6351 0424 06       		.uleb128 0x6
 6352 0425 40       		.uleb128 0x40
 6353 0426 18       		.uleb128 0x18
 6354 0427 7A       		.uleb128 0x7a
 6355 0428 19       		.uleb128 0x19
 6356 0429 01       		.uleb128 0x1
 6357 042a 13       		.uleb128 0x13
 6358 042b 00       		.byte	0
 6359 042c 00       		.byte	0
 6360 042d 3F       		.uleb128 0x3f
 6361 042e 2E       		.uleb128 0x2e
 6362 042f 00       		.byte	0
 6363 0430 03       		.uleb128 0x3
 6364 0431 0E       		.uleb128 0xe
 6365 0432 3A       		.uleb128 0x3a
 6366 0433 0B       		.uleb128 0xb
 6367 0434 3B       		.uleb128 0x3b
 6368 0435 05       		.uleb128 0x5
 6369 0436 39       		.uleb128 0x39
 6370 0437 0B       		.uleb128 0xb
 6371 0438 27       		.uleb128 0x27
 6372 0439 19       		.uleb128 0x19
 6373 043a 49       		.uleb128 0x49
ARM GAS  C:\Users\DEVELO~1\AppData\Local\Temp\ccIRxm3d.s 			page 113


 6374 043b 13       		.uleb128 0x13
 6375 043c 11       		.uleb128 0x11
 6376 043d 01       		.uleb128 0x1
 6377 043e 12       		.uleb128 0x12
 6378 043f 06       		.uleb128 0x6
 6379 0440 40       		.uleb128 0x40
 6380 0441 18       		.uleb128 0x18
 6381 0442 7A       		.uleb128 0x7a
 6382 0443 19       		.uleb128 0x19
 6383 0444 00       		.byte	0
 6384 0445 00       		.byte	0
 6385 0446 00       		.byte	0
 6386              		.section	.debug_aranges,"",%progbits
 6387 0000 FC000000 		.4byte	0xfc
 6388 0004 0200     		.2byte	0x2
 6389 0006 00000000 		.4byte	.Ldebug_info0
 6390 000a 04       		.byte	0x4
 6391 000b 00       		.byte	0
 6392 000c 0000     		.2byte	0
 6393 000e 0000     		.2byte	0
 6394 0010 00000000 		.4byte	.LFB229
 6395 0014 14000000 		.4byte	.LFE229-.LFB229
 6396 0018 00000000 		.4byte	.LFB232
 6397 001c 22000000 		.4byte	.LFE232-.LFB232
 6398 0020 00000000 		.4byte	.LFB233
 6399 0024 20000000 		.4byte	.LFE233-.LFB233
 6400 0028 00000000 		.4byte	.LFB240
 6401 002c 20000000 		.4byte	.LFE240-.LFB240
 6402 0030 00000000 		.4byte	.LFB435
 6403 0034 18000000 		.4byte	.LFE435-.LFB435
 6404 0038 00000000 		.4byte	.LFB436
 6405 003c 18000000 		.4byte	.LFE436-.LFB436
 6406 0040 00000000 		.4byte	.LFB437
 6407 0044 18000000 		.4byte	.LFE437-.LFB437
 6408 0048 00000000 		.4byte	.LFB438
 6409 004c 18000000 		.4byte	.LFE438-.LFB438
 6410 0050 00000000 		.4byte	.LFB439
 6411 0054 2C000000 		.4byte	.LFE439-.LFB439
 6412 0058 00000000 		.4byte	.LFB440
 6413 005c 48000000 		.4byte	.LFE440-.LFB440
 6414 0060 00000000 		.4byte	.LFB441
 6415 0064 14000000 		.4byte	.LFE441-.LFB441
 6416 0068 00000000 		.4byte	.LFB442
 6417 006c CC000000 		.4byte	.LFE442-.LFB442
 6418 0070 00000000 		.4byte	.LFB443
 6419 0074 22000000 		.4byte	.LFE443-.LFB443
 6420 0078 00000000 		.4byte	.LFB444
 6421 007c 98000000 		.4byte	.LFE444-.LFB444
 6422 0080 00000000 		.4byte	.LFB445
 6423 0084 60000000 		.4byte	.LFE445-.LFB445
 6424 0088 00000000 		.4byte	.LFB446
 6425 008c 60000000 		.4byte	.LFE446-.LFB446
 6426 0090 00000000 		.4byte	.LFB447
 6427 0094 0C010000 		.4byte	.LFE447-.LFB447
 6428 0098 00000000 		.4byte	.LFB448
 6429 009c 2C000000 		.4byte	.LFE448-.LFB448
 6430 00a0 00000000 		.4byte	.LFB449
ARM GAS  C:\Users\DEVELO~1\AppData\Local\Temp\ccIRxm3d.s 			page 114


 6431 00a4 8C000000 		.4byte	.LFE449-.LFB449
 6432 00a8 00000000 		.4byte	.LFB450
 6433 00ac 1C000000 		.4byte	.LFE450-.LFB450
 6434 00b0 00000000 		.4byte	.LFB451
 6435 00b4 1E000000 		.4byte	.LFE451-.LFB451
 6436 00b8 00000000 		.4byte	.LFB452
 6437 00bc AC000000 		.4byte	.LFE452-.LFB452
 6438 00c0 00000000 		.4byte	.LFB453
 6439 00c4 68000000 		.4byte	.LFE453-.LFB453
 6440 00c8 00000000 		.4byte	.LFB454
 6441 00cc 4C000000 		.4byte	.LFE454-.LFB454
 6442 00d0 00000000 		.4byte	.LFB455
 6443 00d4 64000000 		.4byte	.LFE455-.LFB455
 6444 00d8 00000000 		.4byte	.LFB456
 6445 00dc 38000000 		.4byte	.LFE456-.LFB456
 6446 00e0 00000000 		.4byte	.LFB457
 6447 00e4 40000000 		.4byte	.LFE457-.LFB457
 6448 00e8 00000000 		.4byte	.LFB458
 6449 00ec 60000000 		.4byte	.LFE458-.LFB458
 6450 00f0 00000000 		.4byte	.LFB459
 6451 00f4 30000000 		.4byte	.LFE459-.LFB459
 6452 00f8 00000000 		.4byte	0
 6453 00fc 00000000 		.4byte	0
 6454              		.section	.debug_rnglists,"",%progbits
 6455              	.Ldebug_ranges0:
 6456 0000 BC000000 		.4byte	.Ldebug_ranges3-.Ldebug_ranges2
 6457              	.Ldebug_ranges2:
 6458 0004 0500     		.2byte	0x5
 6459 0006 04       		.byte	0x4
 6460 0007 00       		.byte	0
 6461 0008 00000000 		.4byte	0
 6462              	.LLRL0:
 6463 000c 07       		.byte	0x7
 6464 000d 00000000 		.4byte	.LFB229
 6465 0011 14       		.uleb128 .LFE229-.LFB229
 6466 0012 07       		.byte	0x7
 6467 0013 00000000 		.4byte	.LFB232
 6468 0017 22       		.uleb128 .LFE232-.LFB232
 6469 0018 07       		.byte	0x7
 6470 0019 00000000 		.4byte	.LFB233
 6471 001d 20       		.uleb128 .LFE233-.LFB233
 6472 001e 07       		.byte	0x7
 6473 001f 00000000 		.4byte	.LFB240
 6474 0023 20       		.uleb128 .LFE240-.LFB240
 6475 0024 07       		.byte	0x7
 6476 0025 00000000 		.4byte	.LFB435
 6477 0029 18       		.uleb128 .LFE435-.LFB435
 6478 002a 07       		.byte	0x7
 6479 002b 00000000 		.4byte	.LFB436
 6480 002f 18       		.uleb128 .LFE436-.LFB436
 6481 0030 07       		.byte	0x7
 6482 0031 00000000 		.4byte	.LFB437
 6483 0035 18       		.uleb128 .LFE437-.LFB437
 6484 0036 07       		.byte	0x7
 6485 0037 00000000 		.4byte	.LFB438
 6486 003b 18       		.uleb128 .LFE438-.LFB438
 6487 003c 07       		.byte	0x7
ARM GAS  C:\Users\DEVELO~1\AppData\Local\Temp\ccIRxm3d.s 			page 115


 6488 003d 00000000 		.4byte	.LFB439
 6489 0041 2C       		.uleb128 .LFE439-.LFB439
 6490 0042 07       		.byte	0x7
 6491 0043 00000000 		.4byte	.LFB440
 6492 0047 48       		.uleb128 .LFE440-.LFB440
 6493 0048 07       		.byte	0x7
 6494 0049 00000000 		.4byte	.LFB441
 6495 004d 14       		.uleb128 .LFE441-.LFB441
 6496 004e 07       		.byte	0x7
 6497 004f 00000000 		.4byte	.LFB442
 6498 0053 CC01     		.uleb128 .LFE442-.LFB442
 6499 0055 07       		.byte	0x7
 6500 0056 00000000 		.4byte	.LFB443
 6501 005a 22       		.uleb128 .LFE443-.LFB443
 6502 005b 07       		.byte	0x7
 6503 005c 00000000 		.4byte	.LFB444
 6504 0060 9801     		.uleb128 .LFE444-.LFB444
 6505 0062 07       		.byte	0x7
 6506 0063 00000000 		.4byte	.LFB445
 6507 0067 60       		.uleb128 .LFE445-.LFB445
 6508 0068 07       		.byte	0x7
 6509 0069 00000000 		.4byte	.LFB446
 6510 006d 60       		.uleb128 .LFE446-.LFB446
 6511 006e 07       		.byte	0x7
 6512 006f 00000000 		.4byte	.LFB447
 6513 0073 8C02     		.uleb128 .LFE447-.LFB447
 6514 0075 07       		.byte	0x7
 6515 0076 00000000 		.4byte	.LFB448
 6516 007a 2C       		.uleb128 .LFE448-.LFB448
 6517 007b 07       		.byte	0x7
 6518 007c 00000000 		.4byte	.LFB449
 6519 0080 8C01     		.uleb128 .LFE449-.LFB449
 6520 0082 07       		.byte	0x7
 6521 0083 00000000 		.4byte	.LFB450
 6522 0087 1C       		.uleb128 .LFE450-.LFB450
 6523 0088 07       		.byte	0x7
 6524 0089 00000000 		.4byte	.LFB451
 6525 008d 1E       		.uleb128 .LFE451-.LFB451
 6526 008e 07       		.byte	0x7
 6527 008f 00000000 		.4byte	.LFB452
 6528 0093 AC01     		.uleb128 .LFE452-.LFB452
 6529 0095 07       		.byte	0x7
 6530 0096 00000000 		.4byte	.LFB453
 6531 009a 68       		.uleb128 .LFE453-.LFB453
 6532 009b 07       		.byte	0x7
 6533 009c 00000000 		.4byte	.LFB454
 6534 00a0 4C       		.uleb128 .LFE454-.LFB454
 6535 00a1 07       		.byte	0x7
 6536 00a2 00000000 		.4byte	.LFB455
 6537 00a6 64       		.uleb128 .LFE455-.LFB455
 6538 00a7 07       		.byte	0x7
 6539 00a8 00000000 		.4byte	.LFB456
 6540 00ac 38       		.uleb128 .LFE456-.LFB456
 6541 00ad 07       		.byte	0x7
 6542 00ae 00000000 		.4byte	.LFB457
 6543 00b2 40       		.uleb128 .LFE457-.LFB457
 6544 00b3 07       		.byte	0x7
ARM GAS  C:\Users\DEVELO~1\AppData\Local\Temp\ccIRxm3d.s 			page 116


 6545 00b4 00000000 		.4byte	.LFB458
 6546 00b8 60       		.uleb128 .LFE458-.LFB458
 6547 00b9 07       		.byte	0x7
 6548 00ba 00000000 		.4byte	.LFB459
 6549 00be 30       		.uleb128 .LFE459-.LFB459
 6550 00bf 00       		.byte	0
 6551              	.Ldebug_ranges3:
 6552              		.section	.debug_line,"",%progbits
 6553              	.Ldebug_line0:
 6554 0000 360A0000 		.section	.debug_str,"MS",%progbits,1
 6554      03003B04 
 6554      00000201 
 6554      FB0E0D00 
 6554      01010101 
 6555              	.LASF11:
 6556 0000 6C6F6E67 		.ascii	"long int\000"
 6556      20696E74 
 6556      00
 6557              	.LASF102:
 6558 0009 42444D41 		.ascii	"BDMA_TypeDef\000"
 6558      5F547970 
 6558      65446566 
 6558      00
 6559              	.LASF157:
 6560 0016 62646D61 		.ascii	"bdma\000"
 6560      00
 6561              	.LASF231:
 6562 001b 62617365 		.ascii	"baseline_y\000"
 6562      6C696E65 
 6562      5F7900
 6563              	.LASF135:
 6564 0026 77746D74 		.ascii	"wtmtxp\000"
 6564      787000
 6565              	.LASF191:
 6566 002d 63697263 		.ascii	"circular\000"
 6566      756C6172 
 6566      00
 6567              	.LASF127:
 6568 0036 74687265 		.ascii	"thread_reference_t\000"
 6568      61645F72 
 6568      65666572 
 6568      656E6365 
 6568      5F7400
 6569              	.LASF165:
 6570 0049 42535252 		.ascii	"BSRR\000"
 6570      00
 6571              	.LASF241:
 6572 004e 6472765F 		.ascii	"drv_display_init\000"
 6572      64697370 
 6572      6C61795F 
 6572      696E6974 
 6572      00
 6573              	.LASF124:
 6574 005f 63685F72 		.ascii	"ch_registry\000"
 6574      65676973 
 6574      74727900 
 6575              	.LASF256:
ARM GAS  C:\Users\DEVELO~1\AppData\Local\Temp\ccIRxm3d.s 			page 117


 6576 006b 63685265 		.ascii	"chRegSetThreadName\000"
 6576      67536574 
 6576      54687265 
 6576      61644E61 
 6576      6D6500
 6577              	.LASF132:
 6578 007e 77747472 		.ascii	"wttrp\000"
 6578      7000
 6579              	.LASF258:
 6580 0084 63685468 		.ascii	"chThdTerminatedX\000"
 6580      64546572 
 6580      6D696E61 
 6580      74656458 
 6580      00
 6581              	.LASF38:
 6582 0095 666C6167 		.ascii	"flags\000"
 6582      7300
 6583              	.LASF65:
 6584 009b 73797374 		.ascii	"systime_t\000"
 6584      696D655F 
 6584      7400
 6585              	.LASF44:
 6586 00a5 7265616C 		.ascii	"realprio\000"
 6586      7072696F 
 6586      00
 6587              	.LASF90:
 6588 00ae 62756666 		.ascii	"buffer\000"
 6588      657200
 6589              	.LASF88:
 6590 00b5 73757370 		.ascii	"suspended\000"
 6590      656E6465 
 6590      6400
 6591              	.LASF42:
 6592 00bf 6570656E 		.ascii	"epending\000"
 6592      64696E67 
 6592      00
 6593              	.LASF0:
 6594 00c8 756E7369 		.ascii	"unsigned int\000"
 6594      676E6564 
 6594      20696E74 
 6594      00
 6595              	.LASF70:
 6596 00d5 6E657874 		.ascii	"next\000"
 6596      00
 6597              	.LASF19:
 6598 00da 75696E74 		.ascii	"uint32_t\000"
 6598      33325F74 
 6598      00
 6599              	.LASF52:
 6600 00e3 636F7265 		.ascii	"core_id\000"
 6600      5F696400 
 6601              	.LASF97:
 6602 00eb 43504152 		.ascii	"CPAR\000"
 6602      00
 6603              	.LASF39:
 6604 00f0 72656673 		.ascii	"refs\000"
 6604      00
ARM GAS  C:\Users\DEVELO~1\AppData\Local\Temp\ccIRxm3d.s 			page 118


 6605              	.LASF212:
 6606 00f5 64697370 		.ascii	"display_tp\000"
 6606      6C61795F 
 6606      747000
 6607              	.LASF207:
 6608 0100 6765745F 		.ascii	"get_col\000"
 6608      636F6C00 
 6609              	.LASF194:
 6610 0108 6572726F 		.ascii	"error_cb\000"
 6610      725F6362 
 6610      00
 6611              	.LASF172:
 6612 0111 696F6C69 		.ascii	"ioline_t\000"
 6612      6E655F74 
 6612      00
 6613              	.LASF50:
 6614 011a 76746C69 		.ascii	"vtlist\000"
 6614      737400
 6615              	.LASF118:
 6616 0121 706F7274 		.ascii	"port_context\000"
 6616      5F636F6E 
 6616      74657874 
 6616      00
 6617              	.LASF232:
 6618 012e 73617665 		.ascii	"save\000"
 6618      00
 6619              	.LASF139:
 6620 0133 63685F72 		.ascii	"ch_ready_list\000"
 6620      65616479 
 6620      5F6C6973 
 6620      7400
 6621              	.LASF213:
 6622 0141 64697370 		.ascii	"display_dirty\000"
 6622      6C61795F 
 6622      64697274 
 6622      7900
 6623              	.LASF243:
 6624 014f 6472765F 		.ascii	"drv_display_fill_rect\000"
 6624      64697370 
 6624      6C61795F 
 6624      66696C6C 
 6624      5F726563 
 6625              	.LASF92:
 6626 0165 4E445452 		.ascii	"NDTR\000"
 6626      00
 6627              	.LASF252:
 6628 016a 64635F64 		.ascii	"dc_data\000"
 6628      61746100 
 6629              	.LASF122:
 6630 0172 6C617374 		.ascii	"laststamp\000"
 6630      7374616D 
 6630      7000
 6631              	.LASF136:
 6632 017c 65776D61 		.ascii	"ewmask\000"
 6632      736B00
 6633              	.LASF73:
 6634 0183 70726576 		.ascii	"prev\000"
ARM GAS  C:\Users\DEVELO~1\AppData\Local\Temp\ccIRxm3d.s 			page 119


 6634      00
 6635              	.LASF237:
 6636 0188 6472765F 		.ascii	"drv_display_set_font\000"
 6636      64697370 
 6636      6C61795F 
 6636      7365745F 
 6636      666F6E74 
 6637              	.LASF69:
 6638 019d 63685F6C 		.ascii	"ch_list\000"
 6638      69737400 
 6639              	.LASF255:
 6640 01a5 63735F6C 		.ascii	"cs_low\000"
 6640      6F7700
 6641              	.LASF80:
 6642 01ac 77746F62 		.ascii	"wtobjp\000"
 6642      6A7000
 6643              	.LASF113:
 6644 01b3 52584352 		.ascii	"RXCRC\000"
 6644      4300
 6645              	.LASF96:
 6646 01b9 434E4454 		.ascii	"CNDTR\000"
 6646      5200
 6647              	.LASF61:
 6648 01bf 63685F73 		.ascii	"ch_system_debug\000"
 6648      79737465 
 6648      6D5F6465 
 6648      62756700 
 6649              	.LASF263:
 6650 01cf 433A5C50 		.ascii	"C:\\PROJET\\ChibiOS project\\ChibiOS_21.11.4\\demos"
 6650      524F4A45 
 6650      545C4368 
 6650      6962694F 
 6650      53207072 
 6651 01fe 5C53544D 		.ascii	"\\STM32\\RT-STM32H743ZI_REV_XY-NUCLEO144\000"
 6651      33325C52 
 6651      542D5354 
 6651      4D333248 
 6651      3734335A 
 6652              	.LASF199:
 6653 0225 73706963 		.ascii	"spicb_t\000"
 6653      625F7400 
 6654              	.LASF128:
 6655 022d 6C697374 		.ascii	"list\000"
 6655      00
 6656              	.LASF264:
 6657 0232 6472765F 		.ascii	"drv_display_get_buffer\000"
 6657      64697370 
 6657      6C61795F 
 6657      6765745F 
 6657      62756666 
 6658              	.LASF78:
 6659 0249 63685F64 		.ascii	"ch_delta_list\000"
 6659      656C7461 
 6659      5F6C6973 
 6659      7400
 6660              	.LASF133:
 6661 0257 73656E74 		.ascii	"sentmsg\000"
ARM GAS  C:\Users\DEVELO~1\AppData\Local\Temp\ccIRxm3d.s 			page 120


 6661      6D736700 
 6662              	.LASF29:
 6663 025f 6576656E 		.ascii	"eventmask_t\000"
 6663      746D6173 
 6663      6B5F7400 
 6664              	.LASF152:
 6665 026b 69666372 		.ascii	"ifcr\000"
 6665      00
 6666              	.LASF87:
 6667 0270 74726163 		.ascii	"trace_event_t\000"
 6667      655F6576 
 6667      656E745F 
 6667      7400
 6668              	.LASF183:
 6669 027e 6D757465 		.ascii	"mutex\000"
 6669      7800
 6670              	.LASF153:
 6671 0284 73686966 		.ascii	"shift\000"
 6671      7400
 6672              	.LASF137:
 6673 028a 63685F73 		.ascii	"ch_semaphore\000"
 6673      656D6170 
 6673      686F7265 
 6673      00
 6674              	.LASF27:
 6675 0297 74707269 		.ascii	"tprio_t\000"
 6675      6F5F7400 
 6676              	.LASF248:
 6677 029f 696E6465 		.ascii	"index\000"
 6677      7800
 6678              	.LASF147:
 6679 02a5 6F735F69 		.ascii	"os_instance_config_t\000"
 6679      6E737461 
 6679      6E63655F 
 6679      636F6E66 
 6679      69675F74 
 6680              	.LASF148:
 6681 02ba 7466756E 		.ascii	"tfunc_t\000"
 6681      635F7400 
 6682              	.LASF82:
 6683 02c2 68616C74 		.ascii	"halt\000"
 6683      00
 6684              	.LASF15:
 6685 02c7 6C6F6E67 		.ascii	"long long unsigned int\000"
 6685      206C6F6E 
 6685      6720756E 
 6685      7369676E 
 6685      65642069 
 6686              	.LASF81:
 6687 02de 72656173 		.ascii	"reason\000"
 6687      6F6E00
 6688              	.LASF155:
 6689 02e5 76656374 		.ascii	"vector\000"
 6689      6F7200
 6690              	.LASF129:
 6691 02ec 70717565 		.ascii	"pqueue\000"
 6691      756500
ARM GAS  C:\Users\DEVELO~1\AppData\Local\Temp\ccIRxm3d.s 			page 121


 6692              	.LASF8:
 6693 02f3 5F5F7569 		.ascii	"__uint16_t\000"
 6693      6E743136 
 6693      5F7400
 6694              	.LASF30:
 6695 02fe 636E745F 		.ascii	"cnt_t\000"
 6695      7400
 6696              	.LASF262:
 6697 0304 64726976 		.ascii	"drivers/drv_display.c\000"
 6697      6572732F 
 6697      6472765F 
 6697      64697370 
 6697      6C61792E 
 6698              	.LASF224:
 6699 031a 5F70616C 		.ascii	"_pal_lld_setgroupmode\000"
 6699      5F6C6C64 
 6699      5F736574 
 6699      67726F75 
 6699      706D6F64 
 6700              	.LASF161:
 6701 0330 4D4F4445 		.ascii	"MODER\000"
 6701      5200
 6702              	.LASF195:
 6703 0336 7373706F 		.ascii	"ssport\000"
 6703      727400
 6704              	.LASF181:
 6705 033d 68616C5F 		.ascii	"hal_spi_driver\000"
 6705      7370695F 
 6705      64726976 
 6705      657200
 6706              	.LASF86:
 6707 034c 74696D65 		.ascii	"time\000"
 6707      00
 6708              	.LASF168:
 6709 0351 41465248 		.ascii	"AFRH\000"
 6709      00
 6710              	.LASF169:
 6711 0356 73746D33 		.ascii	"stm32_gpio_t\000"
 6711      325F6770 
 6711      696F5F74 
 6711      00
 6712              	.LASF34:
 6713 0363 6F776E65 		.ascii	"owner\000"
 6713      7200
 6714              	.LASF144:
 6715 0369 6D61696E 		.ascii	"mainthread_end\000"
 6715      74687265 
 6715      61645F65 
 6715      6E6400
 6716              	.LASF160:
 6717 0378 636C6561 		.ascii	"clear\000"
 6717      7200
 6718              	.LASF43:
 6719 037e 6D74786C 		.ascii	"mtxlist\000"
 6719      69737400 
 6720              	.LASF119:
 6721 0386 63685F76 		.ascii	"ch_virtual_timers_list\000"
ARM GAS  C:\Users\DEVELO~1\AppData\Local\Temp\ccIRxm3d.s 			page 122


 6721      69727475 
 6721      616C5F74 
 6721      696D6572 
 6721      735F6C69 
 6722              	.LASF53:
 6723 039d 72666375 		.ascii	"rfcu\000"
 6723      00
 6724              	.LASF121:
 6725 03a2 6C617374 		.ascii	"lasttime\000"
 6725      74696D65 
 6725      00
 6726              	.LASF257:
 6727 03ab 666F6E74 		.ascii	"font_advance\000"
 6727      5F616476 
 6727      616E6365 
 6727      00
 6728              	.LASF32:
 6729 03b8 74687265 		.ascii	"thread_t\000"
 6729      61645F74 
 6729      00
 6730              	.LASF223:
 6731 03c1 73706953 		.ascii	"spiStart\000"
 6731      74617274 
 6731      00
 6732              	.LASF83:
 6733 03ca 75736572 		.ascii	"user\000"
 6733      00
 6734              	.LASF4:
 6735 03cf 73697A65 		.ascii	"size_t\000"
 6735      5F7400
 6736              	.LASF130:
 6737 03d6 7264796D 		.ascii	"rdymsg\000"
 6737      736700
 6738              	.LASF109:
 6739 03dd 52584452 		.ascii	"RXDR\000"
 6739      00
 6740              	.LASF261:
 6741 03e2 474E5520 		.ascii	"GNU C17 11.3.1 20220712 -mcpu=cortex-m7 -mthumb -mf"
 6741      43313720 
 6741      31312E33 
 6741      2E312032 
 6741      30323230 
 6742 0415 6C6F6174 		.ascii	"loat-abi=soft -march=armv7e-m -ggdb -O0 -ffunction-"
 6742      2D616269 
 6742      3D736F66 
 6742      74202D6D 
 6742      61726368 
 6743 0448 73656374 		.ascii	"sections -fdata-sections -fno-common\000"
 6743      696F6E73 
 6743      202D6664 
 6743      6174612D 
 6743      73656374 
 6744              	.LASF249:
 6745 046d 73656E64 		.ascii	"send_data\000"
 6745      5F646174 
 6745      6100
 6746              	.LASF244:
ARM GAS  C:\Users\DEVELO~1\AppData\Local\Temp\ccIRxm3d.s 			page 123


 6747 0477 6472765F 		.ascii	"drv_display_draw_rect\000"
 6747      64697370 
 6747      6C61795F 
 6747      64726177 
 6747      5F726563 
 6748              	.LASF74:
 6749 048d 63685F70 		.ascii	"ch_priority_queue_t\000"
 6749      72696F72 
 6749      6974795F 
 6749      71756575 
 6749      655F7400 
 6750              	.LASF202:
 6751 04a1 77696474 		.ascii	"width\000"
 6751      6800
 6752              	.LASF150:
 6753 04a7 5F426F6F 		.ascii	"_Bool\000"
 6753      6C00
 6754              	.LASF58:
 6755 04ad 63685F72 		.ascii	"ch_rfcu\000"
 6755      66637500 
 6756              	.LASF138:
 6757 04b5 63685F6D 		.ascii	"ch_mutex\000"
 6757      75746578 
 6757      00
 6758              	.LASF227:
 6759 04be 6472765F 		.ascii	"drv_display_start\000"
 6759      64697370 
 6759      6C61795F 
 6759      73746172 
 6759      7400
 6760              	.LASF93:
 6761 04d0 4D304152 		.ascii	"M0AR\000"
 6761      00
 6762              	.LASF48:
 6763 04d5 63685F6F 		.ascii	"ch_os_instance\000"
 6763      735F696E 
 6763      7374616E 
 6763      636500
 6764              	.LASF201:
 6765 04e4 666F6E74 		.ascii	"font_s\000"
 6765      5F7300
 6766              	.LASF208:
 6767 04eb 666F6E74 		.ascii	"font_t\000"
 6767      5F7400
 6768              	.LASF173:
 6769 04f2 696F706F 		.ascii	"ioportid_t\000"
 6769      72746964 
 6769      5F7400
 6770              	.LASF164:
 6771 04fd 50555044 		.ascii	"PUPDR\000"
 6771      5200
 6772              	.LASF192:
 6773 0503 736C6176 		.ascii	"slave\000"
 6773      6500
 6774              	.LASF146:
 6775 0509 69646C65 		.ascii	"idlethread_end\000"
 6775      74687265 
ARM GAS  C:\Users\DEVELO~1\AppData\Local\Temp\ccIRxm3d.s 			page 124


 6775      61645F65 
 6775      6E6400
 6776              	.LASF76:
 6777 0518 7072696F 		.ascii	"prio\000"
 6777      00
 6778              	.LASF238:
 6779 051d 6472765F 		.ascii	"drv_display_update\000"
 6779      64697370 
 6779      6C61795F 
 6779      75706461 
 6779      746500
 6780              	.LASF63:
 6781 0530 63686172 		.ascii	"char\000"
 6781      00
 6782              	.LASF77:
 6783 0535 63685F64 		.ascii	"ch_delta_list_t\000"
 6783      656C7461 
 6783      5F6C6973 
 6783      745F7400 
 6784              	.LASF57:
 6785 0545 72666375 		.ascii	"rfcu_mask_t\000"
 6785      5F6D6173 
 6785      6B5F7400 
 6786              	.LASF10:
 6787 0551 5F5F696E 		.ascii	"__int32_t\000"
 6787      7433325F 
 6787      7400
 6788              	.LASF67:
 6789 055b 74696D65 		.ascii	"time_conv_t\000"
 6789      5F636F6E 
 6789      765F7400 
 6790              	.LASF186:
 6791 0567 7478646D 		.ascii	"txdmamode\000"
 6791      616D6F64 
 6791      6500
 6792              	.LASF36:
 6793 0571 77616261 		.ascii	"wabase\000"
 6793      736500
 6794              	.LASF229:
 6795 0578 6472765F 		.ascii	"drv_display_draw_text_at_baseline\000"
 6795      64697370 
 6795      6C61795F 
 6795      64726177 
 6795      5F746578 
 6796              	.LASF25:
 6797 059a 74737461 		.ascii	"tstate_t\000"
 6797      74655F74 
 6797      00
 6798              	.LASF33:
 6799 05a3 72717565 		.ascii	"rqueue\000"
 6799      756500
 6800              	.LASF143:
 6801 05aa 6D61696E 		.ascii	"mainthread_base\000"
 6801      74687265 
 6801      61645F62 
 6801      61736500 
 6802              	.LASF250:
ARM GAS  C:\Users\DEVELO~1\AppData\Local\Temp\ccIRxm3d.s 			page 125


 6803 05ba 64617461 		.ascii	"data\000"
 6803      00
 6804              	.LASF156:
 6805 05bf 73746D33 		.ascii	"stm32_dma_stream_t\000"
 6805      325F646D 
 6805      615F7374 
 6805      7265616D 
 6805      5F7400
 6806              	.LASF14:
 6807 05d2 5F5F7569 		.ascii	"__uint64_t\000"
 6807      6E743634 
 6807      5F7400
 6808              	.LASF245:
 6809 05dd 6472765F 		.ascii	"drv_display_draw_pixel\000"
 6809      64697370 
 6809      6C61795F 
 6809      64726177 
 6809      5F706978 
 6810              	.LASF16:
 6811 05f4 75696E74 		.ascii	"uint8_t\000"
 6811      385F7400 
 6812              	.LASF259:
 6813 05fc 63685468 		.ascii	"chThdShouldTerminateX\000"
 6813      6453686F 
 6813      756C6454 
 6813      65726D69 
 6813      6E617465 
 6814              	.LASF41:
 6815 0612 6D736771 		.ascii	"msgqueue\000"
 6815      75657565 
 6815      00
 6816              	.LASF112:
 6817 061b 54584352 		.ascii	"TXCRC\000"
 6817      4300
 6818              	.LASF151:
 6819 0621 73747265 		.ascii	"stream\000"
 6819      616D00
 6820              	.LASF47:
 6821 0628 63685F74 		.ascii	"ch_thread\000"
 6821      68726561 
 6821      6400
 6822              	.LASF235:
 6823 0632 6472765F 		.ascii	"drv_display_draw_char\000"
 6823      64697370 
 6823      6C61795F 
 6823      64726177 
 6823      5F636861 
 6824              	.LASF107:
 6825 0648 54584452 		.ascii	"TXDR\000"
 6825      00
 6826              	.LASF236:
 6827 064d 62697473 		.ascii	"bits\000"
 6827      00
 6828              	.LASF64:
 6829 0652 73797374 		.ascii	"system_debug_t\000"
 6829      656D5F64 
 6829      65627567 
ARM GAS  C:\Users\DEVELO~1\AppData\Local\Temp\ccIRxm3d.s 			page 126


 6829      5F7400
 6830              	.LASF189:
 6831 0661 53504943 		.ascii	"SPIConfig\000"
 6831      6F6E6669 
 6831      6700
 6832              	.LASF1:
 6833 066b 6C6F6E67 		.ascii	"long long int\000"
 6833      206C6F6E 
 6833      6720696E 
 6833      7400
 6834              	.LASF21:
 6835 0679 75696E74 		.ascii	"uint_fast8_t\000"
 6835      5F666173 
 6835      74385F74 
 6835      00
 6836              	.LASF218:
 6837 0686 63685468 		.ascii	"chThdTerminate\000"
 6837      64546572 
 6837      6D696E61 
 6837      746500
 6838              	.LASF28:
 6839 0695 6D73675F 		.ascii	"msg_t\000"
 6839      7400
 6840              	.LASF239:
 6841 069b 70616765 		.ascii	"page\000"
 6841      00
 6842              	.LASF233:
 6843 06a0 6472765F 		.ascii	"drv_display_draw_text_with_font\000"
 6843      64697370 
 6843      6C61795F 
 6843      64726177 
 6843      5F746578 
 6844              	.LASF100:
 6845 06c0 42444D41 		.ascii	"BDMA_Channel_TypeDef\000"
 6845      5F436861 
 6845      6E6E656C 
 6845      5F547970 
 6845      65446566 
 6846              	.LASF126:
 6847 06d5 72656769 		.ascii	"registry_t\000"
 6847      73747279 
 6847      5F7400
 6848              	.LASF170:
 6849 06e0 696F706F 		.ascii	"ioportmask_t\000"
 6849      72746D61 
 6849      736B5F74 
 6849      00
 6850              	.LASF219:
 6851 06ed 63685468 		.ascii	"chThdExit\000"
 6851      64457869 
 6851      7400
 6852              	.LASF177:
 6853 06f7 5350495F 		.ascii	"SPI_ACTIVE\000"
 6853      41435449 
 6853      564500
 6854              	.LASF221:
 6855 0702 6D656D73 		.ascii	"memset\000"
ARM GAS  C:\Users\DEVELO~1\AppData\Local\Temp\ccIRxm3d.s 			page 127


 6855      657400
 6856              	.LASF94:
 6857 0709 4D314152 		.ascii	"M1AR\000"
 6857      00
 6858              	.LASF228:
 6859 070e 6472765F 		.ascii	"drv_display_draw_number\000"
 6859      64697370 
 6859      6C61795F 
 6859      64726177 
 6859      5F6E756D 
 6860              	.LASF220:
 6861 0726 736E7072 		.ascii	"snprintf\000"
 6861      696E7466 
 6861      00
 6862              	.LASF95:
 6863 072f 444D415F 		.ascii	"DMA_Stream_TypeDef\000"
 6863      53747265 
 6863      616D5F54 
 6863      79706544 
 6863      656600
 6864              	.LASF89:
 6865 0742 73697A65 		.ascii	"size\000"
 6865      00
 6866              	.LASF226:
 6867 0747 6472765F 		.ascii	"drv_display_stop\000"
 6867      64697370 
 6867      6C61795F 
 6867      73746F70 
 6867      00
 6868              	.LASF59:
 6869 0758 6D61736B 		.ascii	"mask\000"
 6869      00
 6870              	.LASF209:
 6871 075d 464F4E54 		.ascii	"FONT_5X7\000"
 6871      5F355837 
 6871      00
 6872              	.LASF190:
 6873 0766 68616C5F 		.ascii	"hal_spi_config\000"
 6873      7370695F 
 6873      636F6E66 
 6873      696700
 6874              	.LASF203:
 6875 0775 68656967 		.ascii	"height\000"
 6875      687400
 6876              	.LASF66:
 6877 077c 73797369 		.ascii	"sysinterval_t\000"
 6877      6E746572 
 6877      76616C5F 
 6877      7400
 6878              	.LASF71:
 6879 078a 63685F71 		.ascii	"ch_queue_t\000"
 6879      75657565 
 6879      5F7400
 6880              	.LASF62:
 6881 0795 70616E69 		.ascii	"panic_msg\000"
 6881      635F6D73 
 6881      6700
ARM GAS  C:\Users\DEVELO~1\AppData\Local\Temp\ccIRxm3d.s 			page 128


 6882              	.LASF251:
 6883 079f 73656E64 		.ascii	"send_cmd\000"
 6883      5F636D64 
 6883      00
 6884              	.LASF216:
 6885 07a8 63685468 		.ascii	"chThdCreateStatic\000"
 6885      64437265 
 6885      61746553 
 6885      74617469 
 6885      6300
 6886              	.LASF91:
 6887 07ba 74726163 		.ascii	"trace_buffer_t\000"
 6887      655F6275 
 6887      66666572 
 6887      5F7400
 6888              	.LASF24:
 6889 07c9 746D6F64 		.ascii	"tmode_t\000"
 6889      655F7400 
 6890              	.LASF55:
 6891 07d1 6D61696E 		.ascii	"mainthread\000"
 6891      74687265 
 6891      616400
 6892              	.LASF163:
 6893 07dc 4F535045 		.ascii	"OSPEEDR\000"
 6893      45445200 
 6894              	.LASF166:
 6895 07e4 4C4F434B 		.ascii	"LOCKR\000"
 6895      5200
 6896              	.LASF2:
 6897 07ea 6C6F6E67 		.ascii	"long double\000"
 6897      20646F75 
 6897      626C6500 
 6898              	.LASF17:
 6899 07f6 75696E74 		.ascii	"uint16_t\000"
 6899      31365F74 
 6899      00
 6900              	.LASF68:
 6901 07ff 63685F6C 		.ascii	"ch_list_t\000"
 6901      6973745F 
 6901      7400
 6902              	.LASF174:
 6903 0809 5350495F 		.ascii	"SPI_UNINIT\000"
 6903      554E494E 
 6903      495400
 6904              	.LASF158:
 6905 0814 6368616E 		.ascii	"channel\000"
 6905      6E656C00 
 6906              	.LASF242:
 6907 081c 6472765F 		.ascii	"drv_display_clear_rect\000"
 6907      64697370 
 6907      6C61795F 
 6907      636C6561 
 6907      725F7265 
 6908              	.LASF200:
 6909 0833 53504944 		.ascii	"SPID5\000"
 6909      3500
 6910              	.LASF54:
ARM GAS  C:\Users\DEVELO~1\AppData\Local\Temp\ccIRxm3d.s 			page 129


 6911 0839 636F6E66 		.ascii	"config\000"
 6911      696700
 6912              	.LASF217:
 6913 0840 63685468 		.ascii	"chThdWait\000"
 6913      64576169 
 6913      7400
 6914              	.LASF103:
 6915 084a 444D414D 		.ascii	"DMAMUX_Channel_TypeDef\000"
 6915      55585F43 
 6915      68616E6E 
 6915      656C5F54 
 6915      79706544 
 6916              	.LASF106:
 6917 0861 52455345 		.ascii	"RESERVED0\000"
 6917      52564544 
 6917      3000
 6918              	.LASF108:
 6919 086b 52455345 		.ascii	"RESERVED1\000"
 6919      52564544 
 6919      3100
 6920              	.LASF110:
 6921 0875 52455345 		.ascii	"RESERVED2\000"
 6921      52564544 
 6921      3200
 6922              	.LASF7:
 6923 087f 73686F72 		.ascii	"short int\000"
 6923      7420696E 
 6923      7400
 6924              	.LASF225:
 6925 0889 7370695F 		.ascii	"spi_lld_polled_exchange\000"
 6925      6C6C645F 
 6925      706F6C6C 
 6925      65645F65 
 6925      78636861 
 6926              	.LASF117:
 6927 08a1 706F7274 		.ascii	"port_intctx\000"
 6927      5F696E74 
 6927      63747800 
 6928              	.LASF179:
 6929 08ad 73706973 		.ascii	"spistate_t\000"
 6929      74617465 
 6929      5F7400
 6930              	.LASF211:
 6931 08b8 63757272 		.ascii	"current_font\000"
 6931      656E745F 
 6931      666F6E74 
 6931      00
 6932              	.LASF111:
 6933 08c5 43524350 		.ascii	"CRCPOLY\000"
 6933      4F4C5900 
 6934              	.LASF104:
 6935 08cd 43464731 		.ascii	"CFG1\000"
 6935      00
 6936              	.LASF105:
 6937 08d2 43464732 		.ascii	"CFG2\000"
 6937      00
 6938              	.LASF22:
ARM GAS  C:\Users\DEVELO~1\AppData\Local\Temp\ccIRxm3d.s 			page 130


 6939 08d7 706F7274 		.ascii	"port_stkalign_t\000"
 6939      5F73746B 
 6939      616C6967 
 6939      6E5F7400 
 6940              	.LASF114:
 6941 08e7 55445244 		.ascii	"UDRDR\000"
 6941      5200
 6942              	.LASF162:
 6943 08ed 4F545950 		.ascii	"OTYPER\000"
 6943      455200
 6944              	.LASF142:
 6945 08f4 63685F6F 		.ascii	"ch_os_instance_config\000"
 6945      735F696E 
 6945      7374616E 
 6945      63655F63 
 6945      6F6E6669 
 6946              	.LASF120:
 6947 090a 646C6973 		.ascii	"dlist\000"
 6947      7400
 6948              	.LASF99:
 6949 0910 434D3141 		.ascii	"CM1AR\000"
 6949      5200
 6950              	.LASF188:
 6951 0916 7478736F 		.ascii	"txsource\000"
 6951      75726365 
 6951      00
 6952              	.LASF206:
 6953 091f 73706163 		.ascii	"spacing\000"
 6953      696E6700 
 6954              	.LASF210:
 6955 0927 73706963 		.ascii	"spicfg\000"
 6955      666700
 6956              	.LASF49:
 6957 092e 726C6973 		.ascii	"rlist\000"
 6957      7400
 6958              	.LASF247:
 6959 0934 7365745F 		.ascii	"set_pixel\000"
 6959      70697865 
 6959      6C00
 6960              	.LASF254:
 6961 093e 63735F68 		.ascii	"cs_high\000"
 6961      69676800 
 6962              	.LASF193:
 6963 0946 64617461 		.ascii	"data_cb\000"
 6963      5F636200 
 6964              	.LASF176:
 6965 094e 5350495F 		.ascii	"SPI_READY\000"
 6965      52454144 
 6965      5900
 6966              	.LASF205:
 6967 0958 6C617374 		.ascii	"last\000"
 6967      00
 6968              	.LASF5:
 6969 095d 5F5F7569 		.ascii	"__uint8_t\000"
 6969      6E74385F 
 6969      7400
 6970              	.LASF35:
ARM GAS  C:\Users\DEVELO~1\AppData\Local\Temp\ccIRxm3d.s 			page 131


 6971 0967 6E616D65 		.ascii	"name\000"
 6971      00
 6972              	.LASF214:
 6973 096c 64697274 		.ascii	"dirty_pages\000"
 6973      795F7061 
 6973      67657300 
 6974              	.LASF215:
 6975 0978 77614469 		.ascii	"waDisplay\000"
 6975      73706C61 
 6975      7900
 6976              	.LASF230:
 6977 0982 666F6E74 		.ascii	"font\000"
 6977      00
 6978              	.LASF26:
 6979 0987 74726566 		.ascii	"trefs_t\000"
 6979      735F7400 
 6980              	.LASF13:
 6981 098f 6C6F6E67 		.ascii	"long unsigned int\000"
 6981      20756E73 
 6981      69676E65 
 6981      6420696E 
 6981      7400
 6982              	.LASF141:
 6983 09a1 72656164 		.ascii	"ready_list_t\000"
 6983      795F6C69 
 6983      73745F74 
 6983      00
 6984              	.LASF240:
 6985 09ae 6472765F 		.ascii	"drv_display_clear\000"
 6985      64697370 
 6985      6C61795F 
 6985      636C6561 
 6985      7200
 6986              	.LASF246:
 6987 09c0 64697370 		.ascii	"displayThread\000"
 6987      6C617954 
 6987      68726561 
 6987      6400
 6988              	.LASF85:
 6989 09ce 72747374 		.ascii	"rtstamp\000"
 6989      616D7000 
 6990              	.LASF175:
 6991 09d6 5350495F 		.ascii	"SPI_STOP\000"
 6991      53544F50 
 6991      00
 6992              	.LASF18:
 6993 09df 696E7433 		.ascii	"int32_t\000"
 6993      325F7400 
 6994              	.LASF60:
 6995 09e7 72666375 		.ascii	"rfcu_t\000"
 6995      5F7400
 6996              	.LASF125:
 6997 09ee 71756575 		.ascii	"queue\000"
 6997      6500
 6998              	.LASF56:
 6999 09f4 74726163 		.ascii	"trace_buffer\000"
 6999      655F6275 
ARM GAS  C:\Users\DEVELO~1\AppData\Local\Temp\ccIRxm3d.s 			page 132


 6999      66666572 
 6999      00
 7000              	.LASF134:
 7001 0a01 77747365 		.ascii	"wtsemp\000"
 7001      6D7000
 7002              	.LASF75:
 7003 0a08 63685F70 		.ascii	"ch_priority_queue\000"
 7003      72696F72 
 7003      6974795F 
 7003      71756575 
 7003      6500
 7004              	.LASF72:
 7005 0a1a 63685F71 		.ascii	"ch_queue\000"
 7005      75657565 
 7005      00
 7006              	.LASF149:
 7007 0a23 6D757465 		.ascii	"mutex_t\000"
 7007      785F7400 
 7008              	.LASF84:
 7009 0a2b 74797065 		.ascii	"type\000"
 7009      00
 7010              	.LASF6:
 7011 0a30 756E7369 		.ascii	"unsigned char\000"
 7011      676E6564 
 7011      20636861 
 7011      7200
 7012              	.LASF167:
 7013 0a3e 4146524C 		.ascii	"AFRL\000"
 7013      00
 7014              	.LASF12:
 7015 0a43 5F5F7569 		.ascii	"__uint32_t\000"
 7015      6E743332 
 7015      5F7400
 7016              	.LASF40:
 7017 0a4e 77616974 		.ascii	"waiting\000"
 7017      696E6700 
 7018              	.LASF123:
 7019 0a56 76697274 		.ascii	"virtual_timers_list_t\000"
 7019      75616C5F 
 7019      74696D65 
 7019      72735F6C 
 7019      6973745F 
 7020              	.LASF185:
 7021 0a6c 7278646D 		.ascii	"rxdmamode\000"
 7021      616D6F64 
 7021      6500
 7022              	.LASF222:
 7023 0a76 63685468 		.ascii	"chThdSleep\000"
 7023      64536C65 
 7023      657000
 7024              	.LASF204:
 7025 0a81 66697273 		.ascii	"first\000"
 7025      7400
 7026              	.LASF234:
 7027 0a87 6472765F 		.ascii	"drv_display_draw_text\000"
 7027      64697370 
 7027      6C61795F 
ARM GAS  C:\Users\DEVELO~1\AppData\Local\Temp\ccIRxm3d.s 			page 133


 7027      64726177 
 7027      5F746578 
 7028              	.LASF115:
 7029 0a9d 49325343 		.ascii	"I2SCFGR\000"
 7029      46475200 
 7030              	.LASF37:
 7031 0aa5 73746174 		.ascii	"state\000"
 7031      6500
 7032              	.LASF116:
 7033 0aab 5350495F 		.ascii	"SPI_TypeDef\000"
 7033      54797065 
 7033      44656600 
 7034              	.LASF46:
 7035 0ab7 6F735F69 		.ascii	"os_instance_t\000"
 7035      6E737461 
 7035      6E63655F 
 7035      7400
 7036              	.LASF20:
 7037 0ac5 75696E74 		.ascii	"uint64_t\000"
 7037      36345F74 
 7037      00
 7038              	.LASF180:
 7039 0ace 53504944 		.ascii	"SPIDriver\000"
 7039      72697665 
 7039      7200
 7040              	.LASF51:
 7041 0ad8 7265676C 		.ascii	"reglist\000"
 7041      69737400 
 7042              	.LASF171:
 7043 0ae0 696F6D6F 		.ascii	"iomode_t\000"
 7043      64655F74 
 7043      00
 7044              	.LASF253:
 7045 0ae9 64635F63 		.ascii	"dc_cmd\000"
 7045      6D6400
 7046              	.LASF145:
 7047 0af0 69646C65 		.ascii	"idlethread_base\000"
 7047      74687265 
 7047      61645F62 
 7047      61736500 
 7048              	.LASF3:
 7049 0b00 7369676E 		.ascii	"signed char\000"
 7049      65642063 
 7049      68617200 
 7050              	.LASF79:
 7051 0b0c 64656C74 		.ascii	"delta\000"
 7051      6100
 7052              	.LASF98:
 7053 0b12 434D3041 		.ascii	"CM0AR\000"
 7053      5200
 7054              	.LASF9:
 7055 0b18 73686F72 		.ascii	"short unsigned int\000"
 7055      7420756E 
 7055      7369676E 
 7055      65642069 
 7055      6E7400
 7056              	.LASF23:
ARM GAS  C:\Users\DEVELO~1\AppData\Local\Temp\ccIRxm3d.s 			page 134


 7057 0b2b 73746B61 		.ascii	"stkalign_t\000"
 7057      6C69676E 
 7057      5F7400
 7058              	.LASF101:
 7059 0b36 49464352 		.ascii	"IFCR\000"
 7059      00
 7060              	.LASF182:
 7061 0b3b 73796E63 		.ascii	"sync_transfer\000"
 7061      5F747261 
 7061      6E736665 
 7061      7200
 7062              	.LASF140:
 7063 0b49 63757272 		.ascii	"current\000"
 7063      656E7400 
 7064              	.LASF260:
 7065 0b51 63685468 		.ascii	"chThdGetSelfX\000"
 7065      64476574 
 7065      53656C66 
 7065      5800
 7066              	.LASF197:
 7067 0b5f 63666731 		.ascii	"cfg1\000"
 7067      00
 7068              	.LASF198:
 7069 0b64 63666732 		.ascii	"cfg2\000"
 7069      00
 7070              	.LASF184:
 7071 0b69 69735F62 		.ascii	"is_bdma\000"
 7071      646D6100 
 7072              	.LASF159:
 7073 0b71 73746D33 		.ascii	"stm32_bdma_stream_t\000"
 7073      325F6264 
 7073      6D615F73 
 7073      74726561 
 7073      6D5F7400 
 7074              	.LASF187:
 7075 0b85 72787369 		.ascii	"rxsink\000"
 7075      6E6B00
 7076              	.LASF178:
 7077 0b8c 5350495F 		.ascii	"SPI_COMPLETE\000"
 7077      434F4D50 
 7077      4C455445 
 7077      00
 7078              	.LASF131:
 7079 0b99 65786974 		.ascii	"exitcode\000"
 7079      636F6465 
 7079      00
 7080              	.LASF154:
 7081 0ba2 73656C66 		.ascii	"selfindex\000"
 7081      696E6465 
 7081      7800
 7082              	.LASF31:
 7083 0bac 636F7265 		.ascii	"core_id_t\000"
 7083      5F69645F 
 7083      7400
 7084              	.LASF45:
 7085 0bb6 6D706F6F 		.ascii	"mpool\000"
 7085      6C00
ARM GAS  C:\Users\DEVELO~1\AppData\Local\Temp\ccIRxm3d.s 			page 135


 7086              	.LASF196:
 7087 0bbc 73737061 		.ascii	"sspad\000"
 7087      6400
 7088              		.ident	"GCC: (Arm GNU Toolchain 11.3.Rel1) 11.3.1 20220712"
ARM GAS  C:\Users\DEVELO~1\AppData\Local\Temp\ccIRxm3d.s 			page 136


DEFINED SYMBOLS
                            *ABS*:00000000 drv_display.c
C:\Users\DEVELO~1\AppData\Local\Temp\ccIRxm3d.s:18     .text.chThdGetSelfX:00000000 $t
C:\Users\DEVELO~1\AppData\Local\Temp\ccIRxm3d.s:23     .text.chThdGetSelfX:00000000 chThdGetSelfX
C:\Users\DEVELO~1\AppData\Local\Temp\ccIRxm3d.s:51     .text.chThdGetSelfX:00000010 $d
C:\Users\DEVELO~1\AppData\Local\Temp\ccIRxm3d.s:56     .text.chThdTerminatedX:00000000 $t
C:\Users\DEVELO~1\AppData\Local\Temp\ccIRxm3d.s:61     .text.chThdTerminatedX:00000000 chThdTerminatedX
C:\Users\DEVELO~1\AppData\Local\Temp\ccIRxm3d.s:100    .text.chThdShouldTerminateX:00000000 $t
C:\Users\DEVELO~1\AppData\Local\Temp\ccIRxm3d.s:105    .text.chThdShouldTerminateX:00000000 chThdShouldTerminateX
C:\Users\DEVELO~1\AppData\Local\Temp\ccIRxm3d.s:137    .text.chRegSetThreadName:00000000 $t
C:\Users\DEVELO~1\AppData\Local\Temp\ccIRxm3d.s:142    .text.chRegSetThreadName:00000000 chRegSetThreadName
C:\Users\DEVELO~1\AppData\Local\Temp\ccIRxm3d.s:178    .text.chRegSetThreadName:0000001c $d
C:\Users\DEVELO~1\AppData\Local\Temp\ccIRxm3d.s:183    .rodata.spicfg:00000000 $d
C:\Users\DEVELO~1\AppData\Local\Temp\ccIRxm3d.s:186    .rodata.spicfg:00000000 spicfg
C:\Users\DEVELO~1\AppData\Local\Temp\ccIRxm3d.s:196    .bss.buffer:00000000 $d
C:\Users\DEVELO~1\AppData\Local\Temp\ccIRxm3d.s:199    .bss.buffer:00000000 buffer
C:\Users\DEVELO~1\AppData\Local\Temp\ccIRxm3d.s:202    .bss.current_font:00000000 $d
C:\Users\DEVELO~1\AppData\Local\Temp\ccIRxm3d.s:205    .bss.current_font:00000000 current_font
C:\Users\DEVELO~1\AppData\Local\Temp\ccIRxm3d.s:208    .bss.display_tp:00000000 $d
C:\Users\DEVELO~1\AppData\Local\Temp\ccIRxm3d.s:211    .bss.display_tp:00000000 display_tp
C:\Users\DEVELO~1\AppData\Local\Temp\ccIRxm3d.s:214    .text.cs_low:00000000 $t
C:\Users\DEVELO~1\AppData\Local\Temp\ccIRxm3d.s:219    .text.cs_low:00000000 cs_low
C:\Users\DEVELO~1\AppData\Local\Temp\ccIRxm3d.s:248    .text.cs_low:00000014 $d
C:\Users\DEVELO~1\AppData\Local\Temp\ccIRxm3d.s:253    .text.cs_high:00000000 $t
C:\Users\DEVELO~1\AppData\Local\Temp\ccIRxm3d.s:258    .text.cs_high:00000000 cs_high
C:\Users\DEVELO~1\AppData\Local\Temp\ccIRxm3d.s:286    .text.cs_high:00000014 $d
C:\Users\DEVELO~1\AppData\Local\Temp\ccIRxm3d.s:291    .text.dc_cmd:00000000 $t
C:\Users\DEVELO~1\AppData\Local\Temp\ccIRxm3d.s:296    .text.dc_cmd:00000000 dc_cmd
C:\Users\DEVELO~1\AppData\Local\Temp\ccIRxm3d.s:324    .text.dc_cmd:00000014 $d
C:\Users\DEVELO~1\AppData\Local\Temp\ccIRxm3d.s:329    .text.dc_data:00000000 $t
C:\Users\DEVELO~1\AppData\Local\Temp\ccIRxm3d.s:334    .text.dc_data:00000000 dc_data
C:\Users\DEVELO~1\AppData\Local\Temp\ccIRxm3d.s:362    .text.dc_data:00000014 $d
C:\Users\DEVELO~1\AppData\Local\Temp\ccIRxm3d.s:367    .text.send_cmd:00000000 $t
C:\Users\DEVELO~1\AppData\Local\Temp\ccIRxm3d.s:372    .text.send_cmd:00000000 send_cmd
C:\Users\DEVELO~1\AppData\Local\Temp\ccIRxm3d.s:410    .text.send_cmd:00000028 $d
C:\Users\DEVELO~1\AppData\Local\Temp\ccIRxm3d.s:415    .text.send_data:00000000 $t
C:\Users\DEVELO~1\AppData\Local\Temp\ccIRxm3d.s:420    .text.send_data:00000000 send_data
C:\Users\DEVELO~1\AppData\Local\Temp\ccIRxm3d.s:480    .text.send_data:00000044 $d
C:\Users\DEVELO~1\AppData\Local\Temp\ccIRxm3d.s:487    .bss.display_dirty:00000000 display_dirty
C:\Users\DEVELO~1\AppData\Local\Temp\ccIRxm3d.s:488    .bss.display_dirty:00000000 $d
C:\Users\DEVELO~1\AppData\Local\Temp\ccIRxm3d.s:492    .bss.dirty_pages:00000000 dirty_pages
C:\Users\DEVELO~1\AppData\Local\Temp\ccIRxm3d.s:493    .bss.dirty_pages:00000000 $d
C:\Users\DEVELO~1\AppData\Local\Temp\ccIRxm3d.s:495    .text.drv_display_get_buffer:00000000 $t
C:\Users\DEVELO~1\AppData\Local\Temp\ccIRxm3d.s:501    .text.drv_display_get_buffer:00000000 drv_display_get_buffer
C:\Users\DEVELO~1\AppData\Local\Temp\ccIRxm3d.s:527    .text.drv_display_get_buffer:00000010 $d
C:\Users\DEVELO~1\AppData\Local\Temp\ccIRxm3d.s:532    .text.set_pixel:00000000 $t
C:\Users\DEVELO~1\AppData\Local\Temp\ccIRxm3d.s:537    .text.set_pixel:00000000 set_pixel
C:\Users\DEVELO~1\AppData\Local\Temp\ccIRxm3d.s:676    .text.set_pixel:000000c0 $d
C:\Users\DEVELO~1\AppData\Local\Temp\ccIRxm3d.s:683    .text.drv_display_draw_pixel:00000000 $t
C:\Users\DEVELO~1\AppData\Local\Temp\ccIRxm3d.s:689    .text.drv_display_draw_pixel:00000000 drv_display_draw_pixel
C:\Users\DEVELO~1\AppData\Local\Temp\ccIRxm3d.s:725    .text.drv_display_draw_rect:00000000 $t
C:\Users\DEVELO~1\AppData\Local\Temp\ccIRxm3d.s:731    .text.drv_display_draw_rect:00000000 drv_display_draw_rect
C:\Users\DEVELO~1\AppData\Local\Temp\ccIRxm3d.s:850    .text.drv_display_fill_rect:00000000 $t
C:\Users\DEVELO~1\AppData\Local\Temp\ccIRxm3d.s:856    .text.drv_display_fill_rect:00000000 drv_display_fill_rect
C:\Users\DEVELO~1\AppData\Local\Temp\ccIRxm3d.s:944    .text.drv_display_clear_rect:00000000 $t
C:\Users\DEVELO~1\AppData\Local\Temp\ccIRxm3d.s:950    .text.drv_display_clear_rect:00000000 drv_display_clear_rect
C:\Users\DEVELO~1\AppData\Local\Temp\ccIRxm3d.s:1038   .text.drv_display_init:00000000 $t
ARM GAS  C:\Users\DEVELO~1\AppData\Local\Temp\ccIRxm3d.s 			page 137


C:\Users\DEVELO~1\AppData\Local\Temp\ccIRxm3d.s:1044   .text.drv_display_init:00000000 drv_display_init
C:\Users\DEVELO~1\AppData\Local\Temp\ccIRxm3d.s:1193   .text.drv_display_clear:00000000 drv_display_clear
C:\Users\DEVELO~1\AppData\Local\Temp\ccIRxm3d.s:1237   .text.drv_display_update:00000000 drv_display_update
C:\Users\DEVELO~1\AppData\Local\Temp\ccIRxm3d.s:1177   .text.drv_display_init:000000f4 $d
C:\Users\DEVELO~1\AppData\Local\Temp\ccIRxm3d.s:1187   .text.drv_display_clear:00000000 $t
C:\Users\DEVELO~1\AppData\Local\Temp\ccIRxm3d.s:1224   .text.drv_display_clear:00000020 $d
C:\Users\DEVELO~1\AppData\Local\Temp\ccIRxm3d.s:1231   .text.drv_display_update:00000000 $t
C:\Users\DEVELO~1\AppData\Local\Temp\ccIRxm3d.s:1337   .text.drv_display_update:00000080 $d
C:\Users\DEVELO~1\AppData\Local\Temp\ccIRxm3d.s:1344   .text.drv_display_set_font:00000000 $t
C:\Users\DEVELO~1\AppData\Local\Temp\ccIRxm3d.s:1350   .text.drv_display_set_font:00000000 drv_display_set_font
C:\Users\DEVELO~1\AppData\Local\Temp\ccIRxm3d.s:1383   .text.drv_display_set_font:00000018 $d
C:\Users\DEVELO~1\AppData\Local\Temp\ccIRxm3d.s:1388   .text.font_advance:00000000 $t
C:\Users\DEVELO~1\AppData\Local\Temp\ccIRxm3d.s:1393   .text.font_advance:00000000 font_advance
C:\Users\DEVELO~1\AppData\Local\Temp\ccIRxm3d.s:1432   .text.drv_display_draw_char:00000000 $t
C:\Users\DEVELO~1\AppData\Local\Temp\ccIRxm3d.s:1438   .text.drv_display_draw_char:00000000 drv_display_draw_char
C:\Users\DEVELO~1\AppData\Local\Temp\ccIRxm3d.s:1575   .text.drv_display_draw_char:000000a8 $d
C:\Users\DEVELO~1\AppData\Local\Temp\ccIRxm3d.s:1580   .text.drv_display_draw_text:00000000 $t
C:\Users\DEVELO~1\AppData\Local\Temp\ccIRxm3d.s:1586   .text.drv_display_draw_text:00000000 drv_display_draw_text
C:\Users\DEVELO~1\AppData\Local\Temp\ccIRxm3d.s:1667   .text.drv_display_draw_text:00000064 $d
C:\Users\DEVELO~1\AppData\Local\Temp\ccIRxm3d.s:1672   .text.drv_display_draw_text_with_font:00000000 $t
C:\Users\DEVELO~1\AppData\Local\Temp\ccIRxm3d.s:1678   .text.drv_display_draw_text_with_font:00000000 drv_display_draw_text_with_font
C:\Users\DEVELO~1\AppData\Local\Temp\ccIRxm3d.s:1739   .text.drv_display_draw_text_with_font:00000048 $d
C:\Users\DEVELO~1\AppData\Local\Temp\ccIRxm3d.s:1744   .text.drv_display_draw_text_at_baseline:00000000 $t
C:\Users\DEVELO~1\AppData\Local\Temp\ccIRxm3d.s:1750   .text.drv_display_draw_text_at_baseline:00000000 drv_display_draw_text_at_baseline
C:\Users\DEVELO~1\AppData\Local\Temp\ccIRxm3d.s:1832   .text.drv_display_draw_text_at_baseline:00000060 $d
C:\Users\DEVELO~1\AppData\Local\Temp\ccIRxm3d.s:1837   .rodata:00000000 $d
C:\Users\DEVELO~1\AppData\Local\Temp\ccIRxm3d.s:1841   .text.drv_display_draw_number:00000000 $t
C:\Users\DEVELO~1\AppData\Local\Temp\ccIRxm3d.s:1847   .text.drv_display_draw_number:00000000 drv_display_draw_number
C:\Users\DEVELO~1\AppData\Local\Temp\ccIRxm3d.s:1889   .text.drv_display_draw_number:00000034 $d
C:\Users\DEVELO~1\AppData\Local\Temp\ccIRxm3d.s:1894   .bss.waDisplay:00000000 $d
C:\Users\DEVELO~1\AppData\Local\Temp\ccIRxm3d.s:1897   .bss.waDisplay:00000000 waDisplay
C:\Users\DEVELO~1\AppData\Local\Temp\ccIRxm3d.s:1904   .text.displayThread:00000000 $t
C:\Users\DEVELO~1\AppData\Local\Temp\ccIRxm3d.s:1909   .text.displayThread:00000000 displayThread
C:\Users\DEVELO~1\AppData\Local\Temp\ccIRxm3d.s:1958   .text.displayThread:0000003c $d
C:\Users\DEVELO~1\AppData\Local\Temp\ccIRxm3d.s:1963   .text.drv_display_start:00000000 $t
C:\Users\DEVELO~1\AppData\Local\Temp\ccIRxm3d.s:1969   .text.drv_display_start:00000000 drv_display_start
C:\Users\DEVELO~1\AppData\Local\Temp\ccIRxm3d.s:2035   .text.drv_display_start:00000054 $d
C:\Users\DEVELO~1\AppData\Local\Temp\ccIRxm3d.s:2042   .text.drv_display_stop:00000000 $t
C:\Users\DEVELO~1\AppData\Local\Temp\ccIRxm3d.s:2048   .text.drv_display_stop:00000000 drv_display_stop
C:\Users\DEVELO~1\AppData\Local\Temp\ccIRxm3d.s:2090   .text.drv_display_stop:0000002c $d

UNDEFINED SYMBOLS
ch0
spi_lld_polled_exchange
SPID5
_pal_lld_setgroupmode
spiStart
chThdSleep
FONT_5X7
memset
snprintf
chThdExit
chThdWait
chThdCreateStatic
chThdTerminate
