ARM GAS  C:\Users\DEVELO~1\AppData\Local\Temp\ccfH0FMk.s 			page 1


   1              		.cpu cortex-m7
   2              		.arch armv7e-m
   3              		.fpu softvfp
   4              		.eabi_attribute 20, 1
   5              		.eabi_attribute 21, 1
   6              		.eabi_attribute 23, 3
   7              		.eabi_attribute 24, 1
   8              		.eabi_attribute 25, 1
   9              		.eabi_attribute 26, 1
  10              		.eabi_attribute 30, 6
  11              		.eabi_attribute 34, 1
  12              		.eabi_attribute 18, 4
  13              		.file	"hal_sdc.c"
  14              		.text
  15              	.Ltext0:
  16              		.cfi_sections	.debug_frame
  17              		.section	.text.chSysLock,"ax",%progbits
  18              		.align	1
  19              		.syntax unified
  20              		.thumb
  21              		.thumb_func
  22              		.type	chSysLock, %function
  23              	chSysLock:
  24              	.LFB202:
  25              		.file 1 "../../../os/rt/include/chsys.h"
  26              		.loc 1 407 36
  27              		.cfi_startproc
  28              		@ args = 0, pretend = 0, frame = 8
  29              		@ frame_needed = 1, uses_anonymous_args = 0
  30              		@ link register save eliminated.
  31 0000 80B4     		push	{r7}
  32              		.cfi_def_cfa_offset 4
  33              		.cfi_offset 7, -4
  34 0002 83B0     		sub	sp, sp, #12
  35              		.cfi_def_cfa_offset 16
  36 0004 00AF     		add	r7, sp, #0
  37              		.cfi_def_cfa_register 7
  38 0006 3023     		movs	r3, #48
  39 0008 7B60     		str	r3, [r7, #4]
  40              	.LBB14:
  41              	.LBB15:
  42              	.LBB16:
  43              	.LBB17:
  44              		.file 2 "../../../os/common/ext/ARM/CMSIS/Core/Include/cmsis_gcc.h"
  45              		.loc 2 493 3
  46 000a 7B68     		ldr	r3, [r7, #4]
  47              		.syntax unified
  48              	@ 493 "../../../os/common/ext/ARM/CMSIS/Core/Include/cmsis_gcc.h" 1
  49 000c 83F31188 		MSR basepri, r3
  50              	@ 0 "" 2
  51              		.loc 2 494 1
  52              		.thumb
  53              		.syntax unified
  54 0010 00BF     		nop
  55              	.LBE17:
  56              	.LBE16:
  57              		.file 3 "../../../os/common/ports/ARMv7-M/chcore.h"
ARM GAS  C:\Users\DEVELO~1\AppData\Local\Temp\ccfH0FMk.s 			page 2


  58              		.loc 3 840 1
  59 0012 00BF     		nop
  60              	.LBE15:
  61              	.LBE14:
  62              		.loc 1 412 1
  63 0014 00BF     		nop
  64 0016 0C37     		adds	r7, r7, #12
  65              		.cfi_def_cfa_offset 4
  66 0018 BD46     		mov	sp, r7
  67              		.cfi_def_cfa_register 13
  68              		@ sp needed
  69 001a 80BC     		pop	{r7}
  70              		.cfi_restore 7
  71              		.cfi_def_cfa_offset 0
  72 001c 7047     		bx	lr
  73              		.cfi_endproc
  74              	.LFE202:
  75              		.size	chSysLock, .-chSysLock
  76              		.section	.text.chSysUnlock,"ax",%progbits
  77              		.align	1
  78              		.syntax unified
  79              		.thumb
  80              		.thumb_func
  81              		.type	chSysUnlock, %function
  82              	chSysUnlock:
  83              	.LFB203:
  84              		.loc 1 421 38
  85              		.cfi_startproc
  86              		@ args = 0, pretend = 0, frame = 8
  87              		@ frame_needed = 1, uses_anonymous_args = 0
  88              		@ link register save eliminated.
  89 0000 80B4     		push	{r7}
  90              		.cfi_def_cfa_offset 4
  91              		.cfi_offset 7, -4
  92 0002 83B0     		sub	sp, sp, #12
  93              		.cfi_def_cfa_offset 16
  94 0004 00AF     		add	r7, sp, #0
  95              		.cfi_def_cfa_register 7
  96 0006 0023     		movs	r3, #0
  97 0008 7B60     		str	r3, [r7, #4]
  98              	.LBB18:
  99              	.LBB19:
 100              	.LBB20:
 101              	.LBB21:
 102              		.loc 2 493 3
 103 000a 7B68     		ldr	r3, [r7, #4]
 104              		.syntax unified
 105              	@ 493 "../../../os/common/ext/ARM/CMSIS/Core/Include/cmsis_gcc.h" 1
 106 000c 83F31188 		MSR basepri, r3
 107              	@ 0 "" 2
 108              		.loc 2 494 1
 109              		.thumb
 110              		.syntax unified
 111 0010 00BF     		nop
 112              	.LBE21:
 113              	.LBE20:
 114              		.loc 3 854 1
ARM GAS  C:\Users\DEVELO~1\AppData\Local\Temp\ccfH0FMk.s 			page 3


 115 0012 00BF     		nop
 116              	.LBE19:
 117              	.LBE18:
 118              		.loc 1 435 1
 119 0014 00BF     		nop
 120 0016 0C37     		adds	r7, r7, #12
 121              		.cfi_def_cfa_offset 4
 122 0018 BD46     		mov	sp, r7
 123              		.cfi_def_cfa_register 13
 124              		@ sp needed
 125 001a 80BC     		pop	{r7}
 126              		.cfi_restore 7
 127              		.cfi_def_cfa_offset 0
 128 001c 7047     		bx	lr
 129              		.cfi_endproc
 130              	.LFE203:
 131              		.size	chSysUnlock, .-chSysUnlock
 132              		.section	.text.osalSysLock,"ax",%progbits
 133              		.align	1
 134              		.syntax unified
 135              		.thumb
 136              		.thumb_func
 137              		.type	osalSysLock, %function
 138              	osalSysLock:
 139              	.LFB350:
 140              		.file 4 "../../../os/hal/osal/rt-nil/osal.h"
 141              		.loc 4 573 38
 142              		.cfi_startproc
 143              		@ args = 0, pretend = 0, frame = 0
 144              		@ frame_needed = 1, uses_anonymous_args = 0
 145 0000 80B5     		push	{r7, lr}
 146              		.cfi_def_cfa_offset 8
 147              		.cfi_offset 7, -8
 148              		.cfi_offset 14, -4
 149 0002 00AF     		add	r7, sp, #0
 150              		.cfi_def_cfa_register 7
 151              		.loc 4 575 3
 152 0004 FFF7FEFF 		bl	chSysLock
 153              		.loc 4 576 1
 154 0008 00BF     		nop
 155 000a 80BD     		pop	{r7, pc}
 156              		.cfi_endproc
 157              	.LFE350:
 158              		.size	osalSysLock, .-osalSysLock
 159              		.section	.text.osalSysUnlock,"ax",%progbits
 160              		.align	1
 161              		.syntax unified
 162              		.thumb
 163              		.thumb_func
 164              		.type	osalSysUnlock, %function
 165              	osalSysUnlock:
 166              	.LFB351:
 167              		.loc 4 584 40
 168              		.cfi_startproc
 169              		@ args = 0, pretend = 0, frame = 0
 170              		@ frame_needed = 1, uses_anonymous_args = 0
 171 0000 80B5     		push	{r7, lr}
ARM GAS  C:\Users\DEVELO~1\AppData\Local\Temp\ccfH0FMk.s 			page 4


 172              		.cfi_def_cfa_offset 8
 173              		.cfi_offset 7, -8
 174              		.cfi_offset 14, -4
 175 0002 00AF     		add	r7, sp, #0
 176              		.cfi_def_cfa_register 7
 177              		.loc 4 586 3
 178 0004 FFF7FEFF 		bl	chSysUnlock
 179              		.loc 4 587 1
 180 0008 00BF     		nop
 181 000a 80BD     		pop	{r7, pc}
 182              		.cfi_endproc
 183              	.LFE351:
 184              		.size	osalSysUnlock, .-osalSysUnlock
 185              		.section	.text.osalThreadSleep,"ax",%progbits
 186              		.align	1
 187              		.syntax unified
 188              		.thumb
 189              		.thumb_func
 190              		.type	osalThreadSleep, %function
 191              	osalThreadSleep:
 192              	.LFB364:
 193              		.loc 4 782 57
 194              		.cfi_startproc
 195              		@ args = 0, pretend = 0, frame = 8
 196              		@ frame_needed = 1, uses_anonymous_args = 0
 197 0000 80B5     		push	{r7, lr}
 198              		.cfi_def_cfa_offset 8
 199              		.cfi_offset 7, -8
 200              		.cfi_offset 14, -4
 201 0002 82B0     		sub	sp, sp, #8
 202              		.cfi_def_cfa_offset 16
 203 0004 00AF     		add	r7, sp, #0
 204              		.cfi_def_cfa_register 7
 205 0006 7860     		str	r0, [r7, #4]
 206              		.loc 4 784 3
 207 0008 7868     		ldr	r0, [r7, #4]
 208 000a FFF7FEFF 		bl	chThdSleep
 209              		.loc 4 785 1
 210 000e 00BF     		nop
 211 0010 0837     		adds	r7, r7, #8
 212              		.cfi_def_cfa_offset 8
 213 0012 BD46     		mov	sp, r7
 214              		.cfi_def_cfa_register 13
 215              		@ sp needed
 216 0014 80BD     		pop	{r7, pc}
 217              		.cfi_endproc
 218              	.LFE364:
 219              		.size	osalThreadSleep, .-osalThreadSleep
 220              		.section	.rodata.sdc_vmt,"a"
 221              		.align	2
 222              		.type	sdc_vmt, %object
 223              		.size	sdc_vmt, 36
 224              	sdc_vmt:
 225 0000 00000000 		.word	0
 226 0004 00000000 		.word	sdc_lld_is_card_inserted
 227 0008 00000000 		.word	sdc_lld_is_write_protected
 228 000c 00000000 		.word	sdcConnect
ARM GAS  C:\Users\DEVELO~1\AppData\Local\Temp\ccfH0FMk.s 			page 5


 229 0010 00000000 		.word	sdcDisconnect
 230 0014 00000000 		.word	sdcRead
 231 0018 00000000 		.word	sdcWrite
 232 001c 00000000 		.word	sdcSync
 233 0020 00000000 		.word	sdcGetInfo
 234              		.section	.text.mode_detect,"ax",%progbits
 235              		.align	1
 236              		.syntax unified
 237              		.thumb
 238              		.thumb_func
 239              		.type	mode_detect, %function
 240              	mode_detect:
 241              	.LFB432:
 242              		.file 5 "../../../os/hal/src/hal_sdc.c"
 243              		.loc 5 100 42
 244              		.cfi_startproc
 245              		@ args = 0, pretend = 0, frame = 16
 246              		@ frame_needed = 1, uses_anonymous_args = 0
 247 0000 80B5     		push	{r7, lr}
 248              		.cfi_def_cfa_offset 8
 249              		.cfi_offset 7, -8
 250              		.cfi_offset 14, -4
 251 0002 84B0     		sub	sp, sp, #16
 252              		.cfi_def_cfa_offset 24
 253 0004 00AF     		add	r7, sp, #0
 254              		.cfi_def_cfa_register 7
 255 0006 7860     		str	r0, [r7, #4]
 256              		.loc 5 104 8
 257 0008 07F10C03 		add	r3, r7, #12
 258 000c 4FF4D572 		mov	r2, #426
 259 0010 0821     		movs	r1, #8
 260 0012 7868     		ldr	r0, [r7, #4]
 261 0014 FFF7FEFF 		bl	sdc_lld_send_cmd_short_crc
 262 0018 0346     		mov	r3, r0
 263              		.loc 5 104 7
 264 001a 83F00103 		eor	r3, r3, #1
 265 001e DBB2     		uxtb	r3, r3
 266              		.loc 5 104 6
 267 0020 002B     		cmp	r3, #0
 268 0022 1BD0     		beq	.L7
 269              		.loc 5 106 20
 270 0024 7B68     		ldr	r3, [r7, #4]
 271 0026 0122     		movs	r2, #1
 272 0028 1A63     		str	r2, [r3, #48]
 273              		.loc 5 108 15
 274 002a FB68     		ldr	r3, [r7, #12]
 275              		.loc 5 108 19
 276 002c 1B0A     		lsrs	r3, r3, #8
 277              		.loc 5 108 26
 278 002e 03F00F03 		and	r3, r3, #15
 279              		.loc 5 108 8
 280 0032 012B     		cmp	r3, #1
 281 0034 01D0     		beq	.L8
 282              		.loc 5 109 14
 283 0036 0123     		movs	r3, #1
 284 0038 2CE0     		b	.L14
 285              	.L8:
ARM GAS  C:\Users\DEVELO~1\AppData\Local\Temp\ccfH0FMk.s 			page 6


 286              		.loc 5 111 9
 287 003a 07F10C03 		add	r3, r7, #12
 288 003e 0022     		movs	r2, #0
 289 0040 3721     		movs	r1, #55
 290 0042 7868     		ldr	r0, [r7, #4]
 291 0044 FFF7FEFF 		bl	sdc_lld_send_cmd_short_crc
 292 0048 0346     		mov	r3, r0
 293              		.loc 5 111 8
 294 004a 002B     		cmp	r3, #0
 295 004c 04D1     		bne	.L10
 296              		.loc 5 112 9 discriminator 1
 297 004e FA68     		ldr	r2, [r7, #12]
 298 0050 124B     		ldr	r3, .L15
 299 0052 1340     		ands	r3, r3, r2
 300              		.loc 5 111 70 discriminator 1
 301 0054 002B     		cmp	r3, #0
 302 0056 1CD0     		beq	.L11
 303              	.L10:
 304              		.loc 5 113 14
 305 0058 0123     		movs	r3, #1
 306 005a 1BE0     		b	.L14
 307              	.L7:
 308              		.loc 5 118 9
 309 005c 07F10C03 		add	r3, r7, #12
 310 0060 0022     		movs	r2, #0
 311 0062 3721     		movs	r1, #55
 312 0064 7868     		ldr	r0, [r7, #4]
 313 0066 FFF7FEFF 		bl	sdc_lld_send_cmd_short_crc
 314 006a 0346     		mov	r3, r0
 315              		.loc 5 118 8
 316 006c 002B     		cmp	r3, #0
 317 006e 04D1     		bne	.L12
 318              		.loc 5 119 9 discriminator 1
 319 0070 FA68     		ldr	r2, [r7, #12]
 320 0072 0A4B     		ldr	r3, .L15
 321 0074 1340     		ands	r3, r3, r2
 322              		.loc 5 118 70 discriminator 1
 323 0076 002B     		cmp	r3, #0
 324 0078 03D0     		beq	.L13
 325              	.L12:
 326              		.loc 5 120 22
 327 007a 7B68     		ldr	r3, [r7, #4]
 328 007c 0222     		movs	r2, #2
 329 007e 1A63     		str	r2, [r3, #48]
 330 0080 07E0     		b	.L11
 331              	.L13:
 332              		.loc 5 123 22
 333 0082 7B68     		ldr	r3, [r7, #4]
 334 0084 0022     		movs	r2, #0
 335 0086 1A63     		str	r2, [r3, #48]
 336              		.loc 5 126 7
 337 0088 0022     		movs	r2, #0
 338 008a 0021     		movs	r1, #0
 339 008c 7868     		ldr	r0, [r7, #4]
 340 008e FFF7FEFF 		bl	sdc_lld_send_cmd_none
 341              	.L11:
 342              		.loc 5 130 10
ARM GAS  C:\Users\DEVELO~1\AppData\Local\Temp\ccfH0FMk.s 			page 7


 343 0092 0023     		movs	r3, #0
 344              	.L14:
 345              		.loc 5 131 1 discriminator 1
 346 0094 1846     		mov	r0, r3
 347 0096 1037     		adds	r7, r7, #16
 348              		.cfi_def_cfa_offset 8
 349 0098 BD46     		mov	sp, r7
 350              		.cfi_def_cfa_register 13
 351              		@ sp needed
 352 009a 80BD     		pop	{r7, pc}
 353              	.L16:
 354              		.align	2
 355              	.L15:
 356 009c 08E0FFFD 		.word	-33562616
 357              		.cfi_endproc
 358              	.LFE432:
 359              		.size	mode_detect, .-mode_detect
 360              		.section	.text.mmc_init,"ax",%progbits
 361              		.align	1
 362              		.syntax unified
 363              		.thumb
 364              		.thumb_func
 365              		.type	mmc_init, %function
 366              	mmc_init:
 367              	.LFB433:
 368              		.loc 5 144 39
 369              		.cfi_startproc
 370              		@ args = 0, pretend = 0, frame = 24
 371              		@ frame_needed = 1, uses_anonymous_args = 0
 372 0000 80B5     		push	{r7, lr}
 373              		.cfi_def_cfa_offset 8
 374              		.cfi_offset 7, -8
 375              		.cfi_offset 14, -4
 376 0002 86B0     		sub	sp, sp, #24
 377              		.cfi_def_cfa_offset 32
 378 0004 00AF     		add	r7, sp, #0
 379              		.cfi_def_cfa_register 7
 380 0006 7860     		str	r0, [r7, #4]
 381              		.loc 5 149 7
 382 0008 184B     		ldr	r3, .L27
 383 000a 3B61     		str	r3, [r7, #16]
 384              		.loc 5 150 5
 385 000c 0023     		movs	r3, #0
 386 000e 7B61     		str	r3, [r7, #20]
 387              	.L24:
 388              		.loc 5 152 9
 389 0010 07F10C03 		add	r3, r7, #12
 390 0014 3A69     		ldr	r2, [r7, #16]
 391 0016 0121     		movs	r1, #1
 392 0018 7868     		ldr	r0, [r7, #4]
 393 001a FFF7FEFF 		bl	sdc_lld_send_cmd_short
 394 001e 0346     		mov	r3, r0
 395              		.loc 5 152 8
 396 0020 002B     		cmp	r3, #0
 397 0022 01D0     		beq	.L18
 398              		.loc 5 153 14
 399 0024 0123     		movs	r3, #1
ARM GAS  C:\Users\DEVELO~1\AppData\Local\Temp\ccfH0FMk.s 			page 8


 400 0026 1CE0     		b	.L25
 401              	.L18:
 402              		.loc 5 155 14
 403 0028 FB68     		ldr	r3, [r7, #12]
 404              		.loc 5 155 8
 405 002a 002B     		cmp	r3, #0
 406 002c 0BDA     		bge	.L20
 407              		.loc 5 156 16
 408 002e FB68     		ldr	r3, [r7, #12]
 409              		.loc 5 156 20
 410 0030 03F08043 		and	r3, r3, #1073741824
 411              		.loc 5 156 10
 412 0034 002B     		cmp	r3, #0
 413 0036 12D0     		beq	.L26
 414              		.loc 5 157 24
 415 0038 7B68     		ldr	r3, [r7, #4]
 416 003a 1B6B     		ldr	r3, [r3, #48]
 417 003c 43F01002 		orr	r2, r3, #16
 418 0040 7B68     		ldr	r3, [r7, #4]
 419 0042 1A63     		str	r2, [r3, #48]
 420              		.loc 5 159 7
 421 0044 0BE0     		b	.L26
 422              	.L20:
 423              		.loc 5 161 8
 424 0046 7B69     		ldr	r3, [r7, #20]
 425 0048 0133     		adds	r3, r3, #1
 426 004a 7B61     		str	r3, [r7, #20]
 427 004c 7B69     		ldr	r3, [r7, #20]
 428 004e 632B     		cmp	r3, #99
 429 0050 01D9     		bls	.L23
 430              		.loc 5 162 14
 431 0052 0123     		movs	r3, #1
 432 0054 05E0     		b	.L25
 433              	.L23:
 434              		.loc 5 164 5
 435 0056 6420     		movs	r0, #100
 436 0058 FFF7FEFF 		bl	osalThreadSleep
 437              		.loc 5 152 8
 438 005c D8E7     		b	.L24
 439              	.L26:
 440              		.loc 5 159 7
 441 005e 00BF     		nop
 442              		.loc 5 167 10
 443 0060 0023     		movs	r3, #0
 444              	.L25:
 445              		.loc 5 168 1 discriminator 1
 446 0062 1846     		mov	r0, r3
 447 0064 1837     		adds	r7, r7, #24
 448              		.cfi_def_cfa_offset 8
 449 0066 BD46     		mov	sp, r7
 450              		.cfi_def_cfa_register 13
 451              		@ sp needed
 452 0068 80BD     		pop	{r7, pc}
 453              	.L28:
 454 006a 00BF     		.align	2
 455              	.L27:
 456 006c 0080FFC0 		.word	-1056997376
ARM GAS  C:\Users\DEVELO~1\AppData\Local\Temp\ccfH0FMk.s 			page 9


 457              		.cfi_endproc
 458              	.LFE433:
 459              		.size	mmc_init, .-mmc_init
 460              		.section	.text.sdc_init,"ax",%progbits
 461              		.align	1
 462              		.syntax unified
 463              		.thumb
 464              		.thumb_func
 465              		.type	sdc_init, %function
 466              	sdc_init:
 467              	.LFB434:
 468              		.loc 5 181 39
 469              		.cfi_startproc
 470              		@ args = 0, pretend = 0, frame = 24
 471              		@ frame_needed = 1, uses_anonymous_args = 0
 472 0000 80B5     		push	{r7, lr}
 473              		.cfi_def_cfa_offset 8
 474              		.cfi_offset 7, -8
 475              		.cfi_offset 14, -4
 476 0002 86B0     		sub	sp, sp, #24
 477              		.cfi_def_cfa_offset 32
 478 0004 00AF     		add	r7, sp, #0
 479              		.cfi_def_cfa_register 7
 480 0006 7860     		str	r0, [r7, #4]
 481              		.loc 5 186 12
 482 0008 7B68     		ldr	r3, [r7, #4]
 483 000a 1B6B     		ldr	r3, [r3, #48]
 484              		.loc 5 186 23
 485 000c 03F00F03 		and	r3, r3, #15
 486              		.loc 5 186 6
 487 0010 012B     		cmp	r3, #1
 488 0012 02D1     		bne	.L30
 489              		.loc 5 187 9
 490 0014 224B     		ldr	r3, .L43
 491 0016 3B61     		str	r3, [r7, #16]
 492 0018 01E0     		b	.L31
 493              	.L30:
 494              		.loc 5 190 9
 495 001a 224B     		ldr	r3, .L43+4
 496 001c 3B61     		str	r3, [r7, #16]
 497              	.L31:
 498              		.loc 5 193 5
 499 001e 0023     		movs	r3, #0
 500 0020 7B61     		str	r3, [r7, #20]
 501              	.L40:
 502              		.loc 5 195 9
 503 0022 07F10C03 		add	r3, r7, #12
 504 0026 0022     		movs	r2, #0
 505 0028 3721     		movs	r1, #55
 506 002a 7868     		ldr	r0, [r7, #4]
 507 002c FFF7FEFF 		bl	sdc_lld_send_cmd_short_crc
 508 0030 0346     		mov	r3, r0
 509              		.loc 5 195 8
 510 0032 002B     		cmp	r3, #0
 511 0034 04D1     		bne	.L32
 512              		.loc 5 196 9 discriminator 1
 513 0036 FA68     		ldr	r2, [r7, #12]
ARM GAS  C:\Users\DEVELO~1\AppData\Local\Temp\ccfH0FMk.s 			page 10


 514 0038 1B4B     		ldr	r3, .L43+8
 515 003a 1340     		ands	r3, r3, r2
 516              		.loc 5 195 70 discriminator 1
 517 003c 002B     		cmp	r3, #0
 518 003e 01D0     		beq	.L33
 519              	.L32:
 520              		.loc 5 197 14
 521 0040 0123     		movs	r3, #1
 522 0042 28E0     		b	.L41
 523              	.L33:
 524              		.loc 5 199 9
 525 0044 07F10C03 		add	r3, r7, #12
 526 0048 3A69     		ldr	r2, [r7, #16]
 527 004a 2921     		movs	r1, #41
 528 004c 7868     		ldr	r0, [r7, #4]
 529 004e FFF7FEFF 		bl	sdc_lld_send_cmd_short
 530 0052 0346     		mov	r3, r0
 531              		.loc 5 199 8
 532 0054 002B     		cmp	r3, #0
 533 0056 01D0     		beq	.L35
 534              		.loc 5 200 14
 535 0058 0123     		movs	r3, #1
 536 005a 1CE0     		b	.L41
 537              	.L35:
 538              		.loc 5 202 14
 539 005c FB68     		ldr	r3, [r7, #12]
 540              		.loc 5 202 8
 541 005e 002B     		cmp	r3, #0
 542 0060 0BDA     		bge	.L36
 543              		.loc 5 203 16
 544 0062 FB68     		ldr	r3, [r7, #12]
 545              		.loc 5 203 20
 546 0064 03F08043 		and	r3, r3, #1073741824
 547              		.loc 5 203 10
 548 0068 002B     		cmp	r3, #0
 549 006a 12D0     		beq	.L42
 550              		.loc 5 204 24
 551 006c 7B68     		ldr	r3, [r7, #4]
 552 006e 1B6B     		ldr	r3, [r3, #48]
 553 0070 43F01002 		orr	r2, r3, #16
 554 0074 7B68     		ldr	r3, [r7, #4]
 555 0076 1A63     		str	r2, [r3, #48]
 556              		.loc 5 206 7
 557 0078 0BE0     		b	.L42
 558              	.L36:
 559              		.loc 5 208 8
 560 007a 7B69     		ldr	r3, [r7, #20]
 561 007c 0133     		adds	r3, r3, #1
 562 007e 7B61     		str	r3, [r7, #20]
 563 0080 7B69     		ldr	r3, [r7, #20]
 564 0082 632B     		cmp	r3, #99
 565 0084 01D9     		bls	.L39
 566              		.loc 5 209 14
 567 0086 0123     		movs	r3, #1
 568 0088 05E0     		b	.L41
 569              	.L39:
 570              		.loc 5 211 5
ARM GAS  C:\Users\DEVELO~1\AppData\Local\Temp\ccfH0FMk.s 			page 11


 571 008a 6420     		movs	r0, #100
 572 008c FFF7FEFF 		bl	osalThreadSleep
 573              		.loc 5 195 8
 574 0090 C7E7     		b	.L40
 575              	.L42:
 576              		.loc 5 206 7
 577 0092 00BF     		nop
 578              		.loc 5 214 10
 579 0094 0023     		movs	r3, #0
 580              	.L41:
 581              		.loc 5 215 1 discriminator 1
 582 0096 1846     		mov	r0, r3
 583 0098 1837     		adds	r7, r7, #24
 584              		.cfi_def_cfa_offset 8
 585 009a BD46     		mov	sp, r7
 586              		.cfi_def_cfa_register 13
 587              		@ sp needed
 588 009c 80BD     		pop	{r7, pc}
 589              	.L44:
 590 009e 00BF     		.align	2
 591              	.L43:
 592 00a0 0080FF50 		.word	1358921728
 593 00a4 00001080 		.word	-2146435072
 594 00a8 08E0FFFD 		.word	-33562616
 595              		.cfi_endproc
 596              	.LFE434:
 597              		.size	sdc_init, .-sdc_init
 598              		.section	.text.mmc_cmd6_construct,"ax",%progbits
 599              		.align	1
 600              		.syntax unified
 601              		.thumb
 602              		.thumb_func
 603              		.type	mmc_cmd6_construct, %function
 604              	mmc_cmd6_construct:
 605              	.LFB435:
 606              		.loc 5 230 70
 607              		.cfi_startproc
 608              		@ args = 0, pretend = 0, frame = 16
 609              		@ frame_needed = 1, uses_anonymous_args = 0
 610              		@ link register save eliminated.
 611 0000 80B4     		push	{r7}
 612              		.cfi_def_cfa_offset 4
 613              		.cfi_offset 7, -4
 614 0002 85B0     		sub	sp, sp, #20
 615              		.cfi_def_cfa_offset 24
 616 0004 00AF     		add	r7, sp, #0
 617              		.cfi_def_cfa_register 7
 618 0006 B960     		str	r1, [r7, #8]
 619 0008 7A60     		str	r2, [r7, #4]
 620 000a 3B60     		str	r3, [r7]
 621 000c 0346     		mov	r3, r0
 622 000e FB73     		strb	r3, [r7, #15]
 623              		.loc 5 235 11
 624 0010 FB7B     		ldrb	r3, [r7, #15]	@ zero_extendqisi2
 625              		.loc 5 235 28
 626 0012 1A06     		lsls	r2, r3, #24
 627              		.loc 5 235 43
ARM GAS  C:\Users\DEVELO~1\AppData\Local\Temp\ccfH0FMk.s 			page 12


 628 0014 BB68     		ldr	r3, [r7, #8]
 629 0016 1B04     		lsls	r3, r3, #16
 630              		.loc 5 235 36
 631 0018 1A43     		orrs	r2, r2, r3
 632              		.loc 5 235 60
 633 001a 7B68     		ldr	r3, [r7, #4]
 634 001c 1B02     		lsls	r3, r3, #8
 635              		.loc 5 235 51
 636 001e 1A43     		orrs	r2, r2, r3
 637              		.loc 5 235 67
 638 0020 3B68     		ldr	r3, [r7]
 639 0022 1343     		orrs	r3, r3, r2
 640              		.loc 5 236 1
 641 0024 1846     		mov	r0, r3
 642 0026 1437     		adds	r7, r7, #20
 643              		.cfi_def_cfa_offset 4
 644 0028 BD46     		mov	sp, r7
 645              		.cfi_def_cfa_register 13
 646              		@ sp needed
 647 002a 80BC     		pop	{r7}
 648              		.cfi_restore 7
 649              		.cfi_def_cfa_offset 0
 650 002c 7047     		bx	lr
 651              		.cfi_endproc
 652              	.LFE435:
 653              		.size	mmc_cmd6_construct, .-mmc_cmd6_construct
 654              		.section	.text.sdc_cmd6_construct,"ax",%progbits
 655              		.align	1
 656              		.syntax unified
 657              		.thumb
 658              		.thumb_func
 659              		.type	sdc_cmd6_construct, %function
 660              	sdc_cmd6_construct:
 661              	.LFB436:
 662              		.loc 5 251 52
 663              		.cfi_startproc
 664              		@ args = 0, pretend = 0, frame = 16
 665              		@ frame_needed = 1, uses_anonymous_args = 0
 666              		@ link register save eliminated.
 667 0000 80B4     		push	{r7}
 668              		.cfi_def_cfa_offset 4
 669              		.cfi_offset 7, -4
 670 0002 85B0     		sub	sp, sp, #20
 671              		.cfi_def_cfa_offset 24
 672 0004 00AF     		add	r7, sp, #0
 673              		.cfi_def_cfa_register 7
 674 0006 0346     		mov	r3, r0
 675 0008 3A60     		str	r2, [r7]
 676 000a FB71     		strb	r3, [r7, #7]
 677 000c 0B46     		mov	r3, r1
 678 000e BB71     		strb	r3, [r7, #6]
 679              		.loc 5 252 12
 680 0010 6FF07F43 		mvn	r3, #-16777216
 681 0014 FB60     		str	r3, [r7, #12]
 682              		.loc 5 256 31
 683 0016 BB79     		ldrb	r3, [r7, #6]	@ zero_extendqisi2
 684              		.loc 5 256 50
ARM GAS  C:\Users\DEVELO~1\AppData\Local\Temp\ccfH0FMk.s 			page 13


 685 0018 9B00     		lsls	r3, r3, #2
 686              		.loc 5 256 27
 687 001a 0F22     		movs	r2, #15
 688 001c 02FA03F3 		lsl	r3, r2, r3
 689              		.loc 5 256 10
 690 0020 DB43     		mvns	r3, r3
 691              		.loc 5 256 7
 692 0022 FA68     		ldr	r2, [r7, #12]
 693 0024 1340     		ands	r3, r3, r2
 694 0026 FB60     		str	r3, [r7, #12]
 695              		.loc 5 257 20
 696 0028 BB79     		ldrb	r3, [r7, #6]	@ zero_extendqisi2
 697              		.loc 5 257 39
 698 002a 9B00     		lsls	r3, r3, #2
 699              		.loc 5 257 16
 700 002c 3A68     		ldr	r2, [r7]
 701 002e 02FA03F3 		lsl	r3, r2, r3
 702              		.loc 5 257 7
 703 0032 FA68     		ldr	r2, [r7, #12]
 704 0034 1343     		orrs	r3, r3, r2
 705 0036 FB60     		str	r3, [r7, #12]
 706              		.loc 5 258 17
 707 0038 FB79     		ldrb	r3, [r7, #7]	@ zero_extendqisi2
 708              		.loc 5 258 32
 709 003a DA07     		lsls	r2, r3, #31
 710              		.loc 5 258 14
 711 003c FB68     		ldr	r3, [r7, #12]
 712 003e 1343     		orrs	r3, r3, r2
 713              		.loc 5 259 1
 714 0040 1846     		mov	r0, r3
 715 0042 1437     		adds	r7, r7, #20
 716              		.cfi_def_cfa_offset 4
 717 0044 BD46     		mov	sp, r7
 718              		.cfi_def_cfa_register 13
 719              		@ sp needed
 720 0046 80BC     		pop	{r7}
 721              		.cfi_restore 7
 722              		.cfi_def_cfa_offset 0
 723 0048 7047     		bx	lr
 724              		.cfi_endproc
 725              	.LFE436:
 726              		.size	sdc_cmd6_construct, .-sdc_cmd6_construct
 727              		.section	.text.sdc_cmd6_extract_info,"ax",%progbits
 728              		.align	1
 729              		.syntax unified
 730              		.thumb
 731              		.thumb_func
 732              		.type	sdc_cmd6_extract_info, %function
 733              	sdc_cmd6_extract_info:
 734              	.LFB437:
 735              		.loc 5 272 59
 736              		.cfi_startproc
 737              		@ args = 0, pretend = 0, frame = 16
 738              		@ frame_needed = 1, uses_anonymous_args = 0
 739              		@ link register save eliminated.
 740 0000 80B4     		push	{r7}
 741              		.cfi_def_cfa_offset 4
ARM GAS  C:\Users\DEVELO~1\AppData\Local\Temp\ccfH0FMk.s 			page 14


 742              		.cfi_offset 7, -4
 743 0002 85B0     		sub	sp, sp, #20
 744              		.cfi_def_cfa_offset 24
 745 0004 00AF     		add	r7, sp, #0
 746              		.cfi_def_cfa_register 7
 747 0006 0346     		mov	r3, r0
 748 0008 3960     		str	r1, [r7]
 749 000a FB71     		strb	r3, [r7, #7]
 750              		.loc 5 274 27
 751 000c FB79     		ldrb	r3, [r7, #7]	@ zero_extendqisi2
 752              		.loc 5 274 24
 753 000e C3F10603 		rsb	r3, r3, #6
 754              		.loc 5 274 12
 755 0012 5B00     		lsls	r3, r3, #1
 756 0014 FB60     		str	r3, [r7, #12]
 757              		.loc 5 276 24
 758 0016 3A68     		ldr	r2, [r7]
 759 0018 FB68     		ldr	r3, [r7, #12]
 760 001a 1344     		add	r3, r3, r2
 761 001c 1B78     		ldrb	r3, [r3]	@ zero_extendqisi2
 762              		.loc 5 276 32
 763 001e 1B02     		lsls	r3, r3, #8
 764              		.loc 5 276 39
 765 0020 1AB2     		sxth	r2, r3
 766              		.loc 5 276 54
 767 0022 FB68     		ldr	r3, [r7, #12]
 768 0024 0133     		adds	r3, r3, #1
 769 0026 3968     		ldr	r1, [r7]
 770 0028 0B44     		add	r3, r3, r1
 771 002a 1B78     		ldrb	r3, [r3]	@ zero_extendqisi2
 772 002c 1BB2     		sxth	r3, r3
 773              		.loc 5 276 39
 774 002e 1343     		orrs	r3, r3, r2
 775 0030 1BB2     		sxth	r3, r3
 776 0032 9BB2     		uxth	r3, r3
 777              		.loc 5 277 1
 778 0034 1846     		mov	r0, r3
 779 0036 1437     		adds	r7, r7, #20
 780              		.cfi_def_cfa_offset 4
 781 0038 BD46     		mov	sp, r7
 782              		.cfi_def_cfa_register 13
 783              		@ sp needed
 784 003a 80BC     		pop	{r7}
 785              		.cfi_restore 7
 786              		.cfi_def_cfa_offset 0
 787 003c 7047     		bx	lr
 788              		.cfi_endproc
 789              	.LFE437:
 790              		.size	sdc_cmd6_extract_info, .-sdc_cmd6_extract_info
 791              		.section	.text.sdc_cmd6_check_status,"ax",%progbits
 792              		.align	1
 793              		.syntax unified
 794              		.thumb
 795              		.thumb_func
 796              		.type	sdc_cmd6_check_status, %function
 797              	sdc_cmd6_check_status:
 798              	.LFB438:
ARM GAS  C:\Users\DEVELO~1\AppData\Local\Temp\ccfH0FMk.s 			page 15


 799              		.loc 5 292 54
 800              		.cfi_startproc
 801              		@ args = 0, pretend = 0, frame = 16
 802              		@ frame_needed = 1, uses_anonymous_args = 0
 803              		@ link register save eliminated.
 804 0000 80B4     		push	{r7}
 805              		.cfi_def_cfa_offset 4
 806              		.cfi_offset 7, -4
 807 0002 85B0     		sub	sp, sp, #20
 808              		.cfi_def_cfa_offset 24
 809 0004 00AF     		add	r7, sp, #0
 810              		.cfi_def_cfa_register 7
 811 0006 0346     		mov	r3, r0
 812 0008 3960     		str	r1, [r7]
 813 000a FB71     		strb	r3, [r7, #7]
 814              		.loc 5 297 23
 815 000c 3B68     		ldr	r3, [r7]
 816 000e 0E33     		adds	r3, r3, #14
 817 0010 1B78     		ldrb	r3, [r3]	@ zero_extendqisi2
 818              		.loc 5 297 28
 819 0012 1A04     		lsls	r2, r3, #16
 820              		.loc 5 298 23
 821 0014 3B68     		ldr	r3, [r7]
 822 0016 0F33     		adds	r3, r3, #15
 823 0018 1B78     		ldrb	r3, [r3]	@ zero_extendqisi2
 824              		.loc 5 298 28
 825 001a 1B02     		lsls	r3, r3, #8
 826              		.loc 5 297 36
 827 001c 1343     		orrs	r3, r3, r2
 828              		.loc 5 299 22
 829 001e 3A68     		ldr	r2, [r7]
 830 0020 1032     		adds	r2, r2, #16
 831 0022 1278     		ldrb	r2, [r2]	@ zero_extendqisi2
 832              		.loc 5 297 7
 833 0024 1343     		orrs	r3, r3, r2
 834 0026 FB60     		str	r3, [r7, #12]
 835              		.loc 5 300 21
 836 0028 FB79     		ldrb	r3, [r7, #7]	@ zero_extendqisi2
 837              		.loc 5 300 40
 838 002a 9B00     		lsls	r3, r3, #2
 839              		.loc 5 300 17
 840 002c FA68     		ldr	r2, [r7, #12]
 841 002e 22FA03F3 		lsr	r3, r2, r3
 842              		.loc 5 300 10
 843 0032 03F00F03 		and	r3, r3, #15
 844 0036 BB60     		str	r3, [r7, #8]
 845              		.loc 5 301 6
 846 0038 BB68     		ldr	r3, [r7, #8]
 847 003a 0F2B     		cmp	r3, #15
 848 003c 01D0     		beq	.L52
 849              		.loc 5 302 12
 850 003e 0023     		movs	r3, #0
 851 0040 00E0     		b	.L53
 852              	.L52:
 853              		.loc 5 304 10
 854 0042 0123     		movs	r3, #1
 855              	.L53:
ARM GAS  C:\Users\DEVELO~1\AppData\Local\Temp\ccfH0FMk.s 			page 16


 856              		.loc 5 305 1
 857 0044 1846     		mov	r0, r3
 858 0046 1437     		adds	r7, r7, #20
 859              		.cfi_def_cfa_offset 4
 860 0048 BD46     		mov	sp, r7
 861              		.cfi_def_cfa_register 13
 862              		@ sp needed
 863 004a 80BC     		pop	{r7}
 864              		.cfi_restore 7
 865              		.cfi_def_cfa_offset 0
 866 004c 7047     		bx	lr
 867              		.cfi_endproc
 868              	.LFE438:
 869              		.size	sdc_cmd6_check_status, .-sdc_cmd6_check_status
 870              		.section	.text.sdc_detect_bus_clk,"ax",%progbits
 871              		.align	1
 872              		.syntax unified
 873              		.thumb
 874              		.thumb_func
 875              		.type	sdc_detect_bus_clk, %function
 876              	sdc_detect_bus_clk:
 877              	.LFB439:
 878              		.loc 5 319 67
 879              		.cfi_startproc
 880              		@ args = 0, pretend = 0, frame = 24
 881              		@ frame_needed = 1, uses_anonymous_args = 0
 882 0000 80B5     		push	{r7, lr}
 883              		.cfi_def_cfa_offset 8
 884              		.cfi_offset 7, -8
 885              		.cfi_offset 14, -4
 886 0002 88B0     		sub	sp, sp, #32
 887              		.cfi_def_cfa_offset 40
 888 0004 02AF     		add	r7, sp, #8
 889              		.cfi_def_cfa 7, 32
 890 0006 7860     		str	r0, [r7, #4]
 891 0008 3960     		str	r1, [r7]
 892              		.loc 5 321 16
 893 000a 4023     		movs	r3, #64
 894 000c 7B61     		str	r3, [r7, #20]
 895              		.loc 5 322 12
 896 000e 7B68     		ldr	r3, [r7, #4]
 897 0010 DB6B     		ldr	r3, [r3, #60]
 898 0012 3B61     		str	r3, [r7, #16]
 899              		.loc 5 325 8
 900 0014 3B68     		ldr	r3, [r7]
 901 0016 0022     		movs	r2, #0
 902 0018 1A70     		strb	r2, [r3]
 903              		.loc 5 329 34
 904 001a 7B68     		ldr	r3, [r7, #4]
 905 001c 1833     		adds	r3, r3, #24
 906              		.loc 5 329 13
 907 001e 7E22     		movs	r2, #126
 908 0020 7F21     		movs	r1, #127
 909 0022 1846     		mov	r0, r3
 910 0024 FFF7FEFF 		bl	_mmcsd_get_slice
 911 0028 0346     		mov	r3, r0
 912              		.loc 5 329 6
ARM GAS  C:\Users\DEVELO~1\AppData\Local\Temp\ccfH0FMk.s 			page 17


 913 002a 002B     		cmp	r3, #0
 914 002c 04D1     		bne	.L55
 915              		.loc 5 330 10
 916 002e 3B68     		ldr	r3, [r7]
 917 0030 0022     		movs	r2, #0
 918 0032 1A70     		strb	r2, [r3]
 919              		.loc 5 331 12
 920 0034 0023     		movs	r3, #0
 921 0036 3AE0     		b	.L56
 922              	.L55:
 923              		.loc 5 335 7
 924 0038 0023     		movs	r3, #0
 925 003a 0093     		str	r3, [sp]
 926 003c 0623     		movs	r3, #6
 927 003e 7A69     		ldr	r2, [r7, #20]
 928 0040 3969     		ldr	r1, [r7, #16]
 929 0042 7868     		ldr	r0, [r7, #4]
 930 0044 FFF7FEFF 		bl	sdc_lld_read_special
 931 0048 0346     		mov	r3, r0
 932              		.loc 5 335 6
 933 004a 002B     		cmp	r3, #0
 934 004c 01D0     		beq	.L57
 935              		.loc 5 336 12
 936 004e 0123     		movs	r3, #1
 937 0050 2DE0     		b	.L56
 938              	.L57:
 939              		.loc 5 340 8
 940 0052 3969     		ldr	r1, [r7, #16]
 941 0054 0020     		movs	r0, #0
 942 0056 FFF7FEFF 		bl	sdc_cmd6_extract_info
 943 005a 0346     		mov	r3, r0
 944              		.loc 5 340 61
 945 005c 03F00203 		and	r3, r3, #2
 946              		.loc 5 340 6
 947 0060 022B     		cmp	r3, #2
 948 0062 23D1     		bne	.L58
 949              		.loc 5 342 14
 950 0064 0122     		movs	r2, #1
 951 0066 0021     		movs	r1, #0
 952 0068 0120     		movs	r0, #1
 953 006a FFF7FEFF 		bl	sdc_cmd6_construct
 954 006e F860     		str	r0, [r7, #12]
 955              		.loc 5 345 9
 956 0070 FB68     		ldr	r3, [r7, #12]
 957 0072 0093     		str	r3, [sp]
 958 0074 0623     		movs	r3, #6
 959 0076 7A69     		ldr	r2, [r7, #20]
 960 0078 3969     		ldr	r1, [r7, #16]
 961 007a 7868     		ldr	r0, [r7, #4]
 962 007c FFF7FEFF 		bl	sdc_lld_read_special
 963 0080 0346     		mov	r3, r0
 964              		.loc 5 345 8
 965 0082 002B     		cmp	r3, #0
 966 0084 01D0     		beq	.L59
 967              		.loc 5 346 14
 968 0086 0123     		movs	r3, #1
 969 0088 11E0     		b	.L56
ARM GAS  C:\Users\DEVELO~1\AppData\Local\Temp\ccfH0FMk.s 			page 18


 970              	.L59:
 971              		.loc 5 350 24
 972 008a 3969     		ldr	r1, [r7, #16]
 973 008c 0020     		movs	r0, #0
 974 008e FFF7FEFF 		bl	sdc_cmd6_check_status
 975 0092 0346     		mov	r3, r0
 976              		.loc 5 350 21
 977 0094 83F00103 		eor	r3, r3, #1
 978 0098 DBB2     		uxtb	r3, r3
 979              		.loc 5 350 8
 980 009a 002B     		cmp	r3, #0
 981 009c 03D0     		beq	.L60
 982              		.loc 5 351 12
 983 009e 3B68     		ldr	r3, [r7]
 984 00a0 0122     		movs	r2, #1
 985 00a2 1A70     		strb	r2, [r3]
 986 00a4 02E0     		b	.L58
 987              	.L60:
 988              		.loc 5 354 12
 989 00a6 3B68     		ldr	r3, [r7]
 990 00a8 0022     		movs	r2, #0
 991 00aa 1A70     		strb	r2, [r3]
 992              	.L58:
 993              		.loc 5 358 10
 994 00ac 0023     		movs	r3, #0
 995              	.L56:
 996              		.loc 5 359 1
 997 00ae 1846     		mov	r0, r3
 998 00b0 1837     		adds	r7, r7, #24
 999              		.cfi_def_cfa_offset 8
 1000 00b2 BD46     		mov	sp, r7
 1001              		.cfi_def_cfa_register 13
 1002              		@ sp needed
 1003 00b4 80BD     		pop	{r7, pc}
 1004              		.cfi_endproc
 1005              	.LFE439:
 1006              		.size	sdc_detect_bus_clk, .-sdc_detect_bus_clk
 1007              		.section	.text.mmc_detect_bus_clk,"ax",%progbits
 1008              		.align	1
 1009              		.syntax unified
 1010              		.thumb
 1011              		.thumb_func
 1012              		.type	mmc_detect_bus_clk, %function
 1013              	mmc_detect_bus_clk:
 1014              	.LFB440:
 1015              		.loc 5 373 67
 1016              		.cfi_startproc
 1017              		@ args = 0, pretend = 0, frame = 16
 1018              		@ frame_needed = 1, uses_anonymous_args = 0
 1019 0000 80B5     		push	{r7, lr}
 1020              		.cfi_def_cfa_offset 8
 1021              		.cfi_offset 7, -8
 1022              		.cfi_offset 14, -4
 1023 0002 84B0     		sub	sp, sp, #16
 1024              		.cfi_def_cfa_offset 24
 1025 0004 00AF     		add	r7, sp, #0
 1026              		.cfi_def_cfa_register 7
ARM GAS  C:\Users\DEVELO~1\AppData\Local\Temp\ccfH0FMk.s 			page 19


 1027 0006 7860     		str	r0, [r7, #4]
 1028 0008 3960     		str	r1, [r7]
 1029              		.loc 5 378 8
 1030 000a 3B68     		ldr	r3, [r7]
 1031 000c 0022     		movs	r2, #0
 1032 000e 1A70     		strb	r2, [r3]
 1033              		.loc 5 380 12
 1034 0010 0023     		movs	r3, #0
 1035 0012 0122     		movs	r2, #1
 1036 0014 B921     		movs	r1, #185
 1037 0016 0320     		movs	r0, #3
 1038 0018 FFF7FEFF 		bl	mmc_cmd6_construct
 1039 001c F860     		str	r0, [r7, #12]
 1040              		.loc 5 381 9
 1041 001e 07F10803 		add	r3, r7, #8
 1042 0022 FA68     		ldr	r2, [r7, #12]
 1043 0024 0621     		movs	r1, #6
 1044 0026 7868     		ldr	r0, [r7, #4]
 1045 0028 FFF7FEFF 		bl	sdc_lld_send_cmd_short_crc
 1046 002c 0346     		mov	r3, r0
 1047 002e 83F00103 		eor	r3, r3, #1
 1048 0032 DBB2     		uxtb	r3, r3
 1049              		.loc 5 381 6
 1050 0034 002B     		cmp	r3, #0
 1051 0036 07D0     		beq	.L62
 1052              		.loc 5 382 36 discriminator 1
 1053 0038 BA68     		ldr	r2, [r7, #8]
 1054 003a 064B     		ldr	r3, .L64
 1055 003c 1340     		ands	r3, r3, r2
 1056              		.loc 5 381 7 discriminator 1
 1057 003e 002B     		cmp	r3, #0
 1058 0040 02D1     		bne	.L62
 1059              		.loc 5 383 10
 1060 0042 3B68     		ldr	r3, [r7]
 1061 0044 0122     		movs	r2, #1
 1062 0046 1A70     		strb	r2, [r3]
 1063              	.L62:
 1064              		.loc 5 386 10
 1065 0048 0023     		movs	r3, #0
 1066              		.loc 5 387 1
 1067 004a 1846     		mov	r0, r3
 1068 004c 1037     		adds	r7, r7, #16
 1069              		.cfi_def_cfa_offset 8
 1070 004e BD46     		mov	sp, r7
 1071              		.cfi_def_cfa_register 13
 1072              		@ sp needed
 1073 0050 80BD     		pop	{r7, pc}
 1074              	.L65:
 1075 0052 00BF     		.align	2
 1076              	.L64:
 1077 0054 08E0FFFD 		.word	-33562616
 1078              		.cfi_endproc
 1079              	.LFE440:
 1080              		.size	mmc_detect_bus_clk, .-mmc_detect_bus_clk
 1081              		.section	.text.detect_bus_clk,"ax",%progbits
 1082              		.align	1
 1083              		.syntax unified
ARM GAS  C:\Users\DEVELO~1\AppData\Local\Temp\ccfH0FMk.s 			page 20


 1084              		.thumb
 1085              		.thumb_func
 1086              		.type	detect_bus_clk, %function
 1087              	detect_bus_clk:
 1088              	.LFB441:
 1089              		.loc 5 401 63
 1090              		.cfi_startproc
 1091              		@ args = 0, pretend = 0, frame = 8
 1092              		@ frame_needed = 1, uses_anonymous_args = 0
 1093 0000 80B5     		push	{r7, lr}
 1094              		.cfi_def_cfa_offset 8
 1095              		.cfi_offset 7, -8
 1096              		.cfi_offset 14, -4
 1097 0002 82B0     		sub	sp, sp, #8
 1098              		.cfi_def_cfa_offset 16
 1099 0004 00AF     		add	r7, sp, #0
 1100              		.cfi_def_cfa_register 7
 1101 0006 7860     		str	r0, [r7, #4]
 1102 0008 3960     		str	r1, [r7]
 1103              		.loc 5 403 37
 1104 000a 7B68     		ldr	r3, [r7, #4]
 1105 000c 1B6B     		ldr	r3, [r3, #48]
 1106              		.loc 5 403 48
 1107 000e 03F00F03 		and	r3, r3, #15
 1108              		.loc 5 403 6
 1109 0012 022B     		cmp	r3, #2
 1110 0014 05D1     		bne	.L67
 1111              		.loc 5 404 12
 1112 0016 3968     		ldr	r1, [r7]
 1113 0018 7868     		ldr	r0, [r7, #4]
 1114 001a FFF7FEFF 		bl	mmc_detect_bus_clk
 1115 001e 0346     		mov	r3, r0
 1116 0020 04E0     		b	.L68
 1117              	.L67:
 1118              		.loc 5 406 10
 1119 0022 3968     		ldr	r1, [r7]
 1120 0024 7868     		ldr	r0, [r7, #4]
 1121 0026 FFF7FEFF 		bl	sdc_detect_bus_clk
 1122 002a 0346     		mov	r3, r0
 1123              	.L68:
 1124              		.loc 5 407 1
 1125 002c 1846     		mov	r0, r3
 1126 002e 0837     		adds	r7, r7, #8
 1127              		.cfi_def_cfa_offset 8
 1128 0030 BD46     		mov	sp, r7
 1129              		.cfi_def_cfa_register 13
 1130              		@ sp needed
 1131 0032 80BD     		pop	{r7, pc}
 1132              		.cfi_endproc
 1133              	.LFE441:
 1134              		.size	detect_bus_clk, .-detect_bus_clk
 1135              		.section	.text.sdc_set_bus_width,"ax",%progbits
 1136              		.align	1
 1137              		.syntax unified
 1138              		.thumb
 1139              		.thumb_func
 1140              		.type	sdc_set_bus_width, %function
ARM GAS  C:\Users\DEVELO~1\AppData\Local\Temp\ccfH0FMk.s 			page 21


 1141              	sdc_set_bus_width:
 1142              	.LFB442:
 1143              		.loc 5 420 48
 1144              		.cfi_startproc
 1145              		@ args = 0, pretend = 0, frame = 16
 1146              		@ frame_needed = 1, uses_anonymous_args = 0
 1147 0000 80B5     		push	{r7, lr}
 1148              		.cfi_def_cfa_offset 8
 1149              		.cfi_offset 7, -8
 1150              		.cfi_offset 14, -4
 1151 0002 84B0     		sub	sp, sp, #16
 1152              		.cfi_def_cfa_offset 24
 1153 0004 00AF     		add	r7, sp, #0
 1154              		.cfi_def_cfa_register 7
 1155 0006 7860     		str	r0, [r7, #4]
 1156              		.loc 5 423 28
 1157 0008 7B68     		ldr	r3, [r7, #4]
 1158 000a DB6A     		ldr	r3, [r3, #44]
 1159              		.loc 5 423 36
 1160 000c 1B78     		ldrb	r3, [r3]	@ zero_extendqisi2
 1161              		.loc 5 423 6
 1162 000e 002B     		cmp	r3, #0
 1163 0010 01D1     		bne	.L70
 1164              		.loc 5 425 12
 1165 0012 0023     		movs	r3, #0
 1166 0014 2EE0     		b	.L77
 1167              	.L70:
 1168              		.loc 5 427 33
 1169 0016 7B68     		ldr	r3, [r7, #4]
 1170 0018 DB6A     		ldr	r3, [r3, #44]
 1171              		.loc 5 427 41
 1172 001a 1B78     		ldrb	r3, [r3]	@ zero_extendqisi2
 1173              		.loc 5 427 11
 1174 001c 012B     		cmp	r3, #1
 1175 001e 26D1     		bne	.L72
 1176              		.loc 5 428 5
 1177 0020 0121     		movs	r1, #1
 1178 0022 7868     		ldr	r0, [r7, #4]
 1179 0024 FFF7FEFF 		bl	sdc_lld_set_bus_mode
 1180              		.loc 5 429 9
 1181 0028 7B68     		ldr	r3, [r7, #4]
 1182 002a 9A6B     		ldr	r2, [r3, #56]
 1183 002c 07F10C03 		add	r3, r7, #12
 1184 0030 3721     		movs	r1, #55
 1185 0032 7868     		ldr	r0, [r7, #4]
 1186 0034 FFF7FEFF 		bl	sdc_lld_send_cmd_short_crc
 1187 0038 0346     		mov	r3, r0
 1188              		.loc 5 429 8
 1189 003a 002B     		cmp	r3, #0
 1190 003c 04D1     		bne	.L73
 1191              		.loc 5 430 9 discriminator 1
 1192 003e FA68     		ldr	r2, [r7, #12]
 1193 0040 0E4B     		ldr	r3, .L78
 1194 0042 1340     		ands	r3, r3, r2
 1195              		.loc 5 429 78 discriminator 1
 1196 0044 002B     		cmp	r3, #0
 1197 0046 01D0     		beq	.L74
ARM GAS  C:\Users\DEVELO~1\AppData\Local\Temp\ccfH0FMk.s 			page 22


 1198              	.L73:
 1199              		.loc 5 431 14
 1200 0048 0123     		movs	r3, #1
 1201 004a 13E0     		b	.L77
 1202              	.L74:
 1203              		.loc 5 434 9
 1204 004c 07F10C03 		add	r3, r7, #12
 1205 0050 0222     		movs	r2, #2
 1206 0052 0621     		movs	r1, #6
 1207 0054 7868     		ldr	r0, [r7, #4]
 1208 0056 FFF7FEFF 		bl	sdc_lld_send_cmd_short_crc
 1209 005a 0346     		mov	r3, r0
 1210              		.loc 5 434 8
 1211 005c 002B     		cmp	r3, #0
 1212 005e 04D1     		bne	.L75
 1213              		.loc 5 435 9 discriminator 1
 1214 0060 FA68     		ldr	r2, [r7, #12]
 1215 0062 064B     		ldr	r3, .L78
 1216 0064 1340     		ands	r3, r3, r2
 1217              		.loc 5 434 76 discriminator 1
 1218 0066 002B     		cmp	r3, #0
 1219 0068 03D0     		beq	.L76
 1220              	.L75:
 1221              		.loc 5 436 14
 1222 006a 0123     		movs	r3, #1
 1223 006c 02E0     		b	.L77
 1224              	.L72:
 1225              		.loc 5 441 12
 1226 006e 0123     		movs	r3, #1
 1227 0070 00E0     		b	.L77
 1228              	.L76:
 1229              		.loc 5 444 10
 1230 0072 0023     		movs	r3, #0
 1231              	.L77:
 1232              		.loc 5 445 1 discriminator 1
 1233 0074 1846     		mov	r0, r3
 1234 0076 1037     		adds	r7, r7, #16
 1235              		.cfi_def_cfa_offset 8
 1236 0078 BD46     		mov	sp, r7
 1237              		.cfi_def_cfa_register 13
 1238              		@ sp needed
 1239 007a 80BD     		pop	{r7, pc}
 1240              	.L79:
 1241              		.align	2
 1242              	.L78:
 1243 007c 08E0FFFD 		.word	-33562616
 1244              		.cfi_endproc
 1245              	.LFE442:
 1246              		.size	sdc_set_bus_width, .-sdc_set_bus_width
 1247              		.section	.text.mmc_set_bus_width,"ax",%progbits
 1248              		.align	1
 1249              		.syntax unified
 1250              		.thumb
 1251              		.thumb_func
 1252              		.type	mmc_set_bus_width, %function
 1253              	mmc_set_bus_width:
 1254              	.LFB443:
ARM GAS  C:\Users\DEVELO~1\AppData\Local\Temp\ccfH0FMk.s 			page 23


 1255              		.loc 5 458 48
 1256              		.cfi_startproc
 1257              		@ args = 0, pretend = 0, frame = 16
 1258              		@ frame_needed = 1, uses_anonymous_args = 0
 1259 0000 80B5     		push	{r7, lr}
 1260              		.cfi_def_cfa_offset 8
 1261              		.cfi_offset 7, -8
 1262              		.cfi_offset 14, -4
 1263 0002 84B0     		sub	sp, sp, #16
 1264              		.cfi_def_cfa_offset 24
 1265 0004 00AF     		add	r7, sp, #0
 1266              		.cfi_def_cfa_register 7
 1267 0006 7860     		str	r0, [r7, #4]
 1268              		.loc 5 460 21
 1269 0008 0023     		movs	r3, #0
 1270 000a 0022     		movs	r2, #0
 1271 000c B721     		movs	r1, #183
 1272 000e 0320     		movs	r0, #3
 1273 0010 FFF7FEFF 		bl	mmc_cmd6_construct
 1274 0014 F860     		str	r0, [r7, #12]
 1275              		.loc 5 462 15
 1276 0016 7B68     		ldr	r3, [r7, #4]
 1277 0018 DB6A     		ldr	r3, [r3, #44]
 1278              		.loc 5 462 23
 1279 001a 1B78     		ldrb	r3, [r3]	@ zero_extendqisi2
 1280              		.loc 5 462 3
 1281 001c 022B     		cmp	r3, #2
 1282 001e 10D0     		beq	.L81
 1283 0020 022B     		cmp	r3, #2
 1284 0022 16DC     		bgt	.L90
 1285 0024 002B     		cmp	r3, #0
 1286 0026 02D0     		beq	.L83
 1287 0028 012B     		cmp	r3, #1
 1288 002a 02D0     		beq	.L84
 1289              		.loc 5 474 5
 1290 002c 11E0     		b	.L90
 1291              	.L83:
 1292              		.loc 5 465 12
 1293 002e 0023     		movs	r3, #0
 1294 0030 29E0     		b	.L89
 1295              	.L84:
 1296              		.loc 5 467 14
 1297 0032 0023     		movs	r3, #0
 1298 0034 0122     		movs	r2, #1
 1299 0036 B721     		movs	r1, #183
 1300 0038 0320     		movs	r0, #3
 1301 003a FFF7FEFF 		bl	mmc_cmd6_construct
 1302 003e F860     		str	r0, [r7, #12]
 1303              		.loc 5 468 5
 1304 0040 08E0     		b	.L86
 1305              	.L81:
 1306              		.loc 5 470 14
 1307 0042 0023     		movs	r3, #0
 1308 0044 0222     		movs	r2, #2
 1309 0046 B721     		movs	r1, #183
 1310 0048 0320     		movs	r0, #3
 1311 004a FFF7FEFF 		bl	mmc_cmd6_construct
ARM GAS  C:\Users\DEVELO~1\AppData\Local\Temp\ccfH0FMk.s 			page 24


 1312 004e F860     		str	r0, [r7, #12]
 1313              		.loc 5 471 5
 1314 0050 00E0     		b	.L86
 1315              	.L90:
 1316              		.loc 5 474 5
 1317 0052 00BF     		nop
 1318              	.L86:
 1319              		.loc 5 477 34
 1320 0054 7B68     		ldr	r3, [r7, #4]
 1321 0056 DB6A     		ldr	r3, [r3, #44]
 1322              		.loc 5 477 42
 1323 0058 1B78     		ldrb	r3, [r3]	@ zero_extendqisi2
 1324              		.loc 5 477 3
 1325 005a 1946     		mov	r1, r3
 1326 005c 7868     		ldr	r0, [r7, #4]
 1327 005e FFF7FEFF 		bl	sdc_lld_set_bus_mode
 1328              		.loc 5 478 7
 1329 0062 07F10803 		add	r3, r7, #8
 1330 0066 FA68     		ldr	r2, [r7, #12]
 1331 0068 0621     		movs	r1, #6
 1332 006a 7868     		ldr	r0, [r7, #4]
 1333 006c FFF7FEFF 		bl	sdc_lld_send_cmd_short_crc
 1334 0070 0346     		mov	r3, r0
 1335              		.loc 5 478 6
 1336 0072 002B     		cmp	r3, #0
 1337 0074 04D1     		bne	.L87
 1338              		.loc 5 479 7 discriminator 1
 1339 0076 BA68     		ldr	r2, [r7, #8]
 1340 0078 054B     		ldr	r3, .L91
 1341 007a 1340     		ands	r3, r3, r2
 1342              		.loc 5 478 72 discriminator 1
 1343 007c 002B     		cmp	r3, #0
 1344 007e 01D0     		beq	.L88
 1345              	.L87:
 1346              		.loc 5 480 12
 1347 0080 0123     		movs	r3, #1
 1348 0082 00E0     		b	.L89
 1349              	.L88:
 1350              		.loc 5 483 10
 1351 0084 0023     		movs	r3, #0
 1352              	.L89:
 1353              		.loc 5 484 1 discriminator 1
 1354 0086 1846     		mov	r0, r3
 1355 0088 1037     		adds	r7, r7, #16
 1356              		.cfi_def_cfa_offset 8
 1357 008a BD46     		mov	sp, r7
 1358              		.cfi_def_cfa_register 13
 1359              		@ sp needed
 1360 008c 80BD     		pop	{r7, pc}
 1361              	.L92:
 1362 008e 00BF     		.align	2
 1363              	.L91:
 1364 0090 08E0FFFD 		.word	-33562616
 1365              		.cfi_endproc
 1366              	.LFE443:
 1367              		.size	mmc_set_bus_width, .-mmc_set_bus_width
 1368              		.section	.text._sdc_wait_for_transfer_state_internal,"ax",%progbits
ARM GAS  C:\Users\DEVELO~1\AppData\Local\Temp\ccfH0FMk.s 			page 25


 1369              		.align	1
 1370              		.syntax unified
 1371              		.thumb
 1372              		.thumb_func
 1373              		.type	_sdc_wait_for_transfer_state_internal, %function
 1374              	_sdc_wait_for_transfer_state_internal:
 1375              	.LFB444:
 1376              		.loc 5 499 67
 1377              		.cfi_startproc
 1378              		@ args = 0, pretend = 0, frame = 16
 1379              		@ frame_needed = 1, uses_anonymous_args = 0
 1380 0000 80B5     		push	{r7, lr}
 1381              		.cfi_def_cfa_offset 8
 1382              		.cfi_offset 7, -8
 1383              		.cfi_offset 14, -4
 1384 0002 84B0     		sub	sp, sp, #16
 1385              		.cfi_def_cfa_offset 24
 1386 0004 00AF     		add	r7, sp, #0
 1387              		.cfi_def_cfa_register 7
 1388 0006 7860     		str	r0, [r7, #4]
 1389 0008 0B46     		mov	r3, r1
 1390 000a FB70     		strb	r3, [r7, #3]
 1391              	.L103:
 1392              		.loc 5 504 8
 1393 000c FB78     		ldrb	r3, [r7, #3]	@ zero_extendqisi2
 1394 000e 002B     		cmp	r3, #0
 1395 0010 0AD0     		beq	.L94
 1396              		.loc 5 505 18
 1397 0012 7B68     		ldr	r3, [r7, #4]
 1398 0014 9A6B     		ldr	r2, [r3, #56]
 1399 0016 07F10803 		add	r3, r7, #8
 1400 001a 0D21     		movs	r1, #13
 1401 001c 7868     		ldr	r0, [r7, #4]
 1402 001e FFF7FEFF 		bl	sdc_lld_send_cmd_short_crc
 1403 0022 0346     		mov	r3, r0
 1404 0024 FB73     		strb	r3, [r7, #15]
 1405 0026 09E0     		b	.L95
 1406              	.L94:
 1407              		.loc 5 508 18
 1408 0028 7B68     		ldr	r3, [r7, #4]
 1409 002a 9A6B     		ldr	r2, [r3, #56]
 1410 002c 07F10803 		add	r3, r7, #8
 1411 0030 0D21     		movs	r1, #13
 1412 0032 7868     		ldr	r0, [r7, #4]
 1413 0034 FFF7FEFF 		bl	sdc_lld_send_cmd_short
 1414 0038 0346     		mov	r3, r0
 1415 003a FB73     		strb	r3, [r7, #15]
 1416              	.L95:
 1417              		.loc 5 511 8
 1418 003c FB7B     		ldrb	r3, [r7, #15]	@ zero_extendqisi2
 1419 003e 002B     		cmp	r3, #0
 1420 0040 04D1     		bne	.L96
 1421              		.loc 5 511 21 discriminator 1
 1422 0042 BA68     		ldr	r2, [r7, #8]
 1423 0044 0F4B     		ldr	r3, .L107
 1424 0046 1340     		ands	r3, r3, r2
 1425              		.loc 5 511 18 discriminator 1
ARM GAS  C:\Users\DEVELO~1\AppData\Local\Temp\ccfH0FMk.s 			page 26


 1426 0048 002B     		cmp	r3, #0
 1427 004a 01D0     		beq	.L97
 1428              	.L96:
 1429              		.loc 5 512 14
 1430 004c 0123     		movs	r3, #1
 1431 004e 14E0     		b	.L104
 1432              	.L97:
 1433              		.loc 5 515 13
 1434 0050 BB68     		ldr	r3, [r7, #8]
 1435 0052 5B0A     		lsrs	r3, r3, #9
 1436 0054 03F00F03 		and	r3, r3, #15
 1437              		.loc 5 515 5
 1438 0058 042B     		cmp	r3, #4
 1439 005a 05D0     		beq	.L99
 1440 005c 042B     		cmp	r3, #4
 1441 005e 09D3     		bcc	.L100
 1442 0060 053B     		subs	r3, r3, #5
 1443 0062 022B     		cmp	r3, #2
 1444 0064 06D8     		bhi	.L100
 1445 0066 01E0     		b	.L105
 1446              	.L99:
 1447              		.loc 5 517 14
 1448 0068 0023     		movs	r3, #0
 1449 006a 06E0     		b	.L104
 1450              	.L105:
 1451              		.loc 5 522 7 discriminator 1
 1452 006c 0A20     		movs	r0, #10
 1453 006e FFF7FEFF 		bl	osalThreadSleep
 1454              		.loc 5 524 7 discriminator 1
 1455 0072 01E0     		b	.L106
 1456              	.L100:
 1457              		.loc 5 528 14
 1458 0074 0123     		movs	r3, #1
 1459 0076 00E0     		b	.L104
 1460              	.L106:
 1461              		.loc 5 504 8
 1462 0078 C8E7     		b	.L103
 1463              	.L104:
 1464              		.loc 5 531 1 discriminator 1
 1465 007a 1846     		mov	r0, r3
 1466 007c 1037     		adds	r7, r7, #16
 1467              		.cfi_def_cfa_offset 8
 1468 007e BD46     		mov	sp, r7
 1469              		.cfi_def_cfa_register 13
 1470              		@ sp needed
 1471 0080 80BD     		pop	{r7, pc}
 1472              	.L108:
 1473 0082 00BF     		.align	2
 1474              	.L107:
 1475 0084 08E0FFFD 		.word	-33562616
 1476              		.cfi_endproc
 1477              	.LFE444:
 1478              		.size	_sdc_wait_for_transfer_state_internal, .-_sdc_wait_for_transfer_state_internal
 1479              		.section	.text._sdc_wait_for_transfer_state,"ax",%progbits
 1480              		.align	1
 1481              		.global	_sdc_wait_for_transfer_state
 1482              		.syntax unified
ARM GAS  C:\Users\DEVELO~1\AppData\Local\Temp\ccfH0FMk.s 			page 27


 1483              		.thumb
 1484              		.thumb_func
 1485              		.type	_sdc_wait_for_transfer_state, %function
 1486              	_sdc_wait_for_transfer_state:
 1487              	.LFB445:
 1488              		.loc 5 548 52
 1489              		.cfi_startproc
 1490              		@ args = 0, pretend = 0, frame = 8
 1491              		@ frame_needed = 1, uses_anonymous_args = 0
 1492 0000 80B5     		push	{r7, lr}
 1493              		.cfi_def_cfa_offset 8
 1494              		.cfi_offset 7, -8
 1495              		.cfi_offset 14, -4
 1496 0002 82B0     		sub	sp, sp, #8
 1497              		.cfi_def_cfa_offset 16
 1498 0004 00AF     		add	r7, sp, #0
 1499              		.cfi_def_cfa_register 7
 1500 0006 7860     		str	r0, [r7, #4]
 1501              		.loc 5 550 10
 1502 0008 0121     		movs	r1, #1
 1503 000a 7868     		ldr	r0, [r7, #4]
 1504 000c FFF7FEFF 		bl	_sdc_wait_for_transfer_state_internal
 1505 0010 0346     		mov	r3, r0
 1506              		.loc 5 551 1
 1507 0012 1846     		mov	r0, r3
 1508 0014 0837     		adds	r7, r7, #8
 1509              		.cfi_def_cfa_offset 8
 1510 0016 BD46     		mov	sp, r7
 1511              		.cfi_def_cfa_register 13
 1512              		@ sp needed
 1513 0018 80BD     		pop	{r7, pc}
 1514              		.cfi_endproc
 1515              	.LFE445:
 1516              		.size	_sdc_wait_for_transfer_state, .-_sdc_wait_for_transfer_state
 1517              		.section	.text._sdc_wait_for_transfer_state_nocrc,"ax",%progbits
 1518              		.align	1
 1519              		.global	_sdc_wait_for_transfer_state_nocrc
 1520              		.syntax unified
 1521              		.thumb
 1522              		.thumb_func
 1523              		.type	_sdc_wait_for_transfer_state_nocrc, %function
 1524              	_sdc_wait_for_transfer_state_nocrc:
 1525              	.LFB446:
 1526              		.loc 5 564 58
 1527              		.cfi_startproc
 1528              		@ args = 0, pretend = 0, frame = 8
 1529              		@ frame_needed = 1, uses_anonymous_args = 0
 1530 0000 80B5     		push	{r7, lr}
 1531              		.cfi_def_cfa_offset 8
 1532              		.cfi_offset 7, -8
 1533              		.cfi_offset 14, -4
 1534 0002 82B0     		sub	sp, sp, #8
 1535              		.cfi_def_cfa_offset 16
 1536 0004 00AF     		add	r7, sp, #0
 1537              		.cfi_def_cfa_register 7
 1538 0006 7860     		str	r0, [r7, #4]
 1539              		.loc 5 566 10
ARM GAS  C:\Users\DEVELO~1\AppData\Local\Temp\ccfH0FMk.s 			page 28


 1540 0008 0021     		movs	r1, #0
 1541 000a 7868     		ldr	r0, [r7, #4]
 1542 000c FFF7FEFF 		bl	_sdc_wait_for_transfer_state_internal
 1543 0010 0346     		mov	r3, r0
 1544              		.loc 5 567 1
 1545 0012 1846     		mov	r0, r3
 1546 0014 0837     		adds	r7, r7, #8
 1547              		.cfi_def_cfa_offset 8
 1548 0016 BD46     		mov	sp, r7
 1549              		.cfi_def_cfa_register 13
 1550              		@ sp needed
 1551 0018 80BD     		pop	{r7, pc}
 1552              		.cfi_endproc
 1553              	.LFE446:
 1554              		.size	_sdc_wait_for_transfer_state_nocrc, .-_sdc_wait_for_transfer_state_nocrc
 1555              		.section	.text.sdcInit,"ax",%progbits
 1556              		.align	1
 1557              		.global	sdcInit
 1558              		.syntax unified
 1559              		.thumb
 1560              		.thumb_func
 1561              		.type	sdcInit, %function
 1562              	sdcInit:
 1563              	.LFB447:
 1564              		.loc 5 576 20
 1565              		.cfi_startproc
 1566              		@ args = 0, pretend = 0, frame = 0
 1567              		@ frame_needed = 1, uses_anonymous_args = 0
 1568 0000 80B5     		push	{r7, lr}
 1569              		.cfi_def_cfa_offset 8
 1570              		.cfi_offset 7, -8
 1571              		.cfi_offset 14, -4
 1572 0002 00AF     		add	r7, sp, #0
 1573              		.cfi_def_cfa_register 7
 1574              		.loc 5 578 3
 1575 0004 FFF7FEFF 		bl	sdc_lld_init
 1576              		.loc 5 579 1
 1577 0008 00BF     		nop
 1578 000a 80BD     		pop	{r7, pc}
 1579              		.cfi_endproc
 1580              	.LFE447:
 1581              		.size	sdcInit, .-sdcInit
 1582              		.section	.text.sdcObjectInit,"ax",%progbits
 1583              		.align	1
 1584              		.global	sdcObjectInit
 1585              		.syntax unified
 1586              		.thumb
 1587              		.thumb_func
 1588              		.type	sdcObjectInit, %function
 1589              	sdcObjectInit:
 1590              	.LFB448:
 1591              		.loc 5 588 37
 1592              		.cfi_startproc
 1593              		@ args = 0, pretend = 0, frame = 8
 1594              		@ frame_needed = 1, uses_anonymous_args = 0
 1595              		@ link register save eliminated.
 1596 0000 80B4     		push	{r7}
ARM GAS  C:\Users\DEVELO~1\AppData\Local\Temp\ccfH0FMk.s 			page 29


 1597              		.cfi_def_cfa_offset 4
 1598              		.cfi_offset 7, -4
 1599 0002 83B0     		sub	sp, sp, #12
 1600              		.cfi_def_cfa_offset 16
 1601 0004 00AF     		add	r7, sp, #0
 1602              		.cfi_def_cfa_register 7
 1603 0006 7860     		str	r0, [r7, #4]
 1604              		.loc 5 590 18
 1605 0008 7B68     		ldr	r3, [r7, #4]
 1606 000a 094A     		ldr	r2, .L115
 1607 000c 1A60     		str	r2, [r3]
 1608              		.loc 5 591 18
 1609 000e 7B68     		ldr	r3, [r7, #4]
 1610 0010 0122     		movs	r2, #1
 1611 0012 1A71     		strb	r2, [r3, #4]
 1612              		.loc 5 592 18
 1613 0014 7B68     		ldr	r3, [r7, #4]
 1614 0016 0022     		movs	r2, #0
 1615 0018 5A63     		str	r2, [r3, #52]
 1616              		.loc 5 593 18
 1617 001a 7B68     		ldr	r3, [r7, #4]
 1618 001c 0022     		movs	r2, #0
 1619 001e DA62     		str	r2, [r3, #44]
 1620              		.loc 5 594 18
 1621 0020 7B68     		ldr	r3, [r7, #4]
 1622 0022 0022     		movs	r2, #0
 1623 0024 9A62     		str	r2, [r3, #40]
 1624              		.loc 5 595 1
 1625 0026 00BF     		nop
 1626 0028 0C37     		adds	r7, r7, #12
 1627              		.cfi_def_cfa_offset 4
 1628 002a BD46     		mov	sp, r7
 1629              		.cfi_def_cfa_register 13
 1630              		@ sp needed
 1631 002c 80BC     		pop	{r7}
 1632              		.cfi_restore 7
 1633              		.cfi_def_cfa_offset 0
 1634 002e 7047     		bx	lr
 1635              	.L116:
 1636              		.align	2
 1637              	.L115:
 1638 0030 00000000 		.word	sdc_vmt
 1639              		.cfi_endproc
 1640              	.LFE448:
 1641              		.size	sdcObjectInit, .-sdcObjectInit
 1642              		.section	.text.sdcStart,"ax",%progbits
 1643              		.align	1
 1644              		.global	sdcStart
 1645              		.syntax unified
 1646              		.thumb
 1647              		.thumb_func
 1648              		.type	sdcStart, %function
 1649              	sdcStart:
 1650              	.LFB449:
 1651              		.loc 5 608 58
 1652              		.cfi_startproc
 1653              		@ args = 0, pretend = 0, frame = 16
ARM GAS  C:\Users\DEVELO~1\AppData\Local\Temp\ccfH0FMk.s 			page 30


 1654              		@ frame_needed = 1, uses_anonymous_args = 0
 1655 0000 80B5     		push	{r7, lr}
 1656              		.cfi_def_cfa_offset 8
 1657              		.cfi_offset 7, -8
 1658              		.cfi_offset 14, -4
 1659 0002 84B0     		sub	sp, sp, #16
 1660              		.cfi_def_cfa_offset 24
 1661 0004 00AF     		add	r7, sp, #0
 1662              		.cfi_def_cfa_register 7
 1663 0006 7860     		str	r0, [r7, #4]
 1664 0008 3960     		str	r1, [r7]
 1665              		.loc 5 613 3
 1666 000a FFF7FEFF 		bl	osalSysLock
 1667              		.loc 5 617 16
 1668 000e 7B68     		ldr	r3, [r7, #4]
 1669 0010 3A68     		ldr	r2, [r7]
 1670 0012 DA62     		str	r2, [r3, #44]
 1671              		.loc 5 628 3
 1672 0014 7868     		ldr	r0, [r7, #4]
 1673 0016 FFF7FEFF 		bl	sdc_lld_start
 1674              		.loc 5 629 15
 1675 001a 7B68     		ldr	r3, [r7, #4]
 1676 001c 0222     		movs	r2, #2
 1677 001e 1A71     		strb	r2, [r3, #4]
 1678              		.loc 5 630 7
 1679 0020 0023     		movs	r3, #0
 1680 0022 FB60     		str	r3, [r7, #12]
 1681              		.loc 5 633 3
 1682 0024 FFF7FEFF 		bl	osalSysUnlock
 1683              		.loc 5 635 10
 1684 0028 FB68     		ldr	r3, [r7, #12]
 1685              		.loc 5 636 1
 1686 002a 1846     		mov	r0, r3
 1687 002c 1037     		adds	r7, r7, #16
 1688              		.cfi_def_cfa_offset 8
 1689 002e BD46     		mov	sp, r7
 1690              		.cfi_def_cfa_register 13
 1691              		@ sp needed
 1692 0030 80BD     		pop	{r7, pc}
 1693              		.cfi_endproc
 1694              	.LFE449:
 1695              		.size	sdcStart, .-sdcStart
 1696              		.section	.text.sdcStop,"ax",%progbits
 1697              		.align	1
 1698              		.global	sdcStop
 1699              		.syntax unified
 1700              		.thumb
 1701              		.thumb_func
 1702              		.type	sdcStop, %function
 1703              	sdcStop:
 1704              	.LFB450:
 1705              		.loc 5 645 31
 1706              		.cfi_startproc
 1707              		@ args = 0, pretend = 0, frame = 8
 1708              		@ frame_needed = 1, uses_anonymous_args = 0
 1709 0000 80B5     		push	{r7, lr}
 1710              		.cfi_def_cfa_offset 8
ARM GAS  C:\Users\DEVELO~1\AppData\Local\Temp\ccfH0FMk.s 			page 31


 1711              		.cfi_offset 7, -8
 1712              		.cfi_offset 14, -4
 1713 0002 82B0     		sub	sp, sp, #8
 1714              		.cfi_def_cfa_offset 16
 1715 0004 00AF     		add	r7, sp, #0
 1716              		.cfi_def_cfa_register 7
 1717 0006 7860     		str	r0, [r7, #4]
 1718              		.loc 5 649 3
 1719 0008 FFF7FEFF 		bl	osalSysLock
 1720              		.loc 5 654 3
 1721 000c 7868     		ldr	r0, [r7, #4]
 1722 000e FFF7FEFF 		bl	sdc_lld_stop
 1723              		.loc 5 655 16
 1724 0012 7B68     		ldr	r3, [r7, #4]
 1725 0014 0022     		movs	r2, #0
 1726 0016 DA62     		str	r2, [r3, #44]
 1727              		.loc 5 656 16
 1728 0018 7B68     		ldr	r3, [r7, #4]
 1729 001a 0122     		movs	r2, #1
 1730 001c 1A71     		strb	r2, [r3, #4]
 1731              		.loc 5 658 3
 1732 001e FFF7FEFF 		bl	osalSysUnlock
 1733              		.loc 5 659 1
 1734 0022 00BF     		nop
 1735 0024 0837     		adds	r7, r7, #8
 1736              		.cfi_def_cfa_offset 8
 1737 0026 BD46     		mov	sp, r7
 1738              		.cfi_def_cfa_register 13
 1739              		@ sp needed
 1740 0028 80BD     		pop	{r7, pc}
 1741              		.cfi_endproc
 1742              	.LFE450:
 1743              		.size	sdcStop, .-sdcStop
 1744              		.section	.text.sdcConnect,"ax",%progbits
 1745              		.align	1
 1746              		.global	sdcConnect
 1747              		.syntax unified
 1748              		.thumb
 1749              		.thumb_func
 1750              		.type	sdcConnect, %function
 1751              	sdcConnect:
 1752              	.LFB451:
 1753              		.loc 5 675 34
 1754              		.cfi_startproc
 1755              		@ args = 0, pretend = 0, frame = 24
 1756              		@ frame_needed = 1, uses_anonymous_args = 0
 1757 0000 80B5     		push	{r7, lr}
 1758              		.cfi_def_cfa_offset 8
 1759              		.cfi_offset 7, -8
 1760              		.cfi_offset 14, -4
 1761 0002 88B0     		sub	sp, sp, #32
 1762              		.cfi_def_cfa_offset 40
 1763 0004 02AF     		add	r7, sp, #8
 1764              		.cfi_def_cfa 7, 32
 1765 0006 7860     		str	r0, [r7, #4]
 1766              		.loc 5 677 15
 1767 0008 0023     		movs	r3, #0
ARM GAS  C:\Users\DEVELO~1\AppData\Local\Temp\ccfH0FMk.s 			page 32


 1768 000a FB73     		strb	r3, [r7, #15]
 1769              		.loc 5 684 15
 1770 000c 7B68     		ldr	r3, [r7, #4]
 1771 000e 0322     		movs	r2, #3
 1772 0010 1A71     		strb	r2, [r3, #4]
 1773              		.loc 5 687 3
 1774 0012 7868     		ldr	r0, [r7, #4]
 1775 0014 FFF7FEFF 		bl	sdc_lld_start_clk
 1776              		.loc 5 690 3
 1777 0018 0022     		movs	r2, #0
 1778 001a 0021     		movs	r1, #0
 1779 001c 7868     		ldr	r0, [r7, #4]
 1780 001e FFF7FEFF 		bl	sdc_lld_send_cmd_none
 1781              		.loc 5 693 21
 1782 0022 7868     		ldr	r0, [r7, #4]
 1783 0024 FFF7FEFF 		bl	mode_detect
 1784 0028 0346     		mov	r3, r0
 1785              		.loc 5 693 6
 1786 002a 002B     		cmp	r3, #0
 1787 002c 40F0BA80 		bne	.L145
 1788              		.loc 5 698 12
 1789 0030 7B68     		ldr	r3, [r7, #4]
 1790 0032 1B6B     		ldr	r3, [r3, #48]
 1791              		.loc 5 698 23
 1792 0034 03F00F03 		and	r3, r3, #15
 1793              		.loc 5 698 6
 1794 0038 022B     		cmp	r3, #2
 1795 003a 06D1     		bne	.L123
 1796              		.loc 5 699 23
 1797 003c 7868     		ldr	r0, [r7, #4]
 1798 003e FFF7FEFF 		bl	mmc_init
 1799 0042 0346     		mov	r3, r0
 1800              		.loc 5 699 8
 1801 0044 002B     		cmp	r3, #0
 1802 0046 07D0     		beq	.L124
 1803              		.loc 5 700 7
 1804 0048 C1E0     		b	.L122
 1805              	.L123:
 1806              		.loc 5 704 23
 1807 004a 7868     		ldr	r0, [r7, #4]
 1808 004c FFF7FEFF 		bl	sdc_init
 1809 0050 0346     		mov	r3, r0
 1810              		.loc 5 704 8
 1811 0052 002B     		cmp	r3, #0
 1812 0054 40F0A880 		bne	.L146
 1813              	.L124:
 1814              		.loc 5 710 70
 1815 0058 7B68     		ldr	r3, [r7, #4]
 1816 005a 0833     		adds	r3, r3, #8
 1817              		.loc 5 710 7
 1818 005c 0022     		movs	r2, #0
 1819 005e 0221     		movs	r1, #2
 1820 0060 7868     		ldr	r0, [r7, #4]
 1821 0062 FFF7FEFF 		bl	sdc_lld_send_cmd_long_crc
 1822 0066 0346     		mov	r3, r0
 1823              		.loc 5 710 6
 1824 0068 002B     		cmp	r3, #0
ARM GAS  C:\Users\DEVELO~1\AppData\Local\Temp\ccfH0FMk.s 			page 33


 1825 006a 40F09F80 		bne	.L147
 1826              		.loc 5 715 7
 1827 006e 7B68     		ldr	r3, [r7, #4]
 1828 0070 3833     		adds	r3, r3, #56
 1829 0072 0022     		movs	r2, #0
 1830 0074 0321     		movs	r1, #3
 1831 0076 7868     		ldr	r0, [r7, #4]
 1832 0078 FFF7FEFF 		bl	sdc_lld_send_cmd_short_crc
 1833 007c 0346     		mov	r3, r0
 1834              		.loc 5 715 6
 1835 007e 002B     		cmp	r3, #0
 1836 0080 40F09680 		bne	.L148
 1837              		.loc 5 721 7
 1838 0084 7B68     		ldr	r3, [r7, #4]
 1839 0086 9A6B     		ldr	r2, [r3, #56]
 1840              		.loc 5 722 48
 1841 0088 7B68     		ldr	r3, [r7, #4]
 1842 008a 1833     		adds	r3, r3, #24
 1843              		.loc 5 721 7
 1844 008c 0921     		movs	r1, #9
 1845 008e 7868     		ldr	r0, [r7, #4]
 1846 0090 FFF7FEFF 		bl	sdc_lld_send_cmd_long_crc
 1847 0094 0346     		mov	r3, r0
 1848              		.loc 5 721 6
 1849 0096 002B     		cmp	r3, #0
 1850 0098 40F08C80 		bne	.L149
 1851              		.loc 5 727 7
 1852 009c 7B68     		ldr	r3, [r7, #4]
 1853 009e 9A6B     		ldr	r2, [r3, #56]
 1854 00a0 07F11003 		add	r3, r7, #16
 1855 00a4 0721     		movs	r1, #7
 1856 00a6 7868     		ldr	r0, [r7, #4]
 1857 00a8 FFF7FEFF 		bl	sdc_lld_send_cmd_short_crc
 1858 00ac 0346     		mov	r3, r0
 1859              		.loc 5 727 6
 1860 00ae 002B     		cmp	r3, #0
 1861 00b0 40F08280 		bne	.L150
 1862              		.loc 5 733 7
 1863 00b4 07F10F03 		add	r3, r7, #15
 1864 00b8 1946     		mov	r1, r3
 1865 00ba 7868     		ldr	r0, [r7, #4]
 1866 00bc FFF7FEFF 		bl	detect_bus_clk
 1867 00c0 0346     		mov	r3, r0
 1868              		.loc 5 733 6
 1869 00c2 002B     		cmp	r3, #0
 1870 00c4 7AD1     		bne	.L151
 1871              		.loc 5 736 3
 1872 00c6 FB7B     		ldrb	r3, [r7, #15]	@ zero_extendqisi2
 1873 00c8 1946     		mov	r1, r3
 1874 00ca 7868     		ldr	r0, [r7, #4]
 1875 00cc FFF7FEFF 		bl	sdc_lld_set_data_clk
 1876              		.loc 5 739 7
 1877 00d0 7868     		ldr	r0, [r7, #4]
 1878 00d2 FFF7FEFF 		bl	_sdc_wait_for_transfer_state_nocrc
 1879 00d6 0346     		mov	r3, r0
 1880              		.loc 5 739 6
 1881 00d8 002B     		cmp	r3, #0
ARM GAS  C:\Users\DEVELO~1\AppData\Local\Temp\ccfH0FMk.s 			page 34


 1882 00da 71D1     		bne	.L152
 1883              		.loc 5 745 37
 1884 00dc 7B68     		ldr	r3, [r7, #4]
 1885 00de 1B6B     		ldr	r3, [r3, #48]
 1886              		.loc 5 745 48
 1887 00e0 03F00F03 		and	r3, r3, #15
 1888              		.loc 5 745 6
 1889 00e4 022B     		cmp	r3, #2
 1890 00e6 28D1     		bne	.L131
 1891              		.loc 5 748 30
 1892 00e8 7B68     		ldr	r3, [r7, #4]
 1893 00ea 1833     		adds	r3, r3, #24
 1894              		.loc 5 748 9
 1895 00ec 7E22     		movs	r2, #126
 1896 00ee 7F21     		movs	r1, #127
 1897 00f0 1846     		mov	r0, r3
 1898 00f2 FFF7FEFF 		bl	_mmcsd_get_slice
 1899 00f6 0346     		mov	r3, r0
 1900              		.loc 5 748 8
 1901 00f8 012B     		cmp	r3, #1
 1902 00fa 15D9     		bls	.L132
 1903              	.LBB22:
 1904              		.loc 5 749 16
 1905 00fc 7B68     		ldr	r3, [r7, #4]
 1906 00fe DB6B     		ldr	r3, [r3, #60]
 1907 0100 7B61     		str	r3, [r7, #20]
 1908              		.loc 5 751 11
 1909 0102 0023     		movs	r3, #0
 1910 0104 0093     		str	r3, [sp]
 1911 0106 0823     		movs	r3, #8
 1912 0108 4FF40072 		mov	r2, #512
 1913 010c 7969     		ldr	r1, [r7, #20]
 1914 010e 7868     		ldr	r0, [r7, #4]
 1915 0110 FFF7FEFF 		bl	sdc_lld_read_special
 1916 0114 0346     		mov	r3, r0
 1917              		.loc 5 751 10
 1918 0116 002B     		cmp	r3, #0
 1919 0118 54D1     		bne	.L153
 1920              		.loc 5 756 24
 1921 011a 7869     		ldr	r0, [r7, #20]
 1922 011c FFF7FEFF 		bl	_mmcsd_get_capacity_ext
 1923 0120 0246     		mov	r2, r0
 1924              		.loc 5 756 22
 1925 0122 7B68     		ldr	r3, [r7, #4]
 1926 0124 9A62     		str	r2, [r3, #40]
 1927              	.LBE22:
 1928 0126 10E0     		b	.L134
 1929              	.L132:
 1930              		.loc 5 760 48
 1931 0128 7B68     		ldr	r3, [r7, #4]
 1932 012a 1833     		adds	r3, r3, #24
 1933              		.loc 5 760 24
 1934 012c 1846     		mov	r0, r3
 1935 012e FFF7FEFF 		bl	_mmcsd_get_capacity
 1936 0132 0246     		mov	r2, r0
 1937              		.loc 5 760 22
 1938 0134 7B68     		ldr	r3, [r7, #4]
ARM GAS  C:\Users\DEVELO~1\AppData\Local\Temp\ccfH0FMk.s 			page 35


 1939 0136 9A62     		str	r2, [r3, #40]
 1940 0138 07E0     		b	.L134
 1941              	.L131:
 1942              		.loc 5 765 46
 1943 013a 7B68     		ldr	r3, [r7, #4]
 1944 013c 1833     		adds	r3, r3, #24
 1945              		.loc 5 765 22
 1946 013e 1846     		mov	r0, r3
 1947 0140 FFF7FEFF 		bl	_mmcsd_get_capacity
 1948 0144 0246     		mov	r2, r0
 1949              		.loc 5 765 20
 1950 0146 7B68     		ldr	r3, [r7, #4]
 1951 0148 9A62     		str	r2, [r3, #40]
 1952              	.L134:
 1953              		.loc 5 769 7
 1954 014a 07F11003 		add	r3, r7, #16
 1955 014e 4FF40072 		mov	r2, #512
 1956 0152 1021     		movs	r1, #16
 1957 0154 7868     		ldr	r0, [r7, #4]
 1958 0156 FFF7FEFF 		bl	sdc_lld_send_cmd_short_crc
 1959 015a 0346     		mov	r3, r0
 1960              		.loc 5 769 6
 1961 015c 002B     		cmp	r3, #0
 1962 015e 33D1     		bne	.L154
 1963              		.loc 5 771 7
 1964 0160 3A69     		ldr	r2, [r7, #16]
 1965 0162 204B     		ldr	r3, .L157
 1966 0164 1340     		ands	r3, r3, r2
 1967              		.loc 5 770 58
 1968 0166 002B     		cmp	r3, #0
 1969 0168 2ED1     		bne	.L154
 1970              		.loc 5 776 15
 1971 016a 7B68     		ldr	r3, [r7, #4]
 1972 016c 1B6B     		ldr	r3, [r3, #48]
 1973              		.loc 5 776 26
 1974 016e 03F00F03 		and	r3, r3, #15
 1975              		.loc 5 776 3
 1976 0172 012B     		cmp	r3, #1
 1977 0174 02D9     		bls	.L137
 1978 0176 022B     		cmp	r3, #2
 1979 0178 07D0     		beq	.L138
 1980              		.loc 5 790 5
 1981 017a 28E0     		b	.L122
 1982              	.L137:
 1983              		.loc 5 779 23
 1984 017c 7868     		ldr	r0, [r7, #4]
 1985 017e FFF7FEFF 		bl	sdc_set_bus_width
 1986 0182 0346     		mov	r3, r0
 1987              		.loc 5 779 8
 1988 0184 002B     		cmp	r3, #0
 1989 0186 07D0     		beq	.L155
 1990              		.loc 5 780 7
 1991 0188 21E0     		b	.L122
 1992              	.L138:
 1993              		.loc 5 784 9
 1994 018a 7868     		ldr	r0, [r7, #4]
 1995 018c FFF7FEFF 		bl	mmc_set_bus_width
ARM GAS  C:\Users\DEVELO~1\AppData\Local\Temp\ccfH0FMk.s 			page 36


 1996 0190 0346     		mov	r3, r0
 1997              		.loc 5 784 8
 1998 0192 002B     		cmp	r3, #0
 1999 0194 1AD1     		bne	.L156
 2000              		.loc 5 787 5
 2001 0196 00E0     		b	.L141
 2002              	.L155:
 2003              		.loc 5 782 5
 2004 0198 00BF     		nop
 2005              	.L141:
 2006              		.loc 5 794 15
 2007 019a 7B68     		ldr	r3, [r7, #4]
 2008 019c 0522     		movs	r2, #5
 2009 019e 1A71     		strb	r2, [r3, #4]
 2010              		.loc 5 795 10
 2011 01a0 0023     		movs	r3, #0
 2012 01a2 1BE0     		b	.L144
 2013              	.L145:
 2014              		.loc 5 694 5
 2015 01a4 00BF     		nop
 2016 01a6 12E0     		b	.L122
 2017              	.L146:
 2018              		.loc 5 705 7
 2019 01a8 00BF     		nop
 2020 01aa 10E0     		b	.L122
 2021              	.L147:
 2022              		.loc 5 711 5
 2023 01ac 00BF     		nop
 2024 01ae 0EE0     		b	.L122
 2025              	.L148:
 2026              		.loc 5 717 5
 2027 01b0 00BF     		nop
 2028 01b2 0CE0     		b	.L122
 2029              	.L149:
 2030              		.loc 5 723 5
 2031 01b4 00BF     		nop
 2032 01b6 0AE0     		b	.L122
 2033              	.L150:
 2034              		.loc 5 729 5
 2035 01b8 00BF     		nop
 2036 01ba 08E0     		b	.L122
 2037              	.L151:
 2038              		.loc 5 734 5
 2039 01bc 00BF     		nop
 2040 01be 06E0     		b	.L122
 2041              	.L152:
 2042              		.loc 5 740 5
 2043 01c0 00BF     		nop
 2044 01c2 04E0     		b	.L122
 2045              	.L153:
 2046              	.LBB23:
 2047              		.loc 5 752 9
 2048 01c4 00BF     		nop
 2049 01c6 02E0     		b	.L122
 2050              	.L154:
 2051              	.LBE23:
 2052              		.loc 5 772 5
ARM GAS  C:\Users\DEVELO~1\AppData\Local\Temp\ccfH0FMk.s 			page 37


 2053 01c8 00BF     		nop
 2054 01ca 00E0     		b	.L122
 2055              	.L156:
 2056              		.loc 5 785 7
 2057 01cc 00BF     		nop
 2058              	.L122:
 2059              		.loc 5 799 3
 2060 01ce 7868     		ldr	r0, [r7, #4]
 2061 01d0 FFF7FEFF 		bl	sdc_lld_stop_clk
 2062              		.loc 5 800 15
 2063 01d4 7B68     		ldr	r3, [r7, #4]
 2064 01d6 0222     		movs	r2, #2
 2065 01d8 1A71     		strb	r2, [r3, #4]
 2066              		.loc 5 801 10
 2067 01da 0123     		movs	r3, #1
 2068              	.L144:
 2069              		.loc 5 802 1 discriminator 1
 2070 01dc 1846     		mov	r0, r3
 2071 01de 1837     		adds	r7, r7, #24
 2072              		.cfi_def_cfa_offset 8
 2073 01e0 BD46     		mov	sp, r7
 2074              		.cfi_def_cfa_register 13
 2075              		@ sp needed
 2076 01e2 80BD     		pop	{r7, pc}
 2077              	.L158:
 2078              		.align	2
 2079              	.L157:
 2080 01e4 08E0FFFD 		.word	-33562616
 2081              		.cfi_endproc
 2082              	.LFE451:
 2083              		.size	sdcConnect, .-sdcConnect
 2084              		.section	.text.sdcDisconnect,"ax",%progbits
 2085              		.align	1
 2086              		.global	sdcDisconnect
 2087              		.syntax unified
 2088              		.thumb
 2089              		.thumb_func
 2090              		.type	sdcDisconnect, %function
 2091              	sdcDisconnect:
 2092              	.LFB452:
 2093              		.loc 5 815 37
 2094              		.cfi_startproc
 2095              		@ args = 0, pretend = 0, frame = 8
 2096              		@ frame_needed = 1, uses_anonymous_args = 0
 2097 0000 80B5     		push	{r7, lr}
 2098              		.cfi_def_cfa_offset 8
 2099              		.cfi_offset 7, -8
 2100              		.cfi_offset 14, -4
 2101 0002 82B0     		sub	sp, sp, #8
 2102              		.cfi_def_cfa_offset 16
 2103 0004 00AF     		add	r7, sp, #0
 2104              		.cfi_def_cfa_register 7
 2105 0006 7860     		str	r0, [r7, #4]
 2106              		.loc 5 819 3
 2107 0008 FFF7FEFF 		bl	osalSysLock
 2108              		.loc 5 822 11
 2109 000c 7B68     		ldr	r3, [r7, #4]
ARM GAS  C:\Users\DEVELO~1\AppData\Local\Temp\ccfH0FMk.s 			page 38


 2110 000e 1B79     		ldrb	r3, [r3, #4]	@ zero_extendqisi2
 2111              		.loc 5 822 6
 2112 0010 022B     		cmp	r3, #2
 2113 0012 03D1     		bne	.L160
 2114              		.loc 5 823 5
 2115 0014 FFF7FEFF 		bl	osalSysUnlock
 2116              		.loc 5 824 12
 2117 0018 0023     		movs	r3, #0
 2118 001a 19E0     		b	.L161
 2119              	.L160:
 2120              		.loc 5 826 15
 2121 001c 7B68     		ldr	r3, [r7, #4]
 2122 001e 0422     		movs	r2, #4
 2123 0020 1A71     		strb	r2, [r3, #4]
 2124              		.loc 5 827 3
 2125 0022 FFF7FEFF 		bl	osalSysUnlock
 2126              		.loc 5 830 7
 2127 0026 7868     		ldr	r0, [r7, #4]
 2128 0028 FFF7FEFF 		bl	_sdc_wait_for_transfer_state
 2129 002c 0346     		mov	r3, r0
 2130              		.loc 5 830 6
 2131 002e 002B     		cmp	r3, #0
 2132 0030 07D0     		beq	.L162
 2133              		.loc 5 831 5
 2134 0032 7868     		ldr	r0, [r7, #4]
 2135 0034 FFF7FEFF 		bl	sdc_lld_stop_clk
 2136              		.loc 5 832 17
 2137 0038 7B68     		ldr	r3, [r7, #4]
 2138 003a 0222     		movs	r2, #2
 2139 003c 1A71     		strb	r2, [r3, #4]
 2140              		.loc 5 833 12
 2141 003e 0123     		movs	r3, #1
 2142 0040 06E0     		b	.L161
 2143              	.L162:
 2144              		.loc 5 837 3
 2145 0042 7868     		ldr	r0, [r7, #4]
 2146 0044 FFF7FEFF 		bl	sdc_lld_stop_clk
 2147              		.loc 5 838 15
 2148 0048 7B68     		ldr	r3, [r7, #4]
 2149 004a 0222     		movs	r2, #2
 2150 004c 1A71     		strb	r2, [r3, #4]
 2151              		.loc 5 839 10
 2152 004e 0023     		movs	r3, #0
 2153              	.L161:
 2154              		.loc 5 840 1
 2155 0050 1846     		mov	r0, r3
 2156 0052 0837     		adds	r7, r7, #8
 2157              		.cfi_def_cfa_offset 8
 2158 0054 BD46     		mov	sp, r7
 2159              		.cfi_def_cfa_register 13
 2160              		@ sp needed
 2161 0056 80BD     		pop	{r7, pc}
 2162              		.cfi_endproc
 2163              	.LFE452:
 2164              		.size	sdcDisconnect, .-sdcDisconnect
 2165              		.section	.text.sdcRead,"ax",%progbits
 2166              		.align	1
ARM GAS  C:\Users\DEVELO~1\AppData\Local\Temp\ccfH0FMk.s 			page 39


 2167              		.global	sdcRead
 2168              		.syntax unified
 2169              		.thumb
 2170              		.thumb_func
 2171              		.type	sdcRead, %function
 2172              	sdcRead:
 2173              	.LFB453:
 2174              		.loc 5 858 76
 2175              		.cfi_startproc
 2176              		@ args = 0, pretend = 0, frame = 24
 2177              		@ frame_needed = 1, uses_anonymous_args = 0
 2178 0000 80B5     		push	{r7, lr}
 2179              		.cfi_def_cfa_offset 8
 2180              		.cfi_offset 7, -8
 2181              		.cfi_offset 14, -4
 2182 0002 86B0     		sub	sp, sp, #24
 2183              		.cfi_def_cfa_offset 32
 2184 0004 00AF     		add	r7, sp, #0
 2185              		.cfi_def_cfa_register 7
 2186 0006 F860     		str	r0, [r7, #12]
 2187 0008 B960     		str	r1, [r7, #8]
 2188 000a 7A60     		str	r2, [r7, #4]
 2189 000c 3B60     		str	r3, [r7]
 2190              		.loc 5 864 17
 2191 000e BA68     		ldr	r2, [r7, #8]
 2192 0010 3B68     		ldr	r3, [r7]
 2193 0012 1344     		add	r3, r3, r2
 2194              		.loc 5 864 21
 2195 0014 5A1E     		subs	r2, r3, #1
 2196              		.loc 5 864 33
 2197 0016 FB68     		ldr	r3, [r7, #12]
 2198 0018 9B6A     		ldr	r3, [r3, #40]
 2199              		.loc 5 864 6
 2200 001a 9A42     		cmp	r2, r3
 2201 001c 07D9     		bls	.L164
 2202              		.loc 5 865 18
 2203 001e FB68     		ldr	r3, [r7, #12]
 2204 0020 5B6B     		ldr	r3, [r3, #52]
 2205 0022 43F08002 		orr	r2, r3, #128
 2206 0026 FB68     		ldr	r3, [r7, #12]
 2207 0028 5A63     		str	r2, [r3, #52]
 2208              		.loc 5 866 12
 2209 002a 0123     		movs	r3, #1
 2210 002c 0EE0     		b	.L165
 2211              	.L164:
 2212              		.loc 5 870 15
 2213 002e FB68     		ldr	r3, [r7, #12]
 2214 0030 0622     		movs	r2, #6
 2215 0032 1A71     		strb	r2, [r3, #4]
 2216              		.loc 5 872 12
 2217 0034 3B68     		ldr	r3, [r7]
 2218 0036 7A68     		ldr	r2, [r7, #4]
 2219 0038 B968     		ldr	r1, [r7, #8]
 2220 003a F868     		ldr	r0, [r7, #12]
 2221 003c FFF7FEFF 		bl	sdc_lld_read
 2222 0040 0346     		mov	r3, r0
 2223 0042 FB75     		strb	r3, [r7, #23]
ARM GAS  C:\Users\DEVELO~1\AppData\Local\Temp\ccfH0FMk.s 			page 40


 2224              		.loc 5 875 15
 2225 0044 FB68     		ldr	r3, [r7, #12]
 2226 0046 0522     		movs	r2, #5
 2227 0048 1A71     		strb	r2, [r3, #4]
 2228              		.loc 5 876 10
 2229 004a FB7D     		ldrb	r3, [r7, #23]	@ zero_extendqisi2
 2230              	.L165:
 2231              		.loc 5 877 1
 2232 004c 1846     		mov	r0, r3
 2233 004e 1837     		adds	r7, r7, #24
 2234              		.cfi_def_cfa_offset 8
 2235 0050 BD46     		mov	sp, r7
 2236              		.cfi_def_cfa_register 13
 2237              		@ sp needed
 2238 0052 80BD     		pop	{r7, pc}
 2239              		.cfi_endproc
 2240              	.LFE453:
 2241              		.size	sdcRead, .-sdcRead
 2242              		.section	.text.sdcWrite,"ax",%progbits
 2243              		.align	1
 2244              		.global	sdcWrite
 2245              		.syntax unified
 2246              		.thumb
 2247              		.thumb_func
 2248              		.type	sdcWrite, %function
 2249              	sdcWrite:
 2250              	.LFB454:
 2251              		.loc 5 896 47
 2252              		.cfi_startproc
 2253              		@ args = 0, pretend = 0, frame = 24
 2254              		@ frame_needed = 1, uses_anonymous_args = 0
 2255 0000 80B5     		push	{r7, lr}
 2256              		.cfi_def_cfa_offset 8
 2257              		.cfi_offset 7, -8
 2258              		.cfi_offset 14, -4
 2259 0002 86B0     		sub	sp, sp, #24
 2260              		.cfi_def_cfa_offset 32
 2261 0004 00AF     		add	r7, sp, #0
 2262              		.cfi_def_cfa_register 7
 2263 0006 F860     		str	r0, [r7, #12]
 2264 0008 B960     		str	r1, [r7, #8]
 2265 000a 7A60     		str	r2, [r7, #4]
 2266 000c 3B60     		str	r3, [r7]
 2267              		.loc 5 902 17
 2268 000e BA68     		ldr	r2, [r7, #8]
 2269 0010 3B68     		ldr	r3, [r7]
 2270 0012 1344     		add	r3, r3, r2
 2271              		.loc 5 902 21
 2272 0014 5A1E     		subs	r2, r3, #1
 2273              		.loc 5 902 33
 2274 0016 FB68     		ldr	r3, [r7, #12]
 2275 0018 9B6A     		ldr	r3, [r3, #40]
 2276              		.loc 5 902 6
 2277 001a 9A42     		cmp	r2, r3
 2278 001c 07D9     		bls	.L167
 2279              		.loc 5 903 18
 2280 001e FB68     		ldr	r3, [r7, #12]
ARM GAS  C:\Users\DEVELO~1\AppData\Local\Temp\ccfH0FMk.s 			page 41


 2281 0020 5B6B     		ldr	r3, [r3, #52]
 2282 0022 43F08002 		orr	r2, r3, #128
 2283 0026 FB68     		ldr	r3, [r7, #12]
 2284 0028 5A63     		str	r2, [r3, #52]
 2285              		.loc 5 904 12
 2286 002a 0123     		movs	r3, #1
 2287 002c 0EE0     		b	.L168
 2288              	.L167:
 2289              		.loc 5 908 15
 2290 002e FB68     		ldr	r3, [r7, #12]
 2291 0030 0722     		movs	r2, #7
 2292 0032 1A71     		strb	r2, [r3, #4]
 2293              		.loc 5 910 12
 2294 0034 3B68     		ldr	r3, [r7]
 2295 0036 7A68     		ldr	r2, [r7, #4]
 2296 0038 B968     		ldr	r1, [r7, #8]
 2297 003a F868     		ldr	r0, [r7, #12]
 2298 003c FFF7FEFF 		bl	sdc_lld_write
 2299 0040 0346     		mov	r3, r0
 2300 0042 FB75     		strb	r3, [r7, #23]
 2301              		.loc 5 913 15
 2302 0044 FB68     		ldr	r3, [r7, #12]
 2303 0046 0522     		movs	r2, #5
 2304 0048 1A71     		strb	r2, [r3, #4]
 2305              		.loc 5 914 10
 2306 004a FB7D     		ldrb	r3, [r7, #23]	@ zero_extendqisi2
 2307              	.L168:
 2308              		.loc 5 915 1
 2309 004c 1846     		mov	r0, r3
 2310 004e 1837     		adds	r7, r7, #24
 2311              		.cfi_def_cfa_offset 8
 2312 0050 BD46     		mov	sp, r7
 2313              		.cfi_def_cfa_register 13
 2314              		@ sp needed
 2315 0052 80BD     		pop	{r7, pc}
 2316              		.cfi_endproc
 2317              	.LFE454:
 2318              		.size	sdcWrite, .-sdcWrite
 2319              		.section	.text.sdcGetAndClearErrors,"ax",%progbits
 2320              		.align	1
 2321              		.global	sdcGetAndClearErrors
 2322              		.syntax unified
 2323              		.thumb
 2324              		.thumb_func
 2325              		.type	sdcGetAndClearErrors, %function
 2326              	sdcGetAndClearErrors:
 2327              	.LFB455:
 2328              		.loc 5 925 50
 2329              		.cfi_startproc
 2330              		@ args = 0, pretend = 0, frame = 16
 2331              		@ frame_needed = 1, uses_anonymous_args = 0
 2332 0000 80B5     		push	{r7, lr}
 2333              		.cfi_def_cfa_offset 8
 2334              		.cfi_offset 7, -8
 2335              		.cfi_offset 14, -4
 2336 0002 84B0     		sub	sp, sp, #16
 2337              		.cfi_def_cfa_offset 24
ARM GAS  C:\Users\DEVELO~1\AppData\Local\Temp\ccfH0FMk.s 			page 42


 2338 0004 00AF     		add	r7, sp, #0
 2339              		.cfi_def_cfa_register 7
 2340 0006 7860     		str	r0, [r7, #4]
 2341              		.loc 5 931 3
 2342 0008 FFF7FEFF 		bl	osalSysLock
 2343              		.loc 5 932 9
 2344 000c 7B68     		ldr	r3, [r7, #4]
 2345 000e 5B6B     		ldr	r3, [r3, #52]
 2346 0010 FB60     		str	r3, [r7, #12]
 2347              		.loc 5 933 16
 2348 0012 7B68     		ldr	r3, [r7, #4]
 2349 0014 0022     		movs	r2, #0
 2350 0016 5A63     		str	r2, [r3, #52]
 2351              		.loc 5 934 3
 2352 0018 FFF7FEFF 		bl	osalSysUnlock
 2353              		.loc 5 935 10
 2354 001c FB68     		ldr	r3, [r7, #12]
 2355              		.loc 5 936 1
 2356 001e 1846     		mov	r0, r3
 2357 0020 1037     		adds	r7, r7, #16
 2358              		.cfi_def_cfa_offset 8
 2359 0022 BD46     		mov	sp, r7
 2360              		.cfi_def_cfa_register 13
 2361              		@ sp needed
 2362 0024 80BD     		pop	{r7, pc}
 2363              		.cfi_endproc
 2364              	.LFE455:
 2365              		.size	sdcGetAndClearErrors, .-sdcGetAndClearErrors
 2366              		.section	.text.sdcSync,"ax",%progbits
 2367              		.align	1
 2368              		.global	sdcSync
 2369              		.syntax unified
 2370              		.thumb
 2371              		.thumb_func
 2372              		.type	sdcSync, %function
 2373              	sdcSync:
 2374              	.LFB456:
 2375              		.loc 5 949 31
 2376              		.cfi_startproc
 2377              		@ args = 0, pretend = 0, frame = 16
 2378              		@ frame_needed = 1, uses_anonymous_args = 0
 2379 0000 80B5     		push	{r7, lr}
 2380              		.cfi_def_cfa_offset 8
 2381              		.cfi_offset 7, -8
 2382              		.cfi_offset 14, -4
 2383 0002 84B0     		sub	sp, sp, #16
 2384              		.cfi_def_cfa_offset 24
 2385 0004 00AF     		add	r7, sp, #0
 2386              		.cfi_def_cfa_register 7
 2387 0006 7860     		str	r0, [r7, #4]
 2388              		.loc 5 954 11
 2389 0008 7B68     		ldr	r3, [r7, #4]
 2390 000a 1B79     		ldrb	r3, [r3, #4]	@ zero_extendqisi2
 2391              		.loc 5 954 6
 2392 000c 052B     		cmp	r3, #5
 2393 000e 01D0     		beq	.L172
 2394              		.loc 5 955 12
ARM GAS  C:\Users\DEVELO~1\AppData\Local\Temp\ccfH0FMk.s 			page 43


 2395 0010 0123     		movs	r3, #1
 2396 0012 0BE0     		b	.L173
 2397              	.L172:
 2398              		.loc 5 959 15
 2399 0014 7B68     		ldr	r3, [r7, #4]
 2400 0016 0822     		movs	r2, #8
 2401 0018 1A71     		strb	r2, [r3, #4]
 2402              		.loc 5 961 12
 2403 001a 7868     		ldr	r0, [r7, #4]
 2404 001c FFF7FEFF 		bl	sdc_lld_sync
 2405 0020 0346     		mov	r3, r0
 2406 0022 FB73     		strb	r3, [r7, #15]
 2407              		.loc 5 964 15
 2408 0024 7B68     		ldr	r3, [r7, #4]
 2409 0026 0522     		movs	r2, #5
 2410 0028 1A71     		strb	r2, [r3, #4]
 2411              		.loc 5 965 10
 2412 002a FB7B     		ldrb	r3, [r7, #15]	@ zero_extendqisi2
 2413              	.L173:
 2414              		.loc 5 966 1
 2415 002c 1846     		mov	r0, r3
 2416 002e 1037     		adds	r7, r7, #16
 2417              		.cfi_def_cfa_offset 8
 2418 0030 BD46     		mov	sp, r7
 2419              		.cfi_def_cfa_register 13
 2420              		@ sp needed
 2421 0032 80BD     		pop	{r7, pc}
 2422              		.cfi_endproc
 2423              	.LFE456:
 2424              		.size	sdcSync, .-sdcSync
 2425              		.section	.text.sdcGetInfo,"ax",%progbits
 2426              		.align	1
 2427              		.global	sdcGetInfo
 2428              		.syntax unified
 2429              		.thumb
 2430              		.thumb_func
 2431              		.type	sdcGetInfo, %function
 2432              	sdcGetInfo:
 2433              	.LFB457:
 2434              		.loc 5 980 57
 2435              		.cfi_startproc
 2436              		@ args = 0, pretend = 0, frame = 8
 2437              		@ frame_needed = 1, uses_anonymous_args = 0
 2438              		@ link register save eliminated.
 2439 0000 80B4     		push	{r7}
 2440              		.cfi_def_cfa_offset 4
 2441              		.cfi_offset 7, -4
 2442 0002 83B0     		sub	sp, sp, #12
 2443              		.cfi_def_cfa_offset 16
 2444 0004 00AF     		add	r7, sp, #0
 2445              		.cfi_def_cfa_register 7
 2446 0006 7860     		str	r0, [r7, #4]
 2447 0008 3960     		str	r1, [r7]
 2448              		.loc 5 984 11
 2449 000a 7B68     		ldr	r3, [r7, #4]
 2450 000c 1B79     		ldrb	r3, [r3, #4]	@ zero_extendqisi2
 2451              		.loc 5 984 6
ARM GAS  C:\Users\DEVELO~1\AppData\Local\Temp\ccfH0FMk.s 			page 44


 2452 000e 052B     		cmp	r3, #5
 2453 0010 01D0     		beq	.L175
 2454              		.loc 5 985 12
 2455 0012 0123     		movs	r3, #1
 2456 0014 08E0     		b	.L176
 2457              	.L175:
 2458              		.loc 5 988 23
 2459 0016 7B68     		ldr	r3, [r7, #4]
 2460 0018 9A6A     		ldr	r2, [r3, #40]
 2461              		.loc 5 988 17
 2462 001a 3B68     		ldr	r3, [r7]
 2463 001c 5A60     		str	r2, [r3, #4]
 2464              		.loc 5 989 18
 2465 001e 3B68     		ldr	r3, [r7]
 2466 0020 4FF40072 		mov	r2, #512
 2467 0024 1A60     		str	r2, [r3]
 2468              		.loc 5 991 10
 2469 0026 0023     		movs	r3, #0
 2470              	.L176:
 2471              		.loc 5 992 1
 2472 0028 1846     		mov	r0, r3
 2473 002a 0C37     		adds	r7, r7, #12
 2474              		.cfi_def_cfa_offset 4
 2475 002c BD46     		mov	sp, r7
 2476              		.cfi_def_cfa_register 13
 2477              		@ sp needed
 2478 002e 80BC     		pop	{r7}
 2479              		.cfi_restore 7
 2480              		.cfi_def_cfa_offset 0
 2481 0030 7047     		bx	lr
 2482              		.cfi_endproc
 2483              	.LFE457:
 2484              		.size	sdcGetInfo, .-sdcGetInfo
 2485              		.section	.text.sdcErase,"ax",%progbits
 2486              		.align	1
 2487              		.global	sdcErase
 2488              		.syntax unified
 2489              		.thumb
 2490              		.thumb_func
 2491              		.type	sdcErase, %function
 2492              	sdcErase:
 2493              	.LFB458:
 2494              		.loc 5 1007 68
 2495              		.cfi_startproc
 2496              		@ args = 0, pretend = 0, frame = 24
 2497              		@ frame_needed = 1, uses_anonymous_args = 0
 2498 0000 80B5     		push	{r7, lr}
 2499              		.cfi_def_cfa_offset 8
 2500              		.cfi_offset 7, -8
 2501              		.cfi_offset 14, -4
 2502 0002 86B0     		sub	sp, sp, #24
 2503              		.cfi_def_cfa_offset 32
 2504 0004 00AF     		add	r7, sp, #0
 2505              		.cfi_def_cfa_register 7
 2506 0006 F860     		str	r0, [r7, #12]
 2507 0008 B960     		str	r1, [r7, #8]
 2508 000a 7A60     		str	r2, [r7, #4]
ARM GAS  C:\Users\DEVELO~1\AppData\Local\Temp\ccfH0FMk.s 			page 45


 2509              		.loc 5 1014 15
 2510 000c FB68     		ldr	r3, [r7, #12]
 2511 000e 0722     		movs	r2, #7
 2512 0010 1A71     		strb	r2, [r3, #4]
 2513              		.loc 5 1017 12
 2514 0012 FB68     		ldr	r3, [r7, #12]
 2515 0014 1B6B     		ldr	r3, [r3, #48]
 2516              		.loc 5 1017 23
 2517 0016 03F01003 		and	r3, r3, #16
 2518              		.loc 5 1017 6
 2519 001a 002B     		cmp	r3, #0
 2520 001c 05D1     		bne	.L178
 2521              		.loc 5 1018 14
 2522 001e BB68     		ldr	r3, [r7, #8]
 2523 0020 5B02     		lsls	r3, r3, #9
 2524 0022 BB60     		str	r3, [r7, #8]
 2525              		.loc 5 1019 12
 2526 0024 7B68     		ldr	r3, [r7, #4]
 2527 0026 5B02     		lsls	r3, r3, #9
 2528 0028 7B60     		str	r3, [r7, #4]
 2529              	.L178:
 2530              		.loc 5 1022 7
 2531 002a F868     		ldr	r0, [r7, #12]
 2532 002c FFF7FEFF 		bl	_sdc_wait_for_transfer_state
 2533 0030 0346     		mov	r3, r0
 2534              		.loc 5 1022 6
 2535 0032 002B     		cmp	r3, #0
 2536 0034 37D1     		bne	.L190
 2537              		.loc 5 1026 8
 2538 0036 07F11403 		add	r3, r7, #20
 2539 003a BA68     		ldr	r2, [r7, #8]
 2540 003c 2021     		movs	r1, #32
 2541 003e F868     		ldr	r0, [r7, #12]
 2542 0040 FFF7FEFF 		bl	sdc_lld_send_cmd_short_crc
 2543 0044 0346     		mov	r3, r0
 2544              		.loc 5 1026 6
 2545 0046 002B     		cmp	r3, #0
 2546 0048 2FD1     		bne	.L191
 2547              		.loc 5 1028 7
 2548 004a 7A69     		ldr	r2, [r7, #20]
 2549 004c 1E4B     		ldr	r3, .L195
 2550 004e 1340     		ands	r3, r3, r2
 2551              		.loc 5 1027 67
 2552 0050 002B     		cmp	r3, #0
 2553 0052 2AD1     		bne	.L191
 2554              		.loc 5 1032 8
 2555 0054 07F11403 		add	r3, r7, #20
 2556 0058 7A68     		ldr	r2, [r7, #4]
 2557 005a 2121     		movs	r1, #33
 2558 005c F868     		ldr	r0, [r7, #12]
 2559 005e FFF7FEFF 		bl	sdc_lld_send_cmd_short_crc
 2560 0062 0346     		mov	r3, r0
 2561              		.loc 5 1032 6
 2562 0064 002B     		cmp	r3, #0
 2563 0066 22D1     		bne	.L192
 2564              		.loc 5 1034 7
 2565 0068 7A69     		ldr	r2, [r7, #20]
ARM GAS  C:\Users\DEVELO~1\AppData\Local\Temp\ccfH0FMk.s 			page 46


 2566 006a 174B     		ldr	r3, .L195
 2567 006c 1340     		ands	r3, r3, r2
 2568              		.loc 5 1033 65
 2569 006e 002B     		cmp	r3, #0
 2570 0070 1DD1     		bne	.L192
 2571              		.loc 5 1038 8
 2572 0072 07F11403 		add	r3, r7, #20
 2573 0076 0022     		movs	r2, #0
 2574 0078 2621     		movs	r1, #38
 2575 007a F868     		ldr	r0, [r7, #12]
 2576 007c FFF7FEFF 		bl	sdc_lld_send_cmd_short_crc
 2577 0080 0346     		mov	r3, r0
 2578              		.loc 5 1038 6
 2579 0082 002B     		cmp	r3, #0
 2580 0084 15D1     		bne	.L193
 2581              		.loc 5 1040 7
 2582 0086 7A69     		ldr	r2, [r7, #20]
 2583 0088 0F4B     		ldr	r3, .L195
 2584 008a 1340     		ands	r3, r3, r2
 2585              		.loc 5 1039 60
 2586 008c 002B     		cmp	r3, #0
 2587 008e 10D1     		bne	.L193
 2588              		.loc 5 1048 7
 2589 0090 F868     		ldr	r0, [r7, #12]
 2590 0092 FFF7FEFF 		bl	_sdc_wait_for_transfer_state
 2591 0096 0346     		mov	r3, r0
 2592              		.loc 5 1048 6
 2593 0098 002B     		cmp	r3, #0
 2594 009a 0CD1     		bne	.L194
 2595              		.loc 5 1052 15
 2596 009c FB68     		ldr	r3, [r7, #12]
 2597 009e 0522     		movs	r2, #5
 2598 00a0 1A71     		strb	r2, [r3, #4]
 2599              		.loc 5 1053 10
 2600 00a2 0023     		movs	r3, #0
 2601 00a4 0CE0     		b	.L189
 2602              	.L190:
 2603              		.loc 5 1023 5
 2604 00a6 00BF     		nop
 2605 00a8 06E0     		b	.L180
 2606              	.L191:
 2607              		.loc 5 1029 5
 2608 00aa 00BF     		nop
 2609 00ac 04E0     		b	.L180
 2610              	.L192:
 2611              		.loc 5 1035 5
 2612 00ae 00BF     		nop
 2613 00b0 02E0     		b	.L180
 2614              	.L193:
 2615              		.loc 5 1041 5
 2616 00b2 00BF     		nop
 2617 00b4 00E0     		b	.L180
 2618              	.L194:
 2619              		.loc 5 1049 5
 2620 00b6 00BF     		nop
 2621              	.L180:
 2622              		.loc 5 1056 15
ARM GAS  C:\Users\DEVELO~1\AppData\Local\Temp\ccfH0FMk.s 			page 47


 2623 00b8 FB68     		ldr	r3, [r7, #12]
 2624 00ba 0522     		movs	r2, #5
 2625 00bc 1A71     		strb	r2, [r3, #4]
 2626              		.loc 5 1057 10
 2627 00be 0123     		movs	r3, #1
 2628              	.L189:
 2629              		.loc 5 1058 1 discriminator 1
 2630 00c0 1846     		mov	r0, r3
 2631 00c2 1837     		adds	r7, r7, #24
 2632              		.cfi_def_cfa_offset 8
 2633 00c4 BD46     		mov	sp, r7
 2634              		.cfi_def_cfa_register 13
 2635              		@ sp needed
 2636 00c6 80BD     		pop	{r7, pc}
 2637              	.L196:
 2638              		.align	2
 2639              	.L195:
 2640 00c8 08E0FFFD 		.word	-33562616
 2641              		.cfi_endproc
 2642              	.LFE458:
 2643              		.size	sdcErase, .-sdcErase
 2644              		.text
 2645              	.Letext0:
 2646              		.file 6 "c:\\chibistudio\\tools\\gnu tools arm embedded\\11.3 2022.08\\lib\\gcc\\arm-none-eabi\\11
 2647              		.file 7 "c:\\chibistudio\\tools\\gnu tools arm embedded\\11.3 2022.08\\arm-none-eabi\\include\\mac
 2648              		.file 8 "c:\\chibistudio\\tools\\gnu tools arm embedded\\11.3 2022.08\\arm-none-eabi\\include\\sys
 2649              		.file 9 "../../../os/common/ports/ARM-common/chtypes.h"
 2650              		.file 10 "../../../os/rt/include/chearly.h"
 2651              		.file 11 "../../../os/rt/include/chobjects.h"
 2652              		.file 12 "../../../os/rt/include/chrfcu.h"
 2653              		.file 13 "../../../os/rt/include/chdebug.h"
 2654              		.file 14 "../../../os/rt/include/chtime.h"
 2655              		.file 15 "../../../os/rt/include/chlists.h"
 2656              		.file 16 "../../../os/rt/include/chtrace.h"
 2657              		.file 17 "../../../os/common/ext/ST/STM32H7xx/stm32h743xx.h"
 2658              		.file 18 "../../../os/rt/include/chsem.h"
 2659              		.file 19 "../../../os/rt/include/chmtx.h"
 2660              		.file 20 "../../../os/hal/include/hal_ioblock.h"
 2661              		.file 21 "../../../os/hal/include/hal_sdc.h"
 2662              		.file 22 "../../../os/hal/ports/STM32/LLD/SDMMCv2/hal_sdc_lld.h"
 2663              		.file 23 "../../../os/hal/include/hal_mmcsd.h"
 2664              		.file 24 "../../../os/rt/include/chthreads.h"
 2665              		.section	.debug_info,"",%progbits
 2666              	.Ldebug_info0:
 2667 0000 211A0000 		.4byte	0x1a21
 2668 0004 0500     		.2byte	0x5
 2669 0006 01       		.byte	0x1
 2670 0007 04       		.byte	0x4
 2671 0008 00000000 		.4byte	.Ldebug_abbrev0
 2672 000c 2E       		.uleb128 0x2e
 2673 000d 89040000 		.4byte	.LASF276
 2674 0011 1D       		.byte	0x1d
 2675 0012 DD090000 		.4byte	.LASF277
 2676 0016 3D020000 		.4byte	.LASF278
 2677 001a 1A000000 		.4byte	.LLRL1
 2678 001e 00000000 		.4byte	0
 2679 0022 00000000 		.4byte	.Ldebug_line0
ARM GAS  C:\Users\DEVELO~1\AppData\Local\Temp\ccfH0FMk.s 			page 48


 2680 0026 2F       		.uleb128 0x2f
 2681 0027 04       		.byte	0x4
 2682 0028 05       		.byte	0x5
 2683 0029 696E7400 		.ascii	"int\000"
 2684 002d 03       		.uleb128 0x3
 2685 002e 7B040000 		.4byte	.LASF4
 2686 0032 06       		.byte	0x6
 2687 0033 D1       		.byte	0xd1
 2688 0034 17       		.byte	0x17
 2689 0035 3E000000 		.4byte	0x3e
 2690 0039 09       		.uleb128 0x9
 2691 003a 2D000000 		.4byte	0x2d
 2692 003e 10       		.uleb128 0x10
 2693 003f 04       		.byte	0x4
 2694 0040 07       		.byte	0x7
 2695 0041 6F060000 		.4byte	.LASF0
 2696 0045 10       		.uleb128 0x10
 2697 0046 08       		.byte	0x8
 2698 0047 05       		.byte	0x5
 2699 0048 26070000 		.4byte	.LASF1
 2700 004c 10       		.uleb128 0x10
 2701 004d 08       		.byte	0x8
 2702 004e 04       		.byte	0x4
 2703 004f 9B080000 		.4byte	.LASF2
 2704 0053 10       		.uleb128 0x10
 2705 0054 01       		.byte	0x1
 2706 0055 06       		.byte	0x6
 2707 0056 630C0000 		.4byte	.LASF3
 2708 005a 03       		.uleb128 0x3
 2709 005b 3C0A0000 		.4byte	.LASF5
 2710 005f 07       		.byte	0x7
 2711 0060 2B       		.byte	0x2b
 2712 0061 18       		.byte	0x18
 2713 0062 66000000 		.4byte	0x66
 2714 0066 10       		.uleb128 0x10
 2715 0067 01       		.byte	0x1
 2716 0068 08       		.byte	0x8
 2717 0069 690B0000 		.4byte	.LASF6
 2718 006d 10       		.uleb128 0x10
 2719 006e 02       		.byte	0x2
 2720 006f 05       		.byte	0x5
 2721 0070 3A090000 		.4byte	.LASF7
 2722 0074 03       		.uleb128 0x3
 2723 0075 BD030000 		.4byte	.LASF8
 2724 0079 07       		.byte	0x7
 2725 007a 39       		.byte	0x39
 2726 007b 19       		.byte	0x19
 2727 007c 80000000 		.4byte	0x80
 2728 0080 10       		.uleb128 0x10
 2729 0081 02       		.byte	0x2
 2730 0082 07       		.byte	0x7
 2731 0083 750C0000 		.4byte	.LASF9
 2732 0087 03       		.uleb128 0x3
 2733 0088 3B010000 		.4byte	.LASF10
 2734 008c 07       		.byte	0x7
 2735 008d 4D       		.byte	0x4d
 2736 008e 18       		.byte	0x18
ARM GAS  C:\Users\DEVELO~1\AppData\Local\Temp\ccfH0FMk.s 			page 49


 2737 008f 93000000 		.4byte	0x93
 2738 0093 10       		.uleb128 0x10
 2739 0094 04       		.byte	0x4
 2740 0095 05       		.byte	0x5
 2741 0096 00000000 		.4byte	.LASF11
 2742 009a 03       		.uleb128 0x3
 2743 009b 770B0000 		.4byte	.LASF12
 2744 009f 07       		.byte	0x7
 2745 00a0 4F       		.byte	0x4f
 2746 00a1 19       		.byte	0x19
 2747 00a2 A6000000 		.4byte	0xa6
 2748 00a6 10       		.uleb128 0x10
 2749 00a7 04       		.byte	0x4
 2750 00a8 07       		.byte	0x7
 2751 00a9 C10A0000 		.4byte	.LASF13
 2752 00ad 03       		.uleb128 0x3
 2753 00ae 64060000 		.4byte	.LASF14
 2754 00b2 07       		.byte	0x7
 2755 00b3 69       		.byte	0x69
 2756 00b4 19       		.byte	0x19
 2757 00b5 B9000000 		.4byte	0xb9
 2758 00b9 10       		.uleb128 0x10
 2759 00ba 08       		.byte	0x8
 2760 00bb 07       		.byte	0x7
 2761 00bc 7B030000 		.4byte	.LASF15
 2762 00c0 30       		.uleb128 0x30
 2763 00c1 04       		.byte	0x4
 2764 00c2 10       		.uleb128 0x10
 2765 00c3 01       		.byte	0x1
 2766 00c4 08       		.byte	0x8
 2767 00c5 F5050000 		.4byte	.LASF16
 2768 00c9 09       		.uleb128 0x9
 2769 00ca C2000000 		.4byte	0xc2
 2770 00ce 05       		.uleb128 0x5
 2771 00cf C9000000 		.4byte	0xc9
 2772 00d3 21       		.uleb128 0x21
 2773 00d4 CE000000 		.4byte	0xce
 2774 00d8 03       		.uleb128 0x3
 2775 00d9 84060000 		.4byte	.LASF17
 2776 00dd 08       		.byte	0x8
 2777 00de 18       		.byte	0x18
 2778 00df 13       		.byte	0x13
 2779 00e0 5A000000 		.4byte	0x5a
 2780 00e4 09       		.uleb128 0x9
 2781 00e5 D8000000 		.4byte	0xd8
 2782 00e9 03       		.uleb128 0x3
 2783 00ea B8080000 		.4byte	.LASF18
 2784 00ee 08       		.byte	0x8
 2785 00ef 24       		.byte	0x24
 2786 00f0 14       		.byte	0x14
 2787 00f1 74000000 		.4byte	0x74
 2788 00f5 03       		.uleb128 0x3
 2789 00f6 090B0000 		.4byte	.LASF19
 2790 00fa 08       		.byte	0x8
 2791 00fb 2C       		.byte	0x2c
 2792 00fc 13       		.byte	0x13
 2793 00fd 87000000 		.4byte	0x87
ARM GAS  C:\Users\DEVELO~1\AppData\Local\Temp\ccfH0FMk.s 			page 50


 2794 0101 03       		.uleb128 0x3
 2795 0102 0C010000 		.4byte	.LASF20
 2796 0106 08       		.byte	0x8
 2797 0107 30       		.byte	0x30
 2798 0108 14       		.byte	0x14
 2799 0109 9A000000 		.4byte	0x9a
 2800 010d 21       		.uleb128 0x21
 2801 010e 01010000 		.4byte	0x101
 2802 0112 09       		.uleb128 0x9
 2803 0113 0D010000 		.4byte	0x10d
 2804 0117 09       		.uleb128 0x9
 2805 0118 01010000 		.4byte	0x101
 2806 011c 03       		.uleb128 0x3
 2807 011d FB090000 		.4byte	.LASF21
 2808 0121 08       		.byte	0x8
 2809 0122 3C       		.byte	0x3c
 2810 0123 14       		.byte	0x14
 2811 0124 AD000000 		.4byte	0xad
 2812 0128 21       		.uleb128 0x21
 2813 0129 1C010000 		.4byte	0x11c
 2814 012d 03       		.uleb128 0x3
 2815 012e 90090000 		.4byte	.LASF22
 2816 0132 09       		.byte	0x9
 2817 0133 48       		.byte	0x48
 2818 0134 1D       		.byte	0x1d
 2819 0135 1C010000 		.4byte	0x11c
 2820 0139 03       		.uleb128 0x3
 2821 013a A10C0000 		.4byte	.LASF23
 2822 013e 0A       		.byte	0xa
 2823 013f 50       		.byte	0x50
 2824 0140 19       		.byte	0x19
 2825 0141 2D010000 		.4byte	0x12d
 2826 0145 03       		.uleb128 0x3
 2827 0146 4B080000 		.4byte	.LASF24
 2828 014a 0A       		.byte	0xa
 2829 014b 53       		.byte	0x53
 2830 014c 19       		.byte	0x19
 2831 014d D8000000 		.4byte	0xd8
 2832 0151 03       		.uleb128 0x3
 2833 0152 29060000 		.4byte	.LASF25
 2834 0156 0A       		.byte	0xa
 2835 0157 54       		.byte	0x54
 2836 0158 19       		.byte	0x19
 2837 0159 D8000000 		.4byte	0xd8
 2838 015d 03       		.uleb128 0x3
 2839 015e B90A0000 		.4byte	.LASF26
 2840 0162 0A       		.byte	0xa
 2841 0163 55       		.byte	0x55
 2842 0164 19       		.byte	0x19
 2843 0165 D8000000 		.4byte	0xd8
 2844 0169 03       		.uleb128 0x3
 2845 016a 10030000 		.4byte	.LASF27
 2846 016e 0A       		.byte	0xa
 2847 016f 57       		.byte	0x57
 2848 0170 19       		.byte	0x19
 2849 0171 01010000 		.4byte	0x101
 2850 0175 03       		.uleb128 0x3
ARM GAS  C:\Users\DEVELO~1\AppData\Local\Temp\ccfH0FMk.s 			page 51


 2851 0176 51070000 		.4byte	.LASF28
 2852 017a 0A       		.byte	0xa
 2853 017b 58       		.byte	0x58
 2854 017c 19       		.byte	0x19
 2855 017d F5000000 		.4byte	0xf5
 2856 0181 03       		.uleb128 0x3
 2857 0182 E0020000 		.4byte	.LASF29
 2858 0186 0A       		.byte	0xa
 2859 0187 5A       		.byte	0x5a
 2860 0188 19       		.byte	0x19
 2861 0189 01010000 		.4byte	0x101
 2862 018d 03       		.uleb128 0x3
 2863 018e 2A0C0000 		.4byte	.LASF30
 2864 0192 0A       		.byte	0xa
 2865 0193 5C       		.byte	0x5c
 2866 0194 19       		.byte	0x19
 2867 0195 F5000000 		.4byte	0xf5
 2868 0199 03       		.uleb128 0x3
 2869 019a A30D0000 		.4byte	.LASF31
 2870 019e 0A       		.byte	0xa
 2871 019f 80       		.byte	0x80
 2872 01a0 12       		.byte	0x12
 2873 01a1 3E000000 		.4byte	0x3e
 2874 01a5 03       		.uleb128 0x3
 2875 01a6 5E000000 		.4byte	.LASF32
 2876 01aa 0A       		.byte	0xa
 2877 01ab 85       		.byte	0x85
 2878 01ac 1A       		.byte	0x1a
 2879 01ad B1010000 		.4byte	0x1b1
 2880 01b1 0F       		.uleb128 0xf
 2881 01b2 A4060000 		.4byte	.LASF47
 2882 01b6 48       		.byte	0x48
 2883 01b7 0B       		.byte	0xb
 2884 01b8 9C       		.byte	0x9c
 2885 01b9 08       		.byte	0x8
 2886 01ba 94020000 		.4byte	0x294
 2887 01be 0B       		.uleb128 0xb
 2888 01bf 68647200 		.ascii	"hdr\000"
 2889 01c3 0B       		.byte	0xb
 2890 01c4 AD       		.byte	0xad
 2891 01c5 05       		.byte	0x5
 2892 01c6 1B090000 		.4byte	0x91b
 2893 01ca 00       		.byte	0
 2894 01cb 0B       		.uleb128 0xb
 2895 01cc 63747800 		.ascii	"ctx\000"
 2896 01d0 0B       		.byte	0xb
 2897 01d1 B1       		.byte	0xb1
 2898 01d2 21       		.byte	0x21
 2899 01d3 86080000 		.4byte	0x886
 2900 01d7 0C       		.byte	0xc
 2901 01d8 02       		.uleb128 0x2
 2902 01d9 32060000 		.4byte	.LASF33
 2903 01dd 0B       		.byte	0xb
 2904 01de B6       		.byte	0xb6
 2905 01df 21       		.byte	0x21
 2906 01e0 D8030000 		.4byte	0x3d8
 2907 01e4 10       		.byte	0x10
ARM GAS  C:\Users\DEVELO~1\AppData\Local\Temp\ccfH0FMk.s 			page 52


 2908 01e5 02       		.uleb128 0x2
 2909 01e6 EF030000 		.4byte	.LASF34
 2910 01ea 0B       		.byte	0xb
 2911 01eb BB       		.byte	0xbb
 2912 01ec 22       		.byte	0x22
 2913 01ed 1D0A0000 		.4byte	0xa1d
 2914 01f1 18       		.byte	0x18
 2915 01f2 02       		.uleb128 0x2
 2916 01f3 2A000000 		.4byte	.LASF35
 2917 01f7 0B       		.byte	0xb
 2918 01f8 C0       		.byte	0xc0
 2919 01f9 22       		.byte	0x22
 2920 01fa CE000000 		.4byte	0xce
 2921 01fe 1C       		.byte	0x1c
 2922 01ff 02       		.uleb128 0x2
 2923 0200 22060000 		.4byte	.LASF36
 2924 0204 0B       		.byte	0xb
 2925 0205 C9       		.byte	0xc9
 2926 0206 22       		.byte	0x22
 2927 0207 220A0000 		.4byte	0xa22
 2928 020b 20       		.byte	0x20
 2929 020c 02       		.uleb128 0x2
 2930 020d EF0B0000 		.4byte	.LASF37
 2931 0211 0B       		.byte	0xb
 2932 0212 CE       		.byte	0xce
 2933 0213 21       		.byte	0x21
 2934 0214 51010000 		.4byte	0x151
 2935 0218 24       		.byte	0x24
 2936 0219 02       		.uleb128 0x2
 2937 021a 9C000000 		.4byte	.LASF38
 2938 021e 0B       		.byte	0xb
 2939 021f D2       		.byte	0xd2
 2940 0220 21       		.byte	0x21
 2941 0221 45010000 		.4byte	0x145
 2942 0225 25       		.byte	0x25
 2943 0226 02       		.uleb128 0x2
 2944 0227 5A010000 		.4byte	.LASF39
 2945 022b 0B       		.byte	0xb
 2946 022c D7       		.byte	0xd7
 2947 022d 21       		.byte	0x21
 2948 022e 5D010000 		.4byte	0x15d
 2949 0232 26       		.byte	0x26
 2950 0233 0A       		.uleb128 0xa
 2951 0234 7500     		.ascii	"u\000"
 2952 0236 0B       		.byte	0xb
 2953 0237 2801     		.2byte	0x128
 2954 0239 21       		.byte	0x21
 2955 023a 48090000 		.4byte	0x948
 2956 023e 28       		.byte	0x28
 2957 023f 04       		.uleb128 0x4
 2958 0240 820B0000 		.4byte	.LASF40
 2959 0244 0B       		.byte	0xb
 2960 0245 2D01     		.2byte	0x12d
 2961 0247 21       		.byte	0x21
 2962 0248 AC030000 		.4byte	0x3ac
 2963 024c 2C       		.byte	0x2c
 2964 024d 04       		.uleb128 0x4
ARM GAS  C:\Users\DEVELO~1\AppData\Local\Temp\ccfH0FMk.s 			page 53


 2965 024e 93060000 		.4byte	.LASF41
 2966 0252 0B       		.byte	0xb
 2967 0253 3301     		.2byte	0x133
 2968 0255 21       		.byte	0x21
 2969 0256 D8030000 		.4byte	0x3d8
 2970 025a 30       		.byte	0x30
 2971 025b 04       		.uleb128 0x4
 2972 025c E9000000 		.4byte	.LASF42
 2973 0260 0B       		.byte	0xb
 2974 0261 3901     		.2byte	0x139
 2975 0263 21       		.byte	0x21
 2976 0264 81010000 		.4byte	0x181
 2977 0268 38       		.byte	0x38
 2978 0269 04       		.uleb128 0x4
 2979 026a 0F040000 		.4byte	.LASF43
 2980 026e 0B       		.byte	0xb
 2981 026f 4001     		.2byte	0x140
 2982 0271 22       		.byte	0x22
 2983 0272 180A0000 		.4byte	0xa18
 2984 0276 3C       		.byte	0x3c
 2985 0277 04       		.uleb128 0x4
 2986 0278 AC000000 		.4byte	.LASF44
 2987 027c 0B       		.byte	0xb
 2988 027d 4401     		.2byte	0x144
 2989 027f 21       		.byte	0x21
 2990 0280 69010000 		.4byte	0x169
 2991 0284 40       		.byte	0x40
 2992 0285 04       		.uleb128 0x4
 2993 0286 AD0D0000 		.4byte	.LASF45
 2994 028a 0B       		.byte	0xb
 2995 028b 4B01     		.2byte	0x14b
 2996 028d 22       		.byte	0x22
 2997 028e C0000000 		.4byte	0xc0
 2998 0292 44       		.byte	0x44
 2999 0293 00       		.byte	0
 3000 0294 03       		.uleb128 0x3
 3001 0295 FD0B0000 		.4byte	.LASF46
 3002 0299 0A       		.byte	0xa
 3003 029a 8A       		.byte	0x8a
 3004 029b 1F       		.byte	0x1f
 3005 029c A0020000 		.4byte	0x2a0
 3006 02a0 31       		.uleb128 0x31
 3007 02a1 9E050000 		.4byte	.LASF48
 3008 02a5 9008     		.2byte	0x890
 3009 02a7 0B       		.byte	0xb
 3010 02a8 8A01     		.2byte	0x18a
 3011 02aa 08       		.byte	0x8
 3012 02ab 2E030000 		.4byte	0x32e
 3013 02af 04       		.uleb128 0x4
 3014 02b0 150A0000 		.4byte	.LASF49
 3015 02b4 0B       		.byte	0xb
 3016 02b5 8E01     		.2byte	0x18e
 3017 02b7 21       		.byte	0x21
 3018 02b8 520A0000 		.4byte	0xa52
 3019 02bc 00       		.byte	0
 3020 02bd 04       		.uleb128 0x4
 3021 02be C2010000 		.4byte	.LASF50
ARM GAS  C:\Users\DEVELO~1\AppData\Local\Temp\ccfH0FMk.s 			page 54


 3022 02c2 0B       		.byte	0xb
 3023 02c3 9201     		.2byte	0x192
 3024 02c5 21       		.byte	0x21
 3025 02c6 DC080000 		.4byte	0x8dc
 3026 02ca 10       		.byte	0x10
 3027 02cb 04       		.uleb128 0x4
 3028 02cc 220C0000 		.4byte	.LASF51
 3029 02d0 0B       		.byte	0xb
 3030 02d1 9901     		.2byte	0x199
 3031 02d3 21       		.byte	0x21
 3032 02d4 03090000 		.4byte	0x903
 3033 02d8 28       		.byte	0x28
 3034 02d9 04       		.uleb128 0x4
 3035 02da 1E010000 		.4byte	.LASF52
 3036 02de 0B       		.byte	0xb
 3037 02df 9E01     		.2byte	0x19e
 3038 02e1 21       		.byte	0x21
 3039 02e2 99010000 		.4byte	0x199
 3040 02e6 30       		.byte	0x30
 3041 02e7 04       		.uleb128 0x4
 3042 02e8 2E040000 		.4byte	.LASF53
 3043 02ec 0B       		.byte	0xb
 3044 02ed A401     		.2byte	0x1a4
 3045 02ef 21       		.byte	0x21
 3046 02f0 55030000 		.4byte	0x355
 3047 02f4 34       		.byte	0x34
 3048 02f5 04       		.uleb128 0x4
 3049 02f6 E2080000 		.4byte	.LASF54
 3050 02fa 0B       		.byte	0xb
 3051 02fb A901     		.2byte	0x1a9
 3052 02fd 22       		.byte	0x22
 3053 02fe C40A0000 		.4byte	0xac4
 3054 0302 38       		.byte	0x38
 3055 0303 04       		.uleb128 0x4
 3056 0304 E40B0000 		.4byte	.LASF55
 3057 0308 0B       		.byte	0xb
 3058 0309 AD01     		.2byte	0x1ad
 3059 030b 21       		.byte	0x21
 3060 030c A5010000 		.4byte	0x1a5
 3061 0310 3C       		.byte	0x3c
 3062 0311 0A       		.uleb128 0xa
 3063 0312 64626700 		.ascii	"dbg\000"
 3064 0316 0B       		.byte	0xb
 3065 0317 B101     		.2byte	0x1b1
 3066 0319 21       		.byte	0x21
 3067 031a 7C030000 		.4byte	0x37c
 3068 031e 84       		.byte	0x84
 3069 031f 04       		.uleb128 0x4
 3070 0320 A2030000 		.4byte	.LASF56
 3071 0324 0B       		.byte	0xb
 3072 0325 B601     		.2byte	0x1b6
 3073 0327 21       		.byte	0x21
 3074 0328 1F060000 		.4byte	0x61f
 3075 032c 88       		.byte	0x88
 3076 032d 00       		.byte	0
 3077 032e 03       		.uleb128 0x3
 3078 032f 0A060000 		.4byte	.LASF57
ARM GAS  C:\Users\DEVELO~1\AppData\Local\Temp\ccfH0FMk.s 			page 55


 3079 0333 0C       		.byte	0xc
 3080 0334 3F       		.byte	0x3f
 3081 0335 12       		.byte	0x12
 3082 0336 01010000 		.4byte	0x101
 3083 033a 0F       		.uleb128 0xf
 3084 033b 87000000 		.4byte	.LASF58
 3085 033f 04       		.byte	0x4
 3086 0340 0C       		.byte	0xc
 3087 0341 44       		.byte	0x44
 3088 0342 10       		.byte	0x10
 3089 0343 55030000 		.4byte	0x355
 3090 0347 02       		.uleb128 0x2
 3091 0348 B5070000 		.4byte	.LASF59
 3092 034c 0C       		.byte	0xc
 3093 034d 48       		.byte	0x48
 3094 034e 21       		.byte	0x21
 3095 034f 2E030000 		.4byte	0x32e
 3096 0353 00       		.byte	0
 3097 0354 00       		.byte	0
 3098 0355 03       		.uleb128 0x3
 3099 0356 2C0B0000 		.4byte	.LASF60
 3100 035a 0C       		.byte	0xc
 3101 035b 49       		.byte	0x49
 3102 035c 03       		.byte	0x3
 3103 035d 3A030000 		.4byte	0x33a
 3104 0361 0F       		.uleb128 0xf
 3105 0362 24020000 		.4byte	.LASF61
 3106 0366 04       		.byte	0x4
 3107 0367 0D       		.byte	0xd
 3108 0368 3E       		.byte	0x3e
 3109 0369 10       		.byte	0x10
 3110 036a 7C030000 		.4byte	0x37c
 3111 036e 02       		.uleb128 0x2
 3112 036f B00B0000 		.4byte	.LASF62
 3113 0373 0D       		.byte	0xd
 3114 0374 46       		.byte	0x46
 3115 0375 24       		.byte	0x24
 3116 0376 D3000000 		.4byte	0xd3
 3117 037a 00       		.byte	0
 3118 037b 00       		.byte	0
 3119 037c 03       		.uleb128 0x3
 3120 037d CE060000 		.4byte	.LASF63
 3121 0381 0D       		.byte	0xd
 3122 0382 51       		.byte	0x51
 3123 0383 03       		.byte	0x3
 3124 0384 61030000 		.4byte	0x361
 3125 0388 03       		.uleb128 0x3
 3126 0389 A2000000 		.4byte	.LASF64
 3127 038d 0E       		.byte	0xe
 3128 038e 6D       		.byte	0x6d
 3129 038f 12       		.byte	0x12
 3130 0390 01010000 		.4byte	0x101
 3131 0394 03       		.uleb128 0x3
 3132 0395 F7070000 		.4byte	.LASF65
 3133 0399 0E       		.byte	0xe
 3134 039a 79       		.byte	0x79
 3135 039b 12       		.byte	0x12
ARM GAS  C:\Users\DEVELO~1\AppData\Local\Temp\ccfH0FMk.s 			page 56


 3136 039c 01010000 		.4byte	0x101
 3137 03a0 03       		.uleb128 0x3
 3138 03a1 16060000 		.4byte	.LASF66
 3139 03a5 0E       		.byte	0xe
 3140 03a6 9B       		.byte	0x9b
 3141 03a7 12       		.byte	0x12
 3142 03a8 1C010000 		.4byte	0x11c
 3143 03ac 03       		.uleb128 0x3
 3144 03ad C1080000 		.4byte	.LASF67
 3145 03b1 0F       		.byte	0xf
 3146 03b2 32       		.byte	0x32
 3147 03b3 18       		.byte	0x18
 3148 03b4 B8030000 		.4byte	0x3b8
 3149 03b8 0F       		.uleb128 0xf
 3150 03b9 11020000 		.4byte	.LASF68
 3151 03bd 04       		.byte	0x4
 3152 03be 0F       		.byte	0xf
 3153 03bf 38       		.byte	0x38
 3154 03c0 08       		.byte	0x8
 3155 03c1 D3030000 		.4byte	0x3d3
 3156 03c5 02       		.uleb128 0x2
 3157 03c6 07010000 		.4byte	.LASF69
 3158 03ca 0F       		.byte	0xf
 3159 03cb 39       		.byte	0x39
 3160 03cc 1A       		.byte	0x1a
 3161 03cd D3030000 		.4byte	0x3d3
 3162 03d1 00       		.byte	0
 3163 03d2 00       		.byte	0
 3164 03d3 05       		.uleb128 0x5
 3165 03d4 AC030000 		.4byte	0x3ac
 3166 03d8 03       		.uleb128 0x3
 3167 03d9 05080000 		.4byte	.LASF70
 3168 03dd 0F       		.byte	0xf
 3169 03de 3F       		.byte	0x3f
 3170 03df 19       		.byte	0x19
 3171 03e0 E4030000 		.4byte	0x3e4
 3172 03e4 0F       		.uleb128 0xf
 3173 03e5 530B0000 		.4byte	.LASF71
 3174 03e9 08       		.byte	0x8
 3175 03ea 0F       		.byte	0xf
 3176 03eb 45       		.byte	0x45
 3177 03ec 08       		.byte	0x8
 3178 03ed 0C040000 		.4byte	0x40c
 3179 03f1 02       		.uleb128 0x2
 3180 03f2 07010000 		.4byte	.LASF69
 3181 03f6 0F       		.byte	0xf
 3182 03f7 46       		.byte	0x46
 3183 03f8 1A       		.byte	0x1a
 3184 03f9 0C040000 		.4byte	0x40c
 3185 03fd 00       		.byte	0
 3186 03fe 02       		.uleb128 0x2
 3187 03ff 0C020000 		.4byte	.LASF72
 3188 0403 0F       		.byte	0xf
 3189 0404 47       		.byte	0x47
 3190 0405 1A       		.byte	0x1a
 3191 0406 0C040000 		.4byte	0x40c
 3192 040a 04       		.byte	0x4
ARM GAS  C:\Users\DEVELO~1\AppData\Local\Temp\ccfH0FMk.s 			page 57


 3193 040b 00       		.byte	0
 3194 040c 05       		.uleb128 0x5
 3195 040d D8030000 		.4byte	0x3d8
 3196 0411 03       		.uleb128 0x3
 3197 0412 14050000 		.4byte	.LASF73
 3198 0416 0F       		.byte	0xf
 3199 0417 4E       		.byte	0x4e
 3200 0418 22       		.byte	0x22
 3201 0419 1D040000 		.4byte	0x41d
 3202 041d 0F       		.uleb128 0xf
 3203 041e 410B0000 		.4byte	.LASF74
 3204 0422 0C       		.byte	0xc
 3205 0423 0F       		.byte	0xf
 3206 0424 55       		.byte	0x55
 3207 0425 08       		.byte	0x8
 3208 0426 52040000 		.4byte	0x452
 3209 042a 02       		.uleb128 0x2
 3210 042b 07010000 		.4byte	.LASF69
 3211 042f 0F       		.byte	0xf
 3212 0430 56       		.byte	0x56
 3213 0431 1A       		.byte	0x1a
 3214 0432 52040000 		.4byte	0x452
 3215 0436 00       		.byte	0
 3216 0437 02       		.uleb128 0x2
 3217 0438 0C020000 		.4byte	.LASF72
 3218 043c 0F       		.byte	0xf
 3219 043d 57       		.byte	0x57
 3220 043e 1A       		.byte	0x1a
 3221 043f 52040000 		.4byte	0x452
 3222 0443 04       		.byte	0x4
 3223 0444 02       		.uleb128 0x2
 3224 0445 C6050000 		.4byte	.LASF75
 3225 0449 0F       		.byte	0xf
 3226 044a 58       		.byte	0x58
 3227 044b 19       		.byte	0x19
 3228 044c 69010000 		.4byte	0x169
 3229 0450 08       		.byte	0x8
 3230 0451 00       		.byte	0
 3231 0452 05       		.uleb128 0x5
 3232 0453 11040000 		.4byte	0x411
 3233 0457 03       		.uleb128 0x3
 3234 0458 FA050000 		.4byte	.LASF76
 3235 045c 0F       		.byte	0xf
 3236 045d 5F       		.byte	0x5f
 3237 045e 1E       		.byte	0x1e
 3238 045f 63040000 		.4byte	0x463
 3239 0463 0F       		.uleb128 0xf
 3240 0464 C5020000 		.4byte	.LASF77
 3241 0468 0C       		.byte	0xc
 3242 0469 0F       		.byte	0xf
 3243 046a 64       		.byte	0x64
 3244 046b 08       		.byte	0x8
 3245 046c 98040000 		.4byte	0x498
 3246 0470 02       		.uleb128 0x2
 3247 0471 07010000 		.4byte	.LASF69
 3248 0475 0F       		.byte	0xf
 3249 0476 65       		.byte	0x65
ARM GAS  C:\Users\DEVELO~1\AppData\Local\Temp\ccfH0FMk.s 			page 58


 3250 0477 1A       		.byte	0x1a
 3251 0478 98040000 		.4byte	0x498
 3252 047c 00       		.byte	0
 3253 047d 02       		.uleb128 0x2
 3254 047e 0C020000 		.4byte	.LASF72
 3255 0482 0F       		.byte	0xf
 3256 0483 66       		.byte	0x66
 3257 0484 1A       		.byte	0x1a
 3258 0485 98040000 		.4byte	0x498
 3259 0489 04       		.byte	0x4
 3260 048a 02       		.uleb128 0x2
 3261 048b 6F0C0000 		.4byte	.LASF78
 3262 048f 0F       		.byte	0xf
 3263 0490 67       		.byte	0x67
 3264 0491 19       		.byte	0x19
 3265 0492 94030000 		.4byte	0x394
 3266 0496 08       		.byte	0x8
 3267 0497 00       		.byte	0
 3268 0498 05       		.uleb128 0x5
 3269 0499 57040000 		.4byte	0x457
 3270 049d 15       		.uleb128 0x15
 3271 049e 08       		.byte	0x8
 3272 049f 10       		.byte	0x10
 3273 04a0 83       		.byte	0x83
 3274 04a1 05       		.byte	0x5
 3275 04a2 C1040000 		.4byte	0x4c1
 3276 04a6 0B       		.uleb128 0xb
 3277 04a7 6E747000 		.ascii	"ntp\000"
 3278 04ab 10       		.byte	0x10
 3279 04ac 87       		.byte	0x87
 3280 04ad 1E       		.byte	0x1e
 3281 04ae C1040000 		.4byte	0x4c1
 3282 04b2 00       		.byte	0
 3283 04b3 02       		.uleb128 0x2
 3284 04b4 AB010000 		.4byte	.LASF79
 3285 04b8 10       		.byte	0x10
 3286 04b9 8B       		.byte	0x8b
 3287 04ba 1E       		.byte	0x1e
 3288 04bb C0000000 		.4byte	0xc0
 3289 04bf 04       		.byte	0x4
 3290 04c0 00       		.byte	0
 3291 04c1 05       		.uleb128 0x5
 3292 04c2 A5010000 		.4byte	0x1a5
 3293 04c6 15       		.uleb128 0x15
 3294 04c7 08       		.byte	0x8
 3295 04c8 10       		.byte	0x10
 3296 04c9 90       		.byte	0x90
 3297 04ca 05       		.byte	0x5
 3298 04cb E9040000 		.4byte	0x4e9
 3299 04cf 0B       		.uleb128 0xb
 3300 04d0 747000   		.ascii	"tp\000"
 3301 04d3 10       		.byte	0x10
 3302 04d4 94       		.byte	0x94
 3303 04d5 1E       		.byte	0x1e
 3304 04d6 C1040000 		.4byte	0x4c1
 3305 04da 00       		.byte	0
 3306 04db 0B       		.uleb128 0xb
ARM GAS  C:\Users\DEVELO~1\AppData\Local\Temp\ccfH0FMk.s 			page 59


 3307 04dc 6D736700 		.ascii	"msg\000"
 3308 04e0 10       		.byte	0x10
 3309 04e1 98       		.byte	0x98
 3310 04e2 1D       		.byte	0x1d
 3311 04e3 75010000 		.4byte	0x175
 3312 04e7 04       		.byte	0x4
 3313 04e8 00       		.byte	0
 3314 04e9 15       		.uleb128 0x15
 3315 04ea 04       		.byte	0x4
 3316 04eb 10       		.byte	0x10
 3317 04ec 9D       		.byte	0x9d
 3318 04ed 05       		.byte	0x5
 3319 04ee 00050000 		.4byte	0x500
 3320 04f2 02       		.uleb128 0x2
 3321 04f3 2A000000 		.4byte	.LASF35
 3322 04f7 10       		.byte	0x10
 3323 04f8 A1       		.byte	0xa1
 3324 04f9 1E       		.byte	0x1e
 3325 04fa CE000000 		.4byte	0xce
 3326 04fe 00       		.byte	0
 3327 04ff 00       		.byte	0
 3328 0500 15       		.uleb128 0x15
 3329 0501 04       		.byte	0x4
 3330 0502 10       		.byte	0x10
 3331 0503 A6       		.byte	0xa6
 3332 0504 05       		.byte	0x5
 3333 0505 17050000 		.4byte	0x517
 3334 0509 02       		.uleb128 0x2
 3335 050a 9B030000 		.4byte	.LASF80
 3336 050e 10       		.byte	0x10
 3337 050f AA       		.byte	0xaa
 3338 0510 1E       		.byte	0x1e
 3339 0511 CE000000 		.4byte	0xce
 3340 0515 00       		.byte	0
 3341 0516 00       		.byte	0
 3342 0517 15       		.uleb128 0x15
 3343 0518 08       		.byte	0x8
 3344 0519 10       		.byte	0x10
 3345 051a AF       		.byte	0xaf
 3346 051b 05       		.byte	0x5
 3347 051c 3B050000 		.4byte	0x53b
 3348 0520 0B       		.uleb128 0xb
 3349 0521 75703100 		.ascii	"up1\000"
 3350 0525 10       		.byte	0x10
 3351 0526 B3       		.byte	0xb3
 3352 0527 1E       		.byte	0x1e
 3353 0528 C0000000 		.4byte	0xc0
 3354 052c 00       		.byte	0
 3355 052d 0B       		.uleb128 0xb
 3356 052e 75703200 		.ascii	"up2\000"
 3357 0532 10       		.byte	0x10
 3358 0533 B7       		.byte	0xb7
 3359 0534 1E       		.byte	0x1e
 3360 0535 C0000000 		.4byte	0xc0
 3361 0539 04       		.byte	0x4
 3362 053a 00       		.byte	0
 3363 053b 22       		.uleb128 0x22
ARM GAS  C:\Users\DEVELO~1\AppData\Local\Temp\ccfH0FMk.s 			page 60


 3364 053c 08       		.byte	0x8
 3365 053d 10       		.byte	0x10
 3366 053e 7F       		.byte	0x7f
 3367 053f 79050000 		.4byte	0x579
 3368 0543 23       		.uleb128 0x23
 3369 0544 737700   		.ascii	"sw\000"
 3370 0547 8C       		.byte	0x8c
 3371 0548 9D040000 		.4byte	0x49d
 3372 054c 23       		.uleb128 0x23
 3373 054d 72647900 		.ascii	"rdy\000"
 3374 0551 99       		.byte	0x99
 3375 0552 C6040000 		.4byte	0x4c6
 3376 0556 23       		.uleb128 0x23
 3377 0557 69737200 		.ascii	"isr\000"
 3378 055b A2       		.byte	0xa2
 3379 055c E9040000 		.4byte	0x4e9
 3380 0560 17       		.uleb128 0x17
 3381 0561 60030000 		.4byte	.LASF81
 3382 0565 10       		.byte	0x10
 3383 0566 AB       		.byte	0xab
 3384 0567 07       		.byte	0x7
 3385 0568 00050000 		.4byte	0x500
 3386 056c 17       		.uleb128 0x17
 3387 056d 62040000 		.4byte	.LASF82
 3388 0571 10       		.byte	0x10
 3389 0572 B8       		.byte	0xb8
 3390 0573 07       		.byte	0x7
 3391 0574 17050000 		.4byte	0x517
 3392 0578 00       		.byte	0
 3393 0579 15       		.uleb128 0x15
 3394 057a 10       		.byte	0x10
 3395 057b 10       		.byte	0x10
 3396 057c 6C       		.byte	0x6c
 3397 057d 09       		.byte	0x9
 3398 057e BF050000 		.4byte	0x5bf
 3399 0582 24       		.uleb128 0x24
 3400 0583 640B0000 		.4byte	.LASF83
 3401 0587 70       		.byte	0x70
 3402 0588 01010000 		.4byte	0x101
 3403 058c 03       		.byte	0x3
 3404 058d 00       		.byte	0
 3405 058e 24       		.uleb128 0x24
 3406 058f EF0B0000 		.4byte	.LASF37
 3407 0593 74       		.byte	0x74
 3408 0594 01010000 		.4byte	0x101
 3409 0598 05       		.byte	0x5
 3410 0599 03       		.byte	0x3
 3411 059a 24       		.uleb128 0x24
 3412 059b EA0A0000 		.4byte	.LASF84
 3413 059f 7A       		.byte	0x7a
 3414 05a0 01010000 		.4byte	0x101
 3415 05a4 18       		.byte	0x18
 3416 05a5 08       		.byte	0x8
 3417 05a6 02       		.uleb128 0x2
 3418 05a7 28030000 		.4byte	.LASF85
 3419 05ab 10       		.byte	0x10
 3420 05ac 7E       		.byte	0x7e
ARM GAS  C:\Users\DEVELO~1\AppData\Local\Temp\ccfH0FMk.s 			page 61


 3421 05ad 19       		.byte	0x19
 3422 05ae 88030000 		.4byte	0x388
 3423 05b2 04       		.byte	0x4
 3424 05b3 0B       		.uleb128 0xb
 3425 05b4 7500     		.ascii	"u\000"
 3426 05b6 10       		.byte	0x10
 3427 05b7 B9       		.byte	0xb9
 3428 05b8 05       		.byte	0x5
 3429 05b9 3B050000 		.4byte	0x53b
 3430 05bd 08       		.byte	0x8
 3431 05be 00       		.byte	0
 3432 05bf 03       		.uleb128 0x3
 3433 05c0 EC020000 		.4byte	.LASF86
 3434 05c4 10       		.byte	0x10
 3435 05c5 BA       		.byte	0xba
 3436 05c6 03       		.byte	0x3
 3437 05c7 79050000 		.4byte	0x579
 3438 05cb 32       		.uleb128 0x32
 3439 05cc 0808     		.2byte	0x808
 3440 05ce 10       		.byte	0x10
 3441 05cf C0       		.byte	0xc0
 3442 05d0 09       		.byte	0x9
 3443 05d1 0A060000 		.4byte	0x60a
 3444 05d5 02       		.uleb128 0x2
 3445 05d6 BC000000 		.4byte	.LASF87
 3446 05da 10       		.byte	0x10
 3447 05db C4       		.byte	0xc4
 3448 05dc 19       		.byte	0x19
 3449 05dd E9000000 		.4byte	0xe9
 3450 05e1 00       		.byte	0
 3451 05e2 02       		.uleb128 0x2
 3452 05e3 A4070000 		.4byte	.LASF88
 3453 05e7 10       		.byte	0x10
 3454 05e8 C8       		.byte	0xc8
 3455 05e9 19       		.byte	0x19
 3456 05ea E9000000 		.4byte	0xe9
 3457 05ee 02       		.byte	0x2
 3458 05ef 0B       		.uleb128 0xb
 3459 05f0 70747200 		.ascii	"ptr\000"
 3460 05f4 10       		.byte	0x10
 3461 05f5 CC       		.byte	0xcc
 3462 05f6 1A       		.byte	0x1a
 3463 05f7 0A060000 		.4byte	0x60a
 3464 05fb 04       		.byte	0x4
 3465 05fc 02       		.uleb128 0x2
 3466 05fd B5000000 		.4byte	.LASF89
 3467 0601 10       		.byte	0x10
 3468 0602 D0       		.byte	0xd0
 3469 0603 19       		.byte	0x19
 3470 0604 0F060000 		.4byte	0x60f
 3471 0608 08       		.byte	0x8
 3472 0609 00       		.byte	0
 3473 060a 05       		.uleb128 0x5
 3474 060b BF050000 		.4byte	0x5bf
 3475 060f 0C       		.uleb128 0xc
 3476 0610 BF050000 		.4byte	0x5bf
 3477 0614 1F060000 		.4byte	0x61f
ARM GAS  C:\Users\DEVELO~1\AppData\Local\Temp\ccfH0FMk.s 			page 62


 3478 0618 0D       		.uleb128 0xd
 3479 0619 3E000000 		.4byte	0x3e
 3480 061d 7F       		.byte	0x7f
 3481 061e 00       		.byte	0
 3482 061f 03       		.uleb128 0x3
 3483 0620 3C080000 		.4byte	.LASF90
 3484 0624 10       		.byte	0x10
 3485 0625 D1       		.byte	0xd1
 3486 0626 03       		.byte	0x3
 3487 0627 CB050000 		.4byte	0x5cb
 3488 062b 0C       		.uleb128 0xc
 3489 062c 01010000 		.4byte	0x101
 3490 0630 3B060000 		.4byte	0x63b
 3491 0634 0D       		.uleb128 0xd
 3492 0635 3E000000 		.4byte	0x3e
 3493 0639 00       		.byte	0
 3494 063a 00       		.byte	0
 3495 063b 0C       		.uleb128 0xc
 3496 063c 01010000 		.4byte	0x101
 3497 0640 4B060000 		.4byte	0x64b
 3498 0644 0D       		.uleb128 0xd
 3499 0645 3E000000 		.4byte	0x3e
 3500 0649 07       		.byte	0x7
 3501 064a 00       		.byte	0
 3502 064b 0C       		.uleb128 0xc
 3503 064c 01010000 		.4byte	0x101
 3504 0650 5B060000 		.4byte	0x65b
 3505 0654 0D       		.uleb128 0xd
 3506 0655 3E000000 		.4byte	0x3e
 3507 0659 03       		.byte	0x3
 3508 065a 00       		.byte	0
 3509 065b 0C       		.uleb128 0xc
 3510 065c 01010000 		.4byte	0x101
 3511 0660 6B060000 		.4byte	0x66b
 3512 0664 0D       		.uleb128 0xd
 3513 0665 3E000000 		.4byte	0x3e
 3514 0669 02       		.byte	0x2
 3515 066a 00       		.byte	0
 3516 066b 33       		.uleb128 0x33
 3517 066c 0004     		.2byte	0x400
 3518 066e 11       		.byte	0x11
 3519 066f 7D05     		.2byte	0x57d
 3520 0671 09       		.byte	0x9
 3521 0672 E4070000 		.4byte	0x7e4
 3522 0676 04       		.uleb128 0x4
 3523 0677 A40A0000 		.4byte	.LASF91
 3524 067b 11       		.byte	0x11
 3525 067c 7F05     		.2byte	0x57f
 3526 067e 11       		.byte	0x11
 3527 067f 0D010000 		.4byte	0x10d
 3528 0683 00       		.byte	0
 3529 0684 04       		.uleb128 0x4
 3530 0685 69090000 		.4byte	.LASF92
 3531 0689 11       		.byte	0x11
 3532 068a 8005     		.2byte	0x580
 3533 068c 11       		.byte	0x11
 3534 068d 0D010000 		.4byte	0x10d
ARM GAS  C:\Users\DEVELO~1\AppData\Local\Temp\ccfH0FMk.s 			page 63


 3535 0691 04       		.byte	0x4
 3536 0692 0A       		.uleb128 0xa
 3537 0693 41524700 		.ascii	"ARG\000"
 3538 0697 11       		.byte	0x11
 3539 0698 8105     		.2byte	0x581
 3540 069a 11       		.byte	0x11
 3541 069b 0D010000 		.4byte	0x10d
 3542 069f 08       		.byte	0x8
 3543 06a0 0A       		.uleb128 0xa
 3544 06a1 434D4400 		.ascii	"CMD\000"
 3545 06a5 11       		.byte	0x11
 3546 06a6 8205     		.2byte	0x582
 3547 06a8 11       		.byte	0x11
 3548 06a9 0D010000 		.4byte	0x10d
 3549 06ad 0C       		.byte	0xc
 3550 06ae 04       		.uleb128 0x4
 3551 06af F50B0000 		.4byte	.LASF93
 3552 06b3 11       		.byte	0x11
 3553 06b4 8305     		.2byte	0x583
 3554 06b6 11       		.byte	0x11
 3555 06b7 12010000 		.4byte	0x112
 3556 06bb 10       		.byte	0x10
 3557 06bc 04       		.uleb128 0x4
 3558 06bd DD050000 		.4byte	.LASF94
 3559 06c1 11       		.byte	0x11
 3560 06c2 8405     		.2byte	0x584
 3561 06c4 11       		.byte	0x11
 3562 06c5 12010000 		.4byte	0x112
 3563 06c9 14       		.byte	0x14
 3564 06ca 04       		.uleb128 0x4
 3565 06cb E3050000 		.4byte	.LASF95
 3566 06cf 11       		.byte	0x11
 3567 06d0 8505     		.2byte	0x585
 3568 06d2 11       		.byte	0x11
 3569 06d3 12010000 		.4byte	0x112
 3570 06d7 18       		.byte	0x18
 3571 06d8 04       		.uleb128 0x4
 3572 06d9 E9050000 		.4byte	.LASF96
 3573 06dd 11       		.byte	0x11
 3574 06de 8605     		.2byte	0x586
 3575 06e0 11       		.byte	0x11
 3576 06e1 12010000 		.4byte	0x112
 3577 06e5 1C       		.byte	0x1c
 3578 06e6 04       		.uleb128 0x4
 3579 06e7 EF050000 		.4byte	.LASF97
 3580 06eb 11       		.byte	0x11
 3581 06ec 8705     		.2byte	0x587
 3582 06ee 11       		.byte	0x11
 3583 06ef 12010000 		.4byte	0x112
 3584 06f3 20       		.byte	0x20
 3585 06f4 04       		.uleb128 0x4
 3586 06f5 7B090000 		.4byte	.LASF98
 3587 06f9 11       		.byte	0x11
 3588 06fa 8805     		.2byte	0x588
 3589 06fc 11       		.byte	0x11
 3590 06fd 0D010000 		.4byte	0x10d
 3591 0701 24       		.byte	0x24
ARM GAS  C:\Users\DEVELO~1\AppData\Local\Temp\ccfH0FMk.s 			page 64


 3592 0702 04       		.uleb128 0x4
 3593 0703 100A0000 		.4byte	.LASF99
 3594 0707 11       		.byte	0x11
 3595 0708 8905     		.2byte	0x589
 3596 070a 11       		.byte	0x11
 3597 070b 0D010000 		.4byte	0x10d
 3598 070f 28       		.byte	0x28
 3599 0710 04       		.uleb128 0x4
 3600 0711 1B0A0000 		.4byte	.LASF100
 3601 0715 11       		.byte	0x11
 3602 0716 8A05     		.2byte	0x58a
 3603 0718 11       		.byte	0x11
 3604 0719 0D010000 		.4byte	0x10d
 3605 071d 2C       		.byte	0x2c
 3606 071e 04       		.uleb128 0x4
 3607 071f A90B0000 		.4byte	.LASF101
 3608 0723 11       		.byte	0x11
 3609 0724 8B05     		.2byte	0x58b
 3610 0726 11       		.byte	0x11
 3611 0727 12010000 		.4byte	0x112
 3612 072b 30       		.byte	0x30
 3613 072c 0A       		.uleb128 0xa
 3614 072d 53544100 		.ascii	"STA\000"
 3615 0731 11       		.byte	0x11
 3616 0732 8C05     		.2byte	0x58c
 3617 0734 11       		.byte	0x11
 3618 0735 12010000 		.4byte	0x112
 3619 0739 34       		.byte	0x34
 3620 073a 0A       		.uleb128 0xa
 3621 073b 49435200 		.ascii	"ICR\000"
 3622 073f 11       		.byte	0x11
 3623 0740 8D05     		.2byte	0x58d
 3624 0742 11       		.byte	0x11
 3625 0743 0D010000 		.4byte	0x10d
 3626 0747 38       		.byte	0x38
 3627 0748 04       		.uleb128 0x4
 3628 0749 04040000 		.4byte	.LASF102
 3629 074d 11       		.byte	0x11
 3630 074e 8E05     		.2byte	0x58e
 3631 0750 11       		.byte	0x11
 3632 0751 0D010000 		.4byte	0x10d
 3633 0755 3C       		.byte	0x3c
 3634 0756 04       		.uleb128 0x4
 3635 0757 88090000 		.4byte	.LASF103
 3636 075b 11       		.byte	0x11
 3637 075c 8F05     		.2byte	0x58f
 3638 075e 11       		.byte	0x11
 3639 075f 0D010000 		.4byte	0x10d
 3640 0763 40       		.byte	0x40
 3641 0764 04       		.uleb128 0x4
 3642 0765 03090000 		.4byte	.LASF104
 3643 0769 11       		.byte	0x11
 3644 076a 9005     		.2byte	0x590
 3645 076c 11       		.byte	0x11
 3646 076d 5B060000 		.4byte	0x65b
 3647 0771 44       		.byte	0x44
 3648 0772 04       		.uleb128 0x4
ARM GAS  C:\Users\DEVELO~1\AppData\Local\Temp\ccfH0FMk.s 			page 65


 3649 0773 50030000 		.4byte	.LASF105
 3650 0777 11       		.byte	0x11
 3651 0778 9105     		.2byte	0x591
 3652 077a 11       		.byte	0x11
 3653 077b 0D010000 		.4byte	0x10d
 3654 077f 50       		.byte	0x50
 3655 0780 04       		.uleb128 0x4
 3656 0781 AF0A0000 		.4byte	.LASF106
 3657 0785 11       		.byte	0x11
 3658 0786 9205     		.2byte	0x592
 3659 0788 11       		.byte	0x11
 3660 0789 0D010000 		.4byte	0x10d
 3661 078d 54       		.byte	0x54
 3662 078e 04       		.uleb128 0x4
 3663 078f 400D0000 		.4byte	.LASF107
 3664 0793 11       		.byte	0x11
 3665 0794 9305     		.2byte	0x593
 3666 0796 11       		.byte	0x11
 3667 0797 0D010000 		.4byte	0x10d
 3668 079b 58       		.byte	0x58
 3669 079c 04       		.uleb128 0x4
 3670 079d 4A0D0000 		.4byte	.LASF108
 3671 07a1 11       		.byte	0x11
 3672 07a2 9405     		.2byte	0x594
 3673 07a4 11       		.byte	0x11
 3674 07a5 0D010000 		.4byte	0x10d
 3675 07a9 5C       		.byte	0x5c
 3676 07aa 04       		.uleb128 0x4
 3677 07ab 0D090000 		.4byte	.LASF109
 3678 07af 11       		.byte	0x11
 3679 07b0 9505     		.2byte	0x595
 3680 07b2 11       		.byte	0x11
 3681 07b3 3B060000 		.4byte	0x63b
 3682 07b7 60       		.byte	0x60
 3683 07b8 04       		.uleb128 0x4
 3684 07b9 BA070000 		.4byte	.LASF110
 3685 07bd 11       		.byte	0x11
 3686 07be 9605     		.2byte	0x596
 3687 07c0 11       		.byte	0x11
 3688 07c1 0D010000 		.4byte	0x10d
 3689 07c5 80       		.byte	0x80
 3690 07c6 04       		.uleb128 0x4
 3691 07c7 17090000 		.4byte	.LASF111
 3692 07cb 11       		.byte	0x11
 3693 07cc 9705     		.2byte	0x597
 3694 07ce 11       		.byte	0x11
 3695 07cf E4070000 		.4byte	0x7e4
 3696 07d3 84       		.byte	0x84
 3697 07d4 34       		.uleb128 0x34
 3698 07d5 FB010000 		.4byte	.LASF112
 3699 07d9 11       		.byte	0x11
 3700 07da 9805     		.2byte	0x598
 3701 07dc 11       		.byte	0x11
 3702 07dd 0D010000 		.4byte	0x10d
 3703 07e1 FC03     		.2byte	0x3fc
 3704 07e3 00       		.byte	0
 3705 07e4 0C       		.uleb128 0xc
ARM GAS  C:\Users\DEVELO~1\AppData\Local\Temp\ccfH0FMk.s 			page 66


 3706 07e5 01010000 		.4byte	0x101
 3707 07e9 F4070000 		.4byte	0x7f4
 3708 07ed 0D       		.uleb128 0xd
 3709 07ee 3E000000 		.4byte	0x3e
 3710 07f2 DD       		.byte	0xdd
 3711 07f3 00       		.byte	0
 3712 07f4 25       		.uleb128 0x25
 3713 07f5 C80C0000 		.4byte	.LASF113
 3714 07f9 11       		.byte	0x11
 3715 07fa 9905     		.2byte	0x599
 3716 07fc 6B060000 		.4byte	0x66b
 3717 0800 1D       		.uleb128 0x1d
 3718 0801 6F090000 		.4byte	.LASF114
 3719 0805 24       		.byte	0x24
 3720 0806 03       		.byte	0x3
 3721 0807 E001     		.2byte	0x1e0
 3722 0809 08       		.byte	0x8
 3723 080a 86080000 		.4byte	0x886
 3724 080e 0A       		.uleb128 0xa
 3725 080f 723400   		.ascii	"r4\000"
 3726 0812 03       		.byte	0x3
 3727 0813 F901     		.2byte	0x1f9
 3728 0815 11       		.byte	0x11
 3729 0816 01010000 		.4byte	0x101
 3730 081a 00       		.byte	0
 3731 081b 0A       		.uleb128 0xa
 3732 081c 723500   		.ascii	"r5\000"
 3733 081f 03       		.byte	0x3
 3734 0820 FA01     		.2byte	0x1fa
 3735 0822 11       		.byte	0x11
 3736 0823 01010000 		.4byte	0x101
 3737 0827 04       		.byte	0x4
 3738 0828 0A       		.uleb128 0xa
 3739 0829 723600   		.ascii	"r6\000"
 3740 082c 03       		.byte	0x3
 3741 082d FB01     		.2byte	0x1fb
 3742 082f 11       		.byte	0x11
 3743 0830 01010000 		.4byte	0x101
 3744 0834 08       		.byte	0x8
 3745 0835 0A       		.uleb128 0xa
 3746 0836 723700   		.ascii	"r7\000"
 3747 0839 03       		.byte	0x3
 3748 083a FC01     		.2byte	0x1fc
 3749 083c 11       		.byte	0x11
 3750 083d 01010000 		.4byte	0x101
 3751 0841 0C       		.byte	0xc
 3752 0842 0A       		.uleb128 0xa
 3753 0843 723800   		.ascii	"r8\000"
 3754 0846 03       		.byte	0x3
 3755 0847 FD01     		.2byte	0x1fd
 3756 0849 11       		.byte	0x11
 3757 084a 01010000 		.4byte	0x101
 3758 084e 10       		.byte	0x10
 3759 084f 0A       		.uleb128 0xa
 3760 0850 723900   		.ascii	"r9\000"
 3761 0853 03       		.byte	0x3
 3762 0854 FE01     		.2byte	0x1fe
ARM GAS  C:\Users\DEVELO~1\AppData\Local\Temp\ccfH0FMk.s 			page 67


 3763 0856 11       		.byte	0x11
 3764 0857 01010000 		.4byte	0x101
 3765 085b 14       		.byte	0x14
 3766 085c 0A       		.uleb128 0xa
 3767 085d 72313000 		.ascii	"r10\000"
 3768 0861 03       		.byte	0x3
 3769 0862 FF01     		.2byte	0x1ff
 3770 0864 11       		.byte	0x11
 3771 0865 01010000 		.4byte	0x101
 3772 0869 18       		.byte	0x18
 3773 086a 0A       		.uleb128 0xa
 3774 086b 72313100 		.ascii	"r11\000"
 3775 086f 03       		.byte	0x3
 3776 0870 0002     		.2byte	0x200
 3777 0872 11       		.byte	0x11
 3778 0873 01010000 		.4byte	0x101
 3779 0877 1C       		.byte	0x1c
 3780 0878 0A       		.uleb128 0xa
 3781 0879 6C7200   		.ascii	"lr\000"
 3782 087c 03       		.byte	0x3
 3783 087d 0102     		.2byte	0x201
 3784 087f 11       		.byte	0x11
 3785 0880 01010000 		.4byte	0x101
 3786 0884 20       		.byte	0x20
 3787 0885 00       		.byte	0
 3788 0886 1D       		.uleb128 0x1d
 3789 0887 C9010000 		.4byte	.LASF115
 3790 088b 04       		.byte	0x4
 3791 088c 03       		.byte	0x3
 3792 088d 0A02     		.2byte	0x20a
 3793 088f 08       		.byte	0x8
 3794 0890 A2080000 		.4byte	0x8a2
 3795 0894 0A       		.uleb128 0xa
 3796 0895 737000   		.ascii	"sp\000"
 3797 0898 03       		.byte	0x3
 3798 0899 0B02     		.2byte	0x20b
 3799 089b 1A       		.byte	0x1a
 3800 089c A2080000 		.4byte	0x8a2
 3801 08a0 00       		.byte	0
 3802 08a1 00       		.byte	0
 3803 08a2 05       		.uleb128 0x5
 3804 08a3 00080000 		.4byte	0x800
 3805 08a7 0F       		.uleb128 0xf
 3806 08a8 17040000 		.4byte	.LASF116
 3807 08ac 18       		.byte	0x18
 3808 08ad 0B       		.byte	0xb
 3809 08ae 64       		.byte	0x64
 3810 08af 10       		.byte	0x10
 3811 08b0 DC080000 		.4byte	0x8dc
 3812 08b4 02       		.uleb128 0x2
 3813 08b5 CE090000 		.4byte	.LASF117
 3814 08b9 0B       		.byte	0xb
 3815 08ba 68       		.byte	0x68
 3816 08bb 21       		.byte	0x21
 3817 08bc 57040000 		.4byte	0x457
 3818 08c0 00       		.byte	0
 3819 08c1 02       		.uleb128 0x2
ARM GAS  C:\Users\DEVELO~1\AppData\Local\Temp\ccfH0FMk.s 			page 68


 3820 08c2 D4090000 		.4byte	.LASF118
 3821 08c6 0B       		.byte	0xb
 3822 08c7 73       		.byte	0x73
 3823 08c8 21       		.byte	0x21
 3824 08c9 88030000 		.4byte	0x388
 3825 08cd 0C       		.byte	0xc
 3826 08ce 02       		.uleb128 0x2
 3827 08cf F1010000 		.4byte	.LASF119
 3828 08d3 0B       		.byte	0xb
 3829 08d4 79       		.byte	0x79
 3830 08d5 21       		.byte	0x21
 3831 08d6 28010000 		.4byte	0x128
 3832 08da 10       		.byte	0x10
 3833 08db 00       		.byte	0
 3834 08dc 03       		.uleb128 0x3
 3835 08dd 8A0B0000 		.4byte	.LASF120
 3836 08e1 0B       		.byte	0xb
 3837 08e2 7B       		.byte	0x7b
 3838 08e3 03       		.byte	0x3
 3839 08e4 A7080000 		.4byte	0x8a7
 3840 08e8 0F       		.uleb128 0xf
 3841 08e9 72000000 		.4byte	.LASF121
 3842 08ed 08       		.byte	0x8
 3843 08ee 0B       		.byte	0xb
 3844 08ef 80       		.byte	0x80
 3845 08f0 10       		.byte	0x10
 3846 08f1 03090000 		.4byte	0x903
 3847 08f5 02       		.uleb128 0x2
 3848 08f6 F20A0000 		.4byte	.LASF122
 3849 08fa 0B       		.byte	0xb
 3850 08fb 84       		.byte	0x84
 3851 08fc 21       		.byte	0x21
 3852 08fd D8030000 		.4byte	0x3d8
 3853 0901 00       		.byte	0
 3854 0902 00       		.byte	0
 3855 0903 03       		.uleb128 0x3
 3856 0904 6A070000 		.4byte	.LASF123
 3857 0908 0B       		.byte	0xb
 3858 0909 85       		.byte	0x85
 3859 090a 03       		.byte	0x3
 3860 090b E8080000 		.4byte	0x8e8
 3861 090f 03       		.uleb128 0x3
 3862 0910 40000000 		.4byte	.LASF124
 3863 0914 0B       		.byte	0xb
 3864 0915 8A       		.byte	0x8a
 3865 0916 14       		.byte	0x14
 3866 0917 C1040000 		.4byte	0x4c1
 3867 091b 22       		.uleb128 0x22
 3868 091c 0C       		.byte	0xc
 3869 091d 0B       		.byte	0xb
 3870 091e A0       		.byte	0xa0
 3871 091f 48090000 		.4byte	0x948
 3872 0923 17       		.uleb128 0x17
 3873 0924 93020000 		.4byte	.LASF125
 3874 0928 0B       		.byte	0xb
 3875 0929 A4       		.byte	0xa4
 3876 092a 21       		.byte	0x21
ARM GAS  C:\Users\DEVELO~1\AppData\Local\Temp\ccfH0FMk.s 			page 69


 3877 092b AC030000 		.4byte	0x3ac
 3878 092f 17       		.uleb128 0x17
 3879 0930 F20A0000 		.4byte	.LASF122
 3880 0934 0B       		.byte	0xb
 3881 0935 A8       		.byte	0xa8
 3882 0936 21       		.byte	0x21
 3883 0937 D8030000 		.4byte	0x3d8
 3884 093b 17       		.uleb128 0x17
 3885 093c B6030000 		.4byte	.LASF126
 3886 0940 0B       		.byte	0xb
 3887 0941 AC       		.byte	0xac
 3888 0942 21       		.byte	0x21
 3889 0943 11040000 		.4byte	0x411
 3890 0947 00       		.byte	0
 3891 0948 22       		.uleb128 0x22
 3892 0949 04       		.byte	0x4
 3893 094a 0B       		.byte	0xb
 3894 094b EB       		.byte	0xeb
 3895 094c B1090000 		.4byte	0x9b1
 3896 0950 17       		.uleb128 0x17
 3897 0951 82040000 		.4byte	.LASF127
 3898 0955 0B       		.byte	0xb
 3899 0956 F2       		.byte	0xf2
 3900 0957 21       		.byte	0x21
 3901 0958 75010000 		.4byte	0x175
 3902 095c 17       		.uleb128 0x17
 3903 095d 910D0000 		.4byte	.LASF128
 3904 0961 0B       		.byte	0xb
 3905 0962 F9       		.byte	0xf9
 3906 0963 21       		.byte	0x21
 3907 0964 75010000 		.4byte	0x175
 3908 0968 18       		.uleb128 0x18
 3909 0969 AB010000 		.4byte	.LASF79
 3910 096d 0001     		.2byte	0x100
 3911 096f 22       		.byte	0x22
 3912 0970 C0000000 		.4byte	0xc0
 3913 0974 18       		.uleb128 0x18
 3914 0975 7A0D0000 		.4byte	.LASF129
 3915 0979 0701     		.2byte	0x107
 3916 097b 22       		.byte	0x22
 3917 097c B1090000 		.4byte	0x9b1
 3918 0980 18       		.uleb128 0x18
 3919 0981 D8020000 		.4byte	.LASF130
 3920 0985 0C01     		.2byte	0x10c
 3921 0987 21       		.byte	0x21
 3922 0988 75010000 		.4byte	0x175
 3923 098c 18       		.uleb128 0x18
 3924 098d 3A0B0000 		.4byte	.LASF131
 3925 0991 1501     		.2byte	0x115
 3926 0993 22       		.byte	0x22
 3927 0994 DE090000 		.4byte	0x9de
 3928 0998 18       		.uleb128 0x18
 3929 0999 800D0000 		.4byte	.LASF132
 3930 099d 1E01     		.2byte	0x11e
 3931 099f 22       		.byte	0x22
 3932 09a0 180A0000 		.4byte	0xa18
 3933 09a4 18       		.uleb128 0x18
ARM GAS  C:\Users\DEVELO~1\AppData\Local\Temp\ccfH0FMk.s 			page 70


 3934 09a5 00020000 		.4byte	.LASF133
 3935 09a9 2601     		.2byte	0x126
 3936 09ab 21       		.byte	0x21
 3937 09ac 81010000 		.4byte	0x181
 3938 09b0 00       		.byte	0
 3939 09b1 05       		.uleb128 0x5
 3940 09b2 0F090000 		.4byte	0x90f
 3941 09b6 0F       		.uleb128 0xf
 3942 09b7 03030000 		.4byte	.LASF134
 3943 09bb 0C       		.byte	0xc
 3944 09bc 12       		.byte	0x12
 3945 09bd 34       		.byte	0x34
 3946 09be 10       		.byte	0x10
 3947 09bf DE090000 		.4byte	0x9de
 3948 09c3 02       		.uleb128 0x2
 3949 09c4 F20A0000 		.4byte	.LASF122
 3950 09c8 12       		.byte	0x12
 3951 09c9 35       		.byte	0x35
 3952 09ca 19       		.byte	0x19
 3953 09cb D8030000 		.4byte	0x3d8
 3954 09cf 00       		.byte	0
 3955 09d0 0B       		.uleb128 0xb
 3956 09d1 636E7400 		.ascii	"cnt\000"
 3957 09d5 12       		.byte	0x12
 3958 09d6 37       		.byte	0x37
 3959 09d7 19       		.byte	0x19
 3960 09d8 8D010000 		.4byte	0x18d
 3961 09dc 08       		.byte	0x8
 3962 09dd 00       		.byte	0
 3963 09de 05       		.uleb128 0x5
 3964 09df B6090000 		.4byte	0x9b6
 3965 09e3 0F       		.uleb128 0xf
 3966 09e4 80050000 		.4byte	.LASF135
 3967 09e8 10       		.byte	0x10
 3968 09e9 13       		.byte	0x13
 3969 09ea 39       		.byte	0x39
 3970 09eb 08       		.byte	0x8
 3971 09ec 180A0000 		.4byte	0xa18
 3972 09f0 02       		.uleb128 0x2
 3973 09f1 F20A0000 		.4byte	.LASF122
 3974 09f5 13       		.byte	0x13
 3975 09f6 3A       		.byte	0x3a
 3976 09f7 19       		.byte	0x19
 3977 09f8 D8030000 		.4byte	0x3d8
 3978 09fc 00       		.byte	0
 3979 09fd 02       		.uleb128 0x2
 3980 09fe EF030000 		.4byte	.LASF34
 3981 0a02 13       		.byte	0x13
 3982 0a03 3C       		.byte	0x3c
 3983 0a04 1A       		.byte	0x1a
 3984 0a05 C1040000 		.4byte	0x4c1
 3985 0a09 08       		.byte	0x8
 3986 0a0a 02       		.uleb128 0x2
 3987 0a0b 07010000 		.4byte	.LASF69
 3988 0a0f 13       		.byte	0x13
 3989 0a10 3E       		.byte	0x3e
 3990 0a11 1A       		.byte	0x1a
ARM GAS  C:\Users\DEVELO~1\AppData\Local\Temp\ccfH0FMk.s 			page 71


 3991 0a12 D50A0000 		.4byte	0xad5
 3992 0a16 0C       		.byte	0xc
 3993 0a17 00       		.byte	0
 3994 0a18 05       		.uleb128 0x5
 3995 0a19 E3090000 		.4byte	0x9e3
 3996 0a1d 05       		.uleb128 0x5
 3997 0a1e 94020000 		.4byte	0x294
 3998 0a22 05       		.uleb128 0x5
 3999 0a23 39010000 		.4byte	0x139
 4000 0a27 1D       		.uleb128 0x1d
 4001 0a28 D6010000 		.4byte	.LASF136
 4002 0a2c 10       		.byte	0x10
 4003 0a2d 0B       		.byte	0xb
 4004 0a2e 5C01     		.2byte	0x15c
 4005 0a30 10       		.byte	0x10
 4006 0a31 520A0000 		.4byte	0xa52
 4007 0a35 04       		.uleb128 0x4
 4008 0a36 B6030000 		.4byte	.LASF126
 4009 0a3a 0B       		.byte	0xb
 4010 0a3b 6101     		.2byte	0x161
 4011 0a3d 21       		.byte	0x21
 4012 0a3e 11040000 		.4byte	0x411
 4013 0a42 00       		.byte	0
 4014 0a43 04       		.uleb128 0x4
 4015 0a44 D60C0000 		.4byte	.LASF137
 4016 0a48 0B       		.byte	0xb
 4017 0a49 6501     		.2byte	0x165
 4018 0a4b 22       		.byte	0x22
 4019 0a4c C1040000 		.4byte	0x4c1
 4020 0a50 0C       		.byte	0xc
 4021 0a51 00       		.byte	0
 4022 0a52 25       		.uleb128 0x25
 4023 0a53 DD0A0000 		.4byte	.LASF138
 4024 0a57 0B       		.byte	0xb
 4025 0a58 6601     		.2byte	0x166
 4026 0a5a 270A0000 		.4byte	0xa27
 4027 0a5e 1D       		.uleb128 0x1d
 4028 0a5f B8090000 		.4byte	.LASF139
 4029 0a63 14       		.byte	0x14
 4030 0a64 0B       		.byte	0xb
 4031 0a65 6B01     		.2byte	0x16b
 4032 0a67 10       		.byte	0x10
 4033 0a68 B30A0000 		.4byte	0xab3
 4034 0a6c 04       		.uleb128 0x4
 4035 0a6d 2A000000 		.4byte	.LASF35
 4036 0a71 0B       		.byte	0xb
 4037 0a72 6F01     		.2byte	0x16f
 4038 0a74 22       		.byte	0x22
 4039 0a75 CE000000 		.4byte	0xce
 4040 0a79 00       		.byte	0
 4041 0a7a 04       		.uleb128 0x4
 4042 0a7b B2010000 		.4byte	.LASF140
 4043 0a7f 0B       		.byte	0xb
 4044 0a80 7501     		.2byte	0x175
 4045 0a82 22       		.byte	0x22
 4046 0a83 220A0000 		.4byte	0xa22
 4047 0a87 04       		.byte	0x4
ARM GAS  C:\Users\DEVELO~1\AppData\Local\Temp\ccfH0FMk.s 			page 72


 4048 0a88 04       		.uleb128 0x4
 4049 0a89 F5030000 		.4byte	.LASF141
 4050 0a8d 0B       		.byte	0xb
 4051 0a8e 7901     		.2byte	0x179
 4052 0a90 22       		.byte	0x22
 4053 0a91 220A0000 		.4byte	0xa22
 4054 0a95 08       		.byte	0x8
 4055 0a96 04       		.uleb128 0x4
 4056 0a97 530C0000 		.4byte	.LASF142
 4057 0a9b 0B       		.byte	0xb
 4058 0a9c 7F01     		.2byte	0x17f
 4059 0a9e 22       		.byte	0x22
 4060 0a9f 220A0000 		.4byte	0xa22
 4061 0aa3 0C       		.byte	0xc
 4062 0aa4 04       		.uleb128 0x4
 4063 0aa5 B7050000 		.4byte	.LASF143
 4064 0aa9 0B       		.byte	0xb
 4065 0aaa 8301     		.2byte	0x183
 4066 0aac 22       		.byte	0x22
 4067 0aad 220A0000 		.4byte	0xa22
 4068 0ab1 10       		.byte	0x10
 4069 0ab2 00       		.byte	0
 4070 0ab3 25       		.uleb128 0x25
 4071 0ab4 2D030000 		.4byte	.LASF144
 4072 0ab8 0B       		.byte	0xb
 4073 0ab9 8501     		.2byte	0x185
 4074 0abb 5E0A0000 		.4byte	0xa5e
 4075 0abf 09       		.uleb128 0x9
 4076 0ac0 B30A0000 		.4byte	0xab3
 4077 0ac4 05       		.uleb128 0x5
 4078 0ac5 BF0A0000 		.4byte	0xabf
 4079 0ac9 03       		.uleb128 0x3
 4080 0aca 5C0B0000 		.4byte	.LASF145
 4081 0ace 13       		.byte	0x13
 4082 0acf 34       		.byte	0x34
 4083 0ad0 19       		.byte	0x19
 4084 0ad1 E3090000 		.4byte	0x9e3
 4085 0ad5 05       		.uleb128 0x5
 4086 0ad6 C90A0000 		.4byte	0xac9
 4087 0ada 10       		.uleb128 0x10
 4088 0adb 01       		.byte	0x1
 4089 0adc 02       		.byte	0x2
 4090 0add 53050000 		.4byte	.LASF146
 4091 0ae1 05       		.uleb128 0x5
 4092 0ae2 D8000000 		.4byte	0xd8
 4093 0ae6 05       		.uleb128 0x5
 4094 0ae7 E4000000 		.4byte	0xe4
 4095 0aeb 19       		.uleb128 0x19
 4096 0aec 66000000 		.4byte	0x66
 4097 0af0 14       		.byte	0x14
 4098 0af1 28       		.byte	0x28
 4099 0af2 2D0B0000 		.4byte	0xb2d
 4100 0af6 07       		.uleb128 0x7
 4101 0af7 19020000 		.4byte	.LASF147
 4102 0afb 00       		.byte	0
 4103 0afc 07       		.uleb128 0x7
 4104 0afd 9B070000 		.4byte	.LASF148
ARM GAS  C:\Users\DEVELO~1\AppData\Local\Temp\ccfH0FMk.s 			page 73


 4105 0b01 01       		.byte	0x1
 4106 0b02 07       		.uleb128 0x7
 4107 0b03 C6000000 		.4byte	.LASF149
 4108 0b07 02       		.byte	0x2
 4109 0b08 07       		.uleb128 0x7
 4110 0b09 9C010000 		.4byte	.LASF150
 4111 0b0d 03       		.byte	0x3
 4112 0b0e 07       		.uleb128 0x7
 4113 0b0f CB050000 		.4byte	.LASF151
 4114 0b13 04       		.byte	0x4
 4115 0b14 07       		.uleb128 0x7
 4116 0b15 C4060000 		.4byte	.LASF152
 4117 0b19 05       		.byte	0x5
 4118 0b1a 07       		.uleb128 0x7
 4119 0b1b 040A0000 		.4byte	.LASF153
 4120 0b1f 06       		.byte	0x6
 4121 0b20 07       		.uleb128 0x7
 4122 0b21 D80B0000 		.4byte	.LASF154
 4123 0b25 07       		.byte	0x7
 4124 0b26 07       		.uleb128 0x7
 4125 0b27 F7080000 		.4byte	.LASF155
 4126 0b2b 08       		.byte	0x8
 4127 0b2c 00       		.byte	0
 4128 0b2d 03       		.uleb128 0x3
 4129 0b2e 34070000 		.4byte	.LASF156
 4130 0b32 14       		.byte	0x14
 4131 0b33 32       		.byte	0x32
 4132 0b34 03       		.byte	0x3
 4133 0b35 EB0A0000 		.4byte	0xaeb
 4134 0b39 15       		.uleb128 0x15
 4135 0b3a 08       		.byte	0x8
 4136 0b3b 14       		.byte	0x14
 4137 0b3c 37       		.byte	0x37
 4138 0b3d 09       		.byte	0x9
 4139 0b3e 5D0B0000 		.4byte	0xb5d
 4140 0b42 02       		.uleb128 0x2
 4141 0b43 15010000 		.4byte	.LASF157
 4142 0b47 14       		.byte	0x14
 4143 0b48 38       		.byte	0x38
 4144 0b49 11       		.byte	0x11
 4145 0b4a 01010000 		.4byte	0x101
 4146 0b4e 00       		.byte	0
 4147 0b4f 02       		.uleb128 0x2
 4148 0b50 39060000 		.4byte	.LASF158
 4149 0b54 14       		.byte	0x14
 4150 0b55 39       		.byte	0x39
 4151 0b56 11       		.byte	0x11
 4152 0b57 01010000 		.4byte	0x101
 4153 0b5b 04       		.byte	0x4
 4154 0b5c 00       		.byte	0
 4155 0b5d 03       		.uleb128 0x3
 4156 0b5e 67050000 		.4byte	.LASF159
 4157 0b62 14       		.byte	0x14
 4158 0b63 3A       		.byte	0x3a
 4159 0b64 03       		.byte	0x3
 4160 0b65 390B0000 		.4byte	0xb39
 4161 0b69 1E       		.uleb128 0x1e
ARM GAS  C:\Users\DEVELO~1\AppData\Local\Temp\ccfH0FMk.s 			page 74


 4162 0b6a DA0A0000 		.4byte	0xada
 4163 0b6e 780B0000 		.4byte	0xb78
 4164 0b72 01       		.uleb128 0x1
 4165 0b73 C0000000 		.4byte	0xc0
 4166 0b77 00       		.byte	0
 4167 0b78 05       		.uleb128 0x5
 4168 0b79 690B0000 		.4byte	0xb69
 4169 0b7d 1E       		.uleb128 0x1e
 4170 0b7e DA0A0000 		.4byte	0xada
 4171 0b82 9B0B0000 		.4byte	0xb9b
 4172 0b86 01       		.uleb128 0x1
 4173 0b87 C0000000 		.4byte	0xc0
 4174 0b8b 01       		.uleb128 0x1
 4175 0b8c 01010000 		.4byte	0x101
 4176 0b90 01       		.uleb128 0x1
 4177 0b91 E10A0000 		.4byte	0xae1
 4178 0b95 01       		.uleb128 0x1
 4179 0b96 01010000 		.4byte	0x101
 4180 0b9a 00       		.byte	0
 4181 0b9b 05       		.uleb128 0x5
 4182 0b9c 7D0B0000 		.4byte	0xb7d
 4183 0ba0 1E       		.uleb128 0x1e
 4184 0ba1 DA0A0000 		.4byte	0xada
 4185 0ba5 BE0B0000 		.4byte	0xbbe
 4186 0ba9 01       		.uleb128 0x1
 4187 0baa C0000000 		.4byte	0xc0
 4188 0bae 01       		.uleb128 0x1
 4189 0baf 01010000 		.4byte	0x101
 4190 0bb3 01       		.uleb128 0x1
 4191 0bb4 E60A0000 		.4byte	0xae6
 4192 0bb8 01       		.uleb128 0x1
 4193 0bb9 01010000 		.4byte	0x101
 4194 0bbd 00       		.byte	0
 4195 0bbe 05       		.uleb128 0x5
 4196 0bbf A00B0000 		.4byte	0xba0
 4197 0bc3 1E       		.uleb128 0x1e
 4198 0bc4 DA0A0000 		.4byte	0xada
 4199 0bc8 D70B0000 		.4byte	0xbd7
 4200 0bcc 01       		.uleb128 0x1
 4201 0bcd C0000000 		.4byte	0xc0
 4202 0bd1 01       		.uleb128 0x1
 4203 0bd2 D70B0000 		.4byte	0xbd7
 4204 0bd6 00       		.byte	0
 4205 0bd7 05       		.uleb128 0x5
 4206 0bd8 5D0B0000 		.4byte	0xb5d
 4207 0bdc 05       		.uleb128 0x5
 4208 0bdd C30B0000 		.4byte	0xbc3
 4209 0be1 05       		.uleb128 0x5
 4210 0be2 01010000 		.4byte	0x101
 4211 0be6 19       		.uleb128 0x19
 4212 0be7 66000000 		.4byte	0x66
 4213 0beb 15       		.byte	0x15
 4214 0bec 7A       		.byte	0x7a
 4215 0bed 040C0000 		.4byte	0xc04
 4216 0bf1 07       		.uleb128 0x7
 4217 0bf2 0B0C0000 		.4byte	.LASF160
 4218 0bf6 00       		.byte	0
ARM GAS  C:\Users\DEVELO~1\AppData\Local\Temp\ccfH0FMk.s 			page 75


 4219 0bf7 07       		.uleb128 0x7
 4220 0bf8 53080000 		.4byte	.LASF161
 4221 0bfc 01       		.byte	0x1
 4222 0bfd 07       		.uleb128 0x7
 4223 0bfe AC0C0000 		.4byte	.LASF162
 4224 0c02 02       		.byte	0x2
 4225 0c03 00       		.byte	0
 4226 0c04 03       		.uleb128 0x3
 4227 0c05 800A0000 		.4byte	.LASF163
 4228 0c09 15       		.byte	0x15
 4229 0c0a 7E       		.byte	0x7e
 4230 0c0b 03       		.byte	0x3
 4231 0c0c E60B0000 		.4byte	0xbe6
 4232 0c10 19       		.uleb128 0x19
 4233 0c11 66000000 		.4byte	0x66
 4234 0c15 15       		.byte	0x15
 4235 0c16 83       		.byte	0x83
 4236 0c17 280C0000 		.4byte	0xc28
 4237 0c1b 07       		.uleb128 0x7
 4238 0c1c BA0C0000 		.4byte	.LASF164
 4239 0c20 00       		.byte	0
 4240 0c21 07       		.uleb128 0x7
 4241 0c22 B30D0000 		.4byte	.LASF165
 4242 0c26 01       		.byte	0x1
 4243 0c27 00       		.byte	0
 4244 0c28 03       		.uleb128 0x3
 4245 0c29 26010000 		.4byte	.LASF166
 4246 0c2d 15       		.byte	0x15
 4247 0c2e 86       		.byte	0x86
 4248 0c2f 03       		.byte	0x3
 4249 0c30 100C0000 		.4byte	0xc10
 4250 0c34 03       		.uleb128 0x3
 4251 0c35 69010000 		.4byte	.LASF167
 4252 0c39 16       		.byte	0x16
 4253 0c3a A6       		.byte	0xa6
 4254 0c3b 12       		.byte	0x12
 4255 0c3c 01010000 		.4byte	0x101
 4256 0c40 03       		.uleb128 0x3
 4257 0c41 53000000 		.4byte	.LASF168
 4258 0c45 16       		.byte	0x16
 4259 0c46 AB       		.byte	0xab
 4260 0c47 12       		.byte	0x12
 4261 0c48 01010000 		.4byte	0x101
 4262 0c4c 03       		.uleb128 0x3
 4263 0c4d DD060000 		.4byte	.LASF169
 4264 0c51 16       		.byte	0x16
 4265 0c52 B0       		.byte	0xb0
 4266 0c53 1A       		.byte	0x1a
 4267 0c54 580C0000 		.4byte	0xc58
 4268 0c58 0F       		.uleb128 0xf
 4269 0c59 DD060000 		.4byte	.LASF169
 4270 0c5d 50       		.byte	0x50
 4271 0c5e 16       		.byte	0x16
 4272 0c5f D6       		.byte	0xd6
 4273 0c60 08       		.byte	0x8
 4274 0c61 1D0D0000 		.4byte	0xd1d
 4275 0c65 0B       		.uleb128 0xb
ARM GAS  C:\Users\DEVELO~1\AppData\Local\Temp\ccfH0FMk.s 			page 76


 4276 0c66 766D7400 		.ascii	"vmt\000"
 4277 0c6a 16       		.byte	0x16
 4278 0c6b DA       		.byte	0xda
 4279 0c6c 1E       		.byte	0x1e
 4280 0c6d DA0D0000 		.4byte	0xdda
 4281 0c71 00       		.byte	0
 4282 0c72 02       		.uleb128 0x2
 4283 0c73 EF0B0000 		.4byte	.LASF37
 4284 0c77 16       		.byte	0x16
 4285 0c78 DB       		.byte	0xdb
 4286 0c79 03       		.byte	0x3
 4287 0c7a 2D0B0000 		.4byte	0xb2d
 4288 0c7e 04       		.byte	0x4
 4289 0c7f 0B       		.uleb128 0xb
 4290 0c80 63696400 		.ascii	"cid\000"
 4291 0c84 16       		.byte	0x16
 4292 0c85 DB       		.byte	0xdb
 4293 0c86 03       		.byte	0x3
 4294 0c87 4B060000 		.4byte	0x64b
 4295 0c8b 08       		.byte	0x8
 4296 0c8c 0B       		.uleb128 0xb
 4297 0c8d 63736400 		.ascii	"csd\000"
 4298 0c91 16       		.byte	0x16
 4299 0c92 DB       		.byte	0xdb
 4300 0c93 03       		.byte	0x3
 4301 0c94 4B060000 		.4byte	0x64b
 4302 0c98 18       		.byte	0x18
 4303 0c99 02       		.uleb128 0x2
 4304 0c9a 7E000000 		.4byte	.LASF170
 4305 0c9e 16       		.byte	0x16
 4306 0c9f DB       		.byte	0xdb
 4307 0ca0 03       		.byte	0x3
 4308 0ca1 01010000 		.4byte	0x101
 4309 0ca5 28       		.byte	0x28
 4310 0ca6 02       		.uleb128 0x2
 4311 0ca7 E2080000 		.4byte	.LASF54
 4312 0cab 16       		.byte	0x16
 4313 0cac DF       		.byte	0xdf
 4314 0cad 1E       		.byte	0x1e
 4315 0cae DF0D0000 		.4byte	0xddf
 4316 0cb2 2C       		.byte	0x2c
 4317 0cb3 02       		.uleb128 0x2
 4318 0cb4 92030000 		.4byte	.LASF171
 4319 0cb8 16       		.byte	0x16
 4320 0cb9 E3       		.byte	0xe3
 4321 0cba 1D       		.byte	0x1d
 4322 0cbb 340C0000 		.4byte	0xc34
 4323 0cbf 30       		.byte	0x30
 4324 0cc0 02       		.uleb128 0x2
 4325 0cc1 AF030000 		.4byte	.LASF172
 4326 0cc5 16       		.byte	0x16
 4327 0cc6 E7       		.byte	0xe7
 4328 0cc7 1D       		.byte	0x1d
 4329 0cc8 400C0000 		.4byte	0xc40
 4330 0ccc 34       		.byte	0x34
 4331 0ccd 0B       		.uleb128 0xb
 4332 0cce 72636100 		.ascii	"rca\000"
ARM GAS  C:\Users\DEVELO~1\AppData\Local\Temp\ccfH0FMk.s 			page 77


 4333 0cd2 16       		.byte	0x16
 4334 0cd3 EB       		.byte	0xeb
 4335 0cd4 1D       		.byte	0x1d
 4336 0cd5 01010000 		.4byte	0x101
 4337 0cd9 38       		.byte	0x38
 4338 0cda 0B       		.uleb128 0xb
 4339 0cdb 62756600 		.ascii	"buf\000"
 4340 0cdf 16       		.byte	0x16
 4341 0ce0 EF       		.byte	0xef
 4342 0ce1 1E       		.byte	0x1e
 4343 0ce2 E10A0000 		.4byte	0xae1
 4344 0ce6 3C       		.byte	0x3c
 4345 0ce7 02       		.uleb128 0x2
 4346 0ce8 330B0000 		.4byte	.LASF173
 4347 0cec 16       		.byte	0x16
 4348 0ced F4       		.byte	0xf4
 4349 0cee 1D       		.byte	0x1d
 4350 0cef 0F090000 		.4byte	0x90f
 4351 0cf3 40       		.byte	0x40
 4352 0cf4 02       		.uleb128 0x2
 4353 0cf5 020D0000 		.4byte	.LASF174
 4354 0cf9 16       		.byte	0x16
 4355 0cfa F9       		.byte	0xf9
 4356 0cfb 1E       		.byte	0x1e
 4357 0cfc E40D0000 		.4byte	0xde4
 4358 0d00 44       		.byte	0x44
 4359 0d01 02       		.uleb128 0x2
 4360 0d02 E2070000 		.4byte	.LASF175
 4361 0d06 16       		.byte	0x16
 4362 0d07 FD       		.byte	0xfd
 4363 0d08 1D       		.byte	0x1d
 4364 0d09 01010000 		.4byte	0x101
 4365 0d0d 48       		.byte	0x48
 4366 0d0e 04       		.uleb128 0x4
 4367 0d0f 280D0000 		.4byte	.LASF176
 4368 0d13 16       		.byte	0x16
 4369 0d14 0101     		.2byte	0x101
 4370 0d16 1E       		.byte	0x1e
 4371 0d17 E10B0000 		.4byte	0xbe1
 4372 0d1b 4C       		.byte	0x4c
 4373 0d1c 00       		.byte	0
 4374 0d1d 15       		.uleb128 0x15
 4375 0d1e 08       		.byte	0x8
 4376 0d1f 16       		.byte	0x16
 4377 0d20 B6       		.byte	0xb6
 4378 0d21 09       		.byte	0x9
 4379 0d22 410D0000 		.4byte	0xd41
 4380 0d26 02       		.uleb128 0x2
 4381 0d27 D30A0000 		.4byte	.LASF177
 4382 0d2b 16       		.byte	0x16
 4383 0d2c BA       		.byte	0xba
 4384 0d2d 11       		.byte	0x11
 4385 0d2e 040C0000 		.4byte	0xc04
 4386 0d32 00       		.byte	0
 4387 0d33 02       		.uleb128 0x2
 4388 0d34 FA020000 		.4byte	.LASF178
 4389 0d38 16       		.byte	0x16
ARM GAS  C:\Users\DEVELO~1\AppData\Local\Temp\ccfH0FMk.s 			page 78


 4390 0d39 C1       		.byte	0xc1
 4391 0d3a 11       		.byte	0x11
 4392 0d3b 01010000 		.4byte	0x101
 4393 0d3f 04       		.byte	0x4
 4394 0d40 00       		.byte	0
 4395 0d41 03       		.uleb128 0x3
 4396 0d42 5F010000 		.4byte	.LASF179
 4397 0d46 16       		.byte	0x16
 4398 0d47 C2       		.byte	0xc2
 4399 0d48 03       		.byte	0x3
 4400 0d49 1D0D0000 		.4byte	0xd1d
 4401 0d4d 09       		.uleb128 0x9
 4402 0d4e 410D0000 		.4byte	0xd41
 4403 0d52 0F       		.uleb128 0xf
 4404 0d53 D1000000 		.4byte	.LASF180
 4405 0d57 24       		.byte	0x24
 4406 0d58 16       		.byte	0x16
 4407 0d59 CF       		.byte	0xcf
 4408 0d5a 08       		.byte	0x8
 4409 0d5b D50D0000 		.4byte	0xdd5
 4410 0d5f 02       		.uleb128 0x2
 4411 0d60 8B070000 		.4byte	.LASF181
 4412 0d64 16       		.byte	0x16
 4413 0d65 D0       		.byte	0xd0
 4414 0d66 03       		.byte	0x3
 4415 0d67 2D000000 		.4byte	0x2d
 4416 0d6b 00       		.byte	0
 4417 0d6c 02       		.uleb128 0x2
 4418 0d6d A9070000 		.4byte	.LASF182
 4419 0d71 16       		.byte	0x16
 4420 0d72 D0       		.byte	0xd0
 4421 0d73 03       		.byte	0x3
 4422 0d74 780B0000 		.4byte	0xb78
 4423 0d78 04       		.byte	0x4
 4424 0d79 02       		.uleb128 0x2
 4425 0d7a 1B0D0000 		.4byte	.LASF183
 4426 0d7e 16       		.byte	0x16
 4427 0d7f D0       		.byte	0xd0
 4428 0d80 03       		.byte	0x3
 4429 0d81 780B0000 		.4byte	0xb78
 4430 0d85 08       		.byte	0x8
 4431 0d86 02       		.uleb128 0x2
 4432 0d87 44090000 		.4byte	.LASF184
 4433 0d8b 16       		.byte	0x16
 4434 0d8c D0       		.byte	0xd0
 4435 0d8d 03       		.byte	0x3
 4436 0d8e 780B0000 		.4byte	0xb78
 4437 0d92 0C       		.byte	0xc
 4438 0d93 02       		.uleb128 0x2
 4439 0d94 DE000000 		.4byte	.LASF185
 4440 0d98 16       		.byte	0x16
 4441 0d99 D0       		.byte	0xd0
 4442 0d9a 03       		.byte	0x3
 4443 0d9b 780B0000 		.4byte	0xb78
 4444 0d9f 10       		.byte	0x10
 4445 0da0 02       		.uleb128 0x2
 4446 0da1 640A0000 		.4byte	.LASF186
ARM GAS  C:\Users\DEVELO~1\AppData\Local\Temp\ccfH0FMk.s 			page 79


 4447 0da5 16       		.byte	0x16
 4448 0da6 D0       		.byte	0xd0
 4449 0da7 03       		.byte	0x3
 4450 0da8 9B0B0000 		.4byte	0xb9b
 4451 0dac 14       		.byte	0x14
 4452 0dad 02       		.uleb128 0x2
 4453 0dae 3F070000 		.4byte	.LASF187
 4454 0db2 16       		.byte	0x16
 4455 0db3 D0       		.byte	0xd0
 4456 0db4 03       		.byte	0x3
 4457 0db5 BE0B0000 		.4byte	0xbbe
 4458 0db9 18       		.byte	0x18
 4459 0dba 02       		.uleb128 0x2
 4460 0dbb 040B0000 		.4byte	.LASF188
 4461 0dbf 16       		.byte	0x16
 4462 0dc0 D0       		.byte	0xd0
 4463 0dc1 03       		.byte	0x3
 4464 0dc2 780B0000 		.4byte	0xb78
 4465 0dc6 1C       		.byte	0x1c
 4466 0dc7 02       		.uleb128 0x2
 4467 0dc8 77050000 		.4byte	.LASF189
 4468 0dcc 16       		.byte	0x16
 4469 0dcd D0       		.byte	0xd0
 4470 0dce 03       		.byte	0x3
 4471 0dcf DC0B0000 		.4byte	0xbdc
 4472 0dd3 20       		.byte	0x20
 4473 0dd4 00       		.byte	0
 4474 0dd5 09       		.uleb128 0x9
 4475 0dd6 520D0000 		.4byte	0xd52
 4476 0dda 05       		.uleb128 0x5
 4477 0ddb D50D0000 		.4byte	0xdd5
 4478 0ddf 05       		.uleb128 0x5
 4479 0de0 4D0D0000 		.4byte	0xd4d
 4480 0de4 05       		.uleb128 0x5
 4481 0de5 F4070000 		.4byte	0x7f4
 4482 0de9 19       		.uleb128 0x19
 4483 0dea 66000000 		.4byte	0x66
 4484 0dee 05       		.byte	0x5
 4485 0def 26       		.byte	0x26
 4486 0df0 0D0E0000 		.4byte	0xe0d
 4487 0df4 07       		.uleb128 0x7
 4488 0df5 61080000 		.4byte	.LASF190
 4489 0df9 00       		.byte	0
 4490 0dfa 07       		.uleb128 0x7
 4491 0dfb 98020000 		.4byte	.LASF191
 4492 0dff 01       		.byte	0x1
 4493 0e00 07       		.uleb128 0x7
 4494 0e01 75070000 		.4byte	.LASF192
 4495 0e05 02       		.byte	0x2
 4496 0e06 07       		.uleb128 0x7
 4497 0e07 AE060000 		.4byte	.LASF193
 4498 0e0b 03       		.byte	0x3
 4499 0e0c 00       		.byte	0
 4500 0e0d 03       		.uleb128 0x3
 4501 0e0e C8030000 		.4byte	.LASF194
 4502 0e12 05       		.byte	0x5
 4503 0e13 2B       		.byte	0x2b
ARM GAS  C:\Users\DEVELO~1\AppData\Local\Temp\ccfH0FMk.s 			page 80


 4504 0e14 03       		.byte	0x3
 4505 0e15 E90D0000 		.4byte	0xde9
 4506 0e19 19       		.uleb128 0x19
 4507 0e1a 66000000 		.4byte	0x66
 4508 0e1e 05       		.byte	0x5
 4509 0e1f 30       		.byte	0x30
 4510 0e20 310E0000 		.4byte	0xe31
 4511 0e24 07       		.uleb128 0x7
 4512 0e25 18030000 		.4byte	.LASF195
 4513 0e29 00       		.byte	0
 4514 0e2a 07       		.uleb128 0x7
 4515 0e2b E9080000 		.4byte	.LASF196
 4516 0e2f 01       		.byte	0x1
 4517 0e30 00       		.byte	0
 4518 0e31 03       		.uleb128 0x3
 4519 0e32 CC0B0000 		.4byte	.LASF197
 4520 0e36 05       		.byte	0x5
 4521 0e37 33       		.byte	0x33
 4522 0e38 03       		.byte	0x3
 4523 0e39 190E0000 		.4byte	0xe19
 4524 0e3d 19       		.uleb128 0x19
 4525 0e3e 66000000 		.4byte	0x66
 4526 0e42 05       		.byte	0x5
 4527 0e43 38       		.byte	0x38
 4528 0e44 610E0000 		.4byte	0xe61
 4529 0e48 07       		.uleb128 0x7
 4530 0e49 21090000 		.4byte	.LASF198
 4531 0e4d 00       		.byte	0
 4532 0e4e 07       		.uleb128 0x7
 4533 0e4f 460A0000 		.4byte	.LASF199
 4534 0e53 01       		.byte	0x1
 4535 0e54 07       		.uleb128 0x7
 4536 0e55 41060000 		.4byte	.LASF200
 4537 0e59 02       		.byte	0x2
 4538 0e5a 07       		.uleb128 0x7
 4539 0e5b 09000000 		.4byte	.LASF201
 4540 0e5f 03       		.byte	0x3
 4541 0e60 00       		.byte	0
 4542 0e61 03       		.uleb128 0x3
 4543 0e62 89050000 		.4byte	.LASF202
 4544 0e66 05       		.byte	0x5
 4545 0e67 3D       		.byte	0x3d
 4546 0e68 03       		.byte	0x3
 4547 0e69 3D0E0000 		.4byte	0xe3d
 4548 0e6d 1F       		.uleb128 0x1f
 4549 0e6e 9C060000 		.4byte	.LASF226
 4550 0e72 4A       		.byte	0x4a
 4551 0e73 22       		.byte	0x22
 4552 0e74 D50D0000 		.4byte	0xdd5
 4553 0e78 05       		.uleb128 0x5
 4554 0e79 03       		.byte	0x3
 4555 0e7a 00000000 		.4byte	sdc_vmt
 4556 0e7e 11       		.uleb128 0x11
 4557 0e7f 19070000 		.4byte	.LASF203
 4558 0e83 16       		.byte	0x16
 4559 0e84 2B01     		.2byte	0x12b
 4560 0e86 08       		.byte	0x8
ARM GAS  C:\Users\DEVELO~1\AppData\Local\Temp\ccfH0FMk.s 			page 81


 4561 0e87 DA0A0000 		.4byte	0xada
 4562 0e8b 950E0000 		.4byte	0xe95
 4563 0e8f 01       		.uleb128 0x1
 4564 0e90 950E0000 		.4byte	0xe95
 4565 0e94 00       		.byte	0
 4566 0e95 05       		.uleb128 0x5
 4567 0e96 4C0C0000 		.4byte	0xc4c
 4568 0e9a 11       		.uleb128 0x11
 4569 0e9b 8D0A0000 		.4byte	.LASF204
 4570 0e9f 16       		.byte	0x16
 4571 0ea0 2901     		.2byte	0x129
 4572 0ea2 08       		.byte	0x8
 4573 0ea3 DA0A0000 		.4byte	0xada
 4574 0ea7 C00E0000 		.4byte	0xec0
 4575 0eab 01       		.uleb128 0x1
 4576 0eac 950E0000 		.4byte	0xe95
 4577 0eb0 01       		.uleb128 0x1
 4578 0eb1 01010000 		.4byte	0x101
 4579 0eb5 01       		.uleb128 0x1
 4580 0eb6 E60A0000 		.4byte	0xae6
 4581 0eba 01       		.uleb128 0x1
 4582 0ebb 01010000 		.4byte	0x101
 4583 0ebf 00       		.byte	0
 4584 0ec0 11       		.uleb128 0x11
 4585 0ec1 E4010000 		.4byte	.LASF205
 4586 0ec5 16       		.byte	0x16
 4587 0ec6 2701     		.2byte	0x127
 4588 0ec8 08       		.byte	0x8
 4589 0ec9 DA0A0000 		.4byte	0xada
 4590 0ecd E60E0000 		.4byte	0xee6
 4591 0ed1 01       		.uleb128 0x1
 4592 0ed2 950E0000 		.4byte	0xe95
 4593 0ed6 01       		.uleb128 0x1
 4594 0ed7 01010000 		.4byte	0x101
 4595 0edb 01       		.uleb128 0x1
 4596 0edc E10A0000 		.4byte	0xae1
 4597 0ee0 01       		.uleb128 0x1
 4598 0ee1 01010000 		.4byte	0x101
 4599 0ee5 00       		.byte	0
 4600 0ee6 16       		.uleb128 0x16
 4601 0ee7 6F0A0000 		.4byte	.LASF208
 4602 0eeb 16       		.byte	0x16
 4603 0eec 1C01     		.2byte	0x11c
 4604 0eee F80E0000 		.4byte	0xef8
 4605 0ef2 01       		.uleb128 0x1
 4606 0ef3 950E0000 		.4byte	0xe95
 4607 0ef7 00       		.byte	0
 4608 0ef8 11       		.uleb128 0x11
 4609 0ef9 67040000 		.4byte	.LASF206
 4610 0efd 17       		.byte	0x17
 4611 0efe DB01     		.2byte	0x1db
 4612 0f00 0C       		.byte	0xc
 4613 0f01 01010000 		.4byte	0x101
 4614 0f05 0F0F0000 		.4byte	0xf0f
 4615 0f09 01       		.uleb128 0x1
 4616 0f0a 0F0F0000 		.4byte	0xf0f
 4617 0f0e 00       		.byte	0
ARM GAS  C:\Users\DEVELO~1\AppData\Local\Temp\ccfH0FMk.s 			page 82


 4618 0f0f 05       		.uleb128 0x5
 4619 0f10 17010000 		.4byte	0x117
 4620 0f14 11       		.uleb128 0x11
 4621 0f15 01070000 		.4byte	.LASF207
 4622 0f19 17       		.byte	0x17
 4623 0f1a DC01     		.2byte	0x1dc
 4624 0f1c 0C       		.byte	0xc
 4625 0f1d 01010000 		.4byte	0x101
 4626 0f21 2B0F0000 		.4byte	0xf2b
 4627 0f25 01       		.uleb128 0x1
 4628 0f26 E60A0000 		.4byte	0xae6
 4629 0f2a 00       		.byte	0
 4630 0f2b 16       		.uleb128 0x16
 4631 0f2c 45010000 		.4byte	.LASF209
 4632 0f30 16       		.byte	0x16
 4633 0f31 1B01     		.2byte	0x11b
 4634 0f33 420F0000 		.4byte	0xf42
 4635 0f37 01       		.uleb128 0x1
 4636 0f38 950E0000 		.4byte	0xe95
 4637 0f3c 01       		.uleb128 0x1
 4638 0f3d 280C0000 		.4byte	0xc28
 4639 0f41 00       		.byte	0
 4640 0f42 11       		.uleb128 0x11
 4641 0f43 E7060000 		.4byte	.LASF210
 4642 0f47 16       		.byte	0x16
 4643 0f48 2301     		.2byte	0x123
 4644 0f4a 08       		.byte	0x8
 4645 0f4b DA0A0000 		.4byte	0xada
 4646 0f4f 680F0000 		.4byte	0xf68
 4647 0f53 01       		.uleb128 0x1
 4648 0f54 950E0000 		.4byte	0xe95
 4649 0f58 01       		.uleb128 0x1
 4650 0f59 D8000000 		.4byte	0xd8
 4651 0f5d 01       		.uleb128 0x1
 4652 0f5e 01010000 		.4byte	0x101
 4653 0f62 01       		.uleb128 0x1
 4654 0f63 E10B0000 		.4byte	0xbe1
 4655 0f67 00       		.byte	0
 4656 0f68 16       		.uleb128 0x16
 4657 0f69 50040000 		.4byte	.LASF211
 4658 0f6d 16       		.byte	0x16
 4659 0f6e 1A01     		.2byte	0x11a
 4660 0f70 7A0F0000 		.4byte	0xf7a
 4661 0f74 01       		.uleb128 0x1
 4662 0f75 950E0000 		.4byte	0xe95
 4663 0f79 00       		.byte	0
 4664 0f7a 16       		.uleb128 0x16
 4665 0f7b EA070000 		.4byte	.LASF212
 4666 0f7f 16       		.byte	0x16
 4667 0f80 1901     		.2byte	0x119
 4668 0f82 8C0F0000 		.4byte	0xf8c
 4669 0f86 01       		.uleb128 0x1
 4670 0f87 950E0000 		.4byte	0xe95
 4671 0f8b 00       		.byte	0
 4672 0f8c 16       		.uleb128 0x16
 4673 0f8d 28050000 		.4byte	.LASF213
 4674 0f91 16       		.byte	0x16
ARM GAS  C:\Users\DEVELO~1\AppData\Local\Temp\ccfH0FMk.s 			page 83


 4675 0f92 1801     		.2byte	0x118
 4676 0f94 9E0F0000 		.4byte	0xf9e
 4677 0f98 01       		.uleb128 0x1
 4678 0f99 950E0000 		.4byte	0xe95
 4679 0f9d 00       		.byte	0
 4680 0f9e 35       		.uleb128 0x35
 4681 0f9f 8F000000 		.4byte	.LASF279
 4682 0fa3 16       		.byte	0x16
 4683 0fa4 1701     		.2byte	0x117
 4684 0fa6 08       		.byte	0x8
 4685 0fa7 16       		.uleb128 0x16
 4686 0fa8 33040000 		.4byte	.LASF214
 4687 0fac 16       		.byte	0x16
 4688 0fad 1D01     		.2byte	0x11d
 4689 0faf BE0F0000 		.4byte	0xfbe
 4690 0fb3 01       		.uleb128 0x1
 4691 0fb4 950E0000 		.4byte	0xe95
 4692 0fb8 01       		.uleb128 0x1
 4693 0fb9 040C0000 		.4byte	0xc04
 4694 0fbd 00       		.byte	0
 4695 0fbe 11       		.uleb128 0x11
 4696 0fbf F2000000 		.4byte	.LASF215
 4697 0fc3 16       		.byte	0x16
 4698 0fc4 2501     		.2byte	0x125
 4699 0fc6 08       		.byte	0x8
 4700 0fc7 DA0A0000 		.4byte	0xada
 4701 0fcb E90F0000 		.4byte	0xfe9
 4702 0fcf 01       		.uleb128 0x1
 4703 0fd0 950E0000 		.4byte	0xe95
 4704 0fd4 01       		.uleb128 0x1
 4705 0fd5 E10A0000 		.4byte	0xae1
 4706 0fd9 01       		.uleb128 0x1
 4707 0fda 2D000000 		.4byte	0x2d
 4708 0fde 01       		.uleb128 0x1
 4709 0fdf D8000000 		.4byte	0xd8
 4710 0fe3 01       		.uleb128 0x1
 4711 0fe4 01010000 		.4byte	0x101
 4712 0fe8 00       		.byte	0
 4713 0fe9 11       		.uleb128 0x11
 4714 0fea A7080000 		.4byte	.LASF216
 4715 0fee 17       		.byte	0x17
 4716 0fef D801     		.2byte	0x1d8
 4717 0ff1 0C       		.byte	0xc
 4718 0ff2 01010000 		.4byte	0x101
 4719 0ff6 0A100000 		.4byte	0x100a
 4720 0ffa 01       		.uleb128 0x1
 4721 0ffb 0F0F0000 		.4byte	0xf0f
 4722 0fff 01       		.uleb128 0x1
 4723 1000 01010000 		.4byte	0x101
 4724 1004 01       		.uleb128 0x1
 4725 1005 01010000 		.4byte	0x101
 4726 1009 00       		.byte	0
 4727 100a 16       		.uleb128 0x16
 4728 100b C10B0000 		.4byte	.LASF217
 4729 100f 18       		.byte	0x18
 4730 1010 4201     		.2byte	0x142
 4731 1012 1C100000 		.4byte	0x101c
ARM GAS  C:\Users\DEVELO~1\AppData\Local\Temp\ccfH0FMk.s 			page 84


 4732 1016 01       		.uleb128 0x1
 4733 1017 94030000 		.4byte	0x394
 4734 101b 00       		.byte	0
 4735 101c 11       		.uleb128 0x11
 4736 101d CB080000 		.4byte	.LASF218
 4737 1021 16       		.byte	0x16
 4738 1022 1F01     		.2byte	0x11f
 4739 1024 08       		.byte	0x8
 4740 1025 DA0A0000 		.4byte	0xada
 4741 1029 42100000 		.4byte	0x1042
 4742 102d 01       		.uleb128 0x1
 4743 102e 950E0000 		.4byte	0xe95
 4744 1032 01       		.uleb128 0x1
 4745 1033 D8000000 		.4byte	0xd8
 4746 1037 01       		.uleb128 0x1
 4747 1038 01010000 		.4byte	0x101
 4748 103c 01       		.uleb128 0x1
 4749 103d E10B0000 		.4byte	0xbe1
 4750 1041 00       		.byte	0
 4751 1042 16       		.uleb128 0x16
 4752 1043 65030000 		.4byte	.LASF219
 4753 1047 16       		.byte	0x16
 4754 1048 1E01     		.2byte	0x11e
 4755 104a 5E100000 		.4byte	0x105e
 4756 104e 01       		.uleb128 0x1
 4757 104f 950E0000 		.4byte	0xe95
 4758 1053 01       		.uleb128 0x1
 4759 1054 D8000000 		.4byte	0xd8
 4760 1058 01       		.uleb128 0x1
 4761 1059 01010000 		.4byte	0x101
 4762 105d 00       		.byte	0
 4763 105e 11       		.uleb128 0x11
 4764 105f 380C0000 		.4byte	.LASF220
 4765 1063 16       		.byte	0x16
 4766 1064 2101     		.2byte	0x121
 4767 1066 08       		.byte	0x8
 4768 1067 DA0A0000 		.4byte	0xada
 4769 106b 84100000 		.4byte	0x1084
 4770 106f 01       		.uleb128 0x1
 4771 1070 950E0000 		.4byte	0xe95
 4772 1074 01       		.uleb128 0x1
 4773 1075 D8000000 		.4byte	0xd8
 4774 1079 01       		.uleb128 0x1
 4775 107a 01010000 		.4byte	0x101
 4776 107e 01       		.uleb128 0x1
 4777 107f E10B0000 		.4byte	0xbe1
 4778 1083 00       		.byte	0
 4779 1084 11       		.uleb128 0x11
 4780 1085 E70C0000 		.4byte	.LASF221
 4781 1089 16       		.byte	0x16
 4782 108a 2D01     		.2byte	0x12d
 4783 108c 08       		.byte	0x8
 4784 108d DA0A0000 		.4byte	0xada
 4785 1091 9B100000 		.4byte	0x109b
 4786 1095 01       		.uleb128 0x1
 4787 1096 950E0000 		.4byte	0xe95
 4788 109a 00       		.byte	0
ARM GAS  C:\Users\DEVELO~1\AppData\Local\Temp\ccfH0FMk.s 			page 85


 4789 109b 11       		.uleb128 0x11
 4790 109c 880C0000 		.4byte	.LASF222
 4791 10a0 16       		.byte	0x16
 4792 10a1 2C01     		.2byte	0x12c
 4793 10a3 08       		.byte	0x8
 4794 10a4 DA0A0000 		.4byte	0xada
 4795 10a8 B2100000 		.4byte	0x10b2
 4796 10ac 01       		.uleb128 0x1
 4797 10ad 950E0000 		.4byte	0xe95
 4798 10b1 00       		.byte	0
 4799 10b2 12       		.uleb128 0x12
 4800 10b3 110B0000 		.4byte	.LASF227
 4801 10b7 EF03     		.2byte	0x3ef
 4802 10b9 06       		.byte	0x6
 4803 10ba DA0A0000 		.4byte	0xada
 4804 10be 00000000 		.4byte	.LFB458
 4805 10c2 CC000000 		.4byte	.LFE458-.LFB458
 4806 10c6 01       		.uleb128 0x1
 4807 10c7 9C       		.byte	0x9c
 4808 10c8 20110000 		.4byte	0x1120
 4809 10cc 06       		.uleb128 0x6
 4810 10cd D3020000 		.4byte	.LASF223
 4811 10d1 05       		.byte	0x5
 4812 10d2 EF03     		.2byte	0x3ef
 4813 10d4 1A       		.byte	0x1a
 4814 10d5 950E0000 		.4byte	0xe95
 4815 10d9 02       		.uleb128 0x2
 4816 10da 91       		.byte	0x91
 4817 10db 6C       		.sleb128 -20
 4818 10dc 06       		.uleb128 0x6
 4819 10dd A00B0000 		.4byte	.LASF224
 4820 10e1 05       		.byte	0x5
 4821 10e2 EF03     		.2byte	0x3ef
 4822 10e4 29       		.byte	0x29
 4823 10e5 01010000 		.4byte	0x101
 4824 10e9 02       		.uleb128 0x2
 4825 10ea 91       		.byte	0x91
 4826 10eb 68       		.sleb128 -24
 4827 10ec 06       		.uleb128 0x6
 4828 10ed 080D0000 		.4byte	.LASF225
 4829 10f1 05       		.byte	0x5
 4830 10f2 EF03     		.2byte	0x3ef
 4831 10f4 3C       		.byte	0x3c
 4832 10f5 01010000 		.4byte	0x101
 4833 10f9 02       		.uleb128 0x2
 4834 10fa 91       		.byte	0x91
 4835 10fb 64       		.sleb128 -28
 4836 10fc 08       		.uleb128 0x8
 4837 10fd 280D0000 		.4byte	.LASF176
 4838 1101 F003     		.2byte	0x3f0
 4839 1103 0C       		.byte	0xc
 4840 1104 2B060000 		.4byte	0x62b
 4841 1108 02       		.uleb128 0x2
 4842 1109 91       		.byte	0x91
 4843 110a 74       		.sleb128 -12
 4844 110b 0E       		.uleb128 0xe
 4845 110c DE0C0000 		.4byte	.LASF230
ARM GAS  C:\Users\DEVELO~1\AppData\Local\Temp\ccfH0FMk.s 			page 86


 4846 1110 30110000 		.4byte	0x1130
 4847 1114 27       		.uleb128 0x27
 4848 1115 BA0B0000 		.4byte	.LASF239
 4849 1119 1F04     		.2byte	0x41f
 4850 111b B8000000 		.4byte	.L180
 4851 111f 00       		.byte	0
 4852 1120 0C       		.uleb128 0xc
 4853 1121 C9000000 		.4byte	0xc9
 4854 1125 30110000 		.4byte	0x1130
 4855 1129 0D       		.uleb128 0xd
 4856 112a 3E000000 		.4byte	0x3e
 4857 112e 08       		.byte	0x8
 4858 112f 00       		.byte	0
 4859 1130 09       		.uleb128 0x9
 4860 1131 20110000 		.4byte	0x1120
 4861 1135 36       		.uleb128 0x36
 4862 1136 67000000 		.4byte	.LASF228
 4863 113a 05       		.byte	0x5
 4864 113b D403     		.2byte	0x3d4
 4865 113d 06       		.byte	0x6
 4866 113e DA0A0000 		.4byte	0xada
 4867 1142 00000000 		.4byte	.LFB457
 4868 1146 32000000 		.4byte	.LFE457-.LFB457
 4869 114a 01       		.uleb128 0x1
 4870 114b 9C       		.byte	0x9c
 4871 114c 7A110000 		.4byte	0x117a
 4872 1150 06       		.uleb128 0x6
 4873 1151 D3020000 		.4byte	.LASF223
 4874 1155 05       		.byte	0x5
 4875 1156 D403     		.2byte	0x3d4
 4876 1158 1C       		.byte	0x1c
 4877 1159 950E0000 		.4byte	0xe95
 4878 115d 02       		.uleb128 0x2
 4879 115e 91       		.byte	0x91
 4880 115f 74       		.sleb128 -12
 4881 1160 06       		.uleb128 0x6
 4882 1161 AA0A0000 		.4byte	.LASF229
 4883 1165 05       		.byte	0x5
 4884 1166 D403     		.2byte	0x3d4
 4885 1168 33       		.byte	0x33
 4886 1169 D70B0000 		.4byte	0xbd7
 4887 116d 02       		.uleb128 0x2
 4888 116e 91       		.byte	0x91
 4889 116f 70       		.sleb128 -16
 4890 1170 0E       		.uleb128 0xe
 4891 1171 DE0C0000 		.4byte	.LASF230
 4892 1175 8A110000 		.4byte	0x118a
 4893 1179 00       		.byte	0
 4894 117a 0C       		.uleb128 0xc
 4895 117b C9000000 		.4byte	0xc9
 4896 117f 8A110000 		.4byte	0x118a
 4897 1183 0D       		.uleb128 0xd
 4898 1184 3E000000 		.4byte	0x3e
 4899 1188 0A       		.byte	0xa
 4900 1189 00       		.byte	0
 4901 118a 09       		.uleb128 0x9
 4902 118b 7A110000 		.4byte	0x117a
ARM GAS  C:\Users\DEVELO~1\AppData\Local\Temp\ccfH0FMk.s 			page 87


 4903 118f 12       		.uleb128 0x12
 4904 1190 300C0000 		.4byte	.LASF231
 4905 1194 B503     		.2byte	0x3b5
 4906 1196 06       		.byte	0x6
 4907 1197 DA0A0000 		.4byte	0xada
 4908 119b 00000000 		.4byte	.LFB456
 4909 119f 34000000 		.4byte	.LFE456-.LFB456
 4910 11a3 01       		.uleb128 0x1
 4911 11a4 9C       		.byte	0x9c
 4912 11a5 D2110000 		.4byte	0x11d2
 4913 11a9 06       		.uleb128 0x6
 4914 11aa D3020000 		.4byte	.LASF223
 4915 11ae 05       		.byte	0x5
 4916 11af B503     		.2byte	0x3b5
 4917 11b1 19       		.byte	0x19
 4918 11b2 950E0000 		.4byte	0xe95
 4919 11b6 02       		.uleb128 0x2
 4920 11b7 91       		.byte	0x91
 4921 11b8 6C       		.sleb128 -20
 4922 11b9 08       		.uleb128 0x8
 4923 11ba 59030000 		.4byte	.LASF232
 4924 11be B603     		.2byte	0x3b6
 4925 11c0 08       		.byte	0x8
 4926 11c1 DA0A0000 		.4byte	0xada
 4927 11c5 02       		.uleb128 0x2
 4928 11c6 91       		.byte	0x91
 4929 11c7 77       		.sleb128 -9
 4930 11c8 0E       		.uleb128 0xe
 4931 11c9 DE0C0000 		.4byte	.LASF230
 4932 11cd E2110000 		.4byte	0x11e2
 4933 11d1 00       		.byte	0
 4934 11d2 0C       		.uleb128 0xc
 4935 11d3 C9000000 		.4byte	0xc9
 4936 11d7 E2110000 		.4byte	0x11e2
 4937 11db 0D       		.uleb128 0xd
 4938 11dc 3E000000 		.4byte	0x3e
 4939 11e0 07       		.byte	0x7
 4940 11e1 00       		.byte	0
 4941 11e2 09       		.uleb128 0x9
 4942 11e3 D2110000 		.4byte	0x11d2
 4943 11e7 12       		.uleb128 0x12
 4944 11e8 36050000 		.4byte	.LASF233
 4945 11ec 9D03     		.2byte	0x39d
 4946 11ee 0C       		.byte	0xc
 4947 11ef 400C0000 		.4byte	0xc40
 4948 11f3 00000000 		.4byte	.LFB455
 4949 11f7 26000000 		.4byte	.LFE455-.LFB455
 4950 11fb 01       		.uleb128 0x1
 4951 11fc 9C       		.byte	0x9c
 4952 11fd 2A120000 		.4byte	0x122a
 4953 1201 06       		.uleb128 0x6
 4954 1202 D3020000 		.4byte	.LASF223
 4955 1206 05       		.byte	0x5
 4956 1207 9D03     		.2byte	0x39d
 4957 1209 2C       		.byte	0x2c
 4958 120a 950E0000 		.4byte	0xe95
 4959 120e 02       		.uleb128 0x2
ARM GAS  C:\Users\DEVELO~1\AppData\Local\Temp\ccfH0FMk.s 			page 88


 4960 120f 91       		.byte	0x91
 4961 1210 6C       		.sleb128 -20
 4962 1211 08       		.uleb128 0x8
 4963 1212 9C000000 		.4byte	.LASF38
 4964 1216 9E03     		.2byte	0x39e
 4965 1218 0E       		.byte	0xe
 4966 1219 400C0000 		.4byte	0xc40
 4967 121d 02       		.uleb128 0x2
 4968 121e 91       		.byte	0x91
 4969 121f 74       		.sleb128 -12
 4970 1220 0E       		.uleb128 0xe
 4971 1221 DE0C0000 		.4byte	.LASF230
 4972 1225 3A120000 		.4byte	0x123a
 4973 1229 00       		.byte	0
 4974 122a 0C       		.uleb128 0xc
 4975 122b C9000000 		.4byte	0xc9
 4976 122f 3A120000 		.4byte	0x123a
 4977 1233 0D       		.uleb128 0xd
 4978 1234 3E000000 		.4byte	0x3e
 4979 1238 14       		.byte	0x14
 4980 1239 00       		.byte	0
 4981 123a 09       		.uleb128 0x9
 4982 123b 2A120000 		.4byte	0x122a
 4983 123f 12       		.uleb128 0x12
 4984 1240 9B0A0000 		.4byte	.LASF234
 4985 1244 7F03     		.2byte	0x37f
 4986 1246 06       		.byte	0x6
 4987 1247 DA0A0000 		.4byte	0xada
 4988 124b 00000000 		.4byte	.LFB454
 4989 124f 54000000 		.4byte	.LFE454-.LFB454
 4990 1253 01       		.uleb128 0x1
 4991 1254 9C       		.byte	0x9c
 4992 1255 AE120000 		.4byte	0x12ae
 4993 1259 06       		.uleb128 0x6
 4994 125a D3020000 		.4byte	.LASF223
 4995 125e 05       		.byte	0x5
 4996 125f 7F03     		.2byte	0x37f
 4997 1261 1A       		.byte	0x1a
 4998 1262 950E0000 		.4byte	0xe95
 4999 1266 02       		.uleb128 0x2
 5000 1267 91       		.byte	0x91
 5001 1268 6C       		.sleb128 -20
 5002 1269 06       		.uleb128 0x6
 5003 126a A00B0000 		.4byte	.LASF224
 5004 126e 05       		.byte	0x5
 5005 126f 7F03     		.2byte	0x37f
 5006 1271 29       		.byte	0x29
 5007 1272 01010000 		.4byte	0x101
 5008 1276 02       		.uleb128 0x2
 5009 1277 91       		.byte	0x91
 5010 1278 68       		.sleb128 -24
 5011 1279 13       		.uleb128 0x13
 5012 127a 62756600 		.ascii	"buf\000"
 5013 127e 8003     		.2byte	0x380
 5014 1280 1E       		.byte	0x1e
 5015 1281 E60A0000 		.4byte	0xae6
 5016 1285 02       		.uleb128 0x2
ARM GAS  C:\Users\DEVELO~1\AppData\Local\Temp\ccfH0FMk.s 			page 89


 5017 1286 91       		.byte	0x91
 5018 1287 64       		.sleb128 -28
 5019 1288 13       		.uleb128 0x13
 5020 1289 6E00     		.ascii	"n\000"
 5021 128b 8003     		.2byte	0x380
 5022 128d 2C       		.byte	0x2c
 5023 128e 01010000 		.4byte	0x101
 5024 1292 02       		.uleb128 0x2
 5025 1293 91       		.byte	0x91
 5026 1294 60       		.sleb128 -32
 5027 1295 08       		.uleb128 0x8
 5028 1296 8C060000 		.4byte	.LASF235
 5029 129a 8103     		.2byte	0x381
 5030 129c 08       		.byte	0x8
 5031 129d DA0A0000 		.4byte	0xada
 5032 12a1 02       		.uleb128 0x2
 5033 12a2 91       		.byte	0x91
 5034 12a3 77       		.sleb128 -9
 5035 12a4 0E       		.uleb128 0xe
 5036 12a5 DE0C0000 		.4byte	.LASF230
 5037 12a9 30110000 		.4byte	0x1130
 5038 12ad 00       		.byte	0
 5039 12ae 12       		.uleb128 0x12
 5040 12af 62070000 		.4byte	.LASF236
 5041 12b3 5A03     		.2byte	0x35a
 5042 12b5 06       		.byte	0x6
 5043 12b6 DA0A0000 		.4byte	0xada
 5044 12ba 00000000 		.4byte	.LFB453
 5045 12be 54000000 		.4byte	.LFE453-.LFB453
 5046 12c2 01       		.uleb128 0x1
 5047 12c3 9C       		.byte	0x9c
 5048 12c4 1D130000 		.4byte	0x131d
 5049 12c8 06       		.uleb128 0x6
 5050 12c9 D3020000 		.4byte	.LASF223
 5051 12cd 05       		.byte	0x5
 5052 12ce 5A03     		.2byte	0x35a
 5053 12d0 19       		.byte	0x19
 5054 12d1 950E0000 		.4byte	0xe95
 5055 12d5 02       		.uleb128 0x2
 5056 12d6 91       		.byte	0x91
 5057 12d7 6C       		.sleb128 -20
 5058 12d8 06       		.uleb128 0x6
 5059 12d9 A00B0000 		.4byte	.LASF224
 5060 12dd 05       		.byte	0x5
 5061 12de 5A03     		.2byte	0x35a
 5062 12e0 28       		.byte	0x28
 5063 12e1 01010000 		.4byte	0x101
 5064 12e5 02       		.uleb128 0x2
 5065 12e6 91       		.byte	0x91
 5066 12e7 68       		.sleb128 -24
 5067 12e8 13       		.uleb128 0x13
 5068 12e9 62756600 		.ascii	"buf\000"
 5069 12ed 5A03     		.2byte	0x35a
 5070 12ef 3B       		.byte	0x3b
 5071 12f0 E10A0000 		.4byte	0xae1
 5072 12f4 02       		.uleb128 0x2
 5073 12f5 91       		.byte	0x91
ARM GAS  C:\Users\DEVELO~1\AppData\Local\Temp\ccfH0FMk.s 			page 90


 5074 12f6 64       		.sleb128 -28
 5075 12f7 13       		.uleb128 0x13
 5076 12f8 6E00     		.ascii	"n\000"
 5077 12fa 5A03     		.2byte	0x35a
 5078 12fc 49       		.byte	0x49
 5079 12fd 01010000 		.4byte	0x101
 5080 1301 02       		.uleb128 0x2
 5081 1302 91       		.byte	0x91
 5082 1303 60       		.sleb128 -32
 5083 1304 08       		.uleb128 0x8
 5084 1305 8C060000 		.4byte	.LASF235
 5085 1309 5B03     		.2byte	0x35b
 5086 130b 08       		.byte	0x8
 5087 130c DA0A0000 		.4byte	0xada
 5088 1310 02       		.uleb128 0x2
 5089 1311 91       		.byte	0x91
 5090 1312 77       		.sleb128 -9
 5091 1313 0E       		.uleb128 0xe
 5092 1314 DE0C0000 		.4byte	.LASF230
 5093 1318 E2110000 		.4byte	0x11e2
 5094 131c 00       		.byte	0
 5095 131d 12       		.uleb128 0x12
 5096 131e 59050000 		.4byte	.LASF237
 5097 1322 2F03     		.2byte	0x32f
 5098 1324 06       		.byte	0x6
 5099 1325 DA0A0000 		.4byte	0xada
 5100 1329 00000000 		.4byte	.LFB452
 5101 132d 58000000 		.4byte	.LFE452-.LFB452
 5102 1331 01       		.uleb128 0x1
 5103 1332 9C       		.byte	0x9c
 5104 1333 51130000 		.4byte	0x1351
 5105 1337 06       		.uleb128 0x6
 5106 1338 D3020000 		.4byte	.LASF223
 5107 133c 05       		.byte	0x5
 5108 133d 2F03     		.2byte	0x32f
 5109 133f 1F       		.byte	0x1f
 5110 1340 950E0000 		.4byte	0xe95
 5111 1344 02       		.uleb128 0x2
 5112 1345 91       		.byte	0x91
 5113 1346 74       		.sleb128 -12
 5114 1347 0E       		.uleb128 0xe
 5115 1348 DE0C0000 		.4byte	.LASF230
 5116 134c 61130000 		.4byte	0x1361
 5117 1350 00       		.byte	0
 5118 1351 0C       		.uleb128 0xc
 5119 1352 C9000000 		.4byte	0xc9
 5120 1356 61130000 		.4byte	0x1361
 5121 135a 0D       		.uleb128 0xd
 5122 135b 3E000000 		.4byte	0x3e
 5123 135f 0D       		.byte	0xd
 5124 1360 00       		.byte	0
 5125 1361 09       		.uleb128 0x9
 5126 1362 51130000 		.4byte	0x1351
 5127 1366 12       		.uleb128 0x12
 5128 1367 57070000 		.4byte	.LASF238
 5129 136b A302     		.2byte	0x2a3
 5130 136d 06       		.byte	0x6
ARM GAS  C:\Users\DEVELO~1\AppData\Local\Temp\ccfH0FMk.s 			page 91


 5131 136e DA0A0000 		.4byte	0xada
 5132 1372 00000000 		.4byte	.LFB451
 5133 1376 E8010000 		.4byte	.LFE451-.LFB451
 5134 137a 01       		.uleb128 0x1
 5135 137b 9C       		.byte	0x9c
 5136 137c D8130000 		.4byte	0x13d8
 5137 1380 06       		.uleb128 0x6
 5138 1381 D3020000 		.4byte	.LASF223
 5139 1385 05       		.byte	0x5
 5140 1386 A302     		.2byte	0x2a3
 5141 1388 1C       		.byte	0x1c
 5142 1389 950E0000 		.4byte	0xe95
 5143 138d 02       		.uleb128 0x2
 5144 138e 91       		.byte	0x91
 5145 138f 64       		.sleb128 -28
 5146 1390 08       		.uleb128 0x8
 5147 1391 280D0000 		.4byte	.LASF176
 5148 1395 A402     		.2byte	0x2a4
 5149 1397 0C       		.byte	0xc
 5150 1398 2B060000 		.4byte	0x62b
 5151 139c 02       		.uleb128 0x2
 5152 139d 91       		.byte	0x91
 5153 139e 70       		.sleb128 -16
 5154 139f 1B       		.uleb128 0x1b
 5155 13a0 636C6B00 		.ascii	"clk\000"
 5156 13a4 A502     		.2byte	0x2a5
 5157 13a6 0F       		.byte	0xf
 5158 13a7 280C0000 		.4byte	0xc28
 5159 13ab 02       		.uleb128 0x2
 5160 13ac 91       		.byte	0x91
 5161 13ad 6F       		.sleb128 -17
 5162 13ae 0E       		.uleb128 0xe
 5163 13af DE0C0000 		.4byte	.LASF230
 5164 13b3 8A110000 		.4byte	0x118a
 5165 13b7 27       		.uleb128 0x27
 5166 13b8 BA0B0000 		.4byte	.LASF239
 5167 13bc 1E03     		.2byte	0x31e
 5168 13be CE010000 		.4byte	.L122
 5169 13c2 37       		.uleb128 0x37
 5170 13c3 0C000000 		.4byte	.LLRL0
 5171 13c7 08       		.uleb128 0x8
 5172 13c8 210A0000 		.4byte	.LASF240
 5173 13cc ED02     		.2byte	0x2ed
 5174 13ce 10       		.byte	0x10
 5175 13cf E10A0000 		.4byte	0xae1
 5176 13d3 02       		.uleb128 0x2
 5177 13d4 91       		.byte	0x91
 5178 13d5 74       		.sleb128 -12
 5179 13d6 00       		.byte	0
 5180 13d7 00       		.byte	0
 5181 13d8 38       		.uleb128 0x38
 5182 13d9 4B050000 		.4byte	.LASF242
 5183 13dd 05       		.byte	0x5
 5184 13de 8502     		.2byte	0x285
 5185 13e0 06       		.byte	0x6
 5186 13e1 00000000 		.4byte	.LFB450
 5187 13e5 2A000000 		.4byte	.LFE450-.LFB450
ARM GAS  C:\Users\DEVELO~1\AppData\Local\Temp\ccfH0FMk.s 			page 92


 5188 13e9 01       		.uleb128 0x1
 5189 13ea 9C       		.byte	0x9c
 5190 13eb 09140000 		.4byte	0x1409
 5191 13ef 06       		.uleb128 0x6
 5192 13f0 D3020000 		.4byte	.LASF223
 5193 13f4 05       		.byte	0x5
 5194 13f5 8502     		.2byte	0x285
 5195 13f7 19       		.byte	0x19
 5196 13f8 950E0000 		.4byte	0xe95
 5197 13fc 02       		.uleb128 0x2
 5198 13fd 91       		.byte	0x91
 5199 13fe 74       		.sleb128 -12
 5200 13ff 0E       		.uleb128 0xe
 5201 1400 DE0C0000 		.4byte	.LASF230
 5202 1404 E2110000 		.4byte	0x11e2
 5203 1408 00       		.byte	0
 5204 1409 12       		.uleb128 0x12
 5205 140a 37000000 		.4byte	.LASF241
 5206 140e 6002     		.2byte	0x260
 5207 1410 07       		.byte	0x7
 5208 1411 75010000 		.4byte	0x175
 5209 1415 00000000 		.4byte	.LFB449
 5210 1419 32000000 		.4byte	.LFE449-.LFB449
 5211 141d 01       		.uleb128 0x1
 5212 141e 9C       		.byte	0x9c
 5213 141f 5C140000 		.4byte	0x145c
 5214 1423 06       		.uleb128 0x6
 5215 1424 D3020000 		.4byte	.LASF223
 5216 1428 05       		.byte	0x5
 5217 1429 6002     		.2byte	0x260
 5218 142b 1B       		.byte	0x1b
 5219 142c 950E0000 		.4byte	0xe95
 5220 1430 02       		.uleb128 0x2
 5221 1431 91       		.byte	0x91
 5222 1432 6C       		.sleb128 -20
 5223 1433 06       		.uleb128 0x6
 5224 1434 E2080000 		.4byte	.LASF54
 5225 1438 05       		.byte	0x5
 5226 1439 6002     		.2byte	0x260
 5227 143b 32       		.byte	0x32
 5228 143c DF0D0000 		.4byte	0xddf
 5229 1440 02       		.uleb128 0x2
 5230 1441 91       		.byte	0x91
 5231 1442 68       		.sleb128 -24
 5232 1443 1B       		.uleb128 0x1b
 5233 1444 6D736700 		.ascii	"msg\000"
 5234 1448 6102     		.2byte	0x261
 5235 144a 09       		.byte	0x9
 5236 144b 75010000 		.4byte	0x175
 5237 144f 02       		.uleb128 0x2
 5238 1450 91       		.byte	0x91
 5239 1451 74       		.sleb128 -12
 5240 1452 0E       		.uleb128 0xe
 5241 1453 DE0C0000 		.4byte	.LASF230
 5242 1457 30110000 		.4byte	0x1130
 5243 145b 00       		.byte	0
 5244 145c 39       		.uleb128 0x39
ARM GAS  C:\Users\DEVELO~1\AppData\Local\Temp\ccfH0FMk.s 			page 93


 5245 145d 42030000 		.4byte	.LASF243
 5246 1461 05       		.byte	0x5
 5247 1462 4C02     		.2byte	0x24c
 5248 1464 06       		.byte	0x6
 5249 1465 00000000 		.4byte	.LFB448
 5250 1469 34000000 		.4byte	.LFE448-.LFB448
 5251 146d 01       		.uleb128 0x1
 5252 146e 9C       		.byte	0x9c
 5253 146f 84140000 		.4byte	0x1484
 5254 1473 06       		.uleb128 0x6
 5255 1474 D3020000 		.4byte	.LASF223
 5256 1478 05       		.byte	0x5
 5257 1479 4C02     		.2byte	0x24c
 5258 147b 1F       		.byte	0x1f
 5259 147c 950E0000 		.4byte	0xe95
 5260 1480 02       		.uleb128 0x2
 5261 1481 91       		.byte	0x91
 5262 1482 74       		.sleb128 -12
 5263 1483 00       		.byte	0
 5264 1484 3A       		.uleb128 0x3a
 5265 1485 7C060000 		.4byte	.LASF280
 5266 1489 05       		.byte	0x5
 5267 148a 4002     		.2byte	0x240
 5268 148c 06       		.byte	0x6
 5269 148d 00000000 		.4byte	.LFB447
 5270 1491 0C000000 		.4byte	.LFE447-.LFB447
 5271 1495 01       		.uleb128 0x1
 5272 1496 9C       		.byte	0x9c
 5273 1497 12       		.uleb128 0x12
 5274 1498 78080000 		.4byte	.LASF244
 5275 149c 3402     		.2byte	0x234
 5276 149e 06       		.byte	0x6
 5277 149f DA0A0000 		.4byte	0xada
 5278 14a3 00000000 		.4byte	.LFB446
 5279 14a7 1A000000 		.4byte	.LFE446-.LFB446
 5280 14ab 01       		.uleb128 0x1
 5281 14ac 9C       		.byte	0x9c
 5282 14ad C2140000 		.4byte	0x14c2
 5283 14b1 06       		.uleb128 0x6
 5284 14b2 D3020000 		.4byte	.LASF223
 5285 14b6 05       		.byte	0x5
 5286 14b7 3402     		.2byte	0x234
 5287 14b9 34       		.byte	0x34
 5288 14ba 950E0000 		.4byte	0xe95
 5289 14be 02       		.uleb128 0x2
 5290 14bf 91       		.byte	0x91
 5291 14c0 74       		.sleb128 -12
 5292 14c1 00       		.byte	0
 5293 14c2 12       		.uleb128 0x12
 5294 14c3 4C090000 		.4byte	.LASF245
 5295 14c7 2402     		.2byte	0x224
 5296 14c9 06       		.byte	0x6
 5297 14ca DA0A0000 		.4byte	0xada
 5298 14ce 00000000 		.4byte	.LFB445
 5299 14d2 1A000000 		.4byte	.LFE445-.LFB445
 5300 14d6 01       		.uleb128 0x1
 5301 14d7 9C       		.byte	0x9c
ARM GAS  C:\Users\DEVELO~1\AppData\Local\Temp\ccfH0FMk.s 			page 94


 5302 14d8 ED140000 		.4byte	0x14ed
 5303 14dc 06       		.uleb128 0x6
 5304 14dd D3020000 		.4byte	.LASF223
 5305 14e1 05       		.byte	0x5
 5306 14e2 2402     		.2byte	0x224
 5307 14e4 2E       		.byte	0x2e
 5308 14e5 950E0000 		.4byte	0xe95
 5309 14e9 02       		.uleb128 0x2
 5310 14ea 91       		.byte	0x91
 5311 14eb 74       		.sleb128 -12
 5312 14ec 00       		.byte	0
 5313 14ed 1A       		.uleb128 0x1a
 5314 14ee 540D0000 		.4byte	.LASF248
 5315 14f2 F201     		.2byte	0x1f2
 5316 14f4 DA0A0000 		.4byte	0xada
 5317 14f8 00000000 		.4byte	.LFB444
 5318 14fc 88000000 		.4byte	.LFE444-.LFB444
 5319 1500 01       		.uleb128 0x1
 5320 1501 9C       		.byte	0x9c
 5321 1502 45150000 		.4byte	0x1545
 5322 1506 06       		.uleb128 0x6
 5323 1507 D3020000 		.4byte	.LASF223
 5324 150b 05       		.byte	0x5
 5325 150c F201     		.2byte	0x1f2
 5326 150e 3E       		.byte	0x3e
 5327 150f 950E0000 		.4byte	0xe95
 5328 1513 02       		.uleb128 0x2
 5329 1514 91       		.byte	0x91
 5330 1515 6C       		.sleb128 -20
 5331 1516 06       		.uleb128 0x6
 5332 1517 A0090000 		.4byte	.LASF246
 5333 151b 05       		.byte	0x5
 5334 151c F301     		.2byte	0x1f3
 5335 151e 38       		.byte	0x38
 5336 151f DA0A0000 		.4byte	0xada
 5337 1523 02       		.uleb128 0x2
 5338 1524 91       		.byte	0x91
 5339 1525 6B       		.sleb128 -21
 5340 1526 08       		.uleb128 0x8
 5341 1527 280D0000 		.4byte	.LASF176
 5342 152b F401     		.2byte	0x1f4
 5343 152d 0C       		.byte	0xc
 5344 152e 2B060000 		.4byte	0x62b
 5345 1532 02       		.uleb128 0x2
 5346 1533 91       		.byte	0x91
 5347 1534 70       		.sleb128 -16
 5348 1535 08       		.uleb128 0x8
 5349 1536 9A0D0000 		.4byte	.LASF247
 5350 153a F501     		.2byte	0x1f5
 5351 153c 08       		.byte	0x8
 5352 153d DA0A0000 		.4byte	0xada
 5353 1541 02       		.uleb128 0x2
 5354 1542 91       		.byte	0x91
 5355 1543 77       		.sleb128 -9
 5356 1544 00       		.byte	0
 5357 1545 1A       		.uleb128 0x1a
 5358 1546 1A0B0000 		.4byte	.LASF249
ARM GAS  C:\Users\DEVELO~1\AppData\Local\Temp\ccfH0FMk.s 			page 95


 5359 154a CA01     		.2byte	0x1ca
 5360 154c DA0A0000 		.4byte	0xada
 5361 1550 00000000 		.4byte	.LFB443
 5362 1554 94000000 		.4byte	.LFE443-.LFB443
 5363 1558 01       		.uleb128 0x1
 5364 1559 9C       		.byte	0x9c
 5365 155a 96150000 		.4byte	0x1596
 5366 155e 06       		.uleb128 0x6
 5367 155f D3020000 		.4byte	.LASF223
 5368 1563 05       		.byte	0x5
 5369 1564 CA01     		.2byte	0x1ca
 5370 1566 2A       		.byte	0x2a
 5371 1567 950E0000 		.4byte	0xe95
 5372 156b 02       		.uleb128 0x2
 5373 156c 91       		.byte	0x91
 5374 156d 6C       		.sleb128 -20
 5375 156e 08       		.uleb128 0x8
 5376 156f 280D0000 		.4byte	.LASF176
 5377 1573 CB01     		.2byte	0x1cb
 5378 1575 0C       		.byte	0xc
 5379 1576 2B060000 		.4byte	0x62b
 5380 157a 02       		.uleb128 0x2
 5381 157b 91       		.byte	0x91
 5382 157c 70       		.sleb128 -16
 5383 157d 08       		.uleb128 0x8
 5384 157e BE020000 		.4byte	.LASF250
 5385 1582 CC01     		.2byte	0x1cc
 5386 1584 0C       		.byte	0xc
 5387 1585 01010000 		.4byte	0x101
 5388 1589 02       		.uleb128 0x2
 5389 158a 91       		.byte	0x91
 5390 158b 74       		.sleb128 -12
 5391 158c 0E       		.uleb128 0xe
 5392 158d DE0C0000 		.4byte	.LASF230
 5393 1591 A6150000 		.4byte	0x15a6
 5394 1595 00       		.byte	0
 5395 1596 0C       		.uleb128 0xc
 5396 1597 C9000000 		.4byte	0xc9
 5397 159b A6150000 		.4byte	0x15a6
 5398 159f 0D       		.uleb128 0xd
 5399 15a0 3E000000 		.4byte	0x3e
 5400 15a4 11       		.byte	0x11
 5401 15a5 00       		.byte	0
 5402 15a6 09       		.uleb128 0x9
 5403 15a7 96150000 		.4byte	0x1596
 5404 15ab 1A       		.uleb128 0x1a
 5405 15ac AC020000 		.4byte	.LASF251
 5406 15b0 A401     		.2byte	0x1a4
 5407 15b2 DA0A0000 		.4byte	0xada
 5408 15b6 00000000 		.4byte	.LFB442
 5409 15ba 80000000 		.4byte	.LFE442-.LFB442
 5410 15be 01       		.uleb128 0x1
 5411 15bf 9C       		.byte	0x9c
 5412 15c0 E4150000 		.4byte	0x15e4
 5413 15c4 06       		.uleb128 0x6
 5414 15c5 D3020000 		.4byte	.LASF223
 5415 15c9 05       		.byte	0x5
ARM GAS  C:\Users\DEVELO~1\AppData\Local\Temp\ccfH0FMk.s 			page 96


 5416 15ca A401     		.2byte	0x1a4
 5417 15cc 2A       		.byte	0x2a
 5418 15cd 950E0000 		.4byte	0xe95
 5419 15d1 02       		.uleb128 0x2
 5420 15d2 91       		.byte	0x91
 5421 15d3 6C       		.sleb128 -20
 5422 15d4 08       		.uleb128 0x8
 5423 15d5 280D0000 		.4byte	.LASF176
 5424 15d9 A501     		.2byte	0x1a5
 5425 15db 0C       		.byte	0xc
 5426 15dc 2B060000 		.4byte	0x62b
 5427 15e0 02       		.uleb128 0x2
 5428 15e1 91       		.byte	0x91
 5429 15e2 74       		.sleb128 -12
 5430 15e3 00       		.byte	0
 5431 15e4 1A       		.uleb128 0x1a
 5432 15e5 17080000 		.4byte	.LASF252
 5433 15e9 9101     		.2byte	0x191
 5434 15eb DA0A0000 		.4byte	0xada
 5435 15ef 00000000 		.4byte	.LFB441
 5436 15f3 34000000 		.4byte	.LFE441-.LFB441
 5437 15f7 01       		.uleb128 0x1
 5438 15f8 9C       		.byte	0x9c
 5439 15f9 1D160000 		.4byte	0x161d
 5440 15fd 06       		.uleb128 0x6
 5441 15fe D3020000 		.4byte	.LASF223
 5442 1602 05       		.byte	0x5
 5443 1603 9101     		.2byte	0x191
 5444 1605 27       		.byte	0x27
 5445 1606 950E0000 		.4byte	0xe95
 5446 160a 02       		.uleb128 0x2
 5447 160b 91       		.byte	0x91
 5448 160c 74       		.sleb128 -12
 5449 160d 13       		.uleb128 0x13
 5450 160e 636C6B00 		.ascii	"clk\000"
 5451 1612 9101     		.2byte	0x191
 5452 1614 3A       		.byte	0x3a
 5453 1615 1D160000 		.4byte	0x161d
 5454 1619 02       		.uleb128 0x2
 5455 161a 91       		.byte	0x91
 5456 161b 70       		.sleb128 -16
 5457 161c 00       		.byte	0
 5458 161d 05       		.uleb128 0x5
 5459 161e 280C0000 		.4byte	0xc28
 5460 1622 1A       		.uleb128 0x1a
 5461 1623 2D0D0000 		.4byte	.LASF253
 5462 1627 7501     		.2byte	0x175
 5463 1629 DA0A0000 		.4byte	0xada
 5464 162d 00000000 		.4byte	.LFB440
 5465 1631 58000000 		.4byte	.LFE440-.LFB440
 5466 1635 01       		.uleb128 0x1
 5467 1636 9C       		.byte	0x9c
 5468 1637 79160000 		.4byte	0x1679
 5469 163b 06       		.uleb128 0x6
 5470 163c D3020000 		.4byte	.LASF223
 5471 1640 05       		.byte	0x5
 5472 1641 7501     		.2byte	0x175
ARM GAS  C:\Users\DEVELO~1\AppData\Local\Temp\ccfH0FMk.s 			page 97


 5473 1643 2B       		.byte	0x2b
 5474 1644 950E0000 		.4byte	0xe95
 5475 1648 02       		.uleb128 0x2
 5476 1649 91       		.byte	0x91
 5477 164a 6C       		.sleb128 -20
 5478 164b 13       		.uleb128 0x13
 5479 164c 636C6B00 		.ascii	"clk\000"
 5480 1650 7501     		.2byte	0x175
 5481 1652 3E       		.byte	0x3e
 5482 1653 1D160000 		.4byte	0x161d
 5483 1657 02       		.uleb128 0x2
 5484 1658 91       		.byte	0x91
 5485 1659 68       		.sleb128 -24
 5486 165a 08       		.uleb128 0x8
 5487 165b BE020000 		.4byte	.LASF250
 5488 165f 7601     		.2byte	0x176
 5489 1661 0C       		.byte	0xc
 5490 1662 01010000 		.4byte	0x101
 5491 1666 02       		.uleb128 0x2
 5492 1667 91       		.byte	0x91
 5493 1668 74       		.sleb128 -12
 5494 1669 08       		.uleb128 0x8
 5495 166a 280D0000 		.4byte	.LASF176
 5496 166e 7701     		.2byte	0x177
 5497 1670 0C       		.byte	0xc
 5498 1671 2B060000 		.4byte	0x62b
 5499 1675 02       		.uleb128 0x2
 5500 1676 91       		.byte	0x91
 5501 1677 70       		.sleb128 -16
 5502 1678 00       		.byte	0
 5503 1679 1A       		.uleb128 0x1a
 5504 167a CF070000 		.4byte	.LASF254
 5505 167e 3F01     		.2byte	0x13f
 5506 1680 DA0A0000 		.4byte	0xada
 5507 1684 00000000 		.4byte	.LFB439
 5508 1688 B6000000 		.4byte	.LFE439-.LFB439
 5509 168c 01       		.uleb128 0x1
 5510 168d 9C       		.byte	0x9c
 5511 168e DD160000 		.4byte	0x16dd
 5512 1692 06       		.uleb128 0x6
 5513 1693 D3020000 		.4byte	.LASF223
 5514 1697 05       		.byte	0x5
 5515 1698 3F01     		.2byte	0x13f
 5516 169a 2B       		.byte	0x2b
 5517 169b 950E0000 		.4byte	0xe95
 5518 169f 02       		.uleb128 0x2
 5519 16a0 91       		.byte	0x91
 5520 16a1 64       		.sleb128 -28
 5521 16a2 13       		.uleb128 0x13
 5522 16a3 636C6B00 		.ascii	"clk\000"
 5523 16a7 3F01     		.2byte	0x13f
 5524 16a9 3E       		.byte	0x3e
 5525 16aa 1D160000 		.4byte	0x161d
 5526 16ae 02       		.uleb128 0x2
 5527 16af 91       		.byte	0x91
 5528 16b0 60       		.sleb128 -32
 5529 16b1 08       		.uleb128 0x8
ARM GAS  C:\Users\DEVELO~1\AppData\Local\Temp\ccfH0FMk.s 			page 98


 5530 16b2 BE020000 		.4byte	.LASF250
 5531 16b6 4001     		.2byte	0x140
 5532 16b8 0C       		.byte	0xc
 5533 16b9 01010000 		.4byte	0x101
 5534 16bd 02       		.uleb128 0x2
 5535 16be 91       		.byte	0x91
 5536 16bf 6C       		.sleb128 -20
 5537 16c0 1B       		.uleb128 0x1b
 5538 16c1 4E00     		.ascii	"N\000"
 5539 16c3 4101     		.2byte	0x141
 5540 16c5 10       		.byte	0x10
 5541 16c6 39000000 		.4byte	0x39
 5542 16ca 02       		.uleb128 0x2
 5543 16cb 91       		.byte	0x91
 5544 16cc 74       		.sleb128 -12
 5545 16cd 1B       		.uleb128 0x1b
 5546 16ce 746D7000 		.ascii	"tmp\000"
 5547 16d2 4201     		.2byte	0x142
 5548 16d4 0C       		.byte	0xc
 5549 16d5 E10A0000 		.4byte	0xae1
 5550 16d9 02       		.uleb128 0x2
 5551 16da 91       		.byte	0x91
 5552 16db 70       		.sleb128 -16
 5553 16dc 00       		.byte	0
 5554 16dd 28       		.uleb128 0x28
 5555 16de 26080000 		.4byte	.LASF255
 5556 16e2 2301     		.2byte	0x123
 5557 16e4 0D       		.byte	0xd
 5558 16e5 DA0A0000 		.4byte	0xada
 5559 16e9 00000000 		.4byte	.LFB438
 5560 16ed 4E000000 		.4byte	.LFE438-.LFB438
 5561 16f1 01       		.uleb128 0x1
 5562 16f2 9C       		.byte	0x9c
 5563 16f3 35170000 		.4byte	0x1735
 5564 16f7 06       		.uleb128 0x6
 5565 16f8 34020000 		.4byte	.LASF256
 5566 16fc 05       		.byte	0x5
 5567 16fd 2301     		.2byte	0x123
 5568 16ff 38       		.byte	0x38
 5569 1700 610E0000 		.4byte	0xe61
 5570 1704 02       		.uleb128 0x2
 5571 1705 91       		.byte	0x91
 5572 1706 6F       		.sleb128 -17
 5573 1707 13       		.uleb128 0x13
 5574 1708 62756600 		.ascii	"buf\000"
 5575 170c 2401     		.2byte	0x124
 5576 170e 31       		.byte	0x31
 5577 170f E60A0000 		.4byte	0xae6
 5578 1713 02       		.uleb128 0x2
 5579 1714 91       		.byte	0x91
 5580 1715 68       		.sleb128 -24
 5581 1716 1B       		.uleb128 0x1b
 5582 1717 746D7000 		.ascii	"tmp\000"
 5583 171b 2601     		.2byte	0x126
 5584 171d 0C       		.byte	0xc
 5585 171e 01010000 		.4byte	0x101
 5586 1722 02       		.uleb128 0x2
ARM GAS  C:\Users\DEVELO~1\AppData\Local\Temp\ccfH0FMk.s 			page 99


 5587 1723 91       		.byte	0x91
 5588 1724 74       		.sleb128 -12
 5589 1725 08       		.uleb128 0x8
 5590 1726 8C060000 		.4byte	.LASF235
 5591 172a 2701     		.2byte	0x127
 5592 172c 0C       		.byte	0xc
 5593 172d 01010000 		.4byte	0x101
 5594 1731 02       		.uleb128 0x2
 5595 1732 91       		.byte	0x91
 5596 1733 70       		.sleb128 -16
 5597 1734 00       		.byte	0
 5598 1735 28       		.uleb128 0x28
 5599 1736 86010000 		.4byte	.LASF257
 5600 173a 0F01     		.2byte	0x10f
 5601 173c 11       		.byte	0x11
 5602 173d E9000000 		.4byte	0xe9
 5603 1741 00000000 		.4byte	.LFB437
 5604 1745 3E000000 		.4byte	.LFE437-.LFB437
 5605 1749 01       		.uleb128 0x1
 5606 174a 9C       		.byte	0x9c
 5607 174b 7E170000 		.4byte	0x177e
 5608 174f 06       		.uleb128 0x6
 5609 1750 34020000 		.4byte	.LASF256
 5610 1754 05       		.byte	0x5
 5611 1755 0F01     		.2byte	0x10f
 5612 1757 3C       		.byte	0x3c
 5613 1758 610E0000 		.4byte	0xe61
 5614 175c 02       		.uleb128 0x2
 5615 175d 91       		.byte	0x91
 5616 175e 6F       		.sleb128 -17
 5617 175f 13       		.uleb128 0x13
 5618 1760 62756600 		.ascii	"buf\000"
 5619 1764 1001     		.2byte	0x110
 5620 1766 36       		.byte	0x36
 5621 1767 E60A0000 		.4byte	0xae6
 5622 176b 02       		.uleb128 0x2
 5623 176c 91       		.byte	0x91
 5624 176d 68       		.sleb128 -24
 5625 176e 08       		.uleb128 0x8
 5626 176f 690A0000 		.4byte	.LASF258
 5627 1773 1201     		.2byte	0x112
 5628 1775 0C       		.byte	0xc
 5629 1776 3E000000 		.4byte	0x3e
 5630 177a 02       		.uleb128 0x2
 5631 177b 91       		.byte	0x91
 5632 177c 74       		.sleb128 -12
 5633 177d 00       		.byte	0
 5634 177e 29       		.uleb128 0x29
 5635 177f 290A0000 		.4byte	.LASF259
 5636 1783 F9       		.byte	0xf9
 5637 1784 01010000 		.4byte	0x101
 5638 1788 00000000 		.4byte	.LFB436
 5639 178c 4A000000 		.4byte	.LFE436-.LFB436
 5640 1790 01       		.uleb128 0x1
 5641 1791 9C       		.byte	0x9c
 5642 1792 D7170000 		.4byte	0x17d7
 5643 1796 14       		.uleb128 0x14
ARM GAS  C:\Users\DEVELO~1\AppData\Local\Temp\ccfH0FMk.s 			page 100


 5644 1797 07020000 		.4byte	.LASF260
 5645 179b F9       		.byte	0xf9
 5646 179c 30       		.byte	0x30
 5647 179d 310E0000 		.4byte	0xe31
 5648 17a1 02       		.uleb128 0x2
 5649 17a2 91       		.byte	0x91
 5650 17a3 6F       		.sleb128 -17
 5651 17a4 14       		.uleb128 0x14
 5652 17a5 34020000 		.4byte	.LASF256
 5653 17a9 FA       		.byte	0xfa
 5654 17aa 39       		.byte	0x39
 5655 17ab 610E0000 		.4byte	0xe61
 5656 17af 02       		.uleb128 0x2
 5657 17b0 91       		.byte	0x91
 5658 17b1 6E       		.sleb128 -18
 5659 17b2 14       		.uleb128 0x14
 5660 17b3 09040000 		.4byte	.LASF261
 5661 17b7 FB       		.byte	0xfb
 5662 17b8 2D       		.byte	0x2d
 5663 17b9 01010000 		.4byte	0x101
 5664 17bd 02       		.uleb128 0x2
 5665 17be 91       		.byte	0x91
 5666 17bf 68       		.sleb128 -24
 5667 17c0 1C       		.uleb128 0x1c
 5668 17c1 72657400 		.ascii	"ret\000"
 5669 17c5 FC       		.byte	0xfc
 5670 17c6 01010000 		.4byte	0x101
 5671 17ca 02       		.uleb128 0x2
 5672 17cb 91       		.byte	0x91
 5673 17cc 74       		.sleb128 -12
 5674 17cd 0E       		.uleb128 0xe
 5675 17ce DE0C0000 		.4byte	.LASF230
 5676 17d2 E7170000 		.4byte	0x17e7
 5677 17d6 00       		.byte	0
 5678 17d7 0C       		.uleb128 0xc
 5679 17d8 C9000000 		.4byte	0xc9
 5680 17dc E7170000 		.4byte	0x17e7
 5681 17e0 0D       		.uleb128 0xd
 5682 17e1 3E000000 		.4byte	0x3e
 5683 17e5 12       		.byte	0x12
 5684 17e6 00       		.byte	0
 5685 17e7 09       		.uleb128 0x9
 5686 17e8 D7170000 		.4byte	0x17d7
 5687 17ec 29       		.uleb128 0x29
 5688 17ed 73010000 		.4byte	.LASF262
 5689 17f1 E5       		.byte	0xe5
 5690 17f2 01010000 		.4byte	0x101
 5691 17f6 00000000 		.4byte	.LFB435
 5692 17fa 2E000000 		.4byte	.LFE435-.LFB435
 5693 17fe 01       		.uleb128 0x1
 5694 17ff 9C       		.byte	0x9c
 5695 1800 47180000 		.4byte	0x1847
 5696 1804 14       		.uleb128 0x14
 5697 1805 10080000 		.4byte	.LASF263
 5698 1809 E5       		.byte	0xe5
 5699 180a 31       		.byte	0x31
 5700 180b 0D0E0000 		.4byte	0xe0d
ARM GAS  C:\Users\DEVELO~1\AppData\Local\Temp\ccfH0FMk.s 			page 101


 5701 180f 02       		.uleb128 0x2
 5702 1810 91       		.byte	0x91
 5703 1811 77       		.sleb128 -9
 5704 1812 3B       		.uleb128 0x3b
 5705 1813 69647800 		.ascii	"idx\000"
 5706 1817 05       		.byte	0x5
 5707 1818 E5       		.byte	0xe5
 5708 1819 42       		.byte	0x42
 5709 181a 01010000 		.4byte	0x101
 5710 181e 02       		.uleb128 0x2
 5711 181f 91       		.byte	0x91
 5712 1820 70       		.sleb128 -16
 5713 1821 14       		.uleb128 0x14
 5714 1822 09040000 		.4byte	.LASF261
 5715 1826 E6       		.byte	0xe6
 5716 1827 2D       		.byte	0x2d
 5717 1828 01010000 		.4byte	0x101
 5718 182c 02       		.uleb128 0x2
 5719 182d 91       		.byte	0x91
 5720 182e 6C       		.sleb128 -20
 5721 182f 14       		.uleb128 0x14
 5722 1830 2F000000 		.4byte	.LASF264
 5723 1834 E6       		.byte	0xe6
 5724 1835 3D       		.byte	0x3d
 5725 1836 01010000 		.4byte	0x101
 5726 183a 02       		.uleb128 0x2
 5727 183b 91       		.byte	0x91
 5728 183c 68       		.sleb128 -24
 5729 183d 0E       		.uleb128 0xe
 5730 183e DE0C0000 		.4byte	.LASF230
 5731 1842 E7170000 		.4byte	0x17e7
 5732 1846 00       		.byte	0
 5733 1847 26       		.uleb128 0x26
 5734 1848 32010000 		.4byte	.LASF265
 5735 184c B5       		.byte	0xb5
 5736 184d DA0A0000 		.4byte	0xada
 5737 1851 00000000 		.4byte	.LFB434
 5738 1855 AC000000 		.4byte	.LFE434-.LFB434
 5739 1859 01       		.uleb128 0x1
 5740 185a 9C       		.byte	0x9c
 5741 185b 94180000 		.4byte	0x1894
 5742 185f 14       		.uleb128 0x14
 5743 1860 D3020000 		.4byte	.LASF223
 5744 1864 B5       		.byte	0xb5
 5745 1865 21       		.byte	0x21
 5746 1866 950E0000 		.4byte	0xe95
 5747 186a 02       		.uleb128 0x2
 5748 186b 91       		.byte	0x91
 5749 186c 64       		.sleb128 -28
 5750 186d 1C       		.uleb128 0x1c
 5751 186e 6900     		.ascii	"i\000"
 5752 1870 B6       		.byte	0xb6
 5753 1871 3E000000 		.4byte	0x3e
 5754 1875 02       		.uleb128 0x2
 5755 1876 91       		.byte	0x91
 5756 1877 74       		.sleb128 -12
 5757 1878 1C       		.uleb128 0x1c
ARM GAS  C:\Users\DEVELO~1\AppData\Local\Temp\ccfH0FMk.s 			page 102


 5758 1879 6F637200 		.ascii	"ocr\000"
 5759 187d B7       		.byte	0xb7
 5760 187e 01010000 		.4byte	0x101
 5761 1882 02       		.uleb128 0x2
 5762 1883 91       		.byte	0x91
 5763 1884 70       		.sleb128 -16
 5764 1885 1F       		.uleb128 0x1f
 5765 1886 280D0000 		.4byte	.LASF176
 5766 188a B8       		.byte	0xb8
 5767 188b 0C       		.byte	0xc
 5768 188c 2B060000 		.4byte	0x62b
 5769 1890 02       		.uleb128 0x2
 5770 1891 91       		.byte	0x91
 5771 1892 6C       		.sleb128 -20
 5772 1893 00       		.byte	0
 5773 1894 26       		.uleb128 0x26
 5774 1895 190C0000 		.4byte	.LASF266
 5775 1899 90       		.byte	0x90
 5776 189a DA0A0000 		.4byte	0xada
 5777 189e 00000000 		.4byte	.LFB433
 5778 18a2 70000000 		.4byte	.LFE433-.LFB433
 5779 18a6 01       		.uleb128 0x1
 5780 18a7 9C       		.byte	0x9c
 5781 18a8 E1180000 		.4byte	0x18e1
 5782 18ac 14       		.uleb128 0x14
 5783 18ad D3020000 		.4byte	.LASF223
 5784 18b1 90       		.byte	0x90
 5785 18b2 21       		.byte	0x21
 5786 18b3 950E0000 		.4byte	0xe95
 5787 18b7 02       		.uleb128 0x2
 5788 18b8 91       		.byte	0x91
 5789 18b9 64       		.sleb128 -28
 5790 18ba 1C       		.uleb128 0x1c
 5791 18bb 6F637200 		.ascii	"ocr\000"
 5792 18bf 91       		.byte	0x91
 5793 18c0 01010000 		.4byte	0x101
 5794 18c4 02       		.uleb128 0x2
 5795 18c5 91       		.byte	0x91
 5796 18c6 70       		.sleb128 -16
 5797 18c7 1C       		.uleb128 0x1c
 5798 18c8 6900     		.ascii	"i\000"
 5799 18ca 92       		.byte	0x92
 5800 18cb 3E000000 		.4byte	0x3e
 5801 18cf 02       		.uleb128 0x2
 5802 18d0 91       		.byte	0x91
 5803 18d1 74       		.sleb128 -12
 5804 18d2 1F       		.uleb128 0x1f
 5805 18d3 280D0000 		.4byte	.LASF176
 5806 18d7 93       		.byte	0x93
 5807 18d8 0C       		.byte	0xc
 5808 18d9 2B060000 		.4byte	0x62b
 5809 18dd 02       		.uleb128 0x2
 5810 18de 91       		.byte	0x91
 5811 18df 6C       		.sleb128 -20
 5812 18e0 00       		.byte	0
 5813 18e1 26       		.uleb128 0x26
 5814 18e2 45070000 		.4byte	.LASF267
ARM GAS  C:\Users\DEVELO~1\AppData\Local\Temp\ccfH0FMk.s 			page 103


 5815 18e6 64       		.byte	0x64
 5816 18e7 DA0A0000 		.4byte	0xada
 5817 18eb 00000000 		.4byte	.LFB432
 5818 18ef A0000000 		.4byte	.LFE432-.LFB432
 5819 18f3 01       		.uleb128 0x1
 5820 18f4 9C       		.byte	0x9c
 5821 18f5 16190000 		.4byte	0x1916
 5822 18f9 14       		.uleb128 0x14
 5823 18fa D3020000 		.4byte	.LASF223
 5824 18fe 64       		.byte	0x64
 5825 18ff 24       		.byte	0x24
 5826 1900 950E0000 		.4byte	0xe95
 5827 1904 02       		.uleb128 0x2
 5828 1905 91       		.byte	0x91
 5829 1906 6C       		.sleb128 -20
 5830 1907 1F       		.uleb128 0x1f
 5831 1908 280D0000 		.4byte	.LASF176
 5832 190c 65       		.byte	0x65
 5833 190d 0C       		.byte	0xc
 5834 190e 2B060000 		.4byte	0x62b
 5835 1912 02       		.uleb128 0x2
 5836 1913 91       		.byte	0x91
 5837 1914 74       		.sleb128 -12
 5838 1915 00       		.byte	0
 5839 1916 3C       		.uleb128 0x3c
 5840 1917 BF070000 		.4byte	.LASF271
 5841 191b 04       		.byte	0x4
 5842 191c 0E03     		.2byte	0x30e
 5843 191e 14       		.byte	0x14
 5844 191f 00000000 		.4byte	.LFB364
 5845 1923 16000000 		.4byte	.LFE364-.LFB364
 5846 1927 01       		.uleb128 0x1
 5847 1928 9C       		.byte	0x9c
 5848 1929 3E190000 		.4byte	0x193e
 5849 192d 06       		.uleb128 0x6
 5850 192e 82090000 		.4byte	.LASF268
 5851 1932 04       		.byte	0x4
 5852 1933 0E03     		.2byte	0x30e
 5853 1935 32       		.byte	0x32
 5854 1936 94030000 		.4byte	0x394
 5855 193a 02       		.uleb128 0x2
 5856 193b 91       		.byte	0x91
 5857 193c 74       		.sleb128 -12
 5858 193d 00       		.byte	0
 5859 193e 2A       		.uleb128 0x2a
 5860 193f E1030000 		.4byte	.LASF269
 5861 1943 4802     		.2byte	0x248
 5862 1945 00000000 		.4byte	.LFB351
 5863 1949 0C000000 		.4byte	.LFE351-.LFB351
 5864 194d 01       		.uleb128 0x1
 5865 194e 9C       		.byte	0x9c
 5866 194f 2A       		.uleb128 0x2a
 5867 1950 F80A0000 		.4byte	.LASF270
 5868 1954 3D02     		.2byte	0x23d
 5869 1956 00000000 		.4byte	.LFB350
 5870 195a 0C000000 		.4byte	.LFE350-.LFB350
 5871 195e 01       		.uleb128 0x1
ARM GAS  C:\Users\DEVELO~1\AppData\Local\Temp\ccfH0FMk.s 			page 104


 5872 195f 9C       		.byte	0x9c
 5873 1960 2B       		.uleb128 0x2b
 5874 1961 D5030000 		.4byte	.LASF272
 5875 1965 A501     		.2byte	0x1a5
 5876 1967 00000000 		.4byte	.LFB203
 5877 196b 1E000000 		.4byte	.LFE203-.LFB203
 5878 196f 01       		.uleb128 0x1
 5879 1970 9C       		.byte	0x9c
 5880 1971 A9190000 		.4byte	0x19a9
 5881 1975 0E       		.uleb128 0xe
 5882 1976 DE0C0000 		.4byte	.LASF230
 5883 197a B9190000 		.4byte	0x19b9
 5884 197e 20       		.uleb128 0x20
 5885 197f FE190000 		.4byte	0x19fe
 5886 1983 0A000000 		.4byte	.LBB18
 5887 1987 0A000000 		.4byte	.LBE18-.LBB18
 5888 198b 01       		.byte	0x1
 5889 198c B201     		.2byte	0x1b2
 5890 198e 20       		.uleb128 0x20
 5891 198f 0C1A0000 		.4byte	0x1a0c
 5892 1993 0A000000 		.4byte	.LBB20
 5893 1997 08000000 		.4byte	.LBE20-.LBB20
 5894 199b 03       		.byte	0x3
 5895 199c 5203     		.2byte	0x352
 5896 199e 2C       		.uleb128 0x2c
 5897 199f 161A0000 		.4byte	0x1a16
 5898 19a3 02       		.uleb128 0x2
 5899 19a4 91       		.byte	0x91
 5900 19a5 74       		.sleb128 -12
 5901 19a6 00       		.byte	0
 5902 19a7 00       		.byte	0
 5903 19a8 00       		.byte	0
 5904 19a9 0C       		.uleb128 0xc
 5905 19aa C9000000 		.4byte	0xc9
 5906 19ae B9190000 		.4byte	0x19b9
 5907 19b2 0D       		.uleb128 0xd
 5908 19b3 3E000000 		.4byte	0x3e
 5909 19b7 0B       		.byte	0xb
 5910 19b8 00       		.byte	0
 5911 19b9 09       		.uleb128 0x9
 5912 19ba A9190000 		.4byte	0x19a9
 5913 19be 2B       		.uleb128 0x2b
 5914 19bf AD050000 		.4byte	.LASF273
 5915 19c3 9701     		.2byte	0x197
 5916 19c5 00000000 		.4byte	.LFB202
 5917 19c9 1E000000 		.4byte	.LFE202-.LFB202
 5918 19cd 01       		.uleb128 0x1
 5919 19ce 9C       		.byte	0x9c
 5920 19cf FE190000 		.4byte	0x19fe
 5921 19d3 20       		.uleb128 0x20
 5922 19d4 051A0000 		.4byte	0x1a05
 5923 19d8 0A000000 		.4byte	.LBB14
 5924 19dc 0A000000 		.4byte	.LBE14-.LBB14
 5925 19e0 01       		.byte	0x1
 5926 19e1 9901     		.2byte	0x199
 5927 19e3 20       		.uleb128 0x20
 5928 19e4 0C1A0000 		.4byte	0x1a0c
ARM GAS  C:\Users\DEVELO~1\AppData\Local\Temp\ccfH0FMk.s 			page 105


 5929 19e8 0A000000 		.4byte	.LBB16
 5930 19ec 08000000 		.4byte	.LBE16-.LBB16
 5931 19f0 03       		.byte	0x3
 5932 19f1 3F03     		.2byte	0x33f
 5933 19f3 2C       		.uleb128 0x2c
 5934 19f4 161A0000 		.4byte	0x1a16
 5935 19f8 02       		.uleb128 0x2
 5936 19f9 91       		.byte	0x91
 5937 19fa 74       		.sleb128 -12
 5938 19fb 00       		.byte	0
 5939 19fc 00       		.byte	0
 5940 19fd 00       		.byte	0
 5941 19fe 2D       		.uleb128 0x2d
 5942 19ff 0F0D0000 		.4byte	.LASF274
 5943 1a03 4F03     		.2byte	0x34f
 5944 1a05 2D       		.uleb128 0x2d
 5945 1a06 870D0000 		.4byte	.LASF275
 5946 1a0a 3703     		.2byte	0x337
 5947 1a0c 3D       		.uleb128 0x3d
 5948 1a0d AA090000 		.4byte	.LASF281
 5949 1a11 02       		.byte	0x2
 5950 1a12 EB01     		.2byte	0x1eb
 5951 1a14 1B       		.byte	0x1b
 5952 1a15 03       		.byte	0x3
 5953 1a16 3E       		.uleb128 0x3e
 5954 1a17 48040000 		.4byte	.LASF282
 5955 1a1b 02       		.byte	0x2
 5956 1a1c EB01     		.2byte	0x1eb
 5957 1a1e 32       		.byte	0x32
 5958 1a1f 01010000 		.4byte	0x101
 5959 1a23 00       		.byte	0
 5960 1a24 00       		.byte	0
 5961              		.section	.debug_abbrev,"",%progbits
 5962              	.Ldebug_abbrev0:
 5963 0000 01       		.uleb128 0x1
 5964 0001 05       		.uleb128 0x5
 5965 0002 00       		.byte	0
 5966 0003 49       		.uleb128 0x49
 5967 0004 13       		.uleb128 0x13
 5968 0005 00       		.byte	0
 5969 0006 00       		.byte	0
 5970 0007 02       		.uleb128 0x2
 5971 0008 0D       		.uleb128 0xd
 5972 0009 00       		.byte	0
 5973 000a 03       		.uleb128 0x3
 5974 000b 0E       		.uleb128 0xe
 5975 000c 3A       		.uleb128 0x3a
 5976 000d 0B       		.uleb128 0xb
 5977 000e 3B       		.uleb128 0x3b
 5978 000f 0B       		.uleb128 0xb
 5979 0010 39       		.uleb128 0x39
 5980 0011 0B       		.uleb128 0xb
 5981 0012 49       		.uleb128 0x49
 5982 0013 13       		.uleb128 0x13
 5983 0014 38       		.uleb128 0x38
 5984 0015 0B       		.uleb128 0xb
 5985 0016 00       		.byte	0
ARM GAS  C:\Users\DEVELO~1\AppData\Local\Temp\ccfH0FMk.s 			page 106


 5986 0017 00       		.byte	0
 5987 0018 03       		.uleb128 0x3
 5988 0019 16       		.uleb128 0x16
 5989 001a 00       		.byte	0
 5990 001b 03       		.uleb128 0x3
 5991 001c 0E       		.uleb128 0xe
 5992 001d 3A       		.uleb128 0x3a
 5993 001e 0B       		.uleb128 0xb
 5994 001f 3B       		.uleb128 0x3b
 5995 0020 0B       		.uleb128 0xb
 5996 0021 39       		.uleb128 0x39
 5997 0022 0B       		.uleb128 0xb
 5998 0023 49       		.uleb128 0x49
 5999 0024 13       		.uleb128 0x13
 6000 0025 00       		.byte	0
 6001 0026 00       		.byte	0
 6002 0027 04       		.uleb128 0x4
 6003 0028 0D       		.uleb128 0xd
 6004 0029 00       		.byte	0
 6005 002a 03       		.uleb128 0x3
 6006 002b 0E       		.uleb128 0xe
 6007 002c 3A       		.uleb128 0x3a
 6008 002d 0B       		.uleb128 0xb
 6009 002e 3B       		.uleb128 0x3b
 6010 002f 05       		.uleb128 0x5
 6011 0030 39       		.uleb128 0x39
 6012 0031 0B       		.uleb128 0xb
 6013 0032 49       		.uleb128 0x49
 6014 0033 13       		.uleb128 0x13
 6015 0034 38       		.uleb128 0x38
 6016 0035 0B       		.uleb128 0xb
 6017 0036 00       		.byte	0
 6018 0037 00       		.byte	0
 6019 0038 05       		.uleb128 0x5
 6020 0039 0F       		.uleb128 0xf
 6021 003a 00       		.byte	0
 6022 003b 0B       		.uleb128 0xb
 6023 003c 21       		.uleb128 0x21
 6024 003d 04       		.sleb128 4
 6025 003e 49       		.uleb128 0x49
 6026 003f 13       		.uleb128 0x13
 6027 0040 00       		.byte	0
 6028 0041 00       		.byte	0
 6029 0042 06       		.uleb128 0x6
 6030 0043 05       		.uleb128 0x5
 6031 0044 00       		.byte	0
 6032 0045 03       		.uleb128 0x3
 6033 0046 0E       		.uleb128 0xe
 6034 0047 3A       		.uleb128 0x3a
 6035 0048 0B       		.uleb128 0xb
 6036 0049 3B       		.uleb128 0x3b
 6037 004a 05       		.uleb128 0x5
 6038 004b 39       		.uleb128 0x39
 6039 004c 0B       		.uleb128 0xb
 6040 004d 49       		.uleb128 0x49
 6041 004e 13       		.uleb128 0x13
 6042 004f 02       		.uleb128 0x2
ARM GAS  C:\Users\DEVELO~1\AppData\Local\Temp\ccfH0FMk.s 			page 107


 6043 0050 18       		.uleb128 0x18
 6044 0051 00       		.byte	0
 6045 0052 00       		.byte	0
 6046 0053 07       		.uleb128 0x7
 6047 0054 28       		.uleb128 0x28
 6048 0055 00       		.byte	0
 6049 0056 03       		.uleb128 0x3
 6050 0057 0E       		.uleb128 0xe
 6051 0058 1C       		.uleb128 0x1c
 6052 0059 0B       		.uleb128 0xb
 6053 005a 00       		.byte	0
 6054 005b 00       		.byte	0
 6055 005c 08       		.uleb128 0x8
 6056 005d 34       		.uleb128 0x34
 6057 005e 00       		.byte	0
 6058 005f 03       		.uleb128 0x3
 6059 0060 0E       		.uleb128 0xe
 6060 0061 3A       		.uleb128 0x3a
 6061 0062 21       		.uleb128 0x21
 6062 0063 05       		.sleb128 5
 6063 0064 3B       		.uleb128 0x3b
 6064 0065 05       		.uleb128 0x5
 6065 0066 39       		.uleb128 0x39
 6066 0067 0B       		.uleb128 0xb
 6067 0068 49       		.uleb128 0x49
 6068 0069 13       		.uleb128 0x13
 6069 006a 02       		.uleb128 0x2
 6070 006b 18       		.uleb128 0x18
 6071 006c 00       		.byte	0
 6072 006d 00       		.byte	0
 6073 006e 09       		.uleb128 0x9
 6074 006f 26       		.uleb128 0x26
 6075 0070 00       		.byte	0
 6076 0071 49       		.uleb128 0x49
 6077 0072 13       		.uleb128 0x13
 6078 0073 00       		.byte	0
 6079 0074 00       		.byte	0
 6080 0075 0A       		.uleb128 0xa
 6081 0076 0D       		.uleb128 0xd
 6082 0077 00       		.byte	0
 6083 0078 03       		.uleb128 0x3
 6084 0079 08       		.uleb128 0x8
 6085 007a 3A       		.uleb128 0x3a
 6086 007b 0B       		.uleb128 0xb
 6087 007c 3B       		.uleb128 0x3b
 6088 007d 05       		.uleb128 0x5
 6089 007e 39       		.uleb128 0x39
 6090 007f 0B       		.uleb128 0xb
 6091 0080 49       		.uleb128 0x49
 6092 0081 13       		.uleb128 0x13
 6093 0082 38       		.uleb128 0x38
 6094 0083 0B       		.uleb128 0xb
 6095 0084 00       		.byte	0
 6096 0085 00       		.byte	0
 6097 0086 0B       		.uleb128 0xb
 6098 0087 0D       		.uleb128 0xd
 6099 0088 00       		.byte	0
ARM GAS  C:\Users\DEVELO~1\AppData\Local\Temp\ccfH0FMk.s 			page 108


 6100 0089 03       		.uleb128 0x3
 6101 008a 08       		.uleb128 0x8
 6102 008b 3A       		.uleb128 0x3a
 6103 008c 0B       		.uleb128 0xb
 6104 008d 3B       		.uleb128 0x3b
 6105 008e 0B       		.uleb128 0xb
 6106 008f 39       		.uleb128 0x39
 6107 0090 0B       		.uleb128 0xb
 6108 0091 49       		.uleb128 0x49
 6109 0092 13       		.uleb128 0x13
 6110 0093 38       		.uleb128 0x38
 6111 0094 0B       		.uleb128 0xb
 6112 0095 00       		.byte	0
 6113 0096 00       		.byte	0
 6114 0097 0C       		.uleb128 0xc
 6115 0098 01       		.uleb128 0x1
 6116 0099 01       		.byte	0x1
 6117 009a 49       		.uleb128 0x49
 6118 009b 13       		.uleb128 0x13
 6119 009c 01       		.uleb128 0x1
 6120 009d 13       		.uleb128 0x13
 6121 009e 00       		.byte	0
 6122 009f 00       		.byte	0
 6123 00a0 0D       		.uleb128 0xd
 6124 00a1 21       		.uleb128 0x21
 6125 00a2 00       		.byte	0
 6126 00a3 49       		.uleb128 0x49
 6127 00a4 13       		.uleb128 0x13
 6128 00a5 2F       		.uleb128 0x2f
 6129 00a6 0B       		.uleb128 0xb
 6130 00a7 00       		.byte	0
 6131 00a8 00       		.byte	0
 6132 00a9 0E       		.uleb128 0xe
 6133 00aa 34       		.uleb128 0x34
 6134 00ab 00       		.byte	0
 6135 00ac 03       		.uleb128 0x3
 6136 00ad 0E       		.uleb128 0xe
 6137 00ae 49       		.uleb128 0x49
 6138 00af 13       		.uleb128 0x13
 6139 00b0 34       		.uleb128 0x34
 6140 00b1 19       		.uleb128 0x19
 6141 00b2 00       		.byte	0
 6142 00b3 00       		.byte	0
 6143 00b4 0F       		.uleb128 0xf
 6144 00b5 13       		.uleb128 0x13
 6145 00b6 01       		.byte	0x1
 6146 00b7 03       		.uleb128 0x3
 6147 00b8 0E       		.uleb128 0xe
 6148 00b9 0B       		.uleb128 0xb
 6149 00ba 0B       		.uleb128 0xb
 6150 00bb 3A       		.uleb128 0x3a
 6151 00bc 0B       		.uleb128 0xb
 6152 00bd 3B       		.uleb128 0x3b
 6153 00be 0B       		.uleb128 0xb
 6154 00bf 39       		.uleb128 0x39
 6155 00c0 0B       		.uleb128 0xb
 6156 00c1 01       		.uleb128 0x1
ARM GAS  C:\Users\DEVELO~1\AppData\Local\Temp\ccfH0FMk.s 			page 109


 6157 00c2 13       		.uleb128 0x13
 6158 00c3 00       		.byte	0
 6159 00c4 00       		.byte	0
 6160 00c5 10       		.uleb128 0x10
 6161 00c6 24       		.uleb128 0x24
 6162 00c7 00       		.byte	0
 6163 00c8 0B       		.uleb128 0xb
 6164 00c9 0B       		.uleb128 0xb
 6165 00ca 3E       		.uleb128 0x3e
 6166 00cb 0B       		.uleb128 0xb
 6167 00cc 03       		.uleb128 0x3
 6168 00cd 0E       		.uleb128 0xe
 6169 00ce 00       		.byte	0
 6170 00cf 00       		.byte	0
 6171 00d0 11       		.uleb128 0x11
 6172 00d1 2E       		.uleb128 0x2e
 6173 00d2 01       		.byte	0x1
 6174 00d3 3F       		.uleb128 0x3f
 6175 00d4 19       		.uleb128 0x19
 6176 00d5 03       		.uleb128 0x3
 6177 00d6 0E       		.uleb128 0xe
 6178 00d7 3A       		.uleb128 0x3a
 6179 00d8 0B       		.uleb128 0xb
 6180 00d9 3B       		.uleb128 0x3b
 6181 00da 05       		.uleb128 0x5
 6182 00db 39       		.uleb128 0x39
 6183 00dc 0B       		.uleb128 0xb
 6184 00dd 27       		.uleb128 0x27
 6185 00de 19       		.uleb128 0x19
 6186 00df 49       		.uleb128 0x49
 6187 00e0 13       		.uleb128 0x13
 6188 00e1 3C       		.uleb128 0x3c
 6189 00e2 19       		.uleb128 0x19
 6190 00e3 01       		.uleb128 0x1
 6191 00e4 13       		.uleb128 0x13
 6192 00e5 00       		.byte	0
 6193 00e6 00       		.byte	0
 6194 00e7 12       		.uleb128 0x12
 6195 00e8 2E       		.uleb128 0x2e
 6196 00e9 01       		.byte	0x1
 6197 00ea 3F       		.uleb128 0x3f
 6198 00eb 19       		.uleb128 0x19
 6199 00ec 03       		.uleb128 0x3
 6200 00ed 0E       		.uleb128 0xe
 6201 00ee 3A       		.uleb128 0x3a
 6202 00ef 21       		.uleb128 0x21
 6203 00f0 05       		.sleb128 5
 6204 00f1 3B       		.uleb128 0x3b
 6205 00f2 05       		.uleb128 0x5
 6206 00f3 39       		.uleb128 0x39
 6207 00f4 0B       		.uleb128 0xb
 6208 00f5 27       		.uleb128 0x27
 6209 00f6 19       		.uleb128 0x19
 6210 00f7 49       		.uleb128 0x49
 6211 00f8 13       		.uleb128 0x13
 6212 00f9 11       		.uleb128 0x11
 6213 00fa 01       		.uleb128 0x1
ARM GAS  C:\Users\DEVELO~1\AppData\Local\Temp\ccfH0FMk.s 			page 110


 6214 00fb 12       		.uleb128 0x12
 6215 00fc 06       		.uleb128 0x6
 6216 00fd 40       		.uleb128 0x40
 6217 00fe 18       		.uleb128 0x18
 6218 00ff 7C       		.uleb128 0x7c
 6219 0100 19       		.uleb128 0x19
 6220 0101 01       		.uleb128 0x1
 6221 0102 13       		.uleb128 0x13
 6222 0103 00       		.byte	0
 6223 0104 00       		.byte	0
 6224 0105 13       		.uleb128 0x13
 6225 0106 05       		.uleb128 0x5
 6226 0107 00       		.byte	0
 6227 0108 03       		.uleb128 0x3
 6228 0109 08       		.uleb128 0x8
 6229 010a 3A       		.uleb128 0x3a
 6230 010b 21       		.uleb128 0x21
 6231 010c 05       		.sleb128 5
 6232 010d 3B       		.uleb128 0x3b
 6233 010e 05       		.uleb128 0x5
 6234 010f 39       		.uleb128 0x39
 6235 0110 0B       		.uleb128 0xb
 6236 0111 49       		.uleb128 0x49
 6237 0112 13       		.uleb128 0x13
 6238 0113 02       		.uleb128 0x2
 6239 0114 18       		.uleb128 0x18
 6240 0115 00       		.byte	0
 6241 0116 00       		.byte	0
 6242 0117 14       		.uleb128 0x14
 6243 0118 05       		.uleb128 0x5
 6244 0119 00       		.byte	0
 6245 011a 03       		.uleb128 0x3
 6246 011b 0E       		.uleb128 0xe
 6247 011c 3A       		.uleb128 0x3a
 6248 011d 21       		.uleb128 0x21
 6249 011e 05       		.sleb128 5
 6250 011f 3B       		.uleb128 0x3b
 6251 0120 0B       		.uleb128 0xb
 6252 0121 39       		.uleb128 0x39
 6253 0122 0B       		.uleb128 0xb
 6254 0123 49       		.uleb128 0x49
 6255 0124 13       		.uleb128 0x13
 6256 0125 02       		.uleb128 0x2
 6257 0126 18       		.uleb128 0x18
 6258 0127 00       		.byte	0
 6259 0128 00       		.byte	0
 6260 0129 15       		.uleb128 0x15
 6261 012a 13       		.uleb128 0x13
 6262 012b 01       		.byte	0x1
 6263 012c 0B       		.uleb128 0xb
 6264 012d 0B       		.uleb128 0xb
 6265 012e 3A       		.uleb128 0x3a
 6266 012f 0B       		.uleb128 0xb
 6267 0130 3B       		.uleb128 0x3b
 6268 0131 0B       		.uleb128 0xb
 6269 0132 39       		.uleb128 0x39
 6270 0133 0B       		.uleb128 0xb
ARM GAS  C:\Users\DEVELO~1\AppData\Local\Temp\ccfH0FMk.s 			page 111


 6271 0134 01       		.uleb128 0x1
 6272 0135 13       		.uleb128 0x13
 6273 0136 00       		.byte	0
 6274 0137 00       		.byte	0
 6275 0138 16       		.uleb128 0x16
 6276 0139 2E       		.uleb128 0x2e
 6277 013a 01       		.byte	0x1
 6278 013b 3F       		.uleb128 0x3f
 6279 013c 19       		.uleb128 0x19
 6280 013d 03       		.uleb128 0x3
 6281 013e 0E       		.uleb128 0xe
 6282 013f 3A       		.uleb128 0x3a
 6283 0140 0B       		.uleb128 0xb
 6284 0141 3B       		.uleb128 0x3b
 6285 0142 05       		.uleb128 0x5
 6286 0143 39       		.uleb128 0x39
 6287 0144 21       		.uleb128 0x21
 6288 0145 08       		.sleb128 8
 6289 0146 27       		.uleb128 0x27
 6290 0147 19       		.uleb128 0x19
 6291 0148 3C       		.uleb128 0x3c
 6292 0149 19       		.uleb128 0x19
 6293 014a 01       		.uleb128 0x1
 6294 014b 13       		.uleb128 0x13
 6295 014c 00       		.byte	0
 6296 014d 00       		.byte	0
 6297 014e 17       		.uleb128 0x17
 6298 014f 0D       		.uleb128 0xd
 6299 0150 00       		.byte	0
 6300 0151 03       		.uleb128 0x3
 6301 0152 0E       		.uleb128 0xe
 6302 0153 3A       		.uleb128 0x3a
 6303 0154 0B       		.uleb128 0xb
 6304 0155 3B       		.uleb128 0x3b
 6305 0156 0B       		.uleb128 0xb
 6306 0157 39       		.uleb128 0x39
 6307 0158 0B       		.uleb128 0xb
 6308 0159 49       		.uleb128 0x49
 6309 015a 13       		.uleb128 0x13
 6310 015b 00       		.byte	0
 6311 015c 00       		.byte	0
 6312 015d 18       		.uleb128 0x18
 6313 015e 0D       		.uleb128 0xd
 6314 015f 00       		.byte	0
 6315 0160 03       		.uleb128 0x3
 6316 0161 0E       		.uleb128 0xe
 6317 0162 3A       		.uleb128 0x3a
 6318 0163 21       		.uleb128 0x21
 6319 0164 0B       		.sleb128 11
 6320 0165 3B       		.uleb128 0x3b
 6321 0166 05       		.uleb128 0x5
 6322 0167 39       		.uleb128 0x39
 6323 0168 0B       		.uleb128 0xb
 6324 0169 49       		.uleb128 0x49
 6325 016a 13       		.uleb128 0x13
 6326 016b 00       		.byte	0
 6327 016c 00       		.byte	0
ARM GAS  C:\Users\DEVELO~1\AppData\Local\Temp\ccfH0FMk.s 			page 112


 6328 016d 19       		.uleb128 0x19
 6329 016e 04       		.uleb128 0x4
 6330 016f 01       		.byte	0x1
 6331 0170 3E       		.uleb128 0x3e
 6332 0171 21       		.uleb128 0x21
 6333 0172 07       		.sleb128 7
 6334 0173 0B       		.uleb128 0xb
 6335 0174 21       		.uleb128 0x21
 6336 0175 01       		.sleb128 1
 6337 0176 49       		.uleb128 0x49
 6338 0177 13       		.uleb128 0x13
 6339 0178 3A       		.uleb128 0x3a
 6340 0179 0B       		.uleb128 0xb
 6341 017a 3B       		.uleb128 0x3b
 6342 017b 0B       		.uleb128 0xb
 6343 017c 39       		.uleb128 0x39
 6344 017d 21       		.uleb128 0x21
 6345 017e 0E       		.sleb128 14
 6346 017f 01       		.uleb128 0x1
 6347 0180 13       		.uleb128 0x13
 6348 0181 00       		.byte	0
 6349 0182 00       		.byte	0
 6350 0183 1A       		.uleb128 0x1a
 6351 0184 2E       		.uleb128 0x2e
 6352 0185 01       		.byte	0x1
 6353 0186 03       		.uleb128 0x3
 6354 0187 0E       		.uleb128 0xe
 6355 0188 3A       		.uleb128 0x3a
 6356 0189 21       		.uleb128 0x21
 6357 018a 05       		.sleb128 5
 6358 018b 3B       		.uleb128 0x3b
 6359 018c 05       		.uleb128 0x5
 6360 018d 39       		.uleb128 0x39
 6361 018e 21       		.uleb128 0x21
 6362 018f 0D       		.sleb128 13
 6363 0190 27       		.uleb128 0x27
 6364 0191 19       		.uleb128 0x19
 6365 0192 49       		.uleb128 0x49
 6366 0193 13       		.uleb128 0x13
 6367 0194 11       		.uleb128 0x11
 6368 0195 01       		.uleb128 0x1
 6369 0196 12       		.uleb128 0x12
 6370 0197 06       		.uleb128 0x6
 6371 0198 40       		.uleb128 0x40
 6372 0199 18       		.uleb128 0x18
 6373 019a 7C       		.uleb128 0x7c
 6374 019b 19       		.uleb128 0x19
 6375 019c 01       		.uleb128 0x1
 6376 019d 13       		.uleb128 0x13
 6377 019e 00       		.byte	0
 6378 019f 00       		.byte	0
 6379 01a0 1B       		.uleb128 0x1b
 6380 01a1 34       		.uleb128 0x34
 6381 01a2 00       		.byte	0
 6382 01a3 03       		.uleb128 0x3
 6383 01a4 08       		.uleb128 0x8
 6384 01a5 3A       		.uleb128 0x3a
ARM GAS  C:\Users\DEVELO~1\AppData\Local\Temp\ccfH0FMk.s 			page 113


 6385 01a6 21       		.uleb128 0x21
 6386 01a7 05       		.sleb128 5
 6387 01a8 3B       		.uleb128 0x3b
 6388 01a9 05       		.uleb128 0x5
 6389 01aa 39       		.uleb128 0x39
 6390 01ab 0B       		.uleb128 0xb
 6391 01ac 49       		.uleb128 0x49
 6392 01ad 13       		.uleb128 0x13
 6393 01ae 02       		.uleb128 0x2
 6394 01af 18       		.uleb128 0x18
 6395 01b0 00       		.byte	0
 6396 01b1 00       		.byte	0
 6397 01b2 1C       		.uleb128 0x1c
 6398 01b3 34       		.uleb128 0x34
 6399 01b4 00       		.byte	0
 6400 01b5 03       		.uleb128 0x3
 6401 01b6 08       		.uleb128 0x8
 6402 01b7 3A       		.uleb128 0x3a
 6403 01b8 21       		.uleb128 0x21
 6404 01b9 05       		.sleb128 5
 6405 01ba 3B       		.uleb128 0x3b
 6406 01bb 0B       		.uleb128 0xb
 6407 01bc 39       		.uleb128 0x39
 6408 01bd 21       		.uleb128 0x21
 6409 01be 0C       		.sleb128 12
 6410 01bf 49       		.uleb128 0x49
 6411 01c0 13       		.uleb128 0x13
 6412 01c1 02       		.uleb128 0x2
 6413 01c2 18       		.uleb128 0x18
 6414 01c3 00       		.byte	0
 6415 01c4 00       		.byte	0
 6416 01c5 1D       		.uleb128 0x1d
 6417 01c6 13       		.uleb128 0x13
 6418 01c7 01       		.byte	0x1
 6419 01c8 03       		.uleb128 0x3
 6420 01c9 0E       		.uleb128 0xe
 6421 01ca 0B       		.uleb128 0xb
 6422 01cb 0B       		.uleb128 0xb
 6423 01cc 3A       		.uleb128 0x3a
 6424 01cd 0B       		.uleb128 0xb
 6425 01ce 3B       		.uleb128 0x3b
 6426 01cf 05       		.uleb128 0x5
 6427 01d0 39       		.uleb128 0x39
 6428 01d1 0B       		.uleb128 0xb
 6429 01d2 01       		.uleb128 0x1
 6430 01d3 13       		.uleb128 0x13
 6431 01d4 00       		.byte	0
 6432 01d5 00       		.byte	0
 6433 01d6 1E       		.uleb128 0x1e
 6434 01d7 15       		.uleb128 0x15
 6435 01d8 01       		.byte	0x1
 6436 01d9 27       		.uleb128 0x27
 6437 01da 19       		.uleb128 0x19
 6438 01db 49       		.uleb128 0x49
 6439 01dc 13       		.uleb128 0x13
 6440 01dd 01       		.uleb128 0x1
 6441 01de 13       		.uleb128 0x13
ARM GAS  C:\Users\DEVELO~1\AppData\Local\Temp\ccfH0FMk.s 			page 114


 6442 01df 00       		.byte	0
 6443 01e0 00       		.byte	0
 6444 01e1 1F       		.uleb128 0x1f
 6445 01e2 34       		.uleb128 0x34
 6446 01e3 00       		.byte	0
 6447 01e4 03       		.uleb128 0x3
 6448 01e5 0E       		.uleb128 0xe
 6449 01e6 3A       		.uleb128 0x3a
 6450 01e7 21       		.uleb128 0x21
 6451 01e8 05       		.sleb128 5
 6452 01e9 3B       		.uleb128 0x3b
 6453 01ea 0B       		.uleb128 0xb
 6454 01eb 39       		.uleb128 0x39
 6455 01ec 0B       		.uleb128 0xb
 6456 01ed 49       		.uleb128 0x49
 6457 01ee 13       		.uleb128 0x13
 6458 01ef 02       		.uleb128 0x2
 6459 01f0 18       		.uleb128 0x18
 6460 01f1 00       		.byte	0
 6461 01f2 00       		.byte	0
 6462 01f3 20       		.uleb128 0x20
 6463 01f4 1D       		.uleb128 0x1d
 6464 01f5 01       		.byte	0x1
 6465 01f6 31       		.uleb128 0x31
 6466 01f7 13       		.uleb128 0x13
 6467 01f8 11       		.uleb128 0x11
 6468 01f9 01       		.uleb128 0x1
 6469 01fa 12       		.uleb128 0x12
 6470 01fb 06       		.uleb128 0x6
 6471 01fc 58       		.uleb128 0x58
 6472 01fd 0B       		.uleb128 0xb
 6473 01fe 59       		.uleb128 0x59
 6474 01ff 05       		.uleb128 0x5
 6475 0200 57       		.uleb128 0x57
 6476 0201 21       		.uleb128 0x21
 6477 0202 03       		.sleb128 3
 6478 0203 00       		.byte	0
 6479 0204 00       		.byte	0
 6480 0205 21       		.uleb128 0x21
 6481 0206 35       		.uleb128 0x35
 6482 0207 00       		.byte	0
 6483 0208 49       		.uleb128 0x49
 6484 0209 13       		.uleb128 0x13
 6485 020a 00       		.byte	0
 6486 020b 00       		.byte	0
 6487 020c 22       		.uleb128 0x22
 6488 020d 17       		.uleb128 0x17
 6489 020e 01       		.byte	0x1
 6490 020f 0B       		.uleb128 0xb
 6491 0210 0B       		.uleb128 0xb
 6492 0211 3A       		.uleb128 0x3a
 6493 0212 0B       		.uleb128 0xb
 6494 0213 3B       		.uleb128 0x3b
 6495 0214 0B       		.uleb128 0xb
 6496 0215 39       		.uleb128 0x39
 6497 0216 21       		.uleb128 0x21
 6498 0217 03       		.sleb128 3
ARM GAS  C:\Users\DEVELO~1\AppData\Local\Temp\ccfH0FMk.s 			page 115


 6499 0218 01       		.uleb128 0x1
 6500 0219 13       		.uleb128 0x13
 6501 021a 00       		.byte	0
 6502 021b 00       		.byte	0
 6503 021c 23       		.uleb128 0x23
 6504 021d 0D       		.uleb128 0xd
 6505 021e 00       		.byte	0
 6506 021f 03       		.uleb128 0x3
 6507 0220 08       		.uleb128 0x8
 6508 0221 3A       		.uleb128 0x3a
 6509 0222 21       		.uleb128 0x21
 6510 0223 10       		.sleb128 16
 6511 0224 3B       		.uleb128 0x3b
 6512 0225 0B       		.uleb128 0xb
 6513 0226 39       		.uleb128 0x39
 6514 0227 21       		.uleb128 0x21
 6515 0228 07       		.sleb128 7
 6516 0229 49       		.uleb128 0x49
 6517 022a 13       		.uleb128 0x13
 6518 022b 00       		.byte	0
 6519 022c 00       		.byte	0
 6520 022d 24       		.uleb128 0x24
 6521 022e 0D       		.uleb128 0xd
 6522 022f 00       		.byte	0
 6523 0230 03       		.uleb128 0x3
 6524 0231 0E       		.uleb128 0xe
 6525 0232 3A       		.uleb128 0x3a
 6526 0233 21       		.uleb128 0x21
 6527 0234 10       		.sleb128 16
 6528 0235 3B       		.uleb128 0x3b
 6529 0236 0B       		.uleb128 0xb
 6530 0237 39       		.uleb128 0x39
 6531 0238 21       		.uleb128 0x21
 6532 0239 19       		.sleb128 25
 6533 023a 49       		.uleb128 0x49
 6534 023b 13       		.uleb128 0x13
 6535 023c 0D       		.uleb128 0xd
 6536 023d 0B       		.uleb128 0xb
 6537 023e 6B       		.uleb128 0x6b
 6538 023f 0B       		.uleb128 0xb
 6539 0240 00       		.byte	0
 6540 0241 00       		.byte	0
 6541 0242 25       		.uleb128 0x25
 6542 0243 16       		.uleb128 0x16
 6543 0244 00       		.byte	0
 6544 0245 03       		.uleb128 0x3
 6545 0246 0E       		.uleb128 0xe
 6546 0247 3A       		.uleb128 0x3a
 6547 0248 0B       		.uleb128 0xb
 6548 0249 3B       		.uleb128 0x3b
 6549 024a 05       		.uleb128 0x5
 6550 024b 39       		.uleb128 0x39
 6551 024c 21       		.uleb128 0x21
 6552 024d 03       		.sleb128 3
 6553 024e 49       		.uleb128 0x49
 6554 024f 13       		.uleb128 0x13
 6555 0250 00       		.byte	0
ARM GAS  C:\Users\DEVELO~1\AppData\Local\Temp\ccfH0FMk.s 			page 116


 6556 0251 00       		.byte	0
 6557 0252 26       		.uleb128 0x26
 6558 0253 2E       		.uleb128 0x2e
 6559 0254 01       		.byte	0x1
 6560 0255 03       		.uleb128 0x3
 6561 0256 0E       		.uleb128 0xe
 6562 0257 3A       		.uleb128 0x3a
 6563 0258 21       		.uleb128 0x21
 6564 0259 05       		.sleb128 5
 6565 025a 3B       		.uleb128 0x3b
 6566 025b 0B       		.uleb128 0xb
 6567 025c 39       		.uleb128 0x39
 6568 025d 21       		.uleb128 0x21
 6569 025e 0D       		.sleb128 13
 6570 025f 27       		.uleb128 0x27
 6571 0260 19       		.uleb128 0x19
 6572 0261 49       		.uleb128 0x49
 6573 0262 13       		.uleb128 0x13
 6574 0263 11       		.uleb128 0x11
 6575 0264 01       		.uleb128 0x1
 6576 0265 12       		.uleb128 0x12
 6577 0266 06       		.uleb128 0x6
 6578 0267 40       		.uleb128 0x40
 6579 0268 18       		.uleb128 0x18
 6580 0269 7C       		.uleb128 0x7c
 6581 026a 19       		.uleb128 0x19
 6582 026b 01       		.uleb128 0x1
 6583 026c 13       		.uleb128 0x13
 6584 026d 00       		.byte	0
 6585 026e 00       		.byte	0
 6586 026f 27       		.uleb128 0x27
 6587 0270 0A       		.uleb128 0xa
 6588 0271 00       		.byte	0
 6589 0272 03       		.uleb128 0x3
 6590 0273 0E       		.uleb128 0xe
 6591 0274 3A       		.uleb128 0x3a
 6592 0275 21       		.uleb128 0x21
 6593 0276 05       		.sleb128 5
 6594 0277 3B       		.uleb128 0x3b
 6595 0278 05       		.uleb128 0x5
 6596 0279 39       		.uleb128 0x39
 6597 027a 21       		.uleb128 0x21
 6598 027b 01       		.sleb128 1
 6599 027c 11       		.uleb128 0x11
 6600 027d 01       		.uleb128 0x1
 6601 027e 00       		.byte	0
 6602 027f 00       		.byte	0
 6603 0280 28       		.uleb128 0x28
 6604 0281 2E       		.uleb128 0x2e
 6605 0282 01       		.byte	0x1
 6606 0283 03       		.uleb128 0x3
 6607 0284 0E       		.uleb128 0xe
 6608 0285 3A       		.uleb128 0x3a
 6609 0286 21       		.uleb128 0x21
 6610 0287 05       		.sleb128 5
 6611 0288 3B       		.uleb128 0x3b
 6612 0289 05       		.uleb128 0x5
ARM GAS  C:\Users\DEVELO~1\AppData\Local\Temp\ccfH0FMk.s 			page 117


 6613 028a 39       		.uleb128 0x39
 6614 028b 0B       		.uleb128 0xb
 6615 028c 27       		.uleb128 0x27
 6616 028d 19       		.uleb128 0x19
 6617 028e 49       		.uleb128 0x49
 6618 028f 13       		.uleb128 0x13
 6619 0290 11       		.uleb128 0x11
 6620 0291 01       		.uleb128 0x1
 6621 0292 12       		.uleb128 0x12
 6622 0293 06       		.uleb128 0x6
 6623 0294 40       		.uleb128 0x40
 6624 0295 18       		.uleb128 0x18
 6625 0296 7A       		.uleb128 0x7a
 6626 0297 19       		.uleb128 0x19
 6627 0298 01       		.uleb128 0x1
 6628 0299 13       		.uleb128 0x13
 6629 029a 00       		.byte	0
 6630 029b 00       		.byte	0
 6631 029c 29       		.uleb128 0x29
 6632 029d 2E       		.uleb128 0x2e
 6633 029e 01       		.byte	0x1
 6634 029f 03       		.uleb128 0x3
 6635 02a0 0E       		.uleb128 0xe
 6636 02a1 3A       		.uleb128 0x3a
 6637 02a2 21       		.uleb128 0x21
 6638 02a3 05       		.sleb128 5
 6639 02a4 3B       		.uleb128 0x3b
 6640 02a5 0B       		.uleb128 0xb
 6641 02a6 39       		.uleb128 0x39
 6642 02a7 21       		.uleb128 0x21
 6643 02a8 11       		.sleb128 17
 6644 02a9 27       		.uleb128 0x27
 6645 02aa 19       		.uleb128 0x19
 6646 02ab 49       		.uleb128 0x49
 6647 02ac 13       		.uleb128 0x13
 6648 02ad 11       		.uleb128 0x11
 6649 02ae 01       		.uleb128 0x1
 6650 02af 12       		.uleb128 0x12
 6651 02b0 06       		.uleb128 0x6
 6652 02b1 40       		.uleb128 0x40
 6653 02b2 18       		.uleb128 0x18
 6654 02b3 7A       		.uleb128 0x7a
 6655 02b4 19       		.uleb128 0x19
 6656 02b5 01       		.uleb128 0x1
 6657 02b6 13       		.uleb128 0x13
 6658 02b7 00       		.byte	0
 6659 02b8 00       		.byte	0
 6660 02b9 2A       		.uleb128 0x2a
 6661 02ba 2E       		.uleb128 0x2e
 6662 02bb 00       		.byte	0
 6663 02bc 03       		.uleb128 0x3
 6664 02bd 0E       		.uleb128 0xe
 6665 02be 3A       		.uleb128 0x3a
 6666 02bf 21       		.uleb128 0x21
 6667 02c0 04       		.sleb128 4
 6668 02c1 3B       		.uleb128 0x3b
 6669 02c2 05       		.uleb128 0x5
ARM GAS  C:\Users\DEVELO~1\AppData\Local\Temp\ccfH0FMk.s 			page 118


 6670 02c3 39       		.uleb128 0x39
 6671 02c4 21       		.uleb128 0x21
 6672 02c5 14       		.sleb128 20
 6673 02c6 27       		.uleb128 0x27
 6674 02c7 19       		.uleb128 0x19
 6675 02c8 11       		.uleb128 0x11
 6676 02c9 01       		.uleb128 0x1
 6677 02ca 12       		.uleb128 0x12
 6678 02cb 06       		.uleb128 0x6
 6679 02cc 40       		.uleb128 0x40
 6680 02cd 18       		.uleb128 0x18
 6681 02ce 7C       		.uleb128 0x7c
 6682 02cf 19       		.uleb128 0x19
 6683 02d0 00       		.byte	0
 6684 02d1 00       		.byte	0
 6685 02d2 2B       		.uleb128 0x2b
 6686 02d3 2E       		.uleb128 0x2e
 6687 02d4 01       		.byte	0x1
 6688 02d5 03       		.uleb128 0x3
 6689 02d6 0E       		.uleb128 0xe
 6690 02d7 3A       		.uleb128 0x3a
 6691 02d8 21       		.uleb128 0x21
 6692 02d9 01       		.sleb128 1
 6693 02da 3B       		.uleb128 0x3b
 6694 02db 05       		.uleb128 0x5
 6695 02dc 39       		.uleb128 0x39
 6696 02dd 21       		.uleb128 0x21
 6697 02de 14       		.sleb128 20
 6698 02df 27       		.uleb128 0x27
 6699 02e0 19       		.uleb128 0x19
 6700 02e1 11       		.uleb128 0x11
 6701 02e2 01       		.uleb128 0x1
 6702 02e3 12       		.uleb128 0x12
 6703 02e4 06       		.uleb128 0x6
 6704 02e5 40       		.uleb128 0x40
 6705 02e6 18       		.uleb128 0x18
 6706 02e7 7A       		.uleb128 0x7a
 6707 02e8 19       		.uleb128 0x19
 6708 02e9 01       		.uleb128 0x1
 6709 02ea 13       		.uleb128 0x13
 6710 02eb 00       		.byte	0
 6711 02ec 00       		.byte	0
 6712 02ed 2C       		.uleb128 0x2c
 6713 02ee 05       		.uleb128 0x5
 6714 02ef 00       		.byte	0
 6715 02f0 31       		.uleb128 0x31
 6716 02f1 13       		.uleb128 0x13
 6717 02f2 02       		.uleb128 0x2
 6718 02f3 18       		.uleb128 0x18
 6719 02f4 00       		.byte	0
 6720 02f5 00       		.byte	0
 6721 02f6 2D       		.uleb128 0x2d
 6722 02f7 2E       		.uleb128 0x2e
 6723 02f8 00       		.byte	0
 6724 02f9 03       		.uleb128 0x3
 6725 02fa 0E       		.uleb128 0xe
 6726 02fb 3A       		.uleb128 0x3a
ARM GAS  C:\Users\DEVELO~1\AppData\Local\Temp\ccfH0FMk.s 			page 119


 6727 02fc 21       		.uleb128 0x21
 6728 02fd 03       		.sleb128 3
 6729 02fe 3B       		.uleb128 0x3b
 6730 02ff 05       		.uleb128 0x5
 6731 0300 39       		.uleb128 0x39
 6732 0301 21       		.uleb128 0x21
 6733 0302 1B       		.sleb128 27
 6734 0303 27       		.uleb128 0x27
 6735 0304 19       		.uleb128 0x19
 6736 0305 20       		.uleb128 0x20
 6737 0306 21       		.uleb128 0x21
 6738 0307 03       		.sleb128 3
 6739 0308 00       		.byte	0
 6740 0309 00       		.byte	0
 6741 030a 2E       		.uleb128 0x2e
 6742 030b 11       		.uleb128 0x11
 6743 030c 01       		.byte	0x1
 6744 030d 25       		.uleb128 0x25
 6745 030e 0E       		.uleb128 0xe
 6746 030f 13       		.uleb128 0x13
 6747 0310 0B       		.uleb128 0xb
 6748 0311 03       		.uleb128 0x3
 6749 0312 0E       		.uleb128 0xe
 6750 0313 1B       		.uleb128 0x1b
 6751 0314 0E       		.uleb128 0xe
 6752 0315 55       		.uleb128 0x55
 6753 0316 17       		.uleb128 0x17
 6754 0317 11       		.uleb128 0x11
 6755 0318 01       		.uleb128 0x1
 6756 0319 10       		.uleb128 0x10
 6757 031a 17       		.uleb128 0x17
 6758 031b 00       		.byte	0
 6759 031c 00       		.byte	0
 6760 031d 2F       		.uleb128 0x2f
 6761 031e 24       		.uleb128 0x24
 6762 031f 00       		.byte	0
 6763 0320 0B       		.uleb128 0xb
 6764 0321 0B       		.uleb128 0xb
 6765 0322 3E       		.uleb128 0x3e
 6766 0323 0B       		.uleb128 0xb
 6767 0324 03       		.uleb128 0x3
 6768 0325 08       		.uleb128 0x8
 6769 0326 00       		.byte	0
 6770 0327 00       		.byte	0
 6771 0328 30       		.uleb128 0x30
 6772 0329 0F       		.uleb128 0xf
 6773 032a 00       		.byte	0
 6774 032b 0B       		.uleb128 0xb
 6775 032c 0B       		.uleb128 0xb
 6776 032d 00       		.byte	0
 6777 032e 00       		.byte	0
 6778 032f 31       		.uleb128 0x31
 6779 0330 13       		.uleb128 0x13
 6780 0331 01       		.byte	0x1
 6781 0332 03       		.uleb128 0x3
 6782 0333 0E       		.uleb128 0xe
 6783 0334 0B       		.uleb128 0xb
ARM GAS  C:\Users\DEVELO~1\AppData\Local\Temp\ccfH0FMk.s 			page 120


 6784 0335 05       		.uleb128 0x5
 6785 0336 3A       		.uleb128 0x3a
 6786 0337 0B       		.uleb128 0xb
 6787 0338 3B       		.uleb128 0x3b
 6788 0339 05       		.uleb128 0x5
 6789 033a 39       		.uleb128 0x39
 6790 033b 0B       		.uleb128 0xb
 6791 033c 01       		.uleb128 0x1
 6792 033d 13       		.uleb128 0x13
 6793 033e 00       		.byte	0
 6794 033f 00       		.byte	0
 6795 0340 32       		.uleb128 0x32
 6796 0341 13       		.uleb128 0x13
 6797 0342 01       		.byte	0x1
 6798 0343 0B       		.uleb128 0xb
 6799 0344 05       		.uleb128 0x5
 6800 0345 3A       		.uleb128 0x3a
 6801 0346 0B       		.uleb128 0xb
 6802 0347 3B       		.uleb128 0x3b
 6803 0348 0B       		.uleb128 0xb
 6804 0349 39       		.uleb128 0x39
 6805 034a 0B       		.uleb128 0xb
 6806 034b 01       		.uleb128 0x1
 6807 034c 13       		.uleb128 0x13
 6808 034d 00       		.byte	0
 6809 034e 00       		.byte	0
 6810 034f 33       		.uleb128 0x33
 6811 0350 13       		.uleb128 0x13
 6812 0351 01       		.byte	0x1
 6813 0352 0B       		.uleb128 0xb
 6814 0353 05       		.uleb128 0x5
 6815 0354 3A       		.uleb128 0x3a
 6816 0355 0B       		.uleb128 0xb
 6817 0356 3B       		.uleb128 0x3b
 6818 0357 05       		.uleb128 0x5
 6819 0358 39       		.uleb128 0x39
 6820 0359 0B       		.uleb128 0xb
 6821 035a 01       		.uleb128 0x1
 6822 035b 13       		.uleb128 0x13
 6823 035c 00       		.byte	0
 6824 035d 00       		.byte	0
 6825 035e 34       		.uleb128 0x34
 6826 035f 0D       		.uleb128 0xd
 6827 0360 00       		.byte	0
 6828 0361 03       		.uleb128 0x3
 6829 0362 0E       		.uleb128 0xe
 6830 0363 3A       		.uleb128 0x3a
 6831 0364 0B       		.uleb128 0xb
 6832 0365 3B       		.uleb128 0x3b
 6833 0366 05       		.uleb128 0x5
 6834 0367 39       		.uleb128 0x39
 6835 0368 0B       		.uleb128 0xb
 6836 0369 49       		.uleb128 0x49
 6837 036a 13       		.uleb128 0x13
 6838 036b 38       		.uleb128 0x38
 6839 036c 05       		.uleb128 0x5
 6840 036d 00       		.byte	0
ARM GAS  C:\Users\DEVELO~1\AppData\Local\Temp\ccfH0FMk.s 			page 121


 6841 036e 00       		.byte	0
 6842 036f 35       		.uleb128 0x35
 6843 0370 2E       		.uleb128 0x2e
 6844 0371 00       		.byte	0
 6845 0372 3F       		.uleb128 0x3f
 6846 0373 19       		.uleb128 0x19
 6847 0374 03       		.uleb128 0x3
 6848 0375 0E       		.uleb128 0xe
 6849 0376 3A       		.uleb128 0x3a
 6850 0377 0B       		.uleb128 0xb
 6851 0378 3B       		.uleb128 0x3b
 6852 0379 05       		.uleb128 0x5
 6853 037a 39       		.uleb128 0x39
 6854 037b 0B       		.uleb128 0xb
 6855 037c 27       		.uleb128 0x27
 6856 037d 19       		.uleb128 0x19
 6857 037e 3C       		.uleb128 0x3c
 6858 037f 19       		.uleb128 0x19
 6859 0380 00       		.byte	0
 6860 0381 00       		.byte	0
 6861 0382 36       		.uleb128 0x36
 6862 0383 2E       		.uleb128 0x2e
 6863 0384 01       		.byte	0x1
 6864 0385 3F       		.uleb128 0x3f
 6865 0386 19       		.uleb128 0x19
 6866 0387 03       		.uleb128 0x3
 6867 0388 0E       		.uleb128 0xe
 6868 0389 3A       		.uleb128 0x3a
 6869 038a 0B       		.uleb128 0xb
 6870 038b 3B       		.uleb128 0x3b
 6871 038c 05       		.uleb128 0x5
 6872 038d 39       		.uleb128 0x39
 6873 038e 0B       		.uleb128 0xb
 6874 038f 27       		.uleb128 0x27
 6875 0390 19       		.uleb128 0x19
 6876 0391 49       		.uleb128 0x49
 6877 0392 13       		.uleb128 0x13
 6878 0393 11       		.uleb128 0x11
 6879 0394 01       		.uleb128 0x1
 6880 0395 12       		.uleb128 0x12
 6881 0396 06       		.uleb128 0x6
 6882 0397 40       		.uleb128 0x40
 6883 0398 18       		.uleb128 0x18
 6884 0399 7A       		.uleb128 0x7a
 6885 039a 19       		.uleb128 0x19
 6886 039b 01       		.uleb128 0x1
 6887 039c 13       		.uleb128 0x13
 6888 039d 00       		.byte	0
 6889 039e 00       		.byte	0
 6890 039f 37       		.uleb128 0x37
 6891 03a0 0B       		.uleb128 0xb
 6892 03a1 01       		.byte	0x1
 6893 03a2 55       		.uleb128 0x55
 6894 03a3 17       		.uleb128 0x17
 6895 03a4 00       		.byte	0
 6896 03a5 00       		.byte	0
 6897 03a6 38       		.uleb128 0x38
ARM GAS  C:\Users\DEVELO~1\AppData\Local\Temp\ccfH0FMk.s 			page 122


 6898 03a7 2E       		.uleb128 0x2e
 6899 03a8 01       		.byte	0x1
 6900 03a9 3F       		.uleb128 0x3f
 6901 03aa 19       		.uleb128 0x19
 6902 03ab 03       		.uleb128 0x3
 6903 03ac 0E       		.uleb128 0xe
 6904 03ad 3A       		.uleb128 0x3a
 6905 03ae 0B       		.uleb128 0xb
 6906 03af 3B       		.uleb128 0x3b
 6907 03b0 05       		.uleb128 0x5
 6908 03b1 39       		.uleb128 0x39
 6909 03b2 0B       		.uleb128 0xb
 6910 03b3 27       		.uleb128 0x27
 6911 03b4 19       		.uleb128 0x19
 6912 03b5 11       		.uleb128 0x11
 6913 03b6 01       		.uleb128 0x1
 6914 03b7 12       		.uleb128 0x12
 6915 03b8 06       		.uleb128 0x6
 6916 03b9 40       		.uleb128 0x40
 6917 03ba 18       		.uleb128 0x18
 6918 03bb 7C       		.uleb128 0x7c
 6919 03bc 19       		.uleb128 0x19
 6920 03bd 01       		.uleb128 0x1
 6921 03be 13       		.uleb128 0x13
 6922 03bf 00       		.byte	0
 6923 03c0 00       		.byte	0
 6924 03c1 39       		.uleb128 0x39
 6925 03c2 2E       		.uleb128 0x2e
 6926 03c3 01       		.byte	0x1
 6927 03c4 3F       		.uleb128 0x3f
 6928 03c5 19       		.uleb128 0x19
 6929 03c6 03       		.uleb128 0x3
 6930 03c7 0E       		.uleb128 0xe
 6931 03c8 3A       		.uleb128 0x3a
 6932 03c9 0B       		.uleb128 0xb
 6933 03ca 3B       		.uleb128 0x3b
 6934 03cb 05       		.uleb128 0x5
 6935 03cc 39       		.uleb128 0x39
 6936 03cd 0B       		.uleb128 0xb
 6937 03ce 27       		.uleb128 0x27
 6938 03cf 19       		.uleb128 0x19
 6939 03d0 11       		.uleb128 0x11
 6940 03d1 01       		.uleb128 0x1
 6941 03d2 12       		.uleb128 0x12
 6942 03d3 06       		.uleb128 0x6
 6943 03d4 40       		.uleb128 0x40
 6944 03d5 18       		.uleb128 0x18
 6945 03d6 7A       		.uleb128 0x7a
 6946 03d7 19       		.uleb128 0x19
 6947 03d8 01       		.uleb128 0x1
 6948 03d9 13       		.uleb128 0x13
 6949 03da 00       		.byte	0
 6950 03db 00       		.byte	0
 6951 03dc 3A       		.uleb128 0x3a
 6952 03dd 2E       		.uleb128 0x2e
 6953 03de 00       		.byte	0
 6954 03df 3F       		.uleb128 0x3f
ARM GAS  C:\Users\DEVELO~1\AppData\Local\Temp\ccfH0FMk.s 			page 123


 6955 03e0 19       		.uleb128 0x19
 6956 03e1 03       		.uleb128 0x3
 6957 03e2 0E       		.uleb128 0xe
 6958 03e3 3A       		.uleb128 0x3a
 6959 03e4 0B       		.uleb128 0xb
 6960 03e5 3B       		.uleb128 0x3b
 6961 03e6 05       		.uleb128 0x5
 6962 03e7 39       		.uleb128 0x39
 6963 03e8 0B       		.uleb128 0xb
 6964 03e9 27       		.uleb128 0x27
 6965 03ea 19       		.uleb128 0x19
 6966 03eb 11       		.uleb128 0x11
 6967 03ec 01       		.uleb128 0x1
 6968 03ed 12       		.uleb128 0x12
 6969 03ee 06       		.uleb128 0x6
 6970 03ef 40       		.uleb128 0x40
 6971 03f0 18       		.uleb128 0x18
 6972 03f1 7C       		.uleb128 0x7c
 6973 03f2 19       		.uleb128 0x19
 6974 03f3 00       		.byte	0
 6975 03f4 00       		.byte	0
 6976 03f5 3B       		.uleb128 0x3b
 6977 03f6 05       		.uleb128 0x5
 6978 03f7 00       		.byte	0
 6979 03f8 03       		.uleb128 0x3
 6980 03f9 08       		.uleb128 0x8
 6981 03fa 3A       		.uleb128 0x3a
 6982 03fb 0B       		.uleb128 0xb
 6983 03fc 3B       		.uleb128 0x3b
 6984 03fd 0B       		.uleb128 0xb
 6985 03fe 39       		.uleb128 0x39
 6986 03ff 0B       		.uleb128 0xb
 6987 0400 49       		.uleb128 0x49
 6988 0401 13       		.uleb128 0x13
 6989 0402 02       		.uleb128 0x2
 6990 0403 18       		.uleb128 0x18
 6991 0404 00       		.byte	0
 6992 0405 00       		.byte	0
 6993 0406 3C       		.uleb128 0x3c
 6994 0407 2E       		.uleb128 0x2e
 6995 0408 01       		.byte	0x1
 6996 0409 03       		.uleb128 0x3
 6997 040a 0E       		.uleb128 0xe
 6998 040b 3A       		.uleb128 0x3a
 6999 040c 0B       		.uleb128 0xb
 7000 040d 3B       		.uleb128 0x3b
 7001 040e 05       		.uleb128 0x5
 7002 040f 39       		.uleb128 0x39
 7003 0410 0B       		.uleb128 0xb
 7004 0411 27       		.uleb128 0x27
 7005 0412 19       		.uleb128 0x19
 7006 0413 11       		.uleb128 0x11
 7007 0414 01       		.uleb128 0x1
 7008 0415 12       		.uleb128 0x12
 7009 0416 06       		.uleb128 0x6
 7010 0417 40       		.uleb128 0x40
 7011 0418 18       		.uleb128 0x18
ARM GAS  C:\Users\DEVELO~1\AppData\Local\Temp\ccfH0FMk.s 			page 124


 7012 0419 7C       		.uleb128 0x7c
 7013 041a 19       		.uleb128 0x19
 7014 041b 01       		.uleb128 0x1
 7015 041c 13       		.uleb128 0x13
 7016 041d 00       		.byte	0
 7017 041e 00       		.byte	0
 7018 041f 3D       		.uleb128 0x3d
 7019 0420 2E       		.uleb128 0x2e
 7020 0421 01       		.byte	0x1
 7021 0422 03       		.uleb128 0x3
 7022 0423 0E       		.uleb128 0xe
 7023 0424 3A       		.uleb128 0x3a
 7024 0425 0B       		.uleb128 0xb
 7025 0426 3B       		.uleb128 0x3b
 7026 0427 05       		.uleb128 0x5
 7027 0428 39       		.uleb128 0x39
 7028 0429 0B       		.uleb128 0xb
 7029 042a 27       		.uleb128 0x27
 7030 042b 19       		.uleb128 0x19
 7031 042c 20       		.uleb128 0x20
 7032 042d 0B       		.uleb128 0xb
 7033 042e 00       		.byte	0
 7034 042f 00       		.byte	0
 7035 0430 3E       		.uleb128 0x3e
 7036 0431 05       		.uleb128 0x5
 7037 0432 00       		.byte	0
 7038 0433 03       		.uleb128 0x3
 7039 0434 0E       		.uleb128 0xe
 7040 0435 3A       		.uleb128 0x3a
 7041 0436 0B       		.uleb128 0xb
 7042 0437 3B       		.uleb128 0x3b
 7043 0438 05       		.uleb128 0x5
 7044 0439 39       		.uleb128 0x39
 7045 043a 0B       		.uleb128 0xb
 7046 043b 49       		.uleb128 0x49
 7047 043c 13       		.uleb128 0x13
 7048 043d 00       		.byte	0
 7049 043e 00       		.byte	0
 7050 043f 00       		.byte	0
 7051              		.section	.debug_aranges,"",%progbits
 7052 0000 14010000 		.4byte	0x114
 7053 0004 0200     		.2byte	0x2
 7054 0006 00000000 		.4byte	.Ldebug_info0
 7055 000a 04       		.byte	0x4
 7056 000b 00       		.byte	0
 7057 000c 0000     		.2byte	0
 7058 000e 0000     		.2byte	0
 7059 0010 00000000 		.4byte	.LFB202
 7060 0014 1E000000 		.4byte	.LFE202-.LFB202
 7061 0018 00000000 		.4byte	.LFB203
 7062 001c 1E000000 		.4byte	.LFE203-.LFB203
 7063 0020 00000000 		.4byte	.LFB350
 7064 0024 0C000000 		.4byte	.LFE350-.LFB350
 7065 0028 00000000 		.4byte	.LFB351
 7066 002c 0C000000 		.4byte	.LFE351-.LFB351
 7067 0030 00000000 		.4byte	.LFB364
 7068 0034 16000000 		.4byte	.LFE364-.LFB364
ARM GAS  C:\Users\DEVELO~1\AppData\Local\Temp\ccfH0FMk.s 			page 125


 7069 0038 00000000 		.4byte	.LFB432
 7070 003c A0000000 		.4byte	.LFE432-.LFB432
 7071 0040 00000000 		.4byte	.LFB433
 7072 0044 70000000 		.4byte	.LFE433-.LFB433
 7073 0048 00000000 		.4byte	.LFB434
 7074 004c AC000000 		.4byte	.LFE434-.LFB434
 7075 0050 00000000 		.4byte	.LFB435
 7076 0054 2E000000 		.4byte	.LFE435-.LFB435
 7077 0058 00000000 		.4byte	.LFB436
 7078 005c 4A000000 		.4byte	.LFE436-.LFB436
 7079 0060 00000000 		.4byte	.LFB437
 7080 0064 3E000000 		.4byte	.LFE437-.LFB437
 7081 0068 00000000 		.4byte	.LFB438
 7082 006c 4E000000 		.4byte	.LFE438-.LFB438
 7083 0070 00000000 		.4byte	.LFB439
 7084 0074 B6000000 		.4byte	.LFE439-.LFB439
 7085 0078 00000000 		.4byte	.LFB440
 7086 007c 58000000 		.4byte	.LFE440-.LFB440
 7087 0080 00000000 		.4byte	.LFB441
 7088 0084 34000000 		.4byte	.LFE441-.LFB441
 7089 0088 00000000 		.4byte	.LFB442
 7090 008c 80000000 		.4byte	.LFE442-.LFB442
 7091 0090 00000000 		.4byte	.LFB443
 7092 0094 94000000 		.4byte	.LFE443-.LFB443
 7093 0098 00000000 		.4byte	.LFB444
 7094 009c 88000000 		.4byte	.LFE444-.LFB444
 7095 00a0 00000000 		.4byte	.LFB445
 7096 00a4 1A000000 		.4byte	.LFE445-.LFB445
 7097 00a8 00000000 		.4byte	.LFB446
 7098 00ac 1A000000 		.4byte	.LFE446-.LFB446
 7099 00b0 00000000 		.4byte	.LFB447
 7100 00b4 0C000000 		.4byte	.LFE447-.LFB447
 7101 00b8 00000000 		.4byte	.LFB448
 7102 00bc 34000000 		.4byte	.LFE448-.LFB448
 7103 00c0 00000000 		.4byte	.LFB449
 7104 00c4 32000000 		.4byte	.LFE449-.LFB449
 7105 00c8 00000000 		.4byte	.LFB450
 7106 00cc 2A000000 		.4byte	.LFE450-.LFB450
 7107 00d0 00000000 		.4byte	.LFB451
 7108 00d4 E8010000 		.4byte	.LFE451-.LFB451
 7109 00d8 00000000 		.4byte	.LFB452
 7110 00dc 58000000 		.4byte	.LFE452-.LFB452
 7111 00e0 00000000 		.4byte	.LFB453
 7112 00e4 54000000 		.4byte	.LFE453-.LFB453
 7113 00e8 00000000 		.4byte	.LFB454
 7114 00ec 54000000 		.4byte	.LFE454-.LFB454
 7115 00f0 00000000 		.4byte	.LFB455
 7116 00f4 26000000 		.4byte	.LFE455-.LFB455
 7117 00f8 00000000 		.4byte	.LFB456
 7118 00fc 34000000 		.4byte	.LFE456-.LFB456
 7119 0100 00000000 		.4byte	.LFB457
 7120 0104 32000000 		.4byte	.LFE457-.LFB457
 7121 0108 00000000 		.4byte	.LFB458
 7122 010c CC000000 		.4byte	.LFE458-.LFB458
 7123 0110 00000000 		.4byte	0
 7124 0114 00000000 		.4byte	0
 7125              		.section	.debug_rnglists,"",%progbits
ARM GAS  C:\Users\DEVELO~1\AppData\Local\Temp\ccfH0FMk.s 			page 126


 7126              	.Ldebug_ranges0:
 7127 0000 DF000000 		.4byte	.Ldebug_ranges3-.Ldebug_ranges2
 7128              	.Ldebug_ranges2:
 7129 0004 0500     		.2byte	0x5
 7130 0006 04       		.byte	0x4
 7131 0007 00       		.byte	0
 7132 0008 00000000 		.4byte	0
 7133              	.LLRL0:
 7134 000c 05       		.byte	0x5
 7135 000d FC000000 		.4byte	.LBB22
 7136 0011 04       		.byte	0x4
 7137 0012 00       		.uleb128 .LBB22-.LBB22
 7138 0013 2A       		.uleb128 .LBE22-.LBB22
 7139 0014 04       		.byte	0x4
 7140 0015 C801     		.uleb128 .LBB23-.LBB22
 7141 0017 CC01     		.uleb128 .LBE23-.LBB22
 7142 0019 00       		.byte	0
 7143              	.LLRL1:
 7144 001a 07       		.byte	0x7
 7145 001b 00000000 		.4byte	.LFB202
 7146 001f 1E       		.uleb128 .LFE202-.LFB202
 7147 0020 07       		.byte	0x7
 7148 0021 00000000 		.4byte	.LFB203
 7149 0025 1E       		.uleb128 .LFE203-.LFB203
 7150 0026 07       		.byte	0x7
 7151 0027 00000000 		.4byte	.LFB350
 7152 002b 0C       		.uleb128 .LFE350-.LFB350
 7153 002c 07       		.byte	0x7
 7154 002d 00000000 		.4byte	.LFB351
 7155 0031 0C       		.uleb128 .LFE351-.LFB351
 7156 0032 07       		.byte	0x7
 7157 0033 00000000 		.4byte	.LFB364
 7158 0037 16       		.uleb128 .LFE364-.LFB364
 7159 0038 07       		.byte	0x7
 7160 0039 00000000 		.4byte	.LFB432
 7161 003d A001     		.uleb128 .LFE432-.LFB432
 7162 003f 07       		.byte	0x7
 7163 0040 00000000 		.4byte	.LFB433
 7164 0044 70       		.uleb128 .LFE433-.LFB433
 7165 0045 07       		.byte	0x7
 7166 0046 00000000 		.4byte	.LFB434
 7167 004a AC01     		.uleb128 .LFE434-.LFB434
 7168 004c 07       		.byte	0x7
 7169 004d 00000000 		.4byte	.LFB435
 7170 0051 2E       		.uleb128 .LFE435-.LFB435
 7171 0052 07       		.byte	0x7
 7172 0053 00000000 		.4byte	.LFB436
 7173 0057 4A       		.uleb128 .LFE436-.LFB436
 7174 0058 07       		.byte	0x7
 7175 0059 00000000 		.4byte	.LFB437
 7176 005d 3E       		.uleb128 .LFE437-.LFB437
 7177 005e 07       		.byte	0x7
 7178 005f 00000000 		.4byte	.LFB438
 7179 0063 4E       		.uleb128 .LFE438-.LFB438
 7180 0064 07       		.byte	0x7
 7181 0065 00000000 		.4byte	.LFB439
 7182 0069 B601     		.uleb128 .LFE439-.LFB439
ARM GAS  C:\Users\DEVELO~1\AppData\Local\Temp\ccfH0FMk.s 			page 127


 7183 006b 07       		.byte	0x7
 7184 006c 00000000 		.4byte	.LFB440
 7185 0070 58       		.uleb128 .LFE440-.LFB440
 7186 0071 07       		.byte	0x7
 7187 0072 00000000 		.4byte	.LFB441
 7188 0076 34       		.uleb128 .LFE441-.LFB441
 7189 0077 07       		.byte	0x7
 7190 0078 00000000 		.4byte	.LFB442
 7191 007c 8001     		.uleb128 .LFE442-.LFB442
 7192 007e 07       		.byte	0x7
 7193 007f 00000000 		.4byte	.LFB443
 7194 0083 9401     		.uleb128 .LFE443-.LFB443
 7195 0085 07       		.byte	0x7
 7196 0086 00000000 		.4byte	.LFB444
 7197 008a 8801     		.uleb128 .LFE444-.LFB444
 7198 008c 07       		.byte	0x7
 7199 008d 00000000 		.4byte	.LFB445
 7200 0091 1A       		.uleb128 .LFE445-.LFB445
 7201 0092 07       		.byte	0x7
 7202 0093 00000000 		.4byte	.LFB446
 7203 0097 1A       		.uleb128 .LFE446-.LFB446
 7204 0098 07       		.byte	0x7
 7205 0099 00000000 		.4byte	.LFB447
 7206 009d 0C       		.uleb128 .LFE447-.LFB447
 7207 009e 07       		.byte	0x7
 7208 009f 00000000 		.4byte	.LFB448
 7209 00a3 34       		.uleb128 .LFE448-.LFB448
 7210 00a4 07       		.byte	0x7
 7211 00a5 00000000 		.4byte	.LFB449
 7212 00a9 32       		.uleb128 .LFE449-.LFB449
 7213 00aa 07       		.byte	0x7
 7214 00ab 00000000 		.4byte	.LFB450
 7215 00af 2A       		.uleb128 .LFE450-.LFB450
 7216 00b0 07       		.byte	0x7
 7217 00b1 00000000 		.4byte	.LFB451
 7218 00b5 E803     		.uleb128 .LFE451-.LFB451
 7219 00b7 07       		.byte	0x7
 7220 00b8 00000000 		.4byte	.LFB452
 7221 00bc 58       		.uleb128 .LFE452-.LFB452
 7222 00bd 07       		.byte	0x7
 7223 00be 00000000 		.4byte	.LFB453
 7224 00c2 54       		.uleb128 .LFE453-.LFB453
 7225 00c3 07       		.byte	0x7
 7226 00c4 00000000 		.4byte	.LFB454
 7227 00c8 54       		.uleb128 .LFE454-.LFB454
 7228 00c9 07       		.byte	0x7
 7229 00ca 00000000 		.4byte	.LFB455
 7230 00ce 26       		.uleb128 .LFE455-.LFB455
 7231 00cf 07       		.byte	0x7
 7232 00d0 00000000 		.4byte	.LFB456
 7233 00d4 34       		.uleb128 .LFE456-.LFB456
 7234 00d5 07       		.byte	0x7
 7235 00d6 00000000 		.4byte	.LFB457
 7236 00da 32       		.uleb128 .LFE457-.LFB457
 7237 00db 07       		.byte	0x7
 7238 00dc 00000000 		.4byte	.LFB458
 7239 00e0 CC01     		.uleb128 .LFE458-.LFB458
ARM GAS  C:\Users\DEVELO~1\AppData\Local\Temp\ccfH0FMk.s 			page 128


 7240 00e2 00       		.byte	0
 7241              	.Ldebug_ranges3:
 7242              		.section	.debug_line,"",%progbits
 7243              	.Ldebug_line0:
 7244 0000 680B0000 		.section	.debug_str,"MS",%progbits,1
 7244      03007F03 
 7244      00000201 
 7244      FB0E0D00 
 7244      01010101 
 7245              	.LASF11:
 7246 0000 6C6F6E67 		.ascii	"long int\000"
 7246      20696E74 
 7246      00
 7247              	.LASF201:
 7248 0009 53445F53 		.ascii	"SD_SWITCH_FUNCTION_CURRENT_LIMIT\000"
 7248      57495443 
 7248      485F4655 
 7248      4E435449 
 7248      4F4E5F43 
 7249              	.LASF35:
 7250 002a 6E616D65 		.ascii	"name\000"
 7250      00
 7251              	.LASF264:
 7252 002f 636D645F 		.ascii	"cmd_set\000"
 7252      73657400 
 7253              	.LASF241:
 7254 0037 73646353 		.ascii	"sdcStart\000"
 7254      74617274 
 7254      00
 7255              	.LASF124:
 7256 0040 74687265 		.ascii	"thread_reference_t\000"
 7256      61645F72 
 7256      65666572 
 7256      656E6365 
 7256      5F7400
 7257              	.LASF168:
 7258 0053 73646366 		.ascii	"sdcflags_t\000"
 7258      6C616773 
 7258      5F7400
 7259              	.LASF32:
 7260 005e 74687265 		.ascii	"thread_t\000"
 7260      61645F74 
 7260      00
 7261              	.LASF228:
 7262 0067 73646347 		.ascii	"sdcGetInfo\000"
 7262      6574496E 
 7262      666F00
 7263              	.LASF121:
 7264 0072 63685F72 		.ascii	"ch_registry\000"
 7264      65676973 
 7264      74727900 
 7265              	.LASF170:
 7266 007e 63617061 		.ascii	"capacity\000"
 7266      63697479 
 7266      00
 7267              	.LASF58:
 7268 0087 63685F72 		.ascii	"ch_rfcu\000"
ARM GAS  C:\Users\DEVELO~1\AppData\Local\Temp\ccfH0FMk.s 			page 129


 7268      66637500 
 7269              	.LASF279:
 7270 008f 7364635F 		.ascii	"sdc_lld_init\000"
 7270      6C6C645F 
 7270      696E6974 
 7270      00
 7271              	.LASF38:
 7272 009c 666C6167 		.ascii	"flags\000"
 7272      7300
 7273              	.LASF64:
 7274 00a2 73797374 		.ascii	"systime_t\000"
 7274      696D655F 
 7274      7400
 7275              	.LASF44:
 7276 00ac 7265616C 		.ascii	"realprio\000"
 7276      7072696F 
 7276      00
 7277              	.LASF89:
 7278 00b5 62756666 		.ascii	"buffer\000"
 7278      657200
 7279              	.LASF87:
 7280 00bc 73757370 		.ascii	"suspended\000"
 7280      656E6465 
 7280      6400
 7281              	.LASF149:
 7282 00c6 424C4B5F 		.ascii	"BLK_ACTIVE\000"
 7282      41435449 
 7282      564500
 7283              	.LASF180:
 7284 00d1 53444344 		.ascii	"SDCDriverVMT\000"
 7284      72697665 
 7284      72564D54 
 7284      00
 7285              	.LASF185:
 7286 00de 64697363 		.ascii	"disconnect\000"
 7286      6F6E6E65 
 7286      637400
 7287              	.LASF42:
 7288 00e9 6570656E 		.ascii	"epending\000"
 7288      64696E67 
 7288      00
 7289              	.LASF215:
 7290 00f2 7364635F 		.ascii	"sdc_lld_read_special\000"
 7290      6C6C645F 
 7290      72656164 
 7290      5F737065 
 7290      6369616C 
 7291              	.LASF69:
 7292 0107 6E657874 		.ascii	"next\000"
 7292      00
 7293              	.LASF20:
 7294 010c 75696E74 		.ascii	"uint32_t\000"
 7294      33325F74 
 7294      00
 7295              	.LASF157:
 7296 0115 626C6B5F 		.ascii	"blk_size\000"
 7296      73697A65 
ARM GAS  C:\Users\DEVELO~1\AppData\Local\Temp\ccfH0FMk.s 			page 130


 7296      00
 7297              	.LASF52:
 7298 011e 636F7265 		.ascii	"core_id\000"
 7298      5F696400 
 7299              	.LASF166:
 7300 0126 73646362 		.ascii	"sdcbusclk_t\000"
 7300      7573636C 
 7300      6B5F7400 
 7301              	.LASF265:
 7302 0132 7364635F 		.ascii	"sdc_init\000"
 7302      696E6974 
 7302      00
 7303              	.LASF10:
 7304 013b 5F5F696E 		.ascii	"__int32_t\000"
 7304      7433325F 
 7304      7400
 7305              	.LASF209:
 7306 0145 7364635F 		.ascii	"sdc_lld_set_data_clk\000"
 7306      6C6C645F 
 7306      7365745F 
 7306      64617461 
 7306      5F636C6B 
 7307              	.LASF39:
 7308 015a 72656673 		.ascii	"refs\000"
 7308      00
 7309              	.LASF179:
 7310 015f 53444343 		.ascii	"SDCConfig\000"
 7310      6F6E6669 
 7310      6700
 7311              	.LASF167:
 7312 0169 7364636D 		.ascii	"sdcmode_t\000"
 7312      6F64655F 
 7312      7400
 7313              	.LASF262:
 7314 0173 6D6D635F 		.ascii	"mmc_cmd6_construct\000"
 7314      636D6436 
 7314      5F636F6E 
 7314      73747275 
 7314      637400
 7315              	.LASF257:
 7316 0186 7364635F 		.ascii	"sdc_cmd6_extract_info\000"
 7316      636D6436 
 7316      5F657874 
 7316      72616374 
 7316      5F696E66 
 7317              	.LASF150:
 7318 019c 424C4B5F 		.ascii	"BLK_CONNECTING\000"
 7318      434F4E4E 
 7318      45435449 
 7318      4E4700
 7319              	.LASF79:
 7320 01ab 77746F62 		.ascii	"wtobjp\000"
 7320      6A7000
 7321              	.LASF140:
 7322 01b2 6D61696E 		.ascii	"mainthread_base\000"
 7322      74687265 
 7322      61645F62 
ARM GAS  C:\Users\DEVELO~1\AppData\Local\Temp\ccfH0FMk.s 			page 131


 7322      61736500 
 7323              	.LASF50:
 7324 01c2 76746C69 		.ascii	"vtlist\000"
 7324      737400
 7325              	.LASF115:
 7326 01c9 706F7274 		.ascii	"port_context\000"
 7326      5F636F6E 
 7326      74657874 
 7326      00
 7327              	.LASF136:
 7328 01d6 63685F72 		.ascii	"ch_ready_list\000"
 7328      65616479 
 7328      5F6C6973 
 7328      7400
 7329              	.LASF205:
 7330 01e4 7364635F 		.ascii	"sdc_lld_read\000"
 7330      6C6C645F 
 7330      72656164 
 7330      00
 7331              	.LASF119:
 7332 01f1 6C617374 		.ascii	"laststamp\000"
 7332      7374616D 
 7332      7000
 7333              	.LASF112:
 7334 01fb 49505652 		.ascii	"IPVR\000"
 7334      00
 7335              	.LASF133:
 7336 0200 65776D61 		.ascii	"ewmask\000"
 7336      736B00
 7337              	.LASF260:
 7338 0207 6D6F6465 		.ascii	"mode\000"
 7338      00
 7339              	.LASF72:
 7340 020c 70726576 		.ascii	"prev\000"
 7340      00
 7341              	.LASF68:
 7342 0211 63685F6C 		.ascii	"ch_list\000"
 7342      69737400 
 7343              	.LASF147:
 7344 0219 424C4B5F 		.ascii	"BLK_UNINIT\000"
 7344      554E494E 
 7344      495400
 7345              	.LASF61:
 7346 0224 63685F73 		.ascii	"ch_system_debug\000"
 7346      79737465 
 7346      6D5F6465 
 7346      62756700 
 7347              	.LASF256:
 7348 0234 66756E63 		.ascii	"function\000"
 7348      74696F6E 
 7348      00
 7349              	.LASF278:
 7350 023d 433A5C50 		.ascii	"C:\\PROJET\\ChibiOS project\\ChibiOS_21.11.4\\demos"
 7350      524F4A45 
 7350      545C4368 
 7350      6962694F 
 7350      53207072 
ARM GAS  C:\Users\DEVELO~1\AppData\Local\Temp\ccfH0FMk.s 			page 132


 7351 026c 5C53544D 		.ascii	"\\STM32\\RT-STM32H743ZI_REV_XY-NUCLEO144\000"
 7351      33325C52 
 7351      542D5354 
 7351      4D333248 
 7351      3734335A 
 7352              	.LASF125:
 7353 0293 6C697374 		.ascii	"list\000"
 7353      00
 7354              	.LASF191:
 7355 0298 4D4D435F 		.ascii	"MMC_SWITCH_SET_BITS\000"
 7355      53574954 
 7355      43485F53 
 7355      45545F42 
 7355      49545300 
 7356              	.LASF251:
 7357 02ac 7364635F 		.ascii	"sdc_set_bus_width\000"
 7357      7365745F 
 7357      6275735F 
 7357      77696474 
 7357      6800
 7358              	.LASF250:
 7359 02be 636D6461 		.ascii	"cmdarg\000"
 7359      726700
 7360              	.LASF77:
 7361 02c5 63685F64 		.ascii	"ch_delta_list\000"
 7361      656C7461 
 7361      5F6C6973 
 7361      7400
 7362              	.LASF223:
 7363 02d3 73646370 		.ascii	"sdcp\000"
 7363      00
 7364              	.LASF130:
 7365 02d8 73656E74 		.ascii	"sentmsg\000"
 7365      6D736700 
 7366              	.LASF29:
 7367 02e0 6576656E 		.ascii	"eventmask_t\000"
 7367      746D6173 
 7367      6B5F7400 
 7368              	.LASF86:
 7369 02ec 74726163 		.ascii	"trace_event_t\000"
 7369      655F6576 
 7369      656E745F 
 7369      7400
 7370              	.LASF178:
 7371 02fa 736C6F77 		.ascii	"slowdown\000"
 7371      646F776E 
 7371      00
 7372              	.LASF134:
 7373 0303 63685F73 		.ascii	"ch_semaphore\000"
 7373      656D6170 
 7373      686F7265 
 7373      00
 7374              	.LASF27:
 7375 0310 74707269 		.ascii	"tprio_t\000"
 7375      6F5F7400 
 7376              	.LASF195:
 7377 0318 53445F53 		.ascii	"SD_SWITCH_CHECK\000"
ARM GAS  C:\Users\DEVELO~1\AppData\Local\Temp\ccfH0FMk.s 			page 133


 7377      57495443 
 7377      485F4348 
 7377      45434B00 
 7378              	.LASF85:
 7379 0328 74696D65 		.ascii	"time\000"
 7379      00
 7380              	.LASF144:
 7381 032d 6F735F69 		.ascii	"os_instance_config_t\000"
 7381      6E737461 
 7381      6E63655F 
 7381      636F6E66 
 7381      69675F74 
 7382              	.LASF243:
 7383 0342 7364634F 		.ascii	"sdcObjectInit\000"
 7383      626A6563 
 7383      74496E69 
 7383      7400
 7384              	.LASF105:
 7385 0350 49444D41 		.ascii	"IDMACTRL\000"
 7385      4354524C 
 7385      00
 7386              	.LASF232:
 7387 0359 72657375 		.ascii	"result\000"
 7387      6C7400
 7388              	.LASF81:
 7389 0360 68616C74 		.ascii	"halt\000"
 7389      00
 7390              	.LASF219:
 7391 0365 7364635F 		.ascii	"sdc_lld_send_cmd_none\000"
 7391      6C6C645F 
 7391      73656E64 
 7391      5F636D64 
 7391      5F6E6F6E 
 7392              	.LASF15:
 7393 037b 6C6F6E67 		.ascii	"long long unsigned int\000"
 7393      206C6F6E 
 7393      6720756E 
 7393      7369676E 
 7393      65642069 
 7394              	.LASF171:
 7395 0392 63617264 		.ascii	"cardmode\000"
 7395      6D6F6465 
 7395      00
 7396              	.LASF80:
 7397 039b 72656173 		.ascii	"reason\000"
 7397      6F6E00
 7398              	.LASF56:
 7399 03a2 74726163 		.ascii	"trace_buffer\000"
 7399      655F6275 
 7399      66666572 
 7399      00
 7400              	.LASF172:
 7401 03af 6572726F 		.ascii	"errors\000"
 7401      727300
 7402              	.LASF126:
 7403 03b6 70717565 		.ascii	"pqueue\000"
 7403      756500
ARM GAS  C:\Users\DEVELO~1\AppData\Local\Temp\ccfH0FMk.s 			page 134


 7404              	.LASF8:
 7405 03bd 5F5F7569 		.ascii	"__uint16_t\000"
 7405      6E743136 
 7405      5F7400
 7406              	.LASF194:
 7407 03c8 6D6D635F 		.ascii	"mmc_switch_t\000"
 7407      73776974 
 7407      63685F74 
 7407      00
 7408              	.LASF272:
 7409 03d5 63685379 		.ascii	"chSysUnlock\000"
 7409      73556E6C 
 7409      6F636B00 
 7410              	.LASF269:
 7411 03e1 6F73616C 		.ascii	"osalSysUnlock\000"
 7411      53797355 
 7411      6E6C6F63 
 7411      6B00
 7412              	.LASF34:
 7413 03ef 6F776E65 		.ascii	"owner\000"
 7413      7200
 7414              	.LASF141:
 7415 03f5 6D61696E 		.ascii	"mainthread_end\000"
 7415      74687265 
 7415      61645F65 
 7415      6E6400
 7416              	.LASF102:
 7417 0404 4D41534B 		.ascii	"MASK\000"
 7417      00
 7418              	.LASF261:
 7419 0409 76616C75 		.ascii	"value\000"
 7419      6500
 7420              	.LASF43:
 7421 040f 6D74786C 		.ascii	"mtxlist\000"
 7421      69737400 
 7422              	.LASF116:
 7423 0417 63685F76 		.ascii	"ch_virtual_timers_list\000"
 7423      69727475 
 7423      616C5F74 
 7423      696D6572 
 7423      735F6C69 
 7424              	.LASF53:
 7425 042e 72666375 		.ascii	"rfcu\000"
 7425      00
 7426              	.LASF214:
 7427 0433 7364635F 		.ascii	"sdc_lld_set_bus_mode\000"
 7427      6C6C645F 
 7427      7365745F 
 7427      6275735F 
 7427      6D6F6465 
 7428              	.LASF282:
 7429 0448 62617365 		.ascii	"basePri\000"
 7429      50726900 
 7430              	.LASF211:
 7431 0450 7364635F 		.ascii	"sdc_lld_start_clk\000"
 7431      6C6C645F 
 7431      73746172 
ARM GAS  C:\Users\DEVELO~1\AppData\Local\Temp\ccfH0FMk.s 			page 135


 7431      745F636C 
 7431      6B00
 7432              	.LASF82:
 7433 0462 75736572 		.ascii	"user\000"
 7433      00
 7434              	.LASF206:
 7435 0467 5F6D6D63 		.ascii	"_mmcsd_get_capacity\000"
 7435      73645F67 
 7435      65745F63 
 7435      61706163 
 7435      69747900 
 7436              	.LASF4:
 7437 047b 73697A65 		.ascii	"size_t\000"
 7437      5F7400
 7438              	.LASF127:
 7439 0482 7264796D 		.ascii	"rdymsg\000"
 7439      736700
 7440              	.LASF276:
 7441 0489 474E5520 		.ascii	"GNU C17 11.3.1 20220712 -mcpu=cortex-m7 -mthumb -mf"
 7441      43313720 
 7441      31312E33 
 7441      2E312032 
 7441      30323230 
 7442 04bc 6C6F6174 		.ascii	"loat-abi=soft -march=armv7e-m -ggdb -O0 -ffunction-"
 7442      2D616269 
 7442      3D736F66 
 7442      74202D6D 
 7442      61726368 
 7443 04ef 73656374 		.ascii	"sections -fdata-sections -fno-common\000"
 7443      696F6E73 
 7443      202D6664 
 7443      6174612D 
 7443      73656374 
 7444              	.LASF73:
 7445 0514 63685F70 		.ascii	"ch_priority_queue_t\000"
 7445      72696F72 
 7445      6974795F 
 7445      71756575 
 7445      655F7400 
 7446              	.LASF213:
 7447 0528 7364635F 		.ascii	"sdc_lld_start\000"
 7447      6C6C645F 
 7447      73746172 
 7447      7400
 7448              	.LASF233:
 7449 0536 73646347 		.ascii	"sdcGetAndClearErrors\000"
 7449      6574416E 
 7449      64436C65 
 7449      61724572 
 7449      726F7273 
 7450              	.LASF242:
 7451 054b 73646353 		.ascii	"sdcStop\000"
 7451      746F7000 
 7452              	.LASF146:
 7453 0553 5F426F6F 		.ascii	"_Bool\000"
 7453      6C00
 7454              	.LASF237:
ARM GAS  C:\Users\DEVELO~1\AppData\Local\Temp\ccfH0FMk.s 			page 136


 7455 0559 73646344 		.ascii	"sdcDisconnect\000"
 7455      6973636F 
 7455      6E6E6563 
 7455      7400
 7456              	.LASF159:
 7457 0567 426C6F63 		.ascii	"BlockDeviceInfo\000"
 7457      6B446576 
 7457      69636549 
 7457      6E666F00 
 7458              	.LASF189:
 7459 0577 6765745F 		.ascii	"get_info\000"
 7459      696E666F 
 7459      00
 7460              	.LASF135:
 7461 0580 63685F6D 		.ascii	"ch_mutex\000"
 7461      75746578 
 7461      00
 7462              	.LASF202:
 7463 0589 73645F73 		.ascii	"sd_switch_function_t\000"
 7463      77697463 
 7463      685F6675 
 7463      6E637469 
 7463      6F6E5F74 
 7464              	.LASF48:
 7465 059e 63685F6F 		.ascii	"ch_os_instance\000"
 7465      735F696E 
 7465      7374616E 
 7465      636500
 7466              	.LASF273:
 7467 05ad 63685379 		.ascii	"chSysLock\000"
 7467      734C6F63 
 7467      6B00
 7468              	.LASF143:
 7469 05b7 69646C65 		.ascii	"idlethread_end\000"
 7469      74687265 
 7469      61645F65 
 7469      6E6400
 7470              	.LASF75:
 7471 05c6 7072696F 		.ascii	"prio\000"
 7471      00
 7472              	.LASF151:
 7473 05cb 424C4B5F 		.ascii	"BLK_DISCONNECTING\000"
 7473      44495343 
 7473      4F4E4E45 
 7473      4354494E 
 7473      4700
 7474              	.LASF94:
 7475 05dd 52455350 		.ascii	"RESP1\000"
 7475      3100
 7476              	.LASF95:
 7477 05e3 52455350 		.ascii	"RESP2\000"
 7477      3200
 7478              	.LASF96:
 7479 05e9 52455350 		.ascii	"RESP3\000"
 7479      3300
 7480              	.LASF97:
 7481 05ef 52455350 		.ascii	"RESP4\000"
ARM GAS  C:\Users\DEVELO~1\AppData\Local\Temp\ccfH0FMk.s 			page 137


 7481      3400
 7482              	.LASF16:
 7483 05f5 63686172 		.ascii	"char\000"
 7483      00
 7484              	.LASF76:
 7485 05fa 63685F64 		.ascii	"ch_delta_list_t\000"
 7485      656C7461 
 7485      5F6C6973 
 7485      745F7400 
 7486              	.LASF57:
 7487 060a 72666375 		.ascii	"rfcu_mask_t\000"
 7487      5F6D6173 
 7487      6B5F7400 
 7488              	.LASF66:
 7489 0616 74696D65 		.ascii	"time_conv_t\000"
 7489      5F636F6E 
 7489      765F7400 
 7490              	.LASF36:
 7491 0622 77616261 		.ascii	"wabase\000"
 7491      736500
 7492              	.LASF25:
 7493 0629 74737461 		.ascii	"tstate_t\000"
 7493      74655F74 
 7493      00
 7494              	.LASF33:
 7495 0632 72717565 		.ascii	"rqueue\000"
 7495      756500
 7496              	.LASF158:
 7497 0639 626C6B5F 		.ascii	"blk_num\000"
 7497      6E756D00 
 7498              	.LASF200:
 7499 0641 53445F53 		.ascii	"SD_SWITCH_FUNCTION_DRIVER_STRENGTH\000"
 7499      57495443 
 7499      485F4655 
 7499      4E435449 
 7499      4F4E5F44 
 7500              	.LASF14:
 7501 0664 5F5F7569 		.ascii	"__uint64_t\000"
 7501      6E743634 
 7501      5F7400
 7502              	.LASF0:
 7503 066f 756E7369 		.ascii	"unsigned int\000"
 7503      676E6564 
 7503      20696E74 
 7503      00
 7504              	.LASF280:
 7505 067c 73646349 		.ascii	"sdcInit\000"
 7505      6E697400 
 7506              	.LASF17:
 7507 0684 75696E74 		.ascii	"uint8_t\000"
 7507      385F7400 
 7508              	.LASF235:
 7509 068c 73746174 		.ascii	"status\000"
 7509      757300
 7510              	.LASF41:
 7511 0693 6D736771 		.ascii	"msgqueue\000"
 7511      75657565 
ARM GAS  C:\Users\DEVELO~1\AppData\Local\Temp\ccfH0FMk.s 			page 138


 7511      00
 7512              	.LASF226:
 7513 069c 7364635F 		.ascii	"sdc_vmt\000"
 7513      766D7400 
 7514              	.LASF47:
 7515 06a4 63685F74 		.ascii	"ch_thread\000"
 7515      68726561 
 7515      6400
 7516              	.LASF193:
 7517 06ae 4D4D435F 		.ascii	"MMC_SWITCH_WRITE_BYTE\000"
 7517      53574954 
 7517      43485F57 
 7517      52495445 
 7517      5F425954 
 7518              	.LASF152:
 7519 06c4 424C4B5F 		.ascii	"BLK_READY\000"
 7519      52454144 
 7519      5900
 7520              	.LASF63:
 7521 06ce 73797374 		.ascii	"system_debug_t\000"
 7521      656D5F64 
 7521      65627567 
 7521      5F7400
 7522              	.LASF169:
 7523 06dd 53444344 		.ascii	"SDCDriver\000"
 7523      72697665 
 7523      7200
 7524              	.LASF210:
 7525 06e7 7364635F 		.ascii	"sdc_lld_send_cmd_long_crc\000"
 7525      6C6C645F 
 7525      73656E64 
 7525      5F636D64 
 7525      5F6C6F6E 
 7526              	.LASF207:
 7527 0701 5F6D6D63 		.ascii	"_mmcsd_get_capacity_ext\000"
 7527      73645F67 
 7527      65745F63 
 7527      61706163 
 7527      6974795F 
 7528              	.LASF203:
 7529 0719 7364635F 		.ascii	"sdc_lld_sync\000"
 7529      6C6C645F 
 7529      73796E63 
 7529      00
 7530              	.LASF1:
 7531 0726 6C6F6E67 		.ascii	"long long int\000"
 7531      206C6F6E 
 7531      6720696E 
 7531      7400
 7532              	.LASF156:
 7533 0734 626C6B73 		.ascii	"blkstate_t\000"
 7533      74617465 
 7533      5F7400
 7534              	.LASF187:
 7535 073f 77726974 		.ascii	"write\000"
 7535      6500
 7536              	.LASF267:
ARM GAS  C:\Users\DEVELO~1\AppData\Local\Temp\ccfH0FMk.s 			page 139


 7537 0745 6D6F6465 		.ascii	"mode_detect\000"
 7537      5F646574 
 7537      65637400 
 7538              	.LASF28:
 7539 0751 6D73675F 		.ascii	"msg_t\000"
 7539      7400
 7540              	.LASF238:
 7541 0757 73646343 		.ascii	"sdcConnect\000"
 7541      6F6E6E65 
 7541      637400
 7542              	.LASF236:
 7543 0762 73646352 		.ascii	"sdcRead\000"
 7543      65616400 
 7544              	.LASF123:
 7545 076a 72656769 		.ascii	"registry_t\000"
 7545      73747279 
 7545      5F7400
 7546              	.LASF192:
 7547 0775 4D4D435F 		.ascii	"MMC_SWITCH_CLEAR_BITS\000"
 7547      53574954 
 7547      43485F43 
 7547      4C454152 
 7547      5F424954 
 7548              	.LASF181:
 7549 078b 696E7374 		.ascii	"instance_offset\000"
 7549      616E6365 
 7549      5F6F6666 
 7549      73657400 
 7550              	.LASF148:
 7551 079b 424C4B5F 		.ascii	"BLK_STOP\000"
 7551      53544F50 
 7551      00
 7552              	.LASF88:
 7553 07a4 73697A65 		.ascii	"size\000"
 7553      00
 7554              	.LASF182:
 7555 07a9 69735F69 		.ascii	"is_inserted\000"
 7555      6E736572 
 7555      74656400 
 7556              	.LASF59:
 7557 07b5 6D61736B 		.ascii	"mask\000"
 7557      00
 7558              	.LASF110:
 7559 07ba 4649464F 		.ascii	"FIFO\000"
 7559      00
 7560              	.LASF271:
 7561 07bf 6F73616C 		.ascii	"osalThreadSleep\000"
 7561      54687265 
 7561      6164536C 
 7561      65657000 
 7562              	.LASF254:
 7563 07cf 7364635F 		.ascii	"sdc_detect_bus_clk\000"
 7563      64657465 
 7563      63745F62 
 7563      75735F63 
 7563      6C6B00
 7564              	.LASF175:
ARM GAS  C:\Users\DEVELO~1\AppData\Local\Temp\ccfH0FMk.s 			page 140


 7565 07e2 636C6B66 		.ascii	"clkfreq\000"
 7565      72657100 
 7566              	.LASF212:
 7567 07ea 7364635F 		.ascii	"sdc_lld_stop\000"
 7567      6C6C645F 
 7567      73746F70 
 7567      00
 7568              	.LASF65:
 7569 07f7 73797369 		.ascii	"sysinterval_t\000"
 7569      6E746572 
 7569      76616C5F 
 7569      7400
 7570              	.LASF70:
 7571 0805 63685F71 		.ascii	"ch_queue_t\000"
 7571      75657565 
 7571      5F7400
 7572              	.LASF263:
 7573 0810 61636365 		.ascii	"access\000"
 7573      737300
 7574              	.LASF252:
 7575 0817 64657465 		.ascii	"detect_bus_clk\000"
 7575      63745F62 
 7575      75735F63 
 7575      6C6B00
 7576              	.LASF255:
 7577 0826 7364635F 		.ascii	"sdc_cmd6_check_status\000"
 7577      636D6436 
 7577      5F636865 
 7577      636B5F73 
 7577      74617475 
 7578              	.LASF90:
 7579 083c 74726163 		.ascii	"trace_buffer_t\000"
 7579      655F6275 
 7579      66666572 
 7579      5F7400
 7580              	.LASF24:
 7581 084b 746D6F64 		.ascii	"tmode_t\000"
 7581      655F7400 
 7582              	.LASF161:
 7583 0853 5344435F 		.ascii	"SDC_MODE_4BIT\000"
 7583      4D4F4445 
 7583      5F344249 
 7583      5400
 7584              	.LASF190:
 7585 0861 4D4D435F 		.ascii	"MMC_SWITCH_COMMAND_SET\000"
 7585      53574954 
 7585      43485F43 
 7585      4F4D4D41 
 7585      4E445F53 
 7586              	.LASF244:
 7587 0878 5F736463 		.ascii	"_sdc_wait_for_transfer_state_nocrc\000"
 7587      5F776169 
 7587      745F666F 
 7587      725F7472 
 7587      616E7366 
 7588              	.LASF2:
 7589 089b 6C6F6E67 		.ascii	"long double\000"
ARM GAS  C:\Users\DEVELO~1\AppData\Local\Temp\ccfH0FMk.s 			page 141


 7589      20646F75 
 7589      626C6500 
 7590              	.LASF216:
 7591 08a7 5F6D6D63 		.ascii	"_mmcsd_get_slice\000"
 7591      73645F67 
 7591      65745F73 
 7591      6C696365 
 7591      00
 7592              	.LASF18:
 7593 08b8 75696E74 		.ascii	"uint16_t\000"
 7593      31365F74 
 7593      00
 7594              	.LASF67:
 7595 08c1 63685F6C 		.ascii	"ch_list_t\000"
 7595      6973745F 
 7595      7400
 7596              	.LASF218:
 7597 08cb 7364635F 		.ascii	"sdc_lld_send_cmd_short\000"
 7597      6C6C645F 
 7597      73656E64 
 7597      5F636D64 
 7597      5F73686F 
 7598              	.LASF54:
 7599 08e2 636F6E66 		.ascii	"config\000"
 7599      696700
 7600              	.LASF196:
 7601 08e9 53445F53 		.ascii	"SD_SWITCH_SET\000"
 7601      57495443 
 7601      485F5345 
 7601      5400
 7602              	.LASF155:
 7603 08f7 424C4B5F 		.ascii	"BLK_SYNCING\000"
 7603      53594E43 
 7603      494E4700 
 7604              	.LASF104:
 7605 0903 52455345 		.ascii	"RESERVED0\000"
 7605      52564544 
 7605      3000
 7606              	.LASF109:
 7607 090d 52455345 		.ascii	"RESERVED1\000"
 7607      52564544 
 7607      3100
 7608              	.LASF111:
 7609 0917 52455345 		.ascii	"RESERVED2\000"
 7609      52564544 
 7609      3200
 7610              	.LASF198:
 7611 0921 53445F53 		.ascii	"SD_SWITCH_FUNCTION_SPEED\000"
 7611      57495443 
 7611      485F4655 
 7611      4E435449 
 7611      4F4E5F53 
 7612              	.LASF7:
 7613 093a 73686F72 		.ascii	"short int\000"
 7613      7420696E 
 7613      7400
 7614              	.LASF184:
ARM GAS  C:\Users\DEVELO~1\AppData\Local\Temp\ccfH0FMk.s 			page 142


 7615 0944 636F6E6E 		.ascii	"connect\000"
 7615      65637400 
 7616              	.LASF245:
 7617 094c 5F736463 		.ascii	"_sdc_wait_for_transfer_state\000"
 7617      5F776169 
 7617      745F666F 
 7617      725F7472 
 7617      616E7366 
 7618              	.LASF92:
 7619 0969 434C4B43 		.ascii	"CLKCR\000"
 7619      5200
 7620              	.LASF114:
 7621 096f 706F7274 		.ascii	"port_intctx\000"
 7621      5F696E74 
 7621      63747800 
 7622              	.LASF98:
 7623 097b 4454494D 		.ascii	"DTIMER\000"
 7623      455200
 7624              	.LASF268:
 7625 0982 64656C61 		.ascii	"delay\000"
 7625      7900
 7626              	.LASF103:
 7627 0988 41434B54 		.ascii	"ACKTIME\000"
 7627      494D4500 
 7628              	.LASF22:
 7629 0990 706F7274 		.ascii	"port_stkalign_t\000"
 7629      5F73746B 
 7629      616C6967 
 7629      6E5F7400 
 7630              	.LASF246:
 7631 09a0 6372635F 		.ascii	"crc_check\000"
 7631      63686563 
 7631      6B00
 7632              	.LASF281:
 7633 09aa 5F5F7365 		.ascii	"__set_BASEPRI\000"
 7633      745F4241 
 7633      53455052 
 7633      4900
 7634              	.LASF139:
 7635 09b8 63685F6F 		.ascii	"ch_os_instance_config\000"
 7635      735F696E 
 7635      7374616E 
 7635      63655F63 
 7635      6F6E6669 
 7636              	.LASF117:
 7637 09ce 646C6973 		.ascii	"dlist\000"
 7637      7400
 7638              	.LASF118:
 7639 09d4 6C617374 		.ascii	"lasttime\000"
 7639      74696D65 
 7639      00
 7640              	.LASF277:
 7641 09dd 2E2E2F2E 		.ascii	"../../../os/hal/src/hal_sdc.c\000"
 7641      2E2F2E2E 
 7641      2F6F732F 
 7641      68616C2F 
 7641      7372632F 
ARM GAS  C:\Users\DEVELO~1\AppData\Local\Temp\ccfH0FMk.s 			page 143


 7642              	.LASF21:
 7643 09fb 75696E74 		.ascii	"uint64_t\000"
 7643      36345F74 
 7643      00
 7644              	.LASF153:
 7645 0a04 424C4B5F 		.ascii	"BLK_READING\000"
 7645      52454144 
 7645      494E4700 
 7646              	.LASF99:
 7647 0a10 444C454E 		.ascii	"DLEN\000"
 7647      00
 7648              	.LASF49:
 7649 0a15 726C6973 		.ascii	"rlist\000"
 7649      7400
 7650              	.LASF100:
 7651 0a1b 44435452 		.ascii	"DCTRL\000"
 7651      4C00
 7652              	.LASF240:
 7653 0a21 6578745F 		.ascii	"ext_csd\000"
 7653      63736400 
 7654              	.LASF259:
 7655 0a29 7364635F 		.ascii	"sdc_cmd6_construct\000"
 7655      636D6436 
 7655      5F636F6E 
 7655      73747275 
 7655      637400
 7656              	.LASF5:
 7657 0a3c 5F5F7569 		.ascii	"__uint8_t\000"
 7657      6E74385F 
 7657      7400
 7658              	.LASF199:
 7659 0a46 53445F53 		.ascii	"SD_SWITCH_FUNCTION_CMD_SYSTEM\000"
 7659      57495443 
 7659      485F4655 
 7659      4E435449 
 7659      4F4E5F43 
 7660              	.LASF186:
 7661 0a64 72656164 		.ascii	"read\000"
 7661      00
 7662              	.LASF258:
 7663 0a69 73746172 		.ascii	"start\000"
 7663      7400
 7664              	.LASF208:
 7665 0a6f 7364635F 		.ascii	"sdc_lld_stop_clk\000"
 7665      6C6C645F 
 7665      73746F70 
 7665      5F636C6B 
 7665      00
 7666              	.LASF163:
 7667 0a80 73646362 		.ascii	"sdcbusmode_t\000"
 7667      75736D6F 
 7667      64655F74 
 7667      00
 7668              	.LASF204:
 7669 0a8d 7364635F 		.ascii	"sdc_lld_write\000"
 7669      6C6C645F 
 7669      77726974 
ARM GAS  C:\Users\DEVELO~1\AppData\Local\Temp\ccfH0FMk.s 			page 144


 7669      6500
 7670              	.LASF234:
 7671 0a9b 73646357 		.ascii	"sdcWrite\000"
 7671      72697465 
 7671      00
 7672              	.LASF91:
 7673 0aa4 504F5745 		.ascii	"POWER\000"
 7673      5200
 7674              	.LASF229:
 7675 0aaa 62646970 		.ascii	"bdip\000"
 7675      00
 7676              	.LASF106:
 7677 0aaf 49444D41 		.ascii	"IDMABSIZE\000"
 7677      4253495A 
 7677      4500
 7678              	.LASF26:
 7679 0ab9 74726566 		.ascii	"trefs_t\000"
 7679      735F7400 
 7680              	.LASF13:
 7681 0ac1 6C6F6E67 		.ascii	"long unsigned int\000"
 7681      20756E73 
 7681      69676E65 
 7681      6420696E 
 7681      7400
 7682              	.LASF177:
 7683 0ad3 6275735F 		.ascii	"bus_width\000"
 7683      77696474 
 7683      6800
 7684              	.LASF138:
 7685 0add 72656164 		.ascii	"ready_list_t\000"
 7685      795F6C69 
 7685      73745F74 
 7685      00
 7686              	.LASF84:
 7687 0aea 72747374 		.ascii	"rtstamp\000"
 7687      616D7000 
 7688              	.LASF122:
 7689 0af2 71756575 		.ascii	"queue\000"
 7689      6500
 7690              	.LASF270:
 7691 0af8 6F73616C 		.ascii	"osalSysLock\000"
 7691      5379734C 
 7691      6F636B00 
 7692              	.LASF188:
 7693 0b04 73796E63 		.ascii	"sync\000"
 7693      00
 7694              	.LASF19:
 7695 0b09 696E7433 		.ascii	"int32_t\000"
 7695      325F7400 
 7696              	.LASF227:
 7697 0b11 73646345 		.ascii	"sdcErase\000"
 7697      72617365 
 7697      00
 7698              	.LASF249:
 7699 0b1a 6D6D635F 		.ascii	"mmc_set_bus_width\000"
 7699      7365745F 
 7699      6275735F 
ARM GAS  C:\Users\DEVELO~1\AppData\Local\Temp\ccfH0FMk.s 			page 145


 7699      77696474 
 7699      6800
 7700              	.LASF60:
 7701 0b2c 72666375 		.ascii	"rfcu_t\000"
 7701      5F7400
 7702              	.LASF173:
 7703 0b33 74687265 		.ascii	"thread\000"
 7703      616400
 7704              	.LASF131:
 7705 0b3a 77747365 		.ascii	"wtsemp\000"
 7705      6D7000
 7706              	.LASF74:
 7707 0b41 63685F70 		.ascii	"ch_priority_queue\000"
 7707      72696F72 
 7707      6974795F 
 7707      71756575 
 7707      6500
 7708              	.LASF71:
 7709 0b53 63685F71 		.ascii	"ch_queue\000"
 7709      75657565 
 7709      00
 7710              	.LASF145:
 7711 0b5c 6D757465 		.ascii	"mutex_t\000"
 7711      785F7400 
 7712              	.LASF83:
 7713 0b64 74797065 		.ascii	"type\000"
 7713      00
 7714              	.LASF6:
 7715 0b69 756E7369 		.ascii	"unsigned char\000"
 7715      676E6564 
 7715      20636861 
 7715      7200
 7716              	.LASF12:
 7717 0b77 5F5F7569 		.ascii	"__uint32_t\000"
 7717      6E743332 
 7717      5F7400
 7718              	.LASF40:
 7719 0b82 77616974 		.ascii	"waiting\000"
 7719      696E6700 
 7720              	.LASF120:
 7721 0b8a 76697274 		.ascii	"virtual_timers_list_t\000"
 7721      75616C5F 
 7721      74696D65 
 7721      72735F6C 
 7721      6973745F 
 7722              	.LASF224:
 7723 0ba0 73746172 		.ascii	"startblk\000"
 7723      74626C6B 
 7723      00
 7724              	.LASF101:
 7725 0ba9 44434F55 		.ascii	"DCOUNT\000"
 7725      4E5400
 7726              	.LASF62:
 7727 0bb0 70616E69 		.ascii	"panic_msg\000"
 7727      635F6D73 
 7727      6700
 7728              	.LASF239:
ARM GAS  C:\Users\DEVELO~1\AppData\Local\Temp\ccfH0FMk.s 			page 146


 7729 0bba 6661696C 		.ascii	"failed\000"
 7729      656400
 7730              	.LASF217:
 7731 0bc1 63685468 		.ascii	"chThdSleep\000"
 7731      64536C65 
 7731      657000
 7732              	.LASF197:
 7733 0bcc 73645F73 		.ascii	"sd_switch_t\000"
 7733      77697463 
 7733      685F7400 
 7734              	.LASF154:
 7735 0bd8 424C4B5F 		.ascii	"BLK_WRITING\000"
 7735      57524954 
 7735      494E4700 
 7736              	.LASF55:
 7737 0be4 6D61696E 		.ascii	"mainthread\000"
 7737      74687265 
 7737      616400
 7738              	.LASF37:
 7739 0bef 73746174 		.ascii	"state\000"
 7739      6500
 7740              	.LASF93:
 7741 0bf5 52455350 		.ascii	"RESPCMD\000"
 7741      434D4400 
 7742              	.LASF46:
 7743 0bfd 6F735F69 		.ascii	"os_instance_t\000"
 7743      6E737461 
 7743      6E63655F 
 7743      7400
 7744              	.LASF160:
 7745 0c0b 5344435F 		.ascii	"SDC_MODE_1BIT\000"
 7745      4D4F4445 
 7745      5F314249 
 7745      5400
 7746              	.LASF266:
 7747 0c19 6D6D635F 		.ascii	"mmc_init\000"
 7747      696E6974 
 7747      00
 7748              	.LASF51:
 7749 0c22 7265676C 		.ascii	"reglist\000"
 7749      69737400 
 7750              	.LASF30:
 7751 0c2a 636E745F 		.ascii	"cnt_t\000"
 7751      7400
 7752              	.LASF231:
 7753 0c30 73646353 		.ascii	"sdcSync\000"
 7753      796E6300 
 7754              	.LASF220:
 7755 0c38 7364635F 		.ascii	"sdc_lld_send_cmd_short_crc\000"
 7755      6C6C645F 
 7755      73656E64 
 7755      5F636D64 
 7755      5F73686F 
 7756              	.LASF142:
 7757 0c53 69646C65 		.ascii	"idlethread_base\000"
 7757      74687265 
 7757      61645F62 
ARM GAS  C:\Users\DEVELO~1\AppData\Local\Temp\ccfH0FMk.s 			page 147


 7757      61736500 
 7758              	.LASF3:
 7759 0c63 7369676E 		.ascii	"signed char\000"
 7759      65642063 
 7759      68617200 
 7760              	.LASF78:
 7761 0c6f 64656C74 		.ascii	"delta\000"
 7761      6100
 7762              	.LASF9:
 7763 0c75 73686F72 		.ascii	"short unsigned int\000"
 7763      7420756E 
 7763      7369676E 
 7763      65642069 
 7763      6E7400
 7764              	.LASF222:
 7765 0c88 7364635F 		.ascii	"sdc_lld_is_card_inserted\000"
 7765      6C6C645F 
 7765      69735F63 
 7765      6172645F 
 7765      696E7365 
 7766              	.LASF23:
 7767 0ca1 73746B61 		.ascii	"stkalign_t\000"
 7767      6C69676E 
 7767      5F7400
 7768              	.LASF162:
 7769 0cac 5344435F 		.ascii	"SDC_MODE_8BIT\000"
 7769      4D4F4445 
 7769      5F384249 
 7769      5400
 7770              	.LASF164:
 7771 0cba 5344435F 		.ascii	"SDC_CLK_25MHz\000"
 7771      434C4B5F 
 7771      32354D48 
 7771      7A00
 7772              	.LASF113:
 7773 0cc8 53444D4D 		.ascii	"SDMMC_TypeDef\000"
 7773      435F5479 
 7773      70654465 
 7773      6600
 7774              	.LASF137:
 7775 0cd6 63757272 		.ascii	"current\000"
 7775      656E7400 
 7776              	.LASF230:
 7777 0cde 5F5F6675 		.ascii	"__func__\000"
 7777      6E635F5F 
 7777      00
 7778              	.LASF221:
 7779 0ce7 7364635F 		.ascii	"sdc_lld_is_write_protected\000"
 7779      6C6C645F 
 7779      69735F77 
 7779      72697465 
 7779      5F70726F 
 7780              	.LASF174:
 7781 0d02 73646D6D 		.ascii	"sdmmc\000"
 7781      6300
 7782              	.LASF225:
 7783 0d08 656E6462 		.ascii	"endblk\000"
ARM GAS  C:\Users\DEVELO~1\AppData\Local\Temp\ccfH0FMk.s 			page 148


 7783      6C6B00
 7784              	.LASF274:
 7785 0d0f 706F7274 		.ascii	"port_unlock\000"
 7785      5F756E6C 
 7785      6F636B00 
 7786              	.LASF183:
 7787 0d1b 69735F70 		.ascii	"is_protected\000"
 7787      726F7465 
 7787      63746564 
 7787      00
 7788              	.LASF176:
 7789 0d28 72657370 		.ascii	"resp\000"
 7789      00
 7790              	.LASF253:
 7791 0d2d 6D6D635F 		.ascii	"mmc_detect_bus_clk\000"
 7791      64657465 
 7791      63745F62 
 7791      75735F63 
 7791      6C6B00
 7792              	.LASF107:
 7793 0d40 49444D41 		.ascii	"IDMABASE0\000"
 7793      42415345 
 7793      3000
 7794              	.LASF108:
 7795 0d4a 49444D41 		.ascii	"IDMABASE1\000"
 7795      42415345 
 7795      3100
 7796              	.LASF248:
 7797 0d54 5F736463 		.ascii	"_sdc_wait_for_transfer_state_internal\000"
 7797      5F776169 
 7797      745F666F 
 7797      725F7472 
 7797      616E7366 
 7798              	.LASF129:
 7799 0d7a 77747472 		.ascii	"wttrp\000"
 7799      7000
 7800              	.LASF132:
 7801 0d80 77746D74 		.ascii	"wtmtxp\000"
 7801      787000
 7802              	.LASF275:
 7803 0d87 706F7274 		.ascii	"port_lock\000"
 7803      5F6C6F63 
 7803      6B00
 7804              	.LASF128:
 7805 0d91 65786974 		.ascii	"exitcode\000"
 7805      636F6465 
 7805      00
 7806              	.LASF247:
 7807 0d9a 636D645F 		.ascii	"cmd_fail\000"
 7807      6661696C 
 7807      00
 7808              	.LASF31:
 7809 0da3 636F7265 		.ascii	"core_id_t\000"
 7809      5F69645F 
 7809      7400
 7810              	.LASF45:
 7811 0dad 6D706F6F 		.ascii	"mpool\000"
ARM GAS  C:\Users\DEVELO~1\AppData\Local\Temp\ccfH0FMk.s 			page 149


 7811      6C00
 7812              	.LASF165:
 7813 0db3 5344435F 		.ascii	"SDC_CLK_50MHz\000"
 7813      434C4B5F 
 7813      35304D48 
 7813      7A00
 7814              		.ident	"GCC: (Arm GNU Toolchain 11.3.Rel1) 11.3.1 20220712"
ARM GAS  C:\Users\DEVELO~1\AppData\Local\Temp\ccfH0FMk.s 			page 150


DEFINED SYMBOLS
                            *ABS*:00000000 hal_sdc.c
C:\Users\DEVELO~1\AppData\Local\Temp\ccfH0FMk.s:18     .text.chSysLock:00000000 $t
C:\Users\DEVELO~1\AppData\Local\Temp\ccfH0FMk.s:23     .text.chSysLock:00000000 chSysLock
C:\Users\DEVELO~1\AppData\Local\Temp\ccfH0FMk.s:77     .text.chSysUnlock:00000000 $t
C:\Users\DEVELO~1\AppData\Local\Temp\ccfH0FMk.s:82     .text.chSysUnlock:00000000 chSysUnlock
C:\Users\DEVELO~1\AppData\Local\Temp\ccfH0FMk.s:133    .text.osalSysLock:00000000 $t
C:\Users\DEVELO~1\AppData\Local\Temp\ccfH0FMk.s:138    .text.osalSysLock:00000000 osalSysLock
C:\Users\DEVELO~1\AppData\Local\Temp\ccfH0FMk.s:160    .text.osalSysUnlock:00000000 $t
C:\Users\DEVELO~1\AppData\Local\Temp\ccfH0FMk.s:165    .text.osalSysUnlock:00000000 osalSysUnlock
C:\Users\DEVELO~1\AppData\Local\Temp\ccfH0FMk.s:186    .text.osalThreadSleep:00000000 $t
C:\Users\DEVELO~1\AppData\Local\Temp\ccfH0FMk.s:191    .text.osalThreadSleep:00000000 osalThreadSleep
C:\Users\DEVELO~1\AppData\Local\Temp\ccfH0FMk.s:221    .rodata.sdc_vmt:00000000 $d
C:\Users\DEVELO~1\AppData\Local\Temp\ccfH0FMk.s:224    .rodata.sdc_vmt:00000000 sdc_vmt
C:\Users\DEVELO~1\AppData\Local\Temp\ccfH0FMk.s:1751   .text.sdcConnect:00000000 sdcConnect
C:\Users\DEVELO~1\AppData\Local\Temp\ccfH0FMk.s:2091   .text.sdcDisconnect:00000000 sdcDisconnect
C:\Users\DEVELO~1\AppData\Local\Temp\ccfH0FMk.s:2172   .text.sdcRead:00000000 sdcRead
C:\Users\DEVELO~1\AppData\Local\Temp\ccfH0FMk.s:2249   .text.sdcWrite:00000000 sdcWrite
C:\Users\DEVELO~1\AppData\Local\Temp\ccfH0FMk.s:2373   .text.sdcSync:00000000 sdcSync
C:\Users\DEVELO~1\AppData\Local\Temp\ccfH0FMk.s:2432   .text.sdcGetInfo:00000000 sdcGetInfo
C:\Users\DEVELO~1\AppData\Local\Temp\ccfH0FMk.s:235    .text.mode_detect:00000000 $t
C:\Users\DEVELO~1\AppData\Local\Temp\ccfH0FMk.s:240    .text.mode_detect:00000000 mode_detect
C:\Users\DEVELO~1\AppData\Local\Temp\ccfH0FMk.s:356    .text.mode_detect:0000009c $d
C:\Users\DEVELO~1\AppData\Local\Temp\ccfH0FMk.s:361    .text.mmc_init:00000000 $t
C:\Users\DEVELO~1\AppData\Local\Temp\ccfH0FMk.s:366    .text.mmc_init:00000000 mmc_init
C:\Users\DEVELO~1\AppData\Local\Temp\ccfH0FMk.s:456    .text.mmc_init:0000006c $d
C:\Users\DEVELO~1\AppData\Local\Temp\ccfH0FMk.s:461    .text.sdc_init:00000000 $t
C:\Users\DEVELO~1\AppData\Local\Temp\ccfH0FMk.s:466    .text.sdc_init:00000000 sdc_init
C:\Users\DEVELO~1\AppData\Local\Temp\ccfH0FMk.s:592    .text.sdc_init:000000a0 $d
C:\Users\DEVELO~1\AppData\Local\Temp\ccfH0FMk.s:599    .text.mmc_cmd6_construct:00000000 $t
C:\Users\DEVELO~1\AppData\Local\Temp\ccfH0FMk.s:604    .text.mmc_cmd6_construct:00000000 mmc_cmd6_construct
C:\Users\DEVELO~1\AppData\Local\Temp\ccfH0FMk.s:655    .text.sdc_cmd6_construct:00000000 $t
C:\Users\DEVELO~1\AppData\Local\Temp\ccfH0FMk.s:660    .text.sdc_cmd6_construct:00000000 sdc_cmd6_construct
C:\Users\DEVELO~1\AppData\Local\Temp\ccfH0FMk.s:728    .text.sdc_cmd6_extract_info:00000000 $t
C:\Users\DEVELO~1\AppData\Local\Temp\ccfH0FMk.s:733    .text.sdc_cmd6_extract_info:00000000 sdc_cmd6_extract_info
C:\Users\DEVELO~1\AppData\Local\Temp\ccfH0FMk.s:792    .text.sdc_cmd6_check_status:00000000 $t
C:\Users\DEVELO~1\AppData\Local\Temp\ccfH0FMk.s:797    .text.sdc_cmd6_check_status:00000000 sdc_cmd6_check_status
C:\Users\DEVELO~1\AppData\Local\Temp\ccfH0FMk.s:871    .text.sdc_detect_bus_clk:00000000 $t
C:\Users\DEVELO~1\AppData\Local\Temp\ccfH0FMk.s:876    .text.sdc_detect_bus_clk:00000000 sdc_detect_bus_clk
C:\Users\DEVELO~1\AppData\Local\Temp\ccfH0FMk.s:1008   .text.mmc_detect_bus_clk:00000000 $t
C:\Users\DEVELO~1\AppData\Local\Temp\ccfH0FMk.s:1013   .text.mmc_detect_bus_clk:00000000 mmc_detect_bus_clk
C:\Users\DEVELO~1\AppData\Local\Temp\ccfH0FMk.s:1077   .text.mmc_detect_bus_clk:00000054 $d
C:\Users\DEVELO~1\AppData\Local\Temp\ccfH0FMk.s:1082   .text.detect_bus_clk:00000000 $t
C:\Users\DEVELO~1\AppData\Local\Temp\ccfH0FMk.s:1087   .text.detect_bus_clk:00000000 detect_bus_clk
C:\Users\DEVELO~1\AppData\Local\Temp\ccfH0FMk.s:1136   .text.sdc_set_bus_width:00000000 $t
C:\Users\DEVELO~1\AppData\Local\Temp\ccfH0FMk.s:1141   .text.sdc_set_bus_width:00000000 sdc_set_bus_width
C:\Users\DEVELO~1\AppData\Local\Temp\ccfH0FMk.s:1243   .text.sdc_set_bus_width:0000007c $d
C:\Users\DEVELO~1\AppData\Local\Temp\ccfH0FMk.s:1248   .text.mmc_set_bus_width:00000000 $t
C:\Users\DEVELO~1\AppData\Local\Temp\ccfH0FMk.s:1253   .text.mmc_set_bus_width:00000000 mmc_set_bus_width
C:\Users\DEVELO~1\AppData\Local\Temp\ccfH0FMk.s:1364   .text.mmc_set_bus_width:00000090 $d
C:\Users\DEVELO~1\AppData\Local\Temp\ccfH0FMk.s:1369   .text._sdc_wait_for_transfer_state_internal:00000000 $t
C:\Users\DEVELO~1\AppData\Local\Temp\ccfH0FMk.s:1374   .text._sdc_wait_for_transfer_state_internal:00000000 _sdc_wait_for_transfer_state_internal
C:\Users\DEVELO~1\AppData\Local\Temp\ccfH0FMk.s:1475   .text._sdc_wait_for_transfer_state_internal:00000084 $d
C:\Users\DEVELO~1\AppData\Local\Temp\ccfH0FMk.s:1480   .text._sdc_wait_for_transfer_state:00000000 $t
C:\Users\DEVELO~1\AppData\Local\Temp\ccfH0FMk.s:1486   .text._sdc_wait_for_transfer_state:00000000 _sdc_wait_for_transfer_state
C:\Users\DEVELO~1\AppData\Local\Temp\ccfH0FMk.s:1518   .text._sdc_wait_for_transfer_state_nocrc:00000000 $t
C:\Users\DEVELO~1\AppData\Local\Temp\ccfH0FMk.s:1524   .text._sdc_wait_for_transfer_state_nocrc:00000000 _sdc_wait_for_transfer_state_nocrc
ARM GAS  C:\Users\DEVELO~1\AppData\Local\Temp\ccfH0FMk.s 			page 151


C:\Users\DEVELO~1\AppData\Local\Temp\ccfH0FMk.s:1556   .text.sdcInit:00000000 $t
C:\Users\DEVELO~1\AppData\Local\Temp\ccfH0FMk.s:1562   .text.sdcInit:00000000 sdcInit
C:\Users\DEVELO~1\AppData\Local\Temp\ccfH0FMk.s:1583   .text.sdcObjectInit:00000000 $t
C:\Users\DEVELO~1\AppData\Local\Temp\ccfH0FMk.s:1589   .text.sdcObjectInit:00000000 sdcObjectInit
C:\Users\DEVELO~1\AppData\Local\Temp\ccfH0FMk.s:1638   .text.sdcObjectInit:00000030 $d
C:\Users\DEVELO~1\AppData\Local\Temp\ccfH0FMk.s:1643   .text.sdcStart:00000000 $t
C:\Users\DEVELO~1\AppData\Local\Temp\ccfH0FMk.s:1649   .text.sdcStart:00000000 sdcStart
C:\Users\DEVELO~1\AppData\Local\Temp\ccfH0FMk.s:1697   .text.sdcStop:00000000 $t
C:\Users\DEVELO~1\AppData\Local\Temp\ccfH0FMk.s:1703   .text.sdcStop:00000000 sdcStop
C:\Users\DEVELO~1\AppData\Local\Temp\ccfH0FMk.s:1745   .text.sdcConnect:00000000 $t
C:\Users\DEVELO~1\AppData\Local\Temp\ccfH0FMk.s:2080   .text.sdcConnect:000001e4 $d
C:\Users\DEVELO~1\AppData\Local\Temp\ccfH0FMk.s:2085   .text.sdcDisconnect:00000000 $t
C:\Users\DEVELO~1\AppData\Local\Temp\ccfH0FMk.s:2166   .text.sdcRead:00000000 $t
C:\Users\DEVELO~1\AppData\Local\Temp\ccfH0FMk.s:2243   .text.sdcWrite:00000000 $t
C:\Users\DEVELO~1\AppData\Local\Temp\ccfH0FMk.s:2320   .text.sdcGetAndClearErrors:00000000 $t
C:\Users\DEVELO~1\AppData\Local\Temp\ccfH0FMk.s:2326   .text.sdcGetAndClearErrors:00000000 sdcGetAndClearErrors
C:\Users\DEVELO~1\AppData\Local\Temp\ccfH0FMk.s:2367   .text.sdcSync:00000000 $t
C:\Users\DEVELO~1\AppData\Local\Temp\ccfH0FMk.s:2426   .text.sdcGetInfo:00000000 $t
C:\Users\DEVELO~1\AppData\Local\Temp\ccfH0FMk.s:2486   .text.sdcErase:00000000 $t
C:\Users\DEVELO~1\AppData\Local\Temp\ccfH0FMk.s:2492   .text.sdcErase:00000000 sdcErase
C:\Users\DEVELO~1\AppData\Local\Temp\ccfH0FMk.s:2640   .text.sdcErase:000000c8 $d

UNDEFINED SYMBOLS
chThdSleep
sdc_lld_is_card_inserted
sdc_lld_is_write_protected
sdc_lld_send_cmd_short_crc
sdc_lld_send_cmd_none
sdc_lld_send_cmd_short
_mmcsd_get_slice
sdc_lld_read_special
sdc_lld_set_bus_mode
sdc_lld_init
sdc_lld_start
sdc_lld_stop
sdc_lld_start_clk
sdc_lld_send_cmd_long_crc
sdc_lld_set_data_clk
_mmcsd_get_capacity_ext
_mmcsd_get_capacity
sdc_lld_stop_clk
sdc_lld_read
sdc_lld_write
sdc_lld_sync
