ARM GAS  C:\Users\DEVELO~1\AppData\Local\Temp\cc3qt43h.s 			page 1


   1              		.cpu cortex-m7
   2              		.arch armv7e-m
   3              		.fpu softvfp
   4              		.eabi_attribute 20, 1
   5              		.eabi_attribute 21, 1
   6              		.eabi_attribute 23, 3
   7              		.eabi_attribute 24, 1
   8              		.eabi_attribute 25, 1
   9              		.eabi_attribute 26, 1
  10              		.eabi_attribute 30, 2
  11              		.eabi_attribute 34, 1
  12              		.eabi_attribute 18, 4
  13              		.file	"hal_sai.c"
  14              		.text
  15              	.Ltext0:
  16              		.cfi_sections	.debug_frame
  17              		.section	.text.saiInit,"ax",%progbits
  18              		.align	1
  19              		.p2align 4,,15
  20              		.global	saiInit
  21              		.syntax unified
  22              		.thumb
  23              		.thumb_func
  24              		.type	saiInit, %function
  25              	saiInit:
  26              	.LFB432:
  27              		.file 1 "../../../os/hal/src/hal_sai.c"
  28              		.loc 1 39 20 view -0
  29              		.cfi_startproc
  30              		@ args = 0, pretend = 0, frame = 0
  31              		@ frame_needed = 0, uses_anonymous_args = 0
  32              		@ link register save eliminated.
  33              		.loc 1 41 3 view .LVU1
  34 0000 FFF7FEBF 		b	sai_lld_init
  35              	.LVL0:
  36              		.cfi_endproc
  37              	.LFE432:
  38              		.size	saiInit, .-saiInit
  39              		.section	.text.saiObjectInit,"ax",%progbits
  40              		.align	1
  41              		.p2align 4,,15
  42              		.global	saiObjectInit
  43              		.syntax unified
  44              		.thumb
  45              		.thumb_func
  46              		.type	saiObjectInit, %function
  47              	saiObjectInit:
  48              	.LVL1:
  49              	.LFB433:
  50              		.loc 1 51 37 view -0
  51              		.cfi_startproc
  52              		@ args = 0, pretend = 0, frame = 0
  53              		@ frame_needed = 0, uses_anonymous_args = 0
  54              		@ link register save eliminated.
  55              		.loc 1 53 3 view .LVU3
  56              		.loc 1 54 16 is_stmt 0 view .LVU4
  57 0000 0023     		movs	r3, #0
ARM GAS  C:\Users\DEVELO~1\AppData\Local\Temp\cc3qt43h.s 			page 2


  58              		.loc 1 53 16 view .LVU5
  59 0002 0122     		movs	r2, #1
  60              		.loc 1 54 16 view .LVU6
  61 0004 4360     		str	r3, [r0, #4]
  62              		.loc 1 53 16 view .LVU7
  63 0006 0270     		strb	r2, [r0]
  64              		.loc 1 54 3 is_stmt 1 view .LVU8
  65              		.loc 1 58 3 view .LVU9
  66              		.loc 1 59 23 is_stmt 0 view .LVU10
  67 0008 C0E90C33 		strd	r3, r3, [r0, #48]
  68              		.loc 1 60 1 view .LVU11
  69 000c 7047     		bx	lr
  70              		.cfi_endproc
  71              	.LFE433:
  72              		.size	saiObjectInit, .-saiObjectInit
  73 000e 00BF     		.section	.text.saiStart,"ax",%progbits
  74              		.align	1
  75              		.p2align 4,,15
  76              		.global	saiStart
  77              		.syntax unified
  78              		.thumb
  79              		.thumb_func
  80              		.type	saiStart, %function
  81              	saiStart:
  82              	.LVL2:
  83              	.LFB434:
  84              		.loc 1 71 58 is_stmt 1 view -0
  85              		.cfi_startproc
  86              		@ args = 0, pretend = 0, frame = 0
  87              		@ frame_needed = 0, uses_anonymous_args = 0
  88              		.loc 1 72 3 view .LVU13
  89              		.loc 1 74 3 view .LVU14
  90              		.loc 1 74 3 view .LVU15
  91              		.loc 1 74 3 view .LVU16
  92              		.loc 1 76 3 view .LVU17
  93              	.LBB90:
  94              	.LBI90:
  95              		.file 2 "../../../os/hal/osal/rt-nil/osal.h"
  96              		.loc 2 573 20 view .LVU18
  97              		.loc 2 575 3 view .LVU19
  98              	.LBB91:
  99              	.LBI91:
 100              		.file 3 "../../../os/rt/include/chsys.h"
 101              		.loc 3 407 20 view .LVU20
 102              		.loc 3 409 3 view .LVU21
 103              	.LBB92:
 104              	.LBI92:
 105              		.file 4 "../../../os/common/ports/ARMv7-M/chcore.h"
 106              		.loc 4 823 27 view .LVU22
 107              		.loc 4 831 3 view .LVU23
 108              	.LBB93:
 109              	.LBI93:
 110              		.file 5 "../../../os/common/ext/ARM/CMSIS/Core/Include/cmsis_gcc.h"
 111              		.loc 5 491 27 view .LVU24
 112              	.LBB94:
 113              		.loc 5 493 3 view .LVU25
 114              	.LBE94:
ARM GAS  C:\Users\DEVELO~1\AppData\Local\Temp\cc3qt43h.s 			page 3


 115              	.LBE93:
 116              	.LBE92:
 117              	.LBE91:
 118              	.LBE90:
 119              		.loc 1 71 58 is_stmt 0 view .LVU26
 120 0000 10B5     		push	{r4, lr}
 121              		.cfi_def_cfa_offset 8
 122              		.cfi_offset 4, -8
 123              		.cfi_offset 14, -4
 124              	.LBB103:
 125              	.LBB101:
 126              	.LBB99:
 127              	.LBB97:
 128              	.LBB95:
 129              		.loc 5 493 3 view .LVU27
 130 0002 3023     		movs	r3, #48
 131              	.LBE95:
 132              	.LBE97:
 133              	.LBE99:
 134              	.LBE101:
 135              	.LBE103:
 136              		.loc 1 71 58 view .LVU28
 137 0004 0446     		mov	r4, r0
 138              	.LBB104:
 139              	.LBB102:
 140              	.LBB100:
 141              	.LBB98:
 142              	.LBB96:
 143              		.loc 5 493 3 view .LVU29
 144              		.syntax unified
 145              	@ 493 "../../../os/common/ext/ARM/CMSIS/Core/Include/cmsis_gcc.h" 1
 146 0006 83F31188 		MSR basepri, r3
 147              	@ 0 "" 2
 148              	.LVL3:
 149              		.loc 5 493 3 view .LVU30
 150              		.thumb
 151              		.syntax unified
 152              	.LBE96:
 153              	.LBE98:
 154              	.LBE100:
 155              		.loc 3 410 35 is_stmt 1 view .LVU31
 156              		.loc 3 411 21 view .LVU32
 157              	.LBE102:
 158              	.LBE104:
 159              		.loc 1 77 3 view .LVU33
 160              		.loc 1 77 3 view .LVU34
 161              		.loc 1 77 3 view .LVU35
 162              		.loc 1 80 3 view .LVU36
 163              		.loc 1 80 16 is_stmt 0 view .LVU37
 164 000a 4160     		str	r1, [r0, #4]
 165              		.loc 1 95 3 is_stmt 1 view .LVU38
 166 000c FFF7FEFF 		bl	sai_lld_start
 167              	.LVL4:
 168              		.loc 1 96 3 view .LVU39
 169              		.loc 1 96 15 is_stmt 0 view .LVU40
 170 0010 0223     		movs	r3, #2
 171              	.LBB105:
ARM GAS  C:\Users\DEVELO~1\AppData\Local\Temp\cc3qt43h.s 			page 4


 172              	.LBB106:
 173              	.LBB107:
 174              	.LBB108:
 175              	.LBB109:
 176              	.LBB110:
 177              		.loc 5 493 3 view .LVU41
 178 0012 0020     		movs	r0, #0
 179              	.LBE110:
 180              	.LBE109:
 181              	.LBE108:
 182              	.LBE107:
 183              	.LBE106:
 184              	.LBE105:
 185              		.loc 1 96 15 view .LVU42
 186 0014 2370     		strb	r3, [r4]
 187              		.loc 1 97 3 is_stmt 1 view .LVU43
 188              	.LVL5:
 189              		.loc 1 100 3 view .LVU44
 190              	.LBB116:
 191              	.LBI105:
 192              		.loc 2 584 20 view .LVU45
 193              		.loc 2 586 3 view .LVU46
 194              	.LBB115:
 195              	.LBI106:
 196              		.loc 3 421 20 view .LVU47
 197              	.LBB114:
 198              		.loc 3 423 23 view .LVU48
 199              		.loc 3 424 34 view .LVU49
 200              		.loc 3 430 3 view .LVU50
 201              		.loc 3 430 3 view .LVU51
 202              		.loc 3 430 3 view .LVU52
 203              		.loc 3 434 3 view .LVU53
 204              	.LBB113:
 205              	.LBI108:
 206              		.loc 4 847 27 view .LVU54
 207              		.loc 4 850 3 view .LVU55
 208              	.LBB112:
 209              	.LBI109:
 210              		.loc 5 491 27 view .LVU56
 211              	.LBB111:
 212              		.loc 5 493 3 view .LVU57
 213              		.syntax unified
 214              	@ 493 "../../../os/common/ext/ARM/CMSIS/Core/Include/cmsis_gcc.h" 1
 215 0016 80F31188 		MSR basepri, r0
 216              	@ 0 "" 2
 217              	.LVL6:
 218              		.loc 5 493 3 is_stmt 0 view .LVU58
 219              		.thumb
 220              		.syntax unified
 221              	.LBE111:
 222              	.LBE112:
 223              	.LBE113:
 224              	.LBE114:
 225              	.LBE115:
 226              	.LBE116:
 227              		.loc 1 102 3 is_stmt 1 view .LVU59
 228              		.loc 1 103 1 is_stmt 0 view .LVU60
ARM GAS  C:\Users\DEVELO~1\AppData\Local\Temp\cc3qt43h.s 			page 5


 229 001a 10BD     		pop	{r4, pc}
 230              		.loc 1 103 1 view .LVU61
 231              		.cfi_endproc
 232              	.LFE434:
 233              		.size	saiStart, .-saiStart
 234              		.section	.text.saiStop,"ax",%progbits
 235              		.align	1
 236              		.p2align 4,,15
 237              		.global	saiStop
 238              		.syntax unified
 239              		.thumb
 240              		.thumb_func
 241              		.type	saiStop, %function
 242              	saiStop:
 243              	.LVL7:
 244              	.LFB435:
 245              		.loc 1 112 31 is_stmt 1 view -0
 246              		.cfi_startproc
 247              		@ args = 0, pretend = 0, frame = 0
 248              		@ frame_needed = 0, uses_anonymous_args = 0
 249              		.loc 1 114 3 view .LVU63
 250              		.loc 1 114 3 view .LVU64
 251              		.loc 1 114 3 view .LVU65
 252              		.loc 1 116 3 view .LVU66
 253              	.LBB117:
 254              	.LBI117:
 255              		.loc 2 573 20 view .LVU67
 256              		.loc 2 575 3 view .LVU68
 257              	.LBB118:
 258              	.LBI118:
 259              		.loc 3 407 20 view .LVU69
 260              		.loc 3 409 3 view .LVU70
 261              	.LBB119:
 262              	.LBI119:
 263              		.loc 4 823 27 view .LVU71
 264              		.loc 4 831 3 view .LVU72
 265              	.LBB120:
 266              	.LBI120:
 267              		.loc 5 491 27 view .LVU73
 268              	.LBB121:
 269              		.loc 5 493 3 view .LVU74
 270              	.LBE121:
 271              	.LBE120:
 272              	.LBE119:
 273              	.LBE118:
 274              	.LBE117:
 275              		.loc 1 112 31 is_stmt 0 view .LVU75
 276 0000 10B5     		push	{r4, lr}
 277              		.cfi_def_cfa_offset 8
 278              		.cfi_offset 4, -8
 279              		.cfi_offset 14, -4
 280              	.LBB130:
 281              	.LBB128:
 282              	.LBB126:
 283              	.LBB124:
 284              	.LBB122:
 285              		.loc 5 493 3 view .LVU76
ARM GAS  C:\Users\DEVELO~1\AppData\Local\Temp\cc3qt43h.s 			page 6


 286 0002 3023     		movs	r3, #48
 287              	.LBE122:
 288              	.LBE124:
 289              	.LBE126:
 290              	.LBE128:
 291              	.LBE130:
 292              		.loc 1 112 31 view .LVU77
 293 0004 0446     		mov	r4, r0
 294              	.LBB131:
 295              	.LBB129:
 296              	.LBB127:
 297              	.LBB125:
 298              	.LBB123:
 299              		.loc 5 493 3 view .LVU78
 300              		.syntax unified
 301              	@ 493 "../../../os/common/ext/ARM/CMSIS/Core/Include/cmsis_gcc.h" 1
 302 0006 83F31188 		MSR basepri, r3
 303              	@ 0 "" 2
 304              	.LVL8:
 305              		.loc 5 493 3 view .LVU79
 306              		.thumb
 307              		.syntax unified
 308              	.LBE123:
 309              	.LBE125:
 310              	.LBE127:
 311              		.loc 3 410 35 is_stmt 1 view .LVU80
 312              		.loc 3 411 21 view .LVU81
 313              	.LBE129:
 314              	.LBE131:
 315              		.loc 1 117 3 view .LVU82
 316              		.loc 1 117 3 view .LVU83
 317              		.loc 1 117 3 view .LVU84
 318              		.loc 1 120 3 view .LVU85
 319 000a FFF7FEFF 		bl	sai_lld_stop
 320              	.LVL9:
 321              		.loc 1 121 3 view .LVU86
 322              		.loc 1 121 16 is_stmt 0 view .LVU87
 323 000e 0023     		movs	r3, #0
 324              		.loc 1 122 16 view .LVU88
 325 0010 0122     		movs	r2, #1
 326              		.loc 1 121 16 view .LVU89
 327 0012 6360     		str	r3, [r4, #4]
 328              		.loc 1 122 3 is_stmt 1 view .LVU90
 329              		.loc 1 122 16 is_stmt 0 view .LVU91
 330 0014 2270     		strb	r2, [r4]
 331              		.loc 1 127 3 is_stmt 1 view .LVU92
 332              	.LBB132:
 333              	.LBI132:
 334              		.loc 2 584 20 view .LVU93
 335              		.loc 2 586 3 view .LVU94
 336              	.LBB133:
 337              	.LBI133:
 338              		.loc 3 421 20 view .LVU95
 339              	.LBB134:
 340              		.loc 3 423 23 view .LVU96
 341              		.loc 3 424 34 view .LVU97
 342              		.loc 3 430 3 view .LVU98
ARM GAS  C:\Users\DEVELO~1\AppData\Local\Temp\cc3qt43h.s 			page 7


 343              		.loc 3 430 3 view .LVU99
 344              		.loc 3 430 3 view .LVU100
 345              		.loc 3 434 3 view .LVU101
 346              	.LBB135:
 347              	.LBI135:
 348              		.loc 4 847 27 view .LVU102
 349              		.loc 4 850 3 view .LVU103
 350              	.LVL10:
 351              	.LBB136:
 352              	.LBI136:
 353              		.loc 5 491 27 view .LVU104
 354              	.LBB137:
 355              		.loc 5 493 3 view .LVU105
 356              		.syntax unified
 357              	@ 493 "../../../os/common/ext/ARM/CMSIS/Core/Include/cmsis_gcc.h" 1
 358 0016 83F31188 		MSR basepri, r3
 359              	@ 0 "" 2
 360              	.LVL11:
 361              		.loc 5 493 3 is_stmt 0 view .LVU106
 362              		.thumb
 363              		.syntax unified
 364              	.LBE137:
 365              	.LBE136:
 366              	.LBE135:
 367              	.LBE134:
 368              	.LBE133:
 369              	.LBE132:
 370              		.loc 1 128 1 view .LVU107
 371 001a 10BD     		pop	{r4, pc}
 372              		.loc 1 128 1 view .LVU108
 373              		.cfi_endproc
 374              	.LFE435:
 375              		.size	saiStop, .-saiStop
 376              		.section	.text.saiSetBuffers,"ax",%progbits
 377              		.align	1
 378              		.p2align 4,,15
 379              		.global	saiSetBuffers
 380              		.syntax unified
 381              		.thumb
 382              		.thumb_func
 383              		.type	saiSetBuffers, %function
 384              	saiSetBuffers:
 385              	.LVL12:
 386              	.LFB436:
 387              		.loc 1 143 33 is_stmt 1 view -0
 388              		.cfi_startproc
 389              		@ args = 0, pretend = 0, frame = 0
 390              		@ frame_needed = 0, uses_anonymous_args = 0
 391              		.loc 1 145 3 view .LVU110
 392              		.loc 1 145 3 view .LVU111
 393              		.loc 1 145 3 view .LVU112
 394              		.loc 1 147 3 view .LVU113
 395              	.LBB138:
 396              	.LBI138:
 397              		.loc 2 573 20 view .LVU114
 398              		.loc 2 575 3 view .LVU115
 399              	.LBB139:
ARM GAS  C:\Users\DEVELO~1\AppData\Local\Temp\cc3qt43h.s 			page 8


 400              	.LBI139:
 401              		.loc 3 407 20 view .LVU116
 402              		.loc 3 409 3 view .LVU117
 403              	.LBB140:
 404              	.LBI140:
 405              		.loc 4 823 27 view .LVU118
 406              		.loc 4 831 3 view .LVU119
 407              	.LBB141:
 408              	.LBI141:
 409              		.loc 5 491 27 view .LVU120
 410              	.LBB142:
 411              		.loc 5 493 3 view .LVU121
 412 0000 4FF0300C 		mov	ip, #48
 413              	.LBE142:
 414              	.LBE141:
 415              	.LBE140:
 416              	.LBE139:
 417              	.LBE138:
 418              		.loc 1 143 33 is_stmt 0 view .LVU122
 419 0004 08B5     		push	{r3, lr}
 420              		.cfi_def_cfa_offset 8
 421              		.cfi_offset 3, -8
 422              		.cfi_offset 14, -4
 423              	.LBB147:
 424              	.LBB146:
 425              	.LBB145:
 426              	.LBB144:
 427              	.LBB143:
 428              		.loc 5 493 3 view .LVU123
 429              		.syntax unified
 430              	@ 493 "../../../os/common/ext/ARM/CMSIS/Core/Include/cmsis_gcc.h" 1
 431 0006 8CF31188 		MSR basepri, ip
 432              	@ 0 "" 2
 433              	.LVL13:
 434              		.loc 5 493 3 view .LVU124
 435              		.thumb
 436              		.syntax unified
 437              	.LBE143:
 438              	.LBE144:
 439              	.LBE145:
 440              		.loc 3 410 35 is_stmt 1 view .LVU125
 441              		.loc 3 411 21 view .LVU126
 442              	.LBE146:
 443              	.LBE147:
 444              		.loc 1 148 3 view .LVU127
 445              		.loc 1 148 3 view .LVU128
 446              		.loc 1 148 3 view .LVU129
 447              		.loc 1 150 3 view .LVU130
 448 000a FFF7FEFF 		bl	sai_lld_set_buffers
 449              	.LVL14:
 450              		.loc 1 152 3 view .LVU131
 451              	.LBB148:
 452              	.LBI148:
 453              		.loc 2 584 20 view .LVU132
 454              		.loc 2 586 3 view .LVU133
 455              	.LBB149:
 456              	.LBI149:
ARM GAS  C:\Users\DEVELO~1\AppData\Local\Temp\cc3qt43h.s 			page 9


 457              		.loc 3 421 20 view .LVU134
 458              	.LBB150:
 459              		.loc 3 423 23 view .LVU135
 460              		.loc 3 424 34 view .LVU136
 461              		.loc 3 430 3 view .LVU137
 462              		.loc 3 430 3 view .LVU138
 463              		.loc 3 430 3 view .LVU139
 464              		.loc 3 434 3 view .LVU140
 465              	.LBB151:
 466              	.LBI151:
 467              		.loc 4 847 27 view .LVU141
 468              		.loc 4 850 3 view .LVU142
 469              	.LBB152:
 470              	.LBI152:
 471              		.loc 5 491 27 view .LVU143
 472              	.LBB153:
 473              		.loc 5 493 3 view .LVU144
 474 000e 0023     		movs	r3, #0
 475              		.syntax unified
 476              	@ 493 "../../../os/common/ext/ARM/CMSIS/Core/Include/cmsis_gcc.h" 1
 477 0010 83F31188 		MSR basepri, r3
 478              	@ 0 "" 2
 479              	.LVL15:
 480              		.loc 5 493 3 is_stmt 0 view .LVU145
 481              		.thumb
 482              		.syntax unified
 483              	.LBE153:
 484              	.LBE152:
 485              	.LBE151:
 486              	.LBE150:
 487              	.LBE149:
 488              	.LBE148:
 489              		.loc 1 153 1 view .LVU146
 490 0014 08BD     		pop	{r3, pc}
 491              		.cfi_endproc
 492              	.LFE436:
 493              		.size	saiSetBuffers, .-saiSetBuffers
 494 0016 00BF     		.section	.text.saiStartExchange,"ax",%progbits
 495              		.align	1
 496              		.p2align 4,,15
 497              		.global	saiStartExchange
 498              		.syntax unified
 499              		.thumb
 500              		.thumb_func
 501              		.type	saiStartExchange, %function
 502              	saiStartExchange:
 503              	.LVL16:
 504              	.LFB437:
 505              		.loc 1 162 40 is_stmt 1 view -0
 506              		.cfi_startproc
 507              		@ args = 0, pretend = 0, frame = 0
 508              		@ frame_needed = 0, uses_anonymous_args = 0
 509              		.loc 1 164 3 view .LVU148
 510              		.loc 1 164 3 view .LVU149
 511              		.loc 1 164 3 view .LVU150
 512              		.loc 1 166 3 view .LVU151
 513              	.LBB154:
ARM GAS  C:\Users\DEVELO~1\AppData\Local\Temp\cc3qt43h.s 			page 10


 514              	.LBI154:
 515              		.loc 2 573 20 view .LVU152
 516              		.loc 2 575 3 view .LVU153
 517              	.LBB155:
 518              	.LBI155:
 519              		.loc 3 407 20 view .LVU154
 520              		.loc 3 409 3 view .LVU155
 521              	.LBB156:
 522              	.LBI156:
 523              		.loc 4 823 27 view .LVU156
 524              		.loc 4 831 3 view .LVU157
 525              	.LBB157:
 526              	.LBI157:
 527              		.loc 5 491 27 view .LVU158
 528              	.LBB158:
 529              		.loc 5 493 3 view .LVU159
 530              	.LBE158:
 531              	.LBE157:
 532              	.LBE156:
 533              	.LBE155:
 534              	.LBE154:
 535              		.loc 1 162 40 is_stmt 0 view .LVU160
 536 0000 10B5     		push	{r4, lr}
 537              		.cfi_def_cfa_offset 8
 538              		.cfi_offset 4, -8
 539              		.cfi_offset 14, -4
 540              	.LBB167:
 541              	.LBB165:
 542              	.LBB163:
 543              	.LBB161:
 544              	.LBB159:
 545              		.loc 5 493 3 view .LVU161
 546 0002 3023     		movs	r3, #48
 547              	.LBE159:
 548              	.LBE161:
 549              	.LBE163:
 550              	.LBE165:
 551              	.LBE167:
 552              		.loc 1 162 40 view .LVU162
 553 0004 0446     		mov	r4, r0
 554              	.LBB168:
 555              	.LBB166:
 556              	.LBB164:
 557              	.LBB162:
 558              	.LBB160:
 559              		.loc 5 493 3 view .LVU163
 560              		.syntax unified
 561              	@ 493 "../../../os/common/ext/ARM/CMSIS/Core/Include/cmsis_gcc.h" 1
 562 0006 83F31188 		MSR basepri, r3
 563              	@ 0 "" 2
 564              	.LVL17:
 565              		.loc 5 493 3 view .LVU164
 566              		.thumb
 567              		.syntax unified
 568              	.LBE160:
 569              	.LBE162:
 570              	.LBE164:
ARM GAS  C:\Users\DEVELO~1\AppData\Local\Temp\cc3qt43h.s 			page 11


 571              		.loc 3 410 35 is_stmt 1 view .LVU165
 572              		.loc 3 411 21 view .LVU166
 573              	.LBE166:
 574              	.LBE168:
 575              		.loc 1 167 3 view .LVU167
 576              		.loc 1 167 3 view .LVU168
 577              		.loc 1 167 3 view .LVU169
 578              		.loc 1 168 3 view .LVU170
 579              	.LBB169:
 580              		.loc 1 168 3 view .LVU171
 581              		.loc 1 168 3 view .LVU172
 582              		.loc 1 168 3 view .LVU173
 583 000a FFF7FEFF 		bl	sai_lld_start_exchange
 584              	.LVL18:
 585              		.loc 1 168 3 view .LVU174
 586 000e E368     		ldr	r3, [r4, #12]
 587              	.LBE169:
 588              	.LBB170:
 589              	.LBB171:
 590              	.LBB172:
 591              	.LBB173:
 592              	.LBB174:
 593              	.LBB175:
 594              		.loc 5 493 3 is_stmt 0 view .LVU175
 595 0010 0022     		movs	r2, #0
 596              	.LBE175:
 597              	.LBE174:
 598              	.LBE173:
 599              	.LBE172:
 600              	.LBE171:
 601              	.LBE170:
 602              	.LBB181:
 603              		.loc 1 168 3 view .LVU176
 604 0012 1968     		ldr	r1, [r3]
 605              	.LVL19:
 606              		.loc 1 168 3 is_stmt 1 view .LVU177
 607 0014 5B69     		ldr	r3, [r3, #20]
 608              		.loc 1 168 3 view .LVU178
 609              		.loc 1 168 3 view .LVU179
 610 0016 11F4803F 		tst	r1, #65536
 611 001a 14BF     		ite	ne
 612 001c 0323     		movne	r3, #3
 613 001e 0223     		moveq	r3, #2
 614 0020 2370     		strb	r3, [r4]
 615              		.loc 1 168 3 view .LVU180
 616              		.loc 1 168 3 view .LVU181
 617              		.loc 1 168 3 view .LVU182
 618              	.LBE181:
 619              		.loc 1 168 3 view .LVU183
 620              		.loc 1 169 3 view .LVU184
 621              	.LBB182:
 622              	.LBI170:
 623              		.loc 2 584 20 view .LVU185
 624              		.loc 2 586 3 view .LVU186
 625              	.LBB180:
 626              	.LBI171:
 627              		.loc 3 421 20 view .LVU187
ARM GAS  C:\Users\DEVELO~1\AppData\Local\Temp\cc3qt43h.s 			page 12


 628              	.LBB179:
 629              		.loc 3 423 23 view .LVU188
 630              		.loc 3 424 34 view .LVU189
 631              		.loc 3 430 3 view .LVU190
 632              		.loc 3 430 3 view .LVU191
 633              		.loc 3 430 3 view .LVU192
 634              		.loc 3 434 3 view .LVU193
 635              	.LBB178:
 636              	.LBI173:
 637              		.loc 4 847 27 view .LVU194
 638              		.loc 4 850 3 view .LVU195
 639              	.LVL20:
 640              	.LBB177:
 641              	.LBI174:
 642              		.loc 5 491 27 view .LVU196
 643              	.LBB176:
 644              		.loc 5 493 3 view .LVU197
 645              		.syntax unified
 646              	@ 493 "../../../os/common/ext/ARM/CMSIS/Core/Include/cmsis_gcc.h" 1
 647 0022 82F31188 		MSR basepri, r2
 648              	@ 0 "" 2
 649              	.LVL21:
 650              		.loc 5 493 3 is_stmt 0 view .LVU198
 651              		.thumb
 652              		.syntax unified
 653              	.LBE176:
 654              	.LBE177:
 655              	.LBE178:
 656              	.LBE179:
 657              	.LBE180:
 658              	.LBE182:
 659              		.loc 1 170 1 view .LVU199
 660 0026 10BD     		pop	{r4, pc}
 661              		.loc 1 170 1 view .LVU200
 662              		.cfi_endproc
 663              	.LFE437:
 664              		.size	saiStartExchange, .-saiStartExchange
 665              		.section	.text.saiStopExchange,"ax",%progbits
 666              		.align	1
 667              		.p2align 4,,15
 668              		.global	saiStopExchange
 669              		.syntax unified
 670              		.thumb
 671              		.thumb_func
 672              		.type	saiStopExchange, %function
 673              	saiStopExchange:
 674              	.LVL22:
 675              	.LFB438:
 676              		.loc 1 179 39 is_stmt 1 view -0
 677              		.cfi_startproc
 678              		@ args = 0, pretend = 0, frame = 0
 679              		@ frame_needed = 0, uses_anonymous_args = 0
 680              		.loc 1 181 3 view .LVU202
 681              		.loc 1 181 3 view .LVU203
 682              		.loc 1 181 3 view .LVU204
 683              		.loc 1 183 3 view .LVU205
 684              	.LBB183:
ARM GAS  C:\Users\DEVELO~1\AppData\Local\Temp\cc3qt43h.s 			page 13


 685              	.LBI183:
 686              		.loc 2 573 20 view .LVU206
 687              		.loc 2 575 3 view .LVU207
 688              	.LBB184:
 689              	.LBI184:
 690              		.loc 3 407 20 view .LVU208
 691              		.loc 3 409 3 view .LVU209
 692              	.LBB185:
 693              	.LBI185:
 694              		.loc 4 823 27 view .LVU210
 695              		.loc 4 831 3 view .LVU211
 696              	.LBB186:
 697              	.LBI186:
 698              		.loc 5 491 27 view .LVU212
 699              	.LBB187:
 700              		.loc 5 493 3 view .LVU213
 701              	.LBE187:
 702              	.LBE186:
 703              	.LBE185:
 704              	.LBE184:
 705              	.LBE183:
 706              		.loc 1 179 39 is_stmt 0 view .LVU214
 707 0000 10B5     		push	{r4, lr}
 708              		.cfi_def_cfa_offset 8
 709              		.cfi_offset 4, -8
 710              		.cfi_offset 14, -4
 711              	.LBB196:
 712              	.LBB194:
 713              	.LBB192:
 714              	.LBB190:
 715              	.LBB188:
 716              		.loc 5 493 3 view .LVU215
 717 0002 3023     		movs	r3, #48
 718              	.LBE188:
 719              	.LBE190:
 720              	.LBE192:
 721              	.LBE194:
 722              	.LBE196:
 723              		.loc 1 179 39 view .LVU216
 724 0004 0446     		mov	r4, r0
 725              	.LBB197:
 726              	.LBB195:
 727              	.LBB193:
 728              	.LBB191:
 729              	.LBB189:
 730              		.loc 5 493 3 view .LVU217
 731              		.syntax unified
 732              	@ 493 "../../../os/common/ext/ARM/CMSIS/Core/Include/cmsis_gcc.h" 1
 733 0006 83F31188 		MSR basepri, r3
 734              	@ 0 "" 2
 735              	.LVL23:
 736              		.loc 5 493 3 view .LVU218
 737              		.thumb
 738              		.syntax unified
 739              	.LBE189:
 740              	.LBE191:
 741              	.LBE193:
ARM GAS  C:\Users\DEVELO~1\AppData\Local\Temp\cc3qt43h.s 			page 14


 742              		.loc 3 410 35 is_stmt 1 view .LVU219
 743              		.loc 3 411 21 view .LVU220
 744              	.LBE195:
 745              	.LBE197:
 746              		.loc 1 184 3 view .LVU221
 747              		.loc 1 184 3 view .LVU222
 748              		.loc 1 184 3 view .LVU223
 749              		.loc 1 185 3 view .LVU224
 750 000a FFF7FEFF 		bl	sai_lld_stop_exchange
 751              	.LVL24:
 752              		.loc 1 185 3 view .LVU225
 753 000e 0222     		movs	r2, #2
 754              	.LBB198:
 755              	.LBB199:
 756              	.LBB200:
 757              	.LBB201:
 758              	.LBB202:
 759              	.LBB203:
 760              		.loc 5 493 3 is_stmt 0 view .LVU226
 761 0010 0023     		movs	r3, #0
 762              	.LBE203:
 763              	.LBE202:
 764              	.LBE201:
 765              	.LBE200:
 766              	.LBE199:
 767              	.LBE198:
 768              		.loc 1 185 3 view .LVU227
 769 0012 2270     		strb	r2, [r4]
 770              		.loc 1 185 25 is_stmt 1 view .LVU228
 771              		.loc 1 186 3 view .LVU229
 772              	.LBB209:
 773              	.LBI198:
 774              		.loc 2 584 20 view .LVU230
 775              		.loc 2 586 3 view .LVU231
 776              	.LBB208:
 777              	.LBI199:
 778              		.loc 3 421 20 view .LVU232
 779              	.LBB207:
 780              		.loc 3 423 23 view .LVU233
 781              		.loc 3 424 34 view .LVU234
 782              		.loc 3 430 3 view .LVU235
 783              		.loc 3 430 3 view .LVU236
 784              		.loc 3 430 3 view .LVU237
 785              		.loc 3 434 3 view .LVU238
 786              	.LBB206:
 787              	.LBI201:
 788              		.loc 4 847 27 view .LVU239
 789              		.loc 4 850 3 view .LVU240
 790              	.LVL25:
 791              	.LBB205:
 792              	.LBI202:
 793              		.loc 5 491 27 view .LVU241
 794              	.LBB204:
 795              		.loc 5 493 3 view .LVU242
 796              		.syntax unified
 797              	@ 493 "../../../os/common/ext/ARM/CMSIS/Core/Include/cmsis_gcc.h" 1
 798 0014 83F31188 		MSR basepri, r3
ARM GAS  C:\Users\DEVELO~1\AppData\Local\Temp\cc3qt43h.s 			page 15


 799              	@ 0 "" 2
 800              	.LVL26:
 801              		.loc 5 493 3 is_stmt 0 view .LVU243
 802              		.thumb
 803              		.syntax unified
 804              	.LBE204:
 805              	.LBE205:
 806              	.LBE206:
 807              	.LBE207:
 808              	.LBE208:
 809              	.LBE209:
 810              		.loc 1 187 1 view .LVU244
 811 0018 10BD     		pop	{r4, pc}
 812              		.loc 1 187 1 view .LVU245
 813              		.cfi_endproc
 814              	.LFE438:
 815              		.size	saiStopExchange, .-saiStopExchange
 816 001a 00BF     		.text
 817              	.Letext0:
 818              		.file 6 "c:\\chibistudio\\tools\\gnu tools arm embedded\\11.3 2022.08\\lib\\gcc\\arm-none-eabi\\11
 819              		.file 7 "c:\\chibistudio\\tools\\gnu tools arm embedded\\11.3 2022.08\\arm-none-eabi\\include\\mac
 820              		.file 8 "c:\\chibistudio\\tools\\gnu tools arm embedded\\11.3 2022.08\\arm-none-eabi\\include\\sys
 821              		.file 9 "../../../os/rt/include/chearly.h"
 822              		.file 10 "../../../os/common/ext/ST/STM32H7xx/stm32h743xx.h"
 823              		.file 11 "../../../os/hal/ports/STM32/LLD/DMAv2/stm32_dma.h"
 824              		.file 12 "../../../os/hal/include/hal_sai.h"
 825              		.file 13 "../../../os/hal/ports/STM32/LLD/SAIv1/hal_sai_lld.h"
 826              		.section	.debug_info,"",%progbits
 827              	.Ldebug_info0:
 828 0000 A50B0000 		.4byte	0xba5
 829 0004 0500     		.2byte	0x5
 830 0006 01       		.byte	0x1
 831 0007 04       		.byte	0x4
 832 0008 00000000 		.4byte	.Ldebug_abbrev0
 833 000c 1D       		.uleb128 0x1d
 834 000d D2000000 		.4byte	.LASF88
 835 0011 1D       		.byte	0x1d
 836 0012 39000000 		.4byte	.LASF89
 837 0016 45030000 		.4byte	.LASF90
 838 001a 84000000 		.4byte	.LLRL29
 839 001e 00000000 		.4byte	0
 840 0022 00000000 		.4byte	.Ldebug_line0
 841 0026 1E       		.uleb128 0x1e
 842 0027 04       		.byte	0x4
 843 0028 05       		.byte	0x5
 844 0029 696E7400 		.ascii	"int\000"
 845 002d 04       		.uleb128 0x4
 846 002e 7A000000 		.4byte	.LASF4
 847 0032 06       		.byte	0x6
 848 0033 D1       		.byte	0xd1
 849 0034 17       		.byte	0x17
 850 0035 39000000 		.4byte	0x39
 851 0039 05       		.uleb128 0x5
 852 003a 04       		.byte	0x4
 853 003b 07       		.byte	0x7
 854 003c D7040000 		.4byte	.LASF0
 855 0040 05       		.uleb128 0x5
ARM GAS  C:\Users\DEVELO~1\AppData\Local\Temp\cc3qt43h.s 			page 16


 856 0041 08       		.byte	0x8
 857 0042 05       		.byte	0x5
 858 0043 2A020000 		.4byte	.LASF1
 859 0047 05       		.uleb128 0x5
 860 0048 08       		.byte	0x8
 861 0049 04       		.byte	0x4
 862 004a 1E020000 		.4byte	.LASF2
 863 004e 05       		.uleb128 0x5
 864 004f 01       		.byte	0x1
 865 0050 06       		.byte	0x6
 866 0051 E0020000 		.4byte	.LASF3
 867 0055 04       		.uleb128 0x4
 868 0056 71020000 		.4byte	.LASF5
 869 005a 07       		.byte	0x7
 870 005b 2B       		.byte	0x2b
 871 005c 18       		.byte	0x18
 872 005d 61000000 		.4byte	0x61
 873 0061 05       		.uleb128 0x5
 874 0062 01       		.byte	0x1
 875 0063 08       		.byte	0x8
 876 0064 A4020000 		.4byte	.LASF6
 877 0068 05       		.uleb128 0x5
 878 0069 02       		.byte	0x2
 879 006a 05       		.byte	0x5
 880 006b 70000000 		.4byte	.LASF7
 881 006f 05       		.uleb128 0x5
 882 0070 02       		.byte	0x2
 883 0071 07       		.byte	0x7
 884 0072 BF030000 		.4byte	.LASF8
 885 0076 04       		.uleb128 0x4
 886 0077 95040000 		.4byte	.LASF9
 887 007b 07       		.byte	0x7
 888 007c 4D       		.byte	0x4d
 889 007d 18       		.byte	0x18
 890 007e 82000000 		.4byte	0x82
 891 0082 05       		.uleb128 0x5
 892 0083 04       		.byte	0x4
 893 0084 05       		.byte	0x5
 894 0085 EA030000 		.4byte	.LASF10
 895 0089 04       		.uleb128 0x4
 896 008a 81020000 		.4byte	.LASF11
 897 008e 07       		.byte	0x7
 898 008f 4F       		.byte	0x4f
 899 0090 19       		.byte	0x19
 900 0091 95000000 		.4byte	0x95
 901 0095 05       		.uleb128 0x5
 902 0096 04       		.byte	0x4
 903 0097 07       		.byte	0x7
 904 0098 9B030000 		.4byte	.LASF12
 905 009c 05       		.uleb128 0x5
 906 009d 08       		.byte	0x8
 907 009e 07       		.byte	0x7
 908 009f F6020000 		.4byte	.LASF13
 909 00a3 04       		.uleb128 0x4
 910 00a4 E8010000 		.4byte	.LASF14
 911 00a8 08       		.byte	0x8
 912 00a9 18       		.byte	0x18
ARM GAS  C:\Users\DEVELO~1\AppData\Local\Temp\cc3qt43h.s 			page 17


 913 00aa 13       		.byte	0x13
 914 00ab 55000000 		.4byte	0x55
 915 00af 04       		.uleb128 0x4
 916 00b0 FB030000 		.4byte	.LASF15
 917 00b4 08       		.byte	0x8
 918 00b5 2C       		.byte	0x2c
 919 00b6 13       		.byte	0x13
 920 00b7 76000000 		.4byte	0x76
 921 00bb 04       		.uleb128 0x4
 922 00bc 12030000 		.4byte	.LASF16
 923 00c0 08       		.byte	0x8
 924 00c1 30       		.byte	0x30
 925 00c2 14       		.byte	0x14
 926 00c3 89000000 		.4byte	0x89
 927 00c7 1F       		.uleb128 0x1f
 928 00c8 BB000000 		.4byte	0xbb
 929 00cc 04       		.uleb128 0x4
 930 00cd F0040000 		.4byte	.LASF17
 931 00d1 09       		.byte	0x9
 932 00d2 58       		.byte	0x58
 933 00d3 19       		.byte	0x19
 934 00d4 AF000000 		.4byte	0xaf
 935 00d8 05       		.uleb128 0x5
 936 00d9 01       		.byte	0x1
 937 00da 08       		.byte	0x8
 938 00db E5030000 		.4byte	.LASF18
 939 00df 0A       		.uleb128 0xa
 940 00e0 D8000000 		.4byte	0xd8
 941 00e4 20       		.uleb128 0x20
 942 00e5 04       		.byte	0x4
 943 00e6 13       		.uleb128 0x13
 944 00e7 18       		.byte	0x18
 945 00e8 0A       		.byte	0xa
 946 00e9 3002     		.2byte	0x230
 947 00eb 43010000 		.4byte	0x143
 948 00ef 06       		.uleb128 0x6
 949 00f0 435200   		.ascii	"CR\000"
 950 00f3 0A       		.byte	0xa
 951 00f4 3202     		.2byte	0x232
 952 00f6 11       		.byte	0x11
 953 00f7 C7000000 		.4byte	0xc7
 954 00fb 00       		.byte	0
 955 00fc 03       		.uleb128 0x3
 956 00fd F7010000 		.4byte	.LASF19
 957 0101 0A       		.byte	0xa
 958 0102 3302     		.2byte	0x233
 959 0104 11       		.byte	0x11
 960 0105 C7000000 		.4byte	0xc7
 961 0109 04       		.byte	0x4
 962 010a 06       		.uleb128 0x6
 963 010b 50415200 		.ascii	"PAR\000"
 964 010f 0A       		.byte	0xa
 965 0110 3402     		.2byte	0x234
 966 0112 11       		.byte	0x11
 967 0113 C7000000 		.4byte	0xc7
 968 0117 08       		.byte	0x8
 969 0118 03       		.uleb128 0x3
ARM GAS  C:\Users\DEVELO~1\AppData\Local\Temp\cc3qt43h.s 			page 18


 970 0119 49040000 		.4byte	.LASF20
 971 011d 0A       		.byte	0xa
 972 011e 3502     		.2byte	0x235
 973 0120 11       		.byte	0x11
 974 0121 C7000000 		.4byte	0xc7
 975 0125 0C       		.byte	0xc
 976 0126 03       		.uleb128 0x3
 977 0127 E0030000 		.4byte	.LASF21
 978 012b 0A       		.byte	0xa
 979 012c 3602     		.2byte	0x236
 980 012e 11       		.byte	0x11
 981 012f C7000000 		.4byte	0xc7
 982 0133 10       		.byte	0x10
 983 0134 06       		.uleb128 0x6
 984 0135 46435200 		.ascii	"FCR\000"
 985 0139 0A       		.byte	0xa
 986 013a 3702     		.2byte	0x237
 987 013c 11       		.byte	0x11
 988 013d C7000000 		.4byte	0xc7
 989 0141 14       		.byte	0x14
 990 0142 00       		.byte	0
 991 0143 14       		.uleb128 0x14
 992 0144 57000000 		.4byte	.LASF22
 993 0148 0A       		.byte	0xa
 994 0149 3802     		.2byte	0x238
 995 014b 03       		.byte	0x3
 996 014c E6000000 		.4byte	0xe6
 997 0150 13       		.uleb128 0x13
 998 0151 04       		.byte	0x4
 999 0152 0A       		.byte	0xa
 1000 0153 5102     		.2byte	0x251
 1001 0155 68010000 		.4byte	0x168
 1002 0159 06       		.uleb128 0x6
 1003 015a 43435200 		.ascii	"CCR\000"
 1004 015e 0A       		.byte	0xa
 1005 015f 5302     		.2byte	0x253
 1006 0161 12       		.byte	0x12
 1007 0162 C7000000 		.4byte	0xc7
 1008 0166 00       		.byte	0
 1009 0167 00       		.byte	0
 1010 0168 14       		.uleb128 0x14
 1011 0169 AC010000 		.4byte	.LASF23
 1012 016d 0A       		.byte	0xa
 1013 016e 5402     		.2byte	0x254
 1014 0170 02       		.byte	0x2
 1015 0171 50010000 		.4byte	0x150
 1016 0175 13       		.uleb128 0x13
 1017 0176 4C       		.byte	0x4c
 1018 0177 0A       		.byte	0xa
 1019 0178 5405     		.2byte	0x554
 1020 017a B7010000 		.4byte	0x1b7
 1021 017e 06       		.uleb128 0x6
 1022 017f 47435200 		.ascii	"GCR\000"
 1023 0183 0A       		.byte	0xa
 1024 0184 5605     		.2byte	0x556
 1025 0186 11       		.byte	0x11
 1026 0187 C7000000 		.4byte	0xc7
ARM GAS  C:\Users\DEVELO~1\AppData\Local\Temp\cc3qt43h.s 			page 19


 1027 018b 00       		.byte	0
 1028 018c 03       		.uleb128 0x3
 1029 018d 3F040000 		.4byte	.LASF24
 1030 0191 0A       		.byte	0xa
 1031 0192 5705     		.2byte	0x557
 1032 0194 11       		.byte	0x11
 1033 0195 B7010000 		.4byte	0x1b7
 1034 0199 04       		.byte	0x4
 1035 019a 03       		.uleb128 0x3
 1036 019b 1E000000 		.4byte	.LASF25
 1037 019f 0A       		.byte	0xa
 1038 01a0 5805     		.2byte	0x558
 1039 01a2 11       		.byte	0x11
 1040 01a3 C7000000 		.4byte	0xc7
 1041 01a7 44       		.byte	0x44
 1042 01a8 03       		.uleb128 0x3
 1043 01a9 41020000 		.4byte	.LASF26
 1044 01ad 0A       		.byte	0xa
 1045 01ae 5905     		.2byte	0x559
 1046 01b0 11       		.byte	0x11
 1047 01b1 C7000000 		.4byte	0xc7
 1048 01b5 48       		.byte	0x48
 1049 01b6 00       		.byte	0
 1050 01b7 0D       		.uleb128 0xd
 1051 01b8 BB000000 		.4byte	0xbb
 1052 01bc C7010000 		.4byte	0x1c7
 1053 01c0 0E       		.uleb128 0xe
 1054 01c1 39000000 		.4byte	0x39
 1055 01c5 0F       		.byte	0xf
 1056 01c6 00       		.byte	0
 1057 01c7 14       		.uleb128 0x14
 1058 01c8 99010000 		.4byte	.LASF27
 1059 01cc 0A       		.byte	0xa
 1060 01cd 5A05     		.2byte	0x55a
 1061 01cf 03       		.byte	0x3
 1062 01d0 75010000 		.4byte	0x175
 1063 01d4 13       		.uleb128 0x13
 1064 01d5 20       		.byte	0x20
 1065 01d6 0A       		.byte	0xa
 1066 01d7 5C05     		.2byte	0x55c
 1067 01d9 4C020000 		.4byte	0x24c
 1068 01dd 06       		.uleb128 0x6
 1069 01de 43523100 		.ascii	"CR1\000"
 1070 01e2 0A       		.byte	0xa
 1071 01e3 5E05     		.2byte	0x55e
 1072 01e5 11       		.byte	0x11
 1073 01e6 C7000000 		.4byte	0xc7
 1074 01ea 00       		.byte	0
 1075 01eb 06       		.uleb128 0x6
 1076 01ec 43523200 		.ascii	"CR2\000"
 1077 01f0 0A       		.byte	0xa
 1078 01f1 5F05     		.2byte	0x55f
 1079 01f3 11       		.byte	0x11
 1080 01f4 C7000000 		.4byte	0xc7
 1081 01f8 04       		.byte	0x4
 1082 01f9 03       		.uleb128 0x3
 1083 01fa 0D030000 		.4byte	.LASF28
ARM GAS  C:\Users\DEVELO~1\AppData\Local\Temp\cc3qt43h.s 			page 20


 1084 01fe 0A       		.byte	0xa
 1085 01ff 6005     		.2byte	0x560
 1086 0201 11       		.byte	0x11
 1087 0202 C7000000 		.4byte	0xc7
 1088 0206 08       		.byte	0x8
 1089 0207 03       		.uleb128 0x3
 1090 0208 92020000 		.4byte	.LASF29
 1091 020c 0A       		.byte	0xa
 1092 020d 6105     		.2byte	0x561
 1093 020f 11       		.byte	0x11
 1094 0210 C7000000 		.4byte	0xc7
 1095 0214 0C       		.byte	0xc
 1096 0215 06       		.uleb128 0x6
 1097 0216 494D5200 		.ascii	"IMR\000"
 1098 021a 0A       		.byte	0xa
 1099 021b 6205     		.2byte	0x562
 1100 021d 11       		.byte	0x11
 1101 021e C7000000 		.4byte	0xc7
 1102 0222 10       		.byte	0x10
 1103 0223 06       		.uleb128 0x6
 1104 0224 535200   		.ascii	"SR\000"
 1105 0227 0A       		.byte	0xa
 1106 0228 6305     		.2byte	0x563
 1107 022a 11       		.byte	0x11
 1108 022b C7000000 		.4byte	0xc7
 1109 022f 14       		.byte	0x14
 1110 0230 03       		.uleb128 0x3
 1111 0231 71040000 		.4byte	.LASF30
 1112 0235 0A       		.byte	0xa
 1113 0236 6405     		.2byte	0x564
 1114 0238 11       		.byte	0x11
 1115 0239 C7000000 		.4byte	0xc7
 1116 023d 18       		.byte	0x18
 1117 023e 06       		.uleb128 0x6
 1118 023f 445200   		.ascii	"DR\000"
 1119 0242 0A       		.byte	0xa
 1120 0243 6505     		.2byte	0x565
 1121 0245 11       		.byte	0x11
 1122 0246 C7000000 		.4byte	0xc7
 1123 024a 1C       		.byte	0x1c
 1124 024b 00       		.byte	0
 1125 024c 14       		.uleb128 0x14
 1126 024d 87010000 		.4byte	.LASF31
 1127 0251 0A       		.byte	0xa
 1128 0252 6605     		.2byte	0x566
 1129 0254 03       		.byte	0x3
 1130 0255 D4010000 		.4byte	0x1d4
 1131 0259 05       		.uleb128 0x5
 1132 025a 01       		.byte	0x1
 1133 025b 02       		.byte	0x2
 1134 025c 11040000 		.4byte	.LASF32
 1135 0260 13       		.uleb128 0x13
 1136 0261 10       		.byte	0x10
 1137 0262 0B       		.byte	0xb
 1138 0263 A701     		.2byte	0x1a7
 1139 0265 BE020000 		.4byte	0x2be
 1140 0269 03       		.uleb128 0x3
ARM GAS  C:\Users\DEVELO~1\AppData\Local\Temp\cc3qt43h.s 			page 21


 1141 026a 5C020000 		.4byte	.LASF33
 1142 026e 0B       		.byte	0xb
 1143 026f A801     		.2byte	0x1a8
 1144 0271 1A       		.byte	0x1a
 1145 0272 BE020000 		.4byte	0x2be
 1146 0276 00       		.byte	0
 1147 0277 03       		.uleb128 0x3
 1148 0278 EB040000 		.4byte	.LASF34
 1149 027c 0B       		.byte	0xb
 1150 027d A901     		.2byte	0x1a9
 1151 027f 1A       		.byte	0x1a
 1152 0280 C3020000 		.4byte	0x2c3
 1153 0284 04       		.byte	0x4
 1154 0285 06       		.uleb128 0x6
 1155 0286 6D757800 		.ascii	"mux\000"
 1156 028a 0B       		.byte	0xb
 1157 028b AB01     		.2byte	0x1ab
 1158 028d 1B       		.byte	0x1b
 1159 028e C8020000 		.4byte	0x2c8
 1160 0292 08       		.byte	0x8
 1161 0293 03       		.uleb128 0x3
 1162 0294 56020000 		.4byte	.LASF35
 1163 0298 0B       		.byte	0xb
 1164 0299 AF01     		.2byte	0x1af
 1165 029b 19       		.byte	0x19
 1166 029c A3000000 		.4byte	0xa3
 1167 02a0 0C       		.byte	0xc
 1168 02a1 03       		.uleb128 0x3
 1169 02a2 31030000 		.4byte	.LASF36
 1170 02a6 0B       		.byte	0xb
 1171 02a7 B101     		.2byte	0x1b1
 1172 02a9 19       		.byte	0x19
 1173 02aa A3000000 		.4byte	0xa3
 1174 02ae 0D       		.byte	0xd
 1175 02af 03       		.uleb128 0x3
 1176 02b0 F0010000 		.4byte	.LASF37
 1177 02b4 0B       		.byte	0xb
 1178 02b5 B201     		.2byte	0x1b2
 1179 02b7 19       		.byte	0x19
 1180 02b8 A3000000 		.4byte	0xa3
 1181 02bc 0E       		.byte	0xe
 1182 02bd 00       		.byte	0
 1183 02be 07       		.uleb128 0x7
 1184 02bf 43010000 		.4byte	0x143
 1185 02c3 07       		.uleb128 0x7
 1186 02c4 C7000000 		.4byte	0xc7
 1187 02c8 07       		.uleb128 0x7
 1188 02c9 68010000 		.4byte	0x168
 1189 02cd 14       		.uleb128 0x14
 1190 02ce C3010000 		.4byte	.LASF38
 1191 02d2 0B       		.byte	0xb
 1192 02d3 B301     		.2byte	0x1b3
 1193 02d5 03       		.byte	0x3
 1194 02d6 60020000 		.4byte	0x260
 1195 02da 0A       		.uleb128 0xa
 1196 02db CD020000 		.4byte	0x2cd
 1197 02df 07       		.uleb128 0x7
ARM GAS  C:\Users\DEVELO~1\AppData\Local\Temp\cc3qt43h.s 			page 22


 1198 02e0 DA020000 		.4byte	0x2da
 1199 02e4 21       		.uleb128 0x21
 1200 02e5 07       		.byte	0x7
 1201 02e6 01       		.byte	0x1
 1202 02e7 61000000 		.4byte	0x61
 1203 02eb 0C       		.byte	0xc
 1204 02ec 25       		.byte	0x25
 1205 02ed 0E       		.byte	0xe
 1206 02ee 0B030000 		.4byte	0x30b
 1207 02f2 18       		.uleb128 0x18
 1208 02f3 00000000 		.4byte	.LASF39
 1209 02f7 00       		.byte	0
 1210 02f8 18       		.uleb128 0x18
 1211 02f9 FF040000 		.4byte	.LASF40
 1212 02fd 01       		.byte	0x1
 1213 02fe 18       		.uleb128 0x18
 1214 02ff 14000000 		.4byte	.LASF41
 1215 0303 02       		.byte	0x2
 1216 0304 18       		.uleb128 0x18
 1217 0305 A3000000 		.4byte	.LASF42
 1218 0309 03       		.byte	0x3
 1219 030a 00       		.byte	0
 1220 030b 04       		.uleb128 0x4
 1221 030c FC010000 		.4byte	.LASF43
 1222 0310 0C       		.byte	0xc
 1223 0311 2A       		.byte	0x2a
 1224 0312 03       		.byte	0x3
 1225 0313 E4020000 		.4byte	0x2e4
 1226 0317 04       		.uleb128 0x4
 1227 0318 EC020000 		.4byte	.LASF44
 1228 031c 0C       		.byte	0xc
 1229 031d 2F       		.byte	0x2f
 1230 031e 1F       		.byte	0x1f
 1231 031f 23030000 		.4byte	0x323
 1232 0323 1B       		.uleb128 0x1b
 1233 0324 C2040000 		.4byte	.LASF59
 1234 0328 38       		.byte	0x38
 1235 0329 45       		.byte	0x45
 1236 032a D6030000 		.4byte	0x3d6
 1237 032e 02       		.uleb128 0x2
 1238 032f 6A000000 		.4byte	.LASF45
 1239 0333 49       		.byte	0x49
 1240 0334 1D       		.byte	0x1d
 1241 0335 0B030000 		.4byte	0x30b
 1242 0339 00       		.byte	0
 1243 033a 02       		.uleb128 0x2
 1244 033b A5010000 		.4byte	.LASF46
 1245 033f 4D       		.byte	0x4d
 1246 0340 1E       		.byte	0x1e
 1247 0341 8E040000 		.4byte	0x48e
 1248 0345 04       		.byte	0x4
 1249 0346 19       		.uleb128 0x19
 1250 0347 73616900 		.ascii	"sai\000"
 1251 034b 55       		.byte	0x55
 1252 034c 93040000 		.4byte	0x493
 1253 0350 08       		.byte	0x8
 1254 0351 02       		.uleb128 0x2
ARM GAS  C:\Users\DEVELO~1\AppData\Local\Temp\cc3qt43h.s 			page 23


 1255 0352 9F040000 		.4byte	.LASF47
 1256 0356 55       		.byte	0x55
 1257 0357 03       		.byte	0x3
 1258 0358 98040000 		.4byte	0x498
 1259 035c 0C       		.byte	0xc
 1260 035d 02       		.uleb128 0x2
 1261 035e 7B020000 		.4byte	.LASF48
 1262 0362 55       		.byte	0x55
 1263 0363 03       		.byte	0x3
 1264 0364 A3000000 		.4byte	0xa3
 1265 0368 10       		.byte	0x10
 1266 0369 02       		.uleb128 0x2
 1267 036a 33000000 		.4byte	.LASF49
 1268 036e 55       		.byte	0x55
 1269 036f 03       		.byte	0x3
 1270 0370 DF020000 		.4byte	0x2df
 1271 0374 14       		.byte	0x14
 1272 0375 02       		.uleb128 0x2
 1273 0376 AD030000 		.4byte	.LASF50
 1274 037a 55       		.byte	0x55
 1275 037b 03       		.byte	0x3
 1276 037c DF020000 		.4byte	0x2df
 1277 0380 18       		.byte	0x18
 1278 0381 02       		.uleb128 0x2
 1279 0382 B2020000 		.4byte	.LASF51
 1280 0386 55       		.byte	0x55
 1281 0387 03       		.byte	0x3
 1282 0388 BB000000 		.4byte	0xbb
 1283 038c 1C       		.byte	0x1c
 1284 038d 02       		.uleb128 0x2
 1285 038e 3B030000 		.4byte	.LASF52
 1286 0392 55       		.byte	0x55
 1287 0393 03       		.byte	0x3
 1288 0394 BB000000 		.4byte	0xbb
 1289 0398 20       		.byte	0x20
 1290 0399 02       		.uleb128 0x2
 1291 039a DA030000 		.4byte	.LASF53
 1292 039e 55       		.byte	0x55
 1293 039f 03       		.byte	0x3
 1294 03a0 9D040000 		.4byte	0x49d
 1295 03a4 24       		.byte	0x24
 1296 03a5 02       		.uleb128 0x2
 1297 03a6 D1040000 		.4byte	.LASF54
 1298 03aa 55       		.byte	0x55
 1299 03ab 03       		.byte	0x3
 1300 03ac E4000000 		.4byte	0xe4
 1301 03b0 28       		.byte	0x28
 1302 03b1 02       		.uleb128 0x2
 1303 03b2 77040000 		.4byte	.LASF55
 1304 03b6 55       		.byte	0x55
 1305 03b7 03       		.byte	0x3
 1306 03b8 2D000000 		.4byte	0x2d
 1307 03bc 2C       		.byte	0x2c
 1308 03bd 02       		.uleb128 0x2
 1309 03be B3030000 		.4byte	.LASF56
 1310 03c2 55       		.byte	0x55
 1311 03c3 03       		.byte	0x3
ARM GAS  C:\Users\DEVELO~1\AppData\Local\Temp\cc3qt43h.s 			page 24


 1312 03c4 BB000000 		.4byte	0xbb
 1313 03c8 30       		.byte	0x30
 1314 03c9 02       		.uleb128 0x2
 1315 03ca 48020000 		.4byte	.LASF57
 1316 03ce 55       		.byte	0x55
 1317 03cf 03       		.byte	0x3
 1318 03d0 BB000000 		.4byte	0xbb
 1319 03d4 34       		.byte	0x34
 1320 03d5 00       		.byte	0
 1321 03d6 04       		.uleb128 0x4
 1322 03d7 AE000000 		.4byte	.LASF58
 1323 03db 0C       		.byte	0xc
 1324 03dc 34       		.byte	0x34
 1325 03dd 1F       		.byte	0x1f
 1326 03de E7030000 		.4byte	0x3e7
 1327 03e2 0A       		.uleb128 0xa
 1328 03e3 D6030000 		.4byte	0x3d6
 1329 03e7 1B       		.uleb128 0x1b
 1330 03e8 24000000 		.4byte	.LASF60
 1331 03ec 28       		.byte	0x28
 1332 03ed 5B       		.byte	0x5b
 1333 03ee 68040000 		.4byte	0x468
 1334 03f2 02       		.uleb128 0x2
 1335 03f3 BC020000 		.4byte	.LASF61
 1336 03f7 60       		.byte	0x60
 1337 03f8 1E       		.byte	0x1e
 1338 03f9 9D040000 		.4byte	0x49d
 1339 03fd 00       		.byte	0
 1340 03fe 02       		.uleb128 0x2
 1341 03ff 2D040000 		.4byte	.LASF62
 1342 0403 65       		.byte	0x65
 1343 0404 1E       		.byte	0x1e
 1344 0405 E4000000 		.4byte	0xe4
 1345 0409 04       		.byte	0x4
 1346 040a 02       		.uleb128 0x2
 1347 040b 84040000 		.4byte	.LASF63
 1348 040f 69       		.byte	0x69
 1349 0410 1D       		.byte	0x1d
 1350 0411 2D000000 		.4byte	0x2d
 1351 0415 08       		.byte	0x8
 1352 0416 02       		.uleb128 0x2
 1353 0417 E4040000 		.4byte	.LASF64
 1354 041b 6D       		.byte	0x6d
 1355 041c 1D       		.byte	0x1d
 1356 041d 68040000 		.4byte	0x468
 1357 0421 0C       		.byte	0xc
 1358 0422 19       		.uleb128 0x19
 1359 0423 67637200 		.ascii	"gcr\000"
 1360 0427 6F       		.byte	0x6f
 1361 0428 BB000000 		.4byte	0xbb
 1362 042c 10       		.byte	0x10
 1363 042d 19       		.uleb128 0x19
 1364 042e 63723100 		.ascii	"cr1\000"
 1365 0432 6F       		.byte	0x6f
 1366 0433 BB000000 		.4byte	0xbb
 1367 0437 14       		.byte	0x14
 1368 0438 19       		.uleb128 0x19
ARM GAS  C:\Users\DEVELO~1\AppData\Local\Temp\cc3qt43h.s 			page 25


 1369 0439 63723200 		.ascii	"cr2\000"
 1370 043d 6F       		.byte	0x6f
 1371 043e BB000000 		.4byte	0xbb
 1372 0442 18       		.byte	0x18
 1373 0443 02       		.uleb128 0x2
 1374 0444 7F040000 		.4byte	.LASF65
 1375 0448 6F       		.byte	0x6f
 1376 0449 03       		.byte	0x3
 1377 044a BB000000 		.4byte	0xbb
 1378 044e 1C       		.byte	0x1c
 1379 044f 02       		.uleb128 0x2
 1380 0450 8C020000 		.4byte	.LASF66
 1381 0454 6F       		.byte	0x6f
 1382 0455 03       		.byte	0x3
 1383 0456 BB000000 		.4byte	0xbb
 1384 045a 20       		.byte	0x20
 1385 045b 02       		.uleb128 0x2
 1386 045c 38020000 		.4byte	.LASF67
 1387 0460 6F       		.byte	0x6f
 1388 0461 03       		.byte	0x3
 1389 0462 BB000000 		.4byte	0xbb
 1390 0466 24       		.byte	0x24
 1391 0467 00       		.byte	0
 1392 0468 04       		.uleb128 0x4
 1393 0469 63020000 		.4byte	.LASF68
 1394 046d 0C       		.byte	0xc
 1395 046e 3C       		.byte	0x3c
 1396 046f 10       		.byte	0x10
 1397 0470 74040000 		.4byte	0x474
 1398 0474 07       		.uleb128 0x7
 1399 0475 79040000 		.4byte	0x479
 1400 0479 22       		.uleb128 0x22
 1401 047a 89040000 		.4byte	0x489
 1402 047e 08       		.uleb128 0x8
 1403 047f 89040000 		.4byte	0x489
 1404 0483 08       		.uleb128 0x8
 1405 0484 59020000 		.4byte	0x259
 1406 0488 00       		.byte	0
 1407 0489 07       		.uleb128 0x7
 1408 048a 17030000 		.4byte	0x317
 1409 048e 07       		.uleb128 0x7
 1410 048f E2030000 		.4byte	0x3e2
 1411 0493 07       		.uleb128 0x7
 1412 0494 C7010000 		.4byte	0x1c7
 1413 0498 07       		.uleb128 0x7
 1414 0499 4C020000 		.4byte	0x24c
 1415 049d 07       		.uleb128 0x7
 1416 049e A2040000 		.4byte	0x4a2
 1417 04a2 23       		.uleb128 0x23
 1418 04a3 15       		.uleb128 0x15
 1419 04a4 1B030000 		.4byte	.LASF69
 1420 04a8 6501     		.2byte	0x165
 1421 04aa B4040000 		.4byte	0x4b4
 1422 04ae 08       		.uleb128 0x8
 1423 04af 89040000 		.4byte	0x489
 1424 04b3 00       		.byte	0
 1425 04b4 15       		.uleb128 0x15
ARM GAS  C:\Users\DEVELO~1\AppData\Local\Temp\cc3qt43h.s 			page 26


 1426 04b5 07020000 		.4byte	.LASF70
 1427 04b9 6101     		.2byte	0x161
 1428 04bb C5040000 		.4byte	0x4c5
 1429 04bf 08       		.uleb128 0x8
 1430 04c0 89040000 		.4byte	0x489
 1431 04c4 00       		.byte	0
 1432 04c5 15       		.uleb128 0x15
 1433 04c6 81000000 		.4byte	.LASF71
 1434 04ca 5D01     		.2byte	0x15d
 1435 04cc E5040000 		.4byte	0x4e5
 1436 04d0 08       		.uleb128 0x8
 1437 04d1 89040000 		.4byte	0x489
 1438 04d5 08       		.uleb128 0x8
 1439 04d6 9D040000 		.4byte	0x49d
 1440 04da 08       		.uleb128 0x8
 1441 04db E4000000 		.4byte	0xe4
 1442 04df 08       		.uleb128 0x8
 1443 04e0 2D000000 		.4byte	0x2d
 1444 04e4 00       		.byte	0
 1445 04e5 15       		.uleb128 0x15
 1446 04e6 DB010000 		.4byte	.LASF72
 1447 04ea 5B01     		.2byte	0x15b
 1448 04ec F6040000 		.4byte	0x4f6
 1449 04f0 08       		.uleb128 0x8
 1450 04f1 89040000 		.4byte	0x489
 1451 04f5 00       		.byte	0
 1452 04f6 15       		.uleb128 0x15
 1453 04f7 A6040000 		.4byte	.LASF73
 1454 04fb 5A01     		.2byte	0x15a
 1455 04fd 07050000 		.4byte	0x507
 1456 0501 08       		.uleb128 0x8
 1457 0502 89040000 		.4byte	0x489
 1458 0506 00       		.byte	0
 1459 0507 24       		.uleb128 0x24
 1460 0508 5C040000 		.4byte	.LASF91
 1461 050c 0D       		.byte	0xd
 1462 050d 5501     		.2byte	0x155
 1463 050f 08       		.byte	0x8
 1464 0510 10       		.uleb128 0x10
 1465 0511 B8000000 		.4byte	.LASF74
 1466 0515 B3       		.byte	0xb3
 1467 0516 00000000 		.4byte	.LFB438
 1468 051a 1A000000 		.4byte	.LFE438-.LFB438
 1469 051e 01       		.uleb128 0x1
 1470 051f 9C       		.byte	0x9c
 1471 0520 05060000 		.4byte	0x605
 1472 0524 0B       		.uleb128 0xb
 1473 0525 D6010000 		.4byte	.LASF76
 1474 0529 B3       		.byte	0xb3
 1475 052a 21       		.byte	0x21
 1476 052b 89040000 		.4byte	0x489
 1477 052f 10000000 		.4byte	.LLST24
 1478 0533 0C000000 		.4byte	.LVUS24
 1479 0537 11       		.uleb128 0x11
 1480 0538 C6020000 		.4byte	.LASF77
 1481 053c 15060000 		.4byte	0x615
 1482 0540 0F       		.uleb128 0xf
ARM GAS  C:\Users\DEVELO~1\AppData\Local\Temp\cc3qt43h.s 			page 27


 1483 0541 3F0B0000 		.4byte	0xb3f
 1484 0545 00000000 		.4byte	.LBI183
 1485 0549 05       		.byte	.LVU206
 1486 054a 69000000 		.4byte	.LLRL25
 1487 054e B7       		.byte	0xb7
 1488 054f 97050000 		.4byte	0x597
 1489 0553 01       		.uleb128 0x1
 1490 0554 750B0000 		.4byte	0xb75
 1491 0558 00000000 		.4byte	.LBI184
 1492 055c 07       		.byte	.LVU208
 1493 055d 69000000 		.4byte	.LLRL25
 1494 0561 02       		.byte	0x2
 1495 0562 3F02     		.2byte	0x23f
 1496 0564 01       		.uleb128 0x1
 1497 0565 870B0000 		.4byte	0xb87
 1498 0569 00000000 		.4byte	.LBI185
 1499 056d 09       		.byte	.LVU210
 1500 056e 69000000 		.4byte	.LLRL25
 1501 0572 03       		.byte	0x3
 1502 0573 9901     		.2byte	0x199
 1503 0575 01       		.uleb128 0x1
 1504 0576 900B0000 		.4byte	0xb90
 1505 057a 00000000 		.4byte	.LBI186
 1506 057e 0B       		.byte	.LVU212
 1507 057f 69000000 		.4byte	.LLRL25
 1508 0583 04       		.byte	0x4
 1509 0584 3F03     		.2byte	0x33f
 1510 0586 09       		.uleb128 0x9
 1511 0587 9A0B0000 		.4byte	0xb9a
 1512 058b 22000000 		.4byte	.LLST26
 1513 058f 20000000 		.4byte	.LVUS26
 1514 0593 00       		.byte	0
 1515 0594 00       		.byte	0
 1516 0595 00       		.byte	0
 1517 0596 00       		.byte	0
 1518 0597 0F       		.uleb128 0xf
 1519 0598 360B0000 		.4byte	0xb36
 1520 059c 14000000 		.4byte	.LBI198
 1521 05a0 02       		.byte	.LVU230
 1522 05a1 78000000 		.4byte	.LLRL27
 1523 05a5 BA       		.byte	0xba
 1524 05a6 F4050000 		.4byte	0x5f4
 1525 05aa 01       		.uleb128 0x1
 1526 05ab 480B0000 		.4byte	0xb48
 1527 05af 14000000 		.4byte	.LBI199
 1528 05b3 04       		.byte	.LVU232
 1529 05b4 78000000 		.4byte	.LLRL27
 1530 05b8 02       		.byte	0x2
 1531 05b9 4A02     		.2byte	0x24a
 1532 05bb 1A       		.uleb128 0x1a
 1533 05bc 78000000 		.4byte	.LLRL27
 1534 05c0 01       		.uleb128 0x1
 1535 05c1 7E0B0000 		.4byte	0xb7e
 1536 05c5 14000000 		.4byte	.LBI201
 1537 05c9 0B       		.byte	.LVU239
 1538 05ca 78000000 		.4byte	.LLRL27
 1539 05ce 03       		.byte	0x3
ARM GAS  C:\Users\DEVELO~1\AppData\Local\Temp\cc3qt43h.s 			page 28


 1540 05cf B201     		.2byte	0x1b2
 1541 05d1 01       		.uleb128 0x1
 1542 05d2 900B0000 		.4byte	0xb90
 1543 05d6 14000000 		.4byte	.LBI202
 1544 05da 0D       		.byte	.LVU241
 1545 05db 78000000 		.4byte	.LLRL27
 1546 05df 04       		.byte	0x4
 1547 05e0 5203     		.2byte	0x352
 1548 05e2 09       		.uleb128 0x9
 1549 05e3 9A0B0000 		.4byte	0xb9a
 1550 05e7 2F000000 		.4byte	.LLST28
 1551 05eb 2D000000 		.4byte	.LVUS28
 1552 05ef 00       		.byte	0
 1553 05f0 00       		.byte	0
 1554 05f1 00       		.byte	0
 1555 05f2 00       		.byte	0
 1556 05f3 00       		.byte	0
 1557 05f4 16       		.uleb128 0x16
 1558 05f5 0E000000 		.4byte	.LVL24
 1559 05f9 A3040000 		.4byte	0x4a3
 1560 05fd 0C       		.uleb128 0xc
 1561 05fe 01       		.uleb128 0x1
 1562 05ff 50       		.byte	0x50
 1563 0600 02       		.uleb128 0x2
 1564 0601 74       		.byte	0x74
 1565 0602 00       		.sleb128 0
 1566 0603 00       		.byte	0
 1567 0604 00       		.byte	0
 1568 0605 0D       		.uleb128 0xd
 1569 0606 DF000000 		.4byte	0xdf
 1570 060a 15060000 		.4byte	0x615
 1571 060e 0E       		.uleb128 0xe
 1572 060f 39000000 		.4byte	0x39
 1573 0613 0F       		.byte	0xf
 1574 0614 00       		.byte	0
 1575 0615 0A       		.uleb128 0xa
 1576 0616 05060000 		.4byte	0x605
 1577 061a 10       		.uleb128 0x10
 1578 061b CF020000 		.4byte	.LASF75
 1579 061f A2       		.byte	0xa2
 1580 0620 00000000 		.4byte	.LFB437
 1581 0624 28000000 		.4byte	.LFE437-.LFB437
 1582 0628 01       		.uleb128 0x1
 1583 0629 9C       		.byte	0x9c
 1584 062a 39070000 		.4byte	0x739
 1585 062e 0B       		.uleb128 0xb
 1586 062f D6010000 		.4byte	.LASF76
 1587 0633 A2       		.byte	0xa2
 1588 0634 22       		.byte	0x22
 1589 0635 89040000 		.4byte	0x489
 1590 0639 3D000000 		.4byte	.LLST17
 1591 063d 39000000 		.4byte	.LVUS17
 1592 0641 11       		.uleb128 0x11
 1593 0642 C6020000 		.4byte	.LASF77
 1594 0646 49070000 		.4byte	0x749
 1595 064a 25       		.uleb128 0x25
 1596 064b 51000000 		.4byte	.LLRL20
ARM GAS  C:\Users\DEVELO~1\AppData\Local\Temp\cc3qt43h.s 			page 29


 1597 064f 86060000 		.4byte	0x686
 1598 0653 26       		.uleb128 0x26
 1599 0654 F6040000 		.4byte	.LASF92
 1600 0658 01       		.byte	0x1
 1601 0659 A8       		.byte	0xa8
 1602 065a 03       		.byte	0x3
 1603 065b BB000000 		.4byte	0xbb
 1604 065f 4F000000 		.4byte	.LLST21
 1605 0663 4D000000 		.4byte	.LVUS21
 1606 0667 27       		.uleb128 0x27
 1607 0668 F3030000 		.4byte	.LASF80
 1608 066c 01       		.byte	0x1
 1609 066d A8       		.byte	0xa8
 1610 066e 03       		.byte	0x3
 1611 066f BB000000 		.4byte	0xbb
 1612 0673 01       		.uleb128 0x1
 1613 0674 53       		.byte	0x53
 1614 0675 16       		.uleb128 0x16
 1615 0676 0E000000 		.4byte	.LVL18
 1616 067a B4040000 		.4byte	0x4b4
 1617 067e 0C       		.uleb128 0xc
 1618 067f 01       		.uleb128 0x1
 1619 0680 50       		.byte	0x50
 1620 0681 02       		.uleb128 0x2
 1621 0682 74       		.byte	0x74
 1622 0683 00       		.sleb128 0
 1623 0684 00       		.byte	0
 1624 0685 00       		.byte	0
 1625 0686 0F       		.uleb128 0xf
 1626 0687 3F0B0000 		.4byte	0xb3f
 1627 068b 00000000 		.4byte	.LBI154
 1628 068f 05       		.byte	.LVU152
 1629 0690 42000000 		.4byte	.LLRL18
 1630 0694 A6       		.byte	0xa6
 1631 0695 DD060000 		.4byte	0x6dd
 1632 0699 01       		.uleb128 0x1
 1633 069a 750B0000 		.4byte	0xb75
 1634 069e 00000000 		.4byte	.LBI155
 1635 06a2 07       		.byte	.LVU154
 1636 06a3 42000000 		.4byte	.LLRL18
 1637 06a7 02       		.byte	0x2
 1638 06a8 3F02     		.2byte	0x23f
 1639 06aa 01       		.uleb128 0x1
 1640 06ab 870B0000 		.4byte	0xb87
 1641 06af 00000000 		.4byte	.LBI156
 1642 06b3 09       		.byte	.LVU156
 1643 06b4 42000000 		.4byte	.LLRL18
 1644 06b8 03       		.byte	0x3
 1645 06b9 9901     		.2byte	0x199
 1646 06bb 01       		.uleb128 0x1
 1647 06bc 900B0000 		.4byte	0xb90
 1648 06c0 00000000 		.4byte	.LBI157
 1649 06c4 0B       		.byte	.LVU158
 1650 06c5 42000000 		.4byte	.LLRL18
 1651 06c9 04       		.byte	0x4
 1652 06ca 3F03     		.2byte	0x33f
 1653 06cc 09       		.uleb128 0x9
ARM GAS  C:\Users\DEVELO~1\AppData\Local\Temp\cc3qt43h.s 			page 30


 1654 06cd 9A0B0000 		.4byte	0xb9a
 1655 06d1 5A000000 		.4byte	.LLST19
 1656 06d5 58000000 		.4byte	.LVUS19
 1657 06d9 00       		.byte	0
 1658 06da 00       		.byte	0
 1659 06db 00       		.byte	0
 1660 06dc 00       		.byte	0
 1661 06dd 28       		.uleb128 0x28
 1662 06de 360B0000 		.4byte	0xb36
 1663 06e2 22000000 		.4byte	.LBI170
 1664 06e6 05       		.byte	.LVU185
 1665 06e7 5D000000 		.4byte	.LLRL22
 1666 06eb 01       		.byte	0x1
 1667 06ec A9       		.byte	0xa9
 1668 06ed 03       		.byte	0x3
 1669 06ee 01       		.uleb128 0x1
 1670 06ef 480B0000 		.4byte	0xb48
 1671 06f3 22000000 		.4byte	.LBI171
 1672 06f7 07       		.byte	.LVU187
 1673 06f8 5D000000 		.4byte	.LLRL22
 1674 06fc 02       		.byte	0x2
 1675 06fd 4A02     		.2byte	0x24a
 1676 06ff 1A       		.uleb128 0x1a
 1677 0700 5D000000 		.4byte	.LLRL22
 1678 0704 01       		.uleb128 0x1
 1679 0705 7E0B0000 		.4byte	0xb7e
 1680 0709 22000000 		.4byte	.LBI173
 1681 070d 0E       		.byte	.LVU194
 1682 070e 5D000000 		.4byte	.LLRL22
 1683 0712 03       		.byte	0x3
 1684 0713 B201     		.2byte	0x1b2
 1685 0715 01       		.uleb128 0x1
 1686 0716 900B0000 		.4byte	0xb90
 1687 071a 22000000 		.4byte	.LBI174
 1688 071e 10       		.byte	.LVU196
 1689 071f 5D000000 		.4byte	.LLRL22
 1690 0723 04       		.byte	0x4
 1691 0724 5203     		.2byte	0x352
 1692 0726 09       		.uleb128 0x9
 1693 0727 9A0B0000 		.4byte	0xb9a
 1694 072b 67000000 		.4byte	.LLST23
 1695 072f 65000000 		.4byte	.LVUS23
 1696 0733 00       		.byte	0
 1697 0734 00       		.byte	0
 1698 0735 00       		.byte	0
 1699 0736 00       		.byte	0
 1700 0737 00       		.byte	0
 1701 0738 00       		.byte	0
 1702 0739 0D       		.uleb128 0xd
 1703 073a DF000000 		.4byte	0xdf
 1704 073e 49070000 		.4byte	0x749
 1705 0742 0E       		.uleb128 0xe
 1706 0743 39000000 		.4byte	0x39
 1707 0747 10       		.byte	0x10
 1708 0748 00       		.byte	0
 1709 0749 0A       		.uleb128 0xa
 1710 074a 39070000 		.4byte	0x739
ARM GAS  C:\Users\DEVELO~1\AppData\Local\Temp\cc3qt43h.s 			page 31


 1711 074e 10       		.uleb128 0x10
 1712 074f 4E040000 		.4byte	.LASF78
 1713 0753 8C       		.byte	0x8c
 1714 0754 00000000 		.4byte	.LFB436
 1715 0758 16000000 		.4byte	.LFE436-.LFB436
 1716 075c 01       		.uleb128 0x1
 1717 075d 9C       		.byte	0x9c
 1718 075e 9C080000 		.4byte	0x89c
 1719 0762 0B       		.uleb128 0xb
 1720 0763 D6010000 		.4byte	.LASF76
 1721 0767 8C       		.byte	0x8c
 1722 0768 1F       		.byte	0x1f
 1723 0769 89040000 		.4byte	0x489
 1724 076d 75000000 		.4byte	.LLST10
 1725 0771 71000000 		.4byte	.LVUS10
 1726 0775 0B       		.uleb128 0xb
 1727 0776 BC020000 		.4byte	.LASF61
 1728 077a 8D       		.byte	0x8d
 1729 077b 20       		.byte	0x20
 1730 077c 9D040000 		.4byte	0x49d
 1731 0780 8C000000 		.4byte	.LLST11
 1732 0784 88000000 		.4byte	.LVUS11
 1733 0788 0B       		.uleb128 0xb
 1734 0789 2D040000 		.4byte	.LASF62
 1735 078d 8E       		.byte	0x8e
 1736 078e 1A       		.byte	0x1a
 1737 078f E4000000 		.4byte	0xe4
 1738 0793 A3000000 		.4byte	.LLST12
 1739 0797 9F000000 		.4byte	.LVUS12
 1740 079b 0B       		.uleb128 0xb
 1741 079c 84040000 		.4byte	.LASF63
 1742 07a0 8F       		.byte	0x8f
 1743 07a1 1B       		.byte	0x1b
 1744 07a2 2D000000 		.4byte	0x2d
 1745 07a6 BA000000 		.4byte	.LLST13
 1746 07aa B6000000 		.4byte	.LVUS13
 1747 07ae 11       		.uleb128 0x11
 1748 07af C6020000 		.4byte	.LASF77
 1749 07b3 AC080000 		.4byte	0x8ac
 1750 07b7 0F       		.uleb128 0xf
 1751 07b8 3F0B0000 		.4byte	0xb3f
 1752 07bc 00000000 		.4byte	.LBI138
 1753 07c0 05       		.byte	.LVU114
 1754 07c1 36000000 		.4byte	.LLRL14
 1755 07c5 93       		.byte	0x93
 1756 07c6 0E080000 		.4byte	0x80e
 1757 07ca 01       		.uleb128 0x1
 1758 07cb 750B0000 		.4byte	0xb75
 1759 07cf 00000000 		.4byte	.LBI139
 1760 07d3 07       		.byte	.LVU116
 1761 07d4 36000000 		.4byte	.LLRL14
 1762 07d8 02       		.byte	0x2
 1763 07d9 3F02     		.2byte	0x23f
 1764 07db 01       		.uleb128 0x1
 1765 07dc 870B0000 		.4byte	0xb87
 1766 07e0 00000000 		.4byte	.LBI140
 1767 07e4 09       		.byte	.LVU118
ARM GAS  C:\Users\DEVELO~1\AppData\Local\Temp\cc3qt43h.s 			page 32


 1768 07e5 36000000 		.4byte	.LLRL14
 1769 07e9 03       		.byte	0x3
 1770 07ea 9901     		.2byte	0x199
 1771 07ec 01       		.uleb128 0x1
 1772 07ed 900B0000 		.4byte	0xb90
 1773 07f1 00000000 		.4byte	.LBI141
 1774 07f5 0B       		.byte	.LVU120
 1775 07f6 36000000 		.4byte	.LLRL14
 1776 07fa 04       		.byte	0x4
 1777 07fb 3F03     		.2byte	0x33f
 1778 07fd 09       		.uleb128 0x9
 1779 07fe 9A0B0000 		.4byte	0xb9a
 1780 0802 CF000000 		.4byte	.LLST15
 1781 0806 CD000000 		.4byte	.LVUS15
 1782 080a 00       		.byte	0
 1783 080b 00       		.byte	0
 1784 080c 00       		.byte	0
 1785 080d 00       		.byte	0
 1786 080e 1C       		.uleb128 0x1c
 1787 080f 360B0000 		.4byte	0xb36
 1788 0813 0E000000 		.4byte	.LBI148
 1789 0817 01       		.byte	.LVU132
 1790 0818 0E000000 		.4byte	.LBB148
 1791 081c 06000000 		.4byte	.LBE148-.LBB148
 1792 0820 98       		.byte	0x98
 1793 0821 75080000 		.4byte	0x875
 1794 0825 12       		.uleb128 0x12
 1795 0826 480B0000 		.4byte	0xb48
 1796 082a 0E000000 		.4byte	.LBI149
 1797 082e 03       		.byte	.LVU134
 1798 082f 0E000000 		.4byte	.LBB149
 1799 0833 06000000 		.4byte	.LBE149-.LBB149
 1800 0837 02       		.byte	0x2
 1801 0838 4A02     		.2byte	0x24a
 1802 083a 12       		.uleb128 0x12
 1803 083b 7E0B0000 		.4byte	0xb7e
 1804 083f 0E000000 		.4byte	.LBI151
 1805 0843 0A       		.byte	.LVU141
 1806 0844 0E000000 		.4byte	.LBB151
 1807 0848 06000000 		.4byte	.LBE151-.LBB151
 1808 084c 03       		.byte	0x3
 1809 084d B201     		.2byte	0x1b2
 1810 084f 12       		.uleb128 0x12
 1811 0850 900B0000 		.4byte	0xb90
 1812 0854 0E000000 		.4byte	.LBI152
 1813 0858 0C       		.byte	.LVU143
 1814 0859 0E000000 		.4byte	.LBB152
 1815 085d 06000000 		.4byte	.LBE152-.LBB152
 1816 0861 04       		.byte	0x4
 1817 0862 5203     		.2byte	0x352
 1818 0864 09       		.uleb128 0x9
 1819 0865 9A0B0000 		.4byte	0xb9a
 1820 0869 DC000000 		.4byte	.LLST16
 1821 086d DA000000 		.4byte	.LVUS16
 1822 0871 00       		.byte	0
 1823 0872 00       		.byte	0
 1824 0873 00       		.byte	0
ARM GAS  C:\Users\DEVELO~1\AppData\Local\Temp\cc3qt43h.s 			page 33


 1825 0874 00       		.byte	0
 1826 0875 16       		.uleb128 0x16
 1827 0876 0E000000 		.4byte	.LVL14
 1828 087a C5040000 		.4byte	0x4c5
 1829 087e 0C       		.uleb128 0xc
 1830 087f 01       		.uleb128 0x1
 1831 0880 50       		.byte	0x50
 1832 0881 03       		.uleb128 0x3
 1833 0882 A3       		.byte	0xa3
 1834 0883 01       		.uleb128 0x1
 1835 0884 50       		.byte	0x50
 1836 0885 0C       		.uleb128 0xc
 1837 0886 01       		.uleb128 0x1
 1838 0887 51       		.byte	0x51
 1839 0888 03       		.uleb128 0x3
 1840 0889 A3       		.byte	0xa3
 1841 088a 01       		.uleb128 0x1
 1842 088b 51       		.byte	0x51
 1843 088c 0C       		.uleb128 0xc
 1844 088d 01       		.uleb128 0x1
 1845 088e 52       		.byte	0x52
 1846 088f 03       		.uleb128 0x3
 1847 0890 A3       		.byte	0xa3
 1848 0891 01       		.uleb128 0x1
 1849 0892 52       		.byte	0x52
 1850 0893 0C       		.uleb128 0xc
 1851 0894 01       		.uleb128 0x1
 1852 0895 53       		.byte	0x53
 1853 0896 03       		.uleb128 0x3
 1854 0897 A3       		.byte	0xa3
 1855 0898 01       		.uleb128 0x1
 1856 0899 53       		.byte	0x53
 1857 089a 00       		.byte	0
 1858 089b 00       		.byte	0
 1859 089c 0D       		.uleb128 0xd
 1860 089d DF000000 		.4byte	0xdf
 1861 08a1 AC080000 		.4byte	0x8ac
 1862 08a5 0E       		.uleb128 0xe
 1863 08a6 39000000 		.4byte	0x39
 1864 08aa 0D       		.byte	0xd
 1865 08ab 00       		.byte	0
 1866 08ac 0A       		.uleb128 0xa
 1867 08ad 9C080000 		.4byte	0x89c
 1868 08b1 10       		.uleb128 0x10
 1869 08b2 37040000 		.4byte	.LASF79
 1870 08b6 70       		.byte	0x70
 1871 08b7 00000000 		.4byte	.LFB435
 1872 08bb 1C000000 		.4byte	.LFE435-.LFB435
 1873 08bf 01       		.uleb128 0x1
 1874 08c0 9C       		.byte	0x9c
 1875 08c1 B0090000 		.4byte	0x9b0
 1876 08c5 0B       		.uleb128 0xb
 1877 08c6 D6010000 		.4byte	.LASF76
 1878 08ca 70       		.byte	0x70
 1879 08cb 19       		.byte	0x19
 1880 08cc 89040000 		.4byte	0x489
 1881 08d0 EA000000 		.4byte	.LLST6
ARM GAS  C:\Users\DEVELO~1\AppData\Local\Temp\cc3qt43h.s 			page 34


 1882 08d4 E6000000 		.4byte	.LVUS6
 1883 08d8 11       		.uleb128 0x11
 1884 08d9 C6020000 		.4byte	.LASF77
 1885 08dd C0090000 		.4byte	0x9c0
 1886 08e1 0F       		.uleb128 0xf
 1887 08e2 3F0B0000 		.4byte	0xb3f
 1888 08e6 00000000 		.4byte	.LBI117
 1889 08ea 05       		.byte	.LVU67
 1890 08eb 27000000 		.4byte	.LLRL7
 1891 08ef 74       		.byte	0x74
 1892 08f0 38090000 		.4byte	0x938
 1893 08f4 01       		.uleb128 0x1
 1894 08f5 750B0000 		.4byte	0xb75
 1895 08f9 00000000 		.4byte	.LBI118
 1896 08fd 07       		.byte	.LVU69
 1897 08fe 27000000 		.4byte	.LLRL7
 1898 0902 02       		.byte	0x2
 1899 0903 3F02     		.2byte	0x23f
 1900 0905 01       		.uleb128 0x1
 1901 0906 870B0000 		.4byte	0xb87
 1902 090a 00000000 		.4byte	.LBI119
 1903 090e 09       		.byte	.LVU71
 1904 090f 27000000 		.4byte	.LLRL7
 1905 0913 03       		.byte	0x3
 1906 0914 9901     		.2byte	0x199
 1907 0916 01       		.uleb128 0x1
 1908 0917 900B0000 		.4byte	0xb90
 1909 091b 00000000 		.4byte	.LBI120
 1910 091f 0B       		.byte	.LVU73
 1911 0920 27000000 		.4byte	.LLRL7
 1912 0924 04       		.byte	0x4
 1913 0925 3F03     		.2byte	0x33f
 1914 0927 09       		.uleb128 0x9
 1915 0928 9A0B0000 		.4byte	0xb9a
 1916 092c FC000000 		.4byte	.LLST8
 1917 0930 FA000000 		.4byte	.LVUS8
 1918 0934 00       		.byte	0
 1919 0935 00       		.byte	0
 1920 0936 00       		.byte	0
 1921 0937 00       		.byte	0
 1922 0938 1C       		.uleb128 0x1c
 1923 0939 360B0000 		.4byte	0xb36
 1924 093d 16000000 		.4byte	.LBI132
 1925 0941 01       		.byte	.LVU93
 1926 0942 16000000 		.4byte	.LBB132
 1927 0946 04000000 		.4byte	.LBE132-.LBB132
 1928 094a 7F       		.byte	0x7f
 1929 094b 9F090000 		.4byte	0x99f
 1930 094f 12       		.uleb128 0x12
 1931 0950 480B0000 		.4byte	0xb48
 1932 0954 16000000 		.4byte	.LBI133
 1933 0958 03       		.byte	.LVU95
 1934 0959 16000000 		.4byte	.LBB133
 1935 095d 04000000 		.4byte	.LBE133-.LBB133
 1936 0961 02       		.byte	0x2
 1937 0962 4A02     		.2byte	0x24a
 1938 0964 12       		.uleb128 0x12
ARM GAS  C:\Users\DEVELO~1\AppData\Local\Temp\cc3qt43h.s 			page 35


 1939 0965 7E0B0000 		.4byte	0xb7e
 1940 0969 16000000 		.4byte	.LBI135
 1941 096d 0A       		.byte	.LVU102
 1942 096e 16000000 		.4byte	.LBB135
 1943 0972 04000000 		.4byte	.LBE135-.LBB135
 1944 0976 03       		.byte	0x3
 1945 0977 B201     		.2byte	0x1b2
 1946 0979 12       		.uleb128 0x12
 1947 097a 900B0000 		.4byte	0xb90
 1948 097e 16000000 		.4byte	.LBI136
 1949 0982 0C       		.byte	.LVU104
 1950 0983 16000000 		.4byte	.LBB136
 1951 0987 04000000 		.4byte	.LBE136-.LBB136
 1952 098b 04       		.byte	0x4
 1953 098c 5203     		.2byte	0x352
 1954 098e 09       		.uleb128 0x9
 1955 098f 9A0B0000 		.4byte	0xb9a
 1956 0993 09010000 		.4byte	.LLST9
 1957 0997 07010000 		.4byte	.LVUS9
 1958 099b 00       		.byte	0
 1959 099c 00       		.byte	0
 1960 099d 00       		.byte	0
 1961 099e 00       		.byte	0
 1962 099f 16       		.uleb128 0x16
 1963 09a0 0E000000 		.4byte	.LVL9
 1964 09a4 E5040000 		.4byte	0x4e5
 1965 09a8 0C       		.uleb128 0xc
 1966 09a9 01       		.uleb128 0x1
 1967 09aa 50       		.byte	0x50
 1968 09ab 02       		.uleb128 0x2
 1969 09ac 74       		.byte	0x74
 1970 09ad 00       		.sleb128 0
 1971 09ae 00       		.byte	0
 1972 09af 00       		.byte	0
 1973 09b0 0D       		.uleb128 0xd
 1974 09b1 DF000000 		.4byte	0xdf
 1975 09b5 C0090000 		.4byte	0x9c0
 1976 09b9 0E       		.uleb128 0xe
 1977 09ba 39000000 		.4byte	0x39
 1978 09be 07       		.byte	0x7
 1979 09bf 00       		.byte	0
 1980 09c0 0A       		.uleb128 0xa
 1981 09c1 B0090000 		.4byte	0x9b0
 1982 09c5 29       		.uleb128 0x29
 1983 09c6 0B000000 		.4byte	.LASF93
 1984 09ca 01       		.byte	0x1
 1985 09cb 47       		.byte	0x47
 1986 09cc 07       		.byte	0x7
 1987 09cd CC000000 		.4byte	0xcc
 1988 09d1 00000000 		.4byte	.LFB434
 1989 09d5 1C000000 		.4byte	.LFE434-.LFB434
 1990 09d9 01       		.uleb128 0x1
 1991 09da 9C       		.byte	0x9c
 1992 09db E00A0000 		.4byte	0xae0
 1993 09df 0B       		.uleb128 0xb
 1994 09e0 D6010000 		.4byte	.LASF76
 1995 09e4 47       		.byte	0x47
ARM GAS  C:\Users\DEVELO~1\AppData\Local\Temp\cc3qt43h.s 			page 36


 1996 09e5 1B       		.byte	0x1b
 1997 09e6 89040000 		.4byte	0x489
 1998 09ea 17010000 		.4byte	.LLST0
 1999 09ee 13010000 		.4byte	.LVUS0
 2000 09f2 0B       		.uleb128 0xb
 2001 09f3 A5010000 		.4byte	.LASF46
 2002 09f7 47       		.byte	0x47
 2003 09f8 32       		.byte	0x32
 2004 09f9 8E040000 		.4byte	0x48e
 2005 09fd 2B010000 		.4byte	.LLST1
 2006 0a01 27010000 		.4byte	.LVUS1
 2007 0a05 2A       		.uleb128 0x2a
 2008 0a06 6D736700 		.ascii	"msg\000"
 2009 0a0a 01       		.byte	0x1
 2010 0a0b 48       		.byte	0x48
 2011 0a0c 09       		.byte	0x9
 2012 0a0d CC000000 		.4byte	0xcc
 2013 0a11 00       		.byte	0
 2014 0a12 11       		.uleb128 0x11
 2015 0a13 C6020000 		.4byte	.LASF77
 2016 0a17 F00A0000 		.4byte	0xaf0
 2017 0a1b 0F       		.uleb128 0xf
 2018 0a1c 3F0B0000 		.4byte	0xb3f
 2019 0a20 00000000 		.4byte	.LBI90
 2020 0a24 06       		.byte	.LVU18
 2021 0a25 0C000000 		.4byte	.LLRL2
 2022 0a29 4C       		.byte	0x4c
 2023 0a2a 720A0000 		.4byte	0xa72
 2024 0a2e 01       		.uleb128 0x1
 2025 0a2f 750B0000 		.4byte	0xb75
 2026 0a33 00000000 		.4byte	.LBI91
 2027 0a37 08       		.byte	.LVU20
 2028 0a38 0C000000 		.4byte	.LLRL2
 2029 0a3c 02       		.byte	0x2
 2030 0a3d 3F02     		.2byte	0x23f
 2031 0a3f 01       		.uleb128 0x1
 2032 0a40 870B0000 		.4byte	0xb87
 2033 0a44 00000000 		.4byte	.LBI92
 2034 0a48 0A       		.byte	.LVU22
 2035 0a49 0C000000 		.4byte	.LLRL2
 2036 0a4d 03       		.byte	0x3
 2037 0a4e 9901     		.2byte	0x199
 2038 0a50 01       		.uleb128 0x1
 2039 0a51 900B0000 		.4byte	0xb90
 2040 0a55 00000000 		.4byte	.LBI93
 2041 0a59 0C       		.byte	.LVU24
 2042 0a5a 0C000000 		.4byte	.LLRL2
 2043 0a5e 04       		.byte	0x4
 2044 0a5f 3F03     		.2byte	0x33f
 2045 0a61 09       		.uleb128 0x9
 2046 0a62 9A0B0000 		.4byte	0xb9a
 2047 0a66 40010000 		.4byte	.LLST3
 2048 0a6a 3E010000 		.4byte	.LVUS3
 2049 0a6e 00       		.byte	0
 2050 0a6f 00       		.byte	0
 2051 0a70 00       		.byte	0
 2052 0a71 00       		.byte	0
ARM GAS  C:\Users\DEVELO~1\AppData\Local\Temp\cc3qt43h.s 			page 37


 2053 0a72 0F       		.uleb128 0xf
 2054 0a73 360B0000 		.4byte	0xb36
 2055 0a77 16000000 		.4byte	.LBI105
 2056 0a7b 02       		.byte	.LVU45
 2057 0a7c 1B000000 		.4byte	.LLRL4
 2058 0a80 64       		.byte	0x64
 2059 0a81 CF0A0000 		.4byte	0xacf
 2060 0a85 01       		.uleb128 0x1
 2061 0a86 480B0000 		.4byte	0xb48
 2062 0a8a 16000000 		.4byte	.LBI106
 2063 0a8e 04       		.byte	.LVU47
 2064 0a8f 1B000000 		.4byte	.LLRL4
 2065 0a93 02       		.byte	0x2
 2066 0a94 4A02     		.2byte	0x24a
 2067 0a96 1A       		.uleb128 0x1a
 2068 0a97 1B000000 		.4byte	.LLRL4
 2069 0a9b 01       		.uleb128 0x1
 2070 0a9c 7E0B0000 		.4byte	0xb7e
 2071 0aa0 16000000 		.4byte	.LBI108
 2072 0aa4 0B       		.byte	.LVU54
 2073 0aa5 1B000000 		.4byte	.LLRL4
 2074 0aa9 03       		.byte	0x3
 2075 0aaa B201     		.2byte	0x1b2
 2076 0aac 01       		.uleb128 0x1
 2077 0aad 900B0000 		.4byte	0xb90
 2078 0ab1 16000000 		.4byte	.LBI109
 2079 0ab5 0D       		.byte	.LVU56
 2080 0ab6 1B000000 		.4byte	.LLRL4
 2081 0aba 04       		.byte	0x4
 2082 0abb 5203     		.2byte	0x352
 2083 0abd 09       		.uleb128 0x9
 2084 0abe 9A0B0000 		.4byte	0xb9a
 2085 0ac2 4D010000 		.4byte	.LLST5
 2086 0ac6 4B010000 		.4byte	.LVUS5
 2087 0aca 00       		.byte	0
 2088 0acb 00       		.byte	0
 2089 0acc 00       		.byte	0
 2090 0acd 00       		.byte	0
 2091 0ace 00       		.byte	0
 2092 0acf 16       		.uleb128 0x16
 2093 0ad0 10000000 		.4byte	.LVL4
 2094 0ad4 F6040000 		.4byte	0x4f6
 2095 0ad8 0C       		.uleb128 0xc
 2096 0ad9 01       		.uleb128 0x1
 2097 0ada 50       		.byte	0x50
 2098 0adb 02       		.uleb128 0x2
 2099 0adc 74       		.byte	0x74
 2100 0add 00       		.sleb128 0
 2101 0ade 00       		.byte	0
 2102 0adf 00       		.byte	0
 2103 0ae0 0D       		.uleb128 0xd
 2104 0ae1 DF000000 		.4byte	0xdf
 2105 0ae5 F00A0000 		.4byte	0xaf0
 2106 0ae9 0E       		.uleb128 0xe
 2107 0aea 39000000 		.4byte	0x39
 2108 0aee 08       		.byte	0x8
 2109 0aef 00       		.byte	0
ARM GAS  C:\Users\DEVELO~1\AppData\Local\Temp\cc3qt43h.s 			page 38


 2110 0af0 0A       		.uleb128 0xa
 2111 0af1 E00A0000 		.4byte	0xae0
 2112 0af5 10       		.uleb128 0x10
 2113 0af6 03040000 		.4byte	.LASF81
 2114 0afa 33       		.byte	0x33
 2115 0afb 00000000 		.4byte	.LFB433
 2116 0aff 0E000000 		.4byte	.LFE433-.LFB433
 2117 0b03 01       		.uleb128 0x1
 2118 0b04 9C       		.byte	0x9c
 2119 0b05 180B0000 		.4byte	0xb18
 2120 0b09 2B       		.uleb128 0x2b
 2121 0b0a D6010000 		.4byte	.LASF76
 2122 0b0e 01       		.byte	0x1
 2123 0b0f 33       		.byte	0x33
 2124 0b10 1F       		.byte	0x1f
 2125 0b11 89040000 		.4byte	0x489
 2126 0b15 01       		.uleb128 0x1
 2127 0b16 50       		.byte	0x50
 2128 0b17 00       		.byte	0
 2129 0b18 10       		.uleb128 0x10
 2130 0b19 69040000 		.4byte	.LASF82
 2131 0b1d 27       		.byte	0x27
 2132 0b1e 00000000 		.4byte	.LFB432
 2133 0b22 04000000 		.4byte	.LFE432-.LFB432
 2134 0b26 01       		.uleb128 0x1
 2135 0b27 9C       		.byte	0x9c
 2136 0b28 360B0000 		.4byte	0xb36
 2137 0b2c 2C       		.uleb128 0x2c
 2138 0b2d 04000000 		.4byte	.LVL0
 2139 0b31 07050000 		.4byte	0x507
 2140 0b35 00       		.byte	0
 2141 0b36 17       		.uleb128 0x17
 2142 0b37 95000000 		.4byte	.LASF83
 2143 0b3b 02       		.byte	0x2
 2144 0b3c 4802     		.2byte	0x248
 2145 0b3e 14       		.byte	0x14
 2146 0b3f 17       		.uleb128 0x17
 2147 0b40 98020000 		.4byte	.LASF84
 2148 0b44 02       		.byte	0x2
 2149 0b45 3D02     		.2byte	0x23d
 2150 0b47 14       		.byte	0x14
 2151 0b48 2D       		.uleb128 0x2d
 2152 0b49 89040000 		.4byte	.LASF94
 2153 0b4d 03       		.byte	0x3
 2154 0b4e A501     		.2byte	0x1a5
 2155 0b50 14       		.byte	0x14
 2156 0b51 03       		.byte	0x3
 2157 0b52 600B0000 		.4byte	0xb60
 2158 0b56 11       		.uleb128 0x11
 2159 0b57 C6020000 		.4byte	.LASF77
 2160 0b5b 700B0000 		.4byte	0xb70
 2161 0b5f 00       		.byte	0
 2162 0b60 0D       		.uleb128 0xd
 2163 0b61 DF000000 		.4byte	0xdf
 2164 0b65 700B0000 		.4byte	0xb70
 2165 0b69 0E       		.uleb128 0xe
 2166 0b6a 39000000 		.4byte	0x39
ARM GAS  C:\Users\DEVELO~1\AppData\Local\Temp\cc3qt43h.s 			page 39


 2167 0b6e 0B       		.byte	0xb
 2168 0b6f 00       		.byte	0
 2169 0b70 0A       		.uleb128 0xa
 2170 0b71 600B0000 		.4byte	0xb60
 2171 0b75 17       		.uleb128 0x17
 2172 0b76 C8000000 		.4byte	.LASF85
 2173 0b7a 03       		.byte	0x3
 2174 0b7b 9701     		.2byte	0x197
 2175 0b7d 14       		.byte	0x14
 2176 0b7e 17       		.uleb128 0x17
 2177 0b7f 17040000 		.4byte	.LASF86
 2178 0b83 04       		.byte	0x4
 2179 0b84 4F03     		.2byte	0x34f
 2180 0b86 1B       		.byte	0x1b
 2181 0b87 17       		.uleb128 0x17
 2182 0b88 23040000 		.4byte	.LASF87
 2183 0b8c 04       		.byte	0x4
 2184 0b8d 3703     		.2byte	0x337
 2185 0b8f 1B       		.byte	0x1b
 2186 0b90 2E       		.uleb128 0x2e
 2187 0b91 B4040000 		.4byte	.LASF95
 2188 0b95 05       		.byte	0x5
 2189 0b96 EB01     		.2byte	0x1eb
 2190 0b98 1B       		.byte	0x1b
 2191 0b99 03       		.byte	0x3
 2192 0b9a 2F       		.uleb128 0x2f
 2193 0b9b D2030000 		.4byte	.LASF96
 2194 0b9f 05       		.byte	0x5
 2195 0ba0 EB01     		.2byte	0x1eb
 2196 0ba2 32       		.byte	0x32
 2197 0ba3 BB000000 		.4byte	0xbb
 2198 0ba7 00       		.byte	0
 2199 0ba8 00       		.byte	0
 2200              		.section	.debug_abbrev,"",%progbits
 2201              	.Ldebug_abbrev0:
 2202 0000 01       		.uleb128 0x1
 2203 0001 1D       		.uleb128 0x1d
 2204 0002 01       		.byte	0x1
 2205 0003 31       		.uleb128 0x31
 2206 0004 13       		.uleb128 0x13
 2207 0005 52       		.uleb128 0x52
 2208 0006 01       		.uleb128 0x1
 2209 0007 B842     		.uleb128 0x2138
 2210 0009 0B       		.uleb128 0xb
 2211 000a 55       		.uleb128 0x55
 2212 000b 17       		.uleb128 0x17
 2213 000c 58       		.uleb128 0x58
 2214 000d 0B       		.uleb128 0xb
 2215 000e 59       		.uleb128 0x59
 2216 000f 05       		.uleb128 0x5
 2217 0010 57       		.uleb128 0x57
 2218 0011 21       		.uleb128 0x21
 2219 0012 03       		.sleb128 3
 2220 0013 00       		.byte	0
 2221 0014 00       		.byte	0
 2222 0015 02       		.uleb128 0x2
 2223 0016 0D       		.uleb128 0xd
ARM GAS  C:\Users\DEVELO~1\AppData\Local\Temp\cc3qt43h.s 			page 40


 2224 0017 00       		.byte	0
 2225 0018 03       		.uleb128 0x3
 2226 0019 0E       		.uleb128 0xe
 2227 001a 3A       		.uleb128 0x3a
 2228 001b 21       		.uleb128 0x21
 2229 001c 0C       		.sleb128 12
 2230 001d 3B       		.uleb128 0x3b
 2231 001e 0B       		.uleb128 0xb
 2232 001f 39       		.uleb128 0x39
 2233 0020 0B       		.uleb128 0xb
 2234 0021 49       		.uleb128 0x49
 2235 0022 13       		.uleb128 0x13
 2236 0023 38       		.uleb128 0x38
 2237 0024 0B       		.uleb128 0xb
 2238 0025 00       		.byte	0
 2239 0026 00       		.byte	0
 2240 0027 03       		.uleb128 0x3
 2241 0028 0D       		.uleb128 0xd
 2242 0029 00       		.byte	0
 2243 002a 03       		.uleb128 0x3
 2244 002b 0E       		.uleb128 0xe
 2245 002c 3A       		.uleb128 0x3a
 2246 002d 0B       		.uleb128 0xb
 2247 002e 3B       		.uleb128 0x3b
 2248 002f 05       		.uleb128 0x5
 2249 0030 39       		.uleb128 0x39
 2250 0031 0B       		.uleb128 0xb
 2251 0032 49       		.uleb128 0x49
 2252 0033 13       		.uleb128 0x13
 2253 0034 38       		.uleb128 0x38
 2254 0035 0B       		.uleb128 0xb
 2255 0036 00       		.byte	0
 2256 0037 00       		.byte	0
 2257 0038 04       		.uleb128 0x4
 2258 0039 16       		.uleb128 0x16
 2259 003a 00       		.byte	0
 2260 003b 03       		.uleb128 0x3
 2261 003c 0E       		.uleb128 0xe
 2262 003d 3A       		.uleb128 0x3a
 2263 003e 0B       		.uleb128 0xb
 2264 003f 3B       		.uleb128 0x3b
 2265 0040 0B       		.uleb128 0xb
 2266 0041 39       		.uleb128 0x39
 2267 0042 0B       		.uleb128 0xb
 2268 0043 49       		.uleb128 0x49
 2269 0044 13       		.uleb128 0x13
 2270 0045 00       		.byte	0
 2271 0046 00       		.byte	0
 2272 0047 05       		.uleb128 0x5
 2273 0048 24       		.uleb128 0x24
 2274 0049 00       		.byte	0
 2275 004a 0B       		.uleb128 0xb
 2276 004b 0B       		.uleb128 0xb
 2277 004c 3E       		.uleb128 0x3e
 2278 004d 0B       		.uleb128 0xb
 2279 004e 03       		.uleb128 0x3
 2280 004f 0E       		.uleb128 0xe
ARM GAS  C:\Users\DEVELO~1\AppData\Local\Temp\cc3qt43h.s 			page 41


 2281 0050 00       		.byte	0
 2282 0051 00       		.byte	0
 2283 0052 06       		.uleb128 0x6
 2284 0053 0D       		.uleb128 0xd
 2285 0054 00       		.byte	0
 2286 0055 03       		.uleb128 0x3
 2287 0056 08       		.uleb128 0x8
 2288 0057 3A       		.uleb128 0x3a
 2289 0058 0B       		.uleb128 0xb
 2290 0059 3B       		.uleb128 0x3b
 2291 005a 05       		.uleb128 0x5
 2292 005b 39       		.uleb128 0x39
 2293 005c 0B       		.uleb128 0xb
 2294 005d 49       		.uleb128 0x49
 2295 005e 13       		.uleb128 0x13
 2296 005f 38       		.uleb128 0x38
 2297 0060 0B       		.uleb128 0xb
 2298 0061 00       		.byte	0
 2299 0062 00       		.byte	0
 2300 0063 07       		.uleb128 0x7
 2301 0064 0F       		.uleb128 0xf
 2302 0065 00       		.byte	0
 2303 0066 0B       		.uleb128 0xb
 2304 0067 21       		.uleb128 0x21
 2305 0068 04       		.sleb128 4
 2306 0069 49       		.uleb128 0x49
 2307 006a 13       		.uleb128 0x13
 2308 006b 00       		.byte	0
 2309 006c 00       		.byte	0
 2310 006d 08       		.uleb128 0x8
 2311 006e 05       		.uleb128 0x5
 2312 006f 00       		.byte	0
 2313 0070 49       		.uleb128 0x49
 2314 0071 13       		.uleb128 0x13
 2315 0072 00       		.byte	0
 2316 0073 00       		.byte	0
 2317 0074 09       		.uleb128 0x9
 2318 0075 05       		.uleb128 0x5
 2319 0076 00       		.byte	0
 2320 0077 31       		.uleb128 0x31
 2321 0078 13       		.uleb128 0x13
 2322 0079 02       		.uleb128 0x2
 2323 007a 17       		.uleb128 0x17
 2324 007b B742     		.uleb128 0x2137
 2325 007d 17       		.uleb128 0x17
 2326 007e 00       		.byte	0
 2327 007f 00       		.byte	0
 2328 0080 0A       		.uleb128 0xa
 2329 0081 26       		.uleb128 0x26
 2330 0082 00       		.byte	0
 2331 0083 49       		.uleb128 0x49
 2332 0084 13       		.uleb128 0x13
 2333 0085 00       		.byte	0
 2334 0086 00       		.byte	0
 2335 0087 0B       		.uleb128 0xb
 2336 0088 05       		.uleb128 0x5
 2337 0089 00       		.byte	0
ARM GAS  C:\Users\DEVELO~1\AppData\Local\Temp\cc3qt43h.s 			page 42


 2338 008a 03       		.uleb128 0x3
 2339 008b 0E       		.uleb128 0xe
 2340 008c 3A       		.uleb128 0x3a
 2341 008d 21       		.uleb128 0x21
 2342 008e 01       		.sleb128 1
 2343 008f 3B       		.uleb128 0x3b
 2344 0090 0B       		.uleb128 0xb
 2345 0091 39       		.uleb128 0x39
 2346 0092 0B       		.uleb128 0xb
 2347 0093 49       		.uleb128 0x49
 2348 0094 13       		.uleb128 0x13
 2349 0095 02       		.uleb128 0x2
 2350 0096 17       		.uleb128 0x17
 2351 0097 B742     		.uleb128 0x2137
 2352 0099 17       		.uleb128 0x17
 2353 009a 00       		.byte	0
 2354 009b 00       		.byte	0
 2355 009c 0C       		.uleb128 0xc
 2356 009d 49       		.uleb128 0x49
 2357 009e 00       		.byte	0
 2358 009f 02       		.uleb128 0x2
 2359 00a0 18       		.uleb128 0x18
 2360 00a1 7E       		.uleb128 0x7e
 2361 00a2 18       		.uleb128 0x18
 2362 00a3 00       		.byte	0
 2363 00a4 00       		.byte	0
 2364 00a5 0D       		.uleb128 0xd
 2365 00a6 01       		.uleb128 0x1
 2366 00a7 01       		.byte	0x1
 2367 00a8 49       		.uleb128 0x49
 2368 00a9 13       		.uleb128 0x13
 2369 00aa 01       		.uleb128 0x1
 2370 00ab 13       		.uleb128 0x13
 2371 00ac 00       		.byte	0
 2372 00ad 00       		.byte	0
 2373 00ae 0E       		.uleb128 0xe
 2374 00af 21       		.uleb128 0x21
 2375 00b0 00       		.byte	0
 2376 00b1 49       		.uleb128 0x49
 2377 00b2 13       		.uleb128 0x13
 2378 00b3 2F       		.uleb128 0x2f
 2379 00b4 0B       		.uleb128 0xb
 2380 00b5 00       		.byte	0
 2381 00b6 00       		.byte	0
 2382 00b7 0F       		.uleb128 0xf
 2383 00b8 1D       		.uleb128 0x1d
 2384 00b9 01       		.byte	0x1
 2385 00ba 31       		.uleb128 0x31
 2386 00bb 13       		.uleb128 0x13
 2387 00bc 52       		.uleb128 0x52
 2388 00bd 01       		.uleb128 0x1
 2389 00be B842     		.uleb128 0x2138
 2390 00c0 0B       		.uleb128 0xb
 2391 00c1 55       		.uleb128 0x55
 2392 00c2 17       		.uleb128 0x17
 2393 00c3 58       		.uleb128 0x58
 2394 00c4 21       		.uleb128 0x21
ARM GAS  C:\Users\DEVELO~1\AppData\Local\Temp\cc3qt43h.s 			page 43


 2395 00c5 01       		.sleb128 1
 2396 00c6 59       		.uleb128 0x59
 2397 00c7 0B       		.uleb128 0xb
 2398 00c8 57       		.uleb128 0x57
 2399 00c9 21       		.uleb128 0x21
 2400 00ca 03       		.sleb128 3
 2401 00cb 01       		.uleb128 0x1
 2402 00cc 13       		.uleb128 0x13
 2403 00cd 00       		.byte	0
 2404 00ce 00       		.byte	0
 2405 00cf 10       		.uleb128 0x10
 2406 00d0 2E       		.uleb128 0x2e
 2407 00d1 01       		.byte	0x1
 2408 00d2 3F       		.uleb128 0x3f
 2409 00d3 19       		.uleb128 0x19
 2410 00d4 03       		.uleb128 0x3
 2411 00d5 0E       		.uleb128 0xe
 2412 00d6 3A       		.uleb128 0x3a
 2413 00d7 21       		.uleb128 0x21
 2414 00d8 01       		.sleb128 1
 2415 00d9 3B       		.uleb128 0x3b
 2416 00da 0B       		.uleb128 0xb
 2417 00db 39       		.uleb128 0x39
 2418 00dc 21       		.uleb128 0x21
 2419 00dd 06       		.sleb128 6
 2420 00de 27       		.uleb128 0x27
 2421 00df 19       		.uleb128 0x19
 2422 00e0 11       		.uleb128 0x11
 2423 00e1 01       		.uleb128 0x1
 2424 00e2 12       		.uleb128 0x12
 2425 00e3 06       		.uleb128 0x6
 2426 00e4 40       		.uleb128 0x40
 2427 00e5 18       		.uleb128 0x18
 2428 00e6 7A       		.uleb128 0x7a
 2429 00e7 19       		.uleb128 0x19
 2430 00e8 01       		.uleb128 0x1
 2431 00e9 13       		.uleb128 0x13
 2432 00ea 00       		.byte	0
 2433 00eb 00       		.byte	0
 2434 00ec 11       		.uleb128 0x11
 2435 00ed 34       		.uleb128 0x34
 2436 00ee 00       		.byte	0
 2437 00ef 03       		.uleb128 0x3
 2438 00f0 0E       		.uleb128 0xe
 2439 00f1 49       		.uleb128 0x49
 2440 00f2 13       		.uleb128 0x13
 2441 00f3 34       		.uleb128 0x34
 2442 00f4 19       		.uleb128 0x19
 2443 00f5 00       		.byte	0
 2444 00f6 00       		.byte	0
 2445 00f7 12       		.uleb128 0x12
 2446 00f8 1D       		.uleb128 0x1d
 2447 00f9 01       		.byte	0x1
 2448 00fa 31       		.uleb128 0x31
 2449 00fb 13       		.uleb128 0x13
 2450 00fc 52       		.uleb128 0x52
 2451 00fd 01       		.uleb128 0x1
ARM GAS  C:\Users\DEVELO~1\AppData\Local\Temp\cc3qt43h.s 			page 44


 2452 00fe B842     		.uleb128 0x2138
 2453 0100 0B       		.uleb128 0xb
 2454 0101 11       		.uleb128 0x11
 2455 0102 01       		.uleb128 0x1
 2456 0103 12       		.uleb128 0x12
 2457 0104 06       		.uleb128 0x6
 2458 0105 58       		.uleb128 0x58
 2459 0106 0B       		.uleb128 0xb
 2460 0107 59       		.uleb128 0x59
 2461 0108 05       		.uleb128 0x5
 2462 0109 57       		.uleb128 0x57
 2463 010a 21       		.uleb128 0x21
 2464 010b 03       		.sleb128 3
 2465 010c 00       		.byte	0
 2466 010d 00       		.byte	0
 2467 010e 13       		.uleb128 0x13
 2468 010f 13       		.uleb128 0x13
 2469 0110 01       		.byte	0x1
 2470 0111 0B       		.uleb128 0xb
 2471 0112 0B       		.uleb128 0xb
 2472 0113 3A       		.uleb128 0x3a
 2473 0114 0B       		.uleb128 0xb
 2474 0115 3B       		.uleb128 0x3b
 2475 0116 05       		.uleb128 0x5
 2476 0117 39       		.uleb128 0x39
 2477 0118 21       		.uleb128 0x21
 2478 0119 09       		.sleb128 9
 2479 011a 01       		.uleb128 0x1
 2480 011b 13       		.uleb128 0x13
 2481 011c 00       		.byte	0
 2482 011d 00       		.byte	0
 2483 011e 14       		.uleb128 0x14
 2484 011f 16       		.uleb128 0x16
 2485 0120 00       		.byte	0
 2486 0121 03       		.uleb128 0x3
 2487 0122 0E       		.uleb128 0xe
 2488 0123 3A       		.uleb128 0x3a
 2489 0124 0B       		.uleb128 0xb
 2490 0125 3B       		.uleb128 0x3b
 2491 0126 05       		.uleb128 0x5
 2492 0127 39       		.uleb128 0x39
 2493 0128 0B       		.uleb128 0xb
 2494 0129 49       		.uleb128 0x49
 2495 012a 13       		.uleb128 0x13
 2496 012b 00       		.byte	0
 2497 012c 00       		.byte	0
 2498 012d 15       		.uleb128 0x15
 2499 012e 2E       		.uleb128 0x2e
 2500 012f 01       		.byte	0x1
 2501 0130 3F       		.uleb128 0x3f
 2502 0131 19       		.uleb128 0x19
 2503 0132 03       		.uleb128 0x3
 2504 0133 0E       		.uleb128 0xe
 2505 0134 3A       		.uleb128 0x3a
 2506 0135 21       		.uleb128 0x21
 2507 0136 0D       		.sleb128 13
 2508 0137 3B       		.uleb128 0x3b
ARM GAS  C:\Users\DEVELO~1\AppData\Local\Temp\cc3qt43h.s 			page 45


 2509 0138 05       		.uleb128 0x5
 2510 0139 39       		.uleb128 0x39
 2511 013a 21       		.uleb128 0x21
 2512 013b 08       		.sleb128 8
 2513 013c 27       		.uleb128 0x27
 2514 013d 19       		.uleb128 0x19
 2515 013e 3C       		.uleb128 0x3c
 2516 013f 19       		.uleb128 0x19
 2517 0140 01       		.uleb128 0x1
 2518 0141 13       		.uleb128 0x13
 2519 0142 00       		.byte	0
 2520 0143 00       		.byte	0
 2521 0144 16       		.uleb128 0x16
 2522 0145 48       		.uleb128 0x48
 2523 0146 01       		.byte	0x1
 2524 0147 7D       		.uleb128 0x7d
 2525 0148 01       		.uleb128 0x1
 2526 0149 7F       		.uleb128 0x7f
 2527 014a 13       		.uleb128 0x13
 2528 014b 00       		.byte	0
 2529 014c 00       		.byte	0
 2530 014d 17       		.uleb128 0x17
 2531 014e 2E       		.uleb128 0x2e
 2532 014f 00       		.byte	0
 2533 0150 03       		.uleb128 0x3
 2534 0151 0E       		.uleb128 0xe
 2535 0152 3A       		.uleb128 0x3a
 2536 0153 0B       		.uleb128 0xb
 2537 0154 3B       		.uleb128 0x3b
 2538 0155 05       		.uleb128 0x5
 2539 0156 39       		.uleb128 0x39
 2540 0157 0B       		.uleb128 0xb
 2541 0158 27       		.uleb128 0x27
 2542 0159 19       		.uleb128 0x19
 2543 015a 20       		.uleb128 0x20
 2544 015b 21       		.uleb128 0x21
 2545 015c 03       		.sleb128 3
 2546 015d 00       		.byte	0
 2547 015e 00       		.byte	0
 2548 015f 18       		.uleb128 0x18
 2549 0160 28       		.uleb128 0x28
 2550 0161 00       		.byte	0
 2551 0162 03       		.uleb128 0x3
 2552 0163 0E       		.uleb128 0xe
 2553 0164 1C       		.uleb128 0x1c
 2554 0165 0B       		.uleb128 0xb
 2555 0166 00       		.byte	0
 2556 0167 00       		.byte	0
 2557 0168 19       		.uleb128 0x19
 2558 0169 0D       		.uleb128 0xd
 2559 016a 00       		.byte	0
 2560 016b 03       		.uleb128 0x3
 2561 016c 08       		.uleb128 0x8
 2562 016d 3A       		.uleb128 0x3a
 2563 016e 21       		.uleb128 0x21
 2564 016f 0C       		.sleb128 12
 2565 0170 3B       		.uleb128 0x3b
ARM GAS  C:\Users\DEVELO~1\AppData\Local\Temp\cc3qt43h.s 			page 46


 2566 0171 0B       		.uleb128 0xb
 2567 0172 39       		.uleb128 0x39
 2568 0173 21       		.uleb128 0x21
 2569 0174 03       		.sleb128 3
 2570 0175 49       		.uleb128 0x49
 2571 0176 13       		.uleb128 0x13
 2572 0177 38       		.uleb128 0x38
 2573 0178 0B       		.uleb128 0xb
 2574 0179 00       		.byte	0
 2575 017a 00       		.byte	0
 2576 017b 1A       		.uleb128 0x1a
 2577 017c 0B       		.uleb128 0xb
 2578 017d 01       		.byte	0x1
 2579 017e 55       		.uleb128 0x55
 2580 017f 17       		.uleb128 0x17
 2581 0180 00       		.byte	0
 2582 0181 00       		.byte	0
 2583 0182 1B       		.uleb128 0x1b
 2584 0183 13       		.uleb128 0x13
 2585 0184 01       		.byte	0x1
 2586 0185 03       		.uleb128 0x3
 2587 0186 0E       		.uleb128 0xe
 2588 0187 0B       		.uleb128 0xb
 2589 0188 0B       		.uleb128 0xb
 2590 0189 3A       		.uleb128 0x3a
 2591 018a 21       		.uleb128 0x21
 2592 018b 0C       		.sleb128 12
 2593 018c 3B       		.uleb128 0x3b
 2594 018d 0B       		.uleb128 0xb
 2595 018e 39       		.uleb128 0x39
 2596 018f 21       		.uleb128 0x21
 2597 0190 08       		.sleb128 8
 2598 0191 01       		.uleb128 0x1
 2599 0192 13       		.uleb128 0x13
 2600 0193 00       		.byte	0
 2601 0194 00       		.byte	0
 2602 0195 1C       		.uleb128 0x1c
 2603 0196 1D       		.uleb128 0x1d
 2604 0197 01       		.byte	0x1
 2605 0198 31       		.uleb128 0x31
 2606 0199 13       		.uleb128 0x13
 2607 019a 52       		.uleb128 0x52
 2608 019b 01       		.uleb128 0x1
 2609 019c B842     		.uleb128 0x2138
 2610 019e 0B       		.uleb128 0xb
 2611 019f 11       		.uleb128 0x11
 2612 01a0 01       		.uleb128 0x1
 2613 01a1 12       		.uleb128 0x12
 2614 01a2 06       		.uleb128 0x6
 2615 01a3 58       		.uleb128 0x58
 2616 01a4 21       		.uleb128 0x21
 2617 01a5 01       		.sleb128 1
 2618 01a6 59       		.uleb128 0x59
 2619 01a7 0B       		.uleb128 0xb
 2620 01a8 57       		.uleb128 0x57
 2621 01a9 21       		.uleb128 0x21
 2622 01aa 03       		.sleb128 3
ARM GAS  C:\Users\DEVELO~1\AppData\Local\Temp\cc3qt43h.s 			page 47


 2623 01ab 01       		.uleb128 0x1
 2624 01ac 13       		.uleb128 0x13
 2625 01ad 00       		.byte	0
 2626 01ae 00       		.byte	0
 2627 01af 1D       		.uleb128 0x1d
 2628 01b0 11       		.uleb128 0x11
 2629 01b1 01       		.byte	0x1
 2630 01b2 25       		.uleb128 0x25
 2631 01b3 0E       		.uleb128 0xe
 2632 01b4 13       		.uleb128 0x13
 2633 01b5 0B       		.uleb128 0xb
 2634 01b6 03       		.uleb128 0x3
 2635 01b7 0E       		.uleb128 0xe
 2636 01b8 1B       		.uleb128 0x1b
 2637 01b9 0E       		.uleb128 0xe
 2638 01ba 55       		.uleb128 0x55
 2639 01bb 17       		.uleb128 0x17
 2640 01bc 11       		.uleb128 0x11
 2641 01bd 01       		.uleb128 0x1
 2642 01be 10       		.uleb128 0x10
 2643 01bf 17       		.uleb128 0x17
 2644 01c0 00       		.byte	0
 2645 01c1 00       		.byte	0
 2646 01c2 1E       		.uleb128 0x1e
 2647 01c3 24       		.uleb128 0x24
 2648 01c4 00       		.byte	0
 2649 01c5 0B       		.uleb128 0xb
 2650 01c6 0B       		.uleb128 0xb
 2651 01c7 3E       		.uleb128 0x3e
 2652 01c8 0B       		.uleb128 0xb
 2653 01c9 03       		.uleb128 0x3
 2654 01ca 08       		.uleb128 0x8
 2655 01cb 00       		.byte	0
 2656 01cc 00       		.byte	0
 2657 01cd 1F       		.uleb128 0x1f
 2658 01ce 35       		.uleb128 0x35
 2659 01cf 00       		.byte	0
 2660 01d0 49       		.uleb128 0x49
 2661 01d1 13       		.uleb128 0x13
 2662 01d2 00       		.byte	0
 2663 01d3 00       		.byte	0
 2664 01d4 20       		.uleb128 0x20
 2665 01d5 0F       		.uleb128 0xf
 2666 01d6 00       		.byte	0
 2667 01d7 0B       		.uleb128 0xb
 2668 01d8 0B       		.uleb128 0xb
 2669 01d9 00       		.byte	0
 2670 01da 00       		.byte	0
 2671 01db 21       		.uleb128 0x21
 2672 01dc 04       		.uleb128 0x4
 2673 01dd 01       		.byte	0x1
 2674 01de 3E       		.uleb128 0x3e
 2675 01df 0B       		.uleb128 0xb
 2676 01e0 0B       		.uleb128 0xb
 2677 01e1 0B       		.uleb128 0xb
 2678 01e2 49       		.uleb128 0x49
 2679 01e3 13       		.uleb128 0x13
ARM GAS  C:\Users\DEVELO~1\AppData\Local\Temp\cc3qt43h.s 			page 48


 2680 01e4 3A       		.uleb128 0x3a
 2681 01e5 0B       		.uleb128 0xb
 2682 01e6 3B       		.uleb128 0x3b
 2683 01e7 0B       		.uleb128 0xb
 2684 01e8 39       		.uleb128 0x39
 2685 01e9 0B       		.uleb128 0xb
 2686 01ea 01       		.uleb128 0x1
 2687 01eb 13       		.uleb128 0x13
 2688 01ec 00       		.byte	0
 2689 01ed 00       		.byte	0
 2690 01ee 22       		.uleb128 0x22
 2691 01ef 15       		.uleb128 0x15
 2692 01f0 01       		.byte	0x1
 2693 01f1 27       		.uleb128 0x27
 2694 01f2 19       		.uleb128 0x19
 2695 01f3 01       		.uleb128 0x1
 2696 01f4 13       		.uleb128 0x13
 2697 01f5 00       		.byte	0
 2698 01f6 00       		.byte	0
 2699 01f7 23       		.uleb128 0x23
 2700 01f8 26       		.uleb128 0x26
 2701 01f9 00       		.byte	0
 2702 01fa 00       		.byte	0
 2703 01fb 00       		.byte	0
 2704 01fc 24       		.uleb128 0x24
 2705 01fd 2E       		.uleb128 0x2e
 2706 01fe 00       		.byte	0
 2707 01ff 3F       		.uleb128 0x3f
 2708 0200 19       		.uleb128 0x19
 2709 0201 03       		.uleb128 0x3
 2710 0202 0E       		.uleb128 0xe
 2711 0203 3A       		.uleb128 0x3a
 2712 0204 0B       		.uleb128 0xb
 2713 0205 3B       		.uleb128 0x3b
 2714 0206 05       		.uleb128 0x5
 2715 0207 39       		.uleb128 0x39
 2716 0208 0B       		.uleb128 0xb
 2717 0209 27       		.uleb128 0x27
 2718 020a 19       		.uleb128 0x19
 2719 020b 3C       		.uleb128 0x3c
 2720 020c 19       		.uleb128 0x19
 2721 020d 00       		.byte	0
 2722 020e 00       		.byte	0
 2723 020f 25       		.uleb128 0x25
 2724 0210 0B       		.uleb128 0xb
 2725 0211 01       		.byte	0x1
 2726 0212 55       		.uleb128 0x55
 2727 0213 17       		.uleb128 0x17
 2728 0214 01       		.uleb128 0x1
 2729 0215 13       		.uleb128 0x13
 2730 0216 00       		.byte	0
 2731 0217 00       		.byte	0
 2732 0218 26       		.uleb128 0x26
 2733 0219 34       		.uleb128 0x34
 2734 021a 00       		.byte	0
 2735 021b 03       		.uleb128 0x3
 2736 021c 0E       		.uleb128 0xe
ARM GAS  C:\Users\DEVELO~1\AppData\Local\Temp\cc3qt43h.s 			page 49


 2737 021d 3A       		.uleb128 0x3a
 2738 021e 0B       		.uleb128 0xb
 2739 021f 3B       		.uleb128 0x3b
 2740 0220 0B       		.uleb128 0xb
 2741 0221 39       		.uleb128 0x39
 2742 0222 0B       		.uleb128 0xb
 2743 0223 49       		.uleb128 0x49
 2744 0224 13       		.uleb128 0x13
 2745 0225 02       		.uleb128 0x2
 2746 0226 17       		.uleb128 0x17
 2747 0227 B742     		.uleb128 0x2137
 2748 0229 17       		.uleb128 0x17
 2749 022a 00       		.byte	0
 2750 022b 00       		.byte	0
 2751 022c 27       		.uleb128 0x27
 2752 022d 34       		.uleb128 0x34
 2753 022e 00       		.byte	0
 2754 022f 03       		.uleb128 0x3
 2755 0230 0E       		.uleb128 0xe
 2756 0231 3A       		.uleb128 0x3a
 2757 0232 0B       		.uleb128 0xb
 2758 0233 3B       		.uleb128 0x3b
 2759 0234 0B       		.uleb128 0xb
 2760 0235 39       		.uleb128 0x39
 2761 0236 0B       		.uleb128 0xb
 2762 0237 49       		.uleb128 0x49
 2763 0238 13       		.uleb128 0x13
 2764 0239 02       		.uleb128 0x2
 2765 023a 18       		.uleb128 0x18
 2766 023b 00       		.byte	0
 2767 023c 00       		.byte	0
 2768 023d 28       		.uleb128 0x28
 2769 023e 1D       		.uleb128 0x1d
 2770 023f 01       		.byte	0x1
 2771 0240 31       		.uleb128 0x31
 2772 0241 13       		.uleb128 0x13
 2773 0242 52       		.uleb128 0x52
 2774 0243 01       		.uleb128 0x1
 2775 0244 B842     		.uleb128 0x2138
 2776 0246 0B       		.uleb128 0xb
 2777 0247 55       		.uleb128 0x55
 2778 0248 17       		.uleb128 0x17
 2779 0249 58       		.uleb128 0x58
 2780 024a 0B       		.uleb128 0xb
 2781 024b 59       		.uleb128 0x59
 2782 024c 0B       		.uleb128 0xb
 2783 024d 57       		.uleb128 0x57
 2784 024e 0B       		.uleb128 0xb
 2785 024f 00       		.byte	0
 2786 0250 00       		.byte	0
 2787 0251 29       		.uleb128 0x29
 2788 0252 2E       		.uleb128 0x2e
 2789 0253 01       		.byte	0x1
 2790 0254 3F       		.uleb128 0x3f
 2791 0255 19       		.uleb128 0x19
 2792 0256 03       		.uleb128 0x3
 2793 0257 0E       		.uleb128 0xe
ARM GAS  C:\Users\DEVELO~1\AppData\Local\Temp\cc3qt43h.s 			page 50


 2794 0258 3A       		.uleb128 0x3a
 2795 0259 0B       		.uleb128 0xb
 2796 025a 3B       		.uleb128 0x3b
 2797 025b 0B       		.uleb128 0xb
 2798 025c 39       		.uleb128 0x39
 2799 025d 0B       		.uleb128 0xb
 2800 025e 27       		.uleb128 0x27
 2801 025f 19       		.uleb128 0x19
 2802 0260 49       		.uleb128 0x49
 2803 0261 13       		.uleb128 0x13
 2804 0262 11       		.uleb128 0x11
 2805 0263 01       		.uleb128 0x1
 2806 0264 12       		.uleb128 0x12
 2807 0265 06       		.uleb128 0x6
 2808 0266 40       		.uleb128 0x40
 2809 0267 18       		.uleb128 0x18
 2810 0268 7A       		.uleb128 0x7a
 2811 0269 19       		.uleb128 0x19
 2812 026a 01       		.uleb128 0x1
 2813 026b 13       		.uleb128 0x13
 2814 026c 00       		.byte	0
 2815 026d 00       		.byte	0
 2816 026e 2A       		.uleb128 0x2a
 2817 026f 34       		.uleb128 0x34
 2818 0270 00       		.byte	0
 2819 0271 03       		.uleb128 0x3
 2820 0272 08       		.uleb128 0x8
 2821 0273 3A       		.uleb128 0x3a
 2822 0274 0B       		.uleb128 0xb
 2823 0275 3B       		.uleb128 0x3b
 2824 0276 0B       		.uleb128 0xb
 2825 0277 39       		.uleb128 0x39
 2826 0278 0B       		.uleb128 0xb
 2827 0279 49       		.uleb128 0x49
 2828 027a 13       		.uleb128 0x13
 2829 027b 1C       		.uleb128 0x1c
 2830 027c 0B       		.uleb128 0xb
 2831 027d 00       		.byte	0
 2832 027e 00       		.byte	0
 2833 027f 2B       		.uleb128 0x2b
 2834 0280 05       		.uleb128 0x5
 2835 0281 00       		.byte	0
 2836 0282 03       		.uleb128 0x3
 2837 0283 0E       		.uleb128 0xe
 2838 0284 3A       		.uleb128 0x3a
 2839 0285 0B       		.uleb128 0xb
 2840 0286 3B       		.uleb128 0x3b
 2841 0287 0B       		.uleb128 0xb
 2842 0288 39       		.uleb128 0x39
 2843 0289 0B       		.uleb128 0xb
 2844 028a 49       		.uleb128 0x49
 2845 028b 13       		.uleb128 0x13
 2846 028c 02       		.uleb128 0x2
 2847 028d 18       		.uleb128 0x18
 2848 028e 00       		.byte	0
 2849 028f 00       		.byte	0
 2850 0290 2C       		.uleb128 0x2c
ARM GAS  C:\Users\DEVELO~1\AppData\Local\Temp\cc3qt43h.s 			page 51


 2851 0291 48       		.uleb128 0x48
 2852 0292 00       		.byte	0
 2853 0293 7D       		.uleb128 0x7d
 2854 0294 01       		.uleb128 0x1
 2855 0295 8201     		.uleb128 0x82
 2856 0297 19       		.uleb128 0x19
 2857 0298 7F       		.uleb128 0x7f
 2858 0299 13       		.uleb128 0x13
 2859 029a 00       		.byte	0
 2860 029b 00       		.byte	0
 2861 029c 2D       		.uleb128 0x2d
 2862 029d 2E       		.uleb128 0x2e
 2863 029e 01       		.byte	0x1
 2864 029f 03       		.uleb128 0x3
 2865 02a0 0E       		.uleb128 0xe
 2866 02a1 3A       		.uleb128 0x3a
 2867 02a2 0B       		.uleb128 0xb
 2868 02a3 3B       		.uleb128 0x3b
 2869 02a4 05       		.uleb128 0x5
 2870 02a5 39       		.uleb128 0x39
 2871 02a6 0B       		.uleb128 0xb
 2872 02a7 27       		.uleb128 0x27
 2873 02a8 19       		.uleb128 0x19
 2874 02a9 20       		.uleb128 0x20
 2875 02aa 0B       		.uleb128 0xb
 2876 02ab 01       		.uleb128 0x1
 2877 02ac 13       		.uleb128 0x13
 2878 02ad 00       		.byte	0
 2879 02ae 00       		.byte	0
 2880 02af 2E       		.uleb128 0x2e
 2881 02b0 2E       		.uleb128 0x2e
 2882 02b1 01       		.byte	0x1
 2883 02b2 03       		.uleb128 0x3
 2884 02b3 0E       		.uleb128 0xe
 2885 02b4 3A       		.uleb128 0x3a
 2886 02b5 0B       		.uleb128 0xb
 2887 02b6 3B       		.uleb128 0x3b
 2888 02b7 05       		.uleb128 0x5
 2889 02b8 39       		.uleb128 0x39
 2890 02b9 0B       		.uleb128 0xb
 2891 02ba 27       		.uleb128 0x27
 2892 02bb 19       		.uleb128 0x19
 2893 02bc 20       		.uleb128 0x20
 2894 02bd 0B       		.uleb128 0xb
 2895 02be 00       		.byte	0
 2896 02bf 00       		.byte	0
 2897 02c0 2F       		.uleb128 0x2f
 2898 02c1 05       		.uleb128 0x5
 2899 02c2 00       		.byte	0
 2900 02c3 03       		.uleb128 0x3
 2901 02c4 0E       		.uleb128 0xe
 2902 02c5 3A       		.uleb128 0x3a
 2903 02c6 0B       		.uleb128 0xb
 2904 02c7 3B       		.uleb128 0x3b
 2905 02c8 05       		.uleb128 0x5
 2906 02c9 39       		.uleb128 0x39
 2907 02ca 0B       		.uleb128 0xb
ARM GAS  C:\Users\DEVELO~1\AppData\Local\Temp\cc3qt43h.s 			page 52


 2908 02cb 49       		.uleb128 0x49
 2909 02cc 13       		.uleb128 0x13
 2910 02cd 00       		.byte	0
 2911 02ce 00       		.byte	0
 2912 02cf 00       		.byte	0
 2913              		.section	.debug_loclists,"",%progbits
 2914 0000 53010000 		.4byte	.Ldebug_loc3-.Ldebug_loc2
 2915              	.Ldebug_loc2:
 2916 0004 0500     		.2byte	0x5
 2917 0006 04       		.byte	0x4
 2918 0007 00       		.byte	0
 2919 0008 00000000 		.4byte	0
 2920              	.Ldebug_loc0:
 2921              	.LVUS24:
 2922 000c 00       		.uleb128 0
 2923 000d 00       		.uleb128 .LVU225
 2924 000e 00       		.uleb128 .LVU225
 2925 000f 00       		.uleb128 0
 2926              	.LLST24:
 2927 0010 06       		.byte	0x6
 2928 0011 00000000 		.4byte	.LVL22
 2929 0015 04       		.byte	0x4
 2930 0016 00       		.uleb128 .LVL22-.LVL22
 2931 0017 0D       		.uleb128 .LVL24-1-.LVL22
 2932 0018 01       		.uleb128 0x1
 2933 0019 50       		.byte	0x50
 2934 001a 04       		.byte	0x4
 2935 001b 0D       		.uleb128 .LVL24-1-.LVL22
 2936 001c 1A       		.uleb128 .LFE438-.LVL22
 2937 001d 01       		.uleb128 0x1
 2938 001e 54       		.byte	0x54
 2939 001f 00       		.byte	0
 2940              	.LVUS26:
 2941 0020 0B       		.uleb128 .LVU212
 2942 0021 00       		.uleb128 .LVU218
 2943              	.LLST26:
 2944 0022 08       		.byte	0x8
 2945 0023 00000000 		.4byte	.LVL22
 2946 0027 0A       		.uleb128 .LVL23-.LVL22
 2947 0028 03       		.uleb128 0x3
 2948 0029 08       		.byte	0x8
 2949 002a 30       		.byte	0x30
 2950 002b 9F       		.byte	0x9f
 2951 002c 00       		.byte	0
 2952              	.LVUS28:
 2953 002d 0D       		.uleb128 .LVU241
 2954 002e 00       		.uleb128 .LVU243
 2955              	.LLST28:
 2956 002f 08       		.byte	0x8
 2957 0030 14000000 		.4byte	.LVL25
 2958 0034 04       		.uleb128 .LVL26-.LVL25
 2959 0035 02       		.uleb128 0x2
 2960 0036 30       		.byte	0x30
 2961 0037 9F       		.byte	0x9f
 2962 0038 00       		.byte	0
 2963              	.LVUS17:
 2964 0039 00       		.uleb128 0
ARM GAS  C:\Users\DEVELO~1\AppData\Local\Temp\cc3qt43h.s 			page 53


 2965 003a 00       		.uleb128 .LVU174
 2966 003b 00       		.uleb128 .LVU174
 2967 003c 00       		.uleb128 0
 2968              	.LLST17:
 2969 003d 06       		.byte	0x6
 2970 003e 00000000 		.4byte	.LVL16
 2971 0042 04       		.byte	0x4
 2972 0043 00       		.uleb128 .LVL16-.LVL16
 2973 0044 0D       		.uleb128 .LVL18-1-.LVL16
 2974 0045 01       		.uleb128 0x1
 2975 0046 50       		.byte	0x50
 2976 0047 04       		.byte	0x4
 2977 0048 0D       		.uleb128 .LVL18-1-.LVL16
 2978 0049 28       		.uleb128 .LFE437-.LVL16
 2979 004a 01       		.uleb128 0x1
 2980 004b 54       		.byte	0x54
 2981 004c 00       		.byte	0
 2982              	.LVUS21:
 2983 004d 00       		.uleb128 .LVU177
 2984 004e 00       		.uleb128 0
 2985              	.LLST21:
 2986 004f 08       		.byte	0x8
 2987 0050 14000000 		.4byte	.LVL19
 2988 0054 14       		.uleb128 .LFE437-.LVL19
 2989 0055 01       		.uleb128 0x1
 2990 0056 51       		.byte	0x51
 2991 0057 00       		.byte	0
 2992              	.LVUS19:
 2993 0058 0B       		.uleb128 .LVU158
 2994 0059 00       		.uleb128 .LVU164
 2995              	.LLST19:
 2996 005a 08       		.byte	0x8
 2997 005b 00000000 		.4byte	.LVL16
 2998 005f 0A       		.uleb128 .LVL17-.LVL16
 2999 0060 03       		.uleb128 0x3
 3000 0061 08       		.byte	0x8
 3001 0062 30       		.byte	0x30
 3002 0063 9F       		.byte	0x9f
 3003 0064 00       		.byte	0
 3004              	.LVUS23:
 3005 0065 10       		.uleb128 .LVU196
 3006 0066 00       		.uleb128 .LVU198
 3007              	.LLST23:
 3008 0067 08       		.byte	0x8
 3009 0068 22000000 		.4byte	.LVL20
 3010 006c 04       		.uleb128 .LVL21-.LVL20
 3011 006d 02       		.uleb128 0x2
 3012 006e 30       		.byte	0x30
 3013 006f 9F       		.byte	0x9f
 3014 0070 00       		.byte	0
 3015              	.LVUS10:
 3016 0071 00       		.uleb128 0
 3017 0072 00       		.uleb128 .LVU131
 3018 0073 00       		.uleb128 .LVU131
 3019 0074 00       		.uleb128 0
 3020              	.LLST10:
 3021 0075 06       		.byte	0x6
ARM GAS  C:\Users\DEVELO~1\AppData\Local\Temp\cc3qt43h.s 			page 54


 3022 0076 00000000 		.4byte	.LVL12
 3023 007a 04       		.byte	0x4
 3024 007b 00       		.uleb128 .LVL12-.LVL12
 3025 007c 0D       		.uleb128 .LVL14-1-.LVL12
 3026 007d 01       		.uleb128 0x1
 3027 007e 50       		.byte	0x50
 3028 007f 04       		.byte	0x4
 3029 0080 0D       		.uleb128 .LVL14-1-.LVL12
 3030 0081 16       		.uleb128 .LFE436-.LVL12
 3031 0082 04       		.uleb128 0x4
 3032 0083 A3       		.byte	0xa3
 3033 0084 01       		.uleb128 0x1
 3034 0085 50       		.byte	0x50
 3035 0086 9F       		.byte	0x9f
 3036 0087 00       		.byte	0
 3037              	.LVUS11:
 3038 0088 00       		.uleb128 0
 3039 0089 00       		.uleb128 .LVU131
 3040 008a 00       		.uleb128 .LVU131
 3041 008b 00       		.uleb128 0
 3042              	.LLST11:
 3043 008c 06       		.byte	0x6
 3044 008d 00000000 		.4byte	.LVL12
 3045 0091 04       		.byte	0x4
 3046 0092 00       		.uleb128 .LVL12-.LVL12
 3047 0093 0D       		.uleb128 .LVL14-1-.LVL12
 3048 0094 01       		.uleb128 0x1
 3049 0095 51       		.byte	0x51
 3050 0096 04       		.byte	0x4
 3051 0097 0D       		.uleb128 .LVL14-1-.LVL12
 3052 0098 16       		.uleb128 .LFE436-.LVL12
 3053 0099 04       		.uleb128 0x4
 3054 009a A3       		.byte	0xa3
 3055 009b 01       		.uleb128 0x1
 3056 009c 51       		.byte	0x51
 3057 009d 9F       		.byte	0x9f
 3058 009e 00       		.byte	0
 3059              	.LVUS12:
 3060 009f 00       		.uleb128 0
 3061 00a0 00       		.uleb128 .LVU131
 3062 00a1 00       		.uleb128 .LVU131
 3063 00a2 00       		.uleb128 0
 3064              	.LLST12:
 3065 00a3 06       		.byte	0x6
 3066 00a4 00000000 		.4byte	.LVL12
 3067 00a8 04       		.byte	0x4
 3068 00a9 00       		.uleb128 .LVL12-.LVL12
 3069 00aa 0D       		.uleb128 .LVL14-1-.LVL12
 3070 00ab 01       		.uleb128 0x1
 3071 00ac 52       		.byte	0x52
 3072 00ad 04       		.byte	0x4
 3073 00ae 0D       		.uleb128 .LVL14-1-.LVL12
 3074 00af 16       		.uleb128 .LFE436-.LVL12
 3075 00b0 04       		.uleb128 0x4
 3076 00b1 A3       		.byte	0xa3
 3077 00b2 01       		.uleb128 0x1
 3078 00b3 52       		.byte	0x52
ARM GAS  C:\Users\DEVELO~1\AppData\Local\Temp\cc3qt43h.s 			page 55


 3079 00b4 9F       		.byte	0x9f
 3080 00b5 00       		.byte	0
 3081              	.LVUS13:
 3082 00b6 00       		.uleb128 0
 3083 00b7 00       		.uleb128 .LVU131
 3084 00b8 00       		.uleb128 .LVU131
 3085 00b9 00       		.uleb128 0
 3086              	.LLST13:
 3087 00ba 06       		.byte	0x6
 3088 00bb 00000000 		.4byte	.LVL12
 3089 00bf 04       		.byte	0x4
 3090 00c0 00       		.uleb128 .LVL12-.LVL12
 3091 00c1 0D       		.uleb128 .LVL14-1-.LVL12
 3092 00c2 01       		.uleb128 0x1
 3093 00c3 53       		.byte	0x53
 3094 00c4 04       		.byte	0x4
 3095 00c5 0D       		.uleb128 .LVL14-1-.LVL12
 3096 00c6 16       		.uleb128 .LFE436-.LVL12
 3097 00c7 04       		.uleb128 0x4
 3098 00c8 A3       		.byte	0xa3
 3099 00c9 01       		.uleb128 0x1
 3100 00ca 53       		.byte	0x53
 3101 00cb 9F       		.byte	0x9f
 3102 00cc 00       		.byte	0
 3103              	.LVUS15:
 3104 00cd 0B       		.uleb128 .LVU120
 3105 00ce 00       		.uleb128 .LVU124
 3106              	.LLST15:
 3107 00cf 08       		.byte	0x8
 3108 00d0 00000000 		.4byte	.LVL12
 3109 00d4 0A       		.uleb128 .LVL13-.LVL12
 3110 00d5 03       		.uleb128 0x3
 3111 00d6 08       		.byte	0x8
 3112 00d7 30       		.byte	0x30
 3113 00d8 9F       		.byte	0x9f
 3114 00d9 00       		.byte	0
 3115              	.LVUS16:
 3116 00da 0C       		.uleb128 .LVU143
 3117 00db 00       		.uleb128 .LVU145
 3118              	.LLST16:
 3119 00dc 08       		.byte	0x8
 3120 00dd 0E000000 		.4byte	.LVL14
 3121 00e1 06       		.uleb128 .LVL15-.LVL14
 3122 00e2 02       		.uleb128 0x2
 3123 00e3 30       		.byte	0x30
 3124 00e4 9F       		.byte	0x9f
 3125 00e5 00       		.byte	0
 3126              	.LVUS6:
 3127 00e6 00       		.uleb128 0
 3128 00e7 00       		.uleb128 .LVU86
 3129 00e8 00       		.uleb128 .LVU86
 3130 00e9 00       		.uleb128 0
 3131              	.LLST6:
 3132 00ea 06       		.byte	0x6
 3133 00eb 00000000 		.4byte	.LVL7
 3134 00ef 04       		.byte	0x4
 3135 00f0 00       		.uleb128 .LVL7-.LVL7
ARM GAS  C:\Users\DEVELO~1\AppData\Local\Temp\cc3qt43h.s 			page 56


 3136 00f1 0D       		.uleb128 .LVL9-1-.LVL7
 3137 00f2 01       		.uleb128 0x1
 3138 00f3 50       		.byte	0x50
 3139 00f4 04       		.byte	0x4
 3140 00f5 0D       		.uleb128 .LVL9-1-.LVL7
 3141 00f6 1C       		.uleb128 .LFE435-.LVL7
 3142 00f7 01       		.uleb128 0x1
 3143 00f8 54       		.byte	0x54
 3144 00f9 00       		.byte	0
 3145              	.LVUS8:
 3146 00fa 0B       		.uleb128 .LVU73
 3147 00fb 00       		.uleb128 .LVU79
 3148              	.LLST8:
 3149 00fc 08       		.byte	0x8
 3150 00fd 00000000 		.4byte	.LVL7
 3151 0101 0A       		.uleb128 .LVL8-.LVL7
 3152 0102 03       		.uleb128 0x3
 3153 0103 08       		.byte	0x8
 3154 0104 30       		.byte	0x30
 3155 0105 9F       		.byte	0x9f
 3156 0106 00       		.byte	0
 3157              	.LVUS9:
 3158 0107 0C       		.uleb128 .LVU104
 3159 0108 00       		.uleb128 .LVU106
 3160              	.LLST9:
 3161 0109 08       		.byte	0x8
 3162 010a 16000000 		.4byte	.LVL10
 3163 010e 04       		.uleb128 .LVL11-.LVL10
 3164 010f 02       		.uleb128 0x2
 3165 0110 30       		.byte	0x30
 3166 0111 9F       		.byte	0x9f
 3167 0112 00       		.byte	0
 3168              	.LVUS0:
 3169 0113 00       		.uleb128 0
 3170 0114 00       		.uleb128 .LVU39
 3171 0115 00       		.uleb128 .LVU39
 3172 0116 00       		.uleb128 0
 3173              	.LLST0:
 3174 0117 06       		.byte	0x6
 3175 0118 00000000 		.4byte	.LVL2
 3176 011c 04       		.byte	0x4
 3177 011d 00       		.uleb128 .LVL2-.LVL2
 3178 011e 0F       		.uleb128 .LVL4-1-.LVL2
 3179 011f 01       		.uleb128 0x1
 3180 0120 50       		.byte	0x50
 3181 0121 04       		.byte	0x4
 3182 0122 0F       		.uleb128 .LVL4-1-.LVL2
 3183 0123 1C       		.uleb128 .LFE434-.LVL2
 3184 0124 01       		.uleb128 0x1
 3185 0125 54       		.byte	0x54
 3186 0126 00       		.byte	0
 3187              	.LVUS1:
 3188 0127 00       		.uleb128 0
 3189 0128 00       		.uleb128 .LVU39
 3190 0129 00       		.uleb128 .LVU39
 3191 012a 00       		.uleb128 0
 3192              	.LLST1:
ARM GAS  C:\Users\DEVELO~1\AppData\Local\Temp\cc3qt43h.s 			page 57


 3193 012b 06       		.byte	0x6
 3194 012c 00000000 		.4byte	.LVL2
 3195 0130 04       		.byte	0x4
 3196 0131 00       		.uleb128 .LVL2-.LVL2
 3197 0132 0F       		.uleb128 .LVL4-1-.LVL2
 3198 0133 01       		.uleb128 0x1
 3199 0134 51       		.byte	0x51
 3200 0135 04       		.byte	0x4
 3201 0136 0F       		.uleb128 .LVL4-1-.LVL2
 3202 0137 1C       		.uleb128 .LFE434-.LVL2
 3203 0138 04       		.uleb128 0x4
 3204 0139 A3       		.byte	0xa3
 3205 013a 01       		.uleb128 0x1
 3206 013b 51       		.byte	0x51
 3207 013c 9F       		.byte	0x9f
 3208 013d 00       		.byte	0
 3209              	.LVUS3:
 3210 013e 0C       		.uleb128 .LVU24
 3211 013f 00       		.uleb128 .LVU30
 3212              	.LLST3:
 3213 0140 08       		.byte	0x8
 3214 0141 00000000 		.4byte	.LVL2
 3215 0145 0A       		.uleb128 .LVL3-.LVL2
 3216 0146 03       		.uleb128 0x3
 3217 0147 08       		.byte	0x8
 3218 0148 30       		.byte	0x30
 3219 0149 9F       		.byte	0x9f
 3220 014a 00       		.byte	0
 3221              	.LVUS5:
 3222 014b 0D       		.uleb128 .LVU56
 3223 014c 00       		.uleb128 .LVU58
 3224              	.LLST5:
 3225 014d 08       		.byte	0x8
 3226 014e 16000000 		.4byte	.LVL5
 3227 0152 04       		.uleb128 .LVL6-.LVL5
 3228 0153 02       		.uleb128 0x2
 3229 0154 30       		.byte	0x30
 3230 0155 9F       		.byte	0x9f
 3231 0156 00       		.byte	0
 3232              	.Ldebug_loc3:
 3233              		.section	.debug_aranges,"",%progbits
 3234 0000 4C000000 		.4byte	0x4c
 3235 0004 0200     		.2byte	0x2
 3236 0006 00000000 		.4byte	.Ldebug_info0
 3237 000a 04       		.byte	0x4
 3238 000b 00       		.byte	0
 3239 000c 0000     		.2byte	0
 3240 000e 0000     		.2byte	0
 3241 0010 00000000 		.4byte	.LFB432
 3242 0014 04000000 		.4byte	.LFE432-.LFB432
 3243 0018 00000000 		.4byte	.LFB433
 3244 001c 0E000000 		.4byte	.LFE433-.LFB433
 3245 0020 00000000 		.4byte	.LFB434
 3246 0024 1C000000 		.4byte	.LFE434-.LFB434
 3247 0028 00000000 		.4byte	.LFB435
 3248 002c 1C000000 		.4byte	.LFE435-.LFB435
 3249 0030 00000000 		.4byte	.LFB436
ARM GAS  C:\Users\DEVELO~1\AppData\Local\Temp\cc3qt43h.s 			page 58


 3250 0034 16000000 		.4byte	.LFE436-.LFB436
 3251 0038 00000000 		.4byte	.LFB437
 3252 003c 28000000 		.4byte	.LFE437-.LFB437
 3253 0040 00000000 		.4byte	.LFB438
 3254 0044 1A000000 		.4byte	.LFE438-.LFB438
 3255 0048 00000000 		.4byte	0
 3256 004c 00000000 		.4byte	0
 3257              		.section	.debug_rnglists,"",%progbits
 3258              	.Ldebug_ranges0:
 3259 0000 AB000000 		.4byte	.Ldebug_ranges3-.Ldebug_ranges2
 3260              	.Ldebug_ranges2:
 3261 0004 0500     		.2byte	0x5
 3262 0006 04       		.byte	0x4
 3263 0007 00       		.byte	0
 3264 0008 00000000 		.4byte	0
 3265              	.LLRL2:
 3266 000c 05       		.byte	0x5
 3267 000d 00000000 		.4byte	.LBB90
 3268 0011 04       		.byte	0x4
 3269 0012 00       		.uleb128 .LBB90-.LBB90
 3270 0013 00       		.uleb128 .LBE90-.LBB90
 3271 0014 04       		.byte	0x4
 3272 0015 02       		.uleb128 .LBB103-.LBB90
 3273 0016 04       		.uleb128 .LBE103-.LBB90
 3274 0017 04       		.byte	0x4
 3275 0018 06       		.uleb128 .LBB104-.LBB90
 3276 0019 0A       		.uleb128 .LBE104-.LBB90
 3277 001a 00       		.byte	0
 3278              	.LLRL4:
 3279 001b 05       		.byte	0x5
 3280 001c 12000000 		.4byte	.LBB105
 3281 0020 04       		.byte	0x4
 3282 0021 00       		.uleb128 .LBB105-.LBB105
 3283 0022 02       		.uleb128 .LBE105-.LBB105
 3284 0023 04       		.byte	0x4
 3285 0024 04       		.uleb128 .LBB116-.LBB105
 3286 0025 08       		.uleb128 .LBE116-.LBB105
 3287 0026 00       		.byte	0
 3288              	.LLRL7:
 3289 0027 05       		.byte	0x5
 3290 0028 00000000 		.4byte	.LBB117
 3291 002c 04       		.byte	0x4
 3292 002d 00       		.uleb128 .LBB117-.LBB117
 3293 002e 00       		.uleb128 .LBE117-.LBB117
 3294 002f 04       		.byte	0x4
 3295 0030 02       		.uleb128 .LBB130-.LBB117
 3296 0031 04       		.uleb128 .LBE130-.LBB117
 3297 0032 04       		.byte	0x4
 3298 0033 06       		.uleb128 .LBB131-.LBB117
 3299 0034 0A       		.uleb128 .LBE131-.LBB117
 3300 0035 00       		.byte	0
 3301              	.LLRL14:
 3302 0036 05       		.byte	0x5
 3303 0037 00000000 		.4byte	.LBB138
 3304 003b 04       		.byte	0x4
 3305 003c 00       		.uleb128 .LBB138-.LBB138
 3306 003d 04       		.uleb128 .LBE138-.LBB138
ARM GAS  C:\Users\DEVELO~1\AppData\Local\Temp\cc3qt43h.s 			page 59


 3307 003e 04       		.byte	0x4
 3308 003f 06       		.uleb128 .LBB147-.LBB138
 3309 0040 0A       		.uleb128 .LBE147-.LBB138
 3310 0041 00       		.byte	0
 3311              	.LLRL18:
 3312 0042 05       		.byte	0x5
 3313 0043 00000000 		.4byte	.LBB154
 3314 0047 04       		.byte	0x4
 3315 0048 00       		.uleb128 .LBB154-.LBB154
 3316 0049 00       		.uleb128 .LBE154-.LBB154
 3317 004a 04       		.byte	0x4
 3318 004b 02       		.uleb128 .LBB167-.LBB154
 3319 004c 04       		.uleb128 .LBE167-.LBB154
 3320 004d 04       		.byte	0x4
 3321 004e 06       		.uleb128 .LBB168-.LBB154
 3322 004f 0A       		.uleb128 .LBE168-.LBB154
 3323 0050 00       		.byte	0
 3324              	.LLRL20:
 3325 0051 05       		.byte	0x5
 3326 0052 0A000000 		.4byte	.LBB169
 3327 0056 04       		.byte	0x4
 3328 0057 00       		.uleb128 .LBB169-.LBB169
 3329 0058 06       		.uleb128 .LBE169-.LBB169
 3330 0059 04       		.byte	0x4
 3331 005a 08       		.uleb128 .LBB181-.LBB169
 3332 005b 18       		.uleb128 .LBE181-.LBB169
 3333 005c 00       		.byte	0
 3334              	.LLRL22:
 3335 005d 05       		.byte	0x5
 3336 005e 10000000 		.4byte	.LBB170
 3337 0062 04       		.byte	0x4
 3338 0063 00       		.uleb128 .LBB170-.LBB170
 3339 0064 02       		.uleb128 .LBE170-.LBB170
 3340 0065 04       		.byte	0x4
 3341 0066 12       		.uleb128 .LBB182-.LBB170
 3342 0067 16       		.uleb128 .LBE182-.LBB170
 3343 0068 00       		.byte	0
 3344              	.LLRL25:
 3345 0069 05       		.byte	0x5
 3346 006a 00000000 		.4byte	.LBB183
 3347 006e 04       		.byte	0x4
 3348 006f 00       		.uleb128 .LBB183-.LBB183
 3349 0070 00       		.uleb128 .LBE183-.LBB183
 3350 0071 04       		.byte	0x4
 3351 0072 02       		.uleb128 .LBB196-.LBB183
 3352 0073 04       		.uleb128 .LBE196-.LBB183
 3353 0074 04       		.byte	0x4
 3354 0075 06       		.uleb128 .LBB197-.LBB183
 3355 0076 0A       		.uleb128 .LBE197-.LBB183
 3356 0077 00       		.byte	0
 3357              	.LLRL27:
 3358 0078 05       		.byte	0x5
 3359 0079 10000000 		.4byte	.LBB198
 3360 007d 04       		.byte	0x4
 3361 007e 00       		.uleb128 .LBB198-.LBB198
 3362 007f 02       		.uleb128 .LBE198-.LBB198
 3363 0080 04       		.byte	0x4
ARM GAS  C:\Users\DEVELO~1\AppData\Local\Temp\cc3qt43h.s 			page 60


 3364 0081 04       		.uleb128 .LBB209-.LBB198
 3365 0082 08       		.uleb128 .LBE209-.LBB198
 3366 0083 00       		.byte	0
 3367              	.LLRL29:
 3368 0084 07       		.byte	0x7
 3369 0085 00000000 		.4byte	.LFB432
 3370 0089 04       		.uleb128 .LFE432-.LFB432
 3371 008a 07       		.byte	0x7
 3372 008b 00000000 		.4byte	.LFB433
 3373 008f 0E       		.uleb128 .LFE433-.LFB433
 3374 0090 07       		.byte	0x7
 3375 0091 00000000 		.4byte	.LFB434
 3376 0095 1C       		.uleb128 .LFE434-.LFB434
 3377 0096 07       		.byte	0x7
 3378 0097 00000000 		.4byte	.LFB435
 3379 009b 1C       		.uleb128 .LFE435-.LFB435
 3380 009c 07       		.byte	0x7
 3381 009d 00000000 		.4byte	.LFB436
 3382 00a1 16       		.uleb128 .LFE436-.LFB436
 3383 00a2 07       		.byte	0x7
 3384 00a3 00000000 		.4byte	.LFB437
 3385 00a7 28       		.uleb128 .LFE437-.LFB437
 3386 00a8 07       		.byte	0x7
 3387 00a9 00000000 		.4byte	.LFB438
 3388 00ad 1A       		.uleb128 .LFE438-.LFB438
 3389 00ae 00       		.byte	0
 3390              	.Ldebug_ranges3:
 3391              		.section	.debug_line,"",%progbits
 3392              	.Ldebug_line0:
 3393 0000 32070000 		.section	.debug_str,"MS",%progbits,1
 3393      0300EE02 
 3393      00000201 
 3393      FB0E0D00 
 3393      01010101 
 3394              	.LASF39:
 3395 0000 5341495F 		.ascii	"SAI_UNINIT\000"
 3395      554E494E 
 3395      495400
 3396              	.LASF93:
 3397 000b 73616953 		.ascii	"saiStart\000"
 3397      74617274 
 3397      00
 3398              	.LASF41:
 3399 0014 5341495F 		.ascii	"SAI_READY\000"
 3399      52454144 
 3399      5900
 3400              	.LASF25:
 3401 001e 50444D43 		.ascii	"PDMCR\000"
 3401      5200
 3402              	.LASF60:
 3403 0024 68616C5F 		.ascii	"hal_sai_config\000"
 3403      7361695F 
 3403      636F6E66 
 3403      696700
 3404              	.LASF49:
 3405 0033 646D6172 		.ascii	"dmarx\000"
 3405      7800
ARM GAS  C:\Users\DEVELO~1\AppData\Local\Temp\cc3qt43h.s 			page 61


 3406              	.LASF89:
 3407 0039 2E2E2F2E 		.ascii	"../../../os/hal/src/hal_sai.c\000"
 3407      2E2F2E2E 
 3407      2F6F732F 
 3407      68616C2F 
 3407      7372632F 
 3408              	.LASF22:
 3409 0057 444D415F 		.ascii	"DMA_Stream_TypeDef\000"
 3409      53747265 
 3409      616D5F54 
 3409      79706544 
 3409      656600
 3410              	.LASF45:
 3411 006a 73746174 		.ascii	"state\000"
 3411      6500
 3412              	.LASF7:
 3413 0070 73686F72 		.ascii	"short int\000"
 3413      7420696E 
 3413      7400
 3414              	.LASF4:
 3415 007a 73697A65 		.ascii	"size_t\000"
 3415      5F7400
 3416              	.LASF71:
 3417 0081 7361695F 		.ascii	"sai_lld_set_buffers\000"
 3417      6C6C645F 
 3417      7365745F 
 3417      62756666 
 3417      65727300 
 3418              	.LASF83:
 3419 0095 6F73616C 		.ascii	"osalSysUnlock\000"
 3419      53797355 
 3419      6E6C6F63 
 3419      6B00
 3420              	.LASF42:
 3421 00a3 5341495F 		.ascii	"SAI_ACTIVE\000"
 3421      41435449 
 3421      564500
 3422              	.LASF58:
 3423 00ae 53414943 		.ascii	"SAIConfig\000"
 3423      6F6E6669 
 3423      6700
 3424              	.LASF74:
 3425 00b8 73616953 		.ascii	"saiStopExchange\000"
 3425      746F7045 
 3425      78636861 
 3425      6E676500 
 3426              	.LASF85:
 3427 00c8 63685379 		.ascii	"chSysLock\000"
 3427      734C6F63 
 3427      6B00
 3428              	.LASF88:
 3429 00d2 474E5520 		.ascii	"GNU C17 11.3.1 20220712 -mcpu=cortex-m7 -mthumb -mf"
 3429      43313720 
 3429      31312E33 
 3429      2E312032 
 3429      30323230 
 3430 0105 6C6F6174 		.ascii	"loat-abi=soft -march=armv7e-m -ggdb -O2 -fomit-fram"
ARM GAS  C:\Users\DEVELO~1\AppData\Local\Temp\cc3qt43h.s 			page 62


 3430      2D616269 
 3430      3D736F66 
 3430      74202D6D 
 3430      61726368 
 3431 0138 652D706F 		.ascii	"e-pointer -falign-functions=16 -ffunction-sections "
 3431      696E7465 
 3431      72202D66 
 3431      616C6967 
 3431      6E2D6675 
 3432 016b 2D666461 		.ascii	"-fdata-sections -fno-common\000"
 3432      74612D73 
 3432      65637469 
 3432      6F6E7320 
 3432      2D666E6F 
 3433              	.LASF31:
 3434 0187 5341495F 		.ascii	"SAI_Block_TypeDef\000"
 3434      426C6F63 
 3434      6B5F5479 
 3434      70654465 
 3434      6600
 3435              	.LASF27:
 3436 0199 5341495F 		.ascii	"SAI_TypeDef\000"
 3436      54797065 
 3436      44656600 
 3437              	.LASF46:
 3438 01a5 636F6E66 		.ascii	"config\000"
 3438      696700
 3439              	.LASF23:
 3440 01ac 444D414D 		.ascii	"DMAMUX_Channel_TypeDef\000"
 3440      55585F43 
 3440      68616E6E 
 3440      656C5F54 
 3440      79706544 
 3441              	.LASF38:
 3442 01c3 73746D33 		.ascii	"stm32_dma_stream_t\000"
 3442      325F646D 
 3442      615F7374 
 3442      7265616D 
 3442      5F7400
 3443              	.LASF76:
 3444 01d6 73616970 		.ascii	"saip\000"
 3444      00
 3445              	.LASF72:
 3446 01db 7361695F 		.ascii	"sai_lld_stop\000"
 3446      6C6C645F 
 3446      73746F70 
 3446      00
 3447              	.LASF14:
 3448 01e8 75696E74 		.ascii	"uint8_t\000"
 3448      385F7400 
 3449              	.LASF37:
 3450 01f0 76656374 		.ascii	"vector\000"
 3450      6F7200
 3451              	.LASF19:
 3452 01f7 4E445452 		.ascii	"NDTR\000"
 3452      00
 3453              	.LASF43:
ARM GAS  C:\Users\DEVELO~1\AppData\Local\Temp\cc3qt43h.s 			page 63


 3454 01fc 73616973 		.ascii	"saistate_t\000"
 3454      74617465 
 3454      5F7400
 3455              	.LASF70:
 3456 0207 7361695F 		.ascii	"sai_lld_start_exchange\000"
 3456      6C6C645F 
 3456      73746172 
 3456      745F6578 
 3456      6368616E 
 3457              	.LASF2:
 3458 021e 6C6F6E67 		.ascii	"long double\000"
 3458      20646F75 
 3458      626C6500 
 3459              	.LASF1:
 3460 022a 6C6F6E67 		.ascii	"long long int\000"
 3460      206C6F6E 
 3460      6720696E 
 3460      7400
 3461              	.LASF67:
 3462 0238 646D615F 		.ascii	"dma_mode\000"
 3462      6D6F6465 
 3462      00
 3463              	.LASF26:
 3464 0241 50444D44 		.ascii	"PDMDLY\000"
 3464      4C5900
 3465              	.LASF57:
 3466 0248 6572726F 		.ascii	"error_repeats\000"
 3466      725F7265 
 3466      70656174 
 3466      7300
 3467              	.LASF35:
 3468 0256 73686966 		.ascii	"shift\000"
 3468      7400
 3469              	.LASF33:
 3470 025c 73747265 		.ascii	"stream\000"
 3470      616D00
 3471              	.LASF68:
 3472 0263 73616963 		.ascii	"saicallback_t\000"
 3472      616C6C62 
 3472      61636B5F 
 3472      7400
 3473              	.LASF5:
 3474 0271 5F5F7569 		.ascii	"__uint8_t\000"
 3474      6E74385F 
 3474      7400
 3475              	.LASF48:
 3476 027b 626C6F63 		.ascii	"block\000"
 3476      6B00
 3477              	.LASF11:
 3478 0281 5F5F7569 		.ascii	"__uint32_t\000"
 3478      6E743332 
 3478      5F7400
 3479              	.LASF66:
 3480 028c 736C6F74 		.ascii	"slotr\000"
 3480      7200
 3481              	.LASF29:
 3482 0292 534C4F54 		.ascii	"SLOTR\000"
ARM GAS  C:\Users\DEVELO~1\AppData\Local\Temp\cc3qt43h.s 			page 64


 3482      5200
 3483              	.LASF84:
 3484 0298 6F73616C 		.ascii	"osalSysLock\000"
 3484      5379734C 
 3484      6F636B00 
 3485              	.LASF6:
 3486 02a4 756E7369 		.ascii	"unsigned char\000"
 3486      676E6564 
 3486      20636861 
 3486      7200
 3487              	.LASF51:
 3488 02b2 7278646D 		.ascii	"rxdmamode\000"
 3488      616D6F64 
 3488      6500
 3489              	.LASF61:
 3490 02bc 74785F62 		.ascii	"tx_buffer\000"
 3490      75666665 
 3490      7200
 3491              	.LASF77:
 3492 02c6 5F5F6675 		.ascii	"__func__\000"
 3492      6E635F5F 
 3492      00
 3493              	.LASF75:
 3494 02cf 73616953 		.ascii	"saiStartExchange\000"
 3494      74617274 
 3494      45786368 
 3494      616E6765 
 3494      00
 3495              	.LASF3:
 3496 02e0 7369676E 		.ascii	"signed char\000"
 3496      65642063 
 3496      68617200 
 3497              	.LASF44:
 3498 02ec 53414944 		.ascii	"SAIDriver\000"
 3498      72697665 
 3498      7200
 3499              	.LASF13:
 3500 02f6 6C6F6E67 		.ascii	"long long unsigned int\000"
 3500      206C6F6E 
 3500      6720756E 
 3500      7369676E 
 3500      65642069 
 3501              	.LASF28:
 3502 030d 46524352 		.ascii	"FRCR\000"
 3502      00
 3503              	.LASF16:
 3504 0312 75696E74 		.ascii	"uint32_t\000"
 3504      33325F74 
 3504      00
 3505              	.LASF69:
 3506 031b 7361695F 		.ascii	"sai_lld_stop_exchange\000"
 3506      6C6C645F 
 3506      73746F70 
 3506      5F657863 
 3506      68616E67 
 3507              	.LASF36:
 3508 0331 73656C66 		.ascii	"selfindex\000"
ARM GAS  C:\Users\DEVELO~1\AppData\Local\Temp\cc3qt43h.s 			page 65


 3508      696E6465 
 3508      7800
 3509              	.LASF52:
 3510 033b 7478646D 		.ascii	"txdmamode\000"
 3510      616D6F64 
 3510      6500
 3511              	.LASF90:
 3512 0345 433A5C50 		.ascii	"C:\\PROJET\\ChibiOS project\\ChibiOS_21.11.4\\demos"
 3512      524F4A45 
 3512      545C4368 
 3512      6962694F 
 3512      53207072 
 3513 0374 5C53544D 		.ascii	"\\STM32\\RT-STM32H743ZI_REV_XY-NUCLEO144\000"
 3513      33325C52 
 3513      542D5354 
 3513      4D333248 
 3513      3734335A 
 3514              	.LASF12:
 3515 039b 6C6F6E67 		.ascii	"long unsigned int\000"
 3515      20756E73 
 3515      69676E65 
 3515      6420696E 
 3515      7400
 3516              	.LASF50:
 3517 03ad 646D6174 		.ascii	"dmatx\000"
 3517      7800
 3518              	.LASF56:
 3519 03b3 6572726F 		.ascii	"error_flags\000"
 3519      725F666C 
 3519      61677300 
 3520              	.LASF8:
 3521 03bf 73686F72 		.ascii	"short unsigned int\000"
 3521      7420756E 
 3521      7369676E 
 3521      65642069 
 3521      6E7400
 3522              	.LASF96:
 3523 03d2 62617365 		.ascii	"basePri\000"
 3523      50726900 
 3524              	.LASF53:
 3525 03da 74786275 		.ascii	"txbuf\000"
 3525      6600
 3526              	.LASF21:
 3527 03e0 4D314152 		.ascii	"M1AR\000"
 3527      00
 3528              	.LASF18:
 3529 03e5 63686172 		.ascii	"char\000"
 3529      00
 3530              	.LASF10:
 3531 03ea 6C6F6E67 		.ascii	"long int\000"
 3531      20696E74 
 3531      00
 3532              	.LASF80:
 3533 03f3 5F736169 		.ascii	"_sai_sr\000"
 3533      5F737200 
 3534              	.LASF15:
 3535 03fb 696E7433 		.ascii	"int32_t\000"
ARM GAS  C:\Users\DEVELO~1\AppData\Local\Temp\cc3qt43h.s 			page 66


 3535      325F7400 
 3536              	.LASF81:
 3537 0403 7361694F 		.ascii	"saiObjectInit\000"
 3537      626A6563 
 3537      74496E69 
 3537      7400
 3538              	.LASF32:
 3539 0411 5F426F6F 		.ascii	"_Bool\000"
 3539      6C00
 3540              	.LASF86:
 3541 0417 706F7274 		.ascii	"port_unlock\000"
 3541      5F756E6C 
 3541      6F636B00 
 3542              	.LASF87:
 3543 0423 706F7274 		.ascii	"port_lock\000"
 3543      5F6C6F63 
 3543      6B00
 3544              	.LASF62:
 3545 042d 72785F62 		.ascii	"rx_buffer\000"
 3545      75666665 
 3545      7200
 3546              	.LASF79:
 3547 0437 73616953 		.ascii	"saiStop\000"
 3547      746F7000 
 3548              	.LASF24:
 3549 043f 52455345 		.ascii	"RESERVED0\000"
 3549      52564544 
 3549      3000
 3550              	.LASF20:
 3551 0449 4D304152 		.ascii	"M0AR\000"
 3551      00
 3552              	.LASF78:
 3553 044e 73616953 		.ascii	"saiSetBuffers\000"
 3553      65744275 
 3553      66666572 
 3553      7300
 3554              	.LASF91:
 3555 045c 7361695F 		.ascii	"sai_lld_init\000"
 3555      6C6C645F 
 3555      696E6974 
 3555      00
 3556              	.LASF82:
 3557 0469 73616949 		.ascii	"saiInit\000"
 3557      6E697400 
 3558              	.LASF30:
 3559 0471 434C5246 		.ascii	"CLRFR\000"
 3559      5200
 3560              	.LASF55:
 3561 0477 62756673 		.ascii	"bufsize\000"
 3561      697A6500 
 3562              	.LASF65:
 3563 047f 66726372 		.ascii	"frcr\000"
 3563      00
 3564              	.LASF63:
 3565 0484 73697A65 		.ascii	"size\000"
 3565      00
 3566              	.LASF94:
ARM GAS  C:\Users\DEVELO~1\AppData\Local\Temp\cc3qt43h.s 			page 67


 3567 0489 63685379 		.ascii	"chSysUnlock\000"
 3567      73556E6C 
 3567      6F636B00 
 3568              	.LASF9:
 3569 0495 5F5F696E 		.ascii	"__int32_t\000"
 3569      7433325F 
 3569      7400
 3570              	.LASF47:
 3571 049f 626C6F63 		.ascii	"blockp\000"
 3571      6B7000
 3572              	.LASF73:
 3573 04a6 7361695F 		.ascii	"sai_lld_start\000"
 3573      6C6C645F 
 3573      73746172 
 3573      7400
 3574              	.LASF95:
 3575 04b4 5F5F7365 		.ascii	"__set_BASEPRI\000"
 3575      745F4241 
 3575      53455052 
 3575      4900
 3576              	.LASF59:
 3577 04c2 68616C5F 		.ascii	"hal_sai_driver\000"
 3577      7361695F 
 3577      64726976 
 3577      657200
 3578              	.LASF54:
 3579 04d1 72786275 		.ascii	"rxbuf\000"
 3579      6600
 3580              	.LASF0:
 3581 04d7 756E7369 		.ascii	"unsigned int\000"
 3581      676E6564 
 3581      20696E74 
 3581      00
 3582              	.LASF64:
 3583 04e4 656E645F 		.ascii	"end_cb\000"
 3583      636200
 3584              	.LASF34:
 3585 04eb 69666372 		.ascii	"ifcr\000"
 3585      00
 3586              	.LASF17:
 3587 04f0 6D73675F 		.ascii	"msg_t\000"
 3587      7400
 3588              	.LASF92:
 3589 04f6 5F736169 		.ascii	"_sai_cr1\000"
 3589      5F637231 
 3589      00
 3590              	.LASF40:
 3591 04ff 5341495F 		.ascii	"SAI_STOP\000"
 3591      53544F50 
 3591      00
 3592              		.ident	"GCC: (Arm GNU Toolchain 11.3.Rel1) 11.3.1 20220712"
ARM GAS  C:\Users\DEVELO~1\AppData\Local\Temp\cc3qt43h.s 			page 68


DEFINED SYMBOLS
                            *ABS*:00000000 hal_sai.c
C:\Users\DEVELO~1\AppData\Local\Temp\cc3qt43h.s:18     .text.saiInit:00000000 $t
C:\Users\DEVELO~1\AppData\Local\Temp\cc3qt43h.s:25     .text.saiInit:00000000 saiInit
C:\Users\DEVELO~1\AppData\Local\Temp\cc3qt43h.s:40     .text.saiObjectInit:00000000 $t
C:\Users\DEVELO~1\AppData\Local\Temp\cc3qt43h.s:47     .text.saiObjectInit:00000000 saiObjectInit
C:\Users\DEVELO~1\AppData\Local\Temp\cc3qt43h.s:74     .text.saiStart:00000000 $t
C:\Users\DEVELO~1\AppData\Local\Temp\cc3qt43h.s:81     .text.saiStart:00000000 saiStart
C:\Users\DEVELO~1\AppData\Local\Temp\cc3qt43h.s:235    .text.saiStop:00000000 $t
C:\Users\DEVELO~1\AppData\Local\Temp\cc3qt43h.s:242    .text.saiStop:00000000 saiStop
C:\Users\DEVELO~1\AppData\Local\Temp\cc3qt43h.s:377    .text.saiSetBuffers:00000000 $t
C:\Users\DEVELO~1\AppData\Local\Temp\cc3qt43h.s:384    .text.saiSetBuffers:00000000 saiSetBuffers
C:\Users\DEVELO~1\AppData\Local\Temp\cc3qt43h.s:495    .text.saiStartExchange:00000000 $t
C:\Users\DEVELO~1\AppData\Local\Temp\cc3qt43h.s:502    .text.saiStartExchange:00000000 saiStartExchange
C:\Users\DEVELO~1\AppData\Local\Temp\cc3qt43h.s:666    .text.saiStopExchange:00000000 $t
C:\Users\DEVELO~1\AppData\Local\Temp\cc3qt43h.s:673    .text.saiStopExchange:00000000 saiStopExchange

UNDEFINED SYMBOLS
sai_lld_init
sai_lld_start
sai_lld_stop
sai_lld_set_buffers
sai_lld_start_exchange
sai_lld_stop_exchange
