ARM GAS  C:\Users\DEVELO~1\AppData\Local\Temp\ccVnYbPW.s 			page 1


   1              		.cpu cortex-m7
   2              		.arch armv7e-m
   3              		.fpu softvfp
   4              		.eabi_attribute 20, 1
   5              		.eabi_attribute 21, 1
   6              		.eabi_attribute 23, 3
   7              		.eabi_attribute 24, 1
   8              		.eabi_attribute 25, 1
   9              		.eabi_attribute 26, 1
  10              		.eabi_attribute 30, 2
  11              		.eabi_attribute 34, 1
  12              		.eabi_attribute 18, 4
  13              		.file	"hal_sai_lld.c"
  14              		.text
  15              	.Ltext0:
  16              		.cfi_sections	.debug_frame
  17              		.section	.text.sai_lld_serve_dma_interrupt,"ax",%progbits
  18              		.align	1
  19              		.p2align 4,,15
  20              		.syntax unified
  21              		.thumb
  22              		.thumb_func
  23              		.type	sai_lld_serve_dma_interrupt, %function
  24              	sai_lld_serve_dma_interrupt:
  25              	.LVL0:
  26              	.LFB434:
  27              		.file 1 "../../../os/hal/ports/STM32/LLD/SAIv1/hal_sai_lld.c"
  28              		.loc 1 100 74 view -0
  29              		.cfi_startproc
  30              		@ args = 0, pretend = 0, frame = 0
  31              		@ frame_needed = 0, uses_anonymous_args = 0
  32              		.loc 1 101 3 view .LVU1
  33              		.loc 1 101 21 is_stmt 0 view .LVU2
  34 0000 C368     		ldr	r3, [r0, #12]
  35              		.loc 1 105 6 view .LVU3
  36 0002 11F00C0F 		tst	r1, #12
  37              		.loc 1 100 74 view .LVU4
  38 0006 70B5     		push	{r4, r5, r6, lr}
  39              		.cfi_def_cfa_offset 16
  40              		.cfi_offset 4, -16
  41              		.cfi_offset 5, -12
  42              		.cfi_offset 6, -8
  43              		.cfi_offset 14, -4
  44              		.loc 1 101 12 view .LVU5
  45 0008 5E69     		ldr	r6, [r3, #20]
  46              	.LVL1:
  47              		.loc 1 102 3 is_stmt 1 view .LVU6
  48              		.loc 1 100 74 is_stmt 0 view .LVU7
  49 000a 0446     		mov	r4, r0
  50 000c 0D46     		mov	r5, r1
  51              		.loc 1 102 12 view .LVU8
  52 000e 06F00506 		and	r6, r6, #5
  53              	.LVL2:
  54              		.loc 1 105 3 is_stmt 1 view .LVU9
  55              		.loc 1 105 6 is_stmt 0 view .LVU10
  56 0012 1BD1     		bne	.L31
  57              	.LVL3:
ARM GAS  C:\Users\DEVELO~1\AppData\Local\Temp\ccVnYbPW.s 			page 2


  58              	.L2:
  59              		.loc 1 112 3 is_stmt 1 view .LVU11
  60              		.loc 1 112 6 is_stmt 0 view .LVU12
  61 0014 3EB1     		cbz	r6, .L3
  62              		.loc 1 113 5 is_stmt 1 view .LVU13
  63              		.loc 1 113 14 is_stmt 0 view .LVU14
  64 0016 236B     		ldr	r3, [r4, #48]
  65              		.loc 1 113 8 view .LVU15
  66 0018 3342     		tst	r3, r6
  67 001a 1AD1     		bne	.L32
  68              	.L4:
  69              		.loc 1 116 5 is_stmt 1 view .LVU16
  70              		.loc 1 116 23 is_stmt 0 view .LVU17
  71 001c 3343     		orrs	r3, r3, r6
  72              		.loc 1 117 9 view .LVU18
  73 001e E268     		ldr	r2, [r4, #12]
  74              		.loc 1 117 25 view .LVU19
  75 0020 0521     		movs	r1, #5
  76              		.loc 1 116 23 view .LVU20
  77 0022 2363     		str	r3, [r4, #48]
  78              		.loc 1 117 5 is_stmt 1 view .LVU21
  79              		.loc 1 117 25 is_stmt 0 view .LVU22
  80 0024 9161     		str	r1, [r2, #24]
  81              	.L3:
  82              		.loc 1 120 3 is_stmt 1 view .LVU23
  83              		.loc 1 120 6 is_stmt 0 view .LVU24
  84 0026 EA06     		lsls	r2, r5, #27
  85 0028 05D5     		bpl	.L5
  86              		.loc 1 121 5 is_stmt 1 view .LVU25
  87 002a 6368     		ldr	r3, [r4, #4]
  88 002c DB68     		ldr	r3, [r3, #12]
  89 002e 63B1     		cbz	r3, .L1
  90              		.loc 1 121 5 discriminator 1 view .LVU26
  91 0030 0121     		movs	r1, #1
  92 0032 2046     		mov	r0, r4
  93 0034 9847     		blx	r3
  94              	.LVL4:
  95              	.L5:
  96              		.loc 1 121 29 discriminator 3 view .LVU27
  97              		.loc 1 123 3 discriminator 3 view .LVU28
  98              		.loc 1 123 6 is_stmt 0 discriminator 3 view .LVU29
  99 0036 AB06     		lsls	r3, r5, #26
 100 0038 07D5     		bpl	.L1
 101              		.loc 1 124 5 is_stmt 1 view .LVU30
 102 003a 6368     		ldr	r3, [r4, #4]
 103 003c DB68     		ldr	r3, [r3, #12]
 104 003e 23B1     		cbz	r3, .L1
 105              		.loc 1 124 5 discriminator 1 view .LVU31
 106 0040 2046     		mov	r0, r4
 107 0042 0021     		movs	r1, #0
 108              		.loc 1 126 1 is_stmt 0 discriminator 1 view .LVU32
 109 0044 BDE87040 		pop	{r4, r5, r6, lr}
 110              		.cfi_remember_state
 111              		.cfi_restore 14
 112              		.cfi_restore 6
 113              		.cfi_restore 5
 114              		.cfi_restore 4
ARM GAS  C:\Users\DEVELO~1\AppData\Local\Temp\ccVnYbPW.s 			page 3


 115              		.cfi_def_cfa_offset 0
 116              	.LVL5:
 117              		.loc 1 124 5 discriminator 1 view .LVU33
 118 0048 1847     		bx	r3	@ indirect register sibling call
 119              	.LVL6:
 120              	.L1:
 121              		.cfi_restore_state
 122              		.loc 1 126 1 view .LVU34
 123 004a 70BD     		pop	{r4, r5, r6, pc}
 124              	.LVL7:
 125              	.L31:
 126              		.loc 1 106 5 is_stmt 1 view .LVU35
 127 004c FFF7FEFF 		bl	sai_dma_error_hook
 128              	.LVL8:
 129              		.loc 1 106 5 is_stmt 0 view .LVU36
 130 0050 E0E7     		b	.L2
 131              	.L32:
 132              		.loc 1 114 7 is_stmt 1 view .LVU37
 133              		.loc 1 114 26 is_stmt 0 view .LVU38
 134 0052 626B     		ldr	r2, [r4, #52]
 135 0054 0132     		adds	r2, r2, #1
 136 0056 6263     		str	r2, [r4, #52]
 137 0058 E0E7     		b	.L4
 138              		.cfi_endproc
 139              	.LFE434:
 140              		.size	sai_lld_serve_dma_interrupt, .-sai_lld_serve_dma_interrupt
 141 005a 00BF     		.section	.text.sai_lld_init,"ax",%progbits
 142              		.align	1
 143              		.p2align 4,,15
 144              		.global	sai_lld_init
 145              		.syntax unified
 146              		.thumb
 147              		.thumb_func
 148              		.type	sai_lld_init, %function
 149              	sai_lld_init:
 150              	.LFB439:
 151              		.loc 1 192 25 is_stmt 1 view -0
 152              		.cfi_startproc
 153              		@ args = 0, pretend = 0, frame = 0
 154              		@ frame_needed = 0, uses_anonymous_args = 0
 155              		.loc 1 211 3 view .LVU40
 156              		.loc 1 192 25 is_stmt 0 view .LVU41
 157 0000 10B5     		push	{r4, lr}
 158              		.cfi_def_cfa_offset 8
 159              		.cfi_offset 4, -8
 160              		.cfi_offset 14, -4
 161              		.loc 1 211 3 view .LVU42
 162 0002 054C     		ldr	r4, .L35
 163 0004 2046     		mov	r0, r4
 164 0006 FFF7FEFF 		bl	saiObjectInit
 165              	.LVL9:
 166              		.loc 1 212 3 is_stmt 1 view .LVU43
 167              		.loc 1 212 14 is_stmt 0 view .LVU44
 168 000a 0449     		ldr	r1, .L35+4
 169              		.loc 1 214 17 view .LVU45
 170 000c 044A     		ldr	r2, .L35+8
 171              		.loc 1 215 16 view .LVU46
ARM GAS  C:\Users\DEVELO~1\AppData\Local\Temp\ccVnYbPW.s 			page 4


 172 000e 0023     		movs	r3, #0
 173              		.loc 1 214 17 view .LVU47
 174 0010 C4E90212 		strd	r1, r2, [r4, #8]
 175              		.loc 1 215 3 is_stmt 1 view .LVU48
 176              		.loc 1 215 16 is_stmt 0 view .LVU49
 177 0014 2374     		strb	r3, [r4, #16]
 178              		.loc 1 225 1 view .LVU50
 179 0016 10BD     		pop	{r4, pc}
 180              	.L36:
 181              		.align	2
 182              	.L35:
 183 0018 00000000 		.word	.LANCHOR0
 184 001c 005C0140 		.word	1073830912
 185 0020 045C0140 		.word	1073830916
 186              		.cfi_endproc
 187              	.LFE439:
 188              		.size	sai_lld_init, .-sai_lld_init
 189              		.section	.text.sai_lld_start,"ax",%progbits
 190              		.align	1
 191              		.p2align 4,,15
 192              		.global	sai_lld_start
 193              		.syntax unified
 194              		.thumb
 195              		.thumb_func
 196              		.type	sai_lld_start, %function
 197              	sai_lld_start:
 198              	.LVL10:
 199              	.LFB440:
 200              		.loc 1 231 37 is_stmt 1 view -0
 201              		.cfi_startproc
 202              		@ args = 0, pretend = 0, frame = 0
 203              		@ frame_needed = 0, uses_anonymous_args = 0
 204              		.loc 1 233 3 view .LVU52
 205              		.loc 1 234 3 view .LVU53
 206              		.loc 1 235 3 view .LVU54
 207              		.loc 1 236 3 view .LVU55
 208              		.loc 1 237 3 view .LVU56
 209              		.loc 1 238 3 view .LVU57
 210              		.loc 1 239 3 view .LVU58
 211              		.loc 1 241 3 view .LVU59
 212              		.loc 1 231 37 is_stmt 0 view .LVU60
 213 0000 70B5     		push	{r4, r5, r6, lr}
 214              		.cfi_def_cfa_offset 16
 215              		.cfi_offset 4, -16
 216              		.cfi_offset 5, -12
 217              		.cfi_offset 6, -8
 218              		.cfi_offset 14, -4
 219              		.loc 1 241 6 view .LVU61
 220 0002 0378     		ldrb	r3, [r0]	@ zero_extendqisi2
 221              		.loc 1 231 37 view .LVU62
 222 0004 0546     		mov	r5, r0
 223              		.loc 1 241 6 view .LVU63
 224 0006 012B     		cmp	r3, #1
 225 0008 41D0     		beq	.L68
 226              	.LVL11:
 227              	.L38:
 228              		.loc 1 273 3 is_stmt 1 view .LVU64
ARM GAS  C:\Users\DEVELO~1\AppData\Local\Temp\ccVnYbPW.s 			page 5


 229              		.loc 1 277 7 is_stmt 0 view .LVU65
 230 000a E968     		ldr	r1, [r5, #12]
 231              		.loc 1 273 21 view .LVU66
 232 000c 0022     		movs	r2, #0
 233              		.loc 1 276 13 view .LVU67
 234 000e 6B68     		ldr	r3, [r5, #4]
 235              		.loc 1 274 23 view .LVU68
 236 0010 C5E90C22 		strd	r2, r2, [r5, #48]
 237              		.loc 1 276 3 is_stmt 1 view .LVU69
 238              		.loc 1 277 21 is_stmt 0 view .LVU70
 239 0014 0A68     		ldr	r2, [r1]
 240              		.loc 1 276 7 view .LVU71
 241 0016 5869     		ldr	r0, [r3, #20]
 242              		.loc 1 277 21 view .LVU72
 243 0018 22F48032 		bic	r2, r2, #65536
 244              		.loc 1 276 7 view .LVU73
 245 001c 20F44030 		bic	r0, r0, #196608
 246              	.LVL12:
 247              		.loc 1 277 3 is_stmt 1 view .LVU74
 248              		.loc 1 277 21 is_stmt 0 view .LVU75
 249 0020 0A60     		str	r2, [r1]
 250              		.loc 1 278 3 is_stmt 1 view .LVU76
 251              	.LVL13:
 252              		.loc 1 279 3 view .LVU77
 253              		.loc 1 279 55 view .LVU78
 254              		.loc 1 279 24 is_stmt 0 view .LVU79
 255 0022 0A68     		ldr	r2, [r1]
 256              		.loc 1 279 55 view .LVU80
 257 0024 D203     		lsls	r2, r2, #15
 258 0026 07D5     		bpl	.L43
 259              		.loc 1 278 11 view .LVU81
 260 0028 42F21072 		movw	r2, #10000
 261 002c 00E0     		b	.L44
 262              	.LVL14:
 263              	.L69:
 264              		.loc 1 279 55 view .LVU82
 265 002e 1AB1     		cbz	r2, .L43
 266              	.LVL15:
 267              	.L44:
 268              		.loc 1 280 5 is_stmt 1 view .LVU83
 269              		.loc 1 279 24 is_stmt 0 view .LVU84
 270 0030 0C68     		ldr	r4, [r1]
 271              		.loc 1 280 12 view .LVU85
 272 0032 013A     		subs	r2, r2, #1
 273              	.LVL16:
 274              		.loc 1 279 55 is_stmt 1 view .LVU86
 275 0034 E603     		lsls	r6, r4, #15
 276 0036 FAD4     		bmi	.L69
 277              	.LVL17:
 278              	.L43:
 279              		.loc 1 282 3 view .LVU87
 280              		.loc 1 282 20 is_stmt 0 view .LVU88
 281 0038 0A68     		ldr	r2, [r1]
 282              		.loc 1 282 6 view .LVU89
 283 003a D403     		lsls	r4, r2, #15
 284 003c 01D5     		bpl	.L46
 285              		.loc 1 284 5 is_stmt 1 view .LVU90
ARM GAS  C:\Users\DEVELO~1\AppData\Local\Temp\ccVnYbPW.s 			page 6


 286              		.loc 1 284 17 is_stmt 0 view .LVU91
 287 003e 0122     		movs	r2, #1
 288 0040 2A70     		strb	r2, [r5]
 289              	.L46:
 290              		.loc 1 290 3 is_stmt 1 view .LVU92
 291              		.loc 1 290 21 is_stmt 0 view .LVU93
 292 0042 0A68     		ldr	r2, [r1]
 293              		.loc 1 293 11 view .LVU94
 294 0044 AD68     		ldr	r5, [r5, #8]
 295              	.LVL18:
 296              		.loc 1 290 21 view .LVU95
 297 0046 22F40032 		bic	r2, r2, #131072
 298              		.loc 1 299 13 view .LVU96
 299 004a 3A4C     		ldr	r4, .L72
 300 004c 3A4E     		ldr	r6, .L72+4
 301              		.loc 1 290 21 view .LVU97
 302 004e 0A60     		str	r2, [r1]
 303              		.loc 1 291 3 is_stmt 1 view .LVU98
 304              		.loc 1 291 21 is_stmt 0 view .LVU99
 305 0050 0A68     		ldr	r2, [r1]
 306 0052 22F40032 		bic	r2, r2, #131072
 307 0056 0A60     		str	r2, [r1]
 308              		.loc 1 293 3 is_stmt 1 view .LVU100
 309              		.loc 1 293 6 is_stmt 0 view .LVU101
 310 0058 384A     		ldr	r2, .L72+8
 311              		.loc 1 299 13 view .LVU102
 312 005a 9542     		cmp	r5, r2
 313 005c 02F12402 		add	r2, r2, #36
 314 0060 18BF     		it	ne
 315 0062 2246     		movne	r2, r4
 316 0064 A4F58464 		sub	r4, r4, #1056
 317 0068 18BF     		it	ne
 318 006a 3446     		movne	r4, r6
 319              	.LVL19:
 320              		.loc 1 302 3 is_stmt 1 view .LVU103
 321              		.loc 1 302 15 is_stmt 0 view .LVU104
 322 006c 2468     		ldr	r4, [r4]
 323              	.LVL20:
 324              		.loc 1 303 3 is_stmt 1 view .LVU105
 325              		.loc 1 303 15 is_stmt 0 view .LVU106
 326 006e 1268     		ldr	r2, [r2]
 327              	.LVL21:
 328              		.loc 1 304 3 is_stmt 1 view .LVU107
 329              		.loc 1 305 5 view .LVU108
 330              		.loc 1 314 3 view .LVU109
 331              		.loc 1 314 32 is_stmt 0 view .LVU110
 332 0070 1A69     		ldr	r2, [r3, #16]
 333              		.loc 1 318 37 view .LVU111
 334 0072 1C6A     		ldr	r4, [r3, #32]
 335              		.loc 1 314 18 view .LVU112
 336 0074 2A60     		str	r2, [r5]
 337              		.loc 1 315 3 is_stmt 1 view .LVU113
 338              		.loc 1 317 36 is_stmt 0 view .LVU114
 339 0076 D3E90625 		ldrd	r2, r5, [r3, #24]
 340              		.loc 1 315 21 view .LVU115
 341 007a 0860     		str	r0, [r1]
 342              		.loc 1 316 3 is_stmt 1 view .LVU116
ARM GAS  C:\Users\DEVELO~1\AppData\Local\Temp\ccVnYbPW.s 			page 7


 343              		.loc 1 320 23 is_stmt 0 view .LVU117
 344 007c 4FF0FF33 		mov	r3, #-1
 345              		.loc 1 316 21 view .LVU118
 346 0080 4A60     		str	r2, [r1, #4]
 347              		.loc 1 317 3 is_stmt 1 view .LVU119
 348              		.loc 1 319 21 is_stmt 0 view .LVU120
 349 0082 0022     		movs	r2, #0
 350              		.loc 1 317 22 view .LVU121
 351 0084 8D60     		str	r5, [r1, #8]
 352              		.loc 1 318 3 is_stmt 1 view .LVU122
 353              		.loc 1 318 23 is_stmt 0 view .LVU123
 354 0086 CC60     		str	r4, [r1, #12]
 355              		.loc 1 319 3 is_stmt 1 view .LVU124
 356              		.loc 1 319 21 is_stmt 0 view .LVU125
 357 0088 0A61     		str	r2, [r1, #16]
 358              		.loc 1 320 3 is_stmt 1 view .LVU126
 359              		.loc 1 320 23 is_stmt 0 view .LVU127
 360 008a 8B61     		str	r3, [r1, #24]
 361              		.loc 1 324 1 view .LVU128
 362 008c 70BD     		pop	{r4, r5, r6, pc}
 363              	.LVL22:
 364              	.L68:
 365              		.loc 1 242 5 is_stmt 1 view .LVU129
 366              		.loc 1 242 8 is_stmt 0 view .LVU130
 367 008e 2B4B     		ldr	r3, .L72+8
 368 0090 8268     		ldr	r2, [r0, #8]
 369 0092 9A42     		cmp	r2, r3
 370 0094 2FD0     		beq	.L70
 371              		.loc 1 248 7 is_stmt 1 view .LVU131
 372              		.loc 1 248 19 is_stmt 0 view .LVU132
 373 0096 2A4A     		ldr	r2, .L72+12
 374 0098 1368     		ldr	r3, [r2]
 375 009a 591C     		adds	r1, r3, #1
 376 009c 1160     		str	r1, [r2]
 377              		.loc 1 248 10 view .LVU133
 378 009e 73B9     		cbnz	r3, .L41
 379              		.loc 1 249 9 is_stmt 1 view .LVU134
 380              	.LVL23:
 381              	.LBB30:
 382              	.LBI30:
 383              		.file 2 "../../../os/hal/ports/STM32/STM32H7xx/stm32_rcc.h"
 384              		.loc 2 319 22 view .LVU135
 385              	.LBB31:
 386              		.loc 2 323 3 view .LVU136
 387              		.loc 2 323 19 is_stmt 0 view .LVU137
 388 00a0 284B     		ldr	r3, .L72+16
 389 00a2 D3F8F020 		ldr	r2, [r3, #240]
 390 00a6 42F40002 		orr	r2, r2, #8388608
 391 00aa C3F8F020 		str	r2, [r3, #240]
 392              		.loc 2 324 3 is_stmt 1 view .LVU138
 393              		.loc 2 325 5 view .LVU139
 394              		.loc 2 325 23 is_stmt 0 view .LVU140
 395 00ae D3F81821 		ldr	r2, [r3, #280]
 396 00b2 42F40002 		orr	r2, r2, #8388608
 397 00b6 C3F81821 		str	r2, [r3, #280]
 398              		.loc 2 330 3 is_stmt 1 view .LVU141
 399 00ba D3F81831 		ldr	r3, [r3, #280]
ARM GAS  C:\Users\DEVELO~1\AppData\Local\Temp\ccVnYbPW.s 			page 8


 400              	.LVL24:
 401              	.L41:
 402              		.loc 2 330 3 is_stmt 0 view .LVU142
 403              	.LBE31:
 404              	.LBE30:
 405              		.loc 1 253 5 is_stmt 1 view .LVU143
 406              	.LBB32:
 407              	.LBI32:
 408              		.loc 1 83 13 view .LVU144
 409              	.LBB33:
 410              		.loc 1 84 3 view .LVU145
 411              		.loc 1 86 3 view .LVU146
 412              		.loc 1 86 3 is_stmt 0 view .LVU147
 413              	.LBE33:
 414              	.LBE32:
 415              		.loc 1 255 5 is_stmt 1 view .LVU148
 416              	.LBB37:
 417              	.LBB34:
 418              		.loc 1 84 31 is_stmt 0 view .LVU149
 419 00be 6B68     		ldr	r3, [r5, #4]
 420              		.loc 1 86 16 view .LVU150
 421 00c0 5B69     		ldr	r3, [r3, #20]
 422              	.LBE34:
 423              	.LBE37:
 424              		.loc 1 255 8 view .LVU151
 425 00c2 DA07     		lsls	r2, r3, #31
 426 00c4 0BD5     		bpl	.L71
 427              	.LVL25:
 428              	.LBB38:
 429              	.LBB39:
 430              		.loc 1 137 3 is_stmt 1 view .LVU152
 431              		.loc 1 137 6 is_stmt 0 view .LVU153
 432 00c6 2B7C     		ldrb	r3, [r5, #16]	@ zero_extendqisi2
 433 00c8 83BB     		cbnz	r3, .L42
 434              		.loc 1 138 50 view .LVU154
 435 00ca 0920     		movs	r0, #9
 436              	.LVL26:
 437              		.loc 1 138 50 view .LVU155
 438              	.LBE39:
 439              	.LBE38:
 440              	.LBB41:
 441              	.LBB42:
 442              		.loc 1 152 45 view .LVU156
 443 00cc 0521     		movs	r1, #5
 444              	.LVL27:
 445              	.L52:
 446              		.loc 1 152 45 view .LVU157
 447              	.LBE42:
 448              	.LBE41:
 449              		.loc 1 256 21 view .LVU158
 450 00ce 2B46     		mov	r3, r5
 451 00d0 1D4A     		ldr	r2, .L72+20
 452 00d2 FFF7FEFF 		bl	dmaStreamAllocI
 453              	.LVL28:
 454              		.loc 1 261 19 view .LVU159
 455 00d6 0023     		movs	r3, #0
 456 00d8 C5E90503 		strd	r0, r3, [r5, #20]
ARM GAS  C:\Users\DEVELO~1\AppData\Local\Temp\ccVnYbPW.s 			page 9


 457 00dc 95E7     		b	.L38
 458              	.LVL29:
 459              	.L71:
 460              		.loc 1 264 7 is_stmt 1 view .LVU160
 461              	.LBB45:
 462              	.LBI45:
 463              		.loc 1 128 17 view .LVU161
 464              	.LBB46:
 465              		.loc 1 130 3 view .LVU162
 466              		.loc 1 137 3 view .LVU163
 467              		.loc 1 137 6 is_stmt 0 view .LVU164
 468 00de 2B7C     		ldrb	r3, [r5, #16]	@ zero_extendqisi2
 469 00e0 0BBB     		cbnz	r3, .L51
 470              		.loc 1 138 50 view .LVU165
 471 00e2 0820     		movs	r0, #8
 472              	.LVL30:
 473              		.loc 1 138 50 view .LVU166
 474              	.LBE46:
 475              	.LBE45:
 476              	.LBB48:
 477              	.LBB49:
 478              		.loc 1 152 45 view .LVU167
 479 00e4 0521     		movs	r1, #5
 480              	.LVL31:
 481              	.L50:
 482              		.loc 1 152 45 view .LVU168
 483              	.LBE49:
 484              	.LBE48:
 485              		.loc 1 264 21 view .LVU169
 486 00e6 2B46     		mov	r3, r5
 487 00e8 174A     		ldr	r2, .L72+20
 488 00ea FFF7FEFF 		bl	dmaStreamAllocI
 489              	.LVL32:
 490              		.loc 1 269 19 view .LVU170
 491 00ee 0023     		movs	r3, #0
 492 00f0 C5E90530 		strd	r3, r0, [r5, #20]
 493 00f4 89E7     		b	.L38
 494              	.LVL33:
 495              	.L70:
 496              		.loc 1 243 7 is_stmt 1 view .LVU171
 497              		.loc 1 243 19 is_stmt 0 view .LVU172
 498 00f6 154A     		ldr	r2, .L72+24
 499 00f8 1368     		ldr	r3, [r2]
 500 00fa 591C     		adds	r1, r3, #1
 501 00fc 1160     		str	r1, [r2]
 502              		.loc 1 243 10 view .LVU173
 503 00fe 73B9     		cbnz	r3, .L40
 504              		.loc 1 244 9 is_stmt 1 view .LVU174
 505              	.LVL34:
 506              	.LBB52:
 507              	.LBI52:
 508              		.loc 2 319 22 view .LVU175
 509              	.LBB53:
 510              		.loc 2 323 3 view .LVU176
 511              		.loc 2 323 19 is_stmt 0 view .LVU177
 512 0100 104B     		ldr	r3, .L72+16
 513 0102 D3F8F020 		ldr	r2, [r3, #240]
ARM GAS  C:\Users\DEVELO~1\AppData\Local\Temp\ccVnYbPW.s 			page 10


 514 0106 42F48002 		orr	r2, r2, #4194304
 515 010a C3F8F020 		str	r2, [r3, #240]
 516              		.loc 2 324 3 is_stmt 1 view .LVU178
 517              		.loc 2 325 5 view .LVU179
 518              		.loc 2 325 23 is_stmt 0 view .LVU180
 519 010e D3F81821 		ldr	r2, [r3, #280]
 520 0112 42F48002 		orr	r2, r2, #4194304
 521 0116 C3F81821 		str	r2, [r3, #280]
 522              		.loc 2 330 3 is_stmt 1 view .LVU181
 523 011a D3F81831 		ldr	r3, [r3, #280]
 524              	.LVL35:
 525              	.L40:
 526              		.loc 2 330 3 is_stmt 0 view .LVU182
 527              	.LBE53:
 528              	.LBE52:
 529              		.loc 1 253 5 is_stmt 1 view .LVU183
 530              	.LBB54:
 531              		.loc 1 83 13 view .LVU184
 532              	.LBB35:
 533              		.loc 1 84 3 view .LVU185
 534              		.loc 1 86 3 view .LVU186
 535              		.loc 1 86 3 is_stmt 0 view .LVU187
 536              	.LBE35:
 537              	.LBE54:
 538              		.loc 1 255 5 is_stmt 1 view .LVU188
 539              	.LBB55:
 540              	.LBB36:
 541              		.loc 1 84 31 is_stmt 0 view .LVU189
 542 011e 6B68     		ldr	r3, [r5, #4]
 543              		.loc 1 86 16 view .LVU190
 544 0120 5B69     		ldr	r3, [r3, #20]
 545              	.LBE36:
 546              	.LBE55:
 547              		.loc 1 255 8 view .LVU191
 548 0122 DB07     		lsls	r3, r3, #31
 549 0124 02D4     		bmi	.L42
 550              	.LVL36:
 551              	.L51:
 552              	.LBB56:
 553              	.LBI48:
 554              		.loc 1 144 17 is_stmt 1 view .LVU192
 555              	.LBB50:
 556              		.loc 1 146 3 view .LVU193
 557              		.loc 1 151 3 view .LVU194
 558              	.LBE50:
 559              	.LBE56:
 560              	.LBB57:
 561              	.LBB47:
 562              		.loc 1 141 48 is_stmt 0 view .LVU195
 563 0126 1020     		movs	r0, #16
 564              	.LVL37:
 565              		.loc 1 141 48 view .LVU196
 566              	.LBE47:
 567              	.LBE57:
 568              	.LBB58:
 569              	.LBB51:
 570              		.loc 1 152 45 view .LVU197
ARM GAS  C:\Users\DEVELO~1\AppData\Local\Temp\ccVnYbPW.s 			page 11


 571 0128 0A21     		movs	r1, #10
 572 012a DCE7     		b	.L50
 573              	.LVL38:
 574              	.L42:
 575              		.loc 1 152 45 view .LVU198
 576              	.LBE51:
 577              	.LBE58:
 578              	.LBB59:
 579              	.LBI41:
 580              		.loc 1 144 17 is_stmt 1 view .LVU199
 581              	.LBB43:
 582              		.loc 1 146 3 view .LVU200
 583              		.loc 1 151 3 view .LVU201
 584              	.LBE43:
 585              	.LBE59:
 586              	.LBB60:
 587              	.LBB40:
 588              		.loc 1 141 48 is_stmt 0 view .LVU202
 589 012c 1020     		movs	r0, #16
 590              	.LVL39:
 591              		.loc 1 141 48 view .LVU203
 592              	.LBE40:
 593              	.LBE60:
 594              	.LBB61:
 595              	.LBB44:
 596              		.loc 1 152 45 view .LVU204
 597 012e 0A21     		movs	r1, #10
 598 0130 CDE7     		b	.L52
 599              	.L73:
 600 0132 00BF     		.align	2
 601              	.L72:
 602 0134 245C0140 		.word	1073830948
 603 0138 045C0140 		.word	1073830916
 604 013c 00580140 		.word	1073829888
 605 0140 00000000 		.word	.LANCHOR2
 606 0144 00440258 		.word	1476543488
 607 0148 00000000 		.word	sai_lld_serve_dma_interrupt
 608 014c 00000000 		.word	.LANCHOR1
 609              	.LBE44:
 610              	.LBE61:
 611              		.cfi_endproc
 612              	.LFE440:
 613              		.size	sai_lld_start, .-sai_lld_start
 614              		.section	.text.sai_lld_stop,"ax",%progbits
 615              		.align	1
 616              		.p2align 4,,15
 617              		.global	sai_lld_stop
 618              		.syntax unified
 619              		.thumb
 620              		.thumb_func
 621              		.type	sai_lld_stop, %function
 622              	sai_lld_stop:
 623              	.LVL40:
 624              	.LFB441:
 625              		.loc 1 330 36 is_stmt 1 view -0
 626              		.cfi_startproc
 627              		@ args = 0, pretend = 0, frame = 0
ARM GAS  C:\Users\DEVELO~1\AppData\Local\Temp\ccVnYbPW.s 			page 12


 628              		@ frame_needed = 0, uses_anonymous_args = 0
 629              		.loc 1 332 3 view .LVU206
 630              		.loc 1 334 3 view .LVU207
 631              		.loc 1 337 7 is_stmt 0 view .LVU208
 632 0000 C168     		ldr	r1, [r0, #12]
 633              		.loc 1 330 36 view .LVU209
 634 0002 38B5     		push	{r3, r4, r5, lr}
 635              		.cfi_def_cfa_offset 16
 636              		.cfi_offset 3, -16
 637              		.cfi_offset 4, -12
 638              		.cfi_offset 5, -8
 639              		.cfi_offset 14, -4
 640              		.loc 1 334 21 view .LVU210
 641 0004 0023     		movs	r3, #0
 642              		.loc 1 330 36 view .LVU211
 643 0006 0546     		mov	r5, r0
 644              		.loc 1 335 23 view .LVU212
 645 0008 C0E90C33 		strd	r3, r3, [r0, #48]
 646              		.loc 1 337 3 is_stmt 1 view .LVU213
 647              		.loc 1 337 21 is_stmt 0 view .LVU214
 648 000c 0B68     		ldr	r3, [r1]
 649 000e 23F48033 		bic	r3, r3, #65536
 650 0012 0B60     		str	r3, [r1]
 651              		.loc 1 338 3 is_stmt 1 view .LVU215
 652              	.LVL41:
 653              		.loc 1 339 3 view .LVU216
 654              		.loc 1 339 55 view .LVU217
 655              		.loc 1 339 24 is_stmt 0 view .LVU218
 656 0014 0B68     		ldr	r3, [r1]
 657              		.loc 1 339 55 view .LVU219
 658 0016 D803     		lsls	r0, r3, #15
 659              	.LVL42:
 660              		.loc 1 339 55 view .LVU220
 661 0018 07D5     		bpl	.L75
 662              		.loc 1 338 11 view .LVU221
 663 001a 42F21073 		movw	r3, #10000
 664 001e 00E0     		b	.L76
 665              	.LVL43:
 666              	.L106:
 667              		.loc 1 339 55 view .LVU222
 668 0020 1BB1     		cbz	r3, .L75
 669              	.LVL44:
 670              	.L76:
 671              		.loc 1 340 5 is_stmt 1 view .LVU223
 672              		.loc 1 339 24 is_stmt 0 view .LVU224
 673 0022 0A68     		ldr	r2, [r1]
 674              		.loc 1 340 12 view .LVU225
 675 0024 013B     		subs	r3, r3, #1
 676              	.LVL45:
 677              		.loc 1 339 55 is_stmt 1 view .LVU226
 678 0026 D203     		lsls	r2, r2, #15
 679 0028 FAD4     		bmi	.L106
 680              	.LVL46:
 681              	.L75:
 682              		.loc 1 342 3 view .LVU227
 683              		.loc 1 342 20 is_stmt 0 view .LVU228
 684 002a 0B68     		ldr	r3, [r1]
ARM GAS  C:\Users\DEVELO~1\AppData\Local\Temp\ccVnYbPW.s 			page 13


 685              		.loc 1 342 6 view .LVU229
 686 002c DB03     		lsls	r3, r3, #15
 687 002e 01D5     		bpl	.L78
 688              		.loc 1 344 5 is_stmt 1 view .LVU230
 689              		.loc 1 344 17 is_stmt 0 view .LVU231
 690 0030 0123     		movs	r3, #1
 691 0032 2B70     		strb	r3, [r5]
 692              	.L78:
 693              		.loc 1 349 3 is_stmt 1 view .LVU232
 694              		.loc 1 349 21 is_stmt 0 view .LVU233
 695 0034 0B68     		ldr	r3, [r1]
 696              		.loc 1 351 11 view .LVU234
 697 0036 6869     		ldr	r0, [r5, #20]
 698              		.loc 1 349 21 view .LVU235
 699 0038 23F40033 		bic	r3, r3, #131072
 700 003c 0B60     		str	r3, [r1]
 701              		.loc 1 351 3 is_stmt 1 view .LVU236
 702              		.loc 1 351 6 is_stmt 0 view .LVU237
 703 003e 80B1     		cbz	r0, .L79
 704              		.loc 1 352 5 is_stmt 1 view .LVU238
 705 0040 0268     		ldr	r2, [r0]
 706 0042 1368     		ldr	r3, [r2]
 707 0044 23F01F03 		bic	r3, r3, #31
 708 0048 1360     		str	r3, [r2]
 709              		.loc 1 352 5 view .LVU239
 710              	.L80:
 711              		.loc 1 352 5 discriminator 2 view .LVU240
 712 004a 1468     		ldr	r4, [r2]
 713 004c 14F00104 		ands	r4, r4, #1
 714 0050 FBD1     		bne	.L80
 715              		.loc 1 352 5 discriminator 3 view .LVU241
 716 0052 017B     		ldrb	r1, [r0, #12]	@ zero_extendqisi2
 717 0054 3D23     		movs	r3, #61
 718 0056 4268     		ldr	r2, [r0, #4]
 719 0058 8B40     		lsls	r3, r3, r1
 720 005a 1360     		str	r3, [r2]
 721              		.loc 1 352 5 discriminator 3 view .LVU242
 722              		.loc 1 352 34 discriminator 3 view .LVU243
 723              		.loc 1 353 5 discriminator 3 view .LVU244
 724 005c FFF7FEFF 		bl	dmaStreamFreeI
 725              	.LVL47:
 726              		.loc 1 354 5 discriminator 3 view .LVU245
 727              		.loc 1 354 17 is_stmt 0 discriminator 3 view .LVU246
 728 0060 6C61     		str	r4, [r5, #20]
 729              	.L79:
 730              		.loc 1 357 3 is_stmt 1 view .LVU247
 731              		.loc 1 357 11 is_stmt 0 view .LVU248
 732 0062 A869     		ldr	r0, [r5, #24]
 733              		.loc 1 357 6 view .LVU249
 734 0064 80B1     		cbz	r0, .L81
 735              		.loc 1 358 5 is_stmt 1 view .LVU250
 736 0066 0268     		ldr	r2, [r0]
 737 0068 1368     		ldr	r3, [r2]
 738 006a 23F01F03 		bic	r3, r3, #31
 739 006e 1360     		str	r3, [r2]
 740              		.loc 1 358 5 view .LVU251
 741              	.L82:
ARM GAS  C:\Users\DEVELO~1\AppData\Local\Temp\ccVnYbPW.s 			page 14


 742              		.loc 1 358 5 discriminator 2 view .LVU252
 743 0070 1468     		ldr	r4, [r2]
 744 0072 14F00104 		ands	r4, r4, #1
 745 0076 FBD1     		bne	.L82
 746              		.loc 1 358 5 discriminator 3 view .LVU253
 747 0078 017B     		ldrb	r1, [r0, #12]	@ zero_extendqisi2
 748 007a 3D23     		movs	r3, #61
 749 007c 4268     		ldr	r2, [r0, #4]
 750 007e 8B40     		lsls	r3, r3, r1
 751 0080 1360     		str	r3, [r2]
 752              		.loc 1 358 5 discriminator 3 view .LVU254
 753              		.loc 1 358 34 discriminator 3 view .LVU255
 754              		.loc 1 359 5 discriminator 3 view .LVU256
 755 0082 FFF7FEFF 		bl	dmaStreamFreeI
 756              	.LVL48:
 757              		.loc 1 360 5 discriminator 3 view .LVU257
 758              		.loc 1 360 17 is_stmt 0 discriminator 3 view .LVU258
 759 0086 AC61     		str	r4, [r5, #24]
 760              	.L81:
 761              		.loc 1 363 3 is_stmt 1 view .LVU259
 762              		.loc 1 363 6 is_stmt 0 view .LVU260
 763 0088 174B     		ldr	r3, .L108
 764 008a AA68     		ldr	r2, [r5, #8]
 765 008c 9A42     		cmp	r2, r3
 766 008e 14D0     		beq	.L107
 767              		.loc 1 369 5 is_stmt 1 view .LVU261
 768              		.loc 1 369 9 is_stmt 0 view .LVU262
 769 0090 164A     		ldr	r2, .L108+4
 770 0092 1368     		ldr	r3, [r2]
 771 0094 013B     		subs	r3, r3, #1
 772              		.loc 1 369 8 view .LVU263
 773 0096 1360     		str	r3, [r2]
 774 0098 73B9     		cbnz	r3, .L74
 775              		.loc 1 370 7 is_stmt 1 view .LVU264
 776              	.LVL49:
 777              	.LBB62:
 778              	.LBI62:
 779              		.loc 2 351 22 view .LVU265
 780              	.LBB63:
 781              		.loc 2 361 3 view .LVU266
 782              		.loc 2 361 19 is_stmt 0 view .LVU267
 783 009a 154B     		ldr	r3, .L108+8
 784 009c D3F8F020 		ldr	r2, [r3, #240]
 785 00a0 22F40002 		bic	r2, r2, #8388608
 786 00a4 C3F8F020 		str	r2, [r3, #240]
 787              		.loc 2 362 3 is_stmt 1 view .LVU268
 788              		.loc 2 362 21 is_stmt 0 view .LVU269
 789 00a8 D3F81821 		ldr	r2, [r3, #280]
 790 00ac 22F40002 		bic	r2, r2, #8388608
 791 00b0 C3F81821 		str	r2, [r3, #280]
 792              		.loc 2 363 3 is_stmt 1 view .LVU270
 793 00b4 D3F81831 		ldr	r3, [r3, #280]
 794              	.LVL50:
 795              	.L74:
 796              		.loc 2 363 3 is_stmt 0 view .LVU271
 797              	.LBE63:
 798              	.LBE62:
ARM GAS  C:\Users\DEVELO~1\AppData\Local\Temp\ccVnYbPW.s 			page 15


 799              		.loc 1 377 1 view .LVU272
 800 00b8 38BD     		pop	{r3, r4, r5, pc}
 801              	.LVL51:
 802              	.L107:
 803              		.loc 1 364 5 is_stmt 1 view .LVU273
 804              		.loc 1 364 9 is_stmt 0 view .LVU274
 805 00ba 0E4A     		ldr	r2, .L108+12
 806 00bc 1368     		ldr	r3, [r2]
 807 00be 013B     		subs	r3, r3, #1
 808              		.loc 1 364 8 view .LVU275
 809 00c0 1360     		str	r3, [r2]
 810 00c2 002B     		cmp	r3, #0
 811 00c4 F8D1     		bne	.L74
 812              		.loc 1 365 7 is_stmt 1 view .LVU276
 813              	.LVL52:
 814              	.LBB64:
 815              	.LBI64:
 816              		.loc 2 351 22 view .LVU277
 817              	.LBB65:
 818              		.loc 2 361 3 view .LVU278
 819              		.loc 2 361 19 is_stmt 0 view .LVU279
 820 00c6 0A4B     		ldr	r3, .L108+8
 821 00c8 D3F8F020 		ldr	r2, [r3, #240]
 822 00cc 22F48002 		bic	r2, r2, #4194304
 823 00d0 C3F8F020 		str	r2, [r3, #240]
 824              		.loc 2 362 3 is_stmt 1 view .LVU280
 825              		.loc 2 362 21 is_stmt 0 view .LVU281
 826 00d4 D3F81821 		ldr	r2, [r3, #280]
 827 00d8 22F48002 		bic	r2, r2, #4194304
 828 00dc C3F81821 		str	r2, [r3, #280]
 829              		.loc 2 363 3 is_stmt 1 view .LVU282
 830 00e0 D3F81831 		ldr	r3, [r3, #280]
 831              	.LBE65:
 832              	.LBE64:
 833              		.loc 1 377 1 is_stmt 0 view .LVU283
 834 00e4 38BD     		pop	{r3, r4, r5, pc}
 835              	.LVL53:
 836              	.L109:
 837              		.loc 1 377 1 view .LVU284
 838 00e6 00BF     		.align	2
 839              	.L108:
 840 00e8 00580140 		.word	1073829888
 841 00ec 00000000 		.word	.LANCHOR2
 842 00f0 00440258 		.word	1476543488
 843 00f4 00000000 		.word	.LANCHOR1
 844              		.cfi_endproc
 845              	.LFE441:
 846              		.size	sai_lld_stop, .-sai_lld_stop
 847              		.section	.text.sai_lld_set_buffers,"ax",%progbits
 848              		.align	1
 849              		.p2align 4,,15
 850              		.global	sai_lld_set_buffers
 851              		.syntax unified
 852              		.thumb
 853              		.thumb_func
 854              		.type	sai_lld_set_buffers, %function
 855              	sai_lld_set_buffers:
ARM GAS  C:\Users\DEVELO~1\AppData\Local\Temp\ccVnYbPW.s 			page 16


 856              	.LVL54:
 857              	.LFB442:
 858              		.loc 1 382 39 is_stmt 1 view -0
 859              		.cfi_startproc
 860              		@ args = 0, pretend = 0, frame = 0
 861              		@ frame_needed = 0, uses_anonymous_args = 0
 862              		.loc 1 383 3 view .LVU286
 863              		.loc 1 384 3 view .LVU287
 864              		.loc 1 386 3 view .LVU288
 865              		.loc 1 386 3 view .LVU289
 866              		.loc 1 386 3 view .LVU290
 867              		.loc 1 387 3 view .LVU291
 868              		.loc 1 387 3 view .LVU292
 869              		.loc 1 387 3 view .LVU293
 870              		.loc 1 388 3 view .LVU294
 871              		.loc 1 388 3 view .LVU295
 872              		.loc 1 388 3 view .LVU296
 873              		.loc 1 390 3 view .LVU297
 874              		.loc 1 382 39 is_stmt 0 view .LVU298
 875 0000 2DE9F041 		push	{r4, r5, r6, r7, r8, lr}
 876              		.cfi_def_cfa_offset 24
 877              		.cfi_offset 4, -24
 878              		.cfi_offset 5, -20
 879              		.cfi_offset 6, -16
 880              		.cfi_offset 7, -12
 881              		.cfi_offset 8, -8
 882              		.cfi_offset 14, -4
 883              		.loc 1 382 39 view .LVU299
 884 0004 1F46     		mov	r7, r3
 885 0006 9046     		mov	r8, r2
 886              	.LBB66:
 887              	.LBB67:
 888              		.loc 1 91 6 view .LVU300
 889 0008 3F4B     		ldr	r3, .L129
 890              	.LVL55:
 891              		.loc 1 91 6 view .LVU301
 892              	.LBE67:
 893              	.LBE66:
 894              		.loc 1 382 39 view .LVU302
 895 000a 0446     		mov	r4, r0
 896 000c 0E46     		mov	r6, r1
 897              		.loc 1 392 17 view .LVU303
 898 000e C762     		str	r7, [r0, #44]
 899              		.loc 1 391 15 view .LVU304
 900 0010 C0E90912 		strd	r1, r2, [r0, #36]
 901              		.loc 1 392 3 is_stmt 1 view .LVU305
 902              		.loc 1 394 3 view .LVU306
 903              	.LVL56:
 904              	.LBB70:
 905              	.LBI66:
 906              		.loc 1 89 17 view .LVU307
 907              	.LBB68:
 908              		.loc 1 91 3 view .LVU308
 909              		.loc 1 91 6 is_stmt 0 view .LVU309
 910 0014 8268     		ldr	r2, [r0, #8]
 911              	.LVL57:
 912              		.loc 1 91 6 view .LVU310
ARM GAS  C:\Users\DEVELO~1\AppData\Local\Temp\ccVnYbPW.s 			page 17


 913 0016 9A42     		cmp	r2, r3
 914              		.loc 1 93 30 view .LVU311
 915 0018 037C     		ldrb	r3, [r0, #16]	@ zero_extendqisi2
 916              		.loc 1 91 6 view .LVU312
 917 001a 70D0     		beq	.L128
 918              		.loc 1 96 3 is_stmt 1 view .LVU313
 919              		.loc 1 97 28 is_stmt 0 view .LVU314
 920 001c 002B     		cmp	r3, #0
 921 001e 0CBF     		ite	eq
 922 0020 5921     		moveq	r1, #89
 923              	.LVL58:
 924              		.loc 1 97 28 view .LVU315
 925 0022 5A21     		movne	r1, #90
 926              	.L112:
 927              	.LVL59:
 928              		.loc 1 97 28 view .LVU316
 929              	.LBE68:
 930              	.LBE70:
 931              		.loc 1 395 3 is_stmt 1 view .LVU317
 932              	.LBB71:
 933              	.LBI71:
 934              		.loc 1 83 13 view .LVU318
 935              	.LBB72:
 936              		.loc 1 84 3 view .LVU319
 937              		.loc 1 86 3 view .LVU320
 938              		.loc 1 86 3 is_stmt 0 view .LVU321
 939              	.LBE72:
 940              	.LBE71:
 941              		.loc 1 397 3 is_stmt 1 view .LVU322
 942              	.LBB74:
 943              	.LBB73:
 944              		.loc 1 84 31 is_stmt 0 view .LVU323
 945 0024 6368     		ldr	r3, [r4, #4]
 946              		.loc 1 86 16 view .LVU324
 947 0026 5B69     		ldr	r3, [r3, #20]
 948              	.LBE73:
 949              	.LBE74:
 950              		.loc 1 397 6 view .LVU325
 951 0028 D807     		lsls	r0, r3, #31
 952              	.LVL60:
 953              		.loc 1 397 6 view .LVU326
 954 002a 31D5     		bpl	.L113
 955              		.loc 1 398 5 is_stmt 1 discriminator 5 view .LVU327
 956              		.loc 1 398 5 discriminator 5 view .LVU328
 957              		.loc 1 398 5 discriminator 5 view .LVU329
 958              		.loc 1 399 5 discriminator 5 view .LVU330
 959              		.loc 1 399 5 discriminator 5 view .LVU331
 960              		.loc 1 399 5 discriminator 5 view .LVU332
 961              		.loc 1 400 5 discriminator 5 view .LVU333
 962              		.loc 1 400 5 discriminator 5 view .LVU334
 963              		.loc 1 400 5 discriminator 5 view .LVU335
 964              		.loc 1 401 5 discriminator 5 view .LVU336
 965 002c 6069     		ldr	r0, [r4, #20]
 966 002e 0668     		ldr	r6, [r0]
 967              	.LVL61:
 968              		.loc 1 401 5 is_stmt 0 discriminator 5 view .LVU337
 969 0030 3368     		ldr	r3, [r6]
ARM GAS  C:\Users\DEVELO~1\AppData\Local\Temp\ccVnYbPW.s 			page 18


 970 0032 23F01F03 		bic	r3, r3, #31
 971 0036 3360     		str	r3, [r6]
 972              		.loc 1 401 5 is_stmt 1 discriminator 5 view .LVU338
 973              	.L114:
 974              		.loc 1 401 5 discriminator 2 view .LVU339
 975 0038 3568     		ldr	r5, [r6]
 976 003a EA07     		lsls	r2, r5, #31
 977 003c FCD4     		bmi	.L114
 978              		.loc 1 401 5 discriminator 3 view .LVU340
 979 003e 027B     		ldrb	r2, [r0, #12]	@ zero_extendqisi2
 980 0040 3D23     		movs	r3, #61
 981 0042 9340     		lsls	r3, r3, r2
 982 0044 4268     		ldr	r2, [r0, #4]
 983 0046 1360     		str	r3, [r2]
 984              	.LVL62:
 985              		.loc 1 401 5 discriminator 3 view .LVU341
 986              		.loc 1 401 34 discriminator 3 view .LVU342
 987              		.loc 1 402 5 discriminator 3 view .LVU343
 988 0048 1360     		str	r3, [r2]
 989              		.loc 1 402 41 discriminator 3 view .LVU344
 990              		.loc 1 403 5 discriminator 3 view .LVU345
 991              		.loc 1 405 5 discriminator 3 view .LVU346
 992 004a FFF7FEFF 		bl	dmaSetRequestSource
 993              	.LVL63:
 994              		.loc 1 407 5 discriminator 3 view .LVU347
 995 004e 6369     		ldr	r3, [r4, #20]
 996 0050 E268     		ldr	r2, [r4, #12]
 997 0052 1B68     		ldr	r3, [r3]
 998 0054 1C32     		adds	r2, r2, #28
 999              	.LBB75:
 1000              	.LBB76:
 1001              		.loc 1 157 6 is_stmt 0 discriminator 3 view .LVU348
 1002 0056 A068     		ldr	r0, [r4, #8]
 1003              	.LBE76:
 1004              	.LBE75:
 1005              		.loc 1 410 35 discriminator 3 view .LVU349
 1006 0058 6168     		ldr	r1, [r4, #4]
 1007              		.loc 1 407 5 discriminator 3 view .LVU350
 1008 005a 9A60     		str	r2, [r3, #8]
 1009              		.loc 1 407 59 is_stmt 1 discriminator 3 view .LVU351
 1010              		.loc 1 408 5 discriminator 3 view .LVU352
 1011              	.LBB81:
 1012              	.LBB77:
 1013              		.loc 1 157 6 is_stmt 0 discriminator 3 view .LVU353
 1014 005c 2A4A     		ldr	r2, .L129
 1015              	.LBE77:
 1016              	.LBE81:
 1017              		.loc 1 408 5 discriminator 3 view .LVU354
 1018 005e C3F80C80 		str	r8, [r3, #12]
 1019              		.loc 1 408 48 is_stmt 1 discriminator 3 view .LVU355
 1020              		.loc 1 409 5 discriminator 3 view .LVU356
 1021              	.LBB82:
 1022              	.LBB78:
 1023              		.loc 1 157 6 is_stmt 0 discriminator 3 view .LVU357
 1024 0062 9042     		cmp	r0, r2
 1025              	.LBE78:
 1026              	.LBE82:
ARM GAS  C:\Users\DEVELO~1\AppData\Local\Temp\ccVnYbPW.s 			page 19


 1027              		.loc 1 410 35 discriminator 3 view .LVU358
 1028 0064 496A     		ldr	r1, [r1, #36]
 1029              		.loc 1 409 5 discriminator 3 view .LVU359
 1030 0066 5F60     		str	r7, [r3, #4]
 1031              		.loc 1 409 51 is_stmt 1 discriminator 3 view .LVU360
 1032              		.loc 1 410 5 discriminator 3 view .LVU361
 1033              	.LVL64:
 1034              	.LBB83:
 1035              	.LBI75:
 1036              		.loc 1 155 17 discriminator 3 view .LVU362
 1037              	.LBB79:
 1038              		.loc 1 157 3 discriminator 3 view .LVU363
 1039              		.loc 1 157 6 is_stmt 0 discriminator 3 view .LVU364
 1040 0068 46D0     		beq	.L121
 1041              		.loc 1 162 3 is_stmt 1 view .LVU365
 1042              		.loc 1 163 45 is_stmt 0 view .LVU366
 1043 006a 227C     		ldrb	r2, [r4, #16]	@ zero_extendqisi2
 1044 006c 002A     		cmp	r2, #0
 1045 006e 14BF     		ite	ne
 1046 0070 4FF48032 		movne	r2, #65536
 1047 0074 4FF40032 		moveq	r2, #131072
 1048              	.L115:
 1049              	.LVL65:
 1050              		.loc 1 163 45 view .LVU367
 1051              	.LBE79:
 1052              	.LBE83:
 1053              		.loc 1 413 62 view .LVU368
 1054 0078 1143     		orrs	r1, r1, r2
 1055 007a 40F21E52 		movw	r2, #1310
 1056 007e 0A43     		orrs	r2, r2, r1
 1057              		.loc 1 410 21 view .LVU369
 1058 0080 E261     		str	r2, [r4, #28]
 1059              		.loc 1 415 5 is_stmt 1 view .LVU370
 1060 0082 1A60     		str	r2, [r3]
 1061              		.loc 1 415 51 view .LVU371
 1062              		.loc 1 416 5 view .LVU372
 1063 0084 1A68     		ldr	r2, [r3]
 1064 0086 42F00102 		orr	r2, r2, #1
 1065 008a 1A60     		str	r2, [r3]
 1066              		.loc 1 416 33 view .LVU373
 1067              		.loc 1 439 1 is_stmt 0 view .LVU374
 1068 008c BDE8F081 		pop	{r4, r5, r6, r7, r8, pc}
 1069              	.LVL66:
 1070              	.L113:
 1071              		.loc 1 419 5 is_stmt 1 discriminator 5 view .LVU375
 1072              		.loc 1 419 5 discriminator 5 view .LVU376
 1073              		.loc 1 419 5 discriminator 5 view .LVU377
 1074              		.loc 1 420 5 discriminator 5 view .LVU378
 1075              		.loc 1 420 5 discriminator 5 view .LVU379
 1076              		.loc 1 420 5 discriminator 5 view .LVU380
 1077              		.loc 1 421 5 discriminator 5 view .LVU381
 1078              		.loc 1 421 5 discriminator 5 view .LVU382
 1079              		.loc 1 421 5 discriminator 5 view .LVU383
 1080              		.loc 1 422 5 discriminator 5 view .LVU384
 1081 0090 A069     		ldr	r0, [r4, #24]
 1082 0092 0568     		ldr	r5, [r0]
 1083 0094 2B68     		ldr	r3, [r5]
ARM GAS  C:\Users\DEVELO~1\AppData\Local\Temp\ccVnYbPW.s 			page 20


 1084 0096 23F01F03 		bic	r3, r3, #31
 1085 009a 2B60     		str	r3, [r5]
 1086              		.loc 1 422 5 discriminator 5 view .LVU385
 1087              	.L117:
 1088              		.loc 1 422 5 discriminator 2 view .LVU386
 1089 009c 2A68     		ldr	r2, [r5]
 1090 009e D307     		lsls	r3, r2, #31
 1091 00a0 FCD4     		bmi	.L117
 1092              		.loc 1 422 5 discriminator 3 view .LVU387
 1093 00a2 027B     		ldrb	r2, [r0, #12]	@ zero_extendqisi2
 1094 00a4 3D23     		movs	r3, #61
 1095 00a6 9340     		lsls	r3, r3, r2
 1096 00a8 4268     		ldr	r2, [r0, #4]
 1097 00aa 1360     		str	r3, [r2]
 1098              	.LVL67:
 1099              		.loc 1 422 5 discriminator 3 view .LVU388
 1100              		.loc 1 422 34 discriminator 3 view .LVU389
 1101              		.loc 1 423 5 discriminator 3 view .LVU390
 1102 00ac 1360     		str	r3, [r2]
 1103              		.loc 1 423 41 discriminator 3 view .LVU391
 1104              		.loc 1 424 5 discriminator 3 view .LVU392
 1105              		.loc 1 426 5 discriminator 3 view .LVU393
 1106 00ae FFF7FEFF 		bl	dmaSetRequestSource
 1107              	.LVL68:
 1108              		.loc 1 428 5 discriminator 3 view .LVU394
 1109 00b2 A369     		ldr	r3, [r4, #24]
 1110 00b4 E268     		ldr	r2, [r4, #12]
 1111 00b6 1B68     		ldr	r3, [r3]
 1112 00b8 1C32     		adds	r2, r2, #28
 1113              	.LBB84:
 1114              	.LBB85:
 1115              		.loc 1 157 6 is_stmt 0 discriminator 3 view .LVU395
 1116 00ba A068     		ldr	r0, [r4, #8]
 1117              	.LBE85:
 1118              	.LBE84:
 1119              		.loc 1 431 35 discriminator 3 view .LVU396
 1120 00bc 6168     		ldr	r1, [r4, #4]
 1121              		.loc 1 428 5 discriminator 3 view .LVU397
 1122 00be 9A60     		str	r2, [r3, #8]
 1123              		.loc 1 428 59 is_stmt 1 discriminator 3 view .LVU398
 1124              		.loc 1 429 5 discriminator 3 view .LVU399
 1125              	.LBB90:
 1126              	.LBB86:
 1127              		.loc 1 157 6 is_stmt 0 discriminator 3 view .LVU400
 1128 00c0 114A     		ldr	r2, .L129
 1129              	.LBE86:
 1130              	.LBE90:
 1131              		.loc 1 429 5 discriminator 3 view .LVU401
 1132 00c2 DE60     		str	r6, [r3, #12]
 1133              		.loc 1 429 48 is_stmt 1 discriminator 3 view .LVU402
 1134              		.loc 1 430 5 discriminator 3 view .LVU403
 1135              	.LBB91:
 1136              	.LBB87:
 1137              		.loc 1 157 6 is_stmt 0 discriminator 3 view .LVU404
 1138 00c4 9042     		cmp	r0, r2
 1139              	.LBE87:
 1140              	.LBE91:
ARM GAS  C:\Users\DEVELO~1\AppData\Local\Temp\ccVnYbPW.s 			page 21


 1141              		.loc 1 431 35 discriminator 3 view .LVU405
 1142 00c6 496A     		ldr	r1, [r1, #36]
 1143              		.loc 1 430 5 discriminator 3 view .LVU406
 1144 00c8 5F60     		str	r7, [r3, #4]
 1145              		.loc 1 430 51 is_stmt 1 discriminator 3 view .LVU407
 1146              		.loc 1 431 5 discriminator 3 view .LVU408
 1147              	.LVL69:
 1148              	.LBB92:
 1149              	.LBI84:
 1150              		.loc 1 155 17 discriminator 3 view .LVU409
 1151              	.LBB88:
 1152              		.loc 1 157 3 discriminator 3 view .LVU410
 1153              		.loc 1 157 6 is_stmt 0 discriminator 3 view .LVU411
 1154 00ca 12D0     		beq	.L123
 1155              		.loc 1 162 3 is_stmt 1 view .LVU412
 1156              		.loc 1 163 45 is_stmt 0 view .LVU413
 1157 00cc 227C     		ldrb	r2, [r4, #16]	@ zero_extendqisi2
 1158 00ce 002A     		cmp	r2, #0
 1159 00d0 14BF     		ite	ne
 1160 00d2 4FF48032 		movne	r2, #65536
 1161 00d6 4FF40032 		moveq	r2, #131072
 1162              	.L118:
 1163              	.LVL70:
 1164              		.loc 1 163 45 view .LVU414
 1165              	.LBE88:
 1166              	.LBE92:
 1167              		.loc 1 434 62 view .LVU415
 1168 00da 1143     		orrs	r1, r1, r2
 1169 00dc 40F25E52 		movw	r2, #1374
 1170 00e0 0A43     		orrs	r2, r2, r1
 1171              		.loc 1 431 21 view .LVU416
 1172 00e2 2262     		str	r2, [r4, #32]
 1173              		.loc 1 436 5 is_stmt 1 view .LVU417
 1174 00e4 1A60     		str	r2, [r3]
 1175              		.loc 1 436 51 view .LVU418
 1176              		.loc 1 437 5 view .LVU419
 1177 00e6 1A68     		ldr	r2, [r3]
 1178 00e8 42F00102 		orr	r2, r2, #1
 1179 00ec 1A60     		str	r2, [r3]
 1180              		.loc 1 437 33 view .LVU420
 1181              		.loc 1 439 1 is_stmt 0 view .LVU421
 1182 00ee BDE8F081 		pop	{r4, r5, r6, r7, r8, pc}
 1183              	.LVL71:
 1184              	.L123:
 1185              	.LBB93:
 1186              	.LBB89:
 1187              		.loc 1 439 1 view .LVU422
 1188 00f2 4FF48032 		mov	r2, #65536
 1189 00f6 F0E7     		b	.L118
 1190              	.LVL72:
 1191              	.L121:
 1192              		.loc 1 439 1 view .LVU423
 1193              	.LBE89:
 1194              	.LBE93:
 1195              	.LBB94:
 1196              	.LBB80:
 1197 00f8 4FF48032 		mov	r2, #65536
ARM GAS  C:\Users\DEVELO~1\AppData\Local\Temp\ccVnYbPW.s 			page 22


 1198 00fc BCE7     		b	.L115
 1199              	.LVL73:
 1200              	.L128:
 1201              		.loc 1 439 1 view .LVU424
 1202              	.LBE80:
 1203              	.LBE94:
 1204              	.LBB95:
 1205              	.LBB69:
 1206              		.loc 1 92 5 is_stmt 1 view .LVU425
 1207              		.loc 1 93 30 is_stmt 0 view .LVU426
 1208 00fe 002B     		cmp	r3, #0
 1209 0100 0CBF     		ite	eq
 1210 0102 5721     		moveq	r1, #87
 1211              	.LVL74:
 1212              		.loc 1 93 30 view .LVU427
 1213 0104 5821     		movne	r1, #88
 1214 0106 8DE7     		b	.L112
 1215              	.L130:
 1216              		.align	2
 1217              	.L129:
 1218 0108 00580140 		.word	1073829888
 1219              	.LBE69:
 1220              	.LBE95:
 1221              		.cfi_endproc
 1222              	.LFE442:
 1223              		.size	sai_lld_set_buffers, .-sai_lld_set_buffers
 1224              		.section	.rodata.sai_lld_start_exchange.str1.4,"aMS",%progbits,1
 1225              		.align	2
 1226              	.LC0:
 1227 0000 53414920 		.ascii	"SAI WCKCFG/OVRUDR persistent\000"
 1227      57434B43 
 1227      46472F4F 
 1227      56525544 
 1227      52207065 
 1228              		.section	.text.sai_lld_start_exchange,"ax",%progbits
 1229              		.align	1
 1230              		.p2align 4,,15
 1231              		.global	sai_lld_start_exchange
 1232              		.syntax unified
 1233              		.thumb
 1234              		.thumb_func
 1235              		.type	sai_lld_start_exchange, %function
 1236              	sai_lld_start_exchange:
 1237              	.LVL75:
 1238              	.LFB443:
 1239              		.loc 1 441 46 is_stmt 1 view -0
 1240              		.cfi_startproc
 1241              		@ args = 0, pretend = 0, frame = 0
 1242              		@ frame_needed = 0, uses_anonymous_args = 0
 1243              		.loc 1 442 3 view .LVU429
 1244              		.loc 1 442 3 view .LVU430
 1245              		.loc 1 442 3 view .LVU431
 1246              		.loc 1 445 3 view .LVU432
 1247              		.loc 1 441 46 is_stmt 0 view .LVU433
 1248 0000 38B5     		push	{r3, r4, r5, lr}
 1249              		.cfi_def_cfa_offset 16
 1250              		.cfi_offset 3, -16
ARM GAS  C:\Users\DEVELO~1\AppData\Local\Temp\ccVnYbPW.s 			page 23


 1251              		.cfi_offset 4, -12
 1252              		.cfi_offset 5, -8
 1253              		.cfi_offset 14, -4
 1254              		.loc 1 445 7 view .LVU434
 1255 0002 C368     		ldr	r3, [r0, #12]
 1256              		.loc 1 445 23 view .LVU435
 1257 0004 0525     		movs	r5, #5
 1258              	.LBB100:
 1259              	.LBB101:
 1260              		.loc 1 170 11 view .LVU436
 1261 0006 016B     		ldr	r1, [r0, #48]
 1262              	.LBE101:
 1263              	.LBE100:
 1264              		.loc 1 441 46 view .LVU437
 1265 0008 0446     		mov	r4, r0
 1266              		.loc 1 445 23 view .LVU438
 1267 000a 9D61     		str	r5, [r3, #24]
 1268              		.loc 1 446 3 is_stmt 1 view .LVU439
 1269              		.loc 1 446 36 is_stmt 0 view .LVU440
 1270 000c 1A68     		ldr	r2, [r3]
 1271              		.loc 1 446 60 view .LVU441
 1272 000e 22F44032 		bic	r2, r2, #196608
 1273 0012 42F40032 		orr	r2, r2, #131072
 1274              		.loc 1 446 21 view .LVU442
 1275 0016 1A60     		str	r2, [r3]
 1276              		.loc 1 447 3 is_stmt 1 view .LVU443
 1277              		.loc 1 447 21 is_stmt 0 view .LVU444
 1278 0018 1A68     		ldr	r2, [r3]
 1279 001a 42F48032 		orr	r2, r2, #65536
 1280 001e 1A60     		str	r2, [r3]
 1281              		.loc 1 450 3 is_stmt 1 view .LVU445
 1282              	.LVL76:
 1283              	.LBB106:
 1284              	.LBI100:
 1285              		.loc 1 166 13 view .LVU446
 1286              	.LBB104:
 1287              		.loc 1 167 3 view .LVU447
 1288              		.loc 1 167 29 is_stmt 0 view .LVU448
 1289 0020 5869     		ldr	r0, [r3, #20]
 1290              	.LVL77:
 1291              		.loc 1 168 3 is_stmt 1 view .LVU449
 1292              		.loc 1 170 3 view .LVU450
 1293              		.loc 1 170 11 is_stmt 0 view .LVU451
 1294 0022 40EA0102 		orr	r2, r0, r1
 1295              		.loc 1 170 6 view .LVU452
 1296 0026 2A42     		tst	r2, r5
 1297 0028 08D0     		beq	.L131
 1298              		.loc 1 174 3 is_stmt 1 view .LVU453
 1299              		.loc 1 174 6 is_stmt 0 view .LVU454
 1300 002a 2842     		tst	r0, r5
 1301 002c 07D0     		beq	.L133
 1302              		.loc 1 175 5 is_stmt 1 view .LVU455
 1303              		.loc 1 175 25 is_stmt 0 view .LVU456
 1304 002e 9D61     		str	r5, [r3, #24]
 1305              		.loc 1 178 3 is_stmt 1 view .LVU457
 1306              		.loc 1 178 3 view .LVU458
 1307              		.loc 1 178 3 view .LVU459
ARM GAS  C:\Users\DEVELO~1\AppData\Local\Temp\ccVnYbPW.s 			page 24


 1308              		.loc 1 178 3 view .LVU460
 1309              		.loc 1 180 3 view .LVU461
 1310              	.L134:
 1311              		.loc 1 181 5 view .LVU462
 1312              	.LVL78:
 1313              	.LBB102:
 1314              	.LBI102:
 1315              		.file 3 "../../../os/hal/osal/rt-nil/osal.h"
 1316              		.loc 3 542 20 view .LVU463
 1317              	.LBB103:
 1318              		.loc 3 544 3 view .LVU464
 1319 0030 0648     		ldr	r0, .L140
 1320              	.LVL79:
 1321              		.loc 3 544 3 is_stmt 0 view .LVU465
 1322 0032 FFF7FEFF 		bl	chSysHalt
 1323              	.LVL80:
 1324              		.loc 3 544 3 view .LVU466
 1325              	.LBE103:
 1326              	.LBE102:
 1327              		.loc 1 184 3 is_stmt 1 view .LVU467
 1328              		.loc 1 184 21 is_stmt 0 view .LVU468
 1329 0036 0023     		movs	r3, #0
 1330              		.loc 1 185 23 view .LVU469
 1331 0038 C4E90C33 		strd	r3, r3, [r4, #48]
 1332              	.LVL81:
 1333              	.L131:
 1334              		.loc 1 185 23 view .LVU470
 1335              	.LBE104:
 1336              	.LBE106:
 1337              		.loc 1 451 1 view .LVU471
 1338 003c 38BD     		pop	{r3, r4, r5, pc}
 1339              	.LVL82:
 1340              	.L133:
 1341              	.LBB107:
 1342              	.LBB105:
 1343              		.loc 1 178 3 is_stmt 1 view .LVU472
 1344              		.loc 1 178 3 view .LVU473
 1345              		.loc 1 178 3 view .LVU474
 1346              		.loc 1 178 3 view .LVU475
 1347              		.loc 1 180 3 view .LVU476
 1348              		.loc 1 180 6 is_stmt 0 view .LVU477
 1349 003e 636B     		ldr	r3, [r4, #52]
 1350 0040 002B     		cmp	r3, #0
 1351 0042 F5D1     		bne	.L134
 1352              		.loc 1 184 3 is_stmt 1 view .LVU478
 1353              		.loc 1 184 21 is_stmt 0 view .LVU479
 1354 0044 0023     		movs	r3, #0
 1355              		.loc 1 185 23 view .LVU480
 1356 0046 C4E90C33 		strd	r3, r3, [r4, #48]
 1357              	.LVL83:
 1358              		.loc 1 185 23 view .LVU481
 1359              	.LBE105:
 1360              	.LBE107:
 1361              		.loc 1 451 1 view .LVU482
 1362 004a 38BD     		pop	{r3, r4, r5, pc}
 1363              	.LVL84:
 1364              	.L141:
ARM GAS  C:\Users\DEVELO~1\AppData\Local\Temp\ccVnYbPW.s 			page 25


 1365              		.loc 1 451 1 view .LVU483
 1366              		.align	2
 1367              	.L140:
 1368 004c 00000000 		.word	.LC0
 1369              		.cfi_endproc
 1370              	.LFE443:
 1371              		.size	sai_lld_start_exchange, .-sai_lld_start_exchange
 1372              		.section	.text.sai_lld_stop_exchange,"ax",%progbits
 1373              		.align	1
 1374              		.p2align 4,,15
 1375              		.global	sai_lld_stop_exchange
 1376              		.syntax unified
 1377              		.thumb
 1378              		.thumb_func
 1379              		.type	sai_lld_stop_exchange, %function
 1380              	sai_lld_stop_exchange:
 1381              	.LVL85:
 1382              	.LFB444:
 1383              		.loc 1 457 45 is_stmt 1 view -0
 1384              		.cfi_startproc
 1385              		@ args = 0, pretend = 0, frame = 0
 1386              		@ frame_needed = 0, uses_anonymous_args = 0
 1387              		@ link register save eliminated.
 1388              		.loc 1 459 3 view .LVU485
 1389              		.loc 1 461 3 view .LVU486
 1390              		.loc 1 461 7 is_stmt 0 view .LVU487
 1391 0000 C168     		ldr	r1, [r0, #12]
 1392              		.loc 1 461 21 view .LVU488
 1393 0002 0B68     		ldr	r3, [r1]
 1394 0004 23F48033 		bic	r3, r3, #65536
 1395              		.loc 1 457 45 view .LVU489
 1396 0008 10B4     		push	{r4}
 1397              		.cfi_def_cfa_offset 4
 1398              		.cfi_offset 4, -4
 1399              		.loc 1 461 21 view .LVU490
 1400 000a 0B60     		str	r3, [r1]
 1401              		.loc 1 462 3 is_stmt 1 view .LVU491
 1402              	.LVL86:
 1403              		.loc 1 463 3 view .LVU492
 1404              		.loc 1 463 55 view .LVU493
 1405              		.loc 1 463 24 is_stmt 0 view .LVU494
 1406 000c 0B68     		ldr	r3, [r1]
 1407              		.loc 1 463 55 view .LVU495
 1408 000e DC03     		lsls	r4, r3, #15
 1409 0010 07D5     		bpl	.L143
 1410              		.loc 1 462 11 view .LVU496
 1411 0012 42F21073 		movw	r3, #10000
 1412 0016 00E0     		b	.L144
 1413              	.LVL87:
 1414              	.L178:
 1415              		.loc 1 463 55 view .LVU497
 1416 0018 1BB1     		cbz	r3, .L143
 1417              	.LVL88:
 1418              	.L144:
 1419              		.loc 1 464 5 is_stmt 1 view .LVU498
 1420              		.loc 1 463 24 is_stmt 0 view .LVU499
 1421 001a 0A68     		ldr	r2, [r1]
ARM GAS  C:\Users\DEVELO~1\AppData\Local\Temp\ccVnYbPW.s 			page 26


 1422              		.loc 1 464 12 view .LVU500
 1423 001c 013B     		subs	r3, r3, #1
 1424              	.LVL89:
 1425              		.loc 1 463 55 is_stmt 1 view .LVU501
 1426 001e D203     		lsls	r2, r2, #15
 1427 0020 FAD4     		bmi	.L178
 1428              	.LVL90:
 1429              	.L143:
 1430              		.loc 1 466 3 view .LVU502
 1431              		.loc 1 466 20 is_stmt 0 view .LVU503
 1432 0022 0B68     		ldr	r3, [r1]
 1433              		.loc 1 466 6 view .LVU504
 1434 0024 13F4803F 		tst	r3, #65536
 1435              		.loc 1 468 23 view .LVU505
 1436 0028 0B68     		ldr	r3, [r1]
 1437              		.loc 1 466 6 view .LVU506
 1438 002a 22D1     		bne	.L146
 1439              		.loc 1 480 21 view .LVU507
 1440 002c 23F40033 		bic	r3, r3, #131072
 1441              		.loc 1 473 13 view .LVU508
 1442 0030 D0E90540 		ldrd	r4, r0, [r0, #20]
 1443              	.LVL91:
 1444              		.loc 1 474 7 is_stmt 1 view .LVU509
 1445              		.loc 1 474 36 view .LVU510
 1446              		.loc 1 480 3 view .LVU511
 1447              		.loc 1 480 21 is_stmt 0 view .LVU512
 1448 0034 0B60     		str	r3, [r1]
 1449              		.loc 1 482 3 is_stmt 1 view .LVU513
 1450              		.loc 1 482 6 is_stmt 0 view .LVU514
 1451 0036 64B1     		cbz	r4, .L148
 1452              	.L147:
 1453              		.loc 1 483 5 is_stmt 1 view .LVU515
 1454 0038 2268     		ldr	r2, [r4]
 1455 003a 1368     		ldr	r3, [r2]
 1456 003c 23F01F03 		bic	r3, r3, #31
 1457 0040 1360     		str	r3, [r2]
 1458              		.loc 1 483 5 view .LVU516
 1459              	.L154:
 1460              		.loc 1 483 5 discriminator 2 view .LVU517
 1461 0042 1368     		ldr	r3, [r2]
 1462 0044 D907     		lsls	r1, r3, #31
 1463 0046 FCD4     		bmi	.L154
 1464              		.loc 1 483 5 discriminator 3 view .LVU518
 1465 0048 217B     		ldrb	r1, [r4, #12]	@ zero_extendqisi2
 1466 004a 3D23     		movs	r3, #61
 1467 004c 6268     		ldr	r2, [r4, #4]
 1468 004e 8B40     		lsls	r3, r3, r1
 1469 0050 1360     		str	r3, [r2]
 1470              	.L148:
 1471              		.loc 1 483 5 discriminator 4 view .LVU519
 1472              		.loc 1 483 34 discriminator 4 view .LVU520
 1473              		.loc 1 485 3 discriminator 4 view .LVU521
 1474              		.loc 1 485 6 is_stmt 0 discriminator 4 view .LVU522
 1475 0052 60B1     		cbz	r0, .L142
 1476              	.L153:
 1477              		.loc 1 486 5 is_stmt 1 view .LVU523
 1478 0054 0268     		ldr	r2, [r0]
ARM GAS  C:\Users\DEVELO~1\AppData\Local\Temp\ccVnYbPW.s 			page 27


 1479 0056 1368     		ldr	r3, [r2]
 1480 0058 23F01F03 		bic	r3, r3, #31
 1481 005c 1360     		str	r3, [r2]
 1482              		.loc 1 486 5 view .LVU524
 1483              	.L156:
 1484              		.loc 1 486 5 discriminator 2 view .LVU525
 1485 005e 1368     		ldr	r3, [r2]
 1486 0060 DB07     		lsls	r3, r3, #31
 1487 0062 FCD4     		bmi	.L156
 1488              		.loc 1 486 5 discriminator 3 view .LVU526
 1489 0064 017B     		ldrb	r1, [r0, #12]	@ zero_extendqisi2
 1490 0066 3D23     		movs	r3, #61
 1491 0068 4268     		ldr	r2, [r0, #4]
 1492 006a 8B40     		lsls	r3, r3, r1
 1493 006c 1360     		str	r3, [r2]
 1494              		.loc 1 486 5 discriminator 3 view .LVU527
 1495              		.loc 1 486 34 discriminator 3 view .LVU528
 1496              	.L142:
 1497              		.loc 1 492 1 is_stmt 0 view .LVU529
 1498 006e 10BC     		pop	{r4}
 1499              		.cfi_remember_state
 1500              		.cfi_restore 4
 1501              		.cfi_def_cfa_offset 0
 1502 0070 7047     		bx	lr
 1503              	.LVL92:
 1504              	.L146:
 1505              		.cfi_restore_state
 1506              		.loc 1 468 5 is_stmt 1 view .LVU530
 1507              		.loc 1 469 17 is_stmt 0 view .LVU531
 1508 0072 0222     		movs	r2, #2
 1509              		.loc 1 470 13 view .LVU532
 1510 0074 4469     		ldr	r4, [r0, #20]
 1511              		.loc 1 468 23 view .LVU533
 1512 0076 23F40033 		bic	r3, r3, #131072
 1513 007a 0B60     		str	r3, [r1]
 1514              		.loc 1 469 5 is_stmt 1 view .LVU534
 1515              		.loc 1 469 17 is_stmt 0 view .LVU535
 1516 007c 0270     		strb	r2, [r0]
 1517              		.loc 1 470 5 is_stmt 1 view .LVU536
 1518              		.loc 1 470 8 is_stmt 0 view .LVU537
 1519 007e 74B1     		cbz	r4, .L149
 1520              		.loc 1 471 7 is_stmt 1 view .LVU538
 1521 0080 2268     		ldr	r2, [r4]
 1522 0082 1368     		ldr	r3, [r2]
 1523 0084 23F01F03 		bic	r3, r3, #31
 1524 0088 1360     		str	r3, [r2]
 1525              		.loc 1 471 7 view .LVU539
 1526              	.L150:
 1527              		.loc 1 471 7 discriminator 2 view .LVU540
 1528 008a 1368     		ldr	r3, [r2]
 1529 008c DB07     		lsls	r3, r3, #31
 1530 008e FCD4     		bmi	.L150
 1531              		.loc 1 471 7 discriminator 3 view .LVU541
 1532 0090 94F80CC0 		ldrb	ip, [r4, #12]	@ zero_extendqisi2
 1533 0094 3D23     		movs	r3, #61
 1534 0096 6268     		ldr	r2, [r4, #4]
 1535 0098 03FA0CF3 		lsl	r3, r3, ip
ARM GAS  C:\Users\DEVELO~1\AppData\Local\Temp\ccVnYbPW.s 			page 28


 1536 009c 1360     		str	r3, [r2]
 1537              	.L149:
 1538              		.loc 1 471 7 discriminator 4 view .LVU542
 1539              		.loc 1 471 36 discriminator 4 view .LVU543
 1540              		.loc 1 473 5 discriminator 4 view .LVU544
 1541              		.loc 1 473 13 is_stmt 0 discriminator 4 view .LVU545
 1542 009e 8069     		ldr	r0, [r0, #24]
 1543              	.LVL93:
 1544              		.loc 1 473 8 discriminator 4 view .LVU546
 1545 00a0 A8B1     		cbz	r0, .L151
 1546              		.loc 1 474 7 is_stmt 1 view .LVU547
 1547 00a2 0268     		ldr	r2, [r0]
 1548 00a4 1368     		ldr	r3, [r2]
 1549 00a6 23F01F03 		bic	r3, r3, #31
 1550 00aa 1360     		str	r3, [r2]
 1551              		.loc 1 474 7 view .LVU548
 1552              	.L152:
 1553              		.loc 1 474 7 discriminator 2 view .LVU549
 1554 00ac 1368     		ldr	r3, [r2]
 1555 00ae DB07     		lsls	r3, r3, #31
 1556 00b0 FCD4     		bmi	.L152
 1557              		.loc 1 474 7 discriminator 3 view .LVU550
 1558 00b2 90F80CC0 		ldrb	ip, [r0, #12]	@ zero_extendqisi2
 1559 00b6 3D23     		movs	r3, #61
 1560 00b8 4268     		ldr	r2, [r0, #4]
 1561 00ba 03FA0CF3 		lsl	r3, r3, ip
 1562 00be 1360     		str	r3, [r2]
 1563              		.loc 1 474 7 discriminator 3 view .LVU551
 1564              		.loc 1 474 36 discriminator 3 view .LVU552
 1565              		.loc 1 480 3 discriminator 3 view .LVU553
 1566              		.loc 1 480 21 is_stmt 0 discriminator 3 view .LVU554
 1567 00c0 0B68     		ldr	r3, [r1]
 1568 00c2 23F40033 		bic	r3, r3, #131072
 1569 00c6 0B60     		str	r3, [r1]
 1570              		.loc 1 482 3 is_stmt 1 discriminator 3 view .LVU555
 1571              		.loc 1 482 6 is_stmt 0 discriminator 3 view .LVU556
 1572 00c8 002C     		cmp	r4, #0
 1573 00ca B5D1     		bne	.L147
 1574 00cc C2E7     		b	.L153
 1575              	.L151:
 1576              		.loc 1 474 7 is_stmt 1 view .LVU557
 1577              		.loc 1 474 36 view .LVU558
 1578              		.loc 1 480 3 view .LVU559
 1579              		.loc 1 480 21 is_stmt 0 view .LVU560
 1580 00ce 0B68     		ldr	r3, [r1]
 1581 00d0 23F40033 		bic	r3, r3, #131072
 1582 00d4 0B60     		str	r3, [r1]
 1583              		.loc 1 482 3 is_stmt 1 view .LVU561
 1584              		.loc 1 482 6 is_stmt 0 view .LVU562
 1585 00d6 002C     		cmp	r4, #0
 1586 00d8 AED1     		bne	.L147
 1587 00da C8E7     		b	.L142
 1588              		.cfi_endproc
 1589              	.LFE444:
 1590              		.size	sai_lld_stop_exchange, .-sai_lld_stop_exchange
 1591              		.global	SAID2A
 1592              		.section	.bss.SAID2A,"aw",%nobits
ARM GAS  C:\Users\DEVELO~1\AppData\Local\Temp\ccVnYbPW.s 			page 29


 1593              		.align	2
 1594              		.set	.LANCHOR0,. + 0
 1595              		.type	SAID2A, %object
 1596              		.size	SAID2A, 56
 1597              	SAID2A:
 1598 0000 00000000 		.space	56
 1598      00000000 
 1598      00000000 
 1598      00000000 
 1598      00000000 
 1599              		.section	.bss.sai1_ref,"aw",%nobits
 1600              		.align	2
 1601              		.set	.LANCHOR1,. + 0
 1602              		.type	sai1_ref, %object
 1603              		.size	sai1_ref, 4
 1604              	sai1_ref:
 1605 0000 00000000 		.space	4
 1606              		.section	.bss.sai2_ref,"aw",%nobits
 1607              		.align	2
 1608              		.set	.LANCHOR2,. + 0
 1609              		.type	sai2_ref, %object
 1610              		.size	sai2_ref, 4
 1611              	sai2_ref:
 1612 0000 00000000 		.space	4
 1613              		.text
 1614              	.Letext0:
 1615              		.file 4 "c:\\chibistudio\\tools\\gnu tools arm embedded\\11.3 2022.08\\lib\\gcc\\arm-none-eabi\\11
 1616              		.file 5 "c:\\chibistudio\\tools\\gnu tools arm embedded\\11.3 2022.08\\arm-none-eabi\\include\\mac
 1617              		.file 6 "c:\\chibistudio\\tools\\gnu tools arm embedded\\11.3 2022.08\\arm-none-eabi\\include\\sys
 1618              		.file 7 "../../../os/common/ext/ST/STM32H7xx/stm32h743xx.h"
 1619              		.file 8 "../../../os/hal/ports/STM32/LLD/DMAv2/stm32_dma.h"
 1620              		.file 9 "../../../os/hal/include/hal_sai.h"
 1621              		.file 10 "../../../os/rt/include/chearly.h"
 1622              		.file 11 "../../../os/hal/ports/STM32/LLD/SAIv1/hal_sai_lld.h"
 1623              		.section	.debug_info,"",%progbits
 1624              	.Ldebug_info0:
 1625 0000 2E100000 		.4byte	0x102e
 1626 0004 0500     		.2byte	0x5
 1627 0006 01       		.byte	0x1
 1628 0007 04       		.byte	0x4
 1629 0008 00000000 		.4byte	.Ldebug_abbrev0
 1630 000c 2B       		.uleb128 0x2b
 1631 000d C2020000 		.4byte	.LASF166
 1632 0011 1D       		.byte	0x1d
 1633 0012 8E020000 		.4byte	.LASF167
 1634 0016 9E000000 		.4byte	.LASF168
 1635 001a AD000000 		.4byte	.LLRL53
 1636 001e 00000000 		.4byte	0
 1637 0022 00000000 		.4byte	.Ldebug_line0
 1638 0026 2C       		.uleb128 0x2c
 1639 0027 04       		.byte	0x4
 1640 0028 05       		.byte	0x5
 1641 0029 696E7400 		.ascii	"int\000"
 1642 002d 09       		.uleb128 0x9
 1643 002e 37000000 		.4byte	.LASF4
 1644 0032 04       		.byte	0x4
 1645 0033 D1       		.byte	0xd1
ARM GAS  C:\Users\DEVELO~1\AppData\Local\Temp\ccVnYbPW.s 			page 30


 1646 0034 17       		.byte	0x17
 1647 0035 39000000 		.4byte	0x39
 1648 0039 07       		.uleb128 0x7
 1649 003a 04       		.byte	0x4
 1650 003b 07       		.byte	0x7
 1651 003c 4E020000 		.4byte	.LASF0
 1652 0040 07       		.uleb128 0x7
 1653 0041 08       		.byte	0x8
 1654 0042 05       		.byte	0x5
 1655 0043 1E010000 		.4byte	.LASF1
 1656 0047 07       		.uleb128 0x7
 1657 0048 08       		.byte	0x8
 1658 0049 04       		.byte	0x4
 1659 004a 9C060000 		.4byte	.LASF2
 1660 004e 07       		.uleb128 0x7
 1661 004f 01       		.byte	0x1
 1662 0050 06       		.byte	0x6
 1663 0051 2C010000 		.4byte	.LASF3
 1664 0055 09       		.uleb128 0x9
 1665 0056 52000000 		.4byte	.LASF5
 1666 005a 05       		.byte	0x5
 1667 005b 2B       		.byte	0x2b
 1668 005c 18       		.byte	0x18
 1669 005d 61000000 		.4byte	0x61
 1670 0061 07       		.uleb128 0x7
 1671 0062 01       		.byte	0x1
 1672 0063 08       		.byte	0x8
 1673 0064 BF050000 		.4byte	.LASF6
 1674 0068 07       		.uleb128 0x7
 1675 0069 02       		.byte	0x2
 1676 006a 05       		.byte	0x5
 1677 006b D4050000 		.4byte	.LASF7
 1678 006f 07       		.uleb128 0x7
 1679 0070 02       		.byte	0x2
 1680 0071 07       		.byte	0x7
 1681 0072 05070000 		.4byte	.LASF8
 1682 0076 07       		.uleb128 0x7
 1683 0077 04       		.byte	0x4
 1684 0078 05       		.byte	0x5
 1685 0079 EA070000 		.4byte	.LASF9
 1686 007d 09       		.uleb128 0x9
 1687 007e 09020000 		.4byte	.LASF10
 1688 0082 05       		.byte	0x5
 1689 0083 4F       		.byte	0x4f
 1690 0084 19       		.byte	0x19
 1691 0085 89000000 		.4byte	0x89
 1692 0089 07       		.uleb128 0x7
 1693 008a 04       		.byte	0x4
 1694 008b 07       		.byte	0x7
 1695 008c 70020000 		.4byte	.LASF11
 1696 0090 07       		.uleb128 0x7
 1697 0091 08       		.byte	0x8
 1698 0092 07       		.byte	0x7
 1699 0093 46010000 		.4byte	.LASF12
 1700 0097 09       		.uleb128 0x9
 1701 0098 A6070000 		.4byte	.LASF13
 1702 009c 06       		.byte	0x6
ARM GAS  C:\Users\DEVELO~1\AppData\Local\Temp\ccVnYbPW.s 			page 31


 1703 009d 18       		.byte	0x18
 1704 009e 13       		.byte	0x13
 1705 009f 55000000 		.4byte	0x55
 1706 00a3 09       		.uleb128 0x9
 1707 00a4 73060000 		.4byte	.LASF14
 1708 00a8 06       		.byte	0x6
 1709 00a9 30       		.byte	0x30
 1710 00aa 14       		.byte	0x14
 1711 00ab 7D000000 		.4byte	0x7d
 1712 00af 2D       		.uleb128 0x2d
 1713 00b0 A3000000 		.4byte	0xa3
 1714 00b4 06       		.uleb128 0x6
 1715 00b5 C0000000 		.4byte	0xc0
 1716 00b9 07       		.uleb128 0x7
 1717 00ba 01       		.byte	0x1
 1718 00bb 08       		.byte	0x8
 1719 00bc A8060000 		.4byte	.LASF15
 1720 00c0 0B       		.uleb128 0xb
 1721 00c1 B9000000 		.4byte	0xb9
 1722 00c5 2E       		.uleb128 0x2e
 1723 00c6 04       		.byte	0x4
 1724 00c7 10       		.uleb128 0x10
 1725 00c8 A3000000 		.4byte	0xa3
 1726 00cc D7000000 		.4byte	0xd7
 1727 00d0 11       		.uleb128 0x11
 1728 00d1 39000000 		.4byte	0x39
 1729 00d5 03       		.byte	0x3
 1730 00d6 00       		.byte	0
 1731 00d7 12       		.uleb128 0x12
 1732 00d8 18       		.byte	0x18
 1733 00d9 07       		.byte	0x7
 1734 00da 3002     		.2byte	0x230
 1735 00dc 34010000 		.4byte	0x134
 1736 00e0 04       		.uleb128 0x4
 1737 00e1 435200   		.ascii	"CR\000"
 1738 00e4 07       		.byte	0x7
 1739 00e5 3202     		.2byte	0x232
 1740 00e7 11       		.byte	0x11
 1741 00e8 AF000000 		.4byte	0xaf
 1742 00ec 00       		.byte	0
 1743 00ed 01       		.uleb128 0x1
 1744 00ee CC060000 		.4byte	.LASF16
 1745 00f2 07       		.byte	0x7
 1746 00f3 3302     		.2byte	0x233
 1747 00f5 11       		.byte	0x11
 1748 00f6 AF000000 		.4byte	0xaf
 1749 00fa 04       		.byte	0x4
 1750 00fb 04       		.uleb128 0x4
 1751 00fc 50415200 		.ascii	"PAR\000"
 1752 0100 07       		.byte	0x7
 1753 0101 3402     		.2byte	0x234
 1754 0103 11       		.byte	0x11
 1755 0104 AF000000 		.4byte	0xaf
 1756 0108 08       		.byte	0x8
 1757 0109 01       		.uleb128 0x1
 1758 010a 32000000 		.4byte	.LASF17
 1759 010e 07       		.byte	0x7
ARM GAS  C:\Users\DEVELO~1\AppData\Local\Temp\ccVnYbPW.s 			page 32


 1760 010f 3502     		.2byte	0x235
 1761 0111 11       		.byte	0x11
 1762 0112 AF000000 		.4byte	0xaf
 1763 0116 0C       		.byte	0xc
 1764 0117 01       		.uleb128 0x1
 1765 0118 40070000 		.4byte	.LASF18
 1766 011c 07       		.byte	0x7
 1767 011d 3602     		.2byte	0x236
 1768 011f 11       		.byte	0x11
 1769 0120 AF000000 		.4byte	0xaf
 1770 0124 10       		.byte	0x10
 1771 0125 04       		.uleb128 0x4
 1772 0126 46435200 		.ascii	"FCR\000"
 1773 012a 07       		.byte	0x7
 1774 012b 3702     		.2byte	0x237
 1775 012d 11       		.byte	0x11
 1776 012e AF000000 		.4byte	0xaf
 1777 0132 14       		.byte	0x14
 1778 0133 00       		.byte	0
 1779 0134 0C       		.uleb128 0xc
 1780 0135 D1060000 		.4byte	.LASF19
 1781 0139 07       		.byte	0x7
 1782 013a 3802     		.2byte	0x238
 1783 013c 03       		.byte	0x3
 1784 013d D7000000 		.4byte	0xd7
 1785 0141 12       		.uleb128 0x12
 1786 0142 04       		.byte	0x4
 1787 0143 07       		.byte	0x7
 1788 0144 5102     		.2byte	0x251
 1789 0146 59010000 		.4byte	0x159
 1790 014a 04       		.uleb128 0x4
 1791 014b 43435200 		.ascii	"CCR\000"
 1792 014f 07       		.byte	0x7
 1793 0150 5302     		.2byte	0x253
 1794 0152 12       		.byte	0x12
 1795 0153 AF000000 		.4byte	0xaf
 1796 0157 00       		.byte	0
 1797 0158 00       		.byte	0
 1798 0159 0C       		.uleb128 0xc
 1799 015a 6A070000 		.4byte	.LASF20
 1800 015e 07       		.byte	0x7
 1801 015f 5402     		.2byte	0x254
 1802 0161 02       		.byte	0x2
 1803 0162 41010000 		.4byte	0x141
 1804 0166 10       		.uleb128 0x10
 1805 0167 A3000000 		.4byte	0xa3
 1806 016b 76010000 		.4byte	0x176
 1807 016f 11       		.uleb128 0x11
 1808 0170 39000000 		.4byte	0x39
 1809 0174 08       		.byte	0x8
 1810 0175 00       		.byte	0
 1811 0176 2F       		.uleb128 0x2f
 1812 0177 3001     		.2byte	0x130
 1813 0179 07       		.byte	0x7
 1814 017a CE04     		.2byte	0x4ce
 1815 017c 09       		.byte	0x9
 1816 017d 0F050000 		.4byte	0x50f
ARM GAS  C:\Users\DEVELO~1\AppData\Local\Temp\ccVnYbPW.s 			page 33


 1817 0181 04       		.uleb128 0x4
 1818 0182 435200   		.ascii	"CR\000"
 1819 0185 07       		.byte	0x7
 1820 0186 D004     		.2byte	0x4d0
 1821 0188 10       		.byte	0x10
 1822 0189 AF000000 		.4byte	0xaf
 1823 018d 00       		.byte	0
 1824 018e 01       		.uleb128 0x1
 1825 018f B3030000 		.4byte	.LASF21
 1826 0193 07       		.byte	0x7
 1827 0194 D104     		.2byte	0x4d1
 1828 0196 10       		.byte	0x10
 1829 0197 AF000000 		.4byte	0xaf
 1830 019b 04       		.byte	0x4
 1831 019c 01       		.uleb128 0x1
 1832 019d 45070000 		.4byte	.LASF22
 1833 01a1 07       		.byte	0x7
 1834 01a2 D204     		.2byte	0x4d2
 1835 01a4 10       		.byte	0x10
 1836 01a5 AF000000 		.4byte	0xaf
 1837 01a9 08       		.byte	0x8
 1838 01aa 01       		.uleb128 0x1
 1839 01ab 8B040000 		.4byte	.LASF23
 1840 01af 07       		.byte	0x7
 1841 01b0 D304     		.2byte	0x4d3
 1842 01b2 10       		.byte	0x10
 1843 01b3 AF000000 		.4byte	0xaf
 1844 01b7 0C       		.byte	0xc
 1845 01b8 01       		.uleb128 0x1
 1846 01b9 E5070000 		.4byte	.LASF24
 1847 01bd 07       		.byte	0x7
 1848 01be D404     		.2byte	0x4d4
 1849 01c0 10       		.byte	0x10
 1850 01c1 AF000000 		.4byte	0xaf
 1851 01c5 10       		.byte	0x10
 1852 01c6 01       		.uleb128 0x1
 1853 01c7 4E050000 		.4byte	.LASF25
 1854 01cb 07       		.byte	0x7
 1855 01cc D504     		.2byte	0x4d5
 1856 01ce 0F       		.byte	0xf
 1857 01cf A3000000 		.4byte	0xa3
 1858 01d3 14       		.byte	0x14
 1859 01d4 01       		.uleb128 0x1
 1860 01d5 04080000 		.4byte	.LASF26
 1861 01d9 07       		.byte	0x7
 1862 01da D604     		.2byte	0x4d6
 1863 01dc 10       		.byte	0x10
 1864 01dd AF000000 		.4byte	0xaf
 1865 01e1 18       		.byte	0x18
 1866 01e2 01       		.uleb128 0x1
 1867 01e3 A9050000 		.4byte	.LASF27
 1868 01e7 07       		.byte	0x7
 1869 01e8 D704     		.2byte	0x4d7
 1870 01ea 10       		.byte	0x10
 1871 01eb AF000000 		.4byte	0xaf
 1872 01ef 1C       		.byte	0x1c
 1873 01f0 01       		.uleb128 0x1
ARM GAS  C:\Users\DEVELO~1\AppData\Local\Temp\ccVnYbPW.s 			page 34


 1874 01f1 D2010000 		.4byte	.LASF28
 1875 01f5 07       		.byte	0x7
 1876 01f6 D804     		.2byte	0x4d8
 1877 01f8 10       		.byte	0x10
 1878 01f9 AF000000 		.4byte	0xaf
 1879 01fd 20       		.byte	0x20
 1880 01fe 01       		.uleb128 0x1
 1881 01ff 58050000 		.4byte	.LASF29
 1882 0203 07       		.byte	0x7
 1883 0204 D904     		.2byte	0x4d9
 1884 0206 0F       		.byte	0xf
 1885 0207 A3000000 		.4byte	0xa3
 1886 020b 24       		.byte	0x24
 1887 020c 01       		.uleb128 0x1
 1888 020d A9030000 		.4byte	.LASF30
 1889 0211 07       		.byte	0x7
 1890 0212 DA04     		.2byte	0x4da
 1891 0214 10       		.byte	0x10
 1892 0215 AF000000 		.4byte	0xaf
 1893 0219 28       		.byte	0x28
 1894 021a 01       		.uleb128 0x1
 1895 021b FF040000 		.4byte	.LASF31
 1896 021f 07       		.byte	0x7
 1897 0220 DB04     		.2byte	0x4db
 1898 0222 10       		.byte	0x10
 1899 0223 AF000000 		.4byte	0xaf
 1900 0227 2C       		.byte	0x2c
 1901 0228 01       		.uleb128 0x1
 1902 0229 12000000 		.4byte	.LASF32
 1903 022d 07       		.byte	0x7
 1904 022e DC04     		.2byte	0x4dc
 1905 0230 10       		.byte	0x10
 1906 0231 AF000000 		.4byte	0xaf
 1907 0235 30       		.byte	0x30
 1908 0236 01       		.uleb128 0x1
 1909 0237 8E010000 		.4byte	.LASF33
 1910 023b 07       		.byte	0x7
 1911 023c DD04     		.2byte	0x4dd
 1912 023e 10       		.byte	0x10
 1913 023f AF000000 		.4byte	0xaf
 1914 0243 34       		.byte	0x34
 1915 0244 01       		.uleb128 0x1
 1916 0245 B6050000 		.4byte	.LASF34
 1917 0249 07       		.byte	0x7
 1918 024a DE04     		.2byte	0x4de
 1919 024c 10       		.byte	0x10
 1920 024d AF000000 		.4byte	0xaf
 1921 0251 38       		.byte	0x38
 1922 0252 01       		.uleb128 0x1
 1923 0253 30020000 		.4byte	.LASF35
 1924 0257 07       		.byte	0x7
 1925 0258 DF04     		.2byte	0x4df
 1926 025a 10       		.byte	0x10
 1927 025b AF000000 		.4byte	0xaf
 1928 025f 3C       		.byte	0x3c
 1929 0260 01       		.uleb128 0x1
 1930 0261 00020000 		.4byte	.LASF36
ARM GAS  C:\Users\DEVELO~1\AppData\Local\Temp\ccVnYbPW.s 			page 35


 1931 0265 07       		.byte	0x7
 1932 0266 E004     		.2byte	0x4e0
 1933 0268 10       		.byte	0x10
 1934 0269 AF000000 		.4byte	0xaf
 1935 026d 40       		.byte	0x40
 1936 026e 01       		.uleb128 0x1
 1937 026f 25040000 		.4byte	.LASF37
 1938 0273 07       		.byte	0x7
 1939 0274 E104     		.2byte	0x4e1
 1940 0276 10       		.byte	0x10
 1941 0277 AF000000 		.4byte	0xaf
 1942 027b 44       		.byte	0x44
 1943 027c 01       		.uleb128 0x1
 1944 027d 62050000 		.4byte	.LASF38
 1945 0281 07       		.byte	0x7
 1946 0282 E204     		.2byte	0x4e2
 1947 0284 10       		.byte	0x10
 1948 0285 A3000000 		.4byte	0xa3
 1949 0289 48       		.byte	0x48
 1950 028a 01       		.uleb128 0x1
 1951 028b 8B060000 		.4byte	.LASF39
 1952 028f 07       		.byte	0x7
 1953 0290 E304     		.2byte	0x4e3
 1954 0292 11       		.byte	0x11
 1955 0293 AF000000 		.4byte	0xaf
 1956 0297 4C       		.byte	0x4c
 1957 0298 01       		.uleb128 0x1
 1958 0299 15010000 		.4byte	.LASF40
 1959 029d 07       		.byte	0x7
 1960 029e E404     		.2byte	0x4e4
 1961 02a0 11       		.byte	0x11
 1962 02a1 AF000000 		.4byte	0xaf
 1963 02a5 50       		.byte	0x50
 1964 02a6 01       		.uleb128 0x1
 1965 02a7 DC030000 		.4byte	.LASF41
 1966 02ab 07       		.byte	0x7
 1967 02ac E504     		.2byte	0x4e5
 1968 02ae 11       		.byte	0x11
 1969 02af AF000000 		.4byte	0xaf
 1970 02b3 54       		.byte	0x54
 1971 02b4 01       		.uleb128 0x1
 1972 02b5 23020000 		.4byte	.LASF42
 1973 02b9 07       		.byte	0x7
 1974 02ba E604     		.2byte	0x4e6
 1975 02bc 11       		.byte	0x11
 1976 02bd AF000000 		.4byte	0xaf
 1977 02c1 58       		.byte	0x58
 1978 02c2 01       		.uleb128 0x1
 1979 02c3 2E070000 		.4byte	.LASF43
 1980 02c7 07       		.byte	0x7
 1981 02c8 E704     		.2byte	0x4e7
 1982 02ca 10       		.byte	0x10
 1983 02cb A3000000 		.4byte	0xa3
 1984 02cf 5C       		.byte	0x5c
 1985 02d0 01       		.uleb128 0x1
 1986 02d1 07010000 		.4byte	.LASF44
 1987 02d5 07       		.byte	0x7
ARM GAS  C:\Users\DEVELO~1\AppData\Local\Temp\ccVnYbPW.s 			page 36


 1988 02d6 E804     		.2byte	0x4e8
 1989 02d8 11       		.byte	0x11
 1990 02d9 AF000000 		.4byte	0xaf
 1991 02dd 60       		.byte	0x60
 1992 02de 01       		.uleb128 0x1
 1993 02df FB010000 		.4byte	.LASF45
 1994 02e3 07       		.byte	0x7
 1995 02e4 E904     		.2byte	0x4e9
 1996 02e6 11       		.byte	0x11
 1997 02e7 AF000000 		.4byte	0xaf
 1998 02eb 64       		.byte	0x64
 1999 02ec 01       		.uleb128 0x1
 2000 02ed 2B020000 		.4byte	.LASF46
 2001 02f1 07       		.byte	0x7
 2002 02f2 EA04     		.2byte	0x4ea
 2003 02f4 11       		.byte	0x11
 2004 02f5 AF000000 		.4byte	0xaf
 2005 02f9 68       		.byte	0x68
 2006 02fa 01       		.uleb128 0x1
 2007 02fb 71050000 		.4byte	.LASF47
 2008 02ff 07       		.byte	0x7
 2009 0300 EB04     		.2byte	0x4eb
 2010 0302 0F       		.byte	0xf
 2011 0303 A3000000 		.4byte	0xa3
 2012 0307 6C       		.byte	0x6c
 2013 0308 01       		.uleb128 0x1
 2014 0309 EF060000 		.4byte	.LASF48
 2015 030d 07       		.byte	0x7
 2016 030e EC04     		.2byte	0x4ec
 2017 0310 11       		.byte	0x11
 2018 0311 AF000000 		.4byte	0xaf
 2019 0315 70       		.byte	0x70
 2020 0316 04       		.uleb128 0x4
 2021 0317 43535200 		.ascii	"CSR\000"
 2022 031b 07       		.byte	0x7
 2023 031c ED04     		.2byte	0x4ed
 2024 031e 11       		.byte	0x11
 2025 031f AF000000 		.4byte	0xaf
 2026 0323 74       		.byte	0x74
 2027 0324 01       		.uleb128 0x1
 2028 0325 7B050000 		.4byte	.LASF49
 2029 0329 07       		.byte	0x7
 2030 032a EE04     		.2byte	0x4ee
 2031 032c 0F       		.byte	0xf
 2032 032d A3000000 		.4byte	0xa3
 2033 0331 78       		.byte	0x78
 2034 0332 01       		.uleb128 0x1
 2035 0333 C7030000 		.4byte	.LASF50
 2036 0337 07       		.byte	0x7
 2037 0338 EF04     		.2byte	0x4ef
 2038 033a 10       		.byte	0x10
 2039 033b AF000000 		.4byte	0xaf
 2040 033f 7C       		.byte	0x7c
 2041 0340 01       		.uleb128 0x1
 2042 0341 38010000 		.4byte	.LASF51
 2043 0345 07       		.byte	0x7
 2044 0346 F004     		.2byte	0x4f0
ARM GAS  C:\Users\DEVELO~1\AppData\Local\Temp\ccVnYbPW.s 			page 37


 2045 0348 10       		.byte	0x10
 2046 0349 AF000000 		.4byte	0xaf
 2047 034d 80       		.byte	0x80
 2048 034e 01       		.uleb128 0x1
 2049 034f B9060000 		.4byte	.LASF52
 2050 0353 07       		.byte	0x7
 2051 0354 F104     		.2byte	0x4f1
 2052 0356 10       		.byte	0x10
 2053 0357 AF000000 		.4byte	0xaf
 2054 035b 84       		.byte	0x84
 2055 035c 01       		.uleb128 0x1
 2056 035d 0C010000 		.4byte	.LASF53
 2057 0361 07       		.byte	0x7
 2058 0362 F204     		.2byte	0x4f2
 2059 0364 10       		.byte	0x10
 2060 0365 AF000000 		.4byte	0xaf
 2061 0369 88       		.byte	0x88
 2062 036a 01       		.uleb128 0x1
 2063 036b 18070000 		.4byte	.LASF54
 2064 036f 07       		.byte	0x7
 2065 0370 F304     		.2byte	0x4f3
 2066 0372 10       		.byte	0x10
 2067 0373 AF000000 		.4byte	0xaf
 2068 0377 8C       		.byte	0x8c
 2069 0378 01       		.uleb128 0x1
 2070 0379 48000000 		.4byte	.LASF55
 2071 037d 07       		.byte	0x7
 2072 037e F404     		.2byte	0x4f4
 2073 0380 10       		.byte	0x10
 2074 0381 AF000000 		.4byte	0xaf
 2075 0385 90       		.byte	0x90
 2076 0386 01       		.uleb128 0x1
 2077 0387 9C070000 		.4byte	.LASF56
 2078 038b 07       		.byte	0x7
 2079 038c F504     		.2byte	0x4f5
 2080 038e 10       		.byte	0x10
 2081 038f AF000000 		.4byte	0xaf
 2082 0393 94       		.byte	0x94
 2083 0394 01       		.uleb128 0x1
 2084 0395 98010000 		.4byte	.LASF57
 2085 0399 07       		.byte	0x7
 2086 039a F604     		.2byte	0x4f6
 2087 039c 10       		.byte	0x10
 2088 039d AF000000 		.4byte	0xaf
 2089 03a1 98       		.byte	0x98
 2090 03a2 01       		.uleb128 0x1
 2091 03a3 74040000 		.4byte	.LASF58
 2092 03a7 07       		.byte	0x7
 2093 03a8 F704     		.2byte	0x4f7
 2094 03aa 10       		.byte	0x10
 2095 03ab AF000000 		.4byte	0xaf
 2096 03af 9C       		.byte	0x9c
 2097 03b0 04       		.uleb128 0x4
 2098 03b1 47435200 		.ascii	"GCR\000"
 2099 03b5 07       		.byte	0x7
 2100 03b6 F804     		.2byte	0x4f8
 2101 03b8 10       		.byte	0x10
ARM GAS  C:\Users\DEVELO~1\AppData\Local\Temp\ccVnYbPW.s 			page 38


 2102 03b9 AF000000 		.4byte	0xaf
 2103 03bd A0       		.byte	0xa0
 2104 03be 01       		.uleb128 0x1
 2105 03bf 98050000 		.4byte	.LASF59
 2106 03c3 07       		.byte	0x7
 2107 03c4 F904     		.2byte	0x4f9
 2108 03c6 0F       		.byte	0xf
 2109 03c7 A3000000 		.4byte	0xa3
 2110 03cb A4       		.byte	0xa4
 2111 03cc 01       		.uleb128 0x1
 2112 03cd 5A040000 		.4byte	.LASF60
 2113 03d1 07       		.byte	0x7
 2114 03d2 FA04     		.2byte	0x4fa
 2115 03d4 10       		.byte	0x10
 2116 03d5 AF000000 		.4byte	0xaf
 2117 03d9 A8       		.byte	0xa8
 2118 03da 01       		.uleb128 0x1
 2119 03db 67010000 		.4byte	.LASF61
 2120 03df 07       		.byte	0x7
 2121 03e0 FB04     		.2byte	0x4fb
 2122 03e2 0F       		.byte	0xf
 2123 03e3 66010000 		.4byte	0x166
 2124 03e7 AC       		.byte	0xac
 2125 03e8 04       		.uleb128 0x4
 2126 03e9 52535200 		.ascii	"RSR\000"
 2127 03ed 07       		.byte	0x7
 2128 03ee FC04     		.2byte	0x4fc
 2129 03f0 10       		.byte	0x10
 2130 03f1 AF000000 		.4byte	0xaf
 2131 03f5 D0       		.byte	0xd0
 2132 03f6 01       		.uleb128 0x1
 2133 03f7 42060000 		.4byte	.LASF62
 2134 03fb 07       		.byte	0x7
 2135 03fc FD04     		.2byte	0x4fd
 2136 03fe 10       		.byte	0x10
 2137 03ff AF000000 		.4byte	0xaf
 2138 0403 D4       		.byte	0xd4
 2139 0404 01       		.uleb128 0x1
 2140 0405 CE070000 		.4byte	.LASF63
 2141 0409 07       		.byte	0x7
 2142 040a FE04     		.2byte	0x4fe
 2143 040c 10       		.byte	0x10
 2144 040d AF000000 		.4byte	0xaf
 2145 0411 D8       		.byte	0xd8
 2146 0412 01       		.uleb128 0x1
 2147 0413 FD060000 		.4byte	.LASF64
 2148 0417 07       		.byte	0x7
 2149 0418 FF04     		.2byte	0x4ff
 2150 041a 10       		.byte	0x10
 2151 041b AF000000 		.4byte	0xaf
 2152 041f DC       		.byte	0xdc
 2153 0420 01       		.uleb128 0x1
 2154 0421 22050000 		.4byte	.LASF65
 2155 0425 07       		.byte	0x7
 2156 0426 0005     		.2byte	0x500
 2157 0428 10       		.byte	0x10
 2158 0429 AF000000 		.4byte	0xaf
ARM GAS  C:\Users\DEVELO~1\AppData\Local\Temp\ccVnYbPW.s 			page 39


 2159 042d E0       		.byte	0xe0
 2160 042e 01       		.uleb128 0x1
 2161 042f 0D050000 		.4byte	.LASF66
 2162 0433 07       		.byte	0x7
 2163 0434 0105     		.2byte	0x501
 2164 0436 10       		.byte	0x10
 2165 0437 AF000000 		.4byte	0xaf
 2166 043b E4       		.byte	0xe4
 2167 043c 01       		.uleb128 0x1
 2168 043d FB070000 		.4byte	.LASF67
 2169 0441 07       		.byte	0x7
 2170 0442 0205     		.2byte	0x502
 2171 0444 10       		.byte	0x10
 2172 0445 AF000000 		.4byte	0xaf
 2173 0449 E8       		.byte	0xe8
 2174 044a 01       		.uleb128 0x1
 2175 044b 93060000 		.4byte	.LASF68
 2176 044f 07       		.byte	0x7
 2177 0450 0305     		.2byte	0x503
 2178 0452 10       		.byte	0x10
 2179 0453 AF000000 		.4byte	0xaf
 2180 0457 EC       		.byte	0xec
 2181 0458 01       		.uleb128 0x1
 2182 0459 29060000 		.4byte	.LASF69
 2183 045d 07       		.byte	0x7
 2184 045e 0405     		.2byte	0x504
 2185 0460 10       		.byte	0x10
 2186 0461 AF000000 		.4byte	0xaf
 2187 0465 F0       		.byte	0xf0
 2188 0466 01       		.uleb128 0x1
 2189 0467 A6040000 		.4byte	.LASF70
 2190 046b 07       		.byte	0x7
 2191 046c 0505     		.2byte	0x505
 2192 046e 10       		.byte	0x10
 2193 046f AF000000 		.4byte	0xaf
 2194 0473 F4       		.byte	0xf4
 2195 0474 01       		.uleb128 0x1
 2196 0475 72010000 		.4byte	.LASF71
 2197 0479 07       		.byte	0x7
 2198 047a 0605     		.2byte	0x506
 2199 047c 10       		.byte	0x10
 2200 047d A3000000 		.4byte	0xa3
 2201 0481 F8       		.byte	0xf8
 2202 0482 01       		.uleb128 0x1
 2203 0483 DE050000 		.4byte	.LASF72
 2204 0487 07       		.byte	0x7
 2205 0488 0705     		.2byte	0x507
 2206 048a 10       		.byte	0x10
 2207 048b AF000000 		.4byte	0xaf
 2208 048f FC       		.byte	0xfc
 2209 0490 0A       		.uleb128 0xa
 2210 0491 F4000000 		.4byte	.LASF73
 2211 0495 0805     		.2byte	0x508
 2212 0497 10       		.byte	0x10
 2213 0498 AF000000 		.4byte	0xaf
 2214 049c 0001     		.2byte	0x100
 2215 049e 0A       		.uleb128 0xa
ARM GAS  C:\Users\DEVELO~1\AppData\Local\Temp\ccVnYbPW.s 			page 40


 2216 049f 8D000000 		.4byte	.LASF74
 2217 04a3 0905     		.2byte	0x509
 2218 04a5 10       		.byte	0x10
 2219 04a6 AF000000 		.4byte	0xaf
 2220 04aa 0401     		.2byte	0x104
 2221 04ac 0A       		.uleb128 0xa
 2222 04ad C2060000 		.4byte	.LASF75
 2223 04b1 0A05     		.2byte	0x50a
 2224 04b3 10       		.byte	0x10
 2225 04b4 AF000000 		.4byte	0xaf
 2226 04b8 0801     		.2byte	0x108
 2227 04ba 0A       		.uleb128 0xa
 2228 04bb 5D010000 		.4byte	.LASF76
 2229 04bf 0B05     		.2byte	0x50b
 2230 04c1 10       		.byte	0x10
 2231 04c2 AF000000 		.4byte	0xaf
 2232 04c6 0C01     		.2byte	0x10c
 2233 04c8 0A       		.uleb128 0xa
 2234 04c9 55070000 		.4byte	.LASF77
 2235 04cd 0C05     		.2byte	0x50c
 2236 04cf 10       		.byte	0x10
 2237 04d0 AF000000 		.4byte	0xaf
 2238 04d4 1001     		.2byte	0x110
 2239 04d6 0A       		.uleb128 0xa
 2240 04d7 72000000 		.4byte	.LASF78
 2241 04db 0D05     		.2byte	0x50d
 2242 04dd 10       		.byte	0x10
 2243 04de AF000000 		.4byte	0xaf
 2244 04e2 1401     		.2byte	0x114
 2245 04e4 0A       		.uleb128 0xa
 2246 04e5 1B040000 		.4byte	.LASF79
 2247 04e9 0E05     		.2byte	0x50e
 2248 04eb 10       		.byte	0x10
 2249 04ec AF000000 		.4byte	0xaf
 2250 04f0 1801     		.2byte	0x118
 2251 04f2 0A       		.uleb128 0xa
 2252 04f3 E8050000 		.4byte	.LASF80
 2253 04f7 0F05     		.2byte	0x50f
 2254 04f9 10       		.byte	0x10
 2255 04fa AF000000 		.4byte	0xaf
 2256 04fe 1C01     		.2byte	0x11c
 2257 0500 0A       		.uleb128 0xa
 2258 0501 7D010000 		.4byte	.LASF81
 2259 0505 1005     		.2byte	0x510
 2260 0507 0F       		.byte	0xf
 2261 0508 C7000000 		.4byte	0xc7
 2262 050c 2001     		.2byte	0x120
 2263 050e 00       		.byte	0
 2264 050f 0C       		.uleb128 0xc
 2265 0510 82020000 		.4byte	.LASF82
 2266 0514 07       		.byte	0x7
 2267 0515 1205     		.2byte	0x512
 2268 0517 03       		.byte	0x3
 2269 0518 76010000 		.4byte	0x176
 2270 051c 12       		.uleb128 0x12
 2271 051d 4C       		.byte	0x4c
 2272 051e 07       		.byte	0x7
ARM GAS  C:\Users\DEVELO~1\AppData\Local\Temp\ccVnYbPW.s 			page 41


 2273 051f 5405     		.2byte	0x554
 2274 0521 5E050000 		.4byte	0x55e
 2275 0525 04       		.uleb128 0x4
 2276 0526 47435200 		.ascii	"GCR\000"
 2277 052a 07       		.byte	0x7
 2278 052b 5605     		.2byte	0x556
 2279 052d 11       		.byte	0x11
 2280 052e AF000000 		.4byte	0xaf
 2281 0532 00       		.byte	0
 2282 0533 01       		.uleb128 0x1
 2283 0534 38060000 		.4byte	.LASF83
 2284 0538 07       		.byte	0x7
 2285 0539 5705     		.2byte	0x557
 2286 053b 11       		.byte	0x11
 2287 053c 5E050000 		.4byte	0x55e
 2288 0540 04       		.byte	0x4
 2289 0541 01       		.uleb128 0x1
 2290 0542 C8070000 		.4byte	.LASF84
 2291 0546 07       		.byte	0x7
 2292 0547 5805     		.2byte	0x558
 2293 0549 11       		.byte	0x11
 2294 054a AF000000 		.4byte	0xaf
 2295 054e 44       		.byte	0x44
 2296 054f 01       		.uleb128 0x1
 2297 0550 CA040000 		.4byte	.LASF85
 2298 0554 07       		.byte	0x7
 2299 0555 5905     		.2byte	0x559
 2300 0557 11       		.byte	0x11
 2301 0558 AF000000 		.4byte	0xaf
 2302 055c 48       		.byte	0x48
 2303 055d 00       		.byte	0
 2304 055e 10       		.uleb128 0x10
 2305 055f A3000000 		.4byte	0xa3
 2306 0563 6E050000 		.4byte	0x56e
 2307 0567 11       		.uleb128 0x11
 2308 0568 39000000 		.4byte	0x39
 2309 056c 0F       		.byte	0xf
 2310 056d 00       		.byte	0
 2311 056e 0C       		.uleb128 0xc
 2312 056f 00000000 		.4byte	.LASF86
 2313 0573 07       		.byte	0x7
 2314 0574 5A05     		.2byte	0x55a
 2315 0576 03       		.byte	0x3
 2316 0577 1C050000 		.4byte	0x51c
 2317 057b 12       		.uleb128 0x12
 2318 057c 20       		.byte	0x20
 2319 057d 07       		.byte	0x7
 2320 057e 5C05     		.2byte	0x55c
 2321 0580 F3050000 		.4byte	0x5f3
 2322 0584 04       		.uleb128 0x4
 2323 0585 43523100 		.ascii	"CR1\000"
 2324 0589 07       		.byte	0x7
 2325 058a 5E05     		.2byte	0x55e
 2326 058c 11       		.byte	0x11
 2327 058d AF000000 		.4byte	0xaf
 2328 0591 00       		.byte	0
 2329 0592 04       		.uleb128 0x4
ARM GAS  C:\Users\DEVELO~1\AppData\Local\Temp\ccVnYbPW.s 			page 42


 2330 0593 43523200 		.ascii	"CR2\000"
 2331 0597 07       		.byte	0x7
 2332 0598 5F05     		.2byte	0x55f
 2333 059a 11       		.byte	0x11
 2334 059b AF000000 		.4byte	0xaf
 2335 059f 04       		.byte	0x4
 2336 05a0 01       		.uleb128 0x1
 2337 05a1 B4070000 		.4byte	.LASF87
 2338 05a5 07       		.byte	0x7
 2339 05a6 6005     		.2byte	0x560
 2340 05a8 11       		.byte	0x11
 2341 05a9 AF000000 		.4byte	0xaf
 2342 05ad 08       		.byte	0x8
 2343 05ae 01       		.uleb128 0x1
 2344 05af D6070000 		.4byte	.LASF88
 2345 05b3 07       		.byte	0x7
 2346 05b4 6105     		.2byte	0x561
 2347 05b6 11       		.byte	0x11
 2348 05b7 AF000000 		.4byte	0xaf
 2349 05bb 0C       		.byte	0xc
 2350 05bc 04       		.uleb128 0x4
 2351 05bd 494D5200 		.ascii	"IMR\000"
 2352 05c1 07       		.byte	0x7
 2353 05c2 6205     		.2byte	0x562
 2354 05c4 11       		.byte	0x11
 2355 05c5 AF000000 		.4byte	0xaf
 2356 05c9 10       		.byte	0x10
 2357 05ca 04       		.uleb128 0x4
 2358 05cb 535200   		.ascii	"SR\000"
 2359 05ce 07       		.byte	0x7
 2360 05cf 6305     		.2byte	0x563
 2361 05d1 11       		.byte	0x11
 2362 05d2 AF000000 		.4byte	0xaf
 2363 05d6 14       		.byte	0x14
 2364 05d7 01       		.uleb128 0x1
 2365 05d8 A3030000 		.4byte	.LASF89
 2366 05dc 07       		.byte	0x7
 2367 05dd 6405     		.2byte	0x564
 2368 05df 11       		.byte	0x11
 2369 05e0 AF000000 		.4byte	0xaf
 2370 05e4 18       		.byte	0x18
 2371 05e5 04       		.uleb128 0x4
 2372 05e6 445200   		.ascii	"DR\000"
 2373 05e9 07       		.byte	0x7
 2374 05ea 6505     		.2byte	0x565
 2375 05ec 11       		.byte	0x11
 2376 05ed AF000000 		.4byte	0xaf
 2377 05f1 1C       		.byte	0x1c
 2378 05f2 00       		.byte	0
 2379 05f3 0C       		.uleb128 0xc
 2380 05f4 09040000 		.4byte	.LASF90
 2381 05f8 07       		.byte	0x7
 2382 05f9 6605     		.2byte	0x566
 2383 05fb 03       		.byte	0x3
 2384 05fc 7B050000 		.4byte	0x57b
 2385 0600 07       		.uleb128 0x7
 2386 0601 01       		.byte	0x1
ARM GAS  C:\Users\DEVELO~1\AppData\Local\Temp\ccVnYbPW.s 			page 43


 2387 0602 02       		.byte	0x2
 2388 0603 B0050000 		.4byte	.LASF91
 2389 0607 06       		.uleb128 0x6
 2390 0608 0C060000 		.4byte	0x60c
 2391 060c 22       		.uleb128 0x22
 2392 060d 1C060000 		.4byte	0x61c
 2393 0611 05       		.uleb128 0x5
 2394 0612 C5000000 		.4byte	0xc5
 2395 0616 05       		.uleb128 0x5
 2396 0617 A3000000 		.4byte	0xa3
 2397 061b 00       		.byte	0
 2398 061c 0C       		.uleb128 0xc
 2399 061d 61020000 		.4byte	.LASF92
 2400 0621 08       		.byte	0x8
 2401 0622 A201     		.2byte	0x1a2
 2402 0624 10       		.byte	0x10
 2403 0625 07060000 		.4byte	0x607
 2404 0629 12       		.uleb128 0x12
 2405 062a 10       		.byte	0x10
 2406 062b 08       		.byte	0x8
 2407 062c A701     		.2byte	0x1a7
 2408 062e 87060000 		.4byte	0x687
 2409 0632 01       		.uleb128 0x1
 2410 0633 A2050000 		.4byte	.LASF93
 2411 0637 08       		.byte	0x8
 2412 0638 A801     		.2byte	0x1a8
 2413 063a 1A       		.byte	0x1a
 2414 063b 87060000 		.4byte	0x687
 2415 063f 00       		.byte	0
 2416 0640 01       		.uleb128 0x1
 2417 0641 5E060000 		.4byte	.LASF94
 2418 0645 08       		.byte	0x8
 2419 0646 A901     		.2byte	0x1a9
 2420 0648 1A       		.byte	0x1a
 2421 0649 8C060000 		.4byte	0x68c
 2422 064d 04       		.byte	0x4
 2423 064e 04       		.uleb128 0x4
 2424 064f 6D757800 		.ascii	"mux\000"
 2425 0653 08       		.byte	0x8
 2426 0654 AB01     		.2byte	0x1ab
 2427 0656 1B       		.byte	0x1b
 2428 0657 91060000 		.4byte	0x691
 2429 065b 08       		.byte	0x8
 2430 065c 01       		.uleb128 0x1
 2431 065d D9010000 		.4byte	.LASF95
 2432 0661 08       		.byte	0x8
 2433 0662 AF01     		.2byte	0x1af
 2434 0664 19       		.byte	0x19
 2435 0665 97000000 		.4byte	0x97
 2436 0669 0C       		.byte	0xc
 2437 066a 01       		.uleb128 0x1
 2438 066b 19020000 		.4byte	.LASF96
 2439 066f 08       		.byte	0x8
 2440 0670 B101     		.2byte	0x1b1
 2441 0672 19       		.byte	0x19
 2442 0673 97000000 		.4byte	0x97
 2443 0677 0D       		.byte	0xd
ARM GAS  C:\Users\DEVELO~1\AppData\Local\Temp\ccVnYbPW.s 			page 44


 2444 0678 01       		.uleb128 0x1
 2445 0679 97000000 		.4byte	.LASF97
 2446 067d 08       		.byte	0x8
 2447 067e B201     		.2byte	0x1b2
 2448 0680 19       		.byte	0x19
 2449 0681 97000000 		.4byte	0x97
 2450 0685 0E       		.byte	0xe
 2451 0686 00       		.byte	0
 2452 0687 06       		.uleb128 0x6
 2453 0688 34010000 		.4byte	0x134
 2454 068c 06       		.uleb128 0x6
 2455 068d AF000000 		.4byte	0xaf
 2456 0691 06       		.uleb128 0x6
 2457 0692 59010000 		.4byte	0x159
 2458 0696 0C       		.uleb128 0xc
 2459 0697 85050000 		.4byte	.LASF98
 2460 069b 08       		.byte	0x8
 2461 069c B301     		.2byte	0x1b3
 2462 069e 03       		.byte	0x3
 2463 069f 29060000 		.4byte	0x629
 2464 06a3 0B       		.uleb128 0xb
 2465 06a4 96060000 		.4byte	0x696
 2466 06a8 06       		.uleb128 0x6
 2467 06a9 A3060000 		.4byte	0x6a3
 2468 06ad 30       		.uleb128 0x30
 2469 06ae 07       		.byte	0x7
 2470 06af 01       		.byte	0x1
 2471 06b0 61000000 		.4byte	0x61
 2472 06b4 09       		.byte	0x9
 2473 06b5 25       		.byte	0x25
 2474 06b6 0E       		.byte	0xe
 2475 06b7 D4060000 		.4byte	0x6d4
 2476 06bb 16       		.uleb128 0x16
 2477 06bc 43050000 		.4byte	.LASF99
 2478 06c0 00       		.byte	0
 2479 06c1 16       		.uleb128 0x16
 2480 06c2 FE000000 		.4byte	.LASF100
 2481 06c6 01       		.byte	0x1
 2482 06c7 16       		.uleb128 0x16
 2483 06c8 83000000 		.4byte	.LASF101
 2484 06cc 02       		.byte	0x2
 2485 06cd 16       		.uleb128 0x16
 2486 06ce E4060000 		.4byte	.LASF102
 2487 06d2 03       		.byte	0x3
 2488 06d3 00       		.byte	0
 2489 06d4 09       		.uleb128 0x9
 2490 06d5 D7040000 		.4byte	.LASF103
 2491 06d9 09       		.byte	0x9
 2492 06da 2A       		.byte	0x2a
 2493 06db 03       		.byte	0x3
 2494 06dc AD060000 		.4byte	0x6ad
 2495 06e0 09       		.uleb128 0x9
 2496 06e1 3E000000 		.4byte	.LASF104
 2497 06e5 09       		.byte	0x9
 2498 06e6 2F       		.byte	0x2f
 2499 06e7 1F       		.byte	0x1f
 2500 06e8 F1060000 		.4byte	0x6f1
ARM GAS  C:\Users\DEVELO~1\AppData\Local\Temp\ccVnYbPW.s 			page 45


 2501 06ec 0B       		.uleb128 0xb
 2502 06ed E0060000 		.4byte	0x6e0
 2503 06f1 23       		.uleb128 0x23
 2504 06f2 A1010000 		.4byte	.LASF119
 2505 06f6 38       		.byte	0x38
 2506 06f7 45       		.byte	0x45
 2507 06f8 A4070000 		.4byte	0x7a4
 2508 06fc 02       		.uleb128 0x2
 2509 06fd 88010000 		.4byte	.LASF105
 2510 0701 49       		.byte	0x49
 2511 0702 1D       		.byte	0x1d
 2512 0703 D4060000 		.4byte	0x6d4
 2513 0707 00       		.byte	0
 2514 0708 02       		.uleb128 0x2
 2515 0709 B2060000 		.4byte	.LASF106
 2516 070d 4D       		.byte	0x4d
 2517 070e 1E       		.byte	0x1e
 2518 070f 69080000 		.4byte	0x869
 2519 0713 04       		.byte	0x4
 2520 0714 17       		.uleb128 0x17
 2521 0715 73616900 		.ascii	"sai\000"
 2522 0719 55       		.byte	0x55
 2523 071a 6E080000 		.4byte	0x86e
 2524 071e 08       		.byte	0x8
 2525 071f 02       		.uleb128 0x2
 2526 0720 9F040000 		.4byte	.LASF107
 2527 0724 55       		.byte	0x55
 2528 0725 03       		.byte	0x3
 2529 0726 73080000 		.4byte	0x873
 2530 072a 0C       		.byte	0xc
 2531 072b 02       		.uleb128 0x2
 2532 072c 48020000 		.4byte	.LASF108
 2533 0730 55       		.byte	0x55
 2534 0731 03       		.byte	0x3
 2535 0732 97000000 		.4byte	0x97
 2536 0736 10       		.byte	0x10
 2537 0737 02       		.uleb128 0x2
 2538 0738 0C000000 		.4byte	.LASF109
 2539 073c 55       		.byte	0x55
 2540 073d 03       		.byte	0x3
 2541 073e A8060000 		.4byte	0x6a8
 2542 0742 14       		.byte	0x14
 2543 0743 02       		.uleb128 0x2
 2544 0744 3D050000 		.4byte	.LASF110
 2545 0748 55       		.byte	0x55
 2546 0749 03       		.byte	0x3
 2547 074a A8060000 		.4byte	0x6a8
 2548 074e 18       		.byte	0x18
 2549 074f 02       		.uleb128 0x2
 2550 0750 B0010000 		.4byte	.LASF111
 2551 0754 55       		.byte	0x55
 2552 0755 03       		.byte	0x3
 2553 0756 A3000000 		.4byte	0xa3
 2554 075a 1C       		.byte	0x1c
 2555 075b 02       		.uleb128 0x2
 2556 075c E2040000 		.4byte	.LASF112
 2557 0760 55       		.byte	0x55
ARM GAS  C:\Users\DEVELO~1\AppData\Local\Temp\ccVnYbPW.s 			page 46


 2558 0761 03       		.byte	0x3
 2559 0762 A3000000 		.4byte	0xa3
 2560 0766 20       		.byte	0x20
 2561 0767 02       		.uleb128 0x2
 2562 0768 5B020000 		.4byte	.LASF113
 2563 076c 55       		.byte	0x55
 2564 076d 03       		.byte	0x3
 2565 076e 78080000 		.4byte	0x878
 2566 0772 24       		.byte	0x24
 2567 0773 02       		.uleb128 0x2
 2568 0774 7D000000 		.4byte	.LASF114
 2569 0778 55       		.byte	0x55
 2570 0779 03       		.byte	0x3
 2571 077a C5000000 		.4byte	0xc5
 2572 077e 28       		.byte	0x28
 2573 077f 02       		.uleb128 0x2
 2574 0780 CA010000 		.4byte	.LASF115
 2575 0784 55       		.byte	0x55
 2576 0785 03       		.byte	0x3
 2577 0786 2D000000 		.4byte	0x2d
 2578 078a 2C       		.byte	0x2c
 2579 078b 02       		.uleb128 0x2
 2580 078c 90070000 		.4byte	.LASF116
 2581 0790 55       		.byte	0x55
 2582 0791 03       		.byte	0x3
 2583 0792 A3000000 		.4byte	0xa3
 2584 0796 30       		.byte	0x30
 2585 0797 02       		.uleb128 0x2
 2586 0798 2F040000 		.4byte	.LASF117
 2587 079c 55       		.byte	0x55
 2588 079d 03       		.byte	0x3
 2589 079e A3000000 		.4byte	0xa3
 2590 07a2 34       		.byte	0x34
 2591 07a3 00       		.byte	0
 2592 07a4 09       		.uleb128 0x9
 2593 07a5 81070000 		.4byte	.LASF118
 2594 07a9 09       		.byte	0x9
 2595 07aa 34       		.byte	0x34
 2596 07ab 1F       		.byte	0x1f
 2597 07ac B5070000 		.4byte	0x7b5
 2598 07b0 0B       		.uleb128 0xb
 2599 07b1 A4070000 		.4byte	0x7a4
 2600 07b5 23       		.uleb128 0x23
 2601 07b6 7C060000 		.4byte	.LASF120
 2602 07ba 28       		.byte	0x28
 2603 07bb 5B       		.byte	0x5b
 2604 07bc 36080000 		.4byte	0x836
 2605 07c0 02       		.uleb128 0x2
 2606 07c1 4B070000 		.4byte	.LASF121
 2607 07c5 60       		.byte	0x60
 2608 07c6 1E       		.byte	0x1e
 2609 07c7 78080000 		.4byte	0x878
 2610 07cb 00       		.byte	0
 2611 07cc 02       		.uleb128 0x2
 2612 07cd F5040000 		.4byte	.LASF122
 2613 07d1 65       		.byte	0x65
 2614 07d2 1E       		.byte	0x1e
ARM GAS  C:\Users\DEVELO~1\AppData\Local\Temp\ccVnYbPW.s 			page 47


 2615 07d3 C5000000 		.4byte	0xc5
 2616 07d7 04       		.byte	0x4
 2617 07d8 02       		.uleb128 0x2
 2618 07d9 41010000 		.4byte	.LASF123
 2619 07dd 69       		.byte	0x69
 2620 07de 1D       		.byte	0x1d
 2621 07df 2D000000 		.4byte	0x2d
 2622 07e3 08       		.byte	0x8
 2623 07e4 02       		.uleb128 0x2
 2624 07e5 DF010000 		.4byte	.LASF124
 2625 07e9 6D       		.byte	0x6d
 2626 07ea 1D       		.byte	0x1d
 2627 07eb 36080000 		.4byte	0x836
 2628 07ef 0C       		.byte	0xc
 2629 07f0 17       		.uleb128 0x17
 2630 07f1 67637200 		.ascii	"gcr\000"
 2631 07f5 6F       		.byte	0x6f
 2632 07f6 A3000000 		.4byte	0xa3
 2633 07fa 10       		.byte	0x10
 2634 07fb 17       		.uleb128 0x17
 2635 07fc 63723100 		.ascii	"cr1\000"
 2636 0800 6F       		.byte	0x6f
 2637 0801 A3000000 		.4byte	0xa3
 2638 0805 14       		.byte	0x14
 2639 0806 17       		.uleb128 0x17
 2640 0807 63723200 		.ascii	"cr2\000"
 2641 080b 6F       		.byte	0x6f
 2642 080c A3000000 		.4byte	0xa3
 2643 0810 18       		.byte	0x18
 2644 0811 02       		.uleb128 0x2
 2645 0812 8B070000 		.4byte	.LASF125
 2646 0816 6F       		.byte	0x6f
 2647 0817 03       		.byte	0x3
 2648 0818 A3000000 		.4byte	0xa3
 2649 081c 1C       		.byte	0x1c
 2650 081d 02       		.uleb128 0x2
 2651 081e 07050000 		.4byte	.LASF126
 2652 0822 6F       		.byte	0x6f
 2653 0823 03       		.byte	0x3
 2654 0824 A3000000 		.4byte	0xa3
 2655 0828 20       		.byte	0x20
 2656 0829 02       		.uleb128 0x2
 2657 082a EC040000 		.4byte	.LASF127
 2658 082e 6F       		.byte	0x6f
 2659 082f 03       		.byte	0x3
 2660 0830 A3000000 		.4byte	0xa3
 2661 0834 24       		.byte	0x24
 2662 0835 00       		.byte	0
 2663 0836 09       		.uleb128 0x9
 2664 0837 7D040000 		.4byte	.LASF128
 2665 083b 09       		.byte	0x9
 2666 083c 3C       		.byte	0x3c
 2667 083d 10       		.byte	0x10
 2668 083e 42080000 		.4byte	0x842
 2669 0842 06       		.uleb128 0x6
 2670 0843 47080000 		.4byte	0x847
 2671 0847 22       		.uleb128 0x22
ARM GAS  C:\Users\DEVELO~1\AppData\Local\Temp\ccVnYbPW.s 			page 48


 2672 0848 57080000 		.4byte	0x857
 2673 084c 05       		.uleb128 0x5
 2674 084d 57080000 		.4byte	0x857
 2675 0851 05       		.uleb128 0x5
 2676 0852 00060000 		.4byte	0x600
 2677 0856 00       		.byte	0
 2678 0857 06       		.uleb128 0x6
 2679 0858 E0060000 		.4byte	0x6e0
 2680 085c 31       		.uleb128 0x31
 2681 085d CD050000 		.4byte	.LASF136
 2682 0861 0B       		.byte	0xb
 2683 0862 4B01     		.2byte	0x14b
 2684 0864 12       		.byte	0x12
 2685 0865 E0060000 		.4byte	0x6e0
 2686 0869 06       		.uleb128 0x6
 2687 086a B0070000 		.4byte	0x7b0
 2688 086e 06       		.uleb128 0x6
 2689 086f 6E050000 		.4byte	0x56e
 2690 0873 06       		.uleb128 0x6
 2691 0874 F3050000 		.4byte	0x5f3
 2692 0878 06       		.uleb128 0x6
 2693 0879 7D080000 		.4byte	0x87d
 2694 087d 32       		.uleb128 0x32
 2695 087e 33       		.uleb128 0x33
 2696 087f 5C080000 		.4byte	0x85c
 2697 0883 01       		.byte	0x1
 2698 0884 41       		.byte	0x41
 2699 0885 0B       		.byte	0xb
 2700 0886 05       		.uleb128 0x5
 2701 0887 03       		.byte	0x3
 2702 0888 00000000 		.4byte	SAID2A
 2703 088c 18       		.uleb128 0x18
 2704 088d DC070000 		.4byte	.LASF129
 2705 0891 4C       		.byte	0x4c
 2706 0892 11       		.byte	0x11
 2707 0893 A3000000 		.4byte	0xa3
 2708 0897 05       		.uleb128 0x5
 2709 0898 03       		.byte	0x3
 2710 0899 00000000 		.4byte	sai1_ref
 2711 089d 18       		.uleb128 0x18
 2712 089e F4060000 		.4byte	.LASF130
 2713 08a2 4D       		.byte	0x4d
 2714 08a3 11       		.byte	0x11
 2715 08a4 A3000000 		.4byte	0xa3
 2716 08a8 05       		.uleb128 0x5
 2717 08a9 03       		.byte	0x3
 2718 08aa 00000000 		.4byte	sai2_ref
 2719 08ae 24       		.uleb128 0x24
 2720 08af 60070000 		.4byte	.LASF131
 2721 08b3 0A       		.byte	0xa
 2722 08b4 D9       		.byte	0xd9
 2723 08b5 BF080000 		.4byte	0x8bf
 2724 08b9 05       		.uleb128 0x5
 2725 08ba B4000000 		.4byte	0xb4
 2726 08be 00       		.byte	0
 2727 08bf 1C       		.uleb128 0x1c
 2728 08c0 4A060000 		.4byte	.LASF132
ARM GAS  C:\Users\DEVELO~1\AppData\Local\Temp\ccVnYbPW.s 			page 49


 2729 08c4 08       		.byte	0x8
 2730 08c5 A702     		.2byte	0x2a7
 2731 08c7 D6080000 		.4byte	0x8d6
 2732 08cb 05       		.uleb128 0x5
 2733 08cc A8060000 		.4byte	0x6a8
 2734 08d0 05       		.uleb128 0x5
 2735 08d1 A3000000 		.4byte	0xa3
 2736 08d5 00       		.byte	0
 2737 08d6 1C       		.uleb128 0x1c
 2738 08d7 FA030000 		.4byte	.LASF133
 2739 08db 08       		.byte	0x8
 2740 08dc A402     		.2byte	0x2a4
 2741 08de E8080000 		.4byte	0x8e8
 2742 08e2 05       		.uleb128 0x5
 2743 08e3 A8060000 		.4byte	0x6a8
 2744 08e7 00       		.byte	0
 2745 08e8 1C       		.uleb128 0x1c
 2746 08e9 2A050000 		.4byte	.LASF134
 2747 08ed 0B       		.byte	0xb
 2748 08ee 6701     		.2byte	0x167
 2749 08f0 FA080000 		.4byte	0x8fa
 2750 08f4 05       		.uleb128 0x5
 2751 08f5 57080000 		.4byte	0x857
 2752 08f9 00       		.byte	0
 2753 08fa 34       		.uleb128 0x34
 2754 08fb BA010000 		.4byte	.LASF169
 2755 08ff 08       		.byte	0x8
 2756 0900 9C02     		.2byte	0x29c
 2757 0902 1D       		.byte	0x1d
 2758 0903 A8060000 		.4byte	0x6a8
 2759 0907 20090000 		.4byte	0x920
 2760 090b 05       		.uleb128 0x5
 2761 090c A3000000 		.4byte	0xa3
 2762 0910 05       		.uleb128 0x5
 2763 0911 A3000000 		.4byte	0xa3
 2764 0915 05       		.uleb128 0x5
 2765 0916 1C060000 		.4byte	0x61c
 2766 091a 05       		.uleb128 0x5
 2767 091b C5000000 		.4byte	0xc5
 2768 091f 00       		.byte	0
 2769 0920 24       		.uleb128 0x24
 2770 0921 8D030000 		.4byte	.LASF135
 2771 0925 09       		.byte	0x9
 2772 0926 C4       		.byte	0xc4
 2773 0927 31090000 		.4byte	0x931
 2774 092b 05       		.uleb128 0x5
 2775 092c 57080000 		.4byte	0x857
 2776 0930 00       		.byte	0
 2777 0931 19       		.uleb128 0x19
 2778 0932 5C000000 		.4byte	.LASF138
 2779 0936 C901     		.2byte	0x1c9
 2780 0938 00000000 		.4byte	.LFB444
 2781 093c DC000000 		.4byte	.LFE444-.LFB444
 2782 0940 01       		.uleb128 0x1
 2783 0941 9C       		.byte	0x9c
 2784 0942 6F090000 		.4byte	0x96f
 2785 0946 0D       		.uleb128 0xd
ARM GAS  C:\Users\DEVELO~1\AppData\Local\Temp\ccVnYbPW.s 			page 50


 2786 0947 6C050000 		.4byte	.LASF140
 2787 094b C901     		.2byte	0x1c9
 2788 094d 27       		.byte	0x27
 2789 094e 57080000 		.4byte	0x857
 2790 0952 14000000 		.4byte	.LLST51
 2791 0956 0C000000 		.4byte	.LVUS51
 2792 095a 1A       		.uleb128 0x1a
 2793 095b F3070000 		.4byte	.LASF137
 2794 095f CB01     		.2byte	0x1cb
 2795 0961 0C       		.byte	0xc
 2796 0962 A3000000 		.4byte	0xa3
 2797 0966 3B000000 		.4byte	.LLST52
 2798 096a 37000000 		.4byte	.LVUS52
 2799 096e 00       		.byte	0
 2800 096f 19       		.uleb128 0x19
 2801 0970 1B000000 		.4byte	.LASF139
 2802 0974 B901     		.2byte	0x1b9
 2803 0976 00000000 		.4byte	.LFB443
 2804 097a 50000000 		.4byte	.LFE443-.LFB443
 2805 097e 01       		.uleb128 0x1
 2806 097f 9C       		.byte	0x9c
 2807 0980 180A0000 		.4byte	0xa18
 2808 0984 0D       		.uleb128 0xd
 2809 0985 6C050000 		.4byte	.LASF140
 2810 0989 B901     		.2byte	0x1b9
 2811 098b 28       		.byte	0x28
 2812 098c 57080000 		.4byte	0x857
 2813 0990 54000000 		.4byte	.LLST45
 2814 0994 4E000000 		.4byte	.LVUS45
 2815 0998 1D       		.uleb128 0x1d
 2816 0999 04060000 		.4byte	.LASF144
 2817 099d 280A0000 		.4byte	0xa28
 2818 09a1 35       		.uleb128 0x35
 2819 09a2 770E0000 		.4byte	0xe77
 2820 09a6 20000000 		.4byte	.LBI100
 2821 09aa 01       		.byte	.LVU446
 2822 09ab 9E000000 		.4byte	.LLRL46
 2823 09af 01       		.byte	0x1
 2824 09b0 C201     		.2byte	0x1c2
 2825 09b2 03       		.byte	0x3
 2826 09b3 03       		.uleb128 0x3
 2827 09b4 840E0000 		.4byte	0xe84
 2828 09b8 72000000 		.4byte	.LLST47
 2829 09bc 6C000000 		.4byte	.LVUS47
 2830 09c0 1E       		.uleb128 0x1e
 2831 09c1 9E000000 		.4byte	.LLRL46
 2832 09c5 1B       		.uleb128 0x1b
 2833 09c6 8F0E0000 		.4byte	0xe8f
 2834 09ca 8B000000 		.4byte	.LLST48
 2835 09ce 87000000 		.4byte	.LVUS48
 2836 09d2 1B       		.uleb128 0x1b
 2837 09d3 9A0E0000 		.4byte	0xe9a
 2838 09d7 A7000000 		.4byte	.LLST49
 2839 09db A3000000 		.4byte	.LVUS49
 2840 09df 36       		.uleb128 0x36
 2841 09e0 19100000 		.4byte	0x1019
 2842 09e4 30000000 		.4byte	.LBI102
ARM GAS  C:\Users\DEVELO~1\AppData\Local\Temp\ccVnYbPW.s 			page 51


 2843 09e8 06       		.byte	.LVU463
 2844 09e9 30000000 		.4byte	.LBB102
 2845 09ed 06000000 		.4byte	.LBE102-.LBB102
 2846 09f1 01       		.byte	0x1
 2847 09f2 B5       		.byte	0xb5
 2848 09f3 05       		.byte	0x5
 2849 09f4 03       		.uleb128 0x3
 2850 09f5 23100000 		.4byte	0x1023
 2851 09f9 C3000000 		.4byte	.LLST50
 2852 09fd C1000000 		.4byte	.LVUS50
 2853 0a01 1F       		.uleb128 0x1f
 2854 0a02 36000000 		.4byte	.LVL80
 2855 0a06 AE080000 		.4byte	0x8ae
 2856 0a0a 08       		.uleb128 0x8
 2857 0a0b 01       		.uleb128 0x1
 2858 0a0c 50       		.byte	0x50
 2859 0a0d 05       		.uleb128 0x5
 2860 0a0e 03       		.byte	0x3
 2861 0a0f 00000000 		.4byte	.LC0
 2862 0a13 00       		.byte	0
 2863 0a14 00       		.byte	0
 2864 0a15 00       		.byte	0
 2865 0a16 00       		.byte	0
 2866 0a17 00       		.byte	0
 2867 0a18 10       		.uleb128 0x10
 2868 0a19 C0000000 		.4byte	0xc0
 2869 0a1d 280A0000 		.4byte	0xa28
 2870 0a21 11       		.uleb128 0x11
 2871 0a22 39000000 		.4byte	0x39
 2872 0a26 16       		.byte	0x16
 2873 0a27 00       		.byte	0
 2874 0a28 0B       		.uleb128 0xb
 2875 0a29 180A0000 		.4byte	0xa18
 2876 0a2d 19       		.uleb128 0x19
 2877 0a2e 3D040000 		.4byte	.LASF141
 2878 0a32 7B01     		.2byte	0x17b
 2879 0a34 00000000 		.4byte	.LFB442
 2880 0a38 0C010000 		.4byte	.LFE442-.LFB442
 2881 0a3c 01       		.uleb128 0x1
 2882 0a3d 9C       		.byte	0x9c
 2883 0a3e 750B0000 		.4byte	0xb75
 2884 0a42 0D       		.uleb128 0xd
 2885 0a43 6C050000 		.4byte	.LASF140
 2886 0a47 7B01     		.2byte	0x17b
 2887 0a49 25       		.byte	0x25
 2888 0a4a 57080000 		.4byte	0x857
 2889 0a4e D7000000 		.4byte	.LLST30
 2890 0a52 D1000000 		.4byte	.LVUS30
 2891 0a56 0D       		.uleb128 0xd
 2892 0a57 4B070000 		.4byte	.LASF121
 2893 0a5b 7C01     		.2byte	0x17c
 2894 0a5d 26       		.byte	0x26
 2895 0a5e 78080000 		.4byte	0x878
 2896 0a62 FF000000 		.4byte	.LLST31
 2897 0a66 EF000000 		.4byte	.LVUS31
 2898 0a6a 0D       		.uleb128 0xd
 2899 0a6b F5040000 		.4byte	.LASF122
ARM GAS  C:\Users\DEVELO~1\AppData\Local\Temp\ccVnYbPW.s 			page 52


 2900 0a6f 7D01     		.2byte	0x17d
 2901 0a71 20       		.byte	0x20
 2902 0a72 C5000000 		.4byte	0xc5
 2903 0a76 41010000 		.4byte	.LLST32
 2904 0a7a 3D010000 		.4byte	.LVUS32
 2905 0a7e 0D       		.uleb128 0xd
 2906 0a7f 41010000 		.4byte	.LASF123
 2907 0a83 7E01     		.2byte	0x17e
 2908 0a85 21       		.byte	0x21
 2909 0a86 2D000000 		.4byte	0x2d
 2910 0a8a 56010000 		.4byte	.LLST33
 2911 0a8e 52010000 		.4byte	.LVUS33
 2912 0a92 1A       		.uleb128 0x1a
 2913 0a93 38070000 		.4byte	.LASF142
 2914 0a97 7F01     		.2byte	0x17f
 2915 0a99 0C       		.byte	0xc
 2916 0a9a A3000000 		.4byte	0xa3
 2917 0a9e 6B010000 		.4byte	.LLST34
 2918 0aa2 67010000 		.4byte	.LVUS34
 2919 0aa6 1A       		.uleb128 0x1a
 2920 0aa7 D1040000 		.4byte	.LASF143
 2921 0aab 8001     		.2byte	0x180
 2922 0aad 08       		.byte	0x8
 2923 0aae 00060000 		.4byte	0x600
 2924 0ab2 82010000 		.4byte	.LLST35
 2925 0ab6 7C010000 		.4byte	.LVUS35
 2926 0aba 1D       		.uleb128 0x1d
 2927 0abb 04060000 		.4byte	.LASF144
 2928 0abf 850B0000 		.4byte	0xb85
 2929 0ac3 0E       		.uleb128 0xe
 2930 0ac4 9B0F0000 		.4byte	0xf9b
 2931 0ac8 14000000 		.4byte	.LBI66
 2932 0acc 02       		.byte	.LVU307
 2933 0acd 55000000 		.4byte	.LLRL36
 2934 0ad1 8A01     		.2byte	0x18a
 2935 0ad3 0D       		.byte	0xd
 2936 0ad4 E60A0000 		.4byte	0xae6
 2937 0ad8 03       		.uleb128 0x3
 2938 0ad9 AA0F0000 		.4byte	0xfaa
 2939 0add B4010000 		.4byte	.LLST37
 2940 0ae1 B0010000 		.4byte	.LVUS37
 2941 0ae5 00       		.byte	0
 2942 0ae6 0E       		.uleb128 0xe
 2943 0ae7 B60F0000 		.4byte	0xfb6
 2944 0aeb 24000000 		.4byte	.LBI71
 2945 0aef 02       		.byte	.LVU318
 2946 0af0 66000000 		.4byte	.LLRL38
 2947 0af4 8B01     		.2byte	0x18b
 2948 0af6 0B       		.byte	0xb
 2949 0af7 1C0B0000 		.4byte	0xb1c
 2950 0afb 03       		.uleb128 0x3
 2951 0afc C50F0000 		.4byte	0xfc5
 2952 0b00 C8010000 		.4byte	.LLST39
 2953 0b04 C6010000 		.4byte	.LVUS39
 2954 0b08 1E       		.uleb128 0x1e
 2955 0b09 66000000 		.4byte	.LLRL38
 2956 0b0d 1B       		.uleb128 0x1b
ARM GAS  C:\Users\DEVELO~1\AppData\Local\Temp\ccVnYbPW.s 			page 53


 2957 0b0e D00F0000 		.4byte	0xfd0
 2958 0b12 D3010000 		.4byte	.LLST40
 2959 0b16 D1010000 		.4byte	.LVUS40
 2960 0b1a 00       		.byte	0
 2961 0b1b 00       		.byte	0
 2962 0b1c 0E       		.uleb128 0xe
 2963 0b1d A50E0000 		.4byte	0xea5
 2964 0b21 68000000 		.4byte	.LBI75
 2965 0b25 02       		.byte	.LVU362
 2966 0b26 72000000 		.4byte	.LLRL41
 2967 0b2a 9E01     		.2byte	0x19e
 2968 0b2c 17       		.byte	0x17
 2969 0b2d 3F0B0000 		.4byte	0xb3f
 2970 0b31 03       		.uleb128 0x3
 2971 0b32 B40E0000 		.4byte	0xeb4
 2972 0b36 E8010000 		.4byte	.LLST42
 2973 0b3a E4010000 		.4byte	.LVUS42
 2974 0b3e 00       		.byte	0
 2975 0b3f 0E       		.uleb128 0xe
 2976 0b40 A50E0000 		.4byte	0xea5
 2977 0b44 CA000000 		.4byte	.LBI84
 2978 0b48 02       		.byte	.LVU409
 2979 0b49 89000000 		.4byte	.LLRL43
 2980 0b4d B301     		.2byte	0x1b3
 2981 0b4f 17       		.byte	0x17
 2982 0b50 620B0000 		.4byte	0xb62
 2983 0b54 03       		.uleb128 0x3
 2984 0b55 B40E0000 		.4byte	0xeb4
 2985 0b59 FE010000 		.4byte	.LLST44
 2986 0b5d FA010000 		.4byte	.LVUS44
 2987 0b61 00       		.byte	0
 2988 0b62 13       		.uleb128 0x13
 2989 0b63 4E000000 		.4byte	.LVL63
 2990 0b67 BF080000 		.4byte	0x8bf
 2991 0b6b 13       		.uleb128 0x13
 2992 0b6c B2000000 		.4byte	.LVL68
 2993 0b70 BF080000 		.4byte	0x8bf
 2994 0b74 00       		.byte	0
 2995 0b75 10       		.uleb128 0x10
 2996 0b76 C0000000 		.4byte	0xc0
 2997 0b7a 850B0000 		.4byte	0xb85
 2998 0b7e 11       		.uleb128 0x11
 2999 0b7f 39000000 		.4byte	0x39
 3000 0b83 13       		.byte	0x13
 3001 0b84 00       		.byte	0
 3002 0b85 0B       		.uleb128 0xb
 3003 0b86 750B0000 		.4byte	0xb75
 3004 0b8a 19       		.uleb128 0x19
 3005 0b8b 21070000 		.4byte	.LASF145
 3006 0b8f 4A01     		.2byte	0x14a
 3007 0b91 00000000 		.4byte	.LFB441
 3008 0b95 F8000000 		.4byte	.LFE441-.LFB441
 3009 0b99 01       		.uleb128 0x1
 3010 0b9a 9C       		.byte	0x9c
 3011 0b9b 220C0000 		.4byte	0xc22
 3012 0b9f 0D       		.uleb128 0xd
 3013 0ba0 6C050000 		.4byte	.LASF140
ARM GAS  C:\Users\DEVELO~1\AppData\Local\Temp\ccVnYbPW.s 			page 54


 3014 0ba4 4A01     		.2byte	0x14a
 3015 0ba6 1E       		.byte	0x1e
 3016 0ba7 57080000 		.4byte	0x857
 3017 0bab 14020000 		.4byte	.LLST27
 3018 0baf 0E020000 		.4byte	.LVUS27
 3019 0bb3 1A       		.uleb128 0x1a
 3020 0bb4 F3070000 		.4byte	.LASF137
 3021 0bb8 4C01     		.2byte	0x14c
 3022 0bba 0C       		.byte	0xc
 3023 0bbb A3000000 		.4byte	0xa3
 3024 0bbf 33020000 		.4byte	.LLST28
 3025 0bc3 2F020000 		.4byte	.LVUS28
 3026 0bc7 25       		.uleb128 0x25
 3027 0bc8 DB0F0000 		.4byte	0xfdb
 3028 0bcc 9A000000 		.4byte	.LBI62
 3029 0bd0 01       		.byte	.LVU265
 3030 0bd1 9A000000 		.4byte	.LBB62
 3031 0bd5 1E000000 		.4byte	.LBE62-.LBB62
 3032 0bd9 7201     		.2byte	0x172
 3033 0bdb ED0B0000 		.4byte	0xbed
 3034 0bdf 03       		.uleb128 0x3
 3035 0be0 E60F0000 		.4byte	0xfe6
 3036 0be4 48020000 		.4byte	.LLST29
 3037 0be8 46020000 		.4byte	.LVUS29
 3038 0bec 00       		.byte	0
 3039 0bed 25       		.uleb128 0x25
 3040 0bee DB0F0000 		.4byte	0xfdb
 3041 0bf2 C6000000 		.4byte	.LBI64
 3042 0bf6 01       		.byte	.LVU277
 3043 0bf7 C6000000 		.4byte	.LBB64
 3044 0bfb 1E000000 		.4byte	.LBE64-.LBB64
 3045 0bff 6D01     		.2byte	0x16d
 3046 0c01 0F0C0000 		.4byte	0xc0f
 3047 0c05 37       		.uleb128 0x37
 3048 0c06 E60F0000 		.4byte	0xfe6
 3049 0c0a 00004000 		.4byte	0x400000
 3050 0c0e 00       		.byte	0
 3051 0c0f 13       		.uleb128 0x13
 3052 0c10 60000000 		.4byte	.LVL47
 3053 0c14 D6080000 		.4byte	0x8d6
 3054 0c18 13       		.uleb128 0x13
 3055 0c19 86000000 		.4byte	.LVL48
 3056 0c1d D6080000 		.4byte	0x8d6
 3057 0c21 00       		.byte	0
 3058 0c22 26       		.uleb128 0x26
 3059 0c23 3A020000 		.4byte	.LASF146
 3060 0c27 E7       		.byte	0xe7
 3061 0c28 00000000 		.4byte	.LFB440
 3062 0c2c 50010000 		.4byte	.LFE440-.LFB440
 3063 0c30 01       		.uleb128 0x1
 3064 0c31 9C       		.byte	0x9c
 3065 0c32 3D0E0000 		.4byte	0xe3d
 3066 0c36 20       		.uleb128 0x20
 3067 0c37 6C050000 		.4byte	.LASF140
 3068 0c3b E7       		.byte	0xe7
 3069 0c3c 1F       		.byte	0x1f
 3070 0c3d 57080000 		.4byte	0x857
ARM GAS  C:\Users\DEVELO~1\AppData\Local\Temp\ccVnYbPW.s 			page 55


 3071 0c41 6A020000 		.4byte	.LLST4
 3072 0c45 54020000 		.4byte	.LVUS4
 3073 0c49 27       		.uleb128 0x27
 3074 0c4a 63723100 		.ascii	"cr1\000"
 3075 0c4e E9       		.byte	0xe9
 3076 0c4f A3000000 		.4byte	0xa3
 3077 0c53 BD020000 		.4byte	.LLST5
 3078 0c57 BB020000 		.4byte	.LVUS5
 3079 0c5b 18       		.uleb128 0x18
 3080 0c5c BB030000 		.4byte	.LASF147
 3081 0c60 EA       		.byte	0xea
 3082 0c61 0C       		.byte	0xc
 3083 0c62 A3000000 		.4byte	0xa3
 3084 0c66 01       		.uleb128 0x1
 3085 0c67 54       		.byte	0x54
 3086 0c68 18       		.uleb128 0x18
 3087 0c69 D0030000 		.4byte	.LASF148
 3088 0c6d EB       		.byte	0xeb
 3089 0c6e 0C       		.byte	0xc
 3090 0c6f A3000000 		.4byte	0xa3
 3091 0c73 01       		.uleb128 0x1
 3092 0c74 52       		.byte	0x52
 3093 0c75 14       		.uleb128 0x14
 3094 0c76 F3070000 		.4byte	.LASF137
 3095 0c7a EC       		.byte	0xec
 3096 0c7b 0C       		.byte	0xc
 3097 0c7c A3000000 		.4byte	0xa3
 3098 0c80 CA020000 		.4byte	.LLST6
 3099 0c84 C6020000 		.4byte	.LVUS6
 3100 0c88 14       		.uleb128 0x14
 3101 0c89 D1040000 		.4byte	.LASF143
 3102 0c8d ED       		.byte	0xed
 3103 0c8e 08       		.byte	0x8
 3104 0c8f 00060000 		.4byte	0x600
 3105 0c93 E7020000 		.4byte	.LLST7
 3106 0c97 DD020000 		.4byte	.LVUS7
 3107 0c9b 14       		.uleb128 0x14
 3108 0c9c 63060000 		.4byte	.LASF149
 3109 0ca0 EE       		.byte	0xee
 3110 0ca1 16       		.byte	0x16
 3111 0ca2 73080000 		.4byte	0x873
 3112 0ca6 30030000 		.4byte	.LLST8
 3113 0caa 2E030000 		.4byte	.LVUS8
 3114 0cae 14       		.uleb128 0x14
 3115 0caf 6B060000 		.4byte	.LASF150
 3116 0cb3 EF       		.byte	0xef
 3117 0cb4 16       		.byte	0x16
 3118 0cb5 73080000 		.4byte	0x873
 3119 0cb9 3B030000 		.4byte	.LLST9
 3120 0cbd 39030000 		.4byte	.LVUS9
 3121 0cc1 1D       		.uleb128 0x1d
 3122 0cc2 04060000 		.4byte	.LASF144
 3123 0cc6 4D0E0000 		.4byte	0xe4d
 3124 0cca 28       		.uleb128 0x28
 3125 0ccb F40F0000 		.4byte	0xff4
 3126 0ccf A0000000 		.4byte	.LBI30
 3127 0cd3 01       		.byte	.LVU135
ARM GAS  C:\Users\DEVELO~1\AppData\Local\Temp\ccVnYbPW.s 			page 56


 3128 0cd4 A0000000 		.4byte	.LBB30
 3129 0cd8 1E000000 		.4byte	.LBE30-.LBB30
 3130 0cdc F9       		.byte	0xf9
 3131 0cdd FC0C0000 		.4byte	0xcfc
 3132 0ce1 03       		.uleb128 0x3
 3133 0ce2 0C100000 		.4byte	0x100c
 3134 0ce6 46030000 		.4byte	.LLST10
 3135 0cea 44030000 		.4byte	.LVUS10
 3136 0cee 03       		.uleb128 0x3
 3137 0cef FF0F0000 		.4byte	0xfff
 3138 0cf3 52030000 		.4byte	.LLST11
 3139 0cf7 50030000 		.4byte	.LVUS11
 3140 0cfb 00       		.byte	0
 3141 0cfc 38       		.uleb128 0x38
 3142 0cfd B60F0000 		.4byte	0xfb6
 3143 0d01 BE000000 		.4byte	.LBI32
 3144 0d05 02       		.byte	.LVU144
 3145 0d06 0C000000 		.4byte	.LLRL12
 3146 0d0a 01       		.byte	0x1
 3147 0d0b FD       		.byte	0xfd
 3148 0d0c 0D       		.byte	0xd
 3149 0d0d 320D0000 		.4byte	0xd32
 3150 0d11 03       		.uleb128 0x3
 3151 0d12 C50F0000 		.4byte	0xfc5
 3152 0d16 62030000 		.4byte	.LLST13
 3153 0d1a 5E030000 		.4byte	.LVUS13
 3154 0d1e 1E       		.uleb128 0x1e
 3155 0d1f 0C000000 		.4byte	.LLRL12
 3156 0d23 1B       		.uleb128 0x1b
 3157 0d24 D00F0000 		.4byte	0xfd0
 3158 0d28 77030000 		.4byte	.LLST14
 3159 0d2c 73030000 		.4byte	.LVUS14
 3160 0d30 00       		.byte	0
 3161 0d31 00       		.byte	0
 3162 0d32 39       		.uleb128 0x39
 3163 0d33 E00E0000 		.4byte	0xee0
 3164 0d37 1E000000 		.4byte	.LLRL15
 3165 0d3b 01       		.byte	0x1
 3166 0d3c 0001     		.2byte	0x100
 3167 0d3e 15       		.byte	0x15
 3168 0d3f 5E0D0000 		.4byte	0xd5e
 3169 0d43 03       		.uleb128 0x3
 3170 0d44 FA0E0000 		.4byte	0xefa
 3171 0d48 9A030000 		.4byte	.LLST16
 3172 0d4c 98030000 		.4byte	.LVUS16
 3173 0d50 03       		.uleb128 0x3
 3174 0d51 EF0E0000 		.4byte	0xeef
 3175 0d55 A8030000 		.4byte	.LLST17
 3176 0d59 A4030000 		.4byte	.LVUS17
 3177 0d5d 00       		.byte	0
 3178 0d5e 0E       		.uleb128 0xe
 3179 0d5f C50E0000 		.4byte	0xec5
 3180 0d63 2C010000 		.4byte	.LBI41
 3181 0d67 01       		.byte	.LVU199
 3182 0d68 2A000000 		.4byte	.LLRL18
 3183 0d6c 0001     		.2byte	0x100
 3184 0d6e 15       		.byte	0x15
ARM GAS  C:\Users\DEVELO~1\AppData\Local\Temp\ccVnYbPW.s 			page 57


 3185 0d6f 810D0000 		.4byte	0xd81
 3186 0d73 03       		.uleb128 0x3
 3187 0d74 D40E0000 		.4byte	0xed4
 3188 0d78 BC030000 		.4byte	.LLST19
 3189 0d7c B8030000 		.4byte	.LVUS19
 3190 0d80 00       		.byte	0
 3191 0d81 0E       		.uleb128 0xe
 3192 0d82 E00E0000 		.4byte	0xee0
 3193 0d86 DE000000 		.4byte	.LBI45
 3194 0d8a 01       		.byte	.LVU161
 3195 0d8b 3A000000 		.4byte	.LLRL20
 3196 0d8f 0801     		.2byte	0x108
 3197 0d91 15       		.byte	0x15
 3198 0d92 B10D0000 		.4byte	0xdb1
 3199 0d96 03       		.uleb128 0x3
 3200 0d97 FA0E0000 		.4byte	0xefa
 3201 0d9b CE030000 		.4byte	.LLST21
 3202 0d9f CC030000 		.4byte	.LVUS21
 3203 0da3 03       		.uleb128 0x3
 3204 0da4 EF0E0000 		.4byte	0xeef
 3205 0da8 DC030000 		.4byte	.LLST22
 3206 0dac D8030000 		.4byte	.LVUS22
 3207 0db0 00       		.byte	0
 3208 0db1 0E       		.uleb128 0xe
 3209 0db2 C50E0000 		.4byte	0xec5
 3210 0db6 26010000 		.4byte	.LBI48
 3211 0dba 00       		.byte	.LVU192
 3212 0dbb 46000000 		.4byte	.LLRL23
 3213 0dbf 0801     		.2byte	0x108
 3214 0dc1 15       		.byte	0x15
 3215 0dc2 D40D0000 		.4byte	0xdd4
 3216 0dc6 03       		.uleb128 0x3
 3217 0dc7 D40E0000 		.4byte	0xed4
 3218 0dcb F0030000 		.4byte	.LLST24
 3219 0dcf EC030000 		.4byte	.LVUS24
 3220 0dd3 00       		.byte	0
 3221 0dd4 28       		.uleb128 0x28
 3222 0dd5 F40F0000 		.4byte	0xff4
 3223 0dd9 00010000 		.4byte	.LBI52
 3224 0ddd 01       		.byte	.LVU175
 3225 0dde 00010000 		.4byte	.LBB52
 3226 0de2 1E000000 		.4byte	.LBE52-.LBB52
 3227 0de6 F4       		.byte	0xf4
 3228 0de7 060E0000 		.4byte	0xe06
 3229 0deb 03       		.uleb128 0x3
 3230 0dec 0C100000 		.4byte	0x100c
 3231 0df0 02040000 		.4byte	.LLST25
 3232 0df4 00040000 		.4byte	.LVUS25
 3233 0df8 03       		.uleb128 0x3
 3234 0df9 FF0F0000 		.4byte	0xfff
 3235 0dfd 0E040000 		.4byte	.LLST26
 3236 0e01 0C040000 		.4byte	.LVUS26
 3237 0e05 00       		.byte	0
 3238 0e06 3A       		.uleb128 0x3a
 3239 0e07 D6000000 		.4byte	.LVL28
 3240 0e0b FA080000 		.4byte	0x8fa
 3241 0e0f 230E0000 		.4byte	0xe23
ARM GAS  C:\Users\DEVELO~1\AppData\Local\Temp\ccVnYbPW.s 			page 58


 3242 0e13 08       		.uleb128 0x8
 3243 0e14 01       		.uleb128 0x1
 3244 0e15 52       		.byte	0x52
 3245 0e16 05       		.uleb128 0x5
 3246 0e17 03       		.byte	0x3
 3247 0e18 00000000 		.4byte	sai_lld_serve_dma_interrupt
 3248 0e1c 08       		.uleb128 0x8
 3249 0e1d 01       		.uleb128 0x1
 3250 0e1e 53       		.byte	0x53
 3251 0e1f 02       		.uleb128 0x2
 3252 0e20 75       		.byte	0x75
 3253 0e21 00       		.sleb128 0
 3254 0e22 00       		.byte	0
 3255 0e23 1F       		.uleb128 0x1f
 3256 0e24 EE000000 		.4byte	.LVL32
 3257 0e28 FA080000 		.4byte	0x8fa
 3258 0e2c 08       		.uleb128 0x8
 3259 0e2d 01       		.uleb128 0x1
 3260 0e2e 52       		.byte	0x52
 3261 0e2f 05       		.uleb128 0x5
 3262 0e30 03       		.byte	0x3
 3263 0e31 00000000 		.4byte	sai_lld_serve_dma_interrupt
 3264 0e35 08       		.uleb128 0x8
 3265 0e36 01       		.uleb128 0x1
 3266 0e37 53       		.byte	0x53
 3267 0e38 02       		.uleb128 0x2
 3268 0e39 75       		.byte	0x75
 3269 0e3a 00       		.sleb128 0
 3270 0e3b 00       		.byte	0
 3271 0e3c 00       		.byte	0
 3272 0e3d 10       		.uleb128 0x10
 3273 0e3e C0000000 		.4byte	0xc0
 3274 0e42 4D0E0000 		.4byte	0xe4d
 3275 0e46 11       		.uleb128 0x11
 3276 0e47 39000000 		.4byte	0x39
 3277 0e4b 0D       		.byte	0xd
 3278 0e4c 00       		.byte	0
 3279 0e4d 0B       		.uleb128 0xb
 3280 0e4e 3D0E0000 		.4byte	0xe3d
 3281 0e52 26       		.uleb128 0x26
 3282 0e53 15050000 		.4byte	.LASF151
 3283 0e57 C0       		.byte	0xc0
 3284 0e58 00000000 		.4byte	.LFB439
 3285 0e5c 24000000 		.4byte	.LFE439-.LFB439
 3286 0e60 01       		.uleb128 0x1
 3287 0e61 9C       		.byte	0x9c
 3288 0e62 770E0000 		.4byte	0xe77
 3289 0e66 1F       		.uleb128 0x1f
 3290 0e67 0A000000 		.4byte	.LVL9
 3291 0e6b 20090000 		.4byte	0x920
 3292 0e6f 08       		.uleb128 0x8
 3293 0e70 01       		.uleb128 0x1
 3294 0e71 50       		.byte	0x50
 3295 0e72 02       		.uleb128 0x2
 3296 0e73 74       		.byte	0x74
 3297 0e74 00       		.sleb128 0
 3298 0e75 00       		.byte	0
ARM GAS  C:\Users\DEVELO~1\AppData\Local\Temp\ccVnYbPW.s 			page 59


 3299 0e76 00       		.byte	0
 3300 0e77 3B       		.uleb128 0x3b
 3301 0e78 77030000 		.4byte	.LASF161
 3302 0e7c 01       		.byte	0x1
 3303 0e7d A6       		.byte	0xa6
 3304 0e7e 0D       		.byte	0xd
 3305 0e7f 01       		.byte	0x1
 3306 0e80 A50E0000 		.4byte	0xea5
 3307 0e84 0F       		.uleb128 0xf
 3308 0e85 6C050000 		.4byte	.LASF140
 3309 0e89 A6       		.byte	0xa6
 3310 0e8a 2E       		.byte	0x2e
 3311 0e8b 57080000 		.4byte	0x857
 3312 0e8f 3C       		.uleb128 0x3c
 3313 0e90 737200   		.ascii	"sr\000"
 3314 0e93 01       		.byte	0x1
 3315 0e94 A7       		.byte	0xa7
 3316 0e95 0C       		.byte	0xc
 3317 0e96 A3000000 		.4byte	0xa3
 3318 0e9a 29       		.uleb128 0x29
 3319 0e9b 9B030000 		.4byte	.LASF152
 3320 0e9f A8       		.byte	0xa8
 3321 0ea0 A3000000 		.4byte	0xa3
 3322 0ea4 00       		.byte	0
 3323 0ea5 15       		.uleb128 0x15
 3324 0ea6 E5030000 		.4byte	.LASF153
 3325 0eaa 9B       		.byte	0x9b
 3326 0eab 11       		.byte	0x11
 3327 0eac A3000000 		.4byte	0xa3
 3328 0eb0 C00E0000 		.4byte	0xec0
 3329 0eb4 0F       		.uleb128 0xf
 3330 0eb5 6C050000 		.4byte	.LASF140
 3331 0eb9 9B       		.byte	0x9b
 3332 0eba 37       		.byte	0x37
 3333 0ebb C00E0000 		.4byte	0xec0
 3334 0ebf 00       		.byte	0
 3335 0ec0 06       		.uleb128 0x6
 3336 0ec1 EC060000 		.4byte	0x6ec
 3337 0ec5 15       		.uleb128 0x15
 3338 0ec6 E6010000 		.4byte	.LASF154
 3339 0eca 90       		.byte	0x90
 3340 0ecb 11       		.byte	0x11
 3341 0ecc A3000000 		.4byte	0xa3
 3342 0ed0 E00E0000 		.4byte	0xee0
 3343 0ed4 0F       		.uleb128 0xf
 3344 0ed5 6C050000 		.4byte	.LASF140
 3345 0ed9 90       		.byte	0x90
 3346 0eda 37       		.byte	0x37
 3347 0edb C00E0000 		.4byte	0xec0
 3348 0edf 00       		.byte	0
 3349 0ee0 15       		.uleb128 0x15
 3350 0ee1 F2050000 		.4byte	.LASF155
 3351 0ee5 80       		.byte	0x80
 3352 0ee6 11       		.byte	0x11
 3353 0ee7 A3000000 		.4byte	0xa3
 3354 0eeb 060F0000 		.4byte	0xf06
 3355 0eef 0F       		.uleb128 0xf
ARM GAS  C:\Users\DEVELO~1\AppData\Local\Temp\ccVnYbPW.s 			page 60


 3356 0ef0 6C050000 		.4byte	.LASF140
 3357 0ef4 80       		.byte	0x80
 3358 0ef5 34       		.byte	0x34
 3359 0ef6 C00E0000 		.4byte	0xec0
 3360 0efa 0F       		.uleb128 0xf
 3361 0efb D1040000 		.4byte	.LASF143
 3362 0eff 80       		.byte	0x80
 3363 0f00 3F       		.byte	0x3f
 3364 0f01 00060000 		.4byte	0x600
 3365 0f05 00       		.byte	0
 3366 0f06 3D       		.uleb128 0x3d
 3367 0f07 0D060000 		.4byte	.LASF170
 3368 0f0b 01       		.byte	0x1
 3369 0f0c 64       		.byte	0x64
 3370 0f0d 0D       		.byte	0xd
 3371 0f0e 00000000 		.4byte	.LFB434
 3372 0f12 5A000000 		.4byte	.LFE434-.LFB434
 3373 0f16 01       		.uleb128 0x1
 3374 0f17 9C       		.byte	0x9c
 3375 0f18 9B0F0000 		.4byte	0xf9b
 3376 0f1c 20       		.uleb128 0x20
 3377 0f1d 6C050000 		.4byte	.LASF140
 3378 0f21 64       		.byte	0x64
 3379 0f22 34       		.byte	0x34
 3380 0f23 57080000 		.4byte	0x857
 3381 0f27 28040000 		.4byte	.LLST0
 3382 0f2b 1A040000 		.4byte	.LVUS0
 3383 0f2f 20       		.uleb128 0x20
 3384 0f30 AE070000 		.4byte	.LASF156
 3385 0f34 64       		.byte	0x64
 3386 0f35 43       		.byte	0x43
 3387 0f36 A3000000 		.4byte	0xa3
 3388 0f3a 60040000 		.4byte	.LLST1
 3389 0f3e 54040000 		.4byte	.LVUS1
 3390 0f42 27       		.uleb128 0x27
 3391 0f43 737200   		.ascii	"sr\000"
 3392 0f46 65       		.byte	0x65
 3393 0f47 A3000000 		.4byte	0xa3
 3394 0f4b 89040000 		.4byte	.LLST2
 3395 0f4f 87040000 		.4byte	.LVUS2
 3396 0f53 14       		.uleb128 0x14
 3397 0f54 51040000 		.4byte	.LASF157
 3398 0f58 66       		.byte	0x66
 3399 0f59 0C       		.byte	0xc
 3400 0f5a A3000000 		.4byte	0xa3
 3401 0f5e 96040000 		.4byte	.LLST3
 3402 0f62 92040000 		.4byte	.LVUS3
 3403 0f66 3E       		.uleb128 0x3e
 3404 0f67 36000000 		.4byte	.LVL4
 3405 0f6b 7B0F0000 		.4byte	0xf7b
 3406 0f6f 08       		.uleb128 0x8
 3407 0f70 01       		.uleb128 0x1
 3408 0f71 50       		.byte	0x50
 3409 0f72 02       		.uleb128 0x2
 3410 0f73 74       		.byte	0x74
 3411 0f74 00       		.sleb128 0
 3412 0f75 08       		.uleb128 0x8
ARM GAS  C:\Users\DEVELO~1\AppData\Local\Temp\ccVnYbPW.s 			page 61


 3413 0f76 01       		.uleb128 0x1
 3414 0f77 51       		.byte	0x51
 3415 0f78 01       		.uleb128 0x1
 3416 0f79 31       		.byte	0x31
 3417 0f7a 00       		.byte	0
 3418 0f7b 3F       		.uleb128 0x3f
 3419 0f7c 4A000000 		.4byte	.LVL6
 3420 0f80 910F0000 		.4byte	0xf91
 3421 0f84 08       		.uleb128 0x8
 3422 0f85 01       		.uleb128 0x1
 3423 0f86 50       		.byte	0x50
 3424 0f87 03       		.uleb128 0x3
 3425 0f88 A3       		.byte	0xa3
 3426 0f89 01       		.uleb128 0x1
 3427 0f8a 50       		.byte	0x50
 3428 0f8b 08       		.uleb128 0x8
 3429 0f8c 01       		.uleb128 0x1
 3430 0f8d 51       		.byte	0x51
 3431 0f8e 01       		.uleb128 0x1
 3432 0f8f 30       		.byte	0x30
 3433 0f90 00       		.byte	0
 3434 0f91 13       		.uleb128 0x13
 3435 0f92 50000000 		.4byte	.LVL8
 3436 0f96 E8080000 		.4byte	0x8e8
 3437 0f9a 00       		.byte	0
 3438 0f9b 15       		.uleb128 0x15
 3439 0f9c 60040000 		.4byte	.LASF158
 3440 0fa0 59       		.byte	0x59
 3441 0fa1 11       		.byte	0x11
 3442 0fa2 A3000000 		.4byte	0xa3
 3443 0fa6 B60F0000 		.4byte	0xfb6
 3444 0faa 0F       		.uleb128 0xf
 3445 0fab 6C050000 		.4byte	.LASF140
 3446 0faf 59       		.byte	0x59
 3447 0fb0 36       		.byte	0x36
 3448 0fb1 C00E0000 		.4byte	0xec0
 3449 0fb5 00       		.byte	0
 3450 0fb6 15       		.uleb128 0x15
 3451 0fb7 AE040000 		.4byte	.LASF159
 3452 0fbb 53       		.byte	0x53
 3453 0fbc 0D       		.byte	0xd
 3454 0fbd 00060000 		.4byte	0x600
 3455 0fc1 DB0F0000 		.4byte	0xfdb
 3456 0fc5 0F       		.uleb128 0xf
 3457 0fc6 6C050000 		.4byte	.LASF140
 3458 0fca 53       		.byte	0x53
 3459 0fcb 2C       		.byte	0x2c
 3460 0fcc C00E0000 		.4byte	0xec0
 3461 0fd0 29       		.uleb128 0x29
 3462 0fd1 AD060000 		.4byte	.LASF160
 3463 0fd5 54       		.byte	0x54
 3464 0fd6 A3000000 		.4byte	0xa3
 3465 0fda 00       		.byte	0
 3466 0fdb 2A       		.uleb128 0x2a
 3467 0fdc B9070000 		.4byte	.LASF162
 3468 0fe0 5F01     		.2byte	0x15f
 3469 0fe2 F40F0000 		.4byte	0xff4
ARM GAS  C:\Users\DEVELO~1\AppData\Local\Temp\ccVnYbPW.s 			page 62


 3470 0fe6 21       		.uleb128 0x21
 3471 0fe7 14020000 		.4byte	.LASF163
 3472 0feb 02       		.byte	0x2
 3473 0fec 5F01     		.2byte	0x15f
 3474 0fee 2E       		.byte	0x2e
 3475 0fef A3000000 		.4byte	0xa3
 3476 0ff3 00       		.byte	0
 3477 0ff4 2A       		.uleb128 0x2a
 3478 0ff5 BC040000 		.4byte	.LASF164
 3479 0ff9 3F01     		.2byte	0x13f
 3480 0ffb 19100000 		.4byte	0x1019
 3481 0fff 21       		.uleb128 0x21
 3482 1000 14020000 		.4byte	.LASF163
 3483 1004 02       		.byte	0x2
 3484 1005 3F01     		.2byte	0x13f
 3485 1007 2D       		.byte	0x2d
 3486 1008 A3000000 		.4byte	0xa3
 3487 100c 40       		.uleb128 0x40
 3488 100d 6C7000   		.ascii	"lp\000"
 3489 1010 02       		.byte	0x2
 3490 1011 3F01     		.2byte	0x13f
 3491 1013 38       		.byte	0x38
 3492 1014 00060000 		.4byte	0x600
 3493 1018 00       		.byte	0
 3494 1019 41       		.uleb128 0x41
 3495 101a 93040000 		.4byte	.LASF171
 3496 101e 03       		.byte	0x3
 3497 101f 1E02     		.2byte	0x21e
 3498 1021 14       		.byte	0x14
 3499 1022 03       		.byte	0x3
 3500 1023 21       		.uleb128 0x21
 3501 1024 31060000 		.4byte	.LASF165
 3502 1028 03       		.byte	0x3
 3503 1029 1E02     		.2byte	0x21e
 3504 102b 2C       		.byte	0x2c
 3505 102c B4000000 		.4byte	0xb4
 3506 1030 00       		.byte	0
 3507 1031 00       		.byte	0
 3508              		.section	.debug_abbrev,"",%progbits
 3509              	.Ldebug_abbrev0:
 3510 0000 01       		.uleb128 0x1
 3511 0001 0D       		.uleb128 0xd
 3512 0002 00       		.byte	0
 3513 0003 03       		.uleb128 0x3
 3514 0004 0E       		.uleb128 0xe
 3515 0005 3A       		.uleb128 0x3a
 3516 0006 0B       		.uleb128 0xb
 3517 0007 3B       		.uleb128 0x3b
 3518 0008 05       		.uleb128 0x5
 3519 0009 39       		.uleb128 0x39
 3520 000a 0B       		.uleb128 0xb
 3521 000b 49       		.uleb128 0x49
 3522 000c 13       		.uleb128 0x13
 3523 000d 38       		.uleb128 0x38
 3524 000e 0B       		.uleb128 0xb
 3525 000f 00       		.byte	0
 3526 0010 00       		.byte	0
ARM GAS  C:\Users\DEVELO~1\AppData\Local\Temp\ccVnYbPW.s 			page 63


 3527 0011 02       		.uleb128 0x2
 3528 0012 0D       		.uleb128 0xd
 3529 0013 00       		.byte	0
 3530 0014 03       		.uleb128 0x3
 3531 0015 0E       		.uleb128 0xe
 3532 0016 3A       		.uleb128 0x3a
 3533 0017 21       		.uleb128 0x21
 3534 0018 09       		.sleb128 9
 3535 0019 3B       		.uleb128 0x3b
 3536 001a 0B       		.uleb128 0xb
 3537 001b 39       		.uleb128 0x39
 3538 001c 0B       		.uleb128 0xb
 3539 001d 49       		.uleb128 0x49
 3540 001e 13       		.uleb128 0x13
 3541 001f 38       		.uleb128 0x38
 3542 0020 0B       		.uleb128 0xb
 3543 0021 00       		.byte	0
 3544 0022 00       		.byte	0
 3545 0023 03       		.uleb128 0x3
 3546 0024 05       		.uleb128 0x5
 3547 0025 00       		.byte	0
 3548 0026 31       		.uleb128 0x31
 3549 0027 13       		.uleb128 0x13
 3550 0028 02       		.uleb128 0x2
 3551 0029 17       		.uleb128 0x17
 3552 002a B742     		.uleb128 0x2137
 3553 002c 17       		.uleb128 0x17
 3554 002d 00       		.byte	0
 3555 002e 00       		.byte	0
 3556 002f 04       		.uleb128 0x4
 3557 0030 0D       		.uleb128 0xd
 3558 0031 00       		.byte	0
 3559 0032 03       		.uleb128 0x3
 3560 0033 08       		.uleb128 0x8
 3561 0034 3A       		.uleb128 0x3a
 3562 0035 0B       		.uleb128 0xb
 3563 0036 3B       		.uleb128 0x3b
 3564 0037 05       		.uleb128 0x5
 3565 0038 39       		.uleb128 0x39
 3566 0039 0B       		.uleb128 0xb
 3567 003a 49       		.uleb128 0x49
 3568 003b 13       		.uleb128 0x13
 3569 003c 38       		.uleb128 0x38
 3570 003d 0B       		.uleb128 0xb
 3571 003e 00       		.byte	0
 3572 003f 00       		.byte	0
 3573 0040 05       		.uleb128 0x5
 3574 0041 05       		.uleb128 0x5
 3575 0042 00       		.byte	0
 3576 0043 49       		.uleb128 0x49
 3577 0044 13       		.uleb128 0x13
 3578 0045 00       		.byte	0
 3579 0046 00       		.byte	0
 3580 0047 06       		.uleb128 0x6
 3581 0048 0F       		.uleb128 0xf
 3582 0049 00       		.byte	0
 3583 004a 0B       		.uleb128 0xb
ARM GAS  C:\Users\DEVELO~1\AppData\Local\Temp\ccVnYbPW.s 			page 64


 3584 004b 21       		.uleb128 0x21
 3585 004c 04       		.sleb128 4
 3586 004d 49       		.uleb128 0x49
 3587 004e 13       		.uleb128 0x13
 3588 004f 00       		.byte	0
 3589 0050 00       		.byte	0
 3590 0051 07       		.uleb128 0x7
 3591 0052 24       		.uleb128 0x24
 3592 0053 00       		.byte	0
 3593 0054 0B       		.uleb128 0xb
 3594 0055 0B       		.uleb128 0xb
 3595 0056 3E       		.uleb128 0x3e
 3596 0057 0B       		.uleb128 0xb
 3597 0058 03       		.uleb128 0x3
 3598 0059 0E       		.uleb128 0xe
 3599 005a 00       		.byte	0
 3600 005b 00       		.byte	0
 3601 005c 08       		.uleb128 0x8
 3602 005d 49       		.uleb128 0x49
 3603 005e 00       		.byte	0
 3604 005f 02       		.uleb128 0x2
 3605 0060 18       		.uleb128 0x18
 3606 0061 7E       		.uleb128 0x7e
 3607 0062 18       		.uleb128 0x18
 3608 0063 00       		.byte	0
 3609 0064 00       		.byte	0
 3610 0065 09       		.uleb128 0x9
 3611 0066 16       		.uleb128 0x16
 3612 0067 00       		.byte	0
 3613 0068 03       		.uleb128 0x3
 3614 0069 0E       		.uleb128 0xe
 3615 006a 3A       		.uleb128 0x3a
 3616 006b 0B       		.uleb128 0xb
 3617 006c 3B       		.uleb128 0x3b
 3618 006d 0B       		.uleb128 0xb
 3619 006e 39       		.uleb128 0x39
 3620 006f 0B       		.uleb128 0xb
 3621 0070 49       		.uleb128 0x49
 3622 0071 13       		.uleb128 0x13
 3623 0072 00       		.byte	0
 3624 0073 00       		.byte	0
 3625 0074 0A       		.uleb128 0xa
 3626 0075 0D       		.uleb128 0xd
 3627 0076 00       		.byte	0
 3628 0077 03       		.uleb128 0x3
 3629 0078 0E       		.uleb128 0xe
 3630 0079 3A       		.uleb128 0x3a
 3631 007a 21       		.uleb128 0x21
 3632 007b 07       		.sleb128 7
 3633 007c 3B       		.uleb128 0x3b
 3634 007d 05       		.uleb128 0x5
 3635 007e 39       		.uleb128 0x39
 3636 007f 0B       		.uleb128 0xb
 3637 0080 49       		.uleb128 0x49
 3638 0081 13       		.uleb128 0x13
 3639 0082 38       		.uleb128 0x38
 3640 0083 05       		.uleb128 0x5
ARM GAS  C:\Users\DEVELO~1\AppData\Local\Temp\ccVnYbPW.s 			page 65


 3641 0084 00       		.byte	0
 3642 0085 00       		.byte	0
 3643 0086 0B       		.uleb128 0xb
 3644 0087 26       		.uleb128 0x26
 3645 0088 00       		.byte	0
 3646 0089 49       		.uleb128 0x49
 3647 008a 13       		.uleb128 0x13
 3648 008b 00       		.byte	0
 3649 008c 00       		.byte	0
 3650 008d 0C       		.uleb128 0xc
 3651 008e 16       		.uleb128 0x16
 3652 008f 00       		.byte	0
 3653 0090 03       		.uleb128 0x3
 3654 0091 0E       		.uleb128 0xe
 3655 0092 3A       		.uleb128 0x3a
 3656 0093 0B       		.uleb128 0xb
 3657 0094 3B       		.uleb128 0x3b
 3658 0095 05       		.uleb128 0x5
 3659 0096 39       		.uleb128 0x39
 3660 0097 0B       		.uleb128 0xb
 3661 0098 49       		.uleb128 0x49
 3662 0099 13       		.uleb128 0x13
 3663 009a 00       		.byte	0
 3664 009b 00       		.byte	0
 3665 009c 0D       		.uleb128 0xd
 3666 009d 05       		.uleb128 0x5
 3667 009e 00       		.byte	0
 3668 009f 03       		.uleb128 0x3
 3669 00a0 0E       		.uleb128 0xe
 3670 00a1 3A       		.uleb128 0x3a
 3671 00a2 21       		.uleb128 0x21
 3672 00a3 01       		.sleb128 1
 3673 00a4 3B       		.uleb128 0x3b
 3674 00a5 05       		.uleb128 0x5
 3675 00a6 39       		.uleb128 0x39
 3676 00a7 0B       		.uleb128 0xb
 3677 00a8 49       		.uleb128 0x49
 3678 00a9 13       		.uleb128 0x13
 3679 00aa 02       		.uleb128 0x2
 3680 00ab 17       		.uleb128 0x17
 3681 00ac B742     		.uleb128 0x2137
 3682 00ae 17       		.uleb128 0x17
 3683 00af 00       		.byte	0
 3684 00b0 00       		.byte	0
 3685 00b1 0E       		.uleb128 0xe
 3686 00b2 1D       		.uleb128 0x1d
 3687 00b3 01       		.byte	0x1
 3688 00b4 31       		.uleb128 0x31
 3689 00b5 13       		.uleb128 0x13
 3690 00b6 52       		.uleb128 0x52
 3691 00b7 01       		.uleb128 0x1
 3692 00b8 B842     		.uleb128 0x2138
 3693 00ba 0B       		.uleb128 0xb
 3694 00bb 55       		.uleb128 0x55
 3695 00bc 17       		.uleb128 0x17
 3696 00bd 58       		.uleb128 0x58
 3697 00be 21       		.uleb128 0x21
ARM GAS  C:\Users\DEVELO~1\AppData\Local\Temp\ccVnYbPW.s 			page 66


 3698 00bf 01       		.sleb128 1
 3699 00c0 59       		.uleb128 0x59
 3700 00c1 05       		.uleb128 0x5
 3701 00c2 57       		.uleb128 0x57
 3702 00c3 0B       		.uleb128 0xb
 3703 00c4 01       		.uleb128 0x1
 3704 00c5 13       		.uleb128 0x13
 3705 00c6 00       		.byte	0
 3706 00c7 00       		.byte	0
 3707 00c8 0F       		.uleb128 0xf
 3708 00c9 05       		.uleb128 0x5
 3709 00ca 00       		.byte	0
 3710 00cb 03       		.uleb128 0x3
 3711 00cc 0E       		.uleb128 0xe
 3712 00cd 3A       		.uleb128 0x3a
 3713 00ce 21       		.uleb128 0x21
 3714 00cf 01       		.sleb128 1
 3715 00d0 3B       		.uleb128 0x3b
 3716 00d1 0B       		.uleb128 0xb
 3717 00d2 39       		.uleb128 0x39
 3718 00d3 0B       		.uleb128 0xb
 3719 00d4 49       		.uleb128 0x49
 3720 00d5 13       		.uleb128 0x13
 3721 00d6 00       		.byte	0
 3722 00d7 00       		.byte	0
 3723 00d8 10       		.uleb128 0x10
 3724 00d9 01       		.uleb128 0x1
 3725 00da 01       		.byte	0x1
 3726 00db 49       		.uleb128 0x49
 3727 00dc 13       		.uleb128 0x13
 3728 00dd 01       		.uleb128 0x1
 3729 00de 13       		.uleb128 0x13
 3730 00df 00       		.byte	0
 3731 00e0 00       		.byte	0
 3732 00e1 11       		.uleb128 0x11
 3733 00e2 21       		.uleb128 0x21
 3734 00e3 00       		.byte	0
 3735 00e4 49       		.uleb128 0x49
 3736 00e5 13       		.uleb128 0x13
 3737 00e6 2F       		.uleb128 0x2f
 3738 00e7 0B       		.uleb128 0xb
 3739 00e8 00       		.byte	0
 3740 00e9 00       		.byte	0
 3741 00ea 12       		.uleb128 0x12
 3742 00eb 13       		.uleb128 0x13
 3743 00ec 01       		.byte	0x1
 3744 00ed 0B       		.uleb128 0xb
 3745 00ee 0B       		.uleb128 0xb
 3746 00ef 3A       		.uleb128 0x3a
 3747 00f0 0B       		.uleb128 0xb
 3748 00f1 3B       		.uleb128 0x3b
 3749 00f2 05       		.uleb128 0x5
 3750 00f3 39       		.uleb128 0x39
 3751 00f4 21       		.uleb128 0x21
 3752 00f5 09       		.sleb128 9
 3753 00f6 01       		.uleb128 0x1
 3754 00f7 13       		.uleb128 0x13
ARM GAS  C:\Users\DEVELO~1\AppData\Local\Temp\ccVnYbPW.s 			page 67


 3755 00f8 00       		.byte	0
 3756 00f9 00       		.byte	0
 3757 00fa 13       		.uleb128 0x13
 3758 00fb 48       		.uleb128 0x48
 3759 00fc 00       		.byte	0
 3760 00fd 7D       		.uleb128 0x7d
 3761 00fe 01       		.uleb128 0x1
 3762 00ff 7F       		.uleb128 0x7f
 3763 0100 13       		.uleb128 0x13
 3764 0101 00       		.byte	0
 3765 0102 00       		.byte	0
 3766 0103 14       		.uleb128 0x14
 3767 0104 34       		.uleb128 0x34
 3768 0105 00       		.byte	0
 3769 0106 03       		.uleb128 0x3
 3770 0107 0E       		.uleb128 0xe
 3771 0108 3A       		.uleb128 0x3a
 3772 0109 21       		.uleb128 0x21
 3773 010a 01       		.sleb128 1
 3774 010b 3B       		.uleb128 0x3b
 3775 010c 0B       		.uleb128 0xb
 3776 010d 39       		.uleb128 0x39
 3777 010e 0B       		.uleb128 0xb
 3778 010f 49       		.uleb128 0x49
 3779 0110 13       		.uleb128 0x13
 3780 0111 02       		.uleb128 0x2
 3781 0112 17       		.uleb128 0x17
 3782 0113 B742     		.uleb128 0x2137
 3783 0115 17       		.uleb128 0x17
 3784 0116 00       		.byte	0
 3785 0117 00       		.byte	0
 3786 0118 15       		.uleb128 0x15
 3787 0119 2E       		.uleb128 0x2e
 3788 011a 01       		.byte	0x1
 3789 011b 03       		.uleb128 0x3
 3790 011c 0E       		.uleb128 0xe
 3791 011d 3A       		.uleb128 0x3a
 3792 011e 21       		.uleb128 0x21
 3793 011f 01       		.sleb128 1
 3794 0120 3B       		.uleb128 0x3b
 3795 0121 0B       		.uleb128 0xb
 3796 0122 39       		.uleb128 0x39
 3797 0123 0B       		.uleb128 0xb
 3798 0124 27       		.uleb128 0x27
 3799 0125 19       		.uleb128 0x19
 3800 0126 49       		.uleb128 0x49
 3801 0127 13       		.uleb128 0x13
 3802 0128 20       		.uleb128 0x20
 3803 0129 21       		.uleb128 0x21
 3804 012a 01       		.sleb128 1
 3805 012b 01       		.uleb128 0x1
 3806 012c 13       		.uleb128 0x13
 3807 012d 00       		.byte	0
 3808 012e 00       		.byte	0
 3809 012f 16       		.uleb128 0x16
 3810 0130 28       		.uleb128 0x28
 3811 0131 00       		.byte	0
ARM GAS  C:\Users\DEVELO~1\AppData\Local\Temp\ccVnYbPW.s 			page 68


 3812 0132 03       		.uleb128 0x3
 3813 0133 0E       		.uleb128 0xe
 3814 0134 1C       		.uleb128 0x1c
 3815 0135 0B       		.uleb128 0xb
 3816 0136 00       		.byte	0
 3817 0137 00       		.byte	0
 3818 0138 17       		.uleb128 0x17
 3819 0139 0D       		.uleb128 0xd
 3820 013a 00       		.byte	0
 3821 013b 03       		.uleb128 0x3
 3822 013c 08       		.uleb128 0x8
 3823 013d 3A       		.uleb128 0x3a
 3824 013e 21       		.uleb128 0x21
 3825 013f 09       		.sleb128 9
 3826 0140 3B       		.uleb128 0x3b
 3827 0141 0B       		.uleb128 0xb
 3828 0142 39       		.uleb128 0x39
 3829 0143 21       		.uleb128 0x21
 3830 0144 03       		.sleb128 3
 3831 0145 49       		.uleb128 0x49
 3832 0146 13       		.uleb128 0x13
 3833 0147 38       		.uleb128 0x38
 3834 0148 0B       		.uleb128 0xb
 3835 0149 00       		.byte	0
 3836 014a 00       		.byte	0
 3837 014b 18       		.uleb128 0x18
 3838 014c 34       		.uleb128 0x34
 3839 014d 00       		.byte	0
 3840 014e 03       		.uleb128 0x3
 3841 014f 0E       		.uleb128 0xe
 3842 0150 3A       		.uleb128 0x3a
 3843 0151 21       		.uleb128 0x21
 3844 0152 01       		.sleb128 1
 3845 0153 3B       		.uleb128 0x3b
 3846 0154 0B       		.uleb128 0xb
 3847 0155 39       		.uleb128 0x39
 3848 0156 0B       		.uleb128 0xb
 3849 0157 49       		.uleb128 0x49
 3850 0158 13       		.uleb128 0x13
 3851 0159 02       		.uleb128 0x2
 3852 015a 18       		.uleb128 0x18
 3853 015b 00       		.byte	0
 3854 015c 00       		.byte	0
 3855 015d 19       		.uleb128 0x19
 3856 015e 2E       		.uleb128 0x2e
 3857 015f 01       		.byte	0x1
 3858 0160 3F       		.uleb128 0x3f
 3859 0161 19       		.uleb128 0x19
 3860 0162 03       		.uleb128 0x3
 3861 0163 0E       		.uleb128 0xe
 3862 0164 3A       		.uleb128 0x3a
 3863 0165 21       		.uleb128 0x21
 3864 0166 01       		.sleb128 1
 3865 0167 3B       		.uleb128 0x3b
 3866 0168 05       		.uleb128 0x5
 3867 0169 39       		.uleb128 0x39
 3868 016a 21       		.uleb128 0x21
ARM GAS  C:\Users\DEVELO~1\AppData\Local\Temp\ccVnYbPW.s 			page 69


 3869 016b 06       		.sleb128 6
 3870 016c 27       		.uleb128 0x27
 3871 016d 19       		.uleb128 0x19
 3872 016e 11       		.uleb128 0x11
 3873 016f 01       		.uleb128 0x1
 3874 0170 12       		.uleb128 0x12
 3875 0171 06       		.uleb128 0x6
 3876 0172 40       		.uleb128 0x40
 3877 0173 18       		.uleb128 0x18
 3878 0174 7A       		.uleb128 0x7a
 3879 0175 19       		.uleb128 0x19
 3880 0176 01       		.uleb128 0x1
 3881 0177 13       		.uleb128 0x13
 3882 0178 00       		.byte	0
 3883 0179 00       		.byte	0
 3884 017a 1A       		.uleb128 0x1a
 3885 017b 34       		.uleb128 0x34
 3886 017c 00       		.byte	0
 3887 017d 03       		.uleb128 0x3
 3888 017e 0E       		.uleb128 0xe
 3889 017f 3A       		.uleb128 0x3a
 3890 0180 21       		.uleb128 0x21
 3891 0181 01       		.sleb128 1
 3892 0182 3B       		.uleb128 0x3b
 3893 0183 05       		.uleb128 0x5
 3894 0184 39       		.uleb128 0x39
 3895 0185 0B       		.uleb128 0xb
 3896 0186 49       		.uleb128 0x49
 3897 0187 13       		.uleb128 0x13
 3898 0188 02       		.uleb128 0x2
 3899 0189 17       		.uleb128 0x17
 3900 018a B742     		.uleb128 0x2137
 3901 018c 17       		.uleb128 0x17
 3902 018d 00       		.byte	0
 3903 018e 00       		.byte	0
 3904 018f 1B       		.uleb128 0x1b
 3905 0190 34       		.uleb128 0x34
 3906 0191 00       		.byte	0
 3907 0192 31       		.uleb128 0x31
 3908 0193 13       		.uleb128 0x13
 3909 0194 02       		.uleb128 0x2
 3910 0195 17       		.uleb128 0x17
 3911 0196 B742     		.uleb128 0x2137
 3912 0198 17       		.uleb128 0x17
 3913 0199 00       		.byte	0
 3914 019a 00       		.byte	0
 3915 019b 1C       		.uleb128 0x1c
 3916 019c 2E       		.uleb128 0x2e
 3917 019d 01       		.byte	0x1
 3918 019e 3F       		.uleb128 0x3f
 3919 019f 19       		.uleb128 0x19
 3920 01a0 03       		.uleb128 0x3
 3921 01a1 0E       		.uleb128 0xe
 3922 01a2 3A       		.uleb128 0x3a
 3923 01a3 0B       		.uleb128 0xb
 3924 01a4 3B       		.uleb128 0x3b
 3925 01a5 05       		.uleb128 0x5
ARM GAS  C:\Users\DEVELO~1\AppData\Local\Temp\ccVnYbPW.s 			page 70


 3926 01a6 39       		.uleb128 0x39
 3927 01a7 21       		.uleb128 0x21
 3928 01a8 08       		.sleb128 8
 3929 01a9 27       		.uleb128 0x27
 3930 01aa 19       		.uleb128 0x19
 3931 01ab 3C       		.uleb128 0x3c
 3932 01ac 19       		.uleb128 0x19
 3933 01ad 01       		.uleb128 0x1
 3934 01ae 13       		.uleb128 0x13
 3935 01af 00       		.byte	0
 3936 01b0 00       		.byte	0
 3937 01b1 1D       		.uleb128 0x1d
 3938 01b2 34       		.uleb128 0x34
 3939 01b3 00       		.byte	0
 3940 01b4 03       		.uleb128 0x3
 3941 01b5 0E       		.uleb128 0xe
 3942 01b6 49       		.uleb128 0x49
 3943 01b7 13       		.uleb128 0x13
 3944 01b8 34       		.uleb128 0x34
 3945 01b9 19       		.uleb128 0x19
 3946 01ba 00       		.byte	0
 3947 01bb 00       		.byte	0
 3948 01bc 1E       		.uleb128 0x1e
 3949 01bd 0B       		.uleb128 0xb
 3950 01be 01       		.byte	0x1
 3951 01bf 55       		.uleb128 0x55
 3952 01c0 17       		.uleb128 0x17
 3953 01c1 00       		.byte	0
 3954 01c2 00       		.byte	0
 3955 01c3 1F       		.uleb128 0x1f
 3956 01c4 48       		.uleb128 0x48
 3957 01c5 01       		.byte	0x1
 3958 01c6 7D       		.uleb128 0x7d
 3959 01c7 01       		.uleb128 0x1
 3960 01c8 7F       		.uleb128 0x7f
 3961 01c9 13       		.uleb128 0x13
 3962 01ca 00       		.byte	0
 3963 01cb 00       		.byte	0
 3964 01cc 20       		.uleb128 0x20
 3965 01cd 05       		.uleb128 0x5
 3966 01ce 00       		.byte	0
 3967 01cf 03       		.uleb128 0x3
 3968 01d0 0E       		.uleb128 0xe
 3969 01d1 3A       		.uleb128 0x3a
 3970 01d2 21       		.uleb128 0x21
 3971 01d3 01       		.sleb128 1
 3972 01d4 3B       		.uleb128 0x3b
 3973 01d5 0B       		.uleb128 0xb
 3974 01d6 39       		.uleb128 0x39
 3975 01d7 0B       		.uleb128 0xb
 3976 01d8 49       		.uleb128 0x49
 3977 01d9 13       		.uleb128 0x13
 3978 01da 02       		.uleb128 0x2
 3979 01db 17       		.uleb128 0x17
 3980 01dc B742     		.uleb128 0x2137
 3981 01de 17       		.uleb128 0x17
 3982 01df 00       		.byte	0
ARM GAS  C:\Users\DEVELO~1\AppData\Local\Temp\ccVnYbPW.s 			page 71


 3983 01e0 00       		.byte	0
 3984 01e1 21       		.uleb128 0x21
 3985 01e2 05       		.uleb128 0x5
 3986 01e3 00       		.byte	0
 3987 01e4 03       		.uleb128 0x3
 3988 01e5 0E       		.uleb128 0xe
 3989 01e6 3A       		.uleb128 0x3a
 3990 01e7 0B       		.uleb128 0xb
 3991 01e8 3B       		.uleb128 0x3b
 3992 01e9 05       		.uleb128 0x5
 3993 01ea 39       		.uleb128 0x39
 3994 01eb 0B       		.uleb128 0xb
 3995 01ec 49       		.uleb128 0x49
 3996 01ed 13       		.uleb128 0x13
 3997 01ee 00       		.byte	0
 3998 01ef 00       		.byte	0
 3999 01f0 22       		.uleb128 0x22
 4000 01f1 15       		.uleb128 0x15
 4001 01f2 01       		.byte	0x1
 4002 01f3 27       		.uleb128 0x27
 4003 01f4 19       		.uleb128 0x19
 4004 01f5 01       		.uleb128 0x1
 4005 01f6 13       		.uleb128 0x13
 4006 01f7 00       		.byte	0
 4007 01f8 00       		.byte	0
 4008 01f9 23       		.uleb128 0x23
 4009 01fa 13       		.uleb128 0x13
 4010 01fb 01       		.byte	0x1
 4011 01fc 03       		.uleb128 0x3
 4012 01fd 0E       		.uleb128 0xe
 4013 01fe 0B       		.uleb128 0xb
 4014 01ff 0B       		.uleb128 0xb
 4015 0200 3A       		.uleb128 0x3a
 4016 0201 21       		.uleb128 0x21
 4017 0202 09       		.sleb128 9
 4018 0203 3B       		.uleb128 0x3b
 4019 0204 0B       		.uleb128 0xb
 4020 0205 39       		.uleb128 0x39
 4021 0206 21       		.uleb128 0x21
 4022 0207 08       		.sleb128 8
 4023 0208 01       		.uleb128 0x1
 4024 0209 13       		.uleb128 0x13
 4025 020a 00       		.byte	0
 4026 020b 00       		.byte	0
 4027 020c 24       		.uleb128 0x24
 4028 020d 2E       		.uleb128 0x2e
 4029 020e 01       		.byte	0x1
 4030 020f 3F       		.uleb128 0x3f
 4031 0210 19       		.uleb128 0x19
 4032 0211 03       		.uleb128 0x3
 4033 0212 0E       		.uleb128 0xe
 4034 0213 3A       		.uleb128 0x3a
 4035 0214 0B       		.uleb128 0xb
 4036 0215 3B       		.uleb128 0x3b
 4037 0216 0B       		.uleb128 0xb
 4038 0217 39       		.uleb128 0x39
 4039 0218 21       		.uleb128 0x21
ARM GAS  C:\Users\DEVELO~1\AppData\Local\Temp\ccVnYbPW.s 			page 72


 4040 0219 08       		.sleb128 8
 4041 021a 27       		.uleb128 0x27
 4042 021b 19       		.uleb128 0x19
 4043 021c 3C       		.uleb128 0x3c
 4044 021d 19       		.uleb128 0x19
 4045 021e 01       		.uleb128 0x1
 4046 021f 13       		.uleb128 0x13
 4047 0220 00       		.byte	0
 4048 0221 00       		.byte	0
 4049 0222 25       		.uleb128 0x25
 4050 0223 1D       		.uleb128 0x1d
 4051 0224 01       		.byte	0x1
 4052 0225 31       		.uleb128 0x31
 4053 0226 13       		.uleb128 0x13
 4054 0227 52       		.uleb128 0x52
 4055 0228 01       		.uleb128 0x1
 4056 0229 B842     		.uleb128 0x2138
 4057 022b 0B       		.uleb128 0xb
 4058 022c 11       		.uleb128 0x11
 4059 022d 01       		.uleb128 0x1
 4060 022e 12       		.uleb128 0x12
 4061 022f 06       		.uleb128 0x6
 4062 0230 58       		.uleb128 0x58
 4063 0231 21       		.uleb128 0x21
 4064 0232 01       		.sleb128 1
 4065 0233 59       		.uleb128 0x59
 4066 0234 05       		.uleb128 0x5
 4067 0235 57       		.uleb128 0x57
 4068 0236 21       		.uleb128 0x21
 4069 0237 07       		.sleb128 7
 4070 0238 01       		.uleb128 0x1
 4071 0239 13       		.uleb128 0x13
 4072 023a 00       		.byte	0
 4073 023b 00       		.byte	0
 4074 023c 26       		.uleb128 0x26
 4075 023d 2E       		.uleb128 0x2e
 4076 023e 01       		.byte	0x1
 4077 023f 3F       		.uleb128 0x3f
 4078 0240 19       		.uleb128 0x19
 4079 0241 03       		.uleb128 0x3
 4080 0242 0E       		.uleb128 0xe
 4081 0243 3A       		.uleb128 0x3a
 4082 0244 21       		.uleb128 0x21
 4083 0245 01       		.sleb128 1
 4084 0246 3B       		.uleb128 0x3b
 4085 0247 0B       		.uleb128 0xb
 4086 0248 39       		.uleb128 0x39
 4087 0249 21       		.uleb128 0x21
 4088 024a 06       		.sleb128 6
 4089 024b 27       		.uleb128 0x27
 4090 024c 19       		.uleb128 0x19
 4091 024d 11       		.uleb128 0x11
 4092 024e 01       		.uleb128 0x1
 4093 024f 12       		.uleb128 0x12
 4094 0250 06       		.uleb128 0x6
 4095 0251 40       		.uleb128 0x40
 4096 0252 18       		.uleb128 0x18
ARM GAS  C:\Users\DEVELO~1\AppData\Local\Temp\ccVnYbPW.s 			page 73


 4097 0253 7A       		.uleb128 0x7a
 4098 0254 19       		.uleb128 0x19
 4099 0255 01       		.uleb128 0x1
 4100 0256 13       		.uleb128 0x13
 4101 0257 00       		.byte	0
 4102 0258 00       		.byte	0
 4103 0259 27       		.uleb128 0x27
 4104 025a 34       		.uleb128 0x34
 4105 025b 00       		.byte	0
 4106 025c 03       		.uleb128 0x3
 4107 025d 08       		.uleb128 0x8
 4108 025e 3A       		.uleb128 0x3a
 4109 025f 21       		.uleb128 0x21
 4110 0260 01       		.sleb128 1
 4111 0261 3B       		.uleb128 0x3b
 4112 0262 0B       		.uleb128 0xb
 4113 0263 39       		.uleb128 0x39
 4114 0264 21       		.uleb128 0x21
 4115 0265 0C       		.sleb128 12
 4116 0266 49       		.uleb128 0x49
 4117 0267 13       		.uleb128 0x13
 4118 0268 02       		.uleb128 0x2
 4119 0269 17       		.uleb128 0x17
 4120 026a B742     		.uleb128 0x2137
 4121 026c 17       		.uleb128 0x17
 4122 026d 00       		.byte	0
 4123 026e 00       		.byte	0
 4124 026f 28       		.uleb128 0x28
 4125 0270 1D       		.uleb128 0x1d
 4126 0271 01       		.byte	0x1
 4127 0272 31       		.uleb128 0x31
 4128 0273 13       		.uleb128 0x13
 4129 0274 52       		.uleb128 0x52
 4130 0275 01       		.uleb128 0x1
 4131 0276 B842     		.uleb128 0x2138
 4132 0278 0B       		.uleb128 0xb
 4133 0279 11       		.uleb128 0x11
 4134 027a 01       		.uleb128 0x1
 4135 027b 12       		.uleb128 0x12
 4136 027c 06       		.uleb128 0x6
 4137 027d 58       		.uleb128 0x58
 4138 027e 21       		.uleb128 0x21
 4139 027f 01       		.sleb128 1
 4140 0280 59       		.uleb128 0x59
 4141 0281 0B       		.uleb128 0xb
 4142 0282 57       		.uleb128 0x57
 4143 0283 21       		.uleb128 0x21
 4144 0284 09       		.sleb128 9
 4145 0285 01       		.uleb128 0x1
 4146 0286 13       		.uleb128 0x13
 4147 0287 00       		.byte	0
 4148 0288 00       		.byte	0
 4149 0289 29       		.uleb128 0x29
 4150 028a 34       		.uleb128 0x34
 4151 028b 00       		.byte	0
 4152 028c 03       		.uleb128 0x3
 4153 028d 0E       		.uleb128 0xe
ARM GAS  C:\Users\DEVELO~1\AppData\Local\Temp\ccVnYbPW.s 			page 74


 4154 028e 3A       		.uleb128 0x3a
 4155 028f 21       		.uleb128 0x21
 4156 0290 01       		.sleb128 1
 4157 0291 3B       		.uleb128 0x3b
 4158 0292 0B       		.uleb128 0xb
 4159 0293 39       		.uleb128 0x39
 4160 0294 21       		.uleb128 0x21
 4161 0295 0C       		.sleb128 12
 4162 0296 49       		.uleb128 0x49
 4163 0297 13       		.uleb128 0x13
 4164 0298 00       		.byte	0
 4165 0299 00       		.byte	0
 4166 029a 2A       		.uleb128 0x2a
 4167 029b 2E       		.uleb128 0x2e
 4168 029c 01       		.byte	0x1
 4169 029d 03       		.uleb128 0x3
 4170 029e 0E       		.uleb128 0xe
 4171 029f 3A       		.uleb128 0x3a
 4172 02a0 21       		.uleb128 0x21
 4173 02a1 02       		.sleb128 2
 4174 02a2 3B       		.uleb128 0x3b
 4175 02a3 05       		.uleb128 0x5
 4176 02a4 39       		.uleb128 0x39
 4177 02a5 21       		.uleb128 0x21
 4178 02a6 16       		.sleb128 22
 4179 02a7 27       		.uleb128 0x27
 4180 02a8 19       		.uleb128 0x19
 4181 02a9 20       		.uleb128 0x20
 4182 02aa 21       		.uleb128 0x21
 4183 02ab 03       		.sleb128 3
 4184 02ac 01       		.uleb128 0x1
 4185 02ad 13       		.uleb128 0x13
 4186 02ae 00       		.byte	0
 4187 02af 00       		.byte	0
 4188 02b0 2B       		.uleb128 0x2b
 4189 02b1 11       		.uleb128 0x11
 4190 02b2 01       		.byte	0x1
 4191 02b3 25       		.uleb128 0x25
 4192 02b4 0E       		.uleb128 0xe
 4193 02b5 13       		.uleb128 0x13
 4194 02b6 0B       		.uleb128 0xb
 4195 02b7 03       		.uleb128 0x3
 4196 02b8 0E       		.uleb128 0xe
 4197 02b9 1B       		.uleb128 0x1b
 4198 02ba 0E       		.uleb128 0xe
 4199 02bb 55       		.uleb128 0x55
 4200 02bc 17       		.uleb128 0x17
 4201 02bd 11       		.uleb128 0x11
 4202 02be 01       		.uleb128 0x1
 4203 02bf 10       		.uleb128 0x10
 4204 02c0 17       		.uleb128 0x17
 4205 02c1 00       		.byte	0
 4206 02c2 00       		.byte	0
 4207 02c3 2C       		.uleb128 0x2c
 4208 02c4 24       		.uleb128 0x24
 4209 02c5 00       		.byte	0
 4210 02c6 0B       		.uleb128 0xb
ARM GAS  C:\Users\DEVELO~1\AppData\Local\Temp\ccVnYbPW.s 			page 75


 4211 02c7 0B       		.uleb128 0xb
 4212 02c8 3E       		.uleb128 0x3e
 4213 02c9 0B       		.uleb128 0xb
 4214 02ca 03       		.uleb128 0x3
 4215 02cb 08       		.uleb128 0x8
 4216 02cc 00       		.byte	0
 4217 02cd 00       		.byte	0
 4218 02ce 2D       		.uleb128 0x2d
 4219 02cf 35       		.uleb128 0x35
 4220 02d0 00       		.byte	0
 4221 02d1 49       		.uleb128 0x49
 4222 02d2 13       		.uleb128 0x13
 4223 02d3 00       		.byte	0
 4224 02d4 00       		.byte	0
 4225 02d5 2E       		.uleb128 0x2e
 4226 02d6 0F       		.uleb128 0xf
 4227 02d7 00       		.byte	0
 4228 02d8 0B       		.uleb128 0xb
 4229 02d9 0B       		.uleb128 0xb
 4230 02da 00       		.byte	0
 4231 02db 00       		.byte	0
 4232 02dc 2F       		.uleb128 0x2f
 4233 02dd 13       		.uleb128 0x13
 4234 02de 01       		.byte	0x1
 4235 02df 0B       		.uleb128 0xb
 4236 02e0 05       		.uleb128 0x5
 4237 02e1 3A       		.uleb128 0x3a
 4238 02e2 0B       		.uleb128 0xb
 4239 02e3 3B       		.uleb128 0x3b
 4240 02e4 05       		.uleb128 0x5
 4241 02e5 39       		.uleb128 0x39
 4242 02e6 0B       		.uleb128 0xb
 4243 02e7 01       		.uleb128 0x1
 4244 02e8 13       		.uleb128 0x13
 4245 02e9 00       		.byte	0
 4246 02ea 00       		.byte	0
 4247 02eb 30       		.uleb128 0x30
 4248 02ec 04       		.uleb128 0x4
 4249 02ed 01       		.byte	0x1
 4250 02ee 3E       		.uleb128 0x3e
 4251 02ef 0B       		.uleb128 0xb
 4252 02f0 0B       		.uleb128 0xb
 4253 02f1 0B       		.uleb128 0xb
 4254 02f2 49       		.uleb128 0x49
 4255 02f3 13       		.uleb128 0x13
 4256 02f4 3A       		.uleb128 0x3a
 4257 02f5 0B       		.uleb128 0xb
 4258 02f6 3B       		.uleb128 0x3b
 4259 02f7 0B       		.uleb128 0xb
 4260 02f8 39       		.uleb128 0x39
 4261 02f9 0B       		.uleb128 0xb
 4262 02fa 01       		.uleb128 0x1
 4263 02fb 13       		.uleb128 0x13
 4264 02fc 00       		.byte	0
 4265 02fd 00       		.byte	0
 4266 02fe 31       		.uleb128 0x31
 4267 02ff 34       		.uleb128 0x34
ARM GAS  C:\Users\DEVELO~1\AppData\Local\Temp\ccVnYbPW.s 			page 76


 4268 0300 00       		.byte	0
 4269 0301 03       		.uleb128 0x3
 4270 0302 0E       		.uleb128 0xe
 4271 0303 3A       		.uleb128 0x3a
 4272 0304 0B       		.uleb128 0xb
 4273 0305 3B       		.uleb128 0x3b
 4274 0306 05       		.uleb128 0x5
 4275 0307 39       		.uleb128 0x39
 4276 0308 0B       		.uleb128 0xb
 4277 0309 49       		.uleb128 0x49
 4278 030a 13       		.uleb128 0x13
 4279 030b 3F       		.uleb128 0x3f
 4280 030c 19       		.uleb128 0x19
 4281 030d 3C       		.uleb128 0x3c
 4282 030e 19       		.uleb128 0x19
 4283 030f 00       		.byte	0
 4284 0310 00       		.byte	0
 4285 0311 32       		.uleb128 0x32
 4286 0312 26       		.uleb128 0x26
 4287 0313 00       		.byte	0
 4288 0314 00       		.byte	0
 4289 0315 00       		.byte	0
 4290 0316 33       		.uleb128 0x33
 4291 0317 34       		.uleb128 0x34
 4292 0318 00       		.byte	0
 4293 0319 47       		.uleb128 0x47
 4294 031a 13       		.uleb128 0x13
 4295 031b 3A       		.uleb128 0x3a
 4296 031c 0B       		.uleb128 0xb
 4297 031d 3B       		.uleb128 0x3b
 4298 031e 0B       		.uleb128 0xb
 4299 031f 39       		.uleb128 0x39
 4300 0320 0B       		.uleb128 0xb
 4301 0321 02       		.uleb128 0x2
 4302 0322 18       		.uleb128 0x18
 4303 0323 00       		.byte	0
 4304 0324 00       		.byte	0
 4305 0325 34       		.uleb128 0x34
 4306 0326 2E       		.uleb128 0x2e
 4307 0327 01       		.byte	0x1
 4308 0328 3F       		.uleb128 0x3f
 4309 0329 19       		.uleb128 0x19
 4310 032a 03       		.uleb128 0x3
 4311 032b 0E       		.uleb128 0xe
 4312 032c 3A       		.uleb128 0x3a
 4313 032d 0B       		.uleb128 0xb
 4314 032e 3B       		.uleb128 0x3b
 4315 032f 05       		.uleb128 0x5
 4316 0330 39       		.uleb128 0x39
 4317 0331 0B       		.uleb128 0xb
 4318 0332 27       		.uleb128 0x27
 4319 0333 19       		.uleb128 0x19
 4320 0334 49       		.uleb128 0x49
 4321 0335 13       		.uleb128 0x13
 4322 0336 3C       		.uleb128 0x3c
 4323 0337 19       		.uleb128 0x19
 4324 0338 01       		.uleb128 0x1
ARM GAS  C:\Users\DEVELO~1\AppData\Local\Temp\ccVnYbPW.s 			page 77


 4325 0339 13       		.uleb128 0x13
 4326 033a 00       		.byte	0
 4327 033b 00       		.byte	0
 4328 033c 35       		.uleb128 0x35
 4329 033d 1D       		.uleb128 0x1d
 4330 033e 01       		.byte	0x1
 4331 033f 31       		.uleb128 0x31
 4332 0340 13       		.uleb128 0x13
 4333 0341 52       		.uleb128 0x52
 4334 0342 01       		.uleb128 0x1
 4335 0343 B842     		.uleb128 0x2138
 4336 0345 0B       		.uleb128 0xb
 4337 0346 55       		.uleb128 0x55
 4338 0347 17       		.uleb128 0x17
 4339 0348 58       		.uleb128 0x58
 4340 0349 0B       		.uleb128 0xb
 4341 034a 59       		.uleb128 0x59
 4342 034b 05       		.uleb128 0x5
 4343 034c 57       		.uleb128 0x57
 4344 034d 0B       		.uleb128 0xb
 4345 034e 00       		.byte	0
 4346 034f 00       		.byte	0
 4347 0350 36       		.uleb128 0x36
 4348 0351 1D       		.uleb128 0x1d
 4349 0352 01       		.byte	0x1
 4350 0353 31       		.uleb128 0x31
 4351 0354 13       		.uleb128 0x13
 4352 0355 52       		.uleb128 0x52
 4353 0356 01       		.uleb128 0x1
 4354 0357 B842     		.uleb128 0x2138
 4355 0359 0B       		.uleb128 0xb
 4356 035a 11       		.uleb128 0x11
 4357 035b 01       		.uleb128 0x1
 4358 035c 12       		.uleb128 0x12
 4359 035d 06       		.uleb128 0x6
 4360 035e 58       		.uleb128 0x58
 4361 035f 0B       		.uleb128 0xb
 4362 0360 59       		.uleb128 0x59
 4363 0361 0B       		.uleb128 0xb
 4364 0362 57       		.uleb128 0x57
 4365 0363 0B       		.uleb128 0xb
 4366 0364 00       		.byte	0
 4367 0365 00       		.byte	0
 4368 0366 37       		.uleb128 0x37
 4369 0367 05       		.uleb128 0x5
 4370 0368 00       		.byte	0
 4371 0369 31       		.uleb128 0x31
 4372 036a 13       		.uleb128 0x13
 4373 036b 1C       		.uleb128 0x1c
 4374 036c 06       		.uleb128 0x6
 4375 036d 00       		.byte	0
 4376 036e 00       		.byte	0
 4377 036f 38       		.uleb128 0x38
 4378 0370 1D       		.uleb128 0x1d
 4379 0371 01       		.byte	0x1
 4380 0372 31       		.uleb128 0x31
 4381 0373 13       		.uleb128 0x13
ARM GAS  C:\Users\DEVELO~1\AppData\Local\Temp\ccVnYbPW.s 			page 78


 4382 0374 52       		.uleb128 0x52
 4383 0375 01       		.uleb128 0x1
 4384 0376 B842     		.uleb128 0x2138
 4385 0378 0B       		.uleb128 0xb
 4386 0379 55       		.uleb128 0x55
 4387 037a 17       		.uleb128 0x17
 4388 037b 58       		.uleb128 0x58
 4389 037c 0B       		.uleb128 0xb
 4390 037d 59       		.uleb128 0x59
 4391 037e 0B       		.uleb128 0xb
 4392 037f 57       		.uleb128 0x57
 4393 0380 0B       		.uleb128 0xb
 4394 0381 01       		.uleb128 0x1
 4395 0382 13       		.uleb128 0x13
 4396 0383 00       		.byte	0
 4397 0384 00       		.byte	0
 4398 0385 39       		.uleb128 0x39
 4399 0386 1D       		.uleb128 0x1d
 4400 0387 01       		.byte	0x1
 4401 0388 31       		.uleb128 0x31
 4402 0389 13       		.uleb128 0x13
 4403 038a 55       		.uleb128 0x55
 4404 038b 17       		.uleb128 0x17
 4405 038c 58       		.uleb128 0x58
 4406 038d 0B       		.uleb128 0xb
 4407 038e 59       		.uleb128 0x59
 4408 038f 05       		.uleb128 0x5
 4409 0390 57       		.uleb128 0x57
 4410 0391 0B       		.uleb128 0xb
 4411 0392 01       		.uleb128 0x1
 4412 0393 13       		.uleb128 0x13
 4413 0394 00       		.byte	0
 4414 0395 00       		.byte	0
 4415 0396 3A       		.uleb128 0x3a
 4416 0397 48       		.uleb128 0x48
 4417 0398 01       		.byte	0x1
 4418 0399 7D       		.uleb128 0x7d
 4419 039a 01       		.uleb128 0x1
 4420 039b 7F       		.uleb128 0x7f
 4421 039c 13       		.uleb128 0x13
 4422 039d 01       		.uleb128 0x1
 4423 039e 13       		.uleb128 0x13
 4424 039f 00       		.byte	0
 4425 03a0 00       		.byte	0
 4426 03a1 3B       		.uleb128 0x3b
 4427 03a2 2E       		.uleb128 0x2e
 4428 03a3 01       		.byte	0x1
 4429 03a4 03       		.uleb128 0x3
 4430 03a5 0E       		.uleb128 0xe
 4431 03a6 3A       		.uleb128 0x3a
 4432 03a7 0B       		.uleb128 0xb
 4433 03a8 3B       		.uleb128 0x3b
 4434 03a9 0B       		.uleb128 0xb
 4435 03aa 39       		.uleb128 0x39
 4436 03ab 0B       		.uleb128 0xb
 4437 03ac 27       		.uleb128 0x27
 4438 03ad 19       		.uleb128 0x19
ARM GAS  C:\Users\DEVELO~1\AppData\Local\Temp\ccVnYbPW.s 			page 79


 4439 03ae 20       		.uleb128 0x20
 4440 03af 0B       		.uleb128 0xb
 4441 03b0 01       		.uleb128 0x1
 4442 03b1 13       		.uleb128 0x13
 4443 03b2 00       		.byte	0
 4444 03b3 00       		.byte	0
 4445 03b4 3C       		.uleb128 0x3c
 4446 03b5 34       		.uleb128 0x34
 4447 03b6 00       		.byte	0
 4448 03b7 03       		.uleb128 0x3
 4449 03b8 08       		.uleb128 0x8
 4450 03b9 3A       		.uleb128 0x3a
 4451 03ba 0B       		.uleb128 0xb
 4452 03bb 3B       		.uleb128 0x3b
 4453 03bc 0B       		.uleb128 0xb
 4454 03bd 39       		.uleb128 0x39
 4455 03be 0B       		.uleb128 0xb
 4456 03bf 49       		.uleb128 0x49
 4457 03c0 13       		.uleb128 0x13
 4458 03c1 00       		.byte	0
 4459 03c2 00       		.byte	0
 4460 03c3 3D       		.uleb128 0x3d
 4461 03c4 2E       		.uleb128 0x2e
 4462 03c5 01       		.byte	0x1
 4463 03c6 03       		.uleb128 0x3
 4464 03c7 0E       		.uleb128 0xe
 4465 03c8 3A       		.uleb128 0x3a
 4466 03c9 0B       		.uleb128 0xb
 4467 03ca 3B       		.uleb128 0x3b
 4468 03cb 0B       		.uleb128 0xb
 4469 03cc 39       		.uleb128 0x39
 4470 03cd 0B       		.uleb128 0xb
 4471 03ce 27       		.uleb128 0x27
 4472 03cf 19       		.uleb128 0x19
 4473 03d0 11       		.uleb128 0x11
 4474 03d1 01       		.uleb128 0x1
 4475 03d2 12       		.uleb128 0x12
 4476 03d3 06       		.uleb128 0x6
 4477 03d4 40       		.uleb128 0x40
 4478 03d5 18       		.uleb128 0x18
 4479 03d6 7A       		.uleb128 0x7a
 4480 03d7 19       		.uleb128 0x19
 4481 03d8 01       		.uleb128 0x1
 4482 03d9 13       		.uleb128 0x13
 4483 03da 00       		.byte	0
 4484 03db 00       		.byte	0
 4485 03dc 3E       		.uleb128 0x3e
 4486 03dd 48       		.uleb128 0x48
 4487 03de 01       		.byte	0x1
 4488 03df 7D       		.uleb128 0x7d
 4489 03e0 01       		.uleb128 0x1
 4490 03e1 01       		.uleb128 0x1
 4491 03e2 13       		.uleb128 0x13
 4492 03e3 00       		.byte	0
 4493 03e4 00       		.byte	0
 4494 03e5 3F       		.uleb128 0x3f
 4495 03e6 48       		.uleb128 0x48
ARM GAS  C:\Users\DEVELO~1\AppData\Local\Temp\ccVnYbPW.s 			page 80


 4496 03e7 01       		.byte	0x1
 4497 03e8 7D       		.uleb128 0x7d
 4498 03e9 01       		.uleb128 0x1
 4499 03ea 8201     		.uleb128 0x82
 4500 03ec 19       		.uleb128 0x19
 4501 03ed 01       		.uleb128 0x1
 4502 03ee 13       		.uleb128 0x13
 4503 03ef 00       		.byte	0
 4504 03f0 00       		.byte	0
 4505 03f1 40       		.uleb128 0x40
 4506 03f2 05       		.uleb128 0x5
 4507 03f3 00       		.byte	0
 4508 03f4 03       		.uleb128 0x3
 4509 03f5 08       		.uleb128 0x8
 4510 03f6 3A       		.uleb128 0x3a
 4511 03f7 0B       		.uleb128 0xb
 4512 03f8 3B       		.uleb128 0x3b
 4513 03f9 05       		.uleb128 0x5
 4514 03fa 39       		.uleb128 0x39
 4515 03fb 0B       		.uleb128 0xb
 4516 03fc 49       		.uleb128 0x49
 4517 03fd 13       		.uleb128 0x13
 4518 03fe 00       		.byte	0
 4519 03ff 00       		.byte	0
 4520 0400 41       		.uleb128 0x41
 4521 0401 2E       		.uleb128 0x2e
 4522 0402 01       		.byte	0x1
 4523 0403 03       		.uleb128 0x3
 4524 0404 0E       		.uleb128 0xe
 4525 0405 3A       		.uleb128 0x3a
 4526 0406 0B       		.uleb128 0xb
 4527 0407 3B       		.uleb128 0x3b
 4528 0408 05       		.uleb128 0x5
 4529 0409 39       		.uleb128 0x39
 4530 040a 0B       		.uleb128 0xb
 4531 040b 27       		.uleb128 0x27
 4532 040c 19       		.uleb128 0x19
 4533 040d 20       		.uleb128 0x20
 4534 040e 0B       		.uleb128 0xb
 4535 040f 00       		.byte	0
 4536 0410 00       		.byte	0
 4537 0411 00       		.byte	0
 4538              		.section	.debug_loclists,"",%progbits
 4539 0000 A2040000 		.4byte	.Ldebug_loc3-.Ldebug_loc2
 4540              	.Ldebug_loc2:
 4541 0004 0500     		.2byte	0x5
 4542 0006 04       		.byte	0x4
 4543 0007 00       		.byte	0
 4544 0008 00000000 		.4byte	0
 4545              	.Ldebug_loc0:
 4546              	.LVUS51:
 4547 000c 00       		.uleb128 0
 4548 000d 00       		.uleb128 .LVU509
 4549 000e 00       		.uleb128 .LVU509
 4550 000f 00       		.uleb128 .LVU530
 4551 0010 00       		.uleb128 .LVU530
 4552 0011 00       		.uleb128 .LVU546
ARM GAS  C:\Users\DEVELO~1\AppData\Local\Temp\ccVnYbPW.s 			page 81


 4553 0012 00       		.uleb128 .LVU546
 4554 0013 00       		.uleb128 0
 4555              	.LLST51:
 4556 0014 06       		.byte	0x6
 4557 0015 00000000 		.4byte	.LVL85
 4558 0019 04       		.byte	0x4
 4559 001a 00       		.uleb128 .LVL85-.LVL85
 4560 001b 34       		.uleb128 .LVL91-.LVL85
 4561 001c 01       		.uleb128 0x1
 4562 001d 50       		.byte	0x50
 4563 001e 04       		.byte	0x4
 4564 001f 34       		.uleb128 .LVL91-.LVL85
 4565 0020 72       		.uleb128 .LVL92-.LVL85
 4566 0021 04       		.uleb128 0x4
 4567 0022 A3       		.byte	0xa3
 4568 0023 01       		.uleb128 0x1
 4569 0024 50       		.byte	0x50
 4570 0025 9F       		.byte	0x9f
 4571 0026 04       		.byte	0x4
 4572 0027 72       		.uleb128 .LVL92-.LVL85
 4573 0028 A001     		.uleb128 .LVL93-.LVL85
 4574 002a 01       		.uleb128 0x1
 4575 002b 50       		.byte	0x50
 4576 002c 04       		.byte	0x4
 4577 002d A001     		.uleb128 .LVL93-.LVL85
 4578 002f DC01     		.uleb128 .LFE444-.LVL85
 4579 0031 04       		.uleb128 0x4
 4580 0032 A3       		.byte	0xa3
 4581 0033 01       		.uleb128 0x1
 4582 0034 50       		.byte	0x50
 4583 0035 9F       		.byte	0x9f
 4584 0036 00       		.byte	0
 4585              	.LVUS52:
 4586 0037 01       		.uleb128 .LVU492
 4587 0038 00       		.uleb128 .LVU497
 4588 0039 00       		.uleb128 .LVU497
 4589 003a 00       		.uleb128 .LVU502
 4590              	.LLST52:
 4591 003b 06       		.byte	0x6
 4592 003c 0C000000 		.4byte	.LVL86
 4593 0040 04       		.byte	0x4
 4594 0041 00       		.uleb128 .LVL86-.LVL86
 4595 0042 0C       		.uleb128 .LVL87-.LVL86
 4596 0043 04       		.uleb128 0x4
 4597 0044 0A       		.byte	0xa
 4598 0045 1027     		.2byte	0x2710
 4599 0047 9F       		.byte	0x9f
 4600 0048 04       		.byte	0x4
 4601 0049 0C       		.uleb128 .LVL87-.LVL86
 4602 004a 16       		.uleb128 .LVL90-.LVL86
 4603 004b 01       		.uleb128 0x1
 4604 004c 53       		.byte	0x53
 4605 004d 00       		.byte	0
 4606              	.LVUS45:
 4607 004e 00       		.uleb128 0
 4608 004f 00       		.uleb128 .LVU449
 4609 0050 00       		.uleb128 .LVU449
ARM GAS  C:\Users\DEVELO~1\AppData\Local\Temp\ccVnYbPW.s 			page 82


 4610 0051 00       		.uleb128 .LVU483
 4611 0052 00       		.uleb128 .LVU483
 4612 0053 00       		.uleb128 0
 4613              	.LLST45:
 4614 0054 06       		.byte	0x6
 4615 0055 00000000 		.4byte	.LVL75
 4616 0059 04       		.byte	0x4
 4617 005a 00       		.uleb128 .LVL75-.LVL75
 4618 005b 22       		.uleb128 .LVL77-.LVL75
 4619 005c 01       		.uleb128 0x1
 4620 005d 50       		.byte	0x50
 4621 005e 04       		.byte	0x4
 4622 005f 22       		.uleb128 .LVL77-.LVL75
 4623 0060 4C       		.uleb128 .LVL84-.LVL75
 4624 0061 01       		.uleb128 0x1
 4625 0062 54       		.byte	0x54
 4626 0063 04       		.byte	0x4
 4627 0064 4C       		.uleb128 .LVL84-.LVL75
 4628 0065 50       		.uleb128 .LFE443-.LVL75
 4629 0066 04       		.uleb128 0x4
 4630 0067 A3       		.byte	0xa3
 4631 0068 01       		.uleb128 0x1
 4632 0069 50       		.byte	0x50
 4633 006a 9F       		.byte	0x9f
 4634 006b 00       		.byte	0
 4635              	.LVUS47:
 4636 006c 01       		.uleb128 .LVU446
 4637 006d 00       		.uleb128 .LVU449
 4638 006e 00       		.uleb128 .LVU449
 4639 006f 00       		.uleb128 .LVU470
 4640 0070 00       		.uleb128 .LVU472
 4641 0071 00       		.uleb128 .LVU481
 4642              	.LLST47:
 4643 0072 06       		.byte	0x6
 4644 0073 20000000 		.4byte	.LVL76
 4645 0077 04       		.byte	0x4
 4646 0078 00       		.uleb128 .LVL76-.LVL76
 4647 0079 02       		.uleb128 .LVL77-.LVL76
 4648 007a 01       		.uleb128 0x1
 4649 007b 50       		.byte	0x50
 4650 007c 04       		.byte	0x4
 4651 007d 02       		.uleb128 .LVL77-.LVL76
 4652 007e 1C       		.uleb128 .LVL81-.LVL76
 4653 007f 01       		.uleb128 0x1
 4654 0080 54       		.byte	0x54
 4655 0081 04       		.byte	0x4
 4656 0082 1E       		.uleb128 .LVL82-.LVL76
 4657 0083 2A       		.uleb128 .LVL83-.LVL76
 4658 0084 01       		.uleb128 0x1
 4659 0085 54       		.byte	0x54
 4660 0086 00       		.byte	0
 4661              	.LVUS48:
 4662 0087 00       		.uleb128 .LVU449
 4663 0088 00       		.uleb128 .LVU465
 4664 0089 00       		.uleb128 .LVU472
 4665 008a 00       		.uleb128 .LVU481
 4666              	.LLST48:
ARM GAS  C:\Users\DEVELO~1\AppData\Local\Temp\ccVnYbPW.s 			page 83


 4667 008b 06       		.byte	0x6
 4668 008c 22000000 		.4byte	.LVL77
 4669 0090 04       		.byte	0x4
 4670 0091 00       		.uleb128 .LVL77-.LVL77
 4671 0092 10       		.uleb128 .LVL79-.LVL77
 4672 0093 05       		.uleb128 0x5
 4673 0094 70       		.byte	0x70
 4674 0095 00       		.sleb128 0
 4675 0096 35       		.byte	0x35
 4676 0097 1A       		.byte	0x1a
 4677 0098 9F       		.byte	0x9f
 4678 0099 04       		.byte	0x4
 4679 009a 1C       		.uleb128 .LVL82-.LVL77
 4680 009b 28       		.uleb128 .LVL83-.LVL77
 4681 009c 05       		.uleb128 0x5
 4682 009d 70       		.byte	0x70
 4683 009e 00       		.sleb128 0
 4684 009f 35       		.byte	0x35
 4685 00a0 1A       		.byte	0x1a
 4686 00a1 9F       		.byte	0x9f
 4687 00a2 00       		.byte	0
 4688              	.LVUS49:
 4689 00a3 01       		.uleb128 .LVU450
 4690 00a4 00       		.uleb128 .LVU466
 4691 00a5 00       		.uleb128 .LVU472
 4692 00a6 00       		.uleb128 .LVU481
 4693              	.LLST49:
 4694 00a7 06       		.byte	0x6
 4695 00a8 22000000 		.4byte	.LVL77
 4696 00ac 04       		.byte	0x4
 4697 00ad 00       		.uleb128 .LVL77-.LVL77
 4698 00ae 13       		.uleb128 .LVL80-1-.LVL77
 4699 00af 06       		.uleb128 0x6
 4700 00b0 74       		.byte	0x74
 4701 00b1 30       		.sleb128 48
 4702 00b2 06       		.byte	0x6
 4703 00b3 35       		.byte	0x35
 4704 00b4 1A       		.byte	0x1a
 4705 00b5 9F       		.byte	0x9f
 4706 00b6 04       		.byte	0x4
 4707 00b7 1C       		.uleb128 .LVL82-.LVL77
 4708 00b8 28       		.uleb128 .LVL83-.LVL77
 4709 00b9 06       		.uleb128 0x6
 4710 00ba 74       		.byte	0x74
 4711 00bb 30       		.sleb128 48
 4712 00bc 06       		.byte	0x6
 4713 00bd 35       		.byte	0x35
 4714 00be 1A       		.byte	0x1a
 4715 00bf 9F       		.byte	0x9f
 4716 00c0 00       		.byte	0
 4717              	.LVUS50:
 4718 00c1 06       		.uleb128 .LVU463
 4719 00c2 00       		.uleb128 .LVU466
 4720              	.LLST50:
 4721 00c3 08       		.byte	0x8
 4722 00c4 30000000 		.4byte	.LVL78
 4723 00c8 06       		.uleb128 .LVL80-.LVL78
ARM GAS  C:\Users\DEVELO~1\AppData\Local\Temp\ccVnYbPW.s 			page 84


 4724 00c9 06       		.uleb128 0x6
 4725 00ca 03       		.byte	0x3
 4726 00cb 00000000 		.4byte	.LC0
 4727 00cf 9F       		.byte	0x9f
 4728 00d0 00       		.byte	0
 4729              	.LVUS30:
 4730 00d1 00       		.uleb128 0
 4731 00d2 00       		.uleb128 .LVU326
 4732 00d3 00       		.uleb128 .LVU326
 4733 00d4 00       		.uleb128 .LVU424
 4734 00d5 00       		.uleb128 .LVU424
 4735 00d6 00       		.uleb128 0
 4736              	.LLST30:
 4737 00d7 06       		.byte	0x6
 4738 00d8 00000000 		.4byte	.LVL54
 4739 00dc 04       		.byte	0x4
 4740 00dd 00       		.uleb128 .LVL54-.LVL54
 4741 00de 2A       		.uleb128 .LVL60-.LVL54
 4742 00df 01       		.uleb128 0x1
 4743 00e0 50       		.byte	0x50
 4744 00e1 04       		.byte	0x4
 4745 00e2 2A       		.uleb128 .LVL60-.LVL54
 4746 00e3 FE01     		.uleb128 .LVL73-.LVL54
 4747 00e5 01       		.uleb128 0x1
 4748 00e6 54       		.byte	0x54
 4749 00e7 04       		.byte	0x4
 4750 00e8 FE01     		.uleb128 .LVL73-.LVL54
 4751 00ea 8C02     		.uleb128 .LFE442-.LVL54
 4752 00ec 01       		.uleb128 0x1
 4753 00ed 50       		.byte	0x50
 4754 00ee 00       		.byte	0
 4755              	.LVUS31:
 4756 00ef 00       		.uleb128 0
 4757 00f0 00       		.uleb128 .LVU315
 4758 00f1 00       		.uleb128 .LVU315
 4759 00f2 00       		.uleb128 .LVU337
 4760 00f3 00       		.uleb128 .LVU337
 4761 00f4 00       		.uleb128 .LVU347
 4762 00f5 00       		.uleb128 .LVU347
 4763 00f6 00       		.uleb128 .LVU375
 4764 00f7 00       		.uleb128 .LVU375
 4765 00f8 00       		.uleb128 .LVU423
 4766 00f9 00       		.uleb128 .LVU423
 4767 00fa 00       		.uleb128 .LVU424
 4768 00fb 00       		.uleb128 .LVU424
 4769 00fc 00       		.uleb128 .LVU427
 4770 00fd 00       		.uleb128 .LVU427
 4771 00fe 00       		.uleb128 0
 4772              	.LLST31:
 4773 00ff 06       		.byte	0x6
 4774 0100 00000000 		.4byte	.LVL54
 4775 0104 04       		.byte	0x4
 4776 0105 00       		.uleb128 .LVL54-.LVL54
 4777 0106 22       		.uleb128 .LVL58-.LVL54
 4778 0107 01       		.uleb128 0x1
 4779 0108 51       		.byte	0x51
 4780 0109 04       		.byte	0x4
ARM GAS  C:\Users\DEVELO~1\AppData\Local\Temp\ccVnYbPW.s 			page 85


 4781 010a 22       		.uleb128 .LVL58-.LVL54
 4782 010b 30       		.uleb128 .LVL61-.LVL54
 4783 010c 01       		.uleb128 0x1
 4784 010d 56       		.byte	0x56
 4785 010e 04       		.byte	0x4
 4786 010f 30       		.uleb128 .LVL61-.LVL54
 4787 0110 4D       		.uleb128 .LVL63-1-.LVL54
 4788 0111 02       		.uleb128 0x2
 4789 0112 74       		.byte	0x74
 4790 0113 24       		.sleb128 36
 4791 0114 04       		.byte	0x4
 4792 0115 4D       		.uleb128 .LVL63-1-.LVL54
 4793 0116 9001     		.uleb128 .LVL66-.LVL54
 4794 0118 04       		.uleb128 0x4
 4795 0119 A3       		.byte	0xa3
 4796 011a 01       		.uleb128 0x1
 4797 011b 51       		.byte	0x51
 4798 011c 9F       		.byte	0x9f
 4799 011d 04       		.byte	0x4
 4800 011e 9001     		.uleb128 .LVL66-.LVL54
 4801 0120 F801     		.uleb128 .LVL72-.LVL54
 4802 0122 01       		.uleb128 0x1
 4803 0123 56       		.byte	0x56
 4804 0124 04       		.byte	0x4
 4805 0125 F801     		.uleb128 .LVL72-.LVL54
 4806 0127 FE01     		.uleb128 .LVL73-.LVL54
 4807 0129 04       		.uleb128 0x4
 4808 012a A3       		.byte	0xa3
 4809 012b 01       		.uleb128 0x1
 4810 012c 51       		.byte	0x51
 4811 012d 9F       		.byte	0x9f
 4812 012e 04       		.byte	0x4
 4813 012f FE01     		.uleb128 .LVL73-.LVL54
 4814 0131 8402     		.uleb128 .LVL74-.LVL54
 4815 0133 01       		.uleb128 0x1
 4816 0134 51       		.byte	0x51
 4817 0135 04       		.byte	0x4
 4818 0136 8402     		.uleb128 .LVL74-.LVL54
 4819 0138 8C02     		.uleb128 .LFE442-.LVL54
 4820 013a 01       		.uleb128 0x1
 4821 013b 56       		.byte	0x56
 4822 013c 00       		.byte	0
 4823              	.LVUS32:
 4824 013d 00       		.uleb128 0
 4825 013e 00       		.uleb128 .LVU310
 4826 013f 00       		.uleb128 .LVU310
 4827 0140 00       		.uleb128 0
 4828              	.LLST32:
 4829 0141 06       		.byte	0x6
 4830 0142 00000000 		.4byte	.LVL54
 4831 0146 04       		.byte	0x4
 4832 0147 00       		.uleb128 .LVL54-.LVL54
 4833 0148 16       		.uleb128 .LVL57-.LVL54
 4834 0149 01       		.uleb128 0x1
 4835 014a 52       		.byte	0x52
 4836 014b 04       		.byte	0x4
 4837 014c 16       		.uleb128 .LVL57-.LVL54
ARM GAS  C:\Users\DEVELO~1\AppData\Local\Temp\ccVnYbPW.s 			page 86


 4838 014d 8C02     		.uleb128 .LFE442-.LVL54
 4839 014f 01       		.uleb128 0x1
 4840 0150 58       		.byte	0x58
 4841 0151 00       		.byte	0
 4842              	.LVUS33:
 4843 0152 00       		.uleb128 0
 4844 0153 00       		.uleb128 .LVU301
 4845 0154 00       		.uleb128 .LVU301
 4846 0155 00       		.uleb128 0
 4847              	.LLST33:
 4848 0156 06       		.byte	0x6
 4849 0157 00000000 		.4byte	.LVL54
 4850 015b 04       		.byte	0x4
 4851 015c 00       		.uleb128 .LVL54-.LVL54
 4852 015d 0A       		.uleb128 .LVL55-.LVL54
 4853 015e 01       		.uleb128 0x1
 4854 015f 53       		.byte	0x53
 4855 0160 04       		.byte	0x4
 4856 0161 0A       		.uleb128 .LVL55-.LVL54
 4857 0162 8C02     		.uleb128 .LFE442-.LVL54
 4858 0164 01       		.uleb128 0x1
 4859 0165 57       		.byte	0x57
 4860 0166 00       		.byte	0
 4861              	.LVUS34:
 4862 0167 00       		.uleb128 .LVU316
 4863 0168 00       		.uleb128 .LVU347
 4864 0169 00       		.uleb128 .LVU375
 4865 016a 00       		.uleb128 .LVU394
 4866              	.LLST34:
 4867 016b 06       		.byte	0x6
 4868 016c 24000000 		.4byte	.LVL59
 4869 0170 04       		.byte	0x4
 4870 0171 00       		.uleb128 .LVL59-.LVL59
 4871 0172 29       		.uleb128 .LVL63-1-.LVL59
 4872 0173 01       		.uleb128 0x1
 4873 0174 51       		.byte	0x51
 4874 0175 04       		.byte	0x4
 4875 0176 6C       		.uleb128 .LVL66-.LVL59
 4876 0177 8D01     		.uleb128 .LVL68-1-.LVL59
 4877 0179 01       		.uleb128 0x1
 4878 017a 51       		.byte	0x51
 4879 017b 00       		.byte	0
 4880              	.LVUS35:
 4881 017c 05       		.uleb128 .LVU321
 4882 017d 00       		.uleb128 .LVU326
 4883 017e 00       		.uleb128 .LVU326
 4884 017f 00       		.uleb128 .LVU341
 4885 0180 00       		.uleb128 .LVU375
 4886 0181 00       		.uleb128 .LVU388
 4887              	.LLST35:
 4888 0182 06       		.byte	0x6
 4889 0183 24000000 		.4byte	.LVL59
 4890 0187 04       		.byte	0x4
 4891 0188 00       		.uleb128 .LVL59-.LVL59
 4892 0189 06       		.uleb128 .LVL60-.LVL59
 4893 018a 09       		.uleb128 0x9
 4894 018b 70       		.byte	0x70
ARM GAS  C:\Users\DEVELO~1\AppData\Local\Temp\ccVnYbPW.s 			page 87


 4895 018c 04       		.sleb128 4
 4896 018d 06       		.byte	0x6
 4897 018e 23       		.byte	0x23
 4898 018f 14       		.uleb128 0x14
 4899 0190 06       		.byte	0x6
 4900 0191 31       		.byte	0x31
 4901 0192 1A       		.byte	0x1a
 4902 0193 9F       		.byte	0x9f
 4903 0194 04       		.byte	0x4
 4904 0195 06       		.uleb128 .LVL60-.LVL59
 4905 0196 24       		.uleb128 .LVL62-.LVL59
 4906 0197 09       		.uleb128 0x9
 4907 0198 74       		.byte	0x74
 4908 0199 04       		.sleb128 4
 4909 019a 06       		.byte	0x6
 4910 019b 23       		.byte	0x23
 4911 019c 14       		.uleb128 0x14
 4912 019d 06       		.byte	0x6
 4913 019e 31       		.byte	0x31
 4914 019f 1A       		.byte	0x1a
 4915 01a0 9F       		.byte	0x9f
 4916 01a1 04       		.byte	0x4
 4917 01a2 6C       		.uleb128 .LVL66-.LVL59
 4918 01a3 8801     		.uleb128 .LVL67-.LVL59
 4919 01a5 09       		.uleb128 0x9
 4920 01a6 74       		.byte	0x74
 4921 01a7 04       		.sleb128 4
 4922 01a8 06       		.byte	0x6
 4923 01a9 23       		.byte	0x23
 4924 01aa 14       		.uleb128 0x14
 4925 01ab 06       		.byte	0x6
 4926 01ac 31       		.byte	0x31
 4927 01ad 1A       		.byte	0x1a
 4928 01ae 9F       		.byte	0x9f
 4929 01af 00       		.byte	0
 4930              	.LVUS37:
 4931 01b0 02       		.uleb128 .LVU307
 4932 01b1 00       		.uleb128 .LVU316
 4933 01b2 00       		.uleb128 .LVU424
 4934 01b3 00       		.uleb128 0
 4935              	.LLST37:
 4936 01b4 06       		.byte	0x6
 4937 01b5 14000000 		.4byte	.LVL56
 4938 01b9 04       		.byte	0x4
 4939 01ba 00       		.uleb128 .LVL56-.LVL56
 4940 01bb 10       		.uleb128 .LVL59-.LVL56
 4941 01bc 01       		.uleb128 0x1
 4942 01bd 50       		.byte	0x50
 4943 01be 04       		.byte	0x4
 4944 01bf EA01     		.uleb128 .LVL73-.LVL56
 4945 01c1 F801     		.uleb128 .LFE442-.LVL56
 4946 01c3 01       		.uleb128 0x1
 4947 01c4 50       		.byte	0x50
 4948 01c5 00       		.byte	0
 4949              	.LVUS39:
 4950 01c6 02       		.uleb128 .LVU318
 4951 01c7 05       		.uleb128 .LVU321
ARM GAS  C:\Users\DEVELO~1\AppData\Local\Temp\ccVnYbPW.s 			page 88


 4952              	.LLST39:
 4953 01c8 08       		.byte	0x8
 4954 01c9 24000000 		.4byte	.LVL59
 4955 01cd 00       		.uleb128 .LVL59-.LVL59
 4956 01ce 01       		.uleb128 0x1
 4957 01cf 50       		.byte	0x50
 4958 01d0 00       		.byte	0
 4959              	.LVUS40:
 4960 01d1 04       		.uleb128 .LVU320
 4961 01d2 05       		.uleb128 .LVU321
 4962              	.LLST40:
 4963 01d3 08       		.byte	0x8
 4964 01d4 24000000 		.4byte	.LVL59
 4965 01d8 00       		.uleb128 .LVL59-.LVL59
 4966 01d9 09       		.uleb128 0x9
 4967 01da 70       		.byte	0x70
 4968 01db 04       		.sleb128 4
 4969 01dc 06       		.byte	0x6
 4970 01dd 23       		.byte	0x23
 4971 01de 14       		.uleb128 0x14
 4972 01df 06       		.byte	0x6
 4973 01e0 33       		.byte	0x33
 4974 01e1 1A       		.byte	0x1a
 4975 01e2 9F       		.byte	0x9f
 4976 01e3 00       		.byte	0
 4977              	.LVUS42:
 4978 01e4 02       		.uleb128 .LVU362
 4979 01e5 00       		.uleb128 .LVU367
 4980 01e6 00       		.uleb128 .LVU423
 4981 01e7 00       		.uleb128 .LVU424
 4982              	.LLST42:
 4983 01e8 06       		.byte	0x6
 4984 01e9 68000000 		.4byte	.LVL64
 4985 01ed 04       		.byte	0x4
 4986 01ee 00       		.uleb128 .LVL64-.LVL64
 4987 01ef 10       		.uleb128 .LVL65-.LVL64
 4988 01f0 01       		.uleb128 0x1
 4989 01f1 54       		.byte	0x54
 4990 01f2 04       		.byte	0x4
 4991 01f3 9001     		.uleb128 .LVL72-.LVL64
 4992 01f5 9601     		.uleb128 .LVL73-.LVL64
 4993 01f7 01       		.uleb128 0x1
 4994 01f8 54       		.byte	0x54
 4995 01f9 00       		.byte	0
 4996              	.LVUS44:
 4997 01fa 02       		.uleb128 .LVU409
 4998 01fb 00       		.uleb128 .LVU414
 4999 01fc 00       		.uleb128 .LVU422
 5000 01fd 00       		.uleb128 .LVU423
 5001              	.LLST44:
 5002 01fe 06       		.byte	0x6
 5003 01ff CA000000 		.4byte	.LVL69
 5004 0203 04       		.byte	0x4
 5005 0204 00       		.uleb128 .LVL69-.LVL69
 5006 0205 10       		.uleb128 .LVL70-.LVL69
 5007 0206 01       		.uleb128 0x1
 5008 0207 54       		.byte	0x54
ARM GAS  C:\Users\DEVELO~1\AppData\Local\Temp\ccVnYbPW.s 			page 89


 5009 0208 04       		.byte	0x4
 5010 0209 28       		.uleb128 .LVL71-.LVL69
 5011 020a 2E       		.uleb128 .LVL72-.LVL69
 5012 020b 01       		.uleb128 0x1
 5013 020c 54       		.byte	0x54
 5014 020d 00       		.byte	0
 5015              	.LVUS27:
 5016 020e 00       		.uleb128 0
 5017 020f 00       		.uleb128 .LVU220
 5018 0210 00       		.uleb128 .LVU220
 5019 0211 00       		.uleb128 .LVU284
 5020 0212 00       		.uleb128 .LVU284
 5021 0213 00       		.uleb128 0
 5022              	.LLST27:
 5023 0214 06       		.byte	0x6
 5024 0215 00000000 		.4byte	.LVL40
 5025 0219 04       		.byte	0x4
 5026 021a 00       		.uleb128 .LVL40-.LVL40
 5027 021b 18       		.uleb128 .LVL42-.LVL40
 5028 021c 01       		.uleb128 0x1
 5029 021d 50       		.byte	0x50
 5030 021e 04       		.byte	0x4
 5031 021f 18       		.uleb128 .LVL42-.LVL40
 5032 0220 E601     		.uleb128 .LVL53-.LVL40
 5033 0222 01       		.uleb128 0x1
 5034 0223 55       		.byte	0x55
 5035 0224 04       		.byte	0x4
 5036 0225 E601     		.uleb128 .LVL53-.LVL40
 5037 0227 F801     		.uleb128 .LFE441-.LVL40
 5038 0229 04       		.uleb128 0x4
 5039 022a A3       		.byte	0xa3
 5040 022b 01       		.uleb128 0x1
 5041 022c 50       		.byte	0x50
 5042 022d 9F       		.byte	0x9f
 5043 022e 00       		.byte	0
 5044              	.LVUS28:
 5045 022f 01       		.uleb128 .LVU216
 5046 0230 00       		.uleb128 .LVU222
 5047 0231 00       		.uleb128 .LVU222
 5048 0232 00       		.uleb128 .LVU227
 5049              	.LLST28:
 5050 0233 06       		.byte	0x6
 5051 0234 14000000 		.4byte	.LVL41
 5052 0238 04       		.byte	0x4
 5053 0239 00       		.uleb128 .LVL41-.LVL41
 5054 023a 0C       		.uleb128 .LVL43-.LVL41
 5055 023b 04       		.uleb128 0x4
 5056 023c 0A       		.byte	0xa
 5057 023d 1027     		.2byte	0x2710
 5058 023f 9F       		.byte	0x9f
 5059 0240 04       		.byte	0x4
 5060 0241 0C       		.uleb128 .LVL43-.LVL41
 5061 0242 16       		.uleb128 .LVL46-.LVL41
 5062 0243 01       		.uleb128 0x1
 5063 0244 53       		.byte	0x53
 5064 0245 00       		.byte	0
 5065              	.LVUS29:
ARM GAS  C:\Users\DEVELO~1\AppData\Local\Temp\ccVnYbPW.s 			page 90


 5066 0246 01       		.uleb128 .LVU265
 5067 0247 00       		.uleb128 .LVU271
 5068              	.LLST29:
 5069 0248 08       		.byte	0x8
 5070 0249 9A000000 		.4byte	.LVL49
 5071 024d 1E       		.uleb128 .LVL50-.LVL49
 5072 024e 04       		.uleb128 0x4
 5073 024f 40       		.byte	0x40
 5074 0250 43       		.byte	0x43
 5075 0251 24       		.byte	0x24
 5076 0252 9F       		.byte	0x9f
 5077 0253 00       		.byte	0
 5078              	.LVUS4:
 5079 0254 00       		.uleb128 0
 5080 0255 00       		.uleb128 .LVU64
 5081 0256 00       		.uleb128 .LVU64
 5082 0257 00       		.uleb128 .LVU95
 5083 0258 00       		.uleb128 .LVU95
 5084 0259 00       		.uleb128 .LVU129
 5085 025a 00       		.uleb128 .LVU129
 5086 025b 00       		.uleb128 .LVU155
 5087 025c 00       		.uleb128 .LVU155
 5088 025d 00       		.uleb128 .LVU160
 5089 025e 00       		.uleb128 .LVU160
 5090 025f 00       		.uleb128 .LVU166
 5091 0260 00       		.uleb128 .LVU166
 5092 0261 00       		.uleb128 .LVU171
 5093 0262 00       		.uleb128 .LVU171
 5094 0263 00       		.uleb128 .LVU196
 5095 0264 00       		.uleb128 .LVU196
 5096 0265 00       		.uleb128 .LVU198
 5097 0266 00       		.uleb128 .LVU198
 5098 0267 00       		.uleb128 .LVU203
 5099 0268 00       		.uleb128 .LVU203
 5100 0269 00       		.uleb128 0
 5101              	.LLST4:
 5102 026a 06       		.byte	0x6
 5103 026b 00000000 		.4byte	.LVL10
 5104 026f 04       		.byte	0x4
 5105 0270 00       		.uleb128 .LVL10-.LVL10
 5106 0271 0A       		.uleb128 .LVL11-.LVL10
 5107 0272 01       		.uleb128 0x1
 5108 0273 50       		.byte	0x50
 5109 0274 04       		.byte	0x4
 5110 0275 0A       		.uleb128 .LVL11-.LVL10
 5111 0276 46       		.uleb128 .LVL18-.LVL10
 5112 0277 01       		.uleb128 0x1
 5113 0278 55       		.byte	0x55
 5114 0279 04       		.byte	0x4
 5115 027a 46       		.uleb128 .LVL18-.LVL10
 5116 027b 8E01     		.uleb128 .LVL22-.LVL10
 5117 027d 04       		.uleb128 0x4
 5118 027e A3       		.byte	0xa3
 5119 027f 01       		.uleb128 0x1
 5120 0280 50       		.byte	0x50
 5121 0281 9F       		.byte	0x9f
 5122 0282 04       		.byte	0x4
ARM GAS  C:\Users\DEVELO~1\AppData\Local\Temp\ccVnYbPW.s 			page 91


 5123 0283 8E01     		.uleb128 .LVL22-.LVL10
 5124 0285 CC01     		.uleb128 .LVL26-.LVL10
 5125 0287 01       		.uleb128 0x1
 5126 0288 50       		.byte	0x50
 5127 0289 04       		.byte	0x4
 5128 028a CC01     		.uleb128 .LVL26-.LVL10
 5129 028c DE01     		.uleb128 .LVL29-.LVL10
 5130 028e 01       		.uleb128 0x1
 5131 028f 55       		.byte	0x55
 5132 0290 04       		.byte	0x4
 5133 0291 DE01     		.uleb128 .LVL29-.LVL10
 5134 0293 E401     		.uleb128 .LVL30-.LVL10
 5135 0295 01       		.uleb128 0x1
 5136 0296 50       		.byte	0x50
 5137 0297 04       		.byte	0x4
 5138 0298 E401     		.uleb128 .LVL30-.LVL10
 5139 029a F601     		.uleb128 .LVL33-.LVL10
 5140 029c 01       		.uleb128 0x1
 5141 029d 55       		.byte	0x55
 5142 029e 04       		.byte	0x4
 5143 029f F601     		.uleb128 .LVL33-.LVL10
 5144 02a1 A802     		.uleb128 .LVL37-.LVL10
 5145 02a3 01       		.uleb128 0x1
 5146 02a4 50       		.byte	0x50
 5147 02a5 04       		.byte	0x4
 5148 02a6 A802     		.uleb128 .LVL37-.LVL10
 5149 02a8 AC02     		.uleb128 .LVL38-.LVL10
 5150 02aa 01       		.uleb128 0x1
 5151 02ab 55       		.byte	0x55
 5152 02ac 04       		.byte	0x4
 5153 02ad AC02     		.uleb128 .LVL38-.LVL10
 5154 02af AE02     		.uleb128 .LVL39-.LVL10
 5155 02b1 01       		.uleb128 0x1
 5156 02b2 50       		.byte	0x50
 5157 02b3 04       		.byte	0x4
 5158 02b4 AE02     		.uleb128 .LVL39-.LVL10
 5159 02b6 D002     		.uleb128 .LFE440-.LVL10
 5160 02b8 01       		.uleb128 0x1
 5161 02b9 55       		.byte	0x55
 5162 02ba 00       		.byte	0
 5163              	.LVUS5:
 5164 02bb 00       		.uleb128 .LVU74
 5165 02bc 00       		.uleb128 .LVU129
 5166              	.LLST5:
 5167 02bd 08       		.byte	0x8
 5168 02be 20000000 		.4byte	.LVL12
 5169 02c2 6E       		.uleb128 .LVL22-.LVL12
 5170 02c3 01       		.uleb128 0x1
 5171 02c4 50       		.byte	0x50
 5172 02c5 00       		.byte	0
 5173              	.LVUS6:
 5174 02c6 01       		.uleb128 .LVU77
 5175 02c7 00       		.uleb128 .LVU82
 5176 02c8 00       		.uleb128 .LVU82
 5177 02c9 00       		.uleb128 .LVU87
 5178              	.LLST6:
 5179 02ca 06       		.byte	0x6
ARM GAS  C:\Users\DEVELO~1\AppData\Local\Temp\ccVnYbPW.s 			page 92


 5180 02cb 22000000 		.4byte	.LVL13
 5181 02cf 04       		.byte	0x4
 5182 02d0 00       		.uleb128 .LVL13-.LVL13
 5183 02d1 0C       		.uleb128 .LVL14-.LVL13
 5184 02d2 04       		.uleb128 0x4
 5185 02d3 0A       		.byte	0xa
 5186 02d4 1027     		.2byte	0x2710
 5187 02d6 9F       		.byte	0x9f
 5188 02d7 04       		.byte	0x4
 5189 02d8 0C       		.uleb128 .LVL14-.LVL13
 5190 02d9 16       		.uleb128 .LVL17-.LVL13
 5191 02da 01       		.uleb128 0x1
 5192 02db 52       		.byte	0x52
 5193 02dc 00       		.byte	0
 5194              	.LVUS7:
 5195 02dd 05       		.uleb128 .LVU147
 5196 02de 00       		.uleb128 .LVU155
 5197 02df 00       		.uleb128 .LVU155
 5198 02e0 00       		.uleb128 .LVU157
 5199 02e1 00       		.uleb128 .LVU160
 5200 02e2 00       		.uleb128 .LVU166
 5201 02e3 00       		.uleb128 .LVU166
 5202 02e4 00       		.uleb128 .LVU168
 5203 02e5 05       		.uleb128 .LVU187
 5204 02e6 00       		.uleb128 .LVU192
 5205              	.LLST7:
 5206 02e7 06       		.byte	0x6
 5207 02e8 BE000000 		.4byte	.LVL24
 5208 02ec 04       		.byte	0x4
 5209 02ed 00       		.uleb128 .LVL24-.LVL24
 5210 02ee 0E       		.uleb128 .LVL26-.LVL24
 5211 02ef 09       		.uleb128 0x9
 5212 02f0 70       		.byte	0x70
 5213 02f1 04       		.sleb128 4
 5214 02f2 06       		.byte	0x6
 5215 02f3 23       		.byte	0x23
 5216 02f4 14       		.uleb128 0x14
 5217 02f5 06       		.byte	0x6
 5218 02f6 31       		.byte	0x31
 5219 02f7 1A       		.byte	0x1a
 5220 02f8 9F       		.byte	0x9f
 5221 02f9 04       		.byte	0x4
 5222 02fa 0E       		.uleb128 .LVL26-.LVL24
 5223 02fb 10       		.uleb128 .LVL27-.LVL24
 5224 02fc 09       		.uleb128 0x9
 5225 02fd 75       		.byte	0x75
 5226 02fe 04       		.sleb128 4
 5227 02ff 06       		.byte	0x6
 5228 0300 23       		.byte	0x23
 5229 0301 14       		.uleb128 0x14
 5230 0302 06       		.byte	0x6
 5231 0303 31       		.byte	0x31
 5232 0304 1A       		.byte	0x1a
 5233 0305 9F       		.byte	0x9f
 5234 0306 04       		.byte	0x4
 5235 0307 20       		.uleb128 .LVL29-.LVL24
 5236 0308 26       		.uleb128 .LVL30-.LVL24
ARM GAS  C:\Users\DEVELO~1\AppData\Local\Temp\ccVnYbPW.s 			page 93


 5237 0309 09       		.uleb128 0x9
 5238 030a 70       		.byte	0x70
 5239 030b 04       		.sleb128 4
 5240 030c 06       		.byte	0x6
 5241 030d 23       		.byte	0x23
 5242 030e 14       		.uleb128 0x14
 5243 030f 06       		.byte	0x6
 5244 0310 31       		.byte	0x31
 5245 0311 1A       		.byte	0x1a
 5246 0312 9F       		.byte	0x9f
 5247 0313 04       		.byte	0x4
 5248 0314 26       		.uleb128 .LVL30-.LVL24
 5249 0315 28       		.uleb128 .LVL31-.LVL24
 5250 0316 09       		.uleb128 0x9
 5251 0317 75       		.byte	0x75
 5252 0318 04       		.sleb128 4
 5253 0319 06       		.byte	0x6
 5254 031a 23       		.byte	0x23
 5255 031b 14       		.uleb128 0x14
 5256 031c 06       		.byte	0x6
 5257 031d 31       		.byte	0x31
 5258 031e 1A       		.byte	0x1a
 5259 031f 9F       		.byte	0x9f
 5260 0320 04       		.byte	0x4
 5261 0321 60       		.uleb128 .LVL35-.LVL24
 5262 0322 68       		.uleb128 .LVL36-.LVL24
 5263 0323 09       		.uleb128 0x9
 5264 0324 70       		.byte	0x70
 5265 0325 04       		.sleb128 4
 5266 0326 06       		.byte	0x6
 5267 0327 23       		.byte	0x23
 5268 0328 14       		.uleb128 0x14
 5269 0329 06       		.byte	0x6
 5270 032a 31       		.byte	0x31
 5271 032b 1A       		.byte	0x1a
 5272 032c 9F       		.byte	0x9f
 5273 032d 00       		.byte	0
 5274              	.LVUS8:
 5275 032e 00       		.uleb128 .LVU103
 5276 032f 00       		.uleb128 .LVU105
 5277              	.LLST8:
 5278 0330 08       		.byte	0x8
 5279 0331 6C000000 		.4byte	.LVL19
 5280 0335 02       		.uleb128 .LVL20-.LVL19
 5281 0336 01       		.uleb128 0x1
 5282 0337 54       		.byte	0x54
 5283 0338 00       		.byte	0
 5284              	.LVUS9:
 5285 0339 00       		.uleb128 .LVU103
 5286 033a 00       		.uleb128 .LVU107
 5287              	.LLST9:
 5288 033b 08       		.byte	0x8
 5289 033c 6C000000 		.4byte	.LVL19
 5290 0340 04       		.uleb128 .LVL21-.LVL19
 5291 0341 01       		.uleb128 0x1
 5292 0342 52       		.byte	0x52
 5293 0343 00       		.byte	0
ARM GAS  C:\Users\DEVELO~1\AppData\Local\Temp\ccVnYbPW.s 			page 94


 5294              	.LVUS10:
 5295 0344 01       		.uleb128 .LVU135
 5296 0345 00       		.uleb128 .LVU142
 5297              	.LLST10:
 5298 0346 08       		.byte	0x8
 5299 0347 A0000000 		.4byte	.LVL23
 5300 034b 1E       		.uleb128 .LVL24-.LVL23
 5301 034c 02       		.uleb128 0x2
 5302 034d 31       		.byte	0x31
 5303 034e 9F       		.byte	0x9f
 5304 034f 00       		.byte	0
 5305              	.LVUS11:
 5306 0350 01       		.uleb128 .LVU135
 5307 0351 00       		.uleb128 .LVU142
 5308              	.LLST11:
 5309 0352 08       		.byte	0x8
 5310 0353 A0000000 		.4byte	.LVL23
 5311 0357 1E       		.uleb128 .LVL24-.LVL23
 5312 0358 04       		.uleb128 0x4
 5313 0359 40       		.byte	0x40
 5314 035a 43       		.byte	0x43
 5315 035b 24       		.byte	0x24
 5316 035c 9F       		.byte	0x9f
 5317 035d 00       		.byte	0
 5318              	.LVUS13:
 5319 035e 02       		.uleb128 .LVU144
 5320 035f 05       		.uleb128 .LVU147
 5321 0360 02       		.uleb128 .LVU184
 5322 0361 05       		.uleb128 .LVU187
 5323              	.LLST13:
 5324 0362 08       		.byte	0x8
 5325 0363 BE000000 		.4byte	.LVL24
 5326 0367 00       		.uleb128 .LVL24-.LVL24
 5327 0368 01       		.uleb128 0x1
 5328 0369 50       		.byte	0x50
 5329 036a 08       		.byte	0x8
 5330 036b 1E010000 		.4byte	.LVL35
 5331 036f 00       		.uleb128 .LVL35-.LVL35
 5332 0370 01       		.uleb128 0x1
 5333 0371 50       		.byte	0x50
 5334 0372 00       		.byte	0
 5335              	.LVUS14:
 5336 0373 04       		.uleb128 .LVU146
 5337 0374 05       		.uleb128 .LVU147
 5338 0375 04       		.uleb128 .LVU186
 5339 0376 05       		.uleb128 .LVU187
 5340              	.LLST14:
 5341 0377 08       		.byte	0x8
 5342 0378 BE000000 		.4byte	.LVL24
 5343 037c 00       		.uleb128 .LVL24-.LVL24
 5344 037d 09       		.uleb128 0x9
 5345 037e 70       		.byte	0x70
 5346 037f 04       		.sleb128 4
 5347 0380 06       		.byte	0x6
 5348 0381 23       		.byte	0x23
 5349 0382 14       		.uleb128 0x14
 5350 0383 06       		.byte	0x6
ARM GAS  C:\Users\DEVELO~1\AppData\Local\Temp\ccVnYbPW.s 			page 95


 5351 0384 33       		.byte	0x33
 5352 0385 1A       		.byte	0x1a
 5353 0386 9F       		.byte	0x9f
 5354 0387 08       		.byte	0x8
 5355 0388 1E010000 		.4byte	.LVL35
 5356 038c 00       		.uleb128 .LVL35-.LVL35
 5357 038d 09       		.uleb128 0x9
 5358 038e 70       		.byte	0x70
 5359 038f 04       		.sleb128 4
 5360 0390 06       		.byte	0x6
 5361 0391 23       		.byte	0x23
 5362 0392 14       		.uleb128 0x14
 5363 0393 06       		.byte	0x6
 5364 0394 33       		.byte	0x33
 5365 0395 1A       		.byte	0x1a
 5366 0396 9F       		.byte	0x9f
 5367 0397 00       		.byte	0
 5368              	.LVUS16:
 5369 0398 00       		.uleb128 .LVU152
 5370 0399 00       		.uleb128 .LVU157
 5371              	.LLST16:
 5372 039a 08       		.byte	0x8
 5373 039b C6000000 		.4byte	.LVL25
 5374 039f 08       		.uleb128 .LVL27-.LVL25
 5375 03a0 02       		.uleb128 0x2
 5376 03a1 31       		.byte	0x31
 5377 03a2 9F       		.byte	0x9f
 5378 03a3 00       		.byte	0
 5379              	.LVUS17:
 5380 03a4 00       		.uleb128 .LVU152
 5381 03a5 00       		.uleb128 .LVU155
 5382 03a6 00       		.uleb128 .LVU155
 5383 03a7 00       		.uleb128 .LVU157
 5384              	.LLST17:
 5385 03a8 06       		.byte	0x6
 5386 03a9 C6000000 		.4byte	.LVL25
 5387 03ad 04       		.byte	0x4
 5388 03ae 00       		.uleb128 .LVL25-.LVL25
 5389 03af 06       		.uleb128 .LVL26-.LVL25
 5390 03b0 01       		.uleb128 0x1
 5391 03b1 50       		.byte	0x50
 5392 03b2 04       		.byte	0x4
 5393 03b3 06       		.uleb128 .LVL26-.LVL25
 5394 03b4 08       		.uleb128 .LVL27-.LVL25
 5395 03b5 01       		.uleb128 0x1
 5396 03b6 55       		.byte	0x55
 5397 03b7 00       		.byte	0
 5398              	.LVUS19:
 5399 03b8 00       		.uleb128 .LVU198
 5400 03b9 00       		.uleb128 .LVU203
 5401 03ba 00       		.uleb128 .LVU203
 5402 03bb 00       		.uleb128 0
 5403              	.LLST19:
 5404 03bc 06       		.byte	0x6
 5405 03bd 2C010000 		.4byte	.LVL38
 5406 03c1 04       		.byte	0x4
 5407 03c2 00       		.uleb128 .LVL38-.LVL38
ARM GAS  C:\Users\DEVELO~1\AppData\Local\Temp\ccVnYbPW.s 			page 96


 5408 03c3 02       		.uleb128 .LVL39-.LVL38
 5409 03c4 01       		.uleb128 0x1
 5410 03c5 50       		.byte	0x50
 5411 03c6 04       		.byte	0x4
 5412 03c7 02       		.uleb128 .LVL39-.LVL38
 5413 03c8 24       		.uleb128 .LFE440-.LVL38
 5414 03c9 01       		.uleb128 0x1
 5415 03ca 55       		.byte	0x55
 5416 03cb 00       		.byte	0
 5417              	.LVUS21:
 5418 03cc 01       		.uleb128 .LVU161
 5419 03cd 00       		.uleb128 .LVU168
 5420              	.LLST21:
 5421 03ce 08       		.byte	0x8
 5422 03cf DE000000 		.4byte	.LVL29
 5423 03d3 08       		.uleb128 .LVL31-.LVL29
 5424 03d4 02       		.uleb128 0x2
 5425 03d5 30       		.byte	0x30
 5426 03d6 9F       		.byte	0x9f
 5427 03d7 00       		.byte	0
 5428              	.LVUS22:
 5429 03d8 01       		.uleb128 .LVU161
 5430 03d9 00       		.uleb128 .LVU166
 5431 03da 00       		.uleb128 .LVU166
 5432 03db 00       		.uleb128 .LVU168
 5433              	.LLST22:
 5434 03dc 06       		.byte	0x6
 5435 03dd DE000000 		.4byte	.LVL29
 5436 03e1 04       		.byte	0x4
 5437 03e2 00       		.uleb128 .LVL29-.LVL29
 5438 03e3 06       		.uleb128 .LVL30-.LVL29
 5439 03e4 01       		.uleb128 0x1
 5440 03e5 50       		.byte	0x50
 5441 03e6 04       		.byte	0x4
 5442 03e7 06       		.uleb128 .LVL30-.LVL29
 5443 03e8 08       		.uleb128 .LVL31-.LVL29
 5444 03e9 01       		.uleb128 0x1
 5445 03ea 55       		.byte	0x55
 5446 03eb 00       		.byte	0
 5447              	.LVUS24:
 5448 03ec 00       		.uleb128 .LVU192
 5449 03ed 00       		.uleb128 .LVU196
 5450 03ee 00       		.uleb128 .LVU196
 5451 03ef 00       		.uleb128 .LVU198
 5452              	.LLST24:
 5453 03f0 06       		.byte	0x6
 5454 03f1 26010000 		.4byte	.LVL36
 5455 03f5 04       		.byte	0x4
 5456 03f6 00       		.uleb128 .LVL36-.LVL36
 5457 03f7 02       		.uleb128 .LVL37-.LVL36
 5458 03f8 01       		.uleb128 0x1
 5459 03f9 50       		.byte	0x50
 5460 03fa 04       		.byte	0x4
 5461 03fb 02       		.uleb128 .LVL37-.LVL36
 5462 03fc 06       		.uleb128 .LVL38-.LVL36
 5463 03fd 01       		.uleb128 0x1
 5464 03fe 55       		.byte	0x55
ARM GAS  C:\Users\DEVELO~1\AppData\Local\Temp\ccVnYbPW.s 			page 97


 5465 03ff 00       		.byte	0
 5466              	.LVUS25:
 5467 0400 01       		.uleb128 .LVU175
 5468 0401 00       		.uleb128 .LVU182
 5469              	.LLST25:
 5470 0402 08       		.byte	0x8
 5471 0403 00010000 		.4byte	.LVL34
 5472 0407 1E       		.uleb128 .LVL35-.LVL34
 5473 0408 02       		.uleb128 0x2
 5474 0409 31       		.byte	0x31
 5475 040a 9F       		.byte	0x9f
 5476 040b 00       		.byte	0
 5477              	.LVUS26:
 5478 040c 01       		.uleb128 .LVU175
 5479 040d 00       		.uleb128 .LVU182
 5480              	.LLST26:
 5481 040e 08       		.byte	0x8
 5482 040f 00010000 		.4byte	.LVL34
 5483 0413 1E       		.uleb128 .LVL35-.LVL34
 5484 0414 04       		.uleb128 0x4
 5485 0415 40       		.byte	0x40
 5486 0416 42       		.byte	0x42
 5487 0417 24       		.byte	0x24
 5488 0418 9F       		.byte	0x9f
 5489 0419 00       		.byte	0
 5490              	.LVUS0:
 5491 041a 00       		.uleb128 0
 5492 041b 00       		.uleb128 .LVU11
 5493 041c 00       		.uleb128 .LVU11
 5494 041d 00       		.uleb128 .LVU33
 5495 041e 00       		.uleb128 .LVU33
 5496 041f 00       		.uleb128 .LVU34
 5497 0420 00       		.uleb128 .LVU34
 5498 0421 00       		.uleb128 .LVU34
 5499 0422 00       		.uleb128 .LVU34
 5500 0423 00       		.uleb128 .LVU35
 5501 0424 00       		.uleb128 .LVU35
 5502 0425 00       		.uleb128 .LVU36
 5503 0426 00       		.uleb128 .LVU36
 5504 0427 00       		.uleb128 0
 5505              	.LLST0:
 5506 0428 06       		.byte	0x6
 5507 0429 00000000 		.4byte	.LVL0
 5508 042d 04       		.byte	0x4
 5509 042e 00       		.uleb128 .LVL0-.LVL0
 5510 042f 14       		.uleb128 .LVL3-.LVL0
 5511 0430 01       		.uleb128 0x1
 5512 0431 50       		.byte	0x50
 5513 0432 04       		.byte	0x4
 5514 0433 14       		.uleb128 .LVL3-.LVL0
 5515 0434 48       		.uleb128 .LVL5-.LVL0
 5516 0435 01       		.uleb128 0x1
 5517 0436 54       		.byte	0x54
 5518 0437 04       		.byte	0x4
 5519 0438 48       		.uleb128 .LVL5-.LVL0
 5520 0439 49       		.uleb128 .LVL6-1-.LVL0
 5521 043a 01       		.uleb128 0x1
ARM GAS  C:\Users\DEVELO~1\AppData\Local\Temp\ccVnYbPW.s 			page 98


 5522 043b 50       		.byte	0x50
 5523 043c 04       		.byte	0x4
 5524 043d 49       		.uleb128 .LVL6-1-.LVL0
 5525 043e 4A       		.uleb128 .LVL6-.LVL0
 5526 043f 04       		.uleb128 0x4
 5527 0440 A3       		.byte	0xa3
 5528 0441 01       		.uleb128 0x1
 5529 0442 50       		.byte	0x50
 5530 0443 9F       		.byte	0x9f
 5531 0444 04       		.byte	0x4
 5532 0445 4A       		.uleb128 .LVL6-.LVL0
 5533 0446 4C       		.uleb128 .LVL7-.LVL0
 5534 0447 01       		.uleb128 0x1
 5535 0448 54       		.byte	0x54
 5536 0449 04       		.byte	0x4
 5537 044a 4C       		.uleb128 .LVL7-.LVL0
 5538 044b 4F       		.uleb128 .LVL8-1-.LVL0
 5539 044c 01       		.uleb128 0x1
 5540 044d 50       		.byte	0x50
 5541 044e 04       		.byte	0x4
 5542 044f 4F       		.uleb128 .LVL8-1-.LVL0
 5543 0450 5A       		.uleb128 .LFE434-.LVL0
 5544 0451 01       		.uleb128 0x1
 5545 0452 54       		.byte	0x54
 5546 0453 00       		.byte	0
 5547              	.LVUS1:
 5548 0454 00       		.uleb128 0
 5549 0455 00       		.uleb128 .LVU11
 5550 0456 00       		.uleb128 .LVU11
 5551 0457 00       		.uleb128 .LVU33
 5552 0458 00       		.uleb128 .LVU33
 5553 0459 00       		.uleb128 .LVU34
 5554 045a 00       		.uleb128 .LVU34
 5555 045b 00       		.uleb128 .LVU35
 5556 045c 00       		.uleb128 .LVU35
 5557 045d 00       		.uleb128 .LVU36
 5558 045e 00       		.uleb128 .LVU36
 5559 045f 00       		.uleb128 0
 5560              	.LLST1:
 5561 0460 06       		.byte	0x6
 5562 0461 00000000 		.4byte	.LVL0
 5563 0465 04       		.byte	0x4
 5564 0466 00       		.uleb128 .LVL0-.LVL0
 5565 0467 14       		.uleb128 .LVL3-.LVL0
 5566 0468 01       		.uleb128 0x1
 5567 0469 51       		.byte	0x51
 5568 046a 04       		.byte	0x4
 5569 046b 14       		.uleb128 .LVL3-.LVL0
 5570 046c 48       		.uleb128 .LVL5-.LVL0
 5571 046d 01       		.uleb128 0x1
 5572 046e 55       		.byte	0x55
 5573 046f 04       		.byte	0x4
 5574 0470 48       		.uleb128 .LVL5-.LVL0
 5575 0471 4A       		.uleb128 .LVL6-.LVL0
 5576 0472 04       		.uleb128 0x4
 5577 0473 A3       		.byte	0xa3
 5578 0474 01       		.uleb128 0x1
ARM GAS  C:\Users\DEVELO~1\AppData\Local\Temp\ccVnYbPW.s 			page 99


 5579 0475 51       		.byte	0x51
 5580 0476 9F       		.byte	0x9f
 5581 0477 04       		.byte	0x4
 5582 0478 4A       		.uleb128 .LVL6-.LVL0
 5583 0479 4C       		.uleb128 .LVL7-.LVL0
 5584 047a 01       		.uleb128 0x1
 5585 047b 55       		.byte	0x55
 5586 047c 04       		.byte	0x4
 5587 047d 4C       		.uleb128 .LVL7-.LVL0
 5588 047e 4F       		.uleb128 .LVL8-1-.LVL0
 5589 047f 01       		.uleb128 0x1
 5590 0480 51       		.byte	0x51
 5591 0481 04       		.byte	0x4
 5592 0482 4F       		.uleb128 .LVL8-1-.LVL0
 5593 0483 5A       		.uleb128 .LFE434-.LVL0
 5594 0484 01       		.uleb128 0x1
 5595 0485 55       		.byte	0x55
 5596 0486 00       		.byte	0
 5597              	.LVUS2:
 5598 0487 00       		.uleb128 .LVU6
 5599 0488 00       		.uleb128 .LVU9
 5600              	.LLST2:
 5601 0489 08       		.byte	0x8
 5602 048a 0A000000 		.4byte	.LVL1
 5603 048e 08       		.uleb128 .LVL2-.LVL1
 5604 048f 01       		.uleb128 0x1
 5605 0490 56       		.byte	0x56
 5606 0491 00       		.byte	0
 5607              	.LVUS3:
 5608 0492 00       		.uleb128 .LVU9
 5609 0493 00       		.uleb128 .LVU33
 5610 0494 00       		.uleb128 .LVU34
 5611 0495 00       		.uleb128 0
 5612              	.LLST3:
 5613 0496 06       		.byte	0x6
 5614 0497 12000000 		.4byte	.LVL2
 5615 049b 04       		.byte	0x4
 5616 049c 00       		.uleb128 .LVL2-.LVL2
 5617 049d 36       		.uleb128 .LVL5-.LVL2
 5618 049e 01       		.uleb128 0x1
 5619 049f 56       		.byte	0x56
 5620 04a0 04       		.byte	0x4
 5621 04a1 38       		.uleb128 .LVL6-.LVL2
 5622 04a2 48       		.uleb128 .LFE434-.LVL2
 5623 04a3 01       		.uleb128 0x1
 5624 04a4 56       		.byte	0x56
 5625 04a5 00       		.byte	0
 5626              	.Ldebug_loc3:
 5627              		.section	.debug_aranges,"",%progbits
 5628 0000 4C000000 		.4byte	0x4c
 5629 0004 0200     		.2byte	0x2
 5630 0006 00000000 		.4byte	.Ldebug_info0
 5631 000a 04       		.byte	0x4
 5632 000b 00       		.byte	0
 5633 000c 0000     		.2byte	0
 5634 000e 0000     		.2byte	0
 5635 0010 00000000 		.4byte	.LFB434
ARM GAS  C:\Users\DEVELO~1\AppData\Local\Temp\ccVnYbPW.s 			page 100


 5636 0014 5A000000 		.4byte	.LFE434-.LFB434
 5637 0018 00000000 		.4byte	.LFB439
 5638 001c 24000000 		.4byte	.LFE439-.LFB439
 5639 0020 00000000 		.4byte	.LFB440
 5640 0024 50010000 		.4byte	.LFE440-.LFB440
 5641 0028 00000000 		.4byte	.LFB441
 5642 002c F8000000 		.4byte	.LFE441-.LFB441
 5643 0030 00000000 		.4byte	.LFB442
 5644 0034 0C010000 		.4byte	.LFE442-.LFB442
 5645 0038 00000000 		.4byte	.LFB443
 5646 003c 50000000 		.4byte	.LFE443-.LFB443
 5647 0040 00000000 		.4byte	.LFB444
 5648 0044 DC000000 		.4byte	.LFE444-.LFB444
 5649 0048 00000000 		.4byte	0
 5650 004c 00000000 		.4byte	0
 5651              		.section	.debug_rnglists,"",%progbits
 5652              	.Ldebug_ranges0:
 5653 0000 D8000000 		.4byte	.Ldebug_ranges3-.Ldebug_ranges2
 5654              	.Ldebug_ranges2:
 5655 0004 0500     		.2byte	0x5
 5656 0006 04       		.byte	0x4
 5657 0007 00       		.byte	0
 5658 0008 00000000 		.4byte	0
 5659              	.LLRL12:
 5660 000c 05       		.byte	0x5
 5661 000d BE000000 		.4byte	.LBB32
 5662 0011 04       		.byte	0x4
 5663 0012 00       		.uleb128 .LBB32-.LBB32
 5664 0013 00       		.uleb128 .LBE32-.LBB32
 5665 0014 04       		.byte	0x4
 5666 0015 00       		.uleb128 .LBB37-.LBB32
 5667 0016 04       		.uleb128 .LBE37-.LBB32
 5668 0017 04       		.byte	0x4
 5669 0018 60       		.uleb128 .LBB54-.LBB32
 5670 0019 60       		.uleb128 .LBE54-.LBB32
 5671 001a 04       		.byte	0x4
 5672 001b 60       		.uleb128 .LBB55-.LBB32
 5673 001c 64       		.uleb128 .LBE55-.LBB32
 5674 001d 00       		.byte	0
 5675              	.LLRL15:
 5676 001e 05       		.byte	0x5
 5677 001f C6000000 		.4byte	.LBB38
 5678 0023 04       		.byte	0x4
 5679 0024 00       		.uleb128 .LBB38-.LBB38
 5680 0025 06       		.uleb128 .LBE38-.LBB38
 5681 0026 04       		.byte	0x4
 5682 0027 66       		.uleb128 .LBB60-.LBB38
 5683 0028 68       		.uleb128 .LBE60-.LBB38
 5684 0029 00       		.byte	0
 5685              	.LLRL18:
 5686 002a 05       		.byte	0x5
 5687 002b CC000000 		.4byte	.LBB41
 5688 002f 04       		.byte	0x4
 5689 0030 00       		.uleb128 .LBB41-.LBB41
 5690 0031 02       		.uleb128 .LBE41-.LBB41
 5691 0032 04       		.byte	0x4
 5692 0033 60       		.uleb128 .LBB59-.LBB41
ARM GAS  C:\Users\DEVELO~1\AppData\Local\Temp\ccVnYbPW.s 			page 101


 5693 0034 60       		.uleb128 .LBE59-.LBB41
 5694 0035 04       		.byte	0x4
 5695 0036 62       		.uleb128 .LBB61-.LBB41
 5696 0037 8401     		.uleb128 .LBE61-.LBB41
 5697 0039 00       		.byte	0
 5698              	.LLRL20:
 5699 003a 05       		.byte	0x5
 5700 003b DE000000 		.4byte	.LBB45
 5701 003f 04       		.byte	0x4
 5702 0040 00       		.uleb128 .LBB45-.LBB45
 5703 0041 06       		.uleb128 .LBE45-.LBB45
 5704 0042 04       		.byte	0x4
 5705 0043 48       		.uleb128 .LBB57-.LBB45
 5706 0044 4A       		.uleb128 .LBE57-.LBB45
 5707 0045 00       		.byte	0
 5708              	.LLRL23:
 5709 0046 05       		.byte	0x5
 5710 0047 E4000000 		.4byte	.LBB48
 5711 004b 04       		.byte	0x4
 5712 004c 00       		.uleb128 .LBB48-.LBB48
 5713 004d 02       		.uleb128 .LBE48-.LBB48
 5714 004e 04       		.byte	0x4
 5715 004f 42       		.uleb128 .LBB56-.LBB48
 5716 0050 42       		.uleb128 .LBE56-.LBB48
 5717 0051 04       		.byte	0x4
 5718 0052 44       		.uleb128 .LBB58-.LBB48
 5719 0053 48       		.uleb128 .LBE58-.LBB48
 5720 0054 00       		.byte	0
 5721              	.LLRL36:
 5722 0055 05       		.byte	0x5
 5723 0056 08000000 		.4byte	.LBB66
 5724 005a 04       		.byte	0x4
 5725 005b 00       		.uleb128 .LBB66-.LBB66
 5726 005c 02       		.uleb128 .LBE66-.LBB66
 5727 005d 04       		.byte	0x4
 5728 005e 0C       		.uleb128 .LBB70-.LBB66
 5729 005f 1C       		.uleb128 .LBE70-.LBB66
 5730 0060 04       		.byte	0x4
 5731 0061 F601     		.uleb128 .LBB95-.LBB66
 5732 0063 8402     		.uleb128 .LBE95-.LBB66
 5733 0065 00       		.byte	0
 5734              	.LLRL38:
 5735 0066 05       		.byte	0x5
 5736 0067 24000000 		.4byte	.LBB71
 5737 006b 04       		.byte	0x4
 5738 006c 00       		.uleb128 .LBB71-.LBB71
 5739 006d 00       		.uleb128 .LBE71-.LBB71
 5740 006e 04       		.byte	0x4
 5741 006f 00       		.uleb128 .LBB74-.LBB71
 5742 0070 04       		.uleb128 .LBE74-.LBB71
 5743 0071 00       		.byte	0
 5744              	.LLRL41:
 5745 0072 05       		.byte	0x5
 5746 0073 56000000 		.4byte	.LBB75
 5747 0077 04       		.byte	0x4
 5748 0078 00       		.uleb128 .LBB75-.LBB75
 5749 0079 02       		.uleb128 .LBE75-.LBB75
ARM GAS  C:\Users\DEVELO~1\AppData\Local\Temp\ccVnYbPW.s 			page 102


 5750 007a 04       		.byte	0x4
 5751 007b 06       		.uleb128 .LBB81-.LBB75
 5752 007c 08       		.uleb128 .LBE81-.LBB75
 5753 007d 04       		.byte	0x4
 5754 007e 0C       		.uleb128 .LBB82-.LBB75
 5755 007f 0E       		.uleb128 .LBE82-.LBB75
 5756 0080 04       		.byte	0x4
 5757 0081 12       		.uleb128 .LBB83-.LBB75
 5758 0082 22       		.uleb128 .LBE83-.LBB75
 5759 0083 04       		.byte	0x4
 5760 0084 A201     		.uleb128 .LBB94-.LBB75
 5761 0086 A801     		.uleb128 .LBE94-.LBB75
 5762 0088 00       		.byte	0
 5763              	.LLRL43:
 5764 0089 05       		.byte	0x5
 5765 008a BA000000 		.4byte	.LBB84
 5766 008e 04       		.byte	0x4
 5767 008f 00       		.uleb128 .LBB84-.LBB84
 5768 0090 02       		.uleb128 .LBE84-.LBB84
 5769 0091 04       		.byte	0x4
 5770 0092 06       		.uleb128 .LBB90-.LBB84
 5771 0093 08       		.uleb128 .LBE90-.LBB84
 5772 0094 04       		.byte	0x4
 5773 0095 0A       		.uleb128 .LBB91-.LBB84
 5774 0096 0C       		.uleb128 .LBE91-.LBB84
 5775 0097 04       		.byte	0x4
 5776 0098 10       		.uleb128 .LBB92-.LBB84
 5777 0099 20       		.uleb128 .LBE92-.LBB84
 5778 009a 04       		.byte	0x4
 5779 009b 38       		.uleb128 .LBB93-.LBB84
 5780 009c 3E       		.uleb128 .LBE93-.LBB84
 5781 009d 00       		.byte	0
 5782              	.LLRL46:
 5783 009e 05       		.byte	0x5
 5784 009f 06000000 		.4byte	.LBB100
 5785 00a3 04       		.byte	0x4
 5786 00a4 00       		.uleb128 .LBB100-.LBB100
 5787 00a5 02       		.uleb128 .LBE100-.LBB100
 5788 00a6 04       		.byte	0x4
 5789 00a7 1A       		.uleb128 .LBB106-.LBB100
 5790 00a8 36       		.uleb128 .LBE106-.LBB100
 5791 00a9 04       		.byte	0x4
 5792 00aa 38       		.uleb128 .LBB107-.LBB100
 5793 00ab 44       		.uleb128 .LBE107-.LBB100
 5794 00ac 00       		.byte	0
 5795              	.LLRL53:
 5796 00ad 07       		.byte	0x7
 5797 00ae 00000000 		.4byte	.LFB434
 5798 00b2 5A       		.uleb128 .LFE434-.LFB434
 5799 00b3 07       		.byte	0x7
 5800 00b4 00000000 		.4byte	.LFB439
 5801 00b8 24       		.uleb128 .LFE439-.LFB439
 5802 00b9 07       		.byte	0x7
 5803 00ba 00000000 		.4byte	.LFB440
 5804 00be D002     		.uleb128 .LFE440-.LFB440
 5805 00c0 07       		.byte	0x7
 5806 00c1 00000000 		.4byte	.LFB441
ARM GAS  C:\Users\DEVELO~1\AppData\Local\Temp\ccVnYbPW.s 			page 103


 5807 00c5 F801     		.uleb128 .LFE441-.LFB441
 5808 00c7 07       		.byte	0x7
 5809 00c8 00000000 		.4byte	.LFB442
 5810 00cc 8C02     		.uleb128 .LFE442-.LFB442
 5811 00ce 07       		.byte	0x7
 5812 00cf 00000000 		.4byte	.LFB443
 5813 00d3 50       		.uleb128 .LFE443-.LFB443
 5814 00d4 07       		.byte	0x7
 5815 00d5 00000000 		.4byte	.LFB444
 5816 00d9 DC01     		.uleb128 .LFE444-.LFB444
 5817 00db 00       		.byte	0
 5818              	.Ldebug_ranges3:
 5819              		.section	.debug_line,"",%progbits
 5820              	.Ldebug_line0:
 5821 0000 530C0000 		.section	.debug_str,"MS",%progbits,1
 5821      03009E02 
 5821      00000201 
 5821      FB0E0D00 
 5821      01010101 
 5822              	.LASF86:
 5823 0000 5341495F 		.ascii	"SAI_TypeDef\000"
 5823      54797065 
 5823      44656600 
 5824              	.LASF109:
 5825 000c 646D6172 		.ascii	"dmarx\000"
 5825      7800
 5826              	.LASF32:
 5827 0012 504C4C31 		.ascii	"PLL1DIVR\000"
 5827      44495652 
 5827      00
 5828              	.LASF139:
 5829 001b 7361695F 		.ascii	"sai_lld_start_exchange\000"
 5829      6C6C645F 
 5829      73746172 
 5829      745F6578 
 5829      6368616E 
 5830              	.LASF17:
 5831 0032 4D304152 		.ascii	"M0AR\000"
 5831      00
 5832              	.LASF4:
 5833 0037 73697A65 		.ascii	"size_t\000"
 5833      5F7400
 5834              	.LASF104:
 5835 003e 53414944 		.ascii	"SAIDriver\000"
 5835      72697665 
 5835      7200
 5836              	.LASF55:
 5837 0048 41504231 		.ascii	"APB1LRSTR\000"
 5837      4C525354 
 5837      5200
 5838              	.LASF5:
 5839 0052 5F5F7569 		.ascii	"__uint8_t\000"
 5839      6E74385F 
 5839      7400
 5840              	.LASF138:
 5841 005c 7361695F 		.ascii	"sai_lld_stop_exchange\000"
 5841      6C6C645F 
ARM GAS  C:\Users\DEVELO~1\AppData\Local\Temp\ccVnYbPW.s 			page 104


 5841      73746F70 
 5841      5F657863 
 5841      68616E67 
 5842              	.LASF78:
 5843 0072 41504231 		.ascii	"APB1HLPENR\000"
 5843      484C5045 
 5843      4E5200
 5844              	.LASF114:
 5845 007d 72786275 		.ascii	"rxbuf\000"
 5845      6600
 5846              	.LASF101:
 5847 0083 5341495F 		.ascii	"SAI_READY\000"
 5847      52454144 
 5847      5900
 5848              	.LASF74:
 5849 008d 41484232 		.ascii	"AHB2LPENR\000"
 5849      4C50454E 
 5849      5200
 5850              	.LASF97:
 5851 0097 76656374 		.ascii	"vector\000"
 5851      6F7200
 5852              	.LASF168:
 5853 009e 433A5C50 		.ascii	"C:\\PROJET\\ChibiOS project\\ChibiOS_21.11.4\\demos"
 5853      524F4A45 
 5853      545C4368 
 5853      6962694F 
 5853      53207072 
 5854 00cd 5C53544D 		.ascii	"\\STM32\\RT-STM32H743ZI_REV_XY-NUCLEO144\000"
 5854      33325C52 
 5854      542D5354 
 5854      4D333248 
 5854      3734335A 
 5855              	.LASF73:
 5856 00f4 41484231 		.ascii	"AHB1LPENR\000"
 5856      4C50454E 
 5856      5200
 5857              	.LASF100:
 5858 00fe 5341495F 		.ascii	"SAI_STOP\000"
 5858      53544F50 
 5858      00
 5859              	.LASF44:
 5860 0107 43494552 		.ascii	"CIER\000"
 5860      00
 5861              	.LASF53:
 5862 010c 41484234 		.ascii	"AHB4RSTR\000"
 5862      52535452 
 5862      00
 5863              	.LASF40:
 5864 0115 44324343 		.ascii	"D2CCIP1R\000"
 5864      49503152 
 5864      00
 5865              	.LASF1:
 5866 011e 6C6F6E67 		.ascii	"long long int\000"
 5866      206C6F6E 
 5866      6720696E 
 5866      7400
 5867              	.LASF3:
ARM GAS  C:\Users\DEVELO~1\AppData\Local\Temp\ccVnYbPW.s 			page 105


 5868 012c 7369676E 		.ascii	"signed char\000"
 5868      65642063 
 5868      68617200 
 5869              	.LASF51:
 5870 0138 41484231 		.ascii	"AHB1RSTR\000"
 5870      52535452 
 5870      00
 5871              	.LASF123:
 5872 0141 73697A65 		.ascii	"size\000"
 5872      00
 5873              	.LASF12:
 5874 0146 6C6F6E67 		.ascii	"long long unsigned int\000"
 5874      206C6F6E 
 5874      6720756E 
 5874      7369676E 
 5874      65642069 
 5875              	.LASF76:
 5876 015d 41504233 		.ascii	"APB3LPENR\000"
 5876      4C50454E 
 5876      5200
 5877              	.LASF61:
 5878 0167 52455345 		.ascii	"RESERVED11\000"
 5878      52564544 
 5878      313100
 5879              	.LASF71:
 5880 0172 52455345 		.ascii	"RESERVED12\000"
 5880      52564544 
 5880      313200
 5881              	.LASF81:
 5882 017d 52455345 		.ascii	"RESERVED13\000"
 5882      52564544 
 5882      313300
 5883              	.LASF105:
 5884 0188 73746174 		.ascii	"state\000"
 5884      6500
 5885              	.LASF33:
 5886 018e 504C4C31 		.ascii	"PLL1FRACR\000"
 5886      46524143 
 5886      5200
 5887              	.LASF57:
 5888 0198 41504232 		.ascii	"APB2RSTR\000"
 5888      52535452 
 5888      00
 5889              	.LASF119:
 5890 01a1 68616C5F 		.ascii	"hal_sai_driver\000"
 5890      7361695F 
 5890      64726976 
 5890      657200
 5891              	.LASF111:
 5892 01b0 7278646D 		.ascii	"rxdmamode\000"
 5892      616D6F64 
 5892      6500
 5893              	.LASF169:
 5894 01ba 646D6153 		.ascii	"dmaStreamAllocI\000"
 5894      74726561 
 5894      6D416C6C 
 5894      6F634900 
ARM GAS  C:\Users\DEVELO~1\AppData\Local\Temp\ccVnYbPW.s 			page 106


 5895              	.LASF115:
 5896 01ca 62756673 		.ascii	"bufsize\000"
 5896      697A6500 
 5897              	.LASF28:
 5898 01d2 44334346 		.ascii	"D3CFGR\000"
 5898      475200
 5899              	.LASF95:
 5900 01d9 73686966 		.ascii	"shift\000"
 5900      7400
 5901              	.LASF124:
 5902 01df 656E645F 		.ascii	"end_cb\000"
 5902      636200
 5903              	.LASF154:
 5904 01e6 7361695F 		.ascii	"sai_lld_irq_priority\000"
 5904      6C6C645F 
 5904      6972715F 
 5904      7072696F 
 5904      72697479 
 5905              	.LASF45:
 5906 01fb 43494652 		.ascii	"CIFR\000"
 5906      00
 5907              	.LASF36:
 5908 0200 504C4C33 		.ascii	"PLL3DIVR\000"
 5908      44495652 
 5908      00
 5909              	.LASF10:
 5910 0209 5F5F7569 		.ascii	"__uint32_t\000"
 5910      6E743332 
 5910      5F7400
 5911              	.LASF163:
 5912 0214 6D61736B 		.ascii	"mask\000"
 5912      00
 5913              	.LASF96:
 5914 0219 73656C66 		.ascii	"selfindex\000"
 5914      696E6465 
 5914      7800
 5915              	.LASF42:
 5916 0223 44334343 		.ascii	"D3CCIPR\000"
 5916      49505200 
 5917              	.LASF46:
 5918 022b 43494352 		.ascii	"CICR\000"
 5918      00
 5919              	.LASF35:
 5920 0230 504C4C32 		.ascii	"PLL2FRACR\000"
 5920      46524143 
 5920      5200
 5921              	.LASF146:
 5922 023a 7361695F 		.ascii	"sai_lld_start\000"
 5922      6C6C645F 
 5922      73746172 
 5922      7400
 5923              	.LASF108:
 5924 0248 626C6F63 		.ascii	"block\000"
 5924      6B00
 5925              	.LASF0:
 5926 024e 756E7369 		.ascii	"unsigned int\000"
 5926      676E6564 
ARM GAS  C:\Users\DEVELO~1\AppData\Local\Temp\ccVnYbPW.s 			page 107


 5926      20696E74 
 5926      00
 5927              	.LASF113:
 5928 025b 74786275 		.ascii	"txbuf\000"
 5928      6600
 5929              	.LASF92:
 5930 0261 73746D33 		.ascii	"stm32_dmaisr_t\000"
 5930      325F646D 
 5930      61697372 
 5930      5F7400
 5931              	.LASF11:
 5932 0270 6C6F6E67 		.ascii	"long unsigned int\000"
 5932      20756E73 
 5932      69676E65 
 5932      6420696E 
 5932      7400
 5933              	.LASF82:
 5934 0282 5243435F 		.ascii	"RCC_TypeDef\000"
 5934      54797065 
 5934      44656600 
 5935              	.LASF167:
 5936 028e 2E2E2F2E 		.ascii	"../../../os/hal/ports/STM32/LLD/SAIv1/hal_sai_lld.c"
 5936      2E2F2E2E 
 5936      2F6F732F 
 5936      68616C2F 
 5936      706F7274 
 5937 02c1 00       		.ascii	"\000"
 5938              	.LASF166:
 5939 02c2 474E5520 		.ascii	"GNU C17 11.3.1 20220712 -mcpu=cortex-m7 -mthumb -mf"
 5939      43313720 
 5939      31312E33 
 5939      2E312032 
 5939      30323230 
 5940 02f5 6C6F6174 		.ascii	"loat-abi=soft -march=armv7e-m -ggdb -O2 -fomit-fram"
 5940      2D616269 
 5940      3D736F66 
 5940      74202D6D 
 5940      61726368 
 5941 0328 652D706F 		.ascii	"e-pointer -falign-functions=16 -ffunction-sections "
 5941      696E7465 
 5941      72202D66 
 5941      616C6967 
 5941      6E2D6675 
 5942 035b 2D666461 		.ascii	"-fdata-sections -fno-common\000"
 5942      74612D73 
 5942      65637469 
 5942      6F6E7320 
 5942      2D666E6F 
 5943              	.LASF161:
 5944 0377 7361695F 		.ascii	"sai_lld_report_errors\000"
 5944      6C6C645F 
 5944      7265706F 
 5944      72745F65 
 5944      72726F72 
 5945              	.LASF135:
 5946 038d 7361694F 		.ascii	"saiObjectInit\000"
 5946      626A6563 
ARM GAS  C:\Users\DEVELO~1\AppData\Local\Temp\ccVnYbPW.s 			page 108


 5946      74496E69 
 5946      7400
 5947              	.LASF152:
 5948 039b 70656E64 		.ascii	"pending\000"
 5948      696E6700 
 5949              	.LASF89:
 5950 03a3 434C5246 		.ascii	"CLRFR\000"
 5950      5200
 5951              	.LASF30:
 5952 03a9 504C4C43 		.ascii	"PLLCKSELR\000"
 5952      4B53454C 
 5952      5200
 5953              	.LASF21:
 5954 03b3 48534943 		.ascii	"HSICFGR\000"
 5954      46475200 
 5955              	.LASF147:
 5956 03bb 6372315F 		.ascii	"cr1_block_a\000"
 5956      626C6F63 
 5956      6B5F6100 
 5957              	.LASF50:
 5958 03c7 41484233 		.ascii	"AHB3RSTR\000"
 5958      52535452 
 5958      00
 5959              	.LASF148:
 5960 03d0 6372315F 		.ascii	"cr1_block_b\000"
 5960      626C6F63 
 5960      6B5F6200 
 5961              	.LASF41:
 5962 03dc 44324343 		.ascii	"D2CCIP2R\000"
 5962      49503252 
 5962      00
 5963              	.LASF153:
 5964 03e5 7361695F 		.ascii	"sai_lld_dma_priority\000"
 5964      6C6C645F 
 5964      646D615F 
 5964      7072696F 
 5964      72697479 
 5965              	.LASF133:
 5966 03fa 646D6153 		.ascii	"dmaStreamFreeI\000"
 5966      74726561 
 5966      6D467265 
 5966      654900
 5967              	.LASF90:
 5968 0409 5341495F 		.ascii	"SAI_Block_TypeDef\000"
 5968      426C6F63 
 5968      6B5F5479 
 5968      70654465 
 5968      6600
 5969              	.LASF79:
 5970 041b 41504232 		.ascii	"APB2LPENR\000"
 5970      4C50454E 
 5970      5200
 5971              	.LASF37:
 5972 0425 504C4C33 		.ascii	"PLL3FRACR\000"
 5972      46524143 
 5972      5200
 5973              	.LASF117:
ARM GAS  C:\Users\DEVELO~1\AppData\Local\Temp\ccVnYbPW.s 			page 109


 5974 042f 6572726F 		.ascii	"error_repeats\000"
 5974      725F7265 
 5974      70656174 
 5974      7300
 5975              	.LASF141:
 5976 043d 7361695F 		.ascii	"sai_lld_set_buffers\000"
 5976      6C6C645F 
 5976      7365745F 
 5976      62756666 
 5976      65727300 
 5977              	.LASF157:
 5978 0451 63726974 		.ascii	"critical\000"
 5978      6963616C 
 5978      00
 5979              	.LASF60:
 5980 045a 4433414D 		.ascii	"D3AMR\000"
 5980      5200
 5981              	.LASF158:
 5982 0460 7361695F 		.ascii	"sai_lld_dma_request\000"
 5982      6C6C645F 
 5982      646D615F 
 5982      72657175 
 5982      65737400 
 5983              	.LASF58:
 5984 0474 41504234 		.ascii	"APB4RSTR\000"
 5984      52535452 
 5984      00
 5985              	.LASF128:
 5986 047d 73616963 		.ascii	"saicallback_t\000"
 5986      616C6C62 
 5986      61636B5F 
 5986      7400
 5987              	.LASF23:
 5988 048b 43534943 		.ascii	"CSICFGR\000"
 5988      46475200 
 5989              	.LASF171:
 5990 0493 6F73616C 		.ascii	"osalSysHalt\000"
 5990      53797348 
 5990      616C7400 
 5991              	.LASF107:
 5992 049f 626C6F63 		.ascii	"blockp\000"
 5992      6B7000
 5993              	.LASF70:
 5994 04a6 41504234 		.ascii	"APB4ENR\000"
 5994      454E5200 
 5995              	.LASF159:
 5996 04ae 7361695F 		.ascii	"sai_lld_is_rx\000"
 5996      6C6C645F 
 5996      69735F72 
 5996      7800
 5997              	.LASF164:
 5998 04bc 72636345 		.ascii	"rccEnableAPB2\000"
 5998      6E61626C 
 5998      65415042 
 5998      3200
 5999              	.LASF85:
 6000 04ca 50444D44 		.ascii	"PDMDLY\000"
ARM GAS  C:\Users\DEVELO~1\AppData\Local\Temp\ccVnYbPW.s 			page 110


 6000      4C5900
 6001              	.LASF143:
 6002 04d1 69735F72 		.ascii	"is_rx\000"
 6002      7800
 6003              	.LASF103:
 6004 04d7 73616973 		.ascii	"saistate_t\000"
 6004      74617465 
 6004      5F7400
 6005              	.LASF112:
 6006 04e2 7478646D 		.ascii	"txdmamode\000"
 6006      616D6F64 
 6006      6500
 6007              	.LASF127:
 6008 04ec 646D615F 		.ascii	"dma_mode\000"
 6008      6D6F6465 
 6008      00
 6009              	.LASF122:
 6010 04f5 72785F62 		.ascii	"rx_buffer\000"
 6010      75666665 
 6010      7200
 6011              	.LASF31:
 6012 04ff 504C4C43 		.ascii	"PLLCFGR\000"
 6012      46475200 
 6013              	.LASF126:
 6014 0507 736C6F74 		.ascii	"slotr\000"
 6014      7200
 6015              	.LASF66:
 6016 050d 41504233 		.ascii	"APB3ENR\000"
 6016      454E5200 
 6017              	.LASF151:
 6018 0515 7361695F 		.ascii	"sai_lld_init\000"
 6018      6C6C645F 
 6018      696E6974 
 6018      00
 6019              	.LASF65:
 6020 0522 41484234 		.ascii	"AHB4ENR\000"
 6020      454E5200 
 6021              	.LASF134:
 6022 052a 7361695F 		.ascii	"sai_dma_error_hook\000"
 6022      646D615F 
 6022      6572726F 
 6022      725F686F 
 6022      6F6B00
 6023              	.LASF110:
 6024 053d 646D6174 		.ascii	"dmatx\000"
 6024      7800
 6025              	.LASF99:
 6026 0543 5341495F 		.ascii	"SAI_UNINIT\000"
 6026      554E494E 
 6026      495400
 6027              	.LASF25:
 6028 054e 52455345 		.ascii	"RESERVED1\000"
 6028      52564544 
 6028      3100
 6029              	.LASF29:
 6030 0558 52455345 		.ascii	"RESERVED2\000"
 6030      52564544 
ARM GAS  C:\Users\DEVELO~1\AppData\Local\Temp\ccVnYbPW.s 			page 111


 6030      3200
 6031              	.LASF38:
 6032 0562 52455345 		.ascii	"RESERVED3\000"
 6032      52564544 
 6032      3300
 6033              	.LASF140:
 6034 056c 73616970 		.ascii	"saip\000"
 6034      00
 6035              	.LASF47:
 6036 0571 52455345 		.ascii	"RESERVED5\000"
 6036      52564544 
 6036      3500
 6037              	.LASF49:
 6038 057b 52455345 		.ascii	"RESERVED6\000"
 6038      52564544 
 6038      3600
 6039              	.LASF98:
 6040 0585 73746D33 		.ascii	"stm32_dma_stream_t\000"
 6040      325F646D 
 6040      615F7374 
 6040      7265616D 
 6040      5F7400
 6041              	.LASF59:
 6042 0598 52455345 		.ascii	"RESERVED8\000"
 6042      52564544 
 6042      3800
 6043              	.LASF93:
 6044 05a2 73747265 		.ascii	"stream\000"
 6044      616D00
 6045              	.LASF27:
 6046 05a9 44324346 		.ascii	"D2CFGR\000"
 6046      475200
 6047              	.LASF91:
 6048 05b0 5F426F6F 		.ascii	"_Bool\000"
 6048      6C00
 6049              	.LASF34:
 6050 05b6 504C4C32 		.ascii	"PLL2DIVR\000"
 6050      44495652 
 6050      00
 6051              	.LASF6:
 6052 05bf 756E7369 		.ascii	"unsigned char\000"
 6052      676E6564 
 6052      20636861 
 6052      7200
 6053              	.LASF136:
 6054 05cd 53414944 		.ascii	"SAID2A\000"
 6054      324100
 6055              	.LASF7:
 6056 05d4 73686F72 		.ascii	"short int\000"
 6056      7420696E 
 6056      7400
 6057              	.LASF72:
 6058 05de 41484233 		.ascii	"AHB3LPENR\000"
 6058      4C50454E 
 6058      5200
 6059              	.LASF80:
 6060 05e8 41504234 		.ascii	"APB4LPENR\000"
ARM GAS  C:\Users\DEVELO~1\AppData\Local\Temp\ccVnYbPW.s 			page 112


 6060      4C50454E 
 6060      5200
 6061              	.LASF155:
 6062 05f2 7361695F 		.ascii	"sai_lld_stream_id\000"
 6062      6C6C645F 
 6062      73747265 
 6062      616D5F69 
 6062      6400
 6063              	.LASF144:
 6064 0604 5F5F6675 		.ascii	"__func__\000"
 6064      6E635F5F 
 6064      00
 6065              	.LASF170:
 6066 060d 7361695F 		.ascii	"sai_lld_serve_dma_interrupt\000"
 6066      6C6C645F 
 6066      73657276 
 6066      655F646D 
 6066      615F696E 
 6067              	.LASF69:
 6068 0629 41504232 		.ascii	"APB2ENR\000"
 6068      454E5200 
 6069              	.LASF165:
 6070 0631 72656173 		.ascii	"reason\000"
 6070      6F6E00
 6071              	.LASF83:
 6072 0638 52455345 		.ascii	"RESERVED0\000"
 6072      52564544 
 6072      3000
 6073              	.LASF62:
 6074 0642 41484233 		.ascii	"AHB3ENR\000"
 6074      454E5200 
 6075              	.LASF132:
 6076 064a 646D6153 		.ascii	"dmaSetRequestSource\000"
 6076      65745265 
 6076      71756573 
 6076      74536F75 
 6076      72636500 
 6077              	.LASF94:
 6078 065e 69666372 		.ascii	"ifcr\000"
 6078      00
 6079              	.LASF149:
 6080 0663 626C6F63 		.ascii	"block_a\000"
 6080      6B5F6100 
 6081              	.LASF150:
 6082 066b 626C6F63 		.ascii	"block_b\000"
 6082      6B5F6200 
 6083              	.LASF14:
 6084 0673 75696E74 		.ascii	"uint32_t\000"
 6084      33325F74 
 6084      00
 6085              	.LASF120:
 6086 067c 68616C5F 		.ascii	"hal_sai_config\000"
 6086      7361695F 
 6086      636F6E66 
 6086      696700
 6087              	.LASF39:
 6088 068b 44314343 		.ascii	"D1CCIPR\000"
ARM GAS  C:\Users\DEVELO~1\AppData\Local\Temp\ccVnYbPW.s 			page 113


 6088      49505200 
 6089              	.LASF68:
 6090 0693 41504231 		.ascii	"APB1HENR\000"
 6090      48454E52 
 6090      00
 6091              	.LASF2:
 6092 069c 6C6F6E67 		.ascii	"long double\000"
 6092      20646F75 
 6092      626C6500 
 6093              	.LASF15:
 6094 06a8 63686172 		.ascii	"char\000"
 6094      00
 6095              	.LASF160:
 6096 06ad 6D6F6465 		.ascii	"mode\000"
 6096      00
 6097              	.LASF106:
 6098 06b2 636F6E66 		.ascii	"config\000"
 6098      696700
 6099              	.LASF52:
 6100 06b9 41484232 		.ascii	"AHB2RSTR\000"
 6100      52535452 
 6100      00
 6101              	.LASF75:
 6102 06c2 41484234 		.ascii	"AHB4LPENR\000"
 6102      4C50454E 
 6102      5200
 6103              	.LASF16:
 6104 06cc 4E445452 		.ascii	"NDTR\000"
 6104      00
 6105              	.LASF19:
 6106 06d1 444D415F 		.ascii	"DMA_Stream_TypeDef\000"
 6106      53747265 
 6106      616D5F54 
 6106      79706544 
 6106      656600
 6107              	.LASF102:
 6108 06e4 5341495F 		.ascii	"SAI_ACTIVE\000"
 6108      41435449 
 6108      564500
 6109              	.LASF48:
 6110 06ef 42444352 		.ascii	"BDCR\000"
 6110      00
 6111              	.LASF130:
 6112 06f4 73616932 		.ascii	"sai2_ref\000"
 6112      5F726566 
 6112      00
 6113              	.LASF64:
 6114 06fd 41484232 		.ascii	"AHB2ENR\000"
 6114      454E5200 
 6115              	.LASF8:
 6116 0705 73686F72 		.ascii	"short unsigned int\000"
 6116      7420756E 
 6116      7369676E 
 6116      65642069 
 6116      6E7400
 6117              	.LASF54:
 6118 0718 41504233 		.ascii	"APB3RSTR\000"
ARM GAS  C:\Users\DEVELO~1\AppData\Local\Temp\ccVnYbPW.s 			page 114


 6118      52535452 
 6118      00
 6119              	.LASF145:
 6120 0721 7361695F 		.ascii	"sai_lld_stop\000"
 6120      6C6C645F 
 6120      73746F70 
 6120      00
 6121              	.LASF43:
 6122 072e 52455345 		.ascii	"RESERVED4\000"
 6122      52564544 
 6122      3400
 6123              	.LASF142:
 6124 0738 72657175 		.ascii	"request\000"
 6124      65737400 
 6125              	.LASF18:
 6126 0740 4D314152 		.ascii	"M1AR\000"
 6126      00
 6127              	.LASF22:
 6128 0745 43525243 		.ascii	"CRRCR\000"
 6128      5200
 6129              	.LASF121:
 6130 074b 74785F62 		.ascii	"tx_buffer\000"
 6130      75666665 
 6130      7200
 6131              	.LASF77:
 6132 0755 41504231 		.ascii	"APB1LLPENR\000"
 6132      4C4C5045 
 6132      4E5200
 6133              	.LASF131:
 6134 0760 63685379 		.ascii	"chSysHalt\000"
 6134      7348616C 
 6134      7400
 6135              	.LASF20:
 6136 076a 444D414D 		.ascii	"DMAMUX_Channel_TypeDef\000"
 6136      55585F43 
 6136      68616E6E 
 6136      656C5F54 
 6136      79706544 
 6137              	.LASF118:
 6138 0781 53414943 		.ascii	"SAIConfig\000"
 6138      6F6E6669 
 6138      6700
 6139              	.LASF125:
 6140 078b 66726372 		.ascii	"frcr\000"
 6140      00
 6141              	.LASF116:
 6142 0790 6572726F 		.ascii	"error_flags\000"
 6142      725F666C 
 6142      61677300 
 6143              	.LASF56:
 6144 079c 41504231 		.ascii	"APB1HRSTR\000"
 6144      48525354 
 6144      5200
 6145              	.LASF13:
 6146 07a6 75696E74 		.ascii	"uint8_t\000"
 6146      385F7400 
 6147              	.LASF156:
ARM GAS  C:\Users\DEVELO~1\AppData\Local\Temp\ccVnYbPW.s 			page 115


 6148 07ae 666C6167 		.ascii	"flags\000"
 6148      7300
 6149              	.LASF87:
 6150 07b4 46524352 		.ascii	"FRCR\000"
 6150      00
 6151              	.LASF162:
 6152 07b9 72636344 		.ascii	"rccDisableAPB2\000"
 6152      69736162 
 6152      6C654150 
 6152      423200
 6153              	.LASF84:
 6154 07c8 50444D43 		.ascii	"PDMCR\000"
 6154      5200
 6155              	.LASF63:
 6156 07ce 41484231 		.ascii	"AHB1ENR\000"
 6156      454E5200 
 6157              	.LASF88:
 6158 07d6 534C4F54 		.ascii	"SLOTR\000"
 6158      5200
 6159              	.LASF129:
 6160 07dc 73616931 		.ascii	"sai1_ref\000"
 6160      5F726566 
 6160      00
 6161              	.LASF24:
 6162 07e5 43464752 		.ascii	"CFGR\000"
 6162      00
 6163              	.LASF9:
 6164 07ea 6C6F6E67 		.ascii	"long int\000"
 6164      20696E74 
 6164      00
 6165              	.LASF137:
 6166 07f3 74696D65 		.ascii	"timeout\000"
 6166      6F757400 
 6167              	.LASF67:
 6168 07fb 41504231 		.ascii	"APB1LENR\000"
 6168      4C454E52 
 6168      00
 6169              	.LASF26:
 6170 0804 44314346 		.ascii	"D1CFGR\000"
 6170      475200
 6171              		.ident	"GCC: (Arm GNU Toolchain 11.3.Rel1) 11.3.1 20220712"
ARM GAS  C:\Users\DEVELO~1\AppData\Local\Temp\ccVnYbPW.s 			page 116


DEFINED SYMBOLS
                            *ABS*:00000000 hal_sai_lld.c
C:\Users\DEVELO~1\AppData\Local\Temp\ccVnYbPW.s:18     .text.sai_lld_serve_dma_interrupt:00000000 $t
C:\Users\DEVELO~1\AppData\Local\Temp\ccVnYbPW.s:24     .text.sai_lld_serve_dma_interrupt:00000000 sai_lld_serve_dma_interrupt
C:\Users\DEVELO~1\AppData\Local\Temp\ccVnYbPW.s:142    .text.sai_lld_init:00000000 $t
C:\Users\DEVELO~1\AppData\Local\Temp\ccVnYbPW.s:149    .text.sai_lld_init:00000000 sai_lld_init
C:\Users\DEVELO~1\AppData\Local\Temp\ccVnYbPW.s:183    .text.sai_lld_init:00000018 $d
C:\Users\DEVELO~1\AppData\Local\Temp\ccVnYbPW.s:190    .text.sai_lld_start:00000000 $t
C:\Users\DEVELO~1\AppData\Local\Temp\ccVnYbPW.s:197    .text.sai_lld_start:00000000 sai_lld_start
C:\Users\DEVELO~1\AppData\Local\Temp\ccVnYbPW.s:602    .text.sai_lld_start:00000134 $d
C:\Users\DEVELO~1\AppData\Local\Temp\ccVnYbPW.s:615    .text.sai_lld_stop:00000000 $t
C:\Users\DEVELO~1\AppData\Local\Temp\ccVnYbPW.s:622    .text.sai_lld_stop:00000000 sai_lld_stop
C:\Users\DEVELO~1\AppData\Local\Temp\ccVnYbPW.s:840    .text.sai_lld_stop:000000e8 $d
C:\Users\DEVELO~1\AppData\Local\Temp\ccVnYbPW.s:848    .text.sai_lld_set_buffers:00000000 $t
C:\Users\DEVELO~1\AppData\Local\Temp\ccVnYbPW.s:855    .text.sai_lld_set_buffers:00000000 sai_lld_set_buffers
C:\Users\DEVELO~1\AppData\Local\Temp\ccVnYbPW.s:1218   .text.sai_lld_set_buffers:00000108 $d
C:\Users\DEVELO~1\AppData\Local\Temp\ccVnYbPW.s:1225   .rodata.sai_lld_start_exchange.str1.4:00000000 $d
C:\Users\DEVELO~1\AppData\Local\Temp\ccVnYbPW.s:1229   .text.sai_lld_start_exchange:00000000 $t
C:\Users\DEVELO~1\AppData\Local\Temp\ccVnYbPW.s:1236   .text.sai_lld_start_exchange:00000000 sai_lld_start_exchange
C:\Users\DEVELO~1\AppData\Local\Temp\ccVnYbPW.s:1368   .text.sai_lld_start_exchange:0000004c $d
C:\Users\DEVELO~1\AppData\Local\Temp\ccVnYbPW.s:1373   .text.sai_lld_stop_exchange:00000000 $t
C:\Users\DEVELO~1\AppData\Local\Temp\ccVnYbPW.s:1380   .text.sai_lld_stop_exchange:00000000 sai_lld_stop_exchange
C:\Users\DEVELO~1\AppData\Local\Temp\ccVnYbPW.s:1597   .bss.SAID2A:00000000 SAID2A
C:\Users\DEVELO~1\AppData\Local\Temp\ccVnYbPW.s:1593   .bss.SAID2A:00000000 $d
C:\Users\DEVELO~1\AppData\Local\Temp\ccVnYbPW.s:1600   .bss.sai1_ref:00000000 $d
C:\Users\DEVELO~1\AppData\Local\Temp\ccVnYbPW.s:1604   .bss.sai1_ref:00000000 sai1_ref
C:\Users\DEVELO~1\AppData\Local\Temp\ccVnYbPW.s:1607   .bss.sai2_ref:00000000 $d
C:\Users\DEVELO~1\AppData\Local\Temp\ccVnYbPW.s:1611   .bss.sai2_ref:00000000 sai2_ref

UNDEFINED SYMBOLS
sai_dma_error_hook
saiObjectInit
dmaStreamAllocI
dmaStreamFreeI
dmaSetRequestSource
chSysHalt
