ARM GAS  C:\Users\DEVELO~1\AppData\Local\Temp\ccjCi1yh.s 			page 1


   1              		.cpu cortex-m7
   2              		.arch armv7e-m
   3              		.fpu softvfp
   4              		.eabi_attribute 20, 1
   5              		.eabi_attribute 21, 1
   6              		.eabi_attribute 23, 3
   7              		.eabi_attribute 24, 1
   8              		.eabi_attribute 25, 1
   9              		.eabi_attribute 26, 1
  10              		.eabi_attribute 30, 6
  11              		.eabi_attribute 34, 1
  12              		.eabi_attribute 18, 4
  13              		.file	"hal_lld.c"
  14              		.text
  15              	.Ltext0:
  16              		.cfi_sections	.debug_frame
  17              		.section	.text.__rccResetAPB1L,"ax",%progbits
  18              		.align	1
  19              		.syntax unified
  20              		.thumb
  21              		.thumb_func
  22              		.type	__rccResetAPB1L, %function
  23              	__rccResetAPB1L:
  24              	.LFB379:
  25              		.file 1 "../../../os/hal/ports/STM32/STM32H7xx/stm32_rcc.h"
  26              		.loc 1 57 53
  27              		.cfi_startproc
  28              		@ args = 0, pretend = 0, frame = 8
  29              		@ frame_needed = 1, uses_anonymous_args = 0
  30              		@ link register save eliminated.
  31 0000 80B4     		push	{r7}
  32              		.cfi_def_cfa_offset 4
  33              		.cfi_offset 7, -4
  34 0002 83B0     		sub	sp, sp, #12
  35              		.cfi_def_cfa_offset 16
  36 0004 00AF     		add	r7, sp, #0
  37              		.cfi_def_cfa_register 7
  38 0006 7860     		str	r0, [r7, #4]
  39              		.loc 1 60 18
  40 0008 0C4B     		ldr	r3, .L2
  41 000a D3F89020 		ldr	r2, [r3, #144]
  42 000e 0B49     		ldr	r1, .L2
  43 0010 7B68     		ldr	r3, [r7, #4]
  44 0012 1343     		orrs	r3, r3, r2
  45 0014 C1F89030 		str	r3, [r1, #144]
  46              		.loc 1 61 18
  47 0018 084B     		ldr	r3, .L2
  48 001a D3F89020 		ldr	r2, [r3, #144]
  49              		.loc 1 61 21
  50 001e 7B68     		ldr	r3, [r7, #4]
  51 0020 DB43     		mvns	r3, r3
  52              		.loc 1 61 18
  53 0022 0649     		ldr	r1, .L2
  54 0024 1340     		ands	r3, r3, r2
  55 0026 C1F89030 		str	r3, [r1, #144]
  56              		.loc 1 62 12
  57 002a 044B     		ldr	r3, .L2
ARM GAS  C:\Users\DEVELO~1\AppData\Local\Temp\ccjCi1yh.s 			page 2


  58              		.loc 1 62 3
  59 002c D3F89030 		ldr	r3, [r3, #144]
  60              		.loc 1 63 1
  61 0030 00BF     		nop
  62 0032 0C37     		adds	r7, r7, #12
  63              		.cfi_def_cfa_offset 4
  64 0034 BD46     		mov	sp, r7
  65              		.cfi_def_cfa_register 13
  66              		@ sp needed
  67 0036 80BC     		pop	{r7}
  68              		.cfi_restore 7
  69              		.cfi_def_cfa_offset 0
  70 0038 7047     		bx	lr
  71              	.L3:
  72 003a 00BF     		.align	2
  73              	.L2:
  74 003c 00440258 		.word	1476543488
  75              		.cfi_endproc
  76              	.LFE379:
  77              		.size	__rccResetAPB1L, .-__rccResetAPB1L
  78              		.section	.text.__rccResetAPB1H,"ax",%progbits
  79              		.align	1
  80              		.syntax unified
  81              		.thumb
  82              		.thumb_func
  83              		.type	__rccResetAPB1H, %function
  84              	__rccResetAPB1H:
  85              	.LFB380:
  86              		.loc 1 65 53
  87              		.cfi_startproc
  88              		@ args = 0, pretend = 0, frame = 8
  89              		@ frame_needed = 1, uses_anonymous_args = 0
  90              		@ link register save eliminated.
  91 0000 80B4     		push	{r7}
  92              		.cfi_def_cfa_offset 4
  93              		.cfi_offset 7, -4
  94 0002 83B0     		sub	sp, sp, #12
  95              		.cfi_def_cfa_offset 16
  96 0004 00AF     		add	r7, sp, #0
  97              		.cfi_def_cfa_register 7
  98 0006 7860     		str	r0, [r7, #4]
  99              		.loc 1 68 18
 100 0008 0C4B     		ldr	r3, .L5
 101 000a D3F89420 		ldr	r2, [r3, #148]
 102 000e 0B49     		ldr	r1, .L5
 103 0010 7B68     		ldr	r3, [r7, #4]
 104 0012 1343     		orrs	r3, r3, r2
 105 0014 C1F89430 		str	r3, [r1, #148]
 106              		.loc 1 69 18
 107 0018 084B     		ldr	r3, .L5
 108 001a D3F89420 		ldr	r2, [r3, #148]
 109              		.loc 1 69 21
 110 001e 7B68     		ldr	r3, [r7, #4]
 111 0020 DB43     		mvns	r3, r3
 112              		.loc 1 69 18
 113 0022 0649     		ldr	r1, .L5
 114 0024 1340     		ands	r3, r3, r2
ARM GAS  C:\Users\DEVELO~1\AppData\Local\Temp\ccjCi1yh.s 			page 3


 115 0026 C1F89430 		str	r3, [r1, #148]
 116              		.loc 1 70 12
 117 002a 044B     		ldr	r3, .L5
 118              		.loc 1 70 3
 119 002c D3F89430 		ldr	r3, [r3, #148]
 120              		.loc 1 71 1
 121 0030 00BF     		nop
 122 0032 0C37     		adds	r7, r7, #12
 123              		.cfi_def_cfa_offset 4
 124 0034 BD46     		mov	sp, r7
 125              		.cfi_def_cfa_register 13
 126              		@ sp needed
 127 0036 80BC     		pop	{r7}
 128              		.cfi_restore 7
 129              		.cfi_def_cfa_offset 0
 130 0038 7047     		bx	lr
 131              	.L6:
 132 003a 00BF     		.align	2
 133              	.L5:
 134 003c 00440258 		.word	1476543488
 135              		.cfi_endproc
 136              	.LFE380:
 137              		.size	__rccResetAPB1H, .-__rccResetAPB1H
 138              		.section	.text.__rccResetAPB2,"ax",%progbits
 139              		.align	1
 140              		.syntax unified
 141              		.thumb
 142              		.thumb_func
 143              		.type	__rccResetAPB2, %function
 144              	__rccResetAPB2:
 145              	.LFB381:
 146              		.loc 1 73 52
 147              		.cfi_startproc
 148              		@ args = 0, pretend = 0, frame = 8
 149              		@ frame_needed = 1, uses_anonymous_args = 0
 150              		@ link register save eliminated.
 151 0000 80B4     		push	{r7}
 152              		.cfi_def_cfa_offset 4
 153              		.cfi_offset 7, -4
 154 0002 83B0     		sub	sp, sp, #12
 155              		.cfi_def_cfa_offset 16
 156 0004 00AF     		add	r7, sp, #0
 157              		.cfi_def_cfa_register 7
 158 0006 7860     		str	r0, [r7, #4]
 159              		.loc 1 76 17
 160 0008 0C4B     		ldr	r3, .L8
 161 000a D3F89820 		ldr	r2, [r3, #152]
 162 000e 0B49     		ldr	r1, .L8
 163 0010 7B68     		ldr	r3, [r7, #4]
 164 0012 1343     		orrs	r3, r3, r2
 165 0014 C1F89830 		str	r3, [r1, #152]
 166              		.loc 1 77 17
 167 0018 084B     		ldr	r3, .L8
 168 001a D3F89820 		ldr	r2, [r3, #152]
 169              		.loc 1 77 20
 170 001e 7B68     		ldr	r3, [r7, #4]
 171 0020 DB43     		mvns	r3, r3
ARM GAS  C:\Users\DEVELO~1\AppData\Local\Temp\ccjCi1yh.s 			page 4


 172              		.loc 1 77 17
 173 0022 0649     		ldr	r1, .L8
 174 0024 1340     		ands	r3, r3, r2
 175 0026 C1F89830 		str	r3, [r1, #152]
 176              		.loc 1 78 12
 177 002a 044B     		ldr	r3, .L8
 178              		.loc 1 78 3
 179 002c D3F89830 		ldr	r3, [r3, #152]
 180              		.loc 1 79 1
 181 0030 00BF     		nop
 182 0032 0C37     		adds	r7, r7, #12
 183              		.cfi_def_cfa_offset 4
 184 0034 BD46     		mov	sp, r7
 185              		.cfi_def_cfa_register 13
 186              		@ sp needed
 187 0036 80BC     		pop	{r7}
 188              		.cfi_restore 7
 189              		.cfi_def_cfa_offset 0
 190 0038 7047     		bx	lr
 191              	.L9:
 192 003a 00BF     		.align	2
 193              	.L8:
 194 003c 00440258 		.word	1476543488
 195              		.cfi_endproc
 196              	.LFE381:
 197              		.size	__rccResetAPB2, .-__rccResetAPB2
 198              		.section	.text.__rccResetAPB3,"ax",%progbits
 199              		.align	1
 200              		.syntax unified
 201              		.thumb
 202              		.thumb_func
 203              		.type	__rccResetAPB3, %function
 204              	__rccResetAPB3:
 205              	.LFB382:
 206              		.loc 1 81 52
 207              		.cfi_startproc
 208              		@ args = 0, pretend = 0, frame = 8
 209              		@ frame_needed = 1, uses_anonymous_args = 0
 210              		@ link register save eliminated.
 211 0000 80B4     		push	{r7}
 212              		.cfi_def_cfa_offset 4
 213              		.cfi_offset 7, -4
 214 0002 83B0     		sub	sp, sp, #12
 215              		.cfi_def_cfa_offset 16
 216 0004 00AF     		add	r7, sp, #0
 217              		.cfi_def_cfa_register 7
 218 0006 7860     		str	r0, [r7, #4]
 219              		.loc 1 84 17
 220 0008 0C4B     		ldr	r3, .L11
 221 000a D3F88C20 		ldr	r2, [r3, #140]
 222 000e 0B49     		ldr	r1, .L11
 223 0010 7B68     		ldr	r3, [r7, #4]
 224 0012 1343     		orrs	r3, r3, r2
 225 0014 C1F88C30 		str	r3, [r1, #140]
 226              		.loc 1 85 17
 227 0018 084B     		ldr	r3, .L11
 228 001a D3F88C20 		ldr	r2, [r3, #140]
ARM GAS  C:\Users\DEVELO~1\AppData\Local\Temp\ccjCi1yh.s 			page 5


 229              		.loc 1 85 20
 230 001e 7B68     		ldr	r3, [r7, #4]
 231 0020 DB43     		mvns	r3, r3
 232              		.loc 1 85 17
 233 0022 0649     		ldr	r1, .L11
 234 0024 1340     		ands	r3, r3, r2
 235 0026 C1F88C30 		str	r3, [r1, #140]
 236              		.loc 1 86 12
 237 002a 044B     		ldr	r3, .L11
 238              		.loc 1 86 3
 239 002c D3F88C30 		ldr	r3, [r3, #140]
 240              		.loc 1 87 1
 241 0030 00BF     		nop
 242 0032 0C37     		adds	r7, r7, #12
 243              		.cfi_def_cfa_offset 4
 244 0034 BD46     		mov	sp, r7
 245              		.cfi_def_cfa_register 13
 246              		@ sp needed
 247 0036 80BC     		pop	{r7}
 248              		.cfi_restore 7
 249              		.cfi_def_cfa_offset 0
 250 0038 7047     		bx	lr
 251              	.L12:
 252 003a 00BF     		.align	2
 253              	.L11:
 254 003c 00440258 		.word	1476543488
 255              		.cfi_endproc
 256              	.LFE382:
 257              		.size	__rccResetAPB3, .-__rccResetAPB3
 258              		.section	.text.__rccResetAPB4,"ax",%progbits
 259              		.align	1
 260              		.syntax unified
 261              		.thumb
 262              		.thumb_func
 263              		.type	__rccResetAPB4, %function
 264              	__rccResetAPB4:
 265              	.LFB383:
 266              		.loc 1 89 52
 267              		.cfi_startproc
 268              		@ args = 0, pretend = 0, frame = 8
 269              		@ frame_needed = 1, uses_anonymous_args = 0
 270              		@ link register save eliminated.
 271 0000 80B4     		push	{r7}
 272              		.cfi_def_cfa_offset 4
 273              		.cfi_offset 7, -4
 274 0002 83B0     		sub	sp, sp, #12
 275              		.cfi_def_cfa_offset 16
 276 0004 00AF     		add	r7, sp, #0
 277              		.cfi_def_cfa_register 7
 278 0006 7860     		str	r0, [r7, #4]
 279              		.loc 1 92 17
 280 0008 0C4B     		ldr	r3, .L14
 281 000a D3F89C20 		ldr	r2, [r3, #156]
 282 000e 0B49     		ldr	r1, .L14
 283 0010 7B68     		ldr	r3, [r7, #4]
 284 0012 1343     		orrs	r3, r3, r2
 285 0014 C1F89C30 		str	r3, [r1, #156]
ARM GAS  C:\Users\DEVELO~1\AppData\Local\Temp\ccjCi1yh.s 			page 6


 286              		.loc 1 93 17
 287 0018 084B     		ldr	r3, .L14
 288 001a D3F89C20 		ldr	r2, [r3, #156]
 289              		.loc 1 93 20
 290 001e 7B68     		ldr	r3, [r7, #4]
 291 0020 DB43     		mvns	r3, r3
 292              		.loc 1 93 17
 293 0022 0649     		ldr	r1, .L14
 294 0024 1340     		ands	r3, r3, r2
 295 0026 C1F89C30 		str	r3, [r1, #156]
 296              		.loc 1 94 12
 297 002a 044B     		ldr	r3, .L14
 298              		.loc 1 94 3
 299 002c D3F89C30 		ldr	r3, [r3, #156]
 300              		.loc 1 95 1
 301 0030 00BF     		nop
 302 0032 0C37     		adds	r7, r7, #12
 303              		.cfi_def_cfa_offset 4
 304 0034 BD46     		mov	sp, r7
 305              		.cfi_def_cfa_register 13
 306              		@ sp needed
 307 0036 80BC     		pop	{r7}
 308              		.cfi_restore 7
 309              		.cfi_def_cfa_offset 0
 310 0038 7047     		bx	lr
 311              	.L15:
 312 003a 00BF     		.align	2
 313              	.L14:
 314 003c 00440258 		.word	1476543488
 315              		.cfi_endproc
 316              	.LFE383:
 317              		.size	__rccResetAPB4, .-__rccResetAPB4
 318              		.section	.text.__rccResetAHB1,"ax",%progbits
 319              		.align	1
 320              		.syntax unified
 321              		.thumb
 322              		.thumb_func
 323              		.type	__rccResetAHB1, %function
 324              	__rccResetAHB1:
 325              	.LFB384:
 326              		.loc 1 97 52
 327              		.cfi_startproc
 328              		@ args = 0, pretend = 0, frame = 8
 329              		@ frame_needed = 1, uses_anonymous_args = 0
 330              		@ link register save eliminated.
 331 0000 80B4     		push	{r7}
 332              		.cfi_def_cfa_offset 4
 333              		.cfi_offset 7, -4
 334 0002 83B0     		sub	sp, sp, #12
 335              		.cfi_def_cfa_offset 16
 336 0004 00AF     		add	r7, sp, #0
 337              		.cfi_def_cfa_register 7
 338 0006 7860     		str	r0, [r7, #4]
 339              		.loc 1 100 17
 340 0008 0C4B     		ldr	r3, .L17
 341 000a D3F88020 		ldr	r2, [r3, #128]
 342 000e 0B49     		ldr	r1, .L17
ARM GAS  C:\Users\DEVELO~1\AppData\Local\Temp\ccjCi1yh.s 			page 7


 343 0010 7B68     		ldr	r3, [r7, #4]
 344 0012 1343     		orrs	r3, r3, r2
 345 0014 C1F88030 		str	r3, [r1, #128]
 346              		.loc 1 101 17
 347 0018 084B     		ldr	r3, .L17
 348 001a D3F88020 		ldr	r2, [r3, #128]
 349              		.loc 1 101 20
 350 001e 7B68     		ldr	r3, [r7, #4]
 351 0020 DB43     		mvns	r3, r3
 352              		.loc 1 101 17
 353 0022 0649     		ldr	r1, .L17
 354 0024 1340     		ands	r3, r3, r2
 355 0026 C1F88030 		str	r3, [r1, #128]
 356              		.loc 1 102 12
 357 002a 044B     		ldr	r3, .L17
 358              		.loc 1 102 3
 359 002c D3F88030 		ldr	r3, [r3, #128]
 360              		.loc 1 103 1
 361 0030 00BF     		nop
 362 0032 0C37     		adds	r7, r7, #12
 363              		.cfi_def_cfa_offset 4
 364 0034 BD46     		mov	sp, r7
 365              		.cfi_def_cfa_register 13
 366              		@ sp needed
 367 0036 80BC     		pop	{r7}
 368              		.cfi_restore 7
 369              		.cfi_def_cfa_offset 0
 370 0038 7047     		bx	lr
 371              	.L18:
 372 003a 00BF     		.align	2
 373              	.L17:
 374 003c 00440258 		.word	1476543488
 375              		.cfi_endproc
 376              	.LFE384:
 377              		.size	__rccResetAHB1, .-__rccResetAHB1
 378              		.section	.text.__rccResetAHB2,"ax",%progbits
 379              		.align	1
 380              		.syntax unified
 381              		.thumb
 382              		.thumb_func
 383              		.type	__rccResetAHB2, %function
 384              	__rccResetAHB2:
 385              	.LFB385:
 386              		.loc 1 105 52
 387              		.cfi_startproc
 388              		@ args = 0, pretend = 0, frame = 8
 389              		@ frame_needed = 1, uses_anonymous_args = 0
 390              		@ link register save eliminated.
 391 0000 80B4     		push	{r7}
 392              		.cfi_def_cfa_offset 4
 393              		.cfi_offset 7, -4
 394 0002 83B0     		sub	sp, sp, #12
 395              		.cfi_def_cfa_offset 16
 396 0004 00AF     		add	r7, sp, #0
 397              		.cfi_def_cfa_register 7
 398 0006 7860     		str	r0, [r7, #4]
 399              		.loc 1 108 17
ARM GAS  C:\Users\DEVELO~1\AppData\Local\Temp\ccjCi1yh.s 			page 8


 400 0008 0C4B     		ldr	r3, .L20
 401 000a D3F88420 		ldr	r2, [r3, #132]
 402 000e 0B49     		ldr	r1, .L20
 403 0010 7B68     		ldr	r3, [r7, #4]
 404 0012 1343     		orrs	r3, r3, r2
 405 0014 C1F88430 		str	r3, [r1, #132]
 406              		.loc 1 109 17
 407 0018 084B     		ldr	r3, .L20
 408 001a D3F88420 		ldr	r2, [r3, #132]
 409              		.loc 1 109 20
 410 001e 7B68     		ldr	r3, [r7, #4]
 411 0020 DB43     		mvns	r3, r3
 412              		.loc 1 109 17
 413 0022 0649     		ldr	r1, .L20
 414 0024 1340     		ands	r3, r3, r2
 415 0026 C1F88430 		str	r3, [r1, #132]
 416              		.loc 1 110 12
 417 002a 044B     		ldr	r3, .L20
 418              		.loc 1 110 3
 419 002c D3F88430 		ldr	r3, [r3, #132]
 420              		.loc 1 111 1
 421 0030 00BF     		nop
 422 0032 0C37     		adds	r7, r7, #12
 423              		.cfi_def_cfa_offset 4
 424 0034 BD46     		mov	sp, r7
 425              		.cfi_def_cfa_register 13
 426              		@ sp needed
 427 0036 80BC     		pop	{r7}
 428              		.cfi_restore 7
 429              		.cfi_def_cfa_offset 0
 430 0038 7047     		bx	lr
 431              	.L21:
 432 003a 00BF     		.align	2
 433              	.L20:
 434 003c 00440258 		.word	1476543488
 435              		.cfi_endproc
 436              	.LFE385:
 437              		.size	__rccResetAHB2, .-__rccResetAHB2
 438              		.section	.text.__rccResetAHB3,"ax",%progbits
 439              		.align	1
 440              		.syntax unified
 441              		.thumb
 442              		.thumb_func
 443              		.type	__rccResetAHB3, %function
 444              	__rccResetAHB3:
 445              	.LFB386:
 446              		.loc 1 113 52
 447              		.cfi_startproc
 448              		@ args = 0, pretend = 0, frame = 8
 449              		@ frame_needed = 1, uses_anonymous_args = 0
 450              		@ link register save eliminated.
 451 0000 80B4     		push	{r7}
 452              		.cfi_def_cfa_offset 4
 453              		.cfi_offset 7, -4
 454 0002 83B0     		sub	sp, sp, #12
 455              		.cfi_def_cfa_offset 16
 456 0004 00AF     		add	r7, sp, #0
ARM GAS  C:\Users\DEVELO~1\AppData\Local\Temp\ccjCi1yh.s 			page 9


 457              		.cfi_def_cfa_register 7
 458 0006 7860     		str	r0, [r7, #4]
 459              		.loc 1 116 17
 460 0008 094B     		ldr	r3, .L23
 461 000a DA6F     		ldr	r2, [r3, #124]
 462 000c 0849     		ldr	r1, .L23
 463 000e 7B68     		ldr	r3, [r7, #4]
 464 0010 1343     		orrs	r3, r3, r2
 465 0012 CB67     		str	r3, [r1, #124]
 466              		.loc 1 117 17
 467 0014 064B     		ldr	r3, .L23
 468 0016 DA6F     		ldr	r2, [r3, #124]
 469              		.loc 1 117 20
 470 0018 7B68     		ldr	r3, [r7, #4]
 471 001a DB43     		mvns	r3, r3
 472              		.loc 1 117 17
 473 001c 0449     		ldr	r1, .L23
 474 001e 1340     		ands	r3, r3, r2
 475 0020 CB67     		str	r3, [r1, #124]
 476              		.loc 1 118 12
 477 0022 034B     		ldr	r3, .L23
 478              		.loc 1 118 3
 479 0024 DB6F     		ldr	r3, [r3, #124]
 480              		.loc 1 119 1
 481 0026 00BF     		nop
 482 0028 0C37     		adds	r7, r7, #12
 483              		.cfi_def_cfa_offset 4
 484 002a BD46     		mov	sp, r7
 485              		.cfi_def_cfa_register 13
 486              		@ sp needed
 487 002c 80BC     		pop	{r7}
 488              		.cfi_restore 7
 489              		.cfi_def_cfa_offset 0
 490 002e 7047     		bx	lr
 491              	.L24:
 492              		.align	2
 493              	.L23:
 494 0030 00440258 		.word	1476543488
 495              		.cfi_endproc
 496              	.LFE386:
 497              		.size	__rccResetAHB3, .-__rccResetAHB3
 498              		.section	.text.__rccResetAHB4,"ax",%progbits
 499              		.align	1
 500              		.syntax unified
 501              		.thumb
 502              		.thumb_func
 503              		.type	__rccResetAHB4, %function
 504              	__rccResetAHB4:
 505              	.LFB387:
 506              		.loc 1 121 52
 507              		.cfi_startproc
 508              		@ args = 0, pretend = 0, frame = 8
 509              		@ frame_needed = 1, uses_anonymous_args = 0
 510              		@ link register save eliminated.
 511 0000 80B4     		push	{r7}
 512              		.cfi_def_cfa_offset 4
 513              		.cfi_offset 7, -4
ARM GAS  C:\Users\DEVELO~1\AppData\Local\Temp\ccjCi1yh.s 			page 10


 514 0002 83B0     		sub	sp, sp, #12
 515              		.cfi_def_cfa_offset 16
 516 0004 00AF     		add	r7, sp, #0
 517              		.cfi_def_cfa_register 7
 518 0006 7860     		str	r0, [r7, #4]
 519              		.loc 1 124 17
 520 0008 0C4B     		ldr	r3, .L26
 521 000a D3F88820 		ldr	r2, [r3, #136]
 522 000e 0B49     		ldr	r1, .L26
 523 0010 7B68     		ldr	r3, [r7, #4]
 524 0012 1343     		orrs	r3, r3, r2
 525 0014 C1F88830 		str	r3, [r1, #136]
 526              		.loc 1 125 17
 527 0018 084B     		ldr	r3, .L26
 528 001a D3F88820 		ldr	r2, [r3, #136]
 529              		.loc 1 125 20
 530 001e 7B68     		ldr	r3, [r7, #4]
 531 0020 DB43     		mvns	r3, r3
 532              		.loc 1 125 17
 533 0022 0649     		ldr	r1, .L26
 534 0024 1340     		ands	r3, r3, r2
 535 0026 C1F88830 		str	r3, [r1, #136]
 536              		.loc 1 126 12
 537 002a 044B     		ldr	r3, .L26
 538              		.loc 1 126 3
 539 002c D3F88830 		ldr	r3, [r3, #136]
 540              		.loc 1 127 1
 541 0030 00BF     		nop
 542 0032 0C37     		adds	r7, r7, #12
 543              		.cfi_def_cfa_offset 4
 544 0034 BD46     		mov	sp, r7
 545              		.cfi_def_cfa_register 13
 546              		@ sp needed
 547 0036 80BC     		pop	{r7}
 548              		.cfi_restore 7
 549              		.cfi_def_cfa_offset 0
 550 0038 7047     		bx	lr
 551              	.L27:
 552 003a 00BF     		.align	2
 553              	.L26:
 554 003c 00440258 		.word	1476543488
 555              		.cfi_endproc
 556              	.LFE387:
 557              		.size	__rccResetAHB4, .-__rccResetAHB4
 558              		.section	.text.rccEnableAPB4,"ax",%progbits
 559              		.align	1
 560              		.syntax unified
 561              		.thumb
 562              		.thumb_func
 563              		.type	rccEnableAPB4, %function
 564              	rccEnableAPB4:
 565              	.LFB400:
 566              		.loc 1 497 60
 567              		.cfi_startproc
 568              		@ args = 0, pretend = 0, frame = 8
 569              		@ frame_needed = 1, uses_anonymous_args = 0
 570              		@ link register save eliminated.
ARM GAS  C:\Users\DEVELO~1\AppData\Local\Temp\ccjCi1yh.s 			page 11


 571 0000 80B4     		push	{r7}
 572              		.cfi_def_cfa_offset 4
 573              		.cfi_offset 7, -4
 574 0002 83B0     		sub	sp, sp, #12
 575              		.cfi_def_cfa_offset 16
 576 0004 00AF     		add	r7, sp, #0
 577              		.cfi_def_cfa_register 7
 578 0006 7860     		str	r0, [r7, #4]
 579 0008 0B46     		mov	r3, r1
 580 000a FB70     		strb	r3, [r7, #3]
 581              		.loc 1 501 19
 582 000c 124B     		ldr	r3, .L31
 583 000e D3F8F420 		ldr	r2, [r3, #244]
 584 0012 1149     		ldr	r1, .L31
 585 0014 7B68     		ldr	r3, [r7, #4]
 586 0016 1343     		orrs	r3, r3, r2
 587 0018 C1F8F430 		str	r3, [r1, #244]
 588              		.loc 1 502 6
 589 001c FB78     		ldrb	r3, [r7, #3]	@ zero_extendqisi2
 590 001e 002B     		cmp	r3, #0
 591 0020 08D0     		beq	.L29
 592              		.loc 1 503 23
 593 0022 0D4B     		ldr	r3, .L31
 594 0024 D3F81C21 		ldr	r2, [r3, #284]
 595 0028 0B49     		ldr	r1, .L31
 596 002a 7B68     		ldr	r3, [r7, #4]
 597 002c 1343     		orrs	r3, r3, r2
 598 002e C1F81C31 		str	r3, [r1, #284]
 599 0032 08E0     		b	.L30
 600              	.L29:
 601              		.loc 1 506 23
 602 0034 084B     		ldr	r3, .L31
 603 0036 D3F81C21 		ldr	r2, [r3, #284]
 604              		.loc 1 506 26
 605 003a 7B68     		ldr	r3, [r7, #4]
 606 003c DB43     		mvns	r3, r3
 607              		.loc 1 506 23
 608 003e 0649     		ldr	r1, .L31
 609 0040 1340     		ands	r3, r3, r2
 610 0042 C1F81C31 		str	r3, [r1, #284]
 611              	.L30:
 612              		.loc 1 508 15
 613 0046 044B     		ldr	r3, .L31
 614              		.loc 1 508 3
 615 0048 D3F81C31 		ldr	r3, [r3, #284]
 616              		.loc 1 520 1
 617 004c 00BF     		nop
 618 004e 0C37     		adds	r7, r7, #12
 619              		.cfi_def_cfa_offset 4
 620 0050 BD46     		mov	sp, r7
 621              		.cfi_def_cfa_register 13
 622              		@ sp needed
 623 0052 80BC     		pop	{r7}
 624              		.cfi_restore 7
 625              		.cfi_def_cfa_offset 0
 626 0054 7047     		bx	lr
 627              	.L32:
ARM GAS  C:\Users\DEVELO~1\AppData\Local\Temp\ccjCi1yh.s 			page 12


 628 0056 00BF     		.align	2
 629              	.L31:
 630 0058 00440258 		.word	1476543488
 631              		.cfi_endproc
 632              	.LFE400:
 633              		.size	rccEnableAPB4, .-rccEnableAPB4
 634              		.section	.text.rccEnableAHB2,"ax",%progbits
 635              		.align	1
 636              		.syntax unified
 637              		.thumb
 638              		.thumb_func
 639              		.type	rccEnableAHB2, %function
 640              	rccEnableAHB2:
 641              	.LFB406:
 642              		.loc 1 675 60
 643              		.cfi_startproc
 644              		@ args = 0, pretend = 0, frame = 8
 645              		@ frame_needed = 1, uses_anonymous_args = 0
 646              		@ link register save eliminated.
 647 0000 80B4     		push	{r7}
 648              		.cfi_def_cfa_offset 4
 649              		.cfi_offset 7, -4
 650 0002 83B0     		sub	sp, sp, #12
 651              		.cfi_def_cfa_offset 16
 652 0004 00AF     		add	r7, sp, #0
 653              		.cfi_def_cfa_register 7
 654 0006 7860     		str	r0, [r7, #4]
 655 0008 0B46     		mov	r3, r1
 656 000a FB70     		strb	r3, [r7, #3]
 657              		.loc 1 679 19
 658 000c 124B     		ldr	r3, .L36
 659 000e D3F8DC20 		ldr	r2, [r3, #220]
 660 0012 1149     		ldr	r1, .L36
 661 0014 7B68     		ldr	r3, [r7, #4]
 662 0016 1343     		orrs	r3, r3, r2
 663 0018 C1F8DC30 		str	r3, [r1, #220]
 664              		.loc 1 680 6
 665 001c FB78     		ldrb	r3, [r7, #3]	@ zero_extendqisi2
 666 001e 002B     		cmp	r3, #0
 667 0020 08D0     		beq	.L34
 668              		.loc 1 681 23
 669 0022 0D4B     		ldr	r3, .L36
 670 0024 D3F80421 		ldr	r2, [r3, #260]
 671 0028 0B49     		ldr	r1, .L36
 672 002a 7B68     		ldr	r3, [r7, #4]
 673 002c 1343     		orrs	r3, r3, r2
 674 002e C1F80431 		str	r3, [r1, #260]
 675 0032 08E0     		b	.L35
 676              	.L34:
 677              		.loc 1 684 23
 678 0034 084B     		ldr	r3, .L36
 679 0036 D3F80421 		ldr	r2, [r3, #260]
 680              		.loc 1 684 26
 681 003a 7B68     		ldr	r3, [r7, #4]
 682 003c DB43     		mvns	r3, r3
 683              		.loc 1 684 23
 684 003e 0649     		ldr	r1, .L36
ARM GAS  C:\Users\DEVELO~1\AppData\Local\Temp\ccjCi1yh.s 			page 13


 685 0040 1340     		ands	r3, r3, r2
 686 0042 C1F80431 		str	r3, [r1, #260]
 687              	.L35:
 688              		.loc 1 686 15
 689 0046 044B     		ldr	r3, .L36
 690              		.loc 1 686 3
 691 0048 D3F80431 		ldr	r3, [r3, #260]
 692              		.loc 1 698 1
 693 004c 00BF     		nop
 694 004e 0C37     		adds	r7, r7, #12
 695              		.cfi_def_cfa_offset 4
 696 0050 BD46     		mov	sp, r7
 697              		.cfi_def_cfa_register 13
 698              		@ sp needed
 699 0052 80BC     		pop	{r7}
 700              		.cfi_restore 7
 701              		.cfi_def_cfa_offset 0
 702 0054 7047     		bx	lr
 703              	.L37:
 704 0056 00BF     		.align	2
 705              	.L36:
 706 0058 00440258 		.word	1476543488
 707              		.cfi_endproc
 708              	.LFE406:
 709              		.size	rccEnableAHB2, .-rccEnableAHB2
 710              		.global	SystemCoreClock
 711              		.section	.data.SystemCoreClock,"aw"
 712              		.align	2
 713              		.type	SystemCoreClock, %object
 714              		.size	SystemCoreClock, 4
 715              	SystemCoreClock:
 716 0000 0084D717 		.word	400000000
 717              		.section	.text.init_bkp_domain,"ax",%progbits
 718              		.align	1
 719              		.syntax unified
 720              		.thumb
 721              		.thumb_func
 722              		.type	init_bkp_domain, %function
 723              	init_bkp_domain:
 724              	.LFB432:
 725              		.file 2 "../../../os/hal/ports/STM32/STM32H7xx/hal_lld.c"
 726              		.loc 2 58 42
 727              		.cfi_startproc
 728              		@ args = 0, pretend = 0, frame = 0
 729              		@ frame_needed = 1, uses_anonymous_args = 0
 730              		@ link register save eliminated.
 731 0000 80B4     		push	{r7}
 732              		.cfi_def_cfa_offset 4
 733              		.cfi_offset 7, -4
 734 0002 00AF     		add	r7, sp, #0
 735              		.cfi_def_cfa_register 7
 736              		.loc 2 61 12
 737 0004 0B4B     		ldr	r3, .L41
 738 0006 1B68     		ldr	r3, [r3]
 739 0008 0A4A     		ldr	r2, .L41
 740 000a 43F48073 		orr	r3, r3, #256
 741 000e 1360     		str	r3, [r2]
ARM GAS  C:\Users\DEVELO~1\AppData\Local\Temp\ccjCi1yh.s 			page 14


 742              		.loc 2 64 11
 743 0010 094B     		ldr	r3, .L41+4
 744 0012 1B6F     		ldr	r3, [r3, #112]
 745              		.loc 2 64 18
 746 0014 03F44073 		and	r3, r3, #768
 747              		.loc 2 64 6
 748 0018 B3F5007F 		cmp	r3, #512
 749 001c 06D0     		beq	.L40
 750              		.loc 2 66 8
 751 001e 064B     		ldr	r3, .L41+4
 752              		.loc 2 66 15
 753 0020 4FF48032 		mov	r2, #65536
 754 0024 1A67     		str	r2, [r3, #112]
 755              		.loc 2 67 8
 756 0026 044B     		ldr	r3, .L41+4
 757              		.loc 2 67 15
 758 0028 0022     		movs	r2, #0
 759 002a 1A67     		str	r2, [r3, #112]
 760              	.L40:
 761              		.loc 2 93 1
 762 002c 00BF     		nop
 763 002e BD46     		mov	sp, r7
 764              		.cfi_def_cfa_register 13
 765              		@ sp needed
 766 0030 80BC     		pop	{r7}
 767              		.cfi_restore 7
 768              		.cfi_def_cfa_offset 0
 769 0032 7047     		bx	lr
 770              	.L42:
 771              		.align	2
 772              	.L41:
 773 0034 00480258 		.word	1476544512
 774 0038 00440258 		.word	1476543488
 775              		.cfi_endproc
 776              	.LFE432:
 777              		.size	init_bkp_domain, .-init_bkp_domain
 778              		.section	.text.init_pwr,"ax",%progbits
 779              		.align	1
 780              		.syntax unified
 781              		.thumb
 782              		.thumb_func
 783              		.type	init_pwr, %function
 784              	init_pwr:
 785              	.LFB433:
 786              		.loc 2 98 35
 787              		.cfi_startproc
 788              		@ args = 0, pretend = 0, frame = 0
 789              		@ frame_needed = 1, uses_anonymous_args = 0
 790              		@ link register save eliminated.
 791 0000 80B4     		push	{r7}
 792              		.cfi_def_cfa_offset 4
 793              		.cfi_offset 7, -4
 794 0002 00AF     		add	r7, sp, #0
 795              		.cfi_def_cfa_register 7
 796              		.loc 2 106 6
 797 0004 124B     		ldr	r3, .L46
 798              		.loc 2 106 14
ARM GAS  C:\Users\DEVELO~1\AppData\Local\Temp\ccjCi1yh.s 			page 15


 799 0006 0222     		movs	r2, #2
 800 0008 DA60     		str	r2, [r3, #12]
 801              		.loc 2 107 9
 802 000a 00BF     		nop
 803              	.L44:
 804              		.loc 2 107 14 discriminator 1
 805 000c 104B     		ldr	r3, .L46
 806 000e 5B68     		ldr	r3, [r3, #4]
 807              		.loc 2 107 21 discriminator 1
 808 0010 03F40053 		and	r3, r3, #8192
 809              		.loc 2 107 43 discriminator 1
 810 0014 002B     		cmp	r3, #0
 811 0016 F9D0     		beq	.L44
 812              		.loc 2 110 6
 813 0018 0D4B     		ldr	r3, .L46
 814              		.loc 2 110 14
 815 001a 0E4A     		ldr	r2, .L46+4
 816 001c 1A60     		str	r2, [r3]
 817              		.loc 2 111 6
 818 001e 0C4B     		ldr	r3, .L46
 819              		.loc 2 111 14
 820 0020 0122     		movs	r2, #1
 821 0022 9A60     		str	r2, [r3, #8]
 822              		.loc 2 112 6
 823 0024 0A4B     		ldr	r3, .L46
 824              		.loc 2 112 14
 825 0026 0C4A     		ldr	r2, .L46+8
 826 0028 DA60     		str	r2, [r3, #12]
 827              		.loc 2 113 6
 828 002a 094B     		ldr	r3, .L46
 829              		.loc 2 113 14
 830 002c 0022     		movs	r2, #0
 831 002e 1A61     		str	r2, [r3, #16]
 832              		.loc 2 117 6
 833 0030 074B     		ldr	r3, .L46
 834              		.loc 2 117 14
 835 0032 4FF44042 		mov	r2, #49152
 836 0036 9A61     		str	r2, [r3, #24]
 837              		.loc 2 127 9
 838 0038 00BF     		nop
 839              	.L45:
 840              		.loc 2 127 14 discriminator 1
 841 003a 054B     		ldr	r3, .L46
 842 003c 9B69     		ldr	r3, [r3, #24]
 843              		.loc 2 127 21 discriminator 1
 844 003e 03F40053 		and	r3, r3, #8192
 845              		.loc 2 127 40 discriminator 1
 846 0042 002B     		cmp	r3, #0
 847 0044 F9D0     		beq	.L45
 848              		.loc 2 135 1
 849 0046 00BF     		nop
 850 0048 00BF     		nop
 851 004a BD46     		mov	sp, r7
 852              		.cfi_def_cfa_register 13
 853              		@ sp needed
 854 004c 80BC     		pop	{r7}
 855              		.cfi_restore 7
ARM GAS  C:\Users\DEVELO~1\AppData\Local\Temp\ccjCi1yh.s 			page 16


 856              		.cfi_def_cfa_offset 0
 857 004e 7047     		bx	lr
 858              	.L47:
 859              		.align	2
 860              	.L46:
 861 0050 00480258 		.word	1476544512
 862 0054 00C000F0 		.word	-268386304
 863 0058 02000001 		.word	16777218
 864              		.cfi_endproc
 865              	.LFE433:
 866              		.size	init_pwr, .-init_pwr
 867              		.section	.text.hal_lld_init,"ax",%progbits
 868              		.align	1
 869              		.global	hal_lld_init
 870              		.syntax unified
 871              		.thumb
 872              		.thumb_func
 873              		.type	hal_lld_init, %function
 874              	hal_lld_init:
 875              	.LFB434:
 876              		.loc 2 150 25
 877              		.cfi_startproc
 878              		@ args = 0, pretend = 0, frame = 0
 879              		@ frame_needed = 1, uses_anonymous_args = 0
 880 0000 80B5     		push	{r7, lr}
 881              		.cfi_def_cfa_offset 8
 882              		.cfi_offset 7, -8
 883              		.cfi_offset 14, -4
 884 0002 00AF     		add	r7, sp, #0
 885              		.cfi_def_cfa_register 7
 886              		.loc 2 160 3
 887 0004 6FF00040 		mvn	r0, #-2147483648
 888 0008 FFF7FEFF 		bl	__rccResetAHB1
 889              		.loc 2 161 3
 890 000c 4FF0FF30 		mov	r0, #-1
 891 0010 FFF7FEFF 		bl	__rccResetAHB2
 892              		.loc 2 162 3
 893 0014 1048     		ldr	r0, .L49
 894 0016 FFF7FEFF 		bl	__rccResetAHB3
 895              		.loc 2 177 3
 896 001a 1048     		ldr	r0, .L49+4
 897 001c FFF7FEFF 		bl	__rccResetAHB4
 898              		.loc 2 178 3
 899 0020 4FF0FF30 		mov	r0, #-1
 900 0024 FFF7FEFF 		bl	__rccResetAPB1L
 901              		.loc 2 179 3
 902 0028 4FF0FF30 		mov	r0, #-1
 903 002c FFF7FEFF 		bl	__rccResetAPB1H
 904              		.loc 2 180 3
 905 0030 4FF0FF30 		mov	r0, #-1
 906 0034 FFF7FEFF 		bl	__rccResetAPB2
 907              		.loc 2 181 3
 908 0038 4FF0FF30 		mov	r0, #-1
 909 003c FFF7FEFF 		bl	__rccResetAPB3
 910              		.loc 2 182 3
 911 0040 4FF0FF30 		mov	r0, #-1
 912 0044 FFF7FEFF 		bl	__rccResetAPB4
ARM GAS  C:\Users\DEVELO~1\AppData\Local\Temp\ccjCi1yh.s 			page 17


 913              		.loc 2 187 3
 914 0048 FFF7FEFF 		bl	bdmaInit
 915              		.loc 2 190 3
 916 004c FFF7FEFF 		bl	dmaInit
 917              		.loc 2 197 3
 918 0050 FFF7FEFF 		bl	irqInit
 919              		.loc 2 218 1
 920 0054 00BF     		nop
 921 0056 80BD     		pop	{r7, pc}
 922              	.L50:
 923              		.align	2
 924              	.L49:
 925 0058 FFEFFF7F 		.word	2147479551
 926 005c 00F8FFFF 		.word	-2048
 927              		.cfi_endproc
 928              	.LFE434:
 929              		.size	hal_lld_init, .-hal_lld_init
 930              		.section	.text.stm32_clock_init,"ax",%progbits
 931              		.align	1
 932              		.global	stm32_clock_init
 933              		.syntax unified
 934              		.thumb
 935              		.thumb_func
 936              		.type	stm32_clock_init, %function
 937              	stm32_clock_init:
 938              	.LFB435:
 939              		.loc 2 227 29
 940              		.cfi_startproc
 941              		@ args = 0, pretend = 0, frame = 16
 942              		@ frame_needed = 1, uses_anonymous_args = 0
 943 0000 80B5     		push	{r7, lr}
 944              		.cfi_def_cfa_offset 8
 945              		.cfi_offset 7, -8
 946              		.cfi_offset 14, -4
 947 0002 84B0     		sub	sp, sp, #16
 948              		.cfi_def_cfa_offset 24
 949 0004 00AF     		add	r7, sp, #0
 950              		.cfi_def_cfa_register 7
 951              		.loc 2 240 3
 952 0006 7E4B     		ldr	r3, .L59
 953              		.loc 2 240 58
 954 0008 0122     		movs	r2, #1
 955 000a 1A60     		str	r2, [r3]
 956              		.loc 2 245 3
 957 000c 0121     		movs	r1, #1
 958 000e 0220     		movs	r0, #2
 959 0010 FFF7FEFF 		bl	rccEnableAPB4
 960              		.loc 2 248 3
 961 0014 FFF7FEFF 		bl	init_pwr
 962              		.loc 2 251 3
 963 0018 FFF7FEFF 		bl	init_bkp_domain
 964              		.loc 2 255 11
 965 001c 794B     		ldr	r3, .L59+4
 966 001e 1B68     		ldr	r3, [r3]
 967 0020 784A     		ldr	r2, .L59+4
 968 0022 43F00103 		orr	r3, r3, #1
 969 0026 1360     		str	r3, [r2]
ARM GAS  C:\Users\DEVELO~1\AppData\Local\Temp\ccjCi1yh.s 			page 18


 970              		.loc 2 256 9
 971 0028 00BF     		nop
 972              	.L52:
 973              		.loc 2 256 15 discriminator 1
 974 002a 764B     		ldr	r3, .L59+4
 975 002c 1B68     		ldr	r3, [r3]
 976              		.loc 2 256 20 discriminator 1
 977 002e 03F00403 		and	r3, r3, #4
 978              		.loc 2 256 10 discriminator 1
 979 0032 002B     		cmp	r3, #0
 980 0034 F9D0     		beq	.L52
 981              		.loc 2 262 6
 982 0036 734B     		ldr	r3, .L59+4
 983              		.loc 2 262 16
 984 0038 0022     		movs	r2, #0
 985 003a 1A61     		str	r2, [r3, #16]
 986              		.loc 2 263 9
 987 003c 00BF     		nop
 988              	.L53:
 989              		.loc 2 263 14 discriminator 1
 990 003e 714B     		ldr	r3, .L59+4
 991 0040 1B69     		ldr	r3, [r3, #16]
 992              		.loc 2 263 21 discriminator 1
 993 0042 03F03803 		and	r3, r3, #56
 994              		.loc 2 263 37 discriminator 1
 995 0046 002B     		cmp	r3, #0
 996 0048 F9D1     		bne	.L53
 997              		.loc 2 267 6
 998 004a 6E4B     		ldr	r3, .L59+4
 999              		.loc 2 267 16
 1000 004c 0122     		movs	r2, #1
 1001 004e 1A60     		str	r2, [r3]
 1002              		.loc 2 268 6
 1003 0050 6C4B     		ldr	r3, .L59+4
 1004              		.loc 2 268 16
 1005 0052 4FF08042 		mov	r2, #1073741824
 1006 0056 5A60     		str	r2, [r3, #4]
 1007              		.loc 2 272 6
 1008 0058 6A4B     		ldr	r3, .L59+4
 1009              		.loc 2 272 16
 1010 005a 0022     		movs	r2, #0
 1011 005c 5A67     		str	r2, [r3, #116]
 1012              		.loc 2 273 6
 1013 005e 694B     		ldr	r3, .L59+4
 1014              		.loc 2 273 16
 1015 0060 694A     		ldr	r2, .L59+8
 1016 0062 DA62     		str	r2, [r3, #44]
 1017              		.loc 2 277 8
 1018 0064 694B     		ldr	r3, .L59+12
 1019 0066 FB60     		str	r3, [r7, #12]
 1020              		.loc 2 285 8
 1021 0068 FB68     		ldr	r3, [r7, #12]
 1022 006a 43F40043 		orr	r3, r3, #32768
 1023 006e FB60     		str	r3, [r7, #12]
 1024              		.loc 2 287 6
 1025 0070 644A     		ldr	r2, .L59+4
 1026              		.loc 2 287 13
ARM GAS  C:\Users\DEVELO~1\AppData\Local\Temp\ccjCi1yh.s 			page 19


 1027 0072 FB68     		ldr	r3, [r7, #12]
 1028 0074 1361     		str	r3, [r2, #16]
 1029              		.loc 2 294 11
 1030 0076 634B     		ldr	r3, .L59+4
 1031 0078 1B68     		ldr	r3, [r3]
 1032 007a 624A     		ldr	r2, .L59+4
 1033 007c 43F48033 		orr	r3, r3, #65536
 1034 0080 1360     		str	r3, [r2]
 1035              		.loc 2 296 9
 1036 0082 00BF     		nop
 1037              	.L54:
 1038              		.loc 2 296 14 discriminator 1
 1039 0084 5F4B     		ldr	r3, .L59+4
 1040 0086 1B68     		ldr	r3, [r3]
 1041              		.loc 2 296 19 discriminator 1
 1042 0088 03F40033 		and	r3, r3, #131072
 1043              		.loc 2 296 36 discriminator 1
 1044 008c 002B     		cmp	r3, #0
 1045 008e F9D0     		beq	.L54
 1046              		.loc 2 302 11
 1047 0090 5C4B     		ldr	r3, .L59+4
 1048 0092 1B68     		ldr	r3, [r3]
 1049 0094 5B4A     		ldr	r2, .L59+4
 1050 0096 43F48053 		orr	r3, r3, #4096
 1051 009a 1360     		str	r3, [r2]
 1052              		.loc 2 303 9
 1053 009c 00BF     		nop
 1054              	.L55:
 1055              		.loc 2 303 14 discriminator 1
 1056 009e 594B     		ldr	r3, .L59+4
 1057 00a0 1B68     		ldr	r3, [r3]
 1058              		.loc 2 303 19 discriminator 1
 1059 00a2 03F40053 		and	r3, r3, #8192
 1060              		.loc 2 303 38 discriminator 1
 1061 00a6 002B     		cmp	r3, #0
 1062 00a8 F9D0     		beq	.L55
 1063              	.LBB2:
 1064              		.loc 2 328 14
 1065 00aa 0023     		movs	r3, #0
 1066 00ac BB60     		str	r3, [r7, #8]
 1067              		.loc 2 329 14
 1068 00ae 0023     		movs	r3, #0
 1069 00b0 7B60     		str	r3, [r7, #4]
 1070              		.loc 2 330 14
 1071 00b2 0023     		movs	r3, #0
 1072 00b4 3B60     		str	r3, [r7]
 1073              		.loc 2 332 8
 1074 00b6 534B     		ldr	r3, .L59+4
 1075              		.loc 2 332 20
 1076 00b8 554A     		ldr	r2, .L59+16
 1077 00ba 9A62     		str	r2, [r3, #40]
 1078              		.loc 2 337 13
 1079 00bc 40F29933 		movw	r3, #921
 1080 00c0 3B60     		str	r3, [r7]
 1081              		.loc 2 342 8
 1082 00c2 504B     		ldr	r3, .L59+4
 1083              		.loc 2 342 20
ARM GAS  C:\Users\DEVELO~1\AppData\Local\Temp\ccjCi1yh.s 			page 20


 1084 00c4 0022     		movs	r2, #0
 1085 00c6 5A63     		str	r2, [r3, #52]
 1086              		.loc 2 343 8
 1087 00c8 4E4B     		ldr	r3, .L59+4
 1088              		.loc 2 343 20
 1089 00ca 524A     		ldr	r2, .L59+20
 1090 00cc 1A63     		str	r2, [r3, #48]
 1091              		.loc 2 345 13
 1092 00ce BB68     		ldr	r3, [r7, #8]
 1093 00d0 43F08073 		orr	r3, r3, #16777216
 1094 00d4 BB60     		str	r3, [r7, #8]
 1095              		.loc 2 346 13
 1096 00d6 7B68     		ldr	r3, [r7, #4]
 1097 00d8 43F00073 		orr	r3, r3, #33554432
 1098 00dc 7B60     		str	r3, [r7, #4]
 1099              		.loc 2 348 13
 1100 00de 3B68     		ldr	r3, [r7]
 1101 00e0 43F48033 		orr	r3, r3, #65536
 1102 00e4 3B60     		str	r3, [r7]
 1103              		.loc 2 351 13
 1104 00e6 3B68     		ldr	r3, [r7]
 1105 00e8 43F40033 		orr	r3, r3, #131072
 1106 00ec 3B60     		str	r3, [r7]
 1107              		.loc 2 354 13
 1108 00ee 3B68     		ldr	r3, [r7]
 1109 00f0 43F48023 		orr	r3, r3, #262144
 1110 00f4 3B60     		str	r3, [r7]
 1111              		.loc 2 359 8
 1112 00f6 434B     		ldr	r3, .L59+4
 1113              		.loc 2 359 20
 1114 00f8 44F6F052 		movw	r2, #19952
 1115 00fc DA63     		str	r2, [r3, #60]
 1116              		.loc 2 360 8
 1117 00fe 414B     		ldr	r3, .L59+4
 1118              		.loc 2 360 20
 1119 0100 454A     		ldr	r2, .L59+24
 1120 0102 9A63     		str	r2, [r3, #56]
 1121              		.loc 2 362 13
 1122 0104 BB68     		ldr	r3, [r7, #8]
 1123 0106 43F08063 		orr	r3, r3, #67108864
 1124 010a BB60     		str	r3, [r7, #8]
 1125              		.loc 2 363 13
 1126 010c 7B68     		ldr	r3, [r7, #4]
 1127 010e 43F00063 		orr	r3, r3, #134217728
 1128 0112 7B60     		str	r3, [r7, #4]
 1129              		.loc 2 365 13
 1130 0114 3B68     		ldr	r3, [r7]
 1131 0116 43F40023 		orr	r3, r3, #524288
 1132 011a 3B60     		str	r3, [r7]
 1133              		.loc 2 368 13
 1134 011c 3B68     		ldr	r3, [r7]
 1135 011e 43F48013 		orr	r3, r3, #1048576
 1136 0122 3B60     		str	r3, [r7]
 1137              		.loc 2 371 13
 1138 0124 3B68     		ldr	r3, [r7]
 1139 0126 43F40013 		orr	r3, r3, #2097152
 1140 012a 3B60     		str	r3, [r7]
ARM GAS  C:\Users\DEVELO~1\AppData\Local\Temp\ccjCi1yh.s 			page 21


 1141              		.loc 2 376 8
 1142 012c 354B     		ldr	r3, .L59+4
 1143              		.loc 2 376 20
 1144 012e 0022     		movs	r2, #0
 1145 0130 5A64     		str	r2, [r3, #68]
 1146              		.loc 2 377 8
 1147 0132 344B     		ldr	r3, .L59+4
 1148              		.loc 2 377 20
 1149 0134 394A     		ldr	r2, .L59+28
 1150 0136 1A64     		str	r2, [r3, #64]
 1151              		.loc 2 379 13
 1152 0138 BB68     		ldr	r3, [r7, #8]
 1153 013a 43F08053 		orr	r3, r3, #268435456
 1154 013e BB60     		str	r3, [r7, #8]
 1155              		.loc 2 380 13
 1156 0140 7B68     		ldr	r3, [r7, #4]
 1157 0142 43F00053 		orr	r3, r3, #536870912
 1158 0146 7B60     		str	r3, [r7, #4]
 1159              		.loc 2 382 13
 1160 0148 3B68     		ldr	r3, [r7]
 1161 014a 43F48003 		orr	r3, r3, #4194304
 1162 014e 3B60     		str	r3, [r7]
 1163              		.loc 2 388 13
 1164 0150 3B68     		ldr	r3, [r7]
 1165 0152 43F08073 		orr	r3, r3, #16777216
 1166 0156 3B60     		str	r3, [r7]
 1167              		.loc 2 393 8
 1168 0158 2A4A     		ldr	r2, .L59+4
 1169              		.loc 2 393 18
 1170 015a 3B68     		ldr	r3, [r7]
 1171 015c D362     		str	r3, [r2, #44]
 1172              		.loc 2 394 17
 1173 015e 294B     		ldr	r3, .L59+4
 1174 0160 1A68     		ldr	r2, [r3]
 1175 0162 2849     		ldr	r1, .L59+4
 1176 0164 BB68     		ldr	r3, [r7, #8]
 1177 0166 1343     		orrs	r3, r3, r2
 1178 0168 0B60     		str	r3, [r1]
 1179              		.loc 2 395 11
 1180 016a 00BF     		nop
 1181              	.L56:
 1182              		.loc 2 395 16 discriminator 1
 1183 016c 254B     		ldr	r3, .L59+4
 1184 016e 1A68     		ldr	r2, [r3]
 1185              		.loc 2 395 21 discriminator 1
 1186 0170 7B68     		ldr	r3, [r7, #4]
 1187 0172 1340     		ands	r3, r3, r2
 1188              		.loc 2 395 32 discriminator 1
 1189 0174 7A68     		ldr	r2, [r7, #4]
 1190 0176 9A42     		cmp	r2, r3
 1191 0178 F8D1     		bne	.L56
 1192              	.LBE2:
 1193              		.loc 2 406 6
 1194 017a 224B     		ldr	r3, .L59+4
 1195              		.loc 2 406 15
 1196 017c 4822     		movs	r2, #72
 1197 017e 9A61     		str	r2, [r3, #24]
ARM GAS  C:\Users\DEVELO~1\AppData\Local\Temp\ccjCi1yh.s 			page 22


 1198              		.loc 2 407 6
 1199 0180 204B     		ldr	r3, .L59+4
 1200              		.loc 2 407 15
 1201 0182 4FF48862 		mov	r2, #1088
 1202 0186 DA61     		str	r2, [r3, #28]
 1203              		.loc 2 408 6
 1204 0188 1E4B     		ldr	r3, .L59+4
 1205              		.loc 2 408 15
 1206 018a 4022     		movs	r2, #64
 1207 018c 1A62     		str	r2, [r3, #32]
 1208              		.loc 2 413 6
 1209 018e 1D4B     		ldr	r3, .L59+4
 1210              		.loc 2 413 17
 1211 0190 4FF48032 		mov	r2, #65536
 1212 0194 DA64     		str	r2, [r3, #76]
 1213              		.loc 2 415 6
 1214 0196 1B4B     		ldr	r3, .L59+4
 1215              		.loc 2 415 17
 1216 0198 214A     		ldr	r2, .L59+32
 1217 019a 1A65     		str	r2, [r3, #80]
 1218              		.loc 2 418 6
 1219 019c 194B     		ldr	r3, .L59+4
 1220              		.loc 2 418 17
 1221 019e 4FF4E002 		mov	r2, #7340032
 1222 01a2 5A65     		str	r2, [r3, #84]
 1223              		.loc 2 421 6
 1224 01a4 174B     		ldr	r3, .L59+4
 1225              		.loc 2 421 17
 1226 01a6 4FF44032 		mov	r2, #196608
 1227 01aa 9A65     		str	r2, [r3, #88]
 1228              		.loc 2 452 8
 1229 01ac 1D4B     		ldr	r3, .L59+36
 1230              		.loc 2 452 14
 1231 01ae 3222     		movs	r2, #50
 1232 01b0 1A60     		str	r2, [r3]
 1233              		.loc 2 454 9
 1234 01b2 00BF     		nop
 1235              	.L57:
 1236              		.loc 2 454 16 discriminator 1
 1237 01b4 1B4B     		ldr	r3, .L59+36
 1238 01b6 1B68     		ldr	r3, [r3]
 1239              		.loc 2 454 22 discriminator 1
 1240 01b8 03F00F03 		and	r3, r3, #15
 1241              		.loc 2 454 43 discriminator 1
 1242 01bc 022B     		cmp	r3, #2
 1243 01be F9D1     		bne	.L57
 1244              		.loc 2 461 13
 1245 01c0 104B     		ldr	r3, .L59+4
 1246 01c2 1B69     		ldr	r3, [r3, #16]
 1247 01c4 0F4A     		ldr	r2, .L59+4
 1248 01c6 43F00303 		orr	r3, r3, #3
 1249 01ca 1361     		str	r3, [r2, #16]
 1250              		.loc 2 462 9
 1251 01cc 00BF     		nop
 1252              	.L58:
 1253              		.loc 2 462 14 discriminator 1
 1254 01ce 0D4B     		ldr	r3, .L59+4
ARM GAS  C:\Users\DEVELO~1\AppData\Local\Temp\ccjCi1yh.s 			page 23


 1255 01d0 1B69     		ldr	r3, [r3, #16]
 1256              		.loc 2 462 21 discriminator 1
 1257 01d2 03F03803 		and	r3, r3, #56
 1258              		.loc 2 462 41 discriminator 1
 1259 01d6 182B     		cmp	r3, #24
 1260 01d8 F9D1     		bne	.L58
 1261              		.loc 2 477 3
 1262 01da 0121     		movs	r1, #1
 1263 01dc 4FF00050 		mov	r0, #536870912
 1264 01e0 FFF7FEFF 		bl	rccEnableAHB2
 1265              		.loc 2 478 3
 1266 01e4 0121     		movs	r1, #1
 1267 01e6 4FF08040 		mov	r0, #1073741824
 1268 01ea FFF7FEFF 		bl	rccEnableAHB2
 1269              		.loc 2 480 3
 1270 01ee 0121     		movs	r1, #1
 1271 01f0 4FF00040 		mov	r0, #-2147483648
 1272 01f4 FFF7FEFF 		bl	rccEnableAHB2
 1273              		.loc 2 483 1
 1274 01f8 00BF     		nop
 1275 01fa 1037     		adds	r7, r7, #16
 1276              		.cfi_def_cfa_offset 8
 1277 01fc BD46     		mov	sp, r7
 1278              		.cfi_def_cfa_register 13
 1279              		@ sp needed
 1280 01fe 80BD     		pop	{r7, pc}
 1281              	.L60:
 1282              		.align	2
 1283              	.L59:
 1284 0200 08810051 		.word	1358987528
 1285 0204 00440258 		.word	1476543488
 1286 0208 0000FF01 		.word	33488896
 1287 020c 00081008 		.word	135268352
 1288 0210 52509001 		.word	26234962
 1289 0214 9F020901 		.word	17367711
 1290 0218 6112010B 		.word	184619617
 1291 021c 1F070507 		.word	117770015
 1292 0220 40000010 		.word	268435520
 1293 0224 00200052 		.word	1375739904
 1294              		.cfi_endproc
 1295              	.LFE435:
 1296              		.size	stm32_clock_init, .-stm32_clock_init
 1297              		.text
 1298              	.Letext0:
 1299              		.file 3 "c:\\chibistudio\\tools\\gnu tools arm embedded\\11.3 2022.08\\arm-none-eabi\\include\\mac
 1300              		.file 4 "c:\\chibistudio\\tools\\gnu tools arm embedded\\11.3 2022.08\\arm-none-eabi\\include\\sys
 1301              		.file 5 "../../../os/common/ext/ST/STM32H7xx/stm32h743xx.h"
 1302              		.file 6 "../../../os/hal/ports/STM32/STM32H7xx/stm32_isr.h"
 1303              		.file 7 "../../../os/hal/ports/STM32/LLD/DMAv2/stm32_dma.h"
 1304              		.file 8 "../../../os/hal/ports/STM32/LLD/BDMAv1/stm32_bdma.h"
 1305              		.file 9 "../../../os/common/ext/ST/STM32H7xx/system_stm32h7xx.h"
 1306              		.section	.debug_info,"",%progbits
 1307              	.Ldebug_info0:
 1308 0000 97090000 		.4byte	0x997
 1309 0004 0500     		.2byte	0x5
 1310 0006 01       		.byte	0x1
 1311 0007 04       		.byte	0x4
ARM GAS  C:\Users\DEVELO~1\AppData\Local\Temp\ccjCi1yh.s 			page 24


 1312 0008 00000000 		.4byte	.Ldebug_abbrev0
 1313 000c 13       		.uleb128 0x13
 1314 000d B9020000 		.4byte	.LASF138
 1315 0011 1D       		.byte	0x1d
 1316 0012 57000000 		.4byte	.LASF139
 1317 0016 3E010000 		.4byte	.LASF140
 1318 001a 0C000000 		.4byte	.LLRL0
 1319 001e 00000000 		.4byte	0
 1320 0022 00000000 		.4byte	.Ldebug_line0
 1321 0026 14       		.uleb128 0x14
 1322 0027 04       		.byte	0x4
 1323 0028 05       		.byte	0x5
 1324 0029 696E7400 		.ascii	"int\000"
 1325 002d 03       		.uleb128 0x3
 1326 002e 04       		.byte	0x4
 1327 002f 07       		.byte	0x7
 1328 0030 42020000 		.4byte	.LASF0
 1329 0034 03       		.uleb128 0x3
 1330 0035 08       		.byte	0x8
 1331 0036 05       		.byte	0x5
 1332 0037 C3000000 		.4byte	.LASF1
 1333 003b 03       		.uleb128 0x3
 1334 003c 08       		.byte	0x8
 1335 003d 04       		.byte	0x4
 1336 003e 70050000 		.4byte	.LASF2
 1337 0042 03       		.uleb128 0x3
 1338 0043 01       		.byte	0x1
 1339 0044 06       		.byte	0x6
 1340 0045 1D000000 		.4byte	.LASF3
 1341 0049 03       		.uleb128 0x3
 1342 004a 01       		.byte	0x1
 1343 004b 08       		.byte	0x8
 1344 004c ED040000 		.4byte	.LASF4
 1345 0050 03       		.uleb128 0x3
 1346 0051 02       		.byte	0x2
 1347 0052 05       		.byte	0x5
 1348 0053 FB040000 		.4byte	.LASF5
 1349 0057 03       		.uleb128 0x3
 1350 0058 02       		.byte	0x2
 1351 0059 07       		.byte	0x7
 1352 005a 94020000 		.4byte	.LASF6
 1353 005e 03       		.uleb128 0x3
 1354 005f 04       		.byte	0x4
 1355 0060 05       		.byte	0x5
 1356 0061 34000000 		.4byte	.LASF7
 1357 0065 0C       		.uleb128 0xc
 1358 0066 06020000 		.4byte	.LASF10
 1359 006a 03       		.byte	0x3
 1360 006b 4F       		.byte	0x4f
 1361 006c 19       		.byte	0x19
 1362 006d 71000000 		.4byte	0x71
 1363 0071 03       		.uleb128 0x3
 1364 0072 04       		.byte	0x4
 1365 0073 07       		.byte	0x7
 1366 0074 67020000 		.4byte	.LASF8
 1367 0078 03       		.uleb128 0x3
 1368 0079 08       		.byte	0x8
ARM GAS  C:\Users\DEVELO~1\AppData\Local\Temp\ccjCi1yh.s 			page 25


 1369 007a 07       		.byte	0x7
 1370 007b F6000000 		.4byte	.LASF9
 1371 007f 0C       		.uleb128 0xc
 1372 0080 52050000 		.4byte	.LASF11
 1373 0084 04       		.byte	0x4
 1374 0085 30       		.byte	0x30
 1375 0086 14       		.byte	0x14
 1376 0087 65000000 		.4byte	0x65
 1377 008b 15       		.uleb128 0x15
 1378 008c 7F000000 		.4byte	0x7f
 1379 0090 03       		.uleb128 0x3
 1380 0091 01       		.byte	0x1
 1381 0092 08       		.byte	0x8
 1382 0093 7C050000 		.4byte	.LASF12
 1383 0097 07       		.uleb128 0x7
 1384 0098 7F000000 		.4byte	0x7f
 1385 009c A7000000 		.4byte	0xa7
 1386 00a0 08       		.uleb128 0x8
 1387 00a1 2D000000 		.4byte	0x2d
 1388 00a5 01       		.byte	0x1
 1389 00a6 00       		.byte	0
 1390 00a7 16       		.uleb128 0x16
 1391 00a8 57020000 		.4byte	.LASF141
 1392 00ac 09       		.byte	0x9
 1393 00ad 39       		.byte	0x39
 1394 00ae 11       		.byte	0x11
 1395 00af 7F000000 		.4byte	0x7f
 1396 00b3 07       		.uleb128 0x7
 1397 00b4 7F000000 		.4byte	0x7f
 1398 00b8 C3000000 		.4byte	0xc3
 1399 00bc 08       		.uleb128 0x8
 1400 00bd 2D000000 		.4byte	0x2d
 1401 00c1 03       		.byte	0x3
 1402 00c2 00       		.byte	0
 1403 00c3 07       		.uleb128 0x7
 1404 00c4 7F000000 		.4byte	0x7f
 1405 00c8 D3000000 		.4byte	0xd3
 1406 00cc 08       		.uleb128 0x8
 1407 00cd 2D000000 		.4byte	0x2d
 1408 00d1 08       		.byte	0x8
 1409 00d2 00       		.byte	0
 1410 00d3 0D       		.uleb128 0xd
 1411 00d4 6401     		.2byte	0x164
 1412 00d6 9303     		.2byte	0x393
 1413 00d8 1C030000 		.4byte	0x31c
 1414 00dc 04       		.uleb128 0x4
 1415 00dd 41435200 		.ascii	"ACR\000"
 1416 00e1 9503     		.2byte	0x395
 1417 00e3 11       		.byte	0x11
 1418 00e4 8B000000 		.4byte	0x8b
 1419 00e8 00       		.byte	0
 1420 00e9 01       		.uleb128 0x1
 1421 00ea A4050000 		.4byte	.LASF13
 1422 00ee 9603     		.2byte	0x396
 1423 00f0 11       		.byte	0x11
 1424 00f1 8B000000 		.4byte	0x8b
 1425 00f5 04       		.byte	0x4
ARM GAS  C:\Users\DEVELO~1\AppData\Local\Temp\ccjCi1yh.s 			page 26


 1426 00f6 01       		.uleb128 0x1
 1427 00f7 BF010000 		.4byte	.LASF14
 1428 00fb 9703     		.2byte	0x397
 1429 00fd 11       		.byte	0x11
 1430 00fe 8B000000 		.4byte	0x8b
 1431 0102 08       		.byte	0x8
 1432 0103 04       		.uleb128 0x4
 1433 0104 43523100 		.ascii	"CR1\000"
 1434 0108 9803     		.2byte	0x398
 1435 010a 11       		.byte	0x11
 1436 010b 8B000000 		.4byte	0x8b
 1437 010f 0C       		.byte	0xc
 1438 0110 04       		.uleb128 0x4
 1439 0111 53523100 		.ascii	"SR1\000"
 1440 0115 9903     		.2byte	0x399
 1441 0117 11       		.byte	0x11
 1442 0118 8B000000 		.4byte	0x8b
 1443 011c 10       		.byte	0x10
 1444 011d 01       		.uleb128 0x1
 1445 011e F0050000 		.4byte	.LASF15
 1446 0122 9A03     		.2byte	0x39a
 1447 0124 11       		.byte	0x11
 1448 0125 8B000000 		.4byte	0x8b
 1449 0129 14       		.byte	0x14
 1450 012a 01       		.uleb128 0x1
 1451 012b 3D000000 		.4byte	.LASF16
 1452 012f 9B03     		.2byte	0x39b
 1453 0131 11       		.byte	0x11
 1454 0132 8B000000 		.4byte	0x8b
 1455 0136 18       		.byte	0x18
 1456 0137 01       		.uleb128 0x1
 1457 0138 17040000 		.4byte	.LASF17
 1458 013c 9C03     		.2byte	0x39c
 1459 013e 11       		.byte	0x11
 1460 013f 8B000000 		.4byte	0x8b
 1461 0143 1C       		.byte	0x1c
 1462 0144 01       		.uleb128 0x1
 1463 0145 81050000 		.4byte	.LASF18
 1464 0149 9D03     		.2byte	0x39d
 1465 014b 11       		.byte	0x11
 1466 014c 8B000000 		.4byte	0x8b
 1467 0150 20       		.byte	0x20
 1468 0151 01       		.uleb128 0x1
 1469 0152 0D010000 		.4byte	.LASF19
 1470 0156 9E03     		.2byte	0x39e
 1471 0158 11       		.byte	0x11
 1472 0159 8B000000 		.4byte	0x8b
 1473 015d 24       		.byte	0x24
 1474 015e 01       		.uleb128 0x1
 1475 015f 5F030000 		.4byte	.LASF20
 1476 0163 9F03     		.2byte	0x39f
 1477 0165 11       		.byte	0x11
 1478 0166 8B000000 		.4byte	0x8b
 1479 016a 28       		.byte	0x28
 1480 016b 01       		.uleb128 0x1
 1481 016c 43000000 		.4byte	.LASF21
 1482 0170 A003     		.2byte	0x3a0
ARM GAS  C:\Users\DEVELO~1\AppData\Local\Temp\ccjCi1yh.s 			page 27


 1483 0172 11       		.byte	0x11
 1484 0173 8B000000 		.4byte	0x8b
 1485 0177 2C       		.byte	0x2c
 1486 0178 01       		.uleb128 0x1
 1487 0179 C7010000 		.4byte	.LASF22
 1488 017d A103     		.2byte	0x3a1
 1489 017f 11       		.byte	0x11
 1490 0180 8B000000 		.4byte	0x8b
 1491 0184 30       		.byte	0x30
 1492 0185 01       		.uleb128 0x1
 1493 0186 A6030000 		.4byte	.LASF23
 1494 018a A203     		.2byte	0x3a2
 1495 018c 11       		.byte	0x11
 1496 018d 8B000000 		.4byte	0x8b
 1497 0191 34       		.byte	0x34
 1498 0192 01       		.uleb128 0x1
 1499 0193 D1050000 		.4byte	.LASF24
 1500 0197 A303     		.2byte	0x3a3
 1501 0199 11       		.byte	0x11
 1502 019a 8B000000 		.4byte	0x8b
 1503 019e 38       		.byte	0x38
 1504 019f 01       		.uleb128 0x1
 1505 01a0 D0030000 		.4byte	.LASF25
 1506 01a4 A403     		.2byte	0x3a4
 1507 01a6 11       		.byte	0x11
 1508 01a7 8B000000 		.4byte	0x8b
 1509 01ab 3C       		.byte	0x3c
 1510 01ac 01       		.uleb128 0x1
 1511 01ad D1000000 		.4byte	.LASF26
 1512 01b1 A503     		.2byte	0x3a5
 1513 01b3 11       		.byte	0x11
 1514 01b4 8B000000 		.4byte	0x8b
 1515 01b8 40       		.byte	0x40
 1516 01b9 01       		.uleb128 0x1
 1517 01ba 8B020000 		.4byte	.LASF27
 1518 01be A603     		.2byte	0x3a6
 1519 01c0 11       		.byte	0x11
 1520 01c1 8B000000 		.4byte	0x8b
 1521 01c5 44       		.byte	0x44
 1522 01c6 01       		.uleb128 0x1
 1523 01c7 91040000 		.4byte	.LASF28
 1524 01cb A703     		.2byte	0x3a7
 1525 01cd 11       		.byte	0x11
 1526 01ce 97000000 		.4byte	0x97
 1527 01d2 48       		.byte	0x48
 1528 01d3 01       		.uleb128 0x1
 1529 01d4 09040000 		.4byte	.LASF29
 1530 01d8 A803     		.2byte	0x3a8
 1531 01da 11       		.byte	0x11
 1532 01db 8B000000 		.4byte	0x8b
 1533 01df 50       		.byte	0x50
 1534 01e0 01       		.uleb128 0x1
 1535 01e1 1F060000 		.4byte	.LASF30
 1536 01e5 A903     		.2byte	0x3a9
 1537 01e7 11       		.byte	0x11
 1538 01e8 8B000000 		.4byte	0x8b
 1539 01ec 54       		.byte	0x54
ARM GAS  C:\Users\DEVELO~1\AppData\Local\Temp\ccjCi1yh.s 			page 28


 1540 01ed 01       		.uleb128 0x1
 1541 01ee E4030000 		.4byte	.LASF31
 1542 01f2 AA03     		.2byte	0x3aa
 1543 01f4 11       		.byte	0x11
 1544 01f5 8B000000 		.4byte	0x8b
 1545 01f9 58       		.byte	0x58
 1546 01fa 01       		.uleb128 0x1
 1547 01fb B7010000 		.4byte	.LASF32
 1548 01ff AB03     		.2byte	0x3ab
 1549 0201 11       		.byte	0x11
 1550 0202 8B000000 		.4byte	0x8b
 1551 0206 5C       		.byte	0x5c
 1552 0207 01       		.uleb128 0x1
 1553 0208 19050000 		.4byte	.LASF33
 1554 020c AC03     		.2byte	0x3ac
 1555 020e 11       		.byte	0x11
 1556 020f 8B000000 		.4byte	0x8b
 1557 0213 60       		.byte	0x60
 1558 0214 01       		.uleb128 0x1
 1559 0215 9B040000 		.4byte	.LASF34
 1560 0219 AD03     		.2byte	0x3ad
 1561 021b 11       		.byte	0x11
 1562 021c 1C030000 		.4byte	0x31c
 1563 0220 64       		.byte	0x64
 1564 0221 02       		.uleb128 0x2
 1565 0222 94050000 		.4byte	.LASF35
 1566 0226 AE03     		.2byte	0x3ae
 1567 0228 11       		.byte	0x11
 1568 0229 8B000000 		.4byte	0x8b
 1569 022d 0401     		.2byte	0x104
 1570 022f 02       		.uleb128 0x2
 1571 0230 A5040000 		.4byte	.LASF36
 1572 0234 AF03     		.2byte	0x3af
 1573 0236 11       		.byte	0x11
 1574 0237 7F000000 		.4byte	0x7f
 1575 023b 0801     		.2byte	0x108
 1576 023d 0E       		.uleb128 0xe
 1577 023e 43523200 		.ascii	"CR2\000"
 1578 0242 B003     		.2byte	0x3b0
 1579 0244 8B000000 		.4byte	0x8b
 1580 0248 0C01     		.2byte	0x10c
 1581 024a 0E       		.uleb128 0xe
 1582 024b 53523200 		.ascii	"SR2\000"
 1583 024f B103     		.2byte	0x3b1
 1584 0251 8B000000 		.4byte	0x8b
 1585 0255 1001     		.2byte	0x110
 1586 0257 02       		.uleb128 0x2
 1587 0258 F5050000 		.4byte	.LASF37
 1588 025c B203     		.2byte	0x3b2
 1589 025e 11       		.byte	0x11
 1590 025f 8B000000 		.4byte	0x8b
 1591 0263 1401     		.2byte	0x114
 1592 0265 02       		.uleb128 0x2
 1593 0266 AF040000 		.4byte	.LASF38
 1594 026a B303     		.2byte	0x3b3
 1595 026c 11       		.byte	0x11
 1596 026d B3000000 		.4byte	0xb3
ARM GAS  C:\Users\DEVELO~1\AppData\Local\Temp\ccjCi1yh.s 			page 29


 1597 0271 1801     		.2byte	0x118
 1598 0273 02       		.uleb128 0x2
 1599 0274 69030000 		.4byte	.LASF39
 1600 0278 B403     		.2byte	0x3b4
 1601 027a 11       		.byte	0x11
 1602 027b 8B000000 		.4byte	0x8b
 1603 027f 2801     		.2byte	0x128
 1604 0281 02       		.uleb128 0x2
 1605 0282 4D000000 		.4byte	.LASF40
 1606 0286 B503     		.2byte	0x3b5
 1607 0288 11       		.byte	0x11
 1608 0289 8B000000 		.4byte	0x8b
 1609 028d 2C01     		.2byte	0x12c
 1610 028f 02       		.uleb128 0x2
 1611 0290 D9010000 		.4byte	.LASF41
 1612 0294 B603     		.2byte	0x3b6
 1613 0296 11       		.byte	0x11
 1614 0297 8B000000 		.4byte	0x8b
 1615 029b 3001     		.2byte	0x130
 1616 029d 02       		.uleb128 0x2
 1617 029e B0030000 		.4byte	.LASF42
 1618 02a2 B703     		.2byte	0x3b7
 1619 02a4 11       		.byte	0x11
 1620 02a5 8B000000 		.4byte	0x8b
 1621 02a9 3401     		.2byte	0x134
 1622 02ab 02       		.uleb128 0x2
 1623 02ac DB050000 		.4byte	.LASF43
 1624 02b0 B803     		.2byte	0x3b8
 1625 02b2 11       		.byte	0x11
 1626 02b3 8B000000 		.4byte	0x8b
 1627 02b7 3801     		.2byte	0x138
 1628 02b9 02       		.uleb128 0x2
 1629 02ba DA030000 		.4byte	.LASF44
 1630 02be B903     		.2byte	0x3b9
 1631 02c0 11       		.byte	0x11
 1632 02c1 8B000000 		.4byte	0x8b
 1633 02c5 3C01     		.2byte	0x13c
 1634 02c7 02       		.uleb128 0x2
 1635 02c8 48050000 		.4byte	.LASF45
 1636 02cc BA03     		.2byte	0x3ba
 1637 02ce 11       		.byte	0x11
 1638 02cf B3000000 		.4byte	0xb3
 1639 02d3 4001     		.2byte	0x140
 1640 02d5 02       		.uleb128 0x2
 1641 02d6 10040000 		.4byte	.LASF46
 1642 02da BB03     		.2byte	0x3bb
 1643 02dc 11       		.byte	0x11
 1644 02dd 8B000000 		.4byte	0x8b
 1645 02e1 5001     		.2byte	0x150
 1646 02e3 02       		.uleb128 0x2
 1647 02e4 28060000 		.4byte	.LASF47
 1648 02e8 BC03     		.2byte	0x3bc
 1649 02ea 11       		.byte	0x11
 1650 02eb 8B000000 		.4byte	0x8b
 1651 02ef 5401     		.2byte	0x154
 1652 02f1 02       		.uleb128 0x2
 1653 02f2 ED030000 		.4byte	.LASF48
ARM GAS  C:\Users\DEVELO~1\AppData\Local\Temp\ccjCi1yh.s 			page 30


 1654 02f6 BD03     		.2byte	0x3bd
 1655 02f8 11       		.byte	0x11
 1656 02f9 8B000000 		.4byte	0x8b
 1657 02fd 5801     		.2byte	0x158
 1658 02ff 02       		.uleb128 0x2
 1659 0300 35010000 		.4byte	.LASF49
 1660 0304 BE03     		.2byte	0x3be
 1661 0306 11       		.byte	0x11
 1662 0307 8B000000 		.4byte	0x8b
 1663 030b 5C01     		.2byte	0x15c
 1664 030d 02       		.uleb128 0x2
 1665 030e 21050000 		.4byte	.LASF50
 1666 0312 BF03     		.2byte	0x3bf
 1667 0314 11       		.byte	0x11
 1668 0315 8B000000 		.4byte	0x8b
 1669 0319 6001     		.2byte	0x160
 1670 031b 00       		.byte	0
 1671 031c 07       		.uleb128 0x7
 1672 031d 7F000000 		.4byte	0x7f
 1673 0321 2C030000 		.4byte	0x32c
 1674 0325 08       		.uleb128 0x8
 1675 0326 2D000000 		.4byte	0x2d
 1676 032a 27       		.byte	0x27
 1677 032b 00       		.byte	0
 1678 032c 09       		.uleb128 0x9
 1679 032d E8000000 		.4byte	.LASF51
 1680 0331 C003     		.2byte	0x3c0
 1681 0333 D3000000 		.4byte	0xd3
 1682 0337 17       		.uleb128 0x17
 1683 0338 2C       		.byte	0x2c
 1684 0339 05       		.byte	0x5
 1685 033a BB04     		.2byte	0x4bb
 1686 033c 09       		.byte	0x9
 1687 033d D1030000 		.4byte	0x3d1
 1688 0341 04       		.uleb128 0x4
 1689 0342 43523100 		.ascii	"CR1\000"
 1690 0346 BD04     		.2byte	0x4bd
 1691 0348 11       		.byte	0x11
 1692 0349 8B000000 		.4byte	0x8b
 1693 034d 00       		.byte	0
 1694 034e 01       		.uleb128 0x1
 1695 034f 4C060000 		.4byte	.LASF52
 1696 0353 BE04     		.2byte	0x4be
 1697 0355 11       		.byte	0x11
 1698 0356 8B000000 		.4byte	0x8b
 1699 035a 04       		.byte	0x4
 1700 035b 04       		.uleb128 0x4
 1701 035c 43523200 		.ascii	"CR2\000"
 1702 0360 BF04     		.2byte	0x4bf
 1703 0362 11       		.byte	0x11
 1704 0363 8B000000 		.4byte	0x8b
 1705 0367 08       		.byte	0x8
 1706 0368 04       		.uleb128 0x4
 1707 0369 43523300 		.ascii	"CR3\000"
 1708 036d C004     		.2byte	0x4c0
 1709 036f 11       		.byte	0x11
 1710 0370 8B000000 		.4byte	0x8b
ARM GAS  C:\Users\DEVELO~1\AppData\Local\Temp\ccjCi1yh.s 			page 31


 1711 0374 0C       		.byte	0xc
 1712 0375 01       		.uleb128 0x1
 1713 0376 79020000 		.4byte	.LASF53
 1714 037a C104     		.2byte	0x4c1
 1715 037c 11       		.byte	0x11
 1716 037d 8B000000 		.4byte	0x8b
 1717 0381 10       		.byte	0x10
 1718 0382 01       		.uleb128 0x1
 1719 0383 91040000 		.4byte	.LASF28
 1720 0387 C204     		.2byte	0x4c2
 1721 0389 11       		.byte	0x11
 1722 038a 7F000000 		.4byte	0x7f
 1723 038e 14       		.byte	0x14
 1724 038f 01       		.uleb128 0x1
 1725 0390 5B050000 		.4byte	.LASF54
 1726 0394 C304     		.2byte	0x4c3
 1727 0396 11       		.byte	0x11
 1728 0397 8B000000 		.4byte	0x8b
 1729 039b 18       		.byte	0x18
 1730 039c 01       		.uleb128 0x1
 1731 039d 9B040000 		.4byte	.LASF34
 1732 03a1 C404     		.2byte	0x4c4
 1733 03a3 11       		.byte	0x11
 1734 03a4 7F000000 		.4byte	0x7f
 1735 03a8 1C       		.byte	0x1c
 1736 03a9 01       		.uleb128 0x1
 1737 03aa DA000000 		.4byte	.LASF55
 1738 03ae C504     		.2byte	0x4c5
 1739 03b0 11       		.byte	0x11
 1740 03b1 8B000000 		.4byte	0x8b
 1741 03b5 20       		.byte	0x20
 1742 03b6 01       		.uleb128 0x1
 1743 03b7 16000000 		.4byte	.LASF56
 1744 03bb C604     		.2byte	0x4c6
 1745 03bd 11       		.byte	0x11
 1746 03be 8B000000 		.4byte	0x8b
 1747 03c2 24       		.byte	0x24
 1748 03c3 01       		.uleb128 0x1
 1749 03c4 4F020000 		.4byte	.LASF57
 1750 03c8 C704     		.2byte	0x4c7
 1751 03ca 11       		.byte	0x11
 1752 03cb 8B000000 		.4byte	0x8b
 1753 03cf 28       		.byte	0x28
 1754 03d0 00       		.byte	0
 1755 03d1 09       		.uleb128 0x9
 1756 03d2 9A030000 		.4byte	.LASF58
 1757 03d6 C804     		.2byte	0x4c8
 1758 03d8 37030000 		.4byte	0x337
 1759 03dc 0D       		.uleb128 0xd
 1760 03dd 3001     		.2byte	0x130
 1761 03df CE04     		.2byte	0x4ce
 1762 03e1 3B070000 		.4byte	0x73b
 1763 03e5 04       		.uleb128 0x4
 1764 03e6 435200   		.ascii	"CR\000"
 1765 03e9 D004     		.2byte	0x4d0
 1766 03eb 10       		.byte	0x10
 1767 03ec 8B000000 		.4byte	0x8b
ARM GAS  C:\Users\DEVELO~1\AppData\Local\Temp\ccjCi1yh.s 			page 32


 1768 03f0 00       		.byte	0
 1769 03f1 01       		.uleb128 0x1
 1770 03f2 B1020000 		.4byte	.LASF59
 1771 03f6 D104     		.2byte	0x4d1
 1772 03f8 10       		.byte	0x10
 1773 03f9 8B000000 		.4byte	0x8b
 1774 03fd 04       		.byte	0x4
 1775 03fe 01       		.uleb128 0x1
 1776 03ff F2010000 		.4byte	.LASF60
 1777 0403 D204     		.2byte	0x4d2
 1778 0405 10       		.byte	0x10
 1779 0406 8B000000 		.4byte	0x8b
 1780 040a 08       		.byte	0x8
 1781 040b 01       		.uleb128 0x1
 1782 040c C0050000 		.4byte	.LASF61
 1783 0410 D304     		.2byte	0x4d3
 1784 0412 10       		.byte	0x10
 1785 0413 8B000000 		.4byte	0x8b
 1786 0417 0C       		.byte	0xc
 1787 0418 01       		.uleb128 0x1
 1788 0419 3E060000 		.4byte	.LASF62
 1789 041d D404     		.2byte	0x4d4
 1790 041f 10       		.byte	0x10
 1791 0420 8B000000 		.4byte	0x8b
 1792 0424 10       		.byte	0x10
 1793 0425 01       		.uleb128 0x1
 1794 0426 9B040000 		.4byte	.LASF34
 1795 042a D504     		.2byte	0x4d5
 1796 042c 0F       		.byte	0xf
 1797 042d 7F000000 		.4byte	0x7f
 1798 0431 14       		.byte	0x14
 1799 0432 01       		.uleb128 0x1
 1800 0433 68060000 		.4byte	.LASF63
 1801 0437 D604     		.2byte	0x4d6
 1802 0439 10       		.byte	0x10
 1803 043a 8B000000 		.4byte	0x8b
 1804 043e 18       		.byte	0x18
 1805 043f 01       		.uleb128 0x1
 1806 0440 B9040000 		.4byte	.LASF64
 1807 0444 D704     		.2byte	0x4d7
 1808 0446 10       		.byte	0x10
 1809 0447 8B000000 		.4byte	0x8b
 1810 044b 1C       		.byte	0x1c
 1811 044c 01       		.uleb128 0x1
 1812 044d E3010000 		.4byte	.LASF65
 1813 0451 D804     		.2byte	0x4d8
 1814 0453 10       		.byte	0x10
 1815 0454 8B000000 		.4byte	0x8b
 1816 0458 20       		.byte	0x20
 1817 0459 01       		.uleb128 0x1
 1818 045a A5040000 		.4byte	.LASF36
 1819 045e D904     		.2byte	0x4d9
 1820 0460 0F       		.byte	0xf
 1821 0461 7F000000 		.4byte	0x7f
 1822 0465 24       		.byte	0x24
 1823 0466 01       		.uleb128 0x1
 1824 0467 A7020000 		.4byte	.LASF66
ARM GAS  C:\Users\DEVELO~1\AppData\Local\Temp\ccjCi1yh.s 			page 33


 1825 046b DA04     		.2byte	0x4da
 1826 046d 10       		.byte	0x10
 1827 046e 8B000000 		.4byte	0x8b
 1828 0472 28       		.byte	0x28
 1829 0473 01       		.uleb128 0x1
 1830 0474 EA010000 		.4byte	.LASF67
 1831 0478 DB04     		.2byte	0x4db
 1832 047a 10       		.byte	0x10
 1833 047b 8B000000 		.4byte	0x8b
 1834 047f 2C       		.byte	0x2c
 1835 0480 01       		.uleb128 0x1
 1836 0481 0D000000 		.4byte	.LASF68
 1837 0485 DC04     		.2byte	0x4dc
 1838 0487 10       		.byte	0x10
 1839 0488 8B000000 		.4byte	0x8b
 1840 048c 30       		.byte	0x30
 1841 048d 01       		.uleb128 0x1
 1842 048e 94010000 		.4byte	.LASF69
 1843 0492 DD04     		.2byte	0x4dd
 1844 0494 10       		.byte	0x10
 1845 0495 8B000000 		.4byte	0x8b
 1846 0499 34       		.byte	0x34
 1847 049a 01       		.uleb128 0x1
 1848 049b E4040000 		.4byte	.LASF70
 1849 049f DE04     		.2byte	0x4de
 1850 04a1 10       		.byte	0x10
 1851 04a2 8B000000 		.4byte	0x8b
 1852 04a6 38       		.byte	0x38
 1853 04a7 01       		.uleb128 0x1
 1854 04a8 38020000 		.4byte	.LASF71
 1855 04ac DF04     		.2byte	0x4df
 1856 04ae 10       		.byte	0x10
 1857 04af 8B000000 		.4byte	0x8b
 1858 04b3 3C       		.byte	0x3c
 1859 04b4 01       		.uleb128 0x1
 1860 04b5 FD010000 		.4byte	.LASF72
 1861 04b9 E004     		.2byte	0x4e0
 1862 04bb 10       		.byte	0x10
 1863 04bc 8B000000 		.4byte	0x8b
 1864 04c0 40       		.byte	0x40
 1865 04c1 01       		.uleb128 0x1
 1866 04c2 87030000 		.4byte	.LASF73
 1867 04c6 E104     		.2byte	0x4e1
 1868 04c8 10       		.byte	0x10
 1869 04c9 8B000000 		.4byte	0x8b
 1870 04cd 44       		.byte	0x44
 1871 04ce 01       		.uleb128 0x1
 1872 04cf AF040000 		.4byte	.LASF38
 1873 04d3 E204     		.2byte	0x4e2
 1874 04d5 10       		.byte	0x10
 1875 04d6 7F000000 		.4byte	0x7f
 1876 04da 48       		.byte	0x48
 1877 04db 01       		.uleb128 0x1
 1878 04dc 60050000 		.4byte	.LASF74
 1879 04e0 E304     		.2byte	0x4e3
 1880 04e2 11       		.byte	0x11
 1881 04e3 8B000000 		.4byte	0x8b
ARM GAS  C:\Users\DEVELO~1\AppData\Local\Temp\ccjCi1yh.s 			page 34


 1882 04e7 4C       		.byte	0x4c
 1883 04e8 01       		.uleb128 0x1
 1884 04e9 16020000 		.4byte	.LASF75
 1885 04ed E404     		.2byte	0x4e4
 1886 04ef 11       		.byte	0x11
 1887 04f0 8B000000 		.4byte	0x8b
 1888 04f4 50       		.byte	0x50
 1889 04f5 01       		.uleb128 0x1
 1890 04f6 56030000 		.4byte	.LASF76
 1891 04fa E504     		.2byte	0x4e5
 1892 04fc 11       		.byte	0x11
 1893 04fd 8B000000 		.4byte	0x8b
 1894 0501 54       		.byte	0x54
 1895 0502 01       		.uleb128 0x1
 1896 0503 1F020000 		.4byte	.LASF77
 1897 0507 E604     		.2byte	0x4e6
 1898 0509 11       		.byte	0x11
 1899 050a 8B000000 		.4byte	0x8b
 1900 050e 58       		.byte	0x58
 1901 050f 01       		.uleb128 0x1
 1902 0510 48050000 		.4byte	.LASF45
 1903 0514 E704     		.2byte	0x4e7
 1904 0516 10       		.byte	0x10
 1905 0517 7F000000 		.4byte	0x7f
 1906 051b 5C       		.byte	0x5c
 1907 051c 01       		.uleb128 0x1
 1908 051d B5000000 		.4byte	.LASF78
 1909 0521 E804     		.2byte	0x4e8
 1910 0523 11       		.byte	0x11
 1911 0524 8B000000 		.4byte	0x8b
 1912 0528 60       		.byte	0x60
 1913 0529 01       		.uleb128 0x1
 1914 052a F8010000 		.4byte	.LASF79
 1915 052e E904     		.2byte	0x4e9
 1916 0530 11       		.byte	0x11
 1917 0531 8B000000 		.4byte	0x8b
 1918 0535 64       		.byte	0x64
 1919 0536 01       		.uleb128 0x1
 1920 0537 FA050000 		.4byte	.LASF80
 1921 053b EA04     		.2byte	0x4ea
 1922 053d 11       		.byte	0x11
 1923 053e 8B000000 		.4byte	0x8b
 1924 0542 68       		.byte	0x68
 1925 0543 01       		.uleb128 0x1
 1926 0544 C0040000 		.4byte	.LASF81
 1927 0548 EB04     		.2byte	0x4eb
 1928 054a 0F       		.byte	0xf
 1929 054b 7F000000 		.4byte	0x7f
 1930 054f 6C       		.byte	0x6c
 1931 0550 01       		.uleb128 0x1
 1932 0551 AA050000 		.4byte	.LASF82
 1933 0555 EC04     		.2byte	0x4ec
 1934 0557 11       		.byte	0x11
 1935 0558 8B000000 		.4byte	0x8b
 1936 055c 70       		.byte	0x70
 1937 055d 04       		.uleb128 0x4
 1938 055e 43535200 		.ascii	"CSR\000"
ARM GAS  C:\Users\DEVELO~1\AppData\Local\Temp\ccjCi1yh.s 			page 35


 1939 0562 ED04     		.2byte	0x4ed
 1940 0564 11       		.byte	0x11
 1941 0565 8B000000 		.4byte	0x8b
 1942 0569 74       		.byte	0x74
 1943 056a 01       		.uleb128 0x1
 1944 056b CA040000 		.4byte	.LASF83
 1945 056f EE04     		.2byte	0x4ee
 1946 0571 0F       		.byte	0xf
 1947 0572 7F000000 		.4byte	0x7f
 1948 0576 78       		.byte	0x78
 1949 0577 01       		.uleb128 0x1
 1950 0578 44030000 		.4byte	.LASF84
 1951 057c EF04     		.2byte	0x4ef
 1952 057e 10       		.byte	0x10
 1953 057f 8B000000 		.4byte	0x8b
 1954 0583 7C       		.byte	0x7c
 1955 0584 01       		.uleb128 0x1
 1956 0585 C8050000 		.4byte	.LASF85
 1957 0589 F004     		.2byte	0x4f0
 1958 058b 10       		.byte	0x10
 1959 058c 8B000000 		.4byte	0x8b
 1960 0590 80       		.byte	0x80
 1961 0591 01       		.uleb128 0x1
 1962 0592 8B050000 		.4byte	.LASF86
 1963 0596 F104     		.2byte	0x4f1
 1964 0598 10       		.byte	0x10
 1965 0599 8B000000 		.4byte	0x8b
 1966 059d 84       		.byte	0x84
 1967 059e 01       		.uleb128 0x1
 1968 059f BA000000 		.4byte	.LASF87
 1969 05a3 F204     		.2byte	0x4f2
 1970 05a5 10       		.byte	0x10
 1971 05a6 8B000000 		.4byte	0x8b
 1972 05aa 88       		.byte	0x88
 1973 05ab 01       		.uleb128 0x1
 1974 05ac B7050000 		.4byte	.LASF88
 1975 05b0 F304     		.2byte	0x4f3
 1976 05b2 10       		.byte	0x10
 1977 05b3 8B000000 		.4byte	0x8b
 1978 05b7 8C       		.byte	0x8c
 1979 05b8 01       		.uleb128 0x1
 1980 05b9 73030000 		.4byte	.LASF89
 1981 05bd F404     		.2byte	0x4f4
 1982 05bf 10       		.byte	0x10
 1983 05c0 8B000000 		.4byte	0x8b
 1984 05c4 90       		.byte	0x90
 1985 05c5 01       		.uleb128 0x1
 1986 05c6 FF030000 		.4byte	.LASF90
 1987 05ca F504     		.2byte	0x4f5
 1988 05cc 10       		.byte	0x10
 1989 05cd 8B000000 		.4byte	0x8b
 1990 05d1 94       		.byte	0x94
 1991 05d2 01       		.uleb128 0x1
 1992 05d3 9E010000 		.4byte	.LASF91
 1993 05d7 F604     		.2byte	0x4f6
 1994 05d9 10       		.byte	0x10
 1995 05da 8B000000 		.4byte	0x8b
ARM GAS  C:\Users\DEVELO~1\AppData\Local\Temp\ccjCi1yh.s 			page 36


 1996 05de 98       		.byte	0x98
 1997 05df 01       		.uleb128 0x1
 1998 05e0 91030000 		.4byte	.LASF92
 1999 05e4 F704     		.2byte	0x4f7
 2000 05e6 10       		.byte	0x10
 2001 05e7 8B000000 		.4byte	0x8b
 2002 05eb 9C       		.byte	0x9c
 2003 05ec 04       		.uleb128 0x4
 2004 05ed 47435200 		.ascii	"GCR\000"
 2005 05f1 F804     		.2byte	0x4f8
 2006 05f3 10       		.byte	0x10
 2007 05f4 8B000000 		.4byte	0x8b
 2008 05f8 A0       		.byte	0xa0
 2009 05f9 01       		.uleb128 0x1
 2010 05fa D4040000 		.4byte	.LASF93
 2011 05fe F904     		.2byte	0x4f9
 2012 0600 0F       		.byte	0xf
 2013 0601 7F000000 		.4byte	0x7f
 2014 0605 A4       		.byte	0xa4
 2015 0606 01       		.uleb128 0x1
 2016 0607 96000000 		.4byte	.LASF94
 2017 060b FA04     		.2byte	0x4fa
 2018 060d 10       		.byte	0x10
 2019 060e 8B000000 		.4byte	0x8b
 2020 0612 A8       		.byte	0xa8
 2021 0613 01       		.uleb128 0x1
 2022 0614 14010000 		.4byte	.LASF95
 2023 0618 FB04     		.2byte	0x4fb
 2024 061a 0F       		.byte	0xf
 2025 061b C3000000 		.4byte	0xc3
 2026 061f AC       		.byte	0xac
 2027 0620 04       		.uleb128 0x4
 2028 0621 52535200 		.ascii	"RSR\000"
 2029 0625 FC04     		.2byte	0x4fc
 2030 0627 10       		.byte	0x10
 2031 0628 8B000000 		.4byte	0x8b
 2032 062c D0       		.byte	0xd0
 2033 062d 01       		.uleb128 0x1
 2034 062e 31050000 		.4byte	.LASF96
 2035 0632 FD04     		.2byte	0x4fd
 2036 0634 10       		.byte	0x10
 2037 0635 8B000000 		.4byte	0x8b
 2038 0639 D4       		.byte	0xd4
 2039 063a 01       		.uleb128 0x1
 2040 063b 36060000 		.4byte	.LASF97
 2041 063f FE04     		.2byte	0x4fe
 2042 0641 10       		.byte	0x10
 2043 0642 8B000000 		.4byte	0x8b
 2044 0646 D8       		.byte	0xd8
 2045 0647 01       		.uleb128 0x1
 2046 0648 AF050000 		.4byte	.LASF98
 2047 064c FF04     		.2byte	0x4ff
 2048 064e 10       		.byte	0x10
 2049 064f 8B000000 		.4byte	0x8b
 2050 0653 DC       		.byte	0xdc
 2051 0654 01       		.uleb128 0x1
 2052 0655 89040000 		.4byte	.LASF99
ARM GAS  C:\Users\DEVELO~1\AppData\Local\Temp\ccjCi1yh.s 			page 37


 2053 0659 0005     		.2byte	0x500
 2054 065b 10       		.byte	0x10
 2055 065c 8B000000 		.4byte	0x8b
 2056 0660 E0       		.byte	0xe0
 2057 0661 01       		.uleb128 0x1
 2058 0662 79040000 		.4byte	.LASF100
 2059 0666 0105     		.2byte	0x501
 2060 0668 10       		.byte	0x10
 2061 0669 8B000000 		.4byte	0x8b
 2062 066d E4       		.byte	0xe4
 2063 066e 01       		.uleb128 0x1
 2064 066f 43060000 		.4byte	.LASF101
 2065 0673 0205     		.2byte	0x502
 2066 0675 10       		.byte	0x10
 2067 0676 8B000000 		.4byte	0x8b
 2068 067a E8       		.byte	0xe8
 2069 067b 01       		.uleb128 0x1
 2070 067c 4D030000 		.4byte	.LASF102
 2071 0680 0305     		.2byte	0x503
 2072 0682 10       		.byte	0x10
 2073 0683 8B000000 		.4byte	0x8b
 2074 0687 EC       		.byte	0xec
 2075 0688 01       		.uleb128 0x1
 2076 0689 29050000 		.4byte	.LASF103
 2077 068d 0405     		.2byte	0x504
 2078 068f 10       		.byte	0x10
 2079 0690 8B000000 		.4byte	0x8b
 2080 0694 F0       		.byte	0xf0
 2081 0695 01       		.uleb128 0x1
 2082 0696 BA030000 		.4byte	.LASF104
 2083 069a 0505     		.2byte	0x505
 2084 069c 10       		.byte	0x10
 2085 069d 8B000000 		.4byte	0x8b
 2086 06a1 F4       		.byte	0xf4
 2087 06a2 01       		.uleb128 0x1
 2088 06a3 1F010000 		.4byte	.LASF105
 2089 06a7 0605     		.2byte	0x506
 2090 06a9 10       		.byte	0x10
 2091 06aa 7F000000 		.4byte	0x7f
 2092 06ae F8       		.byte	0xf8
 2093 06af 01       		.uleb128 0x1
 2094 06b0 05050000 		.4byte	.LASF106
 2095 06b4 0705     		.2byte	0x507
 2096 06b6 10       		.byte	0x10
 2097 06b7 8B000000 		.4byte	0x8b
 2098 06bb FC       		.byte	0xfc
 2099 06bc 02       		.uleb128 0x2
 2100 06bd AB000000 		.4byte	.LASF107
 2101 06c1 0805     		.2byte	0x508
 2102 06c3 10       		.byte	0x10
 2103 06c4 8B000000 		.4byte	0x8b
 2104 06c8 0001     		.2byte	0x100
 2105 06ca 02       		.uleb128 0x2
 2106 06cb 5D040000 		.4byte	.LASF108
 2107 06cf 0905     		.2byte	0x509
 2108 06d1 10       		.byte	0x10
 2109 06d2 8B000000 		.4byte	0x8b
ARM GAS  C:\Users\DEVELO~1\AppData\Local\Temp\ccjCi1yh.s 			page 38


 2110 06d6 0401     		.2byte	0x104
 2111 06d8 02       		.uleb128 0x2
 2112 06d9 9A050000 		.4byte	.LASF109
 2113 06dd 0A05     		.2byte	0x50a
 2114 06df 10       		.byte	0x10
 2115 06e0 8B000000 		.4byte	0x8b
 2116 06e4 0801     		.2byte	0x108
 2117 06e6 02       		.uleb128 0x2
 2118 06e7 67040000 		.4byte	.LASF110
 2119 06eb 0B05     		.2byte	0x50b
 2120 06ed 10       		.byte	0x10
 2121 06ee 8B000000 		.4byte	0x8b
 2122 06f2 0C01     		.2byte	0x10c
 2123 06f4 02       		.uleb128 0x2
 2124 06f5 E5050000 		.4byte	.LASF111
 2125 06f9 0C05     		.2byte	0x50c
 2126 06fb 10       		.byte	0x10
 2127 06fc 8B000000 		.4byte	0x8b
 2128 0700 1001     		.2byte	0x110
 2129 0702 02       		.uleb128 0x2
 2130 0703 29000000 		.4byte	.LASF112
 2131 0707 0D05     		.2byte	0x50d
 2132 0709 10       		.byte	0x10
 2133 070a 8B000000 		.4byte	0x8b
 2134 070e 1401     		.2byte	0x114
 2135 0710 02       		.uleb128 0x2
 2136 0711 7D030000 		.4byte	.LASF113
 2137 0715 0E05     		.2byte	0x50e
 2138 0717 10       		.byte	0x10
 2139 0718 8B000000 		.4byte	0x8b
 2140 071c 1801     		.2byte	0x118
 2141 071e 02       		.uleb128 0x2
 2142 071f 0F050000 		.4byte	.LASF114
 2143 0723 0F05     		.2byte	0x50f
 2144 0725 10       		.byte	0x10
 2145 0726 8B000000 		.4byte	0x8b
 2146 072a 1C01     		.2byte	0x11c
 2147 072c 02       		.uleb128 0x2
 2148 072d 2A010000 		.4byte	.LASF115
 2149 0731 1005     		.2byte	0x510
 2150 0733 0F       		.byte	0xf
 2151 0734 B3000000 		.4byte	0xb3
 2152 0738 2001     		.2byte	0x120
 2153 073a 00       		.byte	0
 2154 073b 09       		.uleb128 0x9
 2155 073c 7F020000 		.4byte	.LASF116
 2156 0740 1205     		.2byte	0x512
 2157 0742 DC030000 		.4byte	0x3dc
 2158 0746 03       		.uleb128 0x3
 2159 0747 01       		.byte	0x1
 2160 0748 02       		.byte	0x2
 2161 0749 DE040000 		.4byte	.LASF117
 2162 074d 18       		.uleb128 0x18
 2163 074e A7000000 		.4byte	0xa7
 2164 0752 02       		.byte	0x2
 2165 0753 2B       		.byte	0x2b
 2166 0754 0A       		.byte	0xa
ARM GAS  C:\Users\DEVELO~1\AppData\Local\Temp\ccjCi1yh.s 			page 39


 2167 0755 05       		.uleb128 0x5
 2168 0756 03       		.byte	0x3
 2169 0757 00000000 		.4byte	SystemCoreClock
 2170 075b 0A       		.uleb128 0xa
 2171 075c 81040000 		.4byte	.LASF118
 2172 0760 06       		.byte	0x6
 2173 0761 8F01     		.2byte	0x18f
 2174 0763 0A       		.uleb128 0xa
 2175 0764 68050000 		.4byte	.LASF119
 2176 0768 07       		.byte	0x7
 2177 0769 9B02     		.2byte	0x29b
 2178 076b 0A       		.uleb128 0xa
 2179 076c 5F060000 		.4byte	.LASF120
 2180 0770 08       		.byte	0x8
 2181 0771 CC01     		.2byte	0x1cc
 2182 0773 19       		.uleb128 0x19
 2183 0774 27020000 		.4byte	.LASF142
 2184 0778 02       		.byte	0x2
 2185 0779 E3       		.byte	0xe3
 2186 077a 06       		.byte	0x6
 2187 077b 00000000 		.4byte	.LFB435
 2188 077f 28020000 		.4byte	.LFE435-.LFB435
 2189 0783 01       		.uleb128 0x1
 2190 0784 9C       		.byte	0x9c
 2191 0785 CD070000 		.4byte	0x7cd
 2192 0789 1A       		.uleb128 0x1a
 2193 078a 31060000 		.4byte	.LASF121
 2194 078e 02       		.byte	0x2
 2195 078f E5       		.byte	0xe5
 2196 0790 0C       		.byte	0xc
 2197 0791 7F000000 		.4byte	0x7f
 2198 0795 02       		.uleb128 0x2
 2199 0796 91       		.byte	0x91
 2200 0797 74       		.sleb128 -12
 2201 0798 1B       		.uleb128 0x1b
 2202 0799 AA000000 		.4byte	.LBB2
 2203 079d D0000000 		.4byte	.LBE2-.LBB2
 2204 07a1 0B       		.uleb128 0xb
 2205 07a2 E1000000 		.4byte	.LASF122
 2206 07a6 4801     		.2byte	0x148
 2207 07a8 7F000000 		.4byte	0x7f
 2208 07ac 02       		.uleb128 0x2
 2209 07ad 91       		.byte	0x91
 2210 07ae 70       		.sleb128 -16
 2211 07af 0B       		.uleb128 0xb
 2212 07b0 71040000 		.4byte	.LASF123
 2213 07b4 4901     		.2byte	0x149
 2214 07b6 7F000000 		.4byte	0x7f
 2215 07ba 02       		.uleb128 0x2
 2216 07bb 91       		.byte	0x91
 2217 07bc 6C       		.sleb128 -20
 2218 07bd 0B       		.uleb128 0xb
 2219 07be D1010000 		.4byte	.LASF124
 2220 07c2 4A01     		.2byte	0x14a
 2221 07c4 7F000000 		.4byte	0x7f
 2222 07c8 02       		.uleb128 0x2
 2223 07c9 91       		.byte	0x91
ARM GAS  C:\Users\DEVELO~1\AppData\Local\Temp\ccjCi1yh.s 			page 40


 2224 07ca 68       		.sleb128 -24
 2225 07cb 00       		.byte	0
 2226 07cc 00       		.byte	0
 2227 07cd 1C       		.uleb128 0x1c
 2228 07ce 00000000 		.4byte	.LASF143
 2229 07d2 02       		.byte	0x2
 2230 07d3 96       		.byte	0x96
 2231 07d4 06       		.byte	0x6
 2232 07d5 00000000 		.4byte	.LFB434
 2233 07d9 60000000 		.4byte	.LFE434-.LFB434
 2234 07dd 01       		.uleb128 0x1
 2235 07de 9C       		.byte	0x9c
 2236 07df 0F       		.uleb128 0xf
 2237 07e0 F6030000 		.4byte	.LASF125
 2238 07e4 62       		.byte	0x62
 2239 07e5 00000000 		.4byte	.LFB433
 2240 07e9 5C000000 		.4byte	.LFE433-.LFB433
 2241 07ed 01       		.uleb128 0x1
 2242 07ee 9C       		.byte	0x9c
 2243 07ef 0F       		.uleb128 0xf
 2244 07f0 A7010000 		.4byte	.LASF126
 2245 07f4 3A       		.byte	0x3a
 2246 07f5 00000000 		.4byte	.LFB432
 2247 07f9 3C000000 		.4byte	.LFE432-.LFB432
 2248 07fd 01       		.uleb128 0x1
 2249 07fe 9C       		.byte	0x9c
 2250 07ff 10       		.uleb128 0x10
 2251 0800 51060000 		.4byte	.LASF128
 2252 0804 A302     		.2byte	0x2a3
 2253 0806 00000000 		.4byte	.LFB406
 2254 080a 5C000000 		.4byte	.LFE406-.LFB406
 2255 080e 01       		.uleb128 0x1
 2256 080f 9C       		.byte	0x9c
 2257 0810 30080000 		.4byte	0x830
 2258 0814 11       		.uleb128 0x11
 2259 0815 11020000 		.4byte	.LASF127
 2260 0819 A302     		.2byte	0x2a3
 2261 081b 7F000000 		.4byte	0x7f
 2262 081f 02       		.uleb128 0x2
 2263 0820 91       		.byte	0x91
 2264 0821 74       		.sleb128 -12
 2265 0822 12       		.uleb128 0x12
 2266 0823 6C7000   		.ascii	"lp\000"
 2267 0826 A302     		.2byte	0x2a3
 2268 0828 46070000 		.4byte	0x746
 2269 082c 02       		.uleb128 0x2
 2270 082d 91       		.byte	0x91
 2271 082e 73       		.sleb128 -13
 2272 082f 00       		.byte	0
 2273 0830 10       		.uleb128 0x10
 2274 0831 C2030000 		.4byte	.LASF129
 2275 0835 F101     		.2byte	0x1f1
 2276 0837 00000000 		.4byte	.LFB400
 2277 083b 5C000000 		.4byte	.LFE400-.LFB400
 2278 083f 01       		.uleb128 0x1
 2279 0840 9C       		.byte	0x9c
 2280 0841 61080000 		.4byte	0x861
ARM GAS  C:\Users\DEVELO~1\AppData\Local\Temp\ccjCi1yh.s 			page 41


 2281 0845 11       		.uleb128 0x11
 2282 0846 11020000 		.4byte	.LASF127
 2283 084a F101     		.2byte	0x1f1
 2284 084c 7F000000 		.4byte	0x7f
 2285 0850 02       		.uleb128 0x2
 2286 0851 91       		.byte	0x91
 2287 0852 74       		.sleb128 -12
 2288 0853 12       		.uleb128 0x12
 2289 0854 6C7000   		.ascii	"lp\000"
 2290 0857 F101     		.2byte	0x1f1
 2291 0859 46070000 		.4byte	0x746
 2292 085d 02       		.uleb128 0x2
 2293 085e 91       		.byte	0x91
 2294 085f 73       		.sleb128 -13
 2295 0860 00       		.byte	0
 2296 0861 06       		.uleb128 0x6
 2297 0862 4E040000 		.4byte	.LASF130
 2298 0866 79       		.byte	0x79
 2299 0867 00000000 		.4byte	.LFB387
 2300 086b 40000000 		.4byte	.LFE387-.LFB387
 2301 086f 01       		.uleb128 0x1
 2302 0870 9C       		.byte	0x9c
 2303 0871 84080000 		.4byte	0x884
 2304 0875 05       		.uleb128 0x5
 2305 0876 11020000 		.4byte	.LASF127
 2306 087a 79       		.byte	0x79
 2307 087b 2E       		.byte	0x2e
 2308 087c 7F000000 		.4byte	0x7f
 2309 0880 02       		.uleb128 0x2
 2310 0881 91       		.byte	0x91
 2311 0882 74       		.sleb128 -12
 2312 0883 00       		.byte	0
 2313 0884 06       		.uleb128 0x6
 2314 0885 3F040000 		.4byte	.LASF131
 2315 0889 71       		.byte	0x71
 2316 088a 00000000 		.4byte	.LFB386
 2317 088e 34000000 		.4byte	.LFE386-.LFB386
 2318 0892 01       		.uleb128 0x1
 2319 0893 9C       		.byte	0x9c
 2320 0894 A7080000 		.4byte	0x8a7
 2321 0898 05       		.uleb128 0x5
 2322 0899 11020000 		.4byte	.LASF127
 2323 089d 71       		.byte	0x71
 2324 089e 2E       		.byte	0x2e
 2325 089f 7F000000 		.4byte	0x7f
 2326 08a3 02       		.uleb128 0x2
 2327 08a4 91       		.byte	0x91
 2328 08a5 74       		.sleb128 -12
 2329 08a6 00       		.byte	0
 2330 08a7 06       		.uleb128 0x6
 2331 08a8 30040000 		.4byte	.LASF132
 2332 08ac 69       		.byte	0x69
 2333 08ad 00000000 		.4byte	.LFB385
 2334 08b1 40000000 		.4byte	.LFE385-.LFB385
 2335 08b5 01       		.uleb128 0x1
 2336 08b6 9C       		.byte	0x9c
 2337 08b7 CA080000 		.4byte	0x8ca
ARM GAS  C:\Users\DEVELO~1\AppData\Local\Temp\ccjCi1yh.s 			page 42


 2338 08bb 05       		.uleb128 0x5
 2339 08bc 11020000 		.4byte	.LASF127
 2340 08c0 69       		.byte	0x69
 2341 08c1 2E       		.byte	0x2e
 2342 08c2 7F000000 		.4byte	0x7f
 2343 08c6 02       		.uleb128 0x2
 2344 08c7 91       		.byte	0x91
 2345 08c8 74       		.sleb128 -12
 2346 08c9 00       		.byte	0
 2347 08ca 06       		.uleb128 0x6
 2348 08cb 21040000 		.4byte	.LASF133
 2349 08cf 61       		.byte	0x61
 2350 08d0 00000000 		.4byte	.LFB384
 2351 08d4 40000000 		.4byte	.LFE384-.LFB384
 2352 08d8 01       		.uleb128 0x1
 2353 08d9 9C       		.byte	0x9c
 2354 08da ED080000 		.4byte	0x8ed
 2355 08de 05       		.uleb128 0x5
 2356 08df 11020000 		.4byte	.LASF127
 2357 08e3 61       		.byte	0x61
 2358 08e4 2E       		.byte	0x2e
 2359 08e5 7F000000 		.4byte	0x7f
 2360 08e9 02       		.uleb128 0x2
 2361 08ea 91       		.byte	0x91
 2362 08eb 74       		.sleb128 -12
 2363 08ec 00       		.byte	0
 2364 08ed 06       		.uleb128 0x6
 2365 08ee 9C000000 		.4byte	.LASF134
 2366 08f2 59       		.byte	0x59
 2367 08f3 00000000 		.4byte	.LFB383
 2368 08f7 40000000 		.4byte	.LFE383-.LFB383
 2369 08fb 01       		.uleb128 0x1
 2370 08fc 9C       		.byte	0x9c
 2371 08fd 10090000 		.4byte	0x910
 2372 0901 05       		.uleb128 0x5
 2373 0902 11020000 		.4byte	.LASF127
 2374 0906 59       		.byte	0x59
 2375 0907 2E       		.byte	0x2e
 2376 0908 7F000000 		.4byte	0x7f
 2377 090c 02       		.uleb128 0x2
 2378 090d 91       		.byte	0x91
 2379 090e 74       		.sleb128 -12
 2380 090f 00       		.byte	0
 2381 0910 06       		.uleb128 0x6
 2382 0911 39050000 		.4byte	.LASF135
 2383 0915 51       		.byte	0x51
 2384 0916 00000000 		.4byte	.LFB382
 2385 091a 40000000 		.4byte	.LFE382-.LFB382
 2386 091e 01       		.uleb128 0x1
 2387 091f 9C       		.byte	0x9c
 2388 0920 33090000 		.4byte	0x933
 2389 0924 05       		.uleb128 0x5
 2390 0925 11020000 		.4byte	.LASF127
 2391 0929 51       		.byte	0x51
 2392 092a 2E       		.byte	0x2e
 2393 092b 7F000000 		.4byte	0x7f
 2394 092f 02       		.uleb128 0x2
ARM GAS  C:\Users\DEVELO~1\AppData\Local\Temp\ccjCi1yh.s 			page 43


 2395 0930 91       		.byte	0x91
 2396 0931 74       		.sleb128 -12
 2397 0932 00       		.byte	0
 2398 0933 06       		.uleb128 0x6
 2399 0934 87000000 		.4byte	.LASF136
 2400 0938 49       		.byte	0x49
 2401 0939 00000000 		.4byte	.LFB381
 2402 093d 40000000 		.4byte	.LFE381-.LFB381
 2403 0941 01       		.uleb128 0x1
 2404 0942 9C       		.byte	0x9c
 2405 0943 56090000 		.4byte	0x956
 2406 0947 05       		.uleb128 0x5
 2407 0948 11020000 		.4byte	.LASF127
 2408 094c 49       		.byte	0x49
 2409 094d 2E       		.byte	0x2e
 2410 094e 7F000000 		.4byte	0x7f
 2411 0952 02       		.uleb128 0x2
 2412 0953 91       		.byte	0x91
 2413 0954 74       		.sleb128 -12
 2414 0955 00       		.byte	0
 2415 0956 06       		.uleb128 0x6
 2416 0957 FF050000 		.4byte	.LASF137
 2417 095b 41       		.byte	0x41
 2418 095c 00000000 		.4byte	.LFB380
 2419 0960 40000000 		.4byte	.LFE380-.LFB380
 2420 0964 01       		.uleb128 0x1
 2421 0965 9C       		.byte	0x9c
 2422 0966 79090000 		.4byte	0x979
 2423 096a 05       		.uleb128 0x5
 2424 096b 11020000 		.4byte	.LASF127
 2425 096f 41       		.byte	0x41
 2426 0970 2F       		.byte	0x2f
 2427 0971 7F000000 		.4byte	0x7f
 2428 0975 02       		.uleb128 0x2
 2429 0976 91       		.byte	0x91
 2430 0977 74       		.sleb128 -12
 2431 0978 00       		.byte	0
 2432 0979 1D       		.uleb128 0x1d
 2433 097a 0F060000 		.4byte	.LASF144
 2434 097e 01       		.byte	0x1
 2435 097f 39       		.byte	0x39
 2436 0980 16       		.byte	0x16
 2437 0981 00000000 		.4byte	.LFB379
 2438 0985 40000000 		.4byte	.LFE379-.LFB379
 2439 0989 01       		.uleb128 0x1
 2440 098a 9C       		.byte	0x9c
 2441 098b 05       		.uleb128 0x5
 2442 098c 11020000 		.4byte	.LASF127
 2443 0990 39       		.byte	0x39
 2444 0991 2F       		.byte	0x2f
 2445 0992 7F000000 		.4byte	0x7f
 2446 0996 02       		.uleb128 0x2
 2447 0997 91       		.byte	0x91
 2448 0998 74       		.sleb128 -12
 2449 0999 00       		.byte	0
 2450 099a 00       		.byte	0
 2451              		.section	.debug_abbrev,"",%progbits
ARM GAS  C:\Users\DEVELO~1\AppData\Local\Temp\ccjCi1yh.s 			page 44


 2452              	.Ldebug_abbrev0:
 2453 0000 01       		.uleb128 0x1
 2454 0001 0D       		.uleb128 0xd
 2455 0002 00       		.byte	0
 2456 0003 03       		.uleb128 0x3
 2457 0004 0E       		.uleb128 0xe
 2458 0005 3A       		.uleb128 0x3a
 2459 0006 21       		.uleb128 0x21
 2460 0007 05       		.sleb128 5
 2461 0008 3B       		.uleb128 0x3b
 2462 0009 05       		.uleb128 0x5
 2463 000a 39       		.uleb128 0x39
 2464 000b 0B       		.uleb128 0xb
 2465 000c 49       		.uleb128 0x49
 2466 000d 13       		.uleb128 0x13
 2467 000e 38       		.uleb128 0x38
 2468 000f 0B       		.uleb128 0xb
 2469 0010 00       		.byte	0
 2470 0011 00       		.byte	0
 2471 0012 02       		.uleb128 0x2
 2472 0013 0D       		.uleb128 0xd
 2473 0014 00       		.byte	0
 2474 0015 03       		.uleb128 0x3
 2475 0016 0E       		.uleb128 0xe
 2476 0017 3A       		.uleb128 0x3a
 2477 0018 21       		.uleb128 0x21
 2478 0019 05       		.sleb128 5
 2479 001a 3B       		.uleb128 0x3b
 2480 001b 05       		.uleb128 0x5
 2481 001c 39       		.uleb128 0x39
 2482 001d 0B       		.uleb128 0xb
 2483 001e 49       		.uleb128 0x49
 2484 001f 13       		.uleb128 0x13
 2485 0020 38       		.uleb128 0x38
 2486 0021 05       		.uleb128 0x5
 2487 0022 00       		.byte	0
 2488 0023 00       		.byte	0
 2489 0024 03       		.uleb128 0x3
 2490 0025 24       		.uleb128 0x24
 2491 0026 00       		.byte	0
 2492 0027 0B       		.uleb128 0xb
 2493 0028 0B       		.uleb128 0xb
 2494 0029 3E       		.uleb128 0x3e
 2495 002a 0B       		.uleb128 0xb
 2496 002b 03       		.uleb128 0x3
 2497 002c 0E       		.uleb128 0xe
 2498 002d 00       		.byte	0
 2499 002e 00       		.byte	0
 2500 002f 04       		.uleb128 0x4
 2501 0030 0D       		.uleb128 0xd
 2502 0031 00       		.byte	0
 2503 0032 03       		.uleb128 0x3
 2504 0033 08       		.uleb128 0x8
 2505 0034 3A       		.uleb128 0x3a
 2506 0035 21       		.uleb128 0x21
 2507 0036 05       		.sleb128 5
 2508 0037 3B       		.uleb128 0x3b
ARM GAS  C:\Users\DEVELO~1\AppData\Local\Temp\ccjCi1yh.s 			page 45


 2509 0038 05       		.uleb128 0x5
 2510 0039 39       		.uleb128 0x39
 2511 003a 0B       		.uleb128 0xb
 2512 003b 49       		.uleb128 0x49
 2513 003c 13       		.uleb128 0x13
 2514 003d 38       		.uleb128 0x38
 2515 003e 0B       		.uleb128 0xb
 2516 003f 00       		.byte	0
 2517 0040 00       		.byte	0
 2518 0041 05       		.uleb128 0x5
 2519 0042 05       		.uleb128 0x5
 2520 0043 00       		.byte	0
 2521 0044 03       		.uleb128 0x3
 2522 0045 0E       		.uleb128 0xe
 2523 0046 3A       		.uleb128 0x3a
 2524 0047 21       		.uleb128 0x21
 2525 0048 01       		.sleb128 1
 2526 0049 3B       		.uleb128 0x3b
 2527 004a 0B       		.uleb128 0xb
 2528 004b 39       		.uleb128 0x39
 2529 004c 0B       		.uleb128 0xb
 2530 004d 49       		.uleb128 0x49
 2531 004e 13       		.uleb128 0x13
 2532 004f 02       		.uleb128 0x2
 2533 0050 18       		.uleb128 0x18
 2534 0051 00       		.byte	0
 2535 0052 00       		.byte	0
 2536 0053 06       		.uleb128 0x6
 2537 0054 2E       		.uleb128 0x2e
 2538 0055 01       		.byte	0x1
 2539 0056 03       		.uleb128 0x3
 2540 0057 0E       		.uleb128 0xe
 2541 0058 3A       		.uleb128 0x3a
 2542 0059 21       		.uleb128 0x21
 2543 005a 01       		.sleb128 1
 2544 005b 3B       		.uleb128 0x3b
 2545 005c 0B       		.uleb128 0xb
 2546 005d 39       		.uleb128 0x39
 2547 005e 21       		.uleb128 0x21
 2548 005f 16       		.sleb128 22
 2549 0060 27       		.uleb128 0x27
 2550 0061 19       		.uleb128 0x19
 2551 0062 11       		.uleb128 0x11
 2552 0063 01       		.uleb128 0x1
 2553 0064 12       		.uleb128 0x12
 2554 0065 06       		.uleb128 0x6
 2555 0066 40       		.uleb128 0x40
 2556 0067 18       		.uleb128 0x18
 2557 0068 7A       		.uleb128 0x7a
 2558 0069 19       		.uleb128 0x19
 2559 006a 01       		.uleb128 0x1
 2560 006b 13       		.uleb128 0x13
 2561 006c 00       		.byte	0
 2562 006d 00       		.byte	0
 2563 006e 07       		.uleb128 0x7
 2564 006f 01       		.uleb128 0x1
 2565 0070 01       		.byte	0x1
ARM GAS  C:\Users\DEVELO~1\AppData\Local\Temp\ccjCi1yh.s 			page 46


 2566 0071 49       		.uleb128 0x49
 2567 0072 13       		.uleb128 0x13
 2568 0073 01       		.uleb128 0x1
 2569 0074 13       		.uleb128 0x13
 2570 0075 00       		.byte	0
 2571 0076 00       		.byte	0
 2572 0077 08       		.uleb128 0x8
 2573 0078 21       		.uleb128 0x21
 2574 0079 00       		.byte	0
 2575 007a 49       		.uleb128 0x49
 2576 007b 13       		.uleb128 0x13
 2577 007c 2F       		.uleb128 0x2f
 2578 007d 0B       		.uleb128 0xb
 2579 007e 00       		.byte	0
 2580 007f 00       		.byte	0
 2581 0080 09       		.uleb128 0x9
 2582 0081 16       		.uleb128 0x16
 2583 0082 00       		.byte	0
 2584 0083 03       		.uleb128 0x3
 2585 0084 0E       		.uleb128 0xe
 2586 0085 3A       		.uleb128 0x3a
 2587 0086 21       		.uleb128 0x21
 2588 0087 05       		.sleb128 5
 2589 0088 3B       		.uleb128 0x3b
 2590 0089 05       		.uleb128 0x5
 2591 008a 39       		.uleb128 0x39
 2592 008b 21       		.uleb128 0x21
 2593 008c 03       		.sleb128 3
 2594 008d 49       		.uleb128 0x49
 2595 008e 13       		.uleb128 0x13
 2596 008f 00       		.byte	0
 2597 0090 00       		.byte	0
 2598 0091 0A       		.uleb128 0xa
 2599 0092 2E       		.uleb128 0x2e
 2600 0093 00       		.byte	0
 2601 0094 3F       		.uleb128 0x3f
 2602 0095 19       		.uleb128 0x19
 2603 0096 03       		.uleb128 0x3
 2604 0097 0E       		.uleb128 0xe
 2605 0098 3A       		.uleb128 0x3a
 2606 0099 0B       		.uleb128 0xb
 2607 009a 3B       		.uleb128 0x3b
 2608 009b 05       		.uleb128 0x5
 2609 009c 39       		.uleb128 0x39
 2610 009d 21       		.uleb128 0x21
 2611 009e 08       		.sleb128 8
 2612 009f 27       		.uleb128 0x27
 2613 00a0 19       		.uleb128 0x19
 2614 00a1 3C       		.uleb128 0x3c
 2615 00a2 19       		.uleb128 0x19
 2616 00a3 00       		.byte	0
 2617 00a4 00       		.byte	0
 2618 00a5 0B       		.uleb128 0xb
 2619 00a6 34       		.uleb128 0x34
 2620 00a7 00       		.byte	0
 2621 00a8 03       		.uleb128 0x3
 2622 00a9 0E       		.uleb128 0xe
ARM GAS  C:\Users\DEVELO~1\AppData\Local\Temp\ccjCi1yh.s 			page 47


 2623 00aa 3A       		.uleb128 0x3a
 2624 00ab 21       		.uleb128 0x21
 2625 00ac 02       		.sleb128 2
 2626 00ad 3B       		.uleb128 0x3b
 2627 00ae 05       		.uleb128 0x5
 2628 00af 39       		.uleb128 0x39
 2629 00b0 21       		.uleb128 0x21
 2630 00b1 0E       		.sleb128 14
 2631 00b2 49       		.uleb128 0x49
 2632 00b3 13       		.uleb128 0x13
 2633 00b4 02       		.uleb128 0x2
 2634 00b5 18       		.uleb128 0x18
 2635 00b6 00       		.byte	0
 2636 00b7 00       		.byte	0
 2637 00b8 0C       		.uleb128 0xc
 2638 00b9 16       		.uleb128 0x16
 2639 00ba 00       		.byte	0
 2640 00bb 03       		.uleb128 0x3
 2641 00bc 0E       		.uleb128 0xe
 2642 00bd 3A       		.uleb128 0x3a
 2643 00be 0B       		.uleb128 0xb
 2644 00bf 3B       		.uleb128 0x3b
 2645 00c0 0B       		.uleb128 0xb
 2646 00c1 39       		.uleb128 0x39
 2647 00c2 0B       		.uleb128 0xb
 2648 00c3 49       		.uleb128 0x49
 2649 00c4 13       		.uleb128 0x13
 2650 00c5 00       		.byte	0
 2651 00c6 00       		.byte	0
 2652 00c7 0D       		.uleb128 0xd
 2653 00c8 13       		.uleb128 0x13
 2654 00c9 01       		.byte	0x1
 2655 00ca 0B       		.uleb128 0xb
 2656 00cb 05       		.uleb128 0x5
 2657 00cc 3A       		.uleb128 0x3a
 2658 00cd 21       		.uleb128 0x21
 2659 00ce 05       		.sleb128 5
 2660 00cf 3B       		.uleb128 0x3b
 2661 00d0 05       		.uleb128 0x5
 2662 00d1 39       		.uleb128 0x39
 2663 00d2 21       		.uleb128 0x21
 2664 00d3 09       		.sleb128 9
 2665 00d4 01       		.uleb128 0x1
 2666 00d5 13       		.uleb128 0x13
 2667 00d6 00       		.byte	0
 2668 00d7 00       		.byte	0
 2669 00d8 0E       		.uleb128 0xe
 2670 00d9 0D       		.uleb128 0xd
 2671 00da 00       		.byte	0
 2672 00db 03       		.uleb128 0x3
 2673 00dc 08       		.uleb128 0x8
 2674 00dd 3A       		.uleb128 0x3a
 2675 00de 21       		.uleb128 0x21
 2676 00df 05       		.sleb128 5
 2677 00e0 3B       		.uleb128 0x3b
 2678 00e1 05       		.uleb128 0x5
 2679 00e2 39       		.uleb128 0x39
ARM GAS  C:\Users\DEVELO~1\AppData\Local\Temp\ccjCi1yh.s 			page 48


 2680 00e3 21       		.uleb128 0x21
 2681 00e4 11       		.sleb128 17
 2682 00e5 49       		.uleb128 0x49
 2683 00e6 13       		.uleb128 0x13
 2684 00e7 38       		.uleb128 0x38
 2685 00e8 05       		.uleb128 0x5
 2686 00e9 00       		.byte	0
 2687 00ea 00       		.byte	0
 2688 00eb 0F       		.uleb128 0xf
 2689 00ec 2E       		.uleb128 0x2e
 2690 00ed 00       		.byte	0
 2691 00ee 03       		.uleb128 0x3
 2692 00ef 0E       		.uleb128 0xe
 2693 00f0 3A       		.uleb128 0x3a
 2694 00f1 21       		.uleb128 0x21
 2695 00f2 02       		.sleb128 2
 2696 00f3 3B       		.uleb128 0x3b
 2697 00f4 0B       		.uleb128 0xb
 2698 00f5 39       		.uleb128 0x39
 2699 00f6 21       		.uleb128 0x21
 2700 00f7 14       		.sleb128 20
 2701 00f8 27       		.uleb128 0x27
 2702 00f9 19       		.uleb128 0x19
 2703 00fa 11       		.uleb128 0x11
 2704 00fb 01       		.uleb128 0x1
 2705 00fc 12       		.uleb128 0x12
 2706 00fd 06       		.uleb128 0x6
 2707 00fe 40       		.uleb128 0x40
 2708 00ff 18       		.uleb128 0x18
 2709 0100 7A       		.uleb128 0x7a
 2710 0101 19       		.uleb128 0x19
 2711 0102 00       		.byte	0
 2712 0103 00       		.byte	0
 2713 0104 10       		.uleb128 0x10
 2714 0105 2E       		.uleb128 0x2e
 2715 0106 01       		.byte	0x1
 2716 0107 03       		.uleb128 0x3
 2717 0108 0E       		.uleb128 0xe
 2718 0109 3A       		.uleb128 0x3a
 2719 010a 21       		.uleb128 0x21
 2720 010b 01       		.sleb128 1
 2721 010c 3B       		.uleb128 0x3b
 2722 010d 05       		.uleb128 0x5
 2723 010e 39       		.uleb128 0x39
 2724 010f 21       		.uleb128 0x21
 2725 0110 16       		.sleb128 22
 2726 0111 27       		.uleb128 0x27
 2727 0112 19       		.uleb128 0x19
 2728 0113 11       		.uleb128 0x11
 2729 0114 01       		.uleb128 0x1
 2730 0115 12       		.uleb128 0x12
 2731 0116 06       		.uleb128 0x6
 2732 0117 40       		.uleb128 0x40
 2733 0118 18       		.uleb128 0x18
 2734 0119 7A       		.uleb128 0x7a
 2735 011a 19       		.uleb128 0x19
 2736 011b 01       		.uleb128 0x1
ARM GAS  C:\Users\DEVELO~1\AppData\Local\Temp\ccjCi1yh.s 			page 49


 2737 011c 13       		.uleb128 0x13
 2738 011d 00       		.byte	0
 2739 011e 00       		.byte	0
 2740 011f 11       		.uleb128 0x11
 2741 0120 05       		.uleb128 0x5
 2742 0121 00       		.byte	0
 2743 0122 03       		.uleb128 0x3
 2744 0123 0E       		.uleb128 0xe
 2745 0124 3A       		.uleb128 0x3a
 2746 0125 21       		.uleb128 0x21
 2747 0126 01       		.sleb128 1
 2748 0127 3B       		.uleb128 0x3b
 2749 0128 05       		.uleb128 0x5
 2750 0129 39       		.uleb128 0x39
 2751 012a 21       		.uleb128 0x21
 2752 012b 2D       		.sleb128 45
 2753 012c 49       		.uleb128 0x49
 2754 012d 13       		.uleb128 0x13
 2755 012e 02       		.uleb128 0x2
 2756 012f 18       		.uleb128 0x18
 2757 0130 00       		.byte	0
 2758 0131 00       		.byte	0
 2759 0132 12       		.uleb128 0x12
 2760 0133 05       		.uleb128 0x5
 2761 0134 00       		.byte	0
 2762 0135 03       		.uleb128 0x3
 2763 0136 08       		.uleb128 0x8
 2764 0137 3A       		.uleb128 0x3a
 2765 0138 21       		.uleb128 0x21
 2766 0139 01       		.sleb128 1
 2767 013a 3B       		.uleb128 0x3b
 2768 013b 05       		.uleb128 0x5
 2769 013c 39       		.uleb128 0x39
 2770 013d 21       		.uleb128 0x21
 2771 013e 38       		.sleb128 56
 2772 013f 49       		.uleb128 0x49
 2773 0140 13       		.uleb128 0x13
 2774 0141 02       		.uleb128 0x2
 2775 0142 18       		.uleb128 0x18
 2776 0143 00       		.byte	0
 2777 0144 00       		.byte	0
 2778 0145 13       		.uleb128 0x13
 2779 0146 11       		.uleb128 0x11
 2780 0147 01       		.byte	0x1
 2781 0148 25       		.uleb128 0x25
 2782 0149 0E       		.uleb128 0xe
 2783 014a 13       		.uleb128 0x13
 2784 014b 0B       		.uleb128 0xb
 2785 014c 03       		.uleb128 0x3
 2786 014d 0E       		.uleb128 0xe
 2787 014e 1B       		.uleb128 0x1b
 2788 014f 0E       		.uleb128 0xe
 2789 0150 55       		.uleb128 0x55
 2790 0151 17       		.uleb128 0x17
 2791 0152 11       		.uleb128 0x11
 2792 0153 01       		.uleb128 0x1
 2793 0154 10       		.uleb128 0x10
ARM GAS  C:\Users\DEVELO~1\AppData\Local\Temp\ccjCi1yh.s 			page 50


 2794 0155 17       		.uleb128 0x17
 2795 0156 00       		.byte	0
 2796 0157 00       		.byte	0
 2797 0158 14       		.uleb128 0x14
 2798 0159 24       		.uleb128 0x24
 2799 015a 00       		.byte	0
 2800 015b 0B       		.uleb128 0xb
 2801 015c 0B       		.uleb128 0xb
 2802 015d 3E       		.uleb128 0x3e
 2803 015e 0B       		.uleb128 0xb
 2804 015f 03       		.uleb128 0x3
 2805 0160 08       		.uleb128 0x8
 2806 0161 00       		.byte	0
 2807 0162 00       		.byte	0
 2808 0163 15       		.uleb128 0x15
 2809 0164 35       		.uleb128 0x35
 2810 0165 00       		.byte	0
 2811 0166 49       		.uleb128 0x49
 2812 0167 13       		.uleb128 0x13
 2813 0168 00       		.byte	0
 2814 0169 00       		.byte	0
 2815 016a 16       		.uleb128 0x16
 2816 016b 34       		.uleb128 0x34
 2817 016c 00       		.byte	0
 2818 016d 03       		.uleb128 0x3
 2819 016e 0E       		.uleb128 0xe
 2820 016f 3A       		.uleb128 0x3a
 2821 0170 0B       		.uleb128 0xb
 2822 0171 3B       		.uleb128 0x3b
 2823 0172 0B       		.uleb128 0xb
 2824 0173 39       		.uleb128 0x39
 2825 0174 0B       		.uleb128 0xb
 2826 0175 49       		.uleb128 0x49
 2827 0176 13       		.uleb128 0x13
 2828 0177 3F       		.uleb128 0x3f
 2829 0178 19       		.uleb128 0x19
 2830 0179 3C       		.uleb128 0x3c
 2831 017a 19       		.uleb128 0x19
 2832 017b 00       		.byte	0
 2833 017c 00       		.byte	0
 2834 017d 17       		.uleb128 0x17
 2835 017e 13       		.uleb128 0x13
 2836 017f 01       		.byte	0x1
 2837 0180 0B       		.uleb128 0xb
 2838 0181 0B       		.uleb128 0xb
 2839 0182 3A       		.uleb128 0x3a
 2840 0183 0B       		.uleb128 0xb
 2841 0184 3B       		.uleb128 0x3b
 2842 0185 05       		.uleb128 0x5
 2843 0186 39       		.uleb128 0x39
 2844 0187 0B       		.uleb128 0xb
 2845 0188 01       		.uleb128 0x1
 2846 0189 13       		.uleb128 0x13
 2847 018a 00       		.byte	0
 2848 018b 00       		.byte	0
 2849 018c 18       		.uleb128 0x18
 2850 018d 34       		.uleb128 0x34
ARM GAS  C:\Users\DEVELO~1\AppData\Local\Temp\ccjCi1yh.s 			page 51


 2851 018e 00       		.byte	0
 2852 018f 47       		.uleb128 0x47
 2853 0190 13       		.uleb128 0x13
 2854 0191 3A       		.uleb128 0x3a
 2855 0192 0B       		.uleb128 0xb
 2856 0193 3B       		.uleb128 0x3b
 2857 0194 0B       		.uleb128 0xb
 2858 0195 39       		.uleb128 0x39
 2859 0196 0B       		.uleb128 0xb
 2860 0197 02       		.uleb128 0x2
 2861 0198 18       		.uleb128 0x18
 2862 0199 00       		.byte	0
 2863 019a 00       		.byte	0
 2864 019b 19       		.uleb128 0x19
 2865 019c 2E       		.uleb128 0x2e
 2866 019d 01       		.byte	0x1
 2867 019e 3F       		.uleb128 0x3f
 2868 019f 19       		.uleb128 0x19
 2869 01a0 03       		.uleb128 0x3
 2870 01a1 0E       		.uleb128 0xe
 2871 01a2 3A       		.uleb128 0x3a
 2872 01a3 0B       		.uleb128 0xb
 2873 01a4 3B       		.uleb128 0x3b
 2874 01a5 0B       		.uleb128 0xb
 2875 01a6 39       		.uleb128 0x39
 2876 01a7 0B       		.uleb128 0xb
 2877 01a8 27       		.uleb128 0x27
 2878 01a9 19       		.uleb128 0x19
 2879 01aa 11       		.uleb128 0x11
 2880 01ab 01       		.uleb128 0x1
 2881 01ac 12       		.uleb128 0x12
 2882 01ad 06       		.uleb128 0x6
 2883 01ae 40       		.uleb128 0x40
 2884 01af 18       		.uleb128 0x18
 2885 01b0 7C       		.uleb128 0x7c
 2886 01b1 19       		.uleb128 0x19
 2887 01b2 01       		.uleb128 0x1
 2888 01b3 13       		.uleb128 0x13
 2889 01b4 00       		.byte	0
 2890 01b5 00       		.byte	0
 2891 01b6 1A       		.uleb128 0x1a
 2892 01b7 34       		.uleb128 0x34
 2893 01b8 00       		.byte	0
 2894 01b9 03       		.uleb128 0x3
 2895 01ba 0E       		.uleb128 0xe
 2896 01bb 3A       		.uleb128 0x3a
 2897 01bc 0B       		.uleb128 0xb
 2898 01bd 3B       		.uleb128 0x3b
 2899 01be 0B       		.uleb128 0xb
 2900 01bf 39       		.uleb128 0x39
 2901 01c0 0B       		.uleb128 0xb
 2902 01c1 49       		.uleb128 0x49
 2903 01c2 13       		.uleb128 0x13
 2904 01c3 02       		.uleb128 0x2
 2905 01c4 18       		.uleb128 0x18
 2906 01c5 00       		.byte	0
 2907 01c6 00       		.byte	0
ARM GAS  C:\Users\DEVELO~1\AppData\Local\Temp\ccjCi1yh.s 			page 52


 2908 01c7 1B       		.uleb128 0x1b
 2909 01c8 0B       		.uleb128 0xb
 2910 01c9 01       		.byte	0x1
 2911 01ca 11       		.uleb128 0x11
 2912 01cb 01       		.uleb128 0x1
 2913 01cc 12       		.uleb128 0x12
 2914 01cd 06       		.uleb128 0x6
 2915 01ce 00       		.byte	0
 2916 01cf 00       		.byte	0
 2917 01d0 1C       		.uleb128 0x1c
 2918 01d1 2E       		.uleb128 0x2e
 2919 01d2 00       		.byte	0
 2920 01d3 3F       		.uleb128 0x3f
 2921 01d4 19       		.uleb128 0x19
 2922 01d5 03       		.uleb128 0x3
 2923 01d6 0E       		.uleb128 0xe
 2924 01d7 3A       		.uleb128 0x3a
 2925 01d8 0B       		.uleb128 0xb
 2926 01d9 3B       		.uleb128 0x3b
 2927 01da 0B       		.uleb128 0xb
 2928 01db 39       		.uleb128 0x39
 2929 01dc 0B       		.uleb128 0xb
 2930 01dd 27       		.uleb128 0x27
 2931 01de 19       		.uleb128 0x19
 2932 01df 11       		.uleb128 0x11
 2933 01e0 01       		.uleb128 0x1
 2934 01e1 12       		.uleb128 0x12
 2935 01e2 06       		.uleb128 0x6
 2936 01e3 40       		.uleb128 0x40
 2937 01e4 18       		.uleb128 0x18
 2938 01e5 7C       		.uleb128 0x7c
 2939 01e6 19       		.uleb128 0x19
 2940 01e7 00       		.byte	0
 2941 01e8 00       		.byte	0
 2942 01e9 1D       		.uleb128 0x1d
 2943 01ea 2E       		.uleb128 0x2e
 2944 01eb 01       		.byte	0x1
 2945 01ec 03       		.uleb128 0x3
 2946 01ed 0E       		.uleb128 0xe
 2947 01ee 3A       		.uleb128 0x3a
 2948 01ef 0B       		.uleb128 0xb
 2949 01f0 3B       		.uleb128 0x3b
 2950 01f1 0B       		.uleb128 0xb
 2951 01f2 39       		.uleb128 0x39
 2952 01f3 0B       		.uleb128 0xb
 2953 01f4 27       		.uleb128 0x27
 2954 01f5 19       		.uleb128 0x19
 2955 01f6 11       		.uleb128 0x11
 2956 01f7 01       		.uleb128 0x1
 2957 01f8 12       		.uleb128 0x12
 2958 01f9 06       		.uleb128 0x6
 2959 01fa 40       		.uleb128 0x40
 2960 01fb 18       		.uleb128 0x18
 2961 01fc 7A       		.uleb128 0x7a
 2962 01fd 19       		.uleb128 0x19
 2963 01fe 00       		.byte	0
 2964 01ff 00       		.byte	0
ARM GAS  C:\Users\DEVELO~1\AppData\Local\Temp\ccjCi1yh.s 			page 53


 2965 0200 00       		.byte	0
 2966              		.section	.debug_aranges,"",%progbits
 2967 0000 8C000000 		.4byte	0x8c
 2968 0004 0200     		.2byte	0x2
 2969 0006 00000000 		.4byte	.Ldebug_info0
 2970 000a 04       		.byte	0x4
 2971 000b 00       		.byte	0
 2972 000c 0000     		.2byte	0
 2973 000e 0000     		.2byte	0
 2974 0010 00000000 		.4byte	.LFB379
 2975 0014 40000000 		.4byte	.LFE379-.LFB379
 2976 0018 00000000 		.4byte	.LFB380
 2977 001c 40000000 		.4byte	.LFE380-.LFB380
 2978 0020 00000000 		.4byte	.LFB381
 2979 0024 40000000 		.4byte	.LFE381-.LFB381
 2980 0028 00000000 		.4byte	.LFB382
 2981 002c 40000000 		.4byte	.LFE382-.LFB382
 2982 0030 00000000 		.4byte	.LFB383
 2983 0034 40000000 		.4byte	.LFE383-.LFB383
 2984 0038 00000000 		.4byte	.LFB384
 2985 003c 40000000 		.4byte	.LFE384-.LFB384
 2986 0040 00000000 		.4byte	.LFB385
 2987 0044 40000000 		.4byte	.LFE385-.LFB385
 2988 0048 00000000 		.4byte	.LFB386
 2989 004c 34000000 		.4byte	.LFE386-.LFB386
 2990 0050 00000000 		.4byte	.LFB387
 2991 0054 40000000 		.4byte	.LFE387-.LFB387
 2992 0058 00000000 		.4byte	.LFB400
 2993 005c 5C000000 		.4byte	.LFE400-.LFB400
 2994 0060 00000000 		.4byte	.LFB406
 2995 0064 5C000000 		.4byte	.LFE406-.LFB406
 2996 0068 00000000 		.4byte	.LFB432
 2997 006c 3C000000 		.4byte	.LFE432-.LFB432
 2998 0070 00000000 		.4byte	.LFB433
 2999 0074 5C000000 		.4byte	.LFE433-.LFB433
 3000 0078 00000000 		.4byte	.LFB434
 3001 007c 60000000 		.4byte	.LFE434-.LFB434
 3002 0080 00000000 		.4byte	.LFB435
 3003 0084 28020000 		.4byte	.LFE435-.LFB435
 3004 0088 00000000 		.4byte	0
 3005 008c 00000000 		.4byte	0
 3006              		.section	.debug_rnglists,"",%progbits
 3007              	.Ldebug_ranges0:
 3008 0000 64000000 		.4byte	.Ldebug_ranges3-.Ldebug_ranges2
 3009              	.Ldebug_ranges2:
 3010 0004 0500     		.2byte	0x5
 3011 0006 04       		.byte	0x4
 3012 0007 00       		.byte	0
 3013 0008 00000000 		.4byte	0
 3014              	.LLRL0:
 3015 000c 07       		.byte	0x7
 3016 000d 00000000 		.4byte	.LFB379
 3017 0011 40       		.uleb128 .LFE379-.LFB379
 3018 0012 07       		.byte	0x7
 3019 0013 00000000 		.4byte	.LFB380
 3020 0017 40       		.uleb128 .LFE380-.LFB380
 3021 0018 07       		.byte	0x7
ARM GAS  C:\Users\DEVELO~1\AppData\Local\Temp\ccjCi1yh.s 			page 54


 3022 0019 00000000 		.4byte	.LFB381
 3023 001d 40       		.uleb128 .LFE381-.LFB381
 3024 001e 07       		.byte	0x7
 3025 001f 00000000 		.4byte	.LFB382
 3026 0023 40       		.uleb128 .LFE382-.LFB382
 3027 0024 07       		.byte	0x7
 3028 0025 00000000 		.4byte	.LFB383
 3029 0029 40       		.uleb128 .LFE383-.LFB383
 3030 002a 07       		.byte	0x7
 3031 002b 00000000 		.4byte	.LFB384
 3032 002f 40       		.uleb128 .LFE384-.LFB384
 3033 0030 07       		.byte	0x7
 3034 0031 00000000 		.4byte	.LFB385
 3035 0035 40       		.uleb128 .LFE385-.LFB385
 3036 0036 07       		.byte	0x7
 3037 0037 00000000 		.4byte	.LFB386
 3038 003b 34       		.uleb128 .LFE386-.LFB386
 3039 003c 07       		.byte	0x7
 3040 003d 00000000 		.4byte	.LFB387
 3041 0041 40       		.uleb128 .LFE387-.LFB387
 3042 0042 07       		.byte	0x7
 3043 0043 00000000 		.4byte	.LFB400
 3044 0047 5C       		.uleb128 .LFE400-.LFB400
 3045 0048 07       		.byte	0x7
 3046 0049 00000000 		.4byte	.LFB406
 3047 004d 5C       		.uleb128 .LFE406-.LFB406
 3048 004e 07       		.byte	0x7
 3049 004f 00000000 		.4byte	.LFB432
 3050 0053 3C       		.uleb128 .LFE432-.LFB432
 3051 0054 07       		.byte	0x7
 3052 0055 00000000 		.4byte	.LFB433
 3053 0059 5C       		.uleb128 .LFE433-.LFB433
 3054 005a 07       		.byte	0x7
 3055 005b 00000000 		.4byte	.LFB434
 3056 005f 60       		.uleb128 .LFE434-.LFB434
 3057 0060 07       		.byte	0x7
 3058 0061 00000000 		.4byte	.LFB435
 3059 0065 A804     		.uleb128 .LFE435-.LFB435
 3060 0067 00       		.byte	0
 3061              	.Ldebug_ranges3:
 3062              		.section	.debug_line,"",%progbits
 3063              	.Ldebug_line0:
 3064 0000 E6050000 		.section	.debug_str,"MS",%progbits,1
 3064      0300E601 
 3064      00000201 
 3064      FB0E0D00 
 3064      01010101 
 3065              	.LASF143:
 3066 0000 68616C5F 		.ascii	"hal_lld_init\000"
 3066      6C6C645F 
 3066      696E6974 
 3066      00
 3067              	.LASF68:
 3068 000d 504C4C31 		.ascii	"PLL1DIVR\000"
 3068      44495652 
 3068      00
 3069              	.LASF56:
ARM GAS  C:\Users\DEVELO~1\AppData\Local\Temp\ccjCi1yh.s 			page 55


 3070 0016 574B5550 		.ascii	"WKUPFR\000"
 3070      465200
 3071              	.LASF3:
 3072 001d 7369676E 		.ascii	"signed char\000"
 3072      65642063 
 3072      68617200 
 3073              	.LASF112:
 3074 0029 41504231 		.ascii	"APB1HLPENR\000"
 3074      484C5045 
 3074      4E5200
 3075              	.LASF7:
 3076 0034 6C6F6E67 		.ascii	"long int\000"
 3076      20696E74 
 3076      00
 3077              	.LASF16:
 3078 003d 4F505443 		.ascii	"OPTCR\000"
 3078      5200
 3079              	.LASF21:
 3080 0043 50524152 		.ascii	"PRAR_PRG1\000"
 3080      5F505247 
 3080      3100
 3081              	.LASF40:
 3082 004d 50524152 		.ascii	"PRAR_PRG2\000"
 3082      5F505247 
 3082      3200
 3083              	.LASF139:
 3084 0057 2E2E2F2E 		.ascii	"../../../os/hal/ports/STM32/STM32H7xx/hal_lld.c\000"
 3084      2E2F2E2E 
 3084      2F6F732F 
 3084      68616C2F 
 3084      706F7274 
 3085              	.LASF136:
 3086 0087 5F5F7263 		.ascii	"__rccResetAPB2\000"
 3086      63526573 
 3086      65744150 
 3086      423200
 3087              	.LASF94:
 3088 0096 4433414D 		.ascii	"D3AMR\000"
 3088      5200
 3089              	.LASF134:
 3090 009c 5F5F7263 		.ascii	"__rccResetAPB4\000"
 3090      63526573 
 3090      65744150 
 3090      423400
 3091              	.LASF107:
 3092 00ab 41484231 		.ascii	"AHB1LPENR\000"
 3092      4C50454E 
 3092      5200
 3093              	.LASF78:
 3094 00b5 43494552 		.ascii	"CIER\000"
 3094      00
 3095              	.LASF87:
 3096 00ba 41484234 		.ascii	"AHB4RSTR\000"
 3096      52535452 
 3096      00
 3097              	.LASF1:
 3098 00c3 6C6F6E67 		.ascii	"long long int\000"
ARM GAS  C:\Users\DEVELO~1\AppData\Local\Temp\ccjCi1yh.s 			page 56


 3098      206C6F6E 
 3098      6720696E 
 3098      7400
 3099              	.LASF26:
 3100 00d1 424F4F54 		.ascii	"BOOT_CUR\000"
 3100      5F435552 
 3100      00
 3101              	.LASF55:
 3102 00da 574B5550 		.ascii	"WKUPCR\000"
 3102      435200
 3103              	.LASF122:
 3104 00e1 6F6E6D61 		.ascii	"onmask\000"
 3104      736B00
 3105              	.LASF51:
 3106 00e8 464C4153 		.ascii	"FLASH_TypeDef\000"
 3106      485F5479 
 3106      70654465 
 3106      6600
 3107              	.LASF9:
 3108 00f6 6C6F6E67 		.ascii	"long long unsigned int\000"
 3108      206C6F6E 
 3108      6720756E 
 3108      7369676E 
 3108      65642069 
 3109              	.LASF19:
 3110 010d 4F505443 		.ascii	"OPTCCR\000"
 3110      435200
 3111              	.LASF95:
 3112 0114 52455345 		.ascii	"RESERVED11\000"
 3112      52564544 
 3112      313100
 3113              	.LASF105:
 3114 011f 52455345 		.ascii	"RESERVED12\000"
 3114      52564544 
 3114      313200
 3115              	.LASF115:
 3116 012a 52455345 		.ascii	"RESERVED13\000"
 3116      52564544 
 3116      313300
 3117              	.LASF49:
 3118 0135 43524344 		.ascii	"CRCDATA2\000"
 3118      41544132 
 3118      00
 3119              	.LASF140:
 3120 013e 433A5C50 		.ascii	"C:\\PROJET\\ChibiOS project\\ChibiOS_21.11.4\\demos"
 3120      524F4A45 
 3120      545C4368 
 3120      6962694F 
 3120      53207072 
 3121 016d 5C53544D 		.ascii	"\\STM32\\RT-STM32H743ZI_REV_XY-NUCLEO144\000"
 3121      33325C52 
 3121      542D5354 
 3121      4D333248 
 3121      3734335A 
 3122              	.LASF69:
 3123 0194 504C4C31 		.ascii	"PLL1FRACR\000"
 3123      46524143 
ARM GAS  C:\Users\DEVELO~1\AppData\Local\Temp\ccjCi1yh.s 			page 57


 3123      5200
 3124              	.LASF91:
 3125 019e 41504232 		.ascii	"APB2RSTR\000"
 3125      52535452 
 3125      00
 3126              	.LASF126:
 3127 01a7 696E6974 		.ascii	"init_bkp_domain\000"
 3127      5F626B70 
 3127      5F646F6D 
 3127      61696E00 
 3128              	.LASF32:
 3129 01b7 43524344 		.ascii	"CRCDATA\000"
 3129      41544100 
 3130              	.LASF14:
 3131 01bf 4F50544B 		.ascii	"OPTKEYR\000"
 3131      45595200 
 3132              	.LASF22:
 3133 01c7 53434152 		.ascii	"SCAR_CUR1\000"
 3133      5F435552 
 3133      3100
 3134              	.LASF124:
 3135 01d1 6366676D 		.ascii	"cfgmask\000"
 3135      61736B00 
 3136              	.LASF41:
 3137 01d9 53434152 		.ascii	"SCAR_CUR2\000"
 3137      5F435552 
 3137      3200
 3138              	.LASF65:
 3139 01e3 44334346 		.ascii	"D3CFGR\000"
 3139      475200
 3140              	.LASF67:
 3141 01ea 504C4C43 		.ascii	"PLLCFGR\000"
 3141      46475200 
 3142              	.LASF60:
 3143 01f2 43525243 		.ascii	"CRRCR\000"
 3143      5200
 3144              	.LASF79:
 3145 01f8 43494652 		.ascii	"CIFR\000"
 3145      00
 3146              	.LASF72:
 3147 01fd 504C4C33 		.ascii	"PLL3DIVR\000"
 3147      44495652 
 3147      00
 3148              	.LASF10:
 3149 0206 5F5F7569 		.ascii	"__uint32_t\000"
 3149      6E743332 
 3149      5F7400
 3150              	.LASF127:
 3151 0211 6D61736B 		.ascii	"mask\000"
 3151      00
 3152              	.LASF75:
 3153 0216 44324343 		.ascii	"D2CCIP1R\000"
 3153      49503152 
 3153      00
 3154              	.LASF77:
 3155 021f 44334343 		.ascii	"D3CCIPR\000"
 3155      49505200 
ARM GAS  C:\Users\DEVELO~1\AppData\Local\Temp\ccjCi1yh.s 			page 58


 3156              	.LASF142:
 3157 0227 73746D33 		.ascii	"stm32_clock_init\000"
 3157      325F636C 
 3157      6F636B5F 
 3157      696E6974 
 3157      00
 3158              	.LASF71:
 3159 0238 504C4C32 		.ascii	"PLL2FRACR\000"
 3159      46524143 
 3159      5200
 3160              	.LASF0:
 3161 0242 756E7369 		.ascii	"unsigned int\000"
 3161      676E6564 
 3161      20696E74 
 3161      00
 3162              	.LASF57:
 3163 024f 574B5550 		.ascii	"WKUPEPR\000"
 3163      45505200 
 3164              	.LASF141:
 3165 0257 53797374 		.ascii	"SystemCoreClock\000"
 3165      656D436F 
 3165      7265436C 
 3165      6F636B00 
 3166              	.LASF8:
 3167 0267 6C6F6E67 		.ascii	"long unsigned int\000"
 3167      20756E73 
 3167      69676E65 
 3167      6420696E 
 3167      7400
 3168              	.LASF53:
 3169 0279 43505543 		.ascii	"CPUCR\000"
 3169      5200
 3170              	.LASF116:
 3171 027f 5243435F 		.ascii	"RCC_TypeDef\000"
 3171      54797065 
 3171      44656600 
 3172              	.LASF27:
 3173 028b 424F4F54 		.ascii	"BOOT_PRG\000"
 3173      5F505247 
 3173      00
 3174              	.LASF6:
 3175 0294 73686F72 		.ascii	"short unsigned int\000"
 3175      7420756E 
 3175      7369676E 
 3175      65642069 
 3175      6E7400
 3176              	.LASF66:
 3177 02a7 504C4C43 		.ascii	"PLLCKSELR\000"
 3177      4B53454C 
 3177      5200
 3178              	.LASF59:
 3179 02b1 48534943 		.ascii	"HSICFGR\000"
 3179      46475200 
 3180              	.LASF138:
 3181 02b9 474E5520 		.ascii	"GNU C17 11.3.1 20220712 -mcpu=cortex-m7 -mthumb -mf"
 3181      43313720 
 3181      31312E33 
ARM GAS  C:\Users\DEVELO~1\AppData\Local\Temp\ccjCi1yh.s 			page 59


 3181      2E312032 
 3181      30323230 
 3182 02ec 6C6F6174 		.ascii	"loat-abi=soft -march=armv7e-m -ggdb -O0 -ffunction-"
 3182      2D616269 
 3182      3D736F66 
 3182      74202D6D 
 3182      61726368 
 3183 031f 73656374 		.ascii	"sections -fdata-sections -fno-common\000"
 3183      696F6E73 
 3183      202D6664 
 3183      6174612D 
 3183      73656374 
 3184              	.LASF84:
 3185 0344 41484233 		.ascii	"AHB3RSTR\000"
 3185      52535452 
 3185      00
 3186              	.LASF102:
 3187 034d 41504231 		.ascii	"APB1HENR\000"
 3187      48454E52 
 3187      00
 3188              	.LASF76:
 3189 0356 44324343 		.ascii	"D2CCIP2R\000"
 3189      49503252 
 3189      00
 3190              	.LASF20:
 3191 035f 50524152 		.ascii	"PRAR_CUR1\000"
 3191      5F435552 
 3191      3100
 3192              	.LASF39:
 3193 0369 50524152 		.ascii	"PRAR_CUR2\000"
 3193      5F435552 
 3193      3200
 3194              	.LASF89:
 3195 0373 41504231 		.ascii	"APB1LRSTR\000"
 3195      4C525354 
 3195      5200
 3196              	.LASF113:
 3197 037d 41504232 		.ascii	"APB2LPENR\000"
 3197      4C50454E 
 3197      5200
 3198              	.LASF73:
 3199 0387 504C4C33 		.ascii	"PLL3FRACR\000"
 3199      46524143 
 3199      5200
 3200              	.LASF92:
 3201 0391 41504234 		.ascii	"APB4RSTR\000"
 3201      52535452 
 3201      00
 3202              	.LASF58:
 3203 039a 5057525F 		.ascii	"PWR_TypeDef\000"
 3203      54797065 
 3203      44656600 
 3204              	.LASF23:
 3205 03a6 53434152 		.ascii	"SCAR_PRG1\000"
 3205      5F505247 
 3205      3100
 3206              	.LASF42:
ARM GAS  C:\Users\DEVELO~1\AppData\Local\Temp\ccjCi1yh.s 			page 60


 3207 03b0 53434152 		.ascii	"SCAR_PRG2\000"
 3207      5F505247 
 3207      3200
 3208              	.LASF104:
 3209 03ba 41504234 		.ascii	"APB4ENR\000"
 3209      454E5200 
 3210              	.LASF129:
 3211 03c2 72636345 		.ascii	"rccEnableAPB4\000"
 3211      6E61626C 
 3211      65415042 
 3211      3400
 3212              	.LASF25:
 3213 03d0 5750534E 		.ascii	"WPSN_PRG1\000"
 3213      5F505247 
 3213      3100
 3214              	.LASF44:
 3215 03da 5750534E 		.ascii	"WPSN_PRG2\000"
 3215      5F505247 
 3215      3200
 3216              	.LASF31:
 3217 03e4 43524345 		.ascii	"CRCEADD1\000"
 3217      41444431 
 3217      00
 3218              	.LASF48:
 3219 03ed 43524345 		.ascii	"CRCEADD2\000"
 3219      41444432 
 3219      00
 3220              	.LASF125:
 3221 03f6 696E6974 		.ascii	"init_pwr\000"
 3221      5F707772 
 3221      00
 3222              	.LASF90:
 3223 03ff 41504231 		.ascii	"APB1HRSTR\000"
 3223      48525354 
 3223      5200
 3224              	.LASF29:
 3225 0409 43524343 		.ascii	"CRCCR1\000"
 3225      523100
 3226              	.LASF46:
 3227 0410 43524343 		.ascii	"CRCCR2\000"
 3227      523200
 3228              	.LASF17:
 3229 0417 4F505453 		.ascii	"OPTSR_CUR\000"
 3229      525F4355 
 3229      5200
 3230              	.LASF133:
 3231 0421 5F5F7263 		.ascii	"__rccResetAHB1\000"
 3231      63526573 
 3231      65744148 
 3231      423100
 3232              	.LASF132:
 3233 0430 5F5F7263 		.ascii	"__rccResetAHB2\000"
 3233      63526573 
 3233      65744148 
 3233      423200
 3234              	.LASF131:
 3235 043f 5F5F7263 		.ascii	"__rccResetAHB3\000"
ARM GAS  C:\Users\DEVELO~1\AppData\Local\Temp\ccjCi1yh.s 			page 61


 3235      63526573 
 3235      65744148 
 3235      423300
 3236              	.LASF130:
 3237 044e 5F5F7263 		.ascii	"__rccResetAHB4\000"
 3237      63526573 
 3237      65744148 
 3237      423400
 3238              	.LASF108:
 3239 045d 41484232 		.ascii	"AHB2LPENR\000"
 3239      4C50454E 
 3239      5200
 3240              	.LASF110:
 3241 0467 41504233 		.ascii	"APB3LPENR\000"
 3241      4C50454E 
 3241      5200
 3242              	.LASF123:
 3243 0471 7264796D 		.ascii	"rdymask\000"
 3243      61736B00 
 3244              	.LASF100:
 3245 0479 41504233 		.ascii	"APB3ENR\000"
 3245      454E5200 
 3246              	.LASF118:
 3247 0481 69727149 		.ascii	"irqInit\000"
 3247      6E697400 
 3248              	.LASF99:
 3249 0489 41484234 		.ascii	"AHB4ENR\000"
 3249      454E5200 
 3250              	.LASF28:
 3251 0491 52455345 		.ascii	"RESERVED0\000"
 3251      52564544 
 3251      3000
 3252              	.LASF34:
 3253 049b 52455345 		.ascii	"RESERVED1\000"
 3253      52564544 
 3253      3100
 3254              	.LASF36:
 3255 04a5 52455345 		.ascii	"RESERVED2\000"
 3255      52564544 
 3255      3200
 3256              	.LASF38:
 3257 04af 52455345 		.ascii	"RESERVED3\000"
 3257      52564544 
 3257      3300
 3258              	.LASF64:
 3259 04b9 44324346 		.ascii	"D2CFGR\000"
 3259      475200
 3260              	.LASF81:
 3261 04c0 52455345 		.ascii	"RESERVED5\000"
 3261      52564544 
 3261      3500
 3262              	.LASF83:
 3263 04ca 52455345 		.ascii	"RESERVED6\000"
 3263      52564544 
 3263      3600
 3264              	.LASF93:
 3265 04d4 52455345 		.ascii	"RESERVED8\000"
ARM GAS  C:\Users\DEVELO~1\AppData\Local\Temp\ccjCi1yh.s 			page 62


 3265      52564544 
 3265      3800
 3266              	.LASF117:
 3267 04de 5F426F6F 		.ascii	"_Bool\000"
 3267      6C00
 3268              	.LASF70:
 3269 04e4 504C4C32 		.ascii	"PLL2DIVR\000"
 3269      44495652 
 3269      00
 3270              	.LASF4:
 3271 04ed 756E7369 		.ascii	"unsigned char\000"
 3271      676E6564 
 3271      20636861 
 3271      7200
 3272              	.LASF5:
 3273 04fb 73686F72 		.ascii	"short int\000"
 3273      7420696E 
 3273      7400
 3274              	.LASF106:
 3275 0505 41484233 		.ascii	"AHB3LPENR\000"
 3275      4C50454E 
 3275      5200
 3276              	.LASF114:
 3277 050f 41504234 		.ascii	"APB4LPENR\000"
 3277      4C50454E 
 3277      5200
 3278              	.LASF33:
 3279 0519 4543435F 		.ascii	"ECC_FA1\000"
 3279      46413100 
 3280              	.LASF50:
 3281 0521 4543435F 		.ascii	"ECC_FA2\000"
 3281      46413200 
 3282              	.LASF103:
 3283 0529 41504232 		.ascii	"APB2ENR\000"
 3283      454E5200 
 3284              	.LASF96:
 3285 0531 41484233 		.ascii	"AHB3ENR\000"
 3285      454E5200 
 3286              	.LASF135:
 3287 0539 5F5F7263 		.ascii	"__rccResetAPB3\000"
 3287      63526573 
 3287      65744150 
 3287      423300
 3288              	.LASF45:
 3289 0548 52455345 		.ascii	"RESERVED4\000"
 3289      52564544 
 3289      3400
 3290              	.LASF11:
 3291 0552 75696E74 		.ascii	"uint32_t\000"
 3291      33325F74 
 3291      00
 3292              	.LASF54:
 3293 055b 44334352 		.ascii	"D3CR\000"
 3293      00
 3294              	.LASF74:
 3295 0560 44314343 		.ascii	"D1CCIPR\000"
 3295      49505200 
ARM GAS  C:\Users\DEVELO~1\AppData\Local\Temp\ccjCi1yh.s 			page 63


 3296              	.LASF119:
 3297 0568 646D6149 		.ascii	"dmaInit\000"
 3297      6E697400 
 3298              	.LASF2:
 3299 0570 6C6F6E67 		.ascii	"long double\000"
 3299      20646F75 
 3299      626C6500 
 3300              	.LASF12:
 3301 057c 63686172 		.ascii	"char\000"
 3301      00
 3302              	.LASF18:
 3303 0581 4F505453 		.ascii	"OPTSR_PRG\000"
 3303      525F5052 
 3303      4700
 3304              	.LASF86:
 3305 058b 41484232 		.ascii	"AHB2RSTR\000"
 3305      52535452 
 3305      00
 3306              	.LASF35:
 3307 0594 4B455952 		.ascii	"KEYR2\000"
 3307      3200
 3308              	.LASF109:
 3309 059a 41484234 		.ascii	"AHB4LPENR\000"
 3309      4C50454E 
 3309      5200
 3310              	.LASF13:
 3311 05a4 4B455952 		.ascii	"KEYR1\000"
 3311      3100
 3312              	.LASF82:
 3313 05aa 42444352 		.ascii	"BDCR\000"
 3313      00
 3314              	.LASF98:
 3315 05af 41484232 		.ascii	"AHB2ENR\000"
 3315      454E5200 
 3316              	.LASF88:
 3317 05b7 41504233 		.ascii	"APB3RSTR\000"
 3317      52535452 
 3317      00
 3318              	.LASF61:
 3319 05c0 43534943 		.ascii	"CSICFGR\000"
 3319      46475200 
 3320              	.LASF85:
 3321 05c8 41484231 		.ascii	"AHB1RSTR\000"
 3321      52535452 
 3321      00
 3322              	.LASF24:
 3323 05d1 5750534E 		.ascii	"WPSN_CUR1\000"
 3323      5F435552 
 3323      3100
 3324              	.LASF43:
 3325 05db 5750534E 		.ascii	"WPSN_CUR2\000"
 3325      5F435552 
 3325      3200
 3326              	.LASF111:
 3327 05e5 41504231 		.ascii	"APB1LLPENR\000"
 3327      4C4C5045 
 3327      4E5200
ARM GAS  C:\Users\DEVELO~1\AppData\Local\Temp\ccjCi1yh.s 			page 64


 3328              	.LASF15:
 3329 05f0 43435231 		.ascii	"CCR1\000"
 3329      00
 3330              	.LASF37:
 3331 05f5 43435232 		.ascii	"CCR2\000"
 3331      00
 3332              	.LASF80:
 3333 05fa 43494352 		.ascii	"CICR\000"
 3333      00
 3334              	.LASF137:
 3335 05ff 5F5F7263 		.ascii	"__rccResetAPB1H\000"
 3335      63526573 
 3335      65744150 
 3335      42314800 
 3336              	.LASF144:
 3337 060f 5F5F7263 		.ascii	"__rccResetAPB1L\000"
 3337      63526573 
 3337      65744150 
 3337      42314C00 
 3338              	.LASF30:
 3339 061f 43524353 		.ascii	"CRCSADD1\000"
 3339      41444431 
 3339      00
 3340              	.LASF47:
 3341 0628 43524353 		.ascii	"CRCSADD2\000"
 3341      41444432 
 3341      00
 3342              	.LASF121:
 3343 0631 63666772 		.ascii	"cfgr\000"
 3343      00
 3344              	.LASF97:
 3345 0636 41484231 		.ascii	"AHB1ENR\000"
 3345      454E5200 
 3346              	.LASF62:
 3347 063e 43464752 		.ascii	"CFGR\000"
 3347      00
 3348              	.LASF101:
 3349 0643 41504231 		.ascii	"APB1LENR\000"
 3349      4C454E52 
 3349      00
 3350              	.LASF52:
 3351 064c 43535231 		.ascii	"CSR1\000"
 3351      00
 3352              	.LASF128:
 3353 0651 72636345 		.ascii	"rccEnableAHB2\000"
 3353      6E61626C 
 3353      65414842 
 3353      3200
 3354              	.LASF120:
 3355 065f 62646D61 		.ascii	"bdmaInit\000"
 3355      496E6974 
 3355      00
 3356              	.LASF63:
 3357 0668 44314346 		.ascii	"D1CFGR\000"
 3357      475200
 3358              		.ident	"GCC: (Arm GNU Toolchain 11.3.Rel1) 11.3.1 20220712"
ARM GAS  C:\Users\DEVELO~1\AppData\Local\Temp\ccjCi1yh.s 			page 65


DEFINED SYMBOLS
                            *ABS*:00000000 hal_lld.c
C:\Users\DEVELO~1\AppData\Local\Temp\ccjCi1yh.s:18     .text.__rccResetAPB1L:00000000 $t
C:\Users\DEVELO~1\AppData\Local\Temp\ccjCi1yh.s:23     .text.__rccResetAPB1L:00000000 __rccResetAPB1L
C:\Users\DEVELO~1\AppData\Local\Temp\ccjCi1yh.s:74     .text.__rccResetAPB1L:0000003c $d
C:\Users\DEVELO~1\AppData\Local\Temp\ccjCi1yh.s:79     .text.__rccResetAPB1H:00000000 $t
C:\Users\DEVELO~1\AppData\Local\Temp\ccjCi1yh.s:84     .text.__rccResetAPB1H:00000000 __rccResetAPB1H
C:\Users\DEVELO~1\AppData\Local\Temp\ccjCi1yh.s:134    .text.__rccResetAPB1H:0000003c $d
C:\Users\DEVELO~1\AppData\Local\Temp\ccjCi1yh.s:139    .text.__rccResetAPB2:00000000 $t
C:\Users\DEVELO~1\AppData\Local\Temp\ccjCi1yh.s:144    .text.__rccResetAPB2:00000000 __rccResetAPB2
C:\Users\DEVELO~1\AppData\Local\Temp\ccjCi1yh.s:194    .text.__rccResetAPB2:0000003c $d
C:\Users\DEVELO~1\AppData\Local\Temp\ccjCi1yh.s:199    .text.__rccResetAPB3:00000000 $t
C:\Users\DEVELO~1\AppData\Local\Temp\ccjCi1yh.s:204    .text.__rccResetAPB3:00000000 __rccResetAPB3
C:\Users\DEVELO~1\AppData\Local\Temp\ccjCi1yh.s:254    .text.__rccResetAPB3:0000003c $d
C:\Users\DEVELO~1\AppData\Local\Temp\ccjCi1yh.s:259    .text.__rccResetAPB4:00000000 $t
C:\Users\DEVELO~1\AppData\Local\Temp\ccjCi1yh.s:264    .text.__rccResetAPB4:00000000 __rccResetAPB4
C:\Users\DEVELO~1\AppData\Local\Temp\ccjCi1yh.s:314    .text.__rccResetAPB4:0000003c $d
C:\Users\DEVELO~1\AppData\Local\Temp\ccjCi1yh.s:319    .text.__rccResetAHB1:00000000 $t
C:\Users\DEVELO~1\AppData\Local\Temp\ccjCi1yh.s:324    .text.__rccResetAHB1:00000000 __rccResetAHB1
C:\Users\DEVELO~1\AppData\Local\Temp\ccjCi1yh.s:374    .text.__rccResetAHB1:0000003c $d
C:\Users\DEVELO~1\AppData\Local\Temp\ccjCi1yh.s:379    .text.__rccResetAHB2:00000000 $t
C:\Users\DEVELO~1\AppData\Local\Temp\ccjCi1yh.s:384    .text.__rccResetAHB2:00000000 __rccResetAHB2
C:\Users\DEVELO~1\AppData\Local\Temp\ccjCi1yh.s:434    .text.__rccResetAHB2:0000003c $d
C:\Users\DEVELO~1\AppData\Local\Temp\ccjCi1yh.s:439    .text.__rccResetAHB3:00000000 $t
C:\Users\DEVELO~1\AppData\Local\Temp\ccjCi1yh.s:444    .text.__rccResetAHB3:00000000 __rccResetAHB3
C:\Users\DEVELO~1\AppData\Local\Temp\ccjCi1yh.s:494    .text.__rccResetAHB3:00000030 $d
C:\Users\DEVELO~1\AppData\Local\Temp\ccjCi1yh.s:499    .text.__rccResetAHB4:00000000 $t
C:\Users\DEVELO~1\AppData\Local\Temp\ccjCi1yh.s:504    .text.__rccResetAHB4:00000000 __rccResetAHB4
C:\Users\DEVELO~1\AppData\Local\Temp\ccjCi1yh.s:554    .text.__rccResetAHB4:0000003c $d
C:\Users\DEVELO~1\AppData\Local\Temp\ccjCi1yh.s:559    .text.rccEnableAPB4:00000000 $t
C:\Users\DEVELO~1\AppData\Local\Temp\ccjCi1yh.s:564    .text.rccEnableAPB4:00000000 rccEnableAPB4
C:\Users\DEVELO~1\AppData\Local\Temp\ccjCi1yh.s:630    .text.rccEnableAPB4:00000058 $d
C:\Users\DEVELO~1\AppData\Local\Temp\ccjCi1yh.s:635    .text.rccEnableAHB2:00000000 $t
C:\Users\DEVELO~1\AppData\Local\Temp\ccjCi1yh.s:640    .text.rccEnableAHB2:00000000 rccEnableAHB2
C:\Users\DEVELO~1\AppData\Local\Temp\ccjCi1yh.s:706    .text.rccEnableAHB2:00000058 $d
C:\Users\DEVELO~1\AppData\Local\Temp\ccjCi1yh.s:715    .data.SystemCoreClock:00000000 SystemCoreClock
C:\Users\DEVELO~1\AppData\Local\Temp\ccjCi1yh.s:712    .data.SystemCoreClock:00000000 $d
C:\Users\DEVELO~1\AppData\Local\Temp\ccjCi1yh.s:718    .text.init_bkp_domain:00000000 $t
C:\Users\DEVELO~1\AppData\Local\Temp\ccjCi1yh.s:723    .text.init_bkp_domain:00000000 init_bkp_domain
C:\Users\DEVELO~1\AppData\Local\Temp\ccjCi1yh.s:773    .text.init_bkp_domain:00000034 $d
C:\Users\DEVELO~1\AppData\Local\Temp\ccjCi1yh.s:779    .text.init_pwr:00000000 $t
C:\Users\DEVELO~1\AppData\Local\Temp\ccjCi1yh.s:784    .text.init_pwr:00000000 init_pwr
C:\Users\DEVELO~1\AppData\Local\Temp\ccjCi1yh.s:861    .text.init_pwr:00000050 $d
C:\Users\DEVELO~1\AppData\Local\Temp\ccjCi1yh.s:868    .text.hal_lld_init:00000000 $t
C:\Users\DEVELO~1\AppData\Local\Temp\ccjCi1yh.s:874    .text.hal_lld_init:00000000 hal_lld_init
C:\Users\DEVELO~1\AppData\Local\Temp\ccjCi1yh.s:925    .text.hal_lld_init:00000058 $d
C:\Users\DEVELO~1\AppData\Local\Temp\ccjCi1yh.s:931    .text.stm32_clock_init:00000000 $t
C:\Users\DEVELO~1\AppData\Local\Temp\ccjCi1yh.s:937    .text.stm32_clock_init:00000000 stm32_clock_init
C:\Users\DEVELO~1\AppData\Local\Temp\ccjCi1yh.s:1284   .text.stm32_clock_init:00000200 $d

UNDEFINED SYMBOLS
bdmaInit
dmaInit
irqInit
