ARM GAS  C:\Users\DEVELO~1\AppData\Local\Temp\ccalPHYl.s 			page 1


   1              		.cpu cortex-m7
   2              		.arch armv7e-m
   3              		.fpu softvfp
   4              		.eabi_attribute 20, 1
   5              		.eabi_attribute 21, 1
   6              		.eabi_attribute 23, 3
   7              		.eabi_attribute 24, 1
   8              		.eabi_attribute 25, 1
   9              		.eabi_attribute 26, 1
  10              		.eabi_attribute 30, 6
  11              		.eabi_attribute 34, 1
  12              		.eabi_attribute 18, 4
  13              		.file	"hal_sdc_lld.c"
  14              		.text
  15              	.Ltext0:
  16              		.cfi_sections	.debug_frame
  17              		.section	.text.chSysLock,"ax",%progbits
  18              		.align	1
  19              		.syntax unified
  20              		.thumb
  21              		.thumb_func
  22              		.type	chSysLock, %function
  23              	chSysLock:
  24              	.LFB202:
  25              		.file 1 "../../../os/rt/include/chsys.h"
  26              		.loc 1 407 36
  27              		.cfi_startproc
  28              		@ args = 0, pretend = 0, frame = 8
  29              		@ frame_needed = 1, uses_anonymous_args = 0
  30              		@ link register save eliminated.
  31 0000 80B4     		push	{r7}
  32              		.cfi_def_cfa_offset 4
  33              		.cfi_offset 7, -4
  34 0002 83B0     		sub	sp, sp, #12
  35              		.cfi_def_cfa_offset 16
  36 0004 00AF     		add	r7, sp, #0
  37              		.cfi_def_cfa_register 7
  38 0006 3023     		movs	r3, #48
  39 0008 7B60     		str	r3, [r7, #4]
  40              	.LBB40:
  41              	.LBB41:
  42              	.LBB42:
  43              	.LBB43:
  44              		.file 2 "../../../os/common/ext/ARM/CMSIS/Core/Include/cmsis_gcc.h"
  45              		.loc 2 493 3
  46 000a 7B68     		ldr	r3, [r7, #4]
  47              		.syntax unified
  48              	@ 493 "../../../os/common/ext/ARM/CMSIS/Core/Include/cmsis_gcc.h" 1
  49 000c 83F31188 		MSR basepri, r3
  50              	@ 0 "" 2
  51              		.loc 2 494 1
  52              		.thumb
  53              		.syntax unified
  54 0010 00BF     		nop
  55              	.LBE43:
  56              	.LBE42:
  57              		.file 3 "../../../os/common/ports/ARMv7-M/chcore.h"
ARM GAS  C:\Users\DEVELO~1\AppData\Local\Temp\ccalPHYl.s 			page 2


  58              		.loc 3 840 1
  59 0012 00BF     		nop
  60              	.LBE41:
  61              	.LBE40:
  62              		.loc 1 412 1
  63 0014 00BF     		nop
  64 0016 0C37     		adds	r7, r7, #12
  65              		.cfi_def_cfa_offset 4
  66 0018 BD46     		mov	sp, r7
  67              		.cfi_def_cfa_register 13
  68              		@ sp needed
  69 001a 80BC     		pop	{r7}
  70              		.cfi_restore 7
  71              		.cfi_def_cfa_offset 0
  72 001c 7047     		bx	lr
  73              		.cfi_endproc
  74              	.LFE202:
  75              		.size	chSysLock, .-chSysLock
  76              		.section	.text.chSysUnlock,"ax",%progbits
  77              		.align	1
  78              		.syntax unified
  79              		.thumb
  80              		.thumb_func
  81              		.type	chSysUnlock, %function
  82              	chSysUnlock:
  83              	.LFB203:
  84              		.loc 1 421 38
  85              		.cfi_startproc
  86              		@ args = 0, pretend = 0, frame = 8
  87              		@ frame_needed = 1, uses_anonymous_args = 0
  88              		@ link register save eliminated.
  89 0000 80B4     		push	{r7}
  90              		.cfi_def_cfa_offset 4
  91              		.cfi_offset 7, -4
  92 0002 83B0     		sub	sp, sp, #12
  93              		.cfi_def_cfa_offset 16
  94 0004 00AF     		add	r7, sp, #0
  95              		.cfi_def_cfa_register 7
  96 0006 0023     		movs	r3, #0
  97 0008 7B60     		str	r3, [r7, #4]
  98              	.LBB44:
  99              	.LBB45:
 100              	.LBB46:
 101              	.LBB47:
 102              		.loc 2 493 3
 103 000a 7B68     		ldr	r3, [r7, #4]
 104              		.syntax unified
 105              	@ 493 "../../../os/common/ext/ARM/CMSIS/Core/Include/cmsis_gcc.h" 1
 106 000c 83F31188 		MSR basepri, r3
 107              	@ 0 "" 2
 108              		.loc 2 494 1
 109              		.thumb
 110              		.syntax unified
 111 0010 00BF     		nop
 112              	.LBE47:
 113              	.LBE46:
 114              		.loc 3 854 1
ARM GAS  C:\Users\DEVELO~1\AppData\Local\Temp\ccalPHYl.s 			page 3


 115 0012 00BF     		nop
 116              	.LBE45:
 117              	.LBE44:
 118              		.loc 1 435 1
 119 0014 00BF     		nop
 120 0016 0C37     		adds	r7, r7, #12
 121              		.cfi_def_cfa_offset 4
 122 0018 BD46     		mov	sp, r7
 123              		.cfi_def_cfa_register 13
 124              		@ sp needed
 125 001a 80BC     		pop	{r7}
 126              		.cfi_restore 7
 127              		.cfi_def_cfa_offset 0
 128 001c 7047     		bx	lr
 129              		.cfi_endproc
 130              	.LFE203:
 131              		.size	chSysUnlock, .-chSysUnlock
 132              		.section	.text.chSysLockFromISR,"ax",%progbits
 133              		.align	1
 134              		.syntax unified
 135              		.thumb
 136              		.thumb_func
 137              		.type	chSysLockFromISR, %function
 138              	chSysLockFromISR:
 139              	.LFB204:
 140              		.loc 1 451 43
 141              		.cfi_startproc
 142              		@ args = 0, pretend = 0, frame = 8
 143              		@ frame_needed = 1, uses_anonymous_args = 0
 144              		@ link register save eliminated.
 145 0000 80B4     		push	{r7}
 146              		.cfi_def_cfa_offset 4
 147              		.cfi_offset 7, -4
 148 0002 83B0     		sub	sp, sp, #12
 149              		.cfi_def_cfa_offset 16
 150 0004 00AF     		add	r7, sp, #0
 151              		.cfi_def_cfa_register 7
 152 0006 3023     		movs	r3, #48
 153 0008 7B60     		str	r3, [r7, #4]
 154              	.LBB48:
 155              	.LBB49:
 156              	.LBB50:
 157              	.LBB51:
 158              	.LBB52:
 159              	.LBB53:
 160              		.loc 2 493 3
 161 000a 7B68     		ldr	r3, [r7, #4]
 162              		.syntax unified
 163              	@ 493 "../../../os/common/ext/ARM/CMSIS/Core/Include/cmsis_gcc.h" 1
 164 000c 83F31188 		MSR basepri, r3
 165              	@ 0 "" 2
 166              		.loc 2 494 1
 167              		.thumb
 168              		.syntax unified
 169 0010 00BF     		nop
 170              	.LBE53:
 171              	.LBE52:
ARM GAS  C:\Users\DEVELO~1\AppData\Local\Temp\ccalPHYl.s 			page 4


 172              		.loc 3 840 1
 173 0012 00BF     		nop
 174              	.LBE51:
 175              	.LBE50:
 176              		.loc 3 865 1
 177 0014 00BF     		nop
 178              	.LBE49:
 179              	.LBE48:
 180              		.loc 1 456 1
 181 0016 00BF     		nop
 182 0018 0C37     		adds	r7, r7, #12
 183              		.cfi_def_cfa_offset 4
 184 001a BD46     		mov	sp, r7
 185              		.cfi_def_cfa_register 13
 186              		@ sp needed
 187 001c 80BC     		pop	{r7}
 188              		.cfi_restore 7
 189              		.cfi_def_cfa_offset 0
 190 001e 7047     		bx	lr
 191              		.cfi_endproc
 192              	.LFE204:
 193              		.size	chSysLockFromISR, .-chSysLockFromISR
 194              		.section	.text.chSysUnlockFromISR,"ax",%progbits
 195              		.align	1
 196              		.syntax unified
 197              		.thumb
 198              		.thumb_func
 199              		.type	chSysUnlockFromISR, %function
 200              	chSysUnlockFromISR:
 201              	.LFB205:
 202              		.loc 1 473 45
 203              		.cfi_startproc
 204              		@ args = 0, pretend = 0, frame = 8
 205              		@ frame_needed = 1, uses_anonymous_args = 0
 206              		@ link register save eliminated.
 207 0000 80B4     		push	{r7}
 208              		.cfi_def_cfa_offset 4
 209              		.cfi_offset 7, -4
 210 0002 83B0     		sub	sp, sp, #12
 211              		.cfi_def_cfa_offset 16
 212 0004 00AF     		add	r7, sp, #0
 213              		.cfi_def_cfa_register 7
 214 0006 0023     		movs	r3, #0
 215 0008 7B60     		str	r3, [r7, #4]
 216              	.LBB54:
 217              	.LBB55:
 218              	.LBB56:
 219              	.LBB57:
 220              	.LBB58:
 221              	.LBB59:
 222              		.loc 2 493 3
 223 000a 7B68     		ldr	r3, [r7, #4]
 224              		.syntax unified
 225              	@ 493 "../../../os/common/ext/ARM/CMSIS/Core/Include/cmsis_gcc.h" 1
 226 000c 83F31188 		MSR basepri, r3
 227              	@ 0 "" 2
 228              		.loc 2 494 1
ARM GAS  C:\Users\DEVELO~1\AppData\Local\Temp\ccalPHYl.s 			page 5


 229              		.thumb
 230              		.syntax unified
 231 0010 00BF     		nop
 232              	.LBE59:
 233              	.LBE58:
 234              		.loc 3 854 1
 235 0012 00BF     		nop
 236              	.LBE57:
 237              	.LBE56:
 238              		.loc 3 876 1
 239 0014 00BF     		nop
 240              	.LBE55:
 241              	.LBE54:
 242              		.loc 1 478 1
 243 0016 00BF     		nop
 244 0018 0C37     		adds	r7, r7, #12
 245              		.cfi_def_cfa_offset 4
 246 001a BD46     		mov	sp, r7
 247              		.cfi_def_cfa_register 13
 248              		@ sp needed
 249 001c 80BC     		pop	{r7}
 250              		.cfi_restore 7
 251              		.cfi_def_cfa_offset 0
 252 001e 7047     		bx	lr
 253              		.cfi_endproc
 254              	.LFE205:
 255              		.size	chSysUnlockFromISR, .-chSysUnlockFromISR
 256              		.section	.text.osalSysLock,"ax",%progbits
 257              		.align	1
 258              		.syntax unified
 259              		.thumb
 260              		.thumb_func
 261              		.type	osalSysLock, %function
 262              	osalSysLock:
 263              	.LFB350:
 264              		.file 4 "../../../os/hal/osal/rt-nil/osal.h"
 265              		.loc 4 573 38
 266              		.cfi_startproc
 267              		@ args = 0, pretend = 0, frame = 0
 268              		@ frame_needed = 1, uses_anonymous_args = 0
 269 0000 80B5     		push	{r7, lr}
 270              		.cfi_def_cfa_offset 8
 271              		.cfi_offset 7, -8
 272              		.cfi_offset 14, -4
 273 0002 00AF     		add	r7, sp, #0
 274              		.cfi_def_cfa_register 7
 275              		.loc 4 575 3
 276 0004 FFF7FEFF 		bl	chSysLock
 277              		.loc 4 576 1
 278 0008 00BF     		nop
 279 000a 80BD     		pop	{r7, pc}
 280              		.cfi_endproc
 281              	.LFE350:
 282              		.size	osalSysLock, .-osalSysLock
 283              		.section	.text.osalSysUnlock,"ax",%progbits
 284              		.align	1
 285              		.syntax unified
ARM GAS  C:\Users\DEVELO~1\AppData\Local\Temp\ccalPHYl.s 			page 6


 286              		.thumb
 287              		.thumb_func
 288              		.type	osalSysUnlock, %function
 289              	osalSysUnlock:
 290              	.LFB351:
 291              		.loc 4 584 40
 292              		.cfi_startproc
 293              		@ args = 0, pretend = 0, frame = 0
 294              		@ frame_needed = 1, uses_anonymous_args = 0
 295 0000 80B5     		push	{r7, lr}
 296              		.cfi_def_cfa_offset 8
 297              		.cfi_offset 7, -8
 298              		.cfi_offset 14, -4
 299 0002 00AF     		add	r7, sp, #0
 300              		.cfi_def_cfa_register 7
 301              		.loc 4 586 3
 302 0004 FFF7FEFF 		bl	chSysUnlock
 303              		.loc 4 587 1
 304 0008 00BF     		nop
 305 000a 80BD     		pop	{r7, pc}
 306              		.cfi_endproc
 307              	.LFE351:
 308              		.size	osalSysUnlock, .-osalSysUnlock
 309              		.section	.text.osalSysLockFromISR,"ax",%progbits
 310              		.align	1
 311              		.syntax unified
 312              		.thumb
 313              		.thumb_func
 314              		.type	osalSysLockFromISR, %function
 315              	osalSysLockFromISR:
 316              	.LFB352:
 317              		.loc 4 595 45
 318              		.cfi_startproc
 319              		@ args = 0, pretend = 0, frame = 0
 320              		@ frame_needed = 1, uses_anonymous_args = 0
 321 0000 80B5     		push	{r7, lr}
 322              		.cfi_def_cfa_offset 8
 323              		.cfi_offset 7, -8
 324              		.cfi_offset 14, -4
 325 0002 00AF     		add	r7, sp, #0
 326              		.cfi_def_cfa_register 7
 327              		.loc 4 597 3
 328 0004 FFF7FEFF 		bl	chSysLockFromISR
 329              		.loc 4 598 1
 330 0008 00BF     		nop
 331 000a 80BD     		pop	{r7, pc}
 332              		.cfi_endproc
 333              	.LFE352:
 334              		.size	osalSysLockFromISR, .-osalSysLockFromISR
 335              		.section	.text.osalSysUnlockFromISR,"ax",%progbits
 336              		.align	1
 337              		.syntax unified
 338              		.thumb
 339              		.thumb_func
 340              		.type	osalSysUnlockFromISR, %function
 341              	osalSysUnlockFromISR:
 342              	.LFB353:
ARM GAS  C:\Users\DEVELO~1\AppData\Local\Temp\ccalPHYl.s 			page 7


 343              		.loc 4 606 47
 344              		.cfi_startproc
 345              		@ args = 0, pretend = 0, frame = 0
 346              		@ frame_needed = 1, uses_anonymous_args = 0
 347 0000 80B5     		push	{r7, lr}
 348              		.cfi_def_cfa_offset 8
 349              		.cfi_offset 7, -8
 350              		.cfi_offset 14, -4
 351 0002 00AF     		add	r7, sp, #0
 352              		.cfi_def_cfa_register 7
 353              		.loc 4 608 3
 354 0004 FFF7FEFF 		bl	chSysUnlockFromISR
 355              		.loc 4 609 1
 356 0008 00BF     		nop
 357 000a 80BD     		pop	{r7, pc}
 358              		.cfi_endproc
 359              	.LFE353:
 360              		.size	osalSysUnlockFromISR, .-osalSysUnlockFromISR
 361              		.section	.text.osalThreadSleep,"ax",%progbits
 362              		.align	1
 363              		.syntax unified
 364              		.thumb
 365              		.thumb_func
 366              		.type	osalThreadSleep, %function
 367              	osalThreadSleep:
 368              	.LFB364:
 369              		.loc 4 782 57
 370              		.cfi_startproc
 371              		@ args = 0, pretend = 0, frame = 8
 372              		@ frame_needed = 1, uses_anonymous_args = 0
 373 0000 80B5     		push	{r7, lr}
 374              		.cfi_def_cfa_offset 8
 375              		.cfi_offset 7, -8
 376              		.cfi_offset 14, -4
 377 0002 82B0     		sub	sp, sp, #8
 378              		.cfi_def_cfa_offset 16
 379 0004 00AF     		add	r7, sp, #0
 380              		.cfi_def_cfa_register 7
 381 0006 7860     		str	r0, [r7, #4]
 382              		.loc 4 784 3
 383 0008 7868     		ldr	r0, [r7, #4]
 384 000a FFF7FEFF 		bl	chThdSleep
 385              		.loc 4 785 1
 386 000e 00BF     		nop
 387 0010 0837     		adds	r7, r7, #8
 388              		.cfi_def_cfa_offset 8
 389 0012 BD46     		mov	sp, r7
 390              		.cfi_def_cfa_register 13
 391              		@ sp needed
 392 0014 80BD     		pop	{r7, pc}
 393              		.cfi_endproc
 394              	.LFE364:
 395              		.size	osalThreadSleep, .-osalThreadSleep
 396              		.section	.text.osalThreadSuspendS,"ax",%progbits
 397              		.align	1
 398              		.syntax unified
 399              		.thumb
ARM GAS  C:\Users\DEVELO~1\AppData\Local\Temp\ccalPHYl.s 			page 8


 400              		.thumb_func
 401              		.type	osalThreadSuspendS, %function
 402              	osalThreadSuspendS:
 403              	.LFB365:
 404              		.loc 4 797 65
 405              		.cfi_startproc
 406              		@ args = 0, pretend = 0, frame = 8
 407              		@ frame_needed = 1, uses_anonymous_args = 0
 408 0000 80B5     		push	{r7, lr}
 409              		.cfi_def_cfa_offset 8
 410              		.cfi_offset 7, -8
 411              		.cfi_offset 14, -4
 412 0002 82B0     		sub	sp, sp, #8
 413              		.cfi_def_cfa_offset 16
 414 0004 00AF     		add	r7, sp, #0
 415              		.cfi_def_cfa_register 7
 416 0006 7860     		str	r0, [r7, #4]
 417              		.loc 4 799 10
 418 0008 4FF0FF31 		mov	r1, #-1
 419 000c 7868     		ldr	r0, [r7, #4]
 420 000e FFF7FEFF 		bl	chThdSuspendTimeoutS
 421 0012 0346     		mov	r3, r0
 422              		.loc 4 800 1
 423 0014 1846     		mov	r0, r3
 424 0016 0837     		adds	r7, r7, #8
 425              		.cfi_def_cfa_offset 8
 426 0018 BD46     		mov	sp, r7
 427              		.cfi_def_cfa_register 13
 428              		@ sp needed
 429 001a 80BD     		pop	{r7, pc}
 430              		.cfi_endproc
 431              	.LFE365:
 432              		.size	osalThreadSuspendS, .-osalThreadSuspendS
 433              		.section	.text.osalThreadResumeI,"ax",%progbits
 434              		.align	1
 435              		.syntax unified
 436              		.thumb
 437              		.thumb_func
 438              		.type	osalThreadResumeI, %function
 439              	osalThreadResumeI:
 440              	.LFB367:
 441              		.loc 4 837 74
 442              		.cfi_startproc
 443              		@ args = 0, pretend = 0, frame = 8
 444              		@ frame_needed = 1, uses_anonymous_args = 0
 445 0000 80B5     		push	{r7, lr}
 446              		.cfi_def_cfa_offset 8
 447              		.cfi_offset 7, -8
 448              		.cfi_offset 14, -4
 449 0002 82B0     		sub	sp, sp, #8
 450              		.cfi_def_cfa_offset 16
 451 0004 00AF     		add	r7, sp, #0
 452              		.cfi_def_cfa_register 7
 453 0006 7860     		str	r0, [r7, #4]
 454 0008 3960     		str	r1, [r7]
 455              		.loc 4 839 3
 456 000a 3968     		ldr	r1, [r7]
ARM GAS  C:\Users\DEVELO~1\AppData\Local\Temp\ccalPHYl.s 			page 9


 457 000c 7868     		ldr	r0, [r7, #4]
 458 000e FFF7FEFF 		bl	chThdResumeI
 459              		.loc 4 840 1
 460 0012 00BF     		nop
 461 0014 0837     		adds	r7, r7, #8
 462              		.cfi_def_cfa_offset 8
 463 0016 BD46     		mov	sp, r7
 464              		.cfi_def_cfa_register 13
 465              		@ sp needed
 466 0018 80BD     		pop	{r7, pc}
 467              		.cfi_endproc
 468              	.LFE367:
 469              		.size	osalThreadResumeI, .-osalThreadResumeI
 470              		.section	.text.rccEnableAHB3,"ax",%progbits
 471              		.align	1
 472              		.syntax unified
 473              		.thumb
 474              		.thumb_func
 475              		.type	rccEnableAHB3, %function
 476              	rccEnableAHB3:
 477              	.LFB409:
 478              		.file 5 "../../../os/hal/ports/STM32/STM32H7xx/stm32_rcc.h"
 479              		.loc 5 764 60
 480              		.cfi_startproc
 481              		@ args = 0, pretend = 0, frame = 8
 482              		@ frame_needed = 1, uses_anonymous_args = 0
 483              		@ link register save eliminated.
 484 0000 80B4     		push	{r7}
 485              		.cfi_def_cfa_offset 4
 486              		.cfi_offset 7, -4
 487 0002 83B0     		sub	sp, sp, #12
 488              		.cfi_def_cfa_offset 16
 489 0004 00AF     		add	r7, sp, #0
 490              		.cfi_def_cfa_register 7
 491 0006 7860     		str	r0, [r7, #4]
 492 0008 0B46     		mov	r3, r1
 493 000a FB70     		strb	r3, [r7, #3]
 494              		.loc 5 768 19
 495 000c 124B     		ldr	r3, .L16
 496 000e D3F8D420 		ldr	r2, [r3, #212]
 497 0012 1149     		ldr	r1, .L16
 498 0014 7B68     		ldr	r3, [r7, #4]
 499 0016 1343     		orrs	r3, r3, r2
 500 0018 C1F8D430 		str	r3, [r1, #212]
 501              		.loc 5 769 6
 502 001c FB78     		ldrb	r3, [r7, #3]	@ zero_extendqisi2
 503 001e 002B     		cmp	r3, #0
 504 0020 08D0     		beq	.L14
 505              		.loc 5 770 23
 506 0022 0D4B     		ldr	r3, .L16
 507 0024 D3F8FC20 		ldr	r2, [r3, #252]
 508 0028 0B49     		ldr	r1, .L16
 509 002a 7B68     		ldr	r3, [r7, #4]
 510 002c 1343     		orrs	r3, r3, r2
 511 002e C1F8FC30 		str	r3, [r1, #252]
 512 0032 08E0     		b	.L15
 513              	.L14:
ARM GAS  C:\Users\DEVELO~1\AppData\Local\Temp\ccalPHYl.s 			page 10


 514              		.loc 5 773 23
 515 0034 084B     		ldr	r3, .L16
 516 0036 D3F8FC20 		ldr	r2, [r3, #252]
 517              		.loc 5 773 26
 518 003a 7B68     		ldr	r3, [r7, #4]
 519 003c DB43     		mvns	r3, r3
 520              		.loc 5 773 23
 521 003e 0649     		ldr	r1, .L16
 522 0040 1340     		ands	r3, r3, r2
 523 0042 C1F8FC30 		str	r3, [r1, #252]
 524              	.L15:
 525              		.loc 5 775 15
 526 0046 044B     		ldr	r3, .L16
 527              		.loc 5 775 3
 528 0048 D3F8FC30 		ldr	r3, [r3, #252]
 529              		.loc 5 787 1
 530 004c 00BF     		nop
 531 004e 0C37     		adds	r7, r7, #12
 532              		.cfi_def_cfa_offset 4
 533 0050 BD46     		mov	sp, r7
 534              		.cfi_def_cfa_register 13
 535              		@ sp needed
 536 0052 80BC     		pop	{r7}
 537              		.cfi_restore 7
 538              		.cfi_def_cfa_offset 0
 539 0054 7047     		bx	lr
 540              	.L17:
 541 0056 00BF     		.align	2
 542              	.L16:
 543 0058 00440258 		.word	1476543488
 544              		.cfi_endproc
 545              	.LFE409:
 546              		.size	rccEnableAHB3, .-rccEnableAHB3
 547              		.section	.text.rccDisableAHB3,"ax",%progbits
 548              		.align	1
 549              		.syntax unified
 550              		.thumb
 551              		.thumb_func
 552              		.type	rccDisableAHB3, %function
 553              	rccDisableAHB3:
 554              	.LFB410:
 555              		.loc 5 796 52
 556              		.cfi_startproc
 557              		@ args = 0, pretend = 0, frame = 8
 558              		@ frame_needed = 1, uses_anonymous_args = 0
 559              		@ link register save eliminated.
 560 0000 80B4     		push	{r7}
 561              		.cfi_def_cfa_offset 4
 562              		.cfi_offset 7, -4
 563 0002 83B0     		sub	sp, sp, #12
 564              		.cfi_def_cfa_offset 16
 565 0004 00AF     		add	r7, sp, #0
 566              		.cfi_def_cfa_register 7
 567 0006 7860     		str	r0, [r7, #4]
 568              		.loc 5 806 19
 569 0008 0C4B     		ldr	r3, .L19
 570 000a D3F8D420 		ldr	r2, [r3, #212]
ARM GAS  C:\Users\DEVELO~1\AppData\Local\Temp\ccalPHYl.s 			page 11


 571              		.loc 5 806 22
 572 000e 7B68     		ldr	r3, [r7, #4]
 573 0010 DB43     		mvns	r3, r3
 574              		.loc 5 806 19
 575 0012 0A49     		ldr	r1, .L19
 576 0014 1340     		ands	r3, r3, r2
 577 0016 C1F8D430 		str	r3, [r1, #212]
 578              		.loc 5 807 21
 579 001a 084B     		ldr	r3, .L19
 580 001c D3F8FC20 		ldr	r2, [r3, #252]
 581              		.loc 5 807 24
 582 0020 7B68     		ldr	r3, [r7, #4]
 583 0022 DB43     		mvns	r3, r3
 584              		.loc 5 807 21
 585 0024 0549     		ldr	r1, .L19
 586 0026 1340     		ands	r3, r3, r2
 587 0028 C1F8FC30 		str	r3, [r1, #252]
 588              		.loc 5 808 15
 589 002c 034B     		ldr	r3, .L19
 590              		.loc 5 808 3
 591 002e D3F8FC30 		ldr	r3, [r3, #252]
 592              		.loc 5 821 1
 593 0032 00BF     		nop
 594 0034 0C37     		adds	r7, r7, #12
 595              		.cfi_def_cfa_offset 4
 596 0036 BD46     		mov	sp, r7
 597              		.cfi_def_cfa_register 13
 598              		@ sp needed
 599 0038 80BC     		pop	{r7}
 600              		.cfi_restore 7
 601              		.cfi_def_cfa_offset 0
 602 003a 7047     		bx	lr
 603              	.L20:
 604              		.align	2
 605              	.L19:
 606 003c 00440258 		.word	1476543488
 607              		.cfi_endproc
 608              	.LFE410:
 609              		.size	rccDisableAHB3, .-rccDisableAHB3
 610              		.global	SDCD1
 611              		.section	.bss.SDCD1,"aw",%nobits
 612              		.align	2
 613              		.type	SDCD1, %object
 614              		.size	SDCD1, 80
 615              	SDCD1:
 616 0000 00000000 		.space	80
 616      00000000 
 616      00000000 
 616      00000000 
 616      00000000 
 617              		.section	.rodata.sdc_default_cfg,"a"
 618              		.align	2
 619              		.type	sdc_default_cfg, %object
 620              		.size	sdc_default_cfg, 8
 621              	sdc_default_cfg:
 622 0000 01       		.byte	1
 623 0001 000000   		.space	3
ARM GAS  C:\Users\DEVELO~1\AppData\Local\Temp\ccalPHYl.s 			page 12


 624 0004 00000000 		.word	0
 625              		.section	.nocache,"aw"
 626              		.align	5
 627              		.type	__nocache_sd1_buf, %object
 628              		.size	__nocache_sd1_buf, 512
 629              	__nocache_sd1_buf:
 630 0000 00000000 		.space	512
 630      00000000 
 630      00000000 
 630      00000000 
 630      00000000 
 631              		.align	5
 632              		.type	__nocache_sd1_wbuf, %object
 633              		.size	__nocache_sd1_wbuf, 4
 634              	__nocache_sd1_wbuf:
 635 0200 00000000 		.space	4
 636              		.section	.text.sdc_lld_clkdiv,"ax",%progbits
 637              		.align	1
 638              		.syntax unified
 639              		.thumb
 640              		.thumb_func
 641              		.type	sdc_lld_clkdiv, %function
 642              	sdc_lld_clkdiv:
 643              	.LFB432:
 644              		.file 6 "../../../os/hal/ports/STM32/LLD/SDMMCv2/hal_sdc_lld.c"
 645              		.loc 6 100 61
 646              		.cfi_startproc
 647              		@ args = 0, pretend = 0, frame = 8
 648              		@ frame_needed = 1, uses_anonymous_args = 0
 649              		@ link register save eliminated.
 650 0000 80B4     		push	{r7}
 651              		.cfi_def_cfa_offset 4
 652              		.cfi_offset 7, -4
 653 0002 83B0     		sub	sp, sp, #12
 654              		.cfi_def_cfa_offset 16
 655 0004 00AF     		add	r7, sp, #0
 656              		.cfi_def_cfa_register 7
 657 0006 7860     		str	r0, [r7, #4]
 658 0008 3960     		str	r1, [r7]
 659              		.loc 6 109 16
 660 000a 7B68     		ldr	r3, [r7, #4]
 661 000c 9B6C     		ldr	r3, [r3, #72]
 662              		.loc 6 109 6
 663 000e 3A68     		ldr	r2, [r7]
 664 0010 9A42     		cmp	r2, r3
 665 0012 03D3     		bcc	.L22
 666              		.loc 6 110 16
 667 0014 7B68     		ldr	r3, [r7, #4]
 668 0016 DB6A     		ldr	r3, [r3, #44]
 669              		.loc 6 110 24
 670 0018 5B68     		ldr	r3, [r3, #4]
 671 001a 0DE0     		b	.L23
 672              	.L22:
 673              		.loc 6 113 14
 674 001c 7B68     		ldr	r3, [r7, #4]
 675 001e DB6A     		ldr	r3, [r3, #44]
 676              		.loc 6 113 22
ARM GAS  C:\Users\DEVELO~1\AppData\Local\Temp\ccalPHYl.s 			page 13


 677 0020 5A68     		ldr	r2, [r3, #4]
 678              		.loc 6 113 41
 679 0022 7B68     		ldr	r3, [r7, #4]
 680 0024 996C     		ldr	r1, [r3, #72]
 681              		.loc 6 113 56
 682 0026 3B68     		ldr	r3, [r7]
 683 0028 5B00     		lsls	r3, r3, #1
 684              		.loc 6 113 51
 685 002a 0B44     		add	r3, r3, r1
 686              		.loc 6 113 62
 687 002c 591E     		subs	r1, r3, #1
 688              		.loc 6 113 73
 689 002e 3B68     		ldr	r3, [r7]
 690 0030 5B00     		lsls	r3, r3, #1
 691              		.loc 6 113 68
 692 0032 B1FBF3F3 		udiv	r3, r1, r3
 693              		.loc 6 113 33
 694 0036 1344     		add	r3, r3, r2
 695              	.L23:
 696              		.loc 6 114 1
 697 0038 1846     		mov	r0, r3
 698 003a 0C37     		adds	r7, r7, #12
 699              		.cfi_def_cfa_offset 4
 700 003c BD46     		mov	sp, r7
 701              		.cfi_def_cfa_register 13
 702              		@ sp needed
 703 003e 80BC     		pop	{r7}
 704              		.cfi_restore 7
 705              		.cfi_def_cfa_offset 0
 706 0040 7047     		bx	lr
 707              		.cfi_endproc
 708              	.LFE432:
 709              		.size	sdc_lld_clkdiv, .-sdc_lld_clkdiv
 710              		.section	.text.sdc_lld_prepare_read_bytes,"ax",%progbits
 711              		.align	1
 712              		.syntax unified
 713              		.thumb
 714              		.thumb_func
 715              		.type	sdc_lld_prepare_read_bytes, %function
 716              	sdc_lld_prepare_read_bytes:
 717              	.LFB434:
 718              		.loc 6 144 70
 719              		.cfi_startproc
 720              		@ args = 0, pretend = 0, frame = 32
 721              		@ frame_needed = 1, uses_anonymous_args = 0
 722 0000 80B5     		push	{r7, lr}
 723              		.cfi_def_cfa_offset 8
 724              		.cfi_offset 7, -8
 725              		.cfi_offset 14, -4
 726 0002 88B0     		sub	sp, sp, #32
 727              		.cfi_def_cfa_offset 40
 728 0004 00AF     		add	r7, sp, #0
 729              		.cfi_def_cfa_register 7
 730 0006 F860     		str	r0, [r7, #12]
 731 0008 B960     		str	r1, [r7, #8]
 732 000a 7A60     		str	r2, [r7, #4]
 733              		.loc 6 147 7
ARM GAS  C:\Users\DEVELO~1\AppData\Local\Temp\ccalPHYl.s 			page 14


 734 000c FB68     		ldr	r3, [r7, #12]
 735 000e 5B6C     		ldr	r3, [r3, #68]
 736 0010 FA68     		ldr	r2, [r7, #12]
 737 0012 FA61     		str	r2, [r7, #28]
 738 0014 42F21072 		movw	r2, #10000
 739 0018 BA61     		str	r2, [r7, #24]
 740              	.LBB60:
 741              	.LBB61:
 742              		.loc 6 125 23
 743 001a FA69     		ldr	r2, [r7, #28]
 744 001c 526C     		ldr	r2, [r2, #68]
 745              		.loc 6 125 30
 746 001e 5268     		ldr	r2, [r2, #4]
 747              		.loc 6 125 38
 748 0020 C2F30902 		ubfx	r2, r2, #0, #10
 749              		.loc 6 125 12
 750 0024 0132     		adds	r2, r2, #1
 751 0026 7A61     		str	r2, [r7, #20]
 752              		.loc 6 126 17
 753 0028 FA69     		ldr	r2, [r7, #28]
 754 002a 916C     		ldr	r1, [r2, #72]
 755              		.loc 6 126 34
 756 002c 7A69     		ldr	r2, [r7, #20]
 757 002e 5200     		lsls	r2, r2, #1
 758              		.loc 6 126 27
 759 0030 B1FBF2F2 		udiv	r2, r1, r2
 760              		.loc 6 126 41
 761 0034 1749     		ldr	r1, .L28
 762 0036 A1FB0212 		umull	r1, r2, r1, r2
 763 003a 9209     		lsrs	r2, r2, #6
 764              		.loc 6 126 50
 765 003c B969     		ldr	r1, [r7, #24]
 766 003e 01FB02F2 		mul	r2, r1, r2
 767              	.LBE61:
 768              	.LBE60:
 769              		.loc 6 147 23
 770 0042 5A62     		str	r2, [r3, #36]
 771              		.loc 6 150 7
 772 0044 F868     		ldr	r0, [r7, #12]
 773 0046 FFF7FEFF 		bl	_sdc_wait_for_transfer_state
 774 004a 0346     		mov	r3, r0
 775              		.loc 6 150 6
 776 004c 002B     		cmp	r3, #0
 777 004e 01D0     		beq	.L26
 778              		.loc 6 151 12
 779 0050 0123     		movs	r3, #1
 780 0052 1BE0     		b	.L27
 781              	.L26:
 782              		.loc 6 155 7
 783 0054 FB68     		ldr	r3, [r7, #12]
 784 0056 5B6C     		ldr	r3, [r3, #68]
 785              		.loc 6 155 28
 786 0058 BA68     		ldr	r2, [r7, #8]
 787              		.loc 6 155 26
 788 005a 9A65     		str	r2, [r3, #88]
 789              		.loc 6 156 7
 790 005c FB68     		ldr	r3, [r7, #12]
ARM GAS  C:\Users\DEVELO~1\AppData\Local\Temp\ccalPHYl.s 			page 15


 791 005e 5B6C     		ldr	r3, [r3, #68]
 792              		.loc 6 156 26
 793 0060 0122     		movs	r2, #1
 794 0062 1A65     		str	r2, [r3, #80]
 795              		.loc 6 159 7
 796 0064 FB68     		ldr	r3, [r7, #12]
 797 0066 5B6C     		ldr	r3, [r3, #68]
 798              		.loc 6 159 22
 799 0068 4FF0FF32 		mov	r2, #-1
 800 006c 9A63     		str	r2, [r3, #56]
 801              		.loc 6 160 7
 802 006e FB68     		ldr	r3, [r7, #12]
 803 0070 5B6C     		ldr	r3, [r3, #68]
 804              		.loc 6 160 22
 805 0072 4FF49572 		mov	r2, #298
 806 0076 DA63     		str	r2, [r3, #60]
 807              		.loc 6 164 7
 808 0078 FB68     		ldr	r3, [r7, #12]
 809 007a 5B6C     		ldr	r3, [r3, #68]
 810              		.loc 6 164 22
 811 007c 7A68     		ldr	r2, [r7, #4]
 812 007e 9A62     		str	r2, [r3, #40]
 813              		.loc 6 167 7
 814 0080 FB68     		ldr	r3, [r7, #12]
 815 0082 5B6C     		ldr	r3, [r3, #68]
 816              		.loc 6 167 22
 817 0084 42F20702 		movw	r2, #8199
 818 0088 DA62     		str	r2, [r3, #44]
 819              		.loc 6 172 10
 820 008a 0023     		movs	r3, #0
 821              	.L27:
 822              		.loc 6 173 1
 823 008c 1846     		mov	r0, r3
 824 008e 2037     		adds	r7, r7, #32
 825              		.cfi_def_cfa_offset 8
 826 0090 BD46     		mov	sp, r7
 827              		.cfi_def_cfa_register 13
 828              		@ sp needed
 829 0092 80BD     		pop	{r7, pc}
 830              	.L29:
 831              		.align	2
 832              	.L28:
 833 0094 D34D6210 		.word	274877907
 834              		.cfi_endproc
 835              	.LFE434:
 836              		.size	sdc_lld_prepare_read_bytes, .-sdc_lld_prepare_read_bytes
 837              		.section	.text.sdc_lld_prepare_read,"ax",%progbits
 838              		.align	1
 839              		.syntax unified
 840              		.thumb
 841              		.thumb_func
 842              		.type	sdc_lld_prepare_read, %function
 843              	sdc_lld_prepare_read:
 844              	.LFB435:
 845              		.loc 6 190 62
 846              		.cfi_startproc
 847              		@ args = 0, pretend = 0, frame = 16
ARM GAS  C:\Users\DEVELO~1\AppData\Local\Temp\ccalPHYl.s 			page 16


 848              		@ frame_needed = 1, uses_anonymous_args = 0
 849 0000 80B5     		push	{r7, lr}
 850              		.cfi_def_cfa_offset 8
 851              		.cfi_offset 7, -8
 852              		.cfi_offset 14, -4
 853 0002 84B0     		sub	sp, sp, #16
 854              		.cfi_def_cfa_offset 24
 855 0004 00AF     		add	r7, sp, #0
 856              		.cfi_def_cfa_register 7
 857 0006 F860     		str	r0, [r7, #12]
 858 0008 B960     		str	r1, [r7, #8]
 859 000a 7A60     		str	r2, [r7, #4]
 860 000c 3B60     		str	r3, [r7]
 861              		.loc 6 194 13
 862 000e FB68     		ldr	r3, [r7, #12]
 863 0010 1B6B     		ldr	r3, [r3, #48]
 864              		.loc 6 194 24
 865 0012 03F01003 		and	r3, r3, #16
 866              		.loc 6 194 6
 867 0016 002B     		cmp	r3, #0
 868 0018 02D1     		bne	.L31
 869              		.loc 6 195 14
 870 001a BB68     		ldr	r3, [r7, #8]
 871 001c 5B02     		lsls	r3, r3, #9
 872 001e BB60     		str	r3, [r7, #8]
 873              	.L31:
 874              		.loc 6 197 6
 875 0020 7B68     		ldr	r3, [r7, #4]
 876 0022 012B     		cmp	r3, #1
 877 0024 10D9     		bls	.L32
 878              		.loc 6 199 9
 879 0026 3B68     		ldr	r3, [r7]
 880 0028 BA68     		ldr	r2, [r7, #8]
 881 002a 1221     		movs	r1, #18
 882 002c F868     		ldr	r0, [r7, #12]
 883 002e FFF7FEFF 		bl	sdc_lld_send_cmd_short_crc
 884 0032 0346     		mov	r3, r0
 885              		.loc 6 199 8
 886 0034 002B     		cmp	r3, #0
 887 0036 05D1     		bne	.L33
 888              		.loc 6 200 55
 889 0038 3B68     		ldr	r3, [r7]
 890 003a 1A68     		ldr	r2, [r3]
 891 003c 0D4B     		ldr	r3, .L37
 892 003e 1340     		ands	r3, r3, r2
 893              		.loc 6 200 52
 894 0040 002B     		cmp	r3, #0
 895 0042 12D0     		beq	.L34
 896              	.L33:
 897              		.loc 6 201 14
 898 0044 0123     		movs	r3, #1
 899 0046 11E0     		b	.L35
 900              	.L32:
 901              		.loc 6 206 9
 902 0048 3B68     		ldr	r3, [r7]
 903 004a BA68     		ldr	r2, [r7, #8]
 904 004c 1121     		movs	r1, #17
ARM GAS  C:\Users\DEVELO~1\AppData\Local\Temp\ccalPHYl.s 			page 17


 905 004e F868     		ldr	r0, [r7, #12]
 906 0050 FFF7FEFF 		bl	sdc_lld_send_cmd_short_crc
 907 0054 0346     		mov	r3, r0
 908              		.loc 6 206 8
 909 0056 002B     		cmp	r3, #0
 910 0058 05D1     		bne	.L36
 911              		.loc 6 207 55
 912 005a 3B68     		ldr	r3, [r7]
 913 005c 1A68     		ldr	r2, [r3]
 914 005e 054B     		ldr	r3, .L37
 915 0060 1340     		ands	r3, r3, r2
 916              		.loc 6 207 52
 917 0062 002B     		cmp	r3, #0
 918 0064 01D0     		beq	.L34
 919              	.L36:
 920              		.loc 6 208 14
 921 0066 0123     		movs	r3, #1
 922 0068 00E0     		b	.L35
 923              	.L34:
 924              		.loc 6 212 10
 925 006a 0023     		movs	r3, #0
 926              	.L35:
 927              		.loc 6 213 1
 928 006c 1846     		mov	r0, r3
 929 006e 1037     		adds	r7, r7, #16
 930              		.cfi_def_cfa_offset 8
 931 0070 BD46     		mov	sp, r7
 932              		.cfi_def_cfa_register 13
 933              		@ sp needed
 934 0072 80BD     		pop	{r7, pc}
 935              	.L38:
 936              		.align	2
 937              	.L37:
 938 0074 08E0FFFD 		.word	-33562616
 939              		.cfi_endproc
 940              	.LFE435:
 941              		.size	sdc_lld_prepare_read, .-sdc_lld_prepare_read
 942              		.section	.text.sdc_lld_prepare_write,"ax",%progbits
 943              		.align	1
 944              		.syntax unified
 945              		.thumb
 946              		.thumb_func
 947              		.type	sdc_lld_prepare_write, %function
 948              	sdc_lld_prepare_write:
 949              	.LFB436:
 950              		.loc 6 230 63
 951              		.cfi_startproc
 952              		@ args = 0, pretend = 0, frame = 16
 953              		@ frame_needed = 1, uses_anonymous_args = 0
 954 0000 80B5     		push	{r7, lr}
 955              		.cfi_def_cfa_offset 8
 956              		.cfi_offset 7, -8
 957              		.cfi_offset 14, -4
 958 0002 84B0     		sub	sp, sp, #16
 959              		.cfi_def_cfa_offset 24
 960 0004 00AF     		add	r7, sp, #0
 961              		.cfi_def_cfa_register 7
ARM GAS  C:\Users\DEVELO~1\AppData\Local\Temp\ccalPHYl.s 			page 18


 962 0006 F860     		str	r0, [r7, #12]
 963 0008 B960     		str	r1, [r7, #8]
 964 000a 7A60     		str	r2, [r7, #4]
 965 000c 3B60     		str	r3, [r7]
 966              		.loc 6 234 13
 967 000e FB68     		ldr	r3, [r7, #12]
 968 0010 1B6B     		ldr	r3, [r3, #48]
 969              		.loc 6 234 24
 970 0012 03F01003 		and	r3, r3, #16
 971              		.loc 6 234 6
 972 0016 002B     		cmp	r3, #0
 973 0018 02D1     		bne	.L40
 974              		.loc 6 235 14
 975 001a BB68     		ldr	r3, [r7, #8]
 976 001c 5B02     		lsls	r3, r3, #9
 977 001e BB60     		str	r3, [r7, #8]
 978              	.L40:
 979              		.loc 6 237 6
 980 0020 7B68     		ldr	r3, [r7, #4]
 981 0022 012B     		cmp	r3, #1
 982 0024 10D9     		bls	.L41
 983              		.loc 6 239 9
 984 0026 3B68     		ldr	r3, [r7]
 985 0028 BA68     		ldr	r2, [r7, #8]
 986 002a 1921     		movs	r1, #25
 987 002c F868     		ldr	r0, [r7, #12]
 988 002e FFF7FEFF 		bl	sdc_lld_send_cmd_short_crc
 989 0032 0346     		mov	r3, r0
 990              		.loc 6 239 8
 991 0034 002B     		cmp	r3, #0
 992 0036 05D1     		bne	.L42
 993              		.loc 6 240 55
 994 0038 3B68     		ldr	r3, [r7]
 995 003a 1A68     		ldr	r2, [r3]
 996 003c 0D4B     		ldr	r3, .L46
 997 003e 1340     		ands	r3, r3, r2
 998              		.loc 6 240 52
 999 0040 002B     		cmp	r3, #0
 1000 0042 12D0     		beq	.L43
 1001              	.L42:
 1002              		.loc 6 241 14
 1003 0044 0123     		movs	r3, #1
 1004 0046 11E0     		b	.L44
 1005              	.L41:
 1006              		.loc 6 246 9
 1007 0048 3B68     		ldr	r3, [r7]
 1008 004a BA68     		ldr	r2, [r7, #8]
 1009 004c 1821     		movs	r1, #24
 1010 004e F868     		ldr	r0, [r7, #12]
 1011 0050 FFF7FEFF 		bl	sdc_lld_send_cmd_short_crc
 1012 0054 0346     		mov	r3, r0
 1013              		.loc 6 246 8
 1014 0056 002B     		cmp	r3, #0
 1015 0058 05D1     		bne	.L45
 1016              		.loc 6 247 55
 1017 005a 3B68     		ldr	r3, [r7]
 1018 005c 1A68     		ldr	r2, [r3]
ARM GAS  C:\Users\DEVELO~1\AppData\Local\Temp\ccalPHYl.s 			page 19


 1019 005e 054B     		ldr	r3, .L46
 1020 0060 1340     		ands	r3, r3, r2
 1021              		.loc 6 247 52
 1022 0062 002B     		cmp	r3, #0
 1023 0064 01D0     		beq	.L43
 1024              	.L45:
 1025              		.loc 6 248 14
 1026 0066 0123     		movs	r3, #1
 1027 0068 00E0     		b	.L44
 1028              	.L43:
 1029              		.loc 6 252 10
 1030 006a 0023     		movs	r3, #0
 1031              	.L44:
 1032              		.loc 6 253 1
 1033 006c 1846     		mov	r0, r3
 1034 006e 1037     		adds	r7, r7, #16
 1035              		.cfi_def_cfa_offset 8
 1036 0070 BD46     		mov	sp, r7
 1037              		.cfi_def_cfa_register 13
 1038              		@ sp needed
 1039 0072 80BD     		pop	{r7, pc}
 1040              	.L47:
 1041              		.align	2
 1042              	.L46:
 1043 0074 08E0FFFD 		.word	-33562616
 1044              		.cfi_endproc
 1045              	.LFE436:
 1046              		.size	sdc_lld_prepare_write, .-sdc_lld_prepare_write
 1047              		.section	.text.sdc_lld_wait_transaction_end,"ax",%progbits
 1048              		.align	1
 1049              		.syntax unified
 1050              		.thumb
 1051              		.thumb_func
 1052              		.type	sdc_lld_wait_transaction_end, %function
 1053              	sdc_lld_wait_transaction_end:
 1054              	.LFB437:
 1055              		.loc 6 267 58
 1056              		.cfi_startproc
 1057              		@ args = 0, pretend = 0, frame = 16
 1058              		@ frame_needed = 1, uses_anonymous_args = 0
 1059 0000 80B5     		push	{r7, lr}
 1060              		.cfi_def_cfa_offset 8
 1061              		.cfi_offset 7, -8
 1062              		.cfi_offset 14, -4
 1063 0002 84B0     		sub	sp, sp, #16
 1064              		.cfi_def_cfa_offset 24
 1065 0004 00AF     		add	r7, sp, #0
 1066              		.cfi_def_cfa_register 7
 1067 0006 F860     		str	r0, [r7, #12]
 1068 0008 B960     		str	r1, [r7, #8]
 1069 000a 7A60     		str	r2, [r7, #4]
 1070              		.loc 6 271 3
 1071 000c FFF7FEFF 		bl	osalSysLock
 1072              		.loc 6 273 11
 1073 0010 FB68     		ldr	r3, [r7, #12]
 1074 0012 5B6C     		ldr	r3, [r3, #68]
 1075              		.loc 6 273 18
ARM GAS  C:\Users\DEVELO~1\AppData\Local\Temp\ccalPHYl.s 			page 20


 1076 0014 DB6B     		ldr	r3, [r3, #60]
 1077              		.loc 6 273 6
 1078 0016 002B     		cmp	r3, #0
 1079 0018 04D0     		beq	.L49
 1080              		.loc 6 274 12
 1081 001a FB68     		ldr	r3, [r7, #12]
 1082 001c 4033     		adds	r3, r3, #64
 1083 001e 1846     		mov	r0, r3
 1084 0020 FFF7FEFF 		bl	osalThreadSuspendS
 1085              	.L49:
 1086              		.loc 6 278 7
 1087 0024 FB68     		ldr	r3, [r7, #12]
 1088 0026 5B6C     		ldr	r3, [r3, #68]
 1089              		.loc 6 278 25
 1090 0028 0022     		movs	r2, #0
 1091 002a 1A65     		str	r2, [r3, #80]
 1092              		.loc 6 279 7
 1093 002c FB68     		ldr	r3, [r7, #12]
 1094 002e 5B6C     		ldr	r3, [r3, #68]
 1095              		.loc 6 279 25
 1096 0030 0022     		movs	r2, #0
 1097 0032 DA63     		str	r2, [r3, #60]
 1098              		.loc 6 280 7
 1099 0034 FB68     		ldr	r3, [r7, #12]
 1100 0036 5B6C     		ldr	r3, [r3, #68]
 1101              		.loc 6 280 25
 1102 0038 0022     		movs	r2, #0
 1103 003a DA62     		str	r2, [r3, #44]
 1104              		.loc 6 282 12
 1105 003c FB68     		ldr	r3, [r7, #12]
 1106 003e 5B6C     		ldr	r3, [r3, #68]
 1107              		.loc 6 282 19
 1108 0040 5B6B     		ldr	r3, [r3, #52]
 1109              		.loc 6 282 25
 1110 0042 03F48073 		and	r3, r3, #256
 1111              		.loc 6 282 6
 1112 0046 002B     		cmp	r3, #0
 1113 0048 03D1     		bne	.L50
 1114              		.loc 6 283 5
 1115 004a FFF7FEFF 		bl	osalSysUnlock
 1116              		.loc 6 284 12
 1117 004e 0123     		movs	r3, #1
 1118 0050 12E0     		b	.L51
 1119              	.L50:
 1120              		.loc 6 288 7
 1121 0052 FB68     		ldr	r3, [r7, #12]
 1122 0054 5B6C     		ldr	r3, [r3, #68]
 1123              		.loc 6 288 20
 1124 0056 4FF0FF32 		mov	r2, #-1
 1125 005a 9A63     		str	r2, [r3, #56]
 1126              		.loc 6 290 3
 1127 005c FFF7FEFF 		bl	osalSysUnlock
 1128              		.loc 6 293 6
 1129 0060 BB68     		ldr	r3, [r7, #8]
 1130 0062 012B     		cmp	r3, #1
 1131 0064 07D9     		bls	.L52
 1132              		.loc 6 294 12
ARM GAS  C:\Users\DEVELO~1\AppData\Local\Temp\ccalPHYl.s 			page 21


 1133 0066 7B68     		ldr	r3, [r7, #4]
 1134 0068 0022     		movs	r2, #0
 1135 006a 0C21     		movs	r1, #12
 1136 006c F868     		ldr	r0, [r7, #12]
 1137 006e FFF7FEFF 		bl	sdc_lld_send_cmd_short_crc
 1138 0072 0346     		mov	r3, r0
 1139 0074 00E0     		b	.L51
 1140              	.L52:
 1141              		.loc 6 297 10
 1142 0076 0023     		movs	r3, #0
 1143              	.L51:
 1144              		.loc 6 298 1
 1145 0078 1846     		mov	r0, r3
 1146 007a 1037     		adds	r7, r7, #16
 1147              		.cfi_def_cfa_offset 8
 1148 007c BD46     		mov	sp, r7
 1149              		.cfi_def_cfa_register 13
 1150              		@ sp needed
 1151 007e 80BD     		pop	{r7, pc}
 1152              		.cfi_endproc
 1153              	.LFE437:
 1154              		.size	sdc_lld_wait_transaction_end, .-sdc_lld_wait_transaction_end
 1155              		.section	.text.sdc_lld_collect_errors,"ax",%progbits
 1156              		.align	1
 1157              		.syntax unified
 1158              		.thumb
 1159              		.thumb_func
 1160              		.type	sdc_lld_collect_errors, %function
 1161              	sdc_lld_collect_errors:
 1162              	.LFB438:
 1163              		.loc 6 308 67
 1164              		.cfi_startproc
 1165              		@ args = 0, pretend = 0, frame = 16
 1166              		@ frame_needed = 1, uses_anonymous_args = 0
 1167              		@ link register save eliminated.
 1168 0000 80B4     		push	{r7}
 1169              		.cfi_def_cfa_offset 4
 1170              		.cfi_offset 7, -4
 1171 0002 85B0     		sub	sp, sp, #20
 1172              		.cfi_def_cfa_offset 24
 1173 0004 00AF     		add	r7, sp, #0
 1174              		.cfi_def_cfa_register 7
 1175 0006 7860     		str	r0, [r7, #4]
 1176 0008 3960     		str	r1, [r7]
 1177              		.loc 6 309 12
 1178 000a 0023     		movs	r3, #0
 1179 000c FB60     		str	r3, [r7, #12]
 1180              		.loc 6 311 11
 1181 000e 3B68     		ldr	r3, [r7]
 1182 0010 03F00103 		and	r3, r3, #1
 1183              		.loc 6 311 6
 1184 0014 002B     		cmp	r3, #0
 1185 0016 03D0     		beq	.L54
 1186              		.loc 6 312 12
 1187 0018 FB68     		ldr	r3, [r7, #12]
 1188 001a 43F00103 		orr	r3, r3, #1
 1189 001e FB60     		str	r3, [r7, #12]
ARM GAS  C:\Users\DEVELO~1\AppData\Local\Temp\ccalPHYl.s 			page 22


 1190              	.L54:
 1191              		.loc 6 313 11
 1192 0020 3B68     		ldr	r3, [r7]
 1193 0022 03F00203 		and	r3, r3, #2
 1194              		.loc 6 313 6
 1195 0026 002B     		cmp	r3, #0
 1196 0028 03D0     		beq	.L55
 1197              		.loc 6 314 12
 1198 002a FB68     		ldr	r3, [r7, #12]
 1199 002c 43F00203 		orr	r3, r3, #2
 1200 0030 FB60     		str	r3, [r7, #12]
 1201              	.L55:
 1202              		.loc 6 315 11
 1203 0032 3B68     		ldr	r3, [r7]
 1204 0034 03F00403 		and	r3, r3, #4
 1205              		.loc 6 315 6
 1206 0038 002B     		cmp	r3, #0
 1207 003a 03D0     		beq	.L56
 1208              		.loc 6 316 12
 1209 003c FB68     		ldr	r3, [r7, #12]
 1210 003e 43F00803 		orr	r3, r3, #8
 1211 0042 FB60     		str	r3, [r7, #12]
 1212              	.L56:
 1213              		.loc 6 317 11
 1214 0044 3B68     		ldr	r3, [r7]
 1215 0046 03F00803 		and	r3, r3, #8
 1216              		.loc 6 317 6
 1217 004a 002B     		cmp	r3, #0
 1218 004c 03D0     		beq	.L57
 1219              		.loc 6 318 12
 1220 004e FB68     		ldr	r3, [r7, #12]
 1221 0050 43F00403 		orr	r3, r3, #4
 1222 0054 FB60     		str	r3, [r7, #12]
 1223              	.L57:
 1224              		.loc 6 319 11
 1225 0056 3B68     		ldr	r3, [r7]
 1226 0058 03F01003 		and	r3, r3, #16
 1227              		.loc 6 319 6
 1228 005c 002B     		cmp	r3, #0
 1229 005e 03D0     		beq	.L58
 1230              		.loc 6 320 12
 1231 0060 FB68     		ldr	r3, [r7, #12]
 1232 0062 43F01003 		orr	r3, r3, #16
 1233 0066 FB60     		str	r3, [r7, #12]
 1234              	.L58:
 1235              		.loc 6 321 11
 1236 0068 3B68     		ldr	r3, [r7]
 1237 006a 03F02003 		and	r3, r3, #32
 1238              		.loc 6 321 6
 1239 006e 002B     		cmp	r3, #0
 1240 0070 03D0     		beq	.L59
 1241              		.loc 6 322 12
 1242 0072 FB68     		ldr	r3, [r7, #12]
 1243 0074 43F02003 		orr	r3, r3, #32
 1244 0078 FB60     		str	r3, [r7, #12]
 1245              	.L59:
 1246              		.loc 6 326 16
ARM GAS  C:\Users\DEVELO~1\AppData\Local\Temp\ccalPHYl.s 			page 23


 1247 007a 7B68     		ldr	r3, [r7, #4]
 1248 007c 5A6B     		ldr	r2, [r3, #52]
 1249 007e FB68     		ldr	r3, [r7, #12]
 1250 0080 1A43     		orrs	r2, r2, r3
 1251 0082 7B68     		ldr	r3, [r7, #4]
 1252 0084 5A63     		str	r2, [r3, #52]
 1253              		.loc 6 327 1
 1254 0086 00BF     		nop
 1255 0088 1437     		adds	r7, r7, #20
 1256              		.cfi_def_cfa_offset 4
 1257 008a BD46     		mov	sp, r7
 1258              		.cfi_def_cfa_register 13
 1259              		@ sp needed
 1260 008c 80BC     		pop	{r7}
 1261              		.cfi_restore 7
 1262              		.cfi_def_cfa_offset 0
 1263 008e 7047     		bx	lr
 1264              		.cfi_endproc
 1265              	.LFE438:
 1266              		.size	sdc_lld_collect_errors, .-sdc_lld_collect_errors
 1267              		.section	.text.sdc_lld_error_cleanup,"ax",%progbits
 1268              		.align	1
 1269              		.syntax unified
 1270              		.thumb
 1271              		.thumb_func
 1272              		.type	sdc_lld_error_cleanup, %function
 1273              	sdc_lld_error_cleanup:
 1274              	.LFB439:
 1275              		.loc 6 340 51
 1276              		.cfi_startproc
 1277              		@ args = 0, pretend = 0, frame = 24
 1278              		@ frame_needed = 1, uses_anonymous_args = 0
 1279 0000 80B5     		push	{r7, lr}
 1280              		.cfi_def_cfa_offset 8
 1281              		.cfi_offset 7, -8
 1282              		.cfi_offset 14, -4
 1283 0002 86B0     		sub	sp, sp, #24
 1284              		.cfi_def_cfa_offset 32
 1285 0004 00AF     		add	r7, sp, #0
 1286              		.cfi_def_cfa_register 7
 1287 0006 F860     		str	r0, [r7, #12]
 1288 0008 B960     		str	r1, [r7, #8]
 1289 000a 7A60     		str	r2, [r7, #4]
 1290              		.loc 6 344 31
 1291 000c FB68     		ldr	r3, [r7, #12]
 1292 000e 5B6C     		ldr	r3, [r3, #68]
 1293              		.loc 6 344 25
 1294 0010 5B6B     		ldr	r3, [r3, #52]
 1295 0012 7B61     		str	r3, [r7, #20]
 1296              		.loc 6 345 7
 1297 0014 FB68     		ldr	r3, [r7, #12]
 1298 0016 5B6C     		ldr	r3, [r3, #68]
 1299              		.loc 6 345 25
 1300 0018 7A69     		ldr	r2, [r7, #20]
 1301 001a 9A63     		str	r2, [r3, #56]
 1302              		.loc 6 346 7
 1303 001c FB68     		ldr	r3, [r7, #12]
ARM GAS  C:\Users\DEVELO~1\AppData\Local\Temp\ccalPHYl.s 			page 24


 1304 001e 5B6C     		ldr	r3, [r3, #68]
 1305              		.loc 6 346 25
 1306 0020 0022     		movs	r2, #0
 1307 0022 1A65     		str	r2, [r3, #80]
 1308              		.loc 6 347 7
 1309 0024 FB68     		ldr	r3, [r7, #12]
 1310 0026 5B6C     		ldr	r3, [r3, #68]
 1311              		.loc 6 347 25
 1312 0028 0022     		movs	r2, #0
 1313 002a DA62     		str	r2, [r3, #44]
 1314              		.loc 6 348 3
 1315 002c 7969     		ldr	r1, [r7, #20]
 1316 002e F868     		ldr	r0, [r7, #12]
 1317 0030 FFF7FEFF 		bl	sdc_lld_collect_errors
 1318              		.loc 6 350 6
 1319 0034 BB68     		ldr	r3, [r7, #8]
 1320 0036 012B     		cmp	r3, #1
 1321 0038 05D9     		bls	.L62
 1322              		.loc 6 351 5
 1323 003a 7B68     		ldr	r3, [r7, #4]
 1324 003c 0022     		movs	r2, #0
 1325 003e 0C21     		movs	r1, #12
 1326 0040 F868     		ldr	r0, [r7, #12]
 1327 0042 FFF7FEFF 		bl	sdc_lld_send_cmd_short_crc
 1328              	.L62:
 1329              		.loc 6 353 1
 1330 0046 00BF     		nop
 1331 0048 1837     		adds	r7, r7, #24
 1332              		.cfi_def_cfa_offset 8
 1333 004a BD46     		mov	sp, r7
 1334              		.cfi_def_cfa_register 13
 1335              		@ sp needed
 1336 004c 80BD     		pop	{r7, pc}
 1337              		.cfi_endproc
 1338              	.LFE439:
 1339              		.size	sdc_lld_error_cleanup, .-sdc_lld_error_cleanup
 1340              		.section	.text.sdc_lld_init,"ax",%progbits
 1341              		.align	1
 1342              		.global	sdc_lld_init
 1343              		.syntax unified
 1344              		.thumb
 1345              		.thumb_func
 1346              		.type	sdc_lld_init, %function
 1347              	sdc_lld_init:
 1348              	.LFB440:
 1349              		.loc 6 368 25
 1350              		.cfi_startproc
 1351              		@ args = 0, pretend = 0, frame = 0
 1352              		@ frame_needed = 1, uses_anonymous_args = 0
 1353 0000 80B5     		push	{r7, lr}
 1354              		.cfi_def_cfa_offset 8
 1355              		.cfi_offset 7, -8
 1356              		.cfi_offset 14, -4
 1357 0002 00AF     		add	r7, sp, #0
 1358              		.cfi_def_cfa_register 7
 1359              		.loc 6 371 3
 1360 0004 0948     		ldr	r0, .L64
ARM GAS  C:\Users\DEVELO~1\AppData\Local\Temp\ccalPHYl.s 			page 25


 1361 0006 FFF7FEFF 		bl	sdcObjectInit
 1362              		.loc 6 372 17
 1363 000a 084B     		ldr	r3, .L64
 1364 000c 0022     		movs	r2, #0
 1365 000e 1A64     		str	r2, [r3, #64]
 1366              		.loc 6 373 17
 1367 0010 064B     		ldr	r3, .L64
 1368 0012 074A     		ldr	r2, .L64+4
 1369 0014 5A64     		str	r2, [r3, #68]
 1370              		.loc 6 374 17
 1371 0016 054B     		ldr	r3, .L64
 1372 0018 064A     		ldr	r2, .L64+8
 1373 001a 9A64     		str	r2, [r3, #72]
 1374              		.loc 6 375 17
 1375 001c 034B     		ldr	r3, .L64
 1376 001e 064A     		ldr	r2, .L64+12
 1377 0020 DA63     		str	r2, [r3, #60]
 1378              		.loc 6 376 17
 1379 0022 024B     		ldr	r3, .L64
 1380 0024 054A     		ldr	r2, .L64+16
 1381 0026 DA64     		str	r2, [r3, #76]
 1382              		.loc 6 387 1
 1383 0028 00BF     		nop
 1384 002a 80BD     		pop	{r7, pc}
 1385              	.L65:
 1386              		.align	2
 1387              	.L64:
 1388 002c 00000000 		.word	SDCD1
 1389 0030 00700052 		.word	1375760384
 1390 0034 35116F02 		.word	40833333
 1391 0038 00000000 		.word	__nocache_sd1_buf
 1392 003c 00020000 		.word	__nocache_sd1_wbuf
 1393              		.cfi_endproc
 1394              	.LFE440:
 1395              		.size	sdc_lld_init, .-sdc_lld_init
 1396              		.section	.rodata
 1397              		.align	2
 1398              	.LC0:
 1399 0000 3E3E3E20 		.ascii	">>> sdc_lld_start() called\015\012\000"
 1399      7364635F 
 1399      6C6C645F 
 1399      73746172 
 1399      74282920 
 1400              		.section	.text.sdc_lld_start,"ax",%progbits
 1401              		.align	1
 1402              		.global	sdc_lld_start
 1403              		.syntax unified
 1404              		.thumb
 1405              		.thumb_func
 1406              		.type	sdc_lld_start, %function
 1407              	sdc_lld_start:
 1408              	.LFB441:
 1409              		.loc 6 396 37
 1410              		.cfi_startproc
 1411              		@ args = 0, pretend = 0, frame = 8
 1412              		@ frame_needed = 1, uses_anonymous_args = 0
 1413 0000 80B5     		push	{r7, lr}
ARM GAS  C:\Users\DEVELO~1\AppData\Local\Temp\ccalPHYl.s 			page 26


 1414              		.cfi_def_cfa_offset 8
 1415              		.cfi_offset 7, -8
 1416              		.cfi_offset 14, -4
 1417 0002 82B0     		sub	sp, sp, #8
 1418              		.cfi_def_cfa_offset 16
 1419 0004 00AF     		add	r7, sp, #0
 1420              		.cfi_def_cfa_register 7
 1421 0006 7860     		str	r0, [r7, #4]
 1422              		.loc 6 397 3
 1423 0008 1A49     		ldr	r1, .L69
 1424 000a 1B48     		ldr	r0, .L69+4
 1425 000c FFF7FEFF 		bl	chprintf
 1426              		.loc 6 400 11
 1427 0010 7B68     		ldr	r3, [r7, #4]
 1428 0012 DB6A     		ldr	r3, [r3, #44]
 1429              		.loc 6 400 6
 1430 0014 002B     		cmp	r3, #0
 1431 0016 02D1     		bne	.L67
 1432              		.loc 6 401 18
 1433 0018 7B68     		ldr	r3, [r7, #4]
 1434 001a 184A     		ldr	r2, .L69+8
 1435 001c DA62     		str	r2, [r3, #44]
 1436              	.L67:
 1437              		.loc 6 405 11
 1438 001e 7B68     		ldr	r3, [r7, #4]
 1439 0020 1B79     		ldrb	r3, [r3, #4]	@ zero_extendqisi2
 1440              		.loc 6 405 6
 1441 0022 012B     		cmp	r3, #1
 1442 0024 08D1     		bne	.L68
 1443              		.loc 6 407 8
 1444 0026 7B68     		ldr	r3, [r7, #4]
 1445 0028 154A     		ldr	r2, .L69+12
 1446 002a 9342     		cmp	r3, r2
 1447 002c 04D1     		bne	.L68
 1448              		.loc 6 408 7
 1449 002e 0121     		movs	r1, #1
 1450 0030 4FF48030 		mov	r0, #65536
 1451 0034 FFF7FEFF 		bl	rccEnableAHB3
 1452              	.L68:
 1453              		.loc 6 420 7
 1454 0038 7B68     		ldr	r3, [r7, #4]
 1455 003a 5B6C     		ldr	r3, [r3, #68]
 1456              		.loc 6 420 25
 1457 003c 0022     		movs	r2, #0
 1458 003e 1A65     		str	r2, [r3, #80]
 1459              		.loc 6 421 7
 1460 0040 7B68     		ldr	r3, [r7, #4]
 1461 0042 5B6C     		ldr	r3, [r3, #68]
 1462              		.loc 6 421 25
 1463 0044 0022     		movs	r2, #0
 1464 0046 DA62     		str	r2, [r3, #44]
 1465              		.loc 6 422 7
 1466 0048 7B68     		ldr	r3, [r7, #4]
 1467 004a 5B6C     		ldr	r3, [r3, #68]
 1468              		.loc 6 422 25
 1469 004c 0022     		movs	r2, #0
 1470 004e 1A60     		str	r2, [r3]
ARM GAS  C:\Users\DEVELO~1\AppData\Local\Temp\ccalPHYl.s 			page 27


 1471              		.loc 6 423 7
 1472 0050 7B68     		ldr	r3, [r7, #4]
 1473 0052 5B6C     		ldr	r3, [r3, #68]
 1474              		.loc 6 423 25
 1475 0054 0022     		movs	r2, #0
 1476 0056 5A60     		str	r2, [r3, #4]
 1477              		.loc 6 424 7
 1478 0058 7B68     		ldr	r3, [r7, #4]
 1479 005a 5B6C     		ldr	r3, [r3, #68]
 1480              		.loc 6 424 25
 1481 005c 0022     		movs	r2, #0
 1482 005e 5A62     		str	r2, [r3, #36]
 1483              		.loc 6 425 7
 1484 0060 7B68     		ldr	r3, [r7, #4]
 1485 0062 5B6C     		ldr	r3, [r3, #68]
 1486              		.loc 6 425 25
 1487 0064 4FF0FF32 		mov	r2, #-1
 1488 0068 9A63     		str	r2, [r3, #56]
 1489              		.loc 6 426 1
 1490 006a 00BF     		nop
 1491 006c 0837     		adds	r7, r7, #8
 1492              		.cfi_def_cfa_offset 8
 1493 006e BD46     		mov	sp, r7
 1494              		.cfi_def_cfa_register 13
 1495              		@ sp needed
 1496 0070 80BD     		pop	{r7, pc}
 1497              	.L70:
 1498 0072 00BF     		.align	2
 1499              	.L69:
 1500 0074 00000000 		.word	.LC0
 1501 0078 00000000 		.word	SD1
 1502 007c 00000000 		.word	sdc_default_cfg
 1503 0080 00000000 		.word	SDCD1
 1504              		.cfi_endproc
 1505              	.LFE441:
 1506              		.size	sdc_lld_start, .-sdc_lld_start
 1507              		.section	.text.sdc_lld_stop,"ax",%progbits
 1508              		.align	1
 1509              		.global	sdc_lld_stop
 1510              		.syntax unified
 1511              		.thumb
 1512              		.thumb_func
 1513              		.type	sdc_lld_stop, %function
 1514              	sdc_lld_stop:
 1515              	.LFB442:
 1516              		.loc 6 435 36
 1517              		.cfi_startproc
 1518              		@ args = 0, pretend = 0, frame = 8
 1519              		@ frame_needed = 1, uses_anonymous_args = 0
 1520 0000 80B5     		push	{r7, lr}
 1521              		.cfi_def_cfa_offset 8
 1522              		.cfi_offset 7, -8
 1523              		.cfi_offset 14, -4
 1524 0002 82B0     		sub	sp, sp, #8
 1525              		.cfi_def_cfa_offset 16
 1526 0004 00AF     		add	r7, sp, #0
 1527              		.cfi_def_cfa_register 7
ARM GAS  C:\Users\DEVELO~1\AppData\Local\Temp\ccalPHYl.s 			page 28


 1528 0006 7860     		str	r0, [r7, #4]
 1529              		.loc 6 437 11
 1530 0008 7B68     		ldr	r3, [r7, #4]
 1531 000a 1B79     		ldrb	r3, [r3, #4]	@ zero_extendqisi2
 1532              		.loc 6 437 6
 1533 000c 012B     		cmp	r3, #1
 1534 000e 20D0     		beq	.L73
 1535              		.loc 6 440 9
 1536 0010 7B68     		ldr	r3, [r7, #4]
 1537 0012 5B6C     		ldr	r3, [r3, #68]
 1538              		.loc 6 440 27
 1539 0014 0022     		movs	r2, #0
 1540 0016 1A65     		str	r2, [r3, #80]
 1541              		.loc 6 441 9
 1542 0018 7B68     		ldr	r3, [r7, #4]
 1543 001a 5B6C     		ldr	r3, [r3, #68]
 1544              		.loc 6 441 27
 1545 001c 0022     		movs	r2, #0
 1546 001e DA62     		str	r2, [r3, #44]
 1547              		.loc 6 442 9
 1548 0020 7B68     		ldr	r3, [r7, #4]
 1549 0022 5B6C     		ldr	r3, [r3, #68]
 1550              		.loc 6 442 27
 1551 0024 0022     		movs	r2, #0
 1552 0026 1A60     		str	r2, [r3]
 1553              		.loc 6 443 9
 1554 0028 7B68     		ldr	r3, [r7, #4]
 1555 002a 5B6C     		ldr	r3, [r3, #68]
 1556              		.loc 6 443 27
 1557 002c 0022     		movs	r2, #0
 1558 002e 5A60     		str	r2, [r3, #4]
 1559              		.loc 6 444 9
 1560 0030 7B68     		ldr	r3, [r7, #4]
 1561 0032 5B6C     		ldr	r3, [r3, #68]
 1562              		.loc 6 444 27
 1563 0034 0022     		movs	r2, #0
 1564 0036 5A62     		str	r2, [r3, #36]
 1565              		.loc 6 445 9
 1566 0038 7B68     		ldr	r3, [r7, #4]
 1567 003a 5B6C     		ldr	r3, [r3, #68]
 1568              		.loc 6 445 27
 1569 003c 4FF0FF32 		mov	r2, #-1
 1570 0040 9A63     		str	r2, [r3, #56]
 1571              		.loc 6 449 8
 1572 0042 7B68     		ldr	r3, [r7, #4]
 1573 0044 054A     		ldr	r2, .L74
 1574 0046 9342     		cmp	r3, r2
 1575 0048 03D1     		bne	.L73
 1576              		.loc 6 450 7
 1577 004a 4FF48030 		mov	r0, #65536
 1578 004e FFF7FEFF 		bl	rccDisableAHB3
 1579              	.L73:
 1580              		.loc 6 460 1
 1581 0052 00BF     		nop
 1582 0054 0837     		adds	r7, r7, #8
 1583              		.cfi_def_cfa_offset 8
 1584 0056 BD46     		mov	sp, r7
ARM GAS  C:\Users\DEVELO~1\AppData\Local\Temp\ccalPHYl.s 			page 29


 1585              		.cfi_def_cfa_register 13
 1586              		@ sp needed
 1587 0058 80BD     		pop	{r7, pc}
 1588              	.L75:
 1589 005a 00BF     		.align	2
 1590              	.L74:
 1591 005c 00000000 		.word	SDCD1
 1592              		.cfi_endproc
 1593              	.LFE442:
 1594              		.size	sdc_lld_stop, .-sdc_lld_stop
 1595              		.section	.text.sdc_lld_start_clk,"ax",%progbits
 1596              		.align	1
 1597              		.global	sdc_lld_start_clk
 1598              		.syntax unified
 1599              		.thumb
 1600              		.thumb_func
 1601              		.type	sdc_lld_start_clk, %function
 1602              	sdc_lld_start_clk:
 1603              	.LFB443:
 1604              		.loc 6 469 41
 1605              		.cfi_startproc
 1606              		@ args = 0, pretend = 0, frame = 8
 1607              		@ frame_needed = 1, uses_anonymous_args = 0
 1608 0000 90B5     		push	{r4, r7, lr}
 1609              		.cfi_def_cfa_offset 12
 1610              		.cfi_offset 4, -12
 1611              		.cfi_offset 7, -8
 1612              		.cfi_offset 14, -4
 1613 0002 83B0     		sub	sp, sp, #12
 1614              		.cfi_def_cfa_offset 24
 1615 0004 00AF     		add	r7, sp, #0
 1616              		.cfi_def_cfa_register 7
 1617 0006 7860     		str	r0, [r7, #4]
 1618              		.loc 6 472 7
 1619 0008 7B68     		ldr	r3, [r7, #4]
 1620 000a 5C6C     		ldr	r4, [r3, #68]
 1621              		.loc 6 472 25
 1622 000c 0A49     		ldr	r1, .L77
 1623 000e 7868     		ldr	r0, [r7, #4]
 1624 0010 FFF7FEFF 		bl	sdc_lld_clkdiv
 1625 0014 0346     		mov	r3, r0
 1626              		.loc 6 472 23
 1627 0016 6360     		str	r3, [r4, #4]
 1628              		.loc 6 473 7
 1629 0018 7B68     		ldr	r3, [r7, #4]
 1630 001a 5B6C     		ldr	r3, [r3, #68]
 1631              		.loc 6 473 22
 1632 001c 1A68     		ldr	r2, [r3]
 1633              		.loc 6 473 7
 1634 001e 7B68     		ldr	r3, [r7, #4]
 1635 0020 5B6C     		ldr	r3, [r3, #68]
 1636              		.loc 6 473 22
 1637 0022 42F00302 		orr	r2, r2, #3
 1638 0026 1A60     		str	r2, [r3]
 1639              		.loc 6 477 3
 1640 0028 6420     		movs	r0, #100
 1641 002a FFF7FEFF 		bl	osalThreadSleep
ARM GAS  C:\Users\DEVELO~1\AppData\Local\Temp\ccalPHYl.s 			page 30


 1642              		.loc 6 478 1
 1643 002e 00BF     		nop
 1644 0030 0C37     		adds	r7, r7, #12
 1645              		.cfi_def_cfa_offset 12
 1646 0032 BD46     		mov	sp, r7
 1647              		.cfi_def_cfa_register 13
 1648              		@ sp needed
 1649 0034 90BD     		pop	{r4, r7, pc}
 1650              	.L78:
 1651 0036 00BF     		.align	2
 1652              	.L77:
 1653 0038 801A0600 		.word	400000
 1654              		.cfi_endproc
 1655              	.LFE443:
 1656              		.size	sdc_lld_start_clk, .-sdc_lld_start_clk
 1657              		.section	.text.sdc_lld_set_data_clk,"ax",%progbits
 1658              		.align	1
 1659              		.global	sdc_lld_set_data_clk
 1660              		.syntax unified
 1661              		.thumb
 1662              		.thumb_func
 1663              		.type	sdc_lld_set_data_clk, %function
 1664              	sdc_lld_set_data_clk:
 1665              	.LFB444:
 1666              		.loc 6 488 61
 1667              		.cfi_startproc
 1668              		@ args = 0, pretend = 0, frame = 8
 1669              		@ frame_needed = 1, uses_anonymous_args = 0
 1670 0000 90B5     		push	{r4, r7, lr}
 1671              		.cfi_def_cfa_offset 12
 1672              		.cfi_offset 4, -12
 1673              		.cfi_offset 7, -8
 1674              		.cfi_offset 14, -4
 1675 0002 83B0     		sub	sp, sp, #12
 1676              		.cfi_def_cfa_offset 24
 1677 0004 00AF     		add	r7, sp, #0
 1678              		.cfi_def_cfa_register 7
 1679 0006 7860     		str	r0, [r7, #4]
 1680 0008 0B46     		mov	r3, r1
 1681 000a FB70     		strb	r3, [r7, #3]
 1682              		.loc 6 490 6
 1683 000c FB78     		ldrb	r3, [r7, #3]	@ zero_extendqisi2
 1684 000e 012B     		cmp	r3, #1
 1685 0010 11D1     		bne	.L80
 1686              		.loc 6 491 31
 1687 0012 7B68     		ldr	r3, [r7, #4]
 1688 0014 5B6C     		ldr	r3, [r3, #68]
 1689              		.loc 6 491 38
 1690 0016 5B68     		ldr	r3, [r3, #4]
 1691              		.loc 6 491 46
 1692 0018 114C     		ldr	r4, .L83
 1693 001a 1C40     		ands	r4, r4, r3
 1694              		.loc 6 494 26
 1695 001c 1149     		ldr	r1, .L83+4
 1696 001e 7868     		ldr	r0, [r7, #4]
 1697 0020 FFF7FEFF 		bl	sdc_lld_clkdiv
 1698 0024 0346     		mov	r3, r0
ARM GAS  C:\Users\DEVELO~1\AppData\Local\Temp\ccalPHYl.s 			page 31


 1699              		.loc 6 492 75
 1700 0026 44EA0302 		orr	r2, r4, r3
 1701              		.loc 6 491 9
 1702 002a 7B68     		ldr	r3, [r7, #4]
 1703 002c 5B6C     		ldr	r3, [r3, #68]
 1704              		.loc 6 494 58
 1705 002e 42F48052 		orr	r2, r2, #4096
 1706              		.loc 6 491 24
 1707 0032 5A60     		str	r2, [r3, #4]
 1708              		.loc 6 508 1
 1709 0034 10E0     		b	.L82
 1710              	.L80:
 1711              		.loc 6 500 31
 1712 0036 7B68     		ldr	r3, [r7, #4]
 1713 0038 5B6C     		ldr	r3, [r3, #68]
 1714              		.loc 6 500 38
 1715 003a 5B68     		ldr	r3, [r3, #4]
 1716              		.loc 6 500 46
 1717 003c 084C     		ldr	r4, .L83
 1718 003e 1C40     		ands	r4, r4, r3
 1719              		.loc 6 503 26
 1720 0040 0949     		ldr	r1, .L83+8
 1721 0042 7868     		ldr	r0, [r7, #4]
 1722 0044 FFF7FEFF 		bl	sdc_lld_clkdiv
 1723 0048 0346     		mov	r3, r0
 1724              		.loc 6 501 75
 1725 004a 44EA0302 		orr	r2, r4, r3
 1726              		.loc 6 500 9
 1727 004e 7B68     		ldr	r3, [r7, #4]
 1728 0050 5B6C     		ldr	r3, [r3, #68]
 1729              		.loc 6 503 58
 1730 0052 42F48052 		orr	r2, r2, #4096
 1731              		.loc 6 500 24
 1732 0056 5A60     		str	r2, [r3, #4]
 1733              	.L82:
 1734              		.loc 6 508 1
 1735 0058 00BF     		nop
 1736 005a 0C37     		adds	r7, r7, #12
 1737              		.cfi_def_cfa_offset 12
 1738 005c BD46     		mov	sp, r7
 1739              		.cfi_def_cfa_register 13
 1740              		@ sp needed
 1741 005e 90BD     		pop	{r4, r7, pc}
 1742              	.L84:
 1743              		.align	2
 1744              	.L83:
 1745 0060 00ECFFFF 		.word	-5120
 1746 0064 80F0FA02 		.word	50000000
 1747 0068 40787D01 		.word	25000000
 1748              		.cfi_endproc
 1749              	.LFE444:
 1750              		.size	sdc_lld_set_data_clk, .-sdc_lld_set_data_clk
 1751              		.section	.text.sdc_lld_stop_clk,"ax",%progbits
 1752              		.align	1
 1753              		.global	sdc_lld_stop_clk
 1754              		.syntax unified
 1755              		.thumb
ARM GAS  C:\Users\DEVELO~1\AppData\Local\Temp\ccalPHYl.s 			page 32


 1756              		.thumb_func
 1757              		.type	sdc_lld_stop_clk, %function
 1758              	sdc_lld_stop_clk:
 1759              	.LFB445:
 1760              		.loc 6 517 40
 1761              		.cfi_startproc
 1762              		@ args = 0, pretend = 0, frame = 8
 1763              		@ frame_needed = 1, uses_anonymous_args = 0
 1764              		@ link register save eliminated.
 1765 0000 80B4     		push	{r7}
 1766              		.cfi_def_cfa_offset 4
 1767              		.cfi_offset 7, -4
 1768 0002 83B0     		sub	sp, sp, #12
 1769              		.cfi_def_cfa_offset 16
 1770 0004 00AF     		add	r7, sp, #0
 1771              		.cfi_def_cfa_register 7
 1772 0006 7860     		str	r0, [r7, #4]
 1773              		.loc 6 519 7
 1774 0008 7B68     		ldr	r3, [r7, #4]
 1775 000a 5B6C     		ldr	r3, [r3, #68]
 1776              		.loc 6 519 22
 1777 000c 0022     		movs	r2, #0
 1778 000e 5A60     		str	r2, [r3, #4]
 1779              		.loc 6 520 7
 1780 0010 7B68     		ldr	r3, [r7, #4]
 1781 0012 5B6C     		ldr	r3, [r3, #68]
 1782              		.loc 6 520 22
 1783 0014 0022     		movs	r2, #0
 1784 0016 1A60     		str	r2, [r3]
 1785              		.loc 6 521 1
 1786 0018 00BF     		nop
 1787 001a 0C37     		adds	r7, r7, #12
 1788              		.cfi_def_cfa_offset 4
 1789 001c BD46     		mov	sp, r7
 1790              		.cfi_def_cfa_register 13
 1791              		@ sp needed
 1792 001e 80BC     		pop	{r7}
 1793              		.cfi_restore 7
 1794              		.cfi_def_cfa_offset 0
 1795 0020 7047     		bx	lr
 1796              		.cfi_endproc
 1797              	.LFE445:
 1798              		.size	sdc_lld_stop_clk, .-sdc_lld_stop_clk
 1799              		.section	.text.sdc_lld_set_bus_mode,"ax",%progbits
 1800              		.align	1
 1801              		.global	sdc_lld_set_bus_mode
 1802              		.syntax unified
 1803              		.thumb
 1804              		.thumb_func
 1805              		.type	sdc_lld_set_bus_mode, %function
 1806              	sdc_lld_set_bus_mode:
 1807              	.LFB446:
 1808              		.loc 6 531 63
 1809              		.cfi_startproc
 1810              		@ args = 0, pretend = 0, frame = 16
 1811              		@ frame_needed = 1, uses_anonymous_args = 0
 1812              		@ link register save eliminated.
ARM GAS  C:\Users\DEVELO~1\AppData\Local\Temp\ccalPHYl.s 			page 33


 1813 0000 80B4     		push	{r7}
 1814              		.cfi_def_cfa_offset 4
 1815              		.cfi_offset 7, -4
 1816 0002 85B0     		sub	sp, sp, #20
 1817              		.cfi_def_cfa_offset 24
 1818 0004 00AF     		add	r7, sp, #0
 1819              		.cfi_def_cfa_register 7
 1820 0006 7860     		str	r0, [r7, #4]
 1821 0008 0B46     		mov	r3, r1
 1822 000a FB70     		strb	r3, [r7, #3]
 1823              		.loc 6 532 22
 1824 000c 7B68     		ldr	r3, [r7, #4]
 1825 000e 5B6C     		ldr	r3, [r3, #68]
 1826              		.loc 6 532 29
 1827 0010 5B68     		ldr	r3, [r3, #4]
 1828              		.loc 6 532 12
 1829 0012 23F44043 		bic	r3, r3, #49152
 1830 0016 FB60     		str	r3, [r7, #12]
 1831              		.loc 6 534 3
 1832 0018 FB78     		ldrb	r3, [r7, #3]	@ zero_extendqisi2
 1833 001a 022B     		cmp	r3, #2
 1834 001c 12D0     		beq	.L87
 1835 001e 022B     		cmp	r3, #2
 1836 0020 17DC     		bgt	.L91
 1837 0022 002B     		cmp	r3, #0
 1838 0024 02D0     		beq	.L89
 1839 0026 012B     		cmp	r3, #1
 1840 0028 05D0     		beq	.L90
 1841              		.loc 6 545 1
 1842 002a 12E0     		b	.L91
 1843              	.L89:
 1844              		.loc 6 536 9
 1845 002c 7B68     		ldr	r3, [r7, #4]
 1846 002e 5B6C     		ldr	r3, [r3, #68]
 1847              		.loc 6 536 24
 1848 0030 FA68     		ldr	r2, [r7, #12]
 1849 0032 5A60     		str	r2, [r3, #4]
 1850              		.loc 6 537 5
 1851 0034 0DE0     		b	.L88
 1852              	.L90:
 1853              		.loc 6 539 9
 1854 0036 7B68     		ldr	r3, [r7, #4]
 1855 0038 5B6C     		ldr	r3, [r3, #68]
 1856              		.loc 6 539 30
 1857 003a FA68     		ldr	r2, [r7, #12]
 1858 003c 42F48042 		orr	r2, r2, #16384
 1859              		.loc 6 539 24
 1860 0040 5A60     		str	r2, [r3, #4]
 1861              		.loc 6 540 5
 1862 0042 06E0     		b	.L88
 1863              	.L87:
 1864              		.loc 6 542 9
 1865 0044 7B68     		ldr	r3, [r7, #4]
 1866 0046 5B6C     		ldr	r3, [r3, #68]
 1867              		.loc 6 542 30
 1868 0048 FA68     		ldr	r2, [r7, #12]
 1869 004a 42F40042 		orr	r2, r2, #32768
ARM GAS  C:\Users\DEVELO~1\AppData\Local\Temp\ccalPHYl.s 			page 34


 1870              		.loc 6 542 24
 1871 004e 5A60     		str	r2, [r3, #4]
 1872              		.loc 6 543 5
 1873 0050 00BF     		nop
 1874              	.L88:
 1875              	.L91:
 1876              		.loc 6 545 1
 1877 0052 00BF     		nop
 1878 0054 1437     		adds	r7, r7, #20
 1879              		.cfi_def_cfa_offset 4
 1880 0056 BD46     		mov	sp, r7
 1881              		.cfi_def_cfa_register 13
 1882              		@ sp needed
 1883 0058 80BC     		pop	{r7}
 1884              		.cfi_restore 7
 1885              		.cfi_def_cfa_offset 0
 1886 005a 7047     		bx	lr
 1887              		.cfi_endproc
 1888              	.LFE446:
 1889              		.size	sdc_lld_set_bus_mode, .-sdc_lld_set_bus_mode
 1890              		.section	.text.sdc_lld_send_cmd_none,"ax",%progbits
 1891              		.align	1
 1892              		.global	sdc_lld_send_cmd_none
 1893              		.syntax unified
 1894              		.thumb
 1895              		.thumb_func
 1896              		.type	sdc_lld_send_cmd_none, %function
 1897              	sdc_lld_send_cmd_none:
 1898              	.LFB447:
 1899              		.loc 6 556 72
 1900              		.cfi_startproc
 1901              		@ args = 0, pretend = 0, frame = 16
 1902              		@ frame_needed = 1, uses_anonymous_args = 0
 1903              		@ link register save eliminated.
 1904 0000 80B4     		push	{r7}
 1905              		.cfi_def_cfa_offset 4
 1906              		.cfi_offset 7, -4
 1907 0002 85B0     		sub	sp, sp, #20
 1908              		.cfi_def_cfa_offset 24
 1909 0004 00AF     		add	r7, sp, #0
 1910              		.cfi_def_cfa_register 7
 1911 0006 F860     		str	r0, [r7, #12]
 1912 0008 0B46     		mov	r3, r1
 1913 000a 7A60     		str	r2, [r7, #4]
 1914 000c FB72     		strb	r3, [r7, #11]
 1915              		.loc 6 558 7
 1916 000e FB68     		ldr	r3, [r7, #12]
 1917 0010 5B6C     		ldr	r3, [r3, #68]
 1918              		.loc 6 558 20
 1919 0012 7A68     		ldr	r2, [r7, #4]
 1920 0014 9A60     		str	r2, [r3, #8]
 1921              		.loc 6 559 22
 1922 0016 FA7A     		ldrb	r2, [r7, #11]	@ zero_extendqisi2
 1923              		.loc 6 559 7
 1924 0018 FB68     		ldr	r3, [r7, #12]
 1925 001a 5B6C     		ldr	r3, [r3, #68]
 1926              		.loc 6 559 36
ARM GAS  C:\Users\DEVELO~1\AppData\Local\Temp\ccalPHYl.s 			page 35


 1927 001c 42F48052 		orr	r2, r2, #4096
 1928              		.loc 6 559 20
 1929 0020 DA60     		str	r2, [r3, #12]
 1930              		.loc 6 560 9
 1931 0022 00BF     		nop
 1932              	.L93:
 1933              		.loc 6 560 15 discriminator 1
 1934 0024 FB68     		ldr	r3, [r7, #12]
 1935 0026 5B6C     		ldr	r3, [r3, #68]
 1936              		.loc 6 560 22 discriminator 1
 1937 0028 5B6B     		ldr	r3, [r3, #52]
 1938              		.loc 6 560 28 discriminator 1
 1939 002a 03F08003 		and	r3, r3, #128
 1940              		.loc 6 560 49 discriminator 1
 1941 002e 002B     		cmp	r3, #0
 1942 0030 F8D0     		beq	.L93
 1943              		.loc 6 562 7
 1944 0032 FB68     		ldr	r3, [r7, #12]
 1945 0034 5B6C     		ldr	r3, [r3, #68]
 1946              		.loc 6 562 20
 1947 0036 8022     		movs	r2, #128
 1948 0038 9A63     		str	r2, [r3, #56]
 1949              		.loc 6 563 1
 1950 003a 00BF     		nop
 1951 003c 1437     		adds	r7, r7, #20
 1952              		.cfi_def_cfa_offset 4
 1953 003e BD46     		mov	sp, r7
 1954              		.cfi_def_cfa_register 13
 1955              		@ sp needed
 1956 0040 80BC     		pop	{r7}
 1957              		.cfi_restore 7
 1958              		.cfi_def_cfa_offset 0
 1959 0042 7047     		bx	lr
 1960              		.cfi_endproc
 1961              	.LFE447:
 1962              		.size	sdc_lld_send_cmd_none, .-sdc_lld_send_cmd_none
 1963              		.section	.text.sdc_lld_send_cmd_short,"ax",%progbits
 1964              		.align	1
 1965              		.global	sdc_lld_send_cmd_short
 1966              		.syntax unified
 1967              		.thumb
 1968              		.thumb_func
 1969              		.type	sdc_lld_send_cmd_short, %function
 1970              	sdc_lld_send_cmd_short:
 1971              	.LFB448:
 1972              		.loc 6 581 45
 1973              		.cfi_startproc
 1974              		@ args = 0, pretend = 0, frame = 24
 1975              		@ frame_needed = 1, uses_anonymous_args = 0
 1976 0000 80B5     		push	{r7, lr}
 1977              		.cfi_def_cfa_offset 8
 1978              		.cfi_offset 7, -8
 1979              		.cfi_offset 14, -4
 1980 0002 86B0     		sub	sp, sp, #24
 1981              		.cfi_def_cfa_offset 32
 1982 0004 00AF     		add	r7, sp, #0
 1983              		.cfi_def_cfa_register 7
ARM GAS  C:\Users\DEVELO~1\AppData\Local\Temp\ccalPHYl.s 			page 36


 1984 0006 F860     		str	r0, [r7, #12]
 1985 0008 7A60     		str	r2, [r7, #4]
 1986 000a 3B60     		str	r3, [r7]
 1987 000c 0B46     		mov	r3, r1
 1988 000e FB72     		strb	r3, [r7, #11]
 1989              		.loc 6 584 7
 1990 0010 FB68     		ldr	r3, [r7, #12]
 1991 0012 5B6C     		ldr	r3, [r3, #68]
 1992              		.loc 6 584 20
 1993 0014 7A68     		ldr	r2, [r7, #4]
 1994 0016 9A60     		str	r2, [r3, #8]
 1995              		.loc 6 585 22
 1996 0018 FA7A     		ldrb	r2, [r7, #11]	@ zero_extendqisi2
 1997              		.loc 6 585 7
 1998 001a FB68     		ldr	r3, [r7, #12]
 1999 001c 5B6C     		ldr	r3, [r3, #68]
 2000              		.loc 6 585 59
 2001 001e 42F48852 		orr	r2, r2, #4352
 2002              		.loc 6 585 20
 2003 0022 DA60     		str	r2, [r3, #12]
 2004              		.loc 6 586 9
 2005 0024 00BF     		nop
 2006              	.L95:
 2007              		.loc 6 586 22 discriminator 1
 2008 0026 FB68     		ldr	r3, [r7, #12]
 2009 0028 5B6C     		ldr	r3, [r3, #68]
 2010              		.loc 6 586 16 discriminator 1
 2011 002a 5B6B     		ldr	r3, [r3, #52]
 2012 002c 7B61     		str	r3, [r7, #20]
 2013              		.loc 6 586 36 discriminator 1
 2014 002e 7B69     		ldr	r3, [r7, #20]
 2015 0030 03F04503 		and	r3, r3, #69
 2016              		.loc 6 587 59 discriminator 1
 2017 0034 002B     		cmp	r3, #0
 2018 0036 F6D0     		beq	.L95
 2019              		.loc 6 589 7
 2020 0038 FB68     		ldr	r3, [r7, #12]
 2021 003a 5B6C     		ldr	r3, [r3, #68]
 2022              		.loc 6 589 26
 2023 003c 7A69     		ldr	r2, [r7, #20]
 2024 003e 02F04502 		and	r2, r2, #69
 2025              		.loc 6 589 20
 2026 0042 9A63     		str	r2, [r3, #56]
 2027              		.loc 6 591 12
 2028 0044 7B69     		ldr	r3, [r7, #20]
 2029 0046 03F00403 		and	r3, r3, #4
 2030              		.loc 6 591 6
 2031 004a 002B     		cmp	r3, #0
 2032 004c 05D0     		beq	.L96
 2033              		.loc 6 592 5
 2034 004e 7969     		ldr	r1, [r7, #20]
 2035 0050 F868     		ldr	r0, [r7, #12]
 2036 0052 FFF7FEFF 		bl	sdc_lld_collect_errors
 2037              		.loc 6 593 12
 2038 0056 0123     		movs	r3, #1
 2039 0058 05E0     		b	.L97
 2040              	.L96:
ARM GAS  C:\Users\DEVELO~1\AppData\Local\Temp\ccalPHYl.s 			page 37


 2041              		.loc 6 595 15
 2042 005a FB68     		ldr	r3, [r7, #12]
 2043 005c 5B6C     		ldr	r3, [r3, #68]
 2044              		.loc 6 595 22
 2045 005e 5A69     		ldr	r2, [r3, #20]
 2046              		.loc 6 595 9
 2047 0060 3B68     		ldr	r3, [r7]
 2048 0062 1A60     		str	r2, [r3]
 2049              		.loc 6 596 10
 2050 0064 0023     		movs	r3, #0
 2051              	.L97:
 2052              		.loc 6 597 1
 2053 0066 1846     		mov	r0, r3
 2054 0068 1837     		adds	r7, r7, #24
 2055              		.cfi_def_cfa_offset 8
 2056 006a BD46     		mov	sp, r7
 2057              		.cfi_def_cfa_register 13
 2058              		@ sp needed
 2059 006c 80BD     		pop	{r7, pc}
 2060              		.cfi_endproc
 2061              	.LFE448:
 2062              		.size	sdc_lld_send_cmd_short, .-sdc_lld_send_cmd_short
 2063              		.section	.text.sdc_lld_send_cmd_short_crc,"ax",%progbits
 2064              		.align	1
 2065              		.global	sdc_lld_send_cmd_short_crc
 2066              		.syntax unified
 2067              		.thumb
 2068              		.thumb_func
 2069              		.type	sdc_lld_send_cmd_short_crc, %function
 2070              	sdc_lld_send_cmd_short_crc:
 2071              	.LFB449:
 2072              		.loc 6 614 49
 2073              		.cfi_startproc
 2074              		@ args = 0, pretend = 0, frame = 24
 2075              		@ frame_needed = 1, uses_anonymous_args = 0
 2076 0000 80B5     		push	{r7, lr}
 2077              		.cfi_def_cfa_offset 8
 2078              		.cfi_offset 7, -8
 2079              		.cfi_offset 14, -4
 2080 0002 86B0     		sub	sp, sp, #24
 2081              		.cfi_def_cfa_offset 32
 2082 0004 00AF     		add	r7, sp, #0
 2083              		.cfi_def_cfa_register 7
 2084 0006 F860     		str	r0, [r7, #12]
 2085 0008 7A60     		str	r2, [r7, #4]
 2086 000a 3B60     		str	r3, [r7]
 2087 000c 0B46     		mov	r3, r1
 2088 000e FB72     		strb	r3, [r7, #11]
 2089              		.loc 6 617 7
 2090 0010 FB68     		ldr	r3, [r7, #12]
 2091 0012 5B6C     		ldr	r3, [r3, #68]
 2092              		.loc 6 617 20
 2093 0014 7A68     		ldr	r2, [r7, #4]
 2094 0016 9A60     		str	r2, [r3, #8]
 2095              		.loc 6 618 22
 2096 0018 FA7A     		ldrb	r2, [r7, #11]	@ zero_extendqisi2
 2097              		.loc 6 618 7
ARM GAS  C:\Users\DEVELO~1\AppData\Local\Temp\ccalPHYl.s 			page 38


 2098 001a FB68     		ldr	r3, [r7, #12]
 2099 001c 5B6C     		ldr	r3, [r3, #68]
 2100              		.loc 6 618 59
 2101 001e 42F48852 		orr	r2, r2, #4352
 2102              		.loc 6 618 20
 2103 0022 DA60     		str	r2, [r3, #12]
 2104              		.loc 6 619 9
 2105 0024 00BF     		nop
 2106              	.L99:
 2107              		.loc 6 619 22 discriminator 1
 2108 0026 FB68     		ldr	r3, [r7, #12]
 2109 0028 5B6C     		ldr	r3, [r3, #68]
 2110              		.loc 6 619 16 discriminator 1
 2111 002a 5B6B     		ldr	r3, [r3, #52]
 2112 002c 7B61     		str	r3, [r7, #20]
 2113              		.loc 6 619 36 discriminator 1
 2114 002e 7B69     		ldr	r3, [r7, #20]
 2115 0030 03F04503 		and	r3, r3, #69
 2116              		.loc 6 620 59 discriminator 1
 2117 0034 002B     		cmp	r3, #0
 2118 0036 F6D0     		beq	.L99
 2119              		.loc 6 622 7
 2120 0038 FB68     		ldr	r3, [r7, #12]
 2121 003a 5B6C     		ldr	r3, [r3, #68]
 2122              		.loc 6 622 26
 2123 003c 7A69     		ldr	r2, [r7, #20]
 2124 003e 02F04502 		and	r2, r2, #69
 2125              		.loc 6 622 20
 2126 0042 9A63     		str	r2, [r3, #56]
 2127              		.loc 6 624 12
 2128 0044 7B69     		ldr	r3, [r7, #20]
 2129 0046 03F00503 		and	r3, r3, #5
 2130              		.loc 6 624 6
 2131 004a 002B     		cmp	r3, #0
 2132 004c 05D0     		beq	.L100
 2133              		.loc 6 625 5
 2134 004e 7969     		ldr	r1, [r7, #20]
 2135 0050 F868     		ldr	r0, [r7, #12]
 2136 0052 FFF7FEFF 		bl	sdc_lld_collect_errors
 2137              		.loc 6 626 12
 2138 0056 0123     		movs	r3, #1
 2139 0058 05E0     		b	.L101
 2140              	.L100:
 2141              		.loc 6 628 15
 2142 005a FB68     		ldr	r3, [r7, #12]
 2143 005c 5B6C     		ldr	r3, [r3, #68]
 2144              		.loc 6 628 22
 2145 005e 5A69     		ldr	r2, [r3, #20]
 2146              		.loc 6 628 9
 2147 0060 3B68     		ldr	r3, [r7]
 2148 0062 1A60     		str	r2, [r3]
 2149              		.loc 6 629 10
 2150 0064 0023     		movs	r3, #0
 2151              	.L101:
 2152              		.loc 6 630 1
 2153 0066 1846     		mov	r0, r3
 2154 0068 1837     		adds	r7, r7, #24
ARM GAS  C:\Users\DEVELO~1\AppData\Local\Temp\ccalPHYl.s 			page 39


 2155              		.cfi_def_cfa_offset 8
 2156 006a BD46     		mov	sp, r7
 2157              		.cfi_def_cfa_register 13
 2158              		@ sp needed
 2159 006c 80BD     		pop	{r7, pc}
 2160              		.cfi_endproc
 2161              	.LFE449:
 2162              		.size	sdc_lld_send_cmd_short_crc, .-sdc_lld_send_cmd_short_crc
 2163              		.section	.text.sdc_lld_send_cmd_long_crc,"ax",%progbits
 2164              		.align	1
 2165              		.global	sdc_lld_send_cmd_long_crc
 2166              		.syntax unified
 2167              		.thumb
 2168              		.thumb_func
 2169              		.type	sdc_lld_send_cmd_long_crc, %function
 2170              	sdc_lld_send_cmd_long_crc:
 2171              	.LFB450:
 2172              		.loc 6 647 48
 2173              		.cfi_startproc
 2174              		@ args = 0, pretend = 0, frame = 24
 2175              		@ frame_needed = 1, uses_anonymous_args = 0
 2176 0000 80B5     		push	{r7, lr}
 2177              		.cfi_def_cfa_offset 8
 2178              		.cfi_offset 7, -8
 2179              		.cfi_offset 14, -4
 2180 0002 86B0     		sub	sp, sp, #24
 2181              		.cfi_def_cfa_offset 32
 2182 0004 00AF     		add	r7, sp, #0
 2183              		.cfi_def_cfa_register 7
 2184 0006 F860     		str	r0, [r7, #12]
 2185 0008 7A60     		str	r2, [r7, #4]
 2186 000a 3B60     		str	r3, [r7]
 2187 000c 0B46     		mov	r3, r1
 2188 000e FB72     		strb	r3, [r7, #11]
 2189              		.loc 6 652 7
 2190 0010 FB68     		ldr	r3, [r7, #12]
 2191 0012 5B6C     		ldr	r3, [r3, #68]
 2192              		.loc 6 652 20
 2193 0014 7A68     		ldr	r2, [r7, #4]
 2194 0016 9A60     		str	r2, [r3, #8]
 2195              		.loc 6 653 22
 2196 0018 FA7A     		ldrb	r2, [r7, #11]	@ zero_extendqisi2
 2197              		.loc 6 653 7
 2198 001a FB68     		ldr	r3, [r7, #12]
 2199 001c 5B6C     		ldr	r3, [r3, #68]
 2200              		.loc 6 653 82
 2201 001e 42F49852 		orr	r2, r2, #4864
 2202              		.loc 6 653 20
 2203 0022 DA60     		str	r2, [r3, #12]
 2204              		.loc 6 655 9
 2205 0024 00BF     		nop
 2206              	.L103:
 2207              		.loc 6 655 22 discriminator 1
 2208 0026 FB68     		ldr	r3, [r7, #12]
 2209 0028 5B6C     		ldr	r3, [r3, #68]
 2210              		.loc 6 655 16 discriminator 1
 2211 002a 5B6B     		ldr	r3, [r3, #52]
ARM GAS  C:\Users\DEVELO~1\AppData\Local\Temp\ccalPHYl.s 			page 40


 2212 002c 7B61     		str	r3, [r7, #20]
 2213              		.loc 6 655 36 discriminator 1
 2214 002e 7B69     		ldr	r3, [r7, #20]
 2215 0030 03F04503 		and	r3, r3, #69
 2216              		.loc 6 656 59 discriminator 1
 2217 0034 002B     		cmp	r3, #0
 2218 0036 F6D0     		beq	.L103
 2219              		.loc 6 658 7
 2220 0038 FB68     		ldr	r3, [r7, #12]
 2221 003a 5B6C     		ldr	r3, [r3, #68]
 2222              		.loc 6 658 26
 2223 003c 7A69     		ldr	r2, [r7, #20]
 2224 003e 02F04502 		and	r2, r2, #69
 2225              		.loc 6 658 20
 2226 0042 9A63     		str	r2, [r3, #56]
 2227              		.loc 6 660 12
 2228 0044 7B69     		ldr	r3, [r7, #20]
 2229 0046 03F03F03 		and	r3, r3, #63
 2230              		.loc 6 660 6
 2231 004a 002B     		cmp	r3, #0
 2232 004c 05D0     		beq	.L104
 2233              		.loc 6 661 5
 2234 004e 7969     		ldr	r1, [r7, #20]
 2235 0050 F868     		ldr	r0, [r7, #12]
 2236 0052 FFF7FEFF 		bl	sdc_lld_collect_errors
 2237              		.loc 6 662 12
 2238 0056 0123     		movs	r3, #1
 2239 0058 1AE0     		b	.L105
 2240              	.L104:
 2241              		.loc 6 665 17
 2242 005a FB68     		ldr	r3, [r7, #12]
 2243 005c 5A6C     		ldr	r2, [r3, #68]
 2244              		.loc 6 665 8
 2245 005e 3B68     		ldr	r3, [r7]
 2246 0060 191D     		adds	r1, r3, #4
 2247 0062 3960     		str	r1, [r7]
 2248              		.loc 6 665 24
 2249 0064 126A     		ldr	r2, [r2, #32]
 2250              		.loc 6 665 11
 2251 0066 1A60     		str	r2, [r3]
 2252              		.loc 6 666 17
 2253 0068 FB68     		ldr	r3, [r7, #12]
 2254 006a 5A6C     		ldr	r2, [r3, #68]
 2255              		.loc 6 666 8
 2256 006c 3B68     		ldr	r3, [r7]
 2257 006e 191D     		adds	r1, r3, #4
 2258 0070 3960     		str	r1, [r7]
 2259              		.loc 6 666 24
 2260 0072 D269     		ldr	r2, [r2, #28]
 2261              		.loc 6 666 11
 2262 0074 1A60     		str	r2, [r3]
 2263              		.loc 6 667 17
 2264 0076 FB68     		ldr	r3, [r7, #12]
 2265 0078 5A6C     		ldr	r2, [r3, #68]
 2266              		.loc 6 667 8
 2267 007a 3B68     		ldr	r3, [r7]
 2268 007c 191D     		adds	r1, r3, #4
ARM GAS  C:\Users\DEVELO~1\AppData\Local\Temp\ccalPHYl.s 			page 41


 2269 007e 3960     		str	r1, [r7]
 2270              		.loc 6 667 24
 2271 0080 9269     		ldr	r2, [r2, #24]
 2272              		.loc 6 667 11
 2273 0082 1A60     		str	r2, [r3]
 2274              		.loc 6 668 17
 2275 0084 FB68     		ldr	r3, [r7, #12]
 2276 0086 5B6C     		ldr	r3, [r3, #68]
 2277              		.loc 6 668 24
 2278 0088 5A69     		ldr	r2, [r3, #20]
 2279              		.loc 6 668 11
 2280 008a 3B68     		ldr	r3, [r7]
 2281 008c 1A60     		str	r2, [r3]
 2282              		.loc 6 669 10
 2283 008e 0023     		movs	r3, #0
 2284              	.L105:
 2285              		.loc 6 670 1
 2286 0090 1846     		mov	r0, r3
 2287 0092 1837     		adds	r7, r7, #24
 2288              		.cfi_def_cfa_offset 8
 2289 0094 BD46     		mov	sp, r7
 2290              		.cfi_def_cfa_register 13
 2291              		@ sp needed
 2292 0096 80BD     		pop	{r7, pc}
 2293              		.cfi_endproc
 2294              	.LFE450:
 2295              		.size	sdc_lld_send_cmd_long_crc, .-sdc_lld_send_cmd_long_crc
 2296              		.section	.text.sdc_lld_read_special,"ax",%progbits
 2297              		.align	1
 2298              		.global	sdc_lld_read_special
 2299              		.syntax unified
 2300              		.thumb
 2301              		.thumb_func
 2302              		.type	sdc_lld_read_special, %function
 2303              	sdc_lld_read_special:
 2304              	.LFB451:
 2305              		.loc 6 689 54
 2306              		.cfi_startproc
 2307              		@ args = 4, pretend = 0, frame = 16
 2308              		@ frame_needed = 1, uses_anonymous_args = 0
 2309 0000 80B5     		push	{r7, lr}
 2310              		.cfi_def_cfa_offset 8
 2311              		.cfi_offset 7, -8
 2312              		.cfi_offset 14, -4
 2313 0002 84B0     		sub	sp, sp, #16
 2314              		.cfi_def_cfa_offset 24
 2315 0004 00AF     		add	r7, sp, #0
 2316              		.cfi_def_cfa_register 7
 2317 0006 F860     		str	r0, [r7, #12]
 2318 0008 B960     		str	r1, [r7, #8]
 2319 000a 7A60     		str	r2, [r7, #4]
 2320 000c FB70     		strb	r3, [r7, #3]
 2321              		.loc 6 691 7
 2322 000e 7A68     		ldr	r2, [r7, #4]
 2323 0010 B968     		ldr	r1, [r7, #8]
 2324 0012 F868     		ldr	r0, [r7, #12]
 2325 0014 FFF7FEFF 		bl	sdc_lld_prepare_read_bytes
ARM GAS  C:\Users\DEVELO~1\AppData\Local\Temp\ccalPHYl.s 			page 42


 2326 0018 0346     		mov	r3, r0
 2327              		.loc 6 691 6
 2328 001a 002B     		cmp	r3, #0
 2329 001c 1CD1     		bne	.L113
 2330              		.loc 6 694 7
 2331 001e FB68     		ldr	r3, [r7, #12]
 2332 0020 DB6C     		ldr	r3, [r3, #76]
 2333 0022 F978     		ldrb	r1, [r7, #3]	@ zero_extendqisi2
 2334 0024 BA69     		ldr	r2, [r7, #24]
 2335 0026 F868     		ldr	r0, [r7, #12]
 2336 0028 FFF7FEFF 		bl	sdc_lld_send_cmd_short_crc
 2337 002c 0346     		mov	r3, r0
 2338              		.loc 6 694 6
 2339 002e 002B     		cmp	r3, #0
 2340 0030 14D1     		bne	.L114
 2341              		.loc 6 695 7 discriminator 1
 2342 0032 FB68     		ldr	r3, [r7, #12]
 2343 0034 DB6C     		ldr	r3, [r3, #76]
 2344 0036 1A68     		ldr	r2, [r3]
 2345 0038 104B     		ldr	r3, .L116
 2346 003a 1340     		ands	r3, r3, r2
 2347              		.loc 6 694 62 discriminator 1
 2348 003c 002B     		cmp	r3, #0
 2349 003e 0DD1     		bne	.L114
 2350              		.loc 6 698 7
 2351 0040 FB68     		ldr	r3, [r7, #12]
 2352 0042 DB6C     		ldr	r3, [r3, #76]
 2353 0044 1A46     		mov	r2, r3
 2354 0046 0121     		movs	r1, #1
 2355 0048 F868     		ldr	r0, [r7, #12]
 2356 004a FFF7FEFF 		bl	sdc_lld_wait_transaction_end
 2357 004e 0346     		mov	r3, r0
 2358              		.loc 6 698 6
 2359 0050 002B     		cmp	r3, #0
 2360 0052 05D1     		bne	.L115
 2361              		.loc 6 701 10
 2362 0054 0023     		movs	r3, #0
 2363 0056 0CE0     		b	.L112
 2364              	.L113:
 2365              		.loc 6 692 5
 2366 0058 00BF     		nop
 2367 005a 02E0     		b	.L108
 2368              	.L114:
 2369              		.loc 6 696 5
 2370 005c 00BF     		nop
 2371 005e 00E0     		b	.L108
 2372              	.L115:
 2373              		.loc 6 699 5
 2374 0060 00BF     		nop
 2375              	.L108:
 2376              		.loc 6 704 3
 2377 0062 FB68     		ldr	r3, [r7, #12]
 2378 0064 DB6C     		ldr	r3, [r3, #76]
 2379 0066 1A46     		mov	r2, r3
 2380 0068 0121     		movs	r1, #1
 2381 006a F868     		ldr	r0, [r7, #12]
 2382 006c FFF7FEFF 		bl	sdc_lld_error_cleanup
ARM GAS  C:\Users\DEVELO~1\AppData\Local\Temp\ccalPHYl.s 			page 43


 2383              		.loc 6 705 10
 2384 0070 0123     		movs	r3, #1
 2385              	.L112:
 2386              		.loc 6 706 1
 2387 0072 1846     		mov	r0, r3
 2388 0074 1037     		adds	r7, r7, #16
 2389              		.cfi_def_cfa_offset 8
 2390 0076 BD46     		mov	sp, r7
 2391              		.cfi_def_cfa_register 13
 2392              		@ sp needed
 2393 0078 80BD     		pop	{r7, pc}
 2394              	.L117:
 2395 007a 00BF     		.align	2
 2396              	.L116:
 2397 007c 08E0FFFD 		.word	-33562616
 2398              		.cfi_endproc
 2399              	.LFE451:
 2400              		.size	sdc_lld_read_special, .-sdc_lld_read_special
 2401              		.section	.text.sdc_lld_read_aligned,"ax",%progbits
 2402              		.align	1
 2403              		.global	sdc_lld_read_aligned
 2404              		.syntax unified
 2405              		.thumb
 2406              		.thumb_func
 2407              		.type	sdc_lld_read_aligned, %function
 2408              	sdc_lld_read_aligned:
 2409              	.LFB452:
 2410              		.loc 6 723 58
 2411              		.cfi_startproc
 2412              		@ args = 0, pretend = 0, frame = 32
 2413              		@ frame_needed = 1, uses_anonymous_args = 0
 2414 0000 80B5     		push	{r7, lr}
 2415              		.cfi_def_cfa_offset 8
 2416              		.cfi_offset 7, -8
 2417              		.cfi_offset 14, -4
 2418 0002 88B0     		sub	sp, sp, #32
 2419              		.cfi_def_cfa_offset 40
 2420 0004 00AF     		add	r7, sp, #0
 2421              		.cfi_def_cfa_register 7
 2422 0006 F860     		str	r0, [r7, #12]
 2423 0008 B960     		str	r1, [r7, #8]
 2424 000a 7A60     		str	r2, [r7, #4]
 2425 000c 3B60     		str	r3, [r7]
 2426              		.loc 6 727 7
 2427 000e FB68     		ldr	r3, [r7, #12]
 2428 0010 5B6C     		ldr	r3, [r3, #68]
 2429 0012 FA68     		ldr	r2, [r7, #12]
 2430 0014 FA61     		str	r2, [r7, #28]
 2431 0016 42F21072 		movw	r2, #10000
 2432 001a BA61     		str	r2, [r7, #24]
 2433              	.LBB62:
 2434              	.LBB63:
 2435              		.loc 6 125 23
 2436 001c FA69     		ldr	r2, [r7, #28]
 2437 001e 526C     		ldr	r2, [r2, #68]
 2438              		.loc 6 125 30
 2439 0020 5268     		ldr	r2, [r2, #4]
ARM GAS  C:\Users\DEVELO~1\AppData\Local\Temp\ccalPHYl.s 			page 44


 2440              		.loc 6 125 38
 2441 0022 C2F30902 		ubfx	r2, r2, #0, #10
 2442              		.loc 6 125 12
 2443 0026 0132     		adds	r2, r2, #1
 2444 0028 7A61     		str	r2, [r7, #20]
 2445              		.loc 6 126 17
 2446 002a FA69     		ldr	r2, [r7, #28]
 2447 002c 916C     		ldr	r1, [r2, #72]
 2448              		.loc 6 126 34
 2449 002e 7A69     		ldr	r2, [r7, #20]
 2450 0030 5200     		lsls	r2, r2, #1
 2451              		.loc 6 126 27
 2452 0032 B1FBF2F2 		udiv	r2, r1, r2
 2453              		.loc 6 126 41
 2454 0036 2849     		ldr	r1, .L127
 2455 0038 A1FB0212 		umull	r1, r2, r1, r2
 2456 003c 9209     		lsrs	r2, r2, #6
 2457              		.loc 6 126 50
 2458 003e B969     		ldr	r1, [r7, #24]
 2459 0040 01FB02F2 		mul	r2, r1, r2
 2460              	.LBE63:
 2461              	.LBE62:
 2462              		.loc 6 727 23
 2463 0044 5A62     		str	r2, [r3, #36]
 2464              		.loc 6 730 7
 2465 0046 F868     		ldr	r0, [r7, #12]
 2466 0048 FFF7FEFF 		bl	_sdc_wait_for_transfer_state
 2467 004c 0346     		mov	r3, r0
 2468              		.loc 6 730 6
 2469 004e 002B     		cmp	r3, #0
 2470 0050 01D0     		beq	.L120
 2471              		.loc 6 731 12
 2472 0052 0123     		movs	r3, #1
 2473 0054 3CE0     		b	.L121
 2474              	.L120:
 2475              		.loc 6 734 7
 2476 0056 FB68     		ldr	r3, [r7, #12]
 2477 0058 5B6C     		ldr	r3, [r3, #68]
 2478              		.loc 6 734 28
 2479 005a 7A68     		ldr	r2, [r7, #4]
 2480              		.loc 6 734 26
 2481 005c 9A65     		str	r2, [r3, #88]
 2482              		.loc 6 735 7
 2483 005e FB68     		ldr	r3, [r7, #12]
 2484 0060 5B6C     		ldr	r3, [r3, #68]
 2485              		.loc 6 735 26
 2486 0062 0122     		movs	r2, #1
 2487 0064 1A65     		str	r2, [r3, #80]
 2488              		.loc 6 738 7
 2489 0066 FB68     		ldr	r3, [r7, #12]
 2490 0068 5B6C     		ldr	r3, [r3, #68]
 2491              		.loc 6 738 22
 2492 006a 4FF0FF32 		mov	r2, #-1
 2493 006e 9A63     		str	r2, [r3, #56]
 2494              		.loc 6 739 7
 2495 0070 FB68     		ldr	r3, [r7, #12]
 2496 0072 5B6C     		ldr	r3, [r3, #68]
ARM GAS  C:\Users\DEVELO~1\AppData\Local\Temp\ccalPHYl.s 			page 45


 2497              		.loc 6 739 22
 2498 0074 4FF49572 		mov	r2, #298
 2499 0078 DA63     		str	r2, [r3, #60]
 2500              		.loc 6 743 7
 2501 007a FB68     		ldr	r3, [r7, #12]
 2502 007c 5B6C     		ldr	r3, [r3, #68]
 2503              		.loc 6 743 31
 2504 007e 3A68     		ldr	r2, [r7]
 2505 0080 5202     		lsls	r2, r2, #9
 2506              		.loc 6 743 22
 2507 0082 9A62     		str	r2, [r3, #40]
 2508              		.loc 6 745 7
 2509 0084 FB68     		ldr	r3, [r7, #12]
 2510 0086 DB6C     		ldr	r3, [r3, #76]
 2511 0088 3A68     		ldr	r2, [r7]
 2512 008a B968     		ldr	r1, [r7, #8]
 2513 008c F868     		ldr	r0, [r7, #12]
 2514 008e FFF7FEFF 		bl	sdc_lld_prepare_read
 2515 0092 0346     		mov	r3, r0
 2516              		.loc 6 745 6
 2517 0094 002B     		cmp	r3, #0
 2518 0096 10D1     		bne	.L125
 2519              		.loc 6 749 7
 2520 0098 FB68     		ldr	r3, [r7, #12]
 2521 009a 5B6C     		ldr	r3, [r3, #68]
 2522              		.loc 6 749 22
 2523 009c 42F29302 		movw	r2, #8339
 2524 00a0 DA62     		str	r2, [r3, #44]
 2525              		.loc 6 755 7
 2526 00a2 FB68     		ldr	r3, [r7, #12]
 2527 00a4 DB6C     		ldr	r3, [r3, #76]
 2528 00a6 1A46     		mov	r2, r3
 2529 00a8 3968     		ldr	r1, [r7]
 2530 00aa F868     		ldr	r0, [r7, #12]
 2531 00ac FFF7FEFF 		bl	sdc_lld_wait_transaction_end
 2532 00b0 0346     		mov	r3, r0
 2533              		.loc 6 755 6
 2534 00b2 002B     		cmp	r3, #0
 2535 00b4 03D1     		bne	.L126
 2536              		.loc 6 758 10
 2537 00b6 0023     		movs	r3, #0
 2538 00b8 0AE0     		b	.L121
 2539              	.L125:
 2540              		.loc 6 746 5
 2541 00ba 00BF     		nop
 2542 00bc 00E0     		b	.L123
 2543              	.L126:
 2544              		.loc 6 756 5
 2545 00be 00BF     		nop
 2546              	.L123:
 2547              		.loc 6 761 3
 2548 00c0 FB68     		ldr	r3, [r7, #12]
 2549 00c2 DB6C     		ldr	r3, [r3, #76]
 2550 00c4 1A46     		mov	r2, r3
 2551 00c6 3968     		ldr	r1, [r7]
 2552 00c8 F868     		ldr	r0, [r7, #12]
 2553 00ca FFF7FEFF 		bl	sdc_lld_error_cleanup
ARM GAS  C:\Users\DEVELO~1\AppData\Local\Temp\ccalPHYl.s 			page 46


 2554              		.loc 6 762 10
 2555 00ce 0123     		movs	r3, #1
 2556              	.L121:
 2557              		.loc 6 763 1
 2558 00d0 1846     		mov	r0, r3
 2559 00d2 2037     		adds	r7, r7, #32
 2560              		.cfi_def_cfa_offset 8
 2561 00d4 BD46     		mov	sp, r7
 2562              		.cfi_def_cfa_register 13
 2563              		@ sp needed
 2564 00d6 80BD     		pop	{r7, pc}
 2565              	.L128:
 2566              		.align	2
 2567              	.L127:
 2568 00d8 D34D6210 		.word	274877907
 2569              		.cfi_endproc
 2570              	.LFE452:
 2571              		.size	sdc_lld_read_aligned, .-sdc_lld_read_aligned
 2572              		.section	.text.sdc_lld_write_aligned,"ax",%progbits
 2573              		.align	1
 2574              		.global	sdc_lld_write_aligned
 2575              		.syntax unified
 2576              		.thumb
 2577              		.thumb_func
 2578              		.type	sdc_lld_write_aligned, %function
 2579              	sdc_lld_write_aligned:
 2580              	.LFB453:
 2581              		.loc 6 780 65
 2582              		.cfi_startproc
 2583              		@ args = 0, pretend = 0, frame = 32
 2584              		@ frame_needed = 1, uses_anonymous_args = 0
 2585 0000 80B5     		push	{r7, lr}
 2586              		.cfi_def_cfa_offset 8
 2587              		.cfi_offset 7, -8
 2588              		.cfi_offset 14, -4
 2589 0002 88B0     		sub	sp, sp, #32
 2590              		.cfi_def_cfa_offset 40
 2591 0004 00AF     		add	r7, sp, #0
 2592              		.cfi_def_cfa_register 7
 2593 0006 F860     		str	r0, [r7, #12]
 2594 0008 B960     		str	r1, [r7, #8]
 2595 000a 7A60     		str	r2, [r7, #4]
 2596 000c 3B60     		str	r3, [r7]
 2597              		.loc 6 784 7
 2598 000e FB68     		ldr	r3, [r7, #12]
 2599 0010 5B6C     		ldr	r3, [r3, #68]
 2600 0012 FA68     		ldr	r2, [r7, #12]
 2601 0014 FA61     		str	r2, [r7, #28]
 2602 0016 42F21072 		movw	r2, #10000
 2603 001a BA61     		str	r2, [r7, #24]
 2604              	.LBB64:
 2605              	.LBB65:
 2606              		.loc 6 125 23
 2607 001c FA69     		ldr	r2, [r7, #28]
 2608 001e 526C     		ldr	r2, [r2, #68]
 2609              		.loc 6 125 30
 2610 0020 5268     		ldr	r2, [r2, #4]
ARM GAS  C:\Users\DEVELO~1\AppData\Local\Temp\ccalPHYl.s 			page 47


 2611              		.loc 6 125 38
 2612 0022 C2F30902 		ubfx	r2, r2, #0, #10
 2613              		.loc 6 125 12
 2614 0026 0132     		adds	r2, r2, #1
 2615 0028 7A61     		str	r2, [r7, #20]
 2616              		.loc 6 126 17
 2617 002a FA69     		ldr	r2, [r7, #28]
 2618 002c 916C     		ldr	r1, [r2, #72]
 2619              		.loc 6 126 34
 2620 002e 7A69     		ldr	r2, [r7, #20]
 2621 0030 5200     		lsls	r2, r2, #1
 2622              		.loc 6 126 27
 2623 0032 B1FBF2F2 		udiv	r2, r1, r2
 2624              		.loc 6 126 41
 2625 0036 2849     		ldr	r1, .L138
 2626 0038 A1FB0212 		umull	r1, r2, r1, r2
 2627 003c 9209     		lsrs	r2, r2, #6
 2628              		.loc 6 126 50
 2629 003e B969     		ldr	r1, [r7, #24]
 2630 0040 01FB02F2 		mul	r2, r1, r2
 2631              	.LBE65:
 2632              	.LBE64:
 2633              		.loc 6 784 23
 2634 0044 5A62     		str	r2, [r3, #36]
 2635              		.loc 6 787 7
 2636 0046 F868     		ldr	r0, [r7, #12]
 2637 0048 FFF7FEFF 		bl	_sdc_wait_for_transfer_state
 2638 004c 0346     		mov	r3, r0
 2639              		.loc 6 787 6
 2640 004e 002B     		cmp	r3, #0
 2641 0050 01D0     		beq	.L131
 2642              		.loc 6 788 12
 2643 0052 0123     		movs	r3, #1
 2644 0054 3CE0     		b	.L132
 2645              	.L131:
 2646              		.loc 6 791 7
 2647 0056 FB68     		ldr	r3, [r7, #12]
 2648 0058 5B6C     		ldr	r3, [r3, #68]
 2649              		.loc 6 791 28
 2650 005a 7A68     		ldr	r2, [r7, #4]
 2651              		.loc 6 791 26
 2652 005c 9A65     		str	r2, [r3, #88]
 2653              		.loc 6 792 7
 2654 005e FB68     		ldr	r3, [r7, #12]
 2655 0060 5B6C     		ldr	r3, [r3, #68]
 2656              		.loc 6 792 26
 2657 0062 0122     		movs	r2, #1
 2658 0064 1A65     		str	r2, [r3, #80]
 2659              		.loc 6 795 7
 2660 0066 FB68     		ldr	r3, [r7, #12]
 2661 0068 5B6C     		ldr	r3, [r3, #68]
 2662              		.loc 6 795 22
 2663 006a 4FF0FF32 		mov	r2, #-1
 2664 006e 9A63     		str	r2, [r3, #56]
 2665              		.loc 6 796 7
 2666 0070 FB68     		ldr	r3, [r7, #12]
 2667 0072 5B6C     		ldr	r3, [r3, #68]
ARM GAS  C:\Users\DEVELO~1\AppData\Local\Temp\ccalPHYl.s 			page 48


 2668              		.loc 6 796 22
 2669 0074 4FF48D72 		mov	r2, #282
 2670 0078 DA63     		str	r2, [r3, #60]
 2671              		.loc 6 800 7
 2672 007a FB68     		ldr	r3, [r7, #12]
 2673 007c 5B6C     		ldr	r3, [r3, #68]
 2674              		.loc 6 800 31
 2675 007e 3A68     		ldr	r2, [r7]
 2676 0080 5202     		lsls	r2, r2, #9
 2677              		.loc 6 800 22
 2678 0082 9A62     		str	r2, [r3, #40]
 2679              		.loc 6 802 7
 2680 0084 FB68     		ldr	r3, [r7, #12]
 2681 0086 DB6C     		ldr	r3, [r3, #76]
 2682 0088 3A68     		ldr	r2, [r7]
 2683 008a B968     		ldr	r1, [r7, #8]
 2684 008c F868     		ldr	r0, [r7, #12]
 2685 008e FFF7FEFF 		bl	sdc_lld_prepare_write
 2686 0092 0346     		mov	r3, r0
 2687              		.loc 6 802 6
 2688 0094 002B     		cmp	r3, #0
 2689 0096 10D1     		bne	.L136
 2690              		.loc 6 806 7
 2691 0098 FB68     		ldr	r3, [r7, #12]
 2692 009a 5B6C     		ldr	r3, [r3, #68]
 2693              		.loc 6 806 22
 2694 009c 42F29102 		movw	r2, #8337
 2695 00a0 DA62     		str	r2, [r3, #44]
 2696              		.loc 6 811 7
 2697 00a2 FB68     		ldr	r3, [r7, #12]
 2698 00a4 DB6C     		ldr	r3, [r3, #76]
 2699 00a6 1A46     		mov	r2, r3
 2700 00a8 3968     		ldr	r1, [r7]
 2701 00aa F868     		ldr	r0, [r7, #12]
 2702 00ac FFF7FEFF 		bl	sdc_lld_wait_transaction_end
 2703 00b0 0346     		mov	r3, r0
 2704              		.loc 6 811 6
 2705 00b2 002B     		cmp	r3, #0
 2706 00b4 03D1     		bne	.L137
 2707              		.loc 6 814 10
 2708 00b6 0023     		movs	r3, #0
 2709 00b8 0AE0     		b	.L132
 2710              	.L136:
 2711              		.loc 6 803 5
 2712 00ba 00BF     		nop
 2713 00bc 00E0     		b	.L134
 2714              	.L137:
 2715              		.loc 6 812 5
 2716 00be 00BF     		nop
 2717              	.L134:
 2718              		.loc 6 817 3
 2719 00c0 FB68     		ldr	r3, [r7, #12]
 2720 00c2 DB6C     		ldr	r3, [r3, #76]
 2721 00c4 1A46     		mov	r2, r3
 2722 00c6 3968     		ldr	r1, [r7]
 2723 00c8 F868     		ldr	r0, [r7, #12]
 2724 00ca FFF7FEFF 		bl	sdc_lld_error_cleanup
ARM GAS  C:\Users\DEVELO~1\AppData\Local\Temp\ccalPHYl.s 			page 49


 2725              		.loc 6 818 10
 2726 00ce 0123     		movs	r3, #1
 2727              	.L132:
 2728              		.loc 6 819 1
 2729 00d0 1846     		mov	r0, r3
 2730 00d2 2037     		adds	r7, r7, #32
 2731              		.cfi_def_cfa_offset 8
 2732 00d4 BD46     		mov	sp, r7
 2733              		.cfi_def_cfa_register 13
 2734              		@ sp needed
 2735 00d6 80BD     		pop	{r7, pc}
 2736              	.L139:
 2737              		.align	2
 2738              	.L138:
 2739 00d8 D34D6210 		.word	274877907
 2740              		.cfi_endproc
 2741              	.LFE453:
 2742              		.size	sdc_lld_write_aligned, .-sdc_lld_write_aligned
 2743              		.section	.text.sdc_lld_read,"ax",%progbits
 2744              		.align	1
 2745              		.global	sdc_lld_read
 2746              		.syntax unified
 2747              		.thumb
 2748              		.thumb_func
 2749              		.type	sdc_lld_read, %function
 2750              	sdc_lld_read:
 2751              	.LFB454:
 2752              		.loc 6 836 50
 2753              		.cfi_startproc
 2754              		@ args = 0, pretend = 0, frame = 24
 2755              		@ frame_needed = 1, uses_anonymous_args = 0
 2756 0000 80B5     		push	{r7, lr}
 2757              		.cfi_def_cfa_offset 8
 2758              		.cfi_offset 7, -8
 2759              		.cfi_offset 14, -4
 2760 0002 86B0     		sub	sp, sp, #24
 2761              		.cfi_def_cfa_offset 32
 2762 0004 00AF     		add	r7, sp, #0
 2763              		.cfi_def_cfa_register 7
 2764 0006 F860     		str	r0, [r7, #12]
 2765 0008 B960     		str	r1, [r7, #8]
 2766 000a 7A60     		str	r2, [r7, #4]
 2767 000c 3B60     		str	r3, [r7]
 2768              		.loc 6 839 8
 2769 000e 7B68     		ldr	r3, [r7, #4]
 2770              		.loc 6 839 22
 2771 0010 03F00303 		and	r3, r3, #3
 2772              		.loc 6 839 6
 2773 0014 002B     		cmp	r3, #0
 2774 0016 26D0     		beq	.L141
 2775              	.LBB66:
 2776              		.loc 6 841 12
 2777 0018 0023     		movs	r3, #0
 2778 001a 7B61     		str	r3, [r7, #20]
 2779              		.loc 6 841 5
 2780 001c 1DE0     		b	.L142
 2781              	.L145:
ARM GAS  C:\Users\DEVELO~1\AppData\Local\Temp\ccalPHYl.s 			page 50


 2782              		.loc 6 842 11
 2783 001e FB68     		ldr	r3, [r7, #12]
 2784 0020 DA6B     		ldr	r2, [r3, #60]
 2785 0022 0123     		movs	r3, #1
 2786 0024 B968     		ldr	r1, [r7, #8]
 2787 0026 F868     		ldr	r0, [r7, #12]
 2788 0028 FFF7FEFF 		bl	sdc_lld_read_aligned
 2789 002c 0346     		mov	r3, r0
 2790              		.loc 6 842 10
 2791 002e 002B     		cmp	r3, #0
 2792 0030 01D0     		beq	.L143
 2793              		.loc 6 843 16
 2794 0032 0123     		movs	r3, #1
 2795 0034 1EE0     		b	.L144
 2796              	.L143:
 2797              		.loc 6 845 23 discriminator 2
 2798 0036 FB68     		ldr	r3, [r7, #12]
 2799 0038 DB6B     		ldr	r3, [r3, #60]
 2800              		.loc 6 845 7 discriminator 2
 2801 003a 4FF40072 		mov	r2, #512
 2802 003e 1946     		mov	r1, r3
 2803 0040 7868     		ldr	r0, [r7, #4]
 2804 0042 FFF7FEFF 		bl	memcpy
 2805              		.loc 6 846 11 discriminator 2
 2806 0046 7B68     		ldr	r3, [r7, #4]
 2807 0048 03F50073 		add	r3, r3, #512
 2808 004c 7B60     		str	r3, [r7, #4]
 2809              		.loc 6 847 15 discriminator 2
 2810 004e BB68     		ldr	r3, [r7, #8]
 2811 0050 0133     		adds	r3, r3, #1
 2812 0052 BB60     		str	r3, [r7, #8]
 2813              		.loc 6 841 31 discriminator 2
 2814 0054 7B69     		ldr	r3, [r7, #20]
 2815 0056 0133     		adds	r3, r3, #1
 2816 0058 7B61     		str	r3, [r7, #20]
 2817              	.L142:
 2818              		.loc 6 841 20 discriminator 1
 2819 005a 7A69     		ldr	r2, [r7, #20]
 2820 005c 3B68     		ldr	r3, [r7]
 2821 005e 9A42     		cmp	r2, r3
 2822 0060 DDD3     		bcc	.L145
 2823              		.loc 6 849 12
 2824 0062 0023     		movs	r3, #0
 2825 0064 06E0     		b	.L144
 2826              	.L141:
 2827              	.LBE66:
 2828              		.loc 6 854 10
 2829 0066 3B68     		ldr	r3, [r7]
 2830 0068 7A68     		ldr	r2, [r7, #4]
 2831 006a B968     		ldr	r1, [r7, #8]
 2832 006c F868     		ldr	r0, [r7, #12]
 2833 006e FFF7FEFF 		bl	sdc_lld_read_aligned
 2834 0072 0346     		mov	r3, r0
 2835              	.L144:
 2836              		.loc 6 855 1
 2837 0074 1846     		mov	r0, r3
 2838 0076 1837     		adds	r7, r7, #24
ARM GAS  C:\Users\DEVELO~1\AppData\Local\Temp\ccalPHYl.s 			page 51


 2839              		.cfi_def_cfa_offset 8
 2840 0078 BD46     		mov	sp, r7
 2841              		.cfi_def_cfa_register 13
 2842              		@ sp needed
 2843 007a 80BD     		pop	{r7, pc}
 2844              		.cfi_endproc
 2845              	.LFE454:
 2846              		.size	sdc_lld_read, .-sdc_lld_read
 2847              		.section	.text.sdc_lld_write,"ax",%progbits
 2848              		.align	1
 2849              		.global	sdc_lld_write
 2850              		.syntax unified
 2851              		.thumb
 2852              		.thumb_func
 2853              		.type	sdc_lld_write, %function
 2854              	sdc_lld_write:
 2855              	.LFB455:
 2856              		.loc 6 872 57
 2857              		.cfi_startproc
 2858              		@ args = 0, pretend = 0, frame = 24
 2859              		@ frame_needed = 1, uses_anonymous_args = 0
 2860 0000 80B5     		push	{r7, lr}
 2861              		.cfi_def_cfa_offset 8
 2862              		.cfi_offset 7, -8
 2863              		.cfi_offset 14, -4
 2864 0002 86B0     		sub	sp, sp, #24
 2865              		.cfi_def_cfa_offset 32
 2866 0004 00AF     		add	r7, sp, #0
 2867              		.cfi_def_cfa_register 7
 2868 0006 F860     		str	r0, [r7, #12]
 2869 0008 B960     		str	r1, [r7, #8]
 2870 000a 7A60     		str	r2, [r7, #4]
 2871 000c 3B60     		str	r3, [r7]
 2872              		.loc 6 875 8
 2873 000e 7B68     		ldr	r3, [r7, #4]
 2874              		.loc 6 875 22
 2875 0010 03F00303 		and	r3, r3, #3
 2876              		.loc 6 875 6
 2877 0014 002B     		cmp	r3, #0
 2878 0016 26D0     		beq	.L147
 2879              	.LBB67:
 2880              		.loc 6 877 12
 2881 0018 0023     		movs	r3, #0
 2882 001a 7B61     		str	r3, [r7, #20]
 2883              		.loc 6 877 5
 2884 001c 1DE0     		b	.L148
 2885              	.L151:
 2886              		.loc 6 878 18
 2887 001e FB68     		ldr	r3, [r7, #12]
 2888 0020 DB6B     		ldr	r3, [r3, #60]
 2889              		.loc 6 878 7
 2890 0022 4FF40072 		mov	r2, #512
 2891 0026 7968     		ldr	r1, [r7, #4]
 2892 0028 1846     		mov	r0, r3
 2893 002a FFF7FEFF 		bl	memcpy
 2894              		.loc 6 879 11
 2895 002e 7B68     		ldr	r3, [r7, #4]
ARM GAS  C:\Users\DEVELO~1\AppData\Local\Temp\ccalPHYl.s 			page 52


 2896 0030 03F50073 		add	r3, r3, #512
 2897 0034 7B60     		str	r3, [r7, #4]
 2898              		.loc 6 880 53
 2899 0036 FB68     		ldr	r3, [r7, #12]
 2900 0038 DA6B     		ldr	r2, [r3, #60]
 2901              		.loc 6 880 11
 2902 003a 0123     		movs	r3, #1
 2903 003c B968     		ldr	r1, [r7, #8]
 2904 003e F868     		ldr	r0, [r7, #12]
 2905 0040 FFF7FEFF 		bl	sdc_lld_write_aligned
 2906 0044 0346     		mov	r3, r0
 2907              		.loc 6 880 10
 2908 0046 002B     		cmp	r3, #0
 2909 0048 01D0     		beq	.L149
 2910              		.loc 6 881 16
 2911 004a 0123     		movs	r3, #1
 2912 004c 12E0     		b	.L150
 2913              	.L149:
 2914              		.loc 6 882 15 discriminator 2
 2915 004e BB68     		ldr	r3, [r7, #8]
 2916 0050 0133     		adds	r3, r3, #1
 2917 0052 BB60     		str	r3, [r7, #8]
 2918              		.loc 6 877 31 discriminator 2
 2919 0054 7B69     		ldr	r3, [r7, #20]
 2920 0056 0133     		adds	r3, r3, #1
 2921 0058 7B61     		str	r3, [r7, #20]
 2922              	.L148:
 2923              		.loc 6 877 20 discriminator 1
 2924 005a 7A69     		ldr	r2, [r7, #20]
 2925 005c 3B68     		ldr	r3, [r7]
 2926 005e 9A42     		cmp	r2, r3
 2927 0060 DDD3     		bcc	.L151
 2928              		.loc 6 884 12
 2929 0062 0023     		movs	r3, #0
 2930 0064 06E0     		b	.L150
 2931              	.L147:
 2932              	.LBE67:
 2933              		.loc 6 889 10
 2934 0066 3B68     		ldr	r3, [r7]
 2935 0068 7A68     		ldr	r2, [r7, #4]
 2936 006a B968     		ldr	r1, [r7, #8]
 2937 006c F868     		ldr	r0, [r7, #12]
 2938 006e FFF7FEFF 		bl	sdc_lld_write_aligned
 2939 0072 0346     		mov	r3, r0
 2940              	.L150:
 2941              		.loc 6 890 1
 2942 0074 1846     		mov	r0, r3
 2943 0076 1837     		adds	r7, r7, #24
 2944              		.cfi_def_cfa_offset 8
 2945 0078 BD46     		mov	sp, r7
 2946              		.cfi_def_cfa_register 13
 2947              		@ sp needed
 2948 007a 80BD     		pop	{r7, pc}
 2949              		.cfi_endproc
 2950              	.LFE455:
 2951              		.size	sdc_lld_write, .-sdc_lld_write
 2952              		.section	.text.sdc_lld_sync,"ax",%progbits
ARM GAS  C:\Users\DEVELO~1\AppData\Local\Temp\ccalPHYl.s 			page 53


 2953              		.align	1
 2954              		.global	sdc_lld_sync
 2955              		.syntax unified
 2956              		.thumb
 2957              		.thumb_func
 2958              		.type	sdc_lld_sync, %function
 2959              	sdc_lld_sync:
 2960              	.LFB456:
 2961              		.loc 6 903 36
 2962              		.cfi_startproc
 2963              		@ args = 0, pretend = 0, frame = 8
 2964              		@ frame_needed = 1, uses_anonymous_args = 0
 2965              		@ link register save eliminated.
 2966 0000 80B4     		push	{r7}
 2967              		.cfi_def_cfa_offset 4
 2968              		.cfi_offset 7, -4
 2969 0002 83B0     		sub	sp, sp, #12
 2970              		.cfi_def_cfa_offset 16
 2971 0004 00AF     		add	r7, sp, #0
 2972              		.cfi_def_cfa_register 7
 2973 0006 7860     		str	r0, [r7, #4]
 2974              		.loc 6 907 10
 2975 0008 0023     		movs	r3, #0
 2976              		.loc 6 908 1
 2977 000a 1846     		mov	r0, r3
 2978 000c 0C37     		adds	r7, r7, #12
 2979              		.cfi_def_cfa_offset 4
 2980 000e BD46     		mov	sp, r7
 2981              		.cfi_def_cfa_register 13
 2982              		@ sp needed
 2983 0010 80BC     		pop	{r7}
 2984              		.cfi_restore 7
 2985              		.cfi_def_cfa_offset 0
 2986 0012 7047     		bx	lr
 2987              		.cfi_endproc
 2988              	.LFE456:
 2989              		.size	sdc_lld_sync, .-sdc_lld_sync
 2990              		.section	.text.sdc_lld_serve_interrupt,"ax",%progbits
 2991              		.align	1
 2992              		.global	sdc_lld_serve_interrupt
 2993              		.syntax unified
 2994              		.thumb
 2995              		.thumb_func
 2996              		.type	sdc_lld_serve_interrupt, %function
 2997              	sdc_lld_serve_interrupt:
 2998              	.LFB457:
 2999              		.loc 6 915 47
 3000              		.cfi_startproc
 3001              		@ args = 0, pretend = 0, frame = 8
 3002              		@ frame_needed = 1, uses_anonymous_args = 0
 3003 0000 80B5     		push	{r7, lr}
 3004              		.cfi_def_cfa_offset 8
 3005              		.cfi_offset 7, -8
 3006              		.cfi_offset 14, -4
 3007 0002 82B0     		sub	sp, sp, #8
 3008              		.cfi_def_cfa_offset 16
 3009 0004 00AF     		add	r7, sp, #0
ARM GAS  C:\Users\DEVELO~1\AppData\Local\Temp\ccalPHYl.s 			page 54


 3010              		.cfi_def_cfa_register 7
 3011 0006 7860     		str	r0, [r7, #4]
 3012              		.loc 6 917 3
 3013 0008 FFF7FEFF 		bl	osalSysLockFromISR
 3014              		.loc 6 921 7
 3015 000c 7B68     		ldr	r3, [r7, #4]
 3016 000e 5B6C     		ldr	r3, [r3, #68]
 3017              		.loc 6 921 21
 3018 0010 0022     		movs	r2, #0
 3019 0012 DA63     		str	r2, [r3, #60]
 3020              		.loc 6 922 3
 3021 0014 7B68     		ldr	r3, [r7, #4]
 3022 0016 4033     		adds	r3, r3, #64
 3023 0018 0021     		movs	r1, #0
 3024 001a 1846     		mov	r0, r3
 3025 001c FFF7FEFF 		bl	osalThreadResumeI
 3026              		.loc 6 924 3
 3027 0020 FFF7FEFF 		bl	osalSysUnlockFromISR
 3028              		.loc 6 925 1
 3029 0024 00BF     		nop
 3030 0026 0837     		adds	r7, r7, #8
 3031              		.cfi_def_cfa_offset 8
 3032 0028 BD46     		mov	sp, r7
 3033              		.cfi_def_cfa_register 13
 3034              		@ sp needed
 3035 002a 80BD     		pop	{r7, pc}
 3036              		.cfi_endproc
 3037              	.LFE457:
 3038              		.size	sdc_lld_serve_interrupt, .-sdc_lld_serve_interrupt
 3039              		.text
 3040              	.Letext0:
 3041              		.file 7 "c:\\chibistudio\\tools\\gnu tools arm embedded\\11.3 2022.08\\lib\\gcc\\arm-none-eabi\\11
 3042              		.file 8 "c:\\chibistudio\\tools\\gnu tools arm embedded\\11.3 2022.08\\arm-none-eabi\\include\\mac
 3043              		.file 9 "c:\\chibistudio\\tools\\gnu tools arm embedded\\11.3 2022.08\\arm-none-eabi\\include\\sys
 3044              		.file 10 "../../../os/common/ports/ARM-common/chtypes.h"
 3045              		.file 11 "../../../os/rt/include/chearly.h"
 3046              		.file 12 "../../../os/rt/include/chobjects.h"
 3047              		.file 13 "../../../os/rt/include/chrfcu.h"
 3048              		.file 14 "../../../os/rt/include/chdebug.h"
 3049              		.file 15 "../../../os/rt/include/chtime.h"
 3050              		.file 16 "../../../os/rt/include/chlists.h"
 3051              		.file 17 "../../../os/rt/include/chtrace.h"
 3052              		.file 18 "../../../os/common/ext/ST/STM32H7xx/stm32h743xx.h"
 3053              		.file 19 "../../../os/rt/include/chsem.h"
 3054              		.file 20 "../../../os/rt/include/chmtx.h"
 3055              		.file 21 "../../../os/rt/include/chevents.h"
 3056              		.file 22 "../../../os/hal/include/hal_streams.h"
 3057              		.file 23 "../../../os/hal/include/hal_ioblock.h"
 3058              		.file 24 "../../../os/hal/include/hal_queues.h"
 3059              		.file 25 "../../../os/hal/include/hal_serial.h"
 3060              		.file 26 "../../../os/hal/include/hal_sdc.h"
 3061              		.file 27 "../../../os/hal/ports/STM32/LLD/SDMMCv2/hal_sdc_lld.h"
 3062              		.file 28 "../../../os/rt/include/chthreads.h"
 3063              		.file 29 "c:\\chibistudio\\tools\\gnu tools arm embedded\\11.3 2022.08\\arm-none-eabi\\include\\st
 3064              		.file 30 "../../../os/hal/ports/STM32/LLD/USARTv3/hal_serial_lld.h"
 3065              		.section	.debug_info,"",%progbits
 3066              	.Ldebug_info0:
ARM GAS  C:\Users\DEVELO~1\AppData\Local\Temp\ccalPHYl.s 			page 55


 3067 0000 8D220000 		.4byte	0x228d
 3068 0004 0500     		.2byte	0x5
 3069 0006 01       		.byte	0x1
 3070 0007 04       		.byte	0x4
 3071 0008 00000000 		.4byte	.Ldebug_abbrev0
 3072 000c 33       		.uleb128 0x33
 3073 000d C3050000 		.4byte	.LASF357
 3074 0011 1D       		.byte	0x1d
 3075 0012 E3060000 		.4byte	.LASF358
 3076 0016 0F030000 		.4byte	.LASF359
 3077 001a 0C000000 		.4byte	.LLRL0
 3078 001e 00000000 		.4byte	0
 3079 0022 00000000 		.4byte	.Ldebug_line0
 3080 0026 34       		.uleb128 0x34
 3081 0027 04       		.byte	0x4
 3082 0028 05       		.byte	0x5
 3083 0029 696E7400 		.ascii	"int\000"
 3084 002d 03       		.uleb128 0x3
 3085 002e B5050000 		.4byte	.LASF4
 3086 0032 07       		.byte	0x7
 3087 0033 D1       		.byte	0xd1
 3088 0034 17       		.byte	0x17
 3089 0035 3E000000 		.4byte	0x3e
 3090 0039 1D       		.uleb128 0x1d
 3091 003a 2D000000 		.4byte	0x2d
 3092 003e 0D       		.uleb128 0xd
 3093 003f 04       		.byte	0x4
 3094 0040 07       		.byte	0x7
 3095 0041 5C080000 		.4byte	.LASF0
 3096 0045 0D       		.uleb128 0xd
 3097 0046 08       		.byte	0x8
 3098 0047 05       		.byte	0x5
 3099 0048 43080000 		.4byte	.LASF1
 3100 004c 0D       		.uleb128 0xd
 3101 004d 08       		.byte	0x8
 3102 004e 04       		.byte	0x4
 3103 004f 890A0000 		.4byte	.LASF2
 3104 0053 0D       		.uleb128 0xd
 3105 0054 01       		.byte	0x1
 3106 0055 06       		.byte	0x6
 3107 0056 DB0E0000 		.4byte	.LASF3
 3108 005a 03       		.uleb128 0x3
 3109 005b 570C0000 		.4byte	.LASF5
 3110 005f 08       		.byte	0x8
 3111 0060 2B       		.byte	0x2b
 3112 0061 18       		.byte	0x18
 3113 0062 66000000 		.4byte	0x66
 3114 0066 0D       		.uleb128 0xd
 3115 0067 01       		.byte	0x1
 3116 0068 08       		.byte	0x8
 3117 0069 B70D0000 		.4byte	.LASF6
 3118 006d 0D       		.uleb128 0xd
 3119 006e 02       		.byte	0x2
 3120 006f 05       		.byte	0x5
 3121 0070 2A0B0000 		.4byte	.LASF7
 3122 0074 03       		.uleb128 0x3
 3123 0075 DD040000 		.4byte	.LASF8
ARM GAS  C:\Users\DEVELO~1\AppData\Local\Temp\ccalPHYl.s 			page 56


 3124 0079 08       		.byte	0x8
 3125 007a 39       		.byte	0x39
 3126 007b 19       		.byte	0x19
 3127 007c 80000000 		.4byte	0x80
 3128 0080 0D       		.uleb128 0xd
 3129 0081 02       		.byte	0x2
 3130 0082 07       		.byte	0x7
 3131 0083 760A0000 		.4byte	.LASF9
 3132 0087 03       		.uleb128 0x3
 3133 0088 EE070000 		.4byte	.LASF10
 3134 008c 08       		.byte	0x8
 3135 008d 4D       		.byte	0x4d
 3136 008e 18       		.byte	0x18
 3137 008f 93000000 		.4byte	0x93
 3138 0093 0D       		.uleb128 0xd
 3139 0094 04       		.byte	0x4
 3140 0095 05       		.byte	0x5
 3141 0096 1A000000 		.4byte	.LASF11
 3142 009a 03       		.uleb128 0x3
 3143 009b CD0D0000 		.4byte	.LASF12
 3144 009f 08       		.byte	0x8
 3145 00a0 4F       		.byte	0x4f
 3146 00a1 19       		.byte	0x19
 3147 00a2 A6000000 		.4byte	0xa6
 3148 00a6 0D       		.uleb128 0xd
 3149 00a7 04       		.byte	0x4
 3150 00a8 07       		.byte	0x7
 3151 00a9 C8090000 		.4byte	.LASF13
 3152 00ad 03       		.uleb128 0x3
 3153 00ae 51080000 		.4byte	.LASF14
 3154 00b2 08       		.byte	0x8
 3155 00b3 69       		.byte	0x69
 3156 00b4 19       		.byte	0x19
 3157 00b5 B9000000 		.4byte	0xb9
 3158 00b9 0D       		.uleb128 0xd
 3159 00ba 08       		.byte	0x8
 3160 00bb 07       		.byte	0x7
 3161 00bc 6F040000 		.4byte	.LASF15
 3162 00c0 35       		.uleb128 0x35
 3163 00c1 04       		.byte	0x4
 3164 00c2 0D       		.uleb128 0xd
 3165 00c3 01       		.byte	0x1
 3166 00c4 08       		.byte	0x8
 3167 00c5 CD070000 		.4byte	.LASF16
 3168 00c9 0E       		.uleb128 0xe
 3169 00ca C2000000 		.4byte	0xc2
 3170 00ce 05       		.uleb128 0x5
 3171 00cf C9000000 		.4byte	0xc9
 3172 00d3 1D       		.uleb128 0x1d
 3173 00d4 CE000000 		.4byte	0xce
 3174 00d8 03       		.uleb128 0x3
 3175 00d9 7C080000 		.4byte	.LASF17
 3176 00dd 09       		.byte	0x9
 3177 00de 18       		.byte	0x18
 3178 00df 13       		.byte	0x13
 3179 00e0 5A000000 		.4byte	0x5a
 3180 00e4 0E       		.uleb128 0xe
ARM GAS  C:\Users\DEVELO~1\AppData\Local\Temp\ccalPHYl.s 			page 57


 3181 00e5 D8000000 		.4byte	0xd8
 3182 00e9 03       		.uleb128 0x3
 3183 00ea 9C0A0000 		.4byte	.LASF18
 3184 00ee 09       		.byte	0x9
 3185 00ef 24       		.byte	0x24
 3186 00f0 14       		.byte	0x14
 3187 00f1 74000000 		.4byte	0x74
 3188 00f5 03       		.uleb128 0x3
 3189 00f6 4F0D0000 		.4byte	.LASF19
 3190 00fa 09       		.byte	0x9
 3191 00fb 2C       		.byte	0x2c
 3192 00fc 13       		.byte	0x13
 3193 00fd 87000000 		.4byte	0x87
 3194 0101 03       		.uleb128 0x3
 3195 0102 69010000 		.4byte	.LASF20
 3196 0106 09       		.byte	0x9
 3197 0107 30       		.byte	0x30
 3198 0108 14       		.byte	0x14
 3199 0109 9A000000 		.4byte	0x9a
 3200 010d 1D       		.uleb128 0x1d
 3201 010e 01010000 		.4byte	0x101
 3202 0112 0E       		.uleb128 0xe
 3203 0113 0D010000 		.4byte	0x10d
 3204 0117 03       		.uleb128 0x3
 3205 0118 F80B0000 		.4byte	.LASF21
 3206 011c 09       		.byte	0x9
 3207 011d 3C       		.byte	0x3c
 3208 011e 14       		.byte	0x14
 3209 011f AD000000 		.4byte	0xad
 3210 0123 1D       		.uleb128 0x1d
 3211 0124 17010000 		.4byte	0x117
 3212 0128 03       		.uleb128 0x3
 3213 0129 680C0000 		.4byte	.LASF22
 3214 012d 0A       		.byte	0xa
 3215 012e 48       		.byte	0x48
 3216 012f 1D       		.byte	0x1d
 3217 0130 17010000 		.4byte	0x117
 3218 0134 03       		.uleb128 0x3
 3219 0135 110F0000 		.4byte	.LASF23
 3220 0139 0B       		.byte	0xb
 3221 013a 50       		.byte	0x50
 3222 013b 19       		.byte	0x19
 3223 013c 28010000 		.4byte	0x128
 3224 0140 03       		.uleb128 0x3
 3225 0141 470A0000 		.4byte	.LASF24
 3226 0145 0B       		.byte	0xb
 3227 0146 53       		.byte	0x53
 3228 0147 19       		.byte	0x19
 3229 0148 D8000000 		.4byte	0xd8
 3230 014c 03       		.uleb128 0x3
 3231 014d 1B080000 		.4byte	.LASF25
 3232 0151 0B       		.byte	0xb
 3233 0152 54       		.byte	0x54
 3234 0153 19       		.byte	0x19
 3235 0154 D8000000 		.4byte	0xd8
 3236 0158 03       		.uleb128 0x3
 3237 0159 F90C0000 		.4byte	.LASF26
ARM GAS  C:\Users\DEVELO~1\AppData\Local\Temp\ccalPHYl.s 			page 58


 3238 015d 0B       		.byte	0xb
 3239 015e 55       		.byte	0x55
 3240 015f 19       		.byte	0x19
 3241 0160 D8000000 		.4byte	0xd8
 3242 0164 03       		.uleb128 0x3
 3243 0165 16040000 		.4byte	.LASF27
 3244 0169 0B       		.byte	0xb
 3245 016a 57       		.byte	0x57
 3246 016b 19       		.byte	0x19
 3247 016c 01010000 		.4byte	0x101
 3248 0170 03       		.uleb128 0x3
 3249 0171 33090000 		.4byte	.LASF28
 3250 0175 0B       		.byte	0xb
 3251 0176 58       		.byte	0x58
 3252 0177 19       		.byte	0x19
 3253 0178 F5000000 		.4byte	0xf5
 3254 017c 03       		.uleb128 0x3
 3255 017d C2030000 		.4byte	.LASF29
 3256 0181 0B       		.byte	0xb
 3257 0182 5A       		.byte	0x5a
 3258 0183 19       		.byte	0x19
 3259 0184 01010000 		.4byte	0x101
 3260 0188 03       		.uleb128 0x3
 3261 0189 0A0A0000 		.4byte	.LASF30
 3262 018d 0B       		.byte	0xb
 3263 018e 5B       		.byte	0x5b
 3264 018f 19       		.byte	0x19
 3265 0190 01010000 		.4byte	0x101
 3266 0194 03       		.uleb128 0x3
 3267 0195 E8040000 		.4byte	.LASF31
 3268 0199 0B       		.byte	0xb
 3269 019a 5C       		.byte	0x5c
 3270 019b 19       		.byte	0x19
 3271 019c F5000000 		.4byte	0xf5
 3272 01a0 03       		.uleb128 0x3
 3273 01a1 38100000 		.4byte	.LASF32
 3274 01a5 0B       		.byte	0xb
 3275 01a6 80       		.byte	0x80
 3276 01a7 12       		.byte	0x12
 3277 01a8 3E000000 		.4byte	0x3e
 3278 01ac 03       		.uleb128 0x3
 3279 01ad 6D000000 		.4byte	.LASF33
 3280 01b1 0B       		.byte	0xb
 3281 01b2 85       		.byte	0x85
 3282 01b3 1A       		.byte	0x1a
 3283 01b4 B8010000 		.4byte	0x1b8
 3284 01b8 0A       		.uleb128 0xa
 3285 01b9 A0080000 		.4byte	.LASF48
 3286 01bd 48       		.byte	0x48
 3287 01be 0C       		.byte	0xc
 3288 01bf 9C       		.byte	0x9c
 3289 01c0 08       		.byte	0x8
 3290 01c1 9B020000 		.4byte	0x29b
 3291 01c5 09       		.uleb128 0x9
 3292 01c6 68647200 		.ascii	"hdr\000"
 3293 01ca 0C       		.byte	0xc
 3294 01cb AD       		.byte	0xad
ARM GAS  C:\Users\DEVELO~1\AppData\Local\Temp\ccalPHYl.s 			page 59


 3295 01cc 05       		.byte	0x5
 3296 01cd B80D0000 		.4byte	0xdb8
 3297 01d1 00       		.byte	0
 3298 01d2 09       		.uleb128 0x9
 3299 01d3 63747800 		.ascii	"ctx\000"
 3300 01d7 0C       		.byte	0xc
 3301 01d8 B1       		.byte	0xb1
 3302 01d9 21       		.byte	0x21
 3303 01da FC0C0000 		.4byte	0xcfc
 3304 01de 0C       		.byte	0xc
 3305 01df 02       		.uleb128 0x2
 3306 01e0 B7080000 		.4byte	.LASF34
 3307 01e4 0C       		.byte	0xc
 3308 01e5 B6       		.byte	0xb6
 3309 01e6 21       		.byte	0x21
 3310 01e7 DF030000 		.4byte	0x3df
 3311 01eb 10       		.byte	0x10
 3312 01ec 02       		.uleb128 0x2
 3313 01ed 0E050000 		.4byte	.LASF35
 3314 01f1 0C       		.byte	0xc
 3315 01f2 BB       		.byte	0xbb
 3316 01f3 22       		.byte	0x22
 3317 01f4 BA0E0000 		.4byte	0xeba
 3318 01f8 18       		.byte	0x18
 3319 01f9 02       		.uleb128 0x2
 3320 01fa 3C000000 		.4byte	.LASF36
 3321 01fe 0C       		.byte	0xc
 3322 01ff C0       		.byte	0xc0
 3323 0200 22       		.byte	0x22
 3324 0201 CE000000 		.4byte	0xce
 3325 0205 1C       		.byte	0x1c
 3326 0206 02       		.uleb128 0x2
 3327 0207 0C080000 		.4byte	.LASF37
 3328 020b 0C       		.byte	0xc
 3329 020c C9       		.byte	0xc9
 3330 020d 22       		.byte	0x22
 3331 020e BF0E0000 		.4byte	0xebf
 3332 0212 20       		.byte	0x20
 3333 0213 02       		.uleb128 0x2
 3334 0214 590E0000 		.4byte	.LASF38
 3335 0218 0C       		.byte	0xc
 3336 0219 CE       		.byte	0xce
 3337 021a 21       		.byte	0x21
 3338 021b 4C010000 		.4byte	0x14c
 3339 021f 24       		.byte	0x24
 3340 0220 02       		.uleb128 0x2
 3341 0221 C6000000 		.4byte	.LASF39
 3342 0225 0C       		.byte	0xc
 3343 0226 D2       		.byte	0xd2
 3344 0227 21       		.byte	0x21
 3345 0228 40010000 		.4byte	0x140
 3346 022c 25       		.byte	0x25
 3347 022d 02       		.uleb128 0x2
 3348 022e D5010000 		.4byte	.LASF40
 3349 0232 0C       		.byte	0xc
 3350 0233 D7       		.byte	0xd7
 3351 0234 21       		.byte	0x21
ARM GAS  C:\Users\DEVELO~1\AppData\Local\Temp\ccalPHYl.s 			page 60


 3352 0235 58010000 		.4byte	0x158
 3353 0239 26       		.byte	0x26
 3354 023a 07       		.uleb128 0x7
 3355 023b 7500     		.ascii	"u\000"
 3356 023d 0C       		.byte	0xc
 3357 023e 2801     		.2byte	0x128
 3358 0240 21       		.byte	0x21
 3359 0241 E50D0000 		.4byte	0xde5
 3360 0245 28       		.byte	0x28
 3361 0246 01       		.uleb128 0x1
 3362 0247 D80D0000 		.4byte	.LASF41
 3363 024b 0C       		.byte	0xc
 3364 024c 2D01     		.2byte	0x12d
 3365 024e 21       		.byte	0x21
 3366 024f B3030000 		.4byte	0x3b3
 3367 0253 2C       		.byte	0x2c
 3368 0254 01       		.uleb128 0x1
 3369 0255 1E040000 		.4byte	.LASF42
 3370 0259 0C       		.byte	0xc
 3371 025a 3301     		.2byte	0x133
 3372 025c 21       		.byte	0x21
 3373 025d DF030000 		.4byte	0x3df
 3374 0261 30       		.byte	0x30
 3375 0262 01       		.uleb128 0x1
 3376 0263 3B010000 		.4byte	.LASF43
 3377 0267 0C       		.byte	0xc
 3378 0268 3901     		.2byte	0x139
 3379 026a 21       		.byte	0x21
 3380 026b 7C010000 		.4byte	0x17c
 3381 026f 38       		.byte	0x38
 3382 0270 01       		.uleb128 0x1
 3383 0271 31050000 		.4byte	.LASF44
 3384 0275 0C       		.byte	0xc
 3385 0276 4001     		.2byte	0x140
 3386 0278 22       		.byte	0x22
 3387 0279 B50E0000 		.4byte	0xeb5
 3388 027d 3C       		.byte	0x3c
 3389 027e 01       		.uleb128 0x1
 3390 027f D6000000 		.4byte	.LASF45
 3391 0283 0C       		.byte	0xc
 3392 0284 4401     		.2byte	0x144
 3393 0286 21       		.byte	0x21
 3394 0287 64010000 		.4byte	0x164
 3395 028b 40       		.byte	0x40
 3396 028c 01       		.uleb128 0x1
 3397 028d 42100000 		.4byte	.LASF46
 3398 0291 0C       		.byte	0xc
 3399 0292 4B01     		.2byte	0x14b
 3400 0294 22       		.byte	0x22
 3401 0295 C0000000 		.4byte	0xc0
 3402 0299 44       		.byte	0x44
 3403 029a 00       		.byte	0
 3404 029b 03       		.uleb128 0x3
 3405 029c 670E0000 		.4byte	.LASF47
 3406 02a0 0B       		.byte	0xb
 3407 02a1 8A       		.byte	0x8a
 3408 02a2 1F       		.byte	0x1f
ARM GAS  C:\Users\DEVELO~1\AppData\Local\Temp\ccalPHYl.s 			page 61


 3409 02a3 A7020000 		.4byte	0x2a7
 3410 02a7 36       		.uleb128 0x36
 3411 02a8 27070000 		.4byte	.LASF49
 3412 02ac 9008     		.2byte	0x890
 3413 02ae 0C       		.byte	0xc
 3414 02af 8A01     		.2byte	0x18a
 3415 02b1 08       		.byte	0x8
 3416 02b2 35030000 		.4byte	0x335
 3417 02b6 01       		.uleb128 0x1
 3418 02b7 1F0C0000 		.4byte	.LASF50
 3419 02bb 0C       		.byte	0xc
 3420 02bc 8E01     		.2byte	0x18e
 3421 02be 21       		.byte	0x21
 3422 02bf EF0E0000 		.4byte	0xeef
 3423 02c3 00       		.byte	0
 3424 02c4 01       		.uleb128 0x1
 3425 02c5 34020000 		.4byte	.LASF51
 3426 02c9 0C       		.byte	0xc
 3427 02ca 9201     		.2byte	0x192
 3428 02cc 21       		.byte	0x21
 3429 02cd 520D0000 		.4byte	0xd52
 3430 02d1 10       		.byte	0x10
 3431 02d2 01       		.uleb128 0x1
 3432 02d3 A00E0000 		.4byte	.LASF52
 3433 02d7 0C       		.byte	0xc
 3434 02d8 9901     		.2byte	0x199
 3435 02da 21       		.byte	0x21
 3436 02db 790D0000 		.4byte	0xd79
 3437 02df 28       		.byte	0x28
 3438 02e0 01       		.uleb128 0x1
 3439 02e1 85010000 		.4byte	.LASF53
 3440 02e5 0C       		.byte	0xc
 3441 02e6 9E01     		.2byte	0x19e
 3442 02e8 21       		.byte	0x21
 3443 02e9 A0010000 		.4byte	0x1a0
 3444 02ed 30       		.byte	0x30
 3445 02ee 01       		.uleb128 0x1
 3446 02ef 50050000 		.4byte	.LASF54
 3447 02f3 0C       		.byte	0xc
 3448 02f4 A401     		.2byte	0x1a4
 3449 02f6 21       		.byte	0x21
 3450 02f7 5C030000 		.4byte	0x35c
 3451 02fb 34       		.byte	0x34
 3452 02fc 01       		.uleb128 0x1
 3453 02fd E50A0000 		.4byte	.LASF55
 3454 0301 0C       		.byte	0xc
 3455 0302 A901     		.2byte	0x1a9
 3456 0304 22       		.byte	0x22
 3457 0305 610F0000 		.4byte	0xf61
 3458 0309 38       		.byte	0x38
 3459 030a 01       		.uleb128 0x1
 3460 030b 4E0E0000 		.4byte	.LASF56
 3461 030f 0C       		.byte	0xc
 3462 0310 AD01     		.2byte	0x1ad
 3463 0312 21       		.byte	0x21
 3464 0313 AC010000 		.4byte	0x1ac
 3465 0317 3C       		.byte	0x3c
ARM GAS  C:\Users\DEVELO~1\AppData\Local\Temp\ccalPHYl.s 			page 62


 3466 0318 07       		.uleb128 0x7
 3467 0319 64626700 		.ascii	"dbg\000"
 3468 031d 0C       		.byte	0xc
 3469 031e B101     		.2byte	0x1b1
 3470 0320 21       		.byte	0x21
 3471 0321 83030000 		.4byte	0x383
 3472 0325 84       		.byte	0x84
 3473 0326 01       		.uleb128 0x1
 3474 0327 A0040000 		.4byte	.LASF57
 3475 032b 0C       		.byte	0xc
 3476 032c B601     		.2byte	0x1b6
 3477 032e 21       		.byte	0x21
 3478 032f 26060000 		.4byte	0x626
 3479 0333 88       		.byte	0x88
 3480 0334 00       		.byte	0
 3481 0335 03       		.uleb128 0x3
 3482 0336 E2070000 		.4byte	.LASF58
 3483 033a 0D       		.byte	0xd
 3484 033b 3F       		.byte	0x3f
 3485 033c 12       		.byte	0x12
 3486 033d 01010000 		.4byte	0x101
 3487 0341 0A       		.uleb128 0xa
 3488 0342 95000000 		.4byte	.LASF59
 3489 0346 04       		.byte	0x4
 3490 0347 0D       		.byte	0xd
 3491 0348 44       		.byte	0x44
 3492 0349 10       		.byte	0x10
 3493 034a 5C030000 		.4byte	0x35c
 3494 034e 02       		.uleb128 0x2
 3495 034f 96090000 		.4byte	.LASF60
 3496 0353 0D       		.byte	0xd
 3497 0354 48       		.byte	0x48
 3498 0355 21       		.byte	0x21
 3499 0356 35030000 		.4byte	0x335
 3500 035a 00       		.byte	0
 3501 035b 00       		.byte	0
 3502 035c 03       		.uleb128 0x3
 3503 035d 570D0000 		.4byte	.LASF61
 3504 0361 0D       		.byte	0xd
 3505 0362 49       		.byte	0x49
 3506 0363 03       		.byte	0x3
 3507 0364 41030000 		.4byte	0x341
 3508 0368 0A       		.uleb128 0xa
 3509 0369 FA020000 		.4byte	.LASF62
 3510 036d 04       		.byte	0x4
 3511 036e 0E       		.byte	0xe
 3512 036f 3E       		.byte	0x3e
 3513 0370 10       		.byte	0x10
 3514 0371 83030000 		.4byte	0x383
 3515 0375 02       		.uleb128 0x2
 3516 0376 1E0A0000 		.4byte	.LASF63
 3517 037a 0E       		.byte	0xe
 3518 037b 46       		.byte	0x46
 3519 037c 24       		.byte	0x24
 3520 037d D3000000 		.4byte	0xd3
 3521 0381 00       		.byte	0
 3522 0382 00       		.byte	0
ARM GAS  C:\Users\DEVELO~1\AppData\Local\Temp\ccalPHYl.s 			page 63


 3523 0383 03       		.uleb128 0x3
 3524 0384 C8080000 		.4byte	.LASF64
 3525 0388 0E       		.byte	0xe
 3526 0389 51       		.byte	0x51
 3527 038a 03       		.byte	0x3
 3528 038b 68030000 		.4byte	0x368
 3529 038f 03       		.uleb128 0x3
 3530 0390 CC000000 		.4byte	.LASF65
 3531 0394 0F       		.byte	0xf
 3532 0395 6D       		.byte	0x6d
 3533 0396 12       		.byte	0x12
 3534 0397 01010000 		.4byte	0x101
 3535 039b 03       		.uleb128 0x3
 3536 039c F4090000 		.4byte	.LASF66
 3537 03a0 0F       		.byte	0xf
 3538 03a1 79       		.byte	0x79
 3539 03a2 12       		.byte	0x12
 3540 03a3 01010000 		.4byte	0x101
 3541 03a7 03       		.uleb128 0x3
 3542 03a8 A50F0000 		.4byte	.LASF67
 3543 03ac 0F       		.byte	0xf
 3544 03ad 9B       		.byte	0x9b
 3545 03ae 12       		.byte	0x12
 3546 03af 17010000 		.4byte	0x117
 3547 03b3 03       		.uleb128 0x3
 3548 03b4 A50A0000 		.4byte	.LASF68
 3549 03b8 10       		.byte	0x10
 3550 03b9 32       		.byte	0x32
 3551 03ba 18       		.byte	0x18
 3552 03bb BF030000 		.4byte	0x3bf
 3553 03bf 0A       		.uleb128 0xa
 3554 03c0 DF020000 		.4byte	.LASF69
 3555 03c4 04       		.byte	0x4
 3556 03c5 10       		.byte	0x10
 3557 03c6 38       		.byte	0x38
 3558 03c7 08       		.byte	0x8
 3559 03c8 DA030000 		.4byte	0x3da
 3560 03cc 02       		.uleb128 0x2
 3561 03cd 64010000 		.4byte	.LASF70
 3562 03d1 10       		.byte	0x10
 3563 03d2 39       		.byte	0x39
 3564 03d3 1A       		.byte	0x1a
 3565 03d4 DA030000 		.4byte	0x3da
 3566 03d8 00       		.byte	0
 3567 03d9 00       		.byte	0
 3568 03da 05       		.uleb128 0x5
 3569 03db B3030000 		.4byte	0x3b3
 3570 03df 03       		.uleb128 0x3
 3571 03e0 64020000 		.4byte	.LASF71
 3572 03e4 10       		.byte	0x10
 3573 03e5 3F       		.byte	0x3f
 3574 03e6 19       		.byte	0x19
 3575 03e7 EB030000 		.4byte	0x3eb
 3576 03eb 0A       		.uleb128 0xa
 3577 03ec 870D0000 		.4byte	.LASF72
 3578 03f0 08       		.byte	0x8
 3579 03f1 10       		.byte	0x10
ARM GAS  C:\Users\DEVELO~1\AppData\Local\Temp\ccalPHYl.s 			page 64


 3580 03f2 45       		.byte	0x45
 3581 03f3 08       		.byte	0x8
 3582 03f4 13040000 		.4byte	0x413
 3583 03f8 02       		.uleb128 0x2
 3584 03f9 64010000 		.4byte	.LASF70
 3585 03fd 10       		.byte	0x10
 3586 03fe 46       		.byte	0x46
 3587 03ff 1A       		.byte	0x1a
 3588 0400 13040000 		.4byte	0x413
 3589 0404 00       		.byte	0
 3590 0405 02       		.uleb128 0x2
 3591 0406 C1000000 		.4byte	.LASF73
 3592 040a 10       		.byte	0x10
 3593 040b 47       		.byte	0x47
 3594 040c 1A       		.byte	0x1a
 3595 040d 13040000 		.4byte	0x413
 3596 0411 04       		.byte	0x4
 3597 0412 00       		.byte	0
 3598 0413 05       		.uleb128 0x5
 3599 0414 DF030000 		.4byte	0x3df
 3600 0418 03       		.uleb128 0x3
 3601 0419 61060000 		.4byte	.LASF74
 3602 041d 10       		.byte	0x10
 3603 041e 4E       		.byte	0x4e
 3604 041f 22       		.byte	0x22
 3605 0420 24040000 		.4byte	0x424
 3606 0424 0A       		.uleb128 0xa
 3607 0425 6C0D0000 		.4byte	.LASF75
 3608 0429 0C       		.byte	0xc
 3609 042a 10       		.byte	0x10
 3610 042b 55       		.byte	0x55
 3611 042c 08       		.byte	0x8
 3612 042d 59040000 		.4byte	0x459
 3613 0431 02       		.uleb128 0x2
 3614 0432 64010000 		.4byte	.LASF70
 3615 0436 10       		.byte	0x10
 3616 0437 56       		.byte	0x56
 3617 0438 1A       		.byte	0x1a
 3618 0439 59040000 		.4byte	0x459
 3619 043d 00       		.byte	0
 3620 043e 02       		.uleb128 0x2
 3621 043f C1000000 		.4byte	.LASF73
 3622 0443 10       		.byte	0x10
 3623 0444 57       		.byte	0x57
 3624 0445 1A       		.byte	0x1a
 3625 0446 59040000 		.4byte	0x459
 3626 044a 04       		.byte	0x4
 3627 044b 02       		.uleb128 0x2
 3628 044c 92070000 		.4byte	.LASF76
 3629 0450 10       		.byte	0x10
 3630 0451 58       		.byte	0x58
 3631 0452 19       		.byte	0x19
 3632 0453 64010000 		.4byte	0x164
 3633 0457 08       		.byte	0x8
 3634 0458 00       		.byte	0
 3635 0459 05       		.uleb128 0x5
 3636 045a 18040000 		.4byte	0x418
ARM GAS  C:\Users\DEVELO~1\AppData\Local\Temp\ccalPHYl.s 			page 65


 3637 045e 03       		.uleb128 0x3
 3638 045f D2070000 		.4byte	.LASF77
 3639 0463 10       		.byte	0x10
 3640 0464 5F       		.byte	0x5f
 3641 0465 1E       		.byte	0x1e
 3642 0466 6A040000 		.4byte	0x46a
 3643 046a 0A       		.uleb128 0xa
 3644 046b 91030000 		.4byte	.LASF78
 3645 046f 0C       		.byte	0xc
 3646 0470 10       		.byte	0x10
 3647 0471 64       		.byte	0x64
 3648 0472 08       		.byte	0x8
 3649 0473 9F040000 		.4byte	0x49f
 3650 0477 02       		.uleb128 0x2
 3651 0478 64010000 		.4byte	.LASF70
 3652 047c 10       		.byte	0x10
 3653 047d 65       		.byte	0x65
 3654 047e 1A       		.byte	0x1a
 3655 047f 9F040000 		.4byte	0x49f
 3656 0483 00       		.byte	0
 3657 0484 02       		.uleb128 0x2
 3658 0485 C1000000 		.4byte	.LASF73
 3659 0489 10       		.byte	0x10
 3660 048a 66       		.byte	0x66
 3661 048b 1A       		.byte	0x1a
 3662 048c 9F040000 		.4byte	0x49f
 3663 0490 04       		.byte	0x4
 3664 0491 02       		.uleb128 0x2
 3665 0492 EC0E0000 		.4byte	.LASF79
 3666 0496 10       		.byte	0x10
 3667 0497 67       		.byte	0x67
 3668 0498 19       		.byte	0x19
 3669 0499 9B030000 		.4byte	0x39b
 3670 049d 08       		.byte	0x8
 3671 049e 00       		.byte	0
 3672 049f 05       		.uleb128 0x5
 3673 04a0 5E040000 		.4byte	0x45e
 3674 04a4 14       		.uleb128 0x14
 3675 04a5 08       		.byte	0x8
 3676 04a6 11       		.byte	0x11
 3677 04a7 83       		.byte	0x83
 3678 04a8 05       		.byte	0x5
 3679 04a9 C8040000 		.4byte	0x4c8
 3680 04ad 09       		.uleb128 0x9
 3681 04ae 6E747000 		.ascii	"ntp\000"
 3682 04b2 11       		.byte	0x11
 3683 04b3 87       		.byte	0x87
 3684 04b4 1E       		.byte	0x1e
 3685 04b5 C8040000 		.4byte	0x4c8
 3686 04b9 00       		.byte	0
 3687 04ba 02       		.uleb128 0x2
 3688 04bb 23020000 		.4byte	.LASF80
 3689 04bf 11       		.byte	0x11
 3690 04c0 8B       		.byte	0x8b
 3691 04c1 1E       		.byte	0x1e
 3692 04c2 C0000000 		.4byte	0xc0
 3693 04c6 04       		.byte	0x4
ARM GAS  C:\Users\DEVELO~1\AppData\Local\Temp\ccalPHYl.s 			page 66


 3694 04c7 00       		.byte	0
 3695 04c8 05       		.uleb128 0x5
 3696 04c9 AC010000 		.4byte	0x1ac
 3697 04cd 14       		.uleb128 0x14
 3698 04ce 08       		.byte	0x8
 3699 04cf 11       		.byte	0x11
 3700 04d0 90       		.byte	0x90
 3701 04d1 05       		.byte	0x5
 3702 04d2 F0040000 		.4byte	0x4f0
 3703 04d6 09       		.uleb128 0x9
 3704 04d7 747000   		.ascii	"tp\000"
 3705 04da 11       		.byte	0x11
 3706 04db 94       		.byte	0x94
 3707 04dc 1E       		.byte	0x1e
 3708 04dd C8040000 		.4byte	0x4c8
 3709 04e1 00       		.byte	0
 3710 04e2 09       		.uleb128 0x9
 3711 04e3 6D736700 		.ascii	"msg\000"
 3712 04e7 11       		.byte	0x11
 3713 04e8 98       		.byte	0x98
 3714 04e9 1D       		.byte	0x1d
 3715 04ea 70010000 		.4byte	0x170
 3716 04ee 04       		.byte	0x4
 3717 04ef 00       		.byte	0
 3718 04f0 14       		.uleb128 0x14
 3719 04f1 04       		.byte	0x4
 3720 04f2 11       		.byte	0x11
 3721 04f3 9D       		.byte	0x9d
 3722 04f4 05       		.byte	0x5
 3723 04f5 07050000 		.4byte	0x507
 3724 04f9 02       		.uleb128 0x2
 3725 04fa 3C000000 		.4byte	.LASF36
 3726 04fe 11       		.byte	0x11
 3727 04ff A1       		.byte	0xa1
 3728 0500 1E       		.byte	0x1e
 3729 0501 CE000000 		.4byte	0xce
 3730 0505 00       		.byte	0
 3731 0506 00       		.byte	0
 3732 0507 14       		.uleb128 0x14
 3733 0508 04       		.byte	0x4
 3734 0509 11       		.byte	0x11
 3735 050a A6       		.byte	0xa6
 3736 050b 05       		.byte	0x5
 3737 050c 1E050000 		.4byte	0x51e
 3738 0510 02       		.uleb128 0x2
 3739 0511 99040000 		.4byte	.LASF81
 3740 0515 11       		.byte	0x11
 3741 0516 AA       		.byte	0xaa
 3742 0517 1E       		.byte	0x1e
 3743 0518 CE000000 		.4byte	0xce
 3744 051c 00       		.byte	0
 3745 051d 00       		.byte	0
 3746 051e 14       		.uleb128 0x14
 3747 051f 08       		.byte	0x8
 3748 0520 11       		.byte	0x11
 3749 0521 AF       		.byte	0xaf
 3750 0522 05       		.byte	0x5
ARM GAS  C:\Users\DEVELO~1\AppData\Local\Temp\ccalPHYl.s 			page 67


 3751 0523 42050000 		.4byte	0x542
 3752 0527 09       		.uleb128 0x9
 3753 0528 75703100 		.ascii	"up1\000"
 3754 052c 11       		.byte	0x11
 3755 052d B3       		.byte	0xb3
 3756 052e 1E       		.byte	0x1e
 3757 052f C0000000 		.4byte	0xc0
 3758 0533 00       		.byte	0
 3759 0534 09       		.uleb128 0x9
 3760 0535 75703200 		.ascii	"up2\000"
 3761 0539 11       		.byte	0x11
 3762 053a B7       		.byte	0xb7
 3763 053b 1E       		.byte	0x1e
 3764 053c C0000000 		.4byte	0xc0
 3765 0540 04       		.byte	0x4
 3766 0541 00       		.byte	0
 3767 0542 24       		.uleb128 0x24
 3768 0543 08       		.byte	0x8
 3769 0544 11       		.byte	0x11
 3770 0545 7F       		.byte	0x7f
 3771 0546 80050000 		.4byte	0x580
 3772 054a 25       		.uleb128 0x25
 3773 054b 737700   		.ascii	"sw\000"
 3774 054e 8C       		.byte	0x8c
 3775 054f A4040000 		.4byte	0x4a4
 3776 0553 25       		.uleb128 0x25
 3777 0554 72647900 		.ascii	"rdy\000"
 3778 0558 99       		.byte	0x99
 3779 0559 CD040000 		.4byte	0x4cd
 3780 055d 25       		.uleb128 0x25
 3781 055e 69737200 		.ascii	"isr\000"
 3782 0562 A2       		.byte	0xa2
 3783 0563 F0040000 		.4byte	0x4f0
 3784 0567 17       		.uleb128 0x17
 3785 0568 54040000 		.4byte	.LASF82
 3786 056c 11       		.byte	0x11
 3787 056d AB       		.byte	0xab
 3788 056e 07       		.byte	0x7
 3789 056f 07050000 		.4byte	0x507
 3790 0573 17       		.uleb128 0x17
 3791 0574 A1050000 		.4byte	.LASF83
 3792 0578 11       		.byte	0x11
 3793 0579 B8       		.byte	0xb8
 3794 057a 07       		.byte	0x7
 3795 057b 1E050000 		.4byte	0x51e
 3796 057f 00       		.byte	0
 3797 0580 14       		.uleb128 0x14
 3798 0581 10       		.byte	0x10
 3799 0582 11       		.byte	0x11
 3800 0583 6C       		.byte	0x6c
 3801 0584 09       		.byte	0x9
 3802 0585 C6050000 		.4byte	0x5c6
 3803 0589 26       		.uleb128 0x26
 3804 058a 9D0D0000 		.4byte	.LASF84
 3805 058e 70       		.byte	0x70
 3806 058f 01010000 		.4byte	0x101
 3807 0593 03       		.byte	0x3
ARM GAS  C:\Users\DEVELO~1\AppData\Local\Temp\ccalPHYl.s 			page 68


 3808 0594 00       		.byte	0
 3809 0595 26       		.uleb128 0x26
 3810 0596 590E0000 		.4byte	.LASF38
 3811 059a 74       		.byte	0x74
 3812 059b 01010000 		.4byte	0x101
 3813 059f 05       		.byte	0x5
 3814 05a0 03       		.byte	0x3
 3815 05a1 26       		.uleb128 0x26
 3816 05a2 300D0000 		.4byte	.LASF85
 3817 05a6 7A       		.byte	0x7a
 3818 05a7 01010000 		.4byte	0x101
 3819 05ab 18       		.byte	0x18
 3820 05ac 08       		.byte	0x8
 3821 05ad 02       		.uleb128 0x2
 3822 05ae 27040000 		.4byte	.LASF86
 3823 05b2 11       		.byte	0x11
 3824 05b3 7E       		.byte	0x7e
 3825 05b4 19       		.byte	0x19
 3826 05b5 8F030000 		.4byte	0x38f
 3827 05b9 04       		.byte	0x4
 3828 05ba 09       		.uleb128 0x9
 3829 05bb 7500     		.ascii	"u\000"
 3830 05bd 11       		.byte	0x11
 3831 05be B9       		.byte	0xb9
 3832 05bf 05       		.byte	0x5
 3833 05c0 42050000 		.4byte	0x542
 3834 05c4 08       		.byte	0x8
 3835 05c5 00       		.byte	0
 3836 05c6 03       		.uleb128 0x3
 3837 05c7 CE030000 		.4byte	.LASF87
 3838 05cb 11       		.byte	0x11
 3839 05cc BA       		.byte	0xba
 3840 05cd 03       		.byte	0x3
 3841 05ce 80050000 		.4byte	0x580
 3842 05d2 37       		.uleb128 0x37
 3843 05d3 0808     		.2byte	0x808
 3844 05d5 11       		.byte	0x11
 3845 05d6 C0       		.byte	0xc0
 3846 05d7 09       		.byte	0x9
 3847 05d8 11060000 		.4byte	0x611
 3848 05dc 02       		.uleb128 0x2
 3849 05dd 72010000 		.4byte	.LASF88
 3850 05e1 11       		.byte	0x11
 3851 05e2 C4       		.byte	0xc4
 3852 05e3 19       		.byte	0x19
 3853 05e4 E9000000 		.4byte	0xe9
 3854 05e8 00       		.byte	0
 3855 05e9 02       		.uleb128 0x2
 3856 05ea 72090000 		.4byte	.LASF89
 3857 05ee 11       		.byte	0x11
 3858 05ef C8       		.byte	0xc8
 3859 05f0 19       		.byte	0x19
 3860 05f1 E9000000 		.4byte	0xe9
 3861 05f5 02       		.byte	0x2
 3862 05f6 09       		.uleb128 0x9
 3863 05f7 70747200 		.ascii	"ptr\000"
 3864 05fb 11       		.byte	0x11
ARM GAS  C:\Users\DEVELO~1\AppData\Local\Temp\ccalPHYl.s 			page 69


 3865 05fc CC       		.byte	0xcc
 3866 05fd 1A       		.byte	0x1a
 3867 05fe 11060000 		.4byte	0x611
 3868 0602 04       		.byte	0x4
 3869 0603 02       		.uleb128 0x2
 3870 0604 DF000000 		.4byte	.LASF90
 3871 0608 11       		.byte	0x11
 3872 0609 D0       		.byte	0xd0
 3873 060a 19       		.byte	0x19
 3874 060b 16060000 		.4byte	0x616
 3875 060f 08       		.byte	0x8
 3876 0610 00       		.byte	0
 3877 0611 05       		.uleb128 0x5
 3878 0612 C6050000 		.4byte	0x5c6
 3879 0616 0F       		.uleb128 0xf
 3880 0617 C6050000 		.4byte	0x5c6
 3881 061b 26060000 		.4byte	0x626
 3882 061f 11       		.uleb128 0x11
 3883 0620 3E000000 		.4byte	0x3e
 3884 0624 7F       		.byte	0x7f
 3885 0625 00       		.byte	0
 3886 0626 03       		.uleb128 0x3
 3887 0627 2E0A0000 		.4byte	.LASF91
 3888 062b 11       		.byte	0x11
 3889 062c D1       		.byte	0xd1
 3890 062d 03       		.byte	0x3
 3891 062e D2050000 		.4byte	0x5d2
 3892 0632 0F       		.uleb128 0xf
 3893 0633 01010000 		.4byte	0x101
 3894 0637 42060000 		.4byte	0x642
 3895 063b 11       		.uleb128 0x11
 3896 063c 3E000000 		.4byte	0x3e
 3897 0640 00       		.byte	0
 3898 0641 00       		.byte	0
 3899 0642 0F       		.uleb128 0xf
 3900 0643 01010000 		.4byte	0x101
 3901 0647 52060000 		.4byte	0x652
 3902 064b 11       		.uleb128 0x11
 3903 064c 3E000000 		.4byte	0x3e
 3904 0650 07       		.byte	0x7
 3905 0651 00       		.byte	0
 3906 0652 0F       		.uleb128 0xf
 3907 0653 01010000 		.4byte	0x101
 3908 0657 62060000 		.4byte	0x662
 3909 065b 11       		.uleb128 0x11
 3910 065c 3E000000 		.4byte	0x3e
 3911 0660 03       		.byte	0x3
 3912 0661 00       		.byte	0
 3913 0662 0F       		.uleb128 0xf
 3914 0663 01010000 		.4byte	0x101
 3915 0667 72060000 		.4byte	0x672
 3916 066b 11       		.uleb128 0x11
 3917 066c 3E000000 		.4byte	0x3e
 3918 0670 08       		.byte	0x8
 3919 0671 00       		.byte	0
 3920 0672 0F       		.uleb128 0xf
 3921 0673 01010000 		.4byte	0x101
ARM GAS  C:\Users\DEVELO~1\AppData\Local\Temp\ccalPHYl.s 			page 70


 3922 0677 82060000 		.4byte	0x682
 3923 067b 11       		.uleb128 0x11
 3924 067c 3E000000 		.4byte	0x3e
 3925 0680 02       		.byte	0x2
 3926 0681 00       		.byte	0
 3927 0682 2C       		.uleb128 0x2c
 3928 0683 3001     		.2byte	0x130
 3929 0685 CE04     		.2byte	0x4ce
 3930 0687 190A0000 		.4byte	0xa19
 3931 068b 07       		.uleb128 0x7
 3932 068c 435200   		.ascii	"CR\000"
 3933 068f 12       		.byte	0x12
 3934 0690 D004     		.2byte	0x4d0
 3935 0692 10       		.byte	0x10
 3936 0693 0D010000 		.4byte	0x10d
 3937 0697 00       		.byte	0
 3938 0698 01       		.uleb128 0x1
 3939 0699 DD0A0000 		.4byte	.LASF92
 3940 069d 12       		.byte	0x12
 3941 069e D104     		.2byte	0x4d1
 3942 06a0 10       		.byte	0x10
 3943 06a1 0D010000 		.4byte	0x10d
 3944 06a5 04       		.byte	0x4
 3945 06a6 01       		.uleb128 0x1
 3946 06a7 FB0E0000 		.4byte	.LASF93
 3947 06ab 12       		.byte	0x12
 3948 06ac D204     		.2byte	0x4d2
 3949 06ae 10       		.byte	0x10
 3950 06af 0D010000 		.4byte	0x10d
 3951 06b3 08       		.byte	0x8
 3952 06b4 01       		.uleb128 0x1
 3953 06b5 C50D0000 		.4byte	.LASF94
 3954 06b9 12       		.byte	0x12
 3955 06ba D304     		.2byte	0x4d3
 3956 06bc 10       		.byte	0x10
 3957 06bd 0D010000 		.4byte	0x10d
 3958 06c1 0C       		.byte	0xc
 3959 06c2 01       		.uleb128 0x1
 3960 06c3 150C0000 		.4byte	.LASF95
 3961 06c7 12       		.byte	0x12
 3962 06c8 D404     		.2byte	0x4d4
 3963 06ca 10       		.byte	0x10
 3964 06cb 0D010000 		.4byte	0x10d
 3965 06cf 10       		.byte	0x10
 3966 06d0 01       		.uleb128 0x1
 3967 06d1 FE0A0000 		.4byte	.LASF96
 3968 06d5 12       		.byte	0x12
 3969 06d6 D504     		.2byte	0x4d5
 3970 06d8 0F       		.byte	0xf
 3971 06d9 01010000 		.4byte	0x101
 3972 06dd 14       		.byte	0x14
 3973 06de 01       		.uleb128 0x1
 3974 06df 010D0000 		.4byte	.LASF97
 3975 06e3 12       		.byte	0x12
 3976 06e4 D604     		.2byte	0x4d6
 3977 06e6 10       		.byte	0x10
 3978 06e7 0D010000 		.4byte	0x10d
ARM GAS  C:\Users\DEVELO~1\AppData\Local\Temp\ccalPHYl.s 			page 71


 3979 06eb 18       		.byte	0x18
 3980 06ec 01       		.uleb128 0x1
 3981 06ed 24080000 		.4byte	.LASF98
 3982 06f1 12       		.byte	0x12
 3983 06f2 D704     		.2byte	0x4d7
 3984 06f4 10       		.byte	0x10
 3985 06f5 0D010000 		.4byte	0x10d
 3986 06f9 1C       		.byte	0x1c
 3987 06fa 01       		.uleb128 0x1
 3988 06fb 8D010000 		.4byte	.LASF99
 3989 06ff 12       		.byte	0x12
 3990 0700 D804     		.2byte	0x4d8
 3991 0702 10       		.byte	0x10
 3992 0703 0D010000 		.4byte	0x10d
 3993 0707 20       		.byte	0x20
 3994 0708 01       		.uleb128 0x1
 3995 0709 080B0000 		.4byte	.LASF100
 3996 070d 12       		.byte	0x12
 3997 070e D904     		.2byte	0x4d9
 3998 0710 0F       		.byte	0xf
 3999 0711 01010000 		.4byte	0x101
 4000 0715 24       		.byte	0x24
 4001 0716 01       		.uleb128 0x1
 4002 0717 8F0C0000 		.4byte	.LASF101
 4003 071b 12       		.byte	0x12
 4004 071c DA04     		.2byte	0x4da
 4005 071e 10       		.byte	0x10
 4006 071f 0D010000 		.4byte	0x10d
 4007 0723 28       		.byte	0x28
 4008 0724 01       		.uleb128 0x1
 4009 0725 7D0C0000 		.4byte	.LASF102
 4010 0729 12       		.byte	0x12
 4011 072a DB04     		.2byte	0x4db
 4012 072c 10       		.byte	0x10
 4013 072d 0D010000 		.4byte	0x10d
 4014 0731 2C       		.byte	0x2c
 4015 0732 01       		.uleb128 0x1
 4016 0733 7E0D0000 		.4byte	.LASF103
 4017 0737 12       		.byte	0x12
 4018 0738 DC04     		.2byte	0x4dc
 4019 073a 10       		.byte	0x10
 4020 073b 0D010000 		.4byte	0x10d
 4021 073f 30       		.byte	0x30
 4022 0740 01       		.uleb128 0x1
 4023 0741 EF0C0000 		.4byte	.LASF104
 4024 0745 12       		.byte	0x12
 4025 0746 DD04     		.2byte	0x4dd
 4026 0748 10       		.byte	0x10
 4027 0749 0D010000 		.4byte	0x10d
 4028 074d 34       		.byte	0x34
 4029 074e 01       		.uleb128 0x1
 4030 074f 97080000 		.4byte	.LASF105
 4031 0753 12       		.byte	0x12
 4032 0754 DE04     		.2byte	0x4de
 4033 0756 10       		.byte	0x10
 4034 0757 0D010000 		.4byte	0x10d
 4035 075b 38       		.byte	0x38
ARM GAS  C:\Users\DEVELO~1\AppData\Local\Temp\ccalPHYl.s 			page 72


 4036 075c 01       		.uleb128 0x1
 4037 075d 02080000 		.4byte	.LASF106
 4038 0761 12       		.byte	0x12
 4039 0762 DF04     		.2byte	0x4df
 4040 0764 10       		.byte	0x10
 4041 0765 0D010000 		.4byte	0x10d
 4042 0769 3C       		.byte	0x3c
 4043 076a 01       		.uleb128 0x1
 4044 076b 3B020000 		.4byte	.LASF107
 4045 076f 12       		.byte	0x12
 4046 0770 E004     		.2byte	0x4e0
 4047 0772 10       		.byte	0x10
 4048 0773 0D010000 		.4byte	0x10d
 4049 0777 40       		.byte	0x40
 4050 0778 01       		.uleb128 0x1
 4051 0779 E6000000 		.4byte	.LASF108
 4052 077d 12       		.byte	0x12
 4053 077e E104     		.2byte	0x4e1
 4054 0780 10       		.byte	0x10
 4055 0781 0D010000 		.4byte	0x10d
 4056 0785 44       		.byte	0x44
 4057 0786 01       		.uleb128 0x1
 4058 0787 B10F0000 		.4byte	.LASF109
 4059 078b 12       		.byte	0x12
 4060 078c E204     		.2byte	0x4e2
 4061 078e 10       		.byte	0x10
 4062 078f 01010000 		.4byte	0x101
 4063 0793 48       		.byte	0x48
 4064 0794 01       		.uleb128 0x1
 4065 0795 010C0000 		.4byte	.LASF110
 4066 0799 12       		.byte	0x12
 4067 079a E304     		.2byte	0x4e3
 4068 079c 11       		.byte	0x11
 4069 079d 0D010000 		.4byte	0x10d
 4070 07a1 4C       		.byte	0x4c
 4071 07a2 01       		.uleb128 0x1
 4072 07a3 48100000 		.4byte	.LASF111
 4073 07a7 12       		.byte	0x12
 4074 07a8 E404     		.2byte	0x4e4
 4075 07aa 11       		.byte	0x11
 4076 07ab 0D010000 		.4byte	0x10d
 4077 07af 50       		.byte	0x50
 4078 07b0 01       		.uleb128 0x1
 4079 07b1 69080000 		.4byte	.LASF112
 4080 07b5 12       		.byte	0x12
 4081 07b6 E504     		.2byte	0x4e5
 4082 07b8 11       		.byte	0x11
 4083 07b9 0D010000 		.4byte	0x10d
 4084 07bd 54       		.byte	0x54
 4085 07be 01       		.uleb128 0x1
 4086 07bf A80E0000 		.4byte	.LASF113
 4087 07c3 12       		.byte	0x12
 4088 07c4 E604     		.2byte	0x4e6
 4089 07c6 11       		.byte	0x11
 4090 07c7 0D010000 		.4byte	0x10d
 4091 07cb 58       		.byte	0x58
 4092 07cc 01       		.uleb128 0x1
ARM GAS  C:\Users\DEVELO~1\AppData\Local\Temp\ccalPHYl.s 			page 73


 4093 07cd 190B0000 		.4byte	.LASF114
 4094 07d1 12       		.byte	0x12
 4095 07d2 E704     		.2byte	0x4e7
 4096 07d4 10       		.byte	0x10
 4097 07d5 01010000 		.4byte	0x101
 4098 07d9 5C       		.byte	0x5c
 4099 07da 01       		.uleb128 0x1
 4100 07db 2C040000 		.4byte	.LASF115
 4101 07df 12       		.byte	0x12
 4102 07e0 E804     		.2byte	0x4e8
 4103 07e2 11       		.byte	0x11
 4104 07e3 0D010000 		.4byte	0x10d
 4105 07e7 60       		.byte	0x60
 4106 07e8 01       		.uleb128 0x1
 4107 07e9 060E0000 		.4byte	.LASF116
 4108 07ed 12       		.byte	0x12
 4109 07ee E904     		.2byte	0x4e9
 4110 07f0 11       		.byte	0x11
 4111 07f1 0D010000 		.4byte	0x10d
 4112 07f5 64       		.byte	0x64
 4113 07f6 01       		.uleb128 0x1
 4114 07f7 D80A0000 		.4byte	.LASF117
 4115 07fb 12       		.byte	0x12
 4116 07fc EA04     		.2byte	0x4ea
 4117 07fe 11       		.byte	0x11
 4118 07ff 0D010000 		.4byte	0x10d
 4119 0803 68       		.byte	0x68
 4120 0804 01       		.uleb128 0x1
 4121 0805 C30F0000 		.4byte	.LASF118
 4122 0809 12       		.byte	0x12
 4123 080a EB04     		.2byte	0x4eb
 4124 080c 0F       		.byte	0xf
 4125 080d 01010000 		.4byte	0x101
 4126 0811 6C       		.byte	0x6c
 4127 0812 01       		.uleb128 0x1
 4128 0813 E70E0000 		.4byte	.LASF119
 4129 0817 12       		.byte	0x12
 4130 0818 EC04     		.2byte	0x4ec
 4131 081a 11       		.byte	0x11
 4132 081b 0D010000 		.4byte	0x10d
 4133 081f 70       		.byte	0x70
 4134 0820 07       		.uleb128 0x7
 4135 0821 43535200 		.ascii	"CSR\000"
 4136 0825 12       		.byte	0x12
 4137 0826 ED04     		.2byte	0x4ed
 4138 0828 11       		.byte	0x11
 4139 0829 0D010000 		.4byte	0x10d
 4140 082d 74       		.byte	0x74
 4141 082e 01       		.uleb128 0x1
 4142 082f 8F040000 		.4byte	.LASF120
 4143 0833 12       		.byte	0x12
 4144 0834 EE04     		.2byte	0x4ee
 4145 0836 0F       		.byte	0xf
 4146 0837 01010000 		.4byte	0x101
 4147 083b 78       		.byte	0x78
 4148 083c 01       		.uleb128 0x1
 4149 083d 14050000 		.4byte	.LASF121
ARM GAS  C:\Users\DEVELO~1\AppData\Local\Temp\ccalPHYl.s 			page 74


 4150 0841 12       		.byte	0x12
 4151 0842 EF04     		.2byte	0x4ef
 4152 0844 10       		.byte	0x10
 4153 0845 0D010000 		.4byte	0x10d
 4154 0849 7C       		.byte	0x7c
 4155 084a 01       		.uleb128 0x1
 4156 084b 2F100000 		.4byte	.LASF122
 4157 084f 12       		.byte	0x12
 4158 0850 F004     		.2byte	0x4f0
 4159 0852 10       		.byte	0x10
 4160 0853 0D010000 		.4byte	0x10d
 4161 0857 80       		.byte	0x80
 4162 0858 01       		.uleb128 0x1
 4163 0859 AF0A0000 		.4byte	.LASF123
 4164 085d 12       		.byte	0x12
 4165 085e F104     		.2byte	0x4f1
 4166 0860 10       		.byte	0x10
 4167 0861 0D010000 		.4byte	0x10d
 4168 0865 84       		.byte	0x84
 4169 0866 01       		.uleb128 0x1
 4170 0867 BC0B0000 		.4byte	.LASF124
 4171 086b 12       		.byte	0x12
 4172 086c F204     		.2byte	0x4f2
 4173 086e 10       		.byte	0x10
 4174 086f 0D010000 		.4byte	0x10d
 4175 0873 88       		.byte	0x88
 4176 0874 01       		.uleb128 0x1
 4177 0875 8D090000 		.4byte	.LASF125
 4178 0879 12       		.byte	0x12
 4179 087a F304     		.2byte	0x4f3
 4180 087c 10       		.byte	0x10
 4181 087d 0D010000 		.4byte	0x10d
 4182 0881 8C       		.byte	0x8c
 4183 0882 01       		.uleb128 0x1
 4184 0883 3D0A0000 		.4byte	.LASF126
 4185 0887 12       		.byte	0x12
 4186 0888 F404     		.2byte	0x4f4
 4187 088a 10       		.byte	0x10
 4188 088b 0D010000 		.4byte	0x10d
 4189 088f 90       		.byte	0x90
 4190 0890 01       		.uleb128 0x1
 4191 0891 10000000 		.4byte	.LASF127
 4192 0895 12       		.byte	0x12
 4193 0896 F504     		.2byte	0x4f5
 4194 0898 10       		.byte	0x10
 4195 0899 0D010000 		.4byte	0x10d
 4196 089d 94       		.byte	0x94
 4197 089e 01       		.uleb128 0x1
 4198 089f 9D000000 		.4byte	.LASF128
 4199 08a3 12       		.byte	0x12
 4200 08a4 F604     		.2byte	0x4f6
 4201 08a6 10       		.byte	0x10
 4202 08a7 0D010000 		.4byte	0x10d
 4203 08ab 98       		.byte	0x98
 4204 08ac 01       		.uleb128 0x1
 4205 08ad A9060000 		.4byte	.LASF129
 4206 08b1 12       		.byte	0x12
ARM GAS  C:\Users\DEVELO~1\AppData\Local\Temp\ccalPHYl.s 			page 75


 4207 08b2 F704     		.2byte	0x4f7
 4208 08b4 10       		.byte	0x10
 4209 08b5 0D010000 		.4byte	0x10d
 4210 08b9 9C       		.byte	0x9c
 4211 08ba 07       		.uleb128 0x7
 4212 08bb 47435200 		.ascii	"GCR\000"
 4213 08bf 12       		.byte	0x12
 4214 08c0 F804     		.2byte	0x4f8
 4215 08c2 10       		.byte	0x10
 4216 08c3 0D010000 		.4byte	0x10d
 4217 08c7 A0       		.byte	0xa0
 4218 08c8 01       		.uleb128 0x1
 4219 08c9 340B0000 		.4byte	.LASF130
 4220 08cd 12       		.byte	0x12
 4221 08ce F904     		.2byte	0x4f9
 4222 08d0 0F       		.byte	0xf
 4223 08d1 01010000 		.4byte	0x101
 4224 08d5 A4       		.byte	0xa4
 4225 08d6 01       		.uleb128 0x1
 4226 08d7 280A0000 		.4byte	.LASF131
 4227 08db 12       		.byte	0x12
 4228 08dc FA04     		.2byte	0x4fa
 4229 08de 10       		.byte	0x10
 4230 08df 0D010000 		.4byte	0x10d
 4231 08e3 A8       		.byte	0xa8
 4232 08e4 01       		.uleb128 0x1
 4233 08e5 160E0000 		.4byte	.LASF132
 4234 08e9 12       		.byte	0x12
 4235 08ea FB04     		.2byte	0x4fb
 4236 08ec 0F       		.byte	0xf
 4237 08ed 62060000 		.4byte	0x662
 4238 08f1 AC       		.byte	0xac
 4239 08f2 07       		.uleb128 0x7
 4240 08f3 52535200 		.ascii	"RSR\000"
 4241 08f7 12       		.byte	0x12
 4242 08f8 FC04     		.2byte	0x4fc
 4243 08fa 10       		.byte	0x10
 4244 08fb 0D010000 		.4byte	0x10d
 4245 08ff D0       		.byte	0xd0
 4246 0900 01       		.uleb128 0x1
 4247 0901 3E070000 		.4byte	.LASF133
 4248 0905 12       		.byte	0x12
 4249 0906 FD04     		.2byte	0x4fd
 4250 0908 10       		.byte	0x10
 4251 0909 0D010000 		.4byte	0x10d
 4252 090d D4       		.byte	0xd4
 4253 090e 01       		.uleb128 0x1
 4254 090f 0E040000 		.4byte	.LASF134
 4255 0913 12       		.byte	0x12
 4256 0914 FE04     		.2byte	0x4fe
 4257 0916 10       		.byte	0x10
 4258 0917 0D010000 		.4byte	0x10d
 4259 091b D8       		.byte	0xd8
 4260 091c 01       		.uleb128 0x1
 4261 091d 36070000 		.4byte	.LASF135
 4262 0921 12       		.byte	0x12
 4263 0922 FF04     		.2byte	0x4ff
ARM GAS  C:\Users\DEVELO~1\AppData\Local\Temp\ccalPHYl.s 			page 76


 4264 0924 10       		.byte	0x10
 4265 0925 0D010000 		.4byte	0x10d
 4266 0929 DC       		.byte	0xdc
 4267 092a 01       		.uleb128 0x1
 4268 092b BB0F0000 		.4byte	.LASF136
 4269 092f 12       		.byte	0x12
 4270 0930 0005     		.2byte	0x500
 4271 0932 10       		.byte	0x10
 4272 0933 0D010000 		.4byte	0x10d
 4273 0937 E0       		.byte	0xe0
 4274 0938 01       		.uleb128 0x1
 4275 0939 F2020000 		.4byte	.LASF137
 4276 093d 12       		.byte	0x12
 4277 093e 0105     		.2byte	0x501
 4278 0940 10       		.byte	0x10
 4279 0941 0D010000 		.4byte	0x10d
 4280 0945 E4       		.byte	0xe4
 4281 0946 01       		.uleb128 0x1
 4282 0947 26100000 		.4byte	.LASF138
 4283 094b 12       		.byte	0x12
 4284 094c 0205     		.2byte	0x502
 4285 094e 10       		.byte	0x10
 4286 094f 0D010000 		.4byte	0x10d
 4287 0953 E8       		.byte	0xe8
 4288 0954 01       		.uleb128 0x1
 4289 0955 AE0C0000 		.4byte	.LASF139
 4290 0959 12       		.byte	0x12
 4291 095a 0305     		.2byte	0x503
 4292 095c 10       		.byte	0x10
 4293 095d 0D010000 		.4byte	0x10d
 4294 0961 EC       		.byte	0xec
 4295 0962 01       		.uleb128 0x1
 4296 0963 020A0000 		.4byte	.LASF140
 4297 0967 12       		.byte	0x12
 4298 0968 0405     		.2byte	0x504
 4299 096a 10       		.byte	0x10
 4300 096b 0D010000 		.4byte	0x10d
 4301 096f F0       		.byte	0xf0
 4302 0970 01       		.uleb128 0x1
 4303 0971 4F0C0000 		.4byte	.LASF141
 4304 0975 12       		.byte	0x12
 4305 0976 0505     		.2byte	0x505
 4306 0978 10       		.byte	0x10
 4307 0979 0D010000 		.4byte	0x10d
 4308 097d F4       		.byte	0xf4
 4309 097e 01       		.uleb128 0x1
 4310 097f 210E0000 		.4byte	.LASF142
 4311 0983 12       		.byte	0x12
 4312 0984 0605     		.2byte	0x506
 4313 0986 10       		.byte	0x10
 4314 0987 01010000 		.4byte	0x101
 4315 098b F8       		.byte	0xf8
 4316 098c 01       		.uleb128 0x1
 4317 098d E50C0000 		.4byte	.LASF143
 4318 0991 12       		.byte	0x12
 4319 0992 0705     		.2byte	0x507
 4320 0994 10       		.byte	0x10
ARM GAS  C:\Users\DEVELO~1\AppData\Local\Temp\ccalPHYl.s 			page 77


 4321 0995 0D010000 		.4byte	0x10d
 4322 0999 FC       		.byte	0xfc
 4323 099a 12       		.uleb128 0x12
 4324 099b 4F0A0000 		.4byte	.LASF144
 4325 099f 0805     		.2byte	0x508
 4326 09a1 10       		.byte	0x10
 4327 09a2 0D010000 		.4byte	0x10d
 4328 09a6 0001     		.2byte	0x100
 4329 09a8 12       		.uleb128 0x12
 4330 09a9 BA020000 		.4byte	.LASF145
 4331 09ad 0905     		.2byte	0x509
 4332 09af 10       		.byte	0x10
 4333 09b0 0D010000 		.4byte	0x10d
 4334 09b4 0401     		.2byte	0x104
 4335 09b6 12       		.uleb128 0x12
 4336 09b7 F8070000 		.4byte	.LASF146
 4337 09bb 0A05     		.2byte	0x50a
 4338 09bd 10       		.byte	0x10
 4339 09be 0D010000 		.4byte	0x10d
 4340 09c2 0801     		.2byte	0x108
 4341 09c4 12       		.uleb128 0x12
 4342 09c5 C4020000 		.4byte	.LASF147
 4343 09c9 0B05     		.2byte	0x50b
 4344 09cb 10       		.byte	0x10
 4345 09cc 0D010000 		.4byte	0x10d
 4346 09d0 0C01     		.2byte	0x10c
 4347 09d2 12       		.uleb128 0x12
 4348 09d3 59010000 		.4byte	.LASF148
 4349 09d7 0C05     		.2byte	0x50c
 4350 09d9 10       		.byte	0x10
 4351 09da 0D010000 		.4byte	0x10d
 4352 09de 1001     		.2byte	0x110
 4353 09e0 12       		.uleb128 0x12
 4354 09e1 E10F0000 		.4byte	.LASF149
 4355 09e5 0D05     		.2byte	0x50d
 4356 09e7 10       		.byte	0x10
 4357 09e8 0D010000 		.4byte	0x10d
 4358 09ec 1401     		.2byte	0x114
 4359 09ee 12       		.uleb128 0x12
 4360 09ef 82000000 		.4byte	.LASF150
 4361 09f3 0E05     		.2byte	0x50e
 4362 09f5 10       		.byte	0x10
 4363 09f6 0D010000 		.4byte	0x10d
 4364 09fa 1801     		.2byte	0x118
 4365 09fc 12       		.uleb128 0x12
 4366 09fd AB050000 		.4byte	.LASF151
 4367 0a01 0F05     		.2byte	0x50f
 4368 0a03 10       		.byte	0x10
 4369 0a04 0D010000 		.4byte	0x10d
 4370 0a08 1C01     		.2byte	0x11c
 4371 0a0a 12       		.uleb128 0x12
 4372 0a0b 2C0E0000 		.4byte	.LASF152
 4373 0a0f 1005     		.2byte	0x510
 4374 0a11 0F       		.byte	0xf
 4375 0a12 52060000 		.4byte	0x652
 4376 0a16 2001     		.2byte	0x120
 4377 0a18 00       		.byte	0
ARM GAS  C:\Users\DEVELO~1\AppData\Local\Temp\ccalPHYl.s 			page 78


 4378 0a19 1B       		.uleb128 0x1b
 4379 0a1a F4010000 		.4byte	.LASF153
 4380 0a1e 12       		.byte	0x12
 4381 0a1f 1205     		.2byte	0x512
 4382 0a21 82060000 		.4byte	0x682
 4383 0a25 2C       		.uleb128 0x2c
 4384 0a26 0004     		.2byte	0x400
 4385 0a28 7D05     		.2byte	0x57d
 4386 0a2a 9B0B0000 		.4byte	0xb9b
 4387 0a2e 01       		.uleb128 0x1
 4388 0a2f B70C0000 		.4byte	.LASF154
 4389 0a33 12       		.byte	0x12
 4390 0a34 7F05     		.2byte	0x57f
 4391 0a36 11       		.byte	0x11
 4392 0a37 0D010000 		.4byte	0x10d
 4393 0a3b 00       		.byte	0
 4394 0a3c 01       		.uleb128 0x1
 4395 0a3d DA010000 		.4byte	.LASF155
 4396 0a41 12       		.byte	0x12
 4397 0a42 8005     		.2byte	0x580
 4398 0a44 11       		.byte	0x11
 4399 0a45 0D010000 		.4byte	0x10d
 4400 0a49 04       		.byte	0x4
 4401 0a4a 07       		.uleb128 0x7
 4402 0a4b 41524700 		.ascii	"ARG\000"
 4403 0a4f 12       		.byte	0x12
 4404 0a50 8105     		.2byte	0x581
 4405 0a52 11       		.byte	0x11
 4406 0a53 0D010000 		.4byte	0x10d
 4407 0a57 08       		.byte	0x8
 4408 0a58 07       		.uleb128 0x7
 4409 0a59 434D4400 		.ascii	"CMD\000"
 4410 0a5d 12       		.byte	0x12
 4411 0a5e 8205     		.2byte	0x582
 4412 0a60 11       		.byte	0x11
 4413 0a61 0D010000 		.4byte	0x10d
 4414 0a65 0C       		.byte	0xc
 4415 0a66 01       		.uleb128 0x1
 4416 0a67 5F0E0000 		.4byte	.LASF156
 4417 0a6b 12       		.byte	0x12
 4418 0a6c 8305     		.2byte	0x583
 4419 0a6e 11       		.byte	0x11
 4420 0a6f 12010000 		.4byte	0x112
 4421 0a73 10       		.byte	0x10
 4422 0a74 01       		.uleb128 0x1
 4423 0a75 B5070000 		.4byte	.LASF157
 4424 0a79 12       		.byte	0x12
 4425 0a7a 8405     		.2byte	0x584
 4426 0a7c 11       		.byte	0x11
 4427 0a7d 12010000 		.4byte	0x112
 4428 0a81 14       		.byte	0x14
 4429 0a82 01       		.uleb128 0x1
 4430 0a83 BB070000 		.4byte	.LASF158
 4431 0a87 12       		.byte	0x12
 4432 0a88 8505     		.2byte	0x585
 4433 0a8a 11       		.byte	0x11
 4434 0a8b 12010000 		.4byte	0x112
ARM GAS  C:\Users\DEVELO~1\AppData\Local\Temp\ccalPHYl.s 			page 79


 4435 0a8f 18       		.byte	0x18
 4436 0a90 01       		.uleb128 0x1
 4437 0a91 C1070000 		.4byte	.LASF159
 4438 0a95 12       		.byte	0x12
 4439 0a96 8605     		.2byte	0x586
 4440 0a98 11       		.byte	0x11
 4441 0a99 12010000 		.4byte	0x112
 4442 0a9d 1C       		.byte	0x1c
 4443 0a9e 01       		.uleb128 0x1
 4444 0a9f C7070000 		.4byte	.LASF160
 4445 0aa3 12       		.byte	0x12
 4446 0aa4 8705     		.2byte	0x587
 4447 0aa6 11       		.byte	0x11
 4448 0aa7 12010000 		.4byte	0x112
 4449 0aab 20       		.byte	0x20
 4450 0aac 01       		.uleb128 0x1
 4451 0aad 7D0B0000 		.4byte	.LASF161
 4452 0ab1 12       		.byte	0x12
 4453 0ab2 8805     		.2byte	0x588
 4454 0ab4 11       		.byte	0x11
 4455 0ab5 0D010000 		.4byte	0x10d
 4456 0ab9 24       		.byte	0x24
 4457 0aba 01       		.uleb128 0x1
 4458 0abb 1A0C0000 		.4byte	.LASF162
 4459 0abf 12       		.byte	0x12
 4460 0ac0 8905     		.2byte	0x589
 4461 0ac2 11       		.byte	0x11
 4462 0ac3 0D010000 		.4byte	0x10d
 4463 0ac7 28       		.byte	0x28
 4464 0ac8 01       		.uleb128 0x1
 4465 0ac9 BD0C0000 		.4byte	.LASF163
 4466 0acd 12       		.byte	0x12
 4467 0ace 8A05     		.2byte	0x58a
 4468 0ad0 11       		.byte	0x11
 4469 0ad1 0D010000 		.4byte	0x10d
 4470 0ad5 2C       		.byte	0x2c
 4471 0ad6 01       		.uleb128 0x1
 4472 0ad7 FF0D0000 		.4byte	.LASF164
 4473 0adb 12       		.byte	0x12
 4474 0adc 8B05     		.2byte	0x58b
 4475 0ade 11       		.byte	0x11
 4476 0adf 12010000 		.4byte	0x112
 4477 0ae3 30       		.byte	0x30
 4478 0ae4 07       		.uleb128 0x7
 4479 0ae5 53544100 		.ascii	"STA\000"
 4480 0ae9 12       		.byte	0x12
 4481 0aea 8C05     		.2byte	0x58c
 4482 0aec 11       		.byte	0x11
 4483 0aed 12010000 		.4byte	0x112
 4484 0af1 34       		.byte	0x34
 4485 0af2 07       		.uleb128 0x7
 4486 0af3 49435200 		.ascii	"ICR\000"
 4487 0af7 12       		.byte	0x12
 4488 0af8 8D05     		.2byte	0x58d
 4489 0afa 11       		.byte	0x11
 4490 0afb 0D010000 		.4byte	0x10d
 4491 0aff 38       		.byte	0x38
ARM GAS  C:\Users\DEVELO~1\AppData\Local\Temp\ccalPHYl.s 			page 80


 4492 0b00 01       		.uleb128 0x1
 4493 0b01 2C050000 		.4byte	.LASF165
 4494 0b05 12       		.byte	0x12
 4495 0b06 8E05     		.2byte	0x58e
 4496 0b08 11       		.byte	0x11
 4497 0b09 0D010000 		.4byte	0x10d
 4498 0b0d 3C       		.byte	0x3c
 4499 0b0e 01       		.uleb128 0x1
 4500 0b0f 990B0000 		.4byte	.LASF166
 4501 0b13 12       		.byte	0x12
 4502 0b14 8F05     		.2byte	0x58f
 4503 0b16 11       		.byte	0x11
 4504 0b17 0D010000 		.4byte	0x10d
 4505 0b1b 40       		.byte	0x40
 4506 0b1c 01       		.uleb128 0x1
 4507 0b1d F40A0000 		.4byte	.LASF167
 4508 0b21 12       		.byte	0x12
 4509 0b22 9005     		.2byte	0x590
 4510 0b24 11       		.byte	0x11
 4511 0b25 72060000 		.4byte	0x672
 4512 0b29 44       		.byte	0x44
 4513 0b2a 01       		.uleb128 0x1
 4514 0b2b DA060000 		.4byte	.LASF168
 4515 0b2f 12       		.byte	0x12
 4516 0b30 9105     		.2byte	0x591
 4517 0b32 11       		.byte	0x11
 4518 0b33 0D010000 		.4byte	0x10d
 4519 0b37 50       		.byte	0x50
 4520 0b38 01       		.uleb128 0x1
 4521 0b39 D50C0000 		.4byte	.LASF169
 4522 0b3d 12       		.byte	0x12
 4523 0b3e 9205     		.2byte	0x592
 4524 0b40 11       		.byte	0x11
 4525 0b41 0D010000 		.4byte	0x10d
 4526 0b45 54       		.byte	0x54
 4527 0b46 01       		.uleb128 0x1
 4528 0b47 CD0F0000 		.4byte	.LASF170
 4529 0b4b 12       		.byte	0x12
 4530 0b4c 9305     		.2byte	0x593
 4531 0b4e 11       		.byte	0x11
 4532 0b4f 0D010000 		.4byte	0x10d
 4533 0b53 58       		.byte	0x58
 4534 0b54 01       		.uleb128 0x1
 4535 0b55 D70F0000 		.4byte	.LASF171
 4536 0b59 12       		.byte	0x12
 4537 0b5a 9405     		.2byte	0x594
 4538 0b5c 11       		.byte	0x11
 4539 0b5d 0D010000 		.4byte	0x10d
 4540 0b61 5C       		.byte	0x5c
 4541 0b62 01       		.uleb128 0x1
 4542 0b63 FE0A0000 		.4byte	.LASF96
 4543 0b67 12       		.byte	0x12
 4544 0b68 9505     		.2byte	0x595
 4545 0b6a 11       		.byte	0x11
 4546 0b6b 42060000 		.4byte	0x642
 4547 0b6f 60       		.byte	0x60
 4548 0b70 01       		.uleb128 0x1
ARM GAS  C:\Users\DEVELO~1\AppData\Local\Temp\ccalPHYl.s 			page 81


 4549 0b71 9B090000 		.4byte	.LASF172
 4550 0b75 12       		.byte	0x12
 4551 0b76 9605     		.2byte	0x596
 4552 0b78 11       		.byte	0x11
 4553 0b79 0D010000 		.4byte	0x10d
 4554 0b7d 80       		.byte	0x80
 4555 0b7e 01       		.uleb128 0x1
 4556 0b7f 080B0000 		.4byte	.LASF100
 4557 0b83 12       		.byte	0x12
 4558 0b84 9705     		.2byte	0x597
 4559 0b86 11       		.byte	0x11
 4560 0b87 9B0B0000 		.4byte	0xb9b
 4561 0b8b 84       		.byte	0x84
 4562 0b8c 12       		.uleb128 0x12
 4563 0b8d 94020000 		.4byte	.LASF173
 4564 0b91 9805     		.2byte	0x598
 4565 0b93 11       		.byte	0x11
 4566 0b94 0D010000 		.4byte	0x10d
 4567 0b98 FC03     		.2byte	0x3fc
 4568 0b9a 00       		.byte	0
 4569 0b9b 0F       		.uleb128 0xf
 4570 0b9c 01010000 		.4byte	0x101
 4571 0ba0 AB0B0000 		.4byte	0xbab
 4572 0ba4 11       		.uleb128 0x11
 4573 0ba5 3E000000 		.4byte	0x3e
 4574 0ba9 DD       		.byte	0xdd
 4575 0baa 00       		.byte	0
 4576 0bab 1B       		.uleb128 0x1b
 4577 0bac 3F0F0000 		.4byte	.LASF174
 4578 0bb0 12       		.byte	0x12
 4579 0bb1 9905     		.2byte	0x599
 4580 0bb3 250A0000 		.4byte	0xa25
 4581 0bb7 38       		.uleb128 0x38
 4582 0bb8 30       		.byte	0x30
 4583 0bb9 12       		.byte	0x12
 4584 0bba 3906     		.2byte	0x639
 4585 0bbc 09       		.byte	0x9
 4586 0bbd 6A0C0000 		.4byte	0xc6a
 4587 0bc1 07       		.uleb128 0x7
 4588 0bc2 43523100 		.ascii	"CR1\000"
 4589 0bc6 12       		.byte	0x12
 4590 0bc7 3B06     		.2byte	0x63b
 4591 0bc9 11       		.byte	0x11
 4592 0bca 0D010000 		.4byte	0x10d
 4593 0bce 00       		.byte	0
 4594 0bcf 07       		.uleb128 0x7
 4595 0bd0 43523200 		.ascii	"CR2\000"
 4596 0bd4 12       		.byte	0x12
 4597 0bd5 3C06     		.2byte	0x63c
 4598 0bd7 11       		.byte	0x11
 4599 0bd8 0D010000 		.4byte	0x10d
 4600 0bdc 04       		.byte	0x4
 4601 0bdd 07       		.uleb128 0x7
 4602 0bde 43523300 		.ascii	"CR3\000"
 4603 0be2 12       		.byte	0x12
 4604 0be3 3D06     		.2byte	0x63d
 4605 0be5 11       		.byte	0x11
ARM GAS  C:\Users\DEVELO~1\AppData\Local\Temp\ccalPHYl.s 			page 82


 4606 0be6 0D010000 		.4byte	0x10d
 4607 0bea 08       		.byte	0x8
 4608 0beb 07       		.uleb128 0x7
 4609 0bec 42525200 		.ascii	"BRR\000"
 4610 0bf0 12       		.byte	0x12
 4611 0bf1 3E06     		.2byte	0x63e
 4612 0bf3 11       		.byte	0x11
 4613 0bf4 0D010000 		.4byte	0x10d
 4614 0bf8 0C       		.byte	0xc
 4615 0bf9 01       		.uleb128 0x1
 4616 0bfa 0A030000 		.4byte	.LASF175
 4617 0bfe 12       		.byte	0x12
 4618 0bff 3F06     		.2byte	0x63f
 4619 0c01 11       		.byte	0x11
 4620 0c02 0D010000 		.4byte	0x10d
 4621 0c06 10       		.byte	0x10
 4622 0c07 01       		.uleb128 0x1
 4623 0c08 84080000 		.4byte	.LASF176
 4624 0c0c 12       		.byte	0x12
 4625 0c0d 4006     		.2byte	0x640
 4626 0c0f 11       		.byte	0x11
 4627 0c10 0D010000 		.4byte	0x10d
 4628 0c14 14       		.byte	0x14
 4629 0c15 07       		.uleb128 0x7
 4630 0c16 52515200 		.ascii	"RQR\000"
 4631 0c1a 12       		.byte	0x12
 4632 0c1b 4106     		.2byte	0x641
 4633 0c1d 11       		.byte	0x11
 4634 0c1e 0D010000 		.4byte	0x10d
 4635 0c22 18       		.byte	0x18
 4636 0c23 07       		.uleb128 0x7
 4637 0c24 49535200 		.ascii	"ISR\000"
 4638 0c28 12       		.byte	0x12
 4639 0c29 4206     		.2byte	0x642
 4640 0c2b 11       		.byte	0x11
 4641 0c2c 0D010000 		.4byte	0x10d
 4642 0c30 1C       		.byte	0x1c
 4643 0c31 07       		.uleb128 0x7
 4644 0c32 49435200 		.ascii	"ICR\000"
 4645 0c36 12       		.byte	0x12
 4646 0c37 4306     		.2byte	0x643
 4647 0c39 11       		.byte	0x11
 4648 0c3a 0D010000 		.4byte	0x10d
 4649 0c3e 20       		.byte	0x20
 4650 0c3f 07       		.uleb128 0x7
 4651 0c40 52445200 		.ascii	"RDR\000"
 4652 0c44 12       		.byte	0x12
 4653 0c45 4406     		.2byte	0x644
 4654 0c47 11       		.byte	0x11
 4655 0c48 0D010000 		.4byte	0x10d
 4656 0c4c 24       		.byte	0x24
 4657 0c4d 07       		.uleb128 0x7
 4658 0c4e 54445200 		.ascii	"TDR\000"
 4659 0c52 12       		.byte	0x12
 4660 0c53 4506     		.2byte	0x645
 4661 0c55 11       		.byte	0x11
 4662 0c56 0D010000 		.4byte	0x10d
ARM GAS  C:\Users\DEVELO~1\AppData\Local\Temp\ccalPHYl.s 			page 83


 4663 0c5a 28       		.byte	0x28
 4664 0c5b 01       		.uleb128 0x1
 4665 0c5c EE040000 		.4byte	.LASF177
 4666 0c60 12       		.byte	0x12
 4667 0c61 4606     		.2byte	0x646
 4668 0c63 11       		.byte	0x11
 4669 0c64 0D010000 		.4byte	0x10d
 4670 0c68 2C       		.byte	0x2c
 4671 0c69 00       		.byte	0
 4672 0c6a 1B       		.uleb128 0x1b
 4673 0c6b 19070000 		.4byte	.LASF178
 4674 0c6f 12       		.byte	0x12
 4675 0c70 4706     		.2byte	0x647
 4676 0c72 B70B0000 		.4byte	0xbb7
 4677 0c76 1E       		.uleb128 0x1e
 4678 0c77 710B0000 		.4byte	.LASF179
 4679 0c7b 24       		.byte	0x24
 4680 0c7c 03       		.byte	0x3
 4681 0c7d E001     		.2byte	0x1e0
 4682 0c7f 08       		.byte	0x8
 4683 0c80 FC0C0000 		.4byte	0xcfc
 4684 0c84 07       		.uleb128 0x7
 4685 0c85 723400   		.ascii	"r4\000"
 4686 0c88 03       		.byte	0x3
 4687 0c89 F901     		.2byte	0x1f9
 4688 0c8b 11       		.byte	0x11
 4689 0c8c 01010000 		.4byte	0x101
 4690 0c90 00       		.byte	0
 4691 0c91 07       		.uleb128 0x7
 4692 0c92 723500   		.ascii	"r5\000"
 4693 0c95 03       		.byte	0x3
 4694 0c96 FA01     		.2byte	0x1fa
 4695 0c98 11       		.byte	0x11
 4696 0c99 01010000 		.4byte	0x101
 4697 0c9d 04       		.byte	0x4
 4698 0c9e 07       		.uleb128 0x7
 4699 0c9f 723600   		.ascii	"r6\000"
 4700 0ca2 03       		.byte	0x3
 4701 0ca3 FB01     		.2byte	0x1fb
 4702 0ca5 11       		.byte	0x11
 4703 0ca6 01010000 		.4byte	0x101
 4704 0caa 08       		.byte	0x8
 4705 0cab 07       		.uleb128 0x7
 4706 0cac 723700   		.ascii	"r7\000"
 4707 0caf 03       		.byte	0x3
 4708 0cb0 FC01     		.2byte	0x1fc
 4709 0cb2 11       		.byte	0x11
 4710 0cb3 01010000 		.4byte	0x101
 4711 0cb7 0C       		.byte	0xc
 4712 0cb8 07       		.uleb128 0x7
 4713 0cb9 723800   		.ascii	"r8\000"
 4714 0cbc 03       		.byte	0x3
 4715 0cbd FD01     		.2byte	0x1fd
 4716 0cbf 11       		.byte	0x11
 4717 0cc0 01010000 		.4byte	0x101
 4718 0cc4 10       		.byte	0x10
 4719 0cc5 07       		.uleb128 0x7
ARM GAS  C:\Users\DEVELO~1\AppData\Local\Temp\ccalPHYl.s 			page 84


 4720 0cc6 723900   		.ascii	"r9\000"
 4721 0cc9 03       		.byte	0x3
 4722 0cca FE01     		.2byte	0x1fe
 4723 0ccc 11       		.byte	0x11
 4724 0ccd 01010000 		.4byte	0x101
 4725 0cd1 14       		.byte	0x14
 4726 0cd2 07       		.uleb128 0x7
 4727 0cd3 72313000 		.ascii	"r10\000"
 4728 0cd7 03       		.byte	0x3
 4729 0cd8 FF01     		.2byte	0x1ff
 4730 0cda 11       		.byte	0x11
 4731 0cdb 01010000 		.4byte	0x101
 4732 0cdf 18       		.byte	0x18
 4733 0ce0 07       		.uleb128 0x7
 4734 0ce1 72313100 		.ascii	"r11\000"
 4735 0ce5 03       		.byte	0x3
 4736 0ce6 0002     		.2byte	0x200
 4737 0ce8 11       		.byte	0x11
 4738 0ce9 01010000 		.4byte	0x101
 4739 0ced 1C       		.byte	0x1c
 4740 0cee 07       		.uleb128 0x7
 4741 0cef 6C7200   		.ascii	"lr\000"
 4742 0cf2 03       		.byte	0x3
 4743 0cf3 0102     		.2byte	0x201
 4744 0cf5 11       		.byte	0x11
 4745 0cf6 01010000 		.4byte	0x101
 4746 0cfa 20       		.byte	0x20
 4747 0cfb 00       		.byte	0
 4748 0cfc 1E       		.uleb128 0x1e
 4749 0cfd 44020000 		.4byte	.LASF180
 4750 0d01 04       		.byte	0x4
 4751 0d02 03       		.byte	0x3
 4752 0d03 0A02     		.2byte	0x20a
 4753 0d05 08       		.byte	0x8
 4754 0d06 180D0000 		.4byte	0xd18
 4755 0d0a 07       		.uleb128 0x7
 4756 0d0b 737000   		.ascii	"sp\000"
 4757 0d0e 03       		.byte	0x3
 4758 0d0f 0B02     		.2byte	0x20b
 4759 0d11 1A       		.byte	0x1a
 4760 0d12 180D0000 		.4byte	0xd18
 4761 0d16 00       		.byte	0
 4762 0d17 00       		.byte	0
 4763 0d18 05       		.uleb128 0x5
 4764 0d19 760C0000 		.4byte	0xc76
 4765 0d1d 0A       		.uleb128 0xa
 4766 0d1e 39050000 		.4byte	.LASF181
 4767 0d22 18       		.byte	0x18
 4768 0d23 0C       		.byte	0xc
 4769 0d24 64       		.byte	0x64
 4770 0d25 10       		.byte	0x10
 4771 0d26 520D0000 		.4byte	0xd52
 4772 0d2a 02       		.uleb128 0x2
 4773 0d2b E90B0000 		.4byte	.LASF182
 4774 0d2f 0C       		.byte	0xc
 4775 0d30 68       		.byte	0x68
 4776 0d31 21       		.byte	0x21
ARM GAS  C:\Users\DEVELO~1\AppData\Local\Temp\ccalPHYl.s 			page 85


 4777 0d32 5E040000 		.4byte	0x45e
 4778 0d36 00       		.byte	0
 4779 0d37 02       		.uleb128 0x2
 4780 0d38 EF0B0000 		.4byte	.LASF183
 4781 0d3c 0C       		.byte	0xc
 4782 0d3d 73       		.byte	0x73
 4783 0d3e 21       		.byte	0x21
 4784 0d3f 8F030000 		.4byte	0x38f
 4785 0d43 0C       		.byte	0xc
 4786 0d44 02       		.uleb128 0x2
 4787 0d45 8A020000 		.4byte	.LASF184
 4788 0d49 0C       		.byte	0xc
 4789 0d4a 79       		.byte	0x79
 4790 0d4b 21       		.byte	0x21
 4791 0d4c 23010000 		.4byte	0x123
 4792 0d50 10       		.byte	0x10
 4793 0d51 00       		.byte	0
 4794 0d52 03       		.uleb128 0x3
 4795 0d53 E00D0000 		.4byte	.LASF185
 4796 0d57 0C       		.byte	0xc
 4797 0d58 7B       		.byte	0x7b
 4798 0d59 03       		.byte	0x3
 4799 0d5a 1D0D0000 		.4byte	0xd1d
 4800 0d5e 0A       		.uleb128 0xa
 4801 0d5f 76000000 		.4byte	.LASF186
 4802 0d63 08       		.byte	0x8
 4803 0d64 0C       		.byte	0xc
 4804 0d65 80       		.byte	0x80
 4805 0d66 10       		.byte	0x10
 4806 0d67 790D0000 		.4byte	0xd79
 4807 0d6b 02       		.uleb128 0x2
 4808 0d6c 380D0000 		.4byte	.LASF187
 4809 0d70 0C       		.byte	0xc
 4810 0d71 84       		.byte	0x84
 4811 0d72 21       		.byte	0x21
 4812 0d73 DF030000 		.4byte	0x3df
 4813 0d77 00       		.byte	0
 4814 0d78 00       		.byte	0
 4815 0d79 03       		.uleb128 0x3
 4816 0d7a 3F090000 		.4byte	.LASF188
 4817 0d7e 0C       		.byte	0xc
 4818 0d7f 85       		.byte	0x85
 4819 0d80 03       		.byte	0x3
 4820 0d81 5E0D0000 		.4byte	0xd5e
 4821 0d85 03       		.uleb128 0x3
 4822 0d86 4F000000 		.4byte	.LASF189
 4823 0d8a 0C       		.byte	0xc
 4824 0d8b 8A       		.byte	0x8a
 4825 0d8c 14       		.byte	0x14
 4826 0d8d C8040000 		.4byte	0x4c8
 4827 0d91 0A       		.uleb128 0xa
 4828 0d92 08090000 		.4byte	.LASF190
 4829 0d96 08       		.byte	0x8
 4830 0d97 0C       		.byte	0xc
 4831 0d98 8F       		.byte	0x8f
 4832 0d99 10       		.byte	0x10
 4833 0d9a AC0D0000 		.4byte	0xdac
ARM GAS  C:\Users\DEVELO~1\AppData\Local\Temp\ccalPHYl.s 			page 86


 4834 0d9e 02       		.uleb128 0x2
 4835 0d9f 380D0000 		.4byte	.LASF187
 4836 0da3 0C       		.byte	0xc
 4837 0da4 93       		.byte	0x93
 4838 0da5 21       		.byte	0x21
 4839 0da6 DF030000 		.4byte	0x3df
 4840 0daa 00       		.byte	0
 4841 0dab 00       		.byte	0
 4842 0dac 03       		.uleb128 0x3
 4843 0dad B0090000 		.4byte	.LASF191
 4844 0db1 0C       		.byte	0xc
 4845 0db2 94       		.byte	0x94
 4846 0db3 03       		.byte	0x3
 4847 0db4 910D0000 		.4byte	0xd91
 4848 0db8 24       		.uleb128 0x24
 4849 0db9 0C       		.byte	0xc
 4850 0dba 0C       		.byte	0xc
 4851 0dbb A0       		.byte	0xa0
 4852 0dbc E50D0000 		.4byte	0xde5
 4853 0dc0 17       		.uleb128 0x17
 4854 0dc1 65030000 		.4byte	.LASF192
 4855 0dc5 0C       		.byte	0xc
 4856 0dc6 A4       		.byte	0xa4
 4857 0dc7 21       		.byte	0x21
 4858 0dc8 B3030000 		.4byte	0x3b3
 4859 0dcc 17       		.uleb128 0x17
 4860 0dcd 380D0000 		.4byte	.LASF187
 4861 0dd1 0C       		.byte	0xc
 4862 0dd2 A8       		.byte	0xa8
 4863 0dd3 21       		.byte	0x21
 4864 0dd4 DF030000 		.4byte	0x3df
 4865 0dd8 17       		.uleb128 0x17
 4866 0dd9 D6040000 		.4byte	.LASF193
 4867 0ddd 0C       		.byte	0xc
 4868 0dde AC       		.byte	0xac
 4869 0ddf 21       		.byte	0x21
 4870 0de0 18040000 		.4byte	0x418
 4871 0de4 00       		.byte	0
 4872 0de5 24       		.uleb128 0x24
 4873 0de6 04       		.byte	0x4
 4874 0de7 0C       		.byte	0xc
 4875 0de8 EB       		.byte	0xeb
 4876 0de9 4E0E0000 		.4byte	0xe4e
 4877 0ded 17       		.uleb128 0x17
 4878 0dee BC050000 		.4byte	.LASF194
 4879 0df2 0C       		.byte	0xc
 4880 0df3 F2       		.byte	0xf2
 4881 0df4 21       		.byte	0x21
 4882 0df5 70010000 		.4byte	0x170
 4883 0df9 17       		.uleb128 0x17
 4884 0dfa 08100000 		.4byte	.LASF195
 4885 0dfe 0C       		.byte	0xc
 4886 0dff F9       		.byte	0xf9
 4887 0e00 21       		.byte	0x21
 4888 0e01 70010000 		.4byte	0x170
 4889 0e05 1A       		.uleb128 0x1a
 4890 0e06 23020000 		.4byte	.LASF80
ARM GAS  C:\Users\DEVELO~1\AppData\Local\Temp\ccalPHYl.s 			page 87


 4891 0e0a 0001     		.2byte	0x100
 4892 0e0c 22       		.byte	0x22
 4893 0e0d C0000000 		.4byte	0xc0
 4894 0e11 1A       		.uleb128 0x1a
 4895 0e12 EC0F0000 		.4byte	.LASF196
 4896 0e16 0701     		.2byte	0x107
 4897 0e18 22       		.byte	0x22
 4898 0e19 4E0E0000 		.4byte	0xe4e
 4899 0e1d 1A       		.uleb128 0x1a
 4900 0e1e AE030000 		.4byte	.LASF197
 4901 0e22 0C01     		.2byte	0x10c
 4902 0e24 21       		.byte	0x21
 4903 0e25 70010000 		.4byte	0x170
 4904 0e29 1A       		.uleb128 0x1a
 4905 0e2a 650D0000 		.4byte	.LASF198
 4906 0e2e 1501     		.2byte	0x115
 4907 0e30 22       		.byte	0x22
 4908 0e31 7B0E0000 		.4byte	0xe7b
 4909 0e35 1A       		.uleb128 0x1a
 4910 0e36 F20F0000 		.4byte	.LASF199
 4911 0e3a 1E01     		.2byte	0x11e
 4912 0e3c 22       		.byte	0x22
 4913 0e3d B50E0000 		.4byte	0xeb5
 4914 0e41 1A       		.uleb128 0x1a
 4915 0e42 99020000 		.4byte	.LASF200
 4916 0e46 2601     		.2byte	0x126
 4917 0e48 21       		.byte	0x21
 4918 0e49 7C010000 		.4byte	0x17c
 4919 0e4d 00       		.byte	0
 4920 0e4e 05       		.uleb128 0x5
 4921 0e4f 850D0000 		.4byte	0xd85
 4922 0e53 0A       		.uleb128 0xa
 4923 0e54 01040000 		.4byte	.LASF201
 4924 0e58 0C       		.byte	0xc
 4925 0e59 13       		.byte	0x13
 4926 0e5a 34       		.byte	0x34
 4927 0e5b 10       		.byte	0x10
 4928 0e5c 7B0E0000 		.4byte	0xe7b
 4929 0e60 02       		.uleb128 0x2
 4930 0e61 380D0000 		.4byte	.LASF187
 4931 0e65 13       		.byte	0x13
 4932 0e66 35       		.byte	0x35
 4933 0e67 19       		.byte	0x19
 4934 0e68 DF030000 		.4byte	0x3df
 4935 0e6c 00       		.byte	0
 4936 0e6d 09       		.uleb128 0x9
 4937 0e6e 636E7400 		.ascii	"cnt\000"
 4938 0e72 13       		.byte	0x13
 4939 0e73 37       		.byte	0x37
 4940 0e74 19       		.byte	0x19
 4941 0e75 94010000 		.4byte	0x194
 4942 0e79 08       		.byte	0x8
 4943 0e7a 00       		.byte	0
 4944 0e7b 05       		.uleb128 0x5
 4945 0e7c 530E0000 		.4byte	0xe53
 4946 0e80 0A       		.uleb128 0xa
 4947 0e81 D1060000 		.4byte	.LASF202
ARM GAS  C:\Users\DEVELO~1\AppData\Local\Temp\ccalPHYl.s 			page 88


 4948 0e85 10       		.byte	0x10
 4949 0e86 14       		.byte	0x14
 4950 0e87 39       		.byte	0x39
 4951 0e88 08       		.byte	0x8
 4952 0e89 B50E0000 		.4byte	0xeb5
 4953 0e8d 02       		.uleb128 0x2
 4954 0e8e 380D0000 		.4byte	.LASF187
 4955 0e92 14       		.byte	0x14
 4956 0e93 3A       		.byte	0x3a
 4957 0e94 19       		.byte	0x19
 4958 0e95 DF030000 		.4byte	0x3df
 4959 0e99 00       		.byte	0
 4960 0e9a 02       		.uleb128 0x2
 4961 0e9b 0E050000 		.4byte	.LASF35
 4962 0e9f 14       		.byte	0x14
 4963 0ea0 3C       		.byte	0x3c
 4964 0ea1 1A       		.byte	0x1a
 4965 0ea2 C8040000 		.4byte	0x4c8
 4966 0ea6 08       		.byte	0x8
 4967 0ea7 02       		.uleb128 0x2
 4968 0ea8 64010000 		.4byte	.LASF70
 4969 0eac 14       		.byte	0x14
 4970 0ead 3E       		.byte	0x3e
 4971 0eae 1A       		.byte	0x1a
 4972 0eaf 720F0000 		.4byte	0xf72
 4973 0eb3 0C       		.byte	0xc
 4974 0eb4 00       		.byte	0
 4975 0eb5 05       		.uleb128 0x5
 4976 0eb6 800E0000 		.4byte	0xe80
 4977 0eba 05       		.uleb128 0x5
 4978 0ebb 9B020000 		.4byte	0x29b
 4979 0ebf 05       		.uleb128 0x5
 4980 0ec0 34010000 		.4byte	0x134
 4981 0ec4 1E       		.uleb128 0x1e
 4982 0ec5 6F020000 		.4byte	.LASF203
 4983 0ec9 10       		.byte	0x10
 4984 0eca 0C       		.byte	0xc
 4985 0ecb 5C01     		.2byte	0x15c
 4986 0ecd 10       		.byte	0x10
 4987 0ece EF0E0000 		.4byte	0xeef
 4988 0ed2 01       		.uleb128 0x1
 4989 0ed3 D6040000 		.4byte	.LASF193
 4990 0ed7 0C       		.byte	0xc
 4991 0ed8 6101     		.2byte	0x161
 4992 0eda 21       		.byte	0x21
 4993 0edb 18040000 		.4byte	0x418
 4994 0edf 00       		.byte	0
 4995 0ee0 01       		.uleb128 0x1
 4996 0ee1 4D0F0000 		.4byte	.LASF204
 4997 0ee5 0C       		.byte	0xc
 4998 0ee6 6501     		.2byte	0x165
 4999 0ee8 22       		.byte	0x22
 5000 0ee9 C8040000 		.4byte	0x4c8
 5001 0eed 0C       		.byte	0xc
 5002 0eee 00       		.byte	0
 5003 0eef 1B       		.uleb128 0x1b
 5004 0ef0 230D0000 		.4byte	.LASF205
ARM GAS  C:\Users\DEVELO~1\AppData\Local\Temp\ccalPHYl.s 			page 89


 5005 0ef4 0C       		.byte	0xc
 5006 0ef5 6601     		.2byte	0x166
 5007 0ef7 C40E0000 		.4byte	0xec4
 5008 0efb 1E       		.uleb128 0x1e
 5009 0efc D30B0000 		.4byte	.LASF206
 5010 0f00 14       		.byte	0x14
 5011 0f01 0C       		.byte	0xc
 5012 0f02 6B01     		.2byte	0x16b
 5013 0f04 10       		.byte	0x10
 5014 0f05 500F0000 		.4byte	0xf50
 5015 0f09 01       		.uleb128 0x1
 5016 0f0a 3C000000 		.4byte	.LASF36
 5017 0f0e 0C       		.byte	0xc
 5018 0f0f 6F01     		.2byte	0x16f
 5019 0f11 22       		.byte	0x22
 5020 0f12 CE000000 		.4byte	0xce
 5021 0f16 00       		.byte	0
 5022 0f17 01       		.uleb128 0x1
 5023 0f18 33080000 		.4byte	.LASF207
 5024 0f1c 0C       		.byte	0xc
 5025 0f1d 7501     		.2byte	0x175
 5026 0f1f 22       		.byte	0x22
 5027 0f20 BF0E0000 		.4byte	0xebf
 5028 0f24 04       		.byte	0x4
 5029 0f25 01       		.uleb128 0x1
 5030 0f26 1D050000 		.4byte	.LASF208
 5031 0f2a 0C       		.byte	0xc
 5032 0f2b 7901     		.2byte	0x179
 5033 0f2d 22       		.byte	0x22
 5034 0f2e BF0E0000 		.4byte	0xebf
 5035 0f32 08       		.byte	0x8
 5036 0f33 01       		.uleb128 0x1
 5037 0f34 CB0E0000 		.4byte	.LASF209
 5038 0f38 0C       		.byte	0xc
 5039 0f39 7F01     		.2byte	0x17f
 5040 0f3b 22       		.byte	0x22
 5041 0f3c BF0E0000 		.4byte	0xebf
 5042 0f40 0C       		.byte	0xc
 5043 0f41 01       		.uleb128 0x1
 5044 0f42 6E070000 		.4byte	.LASF210
 5045 0f46 0C       		.byte	0xc
 5046 0f47 8301     		.2byte	0x183
 5047 0f49 22       		.byte	0x22
 5048 0f4a BF0E0000 		.4byte	0xebf
 5049 0f4e 10       		.byte	0x10
 5050 0f4f 00       		.byte	0
 5051 0f50 1B       		.uleb128 0x1b
 5052 0f51 31040000 		.4byte	.LASF211
 5053 0f55 0C       		.byte	0xc
 5054 0f56 8501     		.2byte	0x185
 5055 0f58 FB0E0000 		.4byte	0xefb
 5056 0f5c 0E       		.uleb128 0xe
 5057 0f5d 500F0000 		.4byte	0xf50
 5058 0f61 05       		.uleb128 0x5
 5059 0f62 5C0F0000 		.4byte	0xf5c
 5060 0f66 03       		.uleb128 0x3
 5061 0f67 EC0A0000 		.4byte	.LASF212
ARM GAS  C:\Users\DEVELO~1\AppData\Local\Temp\ccalPHYl.s 			page 90


 5062 0f6b 14       		.byte	0x14
 5063 0f6c 34       		.byte	0x34
 5064 0f6d 19       		.byte	0x19
 5065 0f6e 800E0000 		.4byte	0xe80
 5066 0f72 05       		.uleb128 0x5
 5067 0f73 660F0000 		.4byte	0xf66
 5068 0f77 03       		.uleb128 0x3
 5069 0f78 080D0000 		.4byte	.LASF213
 5070 0f7c 15       		.byte	0x15
 5071 0f7d 34       		.byte	0x34
 5072 0f7e 1F       		.byte	0x1f
 5073 0f7f 830F0000 		.4byte	0xf83
 5074 0f83 0A       		.uleb128 0xa
 5075 0f84 F90F0000 		.4byte	.LASF214
 5076 0f88 14       		.byte	0x14
 5077 0f89 15       		.byte	0x15
 5078 0f8a 39       		.byte	0x39
 5079 0f8b 08       		.byte	0x8
 5080 0f8c D20F0000 		.4byte	0xfd2
 5081 0f90 02       		.uleb128 0x2
 5082 0f91 64010000 		.4byte	.LASF70
 5083 0f95 15       		.byte	0x15
 5084 0f96 3A       		.byte	0x3a
 5085 0f97 1A       		.byte	0x1a
 5086 0f98 D20F0000 		.4byte	0xfd2
 5087 0f9c 00       		.byte	0
 5088 0f9d 02       		.uleb128 0x2
 5089 0f9e B3000000 		.4byte	.LASF215
 5090 0fa2 15       		.byte	0x15
 5091 0fa3 3D       		.byte	0x3d
 5092 0fa4 1A       		.byte	0x1a
 5093 0fa5 C8040000 		.4byte	0x4c8
 5094 0fa9 04       		.byte	0x4
 5095 0faa 02       		.uleb128 0x2
 5096 0fab 610C0000 		.4byte	.LASF216
 5097 0faf 15       		.byte	0x15
 5098 0fb0 3F       		.byte	0x3f
 5099 0fb1 19       		.byte	0x19
 5100 0fb2 7C010000 		.4byte	0x17c
 5101 0fb6 08       		.byte	0x8
 5102 0fb7 02       		.uleb128 0x2
 5103 0fb8 C6000000 		.4byte	.LASF39
 5104 0fbc 15       		.byte	0x15
 5105 0fbd 41       		.byte	0x41
 5106 0fbe 19       		.byte	0x19
 5107 0fbf 88010000 		.4byte	0x188
 5108 0fc3 0C       		.byte	0xc
 5109 0fc4 02       		.uleb128 0x2
 5110 0fc5 990C0000 		.4byte	.LASF217
 5111 0fc9 15       		.byte	0x15
 5112 0fca 43       		.byte	0x43
 5113 0fcb 19       		.byte	0x19
 5114 0fcc 88010000 		.4byte	0x188
 5115 0fd0 10       		.byte	0x10
 5116 0fd1 00       		.byte	0
 5117 0fd2 05       		.uleb128 0x5
 5118 0fd3 770F0000 		.4byte	0xf77
ARM GAS  C:\Users\DEVELO~1\AppData\Local\Temp\ccalPHYl.s 			page 91


 5119 0fd7 0A       		.uleb128 0xa
 5120 0fd8 E7090000 		.4byte	.LASF218
 5121 0fdc 04       		.byte	0x4
 5122 0fdd 15       		.byte	0x15
 5123 0fde 4A       		.byte	0x4a
 5124 0fdf 10       		.byte	0x10
 5125 0fe0 F20F0000 		.4byte	0xff2
 5126 0fe4 02       		.uleb128 0x2
 5127 0fe5 64010000 		.4byte	.LASF70
 5128 0fe9 15       		.byte	0x15
 5129 0fea 4B       		.byte	0x4b
 5130 0feb 1A       		.byte	0x1a
 5131 0fec D20F0000 		.4byte	0xfd2
 5132 0ff0 00       		.byte	0
 5133 0ff1 00       		.byte	0
 5134 0ff2 03       		.uleb128 0x3
 5135 0ff3 C7040000 		.4byte	.LASF219
 5136 0ff7 15       		.byte	0x15
 5137 0ff8 4E       		.byte	0x4e
 5138 0ff9 03       		.byte	0x3
 5139 0ffa D70F0000 		.4byte	0xfd7
 5140 0ffe 0D       		.uleb128 0xd
 5141 0fff 01       		.byte	0x1
 5142 1000 02       		.byte	0x2
 5143 1001 7F060000 		.4byte	.LASF220
 5144 1005 05       		.uleb128 0x5
 5145 1006 D8000000 		.4byte	0xd8
 5146 100a 0A       		.uleb128 0xa
 5147 100b 94010000 		.4byte	.LASF221
 5148 100f 14       		.byte	0x14
 5149 1010 16       		.byte	0x16
 5150 1011 4F       		.byte	0x4f
 5151 1012 08       		.byte	0x8
 5152 1013 59100000 		.4byte	0x1059
 5153 1017 02       		.uleb128 0x2
 5154 1018 4A090000 		.4byte	.LASF222
 5155 101c 16       		.byte	0x16
 5156 101d 50       		.byte	0x50
 5157 101e 03       		.byte	0x3
 5158 101f 2D000000 		.4byte	0x2d
 5159 1023 00       		.byte	0
 5160 1024 02       		.uleb128 0x2
 5161 1025 24090000 		.4byte	.LASF223
 5162 1029 16       		.byte	0x16
 5163 102a 50       		.byte	0x50
 5164 102b 03       		.byte	0x3
 5165 102c 7C100000 		.4byte	0x107c
 5166 1030 04       		.byte	0x4
 5167 1031 02       		.uleb128 0x2
 5168 1032 780C0000 		.4byte	.LASF224
 5169 1036 16       		.byte	0x16
 5170 1037 50       		.byte	0x50
 5171 1038 03       		.byte	0x3
 5172 1039 9A100000 		.4byte	0x109a
 5173 103d 08       		.byte	0x8
 5174 103e 09       		.uleb128 0x9
 5175 103f 70757400 		.ascii	"put\000"
ARM GAS  C:\Users\DEVELO~1\AppData\Local\Temp\ccalPHYl.s 			page 92


 5176 1043 16       		.byte	0x16
 5177 1044 50       		.byte	0x50
 5178 1045 03       		.byte	0x3
 5179 1046 B3100000 		.4byte	0x10b3
 5180 104a 0C       		.byte	0xc
 5181 104b 09       		.uleb128 0x9
 5182 104c 67657400 		.ascii	"get\000"
 5183 1050 16       		.byte	0x16
 5184 1051 50       		.byte	0x50
 5185 1052 03       		.byte	0x3
 5186 1053 C7100000 		.4byte	0x10c7
 5187 1057 10       		.byte	0x10
 5188 1058 00       		.byte	0
 5189 1059 0E       		.uleb128 0xe
 5190 105a 0A100000 		.4byte	0x100a
 5191 105e 0C       		.uleb128 0xc
 5192 105f 2D000000 		.4byte	0x2d
 5193 1063 77100000 		.4byte	0x1077
 5194 1067 04       		.uleb128 0x4
 5195 1068 C0000000 		.4byte	0xc0
 5196 106c 04       		.uleb128 0x4
 5197 106d 77100000 		.4byte	0x1077
 5198 1071 04       		.uleb128 0x4
 5199 1072 2D000000 		.4byte	0x2d
 5200 1076 00       		.byte	0
 5201 1077 05       		.uleb128 0x5
 5202 1078 E4000000 		.4byte	0xe4
 5203 107c 05       		.uleb128 0x5
 5204 107d 5E100000 		.4byte	0x105e
 5205 1081 0C       		.uleb128 0xc
 5206 1082 2D000000 		.4byte	0x2d
 5207 1086 9A100000 		.4byte	0x109a
 5208 108a 04       		.uleb128 0x4
 5209 108b C0000000 		.4byte	0xc0
 5210 108f 04       		.uleb128 0x4
 5211 1090 05100000 		.4byte	0x1005
 5212 1094 04       		.uleb128 0x4
 5213 1095 2D000000 		.4byte	0x2d
 5214 1099 00       		.byte	0
 5215 109a 05       		.uleb128 0x5
 5216 109b 81100000 		.4byte	0x1081
 5217 109f 0C       		.uleb128 0xc
 5218 10a0 70010000 		.4byte	0x170
 5219 10a4 B3100000 		.4byte	0x10b3
 5220 10a8 04       		.uleb128 0x4
 5221 10a9 C0000000 		.4byte	0xc0
 5222 10ad 04       		.uleb128 0x4
 5223 10ae D8000000 		.4byte	0xd8
 5224 10b2 00       		.byte	0
 5225 10b3 05       		.uleb128 0x5
 5226 10b4 9F100000 		.4byte	0x109f
 5227 10b8 0C       		.uleb128 0xc
 5228 10b9 70010000 		.4byte	0x170
 5229 10bd C7100000 		.4byte	0x10c7
 5230 10c1 04       		.uleb128 0x4
 5231 10c2 C0000000 		.4byte	0xc0
 5232 10c6 00       		.byte	0
ARM GAS  C:\Users\DEVELO~1\AppData\Local\Temp\ccalPHYl.s 			page 93


 5233 10c7 05       		.uleb128 0x5
 5234 10c8 B8100000 		.4byte	0x10b8
 5235 10cc 14       		.uleb128 0x14
 5236 10cd 04       		.byte	0x4
 5237 10ce 16       		.byte	0x16
 5238 10cf 5A       		.byte	0x5a
 5239 10d0 09       		.byte	0x9
 5240 10d1 E3100000 		.4byte	0x10e3
 5241 10d5 09       		.uleb128 0x9
 5242 10d6 766D7400 		.ascii	"vmt\000"
 5243 10da 16       		.byte	0x16
 5244 10db 5C       		.byte	0x5c
 5245 10dc 29       		.byte	0x29
 5246 10dd E3100000 		.4byte	0x10e3
 5247 10e1 00       		.byte	0
 5248 10e2 00       		.byte	0
 5249 10e3 05       		.uleb128 0x5
 5250 10e4 59100000 		.4byte	0x1059
 5251 10e8 03       		.uleb128 0x3
 5252 10e9 7D070000 		.4byte	.LASF225
 5253 10ed 16       		.byte	0x16
 5254 10ee 5E       		.byte	0x5e
 5255 10ef 03       		.byte	0x3
 5256 10f0 CC100000 		.4byte	0x10cc
 5257 10f4 0C       		.uleb128 0xc
 5258 10f5 70010000 		.4byte	0x170
 5259 10f9 0D110000 		.4byte	0x110d
 5260 10fd 04       		.uleb128 0x4
 5261 10fe C0000000 		.4byte	0xc0
 5262 1102 04       		.uleb128 0x4
 5263 1103 D8000000 		.4byte	0xd8
 5264 1107 04       		.uleb128 0x4
 5265 1108 9B030000 		.4byte	0x39b
 5266 110c 00       		.byte	0
 5267 110d 05       		.uleb128 0x5
 5268 110e F4100000 		.4byte	0x10f4
 5269 1112 0C       		.uleb128 0xc
 5270 1113 70010000 		.4byte	0x170
 5271 1117 26110000 		.4byte	0x1126
 5272 111b 04       		.uleb128 0x4
 5273 111c C0000000 		.4byte	0xc0
 5274 1120 04       		.uleb128 0x4
 5275 1121 9B030000 		.4byte	0x39b
 5276 1125 00       		.byte	0
 5277 1126 05       		.uleb128 0x5
 5278 1127 12110000 		.4byte	0x1112
 5279 112b 0C       		.uleb128 0xc
 5280 112c 2D000000 		.4byte	0x2d
 5281 1130 49110000 		.4byte	0x1149
 5282 1134 04       		.uleb128 0x4
 5283 1135 C0000000 		.4byte	0xc0
 5284 1139 04       		.uleb128 0x4
 5285 113a 77100000 		.4byte	0x1077
 5286 113e 04       		.uleb128 0x4
 5287 113f 2D000000 		.4byte	0x2d
 5288 1143 04       		.uleb128 0x4
 5289 1144 9B030000 		.4byte	0x39b
ARM GAS  C:\Users\DEVELO~1\AppData\Local\Temp\ccalPHYl.s 			page 94


 5290 1148 00       		.byte	0
 5291 1149 05       		.uleb128 0x5
 5292 114a 2B110000 		.4byte	0x112b
 5293 114e 0C       		.uleb128 0xc
 5294 114f 2D000000 		.4byte	0x2d
 5295 1153 6C110000 		.4byte	0x116c
 5296 1157 04       		.uleb128 0x4
 5297 1158 C0000000 		.4byte	0xc0
 5298 115c 04       		.uleb128 0x4
 5299 115d 05100000 		.4byte	0x1005
 5300 1161 04       		.uleb128 0x4
 5301 1162 2D000000 		.4byte	0x2d
 5302 1166 04       		.uleb128 0x4
 5303 1167 9B030000 		.4byte	0x39b
 5304 116b 00       		.byte	0
 5305 116c 05       		.uleb128 0x5
 5306 116d 4E110000 		.4byte	0x114e
 5307 1171 0C       		.uleb128 0xc
 5308 1172 70010000 		.4byte	0x170
 5309 1176 8A110000 		.4byte	0x118a
 5310 117a 04       		.uleb128 0x4
 5311 117b C0000000 		.4byte	0xc0
 5312 117f 04       		.uleb128 0x4
 5313 1180 3E000000 		.4byte	0x3e
 5314 1184 04       		.uleb128 0x4
 5315 1185 C0000000 		.4byte	0xc0
 5316 1189 00       		.byte	0
 5317 118a 05       		.uleb128 0x5
 5318 118b 71110000 		.4byte	0x1171
 5319 118f 1F       		.uleb128 0x1f
 5320 1190 66000000 		.4byte	0x66
 5321 1194 17       		.byte	0x17
 5322 1195 28       		.byte	0x28
 5323 1196 D1110000 		.4byte	0x11d1
 5324 119a 0B       		.uleb128 0xb
 5325 119b E7020000 		.4byte	.LASF226
 5326 119f 00       		.byte	0
 5327 11a0 0B       		.uleb128 0xb
 5328 11a1 5A090000 		.4byte	.LASF227
 5329 11a5 01       		.byte	0x1
 5330 11a6 0B       		.uleb128 0xb
 5331 11a7 08010000 		.4byte	.LASF228
 5332 11ab 02       		.byte	0x2
 5333 11ac 0B       		.uleb128 0xb
 5334 11ad 14020000 		.4byte	.LASF229
 5335 11b1 03       		.byte	0x3
 5336 11b2 0B       		.uleb128 0xb
 5337 11b3 97070000 		.4byte	.LASF230
 5338 11b7 04       		.byte	0x4
 5339 11b8 0B       		.uleb128 0xb
 5340 11b9 BE080000 		.4byte	.LASF231
 5341 11bd 05       		.byte	0x5
 5342 11be 0B       		.uleb128 0xb
 5343 11bf 090C0000 		.4byte	.LASF232
 5344 11c3 06       		.byte	0x6
 5345 11c4 0B       		.uleb128 0xb
 5346 11c5 A9070000 		.4byte	.LASF233
ARM GAS  C:\Users\DEVELO~1\AppData\Local\Temp\ccalPHYl.s 			page 95


 5347 11c9 07       		.byte	0x7
 5348 11ca 0B       		.uleb128 0xb
 5349 11cb 30000000 		.4byte	.LASF234
 5350 11cf 08       		.byte	0x8
 5351 11d0 00       		.byte	0
 5352 11d1 03       		.uleb128 0x3
 5353 11d2 19090000 		.4byte	.LASF235
 5354 11d6 17       		.byte	0x17
 5355 11d7 32       		.byte	0x32
 5356 11d8 03       		.byte	0x3
 5357 11d9 8F110000 		.4byte	0x118f
 5358 11dd 14       		.uleb128 0x14
 5359 11de 08       		.byte	0x8
 5360 11df 17       		.byte	0x17
 5361 11e0 37       		.byte	0x37
 5362 11e1 09       		.byte	0x9
 5363 11e2 01120000 		.4byte	0x1201
 5364 11e6 02       		.uleb128 0x2
 5365 11e7 7C010000 		.4byte	.LASF236
 5366 11eb 17       		.byte	0x17
 5367 11ec 38       		.byte	0x38
 5368 11ed 11       		.byte	0x11
 5369 11ee 01010000 		.4byte	0x101
 5370 11f2 00       		.byte	0
 5371 11f3 02       		.uleb128 0x2
 5372 11f4 2B080000 		.4byte	.LASF237
 5373 11f8 17       		.byte	0x17
 5374 11f9 39       		.byte	0x39
 5375 11fa 11       		.byte	0x11
 5376 11fb 01010000 		.4byte	0x101
 5377 11ff 04       		.byte	0x4
 5378 1200 00       		.byte	0
 5379 1201 03       		.uleb128 0x3
 5380 1202 B2060000 		.4byte	.LASF238
 5381 1206 17       		.byte	0x17
 5382 1207 3A       		.byte	0x3a
 5383 1208 03       		.byte	0x3
 5384 1209 DD110000 		.4byte	0x11dd
 5385 120d 0C       		.uleb128 0xc
 5386 120e FE0F0000 		.4byte	0xffe
 5387 1212 1C120000 		.4byte	0x121c
 5388 1216 04       		.uleb128 0x4
 5389 1217 C0000000 		.4byte	0xc0
 5390 121b 00       		.byte	0
 5391 121c 05       		.uleb128 0x5
 5392 121d 0D120000 		.4byte	0x120d
 5393 1221 0C       		.uleb128 0xc
 5394 1222 FE0F0000 		.4byte	0xffe
 5395 1226 3F120000 		.4byte	0x123f
 5396 122a 04       		.uleb128 0x4
 5397 122b C0000000 		.4byte	0xc0
 5398 122f 04       		.uleb128 0x4
 5399 1230 01010000 		.4byte	0x101
 5400 1234 04       		.uleb128 0x4
 5401 1235 05100000 		.4byte	0x1005
 5402 1239 04       		.uleb128 0x4
 5403 123a 01010000 		.4byte	0x101
ARM GAS  C:\Users\DEVELO~1\AppData\Local\Temp\ccalPHYl.s 			page 96


 5404 123e 00       		.byte	0
 5405 123f 05       		.uleb128 0x5
 5406 1240 21120000 		.4byte	0x1221
 5407 1244 0C       		.uleb128 0xc
 5408 1245 FE0F0000 		.4byte	0xffe
 5409 1249 62120000 		.4byte	0x1262
 5410 124d 04       		.uleb128 0x4
 5411 124e C0000000 		.4byte	0xc0
 5412 1252 04       		.uleb128 0x4
 5413 1253 01010000 		.4byte	0x101
 5414 1257 04       		.uleb128 0x4
 5415 1258 77100000 		.4byte	0x1077
 5416 125c 04       		.uleb128 0x4
 5417 125d 01010000 		.4byte	0x101
 5418 1261 00       		.byte	0
 5419 1262 05       		.uleb128 0x5
 5420 1263 44120000 		.4byte	0x1244
 5421 1267 0C       		.uleb128 0xc
 5422 1268 FE0F0000 		.4byte	0xffe
 5423 126c 7B120000 		.4byte	0x127b
 5424 1270 04       		.uleb128 0x4
 5425 1271 C0000000 		.4byte	0xc0
 5426 1275 04       		.uleb128 0x4
 5427 1276 7B120000 		.4byte	0x127b
 5428 127a 00       		.byte	0
 5429 127b 05       		.uleb128 0x5
 5430 127c 01120000 		.4byte	0x1201
 5431 1280 05       		.uleb128 0x5
 5432 1281 67120000 		.4byte	0x1267
 5433 1285 05       		.uleb128 0x5
 5434 1286 01010000 		.4byte	0x101
 5435 128a 03       		.uleb128 0x3
 5436 128b 25010000 		.4byte	.LASF239
 5437 128f 18       		.byte	0x18
 5438 1290 3A       		.byte	0x3a
 5439 1291 19       		.byte	0x19
 5440 1292 96120000 		.4byte	0x1296
 5441 1296 0A       		.uleb128 0xa
 5442 1297 F20E0000 		.4byte	.LASF240
 5443 129b 24       		.byte	0x24
 5444 129c 18       		.byte	0x18
 5445 129d 4B       		.byte	0x4b
 5446 129e 08       		.byte	0x8
 5447 129f 0C130000 		.4byte	0x130c
 5448 12a3 02       		.uleb128 0x2
 5449 12a4 A4030000 		.4byte	.LASF241
 5450 12a8 18       		.byte	0x18
 5451 12a9 4C       		.byte	0x4c
 5452 12aa 19       		.byte	0x19
 5453 12ab AC0D0000 		.4byte	0xdac
 5454 12af 00       		.byte	0
 5455 12b0 02       		.uleb128 0x2
 5456 12b1 72080000 		.4byte	.LASF242
 5457 12b5 18       		.byte	0x18
 5458 12b6 4D       		.byte	0x4d
 5459 12b7 19       		.byte	0x19
 5460 12b8 39000000 		.4byte	0x39
ARM GAS  C:\Users\DEVELO~1\AppData\Local\Temp\ccalPHYl.s 			page 97


 5461 12bc 08       		.byte	0x8
 5462 12bd 02       		.uleb128 0x2
 5463 12be 2A090000 		.4byte	.LASF243
 5464 12c2 18       		.byte	0x18
 5465 12c3 4E       		.byte	0x4e
 5466 12c4 1A       		.byte	0x1a
 5467 12c5 05100000 		.4byte	0x1005
 5468 12c9 0C       		.byte	0xc
 5469 12ca 02       		.uleb128 0x2
 5470 12cb DF0C0000 		.4byte	.LASF244
 5471 12cf 18       		.byte	0x18
 5472 12d0 4F       		.byte	0x4f
 5473 12d1 1A       		.byte	0x1a
 5474 12d2 05100000 		.4byte	0x1005
 5475 12d6 10       		.byte	0x10
 5476 12d7 02       		.uleb128 0x2
 5477 12d8 13080000 		.4byte	.LASF245
 5478 12dc 18       		.byte	0x18
 5479 12dd 51       		.byte	0x51
 5480 12de 1A       		.byte	0x1a
 5481 12df 05100000 		.4byte	0x1005
 5482 12e3 14       		.byte	0x14
 5483 12e4 02       		.uleb128 0x2
 5484 12e5 B8010000 		.4byte	.LASF246
 5485 12e9 18       		.byte	0x18
 5486 12ea 52       		.byte	0x52
 5487 12eb 1A       		.byte	0x1a
 5488 12ec 05100000 		.4byte	0x1005
 5489 12f0 18       		.byte	0x18
 5490 12f1 02       		.uleb128 0x2
 5491 12f2 46070000 		.4byte	.LASF247
 5492 12f6 18       		.byte	0x18
 5493 12f7 53       		.byte	0x53
 5494 12f8 19       		.byte	0x19
 5495 12f9 0C130000 		.4byte	0x130c
 5496 12fd 1C       		.byte	0x1c
 5497 12fe 02       		.uleb128 0x2
 5498 12ff 230B0000 		.4byte	.LASF248
 5499 1303 18       		.byte	0x18
 5500 1304 54       		.byte	0x54
 5501 1305 1A       		.byte	0x1a
 5502 1306 C0000000 		.4byte	0xc0
 5503 130a 20       		.byte	0x20
 5504 130b 00       		.byte	0
 5505 130c 03       		.uleb128 0x3
 5506 130d E0010000 		.4byte	.LASF249
 5507 1311 18       		.byte	0x18
 5508 1312 41       		.byte	0x41
 5509 1313 10       		.byte	0x10
 5510 1314 18130000 		.4byte	0x1318
 5511 1318 05       		.uleb128 0x5
 5512 1319 1D130000 		.4byte	0x131d
 5513 131d 39       		.uleb128 0x39
 5514 131e 28130000 		.4byte	0x1328
 5515 1322 04       		.uleb128 0x4
 5516 1323 28130000 		.4byte	0x1328
 5517 1327 00       		.byte	0
ARM GAS  C:\Users\DEVELO~1\AppData\Local\Temp\ccalPHYl.s 			page 98


 5518 1328 05       		.uleb128 0x5
 5519 1329 8A120000 		.4byte	0x128a
 5520 132d 03       		.uleb128 0x3
 5521 132e 89080000 		.4byte	.LASF250
 5522 1332 18       		.byte	0x18
 5523 1333 61       		.byte	0x61
 5524 1334 14       		.byte	0x14
 5525 1335 8A120000 		.4byte	0x128a
 5526 1339 03       		.uleb128 0x3
 5527 133a 63090000 		.4byte	.LASF251
 5528 133e 18       		.byte	0x18
 5529 133f 6D       		.byte	0x6d
 5530 1340 14       		.byte	0x14
 5531 1341 8A120000 		.4byte	0x128a
 5532 1345 05       		.uleb128 0x5
 5533 1346 4A130000 		.4byte	0x134a
 5534 134a 3A       		.uleb128 0x3a
 5535 134b 1F       		.uleb128 0x1f
 5536 134c 66000000 		.4byte	0x66
 5537 1350 19       		.byte	0x19
 5538 1351 58       		.byte	0x58
 5539 1352 69130000 		.4byte	0x1369
 5540 1356 0B       		.uleb128 0xb
 5541 1357 850C0000 		.4byte	.LASF252
 5542 135b 00       		.byte	0
 5543 135c 0B       		.uleb128 0xb
 5544 135d 85060000 		.4byte	.LASF253
 5545 1361 01       		.byte	0x1
 5546 1362 0B       		.uleb128 0xb
 5547 1363 CF0A0000 		.4byte	.LASF254
 5548 1367 02       		.byte	0x2
 5549 1368 00       		.byte	0
 5550 1369 03       		.uleb128 0x3
 5551 136a 75060000 		.4byte	.LASF255
 5552 136e 19       		.byte	0x19
 5553 136f 5C       		.byte	0x5c
 5554 1370 03       		.byte	0x3
 5555 1371 4B130000 		.4byte	0x134b
 5556 1375 03       		.uleb128 0x3
 5557 1376 23000000 		.4byte	.LASF256
 5558 137a 19       		.byte	0x19
 5559 137b 61       		.byte	0x61
 5560 137c 22       		.byte	0x22
 5561 137d 81130000 		.4byte	0x1381
 5562 1381 0A       		.uleb128 0xa
 5563 1382 13010000 		.4byte	.LASF257
 5564 1386 60       		.byte	0x60
 5565 1387 19       		.byte	0x19
 5566 1388 7B       		.byte	0x7b
 5567 1389 08       		.byte	0x8
 5568 138a F7130000 		.4byte	0x13f7
 5569 138e 09       		.uleb128 0x9
 5570 138f 766D7400 		.ascii	"vmt\000"
 5571 1393 19       		.byte	0x19
 5572 1394 7D       		.byte	0x7d
 5573 1395 21       		.byte	0x21
 5574 1396 99140000 		.4byte	0x1499
ARM GAS  C:\Users\DEVELO~1\AppData\Local\Temp\ccalPHYl.s 			page 99


 5575 139a 00       		.byte	0
 5576 139b 02       		.uleb128 0x2
 5577 139c E5030000 		.4byte	.LASF258
 5578 13a0 19       		.byte	0x19
 5579 13a1 7E       		.byte	0x7e
 5580 13a2 03       		.byte	0x3
 5581 13a3 F20F0000 		.4byte	0xff2
 5582 13a7 04       		.byte	0x4
 5583 13a8 02       		.uleb128 0x2
 5584 13a9 590E0000 		.4byte	.LASF38
 5585 13ad 19       		.byte	0x19
 5586 13ae 7E       		.byte	0x7e
 5587 13af 03       		.byte	0x3
 5588 13b0 69130000 		.4byte	0x1369
 5589 13b4 08       		.byte	0x8
 5590 13b5 02       		.uleb128 0x2
 5591 13b6 77030000 		.4byte	.LASF259
 5592 13ba 19       		.byte	0x19
 5593 13bb 7E       		.byte	0x7e
 5594 13bc 03       		.byte	0x3
 5595 13bd 2D130000 		.4byte	0x132d
 5596 13c1 0C       		.byte	0xc
 5597 13c2 02       		.uleb128 0x2
 5598 13c3 950A0000 		.4byte	.LASF260
 5599 13c7 19       		.byte	0x19
 5600 13c8 7E       		.byte	0x7e
 5601 13c9 03       		.byte	0x3
 5602 13ca 39130000 		.4byte	0x1339
 5603 13ce 30       		.byte	0x30
 5604 13cf 02       		.uleb128 0x2
 5605 13d0 B1080000 		.4byte	.LASF261
 5606 13d4 19       		.byte	0x19
 5607 13d5 7E       		.byte	0x7e
 5608 13d6 03       		.byte	0x3
 5609 13d7 9E140000 		.4byte	0x149e
 5610 13db 54       		.byte	0x54
 5611 13dc 02       		.uleb128 0x2
 5612 13dd 62070000 		.4byte	.LASF262
 5613 13e1 19       		.byte	0x19
 5614 13e2 7E       		.byte	0x7e
 5615 13e3 03       		.byte	0x3
 5616 13e4 01010000 		.4byte	0x101
 5617 13e8 58       		.byte	0x58
 5618 13e9 02       		.uleb128 0x2
 5619 13ea 120B0000 		.4byte	.LASF263
 5620 13ee 19       		.byte	0x19
 5621 13ef 7E       		.byte	0x7e
 5622 13f0 03       		.byte	0x3
 5623 13f1 D8000000 		.4byte	0xd8
 5624 13f5 5C       		.byte	0x5c
 5625 13f6 00       		.byte	0
 5626 13f7 3B       		.uleb128 0x3b
 5627 13f8 53443100 		.ascii	"SD1\000"
 5628 13fc 1E       		.byte	0x1e
 5629 13fd 9002     		.2byte	0x290
 5630 13ff 15       		.byte	0x15
 5631 1400 75130000 		.4byte	0x1375
ARM GAS  C:\Users\DEVELO~1\AppData\Local\Temp\ccalPHYl.s 			page 100


 5632 1404 0A       		.uleb128 0xa
 5633 1405 010F0000 		.4byte	.LASF264
 5634 1409 28       		.byte	0x28
 5635 140a 19       		.byte	0x19
 5636 140b 70       		.byte	0x70
 5637 140c 08       		.byte	0x8
 5638 140d 94140000 		.4byte	0x1494
 5639 1411 02       		.uleb128 0x2
 5640 1412 4A090000 		.4byte	.LASF222
 5641 1416 19       		.byte	0x19
 5642 1417 71       		.byte	0x71
 5643 1418 03       		.byte	0x3
 5644 1419 2D000000 		.4byte	0x2d
 5645 141d 00       		.byte	0
 5646 141e 02       		.uleb128 0x2
 5647 141f 24090000 		.4byte	.LASF223
 5648 1423 19       		.byte	0x19
 5649 1424 71       		.byte	0x71
 5650 1425 03       		.byte	0x3
 5651 1426 7C100000 		.4byte	0x107c
 5652 142a 04       		.byte	0x4
 5653 142b 02       		.uleb128 0x2
 5654 142c 780C0000 		.4byte	.LASF224
 5655 1430 19       		.byte	0x19
 5656 1431 71       		.byte	0x71
 5657 1432 03       		.byte	0x3
 5658 1433 9A100000 		.4byte	0x109a
 5659 1437 08       		.byte	0x8
 5660 1438 09       		.uleb128 0x9
 5661 1439 70757400 		.ascii	"put\000"
 5662 143d 19       		.byte	0x19
 5663 143e 71       		.byte	0x71
 5664 143f 03       		.byte	0x3
 5665 1440 B3100000 		.4byte	0x10b3
 5666 1444 0C       		.byte	0xc
 5667 1445 09       		.uleb128 0x9
 5668 1446 67657400 		.ascii	"get\000"
 5669 144a 19       		.byte	0x19
 5670 144b 71       		.byte	0x71
 5671 144c 03       		.byte	0x3
 5672 144d C7100000 		.4byte	0x10c7
 5673 1451 10       		.byte	0x10
 5674 1452 02       		.uleb128 0x2
 5675 1453 A6050000 		.4byte	.LASF265
 5676 1457 19       		.byte	0x19
 5677 1458 71       		.byte	0x71
 5678 1459 03       		.byte	0x3
 5679 145a 0D110000 		.4byte	0x110d
 5680 145e 14       		.byte	0x14
 5681 145f 02       		.uleb128 0x2
 5682 1460 BC000000 		.4byte	.LASF266
 5683 1464 19       		.byte	0x19
 5684 1465 71       		.byte	0x71
 5685 1466 03       		.byte	0x3
 5686 1467 26110000 		.4byte	0x1126
 5687 146b 18       		.byte	0x18
 5688 146c 02       		.uleb128 0x2
ARM GAS  C:\Users\DEVELO~1\AppData\Local\Temp\ccalPHYl.s 			page 101


 5689 146d AA080000 		.4byte	.LASF267
 5690 1471 19       		.byte	0x19
 5691 1472 71       		.byte	0x71
 5692 1473 03       		.byte	0x3
 5693 1474 49110000 		.4byte	0x1149
 5694 1478 1C       		.byte	0x1c
 5695 1479 02       		.uleb128 0x2
 5696 147a 39090000 		.4byte	.LASF268
 5697 147e 19       		.byte	0x19
 5698 147f 71       		.byte	0x71
 5699 1480 03       		.byte	0x3
 5700 1481 6C110000 		.4byte	0x116c
 5701 1485 20       		.byte	0x20
 5702 1486 09       		.uleb128 0x9
 5703 1487 63746C00 		.ascii	"ctl\000"
 5704 148b 19       		.byte	0x19
 5705 148c 71       		.byte	0x71
 5706 148d 03       		.byte	0x3
 5707 148e 8A110000 		.4byte	0x118a
 5708 1492 24       		.byte	0x24
 5709 1493 00       		.byte	0
 5710 1494 0E       		.uleb128 0xe
 5711 1495 04140000 		.4byte	0x1404
 5712 1499 05       		.uleb128 0x5
 5713 149a 94140000 		.4byte	0x1494
 5714 149e 05       		.uleb128 0x5
 5715 149f 6A0C0000 		.4byte	0xc6a
 5716 14a3 1F       		.uleb128 0x1f
 5717 14a4 66000000 		.4byte	0x66
 5718 14a8 1A       		.byte	0x1a
 5719 14a9 7A       		.byte	0x7a
 5720 14aa C1140000 		.4byte	0x14c1
 5721 14ae 0B       		.uleb128 0xb
 5722 14af 750E0000 		.4byte	.LASF269
 5723 14b3 00       		.byte	0
 5724 14b4 0B       		.uleb128 0xb
 5725 14b5 590A0000 		.4byte	.LASF270
 5726 14b9 01       		.byte	0x1
 5727 14ba 0B       		.uleb128 0xb
 5728 14bb 1C0F0000 		.4byte	.LASF271
 5729 14bf 02       		.byte	0x2
 5730 14c0 00       		.byte	0
 5731 14c1 03       		.uleb128 0x3
 5732 14c2 900D0000 		.4byte	.LASF272
 5733 14c6 1A       		.byte	0x1a
 5734 14c7 7E       		.byte	0x7e
 5735 14c8 03       		.byte	0x3
 5736 14c9 A3140000 		.4byte	0x14a3
 5737 14cd 1F       		.uleb128 0x1f
 5738 14ce 66000000 		.4byte	0x66
 5739 14d2 1A       		.byte	0x1a
 5740 14d3 83       		.byte	0x83
 5741 14d4 E5140000 		.4byte	0x14e5
 5742 14d8 0B       		.uleb128 0xb
 5743 14d9 310F0000 		.4byte	.LASF273
 5744 14dd 00       		.byte	0
 5745 14de 0B       		.uleb128 0xb
ARM GAS  C:\Users\DEVELO~1\AppData\Local\Temp\ccalPHYl.s 			page 102


 5746 14df 51100000 		.4byte	.LASF274
 5747 14e3 01       		.byte	0x1
 5748 14e4 00       		.byte	0
 5749 14e5 03       		.uleb128 0x3
 5750 14e6 AC010000 		.4byte	.LASF275
 5751 14ea 1A       		.byte	0x1a
 5752 14eb 86       		.byte	0x86
 5753 14ec 03       		.byte	0x3
 5754 14ed CD140000 		.4byte	0x14cd
 5755 14f1 03       		.uleb128 0x3
 5756 14f2 EA010000 		.4byte	.LASF276
 5757 14f6 1B       		.byte	0x1b
 5758 14f7 A6       		.byte	0xa6
 5759 14f8 12       		.byte	0x12
 5760 14f9 01010000 		.4byte	0x101
 5761 14fd 03       		.uleb128 0x3
 5762 14fe 62000000 		.4byte	.LASF277
 5763 1502 1B       		.byte	0x1b
 5764 1503 AB       		.byte	0xab
 5765 1504 12       		.byte	0x12
 5766 1505 01010000 		.4byte	0x101
 5767 1509 03       		.uleb128 0x3
 5768 150a D7080000 		.4byte	.LASF278
 5769 150e 1B       		.byte	0x1b
 5770 150f B0       		.byte	0xb0
 5771 1510 1A       		.byte	0x1a
 5772 1511 15150000 		.4byte	0x1515
 5773 1515 0A       		.uleb128 0xa
 5774 1516 D7080000 		.4byte	.LASF278
 5775 151a 50       		.byte	0x50
 5776 151b 1B       		.byte	0x1b
 5777 151c D6       		.byte	0xd6
 5778 151d 08       		.byte	0x8
 5779 151e DA150000 		.4byte	0x15da
 5780 1522 09       		.uleb128 0x9
 5781 1523 766D7400 		.ascii	"vmt\000"
 5782 1527 1B       		.byte	0x1b
 5783 1528 DA       		.byte	0xda
 5784 1529 1E       		.byte	0x1e
 5785 152a 97160000 		.4byte	0x1697
 5786 152e 00       		.byte	0
 5787 152f 02       		.uleb128 0x2
 5788 1530 590E0000 		.4byte	.LASF38
 5789 1534 1B       		.byte	0x1b
 5790 1535 DB       		.byte	0xdb
 5791 1536 03       		.byte	0x3
 5792 1537 D1110000 		.4byte	0x11d1
 5793 153b 04       		.byte	0x4
 5794 153c 09       		.uleb128 0x9
 5795 153d 63696400 		.ascii	"cid\000"
 5796 1541 1B       		.byte	0x1b
 5797 1542 DB       		.byte	0xdb
 5798 1543 03       		.byte	0x3
 5799 1544 52060000 		.4byte	0x652
 5800 1548 08       		.byte	0x8
 5801 1549 09       		.uleb128 0x9
 5802 154a 63736400 		.ascii	"csd\000"
ARM GAS  C:\Users\DEVELO~1\AppData\Local\Temp\ccalPHYl.s 			page 103


 5803 154e 1B       		.byte	0x1b
 5804 154f DB       		.byte	0xdb
 5805 1550 03       		.byte	0x3
 5806 1551 52060000 		.4byte	0x652
 5807 1555 18       		.byte	0x18
 5808 1556 02       		.uleb128 0x2
 5809 1557 8C000000 		.4byte	.LASF279
 5810 155b 1B       		.byte	0x1b
 5811 155c DB       		.byte	0xdb
 5812 155d 03       		.byte	0x3
 5813 155e 01010000 		.4byte	0x101
 5814 1562 28       		.byte	0x28
 5815 1563 02       		.uleb128 0x2
 5816 1564 E50A0000 		.4byte	.LASF55
 5817 1568 1B       		.byte	0x1b
 5818 1569 DF       		.byte	0xdf
 5819 156a 1E       		.byte	0x1e
 5820 156b 9C160000 		.4byte	0x169c
 5821 156f 2C       		.byte	0x2c
 5822 1570 02       		.uleb128 0x2
 5823 1571 86040000 		.4byte	.LASF280
 5824 1575 1B       		.byte	0x1b
 5825 1576 E3       		.byte	0xe3
 5826 1577 1D       		.byte	0x1d
 5827 1578 F1140000 		.4byte	0x14f1
 5828 157c 30       		.byte	0x30
 5829 157d 02       		.uleb128 0x2
 5830 157e C0040000 		.4byte	.LASF281
 5831 1582 1B       		.byte	0x1b
 5832 1583 E7       		.byte	0xe7
 5833 1584 1D       		.byte	0x1d
 5834 1585 FD140000 		.4byte	0x14fd
 5835 1589 34       		.byte	0x34
 5836 158a 09       		.uleb128 0x9
 5837 158b 72636100 		.ascii	"rca\000"
 5838 158f 1B       		.byte	0x1b
 5839 1590 EB       		.byte	0xeb
 5840 1591 1D       		.byte	0x1d
 5841 1592 01010000 		.4byte	0x101
 5842 1596 38       		.byte	0x38
 5843 1597 09       		.uleb128 0x9
 5844 1598 62756600 		.ascii	"buf\000"
 5845 159c 1B       		.byte	0x1b
 5846 159d EF       		.byte	0xef
 5847 159e 1E       		.byte	0x1e
 5848 159f 05100000 		.4byte	0x1005
 5849 15a3 3C       		.byte	0x3c
 5850 15a4 02       		.uleb128 0x2
 5851 15a5 5E0D0000 		.4byte	.LASF282
 5852 15a9 1B       		.byte	0x1b
 5853 15aa F4       		.byte	0xf4
 5854 15ab 1D       		.byte	0x1d
 5855 15ac 850D0000 		.4byte	0xd85
 5856 15b0 40       		.byte	0x40
 5857 15b1 02       		.uleb128 0x2
 5858 15b2 6F0F0000 		.4byte	.LASF283
 5859 15b6 1B       		.byte	0x1b
ARM GAS  C:\Users\DEVELO~1\AppData\Local\Temp\ccalPHYl.s 			page 104


 5860 15b7 F9       		.byte	0xf9
 5861 15b8 1E       		.byte	0x1e
 5862 15b9 A1160000 		.4byte	0x16a1
 5863 15bd 44       		.byte	0x44
 5864 15be 02       		.uleb128 0x2
 5865 15bf C0090000 		.4byte	.LASF284
 5866 15c3 1B       		.byte	0x1b
 5867 15c4 FD       		.byte	0xfd
 5868 15c5 1D       		.byte	0x1d
 5869 15c6 01010000 		.4byte	0x101
 5870 15ca 48       		.byte	0x48
 5871 15cb 01       		.uleb128 0x1
 5872 15cc A00F0000 		.4byte	.LASF285
 5873 15d0 1B       		.byte	0x1b
 5874 15d1 0101     		.2byte	0x101
 5875 15d3 1E       		.byte	0x1e
 5876 15d4 85120000 		.4byte	0x1285
 5877 15d8 4C       		.byte	0x4c
 5878 15d9 00       		.byte	0
 5879 15da 14       		.uleb128 0x14
 5880 15db 08       		.byte	0x8
 5881 15dc 1B       		.byte	0x1b
 5882 15dd B6       		.byte	0xb6
 5883 15de 09       		.byte	0x9
 5884 15df FE150000 		.4byte	0x15fe
 5885 15e3 02       		.uleb128 0x2
 5886 15e4 190D0000 		.4byte	.LASF286
 5887 15e8 1B       		.byte	0x1b
 5888 15e9 BA       		.byte	0xba
 5889 15ea 11       		.byte	0x11
 5890 15eb C1140000 		.4byte	0x14c1
 5891 15ef 00       		.byte	0
 5892 15f0 02       		.uleb128 0x2
 5893 15f1 DC030000 		.4byte	.LASF287
 5894 15f5 1B       		.byte	0x1b
 5895 15f6 C1       		.byte	0xc1
 5896 15f7 11       		.byte	0x11
 5897 15f8 01010000 		.4byte	0x101
 5898 15fc 04       		.byte	0x4
 5899 15fd 00       		.byte	0
 5900 15fe 03       		.uleb128 0x3
 5901 15ff 97050000 		.4byte	.LASF288
 5902 1603 1B       		.byte	0x1b
 5903 1604 C2       		.byte	0xc2
 5904 1605 03       		.byte	0x3
 5905 1606 DA150000 		.4byte	0x15da
 5906 160a 0E       		.uleb128 0xe
 5907 160b FE150000 		.4byte	0x15fe
 5908 160f 0A       		.uleb128 0xa
 5909 1610 5F100000 		.4byte	.LASF289
 5910 1614 24       		.byte	0x24
 5911 1615 1B       		.byte	0x1b
 5912 1616 CF       		.byte	0xcf
 5913 1617 08       		.byte	0x8
 5914 1618 92160000 		.4byte	0x1692
 5915 161c 02       		.uleb128 0x2
 5916 161d 4A090000 		.4byte	.LASF222
ARM GAS  C:\Users\DEVELO~1\AppData\Local\Temp\ccalPHYl.s 			page 105


 5917 1621 1B       		.byte	0x1b
 5918 1622 D0       		.byte	0xd0
 5919 1623 03       		.byte	0x3
 5920 1624 2D000000 		.4byte	0x2d
 5921 1628 00       		.byte	0
 5922 1629 02       		.uleb128 0x2
 5923 162a B6030000 		.4byte	.LASF290
 5924 162e 1B       		.byte	0x1b
 5925 162f D0       		.byte	0xd0
 5926 1630 03       		.byte	0x3
 5927 1631 1C120000 		.4byte	0x121c
 5928 1635 04       		.byte	0x4
 5929 1636 02       		.uleb128 0x2
 5930 1637 930F0000 		.4byte	.LASF291
 5931 163b 1B       		.byte	0x1b
 5932 163c D0       		.byte	0xd0
 5933 163d 03       		.byte	0x3
 5934 163e 1C120000 		.4byte	0x121c
 5935 1642 08       		.byte	0x8
 5936 1643 02       		.uleb128 0x2
 5937 1644 3E0B0000 		.4byte	.LASF292
 5938 1648 1B       		.byte	0x1b
 5939 1649 D0       		.byte	0xd0
 5940 164a 03       		.byte	0x3
 5941 164b 1C120000 		.4byte	0x121c
 5942 164f 0C       		.byte	0xc
 5943 1650 02       		.uleb128 0x2
 5944 1651 30010000 		.4byte	.LASF293
 5945 1655 1B       		.byte	0x1b
 5946 1656 D0       		.byte	0xd0
 5947 1657 03       		.byte	0x3
 5948 1658 1C120000 		.4byte	0x121c
 5949 165c 10       		.byte	0x10
 5950 165d 02       		.uleb128 0x2
 5951 165e 780C0000 		.4byte	.LASF224
 5952 1662 1B       		.byte	0x1b
 5953 1663 D0       		.byte	0xd0
 5954 1664 03       		.byte	0x3
 5955 1665 3F120000 		.4byte	0x123f
 5956 1669 14       		.byte	0x14
 5957 166a 02       		.uleb128 0x2
 5958 166b 24090000 		.4byte	.LASF223
 5959 166f 1B       		.byte	0x1b
 5960 1670 D0       		.byte	0xd0
 5961 1671 03       		.byte	0x3
 5962 1672 62120000 		.4byte	0x1262
 5963 1676 18       		.byte	0x18
 5964 1677 02       		.uleb128 0x2
 5965 1678 4A0D0000 		.4byte	.LASF294
 5966 167c 1B       		.byte	0x1b
 5967 167d D0       		.byte	0xd0
 5968 167e 03       		.byte	0x3
 5969 167f 1C120000 		.4byte	0x121c
 5970 1683 1C       		.byte	0x1c
 5971 1684 02       		.uleb128 0x2
 5972 1685 C2060000 		.4byte	.LASF295
 5973 1689 1B       		.byte	0x1b
ARM GAS  C:\Users\DEVELO~1\AppData\Local\Temp\ccalPHYl.s 			page 106


 5974 168a D0       		.byte	0xd0
 5975 168b 03       		.byte	0x3
 5976 168c 80120000 		.4byte	0x1280
 5977 1690 20       		.byte	0x20
 5978 1691 00       		.byte	0
 5979 1692 0E       		.uleb128 0xe
 5980 1693 0F160000 		.4byte	0x160f
 5981 1697 05       		.uleb128 0x5
 5982 1698 92160000 		.4byte	0x1692
 5983 169c 05       		.uleb128 0x5
 5984 169d 0A160000 		.4byte	0x160a
 5985 16a1 05       		.uleb128 0x5
 5986 16a2 AB0B0000 		.4byte	0xbab
 5987 16a6 3C       		.uleb128 0x3c
 5988 16a7 8D060000 		.4byte	.LASF296
 5989 16ab 1B       		.byte	0x1b
 5990 16ac 0D01     		.2byte	0x10d
 5991 16ae 12       		.byte	0x12
 5992 16af 09150000 		.4byte	0x1509
 5993 16b3 3D       		.uleb128 0x3d
 5994 16b4 A6160000 		.4byte	0x16a6
 5995 16b8 06       		.byte	0x6
 5996 16b9 35       		.byte	0x35
 5997 16ba 0B       		.byte	0xb
 5998 16bb 05       		.uleb128 0x5
 5999 16bc 03       		.byte	0x3
 6000 16bd 00000000 		.4byte	SDCD1
 6001 16c1 3E       		.uleb128 0x3e
 6002 16c2 00000000 		.4byte	.LASF311
 6003 16c6 06       		.byte	0x6
 6004 16c7 44       		.byte	0x44
 6005 16c8 18       		.byte	0x18
 6006 16c9 0A160000 		.4byte	0x160a
 6007 16cd 05       		.uleb128 0x5
 6008 16ce 03       		.byte	0x3
 6009 16cf 00000000 		.4byte	sdc_default_cfg
 6010 16d3 0F       		.uleb128 0xf
 6011 16d4 D8000000 		.4byte	0xd8
 6012 16d8 E4160000 		.4byte	0x16e4
 6013 16dc 3F       		.uleb128 0x3f
 6014 16dd 3E000000 		.4byte	0x3e
 6015 16e1 FF01     		.2byte	0x1ff
 6016 16e3 00       		.byte	0
 6017 16e4 2D       		.uleb128 0x2d
 6018 16e5 C30C0000 		.4byte	.LASF297
 6019 16e9 4B       		.byte	0x4b
 6020 16ea 10       		.byte	0x10
 6021 16eb D3160000 		.4byte	0x16d3
 6022 16ef 05       		.uleb128 0x5
 6023 16f0 03       		.byte	0x3
 6024 16f1 00000000 		.4byte	__nocache_sd1_buf
 6025 16f5 2D       		.uleb128 0x2d
 6026 16f6 AD040000 		.4byte	.LASF298
 6027 16fa 4D       		.byte	0x4d
 6028 16fb 11       		.byte	0x11
 6029 16fc 32060000 		.4byte	0x632
 6030 1700 05       		.uleb128 0x5
ARM GAS  C:\Users\DEVELO~1\AppData\Local\Temp\ccalPHYl.s 			page 107


 6031 1701 03       		.byte	0x3
 6032 1702 00020000 		.4byte	__nocache_sd1_wbuf
 6033 1706 2E       		.uleb128 0x2e
 6034 1707 6A030000 		.4byte	.LASF299
 6035 170b 3C01     		.2byte	0x13c
 6036 170d 1C170000 		.4byte	0x171c
 6037 1711 04       		.uleb128 0x4
 6038 1712 4E0E0000 		.4byte	0xe4e
 6039 1716 04       		.uleb128 0x4
 6040 1717 70010000 		.4byte	0x170
 6041 171b 00       		.byte	0
 6042 171c 2F       		.uleb128 0x2f
 6043 171d 2A0F0000 		.4byte	.LASF303
 6044 1721 1D       		.byte	0x1d
 6045 1722 1F       		.byte	0x1f
 6046 1723 09       		.byte	0x9
 6047 1724 C0000000 		.4byte	0xc0
 6048 1728 3C170000 		.4byte	0x173c
 6049 172c 04       		.uleb128 0x4
 6050 172d C0000000 		.4byte	0xc0
 6051 1731 04       		.uleb128 0x4
 6052 1732 45130000 		.4byte	0x1345
 6053 1736 04       		.uleb128 0x4
 6054 1737 2D000000 		.4byte	0x2d
 6055 173b 00       		.byte	0
 6056 173c 2E       		.uleb128 0x2e
 6057 173d 0B0E0000 		.4byte	.LASF300
 6058 1741 4201     		.2byte	0x142
 6059 1743 4D170000 		.4byte	0x174d
 6060 1747 04       		.uleb128 0x4
 6061 1748 9B030000 		.4byte	0x39b
 6062 174c 00       		.byte	0
 6063 174d 40       		.uleb128 0x40
 6064 174e 4F070000 		.4byte	.LASF301
 6065 1752 06       		.byte	0x6
 6066 1753 8D01     		.2byte	0x18d
 6067 1755 03       		.byte	0x3
 6068 1756 26000000 		.4byte	0x26
 6069 175a 60170000 		.4byte	0x1760
 6070 175e 30       		.uleb128 0x30
 6071 175f 00       		.byte	0
 6072 1760 41       		.uleb128 0x41
 6073 1761 46040000 		.4byte	.LASF302
 6074 1765 1A       		.byte	0x1a
 6075 1766 BB       		.byte	0xbb
 6076 1767 08       		.byte	0x8
 6077 1768 72170000 		.4byte	0x1772
 6078 176c 04       		.uleb128 0x4
 6079 176d 72170000 		.4byte	0x1772
 6080 1771 00       		.byte	0
 6081 1772 05       		.uleb128 0x5
 6082 1773 09150000 		.4byte	0x1509
 6083 1777 42       		.uleb128 0x42
 6084 1778 11100000 		.4byte	.LASF304
 6085 177c 1C       		.byte	0x1c
 6086 177d 3B01     		.2byte	0x13b
 6087 177f 09       		.byte	0x9
ARM GAS  C:\Users\DEVELO~1\AppData\Local\Temp\ccalPHYl.s 			page 108


 6088 1780 70010000 		.4byte	0x170
 6089 1784 93170000 		.4byte	0x1793
 6090 1788 04       		.uleb128 0x4
 6091 1789 4E0E0000 		.4byte	0xe4e
 6092 178d 04       		.uleb128 0x4
 6093 178e 9B030000 		.4byte	0x39b
 6094 1792 00       		.byte	0
 6095 1793 2F       		.uleb128 0x2f
 6096 1794 460B0000 		.4byte	.LASF305
 6097 1798 1A       		.byte	0x1a
 6098 1799 C8       		.byte	0xc8
 6099 179a 08       		.byte	0x8
 6100 179b FE0F0000 		.4byte	0xffe
 6101 179f A9170000 		.4byte	0x17a9
 6102 17a3 04       		.uleb128 0x4
 6103 17a4 72170000 		.4byte	0x1772
 6104 17a8 00       		.byte	0
 6105 17a9 1C       		.uleb128 0x1c
 6106 17aa F0000000 		.4byte	.LASF322
 6107 17ae 9303     		.2byte	0x393
 6108 17b0 00000000 		.4byte	.LFB457
 6109 17b4 2C000000 		.4byte	.LFE457-.LFB457
 6110 17b8 01       		.uleb128 0x1
 6111 17b9 9C       		.byte	0x9c
 6112 17ba CF170000 		.4byte	0x17cf
 6113 17be 06       		.uleb128 0x6
 6114 17bf 9F030000 		.4byte	.LASF306
 6115 17c3 06       		.byte	0x6
 6116 17c4 9303     		.2byte	0x393
 6117 17c6 29       		.byte	0x29
 6118 17c7 72170000 		.4byte	0x1772
 6119 17cb 02       		.uleb128 0x2
 6120 17cc 91       		.byte	0x91
 6121 17cd 74       		.sleb128 -12
 6122 17ce 00       		.byte	0
 6123 17cf 43       		.uleb128 0x43
 6124 17d0 FB080000 		.4byte	.LASF307
 6125 17d4 06       		.byte	0x6
 6126 17d5 8703     		.2byte	0x387
 6127 17d7 06       		.byte	0x6
 6128 17d8 FE0F0000 		.4byte	0xffe
 6129 17dc 00000000 		.4byte	.LFB456
 6130 17e0 14000000 		.4byte	.LFE456-.LFB456
 6131 17e4 01       		.uleb128 0x1
 6132 17e5 9C       		.byte	0x9c
 6133 17e6 FB170000 		.4byte	0x17fb
 6134 17ea 06       		.uleb128 0x6
 6135 17eb 9F030000 		.4byte	.LASF306
 6136 17ef 06       		.byte	0x6
 6137 17f0 8703     		.2byte	0x387
 6138 17f2 1E       		.byte	0x1e
 6139 17f3 72170000 		.4byte	0x1772
 6140 17f7 02       		.uleb128 0x2
 6141 17f8 91       		.byte	0x91
 6142 17f9 74       		.sleb128 -12
 6143 17fa 00       		.byte	0
 6144 17fb 16       		.uleb128 0x16
ARM GAS  C:\Users\DEVELO~1\AppData\Local\Temp\ccalPHYl.s 			page 109


 6145 17fc A00C0000 		.4byte	.LASF308
 6146 1800 6703     		.2byte	0x367
 6147 1802 FE0F0000 		.4byte	0xffe
 6148 1806 00000000 		.4byte	.LFB455
 6149 180a 7C000000 		.4byte	.LFE455-.LFB455
 6150 180e 01       		.uleb128 0x1
 6151 180f 9C       		.byte	0x9c
 6152 1810 6C180000 		.4byte	0x186c
 6153 1814 06       		.uleb128 0x6
 6154 1815 9F030000 		.4byte	.LASF306
 6155 1819 06       		.byte	0x6
 6156 181a 6703     		.2byte	0x367
 6157 181c 1F       		.byte	0x1f
 6158 181d 72170000 		.4byte	0x1772
 6159 1821 02       		.uleb128 0x2
 6160 1822 91       		.byte	0x91
 6161 1823 6C       		.sleb128 -20
 6162 1824 06       		.uleb128 0x6
 6163 1825 F60D0000 		.4byte	.LASF309
 6164 1829 06       		.byte	0x6
 6165 182a 6703     		.2byte	0x367
 6166 182c 2E       		.byte	0x2e
 6167 182d 01010000 		.4byte	0x101
 6168 1831 02       		.uleb128 0x2
 6169 1832 91       		.byte	0x91
 6170 1833 68       		.sleb128 -24
 6171 1834 08       		.uleb128 0x8
 6172 1835 62756600 		.ascii	"buf\000"
 6173 1839 06       		.byte	0x6
 6174 183a 6803     		.2byte	0x368
 6175 183c 23       		.byte	0x23
 6176 183d 77100000 		.4byte	0x1077
 6177 1841 02       		.uleb128 0x2
 6178 1842 91       		.byte	0x91
 6179 1843 64       		.sleb128 -28
 6180 1844 06       		.uleb128 0x6
 6181 1845 170A0000 		.4byte	.LASF310
 6182 1849 06       		.byte	0x6
 6183 184a 6803     		.2byte	0x368
 6184 184c 31       		.byte	0x31
 6185 184d 01010000 		.4byte	0x101
 6186 1851 02       		.uleb128 0x2
 6187 1852 91       		.byte	0x91
 6188 1853 60       		.sleb128 -32
 6189 1854 31       		.uleb128 0x31
 6190 1855 18000000 		.4byte	.LBB67
 6191 1859 4E000000 		.4byte	.LBE67-.LBB67
 6192 185d 18       		.uleb128 0x18
 6193 185e 6900     		.ascii	"i\000"
 6194 1860 6C03     		.2byte	0x36c
 6195 1862 0E       		.byte	0xe
 6196 1863 01010000 		.4byte	0x101
 6197 1867 02       		.uleb128 0x2
 6198 1868 91       		.byte	0x91
 6199 1869 74       		.sleb128 -12
 6200 186a 00       		.byte	0
 6201 186b 00       		.byte	0
ARM GAS  C:\Users\DEVELO~1\AppData\Local\Temp\ccalPHYl.s 			page 110


 6202 186c 16       		.uleb128 0x16
 6203 186d 7D020000 		.4byte	.LASF312
 6204 1871 4303     		.2byte	0x343
 6205 1873 FE0F0000 		.4byte	0xffe
 6206 1877 00000000 		.4byte	.LFB454
 6207 187b 7C000000 		.4byte	.LFE454-.LFB454
 6208 187f 01       		.uleb128 0x1
 6209 1880 9C       		.byte	0x9c
 6210 1881 DD180000 		.4byte	0x18dd
 6211 1885 06       		.uleb128 0x6
 6212 1886 9F030000 		.4byte	.LASF306
 6213 188a 06       		.byte	0x6
 6214 188b 4303     		.2byte	0x343
 6215 188d 1E       		.byte	0x1e
 6216 188e 72170000 		.4byte	0x1772
 6217 1892 02       		.uleb128 0x2
 6218 1893 91       		.byte	0x91
 6219 1894 6C       		.sleb128 -20
 6220 1895 06       		.uleb128 0x6
 6221 1896 F60D0000 		.4byte	.LASF309
 6222 189a 06       		.byte	0x6
 6223 189b 4303     		.2byte	0x343
 6224 189d 2D       		.byte	0x2d
 6225 189e 01010000 		.4byte	0x101
 6226 18a2 02       		.uleb128 0x2
 6227 18a3 91       		.byte	0x91
 6228 18a4 68       		.sleb128 -24
 6229 18a5 08       		.uleb128 0x8
 6230 18a6 62756600 		.ascii	"buf\000"
 6231 18aa 06       		.byte	0x6
 6232 18ab 4403     		.2byte	0x344
 6233 18ad 1C       		.byte	0x1c
 6234 18ae 05100000 		.4byte	0x1005
 6235 18b2 02       		.uleb128 0x2
 6236 18b3 91       		.byte	0x91
 6237 18b4 64       		.sleb128 -28
 6238 18b5 06       		.uleb128 0x6
 6239 18b6 170A0000 		.4byte	.LASF310
 6240 18ba 06       		.byte	0x6
 6241 18bb 4403     		.2byte	0x344
 6242 18bd 2A       		.byte	0x2a
 6243 18be 01010000 		.4byte	0x101
 6244 18c2 02       		.uleb128 0x2
 6245 18c3 91       		.byte	0x91
 6246 18c4 60       		.sleb128 -32
 6247 18c5 31       		.uleb128 0x31
 6248 18c6 18000000 		.4byte	.LBB66
 6249 18ca 4E000000 		.4byte	.LBE66-.LBB66
 6250 18ce 18       		.uleb128 0x18
 6251 18cf 6900     		.ascii	"i\000"
 6252 18d1 4803     		.2byte	0x348
 6253 18d3 0E       		.byte	0xe
 6254 18d4 01010000 		.4byte	0x101
 6255 18d8 02       		.uleb128 0x2
 6256 18d9 91       		.byte	0x91
 6257 18da 74       		.sleb128 -12
 6258 18db 00       		.byte	0
ARM GAS  C:\Users\DEVELO~1\AppData\Local\Temp\ccalPHYl.s 			page 111


 6259 18dc 00       		.byte	0
 6260 18dd 16       		.uleb128 0x16
 6261 18de 93060000 		.4byte	.LASF313
 6262 18e2 0B03     		.2byte	0x30b
 6263 18e4 FE0F0000 		.4byte	0xffe
 6264 18e8 00000000 		.4byte	.LFB453
 6265 18ec DC000000 		.4byte	.LFE453-.LFB453
 6266 18f0 01       		.uleb128 0x1
 6267 18f1 9C       		.byte	0x9c
 6268 18f2 75190000 		.4byte	0x1975
 6269 18f6 06       		.uleb128 0x6
 6270 18f7 9F030000 		.4byte	.LASF306
 6271 18fb 06       		.byte	0x6
 6272 18fc 0B03     		.2byte	0x30b
 6273 18fe 27       		.byte	0x27
 6274 18ff 72170000 		.4byte	0x1772
 6275 1903 02       		.uleb128 0x2
 6276 1904 91       		.byte	0x91
 6277 1905 64       		.sleb128 -28
 6278 1906 06       		.uleb128 0x6
 6279 1907 F60D0000 		.4byte	.LASF309
 6280 190b 06       		.byte	0x6
 6281 190c 0B03     		.2byte	0x30b
 6282 190e 36       		.byte	0x36
 6283 190f 01010000 		.4byte	0x101
 6284 1913 02       		.uleb128 0x2
 6285 1914 91       		.byte	0x91
 6286 1915 60       		.sleb128 -32
 6287 1916 08       		.uleb128 0x8
 6288 1917 62756600 		.ascii	"buf\000"
 6289 191b 06       		.byte	0x6
 6290 191c 0C03     		.2byte	0x30c
 6291 191e 2B       		.byte	0x2b
 6292 191f 77100000 		.4byte	0x1077
 6293 1923 02       		.uleb128 0x2
 6294 1924 91       		.byte	0x91
 6295 1925 5C       		.sleb128 -36
 6296 1926 06       		.uleb128 0x6
 6297 1927 170A0000 		.4byte	.LASF310
 6298 192b 06       		.byte	0x6
 6299 192c 0C03     		.2byte	0x30c
 6300 192e 39       		.byte	0x39
 6301 192f 01010000 		.4byte	0x101
 6302 1933 02       		.uleb128 0x2
 6303 1934 91       		.byte	0x91
 6304 1935 58       		.sleb128 -40
 6305 1936 20       		.uleb128 0x20
 6306 1937 550F0000 		.4byte	.LASF315
 6307 193b 85190000 		.4byte	0x1985
 6308 193f 27       		.uleb128 0x27
 6309 1940 68070000 		.4byte	.LASF316
 6310 1944 3003     		.2byte	0x330
 6311 1946 C0000000 		.4byte	.L134
 6312 194a 10       		.uleb128 0x10
 6313 194b 711F0000 		.4byte	0x1f71
 6314 194f 1C000000 		.4byte	.LBB64
 6315 1953 28000000 		.4byte	.LBE64-.LBB64
ARM GAS  C:\Users\DEVELO~1\AppData\Local\Temp\ccalPHYl.s 			page 112


 6316 1957 06       		.byte	0x6
 6317 1958 1003     		.2byte	0x310
 6318 195a 19       		.byte	0x19
 6319 195b 13       		.uleb128 0x13
 6320 195c 8E1F0000 		.4byte	0x1f8e
 6321 1960 02       		.uleb128 0x2
 6322 1961 91       		.byte	0x91
 6323 1962 70       		.sleb128 -16
 6324 1963 13       		.uleb128 0x13
 6325 1964 821F0000 		.4byte	0x1f82
 6326 1968 02       		.uleb128 0x2
 6327 1969 91       		.byte	0x91
 6328 196a 74       		.sleb128 -12
 6329 196b 28       		.uleb128 0x28
 6330 196c 991F0000 		.4byte	0x1f99
 6331 1970 02       		.uleb128 0x2
 6332 1971 91       		.byte	0x91
 6333 1972 6C       		.sleb128 -20
 6334 1973 00       		.byte	0
 6335 1974 00       		.byte	0
 6336 1975 0F       		.uleb128 0xf
 6337 1976 C9000000 		.4byte	0xc9
 6338 197a 85190000 		.4byte	0x1985
 6339 197e 11       		.uleb128 0x11
 6340 197f 3E000000 		.4byte	0x3e
 6341 1983 15       		.byte	0x15
 6342 1984 00       		.byte	0
 6343 1985 0E       		.uleb128 0xe
 6344 1986 75190000 		.4byte	0x1975
 6345 198a 16       		.uleb128 0x16
 6346 198b 250C0000 		.4byte	.LASF314
 6347 198f D202     		.2byte	0x2d2
 6348 1991 FE0F0000 		.4byte	0xffe
 6349 1995 00000000 		.4byte	.LFB452
 6350 1999 DC000000 		.4byte	.LFE452-.LFB452
 6351 199d 01       		.uleb128 0x1
 6352 199e 9C       		.byte	0x9c
 6353 199f 221A0000 		.4byte	0x1a22
 6354 19a3 06       		.uleb128 0x6
 6355 19a4 9F030000 		.4byte	.LASF306
 6356 19a8 06       		.byte	0x6
 6357 19a9 D202     		.2byte	0x2d2
 6358 19ab 26       		.byte	0x26
 6359 19ac 72170000 		.4byte	0x1772
 6360 19b0 02       		.uleb128 0x2
 6361 19b1 91       		.byte	0x91
 6362 19b2 64       		.sleb128 -28
 6363 19b3 06       		.uleb128 0x6
 6364 19b4 F60D0000 		.4byte	.LASF309
 6365 19b8 06       		.byte	0x6
 6366 19b9 D202     		.2byte	0x2d2
 6367 19bb 35       		.byte	0x35
 6368 19bc 01010000 		.4byte	0x101
 6369 19c0 02       		.uleb128 0x2
 6370 19c1 91       		.byte	0x91
 6371 19c2 60       		.sleb128 -32
 6372 19c3 08       		.uleb128 0x8
ARM GAS  C:\Users\DEVELO~1\AppData\Local\Temp\ccalPHYl.s 			page 113


 6373 19c4 62756600 		.ascii	"buf\000"
 6374 19c8 06       		.byte	0x6
 6375 19c9 D302     		.2byte	0x2d3
 6376 19cb 24       		.byte	0x24
 6377 19cc 05100000 		.4byte	0x1005
 6378 19d0 02       		.uleb128 0x2
 6379 19d1 91       		.byte	0x91
 6380 19d2 5C       		.sleb128 -36
 6381 19d3 06       		.uleb128 0x6
 6382 19d4 170A0000 		.4byte	.LASF310
 6383 19d8 06       		.byte	0x6
 6384 19d9 D302     		.2byte	0x2d3
 6385 19db 32       		.byte	0x32
 6386 19dc 01010000 		.4byte	0x101
 6387 19e0 02       		.uleb128 0x2
 6388 19e1 91       		.byte	0x91
 6389 19e2 58       		.sleb128 -40
 6390 19e3 20       		.uleb128 0x20
 6391 19e4 550F0000 		.4byte	.LASF315
 6392 19e8 321A0000 		.4byte	0x1a32
 6393 19ec 27       		.uleb128 0x27
 6394 19ed 68070000 		.4byte	.LASF316
 6395 19f1 F802     		.2byte	0x2f8
 6396 19f3 C0000000 		.4byte	.L123
 6397 19f7 10       		.uleb128 0x10
 6398 19f8 711F0000 		.4byte	0x1f71
 6399 19fc 1C000000 		.4byte	.LBB62
 6400 1a00 28000000 		.4byte	.LBE62-.LBB62
 6401 1a04 06       		.byte	0x6
 6402 1a05 D702     		.2byte	0x2d7
 6403 1a07 19       		.byte	0x19
 6404 1a08 13       		.uleb128 0x13
 6405 1a09 8E1F0000 		.4byte	0x1f8e
 6406 1a0d 02       		.uleb128 0x2
 6407 1a0e 91       		.byte	0x91
 6408 1a0f 70       		.sleb128 -16
 6409 1a10 13       		.uleb128 0x13
 6410 1a11 821F0000 		.4byte	0x1f82
 6411 1a15 02       		.uleb128 0x2
 6412 1a16 91       		.byte	0x91
 6413 1a17 74       		.sleb128 -12
 6414 1a18 28       		.uleb128 0x28
 6415 1a19 991F0000 		.4byte	0x1f99
 6416 1a1d 02       		.uleb128 0x2
 6417 1a1e 91       		.byte	0x91
 6418 1a1f 6C       		.sleb128 -20
 6419 1a20 00       		.byte	0
 6420 1a21 00       		.byte	0
 6421 1a22 0F       		.uleb128 0xf
 6422 1a23 C9000000 		.4byte	0xc9
 6423 1a27 321A0000 		.4byte	0x1a32
 6424 1a2b 11       		.uleb128 0x11
 6425 1a2c 3E000000 		.4byte	0x3e
 6426 1a30 14       		.byte	0x14
 6427 1a31 00       		.byte	0
 6428 1a32 0E       		.uleb128 0xe
 6429 1a33 221A0000 		.4byte	0x1a22
ARM GAS  C:\Users\DEVELO~1\AppData\Local\Temp\ccalPHYl.s 			page 114


 6430 1a37 16       		.uleb128 0x16
 6431 1a38 44010000 		.4byte	.LASF317
 6432 1a3c B002     		.2byte	0x2b0
 6433 1a3e FE0F0000 		.4byte	0xffe
 6434 1a42 00000000 		.4byte	.LFB451
 6435 1a46 80000000 		.4byte	.LFE451-.LFB451
 6436 1a4a 01       		.uleb128 0x1
 6437 1a4b 9C       		.byte	0x9c
 6438 1a4c AC1A0000 		.4byte	0x1aac
 6439 1a50 06       		.uleb128 0x6
 6440 1a51 9F030000 		.4byte	.LASF306
 6441 1a55 06       		.byte	0x6
 6442 1a56 B002     		.2byte	0x2b0
 6443 1a58 26       		.byte	0x26
 6444 1a59 72170000 		.4byte	0x1772
 6445 1a5d 02       		.uleb128 0x2
 6446 1a5e 91       		.byte	0x91
 6447 1a5f 74       		.sleb128 -12
 6448 1a60 08       		.uleb128 0x8
 6449 1a61 62756600 		.ascii	"buf\000"
 6450 1a65 06       		.byte	0x6
 6451 1a66 B002     		.2byte	0x2b0
 6452 1a68 35       		.byte	0x35
 6453 1a69 05100000 		.4byte	0x1005
 6454 1a6d 02       		.uleb128 0x2
 6455 1a6e 91       		.byte	0x91
 6456 1a6f 70       		.sleb128 -16
 6457 1a70 06       		.uleb128 0x6
 6458 1a71 CB060000 		.4byte	.LASF318
 6459 1a75 06       		.byte	0x6
 6460 1a76 B002     		.2byte	0x2b0
 6461 1a78 41       		.byte	0x41
 6462 1a79 2D000000 		.4byte	0x2d
 6463 1a7d 02       		.uleb128 0x2
 6464 1a7e 91       		.byte	0x91
 6465 1a7f 6C       		.sleb128 -20
 6466 1a80 08       		.uleb128 0x8
 6467 1a81 636D6400 		.ascii	"cmd\000"
 6468 1a85 06       		.byte	0x6
 6469 1a86 B102     		.2byte	0x2b1
 6470 1a88 23       		.byte	0x23
 6471 1a89 D8000000 		.4byte	0xd8
 6472 1a8d 02       		.uleb128 0x2
 6473 1a8e 91       		.byte	0x91
 6474 1a8f 6B       		.sleb128 -21
 6475 1a90 08       		.uleb128 0x8
 6476 1a91 61726700 		.ascii	"arg\000"
 6477 1a95 06       		.byte	0x6
 6478 1a96 B102     		.2byte	0x2b1
 6479 1a98 31       		.byte	0x31
 6480 1a99 01010000 		.4byte	0x101
 6481 1a9d 02       		.uleb128 0x2
 6482 1a9e 91       		.byte	0x91
 6483 1a9f 00       		.sleb128 0
 6484 1aa0 27       		.uleb128 0x27
 6485 1aa1 68070000 		.4byte	.LASF316
 6486 1aa5 BF02     		.2byte	0x2bf
ARM GAS  C:\Users\DEVELO~1\AppData\Local\Temp\ccalPHYl.s 			page 115


 6487 1aa7 62000000 		.4byte	.L108
 6488 1aab 00       		.byte	0
 6489 1aac 16       		.uleb128 0x16
 6490 1aad E1080000 		.4byte	.LASF319
 6491 1ab1 8602     		.2byte	0x286
 6492 1ab3 FE0F0000 		.4byte	0xffe
 6493 1ab7 00000000 		.4byte	.LFB450
 6494 1abb 98000000 		.4byte	.LFE450-.LFB450
 6495 1abf 01       		.uleb128 0x1
 6496 1ac0 9C       		.byte	0x9c
 6497 1ac1 151B0000 		.4byte	0x1b15
 6498 1ac5 06       		.uleb128 0x6
 6499 1ac6 9F030000 		.4byte	.LASF306
 6500 1aca 06       		.byte	0x6
 6501 1acb 8602     		.2byte	0x286
 6502 1acd 2B       		.byte	0x2b
 6503 1ace 72170000 		.4byte	0x1772
 6504 1ad2 02       		.uleb128 0x2
 6505 1ad3 91       		.byte	0x91
 6506 1ad4 6C       		.sleb128 -20
 6507 1ad5 08       		.uleb128 0x8
 6508 1ad6 636D6400 		.ascii	"cmd\000"
 6509 1ada 06       		.byte	0x6
 6510 1adb 8602     		.2byte	0x286
 6511 1add 39       		.byte	0x39
 6512 1ade D8000000 		.4byte	0xd8
 6513 1ae2 02       		.uleb128 0x2
 6514 1ae3 91       		.byte	0x91
 6515 1ae4 6B       		.sleb128 -21
 6516 1ae5 08       		.uleb128 0x8
 6517 1ae6 61726700 		.ascii	"arg\000"
 6518 1aea 06       		.byte	0x6
 6519 1aeb 8602     		.2byte	0x286
 6520 1aed 47       		.byte	0x47
 6521 1aee 01010000 		.4byte	0x101
 6522 1af2 02       		.uleb128 0x2
 6523 1af3 91       		.byte	0x91
 6524 1af4 64       		.sleb128 -28
 6525 1af5 06       		.uleb128 0x6
 6526 1af6 A00F0000 		.4byte	.LASF285
 6527 1afa 06       		.byte	0x6
 6528 1afb 8702     		.2byte	0x287
 6529 1afd 2A       		.byte	0x2a
 6530 1afe 85120000 		.4byte	0x1285
 6531 1b02 02       		.uleb128 0x2
 6532 1b03 91       		.byte	0x91
 6533 1b04 60       		.sleb128 -32
 6534 1b05 18       		.uleb128 0x18
 6535 1b06 73746100 		.ascii	"sta\000"
 6536 1b0a 8802     		.2byte	0x288
 6537 1b0c 0C       		.byte	0xc
 6538 1b0d 01010000 		.4byte	0x101
 6539 1b11 02       		.uleb128 0x2
 6540 1b12 91       		.byte	0x91
 6541 1b13 74       		.sleb128 -12
 6542 1b14 00       		.byte	0
 6543 1b15 16       		.uleb128 0x16
ARM GAS  C:\Users\DEVELO~1\AppData\Local\Temp\ccalPHYl.s 			page 116


 6544 1b16 B00E0000 		.4byte	.LASF320
 6545 1b1a 6502     		.2byte	0x265
 6546 1b1c FE0F0000 		.4byte	0xffe
 6547 1b20 00000000 		.4byte	.LFB449
 6548 1b24 6E000000 		.4byte	.LFE449-.LFB449
 6549 1b28 01       		.uleb128 0x1
 6550 1b29 9C       		.byte	0x9c
 6551 1b2a 7E1B0000 		.4byte	0x1b7e
 6552 1b2e 06       		.uleb128 0x6
 6553 1b2f 9F030000 		.4byte	.LASF306
 6554 1b33 06       		.byte	0x6
 6555 1b34 6502     		.2byte	0x265
 6556 1b36 2C       		.byte	0x2c
 6557 1b37 72170000 		.4byte	0x1772
 6558 1b3b 02       		.uleb128 0x2
 6559 1b3c 91       		.byte	0x91
 6560 1b3d 6C       		.sleb128 -20
 6561 1b3e 08       		.uleb128 0x8
 6562 1b3f 636D6400 		.ascii	"cmd\000"
 6563 1b43 06       		.byte	0x6
 6564 1b44 6502     		.2byte	0x265
 6565 1b46 3A       		.byte	0x3a
 6566 1b47 D8000000 		.4byte	0xd8
 6567 1b4b 02       		.uleb128 0x2
 6568 1b4c 91       		.byte	0x91
 6569 1b4d 6B       		.sleb128 -21
 6570 1b4e 08       		.uleb128 0x8
 6571 1b4f 61726700 		.ascii	"arg\000"
 6572 1b53 06       		.byte	0x6
 6573 1b54 6502     		.2byte	0x265
 6574 1b56 48       		.byte	0x48
 6575 1b57 01010000 		.4byte	0x101
 6576 1b5b 02       		.uleb128 0x2
 6577 1b5c 91       		.byte	0x91
 6578 1b5d 64       		.sleb128 -28
 6579 1b5e 06       		.uleb128 0x6
 6580 1b5f A00F0000 		.4byte	.LASF285
 6581 1b63 06       		.byte	0x6
 6582 1b64 6602     		.2byte	0x266
 6583 1b66 2B       		.byte	0x2b
 6584 1b67 85120000 		.4byte	0x1285
 6585 1b6b 02       		.uleb128 0x2
 6586 1b6c 91       		.byte	0x91
 6587 1b6d 60       		.sleb128 -32
 6588 1b6e 18       		.uleb128 0x18
 6589 1b6f 73746100 		.ascii	"sta\000"
 6590 1b73 6702     		.2byte	0x267
 6591 1b75 0C       		.byte	0xc
 6592 1b76 01010000 		.4byte	0x101
 6593 1b7a 02       		.uleb128 0x2
 6594 1b7b 91       		.byte	0x91
 6595 1b7c 74       		.sleb128 -12
 6596 1b7d 00       		.byte	0
 6597 1b7e 16       		.uleb128 0x16
 6598 1b7f B80A0000 		.4byte	.LASF321
 6599 1b83 4402     		.2byte	0x244
 6600 1b85 FE0F0000 		.4byte	0xffe
ARM GAS  C:\Users\DEVELO~1\AppData\Local\Temp\ccalPHYl.s 			page 117


 6601 1b89 00000000 		.4byte	.LFB448
 6602 1b8d 6E000000 		.4byte	.LFE448-.LFB448
 6603 1b91 01       		.uleb128 0x1
 6604 1b92 9C       		.byte	0x9c
 6605 1b93 E71B0000 		.4byte	0x1be7
 6606 1b97 06       		.uleb128 0x6
 6607 1b98 9F030000 		.4byte	.LASF306
 6608 1b9c 06       		.byte	0x6
 6609 1b9d 4402     		.2byte	0x244
 6610 1b9f 28       		.byte	0x28
 6611 1ba0 72170000 		.4byte	0x1772
 6612 1ba4 02       		.uleb128 0x2
 6613 1ba5 91       		.byte	0x91
 6614 1ba6 6C       		.sleb128 -20
 6615 1ba7 08       		.uleb128 0x8
 6616 1ba8 636D6400 		.ascii	"cmd\000"
 6617 1bac 06       		.byte	0x6
 6618 1bad 4402     		.2byte	0x244
 6619 1baf 36       		.byte	0x36
 6620 1bb0 D8000000 		.4byte	0xd8
 6621 1bb4 02       		.uleb128 0x2
 6622 1bb5 91       		.byte	0x91
 6623 1bb6 6B       		.sleb128 -21
 6624 1bb7 08       		.uleb128 0x8
 6625 1bb8 61726700 		.ascii	"arg\000"
 6626 1bbc 06       		.byte	0x6
 6627 1bbd 4402     		.2byte	0x244
 6628 1bbf 44       		.byte	0x44
 6629 1bc0 01010000 		.4byte	0x101
 6630 1bc4 02       		.uleb128 0x2
 6631 1bc5 91       		.byte	0x91
 6632 1bc6 64       		.sleb128 -28
 6633 1bc7 06       		.uleb128 0x6
 6634 1bc8 A00F0000 		.4byte	.LASF285
 6635 1bcc 06       		.byte	0x6
 6636 1bcd 4502     		.2byte	0x245
 6637 1bcf 27       		.byte	0x27
 6638 1bd0 85120000 		.4byte	0x1285
 6639 1bd4 02       		.uleb128 0x2
 6640 1bd5 91       		.byte	0x91
 6641 1bd6 60       		.sleb128 -32
 6642 1bd7 18       		.uleb128 0x18
 6643 1bd8 73746100 		.ascii	"sta\000"
 6644 1bdc 4602     		.2byte	0x246
 6645 1bde 0C       		.byte	0xc
 6646 1bdf 01010000 		.4byte	0x101
 6647 1be3 02       		.uleb128 0x2
 6648 1be4 91       		.byte	0x91
 6649 1be5 74       		.sleb128 -12
 6650 1be6 00       		.byte	0
 6651 1be7 29       		.uleb128 0x29
 6652 1be8 59040000 		.4byte	.LASF323
 6653 1bec 2C02     		.2byte	0x22c
 6654 1bee 00000000 		.4byte	.LFB447
 6655 1bf2 44000000 		.4byte	.LFE447-.LFB447
 6656 1bf6 01       		.uleb128 0x1
 6657 1bf7 9C       		.byte	0x9c
ARM GAS  C:\Users\DEVELO~1\AppData\Local\Temp\ccalPHYl.s 			page 118


 6658 1bf8 2D1C0000 		.4byte	0x1c2d
 6659 1bfc 06       		.uleb128 0x6
 6660 1bfd 9F030000 		.4byte	.LASF306
 6661 1c01 06       		.byte	0x6
 6662 1c02 2C02     		.2byte	0x22c
 6663 1c04 27       		.byte	0x27
 6664 1c05 72170000 		.4byte	0x1772
 6665 1c09 02       		.uleb128 0x2
 6666 1c0a 91       		.byte	0x91
 6667 1c0b 74       		.sleb128 -12
 6668 1c0c 08       		.uleb128 0x8
 6669 1c0d 636D6400 		.ascii	"cmd\000"
 6670 1c11 06       		.byte	0x6
 6671 1c12 2C02     		.2byte	0x22c
 6672 1c14 35       		.byte	0x35
 6673 1c15 D8000000 		.4byte	0xd8
 6674 1c19 02       		.uleb128 0x2
 6675 1c1a 91       		.byte	0x91
 6676 1c1b 73       		.sleb128 -13
 6677 1c1c 08       		.uleb128 0x8
 6678 1c1d 61726700 		.ascii	"arg\000"
 6679 1c21 06       		.byte	0x6
 6680 1c22 2C02     		.2byte	0x22c
 6681 1c24 43       		.byte	0x43
 6682 1c25 01010000 		.4byte	0x101
 6683 1c29 02       		.uleb128 0x2
 6684 1c2a 91       		.byte	0x91
 6685 1c2b 6C       		.sleb128 -20
 6686 1c2c 00       		.byte	0
 6687 1c2d 29       		.uleb128 0x29
 6688 1c2e 55050000 		.4byte	.LASF324
 6689 1c32 1302     		.2byte	0x213
 6690 1c34 00000000 		.4byte	.LFB446
 6691 1c38 5C000000 		.4byte	.LFE446-.LFB446
 6692 1c3c 01       		.uleb128 0x1
 6693 1c3d 9C       		.byte	0x9c
 6694 1c3e 721C0000 		.4byte	0x1c72
 6695 1c42 06       		.uleb128 0x6
 6696 1c43 9F030000 		.4byte	.LASF306
 6697 1c47 06       		.byte	0x6
 6698 1c48 1302     		.2byte	0x213
 6699 1c4a 26       		.byte	0x26
 6700 1c4b 72170000 		.4byte	0x1772
 6701 1c4f 02       		.uleb128 0x2
 6702 1c50 91       		.byte	0x91
 6703 1c51 6C       		.sleb128 -20
 6704 1c52 06       		.uleb128 0x6
 6705 1c53 A0020000 		.4byte	.LASF325
 6706 1c57 06       		.byte	0x6
 6707 1c58 1302     		.2byte	0x213
 6708 1c5a 39       		.byte	0x39
 6709 1c5b C1140000 		.4byte	0x14c1
 6710 1c5f 02       		.uleb128 0x2
 6711 1c60 91       		.byte	0x91
 6712 1c61 6B       		.sleb128 -21
 6713 1c62 18       		.uleb128 0x18
 6714 1c63 636C6B00 		.ascii	"clk\000"
ARM GAS  C:\Users\DEVELO~1\AppData\Local\Temp\ccalPHYl.s 			page 119


 6715 1c67 1402     		.2byte	0x214
 6716 1c69 0C       		.byte	0xc
 6717 1c6a 01010000 		.4byte	0x101
 6718 1c6e 02       		.uleb128 0x2
 6719 1c6f 91       		.byte	0x91
 6720 1c70 74       		.sleb128 -12
 6721 1c71 00       		.byte	0
 6722 1c72 29       		.uleb128 0x29
 6723 1c73 5E0F0000 		.4byte	.LASF326
 6724 1c77 0502     		.2byte	0x205
 6725 1c79 00000000 		.4byte	.LFB445
 6726 1c7d 22000000 		.4byte	.LFE445-.LFB445
 6727 1c81 01       		.uleb128 0x1
 6728 1c82 9C       		.byte	0x9c
 6729 1c83 981C0000 		.4byte	0x1c98
 6730 1c87 06       		.uleb128 0x6
 6731 1c88 9F030000 		.4byte	.LASF306
 6732 1c8c 06       		.byte	0x6
 6733 1c8d 0502     		.2byte	0x205
 6734 1c8f 22       		.byte	0x22
 6735 1c90 72170000 		.4byte	0x1772
 6736 1c94 02       		.uleb128 0x2
 6737 1c95 91       		.byte	0x91
 6738 1c96 74       		.sleb128 -12
 6739 1c97 00       		.byte	0
 6740 1c98 1C       		.uleb128 0x1c
 6741 1c99 C0010000 		.4byte	.LASF327
 6742 1c9d E801     		.2byte	0x1e8
 6743 1c9f 00000000 		.4byte	.LFB444
 6744 1ca3 6C000000 		.4byte	.LFE444-.LFB444
 6745 1ca7 01       		.uleb128 0x1
 6746 1ca8 9C       		.byte	0x9c
 6747 1ca9 CE1C0000 		.4byte	0x1cce
 6748 1cad 06       		.uleb128 0x6
 6749 1cae 9F030000 		.4byte	.LASF306
 6750 1cb2 06       		.byte	0x6
 6751 1cb3 E801     		.2byte	0x1e8
 6752 1cb5 26       		.byte	0x26
 6753 1cb6 72170000 		.4byte	0x1772
 6754 1cba 02       		.uleb128 0x2
 6755 1cbb 91       		.byte	0x91
 6756 1cbc 6C       		.sleb128 -20
 6757 1cbd 08       		.uleb128 0x8
 6758 1cbe 636C6B00 		.ascii	"clk\000"
 6759 1cc2 06       		.byte	0x6
 6760 1cc3 E801     		.2byte	0x1e8
 6761 1cc5 38       		.byte	0x38
 6762 1cc6 E5140000 		.4byte	0x14e5
 6763 1cca 02       		.uleb128 0x2
 6764 1ccb 91       		.byte	0x91
 6765 1ccc 6B       		.sleb128 -21
 6766 1ccd 00       		.byte	0
 6767 1cce 1C       		.uleb128 0x1c
 6768 1ccf 72050000 		.4byte	.LASF328
 6769 1cd3 D501     		.2byte	0x1d5
 6770 1cd5 00000000 		.4byte	.LFB443
 6771 1cd9 3C000000 		.4byte	.LFE443-.LFB443
ARM GAS  C:\Users\DEVELO~1\AppData\Local\Temp\ccalPHYl.s 			page 120


 6772 1cdd 01       		.uleb128 0x1
 6773 1cde 9C       		.byte	0x9c
 6774 1cdf F41C0000 		.4byte	0x1cf4
 6775 1ce3 06       		.uleb128 0x6
 6776 1ce4 9F030000 		.4byte	.LASF306
 6777 1ce8 06       		.byte	0x6
 6778 1ce9 D501     		.2byte	0x1d5
 6779 1ceb 23       		.byte	0x23
 6780 1cec 72170000 		.4byte	0x1772
 6781 1cf0 02       		.uleb128 0x2
 6782 1cf1 91       		.byte	0x91
 6783 1cf2 6C       		.sleb128 -20
 6784 1cf3 00       		.byte	0
 6785 1cf4 1C       		.uleb128 0x1c
 6786 1cf5 DA090000 		.4byte	.LASF329
 6787 1cf9 B301     		.2byte	0x1b3
 6788 1cfb 00000000 		.4byte	.LFB442
 6789 1cff 60000000 		.4byte	.LFE442-.LFB442
 6790 1d03 01       		.uleb128 0x1
 6791 1d04 9C       		.byte	0x9c
 6792 1d05 1A1D0000 		.4byte	0x1d1a
 6793 1d09 06       		.uleb128 0x6
 6794 1d0a 9F030000 		.4byte	.LASF306
 6795 1d0e 06       		.byte	0x6
 6796 1d0f B301     		.2byte	0x1b3
 6797 1d11 1E       		.byte	0x1e
 6798 1d12 72170000 		.4byte	0x1772
 6799 1d16 02       		.uleb128 0x2
 6800 1d17 91       		.byte	0x91
 6801 1d18 74       		.sleb128 -12
 6802 1d19 00       		.byte	0
 6803 1d1a 1C       		.uleb128 0x1c
 6804 1d1b 41000000 		.4byte	.LASF330
 6805 1d1f 8C01     		.2byte	0x18c
 6806 1d21 00000000 		.4byte	.LFB441
 6807 1d25 84000000 		.4byte	.LFE441-.LFB441
 6808 1d29 01       		.uleb128 0x1
 6809 1d2a 9C       		.byte	0x9c
 6810 1d2b 4F1D0000 		.4byte	0x1d4f
 6811 1d2f 06       		.uleb128 0x6
 6812 1d30 9F030000 		.4byte	.LASF306
 6813 1d34 06       		.byte	0x6
 6814 1d35 8C01     		.2byte	0x18c
 6815 1d37 1F       		.byte	0x1f
 6816 1d38 72170000 		.4byte	0x1772
 6817 1d3c 02       		.uleb128 0x2
 6818 1d3d 91       		.byte	0x91
 6819 1d3e 74       		.sleb128 -12
 6820 1d3f 44       		.uleb128 0x44
 6821 1d40 4F070000 		.4byte	.LASF301
 6822 1d44 06       		.byte	0x6
 6823 1d45 8D01     		.2byte	0x18d
 6824 1d47 03       		.byte	0x3
 6825 1d48 26000000 		.4byte	0x26
 6826 1d4c 30       		.uleb128 0x30
 6827 1d4d 00       		.byte	0
 6828 1d4e 00       		.byte	0
ARM GAS  C:\Users\DEVELO~1\AppData\Local\Temp\ccalPHYl.s 			page 121


 6829 1d4f 45       		.uleb128 0x45
 6830 1d50 A6000000 		.4byte	.LASF360
 6831 1d54 06       		.byte	0x6
 6832 1d55 7001     		.2byte	0x170
 6833 1d57 06       		.byte	0x6
 6834 1d58 00000000 		.4byte	.LFB440
 6835 1d5c 40000000 		.4byte	.LFE440-.LFB440
 6836 1d60 01       		.uleb128 0x1
 6837 1d61 9C       		.byte	0x9c
 6838 1d62 2A       		.uleb128 0x2a
 6839 1d63 77090000 		.4byte	.LASF331
 6840 1d67 06       		.byte	0x6
 6841 1d68 5201     		.2byte	0x152
 6842 1d6a 0D       		.byte	0xd
 6843 1d6b 00000000 		.4byte	.LFB439
 6844 1d6f 4E000000 		.4byte	.LFE439-.LFB439
 6845 1d73 01       		.uleb128 0x1
 6846 1d74 9C       		.byte	0x9c
 6847 1d75 B71D0000 		.4byte	0x1db7
 6848 1d79 06       		.uleb128 0x6
 6849 1d7a 9F030000 		.4byte	.LASF306
 6850 1d7e 06       		.byte	0x6
 6851 1d7f 5201     		.2byte	0x152
 6852 1d81 2E       		.byte	0x2e
 6853 1d82 72170000 		.4byte	0x1772
 6854 1d86 02       		.uleb128 0x2
 6855 1d87 91       		.byte	0x91
 6856 1d88 6C       		.sleb128 -20
 6857 1d89 08       		.uleb128 0x8
 6858 1d8a 6E00     		.ascii	"n\000"
 6859 1d8c 06       		.byte	0x6
 6860 1d8d 5301     		.2byte	0x153
 6861 1d8f 2C       		.byte	0x2c
 6862 1d90 01010000 		.4byte	0x101
 6863 1d94 02       		.uleb128 0x2
 6864 1d95 91       		.byte	0x91
 6865 1d96 68       		.sleb128 -24
 6866 1d97 06       		.uleb128 0x6
 6867 1d98 A00F0000 		.4byte	.LASF285
 6868 1d9c 06       		.byte	0x6
 6869 1d9d 5401     		.2byte	0x154
 6870 1d9f 2D       		.byte	0x2d
 6871 1da0 85120000 		.4byte	0x1285
 6872 1da4 02       		.uleb128 0x2
 6873 1da5 91       		.byte	0x91
 6874 1da6 64       		.sleb128 -28
 6875 1da7 18       		.uleb128 0x18
 6876 1da8 73746100 		.ascii	"sta\000"
 6877 1dac 5501     		.2byte	0x155
 6878 1dae 0C       		.byte	0xc
 6879 1daf 01010000 		.4byte	0x101
 6880 1db3 02       		.uleb128 0x2
 6881 1db4 91       		.byte	0x91
 6882 1db5 74       		.sleb128 -12
 6883 1db6 00       		.byte	0
 6884 1db7 19       		.uleb128 0x19
 6885 1db8 370E0000 		.4byte	.LASF332
ARM GAS  C:\Users\DEVELO~1\AppData\Local\Temp\ccalPHYl.s 			page 122


 6886 1dbc 06       		.byte	0x6
 6887 1dbd 3401     		.2byte	0x134
 6888 1dbf 0D       		.byte	0xd
 6889 1dc0 00000000 		.4byte	.LFB438
 6890 1dc4 90000000 		.4byte	.LFE438-.LFB438
 6891 1dc8 01       		.uleb128 0x1
 6892 1dc9 9C       		.byte	0x9c
 6893 1dca FF1D0000 		.4byte	0x1dff
 6894 1dce 06       		.uleb128 0x6
 6895 1dcf 9F030000 		.4byte	.LASF306
 6896 1dd3 06       		.byte	0x6
 6897 1dd4 3401     		.2byte	0x134
 6898 1dd6 2F       		.byte	0x2f
 6899 1dd7 72170000 		.4byte	0x1772
 6900 1ddb 02       		.uleb128 0x2
 6901 1ddc 91       		.byte	0x91
 6902 1ddd 6C       		.sleb128 -20
 6903 1dde 08       		.uleb128 0x8
 6904 1ddf 73746100 		.ascii	"sta\000"
 6905 1de3 06       		.byte	0x6
 6906 1de4 3401     		.2byte	0x134
 6907 1de6 3E       		.byte	0x3e
 6908 1de7 01010000 		.4byte	0x101
 6909 1deb 02       		.uleb128 0x2
 6910 1dec 91       		.byte	0x91
 6911 1ded 68       		.sleb128 -24
 6912 1dee 46       		.uleb128 0x46
 6913 1def C0040000 		.4byte	.LASF281
 6914 1df3 06       		.byte	0x6
 6915 1df4 3501     		.2byte	0x135
 6916 1df6 0C       		.byte	0xc
 6917 1df7 01010000 		.4byte	0x101
 6918 1dfb 02       		.uleb128 0x2
 6919 1dfc 91       		.byte	0x91
 6920 1dfd 74       		.sleb128 -12
 6921 1dfe 00       		.byte	0
 6922 1dff 32       		.uleb128 0x32
 6923 1e00 830E0000 		.4byte	.LASF333
 6924 1e04 06       		.byte	0x6
 6925 1e05 0A01     		.2byte	0x10a
 6926 1e07 0D       		.byte	0xd
 6927 1e08 FE0F0000 		.4byte	0xffe
 6928 1e0c 00000000 		.4byte	.LFB437
 6929 1e10 80000000 		.4byte	.LFE437-.LFB437
 6930 1e14 01       		.uleb128 0x1
 6931 1e15 9C       		.byte	0x9c
 6932 1e16 491E0000 		.4byte	0x1e49
 6933 1e1a 06       		.uleb128 0x6
 6934 1e1b 9F030000 		.4byte	.LASF306
 6935 1e1f 06       		.byte	0x6
 6936 1e20 0A01     		.2byte	0x10a
 6937 1e22 35       		.byte	0x35
 6938 1e23 72170000 		.4byte	0x1772
 6939 1e27 02       		.uleb128 0x2
 6940 1e28 91       		.byte	0x91
 6941 1e29 74       		.sleb128 -12
 6942 1e2a 08       		.uleb128 0x8
ARM GAS  C:\Users\DEVELO~1\AppData\Local\Temp\ccalPHYl.s 			page 123


 6943 1e2b 6E00     		.ascii	"n\000"
 6944 1e2d 06       		.byte	0x6
 6945 1e2e 0A01     		.2byte	0x10a
 6946 1e30 44       		.byte	0x44
 6947 1e31 01010000 		.4byte	0x101
 6948 1e35 02       		.uleb128 0x2
 6949 1e36 91       		.byte	0x91
 6950 1e37 70       		.sleb128 -16
 6951 1e38 06       		.uleb128 0x6
 6952 1e39 A00F0000 		.4byte	.LASF285
 6953 1e3d 06       		.byte	0x6
 6954 1e3e 0B01     		.2byte	0x10b
 6955 1e40 34       		.byte	0x34
 6956 1e41 85120000 		.4byte	0x1285
 6957 1e45 02       		.uleb128 0x2
 6958 1e46 91       		.byte	0x91
 6959 1e47 6C       		.sleb128 -20
 6960 1e48 00       		.byte	0
 6961 1e49 2B       		.uleb128 0x2b
 6962 1e4a EB030000 		.4byte	.LASF334
 6963 1e4e E5       		.byte	0xe5
 6964 1e4f FE0F0000 		.4byte	0xffe
 6965 1e53 00000000 		.4byte	.LFB436
 6966 1e57 78000000 		.4byte	.LFE436-.LFB436
 6967 1e5b 01       		.uleb128 0x1
 6968 1e5c 9C       		.byte	0x9c
 6969 1e5d 981E0000 		.4byte	0x1e98
 6970 1e61 15       		.uleb128 0x15
 6971 1e62 9F030000 		.4byte	.LASF306
 6972 1e66 E5       		.byte	0xe5
 6973 1e67 2E       		.byte	0x2e
 6974 1e68 72170000 		.4byte	0x1772
 6975 1e6c 02       		.uleb128 0x2
 6976 1e6d 91       		.byte	0x91
 6977 1e6e 74       		.sleb128 -12
 6978 1e6f 15       		.uleb128 0x15
 6979 1e70 F60D0000 		.4byte	.LASF309
 6980 1e74 E5       		.byte	0xe5
 6981 1e75 3D       		.byte	0x3d
 6982 1e76 01010000 		.4byte	0x101
 6983 1e7a 02       		.uleb128 0x2
 6984 1e7b 91       		.byte	0x91
 6985 1e7c 70       		.sleb128 -16
 6986 1e7d 21       		.uleb128 0x21
 6987 1e7e 6E00     		.ascii	"n\000"
 6988 1e80 E6       		.byte	0xe6
 6989 1e81 2C       		.byte	0x2c
 6990 1e82 01010000 		.4byte	0x101
 6991 1e86 02       		.uleb128 0x2
 6992 1e87 91       		.byte	0x91
 6993 1e88 6C       		.sleb128 -20
 6994 1e89 15       		.uleb128 0x15
 6995 1e8a A00F0000 		.4byte	.LASF285
 6996 1e8e E6       		.byte	0xe6
 6997 1e8f 39       		.byte	0x39
 6998 1e90 85120000 		.4byte	0x1285
 6999 1e94 02       		.uleb128 0x2
ARM GAS  C:\Users\DEVELO~1\AppData\Local\Temp\ccalPHYl.s 			page 124


 7000 1e95 91       		.byte	0x91
 7001 1e96 68       		.sleb128 -24
 7002 1e97 00       		.byte	0
 7003 1e98 2B       		.uleb128 0x2b
 7004 1e99 A5020000 		.4byte	.LASF335
 7005 1e9d BD       		.byte	0xbd
 7006 1e9e FE0F0000 		.4byte	0xffe
 7007 1ea2 00000000 		.4byte	.LFB435
 7008 1ea6 78000000 		.4byte	.LFE435-.LFB435
 7009 1eaa 01       		.uleb128 0x1
 7010 1eab 9C       		.byte	0x9c
 7011 1eac E71E0000 		.4byte	0x1ee7
 7012 1eb0 15       		.uleb128 0x15
 7013 1eb1 9F030000 		.4byte	.LASF306
 7014 1eb5 BD       		.byte	0xbd
 7015 1eb6 2D       		.byte	0x2d
 7016 1eb7 72170000 		.4byte	0x1772
 7017 1ebb 02       		.uleb128 0x2
 7018 1ebc 91       		.byte	0x91
 7019 1ebd 74       		.sleb128 -12
 7020 1ebe 15       		.uleb128 0x15
 7021 1ebf F60D0000 		.4byte	.LASF309
 7022 1ec3 BD       		.byte	0xbd
 7023 1ec4 3C       		.byte	0x3c
 7024 1ec5 01010000 		.4byte	0x101
 7025 1ec9 02       		.uleb128 0x2
 7026 1eca 91       		.byte	0x91
 7027 1ecb 70       		.sleb128 -16
 7028 1ecc 21       		.uleb128 0x21
 7029 1ecd 6E00     		.ascii	"n\000"
 7030 1ecf BE       		.byte	0xbe
 7031 1ed0 2B       		.byte	0x2b
 7032 1ed1 01010000 		.4byte	0x101
 7033 1ed5 02       		.uleb128 0x2
 7034 1ed6 91       		.byte	0x91
 7035 1ed7 6C       		.sleb128 -20
 7036 1ed8 15       		.uleb128 0x15
 7037 1ed9 A00F0000 		.4byte	.LASF285
 7038 1edd BE       		.byte	0xbe
 7039 1ede 38       		.byte	0x38
 7040 1edf 85120000 		.4byte	0x1285
 7041 1ee3 02       		.uleb128 0x2
 7042 1ee4 91       		.byte	0x91
 7043 1ee5 68       		.sleb128 -24
 7044 1ee6 00       		.byte	0
 7045 1ee7 2B       		.uleb128 0x2b
 7046 1ee8 A10B0000 		.4byte	.LASF336
 7047 1eec 8F       		.byte	0x8f
 7048 1eed FE0F0000 		.4byte	0xffe
 7049 1ef1 00000000 		.4byte	.LFB434
 7050 1ef5 98000000 		.4byte	.LFE434-.LFB434
 7051 1ef9 01       		.uleb128 0x1
 7052 1efa 9C       		.byte	0x9c
 7053 1efb 5C1F0000 		.4byte	0x1f5c
 7054 1eff 15       		.uleb128 0x15
 7055 1f00 9F030000 		.4byte	.LASF306
 7056 1f04 8F       		.byte	0x8f
ARM GAS  C:\Users\DEVELO~1\AppData\Local\Temp\ccalPHYl.s 			page 125


 7057 1f05 33       		.byte	0x33
 7058 1f06 72170000 		.4byte	0x1772
 7059 1f0a 02       		.uleb128 0x2
 7060 1f0b 91       		.byte	0x91
 7061 1f0c 64       		.sleb128 -28
 7062 1f0d 21       		.uleb128 0x21
 7063 1f0e 62756600 		.ascii	"buf\000"
 7064 1f12 90       		.byte	0x90
 7065 1f13 31       		.byte	0x31
 7066 1f14 05100000 		.4byte	0x1005
 7067 1f18 02       		.uleb128 0x2
 7068 1f19 91       		.byte	0x91
 7069 1f1a 60       		.sleb128 -32
 7070 1f1b 15       		.uleb128 0x15
 7071 1f1c CB060000 		.4byte	.LASF318
 7072 1f20 90       		.byte	0x90
 7073 1f21 3F       		.byte	0x3f
 7074 1f22 01010000 		.4byte	0x101
 7075 1f26 02       		.uleb128 0x2
 7076 1f27 91       		.byte	0x91
 7077 1f28 5C       		.sleb128 -36
 7078 1f29 20       		.uleb128 0x20
 7079 1f2a 550F0000 		.4byte	.LASF315
 7080 1f2e 6C1F0000 		.4byte	0x1f6c
 7081 1f32 47       		.uleb128 0x47
 7082 1f33 711F0000 		.4byte	0x1f71
 7083 1f37 1A000000 		.4byte	.LBB60
 7084 1f3b 28000000 		.4byte	.LBE60-.LBB60
 7085 1f3f 06       		.byte	0x6
 7086 1f40 93       		.byte	0x93
 7087 1f41 19       		.byte	0x19
 7088 1f42 13       		.uleb128 0x13
 7089 1f43 8E1F0000 		.4byte	0x1f8e
 7090 1f47 02       		.uleb128 0x2
 7091 1f48 91       		.byte	0x91
 7092 1f49 70       		.sleb128 -16
 7093 1f4a 13       		.uleb128 0x13
 7094 1f4b 821F0000 		.4byte	0x1f82
 7095 1f4f 02       		.uleb128 0x2
 7096 1f50 91       		.byte	0x91
 7097 1f51 74       		.sleb128 -12
 7098 1f52 28       		.uleb128 0x28
 7099 1f53 991F0000 		.4byte	0x1f99
 7100 1f57 02       		.uleb128 0x2
 7101 1f58 91       		.byte	0x91
 7102 1f59 6C       		.sleb128 -20
 7103 1f5a 00       		.byte	0
 7104 1f5b 00       		.byte	0
 7105 1f5c 0F       		.uleb128 0xf
 7106 1f5d C9000000 		.4byte	0xc9
 7107 1f61 6C1F0000 		.4byte	0x1f6c
 7108 1f65 11       		.uleb128 0x11
 7109 1f66 3E000000 		.4byte	0x3e
 7110 1f6a 1A       		.byte	0x1a
 7111 1f6b 00       		.byte	0
 7112 1f6c 0E       		.uleb128 0xe
 7113 1f6d 5C1F0000 		.4byte	0x1f5c
ARM GAS  C:\Users\DEVELO~1\AppData\Local\Temp\ccalPHYl.s 			page 126


 7114 1f71 48       		.uleb128 0x48
 7115 1f72 00020000 		.4byte	.LASF361
 7116 1f76 06       		.byte	0x6
 7117 1f77 7B       		.byte	0x7b
 7118 1f78 1F       		.byte	0x1f
 7119 1f79 01010000 		.4byte	0x101
 7120 1f7d 03       		.byte	0x3
 7121 1f7e A61F0000 		.4byte	0x1fa6
 7122 1f82 49       		.uleb128 0x49
 7123 1f83 9F030000 		.4byte	.LASF306
 7124 1f87 06       		.byte	0x6
 7125 1f88 7B       		.byte	0x7b
 7126 1f89 3E       		.byte	0x3e
 7127 1f8a 72170000 		.4byte	0x1772
 7128 1f8e 4A       		.uleb128 0x4a
 7129 1f8f 6D7300   		.ascii	"ms\000"
 7130 1f92 06       		.byte	0x6
 7131 1f93 7C       		.byte	0x7c
 7132 1f94 3C       		.byte	0x3c
 7133 1f95 01010000 		.4byte	0x101
 7134 1f99 4B       		.uleb128 0x4b
 7135 1f9a 64697600 		.ascii	"div\000"
 7136 1f9e 06       		.byte	0x6
 7137 1f9f 7D       		.byte	0x7d
 7138 1fa0 0C       		.byte	0xc
 7139 1fa1 01010000 		.4byte	0x101
 7140 1fa5 00       		.byte	0
 7141 1fa6 4C       		.uleb128 0x4c
 7142 1fa7 670A0000 		.4byte	.LASF337
 7143 1fab 06       		.byte	0x6
 7144 1fac 64       		.byte	0x64
 7145 1fad 11       		.byte	0x11
 7146 1fae 01010000 		.4byte	0x101
 7147 1fb2 00000000 		.4byte	.LFB432
 7148 1fb6 42000000 		.4byte	.LFE432-.LFB432
 7149 1fba 01       		.uleb128 0x1
 7150 1fbb 9C       		.byte	0x9c
 7151 1fbc DB1F0000 		.4byte	0x1fdb
 7152 1fc0 15       		.uleb128 0x15
 7153 1fc1 9F030000 		.4byte	.LASF306
 7154 1fc5 64       		.byte	0x64
 7155 1fc6 2B       		.byte	0x2b
 7156 1fc7 72170000 		.4byte	0x1772
 7157 1fcb 02       		.uleb128 0x2
 7158 1fcc 91       		.byte	0x91
 7159 1fcd 74       		.sleb128 -12
 7160 1fce 21       		.uleb128 0x21
 7161 1fcf 6600     		.ascii	"f\000"
 7162 1fd1 64       		.byte	0x64
 7163 1fd2 3A       		.byte	0x3a
 7164 1fd3 01010000 		.4byte	0x101
 7165 1fd7 02       		.uleb128 0x2
 7166 1fd8 91       		.byte	0x91
 7167 1fd9 70       		.sleb128 -16
 7168 1fda 00       		.byte	0
 7169 1fdb 19       		.uleb128 0x19
 7170 1fdc 840B0000 		.4byte	.LASF338
ARM GAS  C:\Users\DEVELO~1\AppData\Local\Temp\ccalPHYl.s 			page 127


 7171 1fe0 05       		.byte	0x5
 7172 1fe1 1C03     		.2byte	0x31c
 7173 1fe3 16       		.byte	0x16
 7174 1fe4 00000000 		.4byte	.LFB410
 7175 1fe8 40000000 		.4byte	.LFE410-.LFB410
 7176 1fec 01       		.uleb128 0x1
 7177 1fed 9C       		.byte	0x9c
 7178 1fee 03200000 		.4byte	0x2003
 7179 1ff2 06       		.uleb128 0x6
 7180 1ff3 96090000 		.4byte	.LASF60
 7181 1ff7 05       		.byte	0x5
 7182 1ff8 1C03     		.2byte	0x31c
 7183 1ffa 2E       		.byte	0x2e
 7184 1ffb 01010000 		.4byte	0x101
 7185 1fff 02       		.uleb128 0x2
 7186 2000 91       		.byte	0x91
 7187 2001 74       		.sleb128 -12
 7188 2002 00       		.byte	0
 7189 2003 19       		.uleb128 0x19
 7190 2004 630B0000 		.4byte	.LASF339
 7191 2008 05       		.byte	0x5
 7192 2009 FC02     		.2byte	0x2fc
 7193 200b 16       		.byte	0x16
 7194 200c 00000000 		.4byte	.LFB409
 7195 2010 5C000000 		.4byte	.LFE409-.LFB409
 7196 2014 01       		.uleb128 0x1
 7197 2015 9C       		.byte	0x9c
 7198 2016 3A200000 		.4byte	0x203a
 7199 201a 06       		.uleb128 0x6
 7200 201b 96090000 		.4byte	.LASF60
 7201 201f 05       		.byte	0x5
 7202 2020 FC02     		.2byte	0x2fc
 7203 2022 2D       		.byte	0x2d
 7204 2023 01010000 		.4byte	0x101
 7205 2027 02       		.uleb128 0x2
 7206 2028 91       		.byte	0x91
 7207 2029 74       		.sleb128 -12
 7208 202a 08       		.uleb128 0x8
 7209 202b 6C7000   		.ascii	"lp\000"
 7210 202e 05       		.byte	0x5
 7211 202f FC02     		.2byte	0x2fc
 7212 2031 38       		.byte	0x38
 7213 2032 FE0F0000 		.4byte	0xffe
 7214 2036 02       		.uleb128 0x2
 7215 2037 91       		.byte	0x91
 7216 2038 73       		.sleb128 -13
 7217 2039 00       		.byte	0
 7218 203a 2A       		.uleb128 0x2a
 7219 203b 750F0000 		.4byte	.LASF340
 7220 203f 04       		.byte	0x4
 7221 2040 4503     		.2byte	0x345
 7222 2042 14       		.byte	0x14
 7223 2043 00000000 		.4byte	.LFB367
 7224 2047 1A000000 		.4byte	.LFE367-.LFB367
 7225 204b 01       		.uleb128 0x1
 7226 204c 9C       		.byte	0x9c
 7227 204d 72200000 		.4byte	0x2072
ARM GAS  C:\Users\DEVELO~1\AppData\Local\Temp\ccalPHYl.s 			page 128


 7228 2051 08       		.uleb128 0x8
 7229 2052 74727000 		.ascii	"trp\000"
 7230 2056 04       		.byte	0x4
 7231 2057 4503     		.2byte	0x345
 7232 2059 3A       		.byte	0x3a
 7233 205a 4E0E0000 		.4byte	0xe4e
 7234 205e 02       		.uleb128 0x2
 7235 205f 91       		.byte	0x91
 7236 2060 74       		.sleb128 -12
 7237 2061 08       		.uleb128 0x8
 7238 2062 6D736700 		.ascii	"msg\000"
 7239 2066 04       		.byte	0x4
 7240 2067 4503     		.2byte	0x345
 7241 2069 45       		.byte	0x45
 7242 206a 70010000 		.4byte	0x170
 7243 206e 02       		.uleb128 0x2
 7244 206f 91       		.byte	0x91
 7245 2070 70       		.sleb128 -16
 7246 2071 00       		.byte	0
 7247 2072 32       		.uleb128 0x32
 7248 2073 7E030000 		.4byte	.LASF341
 7249 2077 04       		.byte	0x4
 7250 2078 1D03     		.2byte	0x31d
 7251 207a 15       		.byte	0x15
 7252 207b 70010000 		.4byte	0x170
 7253 207f 00000000 		.4byte	.LFB365
 7254 2083 1C000000 		.4byte	.LFE365-.LFB365
 7255 2087 01       		.uleb128 0x1
 7256 2088 9C       		.byte	0x9c
 7257 2089 9E200000 		.4byte	0x209e
 7258 208d 08       		.uleb128 0x8
 7259 208e 74727000 		.ascii	"trp\000"
 7260 2092 04       		.byte	0x4
 7261 2093 1D03     		.2byte	0x31d
 7262 2095 3C       		.byte	0x3c
 7263 2096 4E0E0000 		.4byte	0xe4e
 7264 209a 02       		.uleb128 0x2
 7265 209b 91       		.byte	0x91
 7266 209c 74       		.sleb128 -12
 7267 209d 00       		.byte	0
 7268 209e 2A       		.uleb128 0x2a
 7269 209f A0090000 		.4byte	.LASF342
 7270 20a3 04       		.byte	0x4
 7271 20a4 0E03     		.2byte	0x30e
 7272 20a6 14       		.byte	0x14
 7273 20a7 00000000 		.4byte	.LFB364
 7274 20ab 16000000 		.4byte	.LFE364-.LFB364
 7275 20af 01       		.uleb128 0x1
 7276 20b0 9C       		.byte	0x9c
 7277 20b1 C6200000 		.4byte	0x20c6
 7278 20b5 06       		.uleb128 0x6
 7279 20b6 930B0000 		.4byte	.LASF343
 7280 20ba 04       		.byte	0x4
 7281 20bb 0E03     		.2byte	0x30e
 7282 20bd 32       		.byte	0x32
 7283 20be 9B030000 		.4byte	0x39b
 7284 20c2 02       		.uleb128 0x2
ARM GAS  C:\Users\DEVELO~1\AppData\Local\Temp\ccalPHYl.s 			page 129


 7285 20c3 91       		.byte	0x91
 7286 20c4 74       		.sleb128 -12
 7287 20c5 00       		.byte	0
 7288 20c6 22       		.uleb128 0x22
 7289 20c7 3A0C0000 		.4byte	.LASF344
 7290 20cb 5E02     		.2byte	0x25e
 7291 20cd 00000000 		.4byte	.LFB353
 7292 20d1 0C000000 		.4byte	.LFE353-.LFB353
 7293 20d5 01       		.uleb128 0x1
 7294 20d6 9C       		.byte	0x9c
 7295 20d7 22       		.uleb128 0x22
 7296 20d8 4E060000 		.4byte	.LASF345
 7297 20dc 5302     		.2byte	0x253
 7298 20de 00000000 		.4byte	.LFB352
 7299 20e2 0C000000 		.4byte	.LFE352-.LFB352
 7300 20e6 01       		.uleb128 0x1
 7301 20e7 9C       		.byte	0x9c
 7302 20e8 22       		.uleb128 0x22
 7303 20e9 00050000 		.4byte	.LASF346
 7304 20ed 4802     		.2byte	0x248
 7305 20ef 00000000 		.4byte	.LFB351
 7306 20f3 0C000000 		.4byte	.LFE351-.LFB351
 7307 20f7 01       		.uleb128 0x1
 7308 20f8 9C       		.byte	0x9c
 7309 20f9 22       		.uleb128 0x22
 7310 20fa 3E0D0000 		.4byte	.LASF347
 7311 20fe 3D02     		.2byte	0x23d
 7312 2100 00000000 		.4byte	.LFB350
 7313 2104 0C000000 		.4byte	.LFE350-.LFB350
 7314 2108 01       		.uleb128 0x1
 7315 2109 9C       		.byte	0x9c
 7316 210a 19       		.uleb128 0x19
 7317 210b 84050000 		.4byte	.LASF348
 7318 210f 01       		.byte	0x1
 7319 2110 D901     		.2byte	0x1d9
 7320 2112 14       		.byte	0x14
 7321 2113 00000000 		.4byte	.LFB205
 7322 2117 20000000 		.4byte	.LFE205-.LFB205
 7323 211b 01       		.uleb128 0x1
 7324 211c 9C       		.byte	0x9c
 7325 211d 60210000 		.4byte	0x2160
 7326 2121 10       		.uleb128 0x10
 7327 2122 5C220000 		.4byte	0x225c
 7328 2126 0A000000 		.4byte	.LBB54
 7329 212a 0C000000 		.4byte	.LBE54-.LBB54
 7330 212e 01       		.byte	0x1
 7331 212f DD01     		.2byte	0x1dd
 7332 2131 03       		.byte	0x3
 7333 2132 10       		.uleb128 0x10
 7334 2133 6A220000 		.4byte	0x226a
 7335 2137 0A000000 		.4byte	.LBB56
 7336 213b 0A000000 		.4byte	.LBE56-.LBB56
 7337 213f 03       		.byte	0x3
 7338 2140 6B03     		.2byte	0x36b
 7339 2142 03       		.byte	0x3
 7340 2143 10       		.uleb128 0x10
 7341 2144 78220000 		.4byte	0x2278
ARM GAS  C:\Users\DEVELO~1\AppData\Local\Temp\ccalPHYl.s 			page 130


 7342 2148 0A000000 		.4byte	.LBB58
 7343 214c 08000000 		.4byte	.LBE58-.LBB58
 7344 2150 03       		.byte	0x3
 7345 2151 5203     		.2byte	0x352
 7346 2153 03       		.byte	0x3
 7347 2154 13       		.uleb128 0x13
 7348 2155 82220000 		.4byte	0x2282
 7349 2159 02       		.uleb128 0x2
 7350 215a 91       		.byte	0x91
 7351 215b 74       		.sleb128 -12
 7352 215c 00       		.byte	0
 7353 215d 00       		.byte	0
 7354 215e 00       		.byte	0
 7355 215f 00       		.byte	0
 7356 2160 19       		.uleb128 0x19
 7357 2161 CE020000 		.4byte	.LASF349
 7358 2165 01       		.byte	0x1
 7359 2166 C301     		.2byte	0x1c3
 7360 2168 14       		.byte	0x14
 7361 2169 00000000 		.4byte	.LFB204
 7362 216d 20000000 		.4byte	.LFE204-.LFB204
 7363 2171 01       		.uleb128 0x1
 7364 2172 9C       		.byte	0x9c
 7365 2173 B6210000 		.4byte	0x21b6
 7366 2177 10       		.uleb128 0x10
 7367 2178 63220000 		.4byte	0x2263
 7368 217c 0A000000 		.4byte	.LBB48
 7369 2180 0C000000 		.4byte	.LBE48-.LBB48
 7370 2184 01       		.byte	0x1
 7371 2185 C501     		.2byte	0x1c5
 7372 2187 03       		.byte	0x3
 7373 2188 10       		.uleb128 0x10
 7374 2189 71220000 		.4byte	0x2271
 7375 218d 0A000000 		.4byte	.LBB50
 7376 2191 0A000000 		.4byte	.LBE50-.LBB50
 7377 2195 03       		.byte	0x3
 7378 2196 6003     		.2byte	0x360
 7379 2198 03       		.byte	0x3
 7380 2199 10       		.uleb128 0x10
 7381 219a 78220000 		.4byte	0x2278
 7382 219e 0A000000 		.4byte	.LBB52
 7383 21a2 08000000 		.4byte	.LBE52-.LBB52
 7384 21a6 03       		.byte	0x3
 7385 21a7 3F03     		.2byte	0x33f
 7386 21a9 03       		.byte	0x3
 7387 21aa 13       		.uleb128 0x13
 7388 21ab 82220000 		.4byte	0x2282
 7389 21af 02       		.uleb128 0x2
 7390 21b0 91       		.byte	0x91
 7391 21b1 74       		.sleb128 -12
 7392 21b2 00       		.byte	0
 7393 21b3 00       		.byte	0
 7394 21b4 00       		.byte	0
 7395 21b5 00       		.byte	0
 7396 21b6 19       		.uleb128 0x19
 7397 21b7 F4040000 		.4byte	.LASF350
 7398 21bb 01       		.byte	0x1
ARM GAS  C:\Users\DEVELO~1\AppData\Local\Temp\ccalPHYl.s 			page 131


 7399 21bc A501     		.2byte	0x1a5
 7400 21be 14       		.byte	0x14
 7401 21bf 00000000 		.4byte	.LFB203
 7402 21c3 1E000000 		.4byte	.LFE203-.LFB203
 7403 21c7 01       		.uleb128 0x1
 7404 21c8 9C       		.byte	0x9c
 7405 21c9 03220000 		.4byte	0x2203
 7406 21cd 20       		.uleb128 0x20
 7407 21ce 550F0000 		.4byte	.LASF315
 7408 21d2 13220000 		.4byte	0x2213
 7409 21d6 10       		.uleb128 0x10
 7410 21d7 6A220000 		.4byte	0x226a
 7411 21db 0A000000 		.4byte	.LBB44
 7412 21df 0A000000 		.4byte	.LBE44-.LBB44
 7413 21e3 01       		.byte	0x1
 7414 21e4 B201     		.2byte	0x1b2
 7415 21e6 03       		.byte	0x3
 7416 21e7 10       		.uleb128 0x10
 7417 21e8 78220000 		.4byte	0x2278
 7418 21ec 0A000000 		.4byte	.LBB46
 7419 21f0 08000000 		.4byte	.LBE46-.LBB46
 7420 21f4 03       		.byte	0x3
 7421 21f5 5203     		.2byte	0x352
 7422 21f7 03       		.byte	0x3
 7423 21f8 13       		.uleb128 0x13
 7424 21f9 82220000 		.4byte	0x2282
 7425 21fd 02       		.uleb128 0x2
 7426 21fe 91       		.byte	0x91
 7427 21ff 74       		.sleb128 -12
 7428 2200 00       		.byte	0
 7429 2201 00       		.byte	0
 7430 2202 00       		.byte	0
 7431 2203 0F       		.uleb128 0xf
 7432 2204 C9000000 		.4byte	0xc9
 7433 2208 13220000 		.4byte	0x2213
 7434 220c 11       		.uleb128 0x11
 7435 220d 3E000000 		.4byte	0x3e
 7436 2211 0B       		.byte	0xb
 7437 2212 00       		.byte	0
 7438 2213 0E       		.uleb128 0xe
 7439 2214 03220000 		.4byte	0x2203
 7440 2218 19       		.uleb128 0x19
 7441 2219 58070000 		.4byte	.LASF351
 7442 221d 01       		.byte	0x1
 7443 221e 9701     		.2byte	0x197
 7444 2220 14       		.byte	0x14
 7445 2221 00000000 		.4byte	.LFB202
 7446 2225 1E000000 		.4byte	.LFE202-.LFB202
 7447 2229 01       		.uleb128 0x1
 7448 222a 9C       		.byte	0x9c
 7449 222b 5C220000 		.4byte	0x225c
 7450 222f 10       		.uleb128 0x10
 7451 2230 71220000 		.4byte	0x2271
 7452 2234 0A000000 		.4byte	.LBB40
 7453 2238 0A000000 		.4byte	.LBE40-.LBB40
 7454 223c 01       		.byte	0x1
 7455 223d 9901     		.2byte	0x199
ARM GAS  C:\Users\DEVELO~1\AppData\Local\Temp\ccalPHYl.s 			page 132


 7456 223f 03       		.byte	0x3
 7457 2240 10       		.uleb128 0x10
 7458 2241 78220000 		.4byte	0x2278
 7459 2245 0A000000 		.4byte	.LBB42
 7460 2249 08000000 		.4byte	.LBE42-.LBB42
 7461 224d 03       		.byte	0x3
 7462 224e 3F03     		.2byte	0x33f
 7463 2250 03       		.byte	0x3
 7464 2251 13       		.uleb128 0x13
 7465 2252 82220000 		.4byte	0x2282
 7466 2256 02       		.uleb128 0x2
 7467 2257 91       		.byte	0x91
 7468 2258 74       		.sleb128 -12
 7469 2259 00       		.byte	0
 7470 225a 00       		.byte	0
 7471 225b 00       		.byte	0
 7472 225c 23       		.uleb128 0x23
 7473 225d A20D0000 		.4byte	.LASF352
 7474 2261 6903     		.2byte	0x369
 7475 2263 23       		.uleb128 0x23
 7476 2264 51020000 		.4byte	.LASF353
 7477 2268 5E03     		.2byte	0x35e
 7478 226a 23       		.uleb128 0x23
 7479 226b 870F0000 		.4byte	.LASF354
 7480 226f 4F03     		.2byte	0x34f
 7481 2271 23       		.uleb128 0x23
 7482 2272 2A020000 		.4byte	.LASF355
 7483 2276 3703     		.2byte	0x337
 7484 2278 4D       		.uleb128 0x4d
 7485 2279 C50B0000 		.4byte	.LASF362
 7486 227d 02       		.byte	0x2
 7487 227e EB01     		.2byte	0x1eb
 7488 2280 1B       		.byte	0x1b
 7489 2281 03       		.byte	0x3
 7490 2282 4E       		.uleb128 0x4e
 7491 2283 6A050000 		.4byte	.LASF356
 7492 2287 02       		.byte	0x2
 7493 2288 EB01     		.2byte	0x1eb
 7494 228a 32       		.byte	0x32
 7495 228b 01010000 		.4byte	0x101
 7496 228f 00       		.byte	0
 7497 2290 00       		.byte	0
 7498              		.section	.debug_abbrev,"",%progbits
 7499              	.Ldebug_abbrev0:
 7500 0000 01       		.uleb128 0x1
 7501 0001 0D       		.uleb128 0xd
 7502 0002 00       		.byte	0
 7503 0003 03       		.uleb128 0x3
 7504 0004 0E       		.uleb128 0xe
 7505 0005 3A       		.uleb128 0x3a
 7506 0006 0B       		.uleb128 0xb
 7507 0007 3B       		.uleb128 0x3b
 7508 0008 05       		.uleb128 0x5
 7509 0009 39       		.uleb128 0x39
 7510 000a 0B       		.uleb128 0xb
 7511 000b 49       		.uleb128 0x49
 7512 000c 13       		.uleb128 0x13
ARM GAS  C:\Users\DEVELO~1\AppData\Local\Temp\ccalPHYl.s 			page 133


 7513 000d 38       		.uleb128 0x38
 7514 000e 0B       		.uleb128 0xb
 7515 000f 00       		.byte	0
 7516 0010 00       		.byte	0
 7517 0011 02       		.uleb128 0x2
 7518 0012 0D       		.uleb128 0xd
 7519 0013 00       		.byte	0
 7520 0014 03       		.uleb128 0x3
 7521 0015 0E       		.uleb128 0xe
 7522 0016 3A       		.uleb128 0x3a
 7523 0017 0B       		.uleb128 0xb
 7524 0018 3B       		.uleb128 0x3b
 7525 0019 0B       		.uleb128 0xb
 7526 001a 39       		.uleb128 0x39
 7527 001b 0B       		.uleb128 0xb
 7528 001c 49       		.uleb128 0x49
 7529 001d 13       		.uleb128 0x13
 7530 001e 38       		.uleb128 0x38
 7531 001f 0B       		.uleb128 0xb
 7532 0020 00       		.byte	0
 7533 0021 00       		.byte	0
 7534 0022 03       		.uleb128 0x3
 7535 0023 16       		.uleb128 0x16
 7536 0024 00       		.byte	0
 7537 0025 03       		.uleb128 0x3
 7538 0026 0E       		.uleb128 0xe
 7539 0027 3A       		.uleb128 0x3a
 7540 0028 0B       		.uleb128 0xb
 7541 0029 3B       		.uleb128 0x3b
 7542 002a 0B       		.uleb128 0xb
 7543 002b 39       		.uleb128 0x39
 7544 002c 0B       		.uleb128 0xb
 7545 002d 49       		.uleb128 0x49
 7546 002e 13       		.uleb128 0x13
 7547 002f 00       		.byte	0
 7548 0030 00       		.byte	0
 7549 0031 04       		.uleb128 0x4
 7550 0032 05       		.uleb128 0x5
 7551 0033 00       		.byte	0
 7552 0034 49       		.uleb128 0x49
 7553 0035 13       		.uleb128 0x13
 7554 0036 00       		.byte	0
 7555 0037 00       		.byte	0
 7556 0038 05       		.uleb128 0x5
 7557 0039 0F       		.uleb128 0xf
 7558 003a 00       		.byte	0
 7559 003b 0B       		.uleb128 0xb
 7560 003c 21       		.uleb128 0x21
 7561 003d 04       		.sleb128 4
 7562 003e 49       		.uleb128 0x49
 7563 003f 13       		.uleb128 0x13
 7564 0040 00       		.byte	0
 7565 0041 00       		.byte	0
 7566 0042 06       		.uleb128 0x6
 7567 0043 05       		.uleb128 0x5
 7568 0044 00       		.byte	0
 7569 0045 03       		.uleb128 0x3
ARM GAS  C:\Users\DEVELO~1\AppData\Local\Temp\ccalPHYl.s 			page 134


 7570 0046 0E       		.uleb128 0xe
 7571 0047 3A       		.uleb128 0x3a
 7572 0048 0B       		.uleb128 0xb
 7573 0049 3B       		.uleb128 0x3b
 7574 004a 05       		.uleb128 0x5
 7575 004b 39       		.uleb128 0x39
 7576 004c 0B       		.uleb128 0xb
 7577 004d 49       		.uleb128 0x49
 7578 004e 13       		.uleb128 0x13
 7579 004f 02       		.uleb128 0x2
 7580 0050 18       		.uleb128 0x18
 7581 0051 00       		.byte	0
 7582 0052 00       		.byte	0
 7583 0053 07       		.uleb128 0x7
 7584 0054 0D       		.uleb128 0xd
 7585 0055 00       		.byte	0
 7586 0056 03       		.uleb128 0x3
 7587 0057 08       		.uleb128 0x8
 7588 0058 3A       		.uleb128 0x3a
 7589 0059 0B       		.uleb128 0xb
 7590 005a 3B       		.uleb128 0x3b
 7591 005b 05       		.uleb128 0x5
 7592 005c 39       		.uleb128 0x39
 7593 005d 0B       		.uleb128 0xb
 7594 005e 49       		.uleb128 0x49
 7595 005f 13       		.uleb128 0x13
 7596 0060 38       		.uleb128 0x38
 7597 0061 0B       		.uleb128 0xb
 7598 0062 00       		.byte	0
 7599 0063 00       		.byte	0
 7600 0064 08       		.uleb128 0x8
 7601 0065 05       		.uleb128 0x5
 7602 0066 00       		.byte	0
 7603 0067 03       		.uleb128 0x3
 7604 0068 08       		.uleb128 0x8
 7605 0069 3A       		.uleb128 0x3a
 7606 006a 0B       		.uleb128 0xb
 7607 006b 3B       		.uleb128 0x3b
 7608 006c 05       		.uleb128 0x5
 7609 006d 39       		.uleb128 0x39
 7610 006e 0B       		.uleb128 0xb
 7611 006f 49       		.uleb128 0x49
 7612 0070 13       		.uleb128 0x13
 7613 0071 02       		.uleb128 0x2
 7614 0072 18       		.uleb128 0x18
 7615 0073 00       		.byte	0
 7616 0074 00       		.byte	0
 7617 0075 09       		.uleb128 0x9
 7618 0076 0D       		.uleb128 0xd
 7619 0077 00       		.byte	0
 7620 0078 03       		.uleb128 0x3
 7621 0079 08       		.uleb128 0x8
 7622 007a 3A       		.uleb128 0x3a
 7623 007b 0B       		.uleb128 0xb
 7624 007c 3B       		.uleb128 0x3b
 7625 007d 0B       		.uleb128 0xb
 7626 007e 39       		.uleb128 0x39
ARM GAS  C:\Users\DEVELO~1\AppData\Local\Temp\ccalPHYl.s 			page 135


 7627 007f 0B       		.uleb128 0xb
 7628 0080 49       		.uleb128 0x49
 7629 0081 13       		.uleb128 0x13
 7630 0082 38       		.uleb128 0x38
 7631 0083 0B       		.uleb128 0xb
 7632 0084 00       		.byte	0
 7633 0085 00       		.byte	0
 7634 0086 0A       		.uleb128 0xa
 7635 0087 13       		.uleb128 0x13
 7636 0088 01       		.byte	0x1
 7637 0089 03       		.uleb128 0x3
 7638 008a 0E       		.uleb128 0xe
 7639 008b 0B       		.uleb128 0xb
 7640 008c 0B       		.uleb128 0xb
 7641 008d 3A       		.uleb128 0x3a
 7642 008e 0B       		.uleb128 0xb
 7643 008f 3B       		.uleb128 0x3b
 7644 0090 0B       		.uleb128 0xb
 7645 0091 39       		.uleb128 0x39
 7646 0092 0B       		.uleb128 0xb
 7647 0093 01       		.uleb128 0x1
 7648 0094 13       		.uleb128 0x13
 7649 0095 00       		.byte	0
 7650 0096 00       		.byte	0
 7651 0097 0B       		.uleb128 0xb
 7652 0098 28       		.uleb128 0x28
 7653 0099 00       		.byte	0
 7654 009a 03       		.uleb128 0x3
 7655 009b 0E       		.uleb128 0xe
 7656 009c 1C       		.uleb128 0x1c
 7657 009d 0B       		.uleb128 0xb
 7658 009e 00       		.byte	0
 7659 009f 00       		.byte	0
 7660 00a0 0C       		.uleb128 0xc
 7661 00a1 15       		.uleb128 0x15
 7662 00a2 01       		.byte	0x1
 7663 00a3 27       		.uleb128 0x27
 7664 00a4 19       		.uleb128 0x19
 7665 00a5 49       		.uleb128 0x49
 7666 00a6 13       		.uleb128 0x13
 7667 00a7 01       		.uleb128 0x1
 7668 00a8 13       		.uleb128 0x13
 7669 00a9 00       		.byte	0
 7670 00aa 00       		.byte	0
 7671 00ab 0D       		.uleb128 0xd
 7672 00ac 24       		.uleb128 0x24
 7673 00ad 00       		.byte	0
 7674 00ae 0B       		.uleb128 0xb
 7675 00af 0B       		.uleb128 0xb
 7676 00b0 3E       		.uleb128 0x3e
 7677 00b1 0B       		.uleb128 0xb
 7678 00b2 03       		.uleb128 0x3
 7679 00b3 0E       		.uleb128 0xe
 7680 00b4 00       		.byte	0
 7681 00b5 00       		.byte	0
 7682 00b6 0E       		.uleb128 0xe
 7683 00b7 26       		.uleb128 0x26
ARM GAS  C:\Users\DEVELO~1\AppData\Local\Temp\ccalPHYl.s 			page 136


 7684 00b8 00       		.byte	0
 7685 00b9 49       		.uleb128 0x49
 7686 00ba 13       		.uleb128 0x13
 7687 00bb 00       		.byte	0
 7688 00bc 00       		.byte	0
 7689 00bd 0F       		.uleb128 0xf
 7690 00be 01       		.uleb128 0x1
 7691 00bf 01       		.byte	0x1
 7692 00c0 49       		.uleb128 0x49
 7693 00c1 13       		.uleb128 0x13
 7694 00c2 01       		.uleb128 0x1
 7695 00c3 13       		.uleb128 0x13
 7696 00c4 00       		.byte	0
 7697 00c5 00       		.byte	0
 7698 00c6 10       		.uleb128 0x10
 7699 00c7 1D       		.uleb128 0x1d
 7700 00c8 01       		.byte	0x1
 7701 00c9 31       		.uleb128 0x31
 7702 00ca 13       		.uleb128 0x13
 7703 00cb 11       		.uleb128 0x11
 7704 00cc 01       		.uleb128 0x1
 7705 00cd 12       		.uleb128 0x12
 7706 00ce 06       		.uleb128 0x6
 7707 00cf 58       		.uleb128 0x58
 7708 00d0 0B       		.uleb128 0xb
 7709 00d1 59       		.uleb128 0x59
 7710 00d2 05       		.uleb128 0x5
 7711 00d3 57       		.uleb128 0x57
 7712 00d4 0B       		.uleb128 0xb
 7713 00d5 00       		.byte	0
 7714 00d6 00       		.byte	0
 7715 00d7 11       		.uleb128 0x11
 7716 00d8 21       		.uleb128 0x21
 7717 00d9 00       		.byte	0
 7718 00da 49       		.uleb128 0x49
 7719 00db 13       		.uleb128 0x13
 7720 00dc 2F       		.uleb128 0x2f
 7721 00dd 0B       		.uleb128 0xb
 7722 00de 00       		.byte	0
 7723 00df 00       		.byte	0
 7724 00e0 12       		.uleb128 0x12
 7725 00e1 0D       		.uleb128 0xd
 7726 00e2 00       		.byte	0
 7727 00e3 03       		.uleb128 0x3
 7728 00e4 0E       		.uleb128 0xe
 7729 00e5 3A       		.uleb128 0x3a
 7730 00e6 21       		.uleb128 0x21
 7731 00e7 12       		.sleb128 18
 7732 00e8 3B       		.uleb128 0x3b
 7733 00e9 05       		.uleb128 0x5
 7734 00ea 39       		.uleb128 0x39
 7735 00eb 0B       		.uleb128 0xb
 7736 00ec 49       		.uleb128 0x49
 7737 00ed 13       		.uleb128 0x13
 7738 00ee 38       		.uleb128 0x38
 7739 00ef 05       		.uleb128 0x5
 7740 00f0 00       		.byte	0
ARM GAS  C:\Users\DEVELO~1\AppData\Local\Temp\ccalPHYl.s 			page 137


 7741 00f1 00       		.byte	0
 7742 00f2 13       		.uleb128 0x13
 7743 00f3 05       		.uleb128 0x5
 7744 00f4 00       		.byte	0
 7745 00f5 31       		.uleb128 0x31
 7746 00f6 13       		.uleb128 0x13
 7747 00f7 02       		.uleb128 0x2
 7748 00f8 18       		.uleb128 0x18
 7749 00f9 00       		.byte	0
 7750 00fa 00       		.byte	0
 7751 00fb 14       		.uleb128 0x14
 7752 00fc 13       		.uleb128 0x13
 7753 00fd 01       		.byte	0x1
 7754 00fe 0B       		.uleb128 0xb
 7755 00ff 0B       		.uleb128 0xb
 7756 0100 3A       		.uleb128 0x3a
 7757 0101 0B       		.uleb128 0xb
 7758 0102 3B       		.uleb128 0x3b
 7759 0103 0B       		.uleb128 0xb
 7760 0104 39       		.uleb128 0x39
 7761 0105 0B       		.uleb128 0xb
 7762 0106 01       		.uleb128 0x1
 7763 0107 13       		.uleb128 0x13
 7764 0108 00       		.byte	0
 7765 0109 00       		.byte	0
 7766 010a 15       		.uleb128 0x15
 7767 010b 05       		.uleb128 0x5
 7768 010c 00       		.byte	0
 7769 010d 03       		.uleb128 0x3
 7770 010e 0E       		.uleb128 0xe
 7771 010f 3A       		.uleb128 0x3a
 7772 0110 21       		.uleb128 0x21
 7773 0111 06       		.sleb128 6
 7774 0112 3B       		.uleb128 0x3b
 7775 0113 0B       		.uleb128 0xb
 7776 0114 39       		.uleb128 0x39
 7777 0115 0B       		.uleb128 0xb
 7778 0116 49       		.uleb128 0x49
 7779 0117 13       		.uleb128 0x13
 7780 0118 02       		.uleb128 0x2
 7781 0119 18       		.uleb128 0x18
 7782 011a 00       		.byte	0
 7783 011b 00       		.byte	0
 7784 011c 16       		.uleb128 0x16
 7785 011d 2E       		.uleb128 0x2e
 7786 011e 01       		.byte	0x1
 7787 011f 3F       		.uleb128 0x3f
 7788 0120 19       		.uleb128 0x19
 7789 0121 03       		.uleb128 0x3
 7790 0122 0E       		.uleb128 0xe
 7791 0123 3A       		.uleb128 0x3a
 7792 0124 21       		.uleb128 0x21
 7793 0125 06       		.sleb128 6
 7794 0126 3B       		.uleb128 0x3b
 7795 0127 05       		.uleb128 0x5
 7796 0128 39       		.uleb128 0x39
 7797 0129 21       		.uleb128 0x21
ARM GAS  C:\Users\DEVELO~1\AppData\Local\Temp\ccalPHYl.s 			page 138


 7798 012a 06       		.sleb128 6
 7799 012b 27       		.uleb128 0x27
 7800 012c 19       		.uleb128 0x19
 7801 012d 49       		.uleb128 0x49
 7802 012e 13       		.uleb128 0x13
 7803 012f 11       		.uleb128 0x11
 7804 0130 01       		.uleb128 0x1
 7805 0131 12       		.uleb128 0x12
 7806 0132 06       		.uleb128 0x6
 7807 0133 40       		.uleb128 0x40
 7808 0134 18       		.uleb128 0x18
 7809 0135 7C       		.uleb128 0x7c
 7810 0136 19       		.uleb128 0x19
 7811 0137 01       		.uleb128 0x1
 7812 0138 13       		.uleb128 0x13
 7813 0139 00       		.byte	0
 7814 013a 00       		.byte	0
 7815 013b 17       		.uleb128 0x17
 7816 013c 0D       		.uleb128 0xd
 7817 013d 00       		.byte	0
 7818 013e 03       		.uleb128 0x3
 7819 013f 0E       		.uleb128 0xe
 7820 0140 3A       		.uleb128 0x3a
 7821 0141 0B       		.uleb128 0xb
 7822 0142 3B       		.uleb128 0x3b
 7823 0143 0B       		.uleb128 0xb
 7824 0144 39       		.uleb128 0x39
 7825 0145 0B       		.uleb128 0xb
 7826 0146 49       		.uleb128 0x49
 7827 0147 13       		.uleb128 0x13
 7828 0148 00       		.byte	0
 7829 0149 00       		.byte	0
 7830 014a 18       		.uleb128 0x18
 7831 014b 34       		.uleb128 0x34
 7832 014c 00       		.byte	0
 7833 014d 03       		.uleb128 0x3
 7834 014e 08       		.uleb128 0x8
 7835 014f 3A       		.uleb128 0x3a
 7836 0150 21       		.uleb128 0x21
 7837 0151 06       		.sleb128 6
 7838 0152 3B       		.uleb128 0x3b
 7839 0153 05       		.uleb128 0x5
 7840 0154 39       		.uleb128 0x39
 7841 0155 0B       		.uleb128 0xb
 7842 0156 49       		.uleb128 0x49
 7843 0157 13       		.uleb128 0x13
 7844 0158 02       		.uleb128 0x2
 7845 0159 18       		.uleb128 0x18
 7846 015a 00       		.byte	0
 7847 015b 00       		.byte	0
 7848 015c 19       		.uleb128 0x19
 7849 015d 2E       		.uleb128 0x2e
 7850 015e 01       		.byte	0x1
 7851 015f 03       		.uleb128 0x3
 7852 0160 0E       		.uleb128 0xe
 7853 0161 3A       		.uleb128 0x3a
 7854 0162 0B       		.uleb128 0xb
ARM GAS  C:\Users\DEVELO~1\AppData\Local\Temp\ccalPHYl.s 			page 139


 7855 0163 3B       		.uleb128 0x3b
 7856 0164 05       		.uleb128 0x5
 7857 0165 39       		.uleb128 0x39
 7858 0166 0B       		.uleb128 0xb
 7859 0167 27       		.uleb128 0x27
 7860 0168 19       		.uleb128 0x19
 7861 0169 11       		.uleb128 0x11
 7862 016a 01       		.uleb128 0x1
 7863 016b 12       		.uleb128 0x12
 7864 016c 06       		.uleb128 0x6
 7865 016d 40       		.uleb128 0x40
 7866 016e 18       		.uleb128 0x18
 7867 016f 7A       		.uleb128 0x7a
 7868 0170 19       		.uleb128 0x19
 7869 0171 01       		.uleb128 0x1
 7870 0172 13       		.uleb128 0x13
 7871 0173 00       		.byte	0
 7872 0174 00       		.byte	0
 7873 0175 1A       		.uleb128 0x1a
 7874 0176 0D       		.uleb128 0xd
 7875 0177 00       		.byte	0
 7876 0178 03       		.uleb128 0x3
 7877 0179 0E       		.uleb128 0xe
 7878 017a 3A       		.uleb128 0x3a
 7879 017b 21       		.uleb128 0x21
 7880 017c 0C       		.sleb128 12
 7881 017d 3B       		.uleb128 0x3b
 7882 017e 05       		.uleb128 0x5
 7883 017f 39       		.uleb128 0x39
 7884 0180 0B       		.uleb128 0xb
 7885 0181 49       		.uleb128 0x49
 7886 0182 13       		.uleb128 0x13
 7887 0183 00       		.byte	0
 7888 0184 00       		.byte	0
 7889 0185 1B       		.uleb128 0x1b
 7890 0186 16       		.uleb128 0x16
 7891 0187 00       		.byte	0
 7892 0188 03       		.uleb128 0x3
 7893 0189 0E       		.uleb128 0xe
 7894 018a 3A       		.uleb128 0x3a
 7895 018b 0B       		.uleb128 0xb
 7896 018c 3B       		.uleb128 0x3b
 7897 018d 05       		.uleb128 0x5
 7898 018e 39       		.uleb128 0x39
 7899 018f 21       		.uleb128 0x21
 7900 0190 03       		.sleb128 3
 7901 0191 49       		.uleb128 0x49
 7902 0192 13       		.uleb128 0x13
 7903 0193 00       		.byte	0
 7904 0194 00       		.byte	0
 7905 0195 1C       		.uleb128 0x1c
 7906 0196 2E       		.uleb128 0x2e
 7907 0197 01       		.byte	0x1
 7908 0198 3F       		.uleb128 0x3f
 7909 0199 19       		.uleb128 0x19
 7910 019a 03       		.uleb128 0x3
 7911 019b 0E       		.uleb128 0xe
ARM GAS  C:\Users\DEVELO~1\AppData\Local\Temp\ccalPHYl.s 			page 140


 7912 019c 3A       		.uleb128 0x3a
 7913 019d 21       		.uleb128 0x21
 7914 019e 06       		.sleb128 6
 7915 019f 3B       		.uleb128 0x3b
 7916 01a0 05       		.uleb128 0x5
 7917 01a1 39       		.uleb128 0x39
 7918 01a2 21       		.uleb128 0x21
 7919 01a3 06       		.sleb128 6
 7920 01a4 27       		.uleb128 0x27
 7921 01a5 19       		.uleb128 0x19
 7922 01a6 11       		.uleb128 0x11
 7923 01a7 01       		.uleb128 0x1
 7924 01a8 12       		.uleb128 0x12
 7925 01a9 06       		.uleb128 0x6
 7926 01aa 40       		.uleb128 0x40
 7927 01ab 18       		.uleb128 0x18
 7928 01ac 7C       		.uleb128 0x7c
 7929 01ad 19       		.uleb128 0x19
 7930 01ae 01       		.uleb128 0x1
 7931 01af 13       		.uleb128 0x13
 7932 01b0 00       		.byte	0
 7933 01b1 00       		.byte	0
 7934 01b2 1D       		.uleb128 0x1d
 7935 01b3 35       		.uleb128 0x35
 7936 01b4 00       		.byte	0
 7937 01b5 49       		.uleb128 0x49
 7938 01b6 13       		.uleb128 0x13
 7939 01b7 00       		.byte	0
 7940 01b8 00       		.byte	0
 7941 01b9 1E       		.uleb128 0x1e
 7942 01ba 13       		.uleb128 0x13
 7943 01bb 01       		.byte	0x1
 7944 01bc 03       		.uleb128 0x3
 7945 01bd 0E       		.uleb128 0xe
 7946 01be 0B       		.uleb128 0xb
 7947 01bf 0B       		.uleb128 0xb
 7948 01c0 3A       		.uleb128 0x3a
 7949 01c1 0B       		.uleb128 0xb
 7950 01c2 3B       		.uleb128 0x3b
 7951 01c3 05       		.uleb128 0x5
 7952 01c4 39       		.uleb128 0x39
 7953 01c5 0B       		.uleb128 0xb
 7954 01c6 01       		.uleb128 0x1
 7955 01c7 13       		.uleb128 0x13
 7956 01c8 00       		.byte	0
 7957 01c9 00       		.byte	0
 7958 01ca 1F       		.uleb128 0x1f
 7959 01cb 04       		.uleb128 0x4
 7960 01cc 01       		.byte	0x1
 7961 01cd 3E       		.uleb128 0x3e
 7962 01ce 21       		.uleb128 0x21
 7963 01cf 07       		.sleb128 7
 7964 01d0 0B       		.uleb128 0xb
 7965 01d1 21       		.uleb128 0x21
 7966 01d2 01       		.sleb128 1
 7967 01d3 49       		.uleb128 0x49
 7968 01d4 13       		.uleb128 0x13
ARM GAS  C:\Users\DEVELO~1\AppData\Local\Temp\ccalPHYl.s 			page 141


 7969 01d5 3A       		.uleb128 0x3a
 7970 01d6 0B       		.uleb128 0xb
 7971 01d7 3B       		.uleb128 0x3b
 7972 01d8 0B       		.uleb128 0xb
 7973 01d9 39       		.uleb128 0x39
 7974 01da 21       		.uleb128 0x21
 7975 01db 0E       		.sleb128 14
 7976 01dc 01       		.uleb128 0x1
 7977 01dd 13       		.uleb128 0x13
 7978 01de 00       		.byte	0
 7979 01df 00       		.byte	0
 7980 01e0 20       		.uleb128 0x20
 7981 01e1 34       		.uleb128 0x34
 7982 01e2 00       		.byte	0
 7983 01e3 03       		.uleb128 0x3
 7984 01e4 0E       		.uleb128 0xe
 7985 01e5 49       		.uleb128 0x49
 7986 01e6 13       		.uleb128 0x13
 7987 01e7 34       		.uleb128 0x34
 7988 01e8 19       		.uleb128 0x19
 7989 01e9 00       		.byte	0
 7990 01ea 00       		.byte	0
 7991 01eb 21       		.uleb128 0x21
 7992 01ec 05       		.uleb128 0x5
 7993 01ed 00       		.byte	0
 7994 01ee 03       		.uleb128 0x3
 7995 01ef 08       		.uleb128 0x8
 7996 01f0 3A       		.uleb128 0x3a
 7997 01f1 21       		.uleb128 0x21
 7998 01f2 06       		.sleb128 6
 7999 01f3 3B       		.uleb128 0x3b
 8000 01f4 0B       		.uleb128 0xb
 8001 01f5 39       		.uleb128 0x39
 8002 01f6 0B       		.uleb128 0xb
 8003 01f7 49       		.uleb128 0x49
 8004 01f8 13       		.uleb128 0x13
 8005 01f9 02       		.uleb128 0x2
 8006 01fa 18       		.uleb128 0x18
 8007 01fb 00       		.byte	0
 8008 01fc 00       		.byte	0
 8009 01fd 22       		.uleb128 0x22
 8010 01fe 2E       		.uleb128 0x2e
 8011 01ff 00       		.byte	0
 8012 0200 03       		.uleb128 0x3
 8013 0201 0E       		.uleb128 0xe
 8014 0202 3A       		.uleb128 0x3a
 8015 0203 21       		.uleb128 0x21
 8016 0204 04       		.sleb128 4
 8017 0205 3B       		.uleb128 0x3b
 8018 0206 05       		.uleb128 0x5
 8019 0207 39       		.uleb128 0x39
 8020 0208 21       		.uleb128 0x21
 8021 0209 14       		.sleb128 20
 8022 020a 27       		.uleb128 0x27
 8023 020b 19       		.uleb128 0x19
 8024 020c 11       		.uleb128 0x11
 8025 020d 01       		.uleb128 0x1
ARM GAS  C:\Users\DEVELO~1\AppData\Local\Temp\ccalPHYl.s 			page 142


 8026 020e 12       		.uleb128 0x12
 8027 020f 06       		.uleb128 0x6
 8028 0210 40       		.uleb128 0x40
 8029 0211 18       		.uleb128 0x18
 8030 0212 7C       		.uleb128 0x7c
 8031 0213 19       		.uleb128 0x19
 8032 0214 00       		.byte	0
 8033 0215 00       		.byte	0
 8034 0216 23       		.uleb128 0x23
 8035 0217 2E       		.uleb128 0x2e
 8036 0218 00       		.byte	0
 8037 0219 03       		.uleb128 0x3
 8038 021a 0E       		.uleb128 0xe
 8039 021b 3A       		.uleb128 0x3a
 8040 021c 21       		.uleb128 0x21
 8041 021d 03       		.sleb128 3
 8042 021e 3B       		.uleb128 0x3b
 8043 021f 05       		.uleb128 0x5
 8044 0220 39       		.uleb128 0x39
 8045 0221 21       		.uleb128 0x21
 8046 0222 1B       		.sleb128 27
 8047 0223 27       		.uleb128 0x27
 8048 0224 19       		.uleb128 0x19
 8049 0225 20       		.uleb128 0x20
 8050 0226 21       		.uleb128 0x21
 8051 0227 03       		.sleb128 3
 8052 0228 00       		.byte	0
 8053 0229 00       		.byte	0
 8054 022a 24       		.uleb128 0x24
 8055 022b 17       		.uleb128 0x17
 8056 022c 01       		.byte	0x1
 8057 022d 0B       		.uleb128 0xb
 8058 022e 0B       		.uleb128 0xb
 8059 022f 3A       		.uleb128 0x3a
 8060 0230 0B       		.uleb128 0xb
 8061 0231 3B       		.uleb128 0x3b
 8062 0232 0B       		.uleb128 0xb
 8063 0233 39       		.uleb128 0x39
 8064 0234 21       		.uleb128 0x21
 8065 0235 03       		.sleb128 3
 8066 0236 01       		.uleb128 0x1
 8067 0237 13       		.uleb128 0x13
 8068 0238 00       		.byte	0
 8069 0239 00       		.byte	0
 8070 023a 25       		.uleb128 0x25
 8071 023b 0D       		.uleb128 0xd
 8072 023c 00       		.byte	0
 8073 023d 03       		.uleb128 0x3
 8074 023e 08       		.uleb128 0x8
 8075 023f 3A       		.uleb128 0x3a
 8076 0240 21       		.uleb128 0x21
 8077 0241 11       		.sleb128 17
 8078 0242 3B       		.uleb128 0x3b
 8079 0243 0B       		.uleb128 0xb
 8080 0244 39       		.uleb128 0x39
 8081 0245 21       		.uleb128 0x21
 8082 0246 07       		.sleb128 7
ARM GAS  C:\Users\DEVELO~1\AppData\Local\Temp\ccalPHYl.s 			page 143


 8083 0247 49       		.uleb128 0x49
 8084 0248 13       		.uleb128 0x13
 8085 0249 00       		.byte	0
 8086 024a 00       		.byte	0
 8087 024b 26       		.uleb128 0x26
 8088 024c 0D       		.uleb128 0xd
 8089 024d 00       		.byte	0
 8090 024e 03       		.uleb128 0x3
 8091 024f 0E       		.uleb128 0xe
 8092 0250 3A       		.uleb128 0x3a
 8093 0251 21       		.uleb128 0x21
 8094 0252 11       		.sleb128 17
 8095 0253 3B       		.uleb128 0x3b
 8096 0254 0B       		.uleb128 0xb
 8097 0255 39       		.uleb128 0x39
 8098 0256 21       		.uleb128 0x21
 8099 0257 19       		.sleb128 25
 8100 0258 49       		.uleb128 0x49
 8101 0259 13       		.uleb128 0x13
 8102 025a 0D       		.uleb128 0xd
 8103 025b 0B       		.uleb128 0xb
 8104 025c 6B       		.uleb128 0x6b
 8105 025d 0B       		.uleb128 0xb
 8106 025e 00       		.byte	0
 8107 025f 00       		.byte	0
 8108 0260 27       		.uleb128 0x27
 8109 0261 0A       		.uleb128 0xa
 8110 0262 00       		.byte	0
 8111 0263 03       		.uleb128 0x3
 8112 0264 0E       		.uleb128 0xe
 8113 0265 3A       		.uleb128 0x3a
 8114 0266 21       		.uleb128 0x21
 8115 0267 06       		.sleb128 6
 8116 0268 3B       		.uleb128 0x3b
 8117 0269 05       		.uleb128 0x5
 8118 026a 39       		.uleb128 0x39
 8119 026b 21       		.uleb128 0x21
 8120 026c 01       		.sleb128 1
 8121 026d 11       		.uleb128 0x11
 8122 026e 01       		.uleb128 0x1
 8123 026f 00       		.byte	0
 8124 0270 00       		.byte	0
 8125 0271 28       		.uleb128 0x28
 8126 0272 34       		.uleb128 0x34
 8127 0273 00       		.byte	0
 8128 0274 31       		.uleb128 0x31
 8129 0275 13       		.uleb128 0x13
 8130 0276 02       		.uleb128 0x2
 8131 0277 18       		.uleb128 0x18
 8132 0278 00       		.byte	0
 8133 0279 00       		.byte	0
 8134 027a 29       		.uleb128 0x29
 8135 027b 2E       		.uleb128 0x2e
 8136 027c 01       		.byte	0x1
 8137 027d 3F       		.uleb128 0x3f
 8138 027e 19       		.uleb128 0x19
 8139 027f 03       		.uleb128 0x3
ARM GAS  C:\Users\DEVELO~1\AppData\Local\Temp\ccalPHYl.s 			page 144


 8140 0280 0E       		.uleb128 0xe
 8141 0281 3A       		.uleb128 0x3a
 8142 0282 21       		.uleb128 0x21
 8143 0283 06       		.sleb128 6
 8144 0284 3B       		.uleb128 0x3b
 8145 0285 05       		.uleb128 0x5
 8146 0286 39       		.uleb128 0x39
 8147 0287 21       		.uleb128 0x21
 8148 0288 06       		.sleb128 6
 8149 0289 27       		.uleb128 0x27
 8150 028a 19       		.uleb128 0x19
 8151 028b 11       		.uleb128 0x11
 8152 028c 01       		.uleb128 0x1
 8153 028d 12       		.uleb128 0x12
 8154 028e 06       		.uleb128 0x6
 8155 028f 40       		.uleb128 0x40
 8156 0290 18       		.uleb128 0x18
 8157 0291 7A       		.uleb128 0x7a
 8158 0292 19       		.uleb128 0x19
 8159 0293 01       		.uleb128 0x1
 8160 0294 13       		.uleb128 0x13
 8161 0295 00       		.byte	0
 8162 0296 00       		.byte	0
 8163 0297 2A       		.uleb128 0x2a
 8164 0298 2E       		.uleb128 0x2e
 8165 0299 01       		.byte	0x1
 8166 029a 03       		.uleb128 0x3
 8167 029b 0E       		.uleb128 0xe
 8168 029c 3A       		.uleb128 0x3a
 8169 029d 0B       		.uleb128 0xb
 8170 029e 3B       		.uleb128 0x3b
 8171 029f 05       		.uleb128 0x5
 8172 02a0 39       		.uleb128 0x39
 8173 02a1 0B       		.uleb128 0xb
 8174 02a2 27       		.uleb128 0x27
 8175 02a3 19       		.uleb128 0x19
 8176 02a4 11       		.uleb128 0x11
 8177 02a5 01       		.uleb128 0x1
 8178 02a6 12       		.uleb128 0x12
 8179 02a7 06       		.uleb128 0x6
 8180 02a8 40       		.uleb128 0x40
 8181 02a9 18       		.uleb128 0x18
 8182 02aa 7C       		.uleb128 0x7c
 8183 02ab 19       		.uleb128 0x19
 8184 02ac 01       		.uleb128 0x1
 8185 02ad 13       		.uleb128 0x13
 8186 02ae 00       		.byte	0
 8187 02af 00       		.byte	0
 8188 02b0 2B       		.uleb128 0x2b
 8189 02b1 2E       		.uleb128 0x2e
 8190 02b2 01       		.byte	0x1
 8191 02b3 03       		.uleb128 0x3
 8192 02b4 0E       		.uleb128 0xe
 8193 02b5 3A       		.uleb128 0x3a
 8194 02b6 21       		.uleb128 0x21
 8195 02b7 06       		.sleb128 6
 8196 02b8 3B       		.uleb128 0x3b
ARM GAS  C:\Users\DEVELO~1\AppData\Local\Temp\ccalPHYl.s 			page 145


 8197 02b9 0B       		.uleb128 0xb
 8198 02ba 39       		.uleb128 0x39
 8199 02bb 21       		.uleb128 0x21
 8200 02bc 0D       		.sleb128 13
 8201 02bd 27       		.uleb128 0x27
 8202 02be 19       		.uleb128 0x19
 8203 02bf 49       		.uleb128 0x49
 8204 02c0 13       		.uleb128 0x13
 8205 02c1 11       		.uleb128 0x11
 8206 02c2 01       		.uleb128 0x1
 8207 02c3 12       		.uleb128 0x12
 8208 02c4 06       		.uleb128 0x6
 8209 02c5 40       		.uleb128 0x40
 8210 02c6 18       		.uleb128 0x18
 8211 02c7 7C       		.uleb128 0x7c
 8212 02c8 19       		.uleb128 0x19
 8213 02c9 01       		.uleb128 0x1
 8214 02ca 13       		.uleb128 0x13
 8215 02cb 00       		.byte	0
 8216 02cc 00       		.byte	0
 8217 02cd 2C       		.uleb128 0x2c
 8218 02ce 13       		.uleb128 0x13
 8219 02cf 01       		.byte	0x1
 8220 02d0 0B       		.uleb128 0xb
 8221 02d1 05       		.uleb128 0x5
 8222 02d2 3A       		.uleb128 0x3a
 8223 02d3 21       		.uleb128 0x21
 8224 02d4 12       		.sleb128 18
 8225 02d5 3B       		.uleb128 0x3b
 8226 02d6 05       		.uleb128 0x5
 8227 02d7 39       		.uleb128 0x39
 8228 02d8 21       		.uleb128 0x21
 8229 02d9 09       		.sleb128 9
 8230 02da 01       		.uleb128 0x1
 8231 02db 13       		.uleb128 0x13
 8232 02dc 00       		.byte	0
 8233 02dd 00       		.byte	0
 8234 02de 2D       		.uleb128 0x2d
 8235 02df 34       		.uleb128 0x34
 8236 02e0 00       		.byte	0
 8237 02e1 03       		.uleb128 0x3
 8238 02e2 0E       		.uleb128 0xe
 8239 02e3 3A       		.uleb128 0x3a
 8240 02e4 21       		.uleb128 0x21
 8241 02e5 06       		.sleb128 6
 8242 02e6 3B       		.uleb128 0x3b
 8243 02e7 0B       		.uleb128 0xb
 8244 02e8 39       		.uleb128 0x39
 8245 02e9 0B       		.uleb128 0xb
 8246 02ea 49       		.uleb128 0x49
 8247 02eb 13       		.uleb128 0x13
 8248 02ec 8801     		.uleb128 0x88
 8249 02ee 21       		.uleb128 0x21
 8250 02ef 20       		.sleb128 32
 8251 02f0 02       		.uleb128 0x2
 8252 02f1 18       		.uleb128 0x18
 8253 02f2 00       		.byte	0
ARM GAS  C:\Users\DEVELO~1\AppData\Local\Temp\ccalPHYl.s 			page 146


 8254 02f3 00       		.byte	0
 8255 02f4 2E       		.uleb128 0x2e
 8256 02f5 2E       		.uleb128 0x2e
 8257 02f6 01       		.byte	0x1
 8258 02f7 3F       		.uleb128 0x3f
 8259 02f8 19       		.uleb128 0x19
 8260 02f9 03       		.uleb128 0x3
 8261 02fa 0E       		.uleb128 0xe
 8262 02fb 3A       		.uleb128 0x3a
 8263 02fc 21       		.uleb128 0x21
 8264 02fd 1C       		.sleb128 28
 8265 02fe 3B       		.uleb128 0x3b
 8266 02ff 05       		.uleb128 0x5
 8267 0300 39       		.uleb128 0x39
 8268 0301 21       		.uleb128 0x21
 8269 0302 08       		.sleb128 8
 8270 0303 27       		.uleb128 0x27
 8271 0304 19       		.uleb128 0x19
 8272 0305 3C       		.uleb128 0x3c
 8273 0306 19       		.uleb128 0x19
 8274 0307 01       		.uleb128 0x1
 8275 0308 13       		.uleb128 0x13
 8276 0309 00       		.byte	0
 8277 030a 00       		.byte	0
 8278 030b 2F       		.uleb128 0x2f
 8279 030c 2E       		.uleb128 0x2e
 8280 030d 01       		.byte	0x1
 8281 030e 3F       		.uleb128 0x3f
 8282 030f 19       		.uleb128 0x19
 8283 0310 03       		.uleb128 0x3
 8284 0311 0E       		.uleb128 0xe
 8285 0312 3A       		.uleb128 0x3a
 8286 0313 0B       		.uleb128 0xb
 8287 0314 3B       		.uleb128 0x3b
 8288 0315 0B       		.uleb128 0xb
 8289 0316 39       		.uleb128 0x39
 8290 0317 0B       		.uleb128 0xb
 8291 0318 27       		.uleb128 0x27
 8292 0319 19       		.uleb128 0x19
 8293 031a 49       		.uleb128 0x49
 8294 031b 13       		.uleb128 0x13
 8295 031c 3C       		.uleb128 0x3c
 8296 031d 19       		.uleb128 0x19
 8297 031e 01       		.uleb128 0x1
 8298 031f 13       		.uleb128 0x13
 8299 0320 00       		.byte	0
 8300 0321 00       		.byte	0
 8301 0322 30       		.uleb128 0x30
 8302 0323 18       		.uleb128 0x18
 8303 0324 00       		.byte	0
 8304 0325 00       		.byte	0
 8305 0326 00       		.byte	0
 8306 0327 31       		.uleb128 0x31
 8307 0328 0B       		.uleb128 0xb
 8308 0329 01       		.byte	0x1
 8309 032a 11       		.uleb128 0x11
 8310 032b 01       		.uleb128 0x1
ARM GAS  C:\Users\DEVELO~1\AppData\Local\Temp\ccalPHYl.s 			page 147


 8311 032c 12       		.uleb128 0x12
 8312 032d 06       		.uleb128 0x6
 8313 032e 00       		.byte	0
 8314 032f 00       		.byte	0
 8315 0330 32       		.uleb128 0x32
 8316 0331 2E       		.uleb128 0x2e
 8317 0332 01       		.byte	0x1
 8318 0333 03       		.uleb128 0x3
 8319 0334 0E       		.uleb128 0xe
 8320 0335 3A       		.uleb128 0x3a
 8321 0336 0B       		.uleb128 0xb
 8322 0337 3B       		.uleb128 0x3b
 8323 0338 05       		.uleb128 0x5
 8324 0339 39       		.uleb128 0x39
 8325 033a 0B       		.uleb128 0xb
 8326 033b 27       		.uleb128 0x27
 8327 033c 19       		.uleb128 0x19
 8328 033d 49       		.uleb128 0x49
 8329 033e 13       		.uleb128 0x13
 8330 033f 11       		.uleb128 0x11
 8331 0340 01       		.uleb128 0x1
 8332 0341 12       		.uleb128 0x12
 8333 0342 06       		.uleb128 0x6
 8334 0343 40       		.uleb128 0x40
 8335 0344 18       		.uleb128 0x18
 8336 0345 7C       		.uleb128 0x7c
 8337 0346 19       		.uleb128 0x19
 8338 0347 01       		.uleb128 0x1
 8339 0348 13       		.uleb128 0x13
 8340 0349 00       		.byte	0
 8341 034a 00       		.byte	0
 8342 034b 33       		.uleb128 0x33
 8343 034c 11       		.uleb128 0x11
 8344 034d 01       		.byte	0x1
 8345 034e 25       		.uleb128 0x25
 8346 034f 0E       		.uleb128 0xe
 8347 0350 13       		.uleb128 0x13
 8348 0351 0B       		.uleb128 0xb
 8349 0352 03       		.uleb128 0x3
 8350 0353 0E       		.uleb128 0xe
 8351 0354 1B       		.uleb128 0x1b
 8352 0355 0E       		.uleb128 0xe
 8353 0356 55       		.uleb128 0x55
 8354 0357 17       		.uleb128 0x17
 8355 0358 11       		.uleb128 0x11
 8356 0359 01       		.uleb128 0x1
 8357 035a 10       		.uleb128 0x10
 8358 035b 17       		.uleb128 0x17
 8359 035c 00       		.byte	0
 8360 035d 00       		.byte	0
 8361 035e 34       		.uleb128 0x34
 8362 035f 24       		.uleb128 0x24
 8363 0360 00       		.byte	0
 8364 0361 0B       		.uleb128 0xb
 8365 0362 0B       		.uleb128 0xb
 8366 0363 3E       		.uleb128 0x3e
 8367 0364 0B       		.uleb128 0xb
ARM GAS  C:\Users\DEVELO~1\AppData\Local\Temp\ccalPHYl.s 			page 148


 8368 0365 03       		.uleb128 0x3
 8369 0366 08       		.uleb128 0x8
 8370 0367 00       		.byte	0
 8371 0368 00       		.byte	0
 8372 0369 35       		.uleb128 0x35
 8373 036a 0F       		.uleb128 0xf
 8374 036b 00       		.byte	0
 8375 036c 0B       		.uleb128 0xb
 8376 036d 0B       		.uleb128 0xb
 8377 036e 00       		.byte	0
 8378 036f 00       		.byte	0
 8379 0370 36       		.uleb128 0x36
 8380 0371 13       		.uleb128 0x13
 8381 0372 01       		.byte	0x1
 8382 0373 03       		.uleb128 0x3
 8383 0374 0E       		.uleb128 0xe
 8384 0375 0B       		.uleb128 0xb
 8385 0376 05       		.uleb128 0x5
 8386 0377 3A       		.uleb128 0x3a
 8387 0378 0B       		.uleb128 0xb
 8388 0379 3B       		.uleb128 0x3b
 8389 037a 05       		.uleb128 0x5
 8390 037b 39       		.uleb128 0x39
 8391 037c 0B       		.uleb128 0xb
 8392 037d 01       		.uleb128 0x1
 8393 037e 13       		.uleb128 0x13
 8394 037f 00       		.byte	0
 8395 0380 00       		.byte	0
 8396 0381 37       		.uleb128 0x37
 8397 0382 13       		.uleb128 0x13
 8398 0383 01       		.byte	0x1
 8399 0384 0B       		.uleb128 0xb
 8400 0385 05       		.uleb128 0x5
 8401 0386 3A       		.uleb128 0x3a
 8402 0387 0B       		.uleb128 0xb
 8403 0388 3B       		.uleb128 0x3b
 8404 0389 0B       		.uleb128 0xb
 8405 038a 39       		.uleb128 0x39
 8406 038b 0B       		.uleb128 0xb
 8407 038c 01       		.uleb128 0x1
 8408 038d 13       		.uleb128 0x13
 8409 038e 00       		.byte	0
 8410 038f 00       		.byte	0
 8411 0390 38       		.uleb128 0x38
 8412 0391 13       		.uleb128 0x13
 8413 0392 01       		.byte	0x1
 8414 0393 0B       		.uleb128 0xb
 8415 0394 0B       		.uleb128 0xb
 8416 0395 3A       		.uleb128 0x3a
 8417 0396 0B       		.uleb128 0xb
 8418 0397 3B       		.uleb128 0x3b
 8419 0398 05       		.uleb128 0x5
 8420 0399 39       		.uleb128 0x39
 8421 039a 0B       		.uleb128 0xb
 8422 039b 01       		.uleb128 0x1
 8423 039c 13       		.uleb128 0x13
 8424 039d 00       		.byte	0
ARM GAS  C:\Users\DEVELO~1\AppData\Local\Temp\ccalPHYl.s 			page 149


 8425 039e 00       		.byte	0
 8426 039f 39       		.uleb128 0x39
 8427 03a0 15       		.uleb128 0x15
 8428 03a1 01       		.byte	0x1
 8429 03a2 27       		.uleb128 0x27
 8430 03a3 19       		.uleb128 0x19
 8431 03a4 01       		.uleb128 0x1
 8432 03a5 13       		.uleb128 0x13
 8433 03a6 00       		.byte	0
 8434 03a7 00       		.byte	0
 8435 03a8 3A       		.uleb128 0x3a
 8436 03a9 26       		.uleb128 0x26
 8437 03aa 00       		.byte	0
 8438 03ab 00       		.byte	0
 8439 03ac 00       		.byte	0
 8440 03ad 3B       		.uleb128 0x3b
 8441 03ae 34       		.uleb128 0x34
 8442 03af 00       		.byte	0
 8443 03b0 03       		.uleb128 0x3
 8444 03b1 08       		.uleb128 0x8
 8445 03b2 3A       		.uleb128 0x3a
 8446 03b3 0B       		.uleb128 0xb
 8447 03b4 3B       		.uleb128 0x3b
 8448 03b5 05       		.uleb128 0x5
 8449 03b6 39       		.uleb128 0x39
 8450 03b7 0B       		.uleb128 0xb
 8451 03b8 49       		.uleb128 0x49
 8452 03b9 13       		.uleb128 0x13
 8453 03ba 3F       		.uleb128 0x3f
 8454 03bb 19       		.uleb128 0x19
 8455 03bc 3C       		.uleb128 0x3c
 8456 03bd 19       		.uleb128 0x19
 8457 03be 00       		.byte	0
 8458 03bf 00       		.byte	0
 8459 03c0 3C       		.uleb128 0x3c
 8460 03c1 34       		.uleb128 0x34
 8461 03c2 00       		.byte	0
 8462 03c3 03       		.uleb128 0x3
 8463 03c4 0E       		.uleb128 0xe
 8464 03c5 3A       		.uleb128 0x3a
 8465 03c6 0B       		.uleb128 0xb
 8466 03c7 3B       		.uleb128 0x3b
 8467 03c8 05       		.uleb128 0x5
 8468 03c9 39       		.uleb128 0x39
 8469 03ca 0B       		.uleb128 0xb
 8470 03cb 49       		.uleb128 0x49
 8471 03cc 13       		.uleb128 0x13
 8472 03cd 3F       		.uleb128 0x3f
 8473 03ce 19       		.uleb128 0x19
 8474 03cf 3C       		.uleb128 0x3c
 8475 03d0 19       		.uleb128 0x19
 8476 03d1 00       		.byte	0
 8477 03d2 00       		.byte	0
 8478 03d3 3D       		.uleb128 0x3d
 8479 03d4 34       		.uleb128 0x34
 8480 03d5 00       		.byte	0
 8481 03d6 47       		.uleb128 0x47
ARM GAS  C:\Users\DEVELO~1\AppData\Local\Temp\ccalPHYl.s 			page 150


 8482 03d7 13       		.uleb128 0x13
 8483 03d8 3A       		.uleb128 0x3a
 8484 03d9 0B       		.uleb128 0xb
 8485 03da 3B       		.uleb128 0x3b
 8486 03db 0B       		.uleb128 0xb
 8487 03dc 39       		.uleb128 0x39
 8488 03dd 0B       		.uleb128 0xb
 8489 03de 02       		.uleb128 0x2
 8490 03df 18       		.uleb128 0x18
 8491 03e0 00       		.byte	0
 8492 03e1 00       		.byte	0
 8493 03e2 3E       		.uleb128 0x3e
 8494 03e3 34       		.uleb128 0x34
 8495 03e4 00       		.byte	0
 8496 03e5 03       		.uleb128 0x3
 8497 03e6 0E       		.uleb128 0xe
 8498 03e7 3A       		.uleb128 0x3a
 8499 03e8 0B       		.uleb128 0xb
 8500 03e9 3B       		.uleb128 0x3b
 8501 03ea 0B       		.uleb128 0xb
 8502 03eb 39       		.uleb128 0x39
 8503 03ec 0B       		.uleb128 0xb
 8504 03ed 49       		.uleb128 0x49
 8505 03ee 13       		.uleb128 0x13
 8506 03ef 02       		.uleb128 0x2
 8507 03f0 18       		.uleb128 0x18
 8508 03f1 00       		.byte	0
 8509 03f2 00       		.byte	0
 8510 03f3 3F       		.uleb128 0x3f
 8511 03f4 21       		.uleb128 0x21
 8512 03f5 00       		.byte	0
 8513 03f6 49       		.uleb128 0x49
 8514 03f7 13       		.uleb128 0x13
 8515 03f8 2F       		.uleb128 0x2f
 8516 03f9 05       		.uleb128 0x5
 8517 03fa 00       		.byte	0
 8518 03fb 00       		.byte	0
 8519 03fc 40       		.uleb128 0x40
 8520 03fd 2E       		.uleb128 0x2e
 8521 03fe 01       		.byte	0x1
 8522 03ff 3F       		.uleb128 0x3f
 8523 0400 19       		.uleb128 0x19
 8524 0401 03       		.uleb128 0x3
 8525 0402 0E       		.uleb128 0xe
 8526 0403 3A       		.uleb128 0x3a
 8527 0404 0B       		.uleb128 0xb
 8528 0405 3B       		.uleb128 0x3b
 8529 0406 05       		.uleb128 0x5
 8530 0407 39       		.uleb128 0x39
 8531 0408 0B       		.uleb128 0xb
 8532 0409 49       		.uleb128 0x49
 8533 040a 13       		.uleb128 0x13
 8534 040b 3C       		.uleb128 0x3c
 8535 040c 19       		.uleb128 0x19
 8536 040d 01       		.uleb128 0x1
 8537 040e 13       		.uleb128 0x13
 8538 040f 00       		.byte	0
ARM GAS  C:\Users\DEVELO~1\AppData\Local\Temp\ccalPHYl.s 			page 151


 8539 0410 00       		.byte	0
 8540 0411 41       		.uleb128 0x41
 8541 0412 2E       		.uleb128 0x2e
 8542 0413 01       		.byte	0x1
 8543 0414 3F       		.uleb128 0x3f
 8544 0415 19       		.uleb128 0x19
 8545 0416 03       		.uleb128 0x3
 8546 0417 0E       		.uleb128 0xe
 8547 0418 3A       		.uleb128 0x3a
 8548 0419 0B       		.uleb128 0xb
 8549 041a 3B       		.uleb128 0x3b
 8550 041b 0B       		.uleb128 0xb
 8551 041c 39       		.uleb128 0x39
 8552 041d 0B       		.uleb128 0xb
 8553 041e 27       		.uleb128 0x27
 8554 041f 19       		.uleb128 0x19
 8555 0420 3C       		.uleb128 0x3c
 8556 0421 19       		.uleb128 0x19
 8557 0422 01       		.uleb128 0x1
 8558 0423 13       		.uleb128 0x13
 8559 0424 00       		.byte	0
 8560 0425 00       		.byte	0
 8561 0426 42       		.uleb128 0x42
 8562 0427 2E       		.uleb128 0x2e
 8563 0428 01       		.byte	0x1
 8564 0429 3F       		.uleb128 0x3f
 8565 042a 19       		.uleb128 0x19
 8566 042b 03       		.uleb128 0x3
 8567 042c 0E       		.uleb128 0xe
 8568 042d 3A       		.uleb128 0x3a
 8569 042e 0B       		.uleb128 0xb
 8570 042f 3B       		.uleb128 0x3b
 8571 0430 05       		.uleb128 0x5
 8572 0431 39       		.uleb128 0x39
 8573 0432 0B       		.uleb128 0xb
 8574 0433 27       		.uleb128 0x27
 8575 0434 19       		.uleb128 0x19
 8576 0435 49       		.uleb128 0x49
 8577 0436 13       		.uleb128 0x13
 8578 0437 3C       		.uleb128 0x3c
 8579 0438 19       		.uleb128 0x19
 8580 0439 01       		.uleb128 0x1
 8581 043a 13       		.uleb128 0x13
 8582 043b 00       		.byte	0
 8583 043c 00       		.byte	0
 8584 043d 43       		.uleb128 0x43
 8585 043e 2E       		.uleb128 0x2e
 8586 043f 01       		.byte	0x1
 8587 0440 3F       		.uleb128 0x3f
 8588 0441 19       		.uleb128 0x19
 8589 0442 03       		.uleb128 0x3
 8590 0443 0E       		.uleb128 0xe
 8591 0444 3A       		.uleb128 0x3a
 8592 0445 0B       		.uleb128 0xb
 8593 0446 3B       		.uleb128 0x3b
 8594 0447 05       		.uleb128 0x5
 8595 0448 39       		.uleb128 0x39
ARM GAS  C:\Users\DEVELO~1\AppData\Local\Temp\ccalPHYl.s 			page 152


 8596 0449 0B       		.uleb128 0xb
 8597 044a 27       		.uleb128 0x27
 8598 044b 19       		.uleb128 0x19
 8599 044c 49       		.uleb128 0x49
 8600 044d 13       		.uleb128 0x13
 8601 044e 11       		.uleb128 0x11
 8602 044f 01       		.uleb128 0x1
 8603 0450 12       		.uleb128 0x12
 8604 0451 06       		.uleb128 0x6
 8605 0452 40       		.uleb128 0x40
 8606 0453 18       		.uleb128 0x18
 8607 0454 7A       		.uleb128 0x7a
 8608 0455 19       		.uleb128 0x19
 8609 0456 01       		.uleb128 0x1
 8610 0457 13       		.uleb128 0x13
 8611 0458 00       		.byte	0
 8612 0459 00       		.byte	0
 8613 045a 44       		.uleb128 0x44
 8614 045b 2E       		.uleb128 0x2e
 8615 045c 01       		.byte	0x1
 8616 045d 3F       		.uleb128 0x3f
 8617 045e 19       		.uleb128 0x19
 8618 045f 03       		.uleb128 0x3
 8619 0460 0E       		.uleb128 0xe
 8620 0461 3A       		.uleb128 0x3a
 8621 0462 0B       		.uleb128 0xb
 8622 0463 3B       		.uleb128 0x3b
 8623 0464 05       		.uleb128 0x5
 8624 0465 39       		.uleb128 0x39
 8625 0466 0B       		.uleb128 0xb
 8626 0467 49       		.uleb128 0x49
 8627 0468 13       		.uleb128 0x13
 8628 0469 3C       		.uleb128 0x3c
 8629 046a 19       		.uleb128 0x19
 8630 046b 00       		.byte	0
 8631 046c 00       		.byte	0
 8632 046d 45       		.uleb128 0x45
 8633 046e 2E       		.uleb128 0x2e
 8634 046f 00       		.byte	0
 8635 0470 3F       		.uleb128 0x3f
 8636 0471 19       		.uleb128 0x19
 8637 0472 03       		.uleb128 0x3
 8638 0473 0E       		.uleb128 0xe
 8639 0474 3A       		.uleb128 0x3a
 8640 0475 0B       		.uleb128 0xb
 8641 0476 3B       		.uleb128 0x3b
 8642 0477 05       		.uleb128 0x5
 8643 0478 39       		.uleb128 0x39
 8644 0479 0B       		.uleb128 0xb
 8645 047a 27       		.uleb128 0x27
 8646 047b 19       		.uleb128 0x19
 8647 047c 11       		.uleb128 0x11
 8648 047d 01       		.uleb128 0x1
 8649 047e 12       		.uleb128 0x12
 8650 047f 06       		.uleb128 0x6
 8651 0480 40       		.uleb128 0x40
 8652 0481 18       		.uleb128 0x18
ARM GAS  C:\Users\DEVELO~1\AppData\Local\Temp\ccalPHYl.s 			page 153


 8653 0482 7C       		.uleb128 0x7c
 8654 0483 19       		.uleb128 0x19
 8655 0484 00       		.byte	0
 8656 0485 00       		.byte	0
 8657 0486 46       		.uleb128 0x46
 8658 0487 34       		.uleb128 0x34
 8659 0488 00       		.byte	0
 8660 0489 03       		.uleb128 0x3
 8661 048a 0E       		.uleb128 0xe
 8662 048b 3A       		.uleb128 0x3a
 8663 048c 0B       		.uleb128 0xb
 8664 048d 3B       		.uleb128 0x3b
 8665 048e 05       		.uleb128 0x5
 8666 048f 39       		.uleb128 0x39
 8667 0490 0B       		.uleb128 0xb
 8668 0491 49       		.uleb128 0x49
 8669 0492 13       		.uleb128 0x13
 8670 0493 02       		.uleb128 0x2
 8671 0494 18       		.uleb128 0x18
 8672 0495 00       		.byte	0
 8673 0496 00       		.byte	0
 8674 0497 47       		.uleb128 0x47
 8675 0498 1D       		.uleb128 0x1d
 8676 0499 01       		.byte	0x1
 8677 049a 31       		.uleb128 0x31
 8678 049b 13       		.uleb128 0x13
 8679 049c 11       		.uleb128 0x11
 8680 049d 01       		.uleb128 0x1
 8681 049e 12       		.uleb128 0x12
 8682 049f 06       		.uleb128 0x6
 8683 04a0 58       		.uleb128 0x58
 8684 04a1 0B       		.uleb128 0xb
 8685 04a2 59       		.uleb128 0x59
 8686 04a3 0B       		.uleb128 0xb
 8687 04a4 57       		.uleb128 0x57
 8688 04a5 0B       		.uleb128 0xb
 8689 04a6 00       		.byte	0
 8690 04a7 00       		.byte	0
 8691 04a8 48       		.uleb128 0x48
 8692 04a9 2E       		.uleb128 0x2e
 8693 04aa 01       		.byte	0x1
 8694 04ab 03       		.uleb128 0x3
 8695 04ac 0E       		.uleb128 0xe
 8696 04ad 3A       		.uleb128 0x3a
 8697 04ae 0B       		.uleb128 0xb
 8698 04af 3B       		.uleb128 0x3b
 8699 04b0 0B       		.uleb128 0xb
 8700 04b1 39       		.uleb128 0x39
 8701 04b2 0B       		.uleb128 0xb
 8702 04b3 27       		.uleb128 0x27
 8703 04b4 19       		.uleb128 0x19
 8704 04b5 49       		.uleb128 0x49
 8705 04b6 13       		.uleb128 0x13
 8706 04b7 20       		.uleb128 0x20
 8707 04b8 0B       		.uleb128 0xb
 8708 04b9 01       		.uleb128 0x1
 8709 04ba 13       		.uleb128 0x13
ARM GAS  C:\Users\DEVELO~1\AppData\Local\Temp\ccalPHYl.s 			page 154


 8710 04bb 00       		.byte	0
 8711 04bc 00       		.byte	0
 8712 04bd 49       		.uleb128 0x49
 8713 04be 05       		.uleb128 0x5
 8714 04bf 00       		.byte	0
 8715 04c0 03       		.uleb128 0x3
 8716 04c1 0E       		.uleb128 0xe
 8717 04c2 3A       		.uleb128 0x3a
 8718 04c3 0B       		.uleb128 0xb
 8719 04c4 3B       		.uleb128 0x3b
 8720 04c5 0B       		.uleb128 0xb
 8721 04c6 39       		.uleb128 0x39
 8722 04c7 0B       		.uleb128 0xb
 8723 04c8 49       		.uleb128 0x49
 8724 04c9 13       		.uleb128 0x13
 8725 04ca 00       		.byte	0
 8726 04cb 00       		.byte	0
 8727 04cc 4A       		.uleb128 0x4a
 8728 04cd 05       		.uleb128 0x5
 8729 04ce 00       		.byte	0
 8730 04cf 03       		.uleb128 0x3
 8731 04d0 08       		.uleb128 0x8
 8732 04d1 3A       		.uleb128 0x3a
 8733 04d2 0B       		.uleb128 0xb
 8734 04d3 3B       		.uleb128 0x3b
 8735 04d4 0B       		.uleb128 0xb
 8736 04d5 39       		.uleb128 0x39
 8737 04d6 0B       		.uleb128 0xb
 8738 04d7 49       		.uleb128 0x49
 8739 04d8 13       		.uleb128 0x13
 8740 04d9 00       		.byte	0
 8741 04da 00       		.byte	0
 8742 04db 4B       		.uleb128 0x4b
 8743 04dc 34       		.uleb128 0x34
 8744 04dd 00       		.byte	0
 8745 04de 03       		.uleb128 0x3
 8746 04df 08       		.uleb128 0x8
 8747 04e0 3A       		.uleb128 0x3a
 8748 04e1 0B       		.uleb128 0xb
 8749 04e2 3B       		.uleb128 0x3b
 8750 04e3 0B       		.uleb128 0xb
 8751 04e4 39       		.uleb128 0x39
 8752 04e5 0B       		.uleb128 0xb
 8753 04e6 49       		.uleb128 0x49
 8754 04e7 13       		.uleb128 0x13
 8755 04e8 00       		.byte	0
 8756 04e9 00       		.byte	0
 8757 04ea 4C       		.uleb128 0x4c
 8758 04eb 2E       		.uleb128 0x2e
 8759 04ec 01       		.byte	0x1
 8760 04ed 03       		.uleb128 0x3
 8761 04ee 0E       		.uleb128 0xe
 8762 04ef 3A       		.uleb128 0x3a
 8763 04f0 0B       		.uleb128 0xb
 8764 04f1 3B       		.uleb128 0x3b
 8765 04f2 0B       		.uleb128 0xb
 8766 04f3 39       		.uleb128 0x39
ARM GAS  C:\Users\DEVELO~1\AppData\Local\Temp\ccalPHYl.s 			page 155


 8767 04f4 0B       		.uleb128 0xb
 8768 04f5 27       		.uleb128 0x27
 8769 04f6 19       		.uleb128 0x19
 8770 04f7 49       		.uleb128 0x49
 8771 04f8 13       		.uleb128 0x13
 8772 04f9 11       		.uleb128 0x11
 8773 04fa 01       		.uleb128 0x1
 8774 04fb 12       		.uleb128 0x12
 8775 04fc 06       		.uleb128 0x6
 8776 04fd 40       		.uleb128 0x40
 8777 04fe 18       		.uleb128 0x18
 8778 04ff 7A       		.uleb128 0x7a
 8779 0500 19       		.uleb128 0x19
 8780 0501 01       		.uleb128 0x1
 8781 0502 13       		.uleb128 0x13
 8782 0503 00       		.byte	0
 8783 0504 00       		.byte	0
 8784 0505 4D       		.uleb128 0x4d
 8785 0506 2E       		.uleb128 0x2e
 8786 0507 01       		.byte	0x1
 8787 0508 03       		.uleb128 0x3
 8788 0509 0E       		.uleb128 0xe
 8789 050a 3A       		.uleb128 0x3a
 8790 050b 0B       		.uleb128 0xb
 8791 050c 3B       		.uleb128 0x3b
 8792 050d 05       		.uleb128 0x5
 8793 050e 39       		.uleb128 0x39
 8794 050f 0B       		.uleb128 0xb
 8795 0510 27       		.uleb128 0x27
 8796 0511 19       		.uleb128 0x19
 8797 0512 20       		.uleb128 0x20
 8798 0513 0B       		.uleb128 0xb
 8799 0514 00       		.byte	0
 8800 0515 00       		.byte	0
 8801 0516 4E       		.uleb128 0x4e
 8802 0517 05       		.uleb128 0x5
 8803 0518 00       		.byte	0
 8804 0519 03       		.uleb128 0x3
 8805 051a 0E       		.uleb128 0xe
 8806 051b 3A       		.uleb128 0x3a
 8807 051c 0B       		.uleb128 0xb
 8808 051d 3B       		.uleb128 0x3b
 8809 051e 05       		.uleb128 0x5
 8810 051f 39       		.uleb128 0x39
 8811 0520 0B       		.uleb128 0xb
 8812 0521 49       		.uleb128 0x49
 8813 0522 13       		.uleb128 0x13
 8814 0523 00       		.byte	0
 8815 0524 00       		.byte	0
 8816 0525 00       		.byte	0
 8817              		.section	.debug_aranges,"",%progbits
 8818 0000 44010000 		.4byte	0x144
 8819 0004 0200     		.2byte	0x2
 8820 0006 00000000 		.4byte	.Ldebug_info0
 8821 000a 04       		.byte	0x4
 8822 000b 00       		.byte	0
 8823 000c 0000     		.2byte	0
ARM GAS  C:\Users\DEVELO~1\AppData\Local\Temp\ccalPHYl.s 			page 156


 8824 000e 0000     		.2byte	0
 8825 0010 00000000 		.4byte	.LFB202
 8826 0014 1E000000 		.4byte	.LFE202-.LFB202
 8827 0018 00000000 		.4byte	.LFB203
 8828 001c 1E000000 		.4byte	.LFE203-.LFB203
 8829 0020 00000000 		.4byte	.LFB204
 8830 0024 20000000 		.4byte	.LFE204-.LFB204
 8831 0028 00000000 		.4byte	.LFB205
 8832 002c 20000000 		.4byte	.LFE205-.LFB205
 8833 0030 00000000 		.4byte	.LFB350
 8834 0034 0C000000 		.4byte	.LFE350-.LFB350
 8835 0038 00000000 		.4byte	.LFB351
 8836 003c 0C000000 		.4byte	.LFE351-.LFB351
 8837 0040 00000000 		.4byte	.LFB352
 8838 0044 0C000000 		.4byte	.LFE352-.LFB352
 8839 0048 00000000 		.4byte	.LFB353
 8840 004c 0C000000 		.4byte	.LFE353-.LFB353
 8841 0050 00000000 		.4byte	.LFB364
 8842 0054 16000000 		.4byte	.LFE364-.LFB364
 8843 0058 00000000 		.4byte	.LFB365
 8844 005c 1C000000 		.4byte	.LFE365-.LFB365
 8845 0060 00000000 		.4byte	.LFB367
 8846 0064 1A000000 		.4byte	.LFE367-.LFB367
 8847 0068 00000000 		.4byte	.LFB409
 8848 006c 5C000000 		.4byte	.LFE409-.LFB409
 8849 0070 00000000 		.4byte	.LFB410
 8850 0074 40000000 		.4byte	.LFE410-.LFB410
 8851 0078 00000000 		.4byte	.LFB432
 8852 007c 42000000 		.4byte	.LFE432-.LFB432
 8853 0080 00000000 		.4byte	.LFB434
 8854 0084 98000000 		.4byte	.LFE434-.LFB434
 8855 0088 00000000 		.4byte	.LFB435
 8856 008c 78000000 		.4byte	.LFE435-.LFB435
 8857 0090 00000000 		.4byte	.LFB436
 8858 0094 78000000 		.4byte	.LFE436-.LFB436
 8859 0098 00000000 		.4byte	.LFB437
 8860 009c 80000000 		.4byte	.LFE437-.LFB437
 8861 00a0 00000000 		.4byte	.LFB438
 8862 00a4 90000000 		.4byte	.LFE438-.LFB438
 8863 00a8 00000000 		.4byte	.LFB439
 8864 00ac 4E000000 		.4byte	.LFE439-.LFB439
 8865 00b0 00000000 		.4byte	.LFB440
 8866 00b4 40000000 		.4byte	.LFE440-.LFB440
 8867 00b8 00000000 		.4byte	.LFB441
 8868 00bc 84000000 		.4byte	.LFE441-.LFB441
 8869 00c0 00000000 		.4byte	.LFB442
 8870 00c4 60000000 		.4byte	.LFE442-.LFB442
 8871 00c8 00000000 		.4byte	.LFB443
 8872 00cc 3C000000 		.4byte	.LFE443-.LFB443
 8873 00d0 00000000 		.4byte	.LFB444
 8874 00d4 6C000000 		.4byte	.LFE444-.LFB444
 8875 00d8 00000000 		.4byte	.LFB445
 8876 00dc 22000000 		.4byte	.LFE445-.LFB445
 8877 00e0 00000000 		.4byte	.LFB446
 8878 00e4 5C000000 		.4byte	.LFE446-.LFB446
 8879 00e8 00000000 		.4byte	.LFB447
 8880 00ec 44000000 		.4byte	.LFE447-.LFB447
ARM GAS  C:\Users\DEVELO~1\AppData\Local\Temp\ccalPHYl.s 			page 157


 8881 00f0 00000000 		.4byte	.LFB448
 8882 00f4 6E000000 		.4byte	.LFE448-.LFB448
 8883 00f8 00000000 		.4byte	.LFB449
 8884 00fc 6E000000 		.4byte	.LFE449-.LFB449
 8885 0100 00000000 		.4byte	.LFB450
 8886 0104 98000000 		.4byte	.LFE450-.LFB450
 8887 0108 00000000 		.4byte	.LFB451
 8888 010c 80000000 		.4byte	.LFE451-.LFB451
 8889 0110 00000000 		.4byte	.LFB452
 8890 0114 DC000000 		.4byte	.LFE452-.LFB452
 8891 0118 00000000 		.4byte	.LFB453
 8892 011c DC000000 		.4byte	.LFE453-.LFB453
 8893 0120 00000000 		.4byte	.LFB454
 8894 0124 7C000000 		.4byte	.LFE454-.LFB454
 8895 0128 00000000 		.4byte	.LFB455
 8896 012c 7C000000 		.4byte	.LFE455-.LFB455
 8897 0130 00000000 		.4byte	.LFB456
 8898 0134 14000000 		.4byte	.LFE456-.LFB456
 8899 0138 00000000 		.4byte	.LFB457
 8900 013c 2C000000 		.4byte	.LFE457-.LFB457
 8901 0140 00000000 		.4byte	0
 8902 0144 00000000 		.4byte	0
 8903              		.section	.debug_rnglists,"",%progbits
 8904              	.Ldebug_ranges0:
 8905 0000 F5000000 		.4byte	.Ldebug_ranges3-.Ldebug_ranges2
 8906              	.Ldebug_ranges2:
 8907 0004 0500     		.2byte	0x5
 8908 0006 04       		.byte	0x4
 8909 0007 00       		.byte	0
 8910 0008 00000000 		.4byte	0
 8911              	.LLRL0:
 8912 000c 07       		.byte	0x7
 8913 000d 00000000 		.4byte	.LFB202
 8914 0011 1E       		.uleb128 .LFE202-.LFB202
 8915 0012 07       		.byte	0x7
 8916 0013 00000000 		.4byte	.LFB203
 8917 0017 1E       		.uleb128 .LFE203-.LFB203
 8918 0018 07       		.byte	0x7
 8919 0019 00000000 		.4byte	.LFB204
 8920 001d 20       		.uleb128 .LFE204-.LFB204
 8921 001e 07       		.byte	0x7
 8922 001f 00000000 		.4byte	.LFB205
 8923 0023 20       		.uleb128 .LFE205-.LFB205
 8924 0024 07       		.byte	0x7
 8925 0025 00000000 		.4byte	.LFB350
 8926 0029 0C       		.uleb128 .LFE350-.LFB350
 8927 002a 07       		.byte	0x7
 8928 002b 00000000 		.4byte	.LFB351
 8929 002f 0C       		.uleb128 .LFE351-.LFB351
 8930 0030 07       		.byte	0x7
 8931 0031 00000000 		.4byte	.LFB352
 8932 0035 0C       		.uleb128 .LFE352-.LFB352
 8933 0036 07       		.byte	0x7
 8934 0037 00000000 		.4byte	.LFB353
 8935 003b 0C       		.uleb128 .LFE353-.LFB353
 8936 003c 07       		.byte	0x7
 8937 003d 00000000 		.4byte	.LFB364
ARM GAS  C:\Users\DEVELO~1\AppData\Local\Temp\ccalPHYl.s 			page 158


 8938 0041 16       		.uleb128 .LFE364-.LFB364
 8939 0042 07       		.byte	0x7
 8940 0043 00000000 		.4byte	.LFB365
 8941 0047 1C       		.uleb128 .LFE365-.LFB365
 8942 0048 07       		.byte	0x7
 8943 0049 00000000 		.4byte	.LFB367
 8944 004d 1A       		.uleb128 .LFE367-.LFB367
 8945 004e 07       		.byte	0x7
 8946 004f 00000000 		.4byte	.LFB409
 8947 0053 5C       		.uleb128 .LFE409-.LFB409
 8948 0054 07       		.byte	0x7
 8949 0055 00000000 		.4byte	.LFB410
 8950 0059 40       		.uleb128 .LFE410-.LFB410
 8951 005a 07       		.byte	0x7
 8952 005b 00000000 		.4byte	.LFB432
 8953 005f 42       		.uleb128 .LFE432-.LFB432
 8954 0060 07       		.byte	0x7
 8955 0061 00000000 		.4byte	.LFB434
 8956 0065 9801     		.uleb128 .LFE434-.LFB434
 8957 0067 07       		.byte	0x7
 8958 0068 00000000 		.4byte	.LFB435
 8959 006c 78       		.uleb128 .LFE435-.LFB435
 8960 006d 07       		.byte	0x7
 8961 006e 00000000 		.4byte	.LFB436
 8962 0072 78       		.uleb128 .LFE436-.LFB436
 8963 0073 07       		.byte	0x7
 8964 0074 00000000 		.4byte	.LFB437
 8965 0078 8001     		.uleb128 .LFE437-.LFB437
 8966 007a 07       		.byte	0x7
 8967 007b 00000000 		.4byte	.LFB438
 8968 007f 9001     		.uleb128 .LFE438-.LFB438
 8969 0081 07       		.byte	0x7
 8970 0082 00000000 		.4byte	.LFB439
 8971 0086 4E       		.uleb128 .LFE439-.LFB439
 8972 0087 07       		.byte	0x7
 8973 0088 00000000 		.4byte	.LFB440
 8974 008c 40       		.uleb128 .LFE440-.LFB440
 8975 008d 07       		.byte	0x7
 8976 008e 00000000 		.4byte	.LFB441
 8977 0092 8401     		.uleb128 .LFE441-.LFB441
 8978 0094 07       		.byte	0x7
 8979 0095 00000000 		.4byte	.LFB442
 8980 0099 60       		.uleb128 .LFE442-.LFB442
 8981 009a 07       		.byte	0x7
 8982 009b 00000000 		.4byte	.LFB443
 8983 009f 3C       		.uleb128 .LFE443-.LFB443
 8984 00a0 07       		.byte	0x7
 8985 00a1 00000000 		.4byte	.LFB444
 8986 00a5 6C       		.uleb128 .LFE444-.LFB444
 8987 00a6 07       		.byte	0x7
 8988 00a7 00000000 		.4byte	.LFB445
 8989 00ab 22       		.uleb128 .LFE445-.LFB445
 8990 00ac 07       		.byte	0x7
 8991 00ad 00000000 		.4byte	.LFB446
 8992 00b1 5C       		.uleb128 .LFE446-.LFB446
 8993 00b2 07       		.byte	0x7
 8994 00b3 00000000 		.4byte	.LFB447
ARM GAS  C:\Users\DEVELO~1\AppData\Local\Temp\ccalPHYl.s 			page 159


 8995 00b7 44       		.uleb128 .LFE447-.LFB447
 8996 00b8 07       		.byte	0x7
 8997 00b9 00000000 		.4byte	.LFB448
 8998 00bd 6E       		.uleb128 .LFE448-.LFB448
 8999 00be 07       		.byte	0x7
 9000 00bf 00000000 		.4byte	.LFB449
 9001 00c3 6E       		.uleb128 .LFE449-.LFB449
 9002 00c4 07       		.byte	0x7
 9003 00c5 00000000 		.4byte	.LFB450
 9004 00c9 9801     		.uleb128 .LFE450-.LFB450
 9005 00cb 07       		.byte	0x7
 9006 00cc 00000000 		.4byte	.LFB451
 9007 00d0 8001     		.uleb128 .LFE451-.LFB451
 9008 00d2 07       		.byte	0x7
 9009 00d3 00000000 		.4byte	.LFB452
 9010 00d7 DC01     		.uleb128 .LFE452-.LFB452
 9011 00d9 07       		.byte	0x7
 9012 00da 00000000 		.4byte	.LFB453
 9013 00de DC01     		.uleb128 .LFE453-.LFB453
 9014 00e0 07       		.byte	0x7
 9015 00e1 00000000 		.4byte	.LFB454
 9016 00e5 7C       		.uleb128 .LFE454-.LFB454
 9017 00e6 07       		.byte	0x7
 9018 00e7 00000000 		.4byte	.LFB455
 9019 00eb 7C       		.uleb128 .LFE455-.LFB455
 9020 00ec 07       		.byte	0x7
 9021 00ed 00000000 		.4byte	.LFB456
 9022 00f1 14       		.uleb128 .LFE456-.LFB456
 9023 00f2 07       		.byte	0x7
 9024 00f3 00000000 		.4byte	.LFB457
 9025 00f7 2C       		.uleb128 .LFE457-.LFB457
 9026 00f8 00       		.byte	0
 9027              	.Ldebug_ranges3:
 9028              		.section	.debug_line,"",%progbits
 9029              	.Ldebug_line0:
 9030 0000 070E0000 		.section	.debug_str,"MS",%progbits,1
 9030      03006B04 
 9030      00000201 
 9030      FB0E0D00 
 9030      01010101 
 9031              	.LASF311:
 9032 0000 7364635F 		.ascii	"sdc_default_cfg\000"
 9032      64656661 
 9032      756C745F 
 9032      63666700 
 9033              	.LASF127:
 9034 0010 41504231 		.ascii	"APB1HRSTR\000"
 9034      48525354 
 9034      5200
 9035              	.LASF11:
 9036 001a 6C6F6E67 		.ascii	"long int\000"
 9036      20696E74 
 9036      00
 9037              	.LASF256:
 9038 0023 53657269 		.ascii	"SerialDriver\000"
 9038      616C4472 
 9038      69766572 
ARM GAS  C:\Users\DEVELO~1\AppData\Local\Temp\ccalPHYl.s 			page 160


 9038      00
 9039              	.LASF234:
 9040 0030 424C4B5F 		.ascii	"BLK_SYNCING\000"
 9040      53594E43 
 9040      494E4700 
 9041              	.LASF36:
 9042 003c 6E616D65 		.ascii	"name\000"
 9042      00
 9043              	.LASF330:
 9044 0041 7364635F 		.ascii	"sdc_lld_start\000"
 9044      6C6C645F 
 9044      73746172 
 9044      7400
 9045              	.LASF189:
 9046 004f 74687265 		.ascii	"thread_reference_t\000"
 9046      61645F72 
 9046      65666572 
 9046      656E6365 
 9046      5F7400
 9047              	.LASF277:
 9048 0062 73646366 		.ascii	"sdcflags_t\000"
 9048      6C616773 
 9048      5F7400
 9049              	.LASF33:
 9050 006d 74687265 		.ascii	"thread_t\000"
 9050      61645F74 
 9050      00
 9051              	.LASF186:
 9052 0076 63685F72 		.ascii	"ch_registry\000"
 9052      65676973 
 9052      74727900 
 9053              	.LASF150:
 9054 0082 41504232 		.ascii	"APB2LPENR\000"
 9054      4C50454E 
 9054      5200
 9055              	.LASF279:
 9056 008c 63617061 		.ascii	"capacity\000"
 9056      63697479 
 9056      00
 9057              	.LASF59:
 9058 0095 63685F72 		.ascii	"ch_rfcu\000"
 9058      66637500 
 9059              	.LASF128:
 9060 009d 41504232 		.ascii	"APB2RSTR\000"
 9060      52535452 
 9060      00
 9061              	.LASF360:
 9062 00a6 7364635F 		.ascii	"sdc_lld_init\000"
 9062      6C6C645F 
 9062      696E6974 
 9062      00
 9063              	.LASF215:
 9064 00b3 6C697374 		.ascii	"listener\000"
 9064      656E6572 
 9064      00
 9065              	.LASF266:
 9066 00bc 67657474 		.ascii	"gett\000"
ARM GAS  C:\Users\DEVELO~1\AppData\Local\Temp\ccalPHYl.s 			page 161


 9066      00
 9067              	.LASF73:
 9068 00c1 70726576 		.ascii	"prev\000"
 9068      00
 9069              	.LASF39:
 9070 00c6 666C6167 		.ascii	"flags\000"
 9070      7300
 9071              	.LASF65:
 9072 00cc 73797374 		.ascii	"systime_t\000"
 9072      696D655F 
 9072      7400
 9073              	.LASF45:
 9074 00d6 7265616C 		.ascii	"realprio\000"
 9074      7072696F 
 9074      00
 9075              	.LASF90:
 9076 00df 62756666 		.ascii	"buffer\000"
 9076      657200
 9077              	.LASF108:
 9078 00e6 504C4C33 		.ascii	"PLL3FRACR\000"
 9078      46524143 
 9078      5200
 9079              	.LASF322:
 9080 00f0 7364635F 		.ascii	"sdc_lld_serve_interrupt\000"
 9080      6C6C645F 
 9080      73657276 
 9080      655F696E 
 9080      74657272 
 9081              	.LASF228:
 9082 0108 424C4B5F 		.ascii	"BLK_ACTIVE\000"
 9082      41435449 
 9082      564500
 9083              	.LASF257:
 9084 0113 68616C5F 		.ascii	"hal_serial_driver\000"
 9084      73657269 
 9084      616C5F64 
 9084      72697665 
 9084      7200
 9085              	.LASF239:
 9086 0125 696F5F71 		.ascii	"io_queue_t\000"
 9086      75657565 
 9086      5F7400
 9087              	.LASF293:
 9088 0130 64697363 		.ascii	"disconnect\000"
 9088      6F6E6E65 
 9088      637400
 9089              	.LASF43:
 9090 013b 6570656E 		.ascii	"epending\000"
 9090      64696E67 
 9090      00
 9091              	.LASF317:
 9092 0144 7364635F 		.ascii	"sdc_lld_read_special\000"
 9092      6C6C645F 
 9092      72656164 
 9092      5F737065 
 9092      6369616C 
 9093              	.LASF148:
ARM GAS  C:\Users\DEVELO~1\AppData\Local\Temp\ccalPHYl.s 			page 162


 9094 0159 41504231 		.ascii	"APB1LLPENR\000"
 9094      4C4C5045 
 9094      4E5200
 9095              	.LASF70:
 9096 0164 6E657874 		.ascii	"next\000"
 9096      00
 9097              	.LASF20:
 9098 0169 75696E74 		.ascii	"uint32_t\000"
 9098      33325F74 
 9098      00
 9099              	.LASF88:
 9100 0172 73757370 		.ascii	"suspended\000"
 9100      656E6465 
 9100      6400
 9101              	.LASF236:
 9102 017c 626C6B5F 		.ascii	"blk_size\000"
 9102      73697A65 
 9102      00
 9103              	.LASF53:
 9104 0185 636F7265 		.ascii	"core_id\000"
 9104      5F696400 
 9105              	.LASF99:
 9106 018d 44334346 		.ascii	"D3CFGR\000"
 9106      475200
 9107              	.LASF221:
 9108 0194 42617365 		.ascii	"BaseSequentialStreamVMT\000"
 9108      53657175 
 9108      656E7469 
 9108      616C5374 
 9108      7265616D 
 9109              	.LASF275:
 9110 01ac 73646362 		.ascii	"sdcbusclk_t\000"
 9110      7573636C 
 9110      6B5F7400 
 9111              	.LASF246:
 9112 01b8 715F7264 		.ascii	"q_rdptr\000"
 9112      70747200 
 9113              	.LASF327:
 9114 01c0 7364635F 		.ascii	"sdc_lld_set_data_clk\000"
 9114      6C6C645F 
 9114      7365745F 
 9114      64617461 
 9114      5F636C6B 
 9115              	.LASF40:
 9116 01d5 72656673 		.ascii	"refs\000"
 9116      00
 9117              	.LASF155:
 9118 01da 434C4B43 		.ascii	"CLKCR\000"
 9118      5200
 9119              	.LASF249:
 9120 01e0 716E6F74 		.ascii	"qnotify_t\000"
 9120      6966795F 
 9120      7400
 9121              	.LASF276:
 9122 01ea 7364636D 		.ascii	"sdcmode_t\000"
 9122      6F64655F 
 9122      7400
ARM GAS  C:\Users\DEVELO~1\AppData\Local\Temp\ccalPHYl.s 			page 163


 9123              	.LASF153:
 9124 01f4 5243435F 		.ascii	"RCC_TypeDef\000"
 9124      54797065 
 9124      44656600 
 9125              	.LASF361:
 9126 0200 7364635F 		.ascii	"sdc_lld_get_timeout\000"
 9126      6C6C645F 
 9126      6765745F 
 9126      74696D65 
 9126      6F757400 
 9127              	.LASF229:
 9128 0214 424C4B5F 		.ascii	"BLK_CONNECTING\000"
 9128      434F4E4E 
 9128      45435449 
 9128      4E4700
 9129              	.LASF80:
 9130 0223 77746F62 		.ascii	"wtobjp\000"
 9130      6A7000
 9131              	.LASF355:
 9132 022a 706F7274 		.ascii	"port_lock\000"
 9132      5F6C6F63 
 9132      6B00
 9133              	.LASF51:
 9134 0234 76746C69 		.ascii	"vtlist\000"
 9134      737400
 9135              	.LASF107:
 9136 023b 504C4C33 		.ascii	"PLL3DIVR\000"
 9136      44495652 
 9136      00
 9137              	.LASF180:
 9138 0244 706F7274 		.ascii	"port_context\000"
 9138      5F636F6E 
 9138      74657874 
 9138      00
 9139              	.LASF353:
 9140 0251 706F7274 		.ascii	"port_lock_from_isr\000"
 9140      5F6C6F63 
 9140      6B5F6672 
 9140      6F6D5F69 
 9140      737200
 9141              	.LASF71:
 9142 0264 63685F71 		.ascii	"ch_queue_t\000"
 9142      75657565 
 9142      5F7400
 9143              	.LASF203:
 9144 026f 63685F72 		.ascii	"ch_ready_list\000"
 9144      65616479 
 9144      5F6C6973 
 9144      7400
 9145              	.LASF312:
 9146 027d 7364635F 		.ascii	"sdc_lld_read\000"
 9146      6C6C645F 
 9146      72656164 
 9146      00
 9147              	.LASF184:
 9148 028a 6C617374 		.ascii	"laststamp\000"
 9148      7374616D 
ARM GAS  C:\Users\DEVELO~1\AppData\Local\Temp\ccalPHYl.s 			page 164


 9148      7000
 9149              	.LASF173:
 9150 0294 49505652 		.ascii	"IPVR\000"
 9150      00
 9151              	.LASF200:
 9152 0299 65776D61 		.ascii	"ewmask\000"
 9152      736B00
 9153              	.LASF325:
 9154 02a0 6D6F6465 		.ascii	"mode\000"
 9154      00
 9155              	.LASF335:
 9156 02a5 7364635F 		.ascii	"sdc_lld_prepare_read\000"
 9156      6C6C645F 
 9156      70726570 
 9156      6172655F 
 9156      72656164 
 9157              	.LASF145:
 9158 02ba 41484232 		.ascii	"AHB2LPENR\000"
 9158      4C50454E 
 9158      5200
 9159              	.LASF147:
 9160 02c4 41504233 		.ascii	"APB3LPENR\000"
 9160      4C50454E 
 9160      5200
 9161              	.LASF349:
 9162 02ce 63685379 		.ascii	"chSysLockFromISR\000"
 9162      734C6F63 
 9162      6B46726F 
 9162      6D495352 
 9162      00
 9163              	.LASF69:
 9164 02df 63685F6C 		.ascii	"ch_list\000"
 9164      69737400 
 9165              	.LASF226:
 9166 02e7 424C4B5F 		.ascii	"BLK_UNINIT\000"
 9166      554E494E 
 9166      495400
 9167              	.LASF137:
 9168 02f2 41504233 		.ascii	"APB3ENR\000"
 9168      454E5200 
 9169              	.LASF62:
 9170 02fa 63685F73 		.ascii	"ch_system_debug\000"
 9170      79737465 
 9170      6D5F6465 
 9170      62756700 
 9171              	.LASF175:
 9172 030a 47545052 		.ascii	"GTPR\000"
 9172      00
 9173              	.LASF359:
 9174 030f 433A5C50 		.ascii	"C:\\PROJET\\ChibiOS project\\ChibiOS_21.11.4\\demos"
 9174      524F4A45 
 9174      545C4368 
 9174      6962694F 
 9174      53207072 
 9175 033e 5C53544D 		.ascii	"\\STM32\\RT-STM32H743ZI_REV_XY-NUCLEO144\000"
 9175      33325C52 
 9175      542D5354 
ARM GAS  C:\Users\DEVELO~1\AppData\Local\Temp\ccalPHYl.s 			page 165


 9175      4D333248 
 9175      3734335A 
 9176              	.LASF192:
 9177 0365 6C697374 		.ascii	"list\000"
 9177      00
 9178              	.LASF299:
 9179 036a 63685468 		.ascii	"chThdResumeI\000"
 9179      64526573 
 9179      756D6549 
 9179      00
 9180              	.LASF259:
 9181 0377 69717565 		.ascii	"iqueue\000"
 9181      756500
 9182              	.LASF341:
 9183 037e 6F73616C 		.ascii	"osalThreadSuspendS\000"
 9183      54687265 
 9183      61645375 
 9183      7370656E 
 9183      645300
 9184              	.LASF78:
 9185 0391 63685F64 		.ascii	"ch_delta_list\000"
 9185      656C7461 
 9185      5F6C6973 
 9185      7400
 9186              	.LASF306:
 9187 039f 73646370 		.ascii	"sdcp\000"
 9187      00
 9188              	.LASF241:
 9189 03a4 715F7761 		.ascii	"q_waiting\000"
 9189      6974696E 
 9189      6700
 9190              	.LASF197:
 9191 03ae 73656E74 		.ascii	"sentmsg\000"
 9191      6D736700 
 9192              	.LASF290:
 9193 03b6 69735F69 		.ascii	"is_inserted\000"
 9193      6E736572 
 9193      74656400 
 9194              	.LASF29:
 9195 03c2 6576656E 		.ascii	"eventmask_t\000"
 9195      746D6173 
 9195      6B5F7400 
 9196              	.LASF87:
 9197 03ce 74726163 		.ascii	"trace_event_t\000"
 9197      655F6576 
 9197      656E745F 
 9197      7400
 9198              	.LASF287:
 9199 03dc 736C6F77 		.ascii	"slowdown\000"
 9199      646F776E 
 9199      00
 9200              	.LASF258:
 9201 03e5 6576656E 		.ascii	"event\000"
 9201      7400
 9202              	.LASF334:
 9203 03eb 7364635F 		.ascii	"sdc_lld_prepare_write\000"
 9203      6C6C645F 
ARM GAS  C:\Users\DEVELO~1\AppData\Local\Temp\ccalPHYl.s 			page 166


 9203      70726570 
 9203      6172655F 
 9203      77726974 
 9204              	.LASF201:
 9205 0401 63685F73 		.ascii	"ch_semaphore\000"
 9205      656D6170 
 9205      686F7265 
 9205      00
 9206              	.LASF134:
 9207 040e 41484231 		.ascii	"AHB1ENR\000"
 9207      454E5200 
 9208              	.LASF27:
 9209 0416 74707269 		.ascii	"tprio_t\000"
 9209      6F5F7400 
 9210              	.LASF42:
 9211 041e 6D736771 		.ascii	"msgqueue\000"
 9211      75657565 
 9211      00
 9212              	.LASF86:
 9213 0427 74696D65 		.ascii	"time\000"
 9213      00
 9214              	.LASF115:
 9215 042c 43494552 		.ascii	"CIER\000"
 9215      00
 9216              	.LASF211:
 9217 0431 6F735F69 		.ascii	"os_instance_config_t\000"
 9217      6E737461 
 9217      6E63655F 
 9217      636F6E66 
 9217      69675F74 
 9218              	.LASF302:
 9219 0446 7364634F 		.ascii	"sdcObjectInit\000"
 9219      626A6563 
 9219      74496E69 
 9219      7400
 9220              	.LASF82:
 9221 0454 68616C74 		.ascii	"halt\000"
 9221      00
 9222              	.LASF323:
 9223 0459 7364635F 		.ascii	"sdc_lld_send_cmd_none\000"
 9223      6C6C645F 
 9223      73656E64 
 9223      5F636D64 
 9223      5F6E6F6E 
 9224              	.LASF15:
 9225 046f 6C6F6E67 		.ascii	"long long unsigned int\000"
 9225      206C6F6E 
 9225      6720756E 
 9225      7369676E 
 9225      65642069 
 9226              	.LASF280:
 9227 0486 63617264 		.ascii	"cardmode\000"
 9227      6D6F6465 
 9227      00
 9228              	.LASF120:
 9229 048f 52455345 		.ascii	"RESERVED6\000"
 9229      52564544 
ARM GAS  C:\Users\DEVELO~1\AppData\Local\Temp\ccalPHYl.s 			page 167


 9229      3600
 9230              	.LASF81:
 9231 0499 72656173 		.ascii	"reason\000"
 9231      6F6E00
 9232              	.LASF57:
 9233 04a0 74726163 		.ascii	"trace_buffer\000"
 9233      655F6275 
 9233      66666572 
 9233      00
 9234              	.LASF298:
 9235 04ad 5F5F6E6F 		.ascii	"__nocache_sd1_wbuf\000"
 9235      63616368 
 9235      655F7364 
 9235      315F7762 
 9235      756600
 9236              	.LASF281:
 9237 04c0 6572726F 		.ascii	"errors\000"
 9237      727300
 9238              	.LASF219:
 9239 04c7 6576656E 		.ascii	"event_source_t\000"
 9239      745F736F 
 9239      75726365 
 9239      5F7400
 9240              	.LASF193:
 9241 04d6 70717565 		.ascii	"pqueue\000"
 9241      756500
 9242              	.LASF8:
 9243 04dd 5F5F7569 		.ascii	"__uint16_t\000"
 9243      6E743136 
 9243      5F7400
 9244              	.LASF31:
 9245 04e8 636E745F 		.ascii	"cnt_t\000"
 9245      7400
 9246              	.LASF177:
 9247 04ee 50524553 		.ascii	"PRESC\000"
 9247      4300
 9248              	.LASF350:
 9249 04f4 63685379 		.ascii	"chSysUnlock\000"
 9249      73556E6C 
 9249      6F636B00 
 9250              	.LASF346:
 9251 0500 6F73616C 		.ascii	"osalSysUnlock\000"
 9251      53797355 
 9251      6E6C6F63 
 9251      6B00
 9252              	.LASF35:
 9253 050e 6F776E65 		.ascii	"owner\000"
 9253      7200
 9254              	.LASF121:
 9255 0514 41484233 		.ascii	"AHB3RSTR\000"
 9255      52535452 
 9255      00
 9256              	.LASF208:
 9257 051d 6D61696E 		.ascii	"mainthread_end\000"
 9257      74687265 
 9257      61645F65 
 9257      6E6400
ARM GAS  C:\Users\DEVELO~1\AppData\Local\Temp\ccalPHYl.s 			page 168


 9258              	.LASF165:
 9259 052c 4D41534B 		.ascii	"MASK\000"
 9259      00
 9260              	.LASF44:
 9261 0531 6D74786C 		.ascii	"mtxlist\000"
 9261      69737400 
 9262              	.LASF181:
 9263 0539 63685F76 		.ascii	"ch_virtual_timers_list\000"
 9263      69727475 
 9263      616C5F74 
 9263      696D6572 
 9263      735F6C69 
 9264              	.LASF54:
 9265 0550 72666375 		.ascii	"rfcu\000"
 9265      00
 9266              	.LASF324:
 9267 0555 7364635F 		.ascii	"sdc_lld_set_bus_mode\000"
 9267      6C6C645F 
 9267      7365745F 
 9267      6275735F 
 9267      6D6F6465 
 9268              	.LASF356:
 9269 056a 62617365 		.ascii	"basePri\000"
 9269      50726900 
 9270              	.LASF328:
 9271 0572 7364635F 		.ascii	"sdc_lld_start_clk\000"
 9271      6C6C645F 
 9271      73746172 
 9271      745F636C 
 9271      6B00
 9272              	.LASF348:
 9273 0584 63685379 		.ascii	"chSysUnlockFromISR\000"
 9273      73556E6C 
 9273      6F636B46 
 9273      726F6D49 
 9273      535200
 9274              	.LASF288:
 9275 0597 53444343 		.ascii	"SDCConfig\000"
 9275      6F6E6669 
 9275      6700
 9276              	.LASF83:
 9277 05a1 75736572 		.ascii	"user\000"
 9277      00
 9278              	.LASF265:
 9279 05a6 70757474 		.ascii	"putt\000"
 9279      00
 9280              	.LASF151:
 9281 05ab 41504234 		.ascii	"APB4LPENR\000"
 9281      4C50454E 
 9281      5200
 9282              	.LASF4:
 9283 05b5 73697A65 		.ascii	"size_t\000"
 9283      5F7400
 9284              	.LASF194:
 9285 05bc 7264796D 		.ascii	"rdymsg\000"
 9285      736700
 9286              	.LASF357:
ARM GAS  C:\Users\DEVELO~1\AppData\Local\Temp\ccalPHYl.s 			page 169


 9287 05c3 474E5520 		.ascii	"GNU C17 11.3.1 20220712 -mcpu=cortex-m7 -mthumb -mf"
 9287      43313720 
 9287      31312E33 
 9287      2E312032 
 9287      30323230 
 9288 05f6 6C6F6174 		.ascii	"loat-abi=soft -march=armv7e-m -ggdb -O0 -ffunction-"
 9288      2D616269 
 9288      3D736F66 
 9288      74202D6D 
 9288      61726368 
 9289 0629 73656374 		.ascii	"sections -fdata-sections -fno-common\000"
 9289      696F6E73 
 9289      202D6664 
 9289      6174612D 
 9289      73656374 
 9290              	.LASF345:
 9291 064e 6F73616C 		.ascii	"osalSysLockFromISR\000"
 9291      5379734C 
 9291      6F636B46 
 9291      726F6D49 
 9291      535200
 9292              	.LASF74:
 9293 0661 63685F70 		.ascii	"ch_priority_queue_t\000"
 9293      72696F72 
 9293      6974795F 
 9293      71756575 
 9293      655F7400 
 9294              	.LASF255:
 9295 0675 73647374 		.ascii	"sdstate_t\000"
 9295      6174655F 
 9295      7400
 9296              	.LASF220:
 9297 067f 5F426F6F 		.ascii	"_Bool\000"
 9297      6C00
 9298              	.LASF253:
 9299 0685 53445F53 		.ascii	"SD_STOP\000"
 9299      544F5000 
 9300              	.LASF296:
 9301 068d 53444344 		.ascii	"SDCD1\000"
 9301      3100
 9302              	.LASF313:
 9303 0693 7364635F 		.ascii	"sdc_lld_write_aligned\000"
 9303      6C6C645F 
 9303      77726974 
 9303      655F616C 
 9303      69676E65 
 9304              	.LASF129:
 9305 06a9 41504234 		.ascii	"APB4RSTR\000"
 9305      52535452 
 9305      00
 9306              	.LASF238:
 9307 06b2 426C6F63 		.ascii	"BlockDeviceInfo\000"
 9307      6B446576 
 9307      69636549 
 9307      6E666F00 
 9308              	.LASF295:
 9309 06c2 6765745F 		.ascii	"get_info\000"
ARM GAS  C:\Users\DEVELO~1\AppData\Local\Temp\ccalPHYl.s 			page 170


 9309      696E666F 
 9309      00
 9310              	.LASF318:
 9311 06cb 62797465 		.ascii	"bytes\000"
 9311      7300
 9312              	.LASF202:
 9313 06d1 63685F6D 		.ascii	"ch_mutex\000"
 9313      75746578 
 9313      00
 9314              	.LASF168:
 9315 06da 49444D41 		.ascii	"IDMACTRL\000"
 9315      4354524C 
 9315      00
 9316              	.LASF358:
 9317 06e3 2E2E2F2E 		.ascii	"../../../os/hal/ports/STM32/LLD/SDMMCv2/hal_sdc_lld"
 9317      2E2F2E2E 
 9317      2F6F732F 
 9317      68616C2F 
 9317      706F7274 
 9318 0716 2E6300   		.ascii	".c\000"
 9319              	.LASF178:
 9320 0719 55534152 		.ascii	"USART_TypeDef\000"
 9320      545F5479 
 9320      70654465 
 9320      6600
 9321              	.LASF49:
 9322 0727 63685F6F 		.ascii	"ch_os_instance\000"
 9322      735F696E 
 9322      7374616E 
 9322      636500
 9323              	.LASF135:
 9324 0736 41484232 		.ascii	"AHB2ENR\000"
 9324      454E5200 
 9325              	.LASF133:
 9326 073e 41484233 		.ascii	"AHB3ENR\000"
 9326      454E5200 
 9327              	.LASF247:
 9328 0746 715F6E6F 		.ascii	"q_notify\000"
 9328      74696679 
 9328      00
 9329              	.LASF301:
 9330 074f 63687072 		.ascii	"chprintf\000"
 9330      696E7466 
 9330      00
 9331              	.LASF351:
 9332 0758 63685379 		.ascii	"chSysLock\000"
 9332      734C6F63 
 9332      6B00
 9333              	.LASF262:
 9334 0762 636C6F63 		.ascii	"clock\000"
 9334      6B00
 9335              	.LASF316:
 9336 0768 6572726F 		.ascii	"error\000"
 9336      7200
 9337              	.LASF210:
 9338 076e 69646C65 		.ascii	"idlethread_end\000"
 9338      74687265 
ARM GAS  C:\Users\DEVELO~1\AppData\Local\Temp\ccalPHYl.s 			page 171


 9338      61645F65 
 9338      6E6400
 9339              	.LASF225:
 9340 077d 42617365 		.ascii	"BaseSequentialStream\000"
 9340      53657175 
 9340      656E7469 
 9340      616C5374 
 9340      7265616D 
 9341              	.LASF76:
 9342 0792 7072696F 		.ascii	"prio\000"
 9342      00
 9343              	.LASF230:
 9344 0797 424C4B5F 		.ascii	"BLK_DISCONNECTING\000"
 9344      44495343 
 9344      4F4E4E45 
 9344      4354494E 
 9344      4700
 9345              	.LASF233:
 9346 07a9 424C4B5F 		.ascii	"BLK_WRITING\000"
 9346      57524954 
 9346      494E4700 
 9347              	.LASF157:
 9348 07b5 52455350 		.ascii	"RESP1\000"
 9348      3100
 9349              	.LASF158:
 9350 07bb 52455350 		.ascii	"RESP2\000"
 9350      3200
 9351              	.LASF159:
 9352 07c1 52455350 		.ascii	"RESP3\000"
 9352      3300
 9353              	.LASF160:
 9354 07c7 52455350 		.ascii	"RESP4\000"
 9354      3400
 9355              	.LASF16:
 9356 07cd 63686172 		.ascii	"char\000"
 9356      00
 9357              	.LASF77:
 9358 07d2 63685F64 		.ascii	"ch_delta_list_t\000"
 9358      656C7461 
 9358      5F6C6973 
 9358      745F7400 
 9359              	.LASF58:
 9360 07e2 72666375 		.ascii	"rfcu_mask_t\000"
 9360      5F6D6173 
 9360      6B5F7400 
 9361              	.LASF10:
 9362 07ee 5F5F696E 		.ascii	"__int32_t\000"
 9362      7433325F 
 9362      7400
 9363              	.LASF146:
 9364 07f8 41484234 		.ascii	"AHB4LPENR\000"
 9364      4C50454E 
 9364      5200
 9365              	.LASF106:
 9366 0802 504C4C32 		.ascii	"PLL2FRACR\000"
 9366      46524143 
 9366      5200
ARM GAS  C:\Users\DEVELO~1\AppData\Local\Temp\ccalPHYl.s 			page 172


 9367              	.LASF37:
 9368 080c 77616261 		.ascii	"wabase\000"
 9368      736500
 9369              	.LASF245:
 9370 0813 715F7772 		.ascii	"q_wrptr\000"
 9370      70747200 
 9371              	.LASF25:
 9372 081b 74737461 		.ascii	"tstate_t\000"
 9372      74655F74 
 9372      00
 9373              	.LASF98:
 9374 0824 44324346 		.ascii	"D2CFGR\000"
 9374      475200
 9375              	.LASF237:
 9376 082b 626C6B5F 		.ascii	"blk_num\000"
 9376      6E756D00 
 9377              	.LASF207:
 9378 0833 6D61696E 		.ascii	"mainthread_base\000"
 9378      74687265 
 9378      61645F62 
 9378      61736500 
 9379              	.LASF1:
 9380 0843 6C6F6E67 		.ascii	"long long int\000"
 9380      206C6F6E 
 9380      6720696E 
 9380      7400
 9381              	.LASF14:
 9382 0851 5F5F7569 		.ascii	"__uint64_t\000"
 9382      6E743634 
 9382      5F7400
 9383              	.LASF0:
 9384 085c 756E7369 		.ascii	"unsigned int\000"
 9384      676E6564 
 9384      20696E74 
 9384      00
 9385              	.LASF112:
 9386 0869 44324343 		.ascii	"D2CCIP2R\000"
 9386      49503252 
 9386      00
 9387              	.LASF242:
 9388 0872 715F636F 		.ascii	"q_counter\000"
 9388      756E7465 
 9388      7200
 9389              	.LASF17:
 9390 087c 75696E74 		.ascii	"uint8_t\000"
 9390      385F7400 
 9391              	.LASF176:
 9392 0884 52544F52 		.ascii	"RTOR\000"
 9392      00
 9393              	.LASF250:
 9394 0889 696E7075 		.ascii	"input_queue_t\000"
 9394      745F7175 
 9394      6575655F 
 9394      7400
 9395              	.LASF105:
 9396 0897 504C4C32 		.ascii	"PLL2DIVR\000"
 9396      44495652 
ARM GAS  C:\Users\DEVELO~1\AppData\Local\Temp\ccalPHYl.s 			page 173


 9396      00
 9397              	.LASF48:
 9398 08a0 63685F74 		.ascii	"ch_thread\000"
 9398      68726561 
 9398      6400
 9399              	.LASF267:
 9400 08aa 77726974 		.ascii	"writet\000"
 9400      657400
 9401              	.LASF261:
 9402 08b1 75736172 		.ascii	"usart\000"
 9402      7400
 9403              	.LASF34:
 9404 08b7 72717565 		.ascii	"rqueue\000"
 9404      756500
 9405              	.LASF231:
 9406 08be 424C4B5F 		.ascii	"BLK_READY\000"
 9406      52454144 
 9406      5900
 9407              	.LASF64:
 9408 08c8 73797374 		.ascii	"system_debug_t\000"
 9408      656D5F64 
 9408      65627567 
 9408      5F7400
 9409              	.LASF278:
 9410 08d7 53444344 		.ascii	"SDCDriver\000"
 9410      72697665 
 9410      7200
 9411              	.LASF319:
 9412 08e1 7364635F 		.ascii	"sdc_lld_send_cmd_long_crc\000"
 9412      6C6C645F 
 9412      73656E64 
 9412      5F636D64 
 9412      5F6C6F6E 
 9413              	.LASF307:
 9414 08fb 7364635F 		.ascii	"sdc_lld_sync\000"
 9414      6C6C645F 
 9414      73796E63 
 9414      00
 9415              	.LASF190:
 9416 0908 63685F74 		.ascii	"ch_threads_queue\000"
 9416      68726561 
 9416      64735F71 
 9416      75657565 
 9416      00
 9417              	.LASF235:
 9418 0919 626C6B73 		.ascii	"blkstate_t\000"
 9418      74617465 
 9418      5F7400
 9419              	.LASF223:
 9420 0924 77726974 		.ascii	"write\000"
 9420      6500
 9421              	.LASF243:
 9422 092a 715F6275 		.ascii	"q_buffer\000"
 9422      66666572 
 9422      00
 9423              	.LASF28:
 9424 0933 6D73675F 		.ascii	"msg_t\000"
ARM GAS  C:\Users\DEVELO~1\AppData\Local\Temp\ccalPHYl.s 			page 174


 9424      7400
 9425              	.LASF268:
 9426 0939 72656164 		.ascii	"readt\000"
 9426      7400
 9427              	.LASF188:
 9428 093f 72656769 		.ascii	"registry_t\000"
 9428      73747279 
 9428      5F7400
 9429              	.LASF222:
 9430 094a 696E7374 		.ascii	"instance_offset\000"
 9430      616E6365 
 9430      5F6F6666 
 9430      73657400 
 9431              	.LASF227:
 9432 095a 424C4B5F 		.ascii	"BLK_STOP\000"
 9432      53544F50 
 9432      00
 9433              	.LASF251:
 9434 0963 6F757470 		.ascii	"output_queue_t\000"
 9434      75745F71 
 9434      75657565 
 9434      5F7400
 9435              	.LASF89:
 9436 0972 73697A65 		.ascii	"size\000"
 9436      00
 9437              	.LASF331:
 9438 0977 7364635F 		.ascii	"sdc_lld_error_cleanup\000"
 9438      6C6C645F 
 9438      6572726F 
 9438      725F636C 
 9438      65616E75 
 9439              	.LASF125:
 9440 098d 41504233 		.ascii	"APB3RSTR\000"
 9440      52535452 
 9440      00
 9441              	.LASF60:
 9442 0996 6D61736B 		.ascii	"mask\000"
 9442      00
 9443              	.LASF172:
 9444 099b 4649464F 		.ascii	"FIFO\000"
 9444      00
 9445              	.LASF342:
 9446 09a0 6F73616C 		.ascii	"osalThreadSleep\000"
 9446      54687265 
 9446      6164536C 
 9446      65657000 
 9447              	.LASF191:
 9448 09b0 74687265 		.ascii	"threads_queue_t\000"
 9448      6164735F 
 9448      71756575 
 9448      655F7400 
 9449              	.LASF284:
 9450 09c0 636C6B66 		.ascii	"clkfreq\000"
 9450      72657100 
 9451              	.LASF13:
 9452 09c8 6C6F6E67 		.ascii	"long unsigned int\000"
 9452      20756E73 
ARM GAS  C:\Users\DEVELO~1\AppData\Local\Temp\ccalPHYl.s 			page 175


 9452      69676E65 
 9452      6420696E 
 9452      7400
 9453              	.LASF329:
 9454 09da 7364635F 		.ascii	"sdc_lld_stop\000"
 9454      6C6C645F 
 9454      73746F70 
 9454      00
 9455              	.LASF218:
 9456 09e7 6576656E 		.ascii	"event_source\000"
 9456      745F736F 
 9456      75726365 
 9456      00
 9457              	.LASF66:
 9458 09f4 73797369 		.ascii	"sysinterval_t\000"
 9458      6E746572 
 9458      76616C5F 
 9458      7400
 9459              	.LASF140:
 9460 0a02 41504232 		.ascii	"APB2ENR\000"
 9460      454E5200 
 9461              	.LASF30:
 9462 0a0a 6576656E 		.ascii	"eventflags_t\000"
 9462      74666C61 
 9462      67735F74 
 9462      00
 9463              	.LASF310:
 9464 0a17 626C6F63 		.ascii	"blocks\000"
 9464      6B7300
 9465              	.LASF63:
 9466 0a1e 70616E69 		.ascii	"panic_msg\000"
 9466      635F6D73 
 9466      6700
 9467              	.LASF131:
 9468 0a28 4433414D 		.ascii	"D3AMR\000"
 9468      5200
 9469              	.LASF91:
 9470 0a2e 74726163 		.ascii	"trace_buffer_t\000"
 9470      655F6275 
 9470      66666572 
 9470      5F7400
 9471              	.LASF126:
 9472 0a3d 41504231 		.ascii	"APB1LRSTR\000"
 9472      4C525354 
 9472      5200
 9473              	.LASF24:
 9474 0a47 746D6F64 		.ascii	"tmode_t\000"
 9474      655F7400 
 9475              	.LASF144:
 9476 0a4f 41484231 		.ascii	"AHB1LPENR\000"
 9476      4C50454E 
 9476      5200
 9477              	.LASF270:
 9478 0a59 5344435F 		.ascii	"SDC_MODE_4BIT\000"
 9478      4D4F4445 
 9478      5F344249 
 9478      5400
ARM GAS  C:\Users\DEVELO~1\AppData\Local\Temp\ccalPHYl.s 			page 176


 9479              	.LASF337:
 9480 0a67 7364635F 		.ascii	"sdc_lld_clkdiv\000"
 9480      6C6C645F 
 9480      636C6B64 
 9480      697600
 9481              	.LASF9:
 9482 0a76 73686F72 		.ascii	"short unsigned int\000"
 9482      7420756E 
 9482      7369676E 
 9482      65642069 
 9482      6E7400
 9483              	.LASF2:
 9484 0a89 6C6F6E67 		.ascii	"long double\000"
 9484      20646F75 
 9484      626C6500 
 9485              	.LASF260:
 9486 0a95 6F717565 		.ascii	"oqueue\000"
 9486      756500
 9487              	.LASF18:
 9488 0a9c 75696E74 		.ascii	"uint16_t\000"
 9488      31365F74 
 9488      00
 9489              	.LASF68:
 9490 0aa5 63685F6C 		.ascii	"ch_list_t\000"
 9490      6973745F 
 9490      7400
 9491              	.LASF123:
 9492 0aaf 41484232 		.ascii	"AHB2RSTR\000"
 9492      52535452 
 9492      00
 9493              	.LASF321:
 9494 0ab8 7364635F 		.ascii	"sdc_lld_send_cmd_short\000"
 9494      6C6C645F 
 9494      73656E64 
 9494      5F636D64 
 9494      5F73686F 
 9495              	.LASF254:
 9496 0acf 53445F52 		.ascii	"SD_READY\000"
 9496      45414459 
 9496      00
 9497              	.LASF117:
 9498 0ad8 43494352 		.ascii	"CICR\000"
 9498      00
 9499              	.LASF92:
 9500 0add 48534943 		.ascii	"HSICFGR\000"
 9500      46475200 
 9501              	.LASF55:
 9502 0ae5 636F6E66 		.ascii	"config\000"
 9502      696700
 9503              	.LASF212:
 9504 0aec 6D757465 		.ascii	"mutex_t\000"
 9504      785F7400 
 9505              	.LASF167:
 9506 0af4 52455345 		.ascii	"RESERVED0\000"
 9506      52564544 
 9506      3000
 9507              	.LASF96:
ARM GAS  C:\Users\DEVELO~1\AppData\Local\Temp\ccalPHYl.s 			page 177


 9508 0afe 52455345 		.ascii	"RESERVED1\000"
 9508      52564544 
 9508      3100
 9509              	.LASF100:
 9510 0b08 52455345 		.ascii	"RESERVED2\000"
 9510      52564544 
 9510      3200
 9511              	.LASF263:
 9512 0b12 72786D61 		.ascii	"rxmask\000"
 9512      736B00
 9513              	.LASF114:
 9514 0b19 52455345 		.ascii	"RESERVED4\000"
 9514      52564544 
 9514      3400
 9515              	.LASF248:
 9516 0b23 715F6C69 		.ascii	"q_link\000"
 9516      6E6B00
 9517              	.LASF7:
 9518 0b2a 73686F72 		.ascii	"short int\000"
 9518      7420696E 
 9518      7400
 9519              	.LASF130:
 9520 0b34 52455345 		.ascii	"RESERVED8\000"
 9520      52564544 
 9520      3800
 9521              	.LASF292:
 9522 0b3e 636F6E6E 		.ascii	"connect\000"
 9522      65637400 
 9523              	.LASF305:
 9524 0b46 5F736463 		.ascii	"_sdc_wait_for_transfer_state\000"
 9524      5F776169 
 9524      745F666F 
 9524      725F7472 
 9524      616E7366 
 9525              	.LASF339:
 9526 0b63 72636345 		.ascii	"rccEnableAHB3\000"
 9526      6E61626C 
 9526      65414842 
 9526      3300
 9527              	.LASF179:
 9528 0b71 706F7274 		.ascii	"port_intctx\000"
 9528      5F696E74 
 9528      63747800 
 9529              	.LASF161:
 9530 0b7d 4454494D 		.ascii	"DTIMER\000"
 9530      455200
 9531              	.LASF338:
 9532 0b84 72636344 		.ascii	"rccDisableAHB3\000"
 9532      69736162 
 9532      6C654148 
 9532      423300
 9533              	.LASF343:
 9534 0b93 64656C61 		.ascii	"delay\000"
 9534      7900
 9535              	.LASF166:
 9536 0b99 41434B54 		.ascii	"ACKTIME\000"
 9536      494D4500 
ARM GAS  C:\Users\DEVELO~1\AppData\Local\Temp\ccalPHYl.s 			page 178


 9537              	.LASF336:
 9538 0ba1 7364635F 		.ascii	"sdc_lld_prepare_read_bytes\000"
 9538      6C6C645F 
 9538      70726570 
 9538      6172655F 
 9538      72656164 
 9539              	.LASF124:
 9540 0bbc 41484234 		.ascii	"AHB4RSTR\000"
 9540      52535452 
 9540      00
 9541              	.LASF362:
 9542 0bc5 5F5F7365 		.ascii	"__set_BASEPRI\000"
 9542      745F4241 
 9542      53455052 
 9542      4900
 9543              	.LASF206:
 9544 0bd3 63685F6F 		.ascii	"ch_os_instance_config\000"
 9544      735F696E 
 9544      7374616E 
 9544      63655F63 
 9544      6F6E6669 
 9545              	.LASF182:
 9546 0be9 646C6973 		.ascii	"dlist\000"
 9546      7400
 9547              	.LASF183:
 9548 0bef 6C617374 		.ascii	"lasttime\000"
 9548      74696D65 
 9548      00
 9549              	.LASF21:
 9550 0bf8 75696E74 		.ascii	"uint64_t\000"
 9550      36345F74 
 9550      00
 9551              	.LASF110:
 9552 0c01 44314343 		.ascii	"D1CCIPR\000"
 9552      49505200 
 9553              	.LASF232:
 9554 0c09 424C4B5F 		.ascii	"BLK_READING\000"
 9554      52454144 
 9554      494E4700 
 9555              	.LASF95:
 9556 0c15 43464752 		.ascii	"CFGR\000"
 9556      00
 9557              	.LASF162:
 9558 0c1a 444C454E 		.ascii	"DLEN\000"
 9558      00
 9559              	.LASF50:
 9560 0c1f 726C6973 		.ascii	"rlist\000"
 9560      7400
 9561              	.LASF314:
 9562 0c25 7364635F 		.ascii	"sdc_lld_read_aligned\000"
 9562      6C6C645F 
 9562      72656164 
 9562      5F616C69 
 9562      676E6564 
 9563              	.LASF344:
 9564 0c3a 6F73616C 		.ascii	"osalSysUnlockFromISR\000"
 9564      53797355 
ARM GAS  C:\Users\DEVELO~1\AppData\Local\Temp\ccalPHYl.s 			page 179


 9564      6E6C6F63 
 9564      6B46726F 
 9564      6D495352 
 9565              	.LASF141:
 9566 0c4f 41504234 		.ascii	"APB4ENR\000"
 9566      454E5200 
 9567              	.LASF5:
 9568 0c57 5F5F7569 		.ascii	"__uint8_t\000"
 9568      6E74385F 
 9568      7400
 9569              	.LASF216:
 9570 0c61 6576656E 		.ascii	"events\000"
 9570      747300
 9571              	.LASF22:
 9572 0c68 706F7274 		.ascii	"port_stkalign_t\000"
 9572      5F73746B 
 9572      616C6967 
 9572      6E5F7400 
 9573              	.LASF224:
 9574 0c78 72656164 		.ascii	"read\000"
 9574      00
 9575              	.LASF102:
 9576 0c7d 504C4C43 		.ascii	"PLLCFGR\000"
 9576      46475200 
 9577              	.LASF252:
 9578 0c85 53445F55 		.ascii	"SD_UNINIT\000"
 9578      4E494E49 
 9578      5400
 9579              	.LASF101:
 9580 0c8f 504C4C43 		.ascii	"PLLCKSELR\000"
 9580      4B53454C 
 9580      5200
 9581              	.LASF217:
 9582 0c99 77666C61 		.ascii	"wflags\000"
 9582      677300
 9583              	.LASF308:
 9584 0ca0 7364635F 		.ascii	"sdc_lld_write\000"
 9584      6C6C645F 
 9584      77726974 
 9584      6500
 9585              	.LASF139:
 9586 0cae 41504231 		.ascii	"APB1HENR\000"
 9586      48454E52 
 9586      00
 9587              	.LASF154:
 9588 0cb7 504F5745 		.ascii	"POWER\000"
 9588      5200
 9589              	.LASF163:
 9590 0cbd 44435452 		.ascii	"DCTRL\000"
 9590      4C00
 9591              	.LASF297:
 9592 0cc3 5F5F6E6F 		.ascii	"__nocache_sd1_buf\000"
 9592      63616368 
 9592      655F7364 
 9592      315F6275 
 9592      6600
 9593              	.LASF169:
ARM GAS  C:\Users\DEVELO~1\AppData\Local\Temp\ccalPHYl.s 			page 180


 9594 0cd5 49444D41 		.ascii	"IDMABSIZE\000"
 9594      4253495A 
 9594      4500
 9595              	.LASF244:
 9596 0cdf 715F746F 		.ascii	"q_top\000"
 9596      7000
 9597              	.LASF143:
 9598 0ce5 41484233 		.ascii	"AHB3LPENR\000"
 9598      4C50454E 
 9598      5200
 9599              	.LASF104:
 9600 0cef 504C4C31 		.ascii	"PLL1FRACR\000"
 9600      46524143 
 9600      5200
 9601              	.LASF26:
 9602 0cf9 74726566 		.ascii	"trefs_t\000"
 9602      735F7400 
 9603              	.LASF97:
 9604 0d01 44314346 		.ascii	"D1CFGR\000"
 9604      475200
 9605              	.LASF213:
 9606 0d08 6576656E 		.ascii	"event_listener_t\000"
 9606      745F6C69 
 9606      7374656E 
 9606      65725F74 
 9606      00
 9607              	.LASF286:
 9608 0d19 6275735F 		.ascii	"bus_width\000"
 9608      77696474 
 9608      6800
 9609              	.LASF205:
 9610 0d23 72656164 		.ascii	"ready_list_t\000"
 9610      795F6C69 
 9610      73745F74 
 9610      00
 9611              	.LASF85:
 9612 0d30 72747374 		.ascii	"rtstamp\000"
 9612      616D7000 
 9613              	.LASF187:
 9614 0d38 71756575 		.ascii	"queue\000"
 9614      6500
 9615              	.LASF347:
 9616 0d3e 6F73616C 		.ascii	"osalSysLock\000"
 9616      5379734C 
 9616      6F636B00 
 9617              	.LASF294:
 9618 0d4a 73796E63 		.ascii	"sync\000"
 9618      00
 9619              	.LASF19:
 9620 0d4f 696E7433 		.ascii	"int32_t\000"
 9620      325F7400 
 9621              	.LASF61:
 9622 0d57 72666375 		.ascii	"rfcu_t\000"
 9622      5F7400
 9623              	.LASF282:
 9624 0d5e 74687265 		.ascii	"thread\000"
 9624      616400
ARM GAS  C:\Users\DEVELO~1\AppData\Local\Temp\ccalPHYl.s 			page 181


 9625              	.LASF198:
 9626 0d65 77747365 		.ascii	"wtsemp\000"
 9626      6D7000
 9627              	.LASF75:
 9628 0d6c 63685F70 		.ascii	"ch_priority_queue\000"
 9628      72696F72 
 9628      6974795F 
 9628      71756575 
 9628      6500
 9629              	.LASF103:
 9630 0d7e 504C4C31 		.ascii	"PLL1DIVR\000"
 9630      44495652 
 9630      00
 9631              	.LASF72:
 9632 0d87 63685F71 		.ascii	"ch_queue\000"
 9632      75657565 
 9632      00
 9633              	.LASF272:
 9634 0d90 73646362 		.ascii	"sdcbusmode_t\000"
 9634      75736D6F 
 9634      64655F74 
 9634      00
 9635              	.LASF84:
 9636 0d9d 74797065 		.ascii	"type\000"
 9636      00
 9637              	.LASF352:
 9638 0da2 706F7274 		.ascii	"port_unlock_from_isr\000"
 9638      5F756E6C 
 9638      6F636B5F 
 9638      66726F6D 
 9638      5F697372 
 9639              	.LASF6:
 9640 0db7 756E7369 		.ascii	"unsigned char\000"
 9640      676E6564 
 9640      20636861 
 9640      7200
 9641              	.LASF94:
 9642 0dc5 43534943 		.ascii	"CSICFGR\000"
 9642      46475200 
 9643              	.LASF12:
 9644 0dcd 5F5F7569 		.ascii	"__uint32_t\000"
 9644      6E743332 
 9644      5F7400
 9645              	.LASF41:
 9646 0dd8 77616974 		.ascii	"waiting\000"
 9646      696E6700 
 9647              	.LASF185:
 9648 0de0 76697274 		.ascii	"virtual_timers_list_t\000"
 9648      75616C5F 
 9648      74696D65 
 9648      72735F6C 
 9648      6973745F 
 9649              	.LASF309:
 9650 0df6 73746172 		.ascii	"startblk\000"
 9650      74626C6B 
 9650      00
 9651              	.LASF164:
ARM GAS  C:\Users\DEVELO~1\AppData\Local\Temp\ccalPHYl.s 			page 182


 9652 0dff 44434F55 		.ascii	"DCOUNT\000"
 9652      4E5400
 9653              	.LASF116:
 9654 0e06 43494652 		.ascii	"CIFR\000"
 9654      00
 9655              	.LASF300:
 9656 0e0b 63685468 		.ascii	"chThdSleep\000"
 9656      64536C65 
 9656      657000
 9657              	.LASF132:
 9658 0e16 52455345 		.ascii	"RESERVED11\000"
 9658      52564544 
 9658      313100
 9659              	.LASF142:
 9660 0e21 52455345 		.ascii	"RESERVED12\000"
 9660      52564544 
 9660      313200
 9661              	.LASF152:
 9662 0e2c 52455345 		.ascii	"RESERVED13\000"
 9662      52564544 
 9662      313300
 9663              	.LASF332:
 9664 0e37 7364635F 		.ascii	"sdc_lld_collect_errors\000"
 9664      6C6C645F 
 9664      636F6C6C 
 9664      6563745F 
 9664      6572726F 
 9665              	.LASF56:
 9666 0e4e 6D61696E 		.ascii	"mainthread\000"
 9666      74687265 
 9666      616400
 9667              	.LASF38:
 9668 0e59 73746174 		.ascii	"state\000"
 9668      6500
 9669              	.LASF156:
 9670 0e5f 52455350 		.ascii	"RESPCMD\000"
 9670      434D4400 
 9671              	.LASF47:
 9672 0e67 6F735F69 		.ascii	"os_instance_t\000"
 9672      6E737461 
 9672      6E63655F 
 9672      7400
 9673              	.LASF269:
 9674 0e75 5344435F 		.ascii	"SDC_MODE_1BIT\000"
 9674      4D4F4445 
 9674      5F314249 
 9674      5400
 9675              	.LASF333:
 9676 0e83 7364635F 		.ascii	"sdc_lld_wait_transaction_end\000"
 9676      6C6C645F 
 9676      77616974 
 9676      5F747261 
 9676      6E736163 
 9677              	.LASF52:
 9678 0ea0 7265676C 		.ascii	"reglist\000"
 9678      69737400 
 9679              	.LASF113:
ARM GAS  C:\Users\DEVELO~1\AppData\Local\Temp\ccalPHYl.s 			page 183


 9680 0ea8 44334343 		.ascii	"D3CCIPR\000"
 9680      49505200 
 9681              	.LASF320:
 9682 0eb0 7364635F 		.ascii	"sdc_lld_send_cmd_short_crc\000"
 9682      6C6C645F 
 9682      73656E64 
 9682      5F636D64 
 9682      5F73686F 
 9683              	.LASF209:
 9684 0ecb 69646C65 		.ascii	"idlethread_base\000"
 9684      74687265 
 9684      61645F62 
 9684      61736500 
 9685              	.LASF3:
 9686 0edb 7369676E 		.ascii	"signed char\000"
 9686      65642063 
 9686      68617200 
 9687              	.LASF119:
 9688 0ee7 42444352 		.ascii	"BDCR\000"
 9688      00
 9689              	.LASF79:
 9690 0eec 64656C74 		.ascii	"delta\000"
 9690      6100
 9691              	.LASF240:
 9692 0ef2 696F5F71 		.ascii	"io_queue\000"
 9692      75657565 
 9692      00
 9693              	.LASF93:
 9694 0efb 43525243 		.ascii	"CRRCR\000"
 9694      5200
 9695              	.LASF264:
 9696 0f01 53657269 		.ascii	"SerialDriverVMT\000"
 9696      616C4472 
 9696      69766572 
 9696      564D5400 
 9697              	.LASF23:
 9698 0f11 73746B61 		.ascii	"stkalign_t\000"
 9698      6C69676E 
 9698      5F7400
 9699              	.LASF271:
 9700 0f1c 5344435F 		.ascii	"SDC_MODE_8BIT\000"
 9700      4D4F4445 
 9700      5F384249 
 9700      5400
 9701              	.LASF303:
 9702 0f2a 6D656D63 		.ascii	"memcpy\000"
 9702      707900
 9703              	.LASF273:
 9704 0f31 5344435F 		.ascii	"SDC_CLK_25MHz\000"
 9704      434C4B5F 
 9704      32354D48 
 9704      7A00
 9705              	.LASF174:
 9706 0f3f 53444D4D 		.ascii	"SDMMC_TypeDef\000"
 9706      435F5479 
 9706      70654465 
 9706      6600
ARM GAS  C:\Users\DEVELO~1\AppData\Local\Temp\ccalPHYl.s 			page 184


 9707              	.LASF204:
 9708 0f4d 63757272 		.ascii	"current\000"
 9708      656E7400 
 9709              	.LASF315:
 9710 0f55 5F5F6675 		.ascii	"__func__\000"
 9710      6E635F5F 
 9710      00
 9711              	.LASF326:
 9712 0f5e 7364635F 		.ascii	"sdc_lld_stop_clk\000"
 9712      6C6C645F 
 9712      73746F70 
 9712      5F636C6B 
 9712      00
 9713              	.LASF283:
 9714 0f6f 73646D6D 		.ascii	"sdmmc\000"
 9714      6300
 9715              	.LASF340:
 9716 0f75 6F73616C 		.ascii	"osalThreadResumeI\000"
 9716      54687265 
 9716      61645265 
 9716      73756D65 
 9716      4900
 9717              	.LASF354:
 9718 0f87 706F7274 		.ascii	"port_unlock\000"
 9718      5F756E6C 
 9718      6F636B00 
 9719              	.LASF291:
 9720 0f93 69735F70 		.ascii	"is_protected\000"
 9720      726F7465 
 9720      63746564 
 9720      00
 9721              	.LASF285:
 9722 0fa0 72657370 		.ascii	"resp\000"
 9722      00
 9723              	.LASF67:
 9724 0fa5 74696D65 		.ascii	"time_conv_t\000"
 9724      5F636F6E 
 9724      765F7400 
 9725              	.LASF109:
 9726 0fb1 52455345 		.ascii	"RESERVED3\000"
 9726      52564544 
 9726      3300
 9727              	.LASF136:
 9728 0fbb 41484234 		.ascii	"AHB4ENR\000"
 9728      454E5200 
 9729              	.LASF118:
 9730 0fc3 52455345 		.ascii	"RESERVED5\000"
 9730      52564544 
 9730      3500
 9731              	.LASF170:
 9732 0fcd 49444D41 		.ascii	"IDMABASE0\000"
 9732      42415345 
 9732      3000
 9733              	.LASF171:
 9734 0fd7 49444D41 		.ascii	"IDMABASE1\000"
 9734      42415345 
 9734      3100
ARM GAS  C:\Users\DEVELO~1\AppData\Local\Temp\ccalPHYl.s 			page 185


 9735              	.LASF149:
 9736 0fe1 41504231 		.ascii	"APB1HLPENR\000"
 9736      484C5045 
 9736      4E5200
 9737              	.LASF196:
 9738 0fec 77747472 		.ascii	"wttrp\000"
 9738      7000
 9739              	.LASF199:
 9740 0ff2 77746D74 		.ascii	"wtmtxp\000"
 9740      787000
 9741              	.LASF214:
 9742 0ff9 6576656E 		.ascii	"event_listener\000"
 9742      745F6C69 
 9742      7374656E 
 9742      657200
 9743              	.LASF195:
 9744 1008 65786974 		.ascii	"exitcode\000"
 9744      636F6465 
 9744      00
 9745              	.LASF304:
 9746 1011 63685468 		.ascii	"chThdSuspendTimeoutS\000"
 9746      64537573 
 9746      70656E64 
 9746      54696D65 
 9746      6F757453 
 9747              	.LASF138:
 9748 1026 41504231 		.ascii	"APB1LENR\000"
 9748      4C454E52 
 9748      00
 9749              	.LASF122:
 9750 102f 41484231 		.ascii	"AHB1RSTR\000"
 9750      52535452 
 9750      00
 9751              	.LASF32:
 9752 1038 636F7265 		.ascii	"core_id_t\000"
 9752      5F69645F 
 9752      7400
 9753              	.LASF46:
 9754 1042 6D706F6F 		.ascii	"mpool\000"
 9754      6C00
 9755              	.LASF111:
 9756 1048 44324343 		.ascii	"D2CCIP1R\000"
 9756      49503152 
 9756      00
 9757              	.LASF274:
 9758 1051 5344435F 		.ascii	"SDC_CLK_50MHz\000"
 9758      434C4B5F 
 9758      35304D48 
 9758      7A00
 9759              	.LASF289:
 9760 105f 53444344 		.ascii	"SDCDriverVMT\000"
 9760      72697665 
 9760      72564D54 
 9760      00
 9761              		.ident	"GCC: (Arm GNU Toolchain 11.3.Rel1) 11.3.1 20220712"
ARM GAS  C:\Users\DEVELO~1\AppData\Local\Temp\ccalPHYl.s 			page 186


DEFINED SYMBOLS
                            *ABS*:00000000 hal_sdc_lld.c
C:\Users\DEVELO~1\AppData\Local\Temp\ccalPHYl.s:18     .text.chSysLock:00000000 $t
C:\Users\DEVELO~1\AppData\Local\Temp\ccalPHYl.s:23     .text.chSysLock:00000000 chSysLock
C:\Users\DEVELO~1\AppData\Local\Temp\ccalPHYl.s:77     .text.chSysUnlock:00000000 $t
C:\Users\DEVELO~1\AppData\Local\Temp\ccalPHYl.s:82     .text.chSysUnlock:00000000 chSysUnlock
C:\Users\DEVELO~1\AppData\Local\Temp\ccalPHYl.s:133    .text.chSysLockFromISR:00000000 $t
C:\Users\DEVELO~1\AppData\Local\Temp\ccalPHYl.s:138    .text.chSysLockFromISR:00000000 chSysLockFromISR
C:\Users\DEVELO~1\AppData\Local\Temp\ccalPHYl.s:195    .text.chSysUnlockFromISR:00000000 $t
C:\Users\DEVELO~1\AppData\Local\Temp\ccalPHYl.s:200    .text.chSysUnlockFromISR:00000000 chSysUnlockFromISR
C:\Users\DEVELO~1\AppData\Local\Temp\ccalPHYl.s:257    .text.osalSysLock:00000000 $t
C:\Users\DEVELO~1\AppData\Local\Temp\ccalPHYl.s:262    .text.osalSysLock:00000000 osalSysLock
C:\Users\DEVELO~1\AppData\Local\Temp\ccalPHYl.s:284    .text.osalSysUnlock:00000000 $t
C:\Users\DEVELO~1\AppData\Local\Temp\ccalPHYl.s:289    .text.osalSysUnlock:00000000 osalSysUnlock
C:\Users\DEVELO~1\AppData\Local\Temp\ccalPHYl.s:310    .text.osalSysLockFromISR:00000000 $t
C:\Users\DEVELO~1\AppData\Local\Temp\ccalPHYl.s:315    .text.osalSysLockFromISR:00000000 osalSysLockFromISR
C:\Users\DEVELO~1\AppData\Local\Temp\ccalPHYl.s:336    .text.osalSysUnlockFromISR:00000000 $t
C:\Users\DEVELO~1\AppData\Local\Temp\ccalPHYl.s:341    .text.osalSysUnlockFromISR:00000000 osalSysUnlockFromISR
C:\Users\DEVELO~1\AppData\Local\Temp\ccalPHYl.s:362    .text.osalThreadSleep:00000000 $t
C:\Users\DEVELO~1\AppData\Local\Temp\ccalPHYl.s:367    .text.osalThreadSleep:00000000 osalThreadSleep
C:\Users\DEVELO~1\AppData\Local\Temp\ccalPHYl.s:397    .text.osalThreadSuspendS:00000000 $t
C:\Users\DEVELO~1\AppData\Local\Temp\ccalPHYl.s:402    .text.osalThreadSuspendS:00000000 osalThreadSuspendS
C:\Users\DEVELO~1\AppData\Local\Temp\ccalPHYl.s:434    .text.osalThreadResumeI:00000000 $t
C:\Users\DEVELO~1\AppData\Local\Temp\ccalPHYl.s:439    .text.osalThreadResumeI:00000000 osalThreadResumeI
C:\Users\DEVELO~1\AppData\Local\Temp\ccalPHYl.s:471    .text.rccEnableAHB3:00000000 $t
C:\Users\DEVELO~1\AppData\Local\Temp\ccalPHYl.s:476    .text.rccEnableAHB3:00000000 rccEnableAHB3
C:\Users\DEVELO~1\AppData\Local\Temp\ccalPHYl.s:543    .text.rccEnableAHB3:00000058 $d
C:\Users\DEVELO~1\AppData\Local\Temp\ccalPHYl.s:548    .text.rccDisableAHB3:00000000 $t
C:\Users\DEVELO~1\AppData\Local\Temp\ccalPHYl.s:553    .text.rccDisableAHB3:00000000 rccDisableAHB3
C:\Users\DEVELO~1\AppData\Local\Temp\ccalPHYl.s:606    .text.rccDisableAHB3:0000003c $d
C:\Users\DEVELO~1\AppData\Local\Temp\ccalPHYl.s:615    .bss.SDCD1:00000000 SDCD1
C:\Users\DEVELO~1\AppData\Local\Temp\ccalPHYl.s:612    .bss.SDCD1:00000000 $d
C:\Users\DEVELO~1\AppData\Local\Temp\ccalPHYl.s:618    .rodata.sdc_default_cfg:00000000 $d
C:\Users\DEVELO~1\AppData\Local\Temp\ccalPHYl.s:621    .rodata.sdc_default_cfg:00000000 sdc_default_cfg
C:\Users\DEVELO~1\AppData\Local\Temp\ccalPHYl.s:626    .nocache:00000000 $d
C:\Users\DEVELO~1\AppData\Local\Temp\ccalPHYl.s:629    .nocache:00000000 __nocache_sd1_buf
C:\Users\DEVELO~1\AppData\Local\Temp\ccalPHYl.s:634    .nocache:00000200 __nocache_sd1_wbuf
C:\Users\DEVELO~1\AppData\Local\Temp\ccalPHYl.s:637    .text.sdc_lld_clkdiv:00000000 $t
C:\Users\DEVELO~1\AppData\Local\Temp\ccalPHYl.s:642    .text.sdc_lld_clkdiv:00000000 sdc_lld_clkdiv
C:\Users\DEVELO~1\AppData\Local\Temp\ccalPHYl.s:711    .text.sdc_lld_prepare_read_bytes:00000000 $t
C:\Users\DEVELO~1\AppData\Local\Temp\ccalPHYl.s:716    .text.sdc_lld_prepare_read_bytes:00000000 sdc_lld_prepare_read_bytes
C:\Users\DEVELO~1\AppData\Local\Temp\ccalPHYl.s:833    .text.sdc_lld_prepare_read_bytes:00000094 $d
C:\Users\DEVELO~1\AppData\Local\Temp\ccalPHYl.s:838    .text.sdc_lld_prepare_read:00000000 $t
C:\Users\DEVELO~1\AppData\Local\Temp\ccalPHYl.s:843    .text.sdc_lld_prepare_read:00000000 sdc_lld_prepare_read
C:\Users\DEVELO~1\AppData\Local\Temp\ccalPHYl.s:2070   .text.sdc_lld_send_cmd_short_crc:00000000 sdc_lld_send_cmd_short_crc
C:\Users\DEVELO~1\AppData\Local\Temp\ccalPHYl.s:938    .text.sdc_lld_prepare_read:00000074 $d
C:\Users\DEVELO~1\AppData\Local\Temp\ccalPHYl.s:943    .text.sdc_lld_prepare_write:00000000 $t
C:\Users\DEVELO~1\AppData\Local\Temp\ccalPHYl.s:948    .text.sdc_lld_prepare_write:00000000 sdc_lld_prepare_write
C:\Users\DEVELO~1\AppData\Local\Temp\ccalPHYl.s:1043   .text.sdc_lld_prepare_write:00000074 $d
C:\Users\DEVELO~1\AppData\Local\Temp\ccalPHYl.s:1048   .text.sdc_lld_wait_transaction_end:00000000 $t
C:\Users\DEVELO~1\AppData\Local\Temp\ccalPHYl.s:1053   .text.sdc_lld_wait_transaction_end:00000000 sdc_lld_wait_transaction_end
C:\Users\DEVELO~1\AppData\Local\Temp\ccalPHYl.s:1156   .text.sdc_lld_collect_errors:00000000 $t
C:\Users\DEVELO~1\AppData\Local\Temp\ccalPHYl.s:1161   .text.sdc_lld_collect_errors:00000000 sdc_lld_collect_errors
C:\Users\DEVELO~1\AppData\Local\Temp\ccalPHYl.s:1268   .text.sdc_lld_error_cleanup:00000000 $t
C:\Users\DEVELO~1\AppData\Local\Temp\ccalPHYl.s:1273   .text.sdc_lld_error_cleanup:00000000 sdc_lld_error_cleanup
C:\Users\DEVELO~1\AppData\Local\Temp\ccalPHYl.s:1341   .text.sdc_lld_init:00000000 $t
C:\Users\DEVELO~1\AppData\Local\Temp\ccalPHYl.s:1347   .text.sdc_lld_init:00000000 sdc_lld_init
ARM GAS  C:\Users\DEVELO~1\AppData\Local\Temp\ccalPHYl.s 			page 187


C:\Users\DEVELO~1\AppData\Local\Temp\ccalPHYl.s:1388   .text.sdc_lld_init:0000002c $d
C:\Users\DEVELO~1\AppData\Local\Temp\ccalPHYl.s:1397   .rodata:00000000 $d
C:\Users\DEVELO~1\AppData\Local\Temp\ccalPHYl.s:1401   .text.sdc_lld_start:00000000 $t
C:\Users\DEVELO~1\AppData\Local\Temp\ccalPHYl.s:1407   .text.sdc_lld_start:00000000 sdc_lld_start
C:\Users\DEVELO~1\AppData\Local\Temp\ccalPHYl.s:1500   .text.sdc_lld_start:00000074 $d
C:\Users\DEVELO~1\AppData\Local\Temp\ccalPHYl.s:1508   .text.sdc_lld_stop:00000000 $t
C:\Users\DEVELO~1\AppData\Local\Temp\ccalPHYl.s:1514   .text.sdc_lld_stop:00000000 sdc_lld_stop
C:\Users\DEVELO~1\AppData\Local\Temp\ccalPHYl.s:1591   .text.sdc_lld_stop:0000005c $d
C:\Users\DEVELO~1\AppData\Local\Temp\ccalPHYl.s:1596   .text.sdc_lld_start_clk:00000000 $t
C:\Users\DEVELO~1\AppData\Local\Temp\ccalPHYl.s:1602   .text.sdc_lld_start_clk:00000000 sdc_lld_start_clk
C:\Users\DEVELO~1\AppData\Local\Temp\ccalPHYl.s:1653   .text.sdc_lld_start_clk:00000038 $d
C:\Users\DEVELO~1\AppData\Local\Temp\ccalPHYl.s:1658   .text.sdc_lld_set_data_clk:00000000 $t
C:\Users\DEVELO~1\AppData\Local\Temp\ccalPHYl.s:1664   .text.sdc_lld_set_data_clk:00000000 sdc_lld_set_data_clk
C:\Users\DEVELO~1\AppData\Local\Temp\ccalPHYl.s:1745   .text.sdc_lld_set_data_clk:00000060 $d
C:\Users\DEVELO~1\AppData\Local\Temp\ccalPHYl.s:1752   .text.sdc_lld_stop_clk:00000000 $t
C:\Users\DEVELO~1\AppData\Local\Temp\ccalPHYl.s:1758   .text.sdc_lld_stop_clk:00000000 sdc_lld_stop_clk
C:\Users\DEVELO~1\AppData\Local\Temp\ccalPHYl.s:1800   .text.sdc_lld_set_bus_mode:00000000 $t
C:\Users\DEVELO~1\AppData\Local\Temp\ccalPHYl.s:1806   .text.sdc_lld_set_bus_mode:00000000 sdc_lld_set_bus_mode
C:\Users\DEVELO~1\AppData\Local\Temp\ccalPHYl.s:1891   .text.sdc_lld_send_cmd_none:00000000 $t
C:\Users\DEVELO~1\AppData\Local\Temp\ccalPHYl.s:1897   .text.sdc_lld_send_cmd_none:00000000 sdc_lld_send_cmd_none
C:\Users\DEVELO~1\AppData\Local\Temp\ccalPHYl.s:1964   .text.sdc_lld_send_cmd_short:00000000 $t
C:\Users\DEVELO~1\AppData\Local\Temp\ccalPHYl.s:1970   .text.sdc_lld_send_cmd_short:00000000 sdc_lld_send_cmd_short
C:\Users\DEVELO~1\AppData\Local\Temp\ccalPHYl.s:2064   .text.sdc_lld_send_cmd_short_crc:00000000 $t
C:\Users\DEVELO~1\AppData\Local\Temp\ccalPHYl.s:2164   .text.sdc_lld_send_cmd_long_crc:00000000 $t
C:\Users\DEVELO~1\AppData\Local\Temp\ccalPHYl.s:2170   .text.sdc_lld_send_cmd_long_crc:00000000 sdc_lld_send_cmd_long_crc
C:\Users\DEVELO~1\AppData\Local\Temp\ccalPHYl.s:2297   .text.sdc_lld_read_special:00000000 $t
C:\Users\DEVELO~1\AppData\Local\Temp\ccalPHYl.s:2303   .text.sdc_lld_read_special:00000000 sdc_lld_read_special
C:\Users\DEVELO~1\AppData\Local\Temp\ccalPHYl.s:2397   .text.sdc_lld_read_special:0000007c $d
C:\Users\DEVELO~1\AppData\Local\Temp\ccalPHYl.s:2402   .text.sdc_lld_read_aligned:00000000 $t
C:\Users\DEVELO~1\AppData\Local\Temp\ccalPHYl.s:2408   .text.sdc_lld_read_aligned:00000000 sdc_lld_read_aligned
C:\Users\DEVELO~1\AppData\Local\Temp\ccalPHYl.s:2568   .text.sdc_lld_read_aligned:000000d8 $d
C:\Users\DEVELO~1\AppData\Local\Temp\ccalPHYl.s:2573   .text.sdc_lld_write_aligned:00000000 $t
C:\Users\DEVELO~1\AppData\Local\Temp\ccalPHYl.s:2579   .text.sdc_lld_write_aligned:00000000 sdc_lld_write_aligned
C:\Users\DEVELO~1\AppData\Local\Temp\ccalPHYl.s:2739   .text.sdc_lld_write_aligned:000000d8 $d
C:\Users\DEVELO~1\AppData\Local\Temp\ccalPHYl.s:2744   .text.sdc_lld_read:00000000 $t
C:\Users\DEVELO~1\AppData\Local\Temp\ccalPHYl.s:2750   .text.sdc_lld_read:00000000 sdc_lld_read
C:\Users\DEVELO~1\AppData\Local\Temp\ccalPHYl.s:2848   .text.sdc_lld_write:00000000 $t
C:\Users\DEVELO~1\AppData\Local\Temp\ccalPHYl.s:2854   .text.sdc_lld_write:00000000 sdc_lld_write
C:\Users\DEVELO~1\AppData\Local\Temp\ccalPHYl.s:2953   .text.sdc_lld_sync:00000000 $t
C:\Users\DEVELO~1\AppData\Local\Temp\ccalPHYl.s:2959   .text.sdc_lld_sync:00000000 sdc_lld_sync
C:\Users\DEVELO~1\AppData\Local\Temp\ccalPHYl.s:2991   .text.sdc_lld_serve_interrupt:00000000 $t
C:\Users\DEVELO~1\AppData\Local\Temp\ccalPHYl.s:2997   .text.sdc_lld_serve_interrupt:00000000 sdc_lld_serve_interrupt

UNDEFINED SYMBOLS
chThdSleep
chThdSuspendTimeoutS
chThdResumeI
_sdc_wait_for_transfer_state
sdcObjectInit
chprintf
SD1
memcpy
