ARM GAS  C:\Users\DEVELO~1\AppData\Local\Temp\ccriN3Kt.s 			page 1


   1              		.cpu cortex-m7
   2              		.arch armv7e-m
   3              		.fpu softvfp
   4              		.eabi_attribute 20, 1
   5              		.eabi_attribute 21, 1
   6              		.eabi_attribute 23, 3
   7              		.eabi_attribute 24, 1
   8              		.eabi_attribute 25, 1
   9              		.eabi_attribute 26, 1
  10              		.eabi_attribute 30, 6
  11              		.eabi_attribute 34, 1
  12              		.eabi_attribute 18, 4
  13              		.file	"main.c"
  14              		.text
  15              	.Ltext0:
  16              		.cfi_sections	.debug_frame
  17              		.section	.text.chSysLock,"ax",%progbits
  18              		.align	1
  19              		.syntax unified
  20              		.thumb
  21              		.thumb_func
  22              		.type	chSysLock, %function
  23              	chSysLock:
  24              	.LFB202:
  25              		.file 1 "../../../os/rt/include/chsys.h"
  26              		.loc 1 407 36
  27              		.cfi_startproc
  28              		@ args = 0, pretend = 0, frame = 8
  29              		@ frame_needed = 1, uses_anonymous_args = 0
  30              		@ link register save eliminated.
  31 0000 80B4     		push	{r7}
  32              		.cfi_def_cfa_offset 4
  33              		.cfi_offset 7, -4
  34 0002 83B0     		sub	sp, sp, #12
  35              		.cfi_def_cfa_offset 16
  36 0004 00AF     		add	r7, sp, #0
  37              		.cfi_def_cfa_register 7
  38 0006 3023     		movs	r3, #48
  39 0008 7B60     		str	r3, [r7, #4]
  40              	.LBB14:
  41              	.LBB15:
  42              	.LBB16:
  43              	.LBB17:
  44              		.file 2 "../../../os/common/ext/ARM/CMSIS/Core/Include/cmsis_gcc.h"
  45              		.loc 2 493 3
  46 000a 7B68     		ldr	r3, [r7, #4]
  47              		.syntax unified
  48              	@ 493 "../../../os/common/ext/ARM/CMSIS/Core/Include/cmsis_gcc.h" 1
  49 000c 83F31188 		MSR basepri, r3
  50              	@ 0 "" 2
  51              		.loc 2 494 1
  52              		.thumb
  53              		.syntax unified
  54 0010 00BF     		nop
  55              	.LBE17:
  56              	.LBE16:
  57              		.file 3 "../../../os/common/ports/ARMv7-M/chcore.h"
ARM GAS  C:\Users\DEVELO~1\AppData\Local\Temp\ccriN3Kt.s 			page 2


  58              		.loc 3 840 1
  59 0012 00BF     		nop
  60              	.LBE15:
  61              	.LBE14:
  62              		.loc 1 412 1
  63 0014 00BF     		nop
  64 0016 0C37     		adds	r7, r7, #12
  65              		.cfi_def_cfa_offset 4
  66 0018 BD46     		mov	sp, r7
  67              		.cfi_def_cfa_register 13
  68              		@ sp needed
  69 001a 80BC     		pop	{r7}
  70              		.cfi_restore 7
  71              		.cfi_def_cfa_offset 0
  72 001c 7047     		bx	lr
  73              		.cfi_endproc
  74              	.LFE202:
  75              		.size	chSysLock, .-chSysLock
  76              		.section	.text.chSysUnlock,"ax",%progbits
  77              		.align	1
  78              		.syntax unified
  79              		.thumb
  80              		.thumb_func
  81              		.type	chSysUnlock, %function
  82              	chSysUnlock:
  83              	.LFB203:
  84              		.loc 1 421 38
  85              		.cfi_startproc
  86              		@ args = 0, pretend = 0, frame = 8
  87              		@ frame_needed = 1, uses_anonymous_args = 0
  88              		@ link register save eliminated.
  89 0000 80B4     		push	{r7}
  90              		.cfi_def_cfa_offset 4
  91              		.cfi_offset 7, -4
  92 0002 83B0     		sub	sp, sp, #12
  93              		.cfi_def_cfa_offset 16
  94 0004 00AF     		add	r7, sp, #0
  95              		.cfi_def_cfa_register 7
  96 0006 0023     		movs	r3, #0
  97 0008 7B60     		str	r3, [r7, #4]
  98              	.LBB18:
  99              	.LBB19:
 100              	.LBB20:
 101              	.LBB21:
 102              		.loc 2 493 3
 103 000a 7B68     		ldr	r3, [r7, #4]
 104              		.syntax unified
 105              	@ 493 "../../../os/common/ext/ARM/CMSIS/Core/Include/cmsis_gcc.h" 1
 106 000c 83F31188 		MSR basepri, r3
 107              	@ 0 "" 2
 108              		.loc 2 494 1
 109              		.thumb
 110              		.syntax unified
 111 0010 00BF     		nop
 112              	.LBE21:
 113              	.LBE20:
 114              		.loc 3 854 1
ARM GAS  C:\Users\DEVELO~1\AppData\Local\Temp\ccriN3Kt.s 			page 3


 115 0012 00BF     		nop
 116              	.LBE19:
 117              	.LBE18:
 118              		.loc 1 435 1
 119 0014 00BF     		nop
 120 0016 0C37     		adds	r7, r7, #12
 121              		.cfi_def_cfa_offset 4
 122 0018 BD46     		mov	sp, r7
 123              		.cfi_def_cfa_register 13
 124              		@ sp needed
 125 001a 80BC     		pop	{r7}
 126              		.cfi_restore 7
 127              		.cfi_def_cfa_offset 0
 128 001c 7047     		bx	lr
 129              		.cfi_endproc
 130              	.LFE203:
 131              		.size	chSysUnlock, .-chSysUnlock
 132              		.section	.text.osalSysLock,"ax",%progbits
 133              		.align	1
 134              		.syntax unified
 135              		.thumb
 136              		.thumb_func
 137              		.type	osalSysLock, %function
 138              	osalSysLock:
 139              	.LFB350:
 140              		.file 4 "../../../os/hal/osal/rt-nil/osal.h"
 141              		.loc 4 573 38
 142              		.cfi_startproc
 143              		@ args = 0, pretend = 0, frame = 0
 144              		@ frame_needed = 1, uses_anonymous_args = 0
 145 0000 80B5     		push	{r7, lr}
 146              		.cfi_def_cfa_offset 8
 147              		.cfi_offset 7, -8
 148              		.cfi_offset 14, -4
 149 0002 00AF     		add	r7, sp, #0
 150              		.cfi_def_cfa_register 7
 151              		.loc 4 575 3
 152 0004 FFF7FEFF 		bl	chSysLock
 153              		.loc 4 576 1
 154 0008 00BF     		nop
 155 000a 80BD     		pop	{r7, pc}
 156              		.cfi_endproc
 157              	.LFE350:
 158              		.size	osalSysLock, .-osalSysLock
 159              		.section	.text.osalSysUnlock,"ax",%progbits
 160              		.align	1
 161              		.syntax unified
 162              		.thumb
 163              		.thumb_func
 164              		.type	osalSysUnlock, %function
 165              	osalSysUnlock:
 166              	.LFB351:
 167              		.loc 4 584 40
 168              		.cfi_startproc
 169              		@ args = 0, pretend = 0, frame = 0
 170              		@ frame_needed = 1, uses_anonymous_args = 0
 171 0000 80B5     		push	{r7, lr}
ARM GAS  C:\Users\DEVELO~1\AppData\Local\Temp\ccriN3Kt.s 			page 4


 172              		.cfi_def_cfa_offset 8
 173              		.cfi_offset 7, -8
 174              		.cfi_offset 14, -4
 175 0002 00AF     		add	r7, sp, #0
 176              		.cfi_def_cfa_register 7
 177              		.loc 4 586 3
 178 0004 FFF7FEFF 		bl	chSysUnlock
 179              		.loc 4 587 1
 180 0008 00BF     		nop
 181 000a 80BD     		pop	{r7, pc}
 182              		.cfi_endproc
 183              	.LFE351:
 184              		.size	osalSysUnlock, .-osalSysUnlock
 185              		.section	.data.sercfg,"aw"
 186              		.align	2
 187              		.type	sercfg, %object
 188              		.size	sercfg, 16
 189              	sercfg:
 190 0000 00C20100 		.word	115200
 191 0004 00000000 		.word	0
 192 0008 00000000 		.word	0
 193 000c 00000000 		.word	0
 194              		.section	.ram_d2,"aw"
 195              		.align	5
 196              		.type	audio_tx_buffer, %object
 197              		.size	audio_tx_buffer, 1024
 198              	audio_tx_buffer:
 199 0000 00000000 		.space	1024
 199      00000000 
 199      00000000 
 199      00000000 
 199      00000000 
 200              		.section	.bss.test_phase,"aw",%nobits
 201              		.align	2
 202              		.type	test_phase, %object
 203              		.size	test_phase, 4
 204              	test_phase:
 205 0000 00000000 		.space	4
 206              		.section	.bss.audio_ht_count,"aw",%nobits
 207              		.align	2
 208              		.type	audio_ht_count, %object
 209              		.size	audio_ht_count, 4
 210              	audio_ht_count:
 211 0000 00000000 		.space	4
 212              		.section	.bss.audio_tc_count,"aw",%nobits
 213              		.align	2
 214              		.type	audio_tc_count, %object
 215              		.size	audio_tc_count, 4
 216              	audio_tc_count:
 217 0000 00000000 		.space	4
 218              		.section	.bss.audio_dma_error_count,"aw",%nobits
 219              		.align	2
 220              		.type	audio_dma_error_count, %object
 221              		.size	audio_dma_error_count, 4
 222              	audio_dma_error_count:
 223 0000 00000000 		.space	4
 224              		.section	.bss.audio_sai_error_count,"aw",%nobits
ARM GAS  C:\Users\DEVELO~1\AppData\Local\Temp\ccriN3Kt.s 			page 5


 225              		.align	2
 226              		.type	audio_sai_error_count, %object
 227              		.size	audio_sai_error_count, 4
 228              	audio_sai_error_count:
 229 0000 00000000 		.space	4
 230              		.section	.bss.audio_sai_error_repeats,"aw",%nobits
 231              		.align	2
 232              		.type	audio_sai_error_repeats, %object
 233              		.size	audio_sai_error_repeats, 4
 234              	audio_sai_error_repeats:
 235 0000 00000000 		.space	4
 236              		.section	.text.sai_dma_error_hook,"ax",%progbits
 237              		.align	1
 238              		.global	sai_dma_error_hook
 239              		.syntax unified
 240              		.thumb
 241              		.thumb_func
 242              		.type	sai_dma_error_hook, %function
 243              	sai_dma_error_hook:
 244              	.LFB432:
 245              		.file 5 "main.c"
 246              		.loc 5 98 42
 247              		.cfi_startproc
 248              		@ args = 0, pretend = 0, frame = 8
 249              		@ frame_needed = 1, uses_anonymous_args = 0
 250              		@ link register save eliminated.
 251 0000 80B4     		push	{r7}
 252              		.cfi_def_cfa_offset 4
 253              		.cfi_offset 7, -4
 254 0002 83B0     		sub	sp, sp, #12
 255              		.cfi_def_cfa_offset 16
 256 0004 00AF     		add	r7, sp, #0
 257              		.cfi_def_cfa_register 7
 258 0006 7860     		str	r0, [r7, #4]
 259              		.loc 5 100 24
 260 0008 044B     		ldr	r3, .L6
 261 000a 1B68     		ldr	r3, [r3]
 262 000c 0133     		adds	r3, r3, #1
 263 000e 034A     		ldr	r2, .L6
 264 0010 1360     		str	r3, [r2]
 265              		.loc 5 101 1
 266 0012 00BF     		nop
 267 0014 0C37     		adds	r7, r7, #12
 268              		.cfi_def_cfa_offset 4
 269 0016 BD46     		mov	sp, r7
 270              		.cfi_def_cfa_register 13
 271              		@ sp needed
 272 0018 80BC     		pop	{r7}
 273              		.cfi_restore 7
 274              		.cfi_def_cfa_offset 0
 275 001a 7047     		bx	lr
 276              	.L7:
 277              		.align	2
 278              	.L6:
 279 001c 00000000 		.word	audio_dma_error_count
 280              		.cfi_endproc
 281              	.LFE432:
ARM GAS  C:\Users\DEVELO~1\AppData\Local\Temp\ccriN3Kt.s 			page 6


 282              		.size	sai_dma_error_hook, .-sai_dma_error_hook
 283              		.section	.rodata.sai_tx_config,"a"
 284              		.align	2
 285              		.type	sai_tx_config, %object
 286              		.size	sai_tx_config, 40
 287              	sai_tx_config:
 288 0000 00000000 		.word	audio_tx_buffer
 289 0004 00000000 		.word	0
 290 0008 00010000 		.word	256
 291 000c 00000000 		.word	sai_tx_end_cb
 292 0010 00000000 		.word	0
 293 0014 C820E000 		.word	14688456
 294 0018 01000000 		.word	1
 295 001c 3F1F0400 		.word	270143
 296 0020 83010000 		.word	387
 297 0024 00500000 		.word	20480
 298              		.section	.text.sai_tx_end_cb,"ax",%progbits
 299              		.align	1
 300              		.syntax unified
 301              		.thumb
 302              		.thumb_func
 303              		.type	sai_tx_end_cb, %function
 304              	sai_tx_end_cb:
 305              	.LFB433:
 306              		.loc 5 132 55
 307              		.cfi_startproc
 308              		@ args = 0, pretend = 0, frame = 8
 309              		@ frame_needed = 1, uses_anonymous_args = 0
 310 0000 80B5     		push	{r7, lr}
 311              		.cfi_def_cfa_offset 8
 312              		.cfi_offset 7, -8
 313              		.cfi_offset 14, -4
 314 0002 82B0     		sub	sp, sp, #8
 315              		.cfi_def_cfa_offset 16
 316 0004 00AF     		add	r7, sp, #0
 317              		.cfi_def_cfa_register 7
 318 0006 7860     		str	r0, [r7, #4]
 319 0008 0B46     		mov	r3, r1
 320 000a FB70     		strb	r3, [r7, #3]
 321              		.loc 5 134 6
 322 000c FB78     		ldrb	r3, [r7, #3]	@ zero_extendqisi2
 323 000e 002B     		cmp	r3, #0
 324 0010 08D0     		beq	.L9
 325              		.loc 5 135 19
 326 0012 0A4B     		ldr	r3, .L12
 327 0014 1B68     		ldr	r3, [r3]
 328 0016 0133     		adds	r3, r3, #1
 329 0018 084A     		ldr	r2, .L12
 330 001a 1360     		str	r3, [r2]
 331              		.loc 5 136 5
 332 001c 0020     		movs	r0, #0
 333 001e FFF7FEFF 		bl	fill_half_buffer
 334              		.loc 5 142 1
 335 0022 07E0     		b	.L11
 336              	.L9:
 337              		.loc 5 139 19
 338 0024 064B     		ldr	r3, .L12+4
ARM GAS  C:\Users\DEVELO~1\AppData\Local\Temp\ccriN3Kt.s 			page 7


 339 0026 1B68     		ldr	r3, [r3]
 340 0028 0133     		adds	r3, r3, #1
 341 002a 054A     		ldr	r2, .L12+4
 342 002c 1360     		str	r3, [r2]
 343              		.loc 5 140 5
 344 002e 0120     		movs	r0, #1
 345 0030 FFF7FEFF 		bl	fill_half_buffer
 346              	.L11:
 347              		.loc 5 142 1
 348 0034 00BF     		nop
 349 0036 0837     		adds	r7, r7, #8
 350              		.cfi_def_cfa_offset 8
 351 0038 BD46     		mov	sp, r7
 352              		.cfi_def_cfa_register 13
 353              		@ sp needed
 354 003a 80BD     		pop	{r7, pc}
 355              	.L13:
 356              		.align	2
 357              	.L12:
 358 003c 00000000 		.word	audio_ht_count
 359 0040 00000000 		.word	audio_tc_count
 360              		.cfi_endproc
 361              	.LFE433:
 362              		.size	sai_tx_end_cb, .-sai_tx_end_cb
 363              		.section	.text.fill_half_buffer,"ax",%progbits
 364              		.align	1
 365              		.syntax unified
 366              		.thumb
 367              		.thumb_func
 368              		.type	fill_half_buffer, %function
 369              	fill_half_buffer:
 370              	.LFB434:
 371              		.loc 5 144 44
 372              		.cfi_startproc
 373              		@ args = 0, pretend = 0, frame = 24
 374              		@ frame_needed = 1, uses_anonymous_args = 0
 375              		@ link register save eliminated.
 376 0000 80B4     		push	{r7}
 377              		.cfi_def_cfa_offset 4
 378              		.cfi_offset 7, -4
 379 0002 87B0     		sub	sp, sp, #28
 380              		.cfi_def_cfa_offset 32
 381 0004 00AF     		add	r7, sp, #0
 382              		.cfi_def_cfa_register 7
 383 0006 0346     		mov	r3, r0
 384 0008 FB71     		strb	r3, [r7, #7]
 385              		.loc 5 146 51
 386 000a FB79     		ldrb	r3, [r7, #7]	@ zero_extendqisi2
 387              		.loc 5 146 13
 388 000c 5B02     		lsls	r3, r3, #9
 389 000e 1A4A     		ldr	r2, .L20
 390 0010 1344     		add	r3, r3, r2
 391 0012 3B61     		str	r3, [r7, #16]
 392              		.loc 5 148 10
 393 0014 0023     		movs	r3, #0
 394 0016 7B61     		str	r3, [r7, #20]
 395              		.loc 5 148 3
ARM GAS  C:\Users\DEVELO~1\AppData\Local\Temp\ccriN3Kt.s 			page 8


 396 0018 24E0     		b	.L15
 397              	.L19:
 398              	.LBB22:
 399              		.loc 5 149 34
 400 001a 184B     		ldr	r3, .L20+4
 401 001c 1B68     		ldr	r3, [r3]
 402              		.loc 5 150 46
 403 001e 172B     		cmp	r3, #23
 404 0020 02D8     		bhi	.L16
 405              		.loc 5 150 46 is_stmt 0 discriminator 1
 406 0022 4FF0C043 		mov	r3, #1610612736
 407 0026 01E0     		b	.L17
 408              	.L16:
 409              		.loc 5 150 46 discriminator 2
 410 0028 4FF02043 		mov	r3, #-1610612736
 411              	.L17:
 412              		.loc 5 149 13 is_stmt 1
 413 002c FB60     		str	r3, [r7, #12]
 414              		.loc 5 153 8
 415 002e 7B69     		ldr	r3, [r7, #20]
 416 0030 DB00     		lsls	r3, r3, #3
 417 0032 3A69     		ldr	r2, [r7, #16]
 418 0034 1344     		add	r3, r3, r2
 419              		.loc 5 153 15
 420 0036 FA68     		ldr	r2, [r7, #12]
 421 0038 1A60     		str	r2, [r3]
 422              		.loc 5 154 8
 423 003a 7B69     		ldr	r3, [r7, #20]
 424 003c DB00     		lsls	r3, r3, #3
 425 003e 3A69     		ldr	r2, [r7, #16]
 426 0040 1344     		add	r3, r3, r2
 427              		.loc 5 154 15
 428 0042 FA68     		ldr	r2, [r7, #12]
 429 0044 5A60     		str	r2, [r3, #4]
 430              		.loc 5 156 15
 431 0046 0D4B     		ldr	r3, .L20+4
 432 0048 1B68     		ldr	r3, [r3]
 433 004a 0133     		adds	r3, r3, #1
 434 004c 0B4A     		ldr	r2, .L20+4
 435 004e 1360     		str	r3, [r2]
 436              		.loc 5 157 20
 437 0050 0A4B     		ldr	r3, .L20+4
 438 0052 1B68     		ldr	r3, [r3]
 439              		.loc 5 157 8
 440 0054 2F2B     		cmp	r3, #47
 441 0056 02D9     		bls	.L18
 442              		.loc 5 158 18
 443 0058 084B     		ldr	r3, .L20+4
 444 005a 0022     		movs	r2, #0
 445 005c 1A60     		str	r2, [r3]
 446              	.L18:
 447              	.LBE22:
 448              		.loc 5 148 42 discriminator 2
 449 005e 7B69     		ldr	r3, [r7, #20]
 450 0060 0133     		adds	r3, r3, #1
 451 0062 7B61     		str	r3, [r7, #20]
 452              	.L15:
ARM GAS  C:\Users\DEVELO~1\AppData\Local\Temp\ccriN3Kt.s 			page 9


 453              		.loc 5 148 18 discriminator 1
 454 0064 7B69     		ldr	r3, [r7, #20]
 455 0066 3F2B     		cmp	r3, #63
 456 0068 D7D9     		bls	.L19
 457              		.loc 5 161 1
 458 006a 00BF     		nop
 459 006c 00BF     		nop
 460 006e 1C37     		adds	r7, r7, #28
 461              		.cfi_def_cfa_offset 4
 462 0070 BD46     		mov	sp, r7
 463              		.cfi_def_cfa_register 13
 464              		@ sp needed
 465 0072 80BC     		pop	{r7}
 466              		.cfi_restore 7
 467              		.cfi_def_cfa_offset 0
 468 0074 7047     		bx	lr
 469              	.L21:
 470 0076 00BF     		.align	2
 471              	.L20:
 472 0078 00000000 		.word	audio_tx_buffer
 473 007c 00000000 		.word	test_phase
 474              		.cfi_endproc
 475              	.LFE434:
 476              		.size	fill_half_buffer, .-fill_half_buffer
 477              		.section	.text.rcc_get_pll_source_hz,"ax",%progbits
 478              		.align	1
 479              		.syntax unified
 480              		.thumb
 481              		.thumb_func
 482              		.type	rcc_get_pll_source_hz, %function
 483              	rcc_get_pll_source_hz:
 484              	.LFB435:
 485              		.loc 5 167 45
 486              		.cfi_startproc
 487              		@ args = 0, pretend = 0, frame = 8
 488              		@ frame_needed = 1, uses_anonymous_args = 0
 489              		@ link register save eliminated.
 490 0000 80B4     		push	{r7}
 491              		.cfi_def_cfa_offset 4
 492              		.cfi_offset 7, -4
 493 0002 83B0     		sub	sp, sp, #12
 494              		.cfi_def_cfa_offset 16
 495 0004 00AF     		add	r7, sp, #0
 496              		.cfi_def_cfa_register 7
 497              		.loc 5 168 22
 498 0006 0F4B     		ldr	r3, .L28
 499 0008 9B6A     		ldr	r3, [r3, #40]
 500              		.loc 5 168 12
 501 000a 03F00303 		and	r3, r3, #3
 502 000e 7B60     		str	r3, [r7, #4]
 503              		.loc 5 170 3
 504 0010 7B68     		ldr	r3, [r7, #4]
 505 0012 022B     		cmp	r3, #2
 506 0014 0DD0     		beq	.L23
 507 0016 7B68     		ldr	r3, [r7, #4]
 508 0018 022B     		cmp	r3, #2
 509 001a 0CD8     		bhi	.L24
ARM GAS  C:\Users\DEVELO~1\AppData\Local\Temp\ccriN3Kt.s 			page 10


 510 001c 7B68     		ldr	r3, [r7, #4]
 511 001e 002B     		cmp	r3, #0
 512 0020 03D0     		beq	.L25
 513 0022 7B68     		ldr	r3, [r7, #4]
 514 0024 012B     		cmp	r3, #1
 515 0026 02D0     		beq	.L26
 516 0028 05E0     		b	.L24
 517              	.L25:
 518              		.loc 5 172 12
 519 002a 074B     		ldr	r3, .L28+4
 520 002c 04E0     		b	.L27
 521              	.L26:
 522              		.loc 5 174 12
 523 002e 0023     		movs	r3, #0
 524 0030 02E0     		b	.L27
 525              	.L23:
 526              		.loc 5 176 12
 527 0032 064B     		ldr	r3, .L28+8
 528 0034 00E0     		b	.L27
 529              	.L24:
 530              		.loc 5 178 12
 531 0036 0023     		movs	r3, #0
 532              	.L27:
 533              		.loc 5 180 1
 534 0038 1846     		mov	r0, r3
 535 003a 0C37     		adds	r7, r7, #12
 536              		.cfi_def_cfa_offset 4
 537 003c BD46     		mov	sp, r7
 538              		.cfi_def_cfa_register 13
 539              		@ sp needed
 540 003e 80BC     		pop	{r7}
 541              		.cfi_restore 7
 542              		.cfi_def_cfa_offset 0
 543 0040 7047     		bx	lr
 544              	.L29:
 545 0042 00BF     		.align	2
 546              	.L28:
 547 0044 00440258 		.word	1476543488
 548 0048 0090D003 		.word	64000000
 549 004c 40787D01 		.word	25000000
 550              		.cfi_endproc
 551              	.LFE435:
 552              		.size	rcc_get_pll_source_hz, .-rcc_get_pll_source_hz
 553              		.global	__aeabi_uldivmod
 554              		.section	.rodata
 555              		.align	2
 556              	.LC0:
 557 0000 5B504C4C 		.ascii	"[PLL%s] M=%lu N=%lu P=%lu Q=%lu R=%lu FRAC=%lu | re"
 557      25735D20 
 557      4D3D256C 
 557      75204E3D 
 557      256C7520 
 558 0033 663D256C 		.ascii	"f=%lu Hz vco=%lu Hz P=%lu Hz Q=%lu Hz R=%lu Hz\015\012"
 558      7520487A 
 558      2076636F 
 558      3D256C75 
 558      20487A20 
ARM GAS  C:\Users\DEVELO~1\AppData\Local\Temp\ccriN3Kt.s 			page 11


 559 0063 00       		.ascii	"\000"
 560              		.section	.text.pll_dump,"ax",%progbits
 561              		.align	1
 562              		.syntax unified
 563              		.thumb
 564              		.thumb_func
 565              		.type	pll_dump, %function
 566              	pll_dump:
 567              	.LFB436:
 568              		.loc 5 186 38
 569              		.cfi_startproc
 570              		@ args = 4, pretend = 0, frame = 128
 571              		@ frame_needed = 1, uses_anonymous_args = 0
 572 0000 2DE9B04F 		push	{r4, r5, r7, r8, r9, r10, fp, lr}
 573              		.cfi_def_cfa_offset 32
 574              		.cfi_offset 4, -32
 575              		.cfi_offset 5, -28
 576              		.cfi_offset 7, -24
 577              		.cfi_offset 8, -20
 578              		.cfi_offset 9, -16
 579              		.cfi_offset 10, -12
 580              		.cfi_offset 11, -8
 581              		.cfi_offset 14, -4
 582 0004 AAB0     		sub	sp, sp, #168
 583              		.cfi_def_cfa_offset 200
 584 0006 0AAF     		add	r7, sp, #40
 585              		.cfi_def_cfa 7, 160
 586 0008 7863     		str	r0, [r7, #52]
 587 000a 3963     		str	r1, [r7, #48]
 588 000c FA62     		str	r2, [r7, #44]
 589 000e BB62     		str	r3, [r7, #40]
 590              		.loc 5 187 34
 591 0010 FB6A     		ldr	r3, [r7, #44]
 592 0012 002B     		cmp	r3, #0
 593 0014 01D0     		beq	.L31
 594              		.loc 5 187 34 is_stmt 0 discriminator 1
 595 0016 FB6A     		ldr	r3, [r7, #44]
 596 0018 00E0     		b	.L32
 597              	.L31:
 598              		.loc 5 187 34 discriminator 2
 599 001a 0123     		movs	r3, #1
 600              	.L32:
 601              		.loc 5 187 12 is_stmt 1 discriminator 4
 602 001c FB67     		str	r3, [r7, #124]
 603              		.loc 5 188 46 discriminator 4
 604 001e BB6A     		ldr	r3, [r7, #40]
 605 0020 C3F30803 		ubfx	r3, r3, #0, #9
 606              		.loc 5 188 12 discriminator 4
 607 0024 0133     		adds	r3, r3, #1
 608 0026 BB67     		str	r3, [r7, #120]
 609              		.loc 5 189 46 discriminator 4
 610 0028 BB6A     		ldr	r3, [r7, #40]
 611 002a 5B0A     		lsrs	r3, r3, #9
 612 002c 03F07F03 		and	r3, r3, #127
 613              		.loc 5 189 12 discriminator 4
 614 0030 0133     		adds	r3, r3, #1
 615 0032 7B67     		str	r3, [r7, #116]
ARM GAS  C:\Users\DEVELO~1\AppData\Local\Temp\ccriN3Kt.s 			page 12


 616              		.loc 5 190 46 discriminator 4
 617 0034 BB6A     		ldr	r3, [r7, #40]
 618 0036 1B0C     		lsrs	r3, r3, #16
 619 0038 03F07F03 		and	r3, r3, #127
 620              		.loc 5 190 12 discriminator 4
 621 003c 0133     		adds	r3, r3, #1
 622 003e 3B67     		str	r3, [r7, #112]
 623              		.loc 5 191 46 discriminator 4
 624 0040 BB6A     		ldr	r3, [r7, #40]
 625 0042 1B0E     		lsrs	r3, r3, #24
 626 0044 03F07F03 		and	r3, r3, #127
 627              		.loc 5 191 12 discriminator 4
 628 0048 0133     		adds	r3, r3, #1
 629 004a FB66     		str	r3, [r7, #108]
 630              		.loc 5 192 54 discriminator 4
 631 004c D7F8A030 		ldr	r3, [r7, #160]
 632 0050 DB08     		lsrs	r3, r3, #3
 633              		.loc 5 192 12 discriminator 4
 634 0052 C3F30C03 		ubfx	r3, r3, #0, #13
 635 0056 BB66     		str	r3, [r7, #104]
 636              		.loc 5 193 21 discriminator 4
 637 0058 FFF7FEFF 		bl	rcc_get_pll_source_hz
 638 005c 7866     		str	r0, [r7, #100]
 639              		.loc 5 194 36 discriminator 4
 640 005e FB6F     		ldr	r3, [r7, #124]
 641 0060 002B     		cmp	r3, #0
 642 0062 07D0     		beq	.L33
 643              		.loc 5 194 55 discriminator 1
 644 0064 7A6E     		ldr	r2, [r7, #100]
 645 0066 FB6F     		ldr	r3, [r7, #124]
 646 0068 B2FBF3F3 		udiv	r3, r2, r3
 647              		.loc 5 194 36 discriminator 1
 648 006c 0022     		movs	r2, #0
 649 006e 3B62     		str	r3, [r7, #32]
 650 0070 7A62     		str	r2, [r7, #36]
 651 0072 05E0     		b	.L34
 652              	.L33:
 653              		.loc 5 194 36 is_stmt 0 discriminator 2
 654 0074 4FF00002 		mov	r2, #0
 655 0078 4FF00003 		mov	r3, #0
 656 007c C7E90823 		strd	r2, [r7, #32]
 657              	.L34:
 658              		.loc 5 194 12 is_stmt 1 discriminator 4
 659 0080 D7E90823 		ldrd	r2, [r7, #32]
 660 0084 C7E91623 		strd	r2, [r7, #88]
 661              		.loc 5 195 29 discriminator 4
 662 0088 BB6F     		ldr	r3, [r7, #120]
 663 008a 0022     		movs	r2, #0
 664 008c 9A46     		mov	r10, r3
 665 008e 9346     		mov	fp, r2
 666              		.loc 5 195 41 discriminator 4
 667 0090 4FF00002 		mov	r2, #0
 668 0094 4FF00003 		mov	r3, #0
 669 0098 4FEA4B33 		lsl	r3, fp, #13
 670 009c 43EADA43 		orr	r3, r3, r10, lsr #19
 671 00a0 4FEA4A32 		lsl	r2, r10, #13
 672              		.loc 5 195 51 discriminator 4
ARM GAS  C:\Users\DEVELO~1\AppData\Local\Temp\ccriN3Kt.s 			page 13


 673 00a4 B96E     		ldr	r1, [r7, #104]
 674 00a6 0020     		movs	r0, #0
 675 00a8 B961     		str	r1, [r7, #24]
 676 00aa F861     		str	r0, [r7, #28]
 677              		.loc 5 195 49 discriminator 4
 678 00ac D7E90601 		ldrd	r0, [r7, #24]
 679 00b0 8446     		mov	ip, r0
 680 00b2 12EB0C08 		adds	r8, r2, ip
 681 00b6 43EB0109 		adc	r9, r3, r1
 682              		.loc 5 195 26 discriminator 4
 683 00ba BB6D     		ldr	r3, [r7, #88]
 684 00bc 09FB03F2 		mul	r2, r9, r3
 685 00c0 FB6D     		ldr	r3, [r7, #92]
 686 00c2 08FB03F3 		mul	r3, r8, r3
 687 00c6 1344     		add	r3, r3, r2
 688 00c8 BA6D     		ldr	r2, [r7, #88]
 689 00ca A2FB0845 		umull	r4, r5, r2, r8
 690 00ce 2B44     		add	r3, r3, r5
 691 00d0 1D46     		mov	r5, r3
 692              		.loc 5 195 12 discriminator 4
 693 00d2 4FF00002 		mov	r2, #0
 694 00d6 4FF00003 		mov	r3, #0
 695 00da 620B     		lsrs	r2, r4, #13
 696 00dc 42EAC542 		orr	r2, r2, r5, lsl #19
 697 00e0 6B0B     		lsrs	r3, r5, #13
 698 00e2 C7E91423 		strd	r2, [r7, #80]
 699              		.loc 5 196 34 discriminator 4
 700 00e6 7B6F     		ldr	r3, [r7, #116]
 701 00e8 002B     		cmp	r3, #0
 702 00ea 0CD0     		beq	.L35
 703              		.loc 5 196 43 discriminator 1
 704 00ec 7B6F     		ldr	r3, [r7, #116]
 705 00ee 0022     		movs	r2, #0
 706 00f0 3B61     		str	r3, [r7, #16]
 707 00f2 7A61     		str	r2, [r7, #20]
 708              		.loc 5 196 34 discriminator 1
 709 00f4 D7E90423 		ldrd	r2, [r7, #16]
 710 00f8 D7E91401 		ldrd	r0, [r7, #80]
 711 00fc FFF7FEFF 		bl	__aeabi_uldivmod
 712 0100 0246     		mov	r2, r0
 713 0102 0B46     		mov	r3, r1
 714 0104 03E0     		b	.L36
 715              	.L35:
 716              		.loc 5 196 34 is_stmt 0 discriminator 2
 717 0106 4FF00002 		mov	r2, #0
 718 010a 4FF00003 		mov	r3, #0
 719              	.L36:
 720              		.loc 5 196 12 is_stmt 1 discriminator 4
 721 010e C7E91223 		strd	r2, [r7, #72]
 722              		.loc 5 197 34 discriminator 4
 723 0112 3B6F     		ldr	r3, [r7, #112]
 724 0114 002B     		cmp	r3, #0
 725 0116 0CD0     		beq	.L37
 726              		.loc 5 197 43 discriminator 1
 727 0118 3B6F     		ldr	r3, [r7, #112]
 728 011a 0022     		movs	r2, #0
 729 011c BB60     		str	r3, [r7, #8]
ARM GAS  C:\Users\DEVELO~1\AppData\Local\Temp\ccriN3Kt.s 			page 14


 730 011e FA60     		str	r2, [r7, #12]
 731              		.loc 5 197 34 discriminator 1
 732 0120 D7E90223 		ldrd	r2, [r7, #8]
 733 0124 D7E91401 		ldrd	r0, [r7, #80]
 734 0128 FFF7FEFF 		bl	__aeabi_uldivmod
 735 012c 0246     		mov	r2, r0
 736 012e 0B46     		mov	r3, r1
 737 0130 03E0     		b	.L38
 738              	.L37:
 739              		.loc 5 197 34 is_stmt 0 discriminator 2
 740 0132 4FF00002 		mov	r2, #0
 741 0136 4FF00003 		mov	r3, #0
 742              	.L38:
 743              		.loc 5 197 12 is_stmt 1 discriminator 4
 744 013a C7E91023 		strd	r2, [r7, #64]
 745              		.loc 5 198 34 discriminator 4
 746 013e FB6E     		ldr	r3, [r7, #108]
 747 0140 002B     		cmp	r3, #0
 748 0142 0CD0     		beq	.L39
 749              		.loc 5 198 43 discriminator 1
 750 0144 FB6E     		ldr	r3, [r7, #108]
 751 0146 0022     		movs	r2, #0
 752 0148 3B60     		str	r3, [r7]
 753 014a 7A60     		str	r2, [r7, #4]
 754              		.loc 5 198 34 discriminator 1
 755 014c D7E90023 		ldrd	r2, [r7]
 756 0150 D7E91401 		ldrd	r0, [r7, #80]
 757 0154 FFF7FEFF 		bl	__aeabi_uldivmod
 758 0158 0246     		mov	r2, r0
 759 015a 0B46     		mov	r3, r1
 760 015c 03E0     		b	.L40
 761              	.L39:
 762              		.loc 5 198 34 is_stmt 0 discriminator 2
 763 015e 4FF00002 		mov	r2, #0
 764 0162 4FF00003 		mov	r3, #0
 765              	.L40:
 766              		.loc 5 198 12 is_stmt 1 discriminator 4
 767 0166 C7E90E23 		strd	r2, [r7, #56]
 768              		.loc 5 200 3 discriminator 4
 769 016a BB6D     		ldr	r3, [r7, #88]
 770 016c 3A6D     		ldr	r2, [r7, #80]
 771 016e B96C     		ldr	r1, [r7, #72]
 772 0170 386C     		ldr	r0, [r7, #64]
 773 0172 BC6B     		ldr	r4, [r7, #56]
 774 0174 0994     		str	r4, [sp, #36]
 775 0176 0890     		str	r0, [sp, #32]
 776 0178 0791     		str	r1, [sp, #28]
 777 017a 0692     		str	r2, [sp, #24]
 778 017c 0593     		str	r3, [sp, #20]
 779 017e BB6E     		ldr	r3, [r7, #104]
 780 0180 0493     		str	r3, [sp, #16]
 781 0182 FB6E     		ldr	r3, [r7, #108]
 782 0184 0393     		str	r3, [sp, #12]
 783 0186 3B6F     		ldr	r3, [r7, #112]
 784 0188 0293     		str	r3, [sp, #8]
 785 018a 7B6F     		ldr	r3, [r7, #116]
 786 018c 0193     		str	r3, [sp, #4]
ARM GAS  C:\Users\DEVELO~1\AppData\Local\Temp\ccriN3Kt.s 			page 15


 787 018e BB6F     		ldr	r3, [r7, #120]
 788 0190 0093     		str	r3, [sp]
 789 0192 FB6F     		ldr	r3, [r7, #124]
 790 0194 3A6B     		ldr	r2, [r7, #48]
 791 0196 0449     		ldr	r1, .L41
 792 0198 786B     		ldr	r0, [r7, #52]
 793 019a FFF7FEFF 		bl	chprintf
 794              		.loc 5 214 1 discriminator 4
 795 019e 00BF     		nop
 796 01a0 8037     		adds	r7, r7, #128
 797              		.cfi_def_cfa_offset 32
 798 01a2 BD46     		mov	sp, r7
 799              		.cfi_def_cfa_register 13
 800              		@ sp needed
 801 01a4 BDE8B08F 		pop	{r4, r5, r7, r8, r9, r10, fp, pc}
 802              	.L42:
 803              		.align	2
 804              	.L41:
 805 01a8 00000000 		.word	.LC0
 806              		.cfi_endproc
 807              	.LFE436:
 808              		.size	pll_dump, .-pll_dump
 809              		.section	.rodata
 810              		.align	2
 811              	.LC1:
 812 0064 554E4B4E 		.ascii	"UNKNOWN\000"
 812      4F574E00 
 813              		.align	2
 814              	.LC2:
 815 006c 3D3D3D20 		.ascii	"=== RCC CLOCKS ===\015\012\000"
 815      52434320 
 815      434C4F43 
 815      4B53203D 
 815      3D3D0D0A 
 816 0081 000000   		.align	2
 817              	.LC3:
 818 0084 53797374 		.ascii	"SystemCoreClock=%lu Hz\015\012\000"
 818      656D436F 
 818      7265436C 
 818      6F636B3D 
 818      256C7520 
 819 009d 000000   		.align	2
 820              	.LC4:
 821 00a0 48434C4B 		.ascii	"HCLK=%lu Hz\015\012\000"
 821      3D256C75 
 821      20487A0D 
 821      0A00
 822 00ae 0000     		.align	2
 823              	.LC5:
 824 00b0 50434C4B 		.ascii	"PCLK1=%lu Hz\015\012\000"
 824      313D256C 
 824      7520487A 
 824      0D0A00
 825 00bf 00       		.align	2
 826              	.LC6:
 827 00c0 50434C4B 		.ascii	"PCLK2=%lu Hz\015\012\000"
 827      323D256C 
ARM GAS  C:\Users\DEVELO~1\AppData\Local\Temp\ccriN3Kt.s 			page 16


 827      7520487A 
 827      0D0A00
 828 00cf 00       		.align	2
 829              	.LC7:
 830 00d0 3100     		.ascii	"1\000"
 831 00d2 0000     		.align	2
 832              	.LC8:
 833 00d4 3200     		.ascii	"2\000"
 834 00d6 0000     		.align	2
 835              	.LC9:
 836 00d8 3300     		.ascii	"3\000"
 837 00da 0000     		.align	2
 838              	.LC10:
 839 00dc 504C4C31 		.ascii	"PLL1_Q\000"
 839      5F5100
 840 00e3 00       		.align	2
 841              	.LC11:
 842 00e4 504C4C32 		.ascii	"PLL2_P\000"
 842      5F5000
 843 00eb 00       		.align	2
 844              	.LC12:
 845 00ec 504C4C33 		.ascii	"PLL3_P\000"
 845      5F5000
 846 00f3 00       		.align	2
 847              	.LC13:
 848 00f4 4932535F 		.ascii	"I2S_CKIN\000"
 848      434B494E 
 848      00
 849 00fd 000000   		.align	2
 850              	.LC14:
 851 0100 5045525F 		.ascii	"PER_CK\000"
 851      434B00
 852 0107 00       		.align	2
 853              	.LC15:
 854 0108 53414931 		.ascii	"SAI1SEL=%lu (%s) => %lu Hz\015\012\000"
 854      53454C3D 
 854      256C7520 
 854      28257329 
 854      203D3E20 
 855 0125 000000   		.align	2
 856              	.LC16:
 857 0128 46533D25 		.ascii	"FS=%lu Hz\015\012\000"
 857      6C752048 
 857      7A0D0A00 
 858              		.align	2
 859              	.LC17:
 860 0134 4672616D 		.ascii	"Frame bits=%lu (slots=%lu, slot bits=%lu)\015\012\000"
 860      65206269 
 860      74733D25 
 860      6C752028 
 860      736C6F74 
 861              		.align	2
 862              	.LC18:
 863 0160 42434C4B 		.ascii	"BCLK=%lu Hz\015\012\000"
 863      3D256C75 
 863      20487A0D 
 863      0A00
ARM GAS  C:\Users\DEVELO~1\AppData\Local\Temp\ccriN3Kt.s 			page 17


 864 016e 0000     		.align	2
 865              	.LC19:
 866 0170 4D434C4B 		.ascii	"MCLK=DISABLED\015\012\000"
 866      3D444953 
 866      41424C45 
 866      440D0A00 
 867              		.align	2
 868              	.LC20:
 869 0180 4D434B44 		.ascii	"MCKDIV=%lu (kernel=%lu Hz)\015\012\000"
 869      49563D25 
 869      6C752028 
 869      6B65726E 
 869      656C3D25 
 870 019d 000000   		.align	2
 871              	.LC21:
 872 01a0 0D0A00   		.ascii	"\015\012\000"
 873              		.section	.text.dump_rcc_clocks,"ax",%progbits
 874              		.align	1
 875              		.syntax unified
 876              		.thumb
 877              		.thumb_func
 878              		.type	dump_rcc_clocks, %function
 879              	dump_rcc_clocks:
 880              	.LFB437:
 881              		.loc 5 216 56
 882              		.cfi_startproc
 883              		@ args = 0, pretend = 0, frame = 24
 884              		@ frame_needed = 1, uses_anonymous_args = 0
 885 0000 80B5     		push	{r7, lr}
 886              		.cfi_def_cfa_offset 8
 887              		.cfi_offset 7, -8
 888              		.cfi_offset 14, -4
 889 0002 88B0     		sub	sp, sp, #32
 890              		.cfi_def_cfa_offset 40
 891 0004 02AF     		add	r7, sp, #8
 892              		.cfi_def_cfa 7, 32
 893 0006 7860     		str	r0, [r7, #4]
 894              		.loc 5 217 26
 895 0008 534B     		ldr	r3, .L53
 896 000a 1B6D     		ldr	r3, [r3, #80]
 897              		.loc 5 217 12
 898 000c 03F00703 		and	r3, r3, #7
 899 0010 FB60     		str	r3, [r7, #12]
 900              		.loc 5 218 15
 901 0012 524B     		ldr	r3, .L53+4
 902 0014 7B61     		str	r3, [r7, #20]
 903              		.loc 5 219 12
 904 0016 0023     		movs	r3, #0
 905 0018 3B61     		str	r3, [r7, #16]
 906              		.loc 5 221 3
 907 001a 5149     		ldr	r1, .L53+8
 908 001c 7868     		ldr	r0, [r7, #4]
 909 001e FFF7FEFF 		bl	chprintf
 910              		.loc 5 222 3
 911 0022 504B     		ldr	r3, .L53+12
 912 0024 1B68     		ldr	r3, [r3]
 913 0026 1A46     		mov	r2, r3
ARM GAS  C:\Users\DEVELO~1\AppData\Local\Temp\ccriN3Kt.s 			page 18


 914 0028 4F49     		ldr	r1, .L53+16
 915 002a 7868     		ldr	r0, [r7, #4]
 916 002c FFF7FEFF 		bl	chprintf
 917              		.loc 5 224 3
 918 0030 4E4A     		ldr	r2, .L53+20
 919 0032 4F49     		ldr	r1, .L53+24
 920 0034 7868     		ldr	r0, [r7, #4]
 921 0036 FFF7FEFF 		bl	chprintf
 922              		.loc 5 227 3
 923 003a 4E4A     		ldr	r2, .L53+28
 924 003c 4E49     		ldr	r1, .L53+32
 925 003e 7868     		ldr	r0, [r7, #4]
 926 0040 FFF7FEFF 		bl	chprintf
 927              		.loc 5 230 3
 928 0044 4B4A     		ldr	r2, .L53+28
 929 0046 4D49     		ldr	r1, .L53+36
 930 0048 7868     		ldr	r0, [r7, #4]
 931 004a FFF7FEFF 		bl	chprintf
 932              		.loc 5 234 16
 933 004e 424B     		ldr	r3, .L53
 934 0050 9B6A     		ldr	r3, [r3, #40]
 935              		.loc 5 234 55
 936 0052 1B09     		lsrs	r3, r3, #4
 937              		.loc 5 233 3
 938 0054 03F03F02 		and	r2, r3, #63
 939              		.loc 5 235 15
 940 0058 3F4B     		ldr	r3, .L53
 941 005a 196B     		ldr	r1, [r3, #48]
 942              		.loc 5 236 15
 943 005c 3E4B     		ldr	r3, .L53
 944 005e 5B6B     		ldr	r3, [r3, #52]
 945              		.loc 5 233 3
 946 0060 0093     		str	r3, [sp]
 947 0062 0B46     		mov	r3, r1
 948 0064 4649     		ldr	r1, .L53+40
 949 0066 7868     		ldr	r0, [r7, #4]
 950 0068 FFF7FEFF 		bl	pll_dump
 951              		.loc 5 238 16
 952 006c 3A4B     		ldr	r3, .L53
 953 006e 9B6A     		ldr	r3, [r3, #40]
 954              		.loc 5 238 55
 955 0070 1B0B     		lsrs	r3, r3, #12
 956              		.loc 5 237 3
 957 0072 03F03F02 		and	r2, r3, #63
 958              		.loc 5 239 15
 959 0076 384B     		ldr	r3, .L53
 960 0078 996B     		ldr	r1, [r3, #56]
 961              		.loc 5 240 15
 962 007a 374B     		ldr	r3, .L53
 963 007c DB6B     		ldr	r3, [r3, #60]
 964              		.loc 5 237 3
 965 007e 0093     		str	r3, [sp]
 966 0080 0B46     		mov	r3, r1
 967 0082 4049     		ldr	r1, .L53+44
 968 0084 7868     		ldr	r0, [r7, #4]
 969 0086 FFF7FEFF 		bl	pll_dump
 970              		.loc 5 242 16
ARM GAS  C:\Users\DEVELO~1\AppData\Local\Temp\ccriN3Kt.s 			page 19


 971 008a 334B     		ldr	r3, .L53
 972 008c 9B6A     		ldr	r3, [r3, #40]
 973              		.loc 5 242 55
 974 008e 1B0D     		lsrs	r3, r3, #20
 975              		.loc 5 241 3
 976 0090 03F03F02 		and	r2, r3, #63
 977              		.loc 5 243 15
 978 0094 304B     		ldr	r3, .L53
 979 0096 196C     		ldr	r1, [r3, #64]
 980              		.loc 5 244 15
 981 0098 2F4B     		ldr	r3, .L53
 982 009a 5B6C     		ldr	r3, [r3, #68]
 983              		.loc 5 241 3
 984 009c 0093     		str	r3, [sp]
 985 009e 0B46     		mov	r3, r1
 986 00a0 3949     		ldr	r1, .L53+48
 987 00a2 7868     		ldr	r0, [r7, #4]
 988 00a4 FFF7FEFF 		bl	pll_dump
 989              		.loc 5 246 3
 990 00a8 FB68     		ldr	r3, [r7, #12]
 991 00aa 042B     		cmp	r3, #4
 992 00ac 25D8     		bhi	.L52
 993 00ae 01A2     		adr	r2, .L46
 994 00b0 52F823F0 		ldr	pc, [r2, r3, lsl #2]
 995              		.p2align 2
 996              	.L46:
 997 00b4 C9000000 		.word	.L50+1
 998 00b8 D3000000 		.word	.L49+1
 999 00bc DD000000 		.word	.L48+1
 1000 00c0 E7000000 		.word	.L47+1
 1001 00c4 F1000000 		.word	.L45+1
 1002              		.p2align 1
 1003              	.L50:
 1004              		.loc 5 248 13
 1005 00c8 304B     		ldr	r3, .L53+52
 1006 00ca 7B61     		str	r3, [r7, #20]
 1007              		.loc 5 249 13
 1008 00cc 304B     		ldr	r3, .L53+56
 1009 00ce 3B61     		str	r3, [r7, #16]
 1010              		.loc 5 250 5
 1011 00d0 14E0     		b	.L51
 1012              	.L49:
 1013              		.loc 5 252 13
 1014 00d2 304B     		ldr	r3, .L53+60
 1015 00d4 7B61     		str	r3, [r7, #20]
 1016              		.loc 5 253 13
 1017 00d6 304B     		ldr	r3, .L53+64
 1018 00d8 3B61     		str	r3, [r7, #16]
 1019              		.loc 5 254 5
 1020 00da 0FE0     		b	.L51
 1021              	.L48:
 1022              		.loc 5 256 13
 1023 00dc 2F4B     		ldr	r3, .L53+68
 1024 00de 7B61     		str	r3, [r7, #20]
 1025              		.loc 5 257 13
 1026 00e0 2F4B     		ldr	r3, .L53+72
 1027 00e2 3B61     		str	r3, [r7, #16]
ARM GAS  C:\Users\DEVELO~1\AppData\Local\Temp\ccriN3Kt.s 			page 20


 1028              		.loc 5 258 5
 1029 00e4 0AE0     		b	.L51
 1030              	.L47:
 1031              		.loc 5 260 13
 1032 00e6 2F4B     		ldr	r3, .L53+76
 1033 00e8 7B61     		str	r3, [r7, #20]
 1034              		.loc 5 261 13
 1035 00ea 0023     		movs	r3, #0
 1036 00ec 3B61     		str	r3, [r7, #16]
 1037              		.loc 5 262 5
 1038 00ee 05E0     		b	.L51
 1039              	.L45:
 1040              		.loc 5 264 13
 1041 00f0 2D4B     		ldr	r3, .L53+80
 1042 00f2 7B61     		str	r3, [r7, #20]
 1043              		.loc 5 265 13
 1044 00f4 2D4B     		ldr	r3, .L53+84
 1045 00f6 3B61     		str	r3, [r7, #16]
 1046              		.loc 5 266 5
 1047 00f8 00E0     		b	.L51
 1048              	.L52:
 1049              		.loc 5 268 5
 1050 00fa 00BF     		nop
 1051              	.L51:
 1052              		.loc 5 271 3
 1053 00fc 3B69     		ldr	r3, [r7, #16]
 1054 00fe 0093     		str	r3, [sp]
 1055 0100 7B69     		ldr	r3, [r7, #20]
 1056 0102 FA68     		ldr	r2, [r7, #12]
 1057 0104 2A49     		ldr	r1, .L53+88
 1058 0106 7868     		ldr	r0, [r7, #4]
 1059 0108 FFF7FEFF 		bl	chprintf
 1060              		.loc 5 275 3
 1061 010c 4BF68032 		movw	r2, #48000
 1062 0110 2849     		ldr	r1, .L53+92
 1063 0112 7868     		ldr	r0, [r7, #4]
 1064 0114 FFF7FEFF 		bl	chprintf
 1065              		.loc 5 276 3
 1066 0118 2023     		movs	r3, #32
 1067 011a 0093     		str	r3, [sp]
 1068 011c 0223     		movs	r3, #2
 1069 011e 4022     		movs	r2, #64
 1070 0120 2549     		ldr	r1, .L53+96
 1071 0122 7868     		ldr	r0, [r7, #4]
 1072 0124 FFF7FEFF 		bl	chprintf
 1073              		.loc 5 280 3
 1074 0128 244A     		ldr	r2, .L53+100
 1075 012a 2549     		ldr	r1, .L53+104
 1076 012c 7868     		ldr	r0, [r7, #4]
 1077 012e FFF7FEFF 		bl	chprintf
 1078              		.loc 5 281 3
 1079 0132 2449     		ldr	r1, .L53+108
 1080 0134 7868     		ldr	r0, [r7, #4]
 1081 0136 FFF7FEFF 		bl	chprintf
 1082              		.loc 5 282 3
 1083 013a 174B     		ldr	r3, .L53+64
 1084 013c 0E22     		movs	r2, #14
ARM GAS  C:\Users\DEVELO~1\AppData\Local\Temp\ccriN3Kt.s 			page 21


 1085 013e 2249     		ldr	r1, .L53+112
 1086 0140 7868     		ldr	r0, [r7, #4]
 1087 0142 FFF7FEFF 		bl	chprintf
 1088              		.loc 5 285 3
 1089 0146 2149     		ldr	r1, .L53+116
 1090 0148 7868     		ldr	r0, [r7, #4]
 1091 014a FFF7FEFF 		bl	chprintf
 1092              		.loc 5 286 1
 1093 014e 00BF     		nop
 1094 0150 1837     		adds	r7, r7, #24
 1095              		.cfi_def_cfa_offset 8
 1096 0152 BD46     		mov	sp, r7
 1097              		.cfi_def_cfa_register 13
 1098              		@ sp needed
 1099 0154 80BD     		pop	{r7, pc}
 1100              	.L54:
 1101 0156 00BF     		.align	2
 1102              	.L53:
 1103 0158 00440258 		.word	1476543488
 1104 015c 64000000 		.word	.LC1
 1105 0160 6C000000 		.word	.LC2
 1106 0164 00000000 		.word	SystemCoreClock
 1107 0168 84000000 		.word	.LC3
 1108 016c 00C2EB0B 		.word	200000000
 1109 0170 A0000000 		.word	.LC4
 1110 0174 00E1F505 		.word	100000000
 1111 0178 B0000000 		.word	.LC5
 1112 017c C0000000 		.word	.LC6
 1113 0180 D0000000 		.word	.LC7
 1114 0184 D4000000 		.word	.LC8
 1115 0188 D8000000 		.word	.LC9
 1116 018c DC000000 		.word	.LC10
 1117 0190 00B4C404 		.word	80000000
 1118 0194 E4000000 		.word	.LC11
 1119 0198 40AEEB02 		.word	49000000
 1120 019c EC000000 		.word	.LC12
 1121 01a0 00A24A04 		.word	72000000
 1122 01a4 F4000000 		.word	.LC13
 1123 01a8 00010000 		.word	.LC14
 1124 01ac 0090D003 		.word	64000000
 1125 01b0 08010000 		.word	.LC15
 1126 01b4 28010000 		.word	.LC16
 1127 01b8 34010000 		.word	.LC17
 1128 01bc 00E02E00 		.word	3072000
 1129 01c0 60010000 		.word	.LC18
 1130 01c4 70010000 		.word	.LC19
 1131 01c8 80010000 		.word	.LC20
 1132 01cc A0010000 		.word	.LC21
 1133              		.cfi_endproc
 1134              	.LFE437:
 1135              		.size	dump_rcc_clocks, .-dump_rcc_clocks
 1136              		.section	.rodata
 1137 01a3 00       		.align	2
 1138              	.LC22:
 1139 01a4 3D3D3D20 		.ascii	"=== GPIOE REGISTERS ===\015\012\000"
 1139      4750494F 
 1139      45205245 
ARM GAS  C:\Users\DEVELO~1\AppData\Local\Temp\ccriN3Kt.s 			page 22


 1139      47495354 
 1139      45525320 
 1140 01be 0000     		.align	2
 1141              	.LC23:
 1142 01c0 4D4F4445 		.ascii	"MODER=0x%08lx OTYPER=0x%08lx OSPEEDR=0x%08lx PUPDR="
 1142      523D3078 
 1142      2530386C 
 1142      78204F54 
 1142      59504552 
 1143 01f3 30782530 		.ascii	"0x%08lx\015\012\000"
 1143      386C780D 
 1143      0A00
 1144 01fd 000000   		.align	2
 1145              	.LC24:
 1146 0200 4146524C 		.ascii	"AFRL=0x%08lx AFRH=0x%08lx\015\012\000"
 1146      3D307825 
 1146      30386C78 
 1146      20414652 
 1146      483D3078 
 1147              		.align	2
 1148              	.LC25:
 1149 021c 5045345F 		.ascii	"PE4_AF=%lu PE5_AF=%lu PE6_AF=%lu\015\012\000"
 1149      41463D25 
 1149      6C752050 
 1149      45355F41 
 1149      463D256C 
 1150              		.section	.text.dump_gpioe_registers,"ax",%progbits
 1151              		.align	1
 1152              		.syntax unified
 1153              		.thumb
 1154              		.thumb_func
 1155              		.type	dump_gpioe_registers, %function
 1156              	dump_gpioe_registers:
 1157              	.LFB438:
 1158              		.loc 5 288 61
 1159              		.cfi_startproc
 1160              		@ args = 0, pretend = 0, frame = 48
 1161              		@ frame_needed = 1, uses_anonymous_args = 0
 1162 0000 80B5     		push	{r7, lr}
 1163              		.cfi_def_cfa_offset 8
 1164              		.cfi_offset 7, -8
 1165              		.cfi_offset 14, -4
 1166 0002 8EB0     		sub	sp, sp, #56
 1167              		.cfi_def_cfa_offset 64
 1168 0004 02AF     		add	r7, sp, #8
 1169              		.cfi_def_cfa 7, 56
 1170 0006 7860     		str	r0, [r7, #4]
 1171              		.loc 5 289 25
 1172 0008 224B     		ldr	r3, .L56
 1173              		.loc 5 289 12
 1174 000a 1B68     		ldr	r3, [r3]
 1175 000c FB62     		str	r3, [r7, #44]
 1176              		.loc 5 290 26
 1177 000e 214B     		ldr	r3, .L56
 1178              		.loc 5 290 12
 1179 0010 5B68     		ldr	r3, [r3, #4]
 1180 0012 BB62     		str	r3, [r7, #40]
ARM GAS  C:\Users\DEVELO~1\AppData\Local\Temp\ccriN3Kt.s 			page 23


 1181              		.loc 5 291 27
 1182 0014 1F4B     		ldr	r3, .L56
 1183              		.loc 5 291 12
 1184 0016 9B68     		ldr	r3, [r3, #8]
 1185 0018 7B62     		str	r3, [r7, #36]
 1186              		.loc 5 292 25
 1187 001a 1E4B     		ldr	r3, .L56
 1188              		.loc 5 292 12
 1189 001c DB68     		ldr	r3, [r3, #12]
 1190 001e 3B62     		str	r3, [r7, #32]
 1191              		.loc 5 293 24
 1192 0020 1C4B     		ldr	r3, .L56
 1193              		.loc 5 293 12
 1194 0022 1B6A     		ldr	r3, [r3, #32]
 1195 0024 FB61     		str	r3, [r7, #28]
 1196              		.loc 5 294 24
 1197 0026 1B4B     		ldr	r3, .L56
 1198              		.loc 5 294 12
 1199 0028 5B6A     		ldr	r3, [r3, #36]
 1200 002a BB61     		str	r3, [r7, #24]
 1201              		.loc 5 295 27
 1202 002c FB69     		ldr	r3, [r7, #28]
 1203 002e 1B0C     		lsrs	r3, r3, #16
 1204              		.loc 5 295 12
 1205 0030 03F00F03 		and	r3, r3, #15
 1206 0034 7B61     		str	r3, [r7, #20]
 1207              		.loc 5 296 27
 1208 0036 FB69     		ldr	r3, [r7, #28]
 1209 0038 1B0D     		lsrs	r3, r3, #20
 1210              		.loc 5 296 12
 1211 003a 03F00F03 		and	r3, r3, #15
 1212 003e 3B61     		str	r3, [r7, #16]
 1213              		.loc 5 297 27
 1214 0040 FB69     		ldr	r3, [r7, #28]
 1215 0042 1B0E     		lsrs	r3, r3, #24
 1216              		.loc 5 297 12
 1217 0044 03F00F03 		and	r3, r3, #15
 1218 0048 FB60     		str	r3, [r7, #12]
 1219              		.loc 5 299 3
 1220 004a 1349     		ldr	r1, .L56+4
 1221 004c 7868     		ldr	r0, [r7, #4]
 1222 004e FFF7FEFF 		bl	chprintf
 1223              		.loc 5 300 3
 1224 0052 3B6A     		ldr	r3, [r7, #32]
 1225 0054 0193     		str	r3, [sp, #4]
 1226 0056 7B6A     		ldr	r3, [r7, #36]
 1227 0058 0093     		str	r3, [sp]
 1228 005a BB6A     		ldr	r3, [r7, #40]
 1229 005c FA6A     		ldr	r2, [r7, #44]
 1230 005e 0F49     		ldr	r1, .L56+8
 1231 0060 7868     		ldr	r0, [r7, #4]
 1232 0062 FFF7FEFF 		bl	chprintf
 1233              		.loc 5 305 3
 1234 0066 BB69     		ldr	r3, [r7, #24]
 1235 0068 FA69     		ldr	r2, [r7, #28]
 1236 006a 0D49     		ldr	r1, .L56+12
 1237 006c 7868     		ldr	r0, [r7, #4]
ARM GAS  C:\Users\DEVELO~1\AppData\Local\Temp\ccriN3Kt.s 			page 24


 1238 006e FFF7FEFF 		bl	chprintf
 1239              		.loc 5 308 3
 1240 0072 FB68     		ldr	r3, [r7, #12]
 1241 0074 0093     		str	r3, [sp]
 1242 0076 3B69     		ldr	r3, [r7, #16]
 1243 0078 7A69     		ldr	r2, [r7, #20]
 1244 007a 0A49     		ldr	r1, .L56+16
 1245 007c 7868     		ldr	r0, [r7, #4]
 1246 007e FFF7FEFF 		bl	chprintf
 1247              		.loc 5 312 3
 1248 0082 0949     		ldr	r1, .L56+20
 1249 0084 7868     		ldr	r0, [r7, #4]
 1250 0086 FFF7FEFF 		bl	chprintf
 1251              		.loc 5 313 1
 1252 008a 00BF     		nop
 1253 008c 3037     		adds	r7, r7, #48
 1254              		.cfi_def_cfa_offset 8
 1255 008e BD46     		mov	sp, r7
 1256              		.cfi_def_cfa_register 13
 1257              		@ sp needed
 1258 0090 80BD     		pop	{r7, pc}
 1259              	.L57:
 1260 0092 00BF     		.align	2
 1261              	.L56:
 1262 0094 00100258 		.word	1476530176
 1263 0098 A4010000 		.word	.LC22
 1264 009c C0010000 		.word	.LC23
 1265 00a0 00020000 		.word	.LC24
 1266 00a4 1C020000 		.word	.LC25
 1267 00a8 A0010000 		.word	.LC21
 1268              		.cfi_endproc
 1269              	.LFE438:
 1270              		.size	dump_gpioe_registers, .-dump_gpioe_registers
 1271              		.section	.rodata
 1272 023f 00       		.align	2
 1273              	.LC26:
 1274 0240 3D3D3D20 		.ascii	"=== SAI1 REGISTERS (%s) ===\015\012\000"
 1274      53414931 
 1274      20524547 
 1274      49535445 
 1274      52532028 
 1275 025e 0000     		.align	2
 1276              	.LC27:
 1277 0260 53414931 		.ascii	"SAI1_GCR = 0x%08lx\015\012\000"
 1277      5F474352 
 1277      203D2030 
 1277      78253038 
 1277      6C780D0A 
 1278 0275 000000   		.align	2
 1279              	.LC28:
 1280 0278 53414931 		.ascii	"SAI1A: CR1=0x%08lx CR2=0x%08lx FRCR=0x%08lx SLOTR=0"
 1280      413A2043 
 1280      52313D30 
 1280      78253038 
 1280      6C782043 
 1281 02ab 78253038 		.ascii	"x%08lx\015\012\000"
 1281      6C780D0A 
ARM GAS  C:\Users\DEVELO~1\AppData\Local\Temp\ccriN3Kt.s 			page 25


 1281      00
 1282              		.align	2
 1283              	.LC29:
 1284 02b4 53414931 		.ascii	"SAI1A: IMR=0x%08lx SR=0x%08lx CLRFR=0x%08lx DR=0x%0"
 1284      413A2049 
 1284      4D523D30 
 1284      78253038 
 1284      6C782053 
 1285 02e7 386C780D 		.ascii	"8lx\015\012\000"
 1285      0A00
 1286              		.section	.text.dump_sai_registers,"ax",%progbits
 1287              		.align	1
 1288              		.syntax unified
 1289              		.thumb
 1290              		.thumb_func
 1291              		.type	dump_sai_registers, %function
 1292              	dump_sai_registers:
 1293              	.LFB439:
 1294              		.loc 5 319 76
 1295              		.cfi_startproc
 1296              		@ args = 0, pretend = 0, frame = 8
 1297              		@ frame_needed = 1, uses_anonymous_args = 0
 1298 0000 80B5     		push	{r7, lr}
 1299              		.cfi_def_cfa_offset 8
 1300              		.cfi_offset 7, -8
 1301              		.cfi_offset 14, -4
 1302 0002 84B0     		sub	sp, sp, #16
 1303              		.cfi_def_cfa_offset 24
 1304 0004 02AF     		add	r7, sp, #8
 1305              		.cfi_def_cfa 7, 16
 1306 0006 7860     		str	r0, [r7, #4]
 1307 0008 3960     		str	r1, [r7]
 1308              		.loc 5 320 3
 1309 000a 3A68     		ldr	r2, [r7]
 1310 000c 1949     		ldr	r1, .L59
 1311 000e 7868     		ldr	r0, [r7, #4]
 1312 0010 FFF7FEFF 		bl	chprintf
 1313              		.loc 5 321 62
 1314 0014 184B     		ldr	r3, .L59+4
 1315 0016 1B68     		ldr	r3, [r3]
 1316              		.loc 5 321 3
 1317 0018 1A46     		mov	r2, r3
 1318 001a 1849     		ldr	r1, .L59+8
 1319 001c 7868     		ldr	r0, [r7, #4]
 1320 001e FFF7FEFF 		bl	chprintf
 1321              		.loc 5 324 39
 1322 0022 174B     		ldr	r3, .L59+12
 1323 0024 1968     		ldr	r1, [r3]
 1324              		.loc 5 325 39
 1325 0026 164B     		ldr	r3, .L59+12
 1326 0028 5868     		ldr	r0, [r3, #4]
 1327              		.loc 5 326 39
 1328 002a 154B     		ldr	r3, .L59+12
 1329 002c 9B68     		ldr	r3, [r3, #8]
 1330              		.loc 5 327 39
 1331 002e 144A     		ldr	r2, .L59+12
 1332 0030 D268     		ldr	r2, [r2, #12]
ARM GAS  C:\Users\DEVELO~1\AppData\Local\Temp\ccriN3Kt.s 			page 26


 1333              		.loc 5 322 3
 1334 0032 0192     		str	r2, [sp, #4]
 1335 0034 0093     		str	r3, [sp]
 1336 0036 0346     		mov	r3, r0
 1337 0038 0A46     		mov	r2, r1
 1338 003a 1249     		ldr	r1, .L59+16
 1339 003c 7868     		ldr	r0, [r7, #4]
 1340 003e FFF7FEFF 		bl	chprintf
 1341              		.loc 5 330 39
 1342 0042 0F4B     		ldr	r3, .L59+12
 1343 0044 1969     		ldr	r1, [r3, #16]
 1344              		.loc 5 331 39
 1345 0046 0E4B     		ldr	r3, .L59+12
 1346 0048 5869     		ldr	r0, [r3, #20]
 1347              		.loc 5 332 39
 1348 004a 0D4B     		ldr	r3, .L59+12
 1349 004c 9B69     		ldr	r3, [r3, #24]
 1350              		.loc 5 333 39
 1351 004e 0C4A     		ldr	r2, .L59+12
 1352 0050 D269     		ldr	r2, [r2, #28]
 1353              		.loc 5 328 3
 1354 0052 0192     		str	r2, [sp, #4]
 1355 0054 0093     		str	r3, [sp]
 1356 0056 0346     		mov	r3, r0
 1357 0058 0A46     		mov	r2, r1
 1358 005a 0B49     		ldr	r1, .L59+20
 1359 005c 7868     		ldr	r0, [r7, #4]
 1360 005e FFF7FEFF 		bl	chprintf
 1361              		.loc 5 334 3
 1362 0062 0A49     		ldr	r1, .L59+24
 1363 0064 7868     		ldr	r0, [r7, #4]
 1364 0066 FFF7FEFF 		bl	chprintf
 1365              		.loc 5 335 1
 1366 006a 00BF     		nop
 1367 006c 0837     		adds	r7, r7, #8
 1368              		.cfi_def_cfa_offset 8
 1369 006e BD46     		mov	sp, r7
 1370              		.cfi_def_cfa_register 13
 1371              		@ sp needed
 1372 0070 80BD     		pop	{r7, pc}
 1373              	.L60:
 1374 0072 00BF     		.align	2
 1375              	.L59:
 1376 0074 40020000 		.word	.LC26
 1377 0078 00580140 		.word	1073829888
 1378 007c 60020000 		.word	.LC27
 1379 0080 04580140 		.word	1073829892
 1380 0084 78020000 		.word	.LC28
 1381 0088 B4020000 		.word	.LC29
 1382 008c A0010000 		.word	.LC21
 1383              		.cfi_endproc
 1384              	.LFE439:
 1385              		.size	dump_sai_registers, .-dump_sai_registers
 1386              		.section	.rodata
 1387 02ed 000000   		.align	2
 1388              	.LC30:
 1389 02f0 3D3D3D20 		.ascii	"=== DMA REGISTERS (SAI1A TX) ===\015\012\000"
ARM GAS  C:\Users\DEVELO~1\AppData\Local\Temp\ccriN3Kt.s 			page 27


 1389      444D4120 
 1389      52454749 
 1389      53544552 
 1389      53202853 
 1390 0313 00       		.align	2
 1391              	.LC31:
 1392 0314 444D4120 		.ascii	"DMA stream not allocated.\015\012\015\012\000"
 1392      73747265 
 1392      616D206E 
 1392      6F742061 
 1392      6C6C6F63 
 1393 0332 0000     		.align	2
 1394              	.LC32:
 1395 0334 43523D30 		.ascii	"CR=0x%08lx NDTR=0x%08lx PAR=0x%08lx M0AR=0x%08lx FC"
 1395      78253038 
 1395      6C78204E 
 1395      4454523D 
 1395      30782530 
 1396 0367 523D3078 		.ascii	"R=0x%08lx\015\012\000"
 1396      2530386C 
 1396      780D0A00 
 1397 0373 00       		.align	2
 1398              	.LC33:
 1399 0374 444D414D 		.ascii	"DMAMUX_CCR=0x%08lx\015\012\000"
 1399      55585F43 
 1399      43523D30 
 1399      78253038 
 1399      6C780D0A 
 1400              		.section	.text.dump_dma_registers,"ax",%progbits
 1401              		.align	1
 1402              		.syntax unified
 1403              		.thumb
 1404              		.thumb_func
 1405              		.type	dump_dma_registers, %function
 1406              	dump_dma_registers:
 1407              	.LFB440:
 1408              		.loc 5 337 82
 1409              		.cfi_startproc
 1410              		@ args = 0, pretend = 0, frame = 16
 1411              		@ frame_needed = 1, uses_anonymous_args = 0
 1412 0000 90B5     		push	{r4, r7, lr}
 1413              		.cfi_def_cfa_offset 12
 1414              		.cfi_offset 4, -12
 1415              		.cfi_offset 7, -8
 1416              		.cfi_offset 14, -4
 1417 0002 89B0     		sub	sp, sp, #36
 1418              		.cfi_def_cfa_offset 48
 1419 0004 04AF     		add	r7, sp, #16
 1420              		.cfi_def_cfa 7, 32
 1421 0006 7860     		str	r0, [r7, #4]
 1422 0008 3960     		str	r1, [r7]
 1423              		.loc 5 338 29
 1424 000a 3B68     		ldr	r3, [r7]
 1425 000c 9B69     		ldr	r3, [r3, #24]
 1426 000e FB60     		str	r3, [r7, #12]
 1427              		.loc 5 340 3
 1428 0010 1949     		ldr	r1, .L64
ARM GAS  C:\Users\DEVELO~1\AppData\Local\Temp\ccriN3Kt.s 			page 28


 1429 0012 7868     		ldr	r0, [r7, #4]
 1430 0014 FFF7FEFF 		bl	chprintf
 1431              		.loc 5 341 6
 1432 0018 FB68     		ldr	r3, [r7, #12]
 1433 001a 002B     		cmp	r3, #0
 1434 001c 04D1     		bne	.L62
 1435              		.loc 5 342 5
 1436 001e 1749     		ldr	r1, .L64+4
 1437 0020 7868     		ldr	r0, [r7, #4]
 1438 0022 FFF7FEFF 		bl	chprintf
 1439              		.loc 5 343 5
 1440 0026 23E0     		b	.L61
 1441              	.L62:
 1442              		.loc 5 348 33
 1443 0028 FB68     		ldr	r3, [r7, #12]
 1444 002a 1B68     		ldr	r3, [r3]
 1445              		.loc 5 348 41
 1446 002c 1868     		ldr	r0, [r3]
 1447              		.loc 5 349 33
 1448 002e FB68     		ldr	r3, [r7, #12]
 1449 0030 1B68     		ldr	r3, [r3]
 1450              		.loc 5 349 41
 1451 0032 5C68     		ldr	r4, [r3, #4]
 1452              		.loc 5 350 33
 1453 0034 FB68     		ldr	r3, [r7, #12]
 1454 0036 1B68     		ldr	r3, [r3]
 1455              		.loc 5 350 41
 1456 0038 9B68     		ldr	r3, [r3, #8]
 1457              		.loc 5 351 33
 1458 003a FA68     		ldr	r2, [r7, #12]
 1459 003c 1268     		ldr	r2, [r2]
 1460              		.loc 5 351 41
 1461 003e D268     		ldr	r2, [r2, #12]
 1462              		.loc 5 352 33
 1463 0040 F968     		ldr	r1, [r7, #12]
 1464 0042 0968     		ldr	r1, [r1]
 1465              		.loc 5 352 41
 1466 0044 4969     		ldr	r1, [r1, #20]
 1467              		.loc 5 346 3
 1468 0046 0291     		str	r1, [sp, #8]
 1469 0048 0192     		str	r2, [sp, #4]
 1470 004a 0093     		str	r3, [sp]
 1471 004c 2346     		mov	r3, r4
 1472 004e 0246     		mov	r2, r0
 1473 0050 0B49     		ldr	r1, .L64+8
 1474 0052 7868     		ldr	r0, [r7, #4]
 1475 0054 FFF7FEFF 		bl	chprintf
 1476              		.loc 5 354 64
 1477 0058 FB68     		ldr	r3, [r7, #12]
 1478 005a 9B68     		ldr	r3, [r3, #8]
 1479              		.loc 5 354 69
 1480 005c 1B68     		ldr	r3, [r3]
 1481              		.loc 5 354 3
 1482 005e 1A46     		mov	r2, r3
 1483 0060 0849     		ldr	r1, .L64+12
 1484 0062 7868     		ldr	r0, [r7, #4]
 1485 0064 FFF7FEFF 		bl	chprintf
ARM GAS  C:\Users\DEVELO~1\AppData\Local\Temp\ccriN3Kt.s 			page 29


 1486              		.loc 5 356 3
 1487 0068 0749     		ldr	r1, .L64+16
 1488 006a 7868     		ldr	r0, [r7, #4]
 1489 006c FFF7FEFF 		bl	chprintf
 1490              	.L61:
 1491              		.loc 5 357 1
 1492 0070 1437     		adds	r7, r7, #20
 1493              		.cfi_def_cfa_offset 12
 1494 0072 BD46     		mov	sp, r7
 1495              		.cfi_def_cfa_register 13
 1496              		@ sp needed
 1497 0074 90BD     		pop	{r4, r7, pc}
 1498              	.L65:
 1499 0076 00BF     		.align	2
 1500              	.L64:
 1501 0078 F0020000 		.word	.LC30
 1502 007c 14030000 		.word	.LC31
 1503 0080 34030000 		.word	.LC32
 1504 0084 74030000 		.word	.LC33
 1505 0088 A0010000 		.word	.LC21
 1506              		.cfi_endproc
 1507              	.LFE440:
 1508              		.size	dump_dma_registers, .-dump_dma_registers
 1509              		.section	.rodata
 1510 0389 000000   		.align	2
 1511              	.LC34:
 1512 038c 454D5054 		.ascii	"EMPTY\000"
 1512      5900
 1513 0392 0000     		.align	2
 1514              	.LC35:
 1515 0394 312F3400 		.ascii	"1/4\000"
 1516              		.align	2
 1517              	.LC36:
 1518 0398 312F3200 		.ascii	"1/2\000"
 1519              		.align	2
 1520              	.LC37:
 1521 039c 332F3400 		.ascii	"3/4\000"
 1522              		.align	2
 1523              	.LC38:
 1524 03a0 46554C4C 		.ascii	"FULL\000"
 1524      00
 1525 03a5 000000   		.align	2
 1526              	.LC39:
 1527 03a8 52455356 		.ascii	"RESV\000"
 1527      00
 1528              		.section	.text.sai_fifo_level_name,"ax",%progbits
 1529              		.align	1
 1530              		.syntax unified
 1531              		.thumb
 1532              		.thumb_func
 1533              		.type	sai_fifo_level_name, %function
 1534              	sai_fifo_level_name:
 1535              	.LFB441:
 1536              		.loc 5 359 55
 1537              		.cfi_startproc
 1538              		@ args = 0, pretend = 0, frame = 8
 1539              		@ frame_needed = 1, uses_anonymous_args = 0
ARM GAS  C:\Users\DEVELO~1\AppData\Local\Temp\ccriN3Kt.s 			page 30


 1540              		@ link register save eliminated.
 1541 0000 80B4     		push	{r7}
 1542              		.cfi_def_cfa_offset 4
 1543              		.cfi_offset 7, -4
 1544 0002 83B0     		sub	sp, sp, #12
 1545              		.cfi_def_cfa_offset 16
 1546 0004 00AF     		add	r7, sp, #0
 1547              		.cfi_def_cfa_register 7
 1548 0006 7860     		str	r0, [r7, #4]
 1549              		.loc 5 360 3
 1550 0008 7B68     		ldr	r3, [r7, #4]
 1551 000a 042B     		cmp	r3, #4
 1552 000c 16D8     		bhi	.L67
 1553 000e 01A2     		adr	r2, .L69
 1554 0010 52F823F0 		ldr	pc, [r2, r3, lsl #2]
 1555              		.p2align 2
 1556              	.L69:
 1557 0014 29000000 		.word	.L73+1
 1558 0018 2D000000 		.word	.L72+1
 1559 001c 31000000 		.word	.L71+1
 1560 0020 35000000 		.word	.L70+1
 1561 0024 39000000 		.word	.L68+1
 1562              		.p2align 1
 1563              	.L73:
 1564              		.loc 5 362 12
 1565 0028 074B     		ldr	r3, .L75
 1566 002a 08E0     		b	.L74
 1567              	.L72:
 1568              		.loc 5 364 12
 1569 002c 074B     		ldr	r3, .L75+4
 1570 002e 06E0     		b	.L74
 1571              	.L71:
 1572              		.loc 5 366 12
 1573 0030 074B     		ldr	r3, .L75+8
 1574 0032 04E0     		b	.L74
 1575              	.L70:
 1576              		.loc 5 368 12
 1577 0034 074B     		ldr	r3, .L75+12
 1578 0036 02E0     		b	.L74
 1579              	.L68:
 1580              		.loc 5 370 12
 1581 0038 074B     		ldr	r3, .L75+16
 1582 003a 00E0     		b	.L74
 1583              	.L67:
 1584              		.loc 5 372 12
 1585 003c 074B     		ldr	r3, .L75+20
 1586              	.L74:
 1587              		.loc 5 374 1
 1588 003e 1846     		mov	r0, r3
 1589 0040 0C37     		adds	r7, r7, #12
 1590              		.cfi_def_cfa_offset 4
 1591 0042 BD46     		mov	sp, r7
 1592              		.cfi_def_cfa_register 13
 1593              		@ sp needed
 1594 0044 80BC     		pop	{r7}
 1595              		.cfi_restore 7
 1596              		.cfi_def_cfa_offset 0
ARM GAS  C:\Users\DEVELO~1\AppData\Local\Temp\ccriN3Kt.s 			page 31


 1597 0046 7047     		bx	lr
 1598              	.L76:
 1599              		.align	2
 1600              	.L75:
 1601 0048 8C030000 		.word	.LC34
 1602 004c 94030000 		.word	.LC35
 1603 0050 98030000 		.word	.LC36
 1604 0054 9C030000 		.word	.LC37
 1605 0058 A0030000 		.word	.LC38
 1606 005c A8030000 		.word	.LC39
 1607              		.cfi_endproc
 1608              	.LFE441:
 1609              		.size	sai_fifo_level_name, .-sai_fifo_level_name
 1610              		.section	.rodata
 1611 03ad 000000   		.align	2
 1612              	.LC40:
 1613 03b0 0D0A3D3D 		.ascii	"\015\012=== STM32H743 SAI1A I2S BRING-UP (48 kHz, S"
 1613      3D205354 
 1613      4D333248 
 1613      37343320 
 1613      53414931 
 1614 03dd 54455245 		.ascii	"TEREO, NO MCLK) ===\015\012\000"
 1614      4F2C204E 
 1614      4F204D43 
 1614      4C4B2920 
 1614      3D3D3D0D 
 1615 03f3 00       		.align	2
 1616              	.LC41:
 1617 03f4 3D3D3D20 		.ascii	"=== RCC CLOCK ENABLES ===\015\012\000"
 1617      52434320 
 1617      434C4F43 
 1617      4B20454E 
 1617      41424C45 
 1618              		.align	2
 1619              	.LC42:
 1620 0410 41484234 		.ascii	"AHB4ENR=0x%08lx (GPIOEEN=%lu)\015\012\000"
 1620      454E523D 
 1620      30782530 
 1620      386C7820 
 1620      28475049 
 1621              		.align	2
 1622              	.LC43:
 1623 0430 41504232 		.ascii	"APB2ENR=0x%08lx (SAI1EN=%lu)\015\012\000"
 1623      454E523D 
 1623      30782530 
 1623      386C7820 
 1623      28534149 
 1624 044f 00       		.align	2
 1625              	.LC44:
 1626 0450 44324343 		.ascii	"D2CCIP1R=0x%08lx (SAI1SEL=%lu)\015\012\015\012\000"
 1626      49503152 
 1626      3D307825 
 1626      30386C78 
 1626      20285341 
 1627 0473 00       		.align	2
 1628              	.LC45:
 1629 0474 61667465 		.ascii	"after saiStart\000"
ARM GAS  C:\Users\DEVELO~1\AppData\Local\Temp\ccriN3Kt.s 			page 32


 1629      72207361 
 1629      69537461 
 1629      727400
 1630 0483 00       		.align	2
 1631              	.LC46:
 1632 0484 61667465 		.ascii	"after saiStartExchange\000"
 1632      72207361 
 1632      69537461 
 1632      72744578 
 1632      6368616E 
 1633 049b 00       		.align	2
 1634              	.LC47:
 1635 049c 3D3D3D20 		.ascii	"=== RUNTIME STATUS ===\015\012\000"
 1635      52554E54 
 1635      494D4520 
 1635      53544154 
 1635      5553203D 
 1636 04b5 000000   		.align	2
 1637              	.LC48:
 1638 04b8 48543D25 		.ascii	"HT=%lu TC=%lu DMA_ERR=%lu SAI_ERR=%lu SAI_REPEAT=%l"
 1638      6C752054 
 1638      433D256C 
 1638      7520444D 
 1638      415F4552 
 1639 04eb 750D0A00 		.ascii	"u\015\012\000"
 1640 04ef 00       		.align	2
 1641              	.LC49:
 1642 04f0 5341495F 		.ascii	"SAI_SR=0x%08lx FIFO=%s (0x%lx)\015\012\015\012\000"
 1642      53523D30 
 1642      78253038 
 1642      6C782046 
 1642      49464F3D 
 1643              		.section	.text.main,"ax",%progbits
 1644              		.align	1
 1645              		.global	main
 1646              		.syntax unified
 1647              		.thumb
 1648              		.thumb_func
 1649              		.type	main, %function
 1650              	main:
 1651              	.LFB442:
 1652              		.loc 5 380 16
 1653              		.cfi_startproc
 1654              		@ args = 0, pretend = 0, frame = 24
 1655              		@ frame_needed = 1, uses_anonymous_args = 0
 1656 0000 90B5     		push	{r4, r7, lr}
 1657              		.cfi_def_cfa_offset 12
 1658              		.cfi_offset 4, -12
 1659              		.cfi_offset 7, -8
 1660              		.cfi_offset 14, -4
 1661 0002 8BB0     		sub	sp, sp, #44
 1662              		.cfi_def_cfa_offset 56
 1663 0004 04AF     		add	r7, sp, #16
 1664              		.cfi_def_cfa 7, 40
 1665              		.loc 5 383 3
 1666 0006 FFF7FEFF 		bl	halInit
 1667              		.loc 5 384 3
ARM GAS  C:\Users\DEVELO~1\AppData\Local\Temp\ccriN3Kt.s 			page 33


 1668 000a FFF7FEFF 		bl	chSysInit
 1669              		.loc 5 386 3
 1670 000e 5949     		ldr	r1, .L85
 1671 0010 5948     		ldr	r0, .L85+4
 1672 0012 FFF7FEFF 		bl	sdStart
 1673              		.loc 5 387 7
 1674 0016 584B     		ldr	r3, .L85+4
 1675 0018 7B61     		str	r3, [r7, #20]
 1676              		.loc 5 389 3
 1677 001a 5849     		ldr	r1, .L85+8
 1678 001c 7869     		ldr	r0, [r7, #20]
 1679 001e FFF7FEFF 		bl	chprintf
 1680              		.loc 5 392 3
 1681 0022 7869     		ldr	r0, [r7, #20]
 1682 0024 FFF7FEFF 		bl	dump_rcc_clocks
 1683              		.loc 5 393 3
 1684 0028 5549     		ldr	r1, .L85+12
 1685 002a 7869     		ldr	r0, [r7, #20]
 1686 002c FFF7FEFF 		bl	chprintf
 1687              		.loc 5 395 30
 1688 0030 544B     		ldr	r3, .L85+16
 1689 0032 D3F8E020 		ldr	r2, [r3, #224]
 1690              		.loc 5 396 32
 1691 0036 534B     		ldr	r3, .L85+16
 1692 0038 D3F8E030 		ldr	r3, [r3, #224]
 1693              		.loc 5 396 42
 1694 003c 03F01003 		and	r3, r3, #16
 1695              		.loc 5 394 3
 1696 0040 002B     		cmp	r3, #0
 1697 0042 01D0     		beq	.L78
 1698              		.loc 5 394 3 is_stmt 0 discriminator 1
 1699 0044 0123     		movs	r3, #1
 1700 0046 00E0     		b	.L79
 1701              	.L78:
 1702              		.loc 5 394 3 discriminator 2
 1703 0048 0023     		movs	r3, #0
 1704              	.L79:
 1705              		.loc 5 394 3 discriminator 4
 1706 004a 4F49     		ldr	r1, .L85+20
 1707 004c 7869     		ldr	r0, [r7, #20]
 1708 004e FFF7FEFF 		bl	chprintf
 1709              		.loc 5 398 30 is_stmt 1 discriminator 4
 1710 0052 4C4B     		ldr	r3, .L85+16
 1711 0054 D3F8F020 		ldr	r2, [r3, #240]
 1712              		.loc 5 399 32 discriminator 4
 1713 0058 4A4B     		ldr	r3, .L85+16
 1714 005a D3F8F030 		ldr	r3, [r3, #240]
 1715              		.loc 5 399 42 discriminator 4
 1716 005e 03F48003 		and	r3, r3, #4194304
 1717              		.loc 5 397 3 discriminator 4
 1718 0062 002B     		cmp	r3, #0
 1719 0064 01D0     		beq	.L80
 1720              		.loc 5 397 3 is_stmt 0 discriminator 1
 1721 0066 0123     		movs	r3, #1
 1722 0068 00E0     		b	.L81
 1723              	.L80:
 1724              		.loc 5 397 3 discriminator 2
ARM GAS  C:\Users\DEVELO~1\AppData\Local\Temp\ccriN3Kt.s 			page 34


 1725 006a 0023     		movs	r3, #0
 1726              	.L81:
 1727              		.loc 5 397 3 discriminator 4
 1728 006c 4749     		ldr	r1, .L85+24
 1729 006e 7869     		ldr	r0, [r7, #20]
 1730 0070 FFF7FEFF 		bl	chprintf
 1731              		.loc 5 401 30 is_stmt 1 discriminator 4
 1732 0074 434B     		ldr	r3, .L85+16
 1733 0076 1A6D     		ldr	r2, [r3, #80]
 1734              		.loc 5 402 32 discriminator 4
 1735 0078 424B     		ldr	r3, .L85+16
 1736 007a 1B6D     		ldr	r3, [r3, #80]
 1737              		.loc 5 400 3 discriminator 4
 1738 007c 03F00703 		and	r3, r3, #7
 1739 0080 4349     		ldr	r1, .L85+28
 1740 0082 7869     		ldr	r0, [r7, #20]
 1741 0084 FFF7FEFF 		bl	chprintf
 1742              		.loc 5 404 3 discriminator 4
 1743 0088 7869     		ldr	r0, [r7, #20]
 1744 008a FFF7FEFF 		bl	dump_gpioe_registers
 1745              		.loc 5 406 3 discriminator 4
 1746 008e 0020     		movs	r0, #0
 1747 0090 FFF7FEFF 		bl	fill_half_buffer
 1748              		.loc 5 407 3 discriminator 4
 1749 0094 0120     		movs	r0, #1
 1750 0096 FFF7FEFF 		bl	fill_half_buffer
 1751              		.loc 5 409 3 discriminator 4
 1752 009a 3E49     		ldr	r1, .L85+32
 1753 009c 3E48     		ldr	r0, .L85+36
 1754 009e FFF7FEFF 		bl	saiStart
 1755              		.loc 5 410 3 discriminator 4
 1756 00a2 3E49     		ldr	r1, .L85+40
 1757 00a4 7869     		ldr	r0, [r7, #20]
 1758 00a6 FFF7FEFF 		bl	dump_sai_registers
 1759              		.loc 5 412 3 discriminator 4
 1760 00aa 4FF48073 		mov	r3, #256
 1761 00ae 0022     		movs	r2, #0
 1762 00b0 3B49     		ldr	r1, .L85+44
 1763 00b2 3948     		ldr	r0, .L85+36
 1764 00b4 FFF7FEFF 		bl	saiSetBuffers
 1765              		.loc 5 416 3 discriminator 4
 1766 00b8 3749     		ldr	r1, .L85+36
 1767 00ba 7869     		ldr	r0, [r7, #20]
 1768 00bc FFF7FEFF 		bl	dump_dma_registers
 1769              		.loc 5 418 3 discriminator 4
 1770 00c0 3548     		ldr	r0, .L85+36
 1771 00c2 FFF7FEFF 		bl	saiStartExchange
 1772              		.loc 5 419 3 discriminator 4
 1773 00c6 3749     		ldr	r1, .L85+48
 1774 00c8 7869     		ldr	r0, [r7, #20]
 1775 00ca FFF7FEFF 		bl	dump_sai_registers
 1776              	.L84:
 1777              	.LBB23:
 1778              		.loc 5 427 5
 1779 00ce FFF7FEFF 		bl	osalSysLock
 1780              		.loc 5 428 15
 1781 00d2 314B     		ldr	r3, .L85+36
ARM GAS  C:\Users\DEVELO~1\AppData\Local\Temp\ccriN3Kt.s 			page 35


 1782 00d4 1B6B     		ldr	r3, [r3, #48]
 1783 00d6 3B61     		str	r3, [r7, #16]
 1784              		.loc 5 429 17
 1785 00d8 2F4B     		ldr	r3, .L85+36
 1786 00da 5B6B     		ldr	r3, [r3, #52]
 1787 00dc FB60     		str	r3, [r7, #12]
 1788              		.loc 5 430 24
 1789 00de 2E4B     		ldr	r3, .L85+36
 1790 00e0 0022     		movs	r2, #0
 1791 00e2 1A63     		str	r2, [r3, #48]
 1792              		.loc 5 431 26
 1793 00e4 2C4B     		ldr	r3, .L85+36
 1794 00e6 0022     		movs	r2, #0
 1795 00e8 5A63     		str	r2, [r3, #52]
 1796              		.loc 5 432 16
 1797 00ea 2B4B     		ldr	r3, .L85+36
 1798 00ec DB68     		ldr	r3, [r3, #12]
 1799              		.loc 5 432 8
 1800 00ee 5B69     		ldr	r3, [r3, #20]
 1801 00f0 BB60     		str	r3, [r7, #8]
 1802              		.loc 5 433 5
 1803 00f2 FFF7FEFF 		bl	osalSysUnlock
 1804              		.loc 5 435 8
 1805 00f6 3B69     		ldr	r3, [r7, #16]
 1806 00f8 002B     		cmp	r3, #0
 1807 00fa 04D0     		beq	.L82
 1808              		.loc 5 436 28
 1809 00fc 2A4B     		ldr	r3, .L85+52
 1810 00fe 1B68     		ldr	r3, [r3]
 1811 0100 0133     		adds	r3, r3, #1
 1812 0102 294A     		ldr	r2, .L85+52
 1813 0104 1360     		str	r3, [r2]
 1814              	.L82:
 1815              		.loc 5 438 8
 1816 0106 FB68     		ldr	r3, [r7, #12]
 1817 0108 002B     		cmp	r3, #0
 1818 010a 05D0     		beq	.L83
 1819              		.loc 5 439 31
 1820 010c 274B     		ldr	r3, .L85+56
 1821 010e 1A68     		ldr	r2, [r3]
 1822 0110 FB68     		ldr	r3, [r7, #12]
 1823 0112 1344     		add	r3, r3, r2
 1824 0114 254A     		ldr	r2, .L85+56
 1825 0116 1360     		str	r3, [r2]
 1826              	.L83:
 1827              		.loc 5 442 36
 1828 0118 BB68     		ldr	r3, [r7, #8]
 1829 011a 1B0C     		lsrs	r3, r3, #16
 1830              		.loc 5 442 10
 1831 011c 03F00703 		and	r3, r3, #7
 1832 0120 7B60     		str	r3, [r7, #4]
 1833              		.loc 5 444 5
 1834 0122 2349     		ldr	r1, .L85+60
 1835 0124 7869     		ldr	r0, [r7, #20]
 1836 0126 FFF7FEFF 		bl	chprintf
 1837              		.loc 5 445 5
 1838 012a 224B     		ldr	r3, .L85+64
ARM GAS  C:\Users\DEVELO~1\AppData\Local\Temp\ccriN3Kt.s 			page 36


 1839 012c 1868     		ldr	r0, [r3]
 1840 012e 224B     		ldr	r3, .L85+68
 1841 0130 1C68     		ldr	r4, [r3]
 1842 0132 224B     		ldr	r3, .L85+72
 1843 0134 1B68     		ldr	r3, [r3]
 1844 0136 1C4A     		ldr	r2, .L85+52
 1845 0138 1268     		ldr	r2, [r2]
 1846 013a 1C49     		ldr	r1, .L85+56
 1847 013c 0968     		ldr	r1, [r1]
 1848 013e 0291     		str	r1, [sp, #8]
 1849 0140 0192     		str	r2, [sp, #4]
 1850 0142 0093     		str	r3, [sp]
 1851 0144 2346     		mov	r3, r4
 1852 0146 0246     		mov	r2, r0
 1853 0148 1D49     		ldr	r1, .L85+76
 1854 014a 7869     		ldr	r0, [r7, #20]
 1855 014c FFF7FEFF 		bl	chprintf
 1856              		.loc 5 452 5
 1857 0150 7868     		ldr	r0, [r7, #4]
 1858 0152 FFF7FEFF 		bl	sai_fifo_level_name
 1859 0156 0246     		mov	r2, r0
 1860 0158 7B68     		ldr	r3, [r7, #4]
 1861 015a 0093     		str	r3, [sp]
 1862 015c 1346     		mov	r3, r2
 1863 015e BA68     		ldr	r2, [r7, #8]
 1864 0160 1849     		ldr	r1, .L85+80
 1865 0162 7869     		ldr	r0, [r7, #20]
 1866 0164 FFF7FEFF 		bl	chprintf
 1867              		.loc 5 458 5
 1868 0168 42F21070 		movw	r0, #10000
 1869 016c FFF7FEFF 		bl	chThdSleep
 1870              	.LBE23:
 1871              		.loc 5 421 16
 1872 0170 ADE7     		b	.L84
 1873              	.L86:
 1874 0172 00BF     		.align	2
 1875              	.L85:
 1876 0174 00000000 		.word	sercfg
 1877 0178 00000000 		.word	SD1
 1878 017c B0030000 		.word	.LC40
 1879 0180 F4030000 		.word	.LC41
 1880 0184 00440258 		.word	1476543488
 1881 0188 10040000 		.word	.LC42
 1882 018c 30040000 		.word	.LC43
 1883 0190 50040000 		.word	.LC44
 1884 0194 00000000 		.word	sai_tx_config
 1885 0198 00000000 		.word	SAID1A
 1886 019c 74040000 		.word	.LC45
 1887 01a0 00000000 		.word	audio_tx_buffer
 1888 01a4 84040000 		.word	.LC46
 1889 01a8 00000000 		.word	audio_sai_error_count
 1890 01ac 00000000 		.word	audio_sai_error_repeats
 1891 01b0 9C040000 		.word	.LC47
 1892 01b4 00000000 		.word	audio_ht_count
 1893 01b8 00000000 		.word	audio_tc_count
 1894 01bc 00000000 		.word	audio_dma_error_count
 1895 01c0 B8040000 		.word	.LC48
ARM GAS  C:\Users\DEVELO~1\AppData\Local\Temp\ccriN3Kt.s 			page 37


 1896 01c4 F0040000 		.word	.LC49
 1897              		.cfi_endproc
 1898              	.LFE442:
 1899              		.size	main, .-main
 1900              		.text
 1901              	.Letext0:
 1902              		.file 6 "c:\\chibistudio\\tools\\gnu tools arm embedded\\11.3 2022.08\\lib\\gcc\\arm-none-eabi\\11
 1903              		.file 7 "c:\\chibistudio\\tools\\gnu tools arm embedded\\11.3 2022.08\\arm-none-eabi\\include\\mac
 1904              		.file 8 "c:\\chibistudio\\tools\\gnu tools arm embedded\\11.3 2022.08\\arm-none-eabi\\include\\sys
 1905              		.file 9 "../../../os/common/ports/ARM-common/chtypes.h"
 1906              		.file 10 "../../../os/rt/include/chearly.h"
 1907              		.file 11 "../../../os/rt/include/chobjects.h"
 1908              		.file 12 "../../../os/rt/include/chrfcu.h"
 1909              		.file 13 "../../../os/rt/include/chdebug.h"
 1910              		.file 14 "../../../os/rt/include/chtime.h"
 1911              		.file 15 "../../../os/rt/include/chlists.h"
 1912              		.file 16 "../../../os/rt/include/chtrace.h"
 1913              		.file 17 "../../../os/common/ext/ST/STM32H7xx/stm32h743xx.h"
 1914              		.file 18 "../../../os/rt/include/chsem.h"
 1915              		.file 19 "../../../os/rt/include/chmtx.h"
 1916              		.file 20 "../../../os/rt/include/chevents.h"
 1917              		.file 21 "../../../os/hal/ports/STM32/LLD/DMAv2/stm32_dma.h"
 1918              		.file 22 "../../../os/hal/include/hal_streams.h"
 1919              		.file 23 "../../../os/hal/include/hal_queues.h"
 1920              		.file 24 "../../../os/hal/ports/STM32/LLD/GPIOv2/stm32_gpio.h"
 1921              		.file 25 "../../../os/hal/include/hal_sai.h"
 1922              		.file 26 "../../../os/common/ext/ST/STM32H7xx/system_stm32h7xx.h"
 1923              		.file 27 "../../../os/hal/ports/STM32/LLD/SAIv1/hal_sai_lld.h"
 1924              		.file 28 "../../../os/hal/include/hal_serial.h"
 1925              		.file 29 "../../../os/hal/ports/STM32/LLD/USARTv3/hal_serial_lld.h"
 1926              		.file 30 "../../../os/rt/include/chthreads.h"
 1927              		.file 31 "../../../os/hal/include/hal.h"
 1928              		.file 32 "../../../os/hal/lib/streams/chprintf.h"
 1929              		.section	.debug_info,"",%progbits
 1930              	.Ldebug_info0:
 1931 0000 5D1D0000 		.4byte	0x1d5d
 1932 0004 0500     		.2byte	0x5
 1933 0006 01       		.byte	0x1
 1934 0007 04       		.byte	0x4
 1935 0008 00000000 		.4byte	.Ldebug_abbrev0
 1936 000c 2F       		.uleb128 0x2f
 1937 000d 16030000 		.4byte	.LASF356
 1938 0011 1D       		.byte	0x1d
 1939 0012 44080000 		.4byte	.LASF357
 1940 0016 8C020000 		.4byte	.LASF358
 1941 001a 0C000000 		.4byte	.LLRL0
 1942 001e 00000000 		.4byte	0
 1943 0022 00000000 		.4byte	.Ldebug_line0
 1944 0026 30       		.uleb128 0x30
 1945 0027 04       		.byte	0x4
 1946 0028 05       		.byte	0x5
 1947 0029 696E7400 		.ascii	"int\000"
 1948 002d 03       		.uleb128 0x3
 1949 002e A9050000 		.4byte	.LASF4
 1950 0032 06       		.byte	0x6
 1951 0033 D1       		.byte	0xd1
 1952 0034 17       		.byte	0x17
ARM GAS  C:\Users\DEVELO~1\AppData\Local\Temp\ccriN3Kt.s 			page 38


 1953 0035 3E000000 		.4byte	0x3e
 1954 0039 19       		.uleb128 0x19
 1955 003a 2D000000 		.4byte	0x2d
 1956 003e 0B       		.uleb128 0xb
 1957 003f 04       		.byte	0x4
 1958 0040 07       		.byte	0x7
 1959 0041 DF000000 		.4byte	.LASF0
 1960 0045 0B       		.uleb128 0xb
 1961 0046 08       		.byte	0x8
 1962 0047 05       		.byte	0x5
 1963 0048 8B070000 		.4byte	.LASF1
 1964 004c 0B       		.uleb128 0xb
 1965 004d 08       		.byte	0x8
 1966 004e 04       		.byte	0x4
 1967 004f 92090000 		.4byte	.LASF2
 1968 0053 0B       		.uleb128 0xb
 1969 0054 01       		.byte	0x1
 1970 0055 06       		.byte	0x6
 1971 0056 6F0D0000 		.4byte	.LASF3
 1972 005a 03       		.uleb128 0x3
 1973 005b 3C0B0000 		.4byte	.LASF5
 1974 005f 07       		.byte	0x7
 1975 0060 2B       		.byte	0x2b
 1976 0061 18       		.byte	0x18
 1977 0062 66000000 		.4byte	0x66
 1978 0066 0B       		.uleb128 0xb
 1979 0067 01       		.byte	0x1
 1980 0068 08       		.byte	0x8
 1981 0069 820C0000 		.4byte	.LASF6
 1982 006d 0B       		.uleb128 0xb
 1983 006e 02       		.byte	0x2
 1984 006f 05       		.byte	0x5
 1985 0070 5A0A0000 		.4byte	.LASF7
 1986 0074 03       		.uleb128 0x3
 1987 0075 C7040000 		.4byte	.LASF8
 1988 0079 07       		.byte	0x7
 1989 007a 39       		.byte	0x39
 1990 007b 19       		.byte	0x19
 1991 007c 80000000 		.4byte	0x80
 1992 0080 0B       		.uleb128 0xb
 1993 0081 02       		.byte	0x2
 1994 0082 07       		.byte	0x7
 1995 0083 79090000 		.4byte	.LASF9
 1996 0087 03       		.uleb128 0x3
 1997 0088 3B010000 		.4byte	.LASF10
 1998 008c 07       		.byte	0x7
 1999 008d 4D       		.byte	0x4d
 2000 008e 18       		.byte	0x18
 2001 008f 93000000 		.4byte	0x93
 2002 0093 0B       		.uleb128 0xb
 2003 0094 04       		.byte	0x4
 2004 0095 05       		.byte	0x5
 2005 0096 0A000000 		.4byte	.LASF11
 2006 009a 03       		.uleb128 0x3
 2007 009b 980C0000 		.4byte	.LASF12
 2008 009f 07       		.byte	0x7
 2009 00a0 4F       		.byte	0x4f
ARM GAS  C:\Users\DEVELO~1\AppData\Local\Temp\ccriN3Kt.s 			page 39


 2010 00a1 19       		.byte	0x19
 2011 00a2 A6000000 		.4byte	0xa6
 2012 00a6 0B       		.uleb128 0xb
 2013 00a7 04       		.byte	0x4
 2014 00a8 07       		.byte	0x7
 2015 00a9 F1080000 		.4byte	.LASF13
 2016 00ad 03       		.uleb128 0x3
 2017 00ae 99070000 		.4byte	.LASF14
 2018 00b2 07       		.byte	0x7
 2019 00b3 69       		.byte	0x69
 2020 00b4 19       		.byte	0x19
 2021 00b5 B9000000 		.4byte	0xb9
 2022 00b9 0B       		.uleb128 0xb
 2023 00ba 08       		.byte	0x8
 2024 00bb 07       		.byte	0x7
 2025 00bc 5E040000 		.4byte	.LASF15
 2026 00c0 03       		.uleb128 0x3
 2027 00c1 BE070000 		.4byte	.LASF16
 2028 00c5 08       		.byte	0x8
 2029 00c6 18       		.byte	0x18
 2030 00c7 13       		.byte	0x13
 2031 00c8 5A000000 		.4byte	0x5a
 2032 00cc 0C       		.uleb128 0xc
 2033 00cd C0000000 		.4byte	0xc0
 2034 00d1 03       		.uleb128 0x3
 2035 00d2 AD090000 		.4byte	.LASF17
 2036 00d6 08       		.byte	0x8
 2037 00d7 24       		.byte	0x24
 2038 00d8 14       		.byte	0x14
 2039 00d9 74000000 		.4byte	0x74
 2040 00dd 03       		.uleb128 0x3
 2041 00de 0D0C0000 		.4byte	.LASF18
 2042 00e2 08       		.byte	0x8
 2043 00e3 2C       		.byte	0x2c
 2044 00e4 13       		.byte	0x13
 2045 00e5 87000000 		.4byte	0x87
 2046 00e9 03       		.uleb128 0x3
 2047 00ea FC000000 		.4byte	.LASF19
 2048 00ee 08       		.byte	0x8
 2049 00ef 30       		.byte	0x30
 2050 00f0 14       		.byte	0x14
 2051 00f1 9A000000 		.4byte	0x9a
 2052 00f5 19       		.uleb128 0x19
 2053 00f6 E9000000 		.4byte	0xe9
 2054 00fa 03       		.uleb128 0x3
 2055 00fb F60A0000 		.4byte	.LASF20
 2056 00ff 08       		.byte	0x8
 2057 0100 3C       		.byte	0x3c
 2058 0101 14       		.byte	0x14
 2059 0102 AD000000 		.4byte	0xad
 2060 0106 19       		.uleb128 0x19
 2061 0107 FA000000 		.4byte	0xfa
 2062 010b 03       		.uleb128 0x3
 2063 010c 940A0000 		.4byte	.LASF21
 2064 0110 09       		.byte	0x9
 2065 0111 48       		.byte	0x48
 2066 0112 1D       		.byte	0x1d
ARM GAS  C:\Users\DEVELO~1\AppData\Local\Temp\ccriN3Kt.s 			page 40


 2067 0113 FA000000 		.4byte	0xfa
 2068 0117 03       		.uleb128 0x3
 2069 0118 B30D0000 		.4byte	.LASF22
 2070 011c 0A       		.byte	0xa
 2071 011d 50       		.byte	0x50
 2072 011e 19       		.byte	0x19
 2073 011f 0B010000 		.4byte	0x10b
 2074 0123 03       		.uleb128 0x3
 2075 0124 55090000 		.4byte	.LASF23
 2076 0128 0A       		.byte	0xa
 2077 0129 53       		.byte	0x53
 2078 012a 19       		.byte	0x19
 2079 012b C0000000 		.4byte	0xc0
 2080 012f 03       		.uleb128 0x3
 2081 0130 62070000 		.4byte	.LASF24
 2082 0134 0A       		.byte	0xa
 2083 0135 54       		.byte	0x54
 2084 0136 19       		.byte	0x19
 2085 0137 C0000000 		.4byte	0xc0
 2086 013b 03       		.uleb128 0x3
 2087 013c BE0B0000 		.4byte	.LASF25
 2088 0140 0A       		.byte	0xa
 2089 0141 55       		.byte	0x55
 2090 0142 19       		.byte	0x19
 2091 0143 C0000000 		.4byte	0xc0
 2092 0147 03       		.uleb128 0x3
 2093 0148 0D040000 		.4byte	.LASF26
 2094 014c 0A       		.byte	0xa
 2095 014d 57       		.byte	0x57
 2096 014e 19       		.byte	0x19
 2097 014f E9000000 		.4byte	0xe9
 2098 0153 03       		.uleb128 0x3
 2099 0154 68080000 		.4byte	.LASF27
 2100 0158 0A       		.byte	0xa
 2101 0159 58       		.byte	0x58
 2102 015a 19       		.byte	0x19
 2103 015b DD000000 		.4byte	0xdd
 2104 015f 03       		.uleb128 0x3
 2105 0160 B3030000 		.4byte	.LASF28
 2106 0164 0A       		.byte	0xa
 2107 0165 5A       		.byte	0x5a
 2108 0166 19       		.byte	0x19
 2109 0167 E9000000 		.4byte	0xe9
 2110 016b 03       		.uleb128 0x3
 2111 016c 1F090000 		.4byte	.LASF29
 2112 0170 0A       		.byte	0xa
 2113 0171 5B       		.byte	0x5b
 2114 0172 19       		.byte	0x19
 2115 0173 E9000000 		.4byte	0xe9
 2116 0177 03       		.uleb128 0x3
 2117 0178 D2040000 		.4byte	.LASF30
 2118 017c 0A       		.byte	0xa
 2119 017d 5C       		.byte	0x5c
 2120 017e 19       		.byte	0x19
 2121 017f DD000000 		.4byte	0xdd
 2122 0183 03       		.uleb128 0x3
 2123 0184 B20E0000 		.4byte	.LASF31
ARM GAS  C:\Users\DEVELO~1\AppData\Local\Temp\ccriN3Kt.s 			page 41


 2124 0188 0A       		.byte	0xa
 2125 0189 80       		.byte	0x80
 2126 018a 12       		.byte	0x12
 2127 018b 3E000000 		.4byte	0x3e
 2128 018f 03       		.uleb128 0x3
 2129 0190 84050000 		.4byte	.LASF32
 2130 0194 0A       		.byte	0xa
 2131 0195 85       		.byte	0x85
 2132 0196 1A       		.byte	0x1a
 2133 0197 9B010000 		.4byte	0x19b
 2134 019b 08       		.uleb128 0x8
 2135 019c FA070000 		.4byte	.LASF47
 2136 01a0 48       		.byte	0x48
 2137 01a1 0B       		.byte	0xb
 2138 01a2 9C       		.byte	0x9c
 2139 01a3 08       		.byte	0x8
 2140 01a4 7E020000 		.4byte	0x27e
 2141 01a8 07       		.uleb128 0x7
 2142 01a9 68647200 		.ascii	"hdr\000"
 2143 01ad 0B       		.byte	0xb
 2144 01ae AD       		.byte	0xad
 2145 01af 05       		.byte	0x5
 2146 01b0 7A0D0000 		.4byte	0xd7a
 2147 01b4 00       		.byte	0
 2148 01b5 07       		.uleb128 0x7
 2149 01b6 63747800 		.ascii	"ctx\000"
 2150 01ba 0B       		.byte	0xb
 2151 01bb B1       		.byte	0xb1
 2152 01bc 21       		.byte	0x21
 2153 01bd BE0C0000 		.4byte	0xcbe
 2154 01c1 0C       		.byte	0xc
 2155 01c2 01       		.uleb128 0x1
 2156 01c3 0A080000 		.4byte	.LASF33
 2157 01c7 0B       		.byte	0xb
 2158 01c8 B6       		.byte	0xb6
 2159 01c9 21       		.byte	0x21
 2160 01ca D8030000 		.4byte	0x3d8
 2161 01ce 10       		.byte	0x10
 2162 01cf 01       		.uleb128 0x1
 2163 01d0 24050000 		.4byte	.LASF34
 2164 01d4 0B       		.byte	0xb
 2165 01d5 BB       		.byte	0xbb
 2166 01d6 22       		.byte	0x22
 2167 01d7 7E0E0000 		.4byte	0xe7e
 2168 01db 18       		.byte	0x18
 2169 01dc 01       		.uleb128 0x1
 2170 01dd 38000000 		.4byte	.LASF35
 2171 01e1 0B       		.byte	0xb
 2172 01e2 C0       		.byte	0xc0
 2173 01e3 22       		.byte	0x22
 2174 01e4 66030000 		.4byte	0x366
 2175 01e8 1C       		.byte	0x1c
 2176 01e9 01       		.uleb128 0x1
 2177 01ea 41070000 		.4byte	.LASF36
 2178 01ee 0B       		.byte	0xb
 2179 01ef C9       		.byte	0xc9
 2180 01f0 22       		.byte	0x22
ARM GAS  C:\Users\DEVELO~1\AppData\Local\Temp\ccriN3Kt.s 			page 42


 2181 01f1 830E0000 		.4byte	0xe83
 2182 01f5 20       		.byte	0x20
 2183 01f6 01       		.uleb128 0x1
 2184 01f7 3B0D0000 		.4byte	.LASF37
 2185 01fb 0B       		.byte	0xb
 2186 01fc CE       		.byte	0xce
 2187 01fd 21       		.byte	0x21
 2188 01fe 2F010000 		.4byte	0x12f
 2189 0202 24       		.byte	0x24
 2190 0203 01       		.uleb128 0x1
 2191 0204 93000000 		.4byte	.LASF38
 2192 0208 0B       		.byte	0xb
 2193 0209 D2       		.byte	0xd2
 2194 020a 21       		.byte	0x21
 2195 020b 23010000 		.4byte	0x123
 2196 020f 25       		.byte	0x25
 2197 0210 01       		.uleb128 0x1
 2198 0211 45010000 		.4byte	.LASF39
 2199 0215 0B       		.byte	0xb
 2200 0216 D7       		.byte	0xd7
 2201 0217 21       		.byte	0x21
 2202 0218 3B010000 		.4byte	0x13b
 2203 021c 26       		.byte	0x26
 2204 021d 06       		.uleb128 0x6
 2205 021e 7500     		.ascii	"u\000"
 2206 0220 0B       		.byte	0xb
 2207 0221 2801     		.2byte	0x128
 2208 0223 21       		.byte	0x21
 2209 0224 A80D0000 		.4byte	0xda8
 2210 0228 28       		.byte	0x28
 2211 0229 02       		.uleb128 0x2
 2212 022a B30C0000 		.4byte	.LASF40
 2213 022e 0B       		.byte	0xb
 2214 022f 2D01     		.2byte	0x12d
 2215 0231 21       		.byte	0x21
 2216 0232 AC030000 		.4byte	0x3ac
 2217 0236 2C       		.byte	0x2c
 2218 0237 02       		.uleb128 0x2
 2219 0238 15040000 		.4byte	.LASF41
 2220 023c 0B       		.byte	0xb
 2221 023d 3301     		.2byte	0x133
 2222 023f 21       		.byte	0x21
 2223 0240 D8030000 		.4byte	0x3d8
 2224 0244 30       		.byte	0x30
 2225 0245 02       		.uleb128 0x2
 2226 0246 D6000000 		.4byte	.LASF42
 2227 024a 0B       		.byte	0xb
 2228 024b 3901     		.2byte	0x139
 2229 024d 21       		.byte	0x21
 2230 024e 5F010000 		.4byte	0x15f
 2231 0252 38       		.byte	0x38
 2232 0253 02       		.uleb128 0x2
 2233 0254 58050000 		.4byte	.LASF43
 2234 0258 0B       		.byte	0xb
 2235 0259 4001     		.2byte	0x140
 2236 025b 22       		.byte	0x22
 2237 025c 790E0000 		.4byte	0xe79
ARM GAS  C:\Users\DEVELO~1\AppData\Local\Temp\ccriN3Kt.s 			page 43


 2238 0260 3C       		.byte	0x3c
 2239 0261 02       		.uleb128 0x2
 2240 0262 9F000000 		.4byte	.LASF44
 2241 0266 0B       		.byte	0xb
 2242 0267 4401     		.2byte	0x144
 2243 0269 21       		.byte	0x21
 2244 026a 47010000 		.4byte	0x147
 2245 026e 40       		.byte	0x40
 2246 026f 02       		.uleb128 0x2
 2247 0270 CB0E0000 		.4byte	.LASF45
 2248 0274 0B       		.byte	0xb
 2249 0275 4B01     		.2byte	0x14b
 2250 0277 22       		.byte	0x22
 2251 0278 C6040000 		.4byte	0x4c6
 2252 027c 44       		.byte	0x44
 2253 027d 00       		.byte	0
 2254 027e 03       		.uleb128 0x3
 2255 027f 410D0000 		.4byte	.LASF46
 2256 0283 0A       		.byte	0xa
 2257 0284 8A       		.byte	0x8a
 2258 0285 1F       		.byte	0x1f
 2259 0286 8A020000 		.4byte	0x28a
 2260 028a 31       		.uleb128 0x31
 2261 028b 5D060000 		.4byte	.LASF48
 2262 028f 9008     		.2byte	0x890
 2263 0291 0B       		.byte	0xb
 2264 0292 8A01     		.2byte	0x18a
 2265 0294 08       		.byte	0x8
 2266 0295 18030000 		.4byte	0x318
 2267 0299 02       		.uleb128 0x2
 2268 029a 140B0000 		.4byte	.LASF49
 2269 029e 0B       		.byte	0xb
 2270 029f 8E01     		.2byte	0x18e
 2271 02a1 21       		.byte	0x21
 2272 02a2 B30E0000 		.4byte	0xeb3
 2273 02a6 00       		.byte	0
 2274 02a7 02       		.uleb128 0x2
 2275 02a8 8D010000 		.4byte	.LASF50
 2276 02ac 0B       		.byte	0xb
 2277 02ad 9201     		.2byte	0x192
 2278 02af 21       		.byte	0x21
 2279 02b0 140D0000 		.4byte	0xd14
 2280 02b4 10       		.byte	0x10
 2281 02b5 02       		.uleb128 0x2
 2282 02b6 4F0D0000 		.4byte	.LASF51
 2283 02ba 0B       		.byte	0xb
 2284 02bb 9901     		.2byte	0x199
 2285 02bd 21       		.byte	0x21
 2286 02be 3B0D0000 		.4byte	0xd3b
 2287 02c2 28       		.byte	0x28
 2288 02c3 02       		.uleb128 0x2
 2289 02c4 0F010000 		.4byte	.LASF52
 2290 02c8 0B       		.byte	0xb
 2291 02c9 9E01     		.2byte	0x19e
 2292 02cb 21       		.byte	0x21
 2293 02cc 83010000 		.4byte	0x183
 2294 02d0 30       		.byte	0x30
ARM GAS  C:\Users\DEVELO~1\AppData\Local\Temp\ccriN3Kt.s 			page 44


 2295 02d1 02       		.uleb128 0x2
 2296 02d2 77050000 		.4byte	.LASF53
 2297 02d6 0B       		.byte	0xb
 2298 02d7 A401     		.2byte	0x1a4
 2299 02d9 21       		.byte	0x21
 2300 02da 3F030000 		.4byte	0x33f
 2301 02de 34       		.byte	0x34
 2302 02df 02       		.uleb128 0x2
 2303 02e0 FC090000 		.4byte	.LASF54
 2304 02e4 0B       		.byte	0xb
 2305 02e5 A901     		.2byte	0x1a9
 2306 02e7 22       		.byte	0x22
 2307 02e8 270F0000 		.4byte	0xf27
 2308 02ec 38       		.byte	0x38
 2309 02ed 02       		.uleb128 0x2
 2310 02ee 300D0000 		.4byte	.LASF55
 2311 02f2 0B       		.byte	0xb
 2312 02f3 AD01     		.2byte	0x1ad
 2313 02f5 21       		.byte	0x21
 2314 02f6 8F010000 		.4byte	0x18f
 2315 02fa 3C       		.byte	0x3c
 2316 02fb 06       		.uleb128 0x6
 2317 02fc 64626700 		.ascii	"dbg\000"
 2318 0300 0B       		.byte	0xb
 2319 0301 B101     		.2byte	0x1b1
 2320 0303 21       		.byte	0x21
 2321 0304 7C030000 		.4byte	0x37c
 2322 0308 84       		.byte	0x84
 2323 0309 02       		.uleb128 0x2
 2324 030a 210C0000 		.4byte	.LASF56
 2325 030e 0B       		.byte	0xb
 2326 030f B601     		.2byte	0x1b6
 2327 0311 21       		.byte	0x21
 2328 0312 28060000 		.4byte	0x628
 2329 0316 88       		.byte	0x88
 2330 0317 00       		.byte	0
 2331 0318 03       		.uleb128 0x3
 2332 0319 10070000 		.4byte	.LASF57
 2333 031d 0C       		.byte	0xc
 2334 031e 3F       		.byte	0x3f
 2335 031f 12       		.byte	0x12
 2336 0320 E9000000 		.4byte	0xe9
 2337 0324 08       		.uleb128 0x8
 2338 0325 08060000 		.4byte	.LASF58
 2339 0329 04       		.byte	0x4
 2340 032a 0C       		.byte	0xc
 2341 032b 44       		.byte	0x44
 2342 032c 10       		.byte	0x10
 2343 032d 3F030000 		.4byte	0x33f
 2344 0331 01       		.uleb128 0x1
 2345 0332 EC080000 		.4byte	.LASF59
 2346 0336 0C       		.byte	0xc
 2347 0337 48       		.byte	0x48
 2348 0338 21       		.byte	0x21
 2349 0339 18030000 		.4byte	0x318
 2350 033d 00       		.byte	0
 2351 033e 00       		.byte	0
ARM GAS  C:\Users\DEVELO~1\AppData\Local\Temp\ccriN3Kt.s 			page 45


 2352 033f 03       		.uleb128 0x3
 2353 0340 150C0000 		.4byte	.LASF60
 2354 0344 0C       		.byte	0xc
 2355 0345 49       		.byte	0x49
 2356 0346 03       		.byte	0x3
 2357 0347 24030000 		.4byte	0x324
 2358 034b 08       		.uleb128 0x8
 2359 034c 67020000 		.4byte	.LASF61
 2360 0350 04       		.byte	0x4
 2361 0351 0D       		.byte	0xd
 2362 0352 3E       		.byte	0x3e
 2363 0353 10       		.byte	0x10
 2364 0354 66030000 		.4byte	0x366
 2365 0358 01       		.uleb128 0x1
 2366 0359 2C090000 		.4byte	.LASF62
 2367 035d 0D       		.byte	0xd
 2368 035e 46       		.byte	0x46
 2369 035f 24       		.byte	0x24
 2370 0360 6B030000 		.4byte	0x36b
 2371 0364 00       		.byte	0
 2372 0365 00       		.byte	0
 2373 0366 04       		.uleb128 0x4
 2374 0367 77030000 		.4byte	0x377
 2375 036b 19       		.uleb128 0x19
 2376 036c 66030000 		.4byte	0x366
 2377 0370 0B       		.uleb128 0xb
 2378 0371 01       		.byte	0x1
 2379 0372 08       		.byte	0x8
 2380 0373 F3060000 		.4byte	.LASF63
 2381 0377 0C       		.uleb128 0xc
 2382 0378 70030000 		.4byte	0x370
 2383 037c 03       		.uleb128 0x3
 2384 037d 11080000 		.4byte	.LASF64
 2385 0381 0D       		.byte	0xd
 2386 0382 51       		.byte	0x51
 2387 0383 03       		.byte	0x3
 2388 0384 4B030000 		.4byte	0x34b
 2389 0388 03       		.uleb128 0x3
 2390 0389 B7060000 		.4byte	.LASF65
 2391 038d 0E       		.byte	0xe
 2392 038e 6D       		.byte	0x6d
 2393 038f 12       		.byte	0x12
 2394 0390 E9000000 		.4byte	0xe9
 2395 0394 03       		.uleb128 0x3
 2396 0395 0A090000 		.4byte	.LASF66
 2397 0399 0E       		.byte	0xe
 2398 039a 79       		.byte	0x79
 2399 039b 12       		.byte	0x12
 2400 039c E9000000 		.4byte	0xe9
 2401 03a0 03       		.uleb128 0x3
 2402 03a1 170E0000 		.4byte	.LASF67
 2403 03a5 0E       		.byte	0xe
 2404 03a6 9B       		.byte	0x9b
 2405 03a7 12       		.byte	0x12
 2406 03a8 FA000000 		.4byte	0xfa
 2407 03ac 03       		.uleb128 0x3
 2408 03ad D6010000 		.4byte	.LASF68
ARM GAS  C:\Users\DEVELO~1\AppData\Local\Temp\ccriN3Kt.s 			page 46


 2409 03b1 0F       		.byte	0xf
 2410 03b2 32       		.byte	0x32
 2411 03b3 18       		.byte	0x18
 2412 03b4 B8030000 		.4byte	0x3b8
 2413 03b8 08       		.uleb128 0x8
 2414 03b9 34020000 		.4byte	.LASF69
 2415 03bd 04       		.byte	0x4
 2416 03be 0F       		.byte	0xf
 2417 03bf 38       		.byte	0x38
 2418 03c0 08       		.byte	0x8
 2419 03c1 D3030000 		.4byte	0x3d3
 2420 03c5 01       		.uleb128 0x1
 2421 03c6 F7000000 		.4byte	.LASF70
 2422 03ca 0F       		.byte	0xf
 2423 03cb 39       		.byte	0x39
 2424 03cc 1A       		.byte	0x1a
 2425 03cd D3030000 		.4byte	0x3d3
 2426 03d1 00       		.byte	0
 2427 03d2 00       		.byte	0
 2428 03d3 04       		.uleb128 0x4
 2429 03d4 AC030000 		.4byte	0x3ac
 2430 03d8 03       		.uleb128 0x3
 2431 03d9 AA010000 		.4byte	.LASF71
 2432 03dd 0F       		.byte	0xf
 2433 03de 3F       		.byte	0x3f
 2434 03df 19       		.byte	0x19
 2435 03e0 E4030000 		.4byte	0x3e4
 2436 03e4 08       		.uleb128 0x8
 2437 03e5 660C0000 		.4byte	.LASF72
 2438 03e9 08       		.byte	0x8
 2439 03ea 0F       		.byte	0xf
 2440 03eb 45       		.byte	0x45
 2441 03ec 08       		.byte	0x8
 2442 03ed 0C040000 		.4byte	0x40c
 2443 03f1 01       		.uleb128 0x1
 2444 03f2 F7000000 		.4byte	.LASF70
 2445 03f6 0F       		.byte	0xf
 2446 03f7 46       		.byte	0x46
 2447 03f8 1A       		.byte	0x1a
 2448 03f9 0C040000 		.4byte	0x40c
 2449 03fd 00       		.byte	0
 2450 03fe 01       		.uleb128 0x1
 2451 03ff F7010000 		.4byte	.LASF73
 2452 0403 0F       		.byte	0xf
 2453 0404 47       		.byte	0x47
 2454 0405 1A       		.byte	0x1a
 2455 0406 0C040000 		.4byte	0x40c
 2456 040a 04       		.byte	0x4
 2457 040b 00       		.byte	0
 2458 040c 04       		.uleb128 0x4
 2459 040d D8030000 		.4byte	0x3d8
 2460 0411 03       		.uleb128 0x3
 2461 0412 C2050000 		.4byte	.LASF74
 2462 0416 0F       		.byte	0xf
 2463 0417 4E       		.byte	0x4e
 2464 0418 22       		.byte	0x22
 2465 0419 1D040000 		.4byte	0x41d
ARM GAS  C:\Users\DEVELO~1\AppData\Local\Temp\ccriN3Kt.s 			page 47


 2466 041d 08       		.uleb128 0x8
 2467 041e 350C0000 		.4byte	.LASF75
 2468 0422 0C       		.byte	0xc
 2469 0423 0F       		.byte	0xf
 2470 0424 55       		.byte	0x55
 2471 0425 08       		.byte	0x8
 2472 0426 52040000 		.4byte	0x452
 2473 042a 01       		.uleb128 0x1
 2474 042b F7000000 		.4byte	.LASF70
 2475 042f 0F       		.byte	0xf
 2476 0430 56       		.byte	0x56
 2477 0431 1A       		.byte	0x1a
 2478 0432 52040000 		.4byte	0x452
 2479 0436 00       		.byte	0
 2480 0437 01       		.uleb128 0x1
 2481 0438 F7010000 		.4byte	.LASF73
 2482 043c 0F       		.byte	0xf
 2483 043d 57       		.byte	0x57
 2484 043e 1A       		.byte	0x1a
 2485 043f 52040000 		.4byte	0x452
 2486 0443 04       		.byte	0x4
 2487 0444 01       		.uleb128 0x1
 2488 0445 E0060000 		.4byte	.LASF76
 2489 0449 0F       		.byte	0xf
 2490 044a 58       		.byte	0x58
 2491 044b 19       		.byte	0x19
 2492 044c 47010000 		.4byte	0x147
 2493 0450 08       		.byte	0x8
 2494 0451 00       		.byte	0
 2495 0452 04       		.uleb128 0x4
 2496 0453 11040000 		.4byte	0x411
 2497 0457 03       		.uleb128 0x3
 2498 0458 1C020000 		.4byte	.LASF77
 2499 045c 0F       		.byte	0xf
 2500 045d 5F       		.byte	0x5f
 2501 045e 1E       		.byte	0x1e
 2502 045f 63040000 		.4byte	0x463
 2503 0463 08       		.uleb128 0x8
 2504 0464 08030000 		.4byte	.LASF78
 2505 0468 0C       		.byte	0xc
 2506 0469 0F       		.byte	0xf
 2507 046a 64       		.byte	0x64
 2508 046b 08       		.byte	0x8
 2509 046c 98040000 		.4byte	0x498
 2510 0470 01       		.uleb128 0x1
 2511 0471 F7000000 		.4byte	.LASF70
 2512 0475 0F       		.byte	0xf
 2513 0476 65       		.byte	0x65
 2514 0477 1A       		.byte	0x1a
 2515 0478 98040000 		.4byte	0x498
 2516 047c 00       		.byte	0
 2517 047d 01       		.uleb128 0x1
 2518 047e F7010000 		.4byte	.LASF73
 2519 0482 0F       		.byte	0xf
 2520 0483 66       		.byte	0x66
 2521 0484 1A       		.byte	0x1a
 2522 0485 98040000 		.4byte	0x498
ARM GAS  C:\Users\DEVELO~1\AppData\Local\Temp\ccriN3Kt.s 			page 48


 2523 0489 04       		.byte	0x4
 2524 048a 01       		.uleb128 0x1
 2525 048b 8E0D0000 		.4byte	.LASF79
 2526 048f 0F       		.byte	0xf
 2527 0490 67       		.byte	0x67
 2528 0491 19       		.byte	0x19
 2529 0492 94030000 		.4byte	0x394
 2530 0496 08       		.byte	0x8
 2531 0497 00       		.byte	0
 2532 0498 04       		.uleb128 0x4
 2533 0499 57040000 		.4byte	0x457
 2534 049d 0E       		.uleb128 0xe
 2535 049e 08       		.byte	0x8
 2536 049f 10       		.byte	0x10
 2537 04a0 83       		.byte	0x83
 2538 04a1 05       		.byte	0x5
 2539 04a2 C1040000 		.4byte	0x4c1
 2540 04a6 07       		.uleb128 0x7
 2541 04a7 6E747000 		.ascii	"ntp\000"
 2542 04ab 10       		.byte	0x10
 2543 04ac 87       		.byte	0x87
 2544 04ad 1E       		.byte	0x1e
 2545 04ae C1040000 		.4byte	0x4c1
 2546 04b2 00       		.byte	0
 2547 04b3 01       		.uleb128 0x1
 2548 04b4 7C010000 		.4byte	.LASF80
 2549 04b8 10       		.byte	0x10
 2550 04b9 8B       		.byte	0x8b
 2551 04ba 1E       		.byte	0x1e
 2552 04bb C6040000 		.4byte	0x4c6
 2553 04bf 04       		.byte	0x4
 2554 04c0 00       		.byte	0
 2555 04c1 04       		.uleb128 0x4
 2556 04c2 8F010000 		.4byte	0x18f
 2557 04c6 32       		.uleb128 0x32
 2558 04c7 04       		.byte	0x4
 2559 04c8 0E       		.uleb128 0xe
 2560 04c9 08       		.byte	0x8
 2561 04ca 10       		.byte	0x10
 2562 04cb 90       		.byte	0x90
 2563 04cc 05       		.byte	0x5
 2564 04cd EB040000 		.4byte	0x4eb
 2565 04d1 07       		.uleb128 0x7
 2566 04d2 747000   		.ascii	"tp\000"
 2567 04d5 10       		.byte	0x10
 2568 04d6 94       		.byte	0x94
 2569 04d7 1E       		.byte	0x1e
 2570 04d8 C1040000 		.4byte	0x4c1
 2571 04dc 00       		.byte	0
 2572 04dd 07       		.uleb128 0x7
 2573 04de 6D736700 		.ascii	"msg\000"
 2574 04e2 10       		.byte	0x10
 2575 04e3 98       		.byte	0x98
 2576 04e4 1D       		.byte	0x1d
 2577 04e5 53010000 		.4byte	0x153
 2578 04e9 04       		.byte	0x4
 2579 04ea 00       		.byte	0
ARM GAS  C:\Users\DEVELO~1\AppData\Local\Temp\ccriN3Kt.s 			page 49


 2580 04eb 0E       		.uleb128 0xe
 2581 04ec 04       		.byte	0x4
 2582 04ed 10       		.byte	0x10
 2583 04ee 9D       		.byte	0x9d
 2584 04ef 05       		.byte	0x5
 2585 04f0 02050000 		.4byte	0x502
 2586 04f4 01       		.uleb128 0x1
 2587 04f5 38000000 		.4byte	.LASF35
 2588 04f9 10       		.byte	0x10
 2589 04fa A1       		.byte	0xa1
 2590 04fb 1E       		.byte	0x1e
 2591 04fc 66030000 		.4byte	0x366
 2592 0500 00       		.byte	0
 2593 0501 00       		.byte	0
 2594 0502 0E       		.uleb128 0xe
 2595 0503 04       		.byte	0x4
 2596 0504 10       		.byte	0x10
 2597 0505 A6       		.byte	0xa6
 2598 0506 05       		.byte	0x5
 2599 0507 19050000 		.4byte	0x519
 2600 050b 01       		.uleb128 0x1
 2601 050c 86040000 		.4byte	.LASF81
 2602 0510 10       		.byte	0x10
 2603 0511 AA       		.byte	0xaa
 2604 0512 1E       		.byte	0x1e
 2605 0513 66030000 		.4byte	0x366
 2606 0517 00       		.byte	0
 2607 0518 00       		.byte	0
 2608 0519 0E       		.uleb128 0xe
 2609 051a 08       		.byte	0x8
 2610 051b 10       		.byte	0x10
 2611 051c AF       		.byte	0xaf
 2612 051d 05       		.byte	0x5
 2613 051e 3D050000 		.4byte	0x53d
 2614 0522 07       		.uleb128 0x7
 2615 0523 75703100 		.ascii	"up1\000"
 2616 0527 10       		.byte	0x10
 2617 0528 B3       		.byte	0xb3
 2618 0529 1E       		.byte	0x1e
 2619 052a C6040000 		.4byte	0x4c6
 2620 052e 00       		.byte	0
 2621 052f 07       		.uleb128 0x7
 2622 0530 75703200 		.ascii	"up2\000"
 2623 0534 10       		.byte	0x10
 2624 0535 B7       		.byte	0xb7
 2625 0536 1E       		.byte	0x1e
 2626 0537 C6040000 		.4byte	0x4c6
 2627 053b 04       		.byte	0x4
 2628 053c 00       		.byte	0
 2629 053d 1C       		.uleb128 0x1c
 2630 053e 08       		.byte	0x8
 2631 053f 10       		.byte	0x10
 2632 0540 7F       		.byte	0x7f
 2633 0541 03       		.byte	0x3
 2634 0542 82050000 		.4byte	0x582
 2635 0546 1A       		.uleb128 0x1a
 2636 0547 737700   		.ascii	"sw\000"
ARM GAS  C:\Users\DEVELO~1\AppData\Local\Temp\ccriN3Kt.s 			page 50


 2637 054a 10       		.byte	0x10
 2638 054b 8C       		.byte	0x8c
 2639 054c 07       		.byte	0x7
 2640 054d 9D040000 		.4byte	0x49d
 2641 0551 1A       		.uleb128 0x1a
 2642 0552 72647900 		.ascii	"rdy\000"
 2643 0556 10       		.byte	0x10
 2644 0557 99       		.byte	0x99
 2645 0558 07       		.byte	0x7
 2646 0559 C8040000 		.4byte	0x4c8
 2647 055d 1A       		.uleb128 0x1a
 2648 055e 69737200 		.ascii	"isr\000"
 2649 0562 10       		.byte	0x10
 2650 0563 A2       		.byte	0xa2
 2651 0564 07       		.byte	0x7
 2652 0565 EB040000 		.4byte	0x4eb
 2653 0569 14       		.uleb128 0x14
 2654 056a 59040000 		.4byte	.LASF82
 2655 056e 10       		.byte	0x10
 2656 056f AB       		.byte	0xab
 2657 0570 07       		.byte	0x7
 2658 0571 02050000 		.4byte	0x502
 2659 0575 14       		.uleb128 0x14
 2660 0576 95050000 		.4byte	.LASF83
 2661 057a 10       		.byte	0x10
 2662 057b B8       		.byte	0xb8
 2663 057c 07       		.byte	0x7
 2664 057d 19050000 		.4byte	0x519
 2665 0581 00       		.byte	0
 2666 0582 0E       		.uleb128 0xe
 2667 0583 10       		.byte	0x10
 2668 0584 10       		.byte	0x10
 2669 0585 6C       		.byte	0x6c
 2670 0586 09       		.byte	0x9
 2671 0587 C8050000 		.4byte	0x5c8
 2672 058b 1F       		.uleb128 0x1f
 2673 058c 7D0C0000 		.4byte	.LASF84
 2674 0590 70       		.byte	0x70
 2675 0591 E9000000 		.4byte	0xe9
 2676 0595 03       		.byte	0x3
 2677 0596 00       		.byte	0
 2678 0597 1F       		.uleb128 0x1f
 2679 0598 3B0D0000 		.4byte	.LASF37
 2680 059c 74       		.byte	0x74
 2681 059d E9000000 		.4byte	0xe9
 2682 05a1 05       		.byte	0x5
 2683 05a2 03       		.byte	0x3
 2684 05a3 1F       		.uleb128 0x1f
 2685 05a4 EB0B0000 		.4byte	.LASF85
 2686 05a8 7A       		.byte	0x7a
 2687 05a9 E9000000 		.4byte	0xe9
 2688 05ad 18       		.byte	0x18
 2689 05ae 08       		.byte	0x8
 2690 05af 01       		.uleb128 0x1
 2691 05b0 23040000 		.4byte	.LASF86
 2692 05b4 10       		.byte	0x10
 2693 05b5 7E       		.byte	0x7e
ARM GAS  C:\Users\DEVELO~1\AppData\Local\Temp\ccriN3Kt.s 			page 51


 2694 05b6 19       		.byte	0x19
 2695 05b7 88030000 		.4byte	0x388
 2696 05bb 04       		.byte	0x4
 2697 05bc 07       		.uleb128 0x7
 2698 05bd 7500     		.ascii	"u\000"
 2699 05bf 10       		.byte	0x10
 2700 05c0 B9       		.byte	0xb9
 2701 05c1 05       		.byte	0x5
 2702 05c2 3D050000 		.4byte	0x53d
 2703 05c6 08       		.byte	0x8
 2704 05c7 00       		.byte	0
 2705 05c8 03       		.uleb128 0x3
 2706 05c9 D8030000 		.4byte	.LASF87
 2707 05cd 10       		.byte	0x10
 2708 05ce BA       		.byte	0xba
 2709 05cf 03       		.byte	0x3
 2710 05d0 82050000 		.4byte	0x582
 2711 05d4 33       		.uleb128 0x33
 2712 05d5 0808     		.2byte	0x808
 2713 05d7 10       		.byte	0x10
 2714 05d8 C0       		.byte	0xc0
 2715 05d9 09       		.byte	0x9
 2716 05da 13060000 		.4byte	0x613
 2717 05de 01       		.uleb128 0x1
 2718 05df 05010000 		.4byte	.LASF88
 2719 05e3 10       		.byte	0x10
 2720 05e4 C4       		.byte	0xc4
 2721 05e5 19       		.byte	0x19
 2722 05e6 D1000000 		.4byte	0xd1
 2723 05ea 00       		.byte	0
 2724 05eb 01       		.uleb128 0x1
 2725 05ec D1080000 		.4byte	.LASF89
 2726 05f0 10       		.byte	0x10
 2727 05f1 C8       		.byte	0xc8
 2728 05f2 19       		.byte	0x19
 2729 05f3 D1000000 		.4byte	0xd1
 2730 05f7 02       		.byte	0x2
 2731 05f8 07       		.uleb128 0x7
 2732 05f9 70747200 		.ascii	"ptr\000"
 2733 05fd 10       		.byte	0x10
 2734 05fe CC       		.byte	0xcc
 2735 05ff 1A       		.byte	0x1a
 2736 0600 13060000 		.4byte	0x613
 2737 0604 04       		.byte	0x4
 2738 0605 01       		.uleb128 0x1
 2739 0606 A8000000 		.4byte	.LASF90
 2740 060a 10       		.byte	0x10
 2741 060b D0       		.byte	0xd0
 2742 060c 19       		.byte	0x19
 2743 060d 18060000 		.4byte	0x618
 2744 0611 08       		.byte	0x8
 2745 0612 00       		.byte	0
 2746 0613 04       		.uleb128 0x4
 2747 0614 C8050000 		.4byte	0x5c8
 2748 0618 15       		.uleb128 0x15
 2749 0619 C8050000 		.4byte	0x5c8
 2750 061d 28060000 		.4byte	0x628
ARM GAS  C:\Users\DEVELO~1\AppData\Local\Temp\ccriN3Kt.s 			page 52


 2751 0621 0F       		.uleb128 0xf
 2752 0622 3E000000 		.4byte	0x3e
 2753 0626 7F       		.byte	0x7f
 2754 0627 00       		.byte	0
 2755 0628 03       		.uleb128 0x3
 2756 0629 3C090000 		.4byte	.LASF91
 2757 062d 10       		.byte	0x10
 2758 062e D1       		.byte	0xd1
 2759 062f 03       		.byte	0x3
 2760 0630 D4050000 		.4byte	0x5d4
 2761 0634 34       		.uleb128 0x34
 2762 0635 28000000 		.4byte	.LASF274
 2763 0639 1A       		.byte	0x1a
 2764 063a 39       		.byte	0x39
 2765 063b 11       		.byte	0x11
 2766 063c E9000000 		.4byte	0xe9
 2767 0640 15       		.uleb128 0x15
 2768 0641 E9000000 		.4byte	0xe9
 2769 0645 50060000 		.4byte	0x650
 2770 0649 0F       		.uleb128 0xf
 2771 064a 3E000000 		.4byte	0x3e
 2772 064e 03       		.byte	0x3
 2773 064f 00       		.byte	0
 2774 0650 17       		.uleb128 0x17
 2775 0651 18       		.byte	0x18
 2776 0652 11       		.byte	0x11
 2777 0653 3002     		.2byte	0x230
 2778 0655 AD060000 		.4byte	0x6ad
 2779 0659 06       		.uleb128 0x6
 2780 065a 435200   		.ascii	"CR\000"
 2781 065d 11       		.byte	0x11
 2782 065e 3202     		.2byte	0x232
 2783 0660 11       		.byte	0x11
 2784 0661 F5000000 		.4byte	0xf5
 2785 0665 00       		.byte	0
 2786 0666 02       		.uleb128 0x2
 2787 0667 D1010000 		.4byte	.LASF92
 2788 066b 11       		.byte	0x11
 2789 066c 3302     		.2byte	0x233
 2790 066e 11       		.byte	0x11
 2791 066f F5000000 		.4byte	0xf5
 2792 0673 04       		.byte	0x4
 2793 0674 06       		.uleb128 0x6
 2794 0675 50415200 		.ascii	"PAR\000"
 2795 0679 11       		.byte	0x11
 2796 067a 3402     		.2byte	0x234
 2797 067c 11       		.byte	0x11
 2798 067d F5000000 		.4byte	0xf5
 2799 0681 08       		.byte	0x8
 2800 0682 02       		.uleb128 0x2
 2801 0683 58060000 		.4byte	.LASF93
 2802 0687 11       		.byte	0x11
 2803 0688 3502     		.2byte	0x235
 2804 068a 11       		.byte	0x11
 2805 068b F5000000 		.4byte	0xf5
 2806 068f 0C       		.byte	0xc
 2807 0690 02       		.uleb128 0x2
ARM GAS  C:\Users\DEVELO~1\AppData\Local\Temp\ccriN3Kt.s 			page 53


 2808 0691 900B0000 		.4byte	.LASF94
 2809 0695 11       		.byte	0x11
 2810 0696 3602     		.2byte	0x236
 2811 0698 11       		.byte	0x11
 2812 0699 F5000000 		.4byte	0xf5
 2813 069d 10       		.byte	0x10
 2814 069e 06       		.uleb128 0x6
 2815 069f 46435200 		.ascii	"FCR\000"
 2816 06a3 11       		.byte	0x11
 2817 06a4 3702     		.2byte	0x237
 2818 06a6 11       		.byte	0x11
 2819 06a7 F5000000 		.4byte	0xf5
 2820 06ab 14       		.byte	0x14
 2821 06ac 00       		.byte	0
 2822 06ad 0D       		.uleb128 0xd
 2823 06ae BE080000 		.4byte	.LASF95
 2824 06b2 11       		.byte	0x11
 2825 06b3 3802     		.2byte	0x238
 2826 06b5 03       		.byte	0x3
 2827 06b6 50060000 		.4byte	0x650
 2828 06ba 17       		.uleb128 0x17
 2829 06bb 04       		.byte	0x4
 2830 06bc 11       		.byte	0x11
 2831 06bd 5102     		.2byte	0x251
 2832 06bf D2060000 		.4byte	0x6d2
 2833 06c3 06       		.uleb128 0x6
 2834 06c4 43435200 		.ascii	"CCR\000"
 2835 06c8 11       		.byte	0x11
 2836 06c9 5302     		.2byte	0x253
 2837 06cb 12       		.byte	0x12
 2838 06cc F5000000 		.4byte	0xf5
 2839 06d0 00       		.byte	0
 2840 06d1 00       		.byte	0
 2841 06d2 0D       		.uleb128 0xd
 2842 06d3 030A0000 		.4byte	.LASF96
 2843 06d7 11       		.byte	0x11
 2844 06d8 5402     		.2byte	0x254
 2845 06da 02       		.byte	0x2
 2846 06db BA060000 		.4byte	0x6ba
 2847 06df 15       		.uleb128 0x15
 2848 06e0 E9000000 		.4byte	0xe9
 2849 06e4 EF060000 		.4byte	0x6ef
 2850 06e8 0F       		.uleb128 0xf
 2851 06e9 3E000000 		.4byte	0x3e
 2852 06ed 08       		.byte	0x8
 2853 06ee 00       		.byte	0
 2854 06ef 35       		.uleb128 0x35
 2855 06f0 3001     		.2byte	0x130
 2856 06f2 11       		.byte	0x11
 2857 06f3 CE04     		.2byte	0x4ce
 2858 06f5 09       		.byte	0x9
 2859 06f6 880A0000 		.4byte	0xa88
 2860 06fa 06       		.uleb128 0x6
 2861 06fb 435200   		.ascii	"CR\000"
 2862 06fe 11       		.byte	0x11
 2863 06ff D004     		.2byte	0x4d0
 2864 0701 10       		.byte	0x10
ARM GAS  C:\Users\DEVELO~1\AppData\Local\Temp\ccriN3Kt.s 			page 54


 2865 0702 F5000000 		.4byte	0xf5
 2866 0706 00       		.byte	0
 2867 0707 02       		.uleb128 0x2
 2868 0708 F4090000 		.4byte	.LASF97
 2869 070c 11       		.byte	0x11
 2870 070d D104     		.2byte	0x4d1
 2871 070f 10       		.byte	0x10
 2872 0710 F5000000 		.4byte	0xf5
 2873 0714 04       		.byte	0x4
 2874 0715 02       		.uleb128 0x2
 2875 0716 9D0D0000 		.4byte	.LASF98
 2876 071a 11       		.byte	0x11
 2877 071b D204     		.2byte	0x4d2
 2878 071d 10       		.byte	0x10
 2879 071e F5000000 		.4byte	0xf5
 2880 0722 08       		.byte	0x8
 2881 0723 02       		.uleb128 0x2
 2882 0724 900C0000 		.4byte	.LASF99
 2883 0728 11       		.byte	0x11
 2884 0729 D304     		.2byte	0x4d3
 2885 072b 10       		.byte	0x10
 2886 072c F5000000 		.4byte	0xf5
 2887 0730 0C       		.byte	0xc
 2888 0731 02       		.uleb128 0x2
 2889 0732 0F0B0000 		.4byte	.LASF100
 2890 0736 11       		.byte	0x11
 2891 0737 D404     		.2byte	0x4d4
 2892 0739 10       		.byte	0x10
 2893 073a F5000000 		.4byte	0xf5
 2894 073e 10       		.byte	0x10
 2895 073f 02       		.uleb128 0x2
 2896 0740 240A0000 		.4byte	.LASF101
 2897 0744 11       		.byte	0x11
 2898 0745 D504     		.2byte	0x4d5
 2899 0747 0F       		.byte	0xf
 2900 0748 E9000000 		.4byte	0xe9
 2901 074c 14       		.byte	0x14
 2902 074d 02       		.uleb128 0x2
 2903 074e C60B0000 		.4byte	.LASF102
 2904 0752 11       		.byte	0x11
 2905 0753 D604     		.2byte	0x4d6
 2906 0755 10       		.byte	0x10
 2907 0756 F5000000 		.4byte	0xf5
 2908 075a 18       		.byte	0x18
 2909 075b 02       		.uleb128 0x2
 2910 075c 6B070000 		.4byte	.LASF103
 2911 0760 11       		.byte	0x11
 2912 0761 D704     		.2byte	0x4d7
 2913 0763 10       		.byte	0x10
 2914 0764 F5000000 		.4byte	0xf5
 2915 0768 1C       		.byte	0x1c
 2916 0769 02       		.uleb128 0x2
 2917 076a 17010000 		.4byte	.LASF104
 2918 076e 11       		.byte	0x11
 2919 076f D804     		.2byte	0x4d8
 2920 0771 10       		.byte	0x10
 2921 0772 F5000000 		.4byte	0xf5
ARM GAS  C:\Users\DEVELO~1\AppData\Local\Temp\ccriN3Kt.s 			page 55


 2922 0776 20       		.byte	0x20
 2923 0777 02       		.uleb128 0x2
 2924 0778 2E0A0000 		.4byte	.LASF105
 2925 077c 11       		.byte	0x11
 2926 077d D904     		.2byte	0x4d9
 2927 077f 0F       		.byte	0xf
 2928 0780 E9000000 		.4byte	0xe9
 2929 0784 24       		.byte	0x24
 2930 0785 02       		.uleb128 0x2
 2931 0786 7D0B0000 		.4byte	.LASF106
 2932 078a 11       		.byte	0x11
 2933 078b DA04     		.2byte	0x4da
 2934 078d 10       		.byte	0x10
 2935 078e F5000000 		.4byte	0xf5
 2936 0792 28       		.byte	0x28
 2937 0793 02       		.uleb128 0x2
 2938 0794 68010000 		.4byte	.LASF107
 2939 0798 11       		.byte	0x11
 2940 0799 DB04     		.2byte	0x4db
 2941 079b 10       		.byte	0x10
 2942 079c F5000000 		.4byte	0xf5
 2943 07a0 2C       		.byte	0x2c
 2944 07a1 02       		.uleb128 0x2
 2945 07a2 4E0C0000 		.4byte	.LASF108
 2946 07a6 11       		.byte	0x11
 2947 07a7 DC04     		.2byte	0x4dc
 2948 07a9 10       		.byte	0x10
 2949 07aa F5000000 		.4byte	0xf5
 2950 07ae 30       		.byte	0x30
 2951 07af 02       		.uleb128 0x2
 2952 07b0 B40B0000 		.4byte	.LASF109
 2953 07b4 11       		.byte	0x11
 2954 07b5 DD04     		.2byte	0x4dd
 2955 07b7 10       		.byte	0x10
 2956 07b8 F5000000 		.4byte	0xf5
 2957 07bc 34       		.byte	0x34
 2958 07bd 02       		.uleb128 0x2
 2959 07be EA070000 		.4byte	.LASF110
 2960 07c2 11       		.byte	0x11
 2961 07c3 DE04     		.2byte	0x4de
 2962 07c5 10       		.byte	0x10
 2963 07c6 F5000000 		.4byte	0xf5
 2964 07ca 38       		.byte	0x38
 2965 07cb 02       		.uleb128 0x2
 2966 07cc 2D070000 		.4byte	.LASF111
 2967 07d0 11       		.byte	0x11
 2968 07d1 DF04     		.2byte	0x4df
 2969 07d3 10       		.byte	0x10
 2970 07d4 F5000000 		.4byte	0xf5
 2971 07d8 3C       		.byte	0x3c
 2972 07d9 02       		.uleb128 0x2
 2973 07da 94010000 		.4byte	.LASF112
 2974 07de 11       		.byte	0x11
 2975 07df E004     		.2byte	0x4e0
 2976 07e1 10       		.byte	0x10
 2977 07e2 F5000000 		.4byte	0xf5
 2978 07e6 40       		.byte	0x40
ARM GAS  C:\Users\DEVELO~1\AppData\Local\Temp\ccriN3Kt.s 			page 56


 2979 07e7 02       		.uleb128 0x2
 2980 07e8 AF000000 		.4byte	.LASF113
 2981 07ec 11       		.byte	0x11
 2982 07ed E104     		.2byte	0x4e1
 2983 07ef 10       		.byte	0x10
 2984 07f0 F5000000 		.4byte	0xf5
 2985 07f4 44       		.byte	0x44
 2986 07f5 02       		.uleb128 0x2
 2987 07f6 2C0E0000 		.4byte	.LASF114
 2988 07fa 11       		.byte	0x11
 2989 07fb E204     		.2byte	0x4e2
 2990 07fd 10       		.byte	0x10
 2991 07fe E9000000 		.4byte	0xe9
 2992 0802 48       		.byte	0x48
 2993 0803 02       		.uleb128 0x2
 2994 0804 FF0A0000 		.4byte	.LASF115
 2995 0808 11       		.byte	0x11
 2996 0809 E304     		.2byte	0x4e3
 2997 080b 11       		.byte	0x11
 2998 080c F5000000 		.4byte	0xf5
 2999 0810 4C       		.byte	0x4c
 3000 0811 02       		.uleb128 0x2
 3001 0812 D10E0000 		.4byte	.LASF116
 3002 0816 11       		.byte	0x11
 3003 0817 E404     		.2byte	0x4e4
 3004 0819 11       		.byte	0x11
 3005 081a F5000000 		.4byte	0xf5
 3006 081e 50       		.byte	0x50
 3007 081f 02       		.uleb128 0x2
 3008 0820 B5070000 		.4byte	.LASF117
 3009 0824 11       		.byte	0x11
 3010 0825 E504     		.2byte	0x4e5
 3011 0827 11       		.byte	0x11
 3012 0828 F5000000 		.4byte	0xf5
 3013 082c 54       		.byte	0x54
 3014 082d 02       		.uleb128 0x2
 3015 082e 570D0000 		.4byte	.LASF118
 3016 0832 11       		.byte	0x11
 3017 0833 E604     		.2byte	0x4e6
 3018 0835 11       		.byte	0x11
 3019 0836 F5000000 		.4byte	0xf5
 3020 083a 58       		.byte	0x58
 3021 083b 02       		.uleb128 0x2
 3022 083c 3F0A0000 		.4byte	.LASF119
 3023 0840 11       		.byte	0x11
 3024 0841 E704     		.2byte	0x4e7
 3025 0843 10       		.byte	0x10
 3026 0844 E9000000 		.4byte	0xe9
 3027 0848 5C       		.byte	0x5c
 3028 0849 02       		.uleb128 0x2
 3029 084a 28040000 		.4byte	.LASF120
 3030 084e 11       		.byte	0x11
 3031 084f E804     		.2byte	0x4e8
 3032 0851 11       		.byte	0x11
 3033 0852 F5000000 		.4byte	0xf5
 3034 0856 60       		.byte	0x60
 3035 0857 02       		.uleb128 0x2
ARM GAS  C:\Users\DEVELO~1\AppData\Local\Temp\ccriN3Kt.s 			page 57


 3036 0858 E20C0000 		.4byte	.LASF121
 3037 085c 11       		.byte	0x11
 3038 085d E904     		.2byte	0x4e9
 3039 085f 11       		.byte	0x11
 3040 0860 F5000000 		.4byte	0xf5
 3041 0864 64       		.byte	0x64
 3042 0865 02       		.uleb128 0x2
 3043 0866 EF090000 		.4byte	.LASF122
 3044 086a 11       		.byte	0x11
 3045 086b EA04     		.2byte	0x4ea
 3046 086d 11       		.byte	0x11
 3047 086e F5000000 		.4byte	0xf5
 3048 0872 68       		.byte	0x68
 3049 0873 02       		.uleb128 0x2
 3050 0874 490A0000 		.4byte	.LASF123
 3051 0878 11       		.byte	0x11
 3052 0879 EB04     		.2byte	0x4eb
 3053 087b 0F       		.byte	0xf
 3054 087c E9000000 		.4byte	0xe9
 3055 0880 6C       		.byte	0x6c
 3056 0881 02       		.uleb128 0x2
 3057 0882 610C0000 		.4byte	.LASF124
 3058 0886 11       		.byte	0x11
 3059 0887 EC04     		.2byte	0x4ec
 3060 0889 11       		.byte	0x11
 3061 088a F5000000 		.4byte	0xf5
 3062 088e 70       		.byte	0x70
 3063 088f 06       		.uleb128 0x6
 3064 0890 43535200 		.ascii	"CSR\000"
 3065 0894 11       		.byte	0x11
 3066 0895 ED04     		.2byte	0x4ed
 3067 0897 11       		.byte	0x11
 3068 0898 F5000000 		.4byte	0xf5
 3069 089c 74       		.byte	0x74
 3070 089d 02       		.uleb128 0x2
 3071 089e 3B0E0000 		.4byte	.LASF125
 3072 08a2 11       		.byte	0x11
 3073 08a3 EE04     		.2byte	0x4ee
 3074 08a5 0F       		.byte	0xf
 3075 08a6 E9000000 		.4byte	0xe9
 3076 08aa 78       		.byte	0x78
 3077 08ab 02       		.uleb128 0x2
 3078 08ac 2A050000 		.4byte	.LASF126
 3079 08b0 11       		.byte	0x11
 3080 08b1 EF04     		.2byte	0x4ef
 3081 08b3 10       		.byte	0x10
 3082 08b4 F5000000 		.4byte	0xf5
 3083 08b8 7C       		.byte	0x7c
 3084 08b9 02       		.uleb128 0x2
 3085 08ba A90E0000 		.4byte	.LASF127
 3086 08be 11       		.byte	0x11
 3087 08bf F004     		.2byte	0x4f0
 3088 08c1 10       		.byte	0x10
 3089 08c2 F5000000 		.4byte	0xf5
 3090 08c6 80       		.byte	0x80
 3091 08c7 02       		.uleb128 0x2
 3092 08c8 C2090000 		.4byte	.LASF128
ARM GAS  C:\Users\DEVELO~1\AppData\Local\Temp\ccriN3Kt.s 			page 58


 3093 08cc 11       		.byte	0x11
 3094 08cd F104     		.2byte	0x4f1
 3095 08cf 10       		.byte	0x10
 3096 08d0 F5000000 		.4byte	0xf5
 3097 08d4 84       		.byte	0x84
 3098 08d5 02       		.uleb128 0x2
 3099 08d6 F80D0000 		.4byte	.LASF129
 3100 08da 11       		.byte	0x11
 3101 08db F204     		.2byte	0x4f2
 3102 08dd 10       		.byte	0x10
 3103 08de F5000000 		.4byte	0xf5
 3104 08e2 88       		.byte	0x88
 3105 08e3 02       		.uleb128 0x2
 3106 08e4 8B0A0000 		.4byte	.LASF130
 3107 08e8 11       		.byte	0x11
 3108 08e9 F304     		.2byte	0x4f3
 3109 08eb 10       		.byte	0x10
 3110 08ec F5000000 		.4byte	0xf5
 3111 08f0 8C       		.byte	0x8c
 3112 08f1 02       		.uleb128 0x2
 3113 08f2 4B090000 		.4byte	.LASF131
 3114 08f6 11       		.byte	0x11
 3115 08f7 F404     		.2byte	0x4f4
 3116 08f9 10       		.byte	0x10
 3117 08fa F5000000 		.4byte	0xf5
 3118 08fe 90       		.byte	0x90
 3119 08ff 02       		.uleb128 0x2
 3120 0900 00000000 		.4byte	.LASF132
 3121 0904 11       		.byte	0x11
 3122 0905 F504     		.2byte	0x4f5
 3123 0907 10       		.byte	0x10
 3124 0908 F5000000 		.4byte	0xf5
 3125 090c 94       		.byte	0x94
 3126 090d 02       		.uleb128 0x2
 3127 090e 74000000 		.4byte	.LASF133
 3128 0912 11       		.byte	0x11
 3129 0913 F604     		.2byte	0x4f6
 3130 0915 10       		.byte	0x10
 3131 0916 F5000000 		.4byte	0xf5
 3132 091a 98       		.byte	0x98
 3133 091b 02       		.uleb128 0x2
 3134 091c FF050000 		.4byte	.LASF134
 3135 0920 11       		.byte	0x11
 3136 0921 F704     		.2byte	0x4f7
 3137 0923 10       		.byte	0x10
 3138 0924 F5000000 		.4byte	0xf5
 3139 0928 9C       		.byte	0x9c
 3140 0929 06       		.uleb128 0x6
 3141 092a 47435200 		.ascii	"GCR\000"
 3142 092e 11       		.byte	0x11
 3143 092f F804     		.2byte	0x4f8
 3144 0931 10       		.byte	0x10
 3145 0932 F5000000 		.4byte	0xf5
 3146 0936 A0       		.byte	0xa0
 3147 0937 02       		.uleb128 0x2
 3148 0938 640A0000 		.4byte	.LASF135
 3149 093c 11       		.byte	0x11
ARM GAS  C:\Users\DEVELO~1\AppData\Local\Temp\ccriN3Kt.s 			page 59


 3150 093d F904     		.2byte	0x4f9
 3151 093f 0F       		.byte	0xf
 3152 0940 E9000000 		.4byte	0xe9
 3153 0944 A4       		.byte	0xa4
 3154 0945 02       		.uleb128 0x2
 3155 0946 36090000 		.4byte	.LASF136
 3156 094a 11       		.byte	0x11
 3157 094b FA04     		.2byte	0x4fa
 3158 094d 10       		.byte	0x10
 3159 094e F5000000 		.4byte	0xf5
 3160 0952 A8       		.byte	0xa8
 3161 0953 02       		.uleb128 0x2
 3162 0954 F70C0000 		.4byte	.LASF137
 3163 0958 11       		.byte	0x11
 3164 0959 FB04     		.2byte	0x4fb
 3165 095b 0F       		.byte	0xf
 3166 095c DF060000 		.4byte	0x6df
 3167 0960 AC       		.byte	0xac
 3168 0961 06       		.uleb128 0x6
 3169 0962 52535200 		.ascii	"RSR\000"
 3170 0966 11       		.byte	0x11
 3171 0967 FC04     		.2byte	0x4fc
 3172 0969 10       		.byte	0x10
 3173 096a F5000000 		.4byte	0xf5
 3174 096e D0       		.byte	0xd0
 3175 096f 02       		.uleb128 0x2
 3176 0970 6C060000 		.4byte	.LASF138
 3177 0974 11       		.byte	0x11
 3178 0975 FD04     		.2byte	0x4fd
 3179 0977 10       		.byte	0x10
 3180 0978 F5000000 		.4byte	0xf5
 3181 097c D4       		.byte	0xd4
 3182 097d 02       		.uleb128 0x2
 3183 097e 05040000 		.4byte	.LASF139
 3184 0982 11       		.byte	0x11
 3185 0983 FE04     		.2byte	0x4fe
 3186 0985 10       		.byte	0x10
 3187 0986 F5000000 		.4byte	0xf5
 3188 098a D8       		.byte	0xd8
 3189 098b 02       		.uleb128 0x2
 3190 098c 050C0000 		.4byte	.LASF140
 3191 0990 11       		.byte	0x11
 3192 0991 FF04     		.2byte	0x4ff
 3193 0993 10       		.byte	0x10
 3194 0994 F5000000 		.4byte	0xf5
 3195 0998 DC       		.byte	0xdc
 3196 0999 02       		.uleb128 0x2
 3197 099a 14020000 		.4byte	.LASF141
 3198 099e 11       		.byte	0x11
 3199 099f 0005     		.2byte	0x500
 3200 09a1 10       		.byte	0x10
 3201 09a2 F5000000 		.4byte	0xf5
 3202 09a6 E0       		.byte	0xe0
 3203 09a7 02       		.uleb128 0x2
 3204 09a8 5F020000 		.4byte	.LASF142
 3205 09ac 11       		.byte	0x11
 3206 09ad 0105     		.2byte	0x501
ARM GAS  C:\Users\DEVELO~1\AppData\Local\Temp\ccriN3Kt.s 			page 60


 3207 09af 10       		.byte	0x10
 3208 09b0 F5000000 		.4byte	0xf5
 3209 09b4 E4       		.byte	0xe4
 3210 09b5 02       		.uleb128 0x2
 3211 09b6 A00E0000 		.4byte	.LASF143
 3212 09ba 11       		.byte	0x11
 3213 09bb 0205     		.2byte	0x502
 3214 09bd 10       		.byte	0x10
 3215 09be F5000000 		.4byte	0xf5
 3216 09c2 E8       		.byte	0xe8
 3217 09c3 02       		.uleb128 0x2
 3218 09c4 870B0000 		.4byte	.LASF144
 3219 09c8 11       		.byte	0x11
 3220 09c9 0305     		.2byte	0x503
 3221 09cb 10       		.byte	0x10
 3222 09cc F5000000 		.4byte	0xf5
 3223 09d0 EC       		.byte	0xec
 3224 09d1 02       		.uleb128 0x2
 3225 09d2 AD0A0000 		.4byte	.LASF145
 3226 09d6 11       		.byte	0x11
 3227 09d7 0405     		.2byte	0x504
 3228 09d9 10       		.byte	0x10
 3229 09da F5000000 		.4byte	0xf5
 3230 09de F0       		.byte	0xf0
 3231 09df 02       		.uleb128 0x2
 3232 09e0 340B0000 		.4byte	.LASF146
 3233 09e4 11       		.byte	0x11
 3234 09e5 0505     		.2byte	0x505
 3235 09e7 10       		.byte	0x10
 3236 09e8 F5000000 		.4byte	0xf5
 3237 09ec F4       		.byte	0xf4
 3238 09ed 02       		.uleb128 0x2
 3239 09ee 020D0000 		.4byte	.LASF147
 3240 09f2 11       		.byte	0x11
 3241 09f3 0605     		.2byte	0x506
 3242 09f5 10       		.byte	0x10
 3243 09f6 E9000000 		.4byte	0xe9
 3244 09fa F8       		.byte	0xf8
 3245 09fb 02       		.uleb128 0x2
 3246 09fc AA0B0000 		.4byte	.LASF148
 3247 0a00 11       		.byte	0x11
 3248 0a01 0705     		.2byte	0x507
 3249 0a03 10       		.byte	0x10
 3250 0a04 F5000000 		.4byte	0xf5
 3251 0a08 FC       		.byte	0xfc
 3252 0a09 10       		.uleb128 0x10
 3253 0a0a 5D090000 		.4byte	.LASF149
 3254 0a0e 0805     		.2byte	0x508
 3255 0a10 10       		.byte	0x10
 3256 0a11 F5000000 		.4byte	0xf5
 3257 0a15 0001     		.2byte	0x100
 3258 0a17 10       		.uleb128 0x10
 3259 0a18 FC010000 		.4byte	.LASF150
 3260 0a1c 0905     		.2byte	0x509
 3261 0a1e 10       		.byte	0x10
 3262 0a1f F5000000 		.4byte	0xf5
 3263 0a23 0401     		.2byte	0x104
ARM GAS  C:\Users\DEVELO~1\AppData\Local\Temp\ccriN3Kt.s 			page 61


 3264 0a25 10       		.uleb128 0x10
 3265 0a26 23070000 		.4byte	.LASF151
 3266 0a2a 0A05     		.2byte	0x50a
 3267 0a2c 10       		.byte	0x10
 3268 0a2d F5000000 		.4byte	0xf5
 3269 0a31 0801     		.2byte	0x108
 3270 0a33 10       		.uleb128 0x10
 3271 0a34 750A0000 		.4byte	.LASF152
 3272 0a38 0B05     		.2byte	0x50b
 3273 0a3a 10       		.byte	0x10
 3274 0a3b F5000000 		.4byte	0xf5
 3275 0a3f 0C01     		.2byte	0x10c
 3276 0a41 10       		.uleb128 0x10
 3277 0a42 EC000000 		.4byte	.LASF153
 3278 0a46 0C05     		.2byte	0x50c
 3279 0a48 10       		.byte	0x10
 3280 0a49 F5000000 		.4byte	0xf5
 3281 0a4d 1001     		.2byte	0x110
 3282 0a4f 10       		.uleb128 0x10
 3283 0a50 5C0E0000 		.4byte	.LASF154
 3284 0a54 0D05     		.2byte	0x50d
 3285 0a56 10       		.byte	0x10
 3286 0a57 F5000000 		.4byte	0xf5
 3287 0a5b 1401     		.2byte	0x114
 3288 0a5d 10       		.uleb128 0x10
 3289 0a5e 6A000000 		.4byte	.LASF155
 3290 0a62 0E05     		.2byte	0x50e
 3291 0a64 10       		.byte	0x10
 3292 0a65 F5000000 		.4byte	0xf5
 3293 0a69 1801     		.2byte	0x118
 3294 0a6b 10       		.uleb128 0x10
 3295 0a6c 9F050000 		.4byte	.LASF156
 3296 0a70 0F05     		.2byte	0x50f
 3297 0a72 10       		.byte	0x10
 3298 0a73 F5000000 		.4byte	0xf5
 3299 0a77 1C01     		.2byte	0x11c
 3300 0a79 10       		.uleb128 0x10
 3301 0a7a 0D0D0000 		.4byte	.LASF157
 3302 0a7e 1005     		.2byte	0x510
 3303 0a80 0F       		.byte	0xf
 3304 0a81 40060000 		.4byte	0x640
 3305 0a85 2001     		.2byte	0x120
 3306 0a87 00       		.byte	0
 3307 0a88 0D       		.uleb128 0xd
 3308 0a89 70010000 		.4byte	.LASF158
 3309 0a8d 11       		.byte	0x11
 3310 0a8e 1205     		.2byte	0x512
 3311 0a90 03       		.byte	0x3
 3312 0a91 EF060000 		.4byte	0x6ef
 3313 0a95 17       		.uleb128 0x17
 3314 0a96 4C       		.byte	0x4c
 3315 0a97 11       		.byte	0x11
 3316 0a98 5405     		.2byte	0x554
 3317 0a9a D70A0000 		.4byte	0xad7
 3318 0a9e 06       		.uleb128 0x6
 3319 0a9f 47435200 		.ascii	"GCR\000"
 3320 0aa3 11       		.byte	0x11
ARM GAS  C:\Users\DEVELO~1\AppData\Local\Temp\ccriN3Kt.s 			page 62


 3321 0aa4 5605     		.2byte	0x556
 3322 0aa6 11       		.byte	0x11
 3323 0aa7 F5000000 		.4byte	0xf5
 3324 0aab 00       		.byte	0
 3325 0aac 02       		.uleb128 0x2
 3326 0aad 1A0A0000 		.4byte	.LASF159
 3327 0ab1 11       		.byte	0x11
 3328 0ab2 5705     		.2byte	0x557
 3329 0ab4 11       		.byte	0x11
 3330 0ab5 D70A0000 		.4byte	0xad7
 3331 0ab9 04       		.byte	0x4
 3332 0aba 02       		.uleb128 0x2
 3333 0abb B7050000 		.4byte	.LASF160
 3334 0abf 11       		.byte	0x11
 3335 0ac0 5805     		.2byte	0x558
 3336 0ac2 11       		.byte	0x11
 3337 0ac3 F5000000 		.4byte	0xf5
 3338 0ac7 44       		.byte	0x44
 3339 0ac8 02       		.uleb128 0x2
 3340 0ac9 BC0A0000 		.4byte	.LASF161
 3341 0acd 11       		.byte	0x11
 3342 0ace 5905     		.2byte	0x559
 3343 0ad0 11       		.byte	0x11
 3344 0ad1 F5000000 		.4byte	0xf5
 3345 0ad5 48       		.byte	0x48
 3346 0ad6 00       		.byte	0
 3347 0ad7 15       		.uleb128 0x15
 3348 0ad8 E9000000 		.4byte	0xe9
 3349 0adc E70A0000 		.4byte	0xae7
 3350 0ae0 0F       		.uleb128 0xf
 3351 0ae1 3E000000 		.4byte	0x3e
 3352 0ae5 0F       		.byte	0xf
 3353 0ae6 00       		.byte	0
 3354 0ae7 0D       		.uleb128 0xd
 3355 0ae8 2C060000 		.4byte	.LASF162
 3356 0aec 11       		.byte	0x11
 3357 0aed 5A05     		.2byte	0x55a
 3358 0aef 03       		.byte	0x3
 3359 0af0 950A0000 		.4byte	0xa95
 3360 0af4 17       		.uleb128 0x17
 3361 0af5 20       		.byte	0x20
 3362 0af6 11       		.byte	0x11
 3363 0af7 5C05     		.2byte	0x55c
 3364 0af9 6C0B0000 		.4byte	0xb6c
 3365 0afd 06       		.uleb128 0x6
 3366 0afe 43523100 		.ascii	"CR1\000"
 3367 0b02 11       		.byte	0x11
 3368 0b03 5E05     		.2byte	0x55e
 3369 0b05 11       		.byte	0x11
 3370 0b06 F5000000 		.4byte	0xf5
 3371 0b0a 00       		.byte	0
 3372 0b0b 06       		.uleb128 0x6
 3373 0b0c 43523200 		.ascii	"CR2\000"
 3374 0b10 11       		.byte	0x11
 3375 0b11 5F05     		.2byte	0x55f
 3376 0b13 11       		.byte	0x11
 3377 0b14 F5000000 		.4byte	0xf5
ARM GAS  C:\Users\DEVELO~1\AppData\Local\Temp\ccriN3Kt.s 			page 63


 3378 0b18 04       		.byte	0x4
 3379 0b19 02       		.uleb128 0x2
 3380 0b1a 360E0000 		.4byte	.LASF163
 3381 0b1e 11       		.byte	0x11
 3382 0b1f 6005     		.2byte	0x560
 3383 0b21 11       		.byte	0x11
 3384 0b22 F5000000 		.4byte	0xf5
 3385 0b26 08       		.byte	0x8
 3386 0b27 02       		.uleb128 0x2
 3387 0b28 E2020000 		.4byte	.LASF164
 3388 0b2c 11       		.byte	0x11
 3389 0b2d 6105     		.2byte	0x561
 3390 0b2f 11       		.byte	0x11
 3391 0b30 F5000000 		.4byte	0xf5
 3392 0b34 0C       		.byte	0xc
 3393 0b35 06       		.uleb128 0x6
 3394 0b36 494D5200 		.ascii	"IMR\000"
 3395 0b3a 11       		.byte	0x11
 3396 0b3b 6205     		.2byte	0x562
 3397 0b3d 11       		.byte	0x11
 3398 0b3e F5000000 		.4byte	0xf5
 3399 0b42 10       		.byte	0x10
 3400 0b43 06       		.uleb128 0x6
 3401 0b44 535200   		.ascii	"SR\000"
 3402 0b47 11       		.byte	0x11
 3403 0b48 6305     		.2byte	0x563
 3404 0b4a 11       		.byte	0x11
 3405 0b4b F5000000 		.4byte	0xf5
 3406 0b4f 14       		.byte	0x14
 3407 0b50 02       		.uleb128 0x2
 3408 0b51 E9090000 		.4byte	.LASF165
 3409 0b55 11       		.byte	0x11
 3410 0b56 6405     		.2byte	0x564
 3411 0b58 11       		.byte	0x11
 3412 0b59 F5000000 		.4byte	0xf5
 3413 0b5d 18       		.byte	0x18
 3414 0b5e 06       		.uleb128 0x6
 3415 0b5f 445200   		.ascii	"DR\000"
 3416 0b62 11       		.byte	0x11
 3417 0b63 6505     		.2byte	0x565
 3418 0b65 11       		.byte	0x11
 3419 0b66 F5000000 		.4byte	0xf5
 3420 0b6a 1C       		.byte	0x1c
 3421 0b6b 00       		.byte	0
 3422 0b6c 0D       		.uleb128 0xd
 3423 0b6d 50070000 		.4byte	.LASF166
 3424 0b71 11       		.byte	0x11
 3425 0b72 6605     		.2byte	0x566
 3426 0b74 03       		.byte	0x3
 3427 0b75 F40A0000 		.4byte	0xaf4
 3428 0b79 17       		.uleb128 0x17
 3429 0b7a 30       		.byte	0x30
 3430 0b7b 11       		.byte	0x11
 3431 0b7c 3906     		.2byte	0x639
 3432 0b7e 2B0C0000 		.4byte	0xc2b
 3433 0b82 06       		.uleb128 0x6
 3434 0b83 43523100 		.ascii	"CR1\000"
ARM GAS  C:\Users\DEVELO~1\AppData\Local\Temp\ccriN3Kt.s 			page 64


 3435 0b87 11       		.byte	0x11
 3436 0b88 3B06     		.2byte	0x63b
 3437 0b8a 11       		.byte	0x11
 3438 0b8b F5000000 		.4byte	0xf5
 3439 0b8f 00       		.byte	0
 3440 0b90 06       		.uleb128 0x6
 3441 0b91 43523200 		.ascii	"CR2\000"
 3442 0b95 11       		.byte	0x11
 3443 0b96 3C06     		.2byte	0x63c
 3444 0b98 11       		.byte	0x11
 3445 0b99 F5000000 		.4byte	0xf5
 3446 0b9d 04       		.byte	0x4
 3447 0b9e 06       		.uleb128 0x6
 3448 0b9f 43523300 		.ascii	"CR3\000"
 3449 0ba3 11       		.byte	0x11
 3450 0ba4 3D06     		.2byte	0x63d
 3451 0ba6 11       		.byte	0x11
 3452 0ba7 F5000000 		.4byte	0xf5
 3453 0bab 08       		.byte	0x8
 3454 0bac 06       		.uleb128 0x6
 3455 0bad 42525200 		.ascii	"BRR\000"
 3456 0bb1 11       		.byte	0x11
 3457 0bb2 3E06     		.2byte	0x63e
 3458 0bb4 11       		.byte	0x11
 3459 0bb5 F5000000 		.4byte	0xf5
 3460 0bb9 0C       		.byte	0xc
 3461 0bba 02       		.uleb128 0x2
 3462 0bbb 87020000 		.4byte	.LASF167
 3463 0bbf 11       		.byte	0x11
 3464 0bc0 3F06     		.2byte	0x63f
 3465 0bc2 11       		.byte	0x11
 3466 0bc3 F5000000 		.4byte	0xf5
 3467 0bc7 10       		.byte	0x10
 3468 0bc8 02       		.uleb128 0x2
 3469 0bc9 C6070000 		.4byte	.LASF168
 3470 0bcd 11       		.byte	0x11
 3471 0bce 4006     		.2byte	0x640
 3472 0bd0 11       		.byte	0x11
 3473 0bd1 F5000000 		.4byte	0xf5
 3474 0bd5 14       		.byte	0x14
 3475 0bd6 06       		.uleb128 0x6
 3476 0bd7 52515200 		.ascii	"RQR\000"
 3477 0bdb 11       		.byte	0x11
 3478 0bdc 4106     		.2byte	0x641
 3479 0bde 11       		.byte	0x11
 3480 0bdf F5000000 		.4byte	0xf5
 3481 0be3 18       		.byte	0x18
 3482 0be4 06       		.uleb128 0x6
 3483 0be5 49535200 		.ascii	"ISR\000"
 3484 0be9 11       		.byte	0x11
 3485 0bea 4206     		.2byte	0x642
 3486 0bec 11       		.byte	0x11
 3487 0bed F5000000 		.4byte	0xf5
 3488 0bf1 1C       		.byte	0x1c
 3489 0bf2 06       		.uleb128 0x6
 3490 0bf3 49435200 		.ascii	"ICR\000"
 3491 0bf7 11       		.byte	0x11
ARM GAS  C:\Users\DEVELO~1\AppData\Local\Temp\ccriN3Kt.s 			page 65


 3492 0bf8 4306     		.2byte	0x643
 3493 0bfa 11       		.byte	0x11
 3494 0bfb F5000000 		.4byte	0xf5
 3495 0bff 20       		.byte	0x20
 3496 0c00 06       		.uleb128 0x6
 3497 0c01 52445200 		.ascii	"RDR\000"
 3498 0c05 11       		.byte	0x11
 3499 0c06 4406     		.2byte	0x644
 3500 0c08 11       		.byte	0x11
 3501 0c09 F5000000 		.4byte	0xf5
 3502 0c0d 24       		.byte	0x24
 3503 0c0e 06       		.uleb128 0x6
 3504 0c0f 54445200 		.ascii	"TDR\000"
 3505 0c13 11       		.byte	0x11
 3506 0c14 4506     		.2byte	0x645
 3507 0c16 11       		.byte	0x11
 3508 0c17 F5000000 		.4byte	0xf5
 3509 0c1b 28       		.byte	0x28
 3510 0c1c 02       		.uleb128 0x2
 3511 0c1d D8040000 		.4byte	.LASF169
 3512 0c21 11       		.byte	0x11
 3513 0c22 4606     		.2byte	0x646
 3514 0c24 11       		.byte	0x11
 3515 0c25 F5000000 		.4byte	0xf5
 3516 0c29 2C       		.byte	0x2c
 3517 0c2a 00       		.byte	0
 3518 0c2b 0D       		.uleb128 0xd
 3519 0c2c 4A060000 		.4byte	.LASF170
 3520 0c30 11       		.byte	0x11
 3521 0c31 4706     		.2byte	0x647
 3522 0c33 03       		.byte	0x3
 3523 0c34 790B0000 		.4byte	0xb79
 3524 0c38 1B       		.uleb128 0x1b
 3525 0c39 7F0A0000 		.4byte	.LASF171
 3526 0c3d 24       		.byte	0x24
 3527 0c3e 03       		.byte	0x3
 3528 0c3f E001     		.2byte	0x1e0
 3529 0c41 08       		.byte	0x8
 3530 0c42 BE0C0000 		.4byte	0xcbe
 3531 0c46 06       		.uleb128 0x6
 3532 0c47 723400   		.ascii	"r4\000"
 3533 0c4a 03       		.byte	0x3
 3534 0c4b F901     		.2byte	0x1f9
 3535 0c4d 11       		.byte	0x11
 3536 0c4e E9000000 		.4byte	0xe9
 3537 0c52 00       		.byte	0
 3538 0c53 06       		.uleb128 0x6
 3539 0c54 723500   		.ascii	"r5\000"
 3540 0c57 03       		.byte	0x3
 3541 0c58 FA01     		.2byte	0x1fa
 3542 0c5a 11       		.byte	0x11
 3543 0c5b E9000000 		.4byte	0xe9
 3544 0c5f 04       		.byte	0x4
 3545 0c60 06       		.uleb128 0x6
 3546 0c61 723600   		.ascii	"r6\000"
 3547 0c64 03       		.byte	0x3
 3548 0c65 FB01     		.2byte	0x1fb
ARM GAS  C:\Users\DEVELO~1\AppData\Local\Temp\ccriN3Kt.s 			page 66


 3549 0c67 11       		.byte	0x11
 3550 0c68 E9000000 		.4byte	0xe9
 3551 0c6c 08       		.byte	0x8
 3552 0c6d 06       		.uleb128 0x6
 3553 0c6e 723700   		.ascii	"r7\000"
 3554 0c71 03       		.byte	0x3
 3555 0c72 FC01     		.2byte	0x1fc
 3556 0c74 11       		.byte	0x11
 3557 0c75 E9000000 		.4byte	0xe9
 3558 0c79 0C       		.byte	0xc
 3559 0c7a 06       		.uleb128 0x6
 3560 0c7b 723800   		.ascii	"r8\000"
 3561 0c7e 03       		.byte	0x3
 3562 0c7f FD01     		.2byte	0x1fd
 3563 0c81 11       		.byte	0x11
 3564 0c82 E9000000 		.4byte	0xe9
 3565 0c86 10       		.byte	0x10
 3566 0c87 06       		.uleb128 0x6
 3567 0c88 723900   		.ascii	"r9\000"
 3568 0c8b 03       		.byte	0x3
 3569 0c8c FE01     		.2byte	0x1fe
 3570 0c8e 11       		.byte	0x11
 3571 0c8f E9000000 		.4byte	0xe9
 3572 0c93 14       		.byte	0x14
 3573 0c94 06       		.uleb128 0x6
 3574 0c95 72313000 		.ascii	"r10\000"
 3575 0c99 03       		.byte	0x3
 3576 0c9a FF01     		.2byte	0x1ff
 3577 0c9c 11       		.byte	0x11
 3578 0c9d E9000000 		.4byte	0xe9
 3579 0ca1 18       		.byte	0x18
 3580 0ca2 06       		.uleb128 0x6
 3581 0ca3 72313100 		.ascii	"r11\000"
 3582 0ca7 03       		.byte	0x3
 3583 0ca8 0002     		.2byte	0x200
 3584 0caa 11       		.byte	0x11
 3585 0cab E9000000 		.4byte	0xe9
 3586 0caf 1C       		.byte	0x1c
 3587 0cb0 06       		.uleb128 0x6
 3588 0cb1 6C7200   		.ascii	"lr\000"
 3589 0cb4 03       		.byte	0x3
 3590 0cb5 0102     		.2byte	0x201
 3591 0cb7 11       		.byte	0x11
 3592 0cb8 E9000000 		.4byte	0xe9
 3593 0cbc 20       		.byte	0x20
 3594 0cbd 00       		.byte	0
 3595 0cbe 1B       		.uleb128 0x1b
 3596 0cbf 9D010000 		.4byte	.LASF172
 3597 0cc3 04       		.byte	0x4
 3598 0cc4 03       		.byte	0x3
 3599 0cc5 0A02     		.2byte	0x20a
 3600 0cc7 08       		.byte	0x8
 3601 0cc8 DA0C0000 		.4byte	0xcda
 3602 0ccc 06       		.uleb128 0x6
 3603 0ccd 737000   		.ascii	"sp\000"
 3604 0cd0 03       		.byte	0x3
 3605 0cd1 0B02     		.2byte	0x20b
ARM GAS  C:\Users\DEVELO~1\AppData\Local\Temp\ccriN3Kt.s 			page 67


 3606 0cd3 1A       		.byte	0x1a
 3607 0cd4 DA0C0000 		.4byte	0xcda
 3608 0cd8 00       		.byte	0
 3609 0cd9 00       		.byte	0
 3610 0cda 04       		.uleb128 0x4
 3611 0cdb 380C0000 		.4byte	0xc38
 3612 0cdf 08       		.uleb128 0x8
 3613 0ce0 60050000 		.4byte	.LASF173
 3614 0ce4 18       		.byte	0x18
 3615 0ce5 0B       		.byte	0xb
 3616 0ce6 64       		.byte	0x64
 3617 0ce7 10       		.byte	0x10
 3618 0ce8 140D0000 		.4byte	0xd14
 3619 0cec 01       		.uleb128 0x1
 3620 0ced E70A0000 		.4byte	.LASF174
 3621 0cf1 0B       		.byte	0xb
 3622 0cf2 68       		.byte	0x68
 3623 0cf3 21       		.byte	0x21
 3624 0cf4 57040000 		.4byte	0x457
 3625 0cf8 00       		.byte	0
 3626 0cf9 01       		.uleb128 0x1
 3627 0cfa ED0A0000 		.4byte	.LASF175
 3628 0cfe 0B       		.byte	0xb
 3629 0cff 73       		.byte	0x73
 3630 0d00 21       		.byte	0x21
 3631 0d01 88030000 		.4byte	0x388
 3632 0d05 0C       		.byte	0xc
 3633 0d06 01       		.uleb128 0x1
 3634 0d07 67090000 		.4byte	.LASF176
 3635 0d0b 0B       		.byte	0xb
 3636 0d0c 79       		.byte	0x79
 3637 0d0d 21       		.byte	0x21
 3638 0d0e 06010000 		.4byte	0x106
 3639 0d12 10       		.byte	0x10
 3640 0d13 00       		.byte	0
 3641 0d14 03       		.uleb128 0x3
 3642 0d15 C20C0000 		.4byte	.LASF177
 3643 0d19 0B       		.byte	0xb
 3644 0d1a 7B       		.byte	0x7b
 3645 0d1b 03       		.byte	0x3
 3646 0d1c DF0C0000 		.4byte	0xcdf
 3647 0d20 08       		.uleb128 0x8
 3648 0d21 5E000000 		.4byte	.LASF178
 3649 0d25 08       		.byte	0x8
 3650 0d26 0B       		.byte	0xb
 3651 0d27 80       		.byte	0x80
 3652 0d28 10       		.byte	0x10
 3653 0d29 3B0D0000 		.4byte	0xd3b
 3654 0d2d 01       		.uleb128 0x1
 3655 0d2e F30B0000 		.4byte	.LASF179
 3656 0d32 0B       		.byte	0xb
 3657 0d33 84       		.byte	0x84
 3658 0d34 21       		.byte	0x21
 3659 0d35 D8030000 		.4byte	0x3d8
 3660 0d39 00       		.byte	0
 3661 0d3a 00       		.byte	0
 3662 0d3b 03       		.uleb128 0x3
ARM GAS  C:\Users\DEVELO~1\AppData\Local\Temp\ccriN3Kt.s 			page 68


 3663 0d3c 7A080000 		.4byte	.LASF180
 3664 0d40 0B       		.byte	0xb
 3665 0d41 85       		.byte	0x85
 3666 0d42 03       		.byte	0x3
 3667 0d43 200D0000 		.4byte	0xd20
 3668 0d47 03       		.uleb128 0x3
 3669 0d48 3D000000 		.4byte	.LASF181
 3670 0d4c 0B       		.byte	0xb
 3671 0d4d 8A       		.byte	0x8a
 3672 0d4e 14       		.byte	0x14
 3673 0d4f C1040000 		.4byte	0x4c1
 3674 0d53 08       		.uleb128 0x8
 3675 0d54 2D080000 		.4byte	.LASF182
 3676 0d58 08       		.byte	0x8
 3677 0d59 0B       		.byte	0xb
 3678 0d5a 8F       		.byte	0x8f
 3679 0d5b 10       		.byte	0x10
 3680 0d5c 6E0D0000 		.4byte	0xd6e
 3681 0d60 01       		.uleb128 0x1
 3682 0d61 F30B0000 		.4byte	.LASF179
 3683 0d65 0B       		.byte	0xb
 3684 0d66 93       		.byte	0x93
 3685 0d67 21       		.byte	0x21
 3686 0d68 D8030000 		.4byte	0x3d8
 3687 0d6c 00       		.byte	0
 3688 0d6d 00       		.byte	0
 3689 0d6e 03       		.uleb128 0x3
 3690 0d6f 42050000 		.4byte	.LASF183
 3691 0d73 0B       		.byte	0xb
 3692 0d74 94       		.byte	0x94
 3693 0d75 03       		.byte	0x3
 3694 0d76 530D0000 		.4byte	0xd53
 3695 0d7a 1C       		.uleb128 0x1c
 3696 0d7b 0C       		.byte	0xc
 3697 0d7c 0B       		.byte	0xb
 3698 0d7d A0       		.byte	0xa0
 3699 0d7e 03       		.byte	0x3
 3700 0d7f A80D0000 		.4byte	0xda8
 3701 0d83 14       		.uleb128 0x14
 3702 0d84 E8020000 		.4byte	.LASF184
 3703 0d88 0B       		.byte	0xb
 3704 0d89 A4       		.byte	0xa4
 3705 0d8a 21       		.byte	0x21
 3706 0d8b AC030000 		.4byte	0x3ac
 3707 0d8f 14       		.uleb128 0x14
 3708 0d90 F30B0000 		.4byte	.LASF179
 3709 0d94 0B       		.byte	0xb
 3710 0d95 A8       		.byte	0xa8
 3711 0d96 21       		.byte	0x21
 3712 0d97 D8030000 		.4byte	0x3d8
 3713 0d9b 14       		.uleb128 0x14
 3714 0d9c C0040000 		.4byte	.LASF185
 3715 0da0 0B       		.byte	0xb
 3716 0da1 AC       		.byte	0xac
 3717 0da2 21       		.byte	0x21
 3718 0da3 11040000 		.4byte	0x411
 3719 0da7 00       		.byte	0
ARM GAS  C:\Users\DEVELO~1\AppData\Local\Temp\ccriN3Kt.s 			page 69


 3720 0da8 1C       		.uleb128 0x1c
 3721 0da9 04       		.byte	0x4
 3722 0daa 0B       		.byte	0xb
 3723 0dab EB       		.byte	0xeb
 3724 0dac 03       		.byte	0x3
 3725 0dad 120E0000 		.4byte	0xe12
 3726 0db1 14       		.uleb128 0x14
 3727 0db2 B0050000 		.4byte	.LASF186
 3728 0db6 0B       		.byte	0xb
 3729 0db7 F2       		.byte	0xf2
 3730 0db8 21       		.byte	0x21
 3731 0db9 53010000 		.4byte	0x153
 3732 0dbd 14       		.uleb128 0x14
 3733 0dbe 8D0E0000 		.4byte	.LASF187
 3734 0dc2 0B       		.byte	0xb
 3735 0dc3 F9       		.byte	0xf9
 3736 0dc4 21       		.byte	0x21
 3737 0dc5 53010000 		.4byte	0x153
 3738 0dc9 18       		.uleb128 0x18
 3739 0dca 7C010000 		.4byte	.LASF80
 3740 0dce 0001     		.2byte	0x100
 3741 0dd0 22       		.byte	0x22
 3742 0dd1 C6040000 		.4byte	0x4c6
 3743 0dd5 18       		.uleb128 0x18
 3744 0dd6 670E0000 		.4byte	.LASF188
 3745 0dda 0701     		.2byte	0x107
 3746 0ddc 22       		.byte	0x22
 3747 0ddd 120E0000 		.4byte	0xe12
 3748 0de1 18       		.uleb128 0x18
 3749 0de2 AB030000 		.4byte	.LASF189
 3750 0de6 0C01     		.2byte	0x10c
 3751 0de8 21       		.byte	0x21
 3752 0de9 53010000 		.4byte	0x153
 3753 0ded 18       		.uleb128 0x18
 3754 0dee 2E0C0000 		.4byte	.LASF190
 3755 0df2 1501     		.2byte	0x115
 3756 0df4 22       		.byte	0x22
 3757 0df5 3F0E0000 		.4byte	0xe3f
 3758 0df9 18       		.uleb128 0x18
 3759 0dfa 6D0E0000 		.4byte	.LASF191
 3760 0dfe 1E01     		.2byte	0x11e
 3761 0e00 22       		.byte	0x22
 3762 0e01 790E0000 		.4byte	0xe79
 3763 0e05 18       		.uleb128 0x18
 3764 0e06 EA010000 		.4byte	.LASF192
 3765 0e0a 2601     		.2byte	0x126
 3766 0e0c 21       		.byte	0x21
 3767 0e0d 5F010000 		.4byte	0x15f
 3768 0e11 00       		.byte	0
 3769 0e12 04       		.uleb128 0x4
 3770 0e13 470D0000 		.4byte	0xd47
 3771 0e17 08       		.uleb128 0x8
 3772 0e18 F8030000 		.4byte	.LASF193
 3773 0e1c 0C       		.byte	0xc
 3774 0e1d 12       		.byte	0x12
 3775 0e1e 34       		.byte	0x34
 3776 0e1f 10       		.byte	0x10
ARM GAS  C:\Users\DEVELO~1\AppData\Local\Temp\ccriN3Kt.s 			page 70


 3777 0e20 3F0E0000 		.4byte	0xe3f
 3778 0e24 01       		.uleb128 0x1
 3779 0e25 F30B0000 		.4byte	.LASF179
 3780 0e29 12       		.byte	0x12
 3781 0e2a 35       		.byte	0x35
 3782 0e2b 19       		.byte	0x19
 3783 0e2c D8030000 		.4byte	0x3d8
 3784 0e30 00       		.byte	0
 3785 0e31 07       		.uleb128 0x7
 3786 0e32 636E7400 		.ascii	"cnt\000"
 3787 0e36 12       		.byte	0x12
 3788 0e37 37       		.byte	0x37
 3789 0e38 19       		.byte	0x19
 3790 0e39 77010000 		.4byte	0x177
 3791 0e3d 08       		.byte	0x8
 3792 0e3e 00       		.byte	0
 3793 0e3f 04       		.uleb128 0x4
 3794 0e40 170E0000 		.4byte	0xe17
 3795 0e44 08       		.uleb128 0x8
 3796 0e45 23060000 		.4byte	.LASF194
 3797 0e49 10       		.byte	0x10
 3798 0e4a 13       		.byte	0x13
 3799 0e4b 39       		.byte	0x39
 3800 0e4c 08       		.byte	0x8
 3801 0e4d 790E0000 		.4byte	0xe79
 3802 0e51 01       		.uleb128 0x1
 3803 0e52 F30B0000 		.4byte	.LASF179
 3804 0e56 13       		.byte	0x13
 3805 0e57 3A       		.byte	0x3a
 3806 0e58 19       		.byte	0x19
 3807 0e59 D8030000 		.4byte	0x3d8
 3808 0e5d 00       		.byte	0
 3809 0e5e 01       		.uleb128 0x1
 3810 0e5f 24050000 		.4byte	.LASF34
 3811 0e63 13       		.byte	0x13
 3812 0e64 3C       		.byte	0x3c
 3813 0e65 1A       		.byte	0x1a
 3814 0e66 C1040000 		.4byte	0x4c1
 3815 0e6a 08       		.byte	0x8
 3816 0e6b 01       		.uleb128 0x1
 3817 0e6c F7000000 		.4byte	.LASF70
 3818 0e70 13       		.byte	0x13
 3819 0e71 3E       		.byte	0x3e
 3820 0e72 1A       		.byte	0x1a
 3821 0e73 380F0000 		.4byte	0xf38
 3822 0e77 0C       		.byte	0xc
 3823 0e78 00       		.byte	0
 3824 0e79 04       		.uleb128 0x4
 3825 0e7a 440E0000 		.4byte	0xe44
 3826 0e7e 04       		.uleb128 0x4
 3827 0e7f 7E020000 		.4byte	0x27e
 3828 0e83 04       		.uleb128 0x4
 3829 0e84 17010000 		.4byte	0x117
 3830 0e88 1B       		.uleb128 0x1b
 3831 0e89 B5010000 		.4byte	.LASF195
 3832 0e8d 10       		.byte	0x10
 3833 0e8e 0B       		.byte	0xb
ARM GAS  C:\Users\DEVELO~1\AppData\Local\Temp\ccriN3Kt.s 			page 71


 3834 0e8f 5C01     		.2byte	0x15c
 3835 0e91 10       		.byte	0x10
 3836 0e92 B30E0000 		.4byte	0xeb3
 3837 0e96 02       		.uleb128 0x2
 3838 0e97 C0040000 		.4byte	.LASF185
 3839 0e9b 0B       		.byte	0xb
 3840 0e9c 6101     		.2byte	0x161
 3841 0e9e 21       		.byte	0x21
 3842 0e9f 11040000 		.4byte	0x411
 3843 0ea3 00       		.byte	0
 3844 0ea4 02       		.uleb128 0x2
 3845 0ea5 E70D0000 		.4byte	.LASF196
 3846 0ea9 0B       		.byte	0xb
 3847 0eaa 6501     		.2byte	0x165
 3848 0eac 22       		.byte	0x22
 3849 0ead C1040000 		.4byte	0x4c1
 3850 0eb1 0C       		.byte	0xc
 3851 0eb2 00       		.byte	0
 3852 0eb3 0D       		.uleb128 0xd
 3853 0eb4 DE0B0000 		.4byte	.LASF197
 3854 0eb8 0B       		.byte	0xb
 3855 0eb9 6601     		.2byte	0x166
 3856 0ebb 03       		.byte	0x3
 3857 0ebc 880E0000 		.4byte	0xe88
 3858 0ec0 1B       		.uleb128 0x1b
 3859 0ec1 D10A0000 		.4byte	.LASF198
 3860 0ec5 14       		.byte	0x14
 3861 0ec6 0B       		.byte	0xb
 3862 0ec7 6B01     		.2byte	0x16b
 3863 0ec9 10       		.byte	0x10
 3864 0eca 150F0000 		.4byte	0xf15
 3865 0ece 02       		.uleb128 0x2
 3866 0ecf 38000000 		.4byte	.LASF35
 3867 0ed3 0B       		.byte	0xb
 3868 0ed4 6F01     		.2byte	0x16f
 3869 0ed6 22       		.byte	0x22
 3870 0ed7 66030000 		.4byte	0x366
 3871 0edb 00       		.byte	0
 3872 0edc 02       		.uleb128 0x2
 3873 0edd 72070000 		.4byte	.LASF199
 3874 0ee1 0B       		.byte	0xb
 3875 0ee2 7501     		.2byte	0x175
 3876 0ee4 22       		.byte	0x22
 3877 0ee5 830E0000 		.4byte	0xe83
 3878 0ee9 04       		.byte	0x4
 3879 0eea 02       		.uleb128 0x2
 3880 0eeb 33050000 		.4byte	.LASF200
 3881 0eef 0B       		.byte	0xb
 3882 0ef0 7901     		.2byte	0x179
 3883 0ef2 22       		.byte	0x22
 3884 0ef3 830E0000 		.4byte	0xe83
 3885 0ef7 08       		.byte	0x8
 3886 0ef8 02       		.uleb128 0x2
 3887 0ef9 5F0D0000 		.4byte	.LASF201
 3888 0efd 0B       		.byte	0xb
 3889 0efe 7F01     		.2byte	0x17f
 3890 0f00 22       		.byte	0x22
ARM GAS  C:\Users\DEVELO~1\AppData\Local\Temp\ccriN3Kt.s 			page 72


 3891 0f01 830E0000 		.4byte	0xe83
 3892 0f05 0C       		.byte	0xc
 3893 0f06 02       		.uleb128 0x2
 3894 0f07 74060000 		.4byte	.LASF202
 3895 0f0b 0B       		.byte	0xb
 3896 0f0c 8301     		.2byte	0x183
 3897 0f0e 22       		.byte	0x22
 3898 0f0f 830E0000 		.4byte	0xe83
 3899 0f13 10       		.byte	0x10
 3900 0f14 00       		.byte	0
 3901 0f15 0D       		.uleb128 0xd
 3902 0f16 2D040000 		.4byte	.LASF203
 3903 0f1a 0B       		.byte	0xb
 3904 0f1b 8501     		.2byte	0x185
 3905 0f1d 03       		.byte	0x3
 3906 0f1e C00E0000 		.4byte	0xec0
 3907 0f22 0C       		.uleb128 0xc
 3908 0f23 150F0000 		.4byte	0xf15
 3909 0f27 04       		.uleb128 0x4
 3910 0f28 220F0000 		.4byte	0xf22
 3911 0f2c 03       		.uleb128 0x3
 3912 0f2d 6F0C0000 		.4byte	.LASF204
 3913 0f31 13       		.byte	0x13
 3914 0f32 34       		.byte	0x34
 3915 0f33 19       		.byte	0x19
 3916 0f34 440E0000 		.4byte	0xe44
 3917 0f38 04       		.uleb128 0x4
 3918 0f39 2C0F0000 		.4byte	0xf2c
 3919 0f3d 03       		.uleb128 0x3
 3920 0f3e CD0B0000 		.4byte	.LASF205
 3921 0f42 14       		.byte	0x14
 3922 0f43 34       		.byte	0x34
 3923 0f44 1F       		.byte	0x1f
 3924 0f45 490F0000 		.4byte	0xf49
 3925 0f49 08       		.uleb128 0x8
 3926 0f4a 4B080000 		.4byte	.LASF206
 3927 0f4e 14       		.byte	0x14
 3928 0f4f 14       		.byte	0x14
 3929 0f50 39       		.byte	0x39
 3930 0f51 08       		.byte	0x8
 3931 0f52 980F0000 		.4byte	0xf98
 3932 0f56 01       		.uleb128 0x1
 3933 0f57 F7000000 		.4byte	.LASF70
 3934 0f5b 14       		.byte	0x14
 3935 0f5c 3A       		.byte	0x3a
 3936 0f5d 1A       		.byte	0x1a
 3937 0f5e 980F0000 		.4byte	0xf98
 3938 0f62 00       		.byte	0
 3939 0f63 01       		.uleb128 0x1
 3940 0f64 7D000000 		.4byte	.LASF207
 3941 0f68 14       		.byte	0x14
 3942 0f69 3D       		.byte	0x3d
 3943 0f6a 1A       		.byte	0x1a
 3944 0f6b C1040000 		.4byte	0x4c1
 3945 0f6f 04       		.byte	0x4
 3946 0f70 01       		.uleb128 0x1
 3947 0f71 03090000 		.4byte	.LASF208
ARM GAS  C:\Users\DEVELO~1\AppData\Local\Temp\ccriN3Kt.s 			page 73


 3948 0f75 14       		.byte	0x14
 3949 0f76 3F       		.byte	0x3f
 3950 0f77 19       		.byte	0x19
 3951 0f78 5F010000 		.4byte	0x15f
 3952 0f7c 08       		.byte	0x8
 3953 0f7d 01       		.uleb128 0x1
 3954 0f7e 93000000 		.4byte	.LASF38
 3955 0f82 14       		.byte	0x14
 3956 0f83 41       		.byte	0x41
 3957 0f84 19       		.byte	0x19
 3958 0f85 6B010000 		.4byte	0x16b
 3959 0f89 0C       		.byte	0xc
 3960 0f8a 01       		.uleb128 0x1
 3961 0f8b 6E0A0000 		.4byte	.LASF209
 3962 0f8f 14       		.byte	0x14
 3963 0f90 43       		.byte	0x43
 3964 0f91 19       		.byte	0x19
 3965 0f92 6B010000 		.4byte	0x16b
 3966 0f96 10       		.byte	0x10
 3967 0f97 00       		.byte	0
 3968 0f98 04       		.uleb128 0x4
 3969 0f99 3D0F0000 		.4byte	0xf3d
 3970 0f9d 08       		.uleb128 0x8
 3971 0f9e 86000000 		.4byte	.LASF210
 3972 0fa2 04       		.byte	0x4
 3973 0fa3 14       		.byte	0x14
 3974 0fa4 4A       		.byte	0x4a
 3975 0fa5 10       		.byte	0x10
 3976 0fa6 B80F0000 		.4byte	0xfb8
 3977 0faa 01       		.uleb128 0x1
 3978 0fab F7000000 		.4byte	.LASF70
 3979 0faf 14       		.byte	0x14
 3980 0fb0 4B       		.byte	0x4b
 3981 0fb1 1A       		.byte	0x1a
 3982 0fb2 980F0000 		.4byte	0xf98
 3983 0fb6 00       		.byte	0
 3984 0fb7 00       		.byte	0
 3985 0fb8 03       		.uleb128 0x3
 3986 0fb9 B1040000 		.4byte	.LASF211
 3987 0fbd 14       		.byte	0x14
 3988 0fbe 4E       		.byte	0x4e
 3989 0fbf 03       		.byte	0x3
 3990 0fc0 9D0F0000 		.4byte	0xf9d
 3991 0fc4 0B       		.uleb128 0xb
 3992 0fc5 01       		.byte	0x1
 3993 0fc6 02       		.byte	0x2
 3994 0fc7 EB050000 		.4byte	.LASF212
 3995 0fcb 04       		.uleb128 0x4
 3996 0fcc C0000000 		.4byte	0xc0
 3997 0fd0 17       		.uleb128 0x17
 3998 0fd1 10       		.byte	0x10
 3999 0fd2 15       		.byte	0x15
 4000 0fd3 A701     		.2byte	0x1a7
 4001 0fd5 2E100000 		.4byte	0x102e
 4002 0fd9 02       		.uleb128 0x2
 4003 0fda F3070000 		.4byte	.LASF213
 4004 0fde 15       		.byte	0x15
ARM GAS  C:\Users\DEVELO~1\AppData\Local\Temp\ccriN3Kt.s 			page 74


 4005 0fdf A801     		.2byte	0x1a8
 4006 0fe1 1A       		.byte	0x1a
 4007 0fe2 2E100000 		.4byte	0x102e
 4008 0fe6 00       		.byte	0
 4009 0fe7 02       		.uleb128 0x2
 4010 0fe8 CC030000 		.4byte	.LASF214
 4011 0fec 15       		.byte	0x15
 4012 0fed A901     		.2byte	0x1a9
 4013 0fef 1A       		.byte	0x1a
 4014 0ff0 33100000 		.4byte	0x1033
 4015 0ff4 04       		.byte	0x4
 4016 0ff5 06       		.uleb128 0x6
 4017 0ff6 6D757800 		.ascii	"mux\000"
 4018 0ffa 15       		.byte	0x15
 4019 0ffb AB01     		.2byte	0x1ab
 4020 0ffd 1B       		.byte	0x1b
 4021 0ffe 38100000 		.4byte	0x1038
 4022 1002 08       		.byte	0x8
 4023 1003 02       		.uleb128 0x2
 4024 1004 E6030000 		.4byte	.LASF215
 4025 1008 15       		.byte	0x15
 4026 1009 AF01     		.2byte	0x1af
 4027 100b 19       		.byte	0x19
 4028 100c C0000000 		.4byte	0xc0
 4029 1010 0C       		.byte	0xc
 4030 1011 02       		.uleb128 0x2
 4031 1012 960E0000 		.4byte	.LASF216
 4032 1016 15       		.byte	0x15
 4033 1017 B101     		.2byte	0x1b1
 4034 1019 19       		.byte	0x19
 4035 101a C0000000 		.4byte	0xc0
 4036 101e 0D       		.byte	0xd
 4037 101f 02       		.uleb128 0x2
 4038 1020 A3040000 		.4byte	.LASF217
 4039 1024 15       		.byte	0x15
 4040 1025 B201     		.2byte	0x1b2
 4041 1027 19       		.byte	0x19
 4042 1028 C0000000 		.4byte	0xc0
 4043 102c 0E       		.byte	0xe
 4044 102d 00       		.byte	0
 4045 102e 04       		.uleb128 0x4
 4046 102f AD060000 		.4byte	0x6ad
 4047 1033 04       		.uleb128 0x4
 4048 1034 F5000000 		.4byte	0xf5
 4049 1038 04       		.uleb128 0x4
 4050 1039 D2060000 		.4byte	0x6d2
 4051 103d 0D       		.uleb128 0xd
 4052 103e BE0D0000 		.4byte	.LASF218
 4053 1042 15       		.byte	0x15
 4054 1043 B301     		.2byte	0x1b3
 4055 1045 03       		.byte	0x3
 4056 1046 D00F0000 		.4byte	0xfd0
 4057 104a 0C       		.uleb128 0xc
 4058 104b 3D100000 		.4byte	0x103d
 4059 104f 08       		.uleb128 0x8
 4060 1050 1E010000 		.4byte	.LASF219
 4061 1054 14       		.byte	0x14
ARM GAS  C:\Users\DEVELO~1\AppData\Local\Temp\ccriN3Kt.s 			page 75


 4062 1055 16       		.byte	0x16
 4063 1056 4F       		.byte	0x4f
 4064 1057 08       		.byte	0x8
 4065 1058 9E100000 		.4byte	0x109e
 4066 105c 01       		.uleb128 0x1
 4067 105d 9F080000 		.4byte	.LASF220
 4068 1061 16       		.byte	0x16
 4069 1062 50       		.byte	0x50
 4070 1063 03       		.byte	0x3
 4071 1064 2D000000 		.4byte	0x2d
 4072 1068 00       		.byte	0
 4073 1069 01       		.uleb128 0x1
 4074 106a 3E080000 		.4byte	.LASF221
 4075 106e 16       		.byte	0x16
 4076 106f 50       		.byte	0x50
 4077 1070 03       		.byte	0x3
 4078 1071 C1100000 		.4byte	0x10c1
 4079 1075 04       		.byte	0x4
 4080 1076 01       		.uleb128 0x1
 4081 1077 620B0000 		.4byte	.LASF222
 4082 107b 16       		.byte	0x16
 4083 107c 50       		.byte	0x50
 4084 107d 03       		.byte	0x3
 4085 107e DF100000 		.4byte	0x10df
 4086 1082 08       		.byte	0x8
 4087 1083 07       		.uleb128 0x7
 4088 1084 70757400 		.ascii	"put\000"
 4089 1088 16       		.byte	0x16
 4090 1089 50       		.byte	0x50
 4091 108a 03       		.byte	0x3
 4092 108b F8100000 		.4byte	0x10f8
 4093 108f 0C       		.byte	0xc
 4094 1090 07       		.uleb128 0x7
 4095 1091 67657400 		.ascii	"get\000"
 4096 1095 16       		.byte	0x16
 4097 1096 50       		.byte	0x50
 4098 1097 03       		.byte	0x3
 4099 1098 0C110000 		.4byte	0x110c
 4100 109c 10       		.byte	0x10
 4101 109d 00       		.byte	0
 4102 109e 0C       		.uleb128 0xc
 4103 109f 4F100000 		.4byte	0x104f
 4104 10a3 11       		.uleb128 0x11
 4105 10a4 2D000000 		.4byte	0x2d
 4106 10a8 BC100000 		.4byte	0x10bc
 4107 10ac 05       		.uleb128 0x5
 4108 10ad C6040000 		.4byte	0x4c6
 4109 10b1 05       		.uleb128 0x5
 4110 10b2 BC100000 		.4byte	0x10bc
 4111 10b6 05       		.uleb128 0x5
 4112 10b7 2D000000 		.4byte	0x2d
 4113 10bb 00       		.byte	0
 4114 10bc 04       		.uleb128 0x4
 4115 10bd CC000000 		.4byte	0xcc
 4116 10c1 04       		.uleb128 0x4
 4117 10c2 A3100000 		.4byte	0x10a3
 4118 10c6 11       		.uleb128 0x11
ARM GAS  C:\Users\DEVELO~1\AppData\Local\Temp\ccriN3Kt.s 			page 76


 4119 10c7 2D000000 		.4byte	0x2d
 4120 10cb DF100000 		.4byte	0x10df
 4121 10cf 05       		.uleb128 0x5
 4122 10d0 C6040000 		.4byte	0x4c6
 4123 10d4 05       		.uleb128 0x5
 4124 10d5 CB0F0000 		.4byte	0xfcb
 4125 10d9 05       		.uleb128 0x5
 4126 10da 2D000000 		.4byte	0x2d
 4127 10de 00       		.byte	0
 4128 10df 04       		.uleb128 0x4
 4129 10e0 C6100000 		.4byte	0x10c6
 4130 10e4 11       		.uleb128 0x11
 4131 10e5 53010000 		.4byte	0x153
 4132 10e9 F8100000 		.4byte	0x10f8
 4133 10ed 05       		.uleb128 0x5
 4134 10ee C6040000 		.4byte	0x4c6
 4135 10f2 05       		.uleb128 0x5
 4136 10f3 C0000000 		.4byte	0xc0
 4137 10f7 00       		.byte	0
 4138 10f8 04       		.uleb128 0x4
 4139 10f9 E4100000 		.4byte	0x10e4
 4140 10fd 11       		.uleb128 0x11
 4141 10fe 53010000 		.4byte	0x153
 4142 1102 0C110000 		.4byte	0x110c
 4143 1106 05       		.uleb128 0x5
 4144 1107 C6040000 		.4byte	0x4c6
 4145 110b 00       		.byte	0
 4146 110c 04       		.uleb128 0x4
 4147 110d FD100000 		.4byte	0x10fd
 4148 1111 0E       		.uleb128 0xe
 4149 1112 04       		.byte	0x4
 4150 1113 16       		.byte	0x16
 4151 1114 5A       		.byte	0x5a
 4152 1115 09       		.byte	0x9
 4153 1116 28110000 		.4byte	0x1128
 4154 111a 07       		.uleb128 0x7
 4155 111b 766D7400 		.ascii	"vmt\000"
 4156 111f 16       		.byte	0x16
 4157 1120 5C       		.byte	0x5c
 4158 1121 29       		.byte	0x29
 4159 1122 28110000 		.4byte	0x1128
 4160 1126 00       		.byte	0
 4161 1127 00       		.byte	0
 4162 1128 04       		.uleb128 0x4
 4163 1129 9E100000 		.4byte	0x109e
 4164 112d 03       		.uleb128 0x3
 4165 112e CB060000 		.4byte	.LASF223
 4166 1132 16       		.byte	0x16
 4167 1133 5E       		.byte	0x5e
 4168 1134 03       		.byte	0x3
 4169 1135 11110000 		.4byte	0x1111
 4170 1139 11       		.uleb128 0x11
 4171 113a 53010000 		.4byte	0x153
 4172 113e 52110000 		.4byte	0x1152
 4173 1142 05       		.uleb128 0x5
 4174 1143 C6040000 		.4byte	0x4c6
 4175 1147 05       		.uleb128 0x5
ARM GAS  C:\Users\DEVELO~1\AppData\Local\Temp\ccriN3Kt.s 			page 77


 4176 1148 C0000000 		.4byte	0xc0
 4177 114c 05       		.uleb128 0x5
 4178 114d 94030000 		.4byte	0x394
 4179 1151 00       		.byte	0
 4180 1152 04       		.uleb128 0x4
 4181 1153 39110000 		.4byte	0x1139
 4182 1157 11       		.uleb128 0x11
 4183 1158 53010000 		.4byte	0x153
 4184 115c 6B110000 		.4byte	0x116b
 4185 1160 05       		.uleb128 0x5
 4186 1161 C6040000 		.4byte	0x4c6
 4187 1165 05       		.uleb128 0x5
 4188 1166 94030000 		.4byte	0x394
 4189 116a 00       		.byte	0
 4190 116b 04       		.uleb128 0x4
 4191 116c 57110000 		.4byte	0x1157
 4192 1170 11       		.uleb128 0x11
 4193 1171 2D000000 		.4byte	0x2d
 4194 1175 8E110000 		.4byte	0x118e
 4195 1179 05       		.uleb128 0x5
 4196 117a C6040000 		.4byte	0x4c6
 4197 117e 05       		.uleb128 0x5
 4198 117f BC100000 		.4byte	0x10bc
 4199 1183 05       		.uleb128 0x5
 4200 1184 2D000000 		.4byte	0x2d
 4201 1188 05       		.uleb128 0x5
 4202 1189 94030000 		.4byte	0x394
 4203 118d 00       		.byte	0
 4204 118e 04       		.uleb128 0x4
 4205 118f 70110000 		.4byte	0x1170
 4206 1193 11       		.uleb128 0x11
 4207 1194 2D000000 		.4byte	0x2d
 4208 1198 B1110000 		.4byte	0x11b1
 4209 119c 05       		.uleb128 0x5
 4210 119d C6040000 		.4byte	0x4c6
 4211 11a1 05       		.uleb128 0x5
 4212 11a2 CB0F0000 		.4byte	0xfcb
 4213 11a6 05       		.uleb128 0x5
 4214 11a7 2D000000 		.4byte	0x2d
 4215 11ab 05       		.uleb128 0x5
 4216 11ac 94030000 		.4byte	0x394
 4217 11b0 00       		.byte	0
 4218 11b1 04       		.uleb128 0x4
 4219 11b2 93110000 		.4byte	0x1193
 4220 11b6 11       		.uleb128 0x11
 4221 11b7 53010000 		.4byte	0x153
 4222 11bb CF110000 		.4byte	0x11cf
 4223 11bf 05       		.uleb128 0x5
 4224 11c0 C6040000 		.4byte	0x4c6
 4225 11c4 05       		.uleb128 0x5
 4226 11c5 3E000000 		.4byte	0x3e
 4227 11c9 05       		.uleb128 0x5
 4228 11ca C6040000 		.4byte	0x4c6
 4229 11ce 00       		.byte	0
 4230 11cf 04       		.uleb128 0x4
 4231 11d0 B6110000 		.4byte	0x11b6
 4232 11d4 03       		.uleb128 0x3
ARM GAS  C:\Users\DEVELO~1\AppData\Local\Temp\ccriN3Kt.s 			page 78


 4233 11d5 CB000000 		.4byte	.LASF224
 4234 11d9 17       		.byte	0x17
 4235 11da 3A       		.byte	0x3a
 4236 11db 19       		.byte	0x19
 4237 11dc E0110000 		.4byte	0x11e0
 4238 11e0 08       		.uleb128 0x8
 4239 11e1 940D0000 		.4byte	.LASF225
 4240 11e5 24       		.byte	0x24
 4241 11e6 17       		.byte	0x17
 4242 11e7 4B       		.byte	0x4b
 4243 11e8 08       		.byte	0x8
 4244 11e9 56120000 		.4byte	0x1256
 4245 11ed 01       		.uleb128 0x1
 4246 11ee A1030000 		.4byte	.LASF226
 4247 11f2 17       		.byte	0x17
 4248 11f3 4C       		.byte	0x4c
 4249 11f4 19       		.byte	0x19
 4250 11f5 6E0D0000 		.4byte	0xd6e
 4251 11f9 00       		.byte	0
 4252 11fa 01       		.uleb128 0x1
 4253 11fb 950B0000 		.4byte	.LASF227
 4254 11ff 17       		.byte	0x17
 4255 1200 4D       		.byte	0x4d
 4256 1201 19       		.byte	0x19
 4257 1202 39000000 		.4byte	0x39
 4258 1206 08       		.byte	0x8
 4259 1207 01       		.uleb128 0x1
 4260 1208 BC0E0000 		.4byte	.LASF228
 4261 120c 17       		.byte	0x17
 4262 120d 4E       		.byte	0x4e
 4263 120e 1A       		.byte	0x1a
 4264 120f CB0F0000 		.4byte	0xfcb
 4265 1213 0C       		.byte	0xc
 4266 1214 01       		.uleb128 0x1
 4267 1215 A40B0000 		.4byte	.LASF229
 4268 1219 17       		.byte	0x17
 4269 121a 4F       		.byte	0x4f
 4270 121b 1A       		.byte	0x1a
 4271 121c CB0F0000 		.4byte	0xfcb
 4272 1220 10       		.byte	0x10
 4273 1221 01       		.uleb128 0x1
 4274 1222 48070000 		.4byte	.LASF230
 4275 1226 17       		.byte	0x17
 4276 1227 51       		.byte	0x51
 4277 1228 1A       		.byte	0x1a
 4278 1229 CB0F0000 		.4byte	0xfcb
 4279 122d 14       		.byte	0x14
 4280 122e 01       		.uleb128 0x1
 4281 122f EB060000 		.4byte	.LASF231
 4282 1233 17       		.byte	0x17
 4283 1234 52       		.byte	0x52
 4284 1235 1A       		.byte	0x1a
 4285 1236 CB0F0000 		.4byte	0xfcb
 4286 123a 18       		.byte	0x18
 4287 123b 01       		.uleb128 0x1
 4288 123c 88060000 		.4byte	.LASF232
 4289 1240 17       		.byte	0x17
ARM GAS  C:\Users\DEVELO~1\AppData\Local\Temp\ccriN3Kt.s 			page 79


 4290 1241 53       		.byte	0x53
 4291 1242 19       		.byte	0x19
 4292 1243 56120000 		.4byte	0x1256
 4293 1247 1C       		.byte	0x1c
 4294 1248 01       		.uleb128 0x1
 4295 1249 530A0000 		.4byte	.LASF233
 4296 124d 17       		.byte	0x17
 4297 124e 54       		.byte	0x54
 4298 124f 1A       		.byte	0x1a
 4299 1250 C6040000 		.4byte	0x4c6
 4300 1254 20       		.byte	0x20
 4301 1255 00       		.byte	0
 4302 1256 03       		.uleb128 0x3
 4303 1257 5E010000 		.4byte	.LASF234
 4304 125b 17       		.byte	0x17
 4305 125c 41       		.byte	0x41
 4306 125d 10       		.byte	0x10
 4307 125e 62120000 		.4byte	0x1262
 4308 1262 04       		.uleb128 0x4
 4309 1263 67120000 		.4byte	0x1267
 4310 1267 22       		.uleb128 0x22
 4311 1268 72120000 		.4byte	0x1272
 4312 126c 05       		.uleb128 0x5
 4313 126d 72120000 		.4byte	0x1272
 4314 1271 00       		.byte	0
 4315 1272 04       		.uleb128 0x4
 4316 1273 D4110000 		.4byte	0x11d4
 4317 1277 03       		.uleb128 0x3
 4318 1278 CB070000 		.4byte	.LASF235
 4319 127c 17       		.byte	0x17
 4320 127d 61       		.byte	0x61
 4321 127e 14       		.byte	0x14
 4322 127f D4110000 		.4byte	0x11d4
 4323 1283 03       		.uleb128 0x3
 4324 1284 AF080000 		.4byte	.LASF236
 4325 1288 17       		.byte	0x17
 4326 1289 6D       		.byte	0x6d
 4327 128a 14       		.byte	0x14
 4328 128b D4110000 		.4byte	0x11d4
 4329 128f 0E       		.uleb128 0xe
 4330 1290 04       		.byte	0x4
 4331 1291 18       		.byte	0x18
 4332 1292 5B       		.byte	0x5b
 4333 1293 05       		.byte	0x5
 4334 1294 B3120000 		.4byte	0x12b3
 4335 1298 07       		.uleb128 0x7
 4336 1299 73657400 		.ascii	"set\000"
 4337 129d 18       		.byte	0x18
 4338 129e 5C       		.byte	0x5c
 4339 129f 19       		.byte	0x19
 4340 12a0 D1000000 		.4byte	0xd1
 4341 12a4 00       		.byte	0
 4342 12a5 01       		.uleb128 0x1
 4343 12a6 52050000 		.4byte	.LASF237
 4344 12aa 18       		.byte	0x18
 4345 12ab 5D       		.byte	0x5d
 4346 12ac 19       		.byte	0x19
ARM GAS  C:\Users\DEVELO~1\AppData\Local\Temp\ccriN3Kt.s 			page 80


 4347 12ad D1000000 		.4byte	0xd1
 4348 12b1 02       		.byte	0x2
 4349 12b2 00       		.byte	0
 4350 12b3 1C       		.uleb128 0x1c
 4351 12b4 04       		.byte	0x4
 4352 12b5 18       		.byte	0x18
 4353 12b6 59       		.byte	0x59
 4354 12b7 0C       		.byte	0xc
 4355 12b8 D1120000 		.4byte	0x12d1
 4356 12bc 1A       		.uleb128 0x1a
 4357 12bd 5700     		.ascii	"W\000"
 4358 12bf 18       		.byte	0x18
 4359 12c0 5A       		.byte	0x5a
 4360 12c1 19       		.byte	0x19
 4361 12c2 E9000000 		.4byte	0xe9
 4362 12c6 1A       		.uleb128 0x1a
 4363 12c7 4800     		.ascii	"H\000"
 4364 12c9 18       		.byte	0x18
 4365 12ca 5E       		.byte	0x5e
 4366 12cb 07       		.byte	0x7
 4367 12cc 8F120000 		.4byte	0x128f
 4368 12d0 00       		.byte	0
 4369 12d1 19       		.uleb128 0x19
 4370 12d2 B3120000 		.4byte	0x12b3
 4371 12d6 0E       		.uleb128 0xe
 4372 12d7 28       		.byte	0x28
 4373 12d8 18       		.byte	0x18
 4374 12d9 51       		.byte	0x51
 4375 12da 09       		.byte	0x9
 4376 12db 62130000 		.4byte	0x1362
 4377 12df 01       		.uleb128 0x1
 4378 12e0 DE040000 		.4byte	.LASF238
 4379 12e4 18       		.byte	0x18
 4380 12e5 53       		.byte	0x53
 4381 12e6 19       		.byte	0x19
 4382 12e7 F5000000 		.4byte	0xf5
 4383 12eb 00       		.byte	0
 4384 12ec 01       		.uleb128 0x1
 4385 12ed B50A0000 		.4byte	.LASF239
 4386 12f1 18       		.byte	0x18
 4387 12f2 54       		.byte	0x54
 4388 12f3 19       		.byte	0x19
 4389 12f4 F5000000 		.4byte	0xf5
 4390 12f8 04       		.byte	0x4
 4391 12f9 01       		.uleb128 0x1
 4392 12fa 71090000 		.4byte	.LASF240
 4393 12fe 18       		.byte	0x18
 4394 12ff 55       		.byte	0x55
 4395 1300 19       		.byte	0x19
 4396 1301 F5000000 		.4byte	0xf5
 4397 1305 08       		.byte	0x8
 4398 1306 01       		.uleb128 0x1
 4399 1307 F9050000 		.4byte	.LASF241
 4400 130b 18       		.byte	0x18
 4401 130c 56       		.byte	0x56
 4402 130d 19       		.byte	0x19
 4403 130e F5000000 		.4byte	0xf5
ARM GAS  C:\Users\DEVELO~1\AppData\Local\Temp\ccriN3Kt.s 			page 81


 4404 1312 0C       		.byte	0xc
 4405 1313 07       		.uleb128 0x7
 4406 1314 49445200 		.ascii	"IDR\000"
 4407 1318 18       		.byte	0x18
 4408 1319 57       		.byte	0x57
 4409 131a 19       		.byte	0x19
 4410 131b F5000000 		.4byte	0xf5
 4411 131f 10       		.byte	0x10
 4412 1320 07       		.uleb128 0x7
 4413 1321 4F445200 		.ascii	"ODR\000"
 4414 1325 18       		.byte	0x18
 4415 1326 58       		.byte	0x58
 4416 1327 19       		.byte	0x19
 4417 1328 F5000000 		.4byte	0xf5
 4418 132c 14       		.byte	0x14
 4419 132d 01       		.uleb128 0x1
 4420 132e 50000000 		.4byte	.LASF242
 4421 1332 18       		.byte	0x18
 4422 1333 5F       		.byte	0x5f
 4423 1334 05       		.byte	0x5
 4424 1335 D1120000 		.4byte	0x12d1
 4425 1339 18       		.byte	0x18
 4426 133a 01       		.uleb128 0x1
 4427 133b 8C090000 		.4byte	.LASF243
 4428 133f 18       		.byte	0x18
 4429 1340 60       		.byte	0x60
 4430 1341 19       		.byte	0x19
 4431 1342 F5000000 		.4byte	0xf5
 4432 1346 1C       		.byte	0x1c
 4433 1347 01       		.uleb128 0x1
 4434 1348 83060000 		.4byte	.LASF244
 4435 134c 18       		.byte	0x18
 4436 134d 61       		.byte	0x61
 4437 134e 19       		.byte	0x19
 4438 134f F5000000 		.4byte	0xf5
 4439 1353 20       		.byte	0x20
 4440 1354 01       		.uleb128 0x1
 4441 1355 12050000 		.4byte	.LASF245
 4442 1359 18       		.byte	0x18
 4443 135a 62       		.byte	0x62
 4444 135b 19       		.byte	0x19
 4445 135c F5000000 		.4byte	0xf5
 4446 1360 24       		.byte	0x24
 4447 1361 00       		.byte	0
 4448 1362 03       		.uleb128 0x3
 4449 1363 17050000 		.4byte	.LASF246
 4450 1367 18       		.byte	0x18
 4451 1368 63       		.byte	0x63
 4452 1369 03       		.byte	0x3
 4453 136a D6120000 		.4byte	0x12d6
 4454 136e 04       		.uleb128 0x4
 4455 136f 4A100000 		.4byte	0x104a
 4456 1373 23       		.uleb128 0x23
 4457 1374 66000000 		.4byte	0x66
 4458 1378 19       		.byte	0x19
 4459 1379 25       		.byte	0x25
 4460 137a 97130000 		.4byte	0x1397
ARM GAS  C:\Users\DEVELO~1\AppData\Local\Temp\ccriN3Kt.s 			page 82


 4461 137e 16       		.uleb128 0x16
 4462 137f E0050000 		.4byte	.LASF247
 4463 1383 00       		.byte	0
 4464 1384 16       		.uleb128 0x16
 4465 1385 82070000 		.4byte	.LASF248
 4466 1389 01       		.byte	0x1
 4467 138a 16       		.uleb128 0x16
 4468 138b 830E0000 		.4byte	.LASF249
 4469 138f 02       		.byte	0x2
 4470 1390 16       		.uleb128 0x16
 4471 1391 49040000 		.4byte	.LASF250
 4472 1395 03       		.byte	0x3
 4473 1396 00       		.byte	0
 4474 1397 03       		.uleb128 0x3
 4475 1398 A1060000 		.4byte	.LASF251
 4476 139c 19       		.byte	0x19
 4477 139d 2A       		.byte	0x2a
 4478 139e 03       		.byte	0x3
 4479 139f 73130000 		.4byte	0x1373
 4480 13a3 03       		.uleb128 0x3
 4481 13a4 460B0000 		.4byte	.LASF252
 4482 13a8 19       		.byte	0x19
 4483 13a9 2F       		.byte	0x2f
 4484 13aa 1F       		.byte	0x1f
 4485 13ab B4130000 		.4byte	0x13b4
 4486 13af 0C       		.uleb128 0xc
 4487 13b0 A3130000 		.4byte	0x13a3
 4488 13b4 08       		.uleb128 0x8
 4489 13b5 740E0000 		.4byte	.LASF253
 4490 13b9 38       		.byte	0x38
 4491 13ba 19       		.byte	0x19
 4492 13bb 45       		.byte	0x45
 4493 13bc 08       		.byte	0x8
 4494 13bd 78140000 		.4byte	0x1478
 4495 13c1 01       		.uleb128 0x1
 4496 13c2 3B0D0000 		.4byte	.LASF37
 4497 13c6 19       		.byte	0x19
 4498 13c7 49       		.byte	0x49
 4499 13c8 1D       		.byte	0x1d
 4500 13c9 97130000 		.4byte	0x1397
 4501 13cd 00       		.byte	0
 4502 13ce 01       		.uleb128 0x1
 4503 13cf FC090000 		.4byte	.LASF54
 4504 13d3 19       		.byte	0x19
 4505 13d4 4D       		.byte	0x4d
 4506 13d5 1E       		.byte	0x1e
 4507 13d6 4C150000 		.4byte	0x154c
 4508 13da 04       		.byte	0x4
 4509 13db 07       		.uleb128 0x7
 4510 13dc 73616900 		.ascii	"sai\000"
 4511 13e0 19       		.byte	0x19
 4512 13e1 55       		.byte	0x55
 4513 13e2 03       		.byte	0x3
 4514 13e3 51150000 		.4byte	0x1551
 4515 13e7 08       		.byte	0x8
 4516 13e8 01       		.uleb128 0x1
 4517 13e9 18090000 		.4byte	.LASF254
ARM GAS  C:\Users\DEVELO~1\AppData\Local\Temp\ccriN3Kt.s 			page 83


 4518 13ed 19       		.byte	0x19
 4519 13ee 55       		.byte	0x55
 4520 13ef 03       		.byte	0x3
 4521 13f0 56150000 		.4byte	0x1556
 4522 13f4 0C       		.byte	0xc
 4523 13f5 01       		.uleb128 0x1
 4524 13f6 1A0B0000 		.4byte	.LASF255
 4525 13fa 19       		.byte	0x19
 4526 13fb 55       		.byte	0x55
 4527 13fc 03       		.byte	0x3
 4528 13fd C0000000 		.4byte	0xc0
 4529 1401 10       		.byte	0x10
 4530 1402 01       		.uleb128 0x1
 4531 1403 99000000 		.4byte	.LASF256
 4532 1407 19       		.byte	0x19
 4533 1408 55       		.byte	0x55
 4534 1409 03       		.byte	0x3
 4535 140a 6E130000 		.4byte	0x136e
 4536 140e 14       		.byte	0x14
 4537 140f 01       		.uleb128 0x1
 4538 1410 FB020000 		.4byte	.LASF257
 4539 1414 19       		.byte	0x19
 4540 1415 55       		.byte	0x55
 4541 1416 03       		.byte	0x3
 4542 1417 6E130000 		.4byte	0x136e
 4543 141b 18       		.byte	0x18
 4544 141c 01       		.uleb128 0x1
 4545 141d D80C0000 		.4byte	.LASF258
 4546 1421 19       		.byte	0x19
 4547 1422 55       		.byte	0x55
 4548 1423 03       		.byte	0x3
 4549 1424 E9000000 		.4byte	0xe9
 4550 1428 1C       		.byte	0x1c
 4551 1429 01       		.uleb128 0x1
 4552 142a 37070000 		.4byte	.LASF259
 4553 142e 19       		.byte	0x19
 4554 142f 55       		.byte	0x55
 4555 1430 03       		.byte	0x3
 4556 1431 E9000000 		.4byte	0xe9
 4557 1435 20       		.byte	0x20
 4558 1436 01       		.uleb128 0x1
 4559 1437 F1010000 		.4byte	.LASF260
 4560 143b 19       		.byte	0x19
 4561 143c 55       		.byte	0x55
 4562 143d 03       		.byte	0x3
 4563 143e 5B150000 		.4byte	0x155b
 4564 1442 24       		.byte	0x24
 4565 1443 01       		.uleb128 0x1
 4566 1444 C50E0000 		.4byte	.LASF261
 4567 1448 19       		.byte	0x19
 4568 1449 55       		.byte	0x55
 4569 144a 03       		.byte	0x3
 4570 144b C6040000 		.4byte	0x4c6
 4571 144f 28       		.byte	0x28
 4572 1450 01       		.uleb128 0x1
 4573 1451 20080000 		.4byte	.LASF262
 4574 1455 19       		.byte	0x19
ARM GAS  C:\Users\DEVELO~1\AppData\Local\Temp\ccriN3Kt.s 			page 84


 4575 1456 55       		.byte	0x55
 4576 1457 03       		.byte	0x3
 4577 1458 2D000000 		.4byte	0x2d
 4578 145c 2C       		.byte	0x2c
 4579 145d 01       		.uleb128 0x1
 4580 145e D6080000 		.4byte	.LASF263
 4581 1462 19       		.byte	0x19
 4582 1463 55       		.byte	0x55
 4583 1464 03       		.byte	0x3
 4584 1465 E9000000 		.4byte	0xe9
 4585 1469 30       		.byte	0x30
 4586 146a 01       		.uleb128 0x1
 4587 146b 06020000 		.4byte	.LASF264
 4588 146f 19       		.byte	0x19
 4589 1470 55       		.byte	0x55
 4590 1471 03       		.byte	0x3
 4591 1472 E9000000 		.4byte	0xe9
 4592 1476 34       		.byte	0x34
 4593 1477 00       		.byte	0
 4594 1478 03       		.uleb128 0x3
 4595 1479 0D0E0000 		.4byte	.LASF265
 4596 147d 19       		.byte	0x19
 4597 147e 34       		.byte	0x34
 4598 147f 1F       		.byte	0x1f
 4599 1480 89140000 		.4byte	0x1489
 4600 1484 0C       		.uleb128 0xc
 4601 1485 78140000 		.4byte	0x1478
 4602 1489 08       		.uleb128 0x8
 4603 148a E4040000 		.4byte	.LASF266
 4604 148e 28       		.byte	0x28
 4605 148f 19       		.byte	0x19
 4606 1490 5B       		.byte	0x5b
 4607 1491 08       		.byte	0x8
 4608 1492 19150000 		.4byte	0x1519
 4609 1496 01       		.uleb128 0x1
 4610 1497 C1060000 		.4byte	.LASF267
 4611 149b 19       		.byte	0x19
 4612 149c 60       		.byte	0x60
 4613 149d 1E       		.byte	0x1e
 4614 149e 5B150000 		.4byte	0x155b
 4615 14a2 00       		.byte	0
 4616 14a3 01       		.uleb128 0x1
 4617 14a4 570C0000 		.4byte	.LASF268
 4618 14a8 19       		.byte	0x19
 4619 14a9 65       		.byte	0x65
 4620 14aa 1E       		.byte	0x1e
 4621 14ab C6040000 		.4byte	0x4c6
 4622 14af 04       		.byte	0x4
 4623 14b0 01       		.uleb128 0x1
 4624 14b1 D1080000 		.4byte	.LASF89
 4625 14b5 19       		.byte	0x19
 4626 14b6 69       		.byte	0x69
 4627 14b7 1D       		.byte	0x1d
 4628 14b8 2D000000 		.4byte	0x2d
 4629 14bc 08       		.byte	0x8
 4630 14bd 01       		.uleb128 0x1
 4631 14be 42040000 		.4byte	.LASF269
ARM GAS  C:\Users\DEVELO~1\AppData\Local\Temp\ccriN3Kt.s 			page 85


 4632 14c2 19       		.byte	0x19
 4633 14c3 6D       		.byte	0x6d
 4634 14c4 1D       		.byte	0x1d
 4635 14c5 19150000 		.4byte	0x1519
 4636 14c9 0C       		.byte	0xc
 4637 14ca 07       		.uleb128 0x7
 4638 14cb 67637200 		.ascii	"gcr\000"
 4639 14cf 19       		.byte	0x19
 4640 14d0 6F       		.byte	0x6f
 4641 14d1 03       		.byte	0x3
 4642 14d2 E9000000 		.4byte	0xe9
 4643 14d6 10       		.byte	0x10
 4644 14d7 07       		.uleb128 0x7
 4645 14d8 63723100 		.ascii	"cr1\000"
 4646 14dc 19       		.byte	0x19
 4647 14dd 6F       		.byte	0x6f
 4648 14de 03       		.byte	0x3
 4649 14df E9000000 		.4byte	0xe9
 4650 14e3 14       		.byte	0x14
 4651 14e4 07       		.uleb128 0x7
 4652 14e5 63723200 		.ascii	"cr2\000"
 4653 14e9 19       		.byte	0x19
 4654 14ea 6F       		.byte	0x6f
 4655 14eb 03       		.byte	0x3
 4656 14ec E9000000 		.4byte	0xe9
 4657 14f0 18       		.byte	0x18
 4658 14f1 01       		.uleb128 0x1
 4659 14f2 54040000 		.4byte	.LASF270
 4660 14f6 19       		.byte	0x19
 4661 14f7 6F       		.byte	0x6f
 4662 14f8 03       		.byte	0x3
 4663 14f9 E9000000 		.4byte	0xe9
 4664 14fd 1C       		.byte	0x1c
 4665 14fe 01       		.uleb128 0x1
 4666 14ff 770C0000 		.4byte	.LASF271
 4667 1503 19       		.byte	0x19
 4668 1504 6F       		.byte	0x6f
 4669 1505 03       		.byte	0x3
 4670 1506 E9000000 		.4byte	0xe9
 4671 150a 20       		.byte	0x20
 4672 150b 01       		.uleb128 0x1
 4673 150c A40A0000 		.4byte	.LASF272
 4674 1510 19       		.byte	0x19
 4675 1511 6F       		.byte	0x6f
 4676 1512 03       		.byte	0x3
 4677 1513 E9000000 		.4byte	0xe9
 4678 1517 24       		.byte	0x24
 4679 1518 00       		.byte	0
 4680 1519 03       		.uleb128 0x3
 4681 151a C3010000 		.4byte	.LASF273
 4682 151e 19       		.byte	0x19
 4683 151f 3C       		.byte	0x3c
 4684 1520 10       		.byte	0x10
 4685 1521 25150000 		.4byte	0x1525
 4686 1525 04       		.uleb128 0x4
 4687 1526 2A150000 		.4byte	0x152a
 4688 152a 22       		.uleb128 0x22
ARM GAS  C:\Users\DEVELO~1\AppData\Local\Temp\ccriN3Kt.s 			page 86


 4689 152b 3A150000 		.4byte	0x153a
 4690 152f 05       		.uleb128 0x5
 4691 1530 3A150000 		.4byte	0x153a
 4692 1534 05       		.uleb128 0x5
 4693 1535 C40F0000 		.4byte	0xfc4
 4694 1539 00       		.byte	0
 4695 153a 04       		.uleb128 0x4
 4696 153b A3130000 		.4byte	0x13a3
 4697 153f 36       		.uleb128 0x36
 4698 1540 D9070000 		.4byte	.LASF275
 4699 1544 1B       		.byte	0x1b
 4700 1545 4301     		.2byte	0x143
 4701 1547 12       		.byte	0x12
 4702 1548 A3130000 		.4byte	0x13a3
 4703 154c 04       		.uleb128 0x4
 4704 154d 84140000 		.4byte	0x1484
 4705 1551 04       		.uleb128 0x4
 4706 1552 E70A0000 		.4byte	0xae7
 4707 1556 04       		.uleb128 0x4
 4708 1557 6C0B0000 		.4byte	0xb6c
 4709 155b 04       		.uleb128 0x4
 4710 155c 60150000 		.4byte	0x1560
 4711 1560 37       		.uleb128 0x37
 4712 1561 23       		.uleb128 0x23
 4713 1562 66000000 		.4byte	0x66
 4714 1566 1C       		.byte	0x1c
 4715 1567 58       		.byte	0x58
 4716 1568 7F150000 		.4byte	0x157f
 4717 156c 16       		.uleb128 0x16
 4718 156d 730B0000 		.4byte	.LASF276
 4719 1571 00       		.byte	0
 4720 1572 16       		.uleb128 0x16
 4721 1573 F1050000 		.4byte	.LASF277
 4722 1577 01       		.byte	0x1
 4723 1578 16       		.uleb128 0x16
 4724 1579 E0090000 		.4byte	.LASF278
 4725 157d 02       		.byte	0x2
 4726 157e 00       		.byte	0
 4727 157f 03       		.uleb128 0x3
 4728 1580 D6050000 		.4byte	.LASF279
 4729 1584 1C       		.byte	0x1c
 4730 1585 5C       		.byte	0x5c
 4731 1586 03       		.byte	0x3
 4732 1587 61150000 		.4byte	0x1561
 4733 158b 03       		.uleb128 0x3
 4734 158c 13000000 		.4byte	.LASF280
 4735 1590 1C       		.byte	0x1c
 4736 1591 61       		.byte	0x61
 4737 1592 22       		.byte	0x22
 4738 1593 97150000 		.4byte	0x1597
 4739 1597 08       		.uleb128 0x8
 4740 1598 B9000000 		.4byte	.LASF281
 4741 159c 60       		.byte	0x60
 4742 159d 1C       		.byte	0x1c
 4743 159e 7B       		.byte	0x7b
 4744 159f 08       		.byte	0x8
 4745 15a0 0D160000 		.4byte	0x160d
ARM GAS  C:\Users\DEVELO~1\AppData\Local\Temp\ccriN3Kt.s 			page 87


 4746 15a4 07       		.uleb128 0x7
 4747 15a5 766D7400 		.ascii	"vmt\000"
 4748 15a9 1C       		.byte	0x1c
 4749 15aa 7D       		.byte	0x7d
 4750 15ab 21       		.byte	0x21
 4751 15ac 08170000 		.4byte	0x1708
 4752 15b0 00       		.byte	0
 4753 15b1 01       		.uleb128 0x1
 4754 15b2 F2030000 		.4byte	.LASF282
 4755 15b6 1C       		.byte	0x1c
 4756 15b7 7E       		.byte	0x7e
 4757 15b8 03       		.byte	0x3
 4758 15b9 B80F0000 		.4byte	0xfb8
 4759 15bd 04       		.byte	0x4
 4760 15be 01       		.uleb128 0x1
 4761 15bf 3B0D0000 		.4byte	.LASF37
 4762 15c3 1C       		.byte	0x1c
 4763 15c4 7E       		.byte	0x7e
 4764 15c5 03       		.byte	0x3
 4765 15c6 7F150000 		.4byte	0x157f
 4766 15ca 08       		.byte	0x8
 4767 15cb 01       		.uleb128 0x1
 4768 15cc 01030000 		.4byte	.LASF283
 4769 15d0 1C       		.byte	0x1c
 4770 15d1 7E       		.byte	0x7e
 4771 15d2 03       		.byte	0x3
 4772 15d3 77120000 		.4byte	0x1277
 4773 15d7 0C       		.byte	0xc
 4774 15d8 01       		.uleb128 0x1
 4775 15d9 A6090000 		.4byte	.LASF284
 4776 15dd 1C       		.byte	0x1c
 4777 15de 7E       		.byte	0x7e
 4778 15df 03       		.byte	0x3
 4779 15e0 83120000 		.4byte	0x1283
 4780 15e4 30       		.byte	0x30
 4781 15e5 01       		.uleb128 0x1
 4782 15e6 04080000 		.4byte	.LASF285
 4783 15ea 1C       		.byte	0x1c
 4784 15eb 7E       		.byte	0x7e
 4785 15ec 03       		.byte	0x3
 4786 15ed 0D170000 		.4byte	0x170d
 4787 15f1 54       		.byte	0x54
 4788 15f2 01       		.uleb128 0x1
 4789 15f3 B1060000 		.4byte	.LASF286
 4790 15f7 1C       		.byte	0x1c
 4791 15f8 7E       		.byte	0x7e
 4792 15f9 03       		.byte	0x3
 4793 15fa E9000000 		.4byte	0xe9
 4794 15fe 58       		.byte	0x58
 4795 15ff 01       		.uleb128 0x1
 4796 1600 380A0000 		.4byte	.LASF287
 4797 1604 1C       		.byte	0x1c
 4798 1605 7E       		.byte	0x7e
 4799 1606 03       		.byte	0x3
 4800 1607 C0000000 		.4byte	0xc0
 4801 160b 5C       		.byte	0x5c
 4802 160c 00       		.byte	0
ARM GAS  C:\Users\DEVELO~1\AppData\Local\Temp\ccriN3Kt.s 			page 88


 4803 160d 1B       		.uleb128 0x1b
 4804 160e 38060000 		.4byte	.LASF288
 4805 1612 10       		.byte	0x10
 4806 1613 1D       		.byte	0x1d
 4807 1614 6002     		.2byte	0x260
 4808 1616 10       		.byte	0x10
 4809 1617 54160000 		.4byte	0x1654
 4810 161b 02       		.uleb128 0x2
 4811 161c 52020000 		.4byte	.LASF289
 4812 1620 1D       		.byte	0x1d
 4813 1621 6402     		.2byte	0x264
 4814 1623 1D       		.byte	0x1d
 4815 1624 E9000000 		.4byte	0xe9
 4816 1628 00       		.byte	0
 4817 1629 06       		.uleb128 0x6
 4818 162a 63723100 		.ascii	"cr1\000"
 4819 162e 1D       		.byte	0x1d
 4820 162f 6902     		.2byte	0x269
 4821 1631 1D       		.byte	0x1d
 4822 1632 E9000000 		.4byte	0xe9
 4823 1636 04       		.byte	0x4
 4824 1637 06       		.uleb128 0x6
 4825 1638 63723200 		.ascii	"cr2\000"
 4826 163c 1D       		.byte	0x1d
 4827 163d 6D02     		.2byte	0x26d
 4828 163f 1D       		.byte	0x1d
 4829 1640 E9000000 		.4byte	0xe9
 4830 1644 08       		.byte	0x8
 4831 1645 06       		.uleb128 0x6
 4832 1646 63723300 		.ascii	"cr3\000"
 4833 164a 1D       		.byte	0x1d
 4834 164b 7102     		.2byte	0x271
 4835 164d 1D       		.byte	0x1d
 4836 164e E9000000 		.4byte	0xe9
 4837 1652 0C       		.byte	0xc
 4838 1653 00       		.byte	0
 4839 1654 0D       		.uleb128 0xd
 4840 1655 BF030000 		.4byte	.LASF290
 4841 1659 1D       		.byte	0x1d
 4842 165a 7202     		.2byte	0x272
 4843 165c 03       		.byte	0x3
 4844 165d 0D160000 		.4byte	0x160d
 4845 1661 0C       		.uleb128 0xc
 4846 1662 54160000 		.4byte	0x1654
 4847 1666 38       		.uleb128 0x38
 4848 1667 53443100 		.ascii	"SD1\000"
 4849 166b 1D       		.byte	0x1d
 4850 166c 9002     		.2byte	0x290
 4851 166e 15       		.byte	0x15
 4852 166f 8B150000 		.4byte	0x158b
 4853 1673 08       		.uleb128 0x8
 4854 1674 A30D0000 		.4byte	.LASF291
 4855 1678 28       		.byte	0x28
 4856 1679 1C       		.byte	0x1c
 4857 167a 70       		.byte	0x70
 4858 167b 08       		.byte	0x8
 4859 167c 03170000 		.4byte	0x1703
ARM GAS  C:\Users\DEVELO~1\AppData\Local\Temp\ccriN3Kt.s 			page 89


 4860 1680 01       		.uleb128 0x1
 4861 1681 9F080000 		.4byte	.LASF220
 4862 1685 1C       		.byte	0x1c
 4863 1686 71       		.byte	0x71
 4864 1687 03       		.byte	0x3
 4865 1688 2D000000 		.4byte	0x2d
 4866 168c 00       		.byte	0
 4867 168d 01       		.uleb128 0x1
 4868 168e 3E080000 		.4byte	.LASF221
 4869 1692 1C       		.byte	0x1c
 4870 1693 71       		.byte	0x71
 4871 1694 03       		.byte	0x3
 4872 1695 C1100000 		.4byte	0x10c1
 4873 1699 04       		.byte	0x4
 4874 169a 01       		.uleb128 0x1
 4875 169b 620B0000 		.4byte	.LASF222
 4876 169f 1C       		.byte	0x1c
 4877 16a0 71       		.byte	0x71
 4878 16a1 03       		.byte	0x3
 4879 16a2 DF100000 		.4byte	0x10df
 4880 16a6 08       		.byte	0x8
 4881 16a7 07       		.uleb128 0x7
 4882 16a8 70757400 		.ascii	"put\000"
 4883 16ac 1C       		.byte	0x1c
 4884 16ad 71       		.byte	0x71
 4885 16ae 03       		.byte	0x3
 4886 16af F8100000 		.4byte	0x10f8
 4887 16b3 0C       		.byte	0xc
 4888 16b4 07       		.uleb128 0x7
 4889 16b5 67657400 		.ascii	"get\000"
 4890 16b9 1C       		.byte	0x1c
 4891 16ba 71       		.byte	0x71
 4892 16bb 03       		.byte	0x3
 4893 16bc 0C110000 		.4byte	0x110c
 4894 16c0 10       		.byte	0x10
 4895 16c1 01       		.uleb128 0x1
 4896 16c2 9A050000 		.4byte	.LASF292
 4897 16c6 1C       		.byte	0x1c
 4898 16c7 71       		.byte	0x71
 4899 16c8 03       		.byte	0x3
 4900 16c9 52110000 		.4byte	0x1152
 4901 16cd 14       		.byte	0x14
 4902 16ce 01       		.uleb128 0x1
 4903 16cf 9F0B0000 		.4byte	.LASF293
 4904 16d3 1C       		.byte	0x1c
 4905 16d4 71       		.byte	0x71
 4906 16d5 03       		.byte	0x3
 4907 16d6 6B110000 		.4byte	0x116b
 4908 16da 18       		.byte	0x18
 4909 16db 01       		.uleb128 0x1
 4910 16dc 58020000 		.4byte	.LASF294
 4911 16e0 1C       		.byte	0x1c
 4912 16e1 71       		.byte	0x71
 4913 16e2 03       		.byte	0x3
 4914 16e3 8E110000 		.4byte	0x118e
 4915 16e7 1C       		.byte	0x1c
 4916 16e8 01       		.uleb128 0x1
ARM GAS  C:\Users\DEVELO~1\AppData\Local\Temp\ccriN3Kt.s 			page 90


 4917 16e9 74080000 		.4byte	.LASF295
 4918 16ed 1C       		.byte	0x1c
 4919 16ee 71       		.byte	0x71
 4920 16ef 03       		.byte	0x3
 4921 16f0 B1110000 		.4byte	0x11b1
 4922 16f4 20       		.byte	0x20
 4923 16f5 07       		.uleb128 0x7
 4924 16f6 63746C00 		.ascii	"ctl\000"
 4925 16fa 1C       		.byte	0x1c
 4926 16fb 71       		.byte	0x71
 4927 16fc 03       		.byte	0x3
 4928 16fd CF110000 		.4byte	0x11cf
 4929 1701 24       		.byte	0x24
 4930 1702 00       		.byte	0
 4931 1703 0C       		.uleb128 0xc
 4932 1704 73160000 		.4byte	0x1673
 4933 1708 04       		.uleb128 0x4
 4934 1709 03170000 		.4byte	0x1703
 4935 170d 04       		.uleb128 0x4
 4936 170e 2B0C0000 		.4byte	0xc2b
 4937 1712 09       		.uleb128 0x9
 4938 1713 5B0B0000 		.4byte	.LASF297
 4939 1717 33       		.byte	0x33
 4940 1718 15       		.byte	0x15
 4941 1719 54160000 		.4byte	0x1654
 4942 171d 05       		.uleb128 0x5
 4943 171e 03       		.byte	0x3
 4944 171f 00000000 		.4byte	sercfg
 4945 1723 15       		.uleb128 0x15
 4946 1724 DD000000 		.4byte	0xdd
 4947 1728 3F170000 		.4byte	0x173f
 4948 172c 0F       		.uleb128 0xf
 4949 172d 3E000000 		.4byte	0x3e
 4950 1731 01       		.byte	0x1
 4951 1732 0F       		.uleb128 0xf
 4952 1733 3E000000 		.4byte	0x3e
 4953 1737 3F       		.byte	0x3f
 4954 1738 0F       		.uleb128 0xf
 4955 1739 3E000000 		.4byte	0x3e
 4956 173d 01       		.byte	0x1
 4957 173e 00       		.byte	0
 4958 173f 39       		.uleb128 0x39
 4959 1740 77020000 		.4byte	.LASF296
 4960 1744 05       		.byte	0x5
 4961 1745 41       		.byte	0x41
 4962 1746 01       		.byte	0x1
 4963 1747 23170000 		.4byte	0x1723
 4964 174b 20       		.byte	0x20
 4965 174c 05       		.uleb128 0x5
 4966 174d 03       		.byte	0x3
 4967 174e 00000000 		.4byte	audio_tx_buffer
 4968 1752 09       		.uleb128 0x9
 4969 1753 500B0000 		.4byte	.LASF298
 4970 1757 47       		.byte	0x47
 4971 1758 11       		.byte	0x11
 4972 1759 E9000000 		.4byte	0xe9
 4973 175d 05       		.uleb128 0x5
ARM GAS  C:\Users\DEVELO~1\AppData\Local\Temp\ccriN3Kt.s 			page 91


 4974 175e 03       		.byte	0x3
 4975 175f 00000000 		.4byte	test_phase
 4976 1763 09       		.uleb128 0x9
 4977 1764 4A010000 		.4byte	.LASF299
 4978 1768 4D       		.byte	0x4d
 4979 1769 1A       		.byte	0x1a
 4980 176a F5000000 		.4byte	0xf5
 4981 176e 05       		.uleb128 0x5
 4982 176f 03       		.byte	0x3
 4983 1770 00000000 		.4byte	audio_ht_count
 4984 1774 09       		.uleb128 0x9
 4985 1775 4D0E0000 		.4byte	.LASF300
 4986 1779 4E       		.byte	0x4e
 4987 177a 1A       		.byte	0x1a
 4988 177b F5000000 		.4byte	0xf5
 4989 177f 05       		.uleb128 0x5
 4990 1780 03       		.byte	0x3
 4991 1781 00000000 		.4byte	audio_tc_count
 4992 1785 09       		.uleb128 0x9
 4993 1786 D10D0000 		.4byte	.LASF301
 4994 178a 4F       		.byte	0x4f
 4995 178b 1A       		.byte	0x1a
 4996 178c F5000000 		.4byte	0xf5
 4997 1790 05       		.uleb128 0x5
 4998 1791 03       		.byte	0x3
 4999 1792 00000000 		.4byte	audio_dma_error_count
 5000 1796 09       		.uleb128 0x9
 5001 1797 3C020000 		.4byte	.LASF302
 5002 179b 50       		.byte	0x50
 5003 179c 1A       		.byte	0x1a
 5004 179d F5000000 		.4byte	0xf5
 5005 17a1 05       		.uleb128 0x5
 5006 17a2 03       		.byte	0x3
 5007 17a3 00000000 		.4byte	audio_sai_error_count
 5008 17a7 09       		.uleb128 0x9
 5009 17a8 180D0000 		.4byte	.LASF303
 5010 17ac 51       		.byte	0x51
 5011 17ad 1A       		.byte	0x1a
 5012 17ae F5000000 		.4byte	0xf5
 5013 17b2 05       		.uleb128 0x5
 5014 17b3 03       		.byte	0x3
 5015 17b4 00000000 		.4byte	audio_sai_error_repeats
 5016 17b8 09       		.uleb128 0x9
 5017 17b9 5A080000 		.4byte	.LASF304
 5018 17bd 6B       		.byte	0x6b
 5019 17be 18       		.byte	0x18
 5020 17bf 84140000 		.4byte	0x1484
 5021 17c3 05       		.uleb128 0x5
 5022 17c4 03       		.byte	0x3
 5023 17c5 00000000 		.4byte	sai_tx_config
 5024 17c9 3A       		.uleb128 0x3a
 5025 17ca E70C0000 		.4byte	.LASF305
 5026 17ce 1E       		.byte	0x1e
 5027 17cf 4201     		.2byte	0x142
 5028 17d1 08       		.byte	0x8
 5029 17d2 DC170000 		.4byte	0x17dc
 5030 17d6 05       		.uleb128 0x5
ARM GAS  C:\Users\DEVELO~1\AppData\Local\Temp\ccriN3Kt.s 			page 92


 5031 17d7 94030000 		.4byte	0x394
 5032 17db 00       		.byte	0
 5033 17dc 24       		.uleb128 0x24
 5034 17dd 75040000 		.4byte	.LASF306
 5035 17e1 CB       		.byte	0xcb
 5036 17e2 EC170000 		.4byte	0x17ec
 5037 17e6 05       		.uleb128 0x5
 5038 17e7 3A150000 		.4byte	0x153a
 5039 17eb 00       		.byte	0
 5040 17ec 24       		.uleb128 0x24
 5041 17ed 02070000 		.4byte	.LASF307
 5042 17f1 C7       		.byte	0xc7
 5043 17f2 0B180000 		.4byte	0x180b
 5044 17f6 05       		.uleb128 0x5
 5045 17f7 3A150000 		.4byte	0x153a
 5046 17fb 05       		.uleb128 0x5
 5047 17fc 5B150000 		.4byte	0x155b
 5048 1800 05       		.uleb128 0x5
 5049 1801 C6040000 		.4byte	0x4c6
 5050 1805 05       		.uleb128 0x5
 5051 1806 2D000000 		.4byte	0x2d
 5052 180a 00       		.byte	0
 5053 180b 25       		.uleb128 0x25
 5054 180c 230E0000 		.4byte	.LASF308
 5055 1810 19       		.byte	0x19
 5056 1811 C5       		.byte	0xc5
 5057 1812 09       		.byte	0x9
 5058 1813 53010000 		.4byte	0x153
 5059 1817 26180000 		.4byte	0x1826
 5060 181b 05       		.uleb128 0x5
 5061 181c 3A150000 		.4byte	0x153a
 5062 1820 05       		.uleb128 0x5
 5063 1821 4C150000 		.4byte	0x154c
 5064 1825 00       		.byte	0
 5065 1826 3B       		.uleb128 0x3b
 5066 1827 20000000 		.4byte	.LASF309
 5067 182b 1C       		.byte	0x1c
 5068 182c 8601     		.2byte	0x186
 5069 182e 09       		.byte	0x9
 5070 182f 53010000 		.4byte	0x153
 5071 1833 42180000 		.4byte	0x1842
 5072 1837 05       		.uleb128 0x5
 5073 1838 42180000 		.4byte	0x1842
 5074 183c 05       		.uleb128 0x5
 5075 183d 47180000 		.4byte	0x1847
 5076 1841 00       		.byte	0
 5077 1842 04       		.uleb128 0x4
 5078 1843 8B150000 		.4byte	0x158b
 5079 1847 04       		.uleb128 0x4
 5080 1848 61160000 		.4byte	0x1661
 5081 184c 26       		.uleb128 0x26
 5082 184d F8060000 		.4byte	.LASF310
 5083 1851 01       		.byte	0x1
 5084 1852 4E01     		.2byte	0x14e
 5085 1854 26       		.uleb128 0x26
 5086 1855 070B0000 		.4byte	.LASF311
 5087 1859 1F       		.byte	0x1f
ARM GAS  C:\Users\DEVELO~1\AppData\Local\Temp\ccriN3Kt.s 			page 93


 5088 185a 0101     		.2byte	0x101
 5089 185c 25       		.uleb128 0x25
 5090 185d 98060000 		.4byte	.LASF312
 5091 1861 20       		.byte	0x20
 5092 1862 2B       		.byte	0x2b
 5093 1863 07       		.byte	0x7
 5094 1864 26000000 		.4byte	0x26
 5095 1868 78180000 		.4byte	0x1878
 5096 186c 05       		.uleb128 0x5
 5097 186d 78180000 		.4byte	0x1878
 5098 1871 05       		.uleb128 0x5
 5099 1872 66030000 		.4byte	0x366
 5100 1876 3C       		.uleb128 0x3c
 5101 1877 00       		.byte	0
 5102 1878 04       		.uleb128 0x4
 5103 1879 2D110000 		.4byte	0x112d
 5104 187d 3D       		.uleb128 0x3d
 5105 187e 28080000 		.4byte	.LASF359
 5106 1882 05       		.byte	0x5
 5107 1883 7C01     		.2byte	0x17c
 5108 1885 05       		.byte	0x5
 5109 1886 26000000 		.4byte	0x26
 5110 188a 00000000 		.4byte	.LFB442
 5111 188e C8010000 		.4byte	.LFE442-.LFB442
 5112 1892 01       		.uleb128 0x1
 5113 1893 9C       		.byte	0x9c
 5114 1894 ED180000 		.4byte	0x18ed
 5115 1898 27       		.uleb128 0x27
 5116 1899 63687000 		.ascii	"chp\000"
 5117 189d 7D01     		.2byte	0x17d
 5118 189f 19       		.byte	0x19
 5119 18a0 78180000 		.4byte	0x1878
 5120 18a4 02       		.uleb128 0x2
 5121 18a5 91       		.byte	0x91
 5122 18a6 6C       		.sleb128 -20
 5123 18a7 28       		.uleb128 0x28
 5124 18a8 CE000000 		.4byte	.LBB23
 5125 18ac A2000000 		.4byte	.LBE23-.LBB23
 5126 18b0 0A       		.uleb128 0xa
 5127 18b1 E0070000 		.4byte	.LASF313
 5128 18b5 A601     		.2byte	0x1a6
 5129 18b7 0E       		.byte	0xe
 5130 18b8 E9000000 		.4byte	0xe9
 5131 18bc 02       		.uleb128 0x2
 5132 18bd 91       		.byte	0x91
 5133 18be 68       		.sleb128 -24
 5134 18bf 0A       		.uleb128 0xa
 5135 18c0 B6090000 		.4byte	.LASF314
 5136 18c4 A701     		.2byte	0x1a7
 5137 18c6 0E       		.byte	0xe
 5138 18c7 E9000000 		.4byte	0xe9
 5139 18cb 02       		.uleb128 0x2
 5140 18cc 91       		.byte	0x91
 5141 18cd 64       		.sleb128 -28
 5142 18ce 27       		.uleb128 0x27
 5143 18cf 737200   		.ascii	"sr\000"
 5144 18d2 A801     		.2byte	0x1a8
ARM GAS  C:\Users\DEVELO~1\AppData\Local\Temp\ccriN3Kt.s 			page 94


 5145 18d4 0E       		.byte	0xe
 5146 18d5 E9000000 		.4byte	0xe9
 5147 18d9 02       		.uleb128 0x2
 5148 18da 91       		.byte	0x91
 5149 18db 60       		.sleb128 -32
 5150 18dc 0A       		.uleb128 0xa
 5151 18dd 59010000 		.4byte	.LASF315
 5152 18e1 A901     		.2byte	0x1a9
 5153 18e3 0E       		.byte	0xe
 5154 18e4 E9000000 		.4byte	0xe9
 5155 18e8 02       		.uleb128 0x2
 5156 18e9 91       		.byte	0x91
 5157 18ea 5C       		.sleb128 -36
 5158 18eb 00       		.byte	0
 5159 18ec 00       		.byte	0
 5160 18ed 3E       		.uleb128 0x3e
 5161 18ee 200B0000 		.4byte	.LASF344
 5162 18f2 05       		.byte	0x5
 5163 18f3 6701     		.2byte	0x167
 5164 18f5 14       		.byte	0x14
 5165 18f6 66030000 		.4byte	0x366
 5166 18fa 00000000 		.4byte	.LFB441
 5167 18fe 60000000 		.4byte	.LFE441-.LFB441
 5168 1902 01       		.uleb128 0x1
 5169 1903 9C       		.byte	0x9c
 5170 1904 18190000 		.4byte	0x1918
 5171 1908 29       		.uleb128 0x29
 5172 1909 59010000 		.4byte	.LASF315
 5173 190d 6701     		.2byte	0x167
 5174 190f 31       		.byte	0x31
 5175 1910 E9000000 		.4byte	0xe9
 5176 1914 02       		.uleb128 0x2
 5177 1915 91       		.byte	0x91
 5178 1916 74       		.sleb128 -12
 5179 1917 00       		.byte	0
 5180 1918 20       		.uleb128 0x20
 5181 1919 85080000 		.4byte	.LASF318
 5182 191d 5101     		.2byte	0x151
 5183 191f 00000000 		.4byte	.LFB440
 5184 1923 8C000000 		.4byte	.LFE440-.LFB440
 5185 1927 01       		.uleb128 0x1
 5186 1928 9C       		.byte	0x9c
 5187 1929 5B190000 		.4byte	0x195b
 5188 192d 1D       		.uleb128 0x1d
 5189 192e 63687000 		.ascii	"chp\000"
 5190 1932 5101     		.2byte	0x151
 5191 1934 36       		.byte	0x36
 5192 1935 78180000 		.4byte	0x1878
 5193 1939 02       		.uleb128 0x2
 5194 193a 91       		.byte	0x91
 5195 193b 64       		.sleb128 -28
 5196 193c 29       		.uleb128 0x29
 5197 193d F3040000 		.4byte	.LASF316
 5198 1941 5101     		.2byte	0x151
 5199 1943 4C       		.byte	0x4c
 5200 1944 5B190000 		.4byte	0x195b
 5201 1948 02       		.uleb128 0x2
ARM GAS  C:\Users\DEVELO~1\AppData\Local\Temp\ccriN3Kt.s 			page 95


 5202 1949 91       		.byte	0x91
 5203 194a 60       		.sleb128 -32
 5204 194b 0A       		.uleb128 0xa
 5205 194c 91060000 		.4byte	.LASF317
 5206 1950 5201     		.2byte	0x152
 5207 1952 1D       		.byte	0x1d
 5208 1953 6E130000 		.4byte	0x136e
 5209 1957 02       		.uleb128 0x2
 5210 1958 91       		.byte	0x91
 5211 1959 6C       		.sleb128 -20
 5212 195a 00       		.byte	0
 5213 195b 04       		.uleb128 0x4
 5214 195c AF130000 		.4byte	0x13af
 5215 1960 20       		.uleb128 0x20
 5216 1961 10060000 		.4byte	.LASF319
 5217 1965 3F01     		.2byte	0x13f
 5218 1967 00000000 		.4byte	.LFB439
 5219 196b 90000000 		.4byte	.LFE439-.LFB439
 5220 196f 01       		.uleb128 0x1
 5221 1970 9C       		.byte	0x9c
 5222 1971 94190000 		.4byte	0x1994
 5223 1975 1D       		.uleb128 0x1d
 5224 1976 63687000 		.ascii	"chp\000"
 5225 197a 3F01     		.2byte	0x13f
 5226 197c 36       		.byte	0x36
 5227 197d 78180000 		.4byte	0x1878
 5228 1981 02       		.uleb128 0x2
 5229 1982 91       		.byte	0x91
 5230 1983 74       		.sleb128 -12
 5231 1984 1D       		.uleb128 0x1d
 5232 1985 74616700 		.ascii	"tag\000"
 5233 1989 3F01     		.2byte	0x13f
 5234 198b 47       		.byte	0x47
 5235 198c 66030000 		.4byte	0x366
 5236 1990 02       		.uleb128 0x2
 5237 1991 91       		.byte	0x91
 5238 1992 70       		.sleb128 -16
 5239 1993 00       		.byte	0
 5240 1994 20       		.uleb128 0x20
 5241 1995 CB090000 		.4byte	.LASF320
 5242 1999 2001     		.2byte	0x120
 5243 199b 00000000 		.4byte	.LFB438
 5244 199f AC000000 		.4byte	.LFE438-.LFB438
 5245 19a3 01       		.uleb128 0x1
 5246 19a4 9C       		.byte	0x9c
 5247 19a5 401A0000 		.4byte	0x1a40
 5248 19a9 1D       		.uleb128 0x1d
 5249 19aa 63687000 		.ascii	"chp\000"
 5250 19ae 2001     		.2byte	0x120
 5251 19b0 38       		.byte	0x38
 5252 19b1 78180000 		.4byte	0x1878
 5253 19b5 02       		.uleb128 0x2
 5254 19b6 91       		.byte	0x91
 5255 19b7 4C       		.sleb128 -52
 5256 19b8 0A       		.uleb128 0xa
 5257 19b9 E5060000 		.4byte	.LASF321
 5258 19bd 2101     		.2byte	0x121
ARM GAS  C:\Users\DEVELO~1\AppData\Local\Temp\ccriN3Kt.s 			page 96


 5259 19bf 0C       		.byte	0xc
 5260 19c0 E9000000 		.4byte	0xe9
 5261 19c4 02       		.uleb128 0x2
 5262 19c5 91       		.byte	0x91
 5263 19c6 74       		.sleb128 -12
 5264 19c7 0A       		.uleb128 0xa
 5265 19c8 D1030000 		.4byte	.LASF322
 5266 19cc 2201     		.2byte	0x122
 5267 19ce 0C       		.byte	0xc
 5268 19cf E9000000 		.4byte	0xe9
 5269 19d3 02       		.uleb128 0x2
 5270 19d4 91       		.byte	0x91
 5271 19d5 70       		.sleb128 -16
 5272 19d6 0A       		.uleb128 0xa
 5273 19d7 450E0000 		.4byte	.LASF323
 5274 19db 2301     		.2byte	0x123
 5275 19dd 0C       		.byte	0xc
 5276 19de E9000000 		.4byte	0xe9
 5277 19e2 02       		.uleb128 0x2
 5278 19e3 91       		.byte	0x91
 5279 19e4 6C       		.sleb128 -20
 5280 19e5 0A       		.uleb128 0xa
 5281 19e6 6E080000 		.4byte	.LASF324
 5282 19ea 2401     		.2byte	0x124
 5283 19ec 0C       		.byte	0xc
 5284 19ed E9000000 		.4byte	0xe9
 5285 19f1 02       		.uleb128 0x2
 5286 19f2 91       		.byte	0x91
 5287 19f3 68       		.sleb128 -24
 5288 19f4 0A       		.uleb128 0xa
 5289 19f5 E7080000 		.4byte	.LASF325
 5290 19f9 2501     		.2byte	0x125
 5291 19fb 0C       		.byte	0xc
 5292 19fc E9000000 		.4byte	0xe9
 5293 1a00 02       		.uleb128 0x2
 5294 1a01 91       		.byte	0x91
 5295 1a02 64       		.sleb128 -28
 5296 1a03 0A       		.uleb128 0xa
 5297 1a04 E2080000 		.4byte	.LASF326
 5298 1a08 2601     		.2byte	0x126
 5299 1a0a 0C       		.byte	0xc
 5300 1a0b E9000000 		.4byte	0xe9
 5301 1a0f 02       		.uleb128 0x2
 5302 1a10 91       		.byte	0x91
 5303 1a11 60       		.sleb128 -32
 5304 1a12 0A       		.uleb128 0xa
 5305 1a13 AA040000 		.4byte	.LASF327
 5306 1a17 2701     		.2byte	0x127
 5307 1a19 0C       		.byte	0xc
 5308 1a1a E9000000 		.4byte	0xe9
 5309 1a1e 02       		.uleb128 0x2
 5310 1a1f 91       		.byte	0x91
 5311 1a20 5C       		.sleb128 -36
 5312 1a21 0A       		.uleb128 0xa
 5313 1a22 BB0C0000 		.4byte	.LASF328
 5314 1a26 2801     		.2byte	0x128
 5315 1a28 0C       		.byte	0xc
ARM GAS  C:\Users\DEVELO~1\AppData\Local\Temp\ccriN3Kt.s 			page 97


 5316 1a29 E9000000 		.4byte	0xe9
 5317 1a2d 02       		.uleb128 0x2
 5318 1a2e 91       		.byte	0x91
 5319 1a2f 58       		.sleb128 -40
 5320 1a30 0A       		.uleb128 0xa
 5321 1a31 1C070000 		.4byte	.LASF329
 5322 1a35 2901     		.2byte	0x129
 5323 1a37 0C       		.byte	0xc
 5324 1a38 E9000000 		.4byte	0xe9
 5325 1a3c 02       		.uleb128 0x2
 5326 1a3d 91       		.byte	0x91
 5327 1a3e 54       		.sleb128 -44
 5328 1a3f 00       		.byte	0
 5329 1a40 21       		.uleb128 0x21
 5330 1a41 A30C0000 		.4byte	.LASF330
 5331 1a45 D8       		.byte	0xd8
 5332 1a46 00000000 		.4byte	.LFB437
 5333 1a4a D0010000 		.4byte	.LFE437-.LFB437
 5334 1a4e 01       		.uleb128 0x1
 5335 1a4f 9C       		.byte	0x9c
 5336 1a50 8D1A0000 		.4byte	0x1a8d
 5337 1a54 2A       		.uleb128 0x2a
 5338 1a55 63687000 		.ascii	"chp\000"
 5339 1a59 D8       		.byte	0xd8
 5340 1a5a 33       		.byte	0x33
 5341 1a5b 78180000 		.4byte	0x1878
 5342 1a5f 02       		.uleb128 0x2
 5343 1a60 91       		.byte	0x91
 5344 1a61 64       		.sleb128 -28
 5345 1a62 09       		.uleb128 0x9
 5346 1a63 8D050000 		.4byte	.LASF331
 5347 1a67 D9       		.byte	0xd9
 5348 1a68 0C       		.byte	0xc
 5349 1a69 E9000000 		.4byte	0xe9
 5350 1a6d 02       		.uleb128 0x2
 5351 1a6e 91       		.byte	0x91
 5352 1a6f 6C       		.sleb128 -20
 5353 1a70 09       		.uleb128 0x9
 5354 1a71 2C020000 		.4byte	.LASF332
 5355 1a75 DA       		.byte	0xda
 5356 1a76 0F       		.byte	0xf
 5357 1a77 66030000 		.4byte	0x366
 5358 1a7b 02       		.uleb128 0x2
 5359 1a7c 91       		.byte	0x91
 5360 1a7d 74       		.sleb128 -12
 5361 1a7e 09       		.uleb128 0x9
 5362 1a7f 9E090000 		.4byte	.LASF333
 5363 1a83 DB       		.byte	0xdb
 5364 1a84 0C       		.byte	0xc
 5365 1a85 E9000000 		.4byte	0xe9
 5366 1a89 02       		.uleb128 0x2
 5367 1a8a 91       		.byte	0x91
 5368 1a8b 70       		.sleb128 -16
 5369 1a8c 00       		.byte	0
 5370 1a8d 21       		.uleb128 0x21
 5371 1a8e 55000000 		.4byte	.LASF334
 5372 1a92 B6       		.byte	0xb6
ARM GAS  C:\Users\DEVELO~1\AppData\Local\Temp\ccriN3Kt.s 			page 98


 5373 1a93 00000000 		.4byte	.LFB436
 5374 1a97 AC010000 		.4byte	.LFE436-.LFB436
 5375 1a9b 01       		.uleb128 0x1
 5376 1a9c 9C       		.byte	0x9c
 5377 1a9d 8F1B0000 		.4byte	0x1b8f
 5378 1aa1 2A       		.uleb128 0x2a
 5379 1aa2 63687000 		.ascii	"chp\000"
 5380 1aa6 B6       		.byte	0xb6
 5381 1aa7 2C       		.byte	0x2c
 5382 1aa8 78180000 		.4byte	0x1878
 5383 1aac 03       		.uleb128 0x3
 5384 1aad 91       		.byte	0x91
 5385 1aae 947F     		.sleb128 -108
 5386 1ab0 13       		.uleb128 0x13
 5387 1ab1 38000000 		.4byte	.LASF35
 5388 1ab5 B7       		.byte	0xb7
 5389 1ab6 22       		.byte	0x22
 5390 1ab7 66030000 		.4byte	0x366
 5391 1abb 03       		.uleb128 0x3
 5392 1abc 91       		.byte	0x91
 5393 1abd 907F     		.sleb128 -112
 5394 1abf 13       		.uleb128 0x13
 5395 1ac0 6E0B0000 		.4byte	.LASF335
 5396 1ac4 B8       		.byte	0xb8
 5397 1ac5 1F       		.byte	0x1f
 5398 1ac6 E9000000 		.4byte	0xe9
 5399 1aca 03       		.uleb128 0x3
 5400 1acb 91       		.byte	0x91
 5401 1acc 8C7F     		.sleb128 -116
 5402 1ace 13       		.uleb128 0x13
 5403 1acf BD050000 		.4byte	.LASF336
 5404 1ad3 B9       		.byte	0xb9
 5405 1ad4 1F       		.byte	0x1f
 5406 1ad5 E9000000 		.4byte	0xe9
 5407 1ad9 03       		.uleb128 0x3
 5408 1ada 91       		.byte	0x91
 5409 1adb 887F     		.sleb128 -120
 5410 1add 13       		.uleb128 0x13
 5411 1ade EC030000 		.4byte	.LASF337
 5412 1ae2 BA       		.byte	0xba
 5413 1ae3 1F       		.byte	0x1f
 5414 1ae4 E9000000 		.4byte	0xe9
 5415 1ae8 02       		.uleb128 0x2
 5416 1ae9 91       		.byte	0x91
 5417 1aea 00       		.sleb128 0
 5418 1aeb 12       		.uleb128 0x12
 5419 1aec 6D00     		.ascii	"m\000"
 5420 1aee BB       		.byte	0xbb
 5421 1aef 0C       		.byte	0xc
 5422 1af0 E9000000 		.4byte	0xe9
 5423 1af4 02       		.uleb128 0x2
 5424 1af5 91       		.byte	0x91
 5425 1af6 5C       		.sleb128 -36
 5426 1af7 12       		.uleb128 0x12
 5427 1af8 6E00     		.ascii	"n\000"
 5428 1afa BC       		.byte	0xbc
 5429 1afb 0C       		.byte	0xc
ARM GAS  C:\Users\DEVELO~1\AppData\Local\Temp\ccriN3Kt.s 			page 99


 5430 1afc E9000000 		.4byte	0xe9
 5431 1b00 02       		.uleb128 0x2
 5432 1b01 91       		.byte	0x91
 5433 1b02 58       		.sleb128 -40
 5434 1b03 12       		.uleb128 0x12
 5435 1b04 7000     		.ascii	"p\000"
 5436 1b06 BD       		.byte	0xbd
 5437 1b07 0C       		.byte	0xc
 5438 1b08 E9000000 		.4byte	0xe9
 5439 1b0c 02       		.uleb128 0x2
 5440 1b0d 91       		.byte	0x91
 5441 1b0e 54       		.sleb128 -44
 5442 1b0f 12       		.uleb128 0x12
 5443 1b10 7100     		.ascii	"q\000"
 5444 1b12 BE       		.byte	0xbe
 5445 1b13 0C       		.byte	0xc
 5446 1b14 E9000000 		.4byte	0xe9
 5447 1b18 02       		.uleb128 0x2
 5448 1b19 91       		.byte	0x91
 5449 1b1a 50       		.sleb128 -48
 5450 1b1b 12       		.uleb128 0x12
 5451 1b1c 7200     		.ascii	"r\000"
 5452 1b1e BF       		.byte	0xbf
 5453 1b1f 0C       		.byte	0xc
 5454 1b20 E9000000 		.4byte	0xe9
 5455 1b24 02       		.uleb128 0x2
 5456 1b25 91       		.byte	0x91
 5457 1b26 4C       		.sleb128 -52
 5458 1b27 09       		.uleb128 0x9
 5459 1b28 36010000 		.4byte	.LASF338
 5460 1b2c C0       		.byte	0xc0
 5461 1b2d 0C       		.byte	0xc
 5462 1b2e E9000000 		.4byte	0xe9
 5463 1b32 02       		.uleb128 0x2
 5464 1b33 91       		.byte	0x91
 5465 1b34 48       		.sleb128 -56
 5466 1b35 09       		.uleb128 0x9
 5467 1b36 98080000 		.4byte	.LASF339
 5468 1b3a C1       		.byte	0xc1
 5469 1b3b 0C       		.byte	0xc
 5470 1b3c E9000000 		.4byte	0xe9
 5471 1b40 02       		.uleb128 0x2
 5472 1b41 91       		.byte	0x91
 5473 1b42 44       		.sleb128 -60
 5474 1b43 09       		.uleb128 0x9
 5475 1b44 670B0000 		.4byte	.LASF340
 5476 1b48 C2       		.byte	0xc2
 5477 1b49 0C       		.byte	0xc
 5478 1b4a FA000000 		.4byte	0xfa
 5479 1b4e 03       		.uleb128 0x3
 5480 1b4f 91       		.byte	0x91
 5481 1b50 B87F     		.sleb128 -72
 5482 1b52 12       		.uleb128 0x12
 5483 1b53 76636F00 		.ascii	"vco\000"
 5484 1b57 C3       		.byte	0xc3
 5485 1b58 0C       		.byte	0xc
 5486 1b59 FA000000 		.4byte	0xfa
ARM GAS  C:\Users\DEVELO~1\AppData\Local\Temp\ccriN3Kt.s 			page 100


 5487 1b5d 03       		.uleb128 0x3
 5488 1b5e 91       		.byte	0x91
 5489 1b5f B07F     		.sleb128 -80
 5490 1b61 09       		.uleb128 0x9
 5491 1b62 1C0C0000 		.4byte	.LASF341
 5492 1b66 C4       		.byte	0xc4
 5493 1b67 0C       		.byte	0xc
 5494 1b68 FA000000 		.4byte	0xfa
 5495 1b6c 03       		.uleb128 0x3
 5496 1b6d 91       		.byte	0x91
 5497 1b6e A87F     		.sleb128 -88
 5498 1b70 09       		.uleb128 0x9
 5499 1b71 AC060000 		.4byte	.LASF342
 5500 1b75 C5       		.byte	0xc5
 5501 1b76 0C       		.byte	0xc
 5502 1b77 FA000000 		.4byte	0xfa
 5503 1b7b 03       		.uleb128 0x3
 5504 1b7c 91       		.byte	0x91
 5505 1b7d A07F     		.sleb128 -96
 5506 1b7f 09       		.uleb128 0x9
 5507 1b80 F20C0000 		.4byte	.LASF343
 5508 1b84 C6       		.byte	0xc6
 5509 1b85 0C       		.byte	0xc
 5510 1b86 FA000000 		.4byte	0xfa
 5511 1b8a 03       		.uleb128 0x3
 5512 1b8b 91       		.byte	0x91
 5513 1b8c 987F     		.sleb128 -104
 5514 1b8e 00       		.byte	0
 5515 1b8f 3F       		.uleb128 0x3f
 5516 1b90 8D040000 		.4byte	.LASF345
 5517 1b94 05       		.byte	0x5
 5518 1b95 A7       		.byte	0xa7
 5519 1b96 11       		.byte	0x11
 5520 1b97 E9000000 		.4byte	0xe9
 5521 1b9b 00000000 		.4byte	.LFB435
 5522 1b9f 50000000 		.4byte	.LFE435-.LFB435
 5523 1ba3 01       		.uleb128 0x1
 5524 1ba4 9C       		.byte	0x9c
 5525 1ba5 B81B0000 		.4byte	0x1bb8
 5526 1ba9 12       		.uleb128 0x12
 5527 1baa 73726300 		.ascii	"src\000"
 5528 1bae A8       		.byte	0xa8
 5529 1baf 0C       		.byte	0xc
 5530 1bb0 E9000000 		.4byte	0xe9
 5531 1bb4 02       		.uleb128 0x2
 5532 1bb5 91       		.byte	0x91
 5533 1bb6 74       		.sleb128 -12
 5534 1bb7 00       		.byte	0
 5535 1bb8 40       		.uleb128 0x40
 5536 1bb9 A4070000 		.4byte	.LASF346
 5537 1bbd 05       		.byte	0x5
 5538 1bbe 90       		.byte	0x90
 5539 1bbf 0D       		.byte	0xd
 5540 1bc0 00000000 		.4byte	.LFB434
 5541 1bc4 80000000 		.4byte	.LFE434-.LFB434
 5542 1bc8 01       		.uleb128 0x1
 5543 1bc9 9C       		.byte	0x9c
ARM GAS  C:\Users\DEVELO~1\AppData\Local\Temp\ccriN3Kt.s 			page 101


 5544 1bca 0F1C0000 		.4byte	0x1c0f
 5545 1bce 13       		.uleb128 0x13
 5546 1bcf 1E040000 		.4byte	.LASF347
 5547 1bd3 90       		.byte	0x90
 5548 1bd4 26       		.byte	0x26
 5549 1bd5 C0000000 		.4byte	0xc0
 5550 1bd9 02       		.uleb128 0x2
 5551 1bda 91       		.byte	0x91
 5552 1bdb 67       		.sleb128 -25
 5553 1bdc 12       		.uleb128 0x12
 5554 1bdd 6900     		.ascii	"i\000"
 5555 1bdf 91       		.byte	0x91
 5556 1be0 0A       		.byte	0xa
 5557 1be1 2D000000 		.4byte	0x2d
 5558 1be5 02       		.uleb128 0x2
 5559 1be6 91       		.byte	0x91
 5560 1be7 74       		.sleb128 -12
 5561 1be8 12       		.uleb128 0x12
 5562 1be9 62756600 		.ascii	"buf\000"
 5563 1bed 92       		.byte	0x92
 5564 1bee 0D       		.byte	0xd
 5565 1bef 1F1C0000 		.4byte	0x1c1f
 5566 1bf3 02       		.uleb128 0x2
 5567 1bf4 91       		.byte	0x91
 5568 1bf5 70       		.sleb128 -16
 5569 1bf6 28       		.uleb128 0x28
 5570 1bf7 1A000000 		.4byte	.LBB22
 5571 1bfb 44000000 		.4byte	.LBE22-.LBB22
 5572 1bff 09       		.uleb128 0x9
 5573 1c00 470C0000 		.4byte	.LASF348
 5574 1c04 95       		.byte	0x95
 5575 1c05 0D       		.byte	0xd
 5576 1c06 DD000000 		.4byte	0xdd
 5577 1c0a 02       		.uleb128 0x2
 5578 1c0b 91       		.byte	0x91
 5579 1c0c 6C       		.sleb128 -20
 5580 1c0d 00       		.byte	0
 5581 1c0e 00       		.byte	0
 5582 1c0f 15       		.uleb128 0x15
 5583 1c10 DD000000 		.4byte	0xdd
 5584 1c14 1F1C0000 		.4byte	0x1c1f
 5585 1c18 0F       		.uleb128 0xf
 5586 1c19 3E000000 		.4byte	0x3e
 5587 1c1d 01       		.byte	0x1
 5588 1c1e 00       		.byte	0
 5589 1c1f 04       		.uleb128 0x4
 5590 1c20 0F1C0000 		.4byte	0x1c0f
 5591 1c24 21       		.uleb128 0x21
 5592 1c25 ED020000 		.4byte	.LASF349
 5593 1c29 84       		.byte	0x84
 5594 1c2a 00000000 		.4byte	.LFB433
 5595 1c2e 44000000 		.4byte	.LFE433-.LFB433
 5596 1c32 01       		.uleb128 0x1
 5597 1c33 9C       		.byte	0x9c
 5598 1c34 551C0000 		.4byte	0x1c55
 5599 1c38 13       		.uleb128 0x13
 5600 1c39 F3040000 		.4byte	.LASF316
ARM GAS  C:\Users\DEVELO~1\AppData\Local\Temp\ccriN3Kt.s 			page 102


 5601 1c3d 84       		.byte	0x84
 5602 1c3e 26       		.byte	0x26
 5603 1c3f 3A150000 		.4byte	0x153a
 5604 1c43 02       		.uleb128 0x2
 5605 1c44 91       		.byte	0x91
 5606 1c45 74       		.sleb128 -12
 5607 1c46 13       		.uleb128 0x13
 5608 1c47 1E040000 		.4byte	.LASF347
 5609 1c4b 84       		.byte	0x84
 5610 1c4c 31       		.byte	0x31
 5611 1c4d C40F0000 		.4byte	0xfc4
 5612 1c51 02       		.uleb128 0x2
 5613 1c52 91       		.byte	0x91
 5614 1c53 73       		.sleb128 -13
 5615 1c54 00       		.byte	0
 5616 1c55 41       		.uleb128 0x41
 5617 1c56 7B0D0000 		.4byte	.LASF360
 5618 1c5a 05       		.byte	0x5
 5619 1c5b 62       		.byte	0x62
 5620 1c5c 06       		.byte	0x6
 5621 1c5d 00000000 		.4byte	.LFB432
 5622 1c61 20000000 		.4byte	.LFE432-.LFB432
 5623 1c65 01       		.uleb128 0x1
 5624 1c66 9C       		.byte	0x9c
 5625 1c67 7A1C0000 		.4byte	0x1c7a
 5626 1c6b 13       		.uleb128 0x13
 5627 1c6c F3040000 		.4byte	.LASF316
 5628 1c70 62       		.byte	0x62
 5629 1c71 24       		.byte	0x24
 5630 1c72 3A150000 		.4byte	0x153a
 5631 1c76 02       		.uleb128 0x2
 5632 1c77 91       		.byte	0x91
 5633 1c78 74       		.sleb128 -12
 5634 1c79 00       		.byte	0
 5635 1c7a 2B       		.uleb128 0x2b
 5636 1c7b 04050000 		.4byte	.LASF350
 5637 1c7f 4802     		.2byte	0x248
 5638 1c81 00000000 		.4byte	.LFB351
 5639 1c85 0C000000 		.4byte	.LFE351-.LFB351
 5640 1c89 01       		.uleb128 0x1
 5641 1c8a 9C       		.byte	0x9c
 5642 1c8b 2B       		.uleb128 0x2b
 5643 1c8c F90B0000 		.4byte	.LASF351
 5644 1c90 3D02     		.2byte	0x23d
 5645 1c92 00000000 		.4byte	.LFB350
 5646 1c96 0C000000 		.4byte	.LFE350-.LFB350
 5647 1c9a 01       		.uleb128 0x1
 5648 1c9b 9C       		.byte	0x9c
 5649 1c9c 2C       		.uleb128 0x2c
 5650 1c9d F8040000 		.4byte	.LASF352
 5651 1ca1 A501     		.2byte	0x1a5
 5652 1ca3 00000000 		.4byte	.LFB203
 5653 1ca7 1E000000 		.4byte	.LFE203-.LFB203
 5654 1cab 01       		.uleb128 0x1
 5655 1cac 9C       		.byte	0x9c
 5656 1cad E51C0000 		.4byte	0x1ce5
 5657 1cb1 42       		.uleb128 0x42
ARM GAS  C:\Users\DEVELO~1\AppData\Local\Temp\ccriN3Kt.s 			page 103


 5658 1cb2 EF0D0000 		.4byte	.LASF361
 5659 1cb6 F51C0000 		.4byte	0x1cf5
 5660 1cba 1E       		.uleb128 0x1e
 5661 1cbb 3A1D0000 		.4byte	0x1d3a
 5662 1cbf 0A000000 		.4byte	.LBB18
 5663 1cc3 0A000000 		.4byte	.LBE18-.LBB18
 5664 1cc7 01       		.byte	0x1
 5665 1cc8 B201     		.2byte	0x1b2
 5666 1cca 1E       		.uleb128 0x1e
 5667 1ccb 481D0000 		.4byte	0x1d48
 5668 1ccf 0A000000 		.4byte	.LBB20
 5669 1cd3 08000000 		.4byte	.LBE20-.LBB20
 5670 1cd7 03       		.byte	0x3
 5671 1cd8 5203     		.2byte	0x352
 5672 1cda 2D       		.uleb128 0x2d
 5673 1cdb 521D0000 		.4byte	0x1d52
 5674 1cdf 02       		.uleb128 0x2
 5675 1ce0 91       		.byte	0x91
 5676 1ce1 74       		.sleb128 -12
 5677 1ce2 00       		.byte	0
 5678 1ce3 00       		.byte	0
 5679 1ce4 00       		.byte	0
 5680 1ce5 15       		.uleb128 0x15
 5681 1ce6 77030000 		.4byte	0x377
 5682 1cea F51C0000 		.4byte	0x1cf5
 5683 1cee 0F       		.uleb128 0xf
 5684 1cef 3E000000 		.4byte	0x3e
 5685 1cf3 0B       		.byte	0xb
 5686 1cf4 00       		.byte	0
 5687 1cf5 0C       		.uleb128 0xc
 5688 1cf6 E51C0000 		.4byte	0x1ce5
 5689 1cfa 2C       		.uleb128 0x2c
 5690 1cfb E0010000 		.4byte	.LASF353
 5691 1cff 9701     		.2byte	0x197
 5692 1d01 00000000 		.4byte	.LFB202
 5693 1d05 1E000000 		.4byte	.LFE202-.LFB202
 5694 1d09 01       		.uleb128 0x1
 5695 1d0a 9C       		.byte	0x9c
 5696 1d0b 3A1D0000 		.4byte	0x1d3a
 5697 1d0f 1E       		.uleb128 0x1e
 5698 1d10 411D0000 		.4byte	0x1d41
 5699 1d14 0A000000 		.4byte	.LBB14
 5700 1d18 0A000000 		.4byte	.LBE14-.LBB14
 5701 1d1c 01       		.byte	0x1
 5702 1d1d 9901     		.2byte	0x199
 5703 1d1f 1E       		.uleb128 0x1e
 5704 1d20 481D0000 		.4byte	0x1d48
 5705 1d24 0A000000 		.4byte	.LBB16
 5706 1d28 08000000 		.4byte	.LBE16-.LBB16
 5707 1d2c 03       		.byte	0x3
 5708 1d2d 3F03     		.2byte	0x33f
 5709 1d2f 2D       		.uleb128 0x2d
 5710 1d30 521D0000 		.4byte	0x1d52
 5711 1d34 02       		.uleb128 0x2
 5712 1d35 91       		.byte	0x91
 5713 1d36 74       		.sleb128 -12
 5714 1d37 00       		.byte	0
ARM GAS  C:\Users\DEVELO~1\AppData\Local\Temp\ccriN3Kt.s 			page 104


 5715 1d38 00       		.byte	0
 5716 1d39 00       		.byte	0
 5717 1d3a 2E       		.uleb128 0x2e
 5718 1d3b 010E0000 		.4byte	.LASF354
 5719 1d3f 4F03     		.2byte	0x34f
 5720 1d41 2E       		.uleb128 0x2e
 5721 1d42 83010000 		.4byte	.LASF355
 5722 1d46 3703     		.2byte	0x337
 5723 1d48 43       		.uleb128 0x43
 5724 1d49 C30A0000 		.4byte	.LASF362
 5725 1d4d 02       		.byte	0x2
 5726 1d4e EB01     		.2byte	0x1eb
 5727 1d50 1B       		.byte	0x1b
 5728 1d51 03       		.byte	0x3
 5729 1d52 44       		.uleb128 0x44
 5730 1d53 7C050000 		.4byte	.LASF363
 5731 1d57 02       		.byte	0x2
 5732 1d58 EB01     		.2byte	0x1eb
 5733 1d5a 32       		.byte	0x32
 5734 1d5b E9000000 		.4byte	0xe9
 5735 1d5f 00       		.byte	0
 5736 1d60 00       		.byte	0
 5737              		.section	.debug_abbrev,"",%progbits
 5738              	.Ldebug_abbrev0:
 5739 0000 01       		.uleb128 0x1
 5740 0001 0D       		.uleb128 0xd
 5741 0002 00       		.byte	0
 5742 0003 03       		.uleb128 0x3
 5743 0004 0E       		.uleb128 0xe
 5744 0005 3A       		.uleb128 0x3a
 5745 0006 0B       		.uleb128 0xb
 5746 0007 3B       		.uleb128 0x3b
 5747 0008 0B       		.uleb128 0xb
 5748 0009 39       		.uleb128 0x39
 5749 000a 0B       		.uleb128 0xb
 5750 000b 49       		.uleb128 0x49
 5751 000c 13       		.uleb128 0x13
 5752 000d 38       		.uleb128 0x38
 5753 000e 0B       		.uleb128 0xb
 5754 000f 00       		.byte	0
 5755 0010 00       		.byte	0
 5756 0011 02       		.uleb128 0x2
 5757 0012 0D       		.uleb128 0xd
 5758 0013 00       		.byte	0
 5759 0014 03       		.uleb128 0x3
 5760 0015 0E       		.uleb128 0xe
 5761 0016 3A       		.uleb128 0x3a
 5762 0017 0B       		.uleb128 0xb
 5763 0018 3B       		.uleb128 0x3b
 5764 0019 05       		.uleb128 0x5
 5765 001a 39       		.uleb128 0x39
 5766 001b 0B       		.uleb128 0xb
 5767 001c 49       		.uleb128 0x49
 5768 001d 13       		.uleb128 0x13
 5769 001e 38       		.uleb128 0x38
 5770 001f 0B       		.uleb128 0xb
 5771 0020 00       		.byte	0
ARM GAS  C:\Users\DEVELO~1\AppData\Local\Temp\ccriN3Kt.s 			page 105


 5772 0021 00       		.byte	0
 5773 0022 03       		.uleb128 0x3
 5774 0023 16       		.uleb128 0x16
 5775 0024 00       		.byte	0
 5776 0025 03       		.uleb128 0x3
 5777 0026 0E       		.uleb128 0xe
 5778 0027 3A       		.uleb128 0x3a
 5779 0028 0B       		.uleb128 0xb
 5780 0029 3B       		.uleb128 0x3b
 5781 002a 0B       		.uleb128 0xb
 5782 002b 39       		.uleb128 0x39
 5783 002c 0B       		.uleb128 0xb
 5784 002d 49       		.uleb128 0x49
 5785 002e 13       		.uleb128 0x13
 5786 002f 00       		.byte	0
 5787 0030 00       		.byte	0
 5788 0031 04       		.uleb128 0x4
 5789 0032 0F       		.uleb128 0xf
 5790 0033 00       		.byte	0
 5791 0034 0B       		.uleb128 0xb
 5792 0035 21       		.uleb128 0x21
 5793 0036 04       		.sleb128 4
 5794 0037 49       		.uleb128 0x49
 5795 0038 13       		.uleb128 0x13
 5796 0039 00       		.byte	0
 5797 003a 00       		.byte	0
 5798 003b 05       		.uleb128 0x5
 5799 003c 05       		.uleb128 0x5
 5800 003d 00       		.byte	0
 5801 003e 49       		.uleb128 0x49
 5802 003f 13       		.uleb128 0x13
 5803 0040 00       		.byte	0
 5804 0041 00       		.byte	0
 5805 0042 06       		.uleb128 0x6
 5806 0043 0D       		.uleb128 0xd
 5807 0044 00       		.byte	0
 5808 0045 03       		.uleb128 0x3
 5809 0046 08       		.uleb128 0x8
 5810 0047 3A       		.uleb128 0x3a
 5811 0048 0B       		.uleb128 0xb
 5812 0049 3B       		.uleb128 0x3b
 5813 004a 05       		.uleb128 0x5
 5814 004b 39       		.uleb128 0x39
 5815 004c 0B       		.uleb128 0xb
 5816 004d 49       		.uleb128 0x49
 5817 004e 13       		.uleb128 0x13
 5818 004f 38       		.uleb128 0x38
 5819 0050 0B       		.uleb128 0xb
 5820 0051 00       		.byte	0
 5821 0052 00       		.byte	0
 5822 0053 07       		.uleb128 0x7
 5823 0054 0D       		.uleb128 0xd
 5824 0055 00       		.byte	0
 5825 0056 03       		.uleb128 0x3
 5826 0057 08       		.uleb128 0x8
 5827 0058 3A       		.uleb128 0x3a
 5828 0059 0B       		.uleb128 0xb
ARM GAS  C:\Users\DEVELO~1\AppData\Local\Temp\ccriN3Kt.s 			page 106


 5829 005a 3B       		.uleb128 0x3b
 5830 005b 0B       		.uleb128 0xb
 5831 005c 39       		.uleb128 0x39
 5832 005d 0B       		.uleb128 0xb
 5833 005e 49       		.uleb128 0x49
 5834 005f 13       		.uleb128 0x13
 5835 0060 38       		.uleb128 0x38
 5836 0061 0B       		.uleb128 0xb
 5837 0062 00       		.byte	0
 5838 0063 00       		.byte	0
 5839 0064 08       		.uleb128 0x8
 5840 0065 13       		.uleb128 0x13
 5841 0066 01       		.byte	0x1
 5842 0067 03       		.uleb128 0x3
 5843 0068 0E       		.uleb128 0xe
 5844 0069 0B       		.uleb128 0xb
 5845 006a 0B       		.uleb128 0xb
 5846 006b 3A       		.uleb128 0x3a
 5847 006c 0B       		.uleb128 0xb
 5848 006d 3B       		.uleb128 0x3b
 5849 006e 0B       		.uleb128 0xb
 5850 006f 39       		.uleb128 0x39
 5851 0070 0B       		.uleb128 0xb
 5852 0071 01       		.uleb128 0x1
 5853 0072 13       		.uleb128 0x13
 5854 0073 00       		.byte	0
 5855 0074 00       		.byte	0
 5856 0075 09       		.uleb128 0x9
 5857 0076 34       		.uleb128 0x34
 5858 0077 00       		.byte	0
 5859 0078 03       		.uleb128 0x3
 5860 0079 0E       		.uleb128 0xe
 5861 007a 3A       		.uleb128 0x3a
 5862 007b 21       		.uleb128 0x21
 5863 007c 05       		.sleb128 5
 5864 007d 3B       		.uleb128 0x3b
 5865 007e 0B       		.uleb128 0xb
 5866 007f 39       		.uleb128 0x39
 5867 0080 0B       		.uleb128 0xb
 5868 0081 49       		.uleb128 0x49
 5869 0082 13       		.uleb128 0x13
 5870 0083 02       		.uleb128 0x2
 5871 0084 18       		.uleb128 0x18
 5872 0085 00       		.byte	0
 5873 0086 00       		.byte	0
 5874 0087 0A       		.uleb128 0xa
 5875 0088 34       		.uleb128 0x34
 5876 0089 00       		.byte	0
 5877 008a 03       		.uleb128 0x3
 5878 008b 0E       		.uleb128 0xe
 5879 008c 3A       		.uleb128 0x3a
 5880 008d 21       		.uleb128 0x21
 5881 008e 05       		.sleb128 5
 5882 008f 3B       		.uleb128 0x3b
 5883 0090 05       		.uleb128 0x5
 5884 0091 39       		.uleb128 0x39
 5885 0092 0B       		.uleb128 0xb
ARM GAS  C:\Users\DEVELO~1\AppData\Local\Temp\ccriN3Kt.s 			page 107


 5886 0093 49       		.uleb128 0x49
 5887 0094 13       		.uleb128 0x13
 5888 0095 02       		.uleb128 0x2
 5889 0096 18       		.uleb128 0x18
 5890 0097 00       		.byte	0
 5891 0098 00       		.byte	0
 5892 0099 0B       		.uleb128 0xb
 5893 009a 24       		.uleb128 0x24
 5894 009b 00       		.byte	0
 5895 009c 0B       		.uleb128 0xb
 5896 009d 0B       		.uleb128 0xb
 5897 009e 3E       		.uleb128 0x3e
 5898 009f 0B       		.uleb128 0xb
 5899 00a0 03       		.uleb128 0x3
 5900 00a1 0E       		.uleb128 0xe
 5901 00a2 00       		.byte	0
 5902 00a3 00       		.byte	0
 5903 00a4 0C       		.uleb128 0xc
 5904 00a5 26       		.uleb128 0x26
 5905 00a6 00       		.byte	0
 5906 00a7 49       		.uleb128 0x49
 5907 00a8 13       		.uleb128 0x13
 5908 00a9 00       		.byte	0
 5909 00aa 00       		.byte	0
 5910 00ab 0D       		.uleb128 0xd
 5911 00ac 16       		.uleb128 0x16
 5912 00ad 00       		.byte	0
 5913 00ae 03       		.uleb128 0x3
 5914 00af 0E       		.uleb128 0xe
 5915 00b0 3A       		.uleb128 0x3a
 5916 00b1 0B       		.uleb128 0xb
 5917 00b2 3B       		.uleb128 0x3b
 5918 00b3 05       		.uleb128 0x5
 5919 00b4 39       		.uleb128 0x39
 5920 00b5 0B       		.uleb128 0xb
 5921 00b6 49       		.uleb128 0x49
 5922 00b7 13       		.uleb128 0x13
 5923 00b8 00       		.byte	0
 5924 00b9 00       		.byte	0
 5925 00ba 0E       		.uleb128 0xe
 5926 00bb 13       		.uleb128 0x13
 5927 00bc 01       		.byte	0x1
 5928 00bd 0B       		.uleb128 0xb
 5929 00be 0B       		.uleb128 0xb
 5930 00bf 3A       		.uleb128 0x3a
 5931 00c0 0B       		.uleb128 0xb
 5932 00c1 3B       		.uleb128 0x3b
 5933 00c2 0B       		.uleb128 0xb
 5934 00c3 39       		.uleb128 0x39
 5935 00c4 0B       		.uleb128 0xb
 5936 00c5 01       		.uleb128 0x1
 5937 00c6 13       		.uleb128 0x13
 5938 00c7 00       		.byte	0
 5939 00c8 00       		.byte	0
 5940 00c9 0F       		.uleb128 0xf
 5941 00ca 21       		.uleb128 0x21
 5942 00cb 00       		.byte	0
ARM GAS  C:\Users\DEVELO~1\AppData\Local\Temp\ccriN3Kt.s 			page 108


 5943 00cc 49       		.uleb128 0x49
 5944 00cd 13       		.uleb128 0x13
 5945 00ce 2F       		.uleb128 0x2f
 5946 00cf 0B       		.uleb128 0xb
 5947 00d0 00       		.byte	0
 5948 00d1 00       		.byte	0
 5949 00d2 10       		.uleb128 0x10
 5950 00d3 0D       		.uleb128 0xd
 5951 00d4 00       		.byte	0
 5952 00d5 03       		.uleb128 0x3
 5953 00d6 0E       		.uleb128 0xe
 5954 00d7 3A       		.uleb128 0x3a
 5955 00d8 21       		.uleb128 0x21
 5956 00d9 11       		.sleb128 17
 5957 00da 3B       		.uleb128 0x3b
 5958 00db 05       		.uleb128 0x5
 5959 00dc 39       		.uleb128 0x39
 5960 00dd 0B       		.uleb128 0xb
 5961 00de 49       		.uleb128 0x49
 5962 00df 13       		.uleb128 0x13
 5963 00e0 38       		.uleb128 0x38
 5964 00e1 05       		.uleb128 0x5
 5965 00e2 00       		.byte	0
 5966 00e3 00       		.byte	0
 5967 00e4 11       		.uleb128 0x11
 5968 00e5 15       		.uleb128 0x15
 5969 00e6 01       		.byte	0x1
 5970 00e7 27       		.uleb128 0x27
 5971 00e8 19       		.uleb128 0x19
 5972 00e9 49       		.uleb128 0x49
 5973 00ea 13       		.uleb128 0x13
 5974 00eb 01       		.uleb128 0x1
 5975 00ec 13       		.uleb128 0x13
 5976 00ed 00       		.byte	0
 5977 00ee 00       		.byte	0
 5978 00ef 12       		.uleb128 0x12
 5979 00f0 34       		.uleb128 0x34
 5980 00f1 00       		.byte	0
 5981 00f2 03       		.uleb128 0x3
 5982 00f3 08       		.uleb128 0x8
 5983 00f4 3A       		.uleb128 0x3a
 5984 00f5 21       		.uleb128 0x21
 5985 00f6 05       		.sleb128 5
 5986 00f7 3B       		.uleb128 0x3b
 5987 00f8 0B       		.uleb128 0xb
 5988 00f9 39       		.uleb128 0x39
 5989 00fa 0B       		.uleb128 0xb
 5990 00fb 49       		.uleb128 0x49
 5991 00fc 13       		.uleb128 0x13
 5992 00fd 02       		.uleb128 0x2
 5993 00fe 18       		.uleb128 0x18
 5994 00ff 00       		.byte	0
 5995 0100 00       		.byte	0
 5996 0101 13       		.uleb128 0x13
 5997 0102 05       		.uleb128 0x5
 5998 0103 00       		.byte	0
 5999 0104 03       		.uleb128 0x3
ARM GAS  C:\Users\DEVELO~1\AppData\Local\Temp\ccriN3Kt.s 			page 109


 6000 0105 0E       		.uleb128 0xe
 6001 0106 3A       		.uleb128 0x3a
 6002 0107 21       		.uleb128 0x21
 6003 0108 05       		.sleb128 5
 6004 0109 3B       		.uleb128 0x3b
 6005 010a 0B       		.uleb128 0xb
 6006 010b 39       		.uleb128 0x39
 6007 010c 0B       		.uleb128 0xb
 6008 010d 49       		.uleb128 0x49
 6009 010e 13       		.uleb128 0x13
 6010 010f 02       		.uleb128 0x2
 6011 0110 18       		.uleb128 0x18
 6012 0111 00       		.byte	0
 6013 0112 00       		.byte	0
 6014 0113 14       		.uleb128 0x14
 6015 0114 0D       		.uleb128 0xd
 6016 0115 00       		.byte	0
 6017 0116 03       		.uleb128 0x3
 6018 0117 0E       		.uleb128 0xe
 6019 0118 3A       		.uleb128 0x3a
 6020 0119 0B       		.uleb128 0xb
 6021 011a 3B       		.uleb128 0x3b
 6022 011b 0B       		.uleb128 0xb
 6023 011c 39       		.uleb128 0x39
 6024 011d 0B       		.uleb128 0xb
 6025 011e 49       		.uleb128 0x49
 6026 011f 13       		.uleb128 0x13
 6027 0120 00       		.byte	0
 6028 0121 00       		.byte	0
 6029 0122 15       		.uleb128 0x15
 6030 0123 01       		.uleb128 0x1
 6031 0124 01       		.byte	0x1
 6032 0125 49       		.uleb128 0x49
 6033 0126 13       		.uleb128 0x13
 6034 0127 01       		.uleb128 0x1
 6035 0128 13       		.uleb128 0x13
 6036 0129 00       		.byte	0
 6037 012a 00       		.byte	0
 6038 012b 16       		.uleb128 0x16
 6039 012c 28       		.uleb128 0x28
 6040 012d 00       		.byte	0
 6041 012e 03       		.uleb128 0x3
 6042 012f 0E       		.uleb128 0xe
 6043 0130 1C       		.uleb128 0x1c
 6044 0131 0B       		.uleb128 0xb
 6045 0132 00       		.byte	0
 6046 0133 00       		.byte	0
 6047 0134 17       		.uleb128 0x17
 6048 0135 13       		.uleb128 0x13
 6049 0136 01       		.byte	0x1
 6050 0137 0B       		.uleb128 0xb
 6051 0138 0B       		.uleb128 0xb
 6052 0139 3A       		.uleb128 0x3a
 6053 013a 0B       		.uleb128 0xb
 6054 013b 3B       		.uleb128 0x3b
 6055 013c 05       		.uleb128 0x5
 6056 013d 39       		.uleb128 0x39
ARM GAS  C:\Users\DEVELO~1\AppData\Local\Temp\ccriN3Kt.s 			page 110


 6057 013e 21       		.uleb128 0x21
 6058 013f 09       		.sleb128 9
 6059 0140 01       		.uleb128 0x1
 6060 0141 13       		.uleb128 0x13
 6061 0142 00       		.byte	0
 6062 0143 00       		.byte	0
 6063 0144 18       		.uleb128 0x18
 6064 0145 0D       		.uleb128 0xd
 6065 0146 00       		.byte	0
 6066 0147 03       		.uleb128 0x3
 6067 0148 0E       		.uleb128 0xe
 6068 0149 3A       		.uleb128 0x3a
 6069 014a 21       		.uleb128 0x21
 6070 014b 0B       		.sleb128 11
 6071 014c 3B       		.uleb128 0x3b
 6072 014d 05       		.uleb128 0x5
 6073 014e 39       		.uleb128 0x39
 6074 014f 0B       		.uleb128 0xb
 6075 0150 49       		.uleb128 0x49
 6076 0151 13       		.uleb128 0x13
 6077 0152 00       		.byte	0
 6078 0153 00       		.byte	0
 6079 0154 19       		.uleb128 0x19
 6080 0155 35       		.uleb128 0x35
 6081 0156 00       		.byte	0
 6082 0157 49       		.uleb128 0x49
 6083 0158 13       		.uleb128 0x13
 6084 0159 00       		.byte	0
 6085 015a 00       		.byte	0
 6086 015b 1A       		.uleb128 0x1a
 6087 015c 0D       		.uleb128 0xd
 6088 015d 00       		.byte	0
 6089 015e 03       		.uleb128 0x3
 6090 015f 08       		.uleb128 0x8
 6091 0160 3A       		.uleb128 0x3a
 6092 0161 0B       		.uleb128 0xb
 6093 0162 3B       		.uleb128 0x3b
 6094 0163 0B       		.uleb128 0xb
 6095 0164 39       		.uleb128 0x39
 6096 0165 0B       		.uleb128 0xb
 6097 0166 49       		.uleb128 0x49
 6098 0167 13       		.uleb128 0x13
 6099 0168 00       		.byte	0
 6100 0169 00       		.byte	0
 6101 016a 1B       		.uleb128 0x1b
 6102 016b 13       		.uleb128 0x13
 6103 016c 01       		.byte	0x1
 6104 016d 03       		.uleb128 0x3
 6105 016e 0E       		.uleb128 0xe
 6106 016f 0B       		.uleb128 0xb
 6107 0170 0B       		.uleb128 0xb
 6108 0171 3A       		.uleb128 0x3a
 6109 0172 0B       		.uleb128 0xb
 6110 0173 3B       		.uleb128 0x3b
 6111 0174 05       		.uleb128 0x5
 6112 0175 39       		.uleb128 0x39
 6113 0176 0B       		.uleb128 0xb
ARM GAS  C:\Users\DEVELO~1\AppData\Local\Temp\ccriN3Kt.s 			page 111


 6114 0177 01       		.uleb128 0x1
 6115 0178 13       		.uleb128 0x13
 6116 0179 00       		.byte	0
 6117 017a 00       		.byte	0
 6118 017b 1C       		.uleb128 0x1c
 6119 017c 17       		.uleb128 0x17
 6120 017d 01       		.byte	0x1
 6121 017e 0B       		.uleb128 0xb
 6122 017f 0B       		.uleb128 0xb
 6123 0180 3A       		.uleb128 0x3a
 6124 0181 0B       		.uleb128 0xb
 6125 0182 3B       		.uleb128 0x3b
 6126 0183 0B       		.uleb128 0xb
 6127 0184 39       		.uleb128 0x39
 6128 0185 0B       		.uleb128 0xb
 6129 0186 01       		.uleb128 0x1
 6130 0187 13       		.uleb128 0x13
 6131 0188 00       		.byte	0
 6132 0189 00       		.byte	0
 6133 018a 1D       		.uleb128 0x1d
 6134 018b 05       		.uleb128 0x5
 6135 018c 00       		.byte	0
 6136 018d 03       		.uleb128 0x3
 6137 018e 08       		.uleb128 0x8
 6138 018f 3A       		.uleb128 0x3a
 6139 0190 21       		.uleb128 0x21
 6140 0191 05       		.sleb128 5
 6141 0192 3B       		.uleb128 0x3b
 6142 0193 05       		.uleb128 0x5
 6143 0194 39       		.uleb128 0x39
 6144 0195 0B       		.uleb128 0xb
 6145 0196 49       		.uleb128 0x49
 6146 0197 13       		.uleb128 0x13
 6147 0198 02       		.uleb128 0x2
 6148 0199 18       		.uleb128 0x18
 6149 019a 00       		.byte	0
 6150 019b 00       		.byte	0
 6151 019c 1E       		.uleb128 0x1e
 6152 019d 1D       		.uleb128 0x1d
 6153 019e 01       		.byte	0x1
 6154 019f 31       		.uleb128 0x31
 6155 01a0 13       		.uleb128 0x13
 6156 01a1 11       		.uleb128 0x11
 6157 01a2 01       		.uleb128 0x1
 6158 01a3 12       		.uleb128 0x12
 6159 01a4 06       		.uleb128 0x6
 6160 01a5 58       		.uleb128 0x58
 6161 01a6 0B       		.uleb128 0xb
 6162 01a7 59       		.uleb128 0x59
 6163 01a8 05       		.uleb128 0x5
 6164 01a9 57       		.uleb128 0x57
 6165 01aa 21       		.uleb128 0x21
 6166 01ab 03       		.sleb128 3
 6167 01ac 00       		.byte	0
 6168 01ad 00       		.byte	0
 6169 01ae 1F       		.uleb128 0x1f
 6170 01af 0D       		.uleb128 0xd
ARM GAS  C:\Users\DEVELO~1\AppData\Local\Temp\ccriN3Kt.s 			page 112


 6171 01b0 00       		.byte	0
 6172 01b1 03       		.uleb128 0x3
 6173 01b2 0E       		.uleb128 0xe
 6174 01b3 3A       		.uleb128 0x3a
 6175 01b4 21       		.uleb128 0x21
 6176 01b5 10       		.sleb128 16
 6177 01b6 3B       		.uleb128 0x3b
 6178 01b7 0B       		.uleb128 0xb
 6179 01b8 39       		.uleb128 0x39
 6180 01b9 21       		.uleb128 0x21
 6181 01ba 19       		.sleb128 25
 6182 01bb 49       		.uleb128 0x49
 6183 01bc 13       		.uleb128 0x13
 6184 01bd 0D       		.uleb128 0xd
 6185 01be 0B       		.uleb128 0xb
 6186 01bf 6B       		.uleb128 0x6b
 6187 01c0 0B       		.uleb128 0xb
 6188 01c1 00       		.byte	0
 6189 01c2 00       		.byte	0
 6190 01c3 20       		.uleb128 0x20
 6191 01c4 2E       		.uleb128 0x2e
 6192 01c5 01       		.byte	0x1
 6193 01c6 03       		.uleb128 0x3
 6194 01c7 0E       		.uleb128 0xe
 6195 01c8 3A       		.uleb128 0x3a
 6196 01c9 21       		.uleb128 0x21
 6197 01ca 05       		.sleb128 5
 6198 01cb 3B       		.uleb128 0x3b
 6199 01cc 05       		.uleb128 0x5
 6200 01cd 39       		.uleb128 0x39
 6201 01ce 21       		.uleb128 0x21
 6202 01cf 0D       		.sleb128 13
 6203 01d0 27       		.uleb128 0x27
 6204 01d1 19       		.uleb128 0x19
 6205 01d2 11       		.uleb128 0x11
 6206 01d3 01       		.uleb128 0x1
 6207 01d4 12       		.uleb128 0x12
 6208 01d5 06       		.uleb128 0x6
 6209 01d6 40       		.uleb128 0x40
 6210 01d7 18       		.uleb128 0x18
 6211 01d8 7C       		.uleb128 0x7c
 6212 01d9 19       		.uleb128 0x19
 6213 01da 01       		.uleb128 0x1
 6214 01db 13       		.uleb128 0x13
 6215 01dc 00       		.byte	0
 6216 01dd 00       		.byte	0
 6217 01de 21       		.uleb128 0x21
 6218 01df 2E       		.uleb128 0x2e
 6219 01e0 01       		.byte	0x1
 6220 01e1 03       		.uleb128 0x3
 6221 01e2 0E       		.uleb128 0xe
 6222 01e3 3A       		.uleb128 0x3a
 6223 01e4 21       		.uleb128 0x21
 6224 01e5 05       		.sleb128 5
 6225 01e6 3B       		.uleb128 0x3b
 6226 01e7 0B       		.uleb128 0xb
 6227 01e8 39       		.uleb128 0x39
ARM GAS  C:\Users\DEVELO~1\AppData\Local\Temp\ccriN3Kt.s 			page 113


 6228 01e9 21       		.uleb128 0x21
 6229 01ea 0D       		.sleb128 13
 6230 01eb 27       		.uleb128 0x27
 6231 01ec 19       		.uleb128 0x19
 6232 01ed 11       		.uleb128 0x11
 6233 01ee 01       		.uleb128 0x1
 6234 01ef 12       		.uleb128 0x12
 6235 01f0 06       		.uleb128 0x6
 6236 01f1 40       		.uleb128 0x40
 6237 01f2 18       		.uleb128 0x18
 6238 01f3 7C       		.uleb128 0x7c
 6239 01f4 19       		.uleb128 0x19
 6240 01f5 01       		.uleb128 0x1
 6241 01f6 13       		.uleb128 0x13
 6242 01f7 00       		.byte	0
 6243 01f8 00       		.byte	0
 6244 01f9 22       		.uleb128 0x22
 6245 01fa 15       		.uleb128 0x15
 6246 01fb 01       		.byte	0x1
 6247 01fc 27       		.uleb128 0x27
 6248 01fd 19       		.uleb128 0x19
 6249 01fe 01       		.uleb128 0x1
 6250 01ff 13       		.uleb128 0x13
 6251 0200 00       		.byte	0
 6252 0201 00       		.byte	0
 6253 0202 23       		.uleb128 0x23
 6254 0203 04       		.uleb128 0x4
 6255 0204 01       		.byte	0x1
 6256 0205 3E       		.uleb128 0x3e
 6257 0206 21       		.uleb128 0x21
 6258 0207 07       		.sleb128 7
 6259 0208 0B       		.uleb128 0xb
 6260 0209 21       		.uleb128 0x21
 6261 020a 01       		.sleb128 1
 6262 020b 49       		.uleb128 0x49
 6263 020c 13       		.uleb128 0x13
 6264 020d 3A       		.uleb128 0x3a
 6265 020e 0B       		.uleb128 0xb
 6266 020f 3B       		.uleb128 0x3b
 6267 0210 0B       		.uleb128 0xb
 6268 0211 39       		.uleb128 0x39
 6269 0212 21       		.uleb128 0x21
 6270 0213 0E       		.sleb128 14
 6271 0214 01       		.uleb128 0x1
 6272 0215 13       		.uleb128 0x13
 6273 0216 00       		.byte	0
 6274 0217 00       		.byte	0
 6275 0218 24       		.uleb128 0x24
 6276 0219 2E       		.uleb128 0x2e
 6277 021a 01       		.byte	0x1
 6278 021b 3F       		.uleb128 0x3f
 6279 021c 19       		.uleb128 0x19
 6280 021d 03       		.uleb128 0x3
 6281 021e 0E       		.uleb128 0xe
 6282 021f 3A       		.uleb128 0x3a
 6283 0220 21       		.uleb128 0x21
 6284 0221 19       		.sleb128 25
ARM GAS  C:\Users\DEVELO~1\AppData\Local\Temp\ccriN3Kt.s 			page 114


 6285 0222 3B       		.uleb128 0x3b
 6286 0223 0B       		.uleb128 0xb
 6287 0224 39       		.uleb128 0x39
 6288 0225 21       		.uleb128 0x21
 6289 0226 08       		.sleb128 8
 6290 0227 27       		.uleb128 0x27
 6291 0228 19       		.uleb128 0x19
 6292 0229 3C       		.uleb128 0x3c
 6293 022a 19       		.uleb128 0x19
 6294 022b 01       		.uleb128 0x1
 6295 022c 13       		.uleb128 0x13
 6296 022d 00       		.byte	0
 6297 022e 00       		.byte	0
 6298 022f 25       		.uleb128 0x25
 6299 0230 2E       		.uleb128 0x2e
 6300 0231 01       		.byte	0x1
 6301 0232 3F       		.uleb128 0x3f
 6302 0233 19       		.uleb128 0x19
 6303 0234 03       		.uleb128 0x3
 6304 0235 0E       		.uleb128 0xe
 6305 0236 3A       		.uleb128 0x3a
 6306 0237 0B       		.uleb128 0xb
 6307 0238 3B       		.uleb128 0x3b
 6308 0239 0B       		.uleb128 0xb
 6309 023a 39       		.uleb128 0x39
 6310 023b 0B       		.uleb128 0xb
 6311 023c 27       		.uleb128 0x27
 6312 023d 19       		.uleb128 0x19
 6313 023e 49       		.uleb128 0x49
 6314 023f 13       		.uleb128 0x13
 6315 0240 3C       		.uleb128 0x3c
 6316 0241 19       		.uleb128 0x19
 6317 0242 01       		.uleb128 0x1
 6318 0243 13       		.uleb128 0x13
 6319 0244 00       		.byte	0
 6320 0245 00       		.byte	0
 6321 0246 26       		.uleb128 0x26
 6322 0247 2E       		.uleb128 0x2e
 6323 0248 00       		.byte	0
 6324 0249 3F       		.uleb128 0x3f
 6325 024a 19       		.uleb128 0x19
 6326 024b 03       		.uleb128 0x3
 6327 024c 0E       		.uleb128 0xe
 6328 024d 3A       		.uleb128 0x3a
 6329 024e 0B       		.uleb128 0xb
 6330 024f 3B       		.uleb128 0x3b
 6331 0250 05       		.uleb128 0x5
 6332 0251 39       		.uleb128 0x39
 6333 0252 21       		.uleb128 0x21
 6334 0253 08       		.sleb128 8
 6335 0254 27       		.uleb128 0x27
 6336 0255 19       		.uleb128 0x19
 6337 0256 3C       		.uleb128 0x3c
 6338 0257 19       		.uleb128 0x19
 6339 0258 00       		.byte	0
 6340 0259 00       		.byte	0
 6341 025a 27       		.uleb128 0x27
ARM GAS  C:\Users\DEVELO~1\AppData\Local\Temp\ccriN3Kt.s 			page 115


 6342 025b 34       		.uleb128 0x34
 6343 025c 00       		.byte	0
 6344 025d 03       		.uleb128 0x3
 6345 025e 08       		.uleb128 0x8
 6346 025f 3A       		.uleb128 0x3a
 6347 0260 21       		.uleb128 0x21
 6348 0261 05       		.sleb128 5
 6349 0262 3B       		.uleb128 0x3b
 6350 0263 05       		.uleb128 0x5
 6351 0264 39       		.uleb128 0x39
 6352 0265 0B       		.uleb128 0xb
 6353 0266 49       		.uleb128 0x49
 6354 0267 13       		.uleb128 0x13
 6355 0268 02       		.uleb128 0x2
 6356 0269 18       		.uleb128 0x18
 6357 026a 00       		.byte	0
 6358 026b 00       		.byte	0
 6359 026c 28       		.uleb128 0x28
 6360 026d 0B       		.uleb128 0xb
 6361 026e 01       		.byte	0x1
 6362 026f 11       		.uleb128 0x11
 6363 0270 01       		.uleb128 0x1
 6364 0271 12       		.uleb128 0x12
 6365 0272 06       		.uleb128 0x6
 6366 0273 00       		.byte	0
 6367 0274 00       		.byte	0
 6368 0275 29       		.uleb128 0x29
 6369 0276 05       		.uleb128 0x5
 6370 0277 00       		.byte	0
 6371 0278 03       		.uleb128 0x3
 6372 0279 0E       		.uleb128 0xe
 6373 027a 3A       		.uleb128 0x3a
 6374 027b 21       		.uleb128 0x21
 6375 027c 05       		.sleb128 5
 6376 027d 3B       		.uleb128 0x3b
 6377 027e 05       		.uleb128 0x5
 6378 027f 39       		.uleb128 0x39
 6379 0280 0B       		.uleb128 0xb
 6380 0281 49       		.uleb128 0x49
 6381 0282 13       		.uleb128 0x13
 6382 0283 02       		.uleb128 0x2
 6383 0284 18       		.uleb128 0x18
 6384 0285 00       		.byte	0
 6385 0286 00       		.byte	0
 6386 0287 2A       		.uleb128 0x2a
 6387 0288 05       		.uleb128 0x5
 6388 0289 00       		.byte	0
 6389 028a 03       		.uleb128 0x3
 6390 028b 08       		.uleb128 0x8
 6391 028c 3A       		.uleb128 0x3a
 6392 028d 21       		.uleb128 0x21
 6393 028e 05       		.sleb128 5
 6394 028f 3B       		.uleb128 0x3b
 6395 0290 0B       		.uleb128 0xb
 6396 0291 39       		.uleb128 0x39
 6397 0292 0B       		.uleb128 0xb
 6398 0293 49       		.uleb128 0x49
ARM GAS  C:\Users\DEVELO~1\AppData\Local\Temp\ccriN3Kt.s 			page 116


 6399 0294 13       		.uleb128 0x13
 6400 0295 02       		.uleb128 0x2
 6401 0296 18       		.uleb128 0x18
 6402 0297 00       		.byte	0
 6403 0298 00       		.byte	0
 6404 0299 2B       		.uleb128 0x2b
 6405 029a 2E       		.uleb128 0x2e
 6406 029b 00       		.byte	0
 6407 029c 03       		.uleb128 0x3
 6408 029d 0E       		.uleb128 0xe
 6409 029e 3A       		.uleb128 0x3a
 6410 029f 21       		.uleb128 0x21
 6411 02a0 04       		.sleb128 4
 6412 02a1 3B       		.uleb128 0x3b
 6413 02a2 05       		.uleb128 0x5
 6414 02a3 39       		.uleb128 0x39
 6415 02a4 21       		.uleb128 0x21
 6416 02a5 14       		.sleb128 20
 6417 02a6 27       		.uleb128 0x27
 6418 02a7 19       		.uleb128 0x19
 6419 02a8 11       		.uleb128 0x11
 6420 02a9 01       		.uleb128 0x1
 6421 02aa 12       		.uleb128 0x12
 6422 02ab 06       		.uleb128 0x6
 6423 02ac 40       		.uleb128 0x40
 6424 02ad 18       		.uleb128 0x18
 6425 02ae 7C       		.uleb128 0x7c
 6426 02af 19       		.uleb128 0x19
 6427 02b0 00       		.byte	0
 6428 02b1 00       		.byte	0
 6429 02b2 2C       		.uleb128 0x2c
 6430 02b3 2E       		.uleb128 0x2e
 6431 02b4 01       		.byte	0x1
 6432 02b5 03       		.uleb128 0x3
 6433 02b6 0E       		.uleb128 0xe
 6434 02b7 3A       		.uleb128 0x3a
 6435 02b8 21       		.uleb128 0x21
 6436 02b9 01       		.sleb128 1
 6437 02ba 3B       		.uleb128 0x3b
 6438 02bb 05       		.uleb128 0x5
 6439 02bc 39       		.uleb128 0x39
 6440 02bd 21       		.uleb128 0x21
 6441 02be 14       		.sleb128 20
 6442 02bf 27       		.uleb128 0x27
 6443 02c0 19       		.uleb128 0x19
 6444 02c1 11       		.uleb128 0x11
 6445 02c2 01       		.uleb128 0x1
 6446 02c3 12       		.uleb128 0x12
 6447 02c4 06       		.uleb128 0x6
 6448 02c5 40       		.uleb128 0x40
 6449 02c6 18       		.uleb128 0x18
 6450 02c7 7A       		.uleb128 0x7a
 6451 02c8 19       		.uleb128 0x19
 6452 02c9 01       		.uleb128 0x1
 6453 02ca 13       		.uleb128 0x13
 6454 02cb 00       		.byte	0
 6455 02cc 00       		.byte	0
ARM GAS  C:\Users\DEVELO~1\AppData\Local\Temp\ccriN3Kt.s 			page 117


 6456 02cd 2D       		.uleb128 0x2d
 6457 02ce 05       		.uleb128 0x5
 6458 02cf 00       		.byte	0
 6459 02d0 31       		.uleb128 0x31
 6460 02d1 13       		.uleb128 0x13
 6461 02d2 02       		.uleb128 0x2
 6462 02d3 18       		.uleb128 0x18
 6463 02d4 00       		.byte	0
 6464 02d5 00       		.byte	0
 6465 02d6 2E       		.uleb128 0x2e
 6466 02d7 2E       		.uleb128 0x2e
 6467 02d8 00       		.byte	0
 6468 02d9 03       		.uleb128 0x3
 6469 02da 0E       		.uleb128 0xe
 6470 02db 3A       		.uleb128 0x3a
 6471 02dc 21       		.uleb128 0x21
 6472 02dd 03       		.sleb128 3
 6473 02de 3B       		.uleb128 0x3b
 6474 02df 05       		.uleb128 0x5
 6475 02e0 39       		.uleb128 0x39
 6476 02e1 21       		.uleb128 0x21
 6477 02e2 1B       		.sleb128 27
 6478 02e3 27       		.uleb128 0x27
 6479 02e4 19       		.uleb128 0x19
 6480 02e5 20       		.uleb128 0x20
 6481 02e6 21       		.uleb128 0x21
 6482 02e7 03       		.sleb128 3
 6483 02e8 00       		.byte	0
 6484 02e9 00       		.byte	0
 6485 02ea 2F       		.uleb128 0x2f
 6486 02eb 11       		.uleb128 0x11
 6487 02ec 01       		.byte	0x1
 6488 02ed 25       		.uleb128 0x25
 6489 02ee 0E       		.uleb128 0xe
 6490 02ef 13       		.uleb128 0x13
 6491 02f0 0B       		.uleb128 0xb
 6492 02f1 03       		.uleb128 0x3
 6493 02f2 0E       		.uleb128 0xe
 6494 02f3 1B       		.uleb128 0x1b
 6495 02f4 0E       		.uleb128 0xe
 6496 02f5 55       		.uleb128 0x55
 6497 02f6 17       		.uleb128 0x17
 6498 02f7 11       		.uleb128 0x11
 6499 02f8 01       		.uleb128 0x1
 6500 02f9 10       		.uleb128 0x10
 6501 02fa 17       		.uleb128 0x17
 6502 02fb 00       		.byte	0
 6503 02fc 00       		.byte	0
 6504 02fd 30       		.uleb128 0x30
 6505 02fe 24       		.uleb128 0x24
 6506 02ff 00       		.byte	0
 6507 0300 0B       		.uleb128 0xb
 6508 0301 0B       		.uleb128 0xb
 6509 0302 3E       		.uleb128 0x3e
 6510 0303 0B       		.uleb128 0xb
 6511 0304 03       		.uleb128 0x3
 6512 0305 08       		.uleb128 0x8
ARM GAS  C:\Users\DEVELO~1\AppData\Local\Temp\ccriN3Kt.s 			page 118


 6513 0306 00       		.byte	0
 6514 0307 00       		.byte	0
 6515 0308 31       		.uleb128 0x31
 6516 0309 13       		.uleb128 0x13
 6517 030a 01       		.byte	0x1
 6518 030b 03       		.uleb128 0x3
 6519 030c 0E       		.uleb128 0xe
 6520 030d 0B       		.uleb128 0xb
 6521 030e 05       		.uleb128 0x5
 6522 030f 3A       		.uleb128 0x3a
 6523 0310 0B       		.uleb128 0xb
 6524 0311 3B       		.uleb128 0x3b
 6525 0312 05       		.uleb128 0x5
 6526 0313 39       		.uleb128 0x39
 6527 0314 0B       		.uleb128 0xb
 6528 0315 01       		.uleb128 0x1
 6529 0316 13       		.uleb128 0x13
 6530 0317 00       		.byte	0
 6531 0318 00       		.byte	0
 6532 0319 32       		.uleb128 0x32
 6533 031a 0F       		.uleb128 0xf
 6534 031b 00       		.byte	0
 6535 031c 0B       		.uleb128 0xb
 6536 031d 0B       		.uleb128 0xb
 6537 031e 00       		.byte	0
 6538 031f 00       		.byte	0
 6539 0320 33       		.uleb128 0x33
 6540 0321 13       		.uleb128 0x13
 6541 0322 01       		.byte	0x1
 6542 0323 0B       		.uleb128 0xb
 6543 0324 05       		.uleb128 0x5
 6544 0325 3A       		.uleb128 0x3a
 6545 0326 0B       		.uleb128 0xb
 6546 0327 3B       		.uleb128 0x3b
 6547 0328 0B       		.uleb128 0xb
 6548 0329 39       		.uleb128 0x39
 6549 032a 0B       		.uleb128 0xb
 6550 032b 01       		.uleb128 0x1
 6551 032c 13       		.uleb128 0x13
 6552 032d 00       		.byte	0
 6553 032e 00       		.byte	0
 6554 032f 34       		.uleb128 0x34
 6555 0330 34       		.uleb128 0x34
 6556 0331 00       		.byte	0
 6557 0332 03       		.uleb128 0x3
 6558 0333 0E       		.uleb128 0xe
 6559 0334 3A       		.uleb128 0x3a
 6560 0335 0B       		.uleb128 0xb
 6561 0336 3B       		.uleb128 0x3b
 6562 0337 0B       		.uleb128 0xb
 6563 0338 39       		.uleb128 0x39
 6564 0339 0B       		.uleb128 0xb
 6565 033a 49       		.uleb128 0x49
 6566 033b 13       		.uleb128 0x13
 6567 033c 3F       		.uleb128 0x3f
 6568 033d 19       		.uleb128 0x19
 6569 033e 3C       		.uleb128 0x3c
ARM GAS  C:\Users\DEVELO~1\AppData\Local\Temp\ccriN3Kt.s 			page 119


 6570 033f 19       		.uleb128 0x19
 6571 0340 00       		.byte	0
 6572 0341 00       		.byte	0
 6573 0342 35       		.uleb128 0x35
 6574 0343 13       		.uleb128 0x13
 6575 0344 01       		.byte	0x1
 6576 0345 0B       		.uleb128 0xb
 6577 0346 05       		.uleb128 0x5
 6578 0347 3A       		.uleb128 0x3a
 6579 0348 0B       		.uleb128 0xb
 6580 0349 3B       		.uleb128 0x3b
 6581 034a 05       		.uleb128 0x5
 6582 034b 39       		.uleb128 0x39
 6583 034c 0B       		.uleb128 0xb
 6584 034d 01       		.uleb128 0x1
 6585 034e 13       		.uleb128 0x13
 6586 034f 00       		.byte	0
 6587 0350 00       		.byte	0
 6588 0351 36       		.uleb128 0x36
 6589 0352 34       		.uleb128 0x34
 6590 0353 00       		.byte	0
 6591 0354 03       		.uleb128 0x3
 6592 0355 0E       		.uleb128 0xe
 6593 0356 3A       		.uleb128 0x3a
 6594 0357 0B       		.uleb128 0xb
 6595 0358 3B       		.uleb128 0x3b
 6596 0359 05       		.uleb128 0x5
 6597 035a 39       		.uleb128 0x39
 6598 035b 0B       		.uleb128 0xb
 6599 035c 49       		.uleb128 0x49
 6600 035d 13       		.uleb128 0x13
 6601 035e 3F       		.uleb128 0x3f
 6602 035f 19       		.uleb128 0x19
 6603 0360 3C       		.uleb128 0x3c
 6604 0361 19       		.uleb128 0x19
 6605 0362 00       		.byte	0
 6606 0363 00       		.byte	0
 6607 0364 37       		.uleb128 0x37
 6608 0365 26       		.uleb128 0x26
 6609 0366 00       		.byte	0
 6610 0367 00       		.byte	0
 6611 0368 00       		.byte	0
 6612 0369 38       		.uleb128 0x38
 6613 036a 34       		.uleb128 0x34
 6614 036b 00       		.byte	0
 6615 036c 03       		.uleb128 0x3
 6616 036d 08       		.uleb128 0x8
 6617 036e 3A       		.uleb128 0x3a
 6618 036f 0B       		.uleb128 0xb
 6619 0370 3B       		.uleb128 0x3b
 6620 0371 05       		.uleb128 0x5
 6621 0372 39       		.uleb128 0x39
 6622 0373 0B       		.uleb128 0xb
 6623 0374 49       		.uleb128 0x49
 6624 0375 13       		.uleb128 0x13
 6625 0376 3F       		.uleb128 0x3f
 6626 0377 19       		.uleb128 0x19
ARM GAS  C:\Users\DEVELO~1\AppData\Local\Temp\ccriN3Kt.s 			page 120


 6627 0378 3C       		.uleb128 0x3c
 6628 0379 19       		.uleb128 0x19
 6629 037a 00       		.byte	0
 6630 037b 00       		.byte	0
 6631 037c 39       		.uleb128 0x39
 6632 037d 34       		.uleb128 0x34
 6633 037e 00       		.byte	0
 6634 037f 03       		.uleb128 0x3
 6635 0380 0E       		.uleb128 0xe
 6636 0381 3A       		.uleb128 0x3a
 6637 0382 0B       		.uleb128 0xb
 6638 0383 3B       		.uleb128 0x3b
 6639 0384 0B       		.uleb128 0xb
 6640 0385 39       		.uleb128 0x39
 6641 0386 0B       		.uleb128 0xb
 6642 0387 49       		.uleb128 0x49
 6643 0388 13       		.uleb128 0x13
 6644 0389 8801     		.uleb128 0x88
 6645 038b 0B       		.uleb128 0xb
 6646 038c 02       		.uleb128 0x2
 6647 038d 18       		.uleb128 0x18
 6648 038e 00       		.byte	0
 6649 038f 00       		.byte	0
 6650 0390 3A       		.uleb128 0x3a
 6651 0391 2E       		.uleb128 0x2e
 6652 0392 01       		.byte	0x1
 6653 0393 3F       		.uleb128 0x3f
 6654 0394 19       		.uleb128 0x19
 6655 0395 03       		.uleb128 0x3
 6656 0396 0E       		.uleb128 0xe
 6657 0397 3A       		.uleb128 0x3a
 6658 0398 0B       		.uleb128 0xb
 6659 0399 3B       		.uleb128 0x3b
 6660 039a 05       		.uleb128 0x5
 6661 039b 39       		.uleb128 0x39
 6662 039c 0B       		.uleb128 0xb
 6663 039d 27       		.uleb128 0x27
 6664 039e 19       		.uleb128 0x19
 6665 039f 3C       		.uleb128 0x3c
 6666 03a0 19       		.uleb128 0x19
 6667 03a1 01       		.uleb128 0x1
 6668 03a2 13       		.uleb128 0x13
 6669 03a3 00       		.byte	0
 6670 03a4 00       		.byte	0
 6671 03a5 3B       		.uleb128 0x3b
 6672 03a6 2E       		.uleb128 0x2e
 6673 03a7 01       		.byte	0x1
 6674 03a8 3F       		.uleb128 0x3f
 6675 03a9 19       		.uleb128 0x19
 6676 03aa 03       		.uleb128 0x3
 6677 03ab 0E       		.uleb128 0xe
 6678 03ac 3A       		.uleb128 0x3a
 6679 03ad 0B       		.uleb128 0xb
 6680 03ae 3B       		.uleb128 0x3b
 6681 03af 05       		.uleb128 0x5
 6682 03b0 39       		.uleb128 0x39
 6683 03b1 0B       		.uleb128 0xb
ARM GAS  C:\Users\DEVELO~1\AppData\Local\Temp\ccriN3Kt.s 			page 121


 6684 03b2 27       		.uleb128 0x27
 6685 03b3 19       		.uleb128 0x19
 6686 03b4 49       		.uleb128 0x49
 6687 03b5 13       		.uleb128 0x13
 6688 03b6 3C       		.uleb128 0x3c
 6689 03b7 19       		.uleb128 0x19
 6690 03b8 01       		.uleb128 0x1
 6691 03b9 13       		.uleb128 0x13
 6692 03ba 00       		.byte	0
 6693 03bb 00       		.byte	0
 6694 03bc 3C       		.uleb128 0x3c
 6695 03bd 18       		.uleb128 0x18
 6696 03be 00       		.byte	0
 6697 03bf 00       		.byte	0
 6698 03c0 00       		.byte	0
 6699 03c1 3D       		.uleb128 0x3d
 6700 03c2 2E       		.uleb128 0x2e
 6701 03c3 01       		.byte	0x1
 6702 03c4 3F       		.uleb128 0x3f
 6703 03c5 19       		.uleb128 0x19
 6704 03c6 03       		.uleb128 0x3
 6705 03c7 0E       		.uleb128 0xe
 6706 03c8 3A       		.uleb128 0x3a
 6707 03c9 0B       		.uleb128 0xb
 6708 03ca 3B       		.uleb128 0x3b
 6709 03cb 05       		.uleb128 0x5
 6710 03cc 39       		.uleb128 0x39
 6711 03cd 0B       		.uleb128 0xb
 6712 03ce 27       		.uleb128 0x27
 6713 03cf 19       		.uleb128 0x19
 6714 03d0 49       		.uleb128 0x49
 6715 03d1 13       		.uleb128 0x13
 6716 03d2 11       		.uleb128 0x11
 6717 03d3 01       		.uleb128 0x1
 6718 03d4 12       		.uleb128 0x12
 6719 03d5 06       		.uleb128 0x6
 6720 03d6 40       		.uleb128 0x40
 6721 03d7 18       		.uleb128 0x18
 6722 03d8 7C       		.uleb128 0x7c
 6723 03d9 19       		.uleb128 0x19
 6724 03da 01       		.uleb128 0x1
 6725 03db 13       		.uleb128 0x13
 6726 03dc 00       		.byte	0
 6727 03dd 00       		.byte	0
 6728 03de 3E       		.uleb128 0x3e
 6729 03df 2E       		.uleb128 0x2e
 6730 03e0 01       		.byte	0x1
 6731 03e1 03       		.uleb128 0x3
 6732 03e2 0E       		.uleb128 0xe
 6733 03e3 3A       		.uleb128 0x3a
 6734 03e4 0B       		.uleb128 0xb
 6735 03e5 3B       		.uleb128 0x3b
 6736 03e6 05       		.uleb128 0x5
 6737 03e7 39       		.uleb128 0x39
 6738 03e8 0B       		.uleb128 0xb
 6739 03e9 27       		.uleb128 0x27
 6740 03ea 19       		.uleb128 0x19
ARM GAS  C:\Users\DEVELO~1\AppData\Local\Temp\ccriN3Kt.s 			page 122


 6741 03eb 49       		.uleb128 0x49
 6742 03ec 13       		.uleb128 0x13
 6743 03ed 11       		.uleb128 0x11
 6744 03ee 01       		.uleb128 0x1
 6745 03ef 12       		.uleb128 0x12
 6746 03f0 06       		.uleb128 0x6
 6747 03f1 40       		.uleb128 0x40
 6748 03f2 18       		.uleb128 0x18
 6749 03f3 7A       		.uleb128 0x7a
 6750 03f4 19       		.uleb128 0x19
 6751 03f5 01       		.uleb128 0x1
 6752 03f6 13       		.uleb128 0x13
 6753 03f7 00       		.byte	0
 6754 03f8 00       		.byte	0
 6755 03f9 3F       		.uleb128 0x3f
 6756 03fa 2E       		.uleb128 0x2e
 6757 03fb 01       		.byte	0x1
 6758 03fc 03       		.uleb128 0x3
 6759 03fd 0E       		.uleb128 0xe
 6760 03fe 3A       		.uleb128 0x3a
 6761 03ff 0B       		.uleb128 0xb
 6762 0400 3B       		.uleb128 0x3b
 6763 0401 0B       		.uleb128 0xb
 6764 0402 39       		.uleb128 0x39
 6765 0403 0B       		.uleb128 0xb
 6766 0404 27       		.uleb128 0x27
 6767 0405 19       		.uleb128 0x19
 6768 0406 49       		.uleb128 0x49
 6769 0407 13       		.uleb128 0x13
 6770 0408 11       		.uleb128 0x11
 6771 0409 01       		.uleb128 0x1
 6772 040a 12       		.uleb128 0x12
 6773 040b 06       		.uleb128 0x6
 6774 040c 40       		.uleb128 0x40
 6775 040d 18       		.uleb128 0x18
 6776 040e 7A       		.uleb128 0x7a
 6777 040f 19       		.uleb128 0x19
 6778 0410 01       		.uleb128 0x1
 6779 0411 13       		.uleb128 0x13
 6780 0412 00       		.byte	0
 6781 0413 00       		.byte	0
 6782 0414 40       		.uleb128 0x40
 6783 0415 2E       		.uleb128 0x2e
 6784 0416 01       		.byte	0x1
 6785 0417 03       		.uleb128 0x3
 6786 0418 0E       		.uleb128 0xe
 6787 0419 3A       		.uleb128 0x3a
 6788 041a 0B       		.uleb128 0xb
 6789 041b 3B       		.uleb128 0x3b
 6790 041c 0B       		.uleb128 0xb
 6791 041d 39       		.uleb128 0x39
 6792 041e 0B       		.uleb128 0xb
 6793 041f 27       		.uleb128 0x27
 6794 0420 19       		.uleb128 0x19
 6795 0421 11       		.uleb128 0x11
 6796 0422 01       		.uleb128 0x1
 6797 0423 12       		.uleb128 0x12
ARM GAS  C:\Users\DEVELO~1\AppData\Local\Temp\ccriN3Kt.s 			page 123


 6798 0424 06       		.uleb128 0x6
 6799 0425 40       		.uleb128 0x40
 6800 0426 18       		.uleb128 0x18
 6801 0427 7A       		.uleb128 0x7a
 6802 0428 19       		.uleb128 0x19
 6803 0429 01       		.uleb128 0x1
 6804 042a 13       		.uleb128 0x13
 6805 042b 00       		.byte	0
 6806 042c 00       		.byte	0
 6807 042d 41       		.uleb128 0x41
 6808 042e 2E       		.uleb128 0x2e
 6809 042f 01       		.byte	0x1
 6810 0430 3F       		.uleb128 0x3f
 6811 0431 19       		.uleb128 0x19
 6812 0432 03       		.uleb128 0x3
 6813 0433 0E       		.uleb128 0xe
 6814 0434 3A       		.uleb128 0x3a
 6815 0435 0B       		.uleb128 0xb
 6816 0436 3B       		.uleb128 0x3b
 6817 0437 0B       		.uleb128 0xb
 6818 0438 39       		.uleb128 0x39
 6819 0439 0B       		.uleb128 0xb
 6820 043a 27       		.uleb128 0x27
 6821 043b 19       		.uleb128 0x19
 6822 043c 11       		.uleb128 0x11
 6823 043d 01       		.uleb128 0x1
 6824 043e 12       		.uleb128 0x12
 6825 043f 06       		.uleb128 0x6
 6826 0440 40       		.uleb128 0x40
 6827 0441 18       		.uleb128 0x18
 6828 0442 7A       		.uleb128 0x7a
 6829 0443 19       		.uleb128 0x19
 6830 0444 01       		.uleb128 0x1
 6831 0445 13       		.uleb128 0x13
 6832 0446 00       		.byte	0
 6833 0447 00       		.byte	0
 6834 0448 42       		.uleb128 0x42
 6835 0449 34       		.uleb128 0x34
 6836 044a 00       		.byte	0
 6837 044b 03       		.uleb128 0x3
 6838 044c 0E       		.uleb128 0xe
 6839 044d 49       		.uleb128 0x49
 6840 044e 13       		.uleb128 0x13
 6841 044f 34       		.uleb128 0x34
 6842 0450 19       		.uleb128 0x19
 6843 0451 00       		.byte	0
 6844 0452 00       		.byte	0
 6845 0453 43       		.uleb128 0x43
 6846 0454 2E       		.uleb128 0x2e
 6847 0455 01       		.byte	0x1
 6848 0456 03       		.uleb128 0x3
 6849 0457 0E       		.uleb128 0xe
 6850 0458 3A       		.uleb128 0x3a
 6851 0459 0B       		.uleb128 0xb
 6852 045a 3B       		.uleb128 0x3b
 6853 045b 05       		.uleb128 0x5
 6854 045c 39       		.uleb128 0x39
ARM GAS  C:\Users\DEVELO~1\AppData\Local\Temp\ccriN3Kt.s 			page 124


 6855 045d 0B       		.uleb128 0xb
 6856 045e 27       		.uleb128 0x27
 6857 045f 19       		.uleb128 0x19
 6858 0460 20       		.uleb128 0x20
 6859 0461 0B       		.uleb128 0xb
 6860 0462 00       		.byte	0
 6861 0463 00       		.byte	0
 6862 0464 44       		.uleb128 0x44
 6863 0465 05       		.uleb128 0x5
 6864 0466 00       		.byte	0
 6865 0467 03       		.uleb128 0x3
 6866 0468 0E       		.uleb128 0xe
 6867 0469 3A       		.uleb128 0x3a
 6868 046a 0B       		.uleb128 0xb
 6869 046b 3B       		.uleb128 0x3b
 6870 046c 05       		.uleb128 0x5
 6871 046d 39       		.uleb128 0x39
 6872 046e 0B       		.uleb128 0xb
 6873 046f 49       		.uleb128 0x49
 6874 0470 13       		.uleb128 0x13
 6875 0471 00       		.byte	0
 6876 0472 00       		.byte	0
 6877 0473 00       		.byte	0
 6878              		.section	.debug_aranges,"",%progbits
 6879 0000 8C000000 		.4byte	0x8c
 6880 0004 0200     		.2byte	0x2
 6881 0006 00000000 		.4byte	.Ldebug_info0
 6882 000a 04       		.byte	0x4
 6883 000b 00       		.byte	0
 6884 000c 0000     		.2byte	0
 6885 000e 0000     		.2byte	0
 6886 0010 00000000 		.4byte	.LFB202
 6887 0014 1E000000 		.4byte	.LFE202-.LFB202
 6888 0018 00000000 		.4byte	.LFB203
 6889 001c 1E000000 		.4byte	.LFE203-.LFB203
 6890 0020 00000000 		.4byte	.LFB350
 6891 0024 0C000000 		.4byte	.LFE350-.LFB350
 6892 0028 00000000 		.4byte	.LFB351
 6893 002c 0C000000 		.4byte	.LFE351-.LFB351
 6894 0030 00000000 		.4byte	.LFB432
 6895 0034 20000000 		.4byte	.LFE432-.LFB432
 6896 0038 00000000 		.4byte	.LFB433
 6897 003c 44000000 		.4byte	.LFE433-.LFB433
 6898 0040 00000000 		.4byte	.LFB434
 6899 0044 80000000 		.4byte	.LFE434-.LFB434
 6900 0048 00000000 		.4byte	.LFB435
 6901 004c 50000000 		.4byte	.LFE435-.LFB435
 6902 0050 00000000 		.4byte	.LFB436
 6903 0054 AC010000 		.4byte	.LFE436-.LFB436
 6904 0058 00000000 		.4byte	.LFB437
 6905 005c D0010000 		.4byte	.LFE437-.LFB437
 6906 0060 00000000 		.4byte	.LFB438
 6907 0064 AC000000 		.4byte	.LFE438-.LFB438
 6908 0068 00000000 		.4byte	.LFB439
 6909 006c 90000000 		.4byte	.LFE439-.LFB439
 6910 0070 00000000 		.4byte	.LFB440
 6911 0074 8C000000 		.4byte	.LFE440-.LFB440
ARM GAS  C:\Users\DEVELO~1\AppData\Local\Temp\ccriN3Kt.s 			page 125


 6912 0078 00000000 		.4byte	.LFB441
 6913 007c 60000000 		.4byte	.LFE441-.LFB441
 6914 0080 00000000 		.4byte	.LFB442
 6915 0084 C8010000 		.4byte	.LFE442-.LFB442
 6916 0088 00000000 		.4byte	0
 6917 008c 00000000 		.4byte	0
 6918              		.section	.debug_rnglists,"",%progbits
 6919              	.Ldebug_ranges0:
 6920 0000 6A000000 		.4byte	.Ldebug_ranges3-.Ldebug_ranges2
 6921              	.Ldebug_ranges2:
 6922 0004 0500     		.2byte	0x5
 6923 0006 04       		.byte	0x4
 6924 0007 00       		.byte	0
 6925 0008 00000000 		.4byte	0
 6926              	.LLRL0:
 6927 000c 07       		.byte	0x7
 6928 000d 00000000 		.4byte	.LFB202
 6929 0011 1E       		.uleb128 .LFE202-.LFB202
 6930 0012 07       		.byte	0x7
 6931 0013 00000000 		.4byte	.LFB203
 6932 0017 1E       		.uleb128 .LFE203-.LFB203
 6933 0018 07       		.byte	0x7
 6934 0019 00000000 		.4byte	.LFB350
 6935 001d 0C       		.uleb128 .LFE350-.LFB350
 6936 001e 07       		.byte	0x7
 6937 001f 00000000 		.4byte	.LFB351
 6938 0023 0C       		.uleb128 .LFE351-.LFB351
 6939 0024 07       		.byte	0x7
 6940 0025 00000000 		.4byte	.LFB432
 6941 0029 20       		.uleb128 .LFE432-.LFB432
 6942 002a 07       		.byte	0x7
 6943 002b 00000000 		.4byte	.LFB433
 6944 002f 44       		.uleb128 .LFE433-.LFB433
 6945 0030 07       		.byte	0x7
 6946 0031 00000000 		.4byte	.LFB434
 6947 0035 8001     		.uleb128 .LFE434-.LFB434
 6948 0037 07       		.byte	0x7
 6949 0038 00000000 		.4byte	.LFB435
 6950 003c 50       		.uleb128 .LFE435-.LFB435
 6951 003d 07       		.byte	0x7
 6952 003e 00000000 		.4byte	.LFB436
 6953 0042 AC03     		.uleb128 .LFE436-.LFB436
 6954 0044 07       		.byte	0x7
 6955 0045 00000000 		.4byte	.LFB437
 6956 0049 D003     		.uleb128 .LFE437-.LFB437
 6957 004b 07       		.byte	0x7
 6958 004c 00000000 		.4byte	.LFB438
 6959 0050 AC01     		.uleb128 .LFE438-.LFB438
 6960 0052 07       		.byte	0x7
 6961 0053 00000000 		.4byte	.LFB439
 6962 0057 9001     		.uleb128 .LFE439-.LFB439
 6963 0059 07       		.byte	0x7
 6964 005a 00000000 		.4byte	.LFB440
 6965 005e 8C01     		.uleb128 .LFE440-.LFB440
 6966 0060 07       		.byte	0x7
 6967 0061 00000000 		.4byte	.LFB441
 6968 0065 60       		.uleb128 .LFE441-.LFB441
ARM GAS  C:\Users\DEVELO~1\AppData\Local\Temp\ccriN3Kt.s 			page 126


 6969 0066 07       		.byte	0x7
 6970 0067 00000000 		.4byte	.LFB442
 6971 006b C803     		.uleb128 .LFE442-.LFB442
 6972 006d 00       		.byte	0
 6973              	.Ldebug_ranges3:
 6974              		.section	.debug_line,"",%progbits
 6975              	.Ldebug_line0:
 6976 0000 6C090000 		.section	.debug_str,"MS",%progbits,1
 6976      03007604 
 6976      00000201 
 6976      FB0E0D00 
 6976      01010101 
 6977              	.LASF132:
 6978 0000 41504231 		.ascii	"APB1HRSTR\000"
 6978      48525354 
 6978      5200
 6979              	.LASF11:
 6980 000a 6C6F6E67 		.ascii	"long int\000"
 6980      20696E74 
 6980      00
 6981              	.LASF280:
 6982 0013 53657269 		.ascii	"SerialDriver\000"
 6982      616C4472 
 6982      69766572 
 6982      00
 6983              	.LASF309:
 6984 0020 73645374 		.ascii	"sdStart\000"
 6984      61727400 
 6985              	.LASF274:
 6986 0028 53797374 		.ascii	"SystemCoreClock\000"
 6986      656D436F 
 6986      7265436C 
 6986      6F636B00 
 6987              	.LASF35:
 6988 0038 6E616D65 		.ascii	"name\000"
 6988      00
 6989              	.LASF181:
 6990 003d 74687265 		.ascii	"thread_reference_t\000"
 6990      61645F72 
 6990      65666572 
 6990      656E6365 
 6990      5F7400
 6991              	.LASF242:
 6992 0050 42535252 		.ascii	"BSRR\000"
 6992      00
 6993              	.LASF334:
 6994 0055 706C6C5F 		.ascii	"pll_dump\000"
 6994      64756D70 
 6994      00
 6995              	.LASF178:
 6996 005e 63685F72 		.ascii	"ch_registry\000"
 6996      65676973 
 6996      74727900 
 6997              	.LASF155:
 6998 006a 41504232 		.ascii	"APB2LPENR\000"
 6998      4C50454E 
 6998      5200
ARM GAS  C:\Users\DEVELO~1\AppData\Local\Temp\ccriN3Kt.s 			page 127


 6999              	.LASF133:
 7000 0074 41504232 		.ascii	"APB2RSTR\000"
 7000      52535452 
 7000      00
 7001              	.LASF207:
 7002 007d 6C697374 		.ascii	"listener\000"
 7002      656E6572 
 7002      00
 7003              	.LASF210:
 7004 0086 6576656E 		.ascii	"event_source\000"
 7004      745F736F 
 7004      75726365 
 7004      00
 7005              	.LASF38:
 7006 0093 666C6167 		.ascii	"flags\000"
 7006      7300
 7007              	.LASF256:
 7008 0099 646D6172 		.ascii	"dmarx\000"
 7008      7800
 7009              	.LASF44:
 7010 009f 7265616C 		.ascii	"realprio\000"
 7010      7072696F 
 7010      00
 7011              	.LASF90:
 7012 00a8 62756666 		.ascii	"buffer\000"
 7012      657200
 7013              	.LASF113:
 7014 00af 504C4C33 		.ascii	"PLL3FRACR\000"
 7014      46524143 
 7014      5200
 7015              	.LASF281:
 7016 00b9 68616C5F 		.ascii	"hal_serial_driver\000"
 7016      73657269 
 7016      616C5F64 
 7016      72697665 
 7016      7200
 7017              	.LASF224:
 7018 00cb 696F5F71 		.ascii	"io_queue_t\000"
 7018      75657565 
 7018      5F7400
 7019              	.LASF42:
 7020 00d6 6570656E 		.ascii	"epending\000"
 7020      64696E67 
 7020      00
 7021              	.LASF0:
 7022 00df 756E7369 		.ascii	"unsigned int\000"
 7022      676E6564 
 7022      20696E74 
 7022      00
 7023              	.LASF153:
 7024 00ec 41504231 		.ascii	"APB1LLPENR\000"
 7024      4C4C5045 
 7024      4E5200
 7025              	.LASF70:
 7026 00f7 6E657874 		.ascii	"next\000"
 7026      00
 7027              	.LASF19:
ARM GAS  C:\Users\DEVELO~1\AppData\Local\Temp\ccriN3Kt.s 			page 128


 7028 00fc 75696E74 		.ascii	"uint32_t\000"
 7028      33325F74 
 7028      00
 7029              	.LASF88:
 7030 0105 73757370 		.ascii	"suspended\000"
 7030      656E6465 
 7030      6400
 7031              	.LASF52:
 7032 010f 636F7265 		.ascii	"core_id\000"
 7032      5F696400 
 7033              	.LASF104:
 7034 0117 44334346 		.ascii	"D3CFGR\000"
 7034      475200
 7035              	.LASF219:
 7036 011e 42617365 		.ascii	"BaseSequentialStreamVMT\000"
 7036      53657175 
 7036      656E7469 
 7036      616C5374 
 7036      7265616D 
 7037              	.LASF338:
 7038 0136 66726163 		.ascii	"frac\000"
 7038      00
 7039              	.LASF10:
 7040 013b 5F5F696E 		.ascii	"__int32_t\000"
 7040      7433325F 
 7040      7400
 7041              	.LASF39:
 7042 0145 72656673 		.ascii	"refs\000"
 7042      00
 7043              	.LASF299:
 7044 014a 61756469 		.ascii	"audio_ht_count\000"
 7044      6F5F6874 
 7044      5F636F75 
 7044      6E7400
 7045              	.LASF315:
 7046 0159 666C766C 		.ascii	"flvl\000"
 7046      00
 7047              	.LASF234:
 7048 015e 716E6F74 		.ascii	"qnotify_t\000"
 7048      6966795F 
 7048      7400
 7049              	.LASF107:
 7050 0168 504C4C43 		.ascii	"PLLCFGR\000"
 7050      46475200 
 7051              	.LASF158:
 7052 0170 5243435F 		.ascii	"RCC_TypeDef\000"
 7052      54797065 
 7052      44656600 
 7053              	.LASF80:
 7054 017c 77746F62 		.ascii	"wtobjp\000"
 7054      6A7000
 7055              	.LASF355:
 7056 0183 706F7274 		.ascii	"port_lock\000"
 7056      5F6C6F63 
 7056      6B00
 7057              	.LASF50:
 7058 018d 76746C69 		.ascii	"vtlist\000"
ARM GAS  C:\Users\DEVELO~1\AppData\Local\Temp\ccriN3Kt.s 			page 129


 7058      737400
 7059              	.LASF112:
 7060 0194 504C4C33 		.ascii	"PLL3DIVR\000"
 7060      44495652 
 7060      00
 7061              	.LASF172:
 7062 019d 706F7274 		.ascii	"port_context\000"
 7062      5F636F6E 
 7062      74657874 
 7062      00
 7063              	.LASF71:
 7064 01aa 63685F71 		.ascii	"ch_queue_t\000"
 7064      75657565 
 7064      5F7400
 7065              	.LASF195:
 7066 01b5 63685F72 		.ascii	"ch_ready_list\000"
 7066      65616479 
 7066      5F6C6973 
 7066      7400
 7067              	.LASF273:
 7068 01c3 73616963 		.ascii	"saicallback_t\000"
 7068      616C6C62 
 7068      61636B5F 
 7068      7400
 7069              	.LASF92:
 7070 01d1 4E445452 		.ascii	"NDTR\000"
 7070      00
 7071              	.LASF68:
 7072 01d6 63685F6C 		.ascii	"ch_list_t\000"
 7072      6973745F 
 7072      7400
 7073              	.LASF353:
 7074 01e0 63685379 		.ascii	"chSysLock\000"
 7074      734C6F63 
 7074      6B00
 7075              	.LASF192:
 7076 01ea 65776D61 		.ascii	"ewmask\000"
 7076      736B00
 7077              	.LASF260:
 7078 01f1 74786275 		.ascii	"txbuf\000"
 7078      6600
 7079              	.LASF73:
 7080 01f7 70726576 		.ascii	"prev\000"
 7080      00
 7081              	.LASF150:
 7082 01fc 41484232 		.ascii	"AHB2LPENR\000"
 7082      4C50454E 
 7082      5200
 7083              	.LASF264:
 7084 0206 6572726F 		.ascii	"error_repeats\000"
 7084      725F7265 
 7084      70656174 
 7084      7300
 7085              	.LASF141:
 7086 0214 41484234 		.ascii	"AHB4ENR\000"
 7086      454E5200 
 7087              	.LASF77:
ARM GAS  C:\Users\DEVELO~1\AppData\Local\Temp\ccriN3Kt.s 			page 130


 7088 021c 63685F64 		.ascii	"ch_delta_list_t\000"
 7088      656C7461 
 7088      5F6C6973 
 7088      745F7400 
 7089              	.LASF332:
 7090 022c 73616931 		.ascii	"sai1src\000"
 7090      73726300 
 7091              	.LASF69:
 7092 0234 63685F6C 		.ascii	"ch_list\000"
 7092      69737400 
 7093              	.LASF302:
 7094 023c 61756469 		.ascii	"audio_sai_error_count\000"
 7094      6F5F7361 
 7094      695F6572 
 7094      726F725F 
 7094      636F756E 
 7095              	.LASF289:
 7096 0252 73706565 		.ascii	"speed\000"
 7096      6400
 7097              	.LASF294:
 7098 0258 77726974 		.ascii	"writet\000"
 7098      657400
 7099              	.LASF142:
 7100 025f 41504233 		.ascii	"APB3ENR\000"
 7100      454E5200 
 7101              	.LASF61:
 7102 0267 63685F73 		.ascii	"ch_system_debug\000"
 7102      79737465 
 7102      6D5F6465 
 7102      62756700 
 7103              	.LASF296:
 7104 0277 61756469 		.ascii	"audio_tx_buffer\000"
 7104      6F5F7478 
 7104      5F627566 
 7104      66657200 
 7105              	.LASF167:
 7106 0287 47545052 		.ascii	"GTPR\000"
 7106      00
 7107              	.LASF358:
 7108 028c 433A5C50 		.ascii	"C:\\PROJET\\ChibiOS project\\ChibiOS_21.11.4\\demos"
 7108      524F4A45 
 7108      545C4368 
 7108      6962694F 
 7108      53207072 
 7109 02bb 5C53544D 		.ascii	"\\STM32\\RT-STM32H743ZI_REV_XY-NUCLEO144\000"
 7109      33325C52 
 7109      542D5354 
 7109      4D333248 
 7109      3734335A 
 7110              	.LASF164:
 7111 02e2 534C4F54 		.ascii	"SLOTR\000"
 7111      5200
 7112              	.LASF184:
 7113 02e8 6C697374 		.ascii	"list\000"
 7113      00
 7114              	.LASF349:
 7115 02ed 7361695F 		.ascii	"sai_tx_end_cb\000"
ARM GAS  C:\Users\DEVELO~1\AppData\Local\Temp\ccriN3Kt.s 			page 131


 7115      74785F65 
 7115      6E645F63 
 7115      6200
 7116              	.LASF257:
 7117 02fb 646D6174 		.ascii	"dmatx\000"
 7117      7800
 7118              	.LASF283:
 7119 0301 69717565 		.ascii	"iqueue\000"
 7119      756500
 7120              	.LASF78:
 7121 0308 63685F64 		.ascii	"ch_delta_list\000"
 7121      656C7461 
 7121      5F6C6973 
 7121      7400
 7122              	.LASF356:
 7123 0316 474E5520 		.ascii	"GNU C17 11.3.1 20220712 -mcpu=cortex-m7 -mthumb -mf"
 7123      43313720 
 7123      31312E33 
 7123      2E312032 
 7123      30323230 
 7124 0349 6C6F6174 		.ascii	"loat-abi=soft -march=armv7e-m -ggdb -O0 -ffunction-"
 7124      2D616269 
 7124      3D736F66 
 7124      74202D6D 
 7124      61726368 
 7125 037c 73656374 		.ascii	"sections -fdata-sections -fno-common\000"
 7125      696F6E73 
 7125      202D6664 
 7125      6174612D 
 7125      73656374 
 7126              	.LASF226:
 7127 03a1 715F7761 		.ascii	"q_waiting\000"
 7127      6974696E 
 7127      6700
 7128              	.LASF189:
 7129 03ab 73656E74 		.ascii	"sentmsg\000"
 7129      6D736700 
 7130              	.LASF28:
 7131 03b3 6576656E 		.ascii	"eventmask_t\000"
 7131      746D6173 
 7131      6B5F7400 
 7132              	.LASF290:
 7133 03bf 53657269 		.ascii	"SerialConfig\000"
 7133      616C436F 
 7133      6E666967 
 7133      00
 7134              	.LASF214:
 7135 03cc 69666372 		.ascii	"ifcr\000"
 7135      00
 7136              	.LASF322:
 7137 03d1 6F747970 		.ascii	"otyper\000"
 7137      657200
 7138              	.LASF87:
 7139 03d8 74726163 		.ascii	"trace_event_t\000"
 7139      655F6576 
 7139      656E745F 
 7139      7400
ARM GAS  C:\Users\DEVELO~1\AppData\Local\Temp\ccriN3Kt.s 			page 132


 7140              	.LASF215:
 7141 03e6 73686966 		.ascii	"shift\000"
 7141      7400
 7142              	.LASF337:
 7143 03ec 66726163 		.ascii	"fracr\000"
 7143      7200
 7144              	.LASF282:
 7145 03f2 6576656E 		.ascii	"event\000"
 7145      7400
 7146              	.LASF193:
 7147 03f8 63685F73 		.ascii	"ch_semaphore\000"
 7147      656D6170 
 7147      686F7265 
 7147      00
 7148              	.LASF139:
 7149 0405 41484231 		.ascii	"AHB1ENR\000"
 7149      454E5200 
 7150              	.LASF26:
 7151 040d 74707269 		.ascii	"tprio_t\000"
 7151      6F5F7400 
 7152              	.LASF41:
 7153 0415 6D736771 		.ascii	"msgqueue\000"
 7153      75657565 
 7153      00
 7154              	.LASF347:
 7155 041e 68616C66 		.ascii	"half\000"
 7155      00
 7156              	.LASF86:
 7157 0423 74696D65 		.ascii	"time\000"
 7157      00
 7158              	.LASF120:
 7159 0428 43494552 		.ascii	"CIER\000"
 7159      00
 7160              	.LASF203:
 7161 042d 6F735F69 		.ascii	"os_instance_config_t\000"
 7161      6E737461 
 7161      6E63655F 
 7161      636F6E66 
 7161      69675F74 
 7162              	.LASF269:
 7163 0442 656E645F 		.ascii	"end_cb\000"
 7163      636200
 7164              	.LASF250:
 7165 0449 5341495F 		.ascii	"SAI_ACTIVE\000"
 7165      41435449 
 7165      564500
 7166              	.LASF270:
 7167 0454 66726372 		.ascii	"frcr\000"
 7167      00
 7168              	.LASF82:
 7169 0459 68616C74 		.ascii	"halt\000"
 7169      00
 7170              	.LASF15:
 7171 045e 6C6F6E67 		.ascii	"long long unsigned int\000"
 7171      206C6F6E 
 7171      6720756E 
 7171      7369676E 
ARM GAS  C:\Users\DEVELO~1\AppData\Local\Temp\ccriN3Kt.s 			page 133


 7171      65642069 
 7172              	.LASF306:
 7173 0475 73616953 		.ascii	"saiStartExchange\000"
 7173      74617274 
 7173      45786368 
 7173      616E6765 
 7173      00
 7174              	.LASF81:
 7175 0486 72656173 		.ascii	"reason\000"
 7175      6F6E00
 7176              	.LASF345:
 7177 048d 7263635F 		.ascii	"rcc_get_pll_source_hz\000"
 7177      6765745F 
 7177      706C6C5F 
 7177      736F7572 
 7177      63655F68 
 7178              	.LASF217:
 7179 04a3 76656374 		.ascii	"vector\000"
 7179      6F7200
 7180              	.LASF327:
 7181 04aa 7065345F 		.ascii	"pe4_af\000"
 7181      616600
 7182              	.LASF211:
 7183 04b1 6576656E 		.ascii	"event_source_t\000"
 7183      745F736F 
 7183      75726365 
 7183      5F7400
 7184              	.LASF185:
 7185 04c0 70717565 		.ascii	"pqueue\000"
 7185      756500
 7186              	.LASF8:
 7187 04c7 5F5F7569 		.ascii	"__uint16_t\000"
 7187      6E743136 
 7187      5F7400
 7188              	.LASF30:
 7189 04d2 636E745F 		.ascii	"cnt_t\000"
 7189      7400
 7190              	.LASF169:
 7191 04d8 50524553 		.ascii	"PRESC\000"
 7191      4300
 7192              	.LASF238:
 7193 04de 4D4F4445 		.ascii	"MODER\000"
 7193      5200
 7194              	.LASF266:
 7195 04e4 68616C5F 		.ascii	"hal_sai_config\000"
 7195      7361695F 
 7195      636F6E66 
 7195      696700
 7196              	.LASF316:
 7197 04f3 73616970 		.ascii	"saip\000"
 7197      00
 7198              	.LASF352:
 7199 04f8 63685379 		.ascii	"chSysUnlock\000"
 7199      73556E6C 
 7199      6F636B00 
 7200              	.LASF350:
 7201 0504 6F73616C 		.ascii	"osalSysUnlock\000"
ARM GAS  C:\Users\DEVELO~1\AppData\Local\Temp\ccriN3Kt.s 			page 134


 7201      53797355 
 7201      6E6C6F63 
 7201      6B00
 7202              	.LASF245:
 7203 0512 41465248 		.ascii	"AFRH\000"
 7203      00
 7204              	.LASF246:
 7205 0517 73746D33 		.ascii	"stm32_gpio_t\000"
 7205      325F6770 
 7205      696F5F74 
 7205      00
 7206              	.LASF34:
 7207 0524 6F776E65 		.ascii	"owner\000"
 7207      7200
 7208              	.LASF126:
 7209 052a 41484233 		.ascii	"AHB3RSTR\000"
 7209      52535452 
 7209      00
 7210              	.LASF200:
 7211 0533 6D61696E 		.ascii	"mainthread_end\000"
 7211      74687265 
 7211      61645F65 
 7211      6E6400
 7212              	.LASF183:
 7213 0542 74687265 		.ascii	"threads_queue_t\000"
 7213      6164735F 
 7213      71756575 
 7213      655F7400 
 7214              	.LASF237:
 7215 0552 636C6561 		.ascii	"clear\000"
 7215      7200
 7216              	.LASF43:
 7217 0558 6D74786C 		.ascii	"mtxlist\000"
 7217      69737400 
 7218              	.LASF173:
 7219 0560 63685F76 		.ascii	"ch_virtual_timers_list\000"
 7219      69727475 
 7219      616C5F74 
 7219      696D6572 
 7219      735F6C69 
 7220              	.LASF53:
 7221 0577 72666375 		.ascii	"rfcu\000"
 7221      00
 7222              	.LASF363:
 7223 057c 62617365 		.ascii	"basePri\000"
 7223      50726900 
 7224              	.LASF32:
 7225 0584 74687265 		.ascii	"thread_t\000"
 7225      61645F74 
 7225      00
 7226              	.LASF331:
 7227 058d 73616931 		.ascii	"sai1sel\000"
 7227      73656C00 
 7228              	.LASF83:
 7229 0595 75736572 		.ascii	"user\000"
 7229      00
 7230              	.LASF292:
ARM GAS  C:\Users\DEVELO~1\AppData\Local\Temp\ccriN3Kt.s 			page 135


 7231 059a 70757474 		.ascii	"putt\000"
 7231      00
 7232              	.LASF156:
 7233 059f 41504234 		.ascii	"APB4LPENR\000"
 7233      4C50454E 
 7233      5200
 7234              	.LASF4:
 7235 05a9 73697A65 		.ascii	"size_t\000"
 7235      5F7400
 7236              	.LASF186:
 7237 05b0 7264796D 		.ascii	"rdymsg\000"
 7237      736700
 7238              	.LASF160:
 7239 05b7 50444D43 		.ascii	"PDMCR\000"
 7239      5200
 7240              	.LASF336:
 7241 05bd 64697672 		.ascii	"divr\000"
 7241      00
 7242              	.LASF74:
 7243 05c2 63685F70 		.ascii	"ch_priority_queue_t\000"
 7243      72696F72 
 7243      6974795F 
 7243      71756575 
 7243      655F7400 
 7244              	.LASF279:
 7245 05d6 73647374 		.ascii	"sdstate_t\000"
 7245      6174655F 
 7245      7400
 7246              	.LASF247:
 7247 05e0 5341495F 		.ascii	"SAI_UNINIT\000"
 7247      554E494E 
 7247      495400
 7248              	.LASF212:
 7249 05eb 5F426F6F 		.ascii	"_Bool\000"
 7249      6C00
 7250              	.LASF277:
 7251 05f1 53445F53 		.ascii	"SD_STOP\000"
 7251      544F5000 
 7252              	.LASF241:
 7253 05f9 50555044 		.ascii	"PUPDR\000"
 7253      5200
 7254              	.LASF134:
 7255 05ff 41504234 		.ascii	"APB4RSTR\000"
 7255      52535452 
 7255      00
 7256              	.LASF58:
 7257 0608 63685F72 		.ascii	"ch_rfcu\000"
 7257      66637500 
 7258              	.LASF319:
 7259 0610 64756D70 		.ascii	"dump_sai_registers\000"
 7259      5F736169 
 7259      5F726567 
 7259      69737465 
 7259      727300
 7260              	.LASF194:
 7261 0623 63685F6D 		.ascii	"ch_mutex\000"
 7261      75746578 
ARM GAS  C:\Users\DEVELO~1\AppData\Local\Temp\ccriN3Kt.s 			page 136


 7261      00
 7262              	.LASF162:
 7263 062c 5341495F 		.ascii	"SAI_TypeDef\000"
 7263      54797065 
 7263      44656600 
 7264              	.LASF288:
 7265 0638 68616C5F 		.ascii	"hal_serial_config\000"
 7265      73657269 
 7265      616C5F63 
 7265      6F6E6669 
 7265      6700
 7266              	.LASF170:
 7267 064a 55534152 		.ascii	"USART_TypeDef\000"
 7267      545F5479 
 7267      70654465 
 7267      6600
 7268              	.LASF93:
 7269 0658 4D304152 		.ascii	"M0AR\000"
 7269      00
 7270              	.LASF48:
 7271 065d 63685F6F 		.ascii	"ch_os_instance\000"
 7271      735F696E 
 7271      7374616E 
 7271      636500
 7272              	.LASF138:
 7273 066c 41484233 		.ascii	"AHB3ENR\000"
 7273      454E5200 
 7274              	.LASF202:
 7275 0674 69646C65 		.ascii	"idlethread_end\000"
 7275      74687265 
 7275      61645F65 
 7275      6E6400
 7276              	.LASF244:
 7277 0683 4146524C 		.ascii	"AFRL\000"
 7277      00
 7278              	.LASF232:
 7279 0688 715F6E6F 		.ascii	"q_notify\000"
 7279      74696679 
 7279      00
 7280              	.LASF317:
 7281 0691 646D6173 		.ascii	"dmastp\000"
 7281      747000
 7282              	.LASF312:
 7283 0698 63687072 		.ascii	"chprintf\000"
 7283      696E7466 
 7283      00
 7284              	.LASF251:
 7285 06a1 73616973 		.ascii	"saistate_t\000"
 7285      74617465 
 7285      5F7400
 7286              	.LASF342:
 7287 06ac 715F687A 		.ascii	"q_hz\000"
 7287      00
 7288              	.LASF286:
 7289 06b1 636C6F63 		.ascii	"clock\000"
 7289      6B00
 7290              	.LASF65:
ARM GAS  C:\Users\DEVELO~1\AppData\Local\Temp\ccriN3Kt.s 			page 137


 7291 06b7 73797374 		.ascii	"systime_t\000"
 7291      696D655F 
 7291      7400
 7292              	.LASF267:
 7293 06c1 74785F62 		.ascii	"tx_buffer\000"
 7293      75666665 
 7293      7200
 7294              	.LASF223:
 7295 06cb 42617365 		.ascii	"BaseSequentialStream\000"
 7295      53657175 
 7295      656E7469 
 7295      616C5374 
 7295      7265616D 
 7296              	.LASF76:
 7297 06e0 7072696F 		.ascii	"prio\000"
 7297      00
 7298              	.LASF321:
 7299 06e5 6D6F6465 		.ascii	"moder\000"
 7299      7200
 7300              	.LASF231:
 7301 06eb 715F7264 		.ascii	"q_rdptr\000"
 7301      70747200 
 7302              	.LASF63:
 7303 06f3 63686172 		.ascii	"char\000"
 7303      00
 7304              	.LASF310:
 7305 06f8 63685379 		.ascii	"chSysInit\000"
 7305      73496E69 
 7305      7400
 7306              	.LASF307:
 7307 0702 73616953 		.ascii	"saiSetBuffers\000"
 7307      65744275 
 7307      66666572 
 7307      7300
 7308              	.LASF57:
 7309 0710 72666375 		.ascii	"rfcu_mask_t\000"
 7309      5F6D6173 
 7309      6B5F7400 
 7310              	.LASF329:
 7311 071c 7065365F 		.ascii	"pe6_af\000"
 7311      616600
 7312              	.LASF151:
 7313 0723 41484234 		.ascii	"AHB4LPENR\000"
 7313      4C50454E 
 7313      5200
 7314              	.LASF111:
 7315 072d 504C4C32 		.ascii	"PLL2FRACR\000"
 7315      46524143 
 7315      5200
 7316              	.LASF259:
 7317 0737 7478646D 		.ascii	"txdmamode\000"
 7317      616D6F64 
 7317      6500
 7318              	.LASF36:
 7319 0741 77616261 		.ascii	"wabase\000"
 7319      736500
 7320              	.LASF230:
ARM GAS  C:\Users\DEVELO~1\AppData\Local\Temp\ccriN3Kt.s 			page 138


 7321 0748 715F7772 		.ascii	"q_wrptr\000"
 7321      70747200 
 7322              	.LASF166:
 7323 0750 5341495F 		.ascii	"SAI_Block_TypeDef\000"
 7323      426C6F63 
 7323      6B5F5479 
 7323      70654465 
 7323      6600
 7324              	.LASF24:
 7325 0762 74737461 		.ascii	"tstate_t\000"
 7325      74655F74 
 7325      00
 7326              	.LASF103:
 7327 076b 44324346 		.ascii	"D2CFGR\000"
 7327      475200
 7328              	.LASF199:
 7329 0772 6D61696E 		.ascii	"mainthread_base\000"
 7329      74687265 
 7329      61645F62 
 7329      61736500 
 7330              	.LASF248:
 7331 0782 5341495F 		.ascii	"SAI_STOP\000"
 7331      53544F50 
 7331      00
 7332              	.LASF1:
 7333 078b 6C6F6E67 		.ascii	"long long int\000"
 7333      206C6F6E 
 7333      6720696E 
 7333      7400
 7334              	.LASF14:
 7335 0799 5F5F7569 		.ascii	"__uint64_t\000"
 7335      6E743634 
 7335      5F7400
 7336              	.LASF346:
 7337 07a4 66696C6C 		.ascii	"fill_half_buffer\000"
 7337      5F68616C 
 7337      665F6275 
 7337      66666572 
 7337      00
 7338              	.LASF117:
 7339 07b5 44324343 		.ascii	"D2CCIP2R\000"
 7339      49503252 
 7339      00
 7340              	.LASF16:
 7341 07be 75696E74 		.ascii	"uint8_t\000"
 7341      385F7400 
 7342              	.LASF168:
 7343 07c6 52544F52 		.ascii	"RTOR\000"
 7343      00
 7344              	.LASF235:
 7345 07cb 696E7075 		.ascii	"input_queue_t\000"
 7345      745F7175 
 7345      6575655F 
 7345      7400
 7346              	.LASF275:
 7347 07d9 53414944 		.ascii	"SAID1A\000"
 7347      314100
ARM GAS  C:\Users\DEVELO~1\AppData\Local\Temp\ccriN3Kt.s 			page 139


 7348              	.LASF313:
 7349 07e0 7361695F 		.ascii	"sai_flags\000"
 7349      666C6167 
 7349      7300
 7350              	.LASF110:
 7351 07ea 504C4C32 		.ascii	"PLL2DIVR\000"
 7351      44495652 
 7351      00
 7352              	.LASF213:
 7353 07f3 73747265 		.ascii	"stream\000"
 7353      616D00
 7354              	.LASF47:
 7355 07fa 63685F74 		.ascii	"ch_thread\000"
 7355      68726561 
 7355      6400
 7356              	.LASF285:
 7357 0804 75736172 		.ascii	"usart\000"
 7357      7400
 7358              	.LASF33:
 7359 080a 72717565 		.ascii	"rqueue\000"
 7359      756500
 7360              	.LASF64:
 7361 0811 73797374 		.ascii	"system_debug_t\000"
 7361      656D5F64 
 7361      65627567 
 7361      5F7400
 7362              	.LASF262:
 7363 0820 62756673 		.ascii	"bufsize\000"
 7363      697A6500 
 7364              	.LASF359:
 7365 0828 6D61696E 		.ascii	"main\000"
 7365      00
 7366              	.LASF182:
 7367 082d 63685F74 		.ascii	"ch_threads_queue\000"
 7367      68726561 
 7367      64735F71 
 7367      75657565 
 7367      00
 7368              	.LASF221:
 7369 083e 77726974 		.ascii	"write\000"
 7369      6500
 7370              	.LASF357:
 7371 0844 6D61696E 		.ascii	"main.c\000"
 7371      2E6300
 7372              	.LASF206:
 7373 084b 6576656E 		.ascii	"event_listener\000"
 7373      745F6C69 
 7373      7374656E 
 7373      657200
 7374              	.LASF304:
 7375 085a 7361695F 		.ascii	"sai_tx_config\000"
 7375      74785F63 
 7375      6F6E6669 
 7375      6700
 7376              	.LASF27:
 7377 0868 6D73675F 		.ascii	"msg_t\000"
 7377      7400
ARM GAS  C:\Users\DEVELO~1\AppData\Local\Temp\ccriN3Kt.s 			page 140


 7378              	.LASF324:
 7379 086e 70757064 		.ascii	"pupdr\000"
 7379      7200
 7380              	.LASF295:
 7381 0874 72656164 		.ascii	"readt\000"
 7381      7400
 7382              	.LASF180:
 7383 087a 72656769 		.ascii	"registry_t\000"
 7383      73747279 
 7383      5F7400
 7384              	.LASF318:
 7385 0885 64756D70 		.ascii	"dump_dma_registers\000"
 7385      5F646D61 
 7385      5F726567 
 7385      69737465 
 7385      727300
 7386              	.LASF339:
 7387 0898 7372635F 		.ascii	"src_hz\000"
 7387      687A00
 7388              	.LASF220:
 7389 089f 696E7374 		.ascii	"instance_offset\000"
 7389      616E6365 
 7389      5F6F6666 
 7389      73657400 
 7390              	.LASF236:
 7391 08af 6F757470 		.ascii	"output_queue_t\000"
 7391      75745F71 
 7391      75657565 
 7391      5F7400
 7392              	.LASF95:
 7393 08be 444D415F 		.ascii	"DMA_Stream_TypeDef\000"
 7393      53747265 
 7393      616D5F54 
 7393      79706544 
 7393      656600
 7394              	.LASF89:
 7395 08d1 73697A65 		.ascii	"size\000"
 7395      00
 7396              	.LASF263:
 7397 08d6 6572726F 		.ascii	"error_flags\000"
 7397      725F666C 
 7397      61677300 
 7398              	.LASF326:
 7399 08e2 61667268 		.ascii	"afrh\000"
 7399      00
 7400              	.LASF325:
 7401 08e7 6166726C 		.ascii	"afrl\000"
 7401      00
 7402              	.LASF59:
 7403 08ec 6D61736B 		.ascii	"mask\000"
 7403      00
 7404              	.LASF13:
 7405 08f1 6C6F6E67 		.ascii	"long unsigned int\000"
 7405      20756E73 
 7405      69676E65 
 7405      6420696E 
 7405      7400
ARM GAS  C:\Users\DEVELO~1\AppData\Local\Temp\ccriN3Kt.s 			page 141


 7406              	.LASF208:
 7407 0903 6576656E 		.ascii	"events\000"
 7407      747300
 7408              	.LASF66:
 7409 090a 73797369 		.ascii	"sysinterval_t\000"
 7409      6E746572 
 7409      76616C5F 
 7409      7400
 7410              	.LASF254:
 7411 0918 626C6F63 		.ascii	"blockp\000"
 7411      6B7000
 7412              	.LASF29:
 7413 091f 6576656E 		.ascii	"eventflags_t\000"
 7413      74666C61 
 7413      67735F74 
 7413      00
 7414              	.LASF62:
 7415 092c 70616E69 		.ascii	"panic_msg\000"
 7415      635F6D73 
 7415      6700
 7416              	.LASF136:
 7417 0936 4433414D 		.ascii	"D3AMR\000"
 7417      5200
 7418              	.LASF91:
 7419 093c 74726163 		.ascii	"trace_buffer_t\000"
 7419      655F6275 
 7419      66666572 
 7419      5F7400
 7420              	.LASF131:
 7421 094b 41504231 		.ascii	"APB1LRSTR\000"
 7421      4C525354 
 7421      5200
 7422              	.LASF23:
 7423 0955 746D6F64 		.ascii	"tmode_t\000"
 7423      655F7400 
 7424              	.LASF149:
 7425 095d 41484231 		.ascii	"AHB1LPENR\000"
 7425      4C50454E 
 7425      5200
 7426              	.LASF176:
 7427 0967 6C617374 		.ascii	"laststamp\000"
 7427      7374616D 
 7427      7000
 7428              	.LASF240:
 7429 0971 4F535045 		.ascii	"OSPEEDR\000"
 7429      45445200 
 7430              	.LASF9:
 7431 0979 73686F72 		.ascii	"short unsigned int\000"
 7431      7420756E 
 7431      7369676E 
 7431      65642069 
 7431      6E7400
 7432              	.LASF243:
 7433 098c 4C4F434B 		.ascii	"LOCKR\000"
 7433      5200
 7434              	.LASF2:
 7435 0992 6C6F6E67 		.ascii	"long double\000"
ARM GAS  C:\Users\DEVELO~1\AppData\Local\Temp\ccriN3Kt.s 			page 142


 7435      20646F75 
 7435      626C6500 
 7436              	.LASF333:
 7437 099e 73616931 		.ascii	"sai1clk\000"
 7437      636C6B00 
 7438              	.LASF284:
 7439 09a6 6F717565 		.ascii	"oqueue\000"
 7439      756500
 7440              	.LASF17:
 7441 09ad 75696E74 		.ascii	"uint16_t\000"
 7441      31365F74 
 7441      00
 7442              	.LASF314:
 7443 09b6 7361695F 		.ascii	"sai_repeats\000"
 7443      72657065 
 7443      61747300 
 7444              	.LASF128:
 7445 09c2 41484232 		.ascii	"AHB2RSTR\000"
 7445      52535452 
 7445      00
 7446              	.LASF320:
 7447 09cb 64756D70 		.ascii	"dump_gpioe_registers\000"
 7447      5F677069 
 7447      6F655F72 
 7447      65676973 
 7447      74657273 
 7448              	.LASF278:
 7449 09e0 53445F52 		.ascii	"SD_READY\000"
 7449      45414459 
 7449      00
 7450              	.LASF165:
 7451 09e9 434C5246 		.ascii	"CLRFR\000"
 7451      5200
 7452              	.LASF122:
 7453 09ef 43494352 		.ascii	"CICR\000"
 7453      00
 7454              	.LASF97:
 7455 09f4 48534943 		.ascii	"HSICFGR\000"
 7455      46475200 
 7456              	.LASF54:
 7457 09fc 636F6E66 		.ascii	"config\000"
 7457      696700
 7458              	.LASF96:
 7459 0a03 444D414D 		.ascii	"DMAMUX_Channel_TypeDef\000"
 7459      55585F43 
 7459      68616E6E 
 7459      656C5F54 
 7459      79706544 
 7460              	.LASF159:
 7461 0a1a 52455345 		.ascii	"RESERVED0\000"
 7461      52564544 
 7461      3000
 7462              	.LASF101:
 7463 0a24 52455345 		.ascii	"RESERVED1\000"
 7463      52564544 
 7463      3100
 7464              	.LASF105:
ARM GAS  C:\Users\DEVELO~1\AppData\Local\Temp\ccriN3Kt.s 			page 143


 7465 0a2e 52455345 		.ascii	"RESERVED2\000"
 7465      52564544 
 7465      3200
 7466              	.LASF287:
 7467 0a38 72786D61 		.ascii	"rxmask\000"
 7467      736B00
 7468              	.LASF119:
 7469 0a3f 52455345 		.ascii	"RESERVED4\000"
 7469      52564544 
 7469      3400
 7470              	.LASF123:
 7471 0a49 52455345 		.ascii	"RESERVED5\000"
 7471      52564544 
 7471      3500
 7472              	.LASF233:
 7473 0a53 715F6C69 		.ascii	"q_link\000"
 7473      6E6B00
 7474              	.LASF7:
 7475 0a5a 73686F72 		.ascii	"short int\000"
 7475      7420696E 
 7475      7400
 7476              	.LASF135:
 7477 0a64 52455345 		.ascii	"RESERVED8\000"
 7477      52564544 
 7477      3800
 7478              	.LASF209:
 7479 0a6e 77666C61 		.ascii	"wflags\000"
 7479      677300
 7480              	.LASF152:
 7481 0a75 41504233 		.ascii	"APB3LPENR\000"
 7481      4C50454E 
 7481      5200
 7482              	.LASF171:
 7483 0a7f 706F7274 		.ascii	"port_intctx\000"
 7483      5F696E74 
 7483      63747800 
 7484              	.LASF130:
 7485 0a8b 41504233 		.ascii	"APB3RSTR\000"
 7485      52535452 
 7485      00
 7486              	.LASF21:
 7487 0a94 706F7274 		.ascii	"port_stkalign_t\000"
 7487      5F73746B 
 7487      616C6967 
 7487      6E5F7400 
 7488              	.LASF272:
 7489 0aa4 646D615F 		.ascii	"dma_mode\000"
 7489      6D6F6465 
 7489      00
 7490              	.LASF145:
 7491 0aad 41504232 		.ascii	"APB2ENR\000"
 7491      454E5200 
 7492              	.LASF239:
 7493 0ab5 4F545950 		.ascii	"OTYPER\000"
 7493      455200
 7494              	.LASF161:
 7495 0abc 50444D44 		.ascii	"PDMDLY\000"
ARM GAS  C:\Users\DEVELO~1\AppData\Local\Temp\ccriN3Kt.s 			page 144


 7495      4C5900
 7496              	.LASF362:
 7497 0ac3 5F5F7365 		.ascii	"__set_BASEPRI\000"
 7497      745F4241 
 7497      53455052 
 7497      4900
 7498              	.LASF198:
 7499 0ad1 63685F6F 		.ascii	"ch_os_instance_config\000"
 7499      735F696E 
 7499      7374616E 
 7499      63655F63 
 7499      6F6E6669 
 7500              	.LASF174:
 7501 0ae7 646C6973 		.ascii	"dlist\000"
 7501      7400
 7502              	.LASF175:
 7503 0aed 6C617374 		.ascii	"lasttime\000"
 7503      74696D65 
 7503      00
 7504              	.LASF20:
 7505 0af6 75696E74 		.ascii	"uint64_t\000"
 7505      36345F74 
 7505      00
 7506              	.LASF115:
 7507 0aff 44314343 		.ascii	"D1CCIPR\000"
 7507      49505200 
 7508              	.LASF311:
 7509 0b07 68616C49 		.ascii	"halInit\000"
 7509      6E697400 
 7510              	.LASF100:
 7511 0b0f 43464752 		.ascii	"CFGR\000"
 7511      00
 7512              	.LASF49:
 7513 0b14 726C6973 		.ascii	"rlist\000"
 7513      7400
 7514              	.LASF255:
 7515 0b1a 626C6F63 		.ascii	"block\000"
 7515      6B00
 7516              	.LASF344:
 7517 0b20 7361695F 		.ascii	"sai_fifo_level_name\000"
 7517      6669666F 
 7517      5F6C6576 
 7517      656C5F6E 
 7517      616D6500 
 7518              	.LASF146:
 7519 0b34 41504234 		.ascii	"APB4ENR\000"
 7519      454E5200 
 7520              	.LASF5:
 7521 0b3c 5F5F7569 		.ascii	"__uint8_t\000"
 7521      6E74385F 
 7521      7400
 7522              	.LASF252:
 7523 0b46 53414944 		.ascii	"SAIDriver\000"
 7523      72697665 
 7523      7200
 7524              	.LASF298:
 7525 0b50 74657374 		.ascii	"test_phase\000"
ARM GAS  C:\Users\DEVELO~1\AppData\Local\Temp\ccriN3Kt.s 			page 145


 7525      5F706861 
 7525      736500
 7526              	.LASF297:
 7527 0b5b 73657263 		.ascii	"sercfg\000"
 7527      666700
 7528              	.LASF222:
 7529 0b62 72656164 		.ascii	"read\000"
 7529      00
 7530              	.LASF340:
 7531 0b67 7265665F 		.ascii	"ref_hz\000"
 7531      687A00
 7532              	.LASF335:
 7533 0b6e 6469766D 		.ascii	"divm\000"
 7533      00
 7534              	.LASF276:
 7535 0b73 53445F55 		.ascii	"SD_UNINIT\000"
 7535      4E494E49 
 7535      5400
 7536              	.LASF106:
 7537 0b7d 504C4C43 		.ascii	"PLLCKSELR\000"
 7537      4B53454C 
 7537      5200
 7538              	.LASF144:
 7539 0b87 41504231 		.ascii	"APB1HENR\000"
 7539      48454E52 
 7539      00
 7540              	.LASF94:
 7541 0b90 4D314152 		.ascii	"M1AR\000"
 7541      00
 7542              	.LASF227:
 7543 0b95 715F636F 		.ascii	"q_counter\000"
 7543      756E7465 
 7543      7200
 7544              	.LASF293:
 7545 0b9f 67657474 		.ascii	"gett\000"
 7545      00
 7546              	.LASF229:
 7547 0ba4 715F746F 		.ascii	"q_top\000"
 7547      7000
 7548              	.LASF148:
 7549 0baa 41484233 		.ascii	"AHB3LPENR\000"
 7549      4C50454E 
 7549      5200
 7550              	.LASF109:
 7551 0bb4 504C4C31 		.ascii	"PLL1FRACR\000"
 7551      46524143 
 7551      5200
 7552              	.LASF25:
 7553 0bbe 74726566 		.ascii	"trefs_t\000"
 7553      735F7400 
 7554              	.LASF102:
 7555 0bc6 44314346 		.ascii	"D1CFGR\000"
 7555      475200
 7556              	.LASF205:
 7557 0bcd 6576656E 		.ascii	"event_listener_t\000"
 7557      745F6C69 
 7557      7374656E 
ARM GAS  C:\Users\DEVELO~1\AppData\Local\Temp\ccriN3Kt.s 			page 146


 7557      65725F74 
 7557      00
 7558              	.LASF197:
 7559 0bde 72656164 		.ascii	"ready_list_t\000"
 7559      795F6C69 
 7559      73745F74 
 7559      00
 7560              	.LASF85:
 7561 0beb 72747374 		.ascii	"rtstamp\000"
 7561      616D7000 
 7562              	.LASF179:
 7563 0bf3 71756575 		.ascii	"queue\000"
 7563      6500
 7564              	.LASF351:
 7565 0bf9 6F73616C 		.ascii	"osalSysLock\000"
 7565      5379734C 
 7565      6F636B00 
 7566              	.LASF140:
 7567 0c05 41484232 		.ascii	"AHB2ENR\000"
 7567      454E5200 
 7568              	.LASF18:
 7569 0c0d 696E7433 		.ascii	"int32_t\000"
 7569      325F7400 
 7570              	.LASF60:
 7571 0c15 72666375 		.ascii	"rfcu_t\000"
 7571      5F7400
 7572              	.LASF341:
 7573 0c1c 705F687A 		.ascii	"p_hz\000"
 7573      00
 7574              	.LASF56:
 7575 0c21 74726163 		.ascii	"trace_buffer\000"
 7575      655F6275 
 7575      66666572 
 7575      00
 7576              	.LASF190:
 7577 0c2e 77747365 		.ascii	"wtsemp\000"
 7577      6D7000
 7578              	.LASF75:
 7579 0c35 63685F70 		.ascii	"ch_priority_queue\000"
 7579      72696F72 
 7579      6974795F 
 7579      71756575 
 7579      6500
 7580              	.LASF348:
 7581 0c47 73616D70 		.ascii	"sample\000"
 7581      6C6500
 7582              	.LASF108:
 7583 0c4e 504C4C31 		.ascii	"PLL1DIVR\000"
 7583      44495652 
 7583      00
 7584              	.LASF268:
 7585 0c57 72785F62 		.ascii	"rx_buffer\000"
 7585      75666665 
 7585      7200
 7586              	.LASF124:
 7587 0c61 42444352 		.ascii	"BDCR\000"
 7587      00
ARM GAS  C:\Users\DEVELO~1\AppData\Local\Temp\ccriN3Kt.s 			page 147


 7588              	.LASF72:
 7589 0c66 63685F71 		.ascii	"ch_queue\000"
 7589      75657565 
 7589      00
 7590              	.LASF204:
 7591 0c6f 6D757465 		.ascii	"mutex_t\000"
 7591      785F7400 
 7592              	.LASF271:
 7593 0c77 736C6F74 		.ascii	"slotr\000"
 7593      7200
 7594              	.LASF84:
 7595 0c7d 74797065 		.ascii	"type\000"
 7595      00
 7596              	.LASF6:
 7597 0c82 756E7369 		.ascii	"unsigned char\000"
 7597      676E6564 
 7597      20636861 
 7597      7200
 7598              	.LASF99:
 7599 0c90 43534943 		.ascii	"CSICFGR\000"
 7599      46475200 
 7600              	.LASF12:
 7601 0c98 5F5F7569 		.ascii	"__uint32_t\000"
 7601      6E743332 
 7601      5F7400
 7602              	.LASF330:
 7603 0ca3 64756D70 		.ascii	"dump_rcc_clocks\000"
 7603      5F726363 
 7603      5F636C6F 
 7603      636B7300 
 7604              	.LASF40:
 7605 0cb3 77616974 		.ascii	"waiting\000"
 7605      696E6700 
 7606              	.LASF328:
 7607 0cbb 7065355F 		.ascii	"pe5_af\000"
 7607      616600
 7608              	.LASF177:
 7609 0cc2 76697274 		.ascii	"virtual_timers_list_t\000"
 7609      75616C5F 
 7609      74696D65 
 7609      72735F6C 
 7609      6973745F 
 7610              	.LASF258:
 7611 0cd8 7278646D 		.ascii	"rxdmamode\000"
 7611      616D6F64 
 7611      6500
 7612              	.LASF121:
 7613 0ce2 43494652 		.ascii	"CIFR\000"
 7613      00
 7614              	.LASF305:
 7615 0ce7 63685468 		.ascii	"chThdSleep\000"
 7615      64536C65 
 7615      657000
 7616              	.LASF343:
 7617 0cf2 725F687A 		.ascii	"r_hz\000"
 7617      00
 7618              	.LASF137:
ARM GAS  C:\Users\DEVELO~1\AppData\Local\Temp\ccriN3Kt.s 			page 148


 7619 0cf7 52455345 		.ascii	"RESERVED11\000"
 7619      52564544 
 7619      313100
 7620              	.LASF147:
 7621 0d02 52455345 		.ascii	"RESERVED12\000"
 7621      52564544 
 7621      313200
 7622              	.LASF157:
 7623 0d0d 52455345 		.ascii	"RESERVED13\000"
 7623      52564544 
 7623      313300
 7624              	.LASF303:
 7625 0d18 61756469 		.ascii	"audio_sai_error_repeats\000"
 7625      6F5F7361 
 7625      695F6572 
 7625      726F725F 
 7625      72657065 
 7626              	.LASF55:
 7627 0d30 6D61696E 		.ascii	"mainthread\000"
 7627      74687265 
 7627      616400
 7628              	.LASF37:
 7629 0d3b 73746174 		.ascii	"state\000"
 7629      6500
 7630              	.LASF46:
 7631 0d41 6F735F69 		.ascii	"os_instance_t\000"
 7631      6E737461 
 7631      6E63655F 
 7631      7400
 7632              	.LASF51:
 7633 0d4f 7265676C 		.ascii	"reglist\000"
 7633      69737400 
 7634              	.LASF118:
 7635 0d57 44334343 		.ascii	"D3CCIPR\000"
 7635      49505200 
 7636              	.LASF201:
 7637 0d5f 69646C65 		.ascii	"idlethread_base\000"
 7637      74687265 
 7637      61645F62 
 7637      61736500 
 7638              	.LASF3:
 7639 0d6f 7369676E 		.ascii	"signed char\000"
 7639      65642063 
 7639      68617200 
 7640              	.LASF360:
 7641 0d7b 7361695F 		.ascii	"sai_dma_error_hook\000"
 7641      646D615F 
 7641      6572726F 
 7641      725F686F 
 7641      6F6B00
 7642              	.LASF79:
 7643 0d8e 64656C74 		.ascii	"delta\000"
 7643      6100
 7644              	.LASF225:
 7645 0d94 696F5F71 		.ascii	"io_queue\000"
 7645      75657565 
 7645      00
ARM GAS  C:\Users\DEVELO~1\AppData\Local\Temp\ccriN3Kt.s 			page 149


 7646              	.LASF98:
 7647 0d9d 43525243 		.ascii	"CRRCR\000"
 7647      5200
 7648              	.LASF291:
 7649 0da3 53657269 		.ascii	"SerialDriverVMT\000"
 7649      616C4472 
 7649      69766572 
 7649      564D5400 
 7650              	.LASF22:
 7651 0db3 73746B61 		.ascii	"stkalign_t\000"
 7651      6C69676E 
 7651      5F7400
 7652              	.LASF218:
 7653 0dbe 73746D33 		.ascii	"stm32_dma_stream_t\000"
 7653      325F646D 
 7653      615F7374 
 7653      7265616D 
 7653      5F7400
 7654              	.LASF301:
 7655 0dd1 61756469 		.ascii	"audio_dma_error_count\000"
 7655      6F5F646D 
 7655      615F6572 
 7655      726F725F 
 7655      636F756E 
 7656              	.LASF196:
 7657 0de7 63757272 		.ascii	"current\000"
 7657      656E7400 
 7658              	.LASF361:
 7659 0def 5F5F6675 		.ascii	"__func__\000"
 7659      6E635F5F 
 7659      00
 7660              	.LASF129:
 7661 0df8 41484234 		.ascii	"AHB4RSTR\000"
 7661      52535452 
 7661      00
 7662              	.LASF354:
 7663 0e01 706F7274 		.ascii	"port_unlock\000"
 7663      5F756E6C 
 7663      6F636B00 
 7664              	.LASF265:
 7665 0e0d 53414943 		.ascii	"SAIConfig\000"
 7665      6F6E6669 
 7665      6700
 7666              	.LASF67:
 7667 0e17 74696D65 		.ascii	"time_conv_t\000"
 7667      5F636F6E 
 7667      765F7400 
 7668              	.LASF308:
 7669 0e23 73616953 		.ascii	"saiStart\000"
 7669      74617274 
 7669      00
 7670              	.LASF114:
 7671 0e2c 52455345 		.ascii	"RESERVED3\000"
 7671      52564544 
 7671      3300
 7672              	.LASF163:
 7673 0e36 46524352 		.ascii	"FRCR\000"
ARM GAS  C:\Users\DEVELO~1\AppData\Local\Temp\ccriN3Kt.s 			page 150


 7673      00
 7674              	.LASF125:
 7675 0e3b 52455345 		.ascii	"RESERVED6\000"
 7675      52564544 
 7675      3600
 7676              	.LASF323:
 7677 0e45 6F737065 		.ascii	"ospeedr\000"
 7677      65647200 
 7678              	.LASF300:
 7679 0e4d 61756469 		.ascii	"audio_tc_count\000"
 7679      6F5F7463 
 7679      5F636F75 
 7679      6E7400
 7680              	.LASF154:
 7681 0e5c 41504231 		.ascii	"APB1HLPENR\000"
 7681      484C5045 
 7681      4E5200
 7682              	.LASF188:
 7683 0e67 77747472 		.ascii	"wttrp\000"
 7683      7000
 7684              	.LASF191:
 7685 0e6d 77746D74 		.ascii	"wtmtxp\000"
 7685      787000
 7686              	.LASF253:
 7687 0e74 68616C5F 		.ascii	"hal_sai_driver\000"
 7687      7361695F 
 7687      64726976 
 7687      657200
 7688              	.LASF249:
 7689 0e83 5341495F 		.ascii	"SAI_READY\000"
 7689      52454144 
 7689      5900
 7690              	.LASF187:
 7691 0e8d 65786974 		.ascii	"exitcode\000"
 7691      636F6465 
 7691      00
 7692              	.LASF216:
 7693 0e96 73656C66 		.ascii	"selfindex\000"
 7693      696E6465 
 7693      7800
 7694              	.LASF143:
 7695 0ea0 41504231 		.ascii	"APB1LENR\000"
 7695      4C454E52 
 7695      00
 7696              	.LASF127:
 7697 0ea9 41484231 		.ascii	"AHB1RSTR\000"
 7697      52535452 
 7697      00
 7698              	.LASF31:
 7699 0eb2 636F7265 		.ascii	"core_id_t\000"
 7699      5F69645F 
 7699      7400
 7700              	.LASF228:
 7701 0ebc 715F6275 		.ascii	"q_buffer\000"
 7701      66666572 
 7701      00
 7702              	.LASF261:
ARM GAS  C:\Users\DEVELO~1\AppData\Local\Temp\ccriN3Kt.s 			page 151


 7703 0ec5 72786275 		.ascii	"rxbuf\000"
 7703      6600
 7704              	.LASF45:
 7705 0ecb 6D706F6F 		.ascii	"mpool\000"
 7705      6C00
 7706              	.LASF116:
 7707 0ed1 44324343 		.ascii	"D2CCIP1R\000"
 7707      49503152 
 7707      00
 7708              		.ident	"GCC: (Arm GNU Toolchain 11.3.Rel1) 11.3.1 20220712"
ARM GAS  C:\Users\DEVELO~1\AppData\Local\Temp\ccriN3Kt.s 			page 152


DEFINED SYMBOLS
                            *ABS*:00000000 main.c
C:\Users\DEVELO~1\AppData\Local\Temp\ccriN3Kt.s:18     .text.chSysLock:00000000 $t
C:\Users\DEVELO~1\AppData\Local\Temp\ccriN3Kt.s:23     .text.chSysLock:00000000 chSysLock
C:\Users\DEVELO~1\AppData\Local\Temp\ccriN3Kt.s:77     .text.chSysUnlock:00000000 $t
C:\Users\DEVELO~1\AppData\Local\Temp\ccriN3Kt.s:82     .text.chSysUnlock:00000000 chSysUnlock
C:\Users\DEVELO~1\AppData\Local\Temp\ccriN3Kt.s:133    .text.osalSysLock:00000000 $t
C:\Users\DEVELO~1\AppData\Local\Temp\ccriN3Kt.s:138    .text.osalSysLock:00000000 osalSysLock
C:\Users\DEVELO~1\AppData\Local\Temp\ccriN3Kt.s:160    .text.osalSysUnlock:00000000 $t
C:\Users\DEVELO~1\AppData\Local\Temp\ccriN3Kt.s:165    .text.osalSysUnlock:00000000 osalSysUnlock
C:\Users\DEVELO~1\AppData\Local\Temp\ccriN3Kt.s:186    .data.sercfg:00000000 $d
C:\Users\DEVELO~1\AppData\Local\Temp\ccriN3Kt.s:189    .data.sercfg:00000000 sercfg
C:\Users\DEVELO~1\AppData\Local\Temp\ccriN3Kt.s:195    .ram_d2:00000000 $d
C:\Users\DEVELO~1\AppData\Local\Temp\ccriN3Kt.s:198    .ram_d2:00000000 audio_tx_buffer
C:\Users\DEVELO~1\AppData\Local\Temp\ccriN3Kt.s:201    .bss.test_phase:00000000 $d
C:\Users\DEVELO~1\AppData\Local\Temp\ccriN3Kt.s:204    .bss.test_phase:00000000 test_phase
C:\Users\DEVELO~1\AppData\Local\Temp\ccriN3Kt.s:207    .bss.audio_ht_count:00000000 $d
C:\Users\DEVELO~1\AppData\Local\Temp\ccriN3Kt.s:210    .bss.audio_ht_count:00000000 audio_ht_count
C:\Users\DEVELO~1\AppData\Local\Temp\ccriN3Kt.s:213    .bss.audio_tc_count:00000000 $d
C:\Users\DEVELO~1\AppData\Local\Temp\ccriN3Kt.s:216    .bss.audio_tc_count:00000000 audio_tc_count
C:\Users\DEVELO~1\AppData\Local\Temp\ccriN3Kt.s:219    .bss.audio_dma_error_count:00000000 $d
C:\Users\DEVELO~1\AppData\Local\Temp\ccriN3Kt.s:222    .bss.audio_dma_error_count:00000000 audio_dma_error_count
C:\Users\DEVELO~1\AppData\Local\Temp\ccriN3Kt.s:225    .bss.audio_sai_error_count:00000000 $d
C:\Users\DEVELO~1\AppData\Local\Temp\ccriN3Kt.s:228    .bss.audio_sai_error_count:00000000 audio_sai_error_count
C:\Users\DEVELO~1\AppData\Local\Temp\ccriN3Kt.s:231    .bss.audio_sai_error_repeats:00000000 $d
C:\Users\DEVELO~1\AppData\Local\Temp\ccriN3Kt.s:234    .bss.audio_sai_error_repeats:00000000 audio_sai_error_repeats
C:\Users\DEVELO~1\AppData\Local\Temp\ccriN3Kt.s:237    .text.sai_dma_error_hook:00000000 $t
C:\Users\DEVELO~1\AppData\Local\Temp\ccriN3Kt.s:243    .text.sai_dma_error_hook:00000000 sai_dma_error_hook
C:\Users\DEVELO~1\AppData\Local\Temp\ccriN3Kt.s:279    .text.sai_dma_error_hook:0000001c $d
C:\Users\DEVELO~1\AppData\Local\Temp\ccriN3Kt.s:284    .rodata.sai_tx_config:00000000 $d
C:\Users\DEVELO~1\AppData\Local\Temp\ccriN3Kt.s:287    .rodata.sai_tx_config:00000000 sai_tx_config
C:\Users\DEVELO~1\AppData\Local\Temp\ccriN3Kt.s:304    .text.sai_tx_end_cb:00000000 sai_tx_end_cb
C:\Users\DEVELO~1\AppData\Local\Temp\ccriN3Kt.s:299    .text.sai_tx_end_cb:00000000 $t
C:\Users\DEVELO~1\AppData\Local\Temp\ccriN3Kt.s:369    .text.fill_half_buffer:00000000 fill_half_buffer
C:\Users\DEVELO~1\AppData\Local\Temp\ccriN3Kt.s:358    .text.sai_tx_end_cb:0000003c $d
C:\Users\DEVELO~1\AppData\Local\Temp\ccriN3Kt.s:364    .text.fill_half_buffer:00000000 $t
C:\Users\DEVELO~1\AppData\Local\Temp\ccriN3Kt.s:472    .text.fill_half_buffer:00000078 $d
C:\Users\DEVELO~1\AppData\Local\Temp\ccriN3Kt.s:478    .text.rcc_get_pll_source_hz:00000000 $t
C:\Users\DEVELO~1\AppData\Local\Temp\ccriN3Kt.s:483    .text.rcc_get_pll_source_hz:00000000 rcc_get_pll_source_hz
C:\Users\DEVELO~1\AppData\Local\Temp\ccriN3Kt.s:547    .text.rcc_get_pll_source_hz:00000044 $d
C:\Users\DEVELO~1\AppData\Local\Temp\ccriN3Kt.s:555    .rodata:00000000 $d
C:\Users\DEVELO~1\AppData\Local\Temp\ccriN3Kt.s:561    .text.pll_dump:00000000 $t
C:\Users\DEVELO~1\AppData\Local\Temp\ccriN3Kt.s:566    .text.pll_dump:00000000 pll_dump
C:\Users\DEVELO~1\AppData\Local\Temp\ccriN3Kt.s:805    .text.pll_dump:000001a8 $d
C:\Users\DEVELO~1\AppData\Local\Temp\ccriN3Kt.s:874    .text.dump_rcc_clocks:00000000 $t
C:\Users\DEVELO~1\AppData\Local\Temp\ccriN3Kt.s:879    .text.dump_rcc_clocks:00000000 dump_rcc_clocks
C:\Users\DEVELO~1\AppData\Local\Temp\ccriN3Kt.s:997    .text.dump_rcc_clocks:000000b4 $d
C:\Users\DEVELO~1\AppData\Local\Temp\ccriN3Kt.s:1002   .text.dump_rcc_clocks:000000c8 $t
C:\Users\DEVELO~1\AppData\Local\Temp\ccriN3Kt.s:1103   .text.dump_rcc_clocks:00000158 $d
C:\Users\DEVELO~1\AppData\Local\Temp\ccriN3Kt.s:1151   .text.dump_gpioe_registers:00000000 $t
C:\Users\DEVELO~1\AppData\Local\Temp\ccriN3Kt.s:1156   .text.dump_gpioe_registers:00000000 dump_gpioe_registers
C:\Users\DEVELO~1\AppData\Local\Temp\ccriN3Kt.s:1262   .text.dump_gpioe_registers:00000094 $d
C:\Users\DEVELO~1\AppData\Local\Temp\ccriN3Kt.s:1287   .text.dump_sai_registers:00000000 $t
C:\Users\DEVELO~1\AppData\Local\Temp\ccriN3Kt.s:1292   .text.dump_sai_registers:00000000 dump_sai_registers
C:\Users\DEVELO~1\AppData\Local\Temp\ccriN3Kt.s:1376   .text.dump_sai_registers:00000074 $d
C:\Users\DEVELO~1\AppData\Local\Temp\ccriN3Kt.s:1401   .text.dump_dma_registers:00000000 $t
C:\Users\DEVELO~1\AppData\Local\Temp\ccriN3Kt.s:1406   .text.dump_dma_registers:00000000 dump_dma_registers
ARM GAS  C:\Users\DEVELO~1\AppData\Local\Temp\ccriN3Kt.s 			page 153


C:\Users\DEVELO~1\AppData\Local\Temp\ccriN3Kt.s:1501   .text.dump_dma_registers:00000078 $d
C:\Users\DEVELO~1\AppData\Local\Temp\ccriN3Kt.s:1529   .text.sai_fifo_level_name:00000000 $t
C:\Users\DEVELO~1\AppData\Local\Temp\ccriN3Kt.s:1534   .text.sai_fifo_level_name:00000000 sai_fifo_level_name
C:\Users\DEVELO~1\AppData\Local\Temp\ccriN3Kt.s:1557   .text.sai_fifo_level_name:00000014 $d
C:\Users\DEVELO~1\AppData\Local\Temp\ccriN3Kt.s:1562   .text.sai_fifo_level_name:00000028 $t
C:\Users\DEVELO~1\AppData\Local\Temp\ccriN3Kt.s:1601   .text.sai_fifo_level_name:00000048 $d
C:\Users\DEVELO~1\AppData\Local\Temp\ccriN3Kt.s:1644   .text.main:00000000 $t
C:\Users\DEVELO~1\AppData\Local\Temp\ccriN3Kt.s:1650   .text.main:00000000 main
C:\Users\DEVELO~1\AppData\Local\Temp\ccriN3Kt.s:1876   .text.main:00000174 $d

UNDEFINED SYMBOLS
__aeabi_uldivmod
chprintf
SystemCoreClock
halInit
chSysInit
sdStart
saiStart
saiSetBuffers
saiStartExchange
chThdSleep
SD1
SAID1A
