ARM GAS  C:\Users\DEVELO~1\AppData\Local\Temp\ccZRP2cb.s 			page 1


   1              		.cpu cortex-m7
   2              		.arch armv7e-m
   3              		.fpu softvfp
   4              		.eabi_attribute 20, 1
   5              		.eabi_attribute 21, 1
   6              		.eabi_attribute 23, 3
   7              		.eabi_attribute 24, 1
   8              		.eabi_attribute 25, 1
   9              		.eabi_attribute 26, 1
  10              		.eabi_attribute 30, 6
  11              		.eabi_attribute 34, 1
  12              		.eabi_attribute 18, 4
  13              		.file	"stm32_isr.c"
  14              		.text
  15              	.Ltext0:
  16              		.cfi_sections	.debug_frame
  17              		.section	.text.exti0_irq_init,"ax",%progbits
  18              		.align	1
  19              		.syntax unified
  20              		.thumb
  21              		.thumb_func
  22              		.type	exti0_irq_init, %function
  23              	exti0_irq_init:
  24              	.LFB432:
  25              		.file 1 "../../../os/hal/ports/STM32/LLD/EXTIv1/stm32_exti0.inc"
  26              		.loc 1 55 41
  27              		.cfi_startproc
  28              		@ args = 0, pretend = 0, frame = 0
  29              		@ frame_needed = 1, uses_anonymous_args = 0
  30              		@ link register save eliminated.
  31 0000 80B4     		push	{r7}
  32              		.cfi_def_cfa_offset 4
  33              		.cfi_offset 7, -4
  34 0002 00AF     		add	r7, sp, #0
  35              		.cfi_def_cfa_register 7
  36              		.loc 1 59 1
  37 0004 00BF     		nop
  38 0006 BD46     		mov	sp, r7
  39              		.cfi_def_cfa_register 13
  40              		@ sp needed
  41 0008 80BC     		pop	{r7}
  42              		.cfi_restore 7
  43              		.cfi_def_cfa_offset 0
  44 000a 7047     		bx	lr
  45              		.cfi_endproc
  46              	.LFE432:
  47              		.size	exti0_irq_init, .-exti0_irq_init
  48              		.section	.text.exti0_irq_deinit,"ax",%progbits
  49              		.align	1
  50              		.syntax unified
  51              		.thumb
  52              		.thumb_func
  53              		.type	exti0_irq_deinit, %function
  54              	exti0_irq_deinit:
  55              	.LFB433:
  56              		.loc 1 61 43
  57              		.cfi_startproc
ARM GAS  C:\Users\DEVELO~1\AppData\Local\Temp\ccZRP2cb.s 			page 2


  58              		@ args = 0, pretend = 0, frame = 0
  59              		@ frame_needed = 1, uses_anonymous_args = 0
  60              		@ link register save eliminated.
  61 0000 80B4     		push	{r7}
  62              		.cfi_def_cfa_offset 4
  63              		.cfi_offset 7, -4
  64 0002 00AF     		add	r7, sp, #0
  65              		.cfi_def_cfa_register 7
  66              		.loc 1 65 1
  67 0004 00BF     		nop
  68 0006 BD46     		mov	sp, r7
  69              		.cfi_def_cfa_register 13
  70              		@ sp needed
  71 0008 80BC     		pop	{r7}
  72              		.cfi_restore 7
  73              		.cfi_def_cfa_offset 0
  74 000a 7047     		bx	lr
  75              		.cfi_endproc
  76              	.LFE433:
  77              		.size	exti0_irq_deinit, .-exti0_irq_deinit
  78              		.section	.text.exti1_irq_init,"ax",%progbits
  79              		.align	1
  80              		.syntax unified
  81              		.thumb
  82              		.thumb_func
  83              		.type	exti1_irq_init, %function
  84              	exti1_irq_init:
  85              	.LFB434:
  86              		.file 2 "../../../os/hal/ports/STM32/LLD/EXTIv1/stm32_exti1.inc"
  87              		.loc 2 55 41
  88              		.cfi_startproc
  89              		@ args = 0, pretend = 0, frame = 0
  90              		@ frame_needed = 1, uses_anonymous_args = 0
  91              		@ link register save eliminated.
  92 0000 80B4     		push	{r7}
  93              		.cfi_def_cfa_offset 4
  94              		.cfi_offset 7, -4
  95 0002 00AF     		add	r7, sp, #0
  96              		.cfi_def_cfa_register 7
  97              		.loc 2 59 1
  98 0004 00BF     		nop
  99 0006 BD46     		mov	sp, r7
 100              		.cfi_def_cfa_register 13
 101              		@ sp needed
 102 0008 80BC     		pop	{r7}
 103              		.cfi_restore 7
 104              		.cfi_def_cfa_offset 0
 105 000a 7047     		bx	lr
 106              		.cfi_endproc
 107              	.LFE434:
 108              		.size	exti1_irq_init, .-exti1_irq_init
 109              		.section	.text.exti1_irq_deinit,"ax",%progbits
 110              		.align	1
 111              		.syntax unified
 112              		.thumb
 113              		.thumb_func
 114              		.type	exti1_irq_deinit, %function
ARM GAS  C:\Users\DEVELO~1\AppData\Local\Temp\ccZRP2cb.s 			page 3


 115              	exti1_irq_deinit:
 116              	.LFB435:
 117              		.loc 2 61 43
 118              		.cfi_startproc
 119              		@ args = 0, pretend = 0, frame = 0
 120              		@ frame_needed = 1, uses_anonymous_args = 0
 121              		@ link register save eliminated.
 122 0000 80B4     		push	{r7}
 123              		.cfi_def_cfa_offset 4
 124              		.cfi_offset 7, -4
 125 0002 00AF     		add	r7, sp, #0
 126              		.cfi_def_cfa_register 7
 127              		.loc 2 65 1
 128 0004 00BF     		nop
 129 0006 BD46     		mov	sp, r7
 130              		.cfi_def_cfa_register 13
 131              		@ sp needed
 132 0008 80BC     		pop	{r7}
 133              		.cfi_restore 7
 134              		.cfi_def_cfa_offset 0
 135 000a 7047     		bx	lr
 136              		.cfi_endproc
 137              	.LFE435:
 138              		.size	exti1_irq_deinit, .-exti1_irq_deinit
 139              		.section	.text.exti2_irq_init,"ax",%progbits
 140              		.align	1
 141              		.syntax unified
 142              		.thumb
 143              		.thumb_func
 144              		.type	exti2_irq_init, %function
 145              	exti2_irq_init:
 146              	.LFB436:
 147              		.file 3 "../../../os/hal/ports/STM32/LLD/EXTIv1/stm32_exti2.inc"
 148              		.loc 3 55 41
 149              		.cfi_startproc
 150              		@ args = 0, pretend = 0, frame = 0
 151              		@ frame_needed = 1, uses_anonymous_args = 0
 152              		@ link register save eliminated.
 153 0000 80B4     		push	{r7}
 154              		.cfi_def_cfa_offset 4
 155              		.cfi_offset 7, -4
 156 0002 00AF     		add	r7, sp, #0
 157              		.cfi_def_cfa_register 7
 158              		.loc 3 59 1
 159 0004 00BF     		nop
 160 0006 BD46     		mov	sp, r7
 161              		.cfi_def_cfa_register 13
 162              		@ sp needed
 163 0008 80BC     		pop	{r7}
 164              		.cfi_restore 7
 165              		.cfi_def_cfa_offset 0
 166 000a 7047     		bx	lr
 167              		.cfi_endproc
 168              	.LFE436:
 169              		.size	exti2_irq_init, .-exti2_irq_init
 170              		.section	.text.exti2_irq_deinit,"ax",%progbits
 171              		.align	1
ARM GAS  C:\Users\DEVELO~1\AppData\Local\Temp\ccZRP2cb.s 			page 4


 172              		.syntax unified
 173              		.thumb
 174              		.thumb_func
 175              		.type	exti2_irq_deinit, %function
 176              	exti2_irq_deinit:
 177              	.LFB437:
 178              		.loc 3 61 43
 179              		.cfi_startproc
 180              		@ args = 0, pretend = 0, frame = 0
 181              		@ frame_needed = 1, uses_anonymous_args = 0
 182              		@ link register save eliminated.
 183 0000 80B4     		push	{r7}
 184              		.cfi_def_cfa_offset 4
 185              		.cfi_offset 7, -4
 186 0002 00AF     		add	r7, sp, #0
 187              		.cfi_def_cfa_register 7
 188              		.loc 3 65 1
 189 0004 00BF     		nop
 190 0006 BD46     		mov	sp, r7
 191              		.cfi_def_cfa_register 13
 192              		@ sp needed
 193 0008 80BC     		pop	{r7}
 194              		.cfi_restore 7
 195              		.cfi_def_cfa_offset 0
 196 000a 7047     		bx	lr
 197              		.cfi_endproc
 198              	.LFE437:
 199              		.size	exti2_irq_deinit, .-exti2_irq_deinit
 200              		.section	.text.exti3_irq_init,"ax",%progbits
 201              		.align	1
 202              		.syntax unified
 203              		.thumb
 204              		.thumb_func
 205              		.type	exti3_irq_init, %function
 206              	exti3_irq_init:
 207              	.LFB438:
 208              		.file 4 "../../../os/hal/ports/STM32/LLD/EXTIv1/stm32_exti3.inc"
 209              		.loc 4 55 41
 210              		.cfi_startproc
 211              		@ args = 0, pretend = 0, frame = 0
 212              		@ frame_needed = 1, uses_anonymous_args = 0
 213              		@ link register save eliminated.
 214 0000 80B4     		push	{r7}
 215              		.cfi_def_cfa_offset 4
 216              		.cfi_offset 7, -4
 217 0002 00AF     		add	r7, sp, #0
 218              		.cfi_def_cfa_register 7
 219              		.loc 4 59 1
 220 0004 00BF     		nop
 221 0006 BD46     		mov	sp, r7
 222              		.cfi_def_cfa_register 13
 223              		@ sp needed
 224 0008 80BC     		pop	{r7}
 225              		.cfi_restore 7
 226              		.cfi_def_cfa_offset 0
 227 000a 7047     		bx	lr
 228              		.cfi_endproc
ARM GAS  C:\Users\DEVELO~1\AppData\Local\Temp\ccZRP2cb.s 			page 5


 229              	.LFE438:
 230              		.size	exti3_irq_init, .-exti3_irq_init
 231              		.section	.text.exti3_irq_deinit,"ax",%progbits
 232              		.align	1
 233              		.syntax unified
 234              		.thumb
 235              		.thumb_func
 236              		.type	exti3_irq_deinit, %function
 237              	exti3_irq_deinit:
 238              	.LFB439:
 239              		.loc 4 61 43
 240              		.cfi_startproc
 241              		@ args = 0, pretend = 0, frame = 0
 242              		@ frame_needed = 1, uses_anonymous_args = 0
 243              		@ link register save eliminated.
 244 0000 80B4     		push	{r7}
 245              		.cfi_def_cfa_offset 4
 246              		.cfi_offset 7, -4
 247 0002 00AF     		add	r7, sp, #0
 248              		.cfi_def_cfa_register 7
 249              		.loc 4 65 1
 250 0004 00BF     		nop
 251 0006 BD46     		mov	sp, r7
 252              		.cfi_def_cfa_register 13
 253              		@ sp needed
 254 0008 80BC     		pop	{r7}
 255              		.cfi_restore 7
 256              		.cfi_def_cfa_offset 0
 257 000a 7047     		bx	lr
 258              		.cfi_endproc
 259              	.LFE439:
 260              		.size	exti3_irq_deinit, .-exti3_irq_deinit
 261              		.section	.text.exti4_irq_init,"ax",%progbits
 262              		.align	1
 263              		.syntax unified
 264              		.thumb
 265              		.thumb_func
 266              		.type	exti4_irq_init, %function
 267              	exti4_irq_init:
 268              	.LFB440:
 269              		.file 5 "../../../os/hal/ports/STM32/LLD/EXTIv1/stm32_exti4.inc"
 270              		.loc 5 55 41
 271              		.cfi_startproc
 272              		@ args = 0, pretend = 0, frame = 0
 273              		@ frame_needed = 1, uses_anonymous_args = 0
 274              		@ link register save eliminated.
 275 0000 80B4     		push	{r7}
 276              		.cfi_def_cfa_offset 4
 277              		.cfi_offset 7, -4
 278 0002 00AF     		add	r7, sp, #0
 279              		.cfi_def_cfa_register 7
 280              		.loc 5 59 1
 281 0004 00BF     		nop
 282 0006 BD46     		mov	sp, r7
 283              		.cfi_def_cfa_register 13
 284              		@ sp needed
 285 0008 80BC     		pop	{r7}
ARM GAS  C:\Users\DEVELO~1\AppData\Local\Temp\ccZRP2cb.s 			page 6


 286              		.cfi_restore 7
 287              		.cfi_def_cfa_offset 0
 288 000a 7047     		bx	lr
 289              		.cfi_endproc
 290              	.LFE440:
 291              		.size	exti4_irq_init, .-exti4_irq_init
 292              		.section	.text.exti4_irq_deinit,"ax",%progbits
 293              		.align	1
 294              		.syntax unified
 295              		.thumb
 296              		.thumb_func
 297              		.type	exti4_irq_deinit, %function
 298              	exti4_irq_deinit:
 299              	.LFB441:
 300              		.loc 5 61 43
 301              		.cfi_startproc
 302              		@ args = 0, pretend = 0, frame = 0
 303              		@ frame_needed = 1, uses_anonymous_args = 0
 304              		@ link register save eliminated.
 305 0000 80B4     		push	{r7}
 306              		.cfi_def_cfa_offset 4
 307              		.cfi_offset 7, -4
 308 0002 00AF     		add	r7, sp, #0
 309              		.cfi_def_cfa_register 7
 310              		.loc 5 65 1
 311 0004 00BF     		nop
 312 0006 BD46     		mov	sp, r7
 313              		.cfi_def_cfa_register 13
 314              		@ sp needed
 315 0008 80BC     		pop	{r7}
 316              		.cfi_restore 7
 317              		.cfi_def_cfa_offset 0
 318 000a 7047     		bx	lr
 319              		.cfi_endproc
 320              	.LFE441:
 321              		.size	exti4_irq_deinit, .-exti4_irq_deinit
 322              		.section	.text.exti5_9_irq_init,"ax",%progbits
 323              		.align	1
 324              		.syntax unified
 325              		.thumb
 326              		.thumb_func
 327              		.type	exti5_9_irq_init, %function
 328              	exti5_9_irq_init:
 329              	.LFB442:
 330              		.file 6 "../../../os/hal/ports/STM32/LLD/EXTIv1/stm32_exti5_9.inc"
 331              		.loc 6 55 43
 332              		.cfi_startproc
 333              		@ args = 0, pretend = 0, frame = 0
 334              		@ frame_needed = 1, uses_anonymous_args = 0
 335              		@ link register save eliminated.
 336 0000 80B4     		push	{r7}
 337              		.cfi_def_cfa_offset 4
 338              		.cfi_offset 7, -4
 339 0002 00AF     		add	r7, sp, #0
 340              		.cfi_def_cfa_register 7
 341              		.loc 6 59 1
 342 0004 00BF     		nop
ARM GAS  C:\Users\DEVELO~1\AppData\Local\Temp\ccZRP2cb.s 			page 7


 343 0006 BD46     		mov	sp, r7
 344              		.cfi_def_cfa_register 13
 345              		@ sp needed
 346 0008 80BC     		pop	{r7}
 347              		.cfi_restore 7
 348              		.cfi_def_cfa_offset 0
 349 000a 7047     		bx	lr
 350              		.cfi_endproc
 351              	.LFE442:
 352              		.size	exti5_9_irq_init, .-exti5_9_irq_init
 353              		.section	.text.exti5_9_irq_deinit,"ax",%progbits
 354              		.align	1
 355              		.syntax unified
 356              		.thumb
 357              		.thumb_func
 358              		.type	exti5_9_irq_deinit, %function
 359              	exti5_9_irq_deinit:
 360              	.LFB443:
 361              		.loc 6 61 45
 362              		.cfi_startproc
 363              		@ args = 0, pretend = 0, frame = 0
 364              		@ frame_needed = 1, uses_anonymous_args = 0
 365              		@ link register save eliminated.
 366 0000 80B4     		push	{r7}
 367              		.cfi_def_cfa_offset 4
 368              		.cfi_offset 7, -4
 369 0002 00AF     		add	r7, sp, #0
 370              		.cfi_def_cfa_register 7
 371              		.loc 6 65 1
 372 0004 00BF     		nop
 373 0006 BD46     		mov	sp, r7
 374              		.cfi_def_cfa_register 13
 375              		@ sp needed
 376 0008 80BC     		pop	{r7}
 377              		.cfi_restore 7
 378              		.cfi_def_cfa_offset 0
 379 000a 7047     		bx	lr
 380              		.cfi_endproc
 381              	.LFE443:
 382              		.size	exti5_9_irq_deinit, .-exti5_9_irq_deinit
 383              		.section	.text.exti10_15_irq_init,"ax",%progbits
 384              		.align	1
 385              		.syntax unified
 386              		.thumb
 387              		.thumb_func
 388              		.type	exti10_15_irq_init, %function
 389              	exti10_15_irq_init:
 390              	.LFB444:
 391              		.file 7 "../../../os/hal/ports/STM32/LLD/EXTIv1/stm32_exti10_15.inc"
 392              		.loc 7 55 45
 393              		.cfi_startproc
 394              		@ args = 0, pretend = 0, frame = 0
 395              		@ frame_needed = 1, uses_anonymous_args = 0
 396              		@ link register save eliminated.
 397 0000 80B4     		push	{r7}
 398              		.cfi_def_cfa_offset 4
 399              		.cfi_offset 7, -4
ARM GAS  C:\Users\DEVELO~1\AppData\Local\Temp\ccZRP2cb.s 			page 8


 400 0002 00AF     		add	r7, sp, #0
 401              		.cfi_def_cfa_register 7
 402              		.loc 7 59 1
 403 0004 00BF     		nop
 404 0006 BD46     		mov	sp, r7
 405              		.cfi_def_cfa_register 13
 406              		@ sp needed
 407 0008 80BC     		pop	{r7}
 408              		.cfi_restore 7
 409              		.cfi_def_cfa_offset 0
 410 000a 7047     		bx	lr
 411              		.cfi_endproc
 412              	.LFE444:
 413              		.size	exti10_15_irq_init, .-exti10_15_irq_init
 414              		.section	.text.exti10_15_irq_deinit,"ax",%progbits
 415              		.align	1
 416              		.syntax unified
 417              		.thumb
 418              		.thumb_func
 419              		.type	exti10_15_irq_deinit, %function
 420              	exti10_15_irq_deinit:
 421              	.LFB445:
 422              		.loc 7 61 47
 423              		.cfi_startproc
 424              		@ args = 0, pretend = 0, frame = 0
 425              		@ frame_needed = 1, uses_anonymous_args = 0
 426              		@ link register save eliminated.
 427 0000 80B4     		push	{r7}
 428              		.cfi_def_cfa_offset 4
 429              		.cfi_offset 7, -4
 430 0002 00AF     		add	r7, sp, #0
 431              		.cfi_def_cfa_register 7
 432              		.loc 7 65 1
 433 0004 00BF     		nop
 434 0006 BD46     		mov	sp, r7
 435              		.cfi_def_cfa_register 13
 436              		@ sp needed
 437 0008 80BC     		pop	{r7}
 438              		.cfi_restore 7
 439              		.cfi_def_cfa_offset 0
 440 000a 7047     		bx	lr
 441              		.cfi_endproc
 442              	.LFE445:
 443              		.size	exti10_15_irq_deinit, .-exti10_15_irq_deinit
 444              		.section	.text.exti16_irq_init,"ax",%progbits
 445              		.align	1
 446              		.syntax unified
 447              		.thumb
 448              		.thumb_func
 449              		.type	exti16_irq_init, %function
 450              	exti16_irq_init:
 451              	.LFB446:
 452              		.file 8 "../../../os/hal/ports/STM32/LLD/EXTIv1/stm32_exti16.inc"
 453              		.loc 8 55 42
 454              		.cfi_startproc
 455              		@ args = 0, pretend = 0, frame = 0
 456              		@ frame_needed = 1, uses_anonymous_args = 0
ARM GAS  C:\Users\DEVELO~1\AppData\Local\Temp\ccZRP2cb.s 			page 9


 457              		@ link register save eliminated.
 458 0000 80B4     		push	{r7}
 459              		.cfi_def_cfa_offset 4
 460              		.cfi_offset 7, -4
 461 0002 00AF     		add	r7, sp, #0
 462              		.cfi_def_cfa_register 7
 463              		.loc 8 59 1
 464 0004 00BF     		nop
 465 0006 BD46     		mov	sp, r7
 466              		.cfi_def_cfa_register 13
 467              		@ sp needed
 468 0008 80BC     		pop	{r7}
 469              		.cfi_restore 7
 470              		.cfi_def_cfa_offset 0
 471 000a 7047     		bx	lr
 472              		.cfi_endproc
 473              	.LFE446:
 474              		.size	exti16_irq_init, .-exti16_irq_init
 475              		.section	.text.exti16_irq_deinit,"ax",%progbits
 476              		.align	1
 477              		.syntax unified
 478              		.thumb
 479              		.thumb_func
 480              		.type	exti16_irq_deinit, %function
 481              	exti16_irq_deinit:
 482              	.LFB447:
 483              		.loc 8 61 44
 484              		.cfi_startproc
 485              		@ args = 0, pretend = 0, frame = 0
 486              		@ frame_needed = 1, uses_anonymous_args = 0
 487              		@ link register save eliminated.
 488 0000 80B4     		push	{r7}
 489              		.cfi_def_cfa_offset 4
 490              		.cfi_offset 7, -4
 491 0002 00AF     		add	r7, sp, #0
 492              		.cfi_def_cfa_register 7
 493              		.loc 8 65 1
 494 0004 00BF     		nop
 495 0006 BD46     		mov	sp, r7
 496              		.cfi_def_cfa_register 13
 497              		@ sp needed
 498 0008 80BC     		pop	{r7}
 499              		.cfi_restore 7
 500              		.cfi_def_cfa_offset 0
 501 000a 7047     		bx	lr
 502              		.cfi_endproc
 503              	.LFE447:
 504              		.size	exti16_irq_deinit, .-exti16_irq_deinit
 505              		.section	.text.exti17_irq_init,"ax",%progbits
 506              		.align	1
 507              		.syntax unified
 508              		.thumb
 509              		.thumb_func
 510              		.type	exti17_irq_init, %function
 511              	exti17_irq_init:
 512              	.LFB448:
 513              		.file 9 "../../../os/hal/ports/STM32/LLD/EXTIv1/stm32_exti17.inc"
ARM GAS  C:\Users\DEVELO~1\AppData\Local\Temp\ccZRP2cb.s 			page 10


 514              		.loc 9 55 42
 515              		.cfi_startproc
 516              		@ args = 0, pretend = 0, frame = 0
 517              		@ frame_needed = 1, uses_anonymous_args = 0
 518              		@ link register save eliminated.
 519 0000 80B4     		push	{r7}
 520              		.cfi_def_cfa_offset 4
 521              		.cfi_offset 7, -4
 522 0002 00AF     		add	r7, sp, #0
 523              		.cfi_def_cfa_register 7
 524              		.loc 9 59 1
 525 0004 00BF     		nop
 526 0006 BD46     		mov	sp, r7
 527              		.cfi_def_cfa_register 13
 528              		@ sp needed
 529 0008 80BC     		pop	{r7}
 530              		.cfi_restore 7
 531              		.cfi_def_cfa_offset 0
 532 000a 7047     		bx	lr
 533              		.cfi_endproc
 534              	.LFE448:
 535              		.size	exti17_irq_init, .-exti17_irq_init
 536              		.section	.text.exti17_irq_deinit,"ax",%progbits
 537              		.align	1
 538              		.syntax unified
 539              		.thumb
 540              		.thumb_func
 541              		.type	exti17_irq_deinit, %function
 542              	exti17_irq_deinit:
 543              	.LFB449:
 544              		.loc 9 61 44
 545              		.cfi_startproc
 546              		@ args = 0, pretend = 0, frame = 0
 547              		@ frame_needed = 1, uses_anonymous_args = 0
 548              		@ link register save eliminated.
 549 0000 80B4     		push	{r7}
 550              		.cfi_def_cfa_offset 4
 551              		.cfi_offset 7, -4
 552 0002 00AF     		add	r7, sp, #0
 553              		.cfi_def_cfa_register 7
 554              		.loc 9 65 1
 555 0004 00BF     		nop
 556 0006 BD46     		mov	sp, r7
 557              		.cfi_def_cfa_register 13
 558              		@ sp needed
 559 0008 80BC     		pop	{r7}
 560              		.cfi_restore 7
 561              		.cfi_def_cfa_offset 0
 562 000a 7047     		bx	lr
 563              		.cfi_endproc
 564              	.LFE449:
 565              		.size	exti17_irq_deinit, .-exti17_irq_deinit
 566              		.section	.text.exti18_irq_init,"ax",%progbits
 567              		.align	1
 568              		.syntax unified
 569              		.thumb
 570              		.thumb_func
ARM GAS  C:\Users\DEVELO~1\AppData\Local\Temp\ccZRP2cb.s 			page 11


 571              		.type	exti18_irq_init, %function
 572              	exti18_irq_init:
 573              	.LFB450:
 574              		.file 10 "../../../os/hal/ports/STM32/LLD/EXTIv1/stm32_exti18.inc"
 575              		.loc 10 55 42
 576              		.cfi_startproc
 577              		@ args = 0, pretend = 0, frame = 0
 578              		@ frame_needed = 1, uses_anonymous_args = 0
 579              		@ link register save eliminated.
 580 0000 80B4     		push	{r7}
 581              		.cfi_def_cfa_offset 4
 582              		.cfi_offset 7, -4
 583 0002 00AF     		add	r7, sp, #0
 584              		.cfi_def_cfa_register 7
 585              		.loc 10 59 1
 586 0004 00BF     		nop
 587 0006 BD46     		mov	sp, r7
 588              		.cfi_def_cfa_register 13
 589              		@ sp needed
 590 0008 80BC     		pop	{r7}
 591              		.cfi_restore 7
 592              		.cfi_def_cfa_offset 0
 593 000a 7047     		bx	lr
 594              		.cfi_endproc
 595              	.LFE450:
 596              		.size	exti18_irq_init, .-exti18_irq_init
 597              		.section	.text.exti18_irq_deinit,"ax",%progbits
 598              		.align	1
 599              		.syntax unified
 600              		.thumb
 601              		.thumb_func
 602              		.type	exti18_irq_deinit, %function
 603              	exti18_irq_deinit:
 604              	.LFB451:
 605              		.loc 10 61 44
 606              		.cfi_startproc
 607              		@ args = 0, pretend = 0, frame = 0
 608              		@ frame_needed = 1, uses_anonymous_args = 0
 609              		@ link register save eliminated.
 610 0000 80B4     		push	{r7}
 611              		.cfi_def_cfa_offset 4
 612              		.cfi_offset 7, -4
 613 0002 00AF     		add	r7, sp, #0
 614              		.cfi_def_cfa_register 7
 615              		.loc 10 65 1
 616 0004 00BF     		nop
 617 0006 BD46     		mov	sp, r7
 618              		.cfi_def_cfa_register 13
 619              		@ sp needed
 620 0008 80BC     		pop	{r7}
 621              		.cfi_restore 7
 622              		.cfi_def_cfa_offset 0
 623 000a 7047     		bx	lr
 624              		.cfi_endproc
 625              	.LFE451:
 626              		.size	exti18_irq_deinit, .-exti18_irq_deinit
 627              		.section	.text.exti19_irq_init,"ax",%progbits
ARM GAS  C:\Users\DEVELO~1\AppData\Local\Temp\ccZRP2cb.s 			page 12


 628              		.align	1
 629              		.syntax unified
 630              		.thumb
 631              		.thumb_func
 632              		.type	exti19_irq_init, %function
 633              	exti19_irq_init:
 634              	.LFB452:
 635              		.file 11 "../../../os/hal/ports/STM32/LLD/EXTIv1/stm32_exti19.inc"
 636              		.loc 11 55 42
 637              		.cfi_startproc
 638              		@ args = 0, pretend = 0, frame = 0
 639              		@ frame_needed = 1, uses_anonymous_args = 0
 640              		@ link register save eliminated.
 641 0000 80B4     		push	{r7}
 642              		.cfi_def_cfa_offset 4
 643              		.cfi_offset 7, -4
 644 0002 00AF     		add	r7, sp, #0
 645              		.cfi_def_cfa_register 7
 646              		.loc 11 59 1
 647 0004 00BF     		nop
 648 0006 BD46     		mov	sp, r7
 649              		.cfi_def_cfa_register 13
 650              		@ sp needed
 651 0008 80BC     		pop	{r7}
 652              		.cfi_restore 7
 653              		.cfi_def_cfa_offset 0
 654 000a 7047     		bx	lr
 655              		.cfi_endproc
 656              	.LFE452:
 657              		.size	exti19_irq_init, .-exti19_irq_init
 658              		.section	.text.exti19_irq_deinit,"ax",%progbits
 659              		.align	1
 660              		.syntax unified
 661              		.thumb
 662              		.thumb_func
 663              		.type	exti19_irq_deinit, %function
 664              	exti19_irq_deinit:
 665              	.LFB453:
 666              		.loc 11 61 44
 667              		.cfi_startproc
 668              		@ args = 0, pretend = 0, frame = 0
 669              		@ frame_needed = 1, uses_anonymous_args = 0
 670              		@ link register save eliminated.
 671 0000 80B4     		push	{r7}
 672              		.cfi_def_cfa_offset 4
 673              		.cfi_offset 7, -4
 674 0002 00AF     		add	r7, sp, #0
 675              		.cfi_def_cfa_register 7
 676              		.loc 11 65 1
 677 0004 00BF     		nop
 678 0006 BD46     		mov	sp, r7
 679              		.cfi_def_cfa_register 13
 680              		@ sp needed
 681 0008 80BC     		pop	{r7}
 682              		.cfi_restore 7
 683              		.cfi_def_cfa_offset 0
 684 000a 7047     		bx	lr
ARM GAS  C:\Users\DEVELO~1\AppData\Local\Temp\ccZRP2cb.s 			page 13


 685              		.cfi_endproc
 686              	.LFE453:
 687              		.size	exti19_irq_deinit, .-exti19_irq_deinit
 688              		.section	.text.exti20_exti21_irq_init,"ax",%progbits
 689              		.align	1
 690              		.syntax unified
 691              		.thumb
 692              		.thumb_func
 693              		.type	exti20_exti21_irq_init, %function
 694              	exti20_exti21_irq_init:
 695              	.LFB454:
 696              		.file 12 "../../../os/hal/ports/STM32/LLD/EXTIv1/stm32_exti20_21.inc"
 697              		.loc 12 55 49
 698              		.cfi_startproc
 699              		@ args = 0, pretend = 0, frame = 0
 700              		@ frame_needed = 1, uses_anonymous_args = 0
 701              		@ link register save eliminated.
 702 0000 80B4     		push	{r7}
 703              		.cfi_def_cfa_offset 4
 704              		.cfi_offset 7, -4
 705 0002 00AF     		add	r7, sp, #0
 706              		.cfi_def_cfa_register 7
 707              		.loc 12 59 1
 708 0004 00BF     		nop
 709 0006 BD46     		mov	sp, r7
 710              		.cfi_def_cfa_register 13
 711              		@ sp needed
 712 0008 80BC     		pop	{r7}
 713              		.cfi_restore 7
 714              		.cfi_def_cfa_offset 0
 715 000a 7047     		bx	lr
 716              		.cfi_endproc
 717              	.LFE454:
 718              		.size	exti20_exti21_irq_init, .-exti20_exti21_irq_init
 719              		.section	.text.exti20_exti21_irq_deinit,"ax",%progbits
 720              		.align	1
 721              		.syntax unified
 722              		.thumb
 723              		.thumb_func
 724              		.type	exti20_exti21_irq_deinit, %function
 725              	exti20_exti21_irq_deinit:
 726              	.LFB455:
 727              		.loc 12 61 51
 728              		.cfi_startproc
 729              		@ args = 0, pretend = 0, frame = 0
 730              		@ frame_needed = 1, uses_anonymous_args = 0
 731              		@ link register save eliminated.
 732 0000 80B4     		push	{r7}
 733              		.cfi_def_cfa_offset 4
 734              		.cfi_offset 7, -4
 735 0002 00AF     		add	r7, sp, #0
 736              		.cfi_def_cfa_register 7
 737              		.loc 12 65 1
 738 0004 00BF     		nop
 739 0006 BD46     		mov	sp, r7
 740              		.cfi_def_cfa_register 13
 741              		@ sp needed
ARM GAS  C:\Users\DEVELO~1\AppData\Local\Temp\ccZRP2cb.s 			page 14


 742 0008 80BC     		pop	{r7}
 743              		.cfi_restore 7
 744              		.cfi_def_cfa_offset 0
 745 000a 7047     		bx	lr
 746              		.cfi_endproc
 747              	.LFE455:
 748              		.size	exti20_exti21_irq_deinit, .-exti20_exti21_irq_deinit
 749              		.section	.text.fdcan1_irq_init,"ax",%progbits
 750              		.align	1
 751              		.syntax unified
 752              		.thumb
 753              		.thumb_func
 754              		.type	fdcan1_irq_init, %function
 755              	fdcan1_irq_init:
 756              	.LFB456:
 757              		.file 13 "../../../os/hal/ports/STM32/LLD/FDCANv2/stm32_fdcan1.inc"
 758              		.loc 13 70 42
 759              		.cfi_startproc
 760              		@ args = 0, pretend = 0, frame = 0
 761              		@ frame_needed = 1, uses_anonymous_args = 0
 762              		@ link register save eliminated.
 763 0000 80B4     		push	{r7}
 764              		.cfi_def_cfa_offset 4
 765              		.cfi_offset 7, -4
 766 0002 00AF     		add	r7, sp, #0
 767              		.cfi_def_cfa_register 7
 768              		.loc 13 74 1
 769 0004 00BF     		nop
 770 0006 BD46     		mov	sp, r7
 771              		.cfi_def_cfa_register 13
 772              		@ sp needed
 773 0008 80BC     		pop	{r7}
 774              		.cfi_restore 7
 775              		.cfi_def_cfa_offset 0
 776 000a 7047     		bx	lr
 777              		.cfi_endproc
 778              	.LFE456:
 779              		.size	fdcan1_irq_init, .-fdcan1_irq_init
 780              		.section	.text.fdcan1_irq_deinit,"ax",%progbits
 781              		.align	1
 782              		.syntax unified
 783              		.thumb
 784              		.thumb_func
 785              		.type	fdcan1_irq_deinit, %function
 786              	fdcan1_irq_deinit:
 787              	.LFB457:
 788              		.loc 13 76 44
 789              		.cfi_startproc
 790              		@ args = 0, pretend = 0, frame = 0
 791              		@ frame_needed = 1, uses_anonymous_args = 0
 792              		@ link register save eliminated.
 793 0000 80B4     		push	{r7}
 794              		.cfi_def_cfa_offset 4
 795              		.cfi_offset 7, -4
 796 0002 00AF     		add	r7, sp, #0
 797              		.cfi_def_cfa_register 7
 798              		.loc 13 80 1
ARM GAS  C:\Users\DEVELO~1\AppData\Local\Temp\ccZRP2cb.s 			page 15


 799 0004 00BF     		nop
 800 0006 BD46     		mov	sp, r7
 801              		.cfi_def_cfa_register 13
 802              		@ sp needed
 803 0008 80BC     		pop	{r7}
 804              		.cfi_restore 7
 805              		.cfi_def_cfa_offset 0
 806 000a 7047     		bx	lr
 807              		.cfi_endproc
 808              	.LFE457:
 809              		.size	fdcan1_irq_deinit, .-fdcan1_irq_deinit
 810              		.section	.text.fdcan2_irq_init,"ax",%progbits
 811              		.align	1
 812              		.syntax unified
 813              		.thumb
 814              		.thumb_func
 815              		.type	fdcan2_irq_init, %function
 816              	fdcan2_irq_init:
 817              	.LFB458:
 818              		.file 14 "../../../os/hal/ports/STM32/LLD/FDCANv2/stm32_fdcan2.inc"
 819              		.loc 14 70 42
 820              		.cfi_startproc
 821              		@ args = 0, pretend = 0, frame = 0
 822              		@ frame_needed = 1, uses_anonymous_args = 0
 823              		@ link register save eliminated.
 824 0000 80B4     		push	{r7}
 825              		.cfi_def_cfa_offset 4
 826              		.cfi_offset 7, -4
 827 0002 00AF     		add	r7, sp, #0
 828              		.cfi_def_cfa_register 7
 829              		.loc 14 74 1
 830 0004 00BF     		nop
 831 0006 BD46     		mov	sp, r7
 832              		.cfi_def_cfa_register 13
 833              		@ sp needed
 834 0008 80BC     		pop	{r7}
 835              		.cfi_restore 7
 836              		.cfi_def_cfa_offset 0
 837 000a 7047     		bx	lr
 838              		.cfi_endproc
 839              	.LFE458:
 840              		.size	fdcan2_irq_init, .-fdcan2_irq_init
 841              		.section	.text.fdcan2_irq_deinit,"ax",%progbits
 842              		.align	1
 843              		.syntax unified
 844              		.thumb
 845              		.thumb_func
 846              		.type	fdcan2_irq_deinit, %function
 847              	fdcan2_irq_deinit:
 848              	.LFB459:
 849              		.loc 14 76 44
 850              		.cfi_startproc
 851              		@ args = 0, pretend = 0, frame = 0
 852              		@ frame_needed = 1, uses_anonymous_args = 0
 853              		@ link register save eliminated.
 854 0000 80B4     		push	{r7}
 855              		.cfi_def_cfa_offset 4
ARM GAS  C:\Users\DEVELO~1\AppData\Local\Temp\ccZRP2cb.s 			page 16


 856              		.cfi_offset 7, -4
 857 0002 00AF     		add	r7, sp, #0
 858              		.cfi_def_cfa_register 7
 859              		.loc 14 80 1
 860 0004 00BF     		nop
 861 0006 BD46     		mov	sp, r7
 862              		.cfi_def_cfa_register 13
 863              		@ sp needed
 864 0008 80BC     		pop	{r7}
 865              		.cfi_restore 7
 866              		.cfi_def_cfa_offset 0
 867 000a 7047     		bx	lr
 868              		.cfi_endproc
 869              	.LFE459:
 870              		.size	fdcan2_irq_deinit, .-fdcan2_irq_deinit
 871              		.section	.text.fdcan3_irq_init,"ax",%progbits
 872              		.align	1
 873              		.syntax unified
 874              		.thumb
 875              		.thumb_func
 876              		.type	fdcan3_irq_init, %function
 877              	fdcan3_irq_init:
 878              	.LFB460:
 879              		.file 15 "../../../os/hal/ports/STM32/LLD/FDCANv2/stm32_fdcan3.inc"
 880              		.loc 15 70 42
 881              		.cfi_startproc
 882              		@ args = 0, pretend = 0, frame = 0
 883              		@ frame_needed = 1, uses_anonymous_args = 0
 884              		@ link register save eliminated.
 885 0000 80B4     		push	{r7}
 886              		.cfi_def_cfa_offset 4
 887              		.cfi_offset 7, -4
 888 0002 00AF     		add	r7, sp, #0
 889              		.cfi_def_cfa_register 7
 890              		.loc 15 74 1
 891 0004 00BF     		nop
 892 0006 BD46     		mov	sp, r7
 893              		.cfi_def_cfa_register 13
 894              		@ sp needed
 895 0008 80BC     		pop	{r7}
 896              		.cfi_restore 7
 897              		.cfi_def_cfa_offset 0
 898 000a 7047     		bx	lr
 899              		.cfi_endproc
 900              	.LFE460:
 901              		.size	fdcan3_irq_init, .-fdcan3_irq_init
 902              		.section	.text.fdcan3_irq_deinit,"ax",%progbits
 903              		.align	1
 904              		.syntax unified
 905              		.thumb
 906              		.thumb_func
 907              		.type	fdcan3_irq_deinit, %function
 908              	fdcan3_irq_deinit:
 909              	.LFB461:
 910              		.loc 15 76 44
 911              		.cfi_startproc
 912              		@ args = 0, pretend = 0, frame = 0
ARM GAS  C:\Users\DEVELO~1\AppData\Local\Temp\ccZRP2cb.s 			page 17


 913              		@ frame_needed = 1, uses_anonymous_args = 0
 914              		@ link register save eliminated.
 915 0000 80B4     		push	{r7}
 916              		.cfi_def_cfa_offset 4
 917              		.cfi_offset 7, -4
 918 0002 00AF     		add	r7, sp, #0
 919              		.cfi_def_cfa_register 7
 920              		.loc 15 80 1
 921 0004 00BF     		nop
 922 0006 BD46     		mov	sp, r7
 923              		.cfi_def_cfa_register 13
 924              		@ sp needed
 925 0008 80BC     		pop	{r7}
 926              		.cfi_restore 7
 927              		.cfi_def_cfa_offset 0
 928 000a 7047     		bx	lr
 929              		.cfi_endproc
 930              	.LFE461:
 931              		.size	fdcan3_irq_deinit, .-fdcan3_irq_deinit
 932              		.section	.text.quadspi1_irq_init,"ax",%progbits
 933              		.align	1
 934              		.syntax unified
 935              		.thumb
 936              		.thumb_func
 937              		.type	quadspi1_irq_init, %function
 938              	quadspi1_irq_init:
 939              	.LFB462:
 940              		.file 16 "../../../os/hal/ports/STM32/LLD/QUADSPIv2/stm32_quadspi1.inc"
 941              		.loc 16 70 44
 942              		.cfi_startproc
 943              		@ args = 0, pretend = 0, frame = 0
 944              		@ frame_needed = 1, uses_anonymous_args = 0
 945              		@ link register save eliminated.
 946 0000 80B4     		push	{r7}
 947              		.cfi_def_cfa_offset 4
 948              		.cfi_offset 7, -4
 949 0002 00AF     		add	r7, sp, #0
 950              		.cfi_def_cfa_register 7
 951              		.loc 16 74 1
 952 0004 00BF     		nop
 953 0006 BD46     		mov	sp, r7
 954              		.cfi_def_cfa_register 13
 955              		@ sp needed
 956 0008 80BC     		pop	{r7}
 957              		.cfi_restore 7
 958              		.cfi_def_cfa_offset 0
 959 000a 7047     		bx	lr
 960              		.cfi_endproc
 961              	.LFE462:
 962              		.size	quadspi1_irq_init, .-quadspi1_irq_init
 963              		.section	.text.quadspi1_irq_deinit,"ax",%progbits
 964              		.align	1
 965              		.syntax unified
 966              		.thumb
 967              		.thumb_func
 968              		.type	quadspi1_irq_deinit, %function
 969              	quadspi1_irq_deinit:
ARM GAS  C:\Users\DEVELO~1\AppData\Local\Temp\ccZRP2cb.s 			page 18


 970              	.LFB463:
 971              		.loc 16 76 46
 972              		.cfi_startproc
 973              		@ args = 0, pretend = 0, frame = 0
 974              		@ frame_needed = 1, uses_anonymous_args = 0
 975              		@ link register save eliminated.
 976 0000 80B4     		push	{r7}
 977              		.cfi_def_cfa_offset 4
 978              		.cfi_offset 7, -4
 979 0002 00AF     		add	r7, sp, #0
 980              		.cfi_def_cfa_register 7
 981              		.loc 16 80 1
 982 0004 00BF     		nop
 983 0006 BD46     		mov	sp, r7
 984              		.cfi_def_cfa_register 13
 985              		@ sp needed
 986 0008 80BC     		pop	{r7}
 987              		.cfi_restore 7
 988              		.cfi_def_cfa_offset 0
 989 000a 7047     		bx	lr
 990              		.cfi_endproc
 991              	.LFE463:
 992              		.size	quadspi1_irq_deinit, .-quadspi1_irq_deinit
 993              		.section	.text.sdmmc1_irq_init,"ax",%progbits
 994              		.align	1
 995              		.syntax unified
 996              		.thumb
 997              		.thumb_func
 998              		.type	sdmmc1_irq_init, %function
 999              	sdmmc1_irq_init:
 1000              	.LFB464:
 1001              		.file 17 "../../../os/hal/ports/STM32/LLD/SDMMCv2/stm32_sdmmc1.inc"
 1002              		.loc 17 70 42
 1003              		.cfi_startproc
 1004              		@ args = 0, pretend = 0, frame = 0
 1005              		@ frame_needed = 1, uses_anonymous_args = 0
 1006 0000 80B5     		push	{r7, lr}
 1007              		.cfi_def_cfa_offset 8
 1008              		.cfi_offset 7, -8
 1009              		.cfi_offset 14, -4
 1010 0002 00AF     		add	r7, sp, #0
 1011              		.cfi_def_cfa_register 7
 1012              		.loc 17 72 3
 1013 0004 0921     		movs	r1, #9
 1014 0006 3120     		movs	r0, #49
 1015 0008 FFF7FEFF 		bl	nvicEnableVector
 1016              		.loc 17 74 1
 1017 000c 00BF     		nop
 1018 000e 80BD     		pop	{r7, pc}
 1019              		.cfi_endproc
 1020              	.LFE464:
 1021              		.size	sdmmc1_irq_init, .-sdmmc1_irq_init
 1022              		.section	.text.sdmmc1_irq_deinit,"ax",%progbits
 1023              		.align	1
 1024              		.syntax unified
 1025              		.thumb
 1026              		.thumb_func
ARM GAS  C:\Users\DEVELO~1\AppData\Local\Temp\ccZRP2cb.s 			page 19


 1027              		.type	sdmmc1_irq_deinit, %function
 1028              	sdmmc1_irq_deinit:
 1029              	.LFB465:
 1030              		.loc 17 76 44
 1031              		.cfi_startproc
 1032              		@ args = 0, pretend = 0, frame = 0
 1033              		@ frame_needed = 1, uses_anonymous_args = 0
 1034 0000 80B5     		push	{r7, lr}
 1035              		.cfi_def_cfa_offset 8
 1036              		.cfi_offset 7, -8
 1037              		.cfi_offset 14, -4
 1038 0002 00AF     		add	r7, sp, #0
 1039              		.cfi_def_cfa_register 7
 1040              		.loc 17 78 3
 1041 0004 3120     		movs	r0, #49
 1042 0006 FFF7FEFF 		bl	nvicDisableVector
 1043              		.loc 17 80 1
 1044 000a 00BF     		nop
 1045 000c 80BD     		pop	{r7, pc}
 1046              		.cfi_endproc
 1047              	.LFE465:
 1048              		.size	sdmmc1_irq_deinit, .-sdmmc1_irq_deinit
 1049              		.section	.text.Vector104,"ax",%progbits
 1050              		.align	1
 1051              		.global	Vector104
 1052              		.syntax unified
 1053              		.thumb
 1054              		.thumb_func
 1055              		.type	Vector104, %function
 1056              	Vector104:
 1057              	.LFB466:
 1058              		.loc 17 92 40
 1059              		.cfi_startproc
 1060              		@ args = 0, pretend = 0, frame = 0
 1061              		@ frame_needed = 1, uses_anonymous_args = 0
 1062 0000 80B5     		push	{r7, lr}
 1063              		.cfi_def_cfa_offset 8
 1064              		.cfi_offset 7, -8
 1065              		.cfi_offset 14, -4
 1066 0002 00AF     		add	r7, sp, #0
 1067              		.cfi_def_cfa_register 7
 1068              		.loc 17 94 3
 1069 0004 0648     		ldr	r0, .L36
 1070 0006 FFF7FEFF 		bl	__trace_isr_enter
 1071              		.loc 17 98 3
 1072 000a 0648     		ldr	r0, .L36+4
 1073 000c FFF7FEFF 		bl	sdc_lld_serve_interrupt
 1074              		.loc 17 102 3
 1075 0010 0348     		ldr	r0, .L36
 1076 0012 FFF7FEFF 		bl	__trace_isr_leave
 1077 0016 FFF7FEFF 		bl	__port_irq_epilogue
 1078              		.loc 17 103 1
 1079 001a 00BF     		nop
 1080 001c 80BD     		pop	{r7, pc}
 1081              	.L37:
 1082 001e 00BF     		.align	2
 1083              	.L36:
ARM GAS  C:\Users\DEVELO~1\AppData\Local\Temp\ccZRP2cb.s 			page 20


 1084 0020 00000000 		.word	__func__.3
 1085 0024 00000000 		.word	SDCD1
 1086              		.cfi_endproc
 1087              	.LFE466:
 1088              		.size	Vector104, .-Vector104
 1089              		.section	.text.sdmmc2_irq_init,"ax",%progbits
 1090              		.align	1
 1091              		.syntax unified
 1092              		.thumb
 1093              		.thumb_func
 1094              		.type	sdmmc2_irq_init, %function
 1095              	sdmmc2_irq_init:
 1096              	.LFB467:
 1097              		.file 18 "../../../os/hal/ports/STM32/LLD/SDMMCv2/stm32_sdmmc2.inc"
 1098              		.loc 18 70 42
 1099              		.cfi_startproc
 1100              		@ args = 0, pretend = 0, frame = 0
 1101              		@ frame_needed = 1, uses_anonymous_args = 0
 1102              		@ link register save eliminated.
 1103 0000 80B4     		push	{r7}
 1104              		.cfi_def_cfa_offset 4
 1105              		.cfi_offset 7, -4
 1106 0002 00AF     		add	r7, sp, #0
 1107              		.cfi_def_cfa_register 7
 1108              		.loc 18 74 1
 1109 0004 00BF     		nop
 1110 0006 BD46     		mov	sp, r7
 1111              		.cfi_def_cfa_register 13
 1112              		@ sp needed
 1113 0008 80BC     		pop	{r7}
 1114              		.cfi_restore 7
 1115              		.cfi_def_cfa_offset 0
 1116 000a 7047     		bx	lr
 1117              		.cfi_endproc
 1118              	.LFE467:
 1119              		.size	sdmmc2_irq_init, .-sdmmc2_irq_init
 1120              		.section	.text.sdmmc2_irq_deinit,"ax",%progbits
 1121              		.align	1
 1122              		.syntax unified
 1123              		.thumb
 1124              		.thumb_func
 1125              		.type	sdmmc2_irq_deinit, %function
 1126              	sdmmc2_irq_deinit:
 1127              	.LFB468:
 1128              		.loc 18 76 44
 1129              		.cfi_startproc
 1130              		@ args = 0, pretend = 0, frame = 0
 1131              		@ frame_needed = 1, uses_anonymous_args = 0
 1132              		@ link register save eliminated.
 1133 0000 80B4     		push	{r7}
 1134              		.cfi_def_cfa_offset 4
 1135              		.cfi_offset 7, -4
 1136 0002 00AF     		add	r7, sp, #0
 1137              		.cfi_def_cfa_register 7
 1138              		.loc 18 80 1
 1139 0004 00BF     		nop
 1140 0006 BD46     		mov	sp, r7
ARM GAS  C:\Users\DEVELO~1\AppData\Local\Temp\ccZRP2cb.s 			page 21


 1141              		.cfi_def_cfa_register 13
 1142              		@ sp needed
 1143 0008 80BC     		pop	{r7}
 1144              		.cfi_restore 7
 1145              		.cfi_def_cfa_offset 0
 1146 000a 7047     		bx	lr
 1147              		.cfi_endproc
 1148              	.LFE468:
 1149              		.size	sdmmc2_irq_deinit, .-sdmmc2_irq_deinit
 1150              		.section	.text.usart1_irq_init,"ax",%progbits
 1151              		.align	1
 1152              		.syntax unified
 1153              		.thumb
 1154              		.thumb_func
 1155              		.type	usart1_irq_init, %function
 1156              	usart1_irq_init:
 1157              	.LFB469:
 1158              		.file 19 "../../../os/hal/ports/STM32/LLD/USART/stm32_usart1.inc"
 1159              		.loc 19 63 42
 1160              		.cfi_startproc
 1161              		@ args = 0, pretend = 0, frame = 0
 1162              		@ frame_needed = 1, uses_anonymous_args = 0
 1163 0000 80B5     		push	{r7, lr}
 1164              		.cfi_def_cfa_offset 8
 1165              		.cfi_offset 7, -8
 1166              		.cfi_offset 14, -4
 1167 0002 00AF     		add	r7, sp, #0
 1168              		.cfi_def_cfa_register 7
 1169              		.loc 19 65 3
 1170 0004 0C21     		movs	r1, #12
 1171 0006 2520     		movs	r0, #37
 1172 0008 FFF7FEFF 		bl	nvicEnableVector
 1173              		.loc 19 67 1
 1174 000c 00BF     		nop
 1175 000e 80BD     		pop	{r7, pc}
 1176              		.cfi_endproc
 1177              	.LFE469:
 1178              		.size	usart1_irq_init, .-usart1_irq_init
 1179              		.section	.text.usart1_irq_deinit,"ax",%progbits
 1180              		.align	1
 1181              		.syntax unified
 1182              		.thumb
 1183              		.thumb_func
 1184              		.type	usart1_irq_deinit, %function
 1185              	usart1_irq_deinit:
 1186              	.LFB470:
 1187              		.loc 19 69 44
 1188              		.cfi_startproc
 1189              		@ args = 0, pretend = 0, frame = 0
 1190              		@ frame_needed = 1, uses_anonymous_args = 0
 1191 0000 80B5     		push	{r7, lr}
 1192              		.cfi_def_cfa_offset 8
 1193              		.cfi_offset 7, -8
 1194              		.cfi_offset 14, -4
 1195 0002 00AF     		add	r7, sp, #0
 1196              		.cfi_def_cfa_register 7
 1197              		.loc 19 71 3
ARM GAS  C:\Users\DEVELO~1\AppData\Local\Temp\ccZRP2cb.s 			page 22


 1198 0004 2520     		movs	r0, #37
 1199 0006 FFF7FEFF 		bl	nvicDisableVector
 1200              		.loc 19 73 1
 1201 000a 00BF     		nop
 1202 000c 80BD     		pop	{r7, pc}
 1203              		.cfi_endproc
 1204              	.LFE470:
 1205              		.size	usart1_irq_deinit, .-usart1_irq_deinit
 1206              		.section	.text.VectorD4,"ax",%progbits
 1207              		.align	1
 1208              		.global	VectorD4
 1209              		.syntax unified
 1210              		.thumb
 1211              		.thumb_func
 1212              		.type	VectorD4, %function
 1213              	VectorD4:
 1214              	.LFB471:
 1215              		.loc 19 85 40
 1216              		.cfi_startproc
 1217              		@ args = 0, pretend = 0, frame = 0
 1218              		@ frame_needed = 1, uses_anonymous_args = 0
 1219 0000 80B5     		push	{r7, lr}
 1220              		.cfi_def_cfa_offset 8
 1221              		.cfi_offset 7, -8
 1222              		.cfi_offset 14, -4
 1223 0002 00AF     		add	r7, sp, #0
 1224              		.cfi_def_cfa_register 7
 1225              		.loc 19 87 3
 1226 0004 0648     		ldr	r0, .L43
 1227 0006 FFF7FEFF 		bl	__trace_isr_enter
 1228              		.loc 19 91 3
 1229 000a 0648     		ldr	r0, .L43+4
 1230 000c FFF7FEFF 		bl	sd_lld_serve_interrupt
 1231              		.loc 19 107 3
 1232 0010 0348     		ldr	r0, .L43
 1233 0012 FFF7FEFF 		bl	__trace_isr_leave
 1234 0016 FFF7FEFF 		bl	__port_irq_epilogue
 1235              		.loc 19 108 1
 1236 001a 00BF     		nop
 1237 001c 80BD     		pop	{r7, pc}
 1238              	.L44:
 1239 001e 00BF     		.align	2
 1240              	.L43:
 1241 0020 00000000 		.word	__func__.2
 1242 0024 00000000 		.word	SD1
 1243              		.cfi_endproc
 1244              	.LFE471:
 1245              		.size	VectorD4, .-VectorD4
 1246              		.section	.text.usart2_irq_init,"ax",%progbits
 1247              		.align	1
 1248              		.syntax unified
 1249              		.thumb
 1250              		.thumb_func
 1251              		.type	usart2_irq_init, %function
 1252              	usart2_irq_init:
 1253              	.LFB472:
 1254              		.file 20 "../../../os/hal/ports/STM32/LLD/USART/stm32_usart2.inc"
ARM GAS  C:\Users\DEVELO~1\AppData\Local\Temp\ccZRP2cb.s 			page 23


 1255              		.loc 20 63 42
 1256              		.cfi_startproc
 1257              		@ args = 0, pretend = 0, frame = 0
 1258              		@ frame_needed = 1, uses_anonymous_args = 0
 1259              		@ link register save eliminated.
 1260 0000 80B4     		push	{r7}
 1261              		.cfi_def_cfa_offset 4
 1262              		.cfi_offset 7, -4
 1263 0002 00AF     		add	r7, sp, #0
 1264              		.cfi_def_cfa_register 7
 1265              		.loc 20 67 1
 1266 0004 00BF     		nop
 1267 0006 BD46     		mov	sp, r7
 1268              		.cfi_def_cfa_register 13
 1269              		@ sp needed
 1270 0008 80BC     		pop	{r7}
 1271              		.cfi_restore 7
 1272              		.cfi_def_cfa_offset 0
 1273 000a 7047     		bx	lr
 1274              		.cfi_endproc
 1275              	.LFE472:
 1276              		.size	usart2_irq_init, .-usart2_irq_init
 1277              		.section	.text.usart2_irq_deinit,"ax",%progbits
 1278              		.align	1
 1279              		.syntax unified
 1280              		.thumb
 1281              		.thumb_func
 1282              		.type	usart2_irq_deinit, %function
 1283              	usart2_irq_deinit:
 1284              	.LFB473:
 1285              		.loc 20 69 44
 1286              		.cfi_startproc
 1287              		@ args = 0, pretend = 0, frame = 0
 1288              		@ frame_needed = 1, uses_anonymous_args = 0
 1289              		@ link register save eliminated.
 1290 0000 80B4     		push	{r7}
 1291              		.cfi_def_cfa_offset 4
 1292              		.cfi_offset 7, -4
 1293 0002 00AF     		add	r7, sp, #0
 1294              		.cfi_def_cfa_register 7
 1295              		.loc 20 73 1
 1296 0004 00BF     		nop
 1297 0006 BD46     		mov	sp, r7
 1298              		.cfi_def_cfa_register 13
 1299              		@ sp needed
 1300 0008 80BC     		pop	{r7}
 1301              		.cfi_restore 7
 1302              		.cfi_def_cfa_offset 0
 1303 000a 7047     		bx	lr
 1304              		.cfi_endproc
 1305              	.LFE473:
 1306              		.size	usart2_irq_deinit, .-usart2_irq_deinit
 1307              		.section	.text.usart3_irq_init,"ax",%progbits
 1308              		.align	1
 1309              		.syntax unified
 1310              		.thumb
 1311              		.thumb_func
ARM GAS  C:\Users\DEVELO~1\AppData\Local\Temp\ccZRP2cb.s 			page 24


 1312              		.type	usart3_irq_init, %function
 1313              	usart3_irq_init:
 1314              	.LFB474:
 1315              		.file 21 "../../../os/hal/ports/STM32/LLD/USART/stm32_usart3.inc"
 1316              		.loc 21 63 42
 1317              		.cfi_startproc
 1318              		@ args = 0, pretend = 0, frame = 0
 1319              		@ frame_needed = 1, uses_anonymous_args = 0
 1320              		@ link register save eliminated.
 1321 0000 80B4     		push	{r7}
 1322              		.cfi_def_cfa_offset 4
 1323              		.cfi_offset 7, -4
 1324 0002 00AF     		add	r7, sp, #0
 1325              		.cfi_def_cfa_register 7
 1326              		.loc 21 67 1
 1327 0004 00BF     		nop
 1328 0006 BD46     		mov	sp, r7
 1329              		.cfi_def_cfa_register 13
 1330              		@ sp needed
 1331 0008 80BC     		pop	{r7}
 1332              		.cfi_restore 7
 1333              		.cfi_def_cfa_offset 0
 1334 000a 7047     		bx	lr
 1335              		.cfi_endproc
 1336              	.LFE474:
 1337              		.size	usart3_irq_init, .-usart3_irq_init
 1338              		.section	.text.usart3_irq_deinit,"ax",%progbits
 1339              		.align	1
 1340              		.syntax unified
 1341              		.thumb
 1342              		.thumb_func
 1343              		.type	usart3_irq_deinit, %function
 1344              	usart3_irq_deinit:
 1345              	.LFB475:
 1346              		.loc 21 69 44
 1347              		.cfi_startproc
 1348              		@ args = 0, pretend = 0, frame = 0
 1349              		@ frame_needed = 1, uses_anonymous_args = 0
 1350              		@ link register save eliminated.
 1351 0000 80B4     		push	{r7}
 1352              		.cfi_def_cfa_offset 4
 1353              		.cfi_offset 7, -4
 1354 0002 00AF     		add	r7, sp, #0
 1355              		.cfi_def_cfa_register 7
 1356              		.loc 21 73 1
 1357 0004 00BF     		nop
 1358 0006 BD46     		mov	sp, r7
 1359              		.cfi_def_cfa_register 13
 1360              		@ sp needed
 1361 0008 80BC     		pop	{r7}
 1362              		.cfi_restore 7
 1363              		.cfi_def_cfa_offset 0
 1364 000a 7047     		bx	lr
 1365              		.cfi_endproc
 1366              	.LFE475:
 1367              		.size	usart3_irq_deinit, .-usart3_irq_deinit
 1368              		.section	.text.uart4_irq_init,"ax",%progbits
ARM GAS  C:\Users\DEVELO~1\AppData\Local\Temp\ccZRP2cb.s 			page 25


 1369              		.align	1
 1370              		.syntax unified
 1371              		.thumb
 1372              		.thumb_func
 1373              		.type	uart4_irq_init, %function
 1374              	uart4_irq_init:
 1375              	.LFB476:
 1376              		.file 22 "../../../os/hal/ports/STM32/LLD/USART/stm32_uart4.inc"
 1377              		.loc 22 63 41
 1378              		.cfi_startproc
 1379              		@ args = 0, pretend = 0, frame = 0
 1380              		@ frame_needed = 1, uses_anonymous_args = 0
 1381              		@ link register save eliminated.
 1382 0000 80B4     		push	{r7}
 1383              		.cfi_def_cfa_offset 4
 1384              		.cfi_offset 7, -4
 1385 0002 00AF     		add	r7, sp, #0
 1386              		.cfi_def_cfa_register 7
 1387              		.loc 22 67 1
 1388 0004 00BF     		nop
 1389 0006 BD46     		mov	sp, r7
 1390              		.cfi_def_cfa_register 13
 1391              		@ sp needed
 1392 0008 80BC     		pop	{r7}
 1393              		.cfi_restore 7
 1394              		.cfi_def_cfa_offset 0
 1395 000a 7047     		bx	lr
 1396              		.cfi_endproc
 1397              	.LFE476:
 1398              		.size	uart4_irq_init, .-uart4_irq_init
 1399              		.section	.text.uart4_irq_deinit,"ax",%progbits
 1400              		.align	1
 1401              		.syntax unified
 1402              		.thumb
 1403              		.thumb_func
 1404              		.type	uart4_irq_deinit, %function
 1405              	uart4_irq_deinit:
 1406              	.LFB477:
 1407              		.loc 22 69 43
 1408              		.cfi_startproc
 1409              		@ args = 0, pretend = 0, frame = 0
 1410              		@ frame_needed = 1, uses_anonymous_args = 0
 1411              		@ link register save eliminated.
 1412 0000 80B4     		push	{r7}
 1413              		.cfi_def_cfa_offset 4
 1414              		.cfi_offset 7, -4
 1415 0002 00AF     		add	r7, sp, #0
 1416              		.cfi_def_cfa_register 7
 1417              		.loc 22 73 1
 1418 0004 00BF     		nop
 1419 0006 BD46     		mov	sp, r7
 1420              		.cfi_def_cfa_register 13
 1421              		@ sp needed
 1422 0008 80BC     		pop	{r7}
 1423              		.cfi_restore 7
 1424              		.cfi_def_cfa_offset 0
 1425 000a 7047     		bx	lr
ARM GAS  C:\Users\DEVELO~1\AppData\Local\Temp\ccZRP2cb.s 			page 26


 1426              		.cfi_endproc
 1427              	.LFE477:
 1428              		.size	uart4_irq_deinit, .-uart4_irq_deinit
 1429              		.section	.text.uart5_irq_init,"ax",%progbits
 1430              		.align	1
 1431              		.syntax unified
 1432              		.thumb
 1433              		.thumb_func
 1434              		.type	uart5_irq_init, %function
 1435              	uart5_irq_init:
 1436              	.LFB478:
 1437              		.file 23 "../../../os/hal/ports/STM32/LLD/USART/stm32_uart5.inc"
 1438              		.loc 23 63 41
 1439              		.cfi_startproc
 1440              		@ args = 0, pretend = 0, frame = 0
 1441              		@ frame_needed = 1, uses_anonymous_args = 0
 1442 0000 80B5     		push	{r7, lr}
 1443              		.cfi_def_cfa_offset 8
 1444              		.cfi_offset 7, -8
 1445              		.cfi_offset 14, -4
 1446 0002 00AF     		add	r7, sp, #0
 1447              		.cfi_def_cfa_register 7
 1448              		.loc 23 65 3
 1449 0004 0C21     		movs	r1, #12
 1450 0006 3520     		movs	r0, #53
 1451 0008 FFF7FEFF 		bl	nvicEnableVector
 1452              		.loc 23 67 1
 1453 000c 00BF     		nop
 1454 000e 80BD     		pop	{r7, pc}
 1455              		.cfi_endproc
 1456              	.LFE478:
 1457              		.size	uart5_irq_init, .-uart5_irq_init
 1458              		.section	.text.uart5_irq_deinit,"ax",%progbits
 1459              		.align	1
 1460              		.syntax unified
 1461              		.thumb
 1462              		.thumb_func
 1463              		.type	uart5_irq_deinit, %function
 1464              	uart5_irq_deinit:
 1465              	.LFB479:
 1466              		.loc 23 69 43
 1467              		.cfi_startproc
 1468              		@ args = 0, pretend = 0, frame = 0
 1469              		@ frame_needed = 1, uses_anonymous_args = 0
 1470 0000 80B5     		push	{r7, lr}
 1471              		.cfi_def_cfa_offset 8
 1472              		.cfi_offset 7, -8
 1473              		.cfi_offset 14, -4
 1474 0002 00AF     		add	r7, sp, #0
 1475              		.cfi_def_cfa_register 7
 1476              		.loc 23 71 3
 1477 0004 3520     		movs	r0, #53
 1478 0006 FFF7FEFF 		bl	nvicDisableVector
 1479              		.loc 23 73 1
 1480 000a 00BF     		nop
 1481 000c 80BD     		pop	{r7, pc}
 1482              		.cfi_endproc
ARM GAS  C:\Users\DEVELO~1\AppData\Local\Temp\ccZRP2cb.s 			page 27


 1483              	.LFE479:
 1484              		.size	uart5_irq_deinit, .-uart5_irq_deinit
 1485              		.section	.text.Vector114,"ax",%progbits
 1486              		.align	1
 1487              		.global	Vector114
 1488              		.syntax unified
 1489              		.thumb
 1490              		.thumb_func
 1491              		.type	Vector114, %function
 1492              	Vector114:
 1493              	.LFB480:
 1494              		.loc 23 85 39
 1495              		.cfi_startproc
 1496              		@ args = 0, pretend = 0, frame = 0
 1497              		@ frame_needed = 1, uses_anonymous_args = 0
 1498 0000 80B5     		push	{r7, lr}
 1499              		.cfi_def_cfa_offset 8
 1500              		.cfi_offset 7, -8
 1501              		.cfi_offset 14, -4
 1502 0002 00AF     		add	r7, sp, #0
 1503              		.cfi_def_cfa_register 7
 1504              		.loc 23 87 3
 1505 0004 0648     		ldr	r0, .L54
 1506 0006 FFF7FEFF 		bl	__trace_isr_enter
 1507              		.loc 23 91 3
 1508 000a 0648     		ldr	r0, .L54+4
 1509 000c FFF7FEFF 		bl	sd_lld_serve_interrupt
 1510              		.loc 23 107 3
 1511 0010 0348     		ldr	r0, .L54
 1512 0012 FFF7FEFF 		bl	__trace_isr_leave
 1513 0016 FFF7FEFF 		bl	__port_irq_epilogue
 1514              		.loc 23 108 1
 1515 001a 00BF     		nop
 1516 001c 80BD     		pop	{r7, pc}
 1517              	.L55:
 1518 001e 00BF     		.align	2
 1519              	.L54:
 1520 0020 00000000 		.word	__func__.1
 1521 0024 00000000 		.word	SD5
 1522              		.cfi_endproc
 1523              	.LFE480:
 1524              		.size	Vector114, .-Vector114
 1525              		.section	.text.usart6_irq_init,"ax",%progbits
 1526              		.align	1
 1527              		.syntax unified
 1528              		.thumb
 1529              		.thumb_func
 1530              		.type	usart6_irq_init, %function
 1531              	usart6_irq_init:
 1532              	.LFB481:
 1533              		.file 24 "../../../os/hal/ports/STM32/LLD/USART/stm32_usart6.inc"
 1534              		.loc 24 63 42
 1535              		.cfi_startproc
 1536              		@ args = 0, pretend = 0, frame = 0
 1537              		@ frame_needed = 1, uses_anonymous_args = 0
 1538              		@ link register save eliminated.
 1539 0000 80B4     		push	{r7}
ARM GAS  C:\Users\DEVELO~1\AppData\Local\Temp\ccZRP2cb.s 			page 28


 1540              		.cfi_def_cfa_offset 4
 1541              		.cfi_offset 7, -4
 1542 0002 00AF     		add	r7, sp, #0
 1543              		.cfi_def_cfa_register 7
 1544              		.loc 24 67 1
 1545 0004 00BF     		nop
 1546 0006 BD46     		mov	sp, r7
 1547              		.cfi_def_cfa_register 13
 1548              		@ sp needed
 1549 0008 80BC     		pop	{r7}
 1550              		.cfi_restore 7
 1551              		.cfi_def_cfa_offset 0
 1552 000a 7047     		bx	lr
 1553              		.cfi_endproc
 1554              	.LFE481:
 1555              		.size	usart6_irq_init, .-usart6_irq_init
 1556              		.section	.text.usart6_irq_deinit,"ax",%progbits
 1557              		.align	1
 1558              		.syntax unified
 1559              		.thumb
 1560              		.thumb_func
 1561              		.type	usart6_irq_deinit, %function
 1562              	usart6_irq_deinit:
 1563              	.LFB482:
 1564              		.loc 24 69 44
 1565              		.cfi_startproc
 1566              		@ args = 0, pretend = 0, frame = 0
 1567              		@ frame_needed = 1, uses_anonymous_args = 0
 1568              		@ link register save eliminated.
 1569 0000 80B4     		push	{r7}
 1570              		.cfi_def_cfa_offset 4
 1571              		.cfi_offset 7, -4
 1572 0002 00AF     		add	r7, sp, #0
 1573              		.cfi_def_cfa_register 7
 1574              		.loc 24 73 1
 1575 0004 00BF     		nop
 1576 0006 BD46     		mov	sp, r7
 1577              		.cfi_def_cfa_register 13
 1578              		@ sp needed
 1579 0008 80BC     		pop	{r7}
 1580              		.cfi_restore 7
 1581              		.cfi_def_cfa_offset 0
 1582 000a 7047     		bx	lr
 1583              		.cfi_endproc
 1584              	.LFE482:
 1585              		.size	usart6_irq_deinit, .-usart6_irq_deinit
 1586              		.section	.text.uart7_irq_init,"ax",%progbits
 1587              		.align	1
 1588              		.syntax unified
 1589              		.thumb
 1590              		.thumb_func
 1591              		.type	uart7_irq_init, %function
 1592              	uart7_irq_init:
 1593              	.LFB483:
 1594              		.file 25 "../../../os/hal/ports/STM32/LLD/USART/stm32_uart7.inc"
 1595              		.loc 25 63 41
 1596              		.cfi_startproc
ARM GAS  C:\Users\DEVELO~1\AppData\Local\Temp\ccZRP2cb.s 			page 29


 1597              		@ args = 0, pretend = 0, frame = 0
 1598              		@ frame_needed = 1, uses_anonymous_args = 0
 1599              		@ link register save eliminated.
 1600 0000 80B4     		push	{r7}
 1601              		.cfi_def_cfa_offset 4
 1602              		.cfi_offset 7, -4
 1603 0002 00AF     		add	r7, sp, #0
 1604              		.cfi_def_cfa_register 7
 1605              		.loc 25 67 1
 1606 0004 00BF     		nop
 1607 0006 BD46     		mov	sp, r7
 1608              		.cfi_def_cfa_register 13
 1609              		@ sp needed
 1610 0008 80BC     		pop	{r7}
 1611              		.cfi_restore 7
 1612              		.cfi_def_cfa_offset 0
 1613 000a 7047     		bx	lr
 1614              		.cfi_endproc
 1615              	.LFE483:
 1616              		.size	uart7_irq_init, .-uart7_irq_init
 1617              		.section	.text.uart7_irq_deinit,"ax",%progbits
 1618              		.align	1
 1619              		.syntax unified
 1620              		.thumb
 1621              		.thumb_func
 1622              		.type	uart7_irq_deinit, %function
 1623              	uart7_irq_deinit:
 1624              	.LFB484:
 1625              		.loc 25 69 43
 1626              		.cfi_startproc
 1627              		@ args = 0, pretend = 0, frame = 0
 1628              		@ frame_needed = 1, uses_anonymous_args = 0
 1629              		@ link register save eliminated.
 1630 0000 80B4     		push	{r7}
 1631              		.cfi_def_cfa_offset 4
 1632              		.cfi_offset 7, -4
 1633 0002 00AF     		add	r7, sp, #0
 1634              		.cfi_def_cfa_register 7
 1635              		.loc 25 73 1
 1636 0004 00BF     		nop
 1637 0006 BD46     		mov	sp, r7
 1638              		.cfi_def_cfa_register 13
 1639              		@ sp needed
 1640 0008 80BC     		pop	{r7}
 1641              		.cfi_restore 7
 1642              		.cfi_def_cfa_offset 0
 1643 000a 7047     		bx	lr
 1644              		.cfi_endproc
 1645              	.LFE484:
 1646              		.size	uart7_irq_deinit, .-uart7_irq_deinit
 1647              		.section	.text.uart8_irq_init,"ax",%progbits
 1648              		.align	1
 1649              		.syntax unified
 1650              		.thumb
 1651              		.thumb_func
 1652              		.type	uart8_irq_init, %function
 1653              	uart8_irq_init:
ARM GAS  C:\Users\DEVELO~1\AppData\Local\Temp\ccZRP2cb.s 			page 30


 1654              	.LFB485:
 1655              		.file 26 "../../../os/hal/ports/STM32/LLD/USART/stm32_uart8.inc"
 1656              		.loc 26 63 41
 1657              		.cfi_startproc
 1658              		@ args = 0, pretend = 0, frame = 0
 1659              		@ frame_needed = 1, uses_anonymous_args = 0
 1660              		@ link register save eliminated.
 1661 0000 80B4     		push	{r7}
 1662              		.cfi_def_cfa_offset 4
 1663              		.cfi_offset 7, -4
 1664 0002 00AF     		add	r7, sp, #0
 1665              		.cfi_def_cfa_register 7
 1666              		.loc 26 67 1
 1667 0004 00BF     		nop
 1668 0006 BD46     		mov	sp, r7
 1669              		.cfi_def_cfa_register 13
 1670              		@ sp needed
 1671 0008 80BC     		pop	{r7}
 1672              		.cfi_restore 7
 1673              		.cfi_def_cfa_offset 0
 1674 000a 7047     		bx	lr
 1675              		.cfi_endproc
 1676              	.LFE485:
 1677              		.size	uart8_irq_init, .-uart8_irq_init
 1678              		.section	.text.uart8_irq_deinit,"ax",%progbits
 1679              		.align	1
 1680              		.syntax unified
 1681              		.thumb
 1682              		.thumb_func
 1683              		.type	uart8_irq_deinit, %function
 1684              	uart8_irq_deinit:
 1685              	.LFB486:
 1686              		.loc 26 69 43
 1687              		.cfi_startproc
 1688              		@ args = 0, pretend = 0, frame = 0
 1689              		@ frame_needed = 1, uses_anonymous_args = 0
 1690              		@ link register save eliminated.
 1691 0000 80B4     		push	{r7}
 1692              		.cfi_def_cfa_offset 4
 1693              		.cfi_offset 7, -4
 1694 0002 00AF     		add	r7, sp, #0
 1695              		.cfi_def_cfa_register 7
 1696              		.loc 26 73 1
 1697 0004 00BF     		nop
 1698 0006 BD46     		mov	sp, r7
 1699              		.cfi_def_cfa_register 13
 1700              		@ sp needed
 1701 0008 80BC     		pop	{r7}
 1702              		.cfi_restore 7
 1703              		.cfi_def_cfa_offset 0
 1704 000a 7047     		bx	lr
 1705              		.cfi_endproc
 1706              	.LFE486:
 1707              		.size	uart8_irq_deinit, .-uart8_irq_deinit
 1708              		.section	.text.uart9_irq_init,"ax",%progbits
 1709              		.align	1
 1710              		.syntax unified
ARM GAS  C:\Users\DEVELO~1\AppData\Local\Temp\ccZRP2cb.s 			page 31


 1711              		.thumb
 1712              		.thumb_func
 1713              		.type	uart9_irq_init, %function
 1714              	uart9_irq_init:
 1715              	.LFB487:
 1716              		.file 27 "../../../os/hal/ports/STM32/LLD/USART/stm32_uart9.inc"
 1717              		.loc 27 63 41
 1718              		.cfi_startproc
 1719              		@ args = 0, pretend = 0, frame = 0
 1720              		@ frame_needed = 1, uses_anonymous_args = 0
 1721              		@ link register save eliminated.
 1722 0000 80B4     		push	{r7}
 1723              		.cfi_def_cfa_offset 4
 1724              		.cfi_offset 7, -4
 1725 0002 00AF     		add	r7, sp, #0
 1726              		.cfi_def_cfa_register 7
 1727              		.loc 27 67 1
 1728 0004 00BF     		nop
 1729 0006 BD46     		mov	sp, r7
 1730              		.cfi_def_cfa_register 13
 1731              		@ sp needed
 1732 0008 80BC     		pop	{r7}
 1733              		.cfi_restore 7
 1734              		.cfi_def_cfa_offset 0
 1735 000a 7047     		bx	lr
 1736              		.cfi_endproc
 1737              	.LFE487:
 1738              		.size	uart9_irq_init, .-uart9_irq_init
 1739              		.section	.text.uart9_irq_deinit,"ax",%progbits
 1740              		.align	1
 1741              		.syntax unified
 1742              		.thumb
 1743              		.thumb_func
 1744              		.type	uart9_irq_deinit, %function
 1745              	uart9_irq_deinit:
 1746              	.LFB488:
 1747              		.loc 27 69 43
 1748              		.cfi_startproc
 1749              		@ args = 0, pretend = 0, frame = 0
 1750              		@ frame_needed = 1, uses_anonymous_args = 0
 1751              		@ link register save eliminated.
 1752 0000 80B4     		push	{r7}
 1753              		.cfi_def_cfa_offset 4
 1754              		.cfi_offset 7, -4
 1755 0002 00AF     		add	r7, sp, #0
 1756              		.cfi_def_cfa_register 7
 1757              		.loc 27 73 1
 1758 0004 00BF     		nop
 1759 0006 BD46     		mov	sp, r7
 1760              		.cfi_def_cfa_register 13
 1761              		@ sp needed
 1762 0008 80BC     		pop	{r7}
 1763              		.cfi_restore 7
 1764              		.cfi_def_cfa_offset 0
 1765 000a 7047     		bx	lr
 1766              		.cfi_endproc
 1767              	.LFE488:
ARM GAS  C:\Users\DEVELO~1\AppData\Local\Temp\ccZRP2cb.s 			page 32


 1768              		.size	uart9_irq_deinit, .-uart9_irq_deinit
 1769              		.section	.text.usart10_irq_init,"ax",%progbits
 1770              		.align	1
 1771              		.syntax unified
 1772              		.thumb
 1773              		.thumb_func
 1774              		.type	usart10_irq_init, %function
 1775              	usart10_irq_init:
 1776              	.LFB489:
 1777              		.file 28 "../../../os/hal/ports/STM32/LLD/USART/stm32_usart10.inc"
 1778              		.loc 28 63 43
 1779              		.cfi_startproc
 1780              		@ args = 0, pretend = 0, frame = 0
 1781              		@ frame_needed = 1, uses_anonymous_args = 0
 1782              		@ link register save eliminated.
 1783 0000 80B4     		push	{r7}
 1784              		.cfi_def_cfa_offset 4
 1785              		.cfi_offset 7, -4
 1786 0002 00AF     		add	r7, sp, #0
 1787              		.cfi_def_cfa_register 7
 1788              		.loc 28 67 1
 1789 0004 00BF     		nop
 1790 0006 BD46     		mov	sp, r7
 1791              		.cfi_def_cfa_register 13
 1792              		@ sp needed
 1793 0008 80BC     		pop	{r7}
 1794              		.cfi_restore 7
 1795              		.cfi_def_cfa_offset 0
 1796 000a 7047     		bx	lr
 1797              		.cfi_endproc
 1798              	.LFE489:
 1799              		.size	usart10_irq_init, .-usart10_irq_init
 1800              		.section	.text.usart10_irq_deinit,"ax",%progbits
 1801              		.align	1
 1802              		.syntax unified
 1803              		.thumb
 1804              		.thumb_func
 1805              		.type	usart10_irq_deinit, %function
 1806              	usart10_irq_deinit:
 1807              	.LFB490:
 1808              		.loc 28 69 45
 1809              		.cfi_startproc
 1810              		@ args = 0, pretend = 0, frame = 0
 1811              		@ frame_needed = 1, uses_anonymous_args = 0
 1812              		@ link register save eliminated.
 1813 0000 80B4     		push	{r7}
 1814              		.cfi_def_cfa_offset 4
 1815              		.cfi_offset 7, -4
 1816 0002 00AF     		add	r7, sp, #0
 1817              		.cfi_def_cfa_register 7
 1818              		.loc 28 73 1
 1819 0004 00BF     		nop
 1820 0006 BD46     		mov	sp, r7
 1821              		.cfi_def_cfa_register 13
 1822              		@ sp needed
 1823 0008 80BC     		pop	{r7}
 1824              		.cfi_restore 7
ARM GAS  C:\Users\DEVELO~1\AppData\Local\Temp\ccZRP2cb.s 			page 33


 1825              		.cfi_def_cfa_offset 0
 1826 000a 7047     		bx	lr
 1827              		.cfi_endproc
 1828              	.LFE490:
 1829              		.size	usart10_irq_deinit, .-usart10_irq_deinit
 1830              		.section	.text.lpuart1_irq_init,"ax",%progbits
 1831              		.align	1
 1832              		.syntax unified
 1833              		.thumb
 1834              		.thumb_func
 1835              		.type	lpuart1_irq_init, %function
 1836              	lpuart1_irq_init:
 1837              	.LFB491:
 1838              		.file 29 "../../../os/hal/ports/STM32/LLD/USART/stm32_lpuart1.inc"
 1839              		.loc 29 63 43
 1840              		.cfi_startproc
 1841              		@ args = 0, pretend = 0, frame = 0
 1842              		@ frame_needed = 1, uses_anonymous_args = 0
 1843              		@ link register save eliminated.
 1844 0000 80B4     		push	{r7}
 1845              		.cfi_def_cfa_offset 4
 1846              		.cfi_offset 7, -4
 1847 0002 00AF     		add	r7, sp, #0
 1848              		.cfi_def_cfa_register 7
 1849              		.loc 29 67 1
 1850 0004 00BF     		nop
 1851 0006 BD46     		mov	sp, r7
 1852              		.cfi_def_cfa_register 13
 1853              		@ sp needed
 1854 0008 80BC     		pop	{r7}
 1855              		.cfi_restore 7
 1856              		.cfi_def_cfa_offset 0
 1857 000a 7047     		bx	lr
 1858              		.cfi_endproc
 1859              	.LFE491:
 1860              		.size	lpuart1_irq_init, .-lpuart1_irq_init
 1861              		.section	.text.lpuart1_irq_deinit,"ax",%progbits
 1862              		.align	1
 1863              		.syntax unified
 1864              		.thumb
 1865              		.thumb_func
 1866              		.type	lpuart1_irq_deinit, %function
 1867              	lpuart1_irq_deinit:
 1868              	.LFB492:
 1869              		.loc 29 69 45
 1870              		.cfi_startproc
 1871              		@ args = 0, pretend = 0, frame = 0
 1872              		@ frame_needed = 1, uses_anonymous_args = 0
 1873              		@ link register save eliminated.
 1874 0000 80B4     		push	{r7}
 1875              		.cfi_def_cfa_offset 4
 1876              		.cfi_offset 7, -4
 1877 0002 00AF     		add	r7, sp, #0
 1878              		.cfi_def_cfa_register 7
 1879              		.loc 29 73 1
 1880 0004 00BF     		nop
 1881 0006 BD46     		mov	sp, r7
ARM GAS  C:\Users\DEVELO~1\AppData\Local\Temp\ccZRP2cb.s 			page 34


 1882              		.cfi_def_cfa_register 13
 1883              		@ sp needed
 1884 0008 80BC     		pop	{r7}
 1885              		.cfi_restore 7
 1886              		.cfi_def_cfa_offset 0
 1887 000a 7047     		bx	lr
 1888              		.cfi_endproc
 1889              	.LFE492:
 1890              		.size	lpuart1_irq_deinit, .-lpuart1_irq_deinit
 1891              		.section	.text.tim1_irq_init,"ax",%progbits
 1892              		.align	1
 1893              		.syntax unified
 1894              		.thumb
 1895              		.thumb_func
 1896              		.type	tim1_irq_init, %function
 1897              	tim1_irq_init:
 1898              	.LFB493:
 1899              		.file 30 "../../../os/hal/ports/STM32/LLD/TIMv1/stm32_tim1.inc"
 1900              		.loc 30 86 40
 1901              		.cfi_startproc
 1902              		@ args = 0, pretend = 0, frame = 0
 1903              		@ frame_needed = 1, uses_anonymous_args = 0
 1904              		@ link register save eliminated.
 1905 0000 80B4     		push	{r7}
 1906              		.cfi_def_cfa_offset 4
 1907              		.cfi_offset 7, -4
 1908 0002 00AF     		add	r7, sp, #0
 1909              		.cfi_def_cfa_register 7
 1910              		.loc 30 91 1
 1911 0004 00BF     		nop
 1912 0006 BD46     		mov	sp, r7
 1913              		.cfi_def_cfa_register 13
 1914              		@ sp needed
 1915 0008 80BC     		pop	{r7}
 1916              		.cfi_restore 7
 1917              		.cfi_def_cfa_offset 0
 1918 000a 7047     		bx	lr
 1919              		.cfi_endproc
 1920              	.LFE493:
 1921              		.size	tim1_irq_init, .-tim1_irq_init
 1922              		.section	.text.tim1_irq_deinit,"ax",%progbits
 1923              		.align	1
 1924              		.syntax unified
 1925              		.thumb
 1926              		.thumb_func
 1927              		.type	tim1_irq_deinit, %function
 1928              	tim1_irq_deinit:
 1929              	.LFB494:
 1930              		.loc 30 93 42
 1931              		.cfi_startproc
 1932              		@ args = 0, pretend = 0, frame = 0
 1933              		@ frame_needed = 1, uses_anonymous_args = 0
 1934              		@ link register save eliminated.
 1935 0000 80B4     		push	{r7}
 1936              		.cfi_def_cfa_offset 4
 1937              		.cfi_offset 7, -4
 1938 0002 00AF     		add	r7, sp, #0
ARM GAS  C:\Users\DEVELO~1\AppData\Local\Temp\ccZRP2cb.s 			page 35


 1939              		.cfi_def_cfa_register 7
 1940              		.loc 30 98 1
 1941 0004 00BF     		nop
 1942 0006 BD46     		mov	sp, r7
 1943              		.cfi_def_cfa_register 13
 1944              		@ sp needed
 1945 0008 80BC     		pop	{r7}
 1946              		.cfi_restore 7
 1947              		.cfi_def_cfa_offset 0
 1948 000a 7047     		bx	lr
 1949              		.cfi_endproc
 1950              	.LFE494:
 1951              		.size	tim1_irq_deinit, .-tim1_irq_deinit
 1952              		.section	.text.tim2_irq_init,"ax",%progbits
 1953              		.align	1
 1954              		.syntax unified
 1955              		.thumb
 1956              		.thumb_func
 1957              		.type	tim2_irq_init, %function
 1958              	tim2_irq_init:
 1959              	.LFB495:
 1960              		.file 31 "../../../os/hal/ports/STM32/LLD/TIMv1/stm32_tim2.inc"
 1961              		.loc 31 78 40
 1962              		.cfi_startproc
 1963              		@ args = 0, pretend = 0, frame = 0
 1964              		@ frame_needed = 1, uses_anonymous_args = 0
 1965 0000 80B5     		push	{r7, lr}
 1966              		.cfi_def_cfa_offset 8
 1967              		.cfi_offset 7, -8
 1968              		.cfi_offset 14, -4
 1969 0002 00AF     		add	r7, sp, #0
 1970              		.cfi_def_cfa_register 7
 1971              		.loc 31 80 3
 1972 0004 0721     		movs	r1, #7
 1973 0006 1C20     		movs	r0, #28
 1974 0008 FFF7FEFF 		bl	nvicEnableVector
 1975              		.loc 31 82 1
 1976 000c 00BF     		nop
 1977 000e 80BD     		pop	{r7, pc}
 1978              		.cfi_endproc
 1979              	.LFE495:
 1980              		.size	tim2_irq_init, .-tim2_irq_init
 1981              		.section	.text.tim2_irq_deinit,"ax",%progbits
 1982              		.align	1
 1983              		.syntax unified
 1984              		.thumb
 1985              		.thumb_func
 1986              		.type	tim2_irq_deinit, %function
 1987              	tim2_irq_deinit:
 1988              	.LFB496:
 1989              		.loc 31 84 42
 1990              		.cfi_startproc
 1991              		@ args = 0, pretend = 0, frame = 0
 1992              		@ frame_needed = 1, uses_anonymous_args = 0
 1993 0000 80B5     		push	{r7, lr}
 1994              		.cfi_def_cfa_offset 8
 1995              		.cfi_offset 7, -8
ARM GAS  C:\Users\DEVELO~1\AppData\Local\Temp\ccZRP2cb.s 			page 36


 1996              		.cfi_offset 14, -4
 1997 0002 00AF     		add	r7, sp, #0
 1998              		.cfi_def_cfa_register 7
 1999              		.loc 31 86 3
 2000 0004 1C20     		movs	r0, #28
 2001 0006 FFF7FEFF 		bl	nvicDisableVector
 2002              		.loc 31 88 1
 2003 000a 00BF     		nop
 2004 000c 80BD     		pop	{r7, pc}
 2005              		.cfi_endproc
 2006              	.LFE496:
 2007              		.size	tim2_irq_deinit, .-tim2_irq_deinit
 2008              		.section	.text.VectorB0,"ax",%progbits
 2009              		.align	1
 2010              		.global	VectorB0
 2011              		.syntax unified
 2012              		.thumb
 2013              		.thumb_func
 2014              		.type	VectorB0, %function
 2015              	VectorB0:
 2016              	.LFB497:
 2017              		.loc 31 100 38
 2018              		.cfi_startproc
 2019              		@ args = 0, pretend = 0, frame = 0
 2020              		@ frame_needed = 1, uses_anonymous_args = 0
 2021 0000 80B5     		push	{r7, lr}
 2022              		.cfi_def_cfa_offset 8
 2023              		.cfi_offset 7, -8
 2024              		.cfi_offset 14, -4
 2025 0002 00AF     		add	r7, sp, #0
 2026              		.cfi_def_cfa_register 7
 2027              		.loc 31 102 3
 2028 0004 0548     		ldr	r0, .L73
 2029 0006 FFF7FEFF 		bl	__trace_isr_enter
 2030              		.loc 31 121 3
 2031 000a FFF7FEFF 		bl	st_lld_serve_interrupt
 2032              		.loc 31 125 3
 2033 000e 0348     		ldr	r0, .L73
 2034 0010 FFF7FEFF 		bl	__trace_isr_leave
 2035 0014 FFF7FEFF 		bl	__port_irq_epilogue
 2036              		.loc 31 126 1
 2037 0018 00BF     		nop
 2038 001a 80BD     		pop	{r7, pc}
 2039              	.L74:
 2040              		.align	2
 2041              	.L73:
 2042 001c 00000000 		.word	__func__.0
 2043              		.cfi_endproc
 2044              	.LFE497:
 2045              		.size	VectorB0, .-VectorB0
 2046              		.section	.text.tim3_irq_init,"ax",%progbits
 2047              		.align	1
 2048              		.syntax unified
 2049              		.thumb
 2050              		.thumb_func
 2051              		.type	tim3_irq_init, %function
 2052              	tim3_irq_init:
ARM GAS  C:\Users\DEVELO~1\AppData\Local\Temp\ccZRP2cb.s 			page 37


 2053              	.LFB498:
 2054              		.file 32 "../../../os/hal/ports/STM32/LLD/TIMv1/stm32_tim3.inc"
 2055              		.loc 32 78 40
 2056              		.cfi_startproc
 2057              		@ args = 0, pretend = 0, frame = 0
 2058              		@ frame_needed = 1, uses_anonymous_args = 0
 2059              		@ link register save eliminated.
 2060 0000 80B4     		push	{r7}
 2061              		.cfi_def_cfa_offset 4
 2062              		.cfi_offset 7, -4
 2063 0002 00AF     		add	r7, sp, #0
 2064              		.cfi_def_cfa_register 7
 2065              		.loc 32 82 1
 2066 0004 00BF     		nop
 2067 0006 BD46     		mov	sp, r7
 2068              		.cfi_def_cfa_register 13
 2069              		@ sp needed
 2070 0008 80BC     		pop	{r7}
 2071              		.cfi_restore 7
 2072              		.cfi_def_cfa_offset 0
 2073 000a 7047     		bx	lr
 2074              		.cfi_endproc
 2075              	.LFE498:
 2076              		.size	tim3_irq_init, .-tim3_irq_init
 2077              		.section	.text.tim3_irq_deinit,"ax",%progbits
 2078              		.align	1
 2079              		.syntax unified
 2080              		.thumb
 2081              		.thumb_func
 2082              		.type	tim3_irq_deinit, %function
 2083              	tim3_irq_deinit:
 2084              	.LFB499:
 2085              		.loc 32 84 42
 2086              		.cfi_startproc
 2087              		@ args = 0, pretend = 0, frame = 0
 2088              		@ frame_needed = 1, uses_anonymous_args = 0
 2089              		@ link register save eliminated.
 2090 0000 80B4     		push	{r7}
 2091              		.cfi_def_cfa_offset 4
 2092              		.cfi_offset 7, -4
 2093 0002 00AF     		add	r7, sp, #0
 2094              		.cfi_def_cfa_register 7
 2095              		.loc 32 88 1
 2096 0004 00BF     		nop
 2097 0006 BD46     		mov	sp, r7
 2098              		.cfi_def_cfa_register 13
 2099              		@ sp needed
 2100 0008 80BC     		pop	{r7}
 2101              		.cfi_restore 7
 2102              		.cfi_def_cfa_offset 0
 2103 000a 7047     		bx	lr
 2104              		.cfi_endproc
 2105              	.LFE499:
 2106              		.size	tim3_irq_deinit, .-tim3_irq_deinit
 2107              		.section	.text.tim4_irq_init,"ax",%progbits
 2108              		.align	1
 2109              		.syntax unified
ARM GAS  C:\Users\DEVELO~1\AppData\Local\Temp\ccZRP2cb.s 			page 38


 2110              		.thumb
 2111              		.thumb_func
 2112              		.type	tim4_irq_init, %function
 2113              	tim4_irq_init:
 2114              	.LFB500:
 2115              		.file 33 "../../../os/hal/ports/STM32/LLD/TIMv1/stm32_tim4.inc"
 2116              		.loc 33 78 40
 2117              		.cfi_startproc
 2118              		@ args = 0, pretend = 0, frame = 0
 2119              		@ frame_needed = 1, uses_anonymous_args = 0
 2120              		@ link register save eliminated.
 2121 0000 80B4     		push	{r7}
 2122              		.cfi_def_cfa_offset 4
 2123              		.cfi_offset 7, -4
 2124 0002 00AF     		add	r7, sp, #0
 2125              		.cfi_def_cfa_register 7
 2126              		.loc 33 82 1
 2127 0004 00BF     		nop
 2128 0006 BD46     		mov	sp, r7
 2129              		.cfi_def_cfa_register 13
 2130              		@ sp needed
 2131 0008 80BC     		pop	{r7}
 2132              		.cfi_restore 7
 2133              		.cfi_def_cfa_offset 0
 2134 000a 7047     		bx	lr
 2135              		.cfi_endproc
 2136              	.LFE500:
 2137              		.size	tim4_irq_init, .-tim4_irq_init
 2138              		.section	.text.tim4_irq_deinit,"ax",%progbits
 2139              		.align	1
 2140              		.syntax unified
 2141              		.thumb
 2142              		.thumb_func
 2143              		.type	tim4_irq_deinit, %function
 2144              	tim4_irq_deinit:
 2145              	.LFB501:
 2146              		.loc 33 84 42
 2147              		.cfi_startproc
 2148              		@ args = 0, pretend = 0, frame = 0
 2149              		@ frame_needed = 1, uses_anonymous_args = 0
 2150              		@ link register save eliminated.
 2151 0000 80B4     		push	{r7}
 2152              		.cfi_def_cfa_offset 4
 2153              		.cfi_offset 7, -4
 2154 0002 00AF     		add	r7, sp, #0
 2155              		.cfi_def_cfa_register 7
 2156              		.loc 33 88 1
 2157 0004 00BF     		nop
 2158 0006 BD46     		mov	sp, r7
 2159              		.cfi_def_cfa_register 13
 2160              		@ sp needed
 2161 0008 80BC     		pop	{r7}
 2162              		.cfi_restore 7
 2163              		.cfi_def_cfa_offset 0
 2164 000a 7047     		bx	lr
 2165              		.cfi_endproc
 2166              	.LFE501:
ARM GAS  C:\Users\DEVELO~1\AppData\Local\Temp\ccZRP2cb.s 			page 39


 2167              		.size	tim4_irq_deinit, .-tim4_irq_deinit
 2168              		.section	.text.tim5_irq_init,"ax",%progbits
 2169              		.align	1
 2170              		.syntax unified
 2171              		.thumb
 2172              		.thumb_func
 2173              		.type	tim5_irq_init, %function
 2174              	tim5_irq_init:
 2175              	.LFB502:
 2176              		.file 34 "../../../os/hal/ports/STM32/LLD/TIMv1/stm32_tim5.inc"
 2177              		.loc 34 78 40
 2178              		.cfi_startproc
 2179              		@ args = 0, pretend = 0, frame = 0
 2180              		@ frame_needed = 1, uses_anonymous_args = 0
 2181              		@ link register save eliminated.
 2182 0000 80B4     		push	{r7}
 2183              		.cfi_def_cfa_offset 4
 2184              		.cfi_offset 7, -4
 2185 0002 00AF     		add	r7, sp, #0
 2186              		.cfi_def_cfa_register 7
 2187              		.loc 34 82 1
 2188 0004 00BF     		nop
 2189 0006 BD46     		mov	sp, r7
 2190              		.cfi_def_cfa_register 13
 2191              		@ sp needed
 2192 0008 80BC     		pop	{r7}
 2193              		.cfi_restore 7
 2194              		.cfi_def_cfa_offset 0
 2195 000a 7047     		bx	lr
 2196              		.cfi_endproc
 2197              	.LFE502:
 2198              		.size	tim5_irq_init, .-tim5_irq_init
 2199              		.section	.text.tim5_irq_deinit,"ax",%progbits
 2200              		.align	1
 2201              		.syntax unified
 2202              		.thumb
 2203              		.thumb_func
 2204              		.type	tim5_irq_deinit, %function
 2205              	tim5_irq_deinit:
 2206              	.LFB503:
 2207              		.loc 34 84 42
 2208              		.cfi_startproc
 2209              		@ args = 0, pretend = 0, frame = 0
 2210              		@ frame_needed = 1, uses_anonymous_args = 0
 2211              		@ link register save eliminated.
 2212 0000 80B4     		push	{r7}
 2213              		.cfi_def_cfa_offset 4
 2214              		.cfi_offset 7, -4
 2215 0002 00AF     		add	r7, sp, #0
 2216              		.cfi_def_cfa_register 7
 2217              		.loc 34 88 1
 2218 0004 00BF     		nop
 2219 0006 BD46     		mov	sp, r7
 2220              		.cfi_def_cfa_register 13
 2221              		@ sp needed
 2222 0008 80BC     		pop	{r7}
 2223              		.cfi_restore 7
ARM GAS  C:\Users\DEVELO~1\AppData\Local\Temp\ccZRP2cb.s 			page 40


 2224              		.cfi_def_cfa_offset 0
 2225 000a 7047     		bx	lr
 2226              		.cfi_endproc
 2227              	.LFE503:
 2228              		.size	tim5_irq_deinit, .-tim5_irq_deinit
 2229              		.section	.text.tim6_irq_init,"ax",%progbits
 2230              		.align	1
 2231              		.syntax unified
 2232              		.thumb
 2233              		.thumb_func
 2234              		.type	tim6_irq_init, %function
 2235              	tim6_irq_init:
 2236              	.LFB504:
 2237              		.file 35 "../../../os/hal/ports/STM32/LLD/TIMv1/stm32_tim6.inc"
 2238              		.loc 35 78 40
 2239              		.cfi_startproc
 2240              		@ args = 0, pretend = 0, frame = 0
 2241              		@ frame_needed = 1, uses_anonymous_args = 0
 2242              		@ link register save eliminated.
 2243 0000 80B4     		push	{r7}
 2244              		.cfi_def_cfa_offset 4
 2245              		.cfi_offset 7, -4
 2246 0002 00AF     		add	r7, sp, #0
 2247              		.cfi_def_cfa_register 7
 2248              		.loc 35 82 1
 2249 0004 00BF     		nop
 2250 0006 BD46     		mov	sp, r7
 2251              		.cfi_def_cfa_register 13
 2252              		@ sp needed
 2253 0008 80BC     		pop	{r7}
 2254              		.cfi_restore 7
 2255              		.cfi_def_cfa_offset 0
 2256 000a 7047     		bx	lr
 2257              		.cfi_endproc
 2258              	.LFE504:
 2259              		.size	tim6_irq_init, .-tim6_irq_init
 2260              		.section	.text.tim6_irq_deinit,"ax",%progbits
 2261              		.align	1
 2262              		.syntax unified
 2263              		.thumb
 2264              		.thumb_func
 2265              		.type	tim6_irq_deinit, %function
 2266              	tim6_irq_deinit:
 2267              	.LFB505:
 2268              		.loc 35 84 42
 2269              		.cfi_startproc
 2270              		@ args = 0, pretend = 0, frame = 0
 2271              		@ frame_needed = 1, uses_anonymous_args = 0
 2272              		@ link register save eliminated.
 2273 0000 80B4     		push	{r7}
 2274              		.cfi_def_cfa_offset 4
 2275              		.cfi_offset 7, -4
 2276 0002 00AF     		add	r7, sp, #0
 2277              		.cfi_def_cfa_register 7
 2278              		.loc 35 88 1
 2279 0004 00BF     		nop
 2280 0006 BD46     		mov	sp, r7
ARM GAS  C:\Users\DEVELO~1\AppData\Local\Temp\ccZRP2cb.s 			page 41


 2281              		.cfi_def_cfa_register 13
 2282              		@ sp needed
 2283 0008 80BC     		pop	{r7}
 2284              		.cfi_restore 7
 2285              		.cfi_def_cfa_offset 0
 2286 000a 7047     		bx	lr
 2287              		.cfi_endproc
 2288              	.LFE505:
 2289              		.size	tim6_irq_deinit, .-tim6_irq_deinit
 2290              		.section	.text.tim7_irq_init,"ax",%progbits
 2291              		.align	1
 2292              		.syntax unified
 2293              		.thumb
 2294              		.thumb_func
 2295              		.type	tim7_irq_init, %function
 2296              	tim7_irq_init:
 2297              	.LFB506:
 2298              		.file 36 "../../../os/hal/ports/STM32/LLD/TIMv1/stm32_tim7.inc"
 2299              		.loc 36 78 40
 2300              		.cfi_startproc
 2301              		@ args = 0, pretend = 0, frame = 0
 2302              		@ frame_needed = 1, uses_anonymous_args = 0
 2303              		@ link register save eliminated.
 2304 0000 80B4     		push	{r7}
 2305              		.cfi_def_cfa_offset 4
 2306              		.cfi_offset 7, -4
 2307 0002 00AF     		add	r7, sp, #0
 2308              		.cfi_def_cfa_register 7
 2309              		.loc 36 82 1
 2310 0004 00BF     		nop
 2311 0006 BD46     		mov	sp, r7
 2312              		.cfi_def_cfa_register 13
 2313              		@ sp needed
 2314 0008 80BC     		pop	{r7}
 2315              		.cfi_restore 7
 2316              		.cfi_def_cfa_offset 0
 2317 000a 7047     		bx	lr
 2318              		.cfi_endproc
 2319              	.LFE506:
 2320              		.size	tim7_irq_init, .-tim7_irq_init
 2321              		.section	.text.tim7_irq_deinit,"ax",%progbits
 2322              		.align	1
 2323              		.syntax unified
 2324              		.thumb
 2325              		.thumb_func
 2326              		.type	tim7_irq_deinit, %function
 2327              	tim7_irq_deinit:
 2328              	.LFB507:
 2329              		.loc 36 84 42
 2330              		.cfi_startproc
 2331              		@ args = 0, pretend = 0, frame = 0
 2332              		@ frame_needed = 1, uses_anonymous_args = 0
 2333              		@ link register save eliminated.
 2334 0000 80B4     		push	{r7}
 2335              		.cfi_def_cfa_offset 4
 2336              		.cfi_offset 7, -4
 2337 0002 00AF     		add	r7, sp, #0
ARM GAS  C:\Users\DEVELO~1\AppData\Local\Temp\ccZRP2cb.s 			page 42


 2338              		.cfi_def_cfa_register 7
 2339              		.loc 36 88 1
 2340 0004 00BF     		nop
 2341 0006 BD46     		mov	sp, r7
 2342              		.cfi_def_cfa_register 13
 2343              		@ sp needed
 2344 0008 80BC     		pop	{r7}
 2345              		.cfi_restore 7
 2346              		.cfi_def_cfa_offset 0
 2347 000a 7047     		bx	lr
 2348              		.cfi_endproc
 2349              	.LFE507:
 2350              		.size	tim7_irq_deinit, .-tim7_irq_deinit
 2351              		.section	.text.tim8_tim12_tim13_tim14_irq_init,"ax",%progbits
 2352              		.align	1
 2353              		.syntax unified
 2354              		.thumb
 2355              		.thumb_func
 2356              		.type	tim8_tim12_tim13_tim14_irq_init, %function
 2357              	tim8_tim12_tim13_tim14_irq_init:
 2358              	.LFB508:
 2359              		.file 37 "../../../os/hal/ports/STM32/LLD/TIMv1/stm32_tim8_12_13_14.inc"
 2360              		.loc 37 153 58
 2361              		.cfi_startproc
 2362              		@ args = 0, pretend = 0, frame = 0
 2363              		@ frame_needed = 1, uses_anonymous_args = 0
 2364              		@ link register save eliminated.
 2365 0000 80B4     		push	{r7}
 2366              		.cfi_def_cfa_offset 4
 2367              		.cfi_offset 7, -4
 2368 0002 00AF     		add	r7, sp, #0
 2369              		.cfi_def_cfa_register 7
 2370              		.loc 37 170 1
 2371 0004 00BF     		nop
 2372 0006 BD46     		mov	sp, r7
 2373              		.cfi_def_cfa_register 13
 2374              		@ sp needed
 2375 0008 80BC     		pop	{r7}
 2376              		.cfi_restore 7
 2377              		.cfi_def_cfa_offset 0
 2378 000a 7047     		bx	lr
 2379              		.cfi_endproc
 2380              	.LFE508:
 2381              		.size	tim8_tim12_tim13_tim14_irq_init, .-tim8_tim12_tim13_tim14_irq_init
 2382              		.section	.text.tim8_tim12_tim13_tim14_irq_deinit,"ax",%progbits
 2383              		.align	1
 2384              		.syntax unified
 2385              		.thumb
 2386              		.thumb_func
 2387              		.type	tim8_tim12_tim13_tim14_irq_deinit, %function
 2388              	tim8_tim12_tim13_tim14_irq_deinit:
 2389              	.LFB509:
 2390              		.loc 37 172 60
 2391              		.cfi_startproc
 2392              		@ args = 0, pretend = 0, frame = 0
 2393              		@ frame_needed = 1, uses_anonymous_args = 0
 2394              		@ link register save eliminated.
ARM GAS  C:\Users\DEVELO~1\AppData\Local\Temp\ccZRP2cb.s 			page 43


 2395 0000 80B4     		push	{r7}
 2396              		.cfi_def_cfa_offset 4
 2397              		.cfi_offset 7, -4
 2398 0002 00AF     		add	r7, sp, #0
 2399              		.cfi_def_cfa_register 7
 2400              		.loc 37 185 1
 2401 0004 00BF     		nop
 2402 0006 BD46     		mov	sp, r7
 2403              		.cfi_def_cfa_register 13
 2404              		@ sp needed
 2405 0008 80BC     		pop	{r7}
 2406              		.cfi_restore 7
 2407              		.cfi_def_cfa_offset 0
 2408 000a 7047     		bx	lr
 2409              		.cfi_endproc
 2410              	.LFE509:
 2411              		.size	tim8_tim12_tim13_tim14_irq_deinit, .-tim8_tim12_tim13_tim14_irq_deinit
 2412              		.section	.text.tim15_irq_init,"ax",%progbits
 2413              		.align	1
 2414              		.syntax unified
 2415              		.thumb
 2416              		.thumb_func
 2417              		.type	tim15_irq_init, %function
 2418              	tim15_irq_init:
 2419              	.LFB510:
 2420              		.file 38 "../../../os/hal/ports/STM32/LLD/TIMv1/stm32_tim15.inc"
 2421              		.loc 38 78 41
 2422              		.cfi_startproc
 2423              		@ args = 0, pretend = 0, frame = 0
 2424              		@ frame_needed = 1, uses_anonymous_args = 0
 2425              		@ link register save eliminated.
 2426 0000 80B4     		push	{r7}
 2427              		.cfi_def_cfa_offset 4
 2428              		.cfi_offset 7, -4
 2429 0002 00AF     		add	r7, sp, #0
 2430              		.cfi_def_cfa_register 7
 2431              		.loc 38 82 1
 2432 0004 00BF     		nop
 2433 0006 BD46     		mov	sp, r7
 2434              		.cfi_def_cfa_register 13
 2435              		@ sp needed
 2436 0008 80BC     		pop	{r7}
 2437              		.cfi_restore 7
 2438              		.cfi_def_cfa_offset 0
 2439 000a 7047     		bx	lr
 2440              		.cfi_endproc
 2441              	.LFE510:
 2442              		.size	tim15_irq_init, .-tim15_irq_init
 2443              		.section	.text.tim15_irq_deinit,"ax",%progbits
 2444              		.align	1
 2445              		.syntax unified
 2446              		.thumb
 2447              		.thumb_func
 2448              		.type	tim15_irq_deinit, %function
 2449              	tim15_irq_deinit:
 2450              	.LFB511:
 2451              		.loc 38 84 43
ARM GAS  C:\Users\DEVELO~1\AppData\Local\Temp\ccZRP2cb.s 			page 44


 2452              		.cfi_startproc
 2453              		@ args = 0, pretend = 0, frame = 0
 2454              		@ frame_needed = 1, uses_anonymous_args = 0
 2455              		@ link register save eliminated.
 2456 0000 80B4     		push	{r7}
 2457              		.cfi_def_cfa_offset 4
 2458              		.cfi_offset 7, -4
 2459 0002 00AF     		add	r7, sp, #0
 2460              		.cfi_def_cfa_register 7
 2461              		.loc 38 88 1
 2462 0004 00BF     		nop
 2463 0006 BD46     		mov	sp, r7
 2464              		.cfi_def_cfa_register 13
 2465              		@ sp needed
 2466 0008 80BC     		pop	{r7}
 2467              		.cfi_restore 7
 2468              		.cfi_def_cfa_offset 0
 2469 000a 7047     		bx	lr
 2470              		.cfi_endproc
 2471              	.LFE511:
 2472              		.size	tim15_irq_deinit, .-tim15_irq_deinit
 2473              		.section	.text.tim16_irq_init,"ax",%progbits
 2474              		.align	1
 2475              		.syntax unified
 2476              		.thumb
 2477              		.thumb_func
 2478              		.type	tim16_irq_init, %function
 2479              	tim16_irq_init:
 2480              	.LFB512:
 2481              		.file 39 "../../../os/hal/ports/STM32/LLD/TIMv1/stm32_tim16.inc"
 2482              		.loc 39 78 41
 2483              		.cfi_startproc
 2484              		@ args = 0, pretend = 0, frame = 0
 2485              		@ frame_needed = 1, uses_anonymous_args = 0
 2486              		@ link register save eliminated.
 2487 0000 80B4     		push	{r7}
 2488              		.cfi_def_cfa_offset 4
 2489              		.cfi_offset 7, -4
 2490 0002 00AF     		add	r7, sp, #0
 2491              		.cfi_def_cfa_register 7
 2492              		.loc 39 82 1
 2493 0004 00BF     		nop
 2494 0006 BD46     		mov	sp, r7
 2495              		.cfi_def_cfa_register 13
 2496              		@ sp needed
 2497 0008 80BC     		pop	{r7}
 2498              		.cfi_restore 7
 2499              		.cfi_def_cfa_offset 0
 2500 000a 7047     		bx	lr
 2501              		.cfi_endproc
 2502              	.LFE512:
 2503              		.size	tim16_irq_init, .-tim16_irq_init
 2504              		.section	.text.tim16_irq_deinit,"ax",%progbits
 2505              		.align	1
 2506              		.syntax unified
 2507              		.thumb
 2508              		.thumb_func
ARM GAS  C:\Users\DEVELO~1\AppData\Local\Temp\ccZRP2cb.s 			page 45


 2509              		.type	tim16_irq_deinit, %function
 2510              	tim16_irq_deinit:
 2511              	.LFB513:
 2512              		.loc 39 84 43
 2513              		.cfi_startproc
 2514              		@ args = 0, pretend = 0, frame = 0
 2515              		@ frame_needed = 1, uses_anonymous_args = 0
 2516              		@ link register save eliminated.
 2517 0000 80B4     		push	{r7}
 2518              		.cfi_def_cfa_offset 4
 2519              		.cfi_offset 7, -4
 2520 0002 00AF     		add	r7, sp, #0
 2521              		.cfi_def_cfa_register 7
 2522              		.loc 39 88 1
 2523 0004 00BF     		nop
 2524 0006 BD46     		mov	sp, r7
 2525              		.cfi_def_cfa_register 13
 2526              		@ sp needed
 2527 0008 80BC     		pop	{r7}
 2528              		.cfi_restore 7
 2529              		.cfi_def_cfa_offset 0
 2530 000a 7047     		bx	lr
 2531              		.cfi_endproc
 2532              	.LFE513:
 2533              		.size	tim16_irq_deinit, .-tim16_irq_deinit
 2534              		.section	.text.tim17_irq_init,"ax",%progbits
 2535              		.align	1
 2536              		.syntax unified
 2537              		.thumb
 2538              		.thumb_func
 2539              		.type	tim17_irq_init, %function
 2540              	tim17_irq_init:
 2541              	.LFB514:
 2542              		.file 40 "../../../os/hal/ports/STM32/LLD/TIMv1/stm32_tim17.inc"
 2543              		.loc 40 78 41
 2544              		.cfi_startproc
 2545              		@ args = 0, pretend = 0, frame = 0
 2546              		@ frame_needed = 1, uses_anonymous_args = 0
 2547              		@ link register save eliminated.
 2548 0000 80B4     		push	{r7}
 2549              		.cfi_def_cfa_offset 4
 2550              		.cfi_offset 7, -4
 2551 0002 00AF     		add	r7, sp, #0
 2552              		.cfi_def_cfa_register 7
 2553              		.loc 40 82 1
 2554 0004 00BF     		nop
 2555 0006 BD46     		mov	sp, r7
 2556              		.cfi_def_cfa_register 13
 2557              		@ sp needed
 2558 0008 80BC     		pop	{r7}
 2559              		.cfi_restore 7
 2560              		.cfi_def_cfa_offset 0
 2561 000a 7047     		bx	lr
 2562              		.cfi_endproc
 2563              	.LFE514:
 2564              		.size	tim17_irq_init, .-tim17_irq_init
 2565              		.section	.text.tim17_irq_deinit,"ax",%progbits
ARM GAS  C:\Users\DEVELO~1\AppData\Local\Temp\ccZRP2cb.s 			page 46


 2566              		.align	1
 2567              		.syntax unified
 2568              		.thumb
 2569              		.thumb_func
 2570              		.type	tim17_irq_deinit, %function
 2571              	tim17_irq_deinit:
 2572              	.LFB515:
 2573              		.loc 40 84 43
 2574              		.cfi_startproc
 2575              		@ args = 0, pretend = 0, frame = 0
 2576              		@ frame_needed = 1, uses_anonymous_args = 0
 2577              		@ link register save eliminated.
 2578 0000 80B4     		push	{r7}
 2579              		.cfi_def_cfa_offset 4
 2580              		.cfi_offset 7, -4
 2581 0002 00AF     		add	r7, sp, #0
 2582              		.cfi_def_cfa_register 7
 2583              		.loc 40 88 1
 2584 0004 00BF     		nop
 2585 0006 BD46     		mov	sp, r7
 2586              		.cfi_def_cfa_register 13
 2587              		@ sp needed
 2588 0008 80BC     		pop	{r7}
 2589              		.cfi_restore 7
 2590              		.cfi_def_cfa_offset 0
 2591 000a 7047     		bx	lr
 2592              		.cfi_endproc
 2593              	.LFE515:
 2594              		.size	tim17_irq_deinit, .-tim17_irq_deinit
 2595              		.section	.text.irqInit,"ax",%progbits
 2596              		.align	1
 2597              		.global	irqInit
 2598              		.syntax unified
 2599              		.thumb
 2600              		.thumb_func
 2601              		.type	irqInit, %function
 2602              	irqInit:
 2603              	.LFB516:
 2604              		.file 41 "../../../os/hal/ports/STM32/STM32H7xx/stm32_isr.c"
 2605              		.loc 41 114 20
 2606              		.cfi_startproc
 2607              		@ args = 0, pretend = 0, frame = 0
 2608              		@ frame_needed = 1, uses_anonymous_args = 0
 2609 0000 80B5     		push	{r7, lr}
 2610              		.cfi_def_cfa_offset 8
 2611              		.cfi_offset 7, -8
 2612              		.cfi_offset 14, -4
 2613 0002 00AF     		add	r7, sp, #0
 2614              		.cfi_def_cfa_register 7
 2615              		.loc 41 116 3
 2616 0004 FFF7FEFF 		bl	exti0_irq_init
 2617              		.loc 41 117 3
 2618 0008 FFF7FEFF 		bl	exti1_irq_init
 2619              		.loc 41 118 3
 2620 000c FFF7FEFF 		bl	exti2_irq_init
 2621              		.loc 41 119 3
 2622 0010 FFF7FEFF 		bl	exti3_irq_init
ARM GAS  C:\Users\DEVELO~1\AppData\Local\Temp\ccZRP2cb.s 			page 47


 2623              		.loc 41 120 3
 2624 0014 FFF7FEFF 		bl	exti4_irq_init
 2625              		.loc 41 121 3
 2626 0018 FFF7FEFF 		bl	exti5_9_irq_init
 2627              		.loc 41 122 3
 2628 001c FFF7FEFF 		bl	exti10_15_irq_init
 2629              		.loc 41 123 3
 2630 0020 FFF7FEFF 		bl	exti16_irq_init
 2631              		.loc 41 124 3
 2632 0024 FFF7FEFF 		bl	exti17_irq_init
 2633              		.loc 41 125 3
 2634 0028 FFF7FEFF 		bl	exti18_irq_init
 2635              		.loc 41 126 3
 2636 002c FFF7FEFF 		bl	exti19_irq_init
 2637              		.loc 41 127 3
 2638 0030 FFF7FEFF 		bl	exti20_exti21_irq_init
 2639              		.loc 41 129 3
 2640 0034 FFF7FEFF 		bl	fdcan1_irq_init
 2641              		.loc 41 130 3
 2642 0038 FFF7FEFF 		bl	fdcan2_irq_init
 2643              		.loc 41 131 3
 2644 003c FFF7FEFF 		bl	fdcan3_irq_init
 2645              		.loc 41 133 3
 2646 0040 0921     		movs	r1, #9
 2647 0042 7A20     		movs	r0, #122
 2648 0044 FFF7FEFF 		bl	nvicEnableVector
 2649              		.loc 41 136 3
 2650 0048 FFF7FEFF 		bl	quadspi1_irq_init
 2651              		.loc 41 142 3
 2652 004c FFF7FEFF 		bl	sdmmc1_irq_init
 2653              		.loc 41 143 3
 2654 0050 FFF7FEFF 		bl	sdmmc2_irq_init
 2655              		.loc 41 145 3
 2656 0054 FFF7FEFF 		bl	tim1_irq_init
 2657              		.loc 41 146 3
 2658 0058 FFF7FEFF 		bl	tim2_irq_init
 2659              		.loc 41 147 3
 2660 005c FFF7FEFF 		bl	tim3_irq_init
 2661              		.loc 41 148 3
 2662 0060 FFF7FEFF 		bl	tim4_irq_init
 2663              		.loc 41 149 3
 2664 0064 FFF7FEFF 		bl	tim5_irq_init
 2665              		.loc 41 150 3
 2666 0068 FFF7FEFF 		bl	tim6_irq_init
 2667              		.loc 41 151 3
 2668 006c FFF7FEFF 		bl	tim7_irq_init
 2669              		.loc 41 152 3
 2670 0070 FFF7FEFF 		bl	tim8_tim12_tim13_tim14_irq_init
 2671              		.loc 41 153 3
 2672 0074 FFF7FEFF 		bl	tim15_irq_init
 2673              		.loc 41 154 3
 2674 0078 FFF7FEFF 		bl	tim16_irq_init
 2675              		.loc 41 155 3
 2676 007c FFF7FEFF 		bl	tim17_irq_init
 2677              		.loc 41 157 3
 2678 0080 FFF7FEFF 		bl	usart1_irq_init
 2679              		.loc 41 158 3
ARM GAS  C:\Users\DEVELO~1\AppData\Local\Temp\ccZRP2cb.s 			page 48


 2680 0084 FFF7FEFF 		bl	usart2_irq_init
 2681              		.loc 41 159 3
 2682 0088 FFF7FEFF 		bl	usart3_irq_init
 2683              		.loc 41 160 3
 2684 008c FFF7FEFF 		bl	uart4_irq_init
 2685              		.loc 41 161 3
 2686 0090 FFF7FEFF 		bl	uart5_irq_init
 2687              		.loc 41 162 3
 2688 0094 FFF7FEFF 		bl	usart6_irq_init
 2689              		.loc 41 163 3
 2690 0098 FFF7FEFF 		bl	uart7_irq_init
 2691              		.loc 41 164 3
 2692 009c FFF7FEFF 		bl	uart8_irq_init
 2693              		.loc 41 165 3
 2694 00a0 FFF7FEFF 		bl	uart9_irq_init
 2695              		.loc 41 166 3
 2696 00a4 FFF7FEFF 		bl	usart10_irq_init
 2697              		.loc 41 167 3
 2698 00a8 FFF7FEFF 		bl	lpuart1_irq_init
 2699              		.loc 41 168 1
 2700 00ac 00BF     		nop
 2701 00ae 80BD     		pop	{r7, pc}
 2702              		.cfi_endproc
 2703              	.LFE516:
 2704              		.size	irqInit, .-irqInit
 2705              		.section	.text.irqDeinit,"ax",%progbits
 2706              		.align	1
 2707              		.global	irqDeinit
 2708              		.syntax unified
 2709              		.thumb
 2710              		.thumb_func
 2711              		.type	irqDeinit, %function
 2712              	irqDeinit:
 2713              	.LFB517:
 2714              		.loc 41 175 22
 2715              		.cfi_startproc
 2716              		@ args = 0, pretend = 0, frame = 0
 2717              		@ frame_needed = 1, uses_anonymous_args = 0
 2718 0000 80B5     		push	{r7, lr}
 2719              		.cfi_def_cfa_offset 8
 2720              		.cfi_offset 7, -8
 2721              		.cfi_offset 14, -4
 2722 0002 00AF     		add	r7, sp, #0
 2723              		.cfi_def_cfa_register 7
 2724              		.loc 41 177 3
 2725 0004 FFF7FEFF 		bl	exti0_irq_deinit
 2726              		.loc 41 178 3
 2727 0008 FFF7FEFF 		bl	exti1_irq_deinit
 2728              		.loc 41 179 3
 2729 000c FFF7FEFF 		bl	exti2_irq_deinit
 2730              		.loc 41 180 3
 2731 0010 FFF7FEFF 		bl	exti3_irq_deinit
 2732              		.loc 41 181 3
 2733 0014 FFF7FEFF 		bl	exti4_irq_deinit
 2734              		.loc 41 182 3
 2735 0018 FFF7FEFF 		bl	exti5_9_irq_deinit
 2736              		.loc 41 183 3
ARM GAS  C:\Users\DEVELO~1\AppData\Local\Temp\ccZRP2cb.s 			page 49


 2737 001c FFF7FEFF 		bl	exti10_15_irq_deinit
 2738              		.loc 41 184 3
 2739 0020 FFF7FEFF 		bl	exti16_irq_deinit
 2740              		.loc 41 185 3
 2741 0024 FFF7FEFF 		bl	exti17_irq_deinit
 2742              		.loc 41 186 3
 2743 0028 FFF7FEFF 		bl	exti18_irq_deinit
 2744              		.loc 41 187 3
 2745 002c FFF7FEFF 		bl	exti19_irq_deinit
 2746              		.loc 41 188 3
 2747 0030 FFF7FEFF 		bl	exti20_exti21_irq_deinit
 2748              		.loc 41 190 3
 2749 0034 FFF7FEFF 		bl	fdcan1_irq_deinit
 2750              		.loc 41 191 3
 2751 0038 FFF7FEFF 		bl	fdcan2_irq_deinit
 2752              		.loc 41 192 3
 2753 003c FFF7FEFF 		bl	fdcan3_irq_deinit
 2754              		.loc 41 194 3
 2755 0040 7A20     		movs	r0, #122
 2756 0042 FFF7FEFF 		bl	nvicDisableVector
 2757              		.loc 41 197 3
 2758 0046 FFF7FEFF 		bl	quadspi1_irq_deinit
 2759              		.loc 41 203 3
 2760 004a FFF7FEFF 		bl	sdmmc1_irq_deinit
 2761              		.loc 41 204 3
 2762 004e FFF7FEFF 		bl	sdmmc2_irq_deinit
 2763              		.loc 41 206 3
 2764 0052 FFF7FEFF 		bl	tim1_irq_deinit
 2765              		.loc 41 207 3
 2766 0056 FFF7FEFF 		bl	tim2_irq_deinit
 2767              		.loc 41 208 3
 2768 005a FFF7FEFF 		bl	tim3_irq_deinit
 2769              		.loc 41 209 3
 2770 005e FFF7FEFF 		bl	tim4_irq_deinit
 2771              		.loc 41 210 3
 2772 0062 FFF7FEFF 		bl	tim5_irq_deinit
 2773              		.loc 41 211 3
 2774 0066 FFF7FEFF 		bl	tim6_irq_deinit
 2775              		.loc 41 212 3
 2776 006a FFF7FEFF 		bl	tim7_irq_deinit
 2777              		.loc 41 213 3
 2778 006e FFF7FEFF 		bl	tim8_tim12_tim13_tim14_irq_deinit
 2779              		.loc 41 214 3
 2780 0072 FFF7FEFF 		bl	tim15_irq_deinit
 2781              		.loc 41 215 3
 2782 0076 FFF7FEFF 		bl	tim16_irq_deinit
 2783              		.loc 41 216 3
 2784 007a FFF7FEFF 		bl	tim17_irq_deinit
 2785              		.loc 41 218 3
 2786 007e FFF7FEFF 		bl	usart1_irq_deinit
 2787              		.loc 41 219 3
 2788 0082 FFF7FEFF 		bl	usart2_irq_deinit
 2789              		.loc 41 220 3
 2790 0086 FFF7FEFF 		bl	usart3_irq_deinit
 2791              		.loc 41 221 3
 2792 008a FFF7FEFF 		bl	uart4_irq_deinit
 2793              		.loc 41 222 3
ARM GAS  C:\Users\DEVELO~1\AppData\Local\Temp\ccZRP2cb.s 			page 50


 2794 008e FFF7FEFF 		bl	uart5_irq_deinit
 2795              		.loc 41 223 3
 2796 0092 FFF7FEFF 		bl	usart6_irq_deinit
 2797              		.loc 41 224 3
 2798 0096 FFF7FEFF 		bl	uart7_irq_deinit
 2799              		.loc 41 225 3
 2800 009a FFF7FEFF 		bl	uart8_irq_deinit
 2801              		.loc 41 226 3
 2802 009e FFF7FEFF 		bl	uart9_irq_deinit
 2803              		.loc 41 227 3
 2804 00a2 FFF7FEFF 		bl	usart10_irq_deinit
 2805              		.loc 41 228 3
 2806 00a6 FFF7FEFF 		bl	lpuart1_irq_deinit
 2807              		.loc 41 229 1
 2808 00aa 00BF     		nop
 2809 00ac 80BD     		pop	{r7, pc}
 2810              		.cfi_endproc
 2811              	.LFE517:
 2812              		.size	irqDeinit, .-irqDeinit
 2813              		.section	.rodata.__func__.3,"a"
 2814              		.align	2
 2815              		.type	__func__.3, %object
 2816              		.size	__func__.3, 10
 2817              	__func__.3:
 2818 0000 56656374 		.ascii	"Vector104\000"
 2818      6F723130 
 2818      3400
 2819              		.section	.rodata.__func__.2,"a"
 2820              		.align	2
 2821              		.type	__func__.2, %object
 2822              		.size	__func__.2, 9
 2823              	__func__.2:
 2824 0000 56656374 		.ascii	"VectorD4\000"
 2824      6F724434 
 2824      00
 2825              		.section	.rodata.__func__.1,"a"
 2826              		.align	2
 2827              		.type	__func__.1, %object
 2828              		.size	__func__.1, 10
 2829              	__func__.1:
 2830 0000 56656374 		.ascii	"Vector114\000"
 2830      6F723131 
 2830      3400
 2831              		.section	.rodata.__func__.0,"a"
 2832              		.align	2
 2833              		.type	__func__.0, %object
 2834              		.size	__func__.0, 9
 2835              	__func__.0:
 2836 0000 56656374 		.ascii	"VectorB0\000"
 2836      6F724230 
 2836      00
 2837              		.text
 2838              	.Letext0:
 2839              		.file 42 "c:\\chibistudio\\tools\\gnu tools arm embedded\\11.3 2022.08\\lib\\gcc\\arm-none-eabi\\1
 2840              		.file 43 "c:\\chibistudio\\tools\\gnu tools arm embedded\\11.3 2022.08\\arm-none-eabi\\include\\ma
 2841              		.file 44 "c:\\chibistudio\\tools\\gnu tools arm embedded\\11.3 2022.08\\arm-none-eabi\\include\\sy
 2842              		.file 45 "../../../os/common/ports/ARM-common/chtypes.h"
ARM GAS  C:\Users\DEVELO~1\AppData\Local\Temp\ccZRP2cb.s 			page 51


 2843              		.file 46 "../../../os/rt/include/chearly.h"
 2844              		.file 47 "../../../os/rt/include/chobjects.h"
 2845              		.file 48 "../../../os/rt/include/chrfcu.h"
 2846              		.file 49 "../../../os/rt/include/chdebug.h"
 2847              		.file 50 "../../../os/rt/include/chtime.h"
 2848              		.file 51 "../../../os/rt/include/chlists.h"
 2849              		.file 52 "../../../os/rt/include/chtrace.h"
 2850              		.file 53 "../../../os/common/ext/ST/STM32H7xx/stm32h743xx.h"
 2851              		.file 54 "../../../os/common/ports/ARMv7-M/chcore.h"
 2852              		.file 55 "../../../os/rt/include/chsem.h"
 2853              		.file 56 "../../../os/rt/include/chmtx.h"
 2854              		.file 57 "../../../os/rt/include/chevents.h"
 2855              		.file 58 "../../../os/hal/include/hal_ioblock.h"
 2856              		.file 59 "../../../os/hal/include/hal_queues.h"
 2857              		.file 60 "../../../os/hal/include/hal_serial.h"
 2858              		.file 61 "../../../os/hal/ports/STM32/LLD/USARTv3/hal_serial_lld.h"
 2859              		.file 62 "../../../os/hal/include/hal_sdc.h"
 2860              		.file 63 "../../../os/hal/ports/STM32/LLD/SDMMCv2/hal_sdc_lld.h"
 2861              		.file 64 "../../../os/hal/ports/common/ARMCMx/nvic.h"
 2862              		.file 65 "../../../os/hal/ports/STM32/LLD/SYSTICKv1/hal_st_lld.h"
 2863              		.section	.debug_info,"",%progbits
 2864              	.Ldebug_info0:
 2865 0000 FC180000 		.4byte	0x18fc
 2866 0004 0500     		.2byte	0x5
 2867 0006 01       		.byte	0x1
 2868 0007 04       		.byte	0x4
 2869 0008 00000000 		.4byte	.Ldebug_abbrev0
 2870 000c 22       		.uleb128 0x22
 2871 000d D9050000 		.4byte	.LASF326
 2872 0011 1D       		.byte	0x1d
 2873 0012 95040000 		.4byte	.LASF327
 2874 0016 1A030000 		.4byte	.LASF328
 2875 001a 0C000000 		.4byte	.LLRL0
 2876 001e 00000000 		.4byte	0
 2877 0022 00000000 		.4byte	.Ldebug_line0
 2878 0026 23       		.uleb128 0x23
 2879 0027 04       		.byte	0x4
 2880 0028 05       		.byte	0x5
 2881 0029 696E7400 		.ascii	"int\000"
 2882 002d 03       		.uleb128 0x3
 2883 002e CB050000 		.4byte	.LASF4
 2884 0032 2A       		.byte	0x2a
 2885 0033 D1       		.byte	0xd1
 2886 0034 17       		.byte	0x17
 2887 0035 3E000000 		.4byte	0x3e
 2888 0039 14       		.uleb128 0x14
 2889 003a 2D000000 		.4byte	0x2d
 2890 003e 0C       		.uleb128 0xc
 2891 003f 04       		.byte	0x4
 2892 0040 07       		.byte	0x7
 2893 0041 48010000 		.4byte	.LASF0
 2894 0045 0C       		.uleb128 0xc
 2895 0046 08       		.byte	0x8
 2896 0047 05       		.byte	0x5
 2897 0048 A8060000 		.4byte	.LASF1
 2898 004c 0C       		.uleb128 0xc
 2899 004d 08       		.byte	0x8
ARM GAS  C:\Users\DEVELO~1\AppData\Local\Temp\ccZRP2cb.s 			page 52


 2900 004e 04       		.byte	0x4
 2901 004f 110B0000 		.4byte	.LASF2
 2902 0053 0C       		.uleb128 0xc
 2903 0054 01       		.byte	0x1
 2904 0055 06       		.byte	0x6
 2905 0056 ED0E0000 		.4byte	.LASF3
 2906 005a 03       		.uleb128 0x3
 2907 005b 850C0000 		.4byte	.LASF5
 2908 005f 2B       		.byte	0x2b
 2909 0060 2B       		.byte	0x2b
 2910 0061 18       		.byte	0x18
 2911 0062 66000000 		.4byte	0x66
 2912 0066 0C       		.uleb128 0xc
 2913 0067 01       		.byte	0x1
 2914 0068 08       		.byte	0x8
 2915 0069 FA0D0000 		.4byte	.LASF6
 2916 006d 0C       		.uleb128 0xc
 2917 006e 02       		.byte	0x2
 2918 006f 05       		.byte	0x5
 2919 0070 C60B0000 		.4byte	.LASF7
 2920 0074 03       		.uleb128 0x3
 2921 0075 20050000 		.4byte	.LASF8
 2922 0079 2B       		.byte	0x2b
 2923 007a 39       		.byte	0x39
 2924 007b 19       		.byte	0x19
 2925 007c 80000000 		.4byte	0x80
 2926 0080 0C       		.uleb128 0xc
 2927 0081 02       		.byte	0x2
 2928 0082 07       		.byte	0x7
 2929 0083 FE0A0000 		.4byte	.LASF9
 2930 0087 03       		.uleb128 0x3
 2931 0088 A9010000 		.4byte	.LASF10
 2932 008c 2B       		.byte	0x2b
 2933 008d 4D       		.byte	0x4d
 2934 008e 18       		.byte	0x18
 2935 008f 93000000 		.4byte	0x93
 2936 0093 0C       		.uleb128 0xc
 2937 0094 04       		.byte	0x4
 2938 0095 05       		.byte	0x5
 2939 0096 12000000 		.4byte	.LASF11
 2940 009a 03       		.uleb128 0x3
 2941 009b 190E0000 		.4byte	.LASF12
 2942 009f 2B       		.byte	0x2b
 2943 00a0 4F       		.byte	0x4f
 2944 00a1 19       		.byte	0x19
 2945 00a2 A6000000 		.4byte	0xa6
 2946 00a6 0C       		.uleb128 0xc
 2947 00a7 04       		.byte	0x4
 2948 00a8 07       		.byte	0x7
 2949 00a9 5B0A0000 		.4byte	.LASF13
 2950 00ad 03       		.uleb128 0x3
 2951 00ae 84090000 		.4byte	.LASF14
 2952 00b2 2B       		.byte	0x2b
 2953 00b3 69       		.byte	0x69
 2954 00b4 19       		.byte	0x19
 2955 00b5 B9000000 		.4byte	0xb9
 2956 00b9 0C       		.uleb128 0xc
ARM GAS  C:\Users\DEVELO~1\AppData\Local\Temp\ccZRP2cb.s 			page 53


 2957 00ba 08       		.byte	0x8
 2958 00bb 07       		.byte	0x7
 2959 00bc 75040000 		.4byte	.LASF15
 2960 00c0 03       		.uleb128 0x3
 2961 00c1 9A080000 		.4byte	.LASF16
 2962 00c5 2C       		.byte	0x2c
 2963 00c6 18       		.byte	0x18
 2964 00c7 13       		.byte	0x13
 2965 00c8 5A000000 		.4byte	0x5a
 2966 00cc 0D       		.uleb128 0xd
 2967 00cd C0000000 		.4byte	0xc0
 2968 00d1 03       		.uleb128 0x3
 2969 00d2 2D0B0000 		.4byte	.LASF17
 2970 00d6 2C       		.byte	0x2c
 2971 00d7 24       		.byte	0x24
 2972 00d8 14       		.byte	0x14
 2973 00d9 74000000 		.4byte	0x74
 2974 00dd 03       		.uleb128 0x3
 2975 00de 6E0D0000 		.4byte	.LASF18
 2976 00e2 2C       		.byte	0x2c
 2977 00e3 2C       		.byte	0x2c
 2978 00e4 13       		.byte	0x13
 2979 00e5 87000000 		.4byte	0x87
 2980 00e9 03       		.uleb128 0x3
 2981 00ea 6C010000 		.4byte	.LASF19
 2982 00ee 2C       		.byte	0x2c
 2983 00ef 30       		.byte	0x30
 2984 00f0 14       		.byte	0x14
 2985 00f1 9A000000 		.4byte	0x9a
 2986 00f5 14       		.uleb128 0x14
 2987 00f6 E9000000 		.4byte	0xe9
 2988 00fa 0D       		.uleb128 0xd
 2989 00fb F5000000 		.4byte	0xf5
 2990 00ff 03       		.uleb128 0x3
 2991 0100 5F0C0000 		.4byte	.LASF20
 2992 0104 2C       		.byte	0x2c
 2993 0105 3C       		.byte	0x3c
 2994 0106 14       		.byte	0x14
 2995 0107 AD000000 		.4byte	0xad
 2996 010b 14       		.uleb128 0x14
 2997 010c FF000000 		.4byte	0xff
 2998 0110 03       		.uleb128 0x3
 2999 0111 0A0C0000 		.4byte	.LASF21
 3000 0115 2D       		.byte	0x2d
 3001 0116 48       		.byte	0x48
 3002 0117 1D       		.byte	0x1d
 3003 0118 FF000000 		.4byte	0xff
 3004 011c 03       		.uleb128 0x3
 3005 011d 290F0000 		.4byte	.LASF22
 3006 0121 2E       		.byte	0x2e
 3007 0122 50       		.byte	0x50
 3008 0123 19       		.byte	0x19
 3009 0124 10010000 		.4byte	0x110
 3010 0128 03       		.uleb128 0x3
 3011 0129 D80A0000 		.4byte	.LASF23
 3012 012d 2E       		.byte	0x2e
 3013 012e 53       		.byte	0x53
ARM GAS  C:\Users\DEVELO~1\AppData\Local\Temp\ccZRP2cb.s 			page 54


 3014 012f 19       		.byte	0x19
 3015 0130 C0000000 		.4byte	0xc0
 3016 0134 03       		.uleb128 0x3
 3017 0135 07080000 		.4byte	.LASF24
 3018 0139 2E       		.byte	0x2e
 3019 013a 54       		.byte	0x54
 3020 013b 19       		.byte	0x19
 3021 013c C0000000 		.4byte	0xc0
 3022 0140 03       		.uleb128 0x3
 3023 0141 030D0000 		.4byte	.LASF25
 3024 0145 2E       		.byte	0x2e
 3025 0146 55       		.byte	0x55
 3026 0147 19       		.byte	0x19
 3027 0148 C0000000 		.4byte	0xc0
 3028 014c 03       		.uleb128 0x3
 3029 014d 27040000 		.4byte	.LASF26
 3030 0151 2E       		.byte	0x2e
 3031 0152 57       		.byte	0x57
 3032 0153 19       		.byte	0x19
 3033 0154 E9000000 		.4byte	0xe9
 3034 0158 03       		.uleb128 0x3
 3035 0159 6C090000 		.4byte	.LASF27
 3036 015d 2E       		.byte	0x2e
 3037 015e 58       		.byte	0x58
 3038 015f 19       		.byte	0x19
 3039 0160 DD000000 		.4byte	0xdd
 3040 0164 03       		.uleb128 0x3
 3041 0165 D0030000 		.4byte	.LASF28
 3042 0169 2E       		.byte	0x2e
 3043 016a 5A       		.byte	0x5a
 3044 016b 19       		.byte	0x19
 3045 016c E9000000 		.4byte	0xe9
 3046 0170 03       		.uleb128 0x3
 3047 0171 960A0000 		.4byte	.LASF29
 3048 0175 2E       		.byte	0x2e
 3049 0176 5B       		.byte	0x5b
 3050 0177 19       		.byte	0x19
 3051 0178 E9000000 		.4byte	0xe9
 3052 017c 03       		.uleb128 0x3
 3053 017d 2B050000 		.4byte	.LASF30
 3054 0181 2E       		.byte	0x2e
 3055 0182 5C       		.byte	0x5c
 3056 0183 19       		.byte	0x19
 3057 0184 DD000000 		.4byte	0xdd
 3058 0188 03       		.uleb128 0x3
 3059 0189 24100000 		.4byte	.LASF31
 3060 018d 2E       		.byte	0x2e
 3061 018e 80       		.byte	0x80
 3062 018f 12       		.byte	0x12
 3063 0190 3E000000 		.4byte	0x3e
 3064 0194 03       		.uleb128 0x3
 3065 0195 9F050000 		.4byte	.LASF32
 3066 0199 2E       		.byte	0x2e
 3067 019a 85       		.byte	0x85
 3068 019b 1A       		.byte	0x1a
 3069 019c A0010000 		.4byte	0x1a0
 3070 01a0 08       		.uleb128 0x8
ARM GAS  C:\Users\DEVELO~1\AppData\Local\Temp\ccZRP2cb.s 			page 55


 3071 01a1 C6080000 		.4byte	.LASF47
 3072 01a5 48       		.byte	0x48
 3073 01a6 2F       		.byte	0x2f
 3074 01a7 9C       		.byte	0x9c
 3075 01a8 08       		.byte	0x8
 3076 01a9 83020000 		.4byte	0x283
 3077 01ad 09       		.uleb128 0x9
 3078 01ae 68647200 		.ascii	"hdr\000"
 3079 01b2 2F       		.byte	0x2f
 3080 01b3 AD       		.byte	0xad
 3081 01b4 05       		.byte	0x5
 3082 01b5 EC090000 		.4byte	0x9ec
 3083 01b9 00       		.byte	0
 3084 01ba 09       		.uleb128 0x9
 3085 01bb 63747800 		.ascii	"ctx\000"
 3086 01bf 2F       		.byte	0x2f
 3087 01c0 B1       		.byte	0xb1
 3088 01c1 21       		.byte	0x21
 3089 01c2 30090000 		.4byte	0x930
 3090 01c6 0C       		.byte	0xc
 3091 01c7 01       		.uleb128 0x1
 3092 01c8 30080000 		.4byte	.LASF33
 3093 01cc 2F       		.byte	0x2f
 3094 01cd B6       		.byte	0xb6
 3095 01ce 21       		.byte	0x21
 3096 01cf D1030000 		.4byte	0x3d1
 3097 01d3 10       		.byte	0x10
 3098 01d4 01       		.uleb128 0x1
 3099 01d5 58050000 		.4byte	.LASF34
 3100 01d9 2F       		.byte	0x2f
 3101 01da BB       		.byte	0xbb
 3102 01db 22       		.byte	0x22
 3103 01dc EE0A0000 		.4byte	0xaee
 3104 01e0 18       		.byte	0x18
 3105 01e1 01       		.uleb128 0x1
 3106 01e2 46000000 		.4byte	.LASF35
 3107 01e6 2F       		.byte	0x2f
 3108 01e7 C0       		.byte	0xc0
 3109 01e8 22       		.byte	0x22
 3110 01e9 6B030000 		.4byte	0x36b
 3111 01ed 1C       		.byte	0x1c
 3112 01ee 01       		.uleb128 0x1
 3113 01ef F8070000 		.4byte	.LASF36
 3114 01f3 2F       		.byte	0x2f
 3115 01f4 C9       		.byte	0xc9
 3116 01f5 22       		.byte	0x22
 3117 01f6 F30A0000 		.4byte	0xaf3
 3118 01fa 20       		.byte	0x20
 3119 01fb 01       		.uleb128 0x1
 3120 01fc 5B0E0000 		.4byte	.LASF37
 3121 0200 2F       		.byte	0x2f
 3122 0201 CE       		.byte	0xce
 3123 0202 21       		.byte	0x21
 3124 0203 34010000 		.4byte	0x134
 3125 0207 24       		.byte	0x24
 3126 0208 01       		.uleb128 0x1
 3127 0209 AA000000 		.4byte	.LASF38
ARM GAS  C:\Users\DEVELO~1\AppData\Local\Temp\ccZRP2cb.s 			page 56


 3128 020d 2F       		.byte	0x2f
 3129 020e D2       		.byte	0xd2
 3130 020f 21       		.byte	0x21
 3131 0210 28010000 		.4byte	0x128
 3132 0214 25       		.byte	0x25
 3133 0215 01       		.uleb128 0x1
 3134 0216 B3010000 		.4byte	.LASF39
 3135 021a 2F       		.byte	0x2f
 3136 021b D7       		.byte	0xd7
 3137 021c 21       		.byte	0x21
 3138 021d 40010000 		.4byte	0x140
 3139 0221 26       		.byte	0x26
 3140 0222 07       		.uleb128 0x7
 3141 0223 7500     		.ascii	"u\000"
 3142 0225 2F       		.byte	0x2f
 3143 0226 2801     		.2byte	0x128
 3144 0228 21       		.byte	0x21
 3145 0229 190A0000 		.4byte	0xa19
 3146 022d 28       		.byte	0x28
 3147 022e 04       		.uleb128 0x4
 3148 022f 240E0000 		.4byte	.LASF40
 3149 0233 2F       		.byte	0x2f
 3150 0234 2D01     		.2byte	0x12d
 3151 0236 21       		.byte	0x21
 3152 0237 A5030000 		.4byte	0x3a5
 3153 023b 2C       		.byte	0x2c
 3154 023c 04       		.uleb128 0x4
 3155 023d 2F040000 		.4byte	.LASF41
 3156 0241 2F       		.byte	0x2f
 3157 0242 3301     		.2byte	0x133
 3158 0244 21       		.byte	0x21
 3159 0245 D1030000 		.4byte	0x3d1
 3160 0249 30       		.byte	0x30
 3161 024a 04       		.uleb128 0x4
 3162 024b 3F010000 		.4byte	.LASF42
 3163 024f 2F       		.byte	0x2f
 3164 0250 3901     		.2byte	0x139
 3165 0252 21       		.byte	0x21
 3166 0253 64010000 		.4byte	0x164
 3167 0257 38       		.byte	0x38
 3168 0258 04       		.uleb128 0x4
 3169 0259 72050000 		.4byte	.LASF43
 3170 025d 2F       		.byte	0x2f
 3171 025e 4001     		.2byte	0x140
 3172 0260 22       		.byte	0x22
 3173 0261 E90A0000 		.4byte	0xae9
 3174 0265 3C       		.byte	0x3c
 3175 0266 04       		.uleb128 0x4
 3176 0267 D1000000 		.4byte	.LASF44
 3177 026b 2F       		.byte	0x2f
 3178 026c 4401     		.2byte	0x144
 3179 026e 21       		.byte	0x21
 3180 026f 4C010000 		.4byte	0x14c
 3181 0273 40       		.byte	0x40
 3182 0274 04       		.uleb128 0x4
 3183 0275 2E100000 		.4byte	.LASF45
 3184 0279 2F       		.byte	0x2f
ARM GAS  C:\Users\DEVELO~1\AppData\Local\Temp\ccZRP2cb.s 			page 57


 3185 027a 4B01     		.2byte	0x14b
 3186 027c 22       		.byte	0x22
 3187 027d BF040000 		.4byte	0x4bf
 3188 0281 44       		.byte	0x44
 3189 0282 00       		.byte	0
 3190 0283 03       		.uleb128 0x3
 3191 0284 690E0000 		.4byte	.LASF46
 3192 0288 2E       		.byte	0x2e
 3193 0289 8A       		.byte	0x8a
 3194 028a 1F       		.byte	0x1f
 3195 028b 8F020000 		.4byte	0x28f
 3196 028f 24       		.uleb128 0x24
 3197 0290 0E070000 		.4byte	.LASF48
 3198 0294 9008     		.2byte	0x890
 3199 0296 2F       		.byte	0x2f
 3200 0297 8A01     		.2byte	0x18a
 3201 0299 08       		.byte	0x8
 3202 029a 1D030000 		.4byte	0x31d
 3203 029e 04       		.uleb128 0x4
 3204 029f 790C0000 		.4byte	.LASF49
 3205 02a3 2F       		.byte	0x2f
 3206 02a4 8E01     		.2byte	0x18e
 3207 02a6 21       		.byte	0x21
 3208 02a7 230B0000 		.4byte	0xb23
 3209 02ab 00       		.byte	0
 3210 02ac 04       		.uleb128 0x4
 3211 02ad 0E020000 		.4byte	.LASF50
 3212 02b1 2F       		.byte	0x2f
 3213 02b2 9201     		.2byte	0x192
 3214 02b4 21       		.byte	0x21
 3215 02b5 86090000 		.4byte	0x986
 3216 02b9 10       		.byte	0x10
 3217 02ba 04       		.uleb128 0x4
 3218 02bb A30E0000 		.4byte	.LASF51
 3219 02bf 2F       		.byte	0x2f
 3220 02c0 9901     		.2byte	0x199
 3221 02c2 21       		.byte	0x21
 3222 02c3 AD090000 		.4byte	0x9ad
 3223 02c7 28       		.byte	0x28
 3224 02c8 04       		.uleb128 0x4
 3225 02c9 F70F0000 		.4byte	.LASF52
 3226 02cd 2F       		.byte	0x2f
 3227 02ce 9E01     		.2byte	0x19e
 3228 02d0 21       		.byte	0x21
 3229 02d1 88010000 		.4byte	0x188
 3230 02d5 30       		.byte	0x30
 3231 02d6 04       		.uleb128 0x4
 3232 02d7 9A050000 		.4byte	.LASF53
 3233 02db 2F       		.byte	0x2f
 3234 02dc A401     		.2byte	0x1a4
 3235 02de 21       		.byte	0x21
 3236 02df 44030000 		.4byte	0x344
 3237 02e3 34       		.byte	0x34
 3238 02e4 04       		.uleb128 0x4
 3239 02e5 7E0B0000 		.4byte	.LASF54
 3240 02e9 2F       		.byte	0x2f
 3241 02ea A901     		.2byte	0x1a9
ARM GAS  C:\Users\DEVELO~1\AppData\Local\Temp\ccZRP2cb.s 			page 58


 3242 02ec 22       		.byte	0x22
 3243 02ed 950B0000 		.4byte	0xb95
 3244 02f1 38       		.byte	0x38
 3245 02f2 04       		.uleb128 0x4
 3246 02f3 500E0000 		.4byte	.LASF55
 3247 02f7 2F       		.byte	0x2f
 3248 02f8 AD01     		.2byte	0x1ad
 3249 02fa 21       		.byte	0x21
 3250 02fb 94010000 		.4byte	0x194
 3251 02ff 3C       		.byte	0x3c
 3252 0300 07       		.uleb128 0x7
 3253 0301 64626700 		.ascii	"dbg\000"
 3254 0305 2F       		.byte	0x2f
 3255 0306 B101     		.2byte	0x1b1
 3256 0308 21       		.byte	0x21
 3257 0309 81030000 		.4byte	0x381
 3258 030d 84       		.byte	0x84
 3259 030e 04       		.uleb128 0x4
 3260 030f DC040000 		.4byte	.LASF56
 3261 0313 2F       		.byte	0x2f
 3262 0314 B601     		.2byte	0x1b6
 3263 0316 21       		.byte	0x21
 3264 0317 1A060000 		.4byte	0x61a
 3265 031b 88       		.byte	0x88
 3266 031c 00       		.byte	0
 3267 031d 03       		.uleb128 0x3
 3268 031e DC070000 		.4byte	.LASF57
 3269 0322 30       		.byte	0x30
 3270 0323 3F       		.byte	0x3f
 3271 0324 12       		.byte	0x12
 3272 0325 E9000000 		.4byte	0xe9
 3273 0329 08       		.uleb128 0x8
 3274 032a 8C000000 		.4byte	.LASF58
 3275 032e 04       		.byte	0x4
 3276 032f 30       		.byte	0x30
 3277 0330 44       		.byte	0x44
 3278 0331 10       		.byte	0x10
 3279 0332 44030000 		.4byte	0x344
 3280 0336 01       		.uleb128 0x1
 3281 0337 390A0000 		.4byte	.LASF59
 3282 033b 30       		.byte	0x30
 3283 033c 48       		.byte	0x48
 3284 033d 21       		.byte	0x21
 3285 033e 1D030000 		.4byte	0x31d
 3286 0342 00       		.byte	0
 3287 0343 00       		.byte	0
 3288 0344 03       		.uleb128 0x3
 3289 0345 760D0000 		.4byte	.LASF60
 3290 0349 30       		.byte	0x30
 3291 034a 49       		.byte	0x49
 3292 034b 03       		.byte	0x3
 3293 034c 29030000 		.4byte	0x329
 3294 0350 08       		.uleb128 0x8
 3295 0351 05030000 		.4byte	.LASF61
 3296 0355 04       		.byte	0x4
 3297 0356 31       		.byte	0x31
 3298 0357 3E       		.byte	0x3e
ARM GAS  C:\Users\DEVELO~1\AppData\Local\Temp\ccZRP2cb.s 			page 59


 3299 0358 10       		.byte	0x10
 3300 0359 6B030000 		.4byte	0x36b
 3301 035d 01       		.uleb128 0x1
 3302 035e A30A0000 		.4byte	.LASF62
 3303 0362 31       		.byte	0x31
 3304 0363 46       		.byte	0x46
 3305 0364 24       		.byte	0x24
 3306 0365 70030000 		.4byte	0x370
 3307 0369 00       		.byte	0
 3308 036a 00       		.byte	0
 3309 036b 06       		.uleb128 0x6
 3310 036c 7C030000 		.4byte	0x37c
 3311 0370 14       		.uleb128 0x14
 3312 0371 6B030000 		.4byte	0x36b
 3313 0375 0C       		.uleb128 0xc
 3314 0376 01       		.byte	0x1
 3315 0377 08       		.byte	0x8
 3316 0378 C7070000 		.4byte	.LASF63
 3317 037c 0D       		.uleb128 0xd
 3318 037d 75030000 		.4byte	0x375
 3319 0381 03       		.uleb128 0x3
 3320 0382 F5080000 		.4byte	.LASF64
 3321 0386 31       		.byte	0x31
 3322 0387 51       		.byte	0x51
 3323 0388 03       		.byte	0x3
 3324 0389 50030000 		.4byte	0x350
 3325 038d 03       		.uleb128 0x3
 3326 038e B0000000 		.4byte	.LASF65
 3327 0392 32       		.byte	0x32
 3328 0393 6D       		.byte	0x6d
 3329 0394 12       		.byte	0x12
 3330 0395 E9000000 		.4byte	0xe9
 3331 0399 03       		.uleb128 0x3
 3332 039a 7D0A0000 		.4byte	.LASF66
 3333 039e 32       		.byte	0x32
 3334 039f 79       		.byte	0x79
 3335 03a0 12       		.byte	0x12
 3336 03a1 E9000000 		.4byte	0xe9
 3337 03a5 03       		.uleb128 0x3
 3338 03a6 4D0B0000 		.4byte	.LASF67
 3339 03aa 33       		.byte	0x33
 3340 03ab 32       		.byte	0x32
 3341 03ac 18       		.byte	0x18
 3342 03ad B1030000 		.4byte	0x3b1
 3343 03b1 08       		.uleb128 0x8
 3344 03b2 88030000 		.4byte	.LASF68
 3345 03b6 04       		.byte	0x4
 3346 03b7 33       		.byte	0x33
 3347 03b8 38       		.byte	0x38
 3348 03b9 08       		.byte	0x8
 3349 03ba CC030000 		.4byte	0x3cc
 3350 03be 01       		.uleb128 0x1
 3351 03bf 55010000 		.4byte	.LASF69
 3352 03c3 33       		.byte	0x33
 3353 03c4 39       		.byte	0x39
 3354 03c5 1A       		.byte	0x1a
 3355 03c6 CC030000 		.4byte	0x3cc
ARM GAS  C:\Users\DEVELO~1\AppData\Local\Temp\ccZRP2cb.s 			page 60


 3356 03ca 00       		.byte	0
 3357 03cb 00       		.byte	0
 3358 03cc 06       		.uleb128 0x6
 3359 03cd A5030000 		.4byte	0x3a5
 3360 03d1 03       		.uleb128 0x3
 3361 03d2 8B0A0000 		.4byte	.LASF70
 3362 03d6 33       		.byte	0x33
 3363 03d7 3F       		.byte	0x3f
 3364 03d8 19       		.byte	0x19
 3365 03d9 DD030000 		.4byte	0x3dd
 3366 03dd 08       		.uleb128 0x8
 3367 03de BD0D0000 		.4byte	.LASF71
 3368 03e2 08       		.byte	0x8
 3369 03e3 33       		.byte	0x33
 3370 03e4 45       		.byte	0x45
 3371 03e5 08       		.byte	0x8
 3372 03e6 05040000 		.4byte	0x405
 3373 03ea 01       		.uleb128 0x1
 3374 03eb 55010000 		.4byte	.LASF69
 3375 03ef 33       		.byte	0x33
 3376 03f0 46       		.byte	0x46
 3377 03f1 1A       		.byte	0x1a
 3378 03f2 05040000 		.4byte	0x405
 3379 03f6 00       		.byte	0
 3380 03f7 01       		.uleb128 0x1
 3381 03f8 8B020000 		.4byte	.LASF72
 3382 03fc 33       		.byte	0x33
 3383 03fd 47       		.byte	0x47
 3384 03fe 1A       		.byte	0x1a
 3385 03ff 05040000 		.4byte	0x405
 3386 0403 04       		.byte	0x4
 3387 0404 00       		.byte	0
 3388 0405 06       		.uleb128 0x6
 3389 0406 D1030000 		.4byte	0x3d1
 3390 040a 03       		.uleb128 0x3
 3391 040b 64060000 		.4byte	.LASF73
 3392 040f 33       		.byte	0x33
 3393 0410 4E       		.byte	0x4e
 3394 0411 22       		.byte	0x22
 3395 0412 16040000 		.4byte	0x416
 3396 0416 08       		.uleb128 0x8
 3397 0417 8B0D0000 		.4byte	.LASF74
 3398 041b 0C       		.byte	0xc
 3399 041c 33       		.byte	0x33
 3400 041d 55       		.byte	0x55
 3401 041e 08       		.byte	0x8
 3402 041f 4B040000 		.4byte	0x44b
 3403 0423 01       		.uleb128 0x1
 3404 0424 55010000 		.4byte	.LASF69
 3405 0428 33       		.byte	0x33
 3406 0429 56       		.byte	0x56
 3407 042a 1A       		.byte	0x1a
 3408 042b 4B040000 		.4byte	0x44b
 3409 042f 00       		.byte	0
 3410 0430 01       		.uleb128 0x1
 3411 0431 8B020000 		.4byte	.LASF72
 3412 0435 33       		.byte	0x33
ARM GAS  C:\Users\DEVELO~1\AppData\Local\Temp\ccZRP2cb.s 			page 61


 3413 0436 57       		.byte	0x57
 3414 0437 1A       		.byte	0x1a
 3415 0438 4B040000 		.4byte	0x44b
 3416 043c 04       		.byte	0x4
 3417 043d 01       		.uleb128 0x1
 3418 043e 86070000 		.4byte	.LASF75
 3419 0442 33       		.byte	0x33
 3420 0443 58       		.byte	0x58
 3421 0444 19       		.byte	0x19
 3422 0445 4C010000 		.4byte	0x14c
 3423 0449 08       		.byte	0x8
 3424 044a 00       		.byte	0
 3425 044b 06       		.uleb128 0x6
 3426 044c 0A040000 		.4byte	0x40a
 3427 0450 03       		.uleb128 0x3
 3428 0451 CC070000 		.4byte	.LASF76
 3429 0455 33       		.byte	0x33
 3430 0456 5F       		.byte	0x5f
 3431 0457 1E       		.byte	0x1e
 3432 0458 5C040000 		.4byte	0x45c
 3433 045c 08       		.uleb128 0x8
 3434 045d 90030000 		.4byte	.LASF77
 3435 0461 0C       		.byte	0xc
 3436 0462 33       		.byte	0x33
 3437 0463 64       		.byte	0x64
 3438 0464 08       		.byte	0x8
 3439 0465 91040000 		.4byte	0x491
 3440 0469 01       		.uleb128 0x1
 3441 046a 55010000 		.4byte	.LASF69
 3442 046e 33       		.byte	0x33
 3443 046f 65       		.byte	0x65
 3444 0470 1A       		.byte	0x1a
 3445 0471 91040000 		.4byte	0x491
 3446 0475 00       		.byte	0
 3447 0476 01       		.uleb128 0x1
 3448 0477 8B020000 		.4byte	.LASF72
 3449 047b 33       		.byte	0x33
 3450 047c 66       		.byte	0x66
 3451 047d 1A       		.byte	0x1a
 3452 047e 91040000 		.4byte	0x491
 3453 0482 04       		.byte	0x4
 3454 0483 01       		.uleb128 0x1
 3455 0484 0A0F0000 		.4byte	.LASF78
 3456 0488 33       		.byte	0x33
 3457 0489 67       		.byte	0x67
 3458 048a 19       		.byte	0x19
 3459 048b 99030000 		.4byte	0x399
 3460 048f 08       		.byte	0x8
 3461 0490 00       		.byte	0
 3462 0491 06       		.uleb128 0x6
 3463 0492 50040000 		.4byte	0x450
 3464 0496 0E       		.uleb128 0xe
 3465 0497 08       		.byte	0x8
 3466 0498 34       		.byte	0x34
 3467 0499 83       		.byte	0x83
 3468 049a 05       		.byte	0x5
 3469 049b BA040000 		.4byte	0x4ba
ARM GAS  C:\Users\DEVELO~1\AppData\Local\Temp\ccZRP2cb.s 			page 62


 3470 049f 09       		.uleb128 0x9
 3471 04a0 6E747000 		.ascii	"ntp\000"
 3472 04a4 34       		.byte	0x34
 3473 04a5 87       		.byte	0x87
 3474 04a6 1E       		.byte	0x1e
 3475 04a7 BA040000 		.4byte	0x4ba
 3476 04ab 00       		.byte	0
 3477 04ac 01       		.uleb128 0x1
 3478 04ad F7010000 		.4byte	.LASF79
 3479 04b1 34       		.byte	0x34
 3480 04b2 8B       		.byte	0x8b
 3481 04b3 1E       		.byte	0x1e
 3482 04b4 BF040000 		.4byte	0x4bf
 3483 04b8 04       		.byte	0x4
 3484 04b9 00       		.byte	0
 3485 04ba 06       		.uleb128 0x6
 3486 04bb 94010000 		.4byte	0x194
 3487 04bf 25       		.uleb128 0x25
 3488 04c0 04       		.byte	0x4
 3489 04c1 0E       		.uleb128 0xe
 3490 04c2 08       		.byte	0x8
 3491 04c3 34       		.byte	0x34
 3492 04c4 90       		.byte	0x90
 3493 04c5 05       		.byte	0x5
 3494 04c6 E4040000 		.4byte	0x4e4
 3495 04ca 09       		.uleb128 0x9
 3496 04cb 747000   		.ascii	"tp\000"
 3497 04ce 34       		.byte	0x34
 3498 04cf 94       		.byte	0x94
 3499 04d0 1E       		.byte	0x1e
 3500 04d1 BA040000 		.4byte	0x4ba
 3501 04d5 00       		.byte	0
 3502 04d6 09       		.uleb128 0x9
 3503 04d7 6D736700 		.ascii	"msg\000"
 3504 04db 34       		.byte	0x34
 3505 04dc 98       		.byte	0x98
 3506 04dd 1D       		.byte	0x1d
 3507 04de 58010000 		.4byte	0x158
 3508 04e2 04       		.byte	0x4
 3509 04e3 00       		.byte	0
 3510 04e4 0E       		.uleb128 0xe
 3511 04e5 04       		.byte	0x4
 3512 04e6 34       		.byte	0x34
 3513 04e7 9D       		.byte	0x9d
 3514 04e8 05       		.byte	0x5
 3515 04e9 FB040000 		.4byte	0x4fb
 3516 04ed 01       		.uleb128 0x1
 3517 04ee 46000000 		.4byte	.LASF35
 3518 04f2 34       		.byte	0x34
 3519 04f3 A1       		.byte	0xa1
 3520 04f4 1E       		.byte	0x1e
 3521 04f5 6B030000 		.4byte	0x36b
 3522 04f9 00       		.byte	0
 3523 04fa 00       		.byte	0
 3524 04fb 0E       		.uleb128 0xe
 3525 04fc 04       		.byte	0x4
 3526 04fd 34       		.byte	0x34
ARM GAS  C:\Users\DEVELO~1\AppData\Local\Temp\ccZRP2cb.s 			page 63


 3527 04fe A6       		.byte	0xa6
 3528 04ff 05       		.byte	0x5
 3529 0500 12050000 		.4byte	0x512
 3530 0504 01       		.uleb128 0x1
 3531 0505 D5040000 		.4byte	.LASF80
 3532 0509 34       		.byte	0x34
 3533 050a AA       		.byte	0xaa
 3534 050b 1E       		.byte	0x1e
 3535 050c 6B030000 		.4byte	0x36b
 3536 0510 00       		.byte	0
 3537 0511 00       		.byte	0
 3538 0512 0E       		.uleb128 0xe
 3539 0513 08       		.byte	0x8
 3540 0514 34       		.byte	0x34
 3541 0515 AF       		.byte	0xaf
 3542 0516 05       		.byte	0x5
 3543 0517 36050000 		.4byte	0x536
 3544 051b 09       		.uleb128 0x9
 3545 051c 75703100 		.ascii	"up1\000"
 3546 0520 34       		.byte	0x34
 3547 0521 B3       		.byte	0xb3
 3548 0522 1E       		.byte	0x1e
 3549 0523 BF040000 		.4byte	0x4bf
 3550 0527 00       		.byte	0
 3551 0528 09       		.uleb128 0x9
 3552 0529 75703200 		.ascii	"up2\000"
 3553 052d 34       		.byte	0x34
 3554 052e B7       		.byte	0xb7
 3555 052f 1E       		.byte	0x1e
 3556 0530 BF040000 		.4byte	0x4bf
 3557 0534 04       		.byte	0x4
 3558 0535 00       		.byte	0
 3559 0536 1A       		.uleb128 0x1a
 3560 0537 08       		.byte	0x8
 3561 0538 34       		.byte	0x34
 3562 0539 7F       		.byte	0x7f
 3563 053a 74050000 		.4byte	0x574
 3564 053e 1B       		.uleb128 0x1b
 3565 053f 737700   		.ascii	"sw\000"
 3566 0542 8C       		.byte	0x8c
 3567 0543 96040000 		.4byte	0x496
 3568 0547 1B       		.uleb128 0x1b
 3569 0548 72647900 		.ascii	"rdy\000"
 3570 054c 99       		.byte	0x99
 3571 054d C1040000 		.4byte	0x4c1
 3572 0551 1B       		.uleb128 0x1b
 3573 0552 69737200 		.ascii	"isr\000"
 3574 0556 A2       		.byte	0xa2
 3575 0557 E4040000 		.4byte	0x4e4
 3576 055b 10       		.uleb128 0x10
 3577 055c 60040000 		.4byte	.LASF81
 3578 0560 34       		.byte	0x34
 3579 0561 AB       		.byte	0xab
 3580 0562 07       		.byte	0x7
 3581 0563 FB040000 		.4byte	0x4fb
 3582 0567 10       		.uleb128 0x10
 3583 0568 C1050000 		.4byte	.LASF82
ARM GAS  C:\Users\DEVELO~1\AppData\Local\Temp\ccZRP2cb.s 			page 64


 3584 056c 34       		.byte	0x34
 3585 056d B8       		.byte	0xb8
 3586 056e 07       		.byte	0x7
 3587 056f 12050000 		.4byte	0x512
 3588 0573 00       		.byte	0
 3589 0574 0E       		.uleb128 0xe
 3590 0575 10       		.byte	0x10
 3591 0576 34       		.byte	0x34
 3592 0577 6C       		.byte	0x6c
 3593 0578 09       		.byte	0x9
 3594 0579 BA050000 		.4byte	0x5ba
 3595 057d 1C       		.uleb128 0x1c
 3596 057e E50D0000 		.4byte	.LASF83
 3597 0582 70       		.byte	0x70
 3598 0583 E9000000 		.4byte	0xe9
 3599 0587 03       		.byte	0x3
 3600 0588 00       		.byte	0
 3601 0589 1C       		.uleb128 0x1c
 3602 058a 5B0E0000 		.4byte	.LASF37
 3603 058e 74       		.byte	0x74
 3604 058f E9000000 		.4byte	0xe9
 3605 0593 05       		.byte	0x5
 3606 0594 03       		.byte	0x3
 3607 0595 1C       		.uleb128 0x1c
 3608 0596 5B0D0000 		.4byte	.LASF84
 3609 059a 7A       		.byte	0x7a
 3610 059b E9000000 		.4byte	0xe9
 3611 059f 18       		.byte	0x18
 3612 05a0 08       		.byte	0x8
 3613 05a1 01       		.uleb128 0x1
 3614 05a2 53050000 		.4byte	.LASF85
 3615 05a6 34       		.byte	0x34
 3616 05a7 7E       		.byte	0x7e
 3617 05a8 19       		.byte	0x19
 3618 05a9 8D030000 		.4byte	0x38d
 3619 05ad 04       		.byte	0x4
 3620 05ae 09       		.uleb128 0x9
 3621 05af 7500     		.ascii	"u\000"
 3622 05b1 34       		.byte	0x34
 3623 05b2 B9       		.byte	0xb9
 3624 05b3 05       		.byte	0x5
 3625 05b4 36050000 		.4byte	0x536
 3626 05b8 08       		.byte	0x8
 3627 05b9 00       		.byte	0
 3628 05ba 03       		.uleb128 0x3
 3629 05bb EB030000 		.4byte	.LASF86
 3630 05bf 34       		.byte	0x34
 3631 05c0 BA       		.byte	0xba
 3632 05c1 03       		.byte	0x3
 3633 05c2 74050000 		.4byte	0x574
 3634 05c6 26       		.uleb128 0x26
 3635 05c7 0808     		.2byte	0x808
 3636 05c9 34       		.byte	0x34
 3637 05ca C0       		.byte	0xc0
 3638 05cb 09       		.byte	0x9
 3639 05cc 05060000 		.4byte	0x605
 3640 05d0 01       		.uleb128 0x1
ARM GAS  C:\Users\DEVELO~1\AppData\Local\Temp\ccZRP2cb.s 			page 65


 3641 05d1 E1000000 		.4byte	.LASF87
 3642 05d5 34       		.byte	0x34
 3643 05d6 C4       		.byte	0xc4
 3644 05d7 19       		.byte	0x19
 3645 05d8 D1000000 		.4byte	0xd1
 3646 05dc 00       		.byte	0
 3647 05dd 01       		.uleb128 0x1
 3648 05de 030A0000 		.4byte	.LASF88
 3649 05e2 34       		.byte	0x34
 3650 05e3 C8       		.byte	0xc8
 3651 05e4 19       		.byte	0x19
 3652 05e5 D1000000 		.4byte	0xd1
 3653 05e9 02       		.byte	0x2
 3654 05ea 09       		.uleb128 0x9
 3655 05eb 70747200 		.ascii	"ptr\000"
 3656 05ef 34       		.byte	0x34
 3657 05f0 CC       		.byte	0xcc
 3658 05f1 1A       		.byte	0x1a
 3659 05f2 05060000 		.4byte	0x605
 3660 05f6 04       		.byte	0x4
 3661 05f7 01       		.uleb128 0x1
 3662 05f8 DA000000 		.4byte	.LASF89
 3663 05fc 34       		.byte	0x34
 3664 05fd D0       		.byte	0xd0
 3665 05fe 19       		.byte	0x19
 3666 05ff 0A060000 		.4byte	0x60a
 3667 0603 08       		.byte	0x8
 3668 0604 00       		.byte	0
 3669 0605 06       		.uleb128 0x6
 3670 0606 BA050000 		.4byte	0x5ba
 3671 060a 11       		.uleb128 0x11
 3672 060b BA050000 		.4byte	0x5ba
 3673 060f 1A060000 		.4byte	0x61a
 3674 0613 12       		.uleb128 0x12
 3675 0614 3E000000 		.4byte	0x3e
 3676 0618 7F       		.byte	0x7f
 3677 0619 00       		.byte	0
 3678 061a 03       		.uleb128 0x3
 3679 061b AD0A0000 		.4byte	.LASF90
 3680 061f 34       		.byte	0x34
 3681 0620 D1       		.byte	0xd1
 3682 0621 03       		.byte	0x3
 3683 0622 C6050000 		.4byte	0x5c6
 3684 0626 11       		.uleb128 0x11
 3685 0627 E9000000 		.4byte	0xe9
 3686 062b 36060000 		.4byte	0x636
 3687 062f 12       		.uleb128 0x12
 3688 0630 3E000000 		.4byte	0x3e
 3689 0634 07       		.byte	0x7
 3690 0635 00       		.byte	0
 3691 0636 11       		.uleb128 0x11
 3692 0637 E9000000 		.4byte	0xe9
 3693 063b 46060000 		.4byte	0x646
 3694 063f 12       		.uleb128 0x12
 3695 0640 3E000000 		.4byte	0x3e
 3696 0644 03       		.byte	0x3
 3697 0645 00       		.byte	0
ARM GAS  C:\Users\DEVELO~1\AppData\Local\Temp\ccZRP2cb.s 			page 66


 3698 0646 11       		.uleb128 0x11
 3699 0647 E9000000 		.4byte	0xe9
 3700 064b 56060000 		.4byte	0x656
 3701 064f 12       		.uleb128 0x12
 3702 0650 3E000000 		.4byte	0x3e
 3703 0654 02       		.byte	0x2
 3704 0655 00       		.byte	0
 3705 0656 27       		.uleb128 0x27
 3706 0657 0004     		.2byte	0x400
 3707 0659 35       		.byte	0x35
 3708 065a 7D05     		.2byte	0x57d
 3709 065c 09       		.byte	0x9
 3710 065d CF070000 		.4byte	0x7cf
 3711 0661 04       		.uleb128 0x4
 3712 0662 D00C0000 		.4byte	.LASF91
 3713 0666 35       		.byte	0x35
 3714 0667 7F05     		.2byte	0x57f
 3715 0669 11       		.byte	0x11
 3716 066a F5000000 		.4byte	0xf5
 3717 066e 00       		.byte	0
 3718 066f 04       		.uleb128 0x4
 3719 0670 D80B0000 		.4byte	.LASF92
 3720 0674 35       		.byte	0x35
 3721 0675 8005     		.2byte	0x580
 3722 0677 11       		.byte	0x11
 3723 0678 F5000000 		.4byte	0xf5
 3724 067c 04       		.byte	0x4
 3725 067d 07       		.uleb128 0x7
 3726 067e 41524700 		.ascii	"ARG\000"
 3727 0682 35       		.byte	0x35
 3728 0683 8105     		.2byte	0x581
 3729 0685 11       		.byte	0x11
 3730 0686 F5000000 		.4byte	0xf5
 3731 068a 08       		.byte	0x8
 3732 068b 07       		.uleb128 0x7
 3733 068c 434D4400 		.ascii	"CMD\000"
 3734 0690 35       		.byte	0x35
 3735 0691 8205     		.2byte	0x582
 3736 0693 11       		.byte	0x11
 3737 0694 F5000000 		.4byte	0xf5
 3738 0698 0C       		.byte	0xc
 3739 0699 04       		.uleb128 0x4
 3740 069a 610E0000 		.4byte	.LASF93
 3741 069e 35       		.byte	0x35
 3742 069f 8305     		.2byte	0x583
 3743 06a1 11       		.byte	0x11
 3744 06a2 FA000000 		.4byte	0xfa
 3745 06a6 10       		.byte	0x10
 3746 06a7 04       		.uleb128 0x4
 3747 06a8 9D070000 		.4byte	.LASF94
 3748 06ac 35       		.byte	0x35
 3749 06ad 8405     		.2byte	0x584
 3750 06af 11       		.byte	0x11
 3751 06b0 FA000000 		.4byte	0xfa
 3752 06b4 14       		.byte	0x14
 3753 06b5 04       		.uleb128 0x4
 3754 06b6 A3070000 		.4byte	.LASF95
ARM GAS  C:\Users\DEVELO~1\AppData\Local\Temp\ccZRP2cb.s 			page 67


 3755 06ba 35       		.byte	0x35
 3756 06bb 8505     		.2byte	0x585
 3757 06bd 11       		.byte	0x11
 3758 06be FA000000 		.4byte	0xfa
 3759 06c2 18       		.byte	0x18
 3760 06c3 04       		.uleb128 0x4
 3761 06c4 A9070000 		.4byte	.LASF96
 3762 06c8 35       		.byte	0x35
 3763 06c9 8605     		.2byte	0x586
 3764 06cb 11       		.byte	0x11
 3765 06cc FA000000 		.4byte	0xfa
 3766 06d0 1C       		.byte	0x1c
 3767 06d1 04       		.uleb128 0x4
 3768 06d2 AF070000 		.4byte	.LASF97
 3769 06d6 35       		.byte	0x35
 3770 06d7 8705     		.2byte	0x587
 3771 06d9 11       		.byte	0x11
 3772 06da FA000000 		.4byte	0xfa
 3773 06de 20       		.byte	0x20
 3774 06df 04       		.uleb128 0x4
 3775 06e0 FB0B0000 		.4byte	.LASF98
 3776 06e4 35       		.byte	0x35
 3777 06e5 8805     		.2byte	0x588
 3778 06e7 11       		.byte	0x11
 3779 06e8 F5000000 		.4byte	0xf5
 3780 06ec 24       		.byte	0x24
 3781 06ed 04       		.uleb128 0x4
 3782 06ee 740C0000 		.4byte	.LASF99
 3783 06f2 35       		.byte	0x35
 3784 06f3 8905     		.2byte	0x589
 3785 06f5 11       		.byte	0x11
 3786 06f6 F5000000 		.4byte	0xf5
 3787 06fa 28       		.byte	0x28
 3788 06fb 04       		.uleb128 0x4
 3789 06fc 7F0C0000 		.4byte	.LASF100
 3790 0700 35       		.byte	0x35
 3791 0701 8A05     		.2byte	0x58a
 3792 0703 11       		.byte	0x11
 3793 0704 F5000000 		.4byte	0xf5
 3794 0708 2C       		.byte	0x2c
 3795 0709 04       		.uleb128 0x4
 3796 070a 3D0E0000 		.4byte	.LASF101
 3797 070e 35       		.byte	0x35
 3798 070f 8B05     		.2byte	0x58b
 3799 0711 11       		.byte	0x11
 3800 0712 FA000000 		.4byte	0xfa
 3801 0716 30       		.byte	0x30
 3802 0717 07       		.uleb128 0x7
 3803 0718 53544100 		.ascii	"STA\000"
 3804 071c 35       		.byte	0x35
 3805 071d 8C05     		.2byte	0x58c
 3806 071f 11       		.byte	0x11
 3807 0720 FA000000 		.4byte	0xfa
 3808 0724 34       		.byte	0x34
 3809 0725 07       		.uleb128 0x7
 3810 0726 49435200 		.ascii	"ICR\000"
 3811 072a 35       		.byte	0x35
ARM GAS  C:\Users\DEVELO~1\AppData\Local\Temp\ccZRP2cb.s 			page 68


 3812 072b 8D05     		.2byte	0x58d
 3813 072d 11       		.byte	0x11
 3814 072e F5000000 		.4byte	0xf5
 3815 0732 38       		.byte	0x38
 3816 0733 04       		.uleb128 0x4
 3817 0734 6D050000 		.4byte	.LASF102
 3818 0738 35       		.byte	0x35
 3819 0739 8E05     		.2byte	0x58e
 3820 073b 11       		.byte	0x11
 3821 073c F5000000 		.4byte	0xf5
 3822 0740 3C       		.byte	0x3c
 3823 0741 04       		.uleb128 0x4
 3824 0742 020C0000 		.4byte	.LASF103
 3825 0746 35       		.byte	0x35
 3826 0747 8F05     		.2byte	0x58f
 3827 0749 11       		.byte	0x11
 3828 074a F5000000 		.4byte	0xf5
 3829 074e 40       		.byte	0x40
 3830 074f 04       		.uleb128 0x4
 3831 0750 9C0B0000 		.4byte	.LASF104
 3832 0754 35       		.byte	0x35
 3833 0755 9005     		.2byte	0x590
 3834 0757 11       		.byte	0x11
 3835 0758 46060000 		.4byte	0x646
 3836 075c 44       		.byte	0x44
 3837 075d 04       		.uleb128 0x4
 3838 075e F0060000 		.4byte	.LASF105
 3839 0762 35       		.byte	0x35
 3840 0763 9105     		.2byte	0x591
 3841 0765 11       		.byte	0x11
 3842 0766 F5000000 		.4byte	0xf5
 3843 076a 50       		.byte	0x50
 3844 076b 04       		.uleb128 0x4
 3845 076c EE0C0000 		.4byte	.LASF106
 3846 0770 35       		.byte	0x35
 3847 0771 9205     		.2byte	0x592
 3848 0773 11       		.byte	0x11
 3849 0774 F5000000 		.4byte	0xf5
 3850 0778 54       		.byte	0x54
 3851 0779 04       		.uleb128 0x4
 3852 077a C00F0000 		.4byte	.LASF107
 3853 077e 35       		.byte	0x35
 3854 077f 9305     		.2byte	0x593
 3855 0781 11       		.byte	0x11
 3856 0782 F5000000 		.4byte	0xf5
 3857 0786 58       		.byte	0x58
 3858 0787 04       		.uleb128 0x4
 3859 0788 CA0F0000 		.4byte	.LASF108
 3860 078c 35       		.byte	0x35
 3861 078d 9405     		.2byte	0x594
 3862 078f 11       		.byte	0x11
 3863 0790 F5000000 		.4byte	0xf5
 3864 0794 5C       		.byte	0x5c
 3865 0795 04       		.uleb128 0x4
 3866 0796 A60B0000 		.4byte	.LASF109
 3867 079a 35       		.byte	0x35
 3868 079b 9505     		.2byte	0x595
ARM GAS  C:\Users\DEVELO~1\AppData\Local\Temp\ccZRP2cb.s 			page 69


 3869 079d 11       		.byte	0x11
 3870 079e 26060000 		.4byte	0x626
 3871 07a2 60       		.byte	0x60
 3872 07a3 04       		.uleb128 0x4
 3873 07a4 3E0A0000 		.4byte	.LASF110
 3874 07a8 35       		.byte	0x35
 3875 07a9 9605     		.2byte	0x596
 3876 07ab 11       		.byte	0x11
 3877 07ac F5000000 		.4byte	0xf5
 3878 07b0 80       		.byte	0x80
 3879 07b1 04       		.uleb128 0x4
 3880 07b2 B60F0000 		.4byte	.LASF111
 3881 07b6 35       		.byte	0x35
 3882 07b7 9705     		.2byte	0x597
 3883 07b9 11       		.byte	0x11
 3884 07ba CF070000 		.4byte	0x7cf
 3885 07be 84       		.byte	0x84
 3886 07bf 28       		.uleb128 0x28
 3887 07c0 60020000 		.4byte	.LASF112
 3888 07c4 35       		.byte	0x35
 3889 07c5 9805     		.2byte	0x598
 3890 07c7 11       		.byte	0x11
 3891 07c8 F5000000 		.4byte	0xf5
 3892 07cc FC03     		.2byte	0x3fc
 3893 07ce 00       		.byte	0
 3894 07cf 11       		.uleb128 0x11
 3895 07d0 E9000000 		.4byte	0xe9
 3896 07d4 DF070000 		.4byte	0x7df
 3897 07d8 12       		.uleb128 0x12
 3898 07d9 3E000000 		.4byte	0x3e
 3899 07dd DD       		.byte	0xdd
 3900 07de 00       		.byte	0
 3901 07df 15       		.uleb128 0x15
 3902 07e0 4C0F0000 		.4byte	.LASF113
 3903 07e4 35       		.byte	0x35
 3904 07e5 9905     		.2byte	0x599
 3905 07e7 56060000 		.4byte	0x656
 3906 07eb 29       		.uleb128 0x29
 3907 07ec 30       		.byte	0x30
 3908 07ed 35       		.byte	0x35
 3909 07ee 3906     		.2byte	0x639
 3910 07f0 09       		.byte	0x9
 3911 07f1 9E080000 		.4byte	0x89e
 3912 07f5 07       		.uleb128 0x7
 3913 07f6 43523100 		.ascii	"CR1\000"
 3914 07fa 35       		.byte	0x35
 3915 07fb 3B06     		.2byte	0x63b
 3916 07fd 11       		.byte	0x11
 3917 07fe F5000000 		.4byte	0xf5
 3918 0802 00       		.byte	0
 3919 0803 07       		.uleb128 0x7
 3920 0804 43523200 		.ascii	"CR2\000"
 3921 0808 35       		.byte	0x35
 3922 0809 3C06     		.2byte	0x63c
 3923 080b 11       		.byte	0x11
 3924 080c F5000000 		.4byte	0xf5
 3925 0810 04       		.byte	0x4
ARM GAS  C:\Users\DEVELO~1\AppData\Local\Temp\ccZRP2cb.s 			page 70


 3926 0811 07       		.uleb128 0x7
 3927 0812 43523300 		.ascii	"CR3\000"
 3928 0816 35       		.byte	0x35
 3929 0817 3D06     		.2byte	0x63d
 3930 0819 11       		.byte	0x11
 3931 081a F5000000 		.4byte	0xf5
 3932 081e 08       		.byte	0x8
 3933 081f 07       		.uleb128 0x7
 3934 0820 42525200 		.ascii	"BRR\000"
 3935 0824 35       		.byte	0x35
 3936 0825 3E06     		.2byte	0x63e
 3937 0827 11       		.byte	0x11
 3938 0828 F5000000 		.4byte	0xf5
 3939 082c 0C       		.byte	0xc
 3940 082d 04       		.uleb128 0x4
 3941 082e 15030000 		.4byte	.LASF114
 3942 0832 35       		.byte	0x35
 3943 0833 3F06     		.2byte	0x63f
 3944 0835 11       		.byte	0x11
 3945 0836 F5000000 		.4byte	0xf5
 3946 083a 10       		.byte	0x10
 3947 083b 04       		.uleb128 0x4
 3948 083c A2080000 		.4byte	.LASF115
 3949 0840 35       		.byte	0x35
 3950 0841 4006     		.2byte	0x640
 3951 0843 11       		.byte	0x11
 3952 0844 F5000000 		.4byte	0xf5
 3953 0848 14       		.byte	0x14
 3954 0849 07       		.uleb128 0x7
 3955 084a 52515200 		.ascii	"RQR\000"
 3956 084e 35       		.byte	0x35
 3957 084f 4106     		.2byte	0x641
 3958 0851 11       		.byte	0x11
 3959 0852 F5000000 		.4byte	0xf5
 3960 0856 18       		.byte	0x18
 3961 0857 07       		.uleb128 0x7
 3962 0858 49535200 		.ascii	"ISR\000"
 3963 085c 35       		.byte	0x35
 3964 085d 4206     		.2byte	0x642
 3965 085f 11       		.byte	0x11
 3966 0860 F5000000 		.4byte	0xf5
 3967 0864 1C       		.byte	0x1c
 3968 0865 07       		.uleb128 0x7
 3969 0866 49435200 		.ascii	"ICR\000"
 3970 086a 35       		.byte	0x35
 3971 086b 4306     		.2byte	0x643
 3972 086d 11       		.byte	0x11
 3973 086e F5000000 		.4byte	0xf5
 3974 0872 20       		.byte	0x20
 3975 0873 07       		.uleb128 0x7
 3976 0874 52445200 		.ascii	"RDR\000"
 3977 0878 35       		.byte	0x35
 3978 0879 4406     		.2byte	0x644
 3979 087b 11       		.byte	0x11
 3980 087c F5000000 		.4byte	0xf5
 3981 0880 24       		.byte	0x24
 3982 0881 07       		.uleb128 0x7
ARM GAS  C:\Users\DEVELO~1\AppData\Local\Temp\ccZRP2cb.s 			page 71


 3983 0882 54445200 		.ascii	"TDR\000"
 3984 0886 35       		.byte	0x35
 3985 0887 4506     		.2byte	0x645
 3986 0889 11       		.byte	0x11
 3987 088a F5000000 		.4byte	0xf5
 3988 088e 28       		.byte	0x28
 3989 088f 04       		.uleb128 0x4
 3990 0890 E9040000 		.4byte	.LASF116
 3991 0894 35       		.byte	0x35
 3992 0895 4606     		.2byte	0x646
 3993 0897 11       		.byte	0x11
 3994 0898 F5000000 		.4byte	0xf5
 3995 089c 2C       		.byte	0x2c
 3996 089d 00       		.byte	0
 3997 089e 15       		.uleb128 0x15
 3998 089f 00070000 		.4byte	.LASF117
 3999 08a3 35       		.byte	0x35
 4000 08a4 4706     		.2byte	0x647
 4001 08a6 EB070000 		.4byte	0x7eb
 4002 08aa 16       		.uleb128 0x16
 4003 08ab DE0B0000 		.4byte	.LASF118
 4004 08af 24       		.byte	0x24
 4005 08b0 36       		.byte	0x36
 4006 08b1 E001     		.2byte	0x1e0
 4007 08b3 08       		.byte	0x8
 4008 08b4 30090000 		.4byte	0x930
 4009 08b8 07       		.uleb128 0x7
 4010 08b9 723400   		.ascii	"r4\000"
 4011 08bc 36       		.byte	0x36
 4012 08bd F901     		.2byte	0x1f9
 4013 08bf 11       		.byte	0x11
 4014 08c0 E9000000 		.4byte	0xe9
 4015 08c4 00       		.byte	0
 4016 08c5 07       		.uleb128 0x7
 4017 08c6 723500   		.ascii	"r5\000"
 4018 08c9 36       		.byte	0x36
 4019 08ca FA01     		.2byte	0x1fa
 4020 08cc 11       		.byte	0x11
 4021 08cd E9000000 		.4byte	0xe9
 4022 08d1 04       		.byte	0x4
 4023 08d2 07       		.uleb128 0x7
 4024 08d3 723600   		.ascii	"r6\000"
 4025 08d6 36       		.byte	0x36
 4026 08d7 FB01     		.2byte	0x1fb
 4027 08d9 11       		.byte	0x11
 4028 08da E9000000 		.4byte	0xe9
 4029 08de 08       		.byte	0x8
 4030 08df 07       		.uleb128 0x7
 4031 08e0 723700   		.ascii	"r7\000"
 4032 08e3 36       		.byte	0x36
 4033 08e4 FC01     		.2byte	0x1fc
 4034 08e6 11       		.byte	0x11
 4035 08e7 E9000000 		.4byte	0xe9
 4036 08eb 0C       		.byte	0xc
 4037 08ec 07       		.uleb128 0x7
 4038 08ed 723800   		.ascii	"r8\000"
 4039 08f0 36       		.byte	0x36
ARM GAS  C:\Users\DEVELO~1\AppData\Local\Temp\ccZRP2cb.s 			page 72


 4040 08f1 FD01     		.2byte	0x1fd
 4041 08f3 11       		.byte	0x11
 4042 08f4 E9000000 		.4byte	0xe9
 4043 08f8 10       		.byte	0x10
 4044 08f9 07       		.uleb128 0x7
 4045 08fa 723900   		.ascii	"r9\000"
 4046 08fd 36       		.byte	0x36
 4047 08fe FE01     		.2byte	0x1fe
 4048 0900 11       		.byte	0x11
 4049 0901 E9000000 		.4byte	0xe9
 4050 0905 14       		.byte	0x14
 4051 0906 07       		.uleb128 0x7
 4052 0907 72313000 		.ascii	"r10\000"
 4053 090b 36       		.byte	0x36
 4054 090c FF01     		.2byte	0x1ff
 4055 090e 11       		.byte	0x11
 4056 090f E9000000 		.4byte	0xe9
 4057 0913 18       		.byte	0x18
 4058 0914 07       		.uleb128 0x7
 4059 0915 72313100 		.ascii	"r11\000"
 4060 0919 36       		.byte	0x36
 4061 091a 0002     		.2byte	0x200
 4062 091c 11       		.byte	0x11
 4063 091d E9000000 		.4byte	0xe9
 4064 0921 1C       		.byte	0x1c
 4065 0922 07       		.uleb128 0x7
 4066 0923 6C7200   		.ascii	"lr\000"
 4067 0926 36       		.byte	0x36
 4068 0927 0102     		.2byte	0x201
 4069 0929 11       		.byte	0x11
 4070 092a E9000000 		.4byte	0xe9
 4071 092e 20       		.byte	0x20
 4072 092f 00       		.byte	0
 4073 0930 16       		.uleb128 0x16
 4074 0931 15020000 		.4byte	.LASF119
 4075 0935 04       		.byte	0x4
 4076 0936 36       		.byte	0x36
 4077 0937 0A02     		.2byte	0x20a
 4078 0939 08       		.byte	0x8
 4079 093a 4C090000 		.4byte	0x94c
 4080 093e 07       		.uleb128 0x7
 4081 093f 737000   		.ascii	"sp\000"
 4082 0942 36       		.byte	0x36
 4083 0943 0B02     		.2byte	0x20b
 4084 0945 1A       		.byte	0x1a
 4085 0946 4C090000 		.4byte	0x94c
 4086 094a 00       		.byte	0
 4087 094b 00       		.byte	0
 4088 094c 06       		.uleb128 0x6
 4089 094d AA080000 		.4byte	0x8aa
 4090 0951 08       		.uleb128 0x8
 4091 0952 7A050000 		.4byte	.LASF120
 4092 0956 18       		.byte	0x18
 4093 0957 2F       		.byte	0x2f
 4094 0958 64       		.byte	0x64
 4095 0959 10       		.byte	0x10
 4096 095a 86090000 		.4byte	0x986
ARM GAS  C:\Users\DEVELO~1\AppData\Local\Temp\ccZRP2cb.s 			page 73


 4097 095e 01       		.uleb128 0x1
 4098 095f 500C0000 		.4byte	.LASF121
 4099 0963 2F       		.byte	0x2f
 4100 0964 68       		.byte	0x68
 4101 0965 21       		.byte	0x21
 4102 0966 50040000 		.4byte	0x450
 4103 096a 00       		.byte	0
 4104 096b 01       		.uleb128 0x1
 4105 096c 560C0000 		.4byte	.LASF122
 4106 0970 2F       		.byte	0x2f
 4107 0971 73       		.byte	0x73
 4108 0972 21       		.byte	0x21
 4109 0973 8D030000 		.4byte	0x38d
 4110 0977 0C       		.byte	0xc
 4111 0978 01       		.uleb128 0x1
 4112 0979 56020000 		.4byte	.LASF123
 4113 097d 2F       		.byte	0x2f
 4114 097e 79       		.byte	0x79
 4115 097f 21       		.byte	0x21
 4116 0980 0B010000 		.4byte	0x10b
 4117 0984 10       		.byte	0x10
 4118 0985 00       		.byte	0
 4119 0986 03       		.uleb128 0x3
 4120 0987 570B0000 		.4byte	.LASF124
 4121 098b 2F       		.byte	0x2f
 4122 098c 7B       		.byte	0x7b
 4123 098d 03       		.byte	0x3
 4124 098e 51090000 		.4byte	0x951
 4125 0992 08       		.uleb128 0x8
 4126 0993 77000000 		.4byte	.LASF125
 4127 0997 08       		.byte	0x8
 4128 0998 2F       		.byte	0x2f
 4129 0999 80       		.byte	0x80
 4130 099a 10       		.byte	0x10
 4131 099b AD090000 		.4byte	0x9ad
 4132 099f 01       		.uleb128 0x1
 4133 09a0 630D0000 		.4byte	.LASF126
 4134 09a4 2F       		.byte	0x2f
 4135 09a5 84       		.byte	0x84
 4136 09a6 21       		.byte	0x21
 4137 09a7 D1030000 		.4byte	0x3d1
 4138 09ab 00       		.byte	0
 4139 09ac 00       		.byte	0
 4140 09ad 03       		.uleb128 0x3
 4141 09ae A6090000 		.4byte	.LASF127
 4142 09b2 2F       		.byte	0x2f
 4143 09b3 85       		.byte	0x85
 4144 09b4 03       		.byte	0x3
 4145 09b5 92090000 		.4byte	0x992
 4146 09b9 03       		.uleb128 0x3
 4147 09ba 59000000 		.4byte	.LASF128
 4148 09be 2F       		.byte	0x2f
 4149 09bf 8A       		.byte	0x8a
 4150 09c0 14       		.byte	0x14
 4151 09c1 BA040000 		.4byte	0x4ba
 4152 09c5 08       		.uleb128 0x8
 4153 09c6 30090000 		.4byte	.LASF129
ARM GAS  C:\Users\DEVELO~1\AppData\Local\Temp\ccZRP2cb.s 			page 74


 4154 09ca 08       		.byte	0x8
 4155 09cb 2F       		.byte	0x2f
 4156 09cc 8F       		.byte	0x8f
 4157 09cd 10       		.byte	0x10
 4158 09ce E0090000 		.4byte	0x9e0
 4159 09d2 01       		.uleb128 0x1
 4160 09d3 630D0000 		.4byte	.LASF126
 4161 09d7 2F       		.byte	0x2f
 4162 09d8 93       		.byte	0x93
 4163 09d9 21       		.byte	0x21
 4164 09da D1030000 		.4byte	0x3d1
 4165 09de 00       		.byte	0
 4166 09df 00       		.byte	0
 4167 09e0 03       		.uleb128 0x3
 4168 09e1 430A0000 		.4byte	.LASF130
 4169 09e5 2F       		.byte	0x2f
 4170 09e6 94       		.byte	0x94
 4171 09e7 03       		.byte	0x3
 4172 09e8 C5090000 		.4byte	0x9c5
 4173 09ec 1A       		.uleb128 0x1a
 4174 09ed 0C       		.byte	0xc
 4175 09ee 2F       		.byte	0x2f
 4176 09ef A0       		.byte	0xa0
 4177 09f0 190A0000 		.4byte	0xa19
 4178 09f4 10       		.uleb128 0x10
 4179 09f5 70030000 		.4byte	.LASF131
 4180 09f9 2F       		.byte	0x2f
 4181 09fa A4       		.byte	0xa4
 4182 09fb 21       		.byte	0x21
 4183 09fc A5030000 		.4byte	0x3a5
 4184 0a00 10       		.uleb128 0x10
 4185 0a01 630D0000 		.4byte	.LASF126
 4186 0a05 2F       		.byte	0x2f
 4187 0a06 A8       		.byte	0xa8
 4188 0a07 21       		.byte	0x21
 4189 0a08 D1030000 		.4byte	0x3d1
 4190 0a0c 10       		.uleb128 0x10
 4191 0a0d 05050000 		.4byte	.LASF132
 4192 0a11 2F       		.byte	0x2f
 4193 0a12 AC       		.byte	0xac
 4194 0a13 21       		.byte	0x21
 4195 0a14 0A040000 		.4byte	0x40a
 4196 0a18 00       		.byte	0
 4197 0a19 1A       		.uleb128 0x1a
 4198 0a1a 04       		.byte	0x4
 4199 0a1b 2F       		.byte	0x2f
 4200 0a1c EB       		.byte	0xeb
 4201 0a1d 820A0000 		.4byte	0xa82
 4202 0a21 10       		.uleb128 0x10
 4203 0a22 D2050000 		.4byte	.LASF133
 4204 0a26 2F       		.byte	0x2f
 4205 0a27 F2       		.byte	0xf2
 4206 0a28 21       		.byte	0x21
 4207 0a29 58010000 		.4byte	0x158
 4208 0a2d 10       		.uleb128 0x10
 4209 0a2e 1B100000 		.4byte	.LASF134
 4210 0a32 2F       		.byte	0x2f
ARM GAS  C:\Users\DEVELO~1\AppData\Local\Temp\ccZRP2cb.s 			page 75


 4211 0a33 F9       		.byte	0xf9
 4212 0a34 21       		.byte	0x21
 4213 0a35 58010000 		.4byte	0x158
 4214 0a39 13       		.uleb128 0x13
 4215 0a3a F7010000 		.4byte	.LASF79
 4216 0a3e 0001     		.2byte	0x100
 4217 0a40 22       		.byte	0x22
 4218 0a41 BF040000 		.4byte	0x4bf
 4219 0a45 13       		.uleb128 0x13
 4220 0a46 FF0F0000 		.4byte	.LASF135
 4221 0a4a 0701     		.2byte	0x107
 4222 0a4c 22       		.byte	0x22
 4223 0a4d 820A0000 		.4byte	0xa82
 4224 0a51 13       		.uleb128 0x13
 4225 0a52 A8030000 		.4byte	.LASF136
 4226 0a56 0C01     		.2byte	0x10c
 4227 0a58 21       		.byte	0x21
 4228 0a59 58010000 		.4byte	0x158
 4229 0a5d 13       		.uleb128 0x13
 4230 0a5e 840D0000 		.4byte	.LASF137
 4231 0a62 1501     		.2byte	0x115
 4232 0a64 22       		.byte	0x22
 4233 0a65 AF0A0000 		.4byte	0xaaf
 4234 0a69 13       		.uleb128 0x13
 4235 0a6a 05100000 		.4byte	.LASF138
 4236 0a6e 1E01     		.2byte	0x11e
 4237 0a70 22       		.byte	0x22
 4238 0a71 E90A0000 		.4byte	0xae9
 4239 0a75 13       		.uleb128 0x13
 4240 0a76 65020000 		.4byte	.LASF139
 4241 0a7a 2601     		.2byte	0x126
 4242 0a7c 21       		.byte	0x21
 4243 0a7d 64010000 		.4byte	0x164
 4244 0a81 00       		.byte	0
 4245 0a82 06       		.uleb128 0x6
 4246 0a83 B9090000 		.4byte	0x9b9
 4247 0a87 08       		.uleb128 0x8
 4248 0a88 1A040000 		.4byte	.LASF140
 4249 0a8c 0C       		.byte	0xc
 4250 0a8d 37       		.byte	0x37
 4251 0a8e 34       		.byte	0x34
 4252 0a8f 10       		.byte	0x10
 4253 0a90 AF0A0000 		.4byte	0xaaf
 4254 0a94 01       		.uleb128 0x1
 4255 0a95 630D0000 		.4byte	.LASF126
 4256 0a99 37       		.byte	0x37
 4257 0a9a 35       		.byte	0x35
 4258 0a9b 19       		.byte	0x19
 4259 0a9c D1030000 		.4byte	0x3d1
 4260 0aa0 00       		.byte	0
 4261 0aa1 09       		.uleb128 0x9
 4262 0aa2 636E7400 		.ascii	"cnt\000"
 4263 0aa6 37       		.byte	0x37
 4264 0aa7 37       		.byte	0x37
 4265 0aa8 19       		.byte	0x19
 4266 0aa9 7C010000 		.4byte	0x17c
 4267 0aad 08       		.byte	0x8
ARM GAS  C:\Users\DEVELO~1\AppData\Local\Temp\ccZRP2cb.s 			page 76


 4268 0aae 00       		.byte	0
 4269 0aaf 06       		.uleb128 0x6
 4270 0ab0 870A0000 		.4byte	0xa87
 4271 0ab4 08       		.uleb128 0x8
 4272 0ab5 E7060000 		.4byte	.LASF141
 4273 0ab9 10       		.byte	0x10
 4274 0aba 38       		.byte	0x38
 4275 0abb 39       		.byte	0x39
 4276 0abc 08       		.byte	0x8
 4277 0abd E90A0000 		.4byte	0xae9
 4278 0ac1 01       		.uleb128 0x1
 4279 0ac2 630D0000 		.4byte	.LASF126
 4280 0ac6 38       		.byte	0x38
 4281 0ac7 3A       		.byte	0x3a
 4282 0ac8 19       		.byte	0x19
 4283 0ac9 D1030000 		.4byte	0x3d1
 4284 0acd 00       		.byte	0
 4285 0ace 01       		.uleb128 0x1
 4286 0acf 58050000 		.4byte	.LASF34
 4287 0ad3 38       		.byte	0x38
 4288 0ad4 3C       		.byte	0x3c
 4289 0ad5 1A       		.byte	0x1a
 4290 0ad6 BA040000 		.4byte	0x4ba
 4291 0ada 08       		.byte	0x8
 4292 0adb 01       		.uleb128 0x1
 4293 0adc 55010000 		.4byte	.LASF69
 4294 0ae0 38       		.byte	0x38
 4295 0ae1 3E       		.byte	0x3e
 4296 0ae2 1A       		.byte	0x1a
 4297 0ae3 A60B0000 		.4byte	0xba6
 4298 0ae7 0C       		.byte	0xc
 4299 0ae8 00       		.byte	0
 4300 0ae9 06       		.uleb128 0x6
 4301 0aea B40A0000 		.4byte	0xab4
 4302 0aee 06       		.uleb128 0x6
 4303 0aef 83020000 		.4byte	0x283
 4304 0af3 06       		.uleb128 0x6
 4305 0af4 1C010000 		.4byte	0x11c
 4306 0af8 16       		.uleb128 0x16
 4307 0af9 31020000 		.4byte	.LASF142
 4308 0afd 10       		.byte	0x10
 4309 0afe 2F       		.byte	0x2f
 4310 0aff 5C01     		.2byte	0x15c
 4311 0b01 10       		.byte	0x10
 4312 0b02 230B0000 		.4byte	0xb23
 4313 0b06 04       		.uleb128 0x4
 4314 0b07 05050000 		.4byte	.LASF132
 4315 0b0b 2F       		.byte	0x2f
 4316 0b0c 6101     		.2byte	0x161
 4317 0b0e 21       		.byte	0x21
 4318 0b0f 0A040000 		.4byte	0x40a
 4319 0b13 00       		.byte	0
 4320 0b14 04       		.uleb128 0x4
 4321 0b15 5A0F0000 		.4byte	.LASF143
 4322 0b19 2F       		.byte	0x2f
 4323 0b1a 6501     		.2byte	0x165
 4324 0b1c 22       		.byte	0x22
ARM GAS  C:\Users\DEVELO~1\AppData\Local\Temp\ccZRP2cb.s 			page 77


 4325 0b1d BA040000 		.4byte	0x4ba
 4326 0b21 0C       		.byte	0xc
 4327 0b22 00       		.byte	0
 4328 0b23 15       		.uleb128 0x15
 4329 0b24 300D0000 		.4byte	.LASF144
 4330 0b28 2F       		.byte	0x2f
 4331 0b29 6601     		.2byte	0x166
 4332 0b2b F80A0000 		.4byte	0xaf8
 4333 0b2f 16       		.uleb128 0x16
 4334 0b30 3A0C0000 		.4byte	.LASF145
 4335 0b34 14       		.byte	0x14
 4336 0b35 2F       		.byte	0x2f
 4337 0b36 6B01     		.2byte	0x16b
 4338 0b38 10       		.byte	0x10
 4339 0b39 840B0000 		.4byte	0xb84
 4340 0b3d 04       		.uleb128 0x4
 4341 0b3e 46000000 		.4byte	.LASF35
 4342 0b42 2F       		.byte	0x2f
 4343 0b43 6F01     		.2byte	0x16f
 4344 0b45 22       		.byte	0x22
 4345 0b46 6B030000 		.4byte	0x36b
 4346 0b4a 00       		.byte	0
 4347 0b4b 04       		.uleb128 0x4
 4348 0b4c FE010000 		.4byte	.LASF146
 4349 0b50 2F       		.byte	0x2f
 4350 0b51 7501     		.2byte	0x175
 4351 0b53 22       		.byte	0x22
 4352 0b54 F30A0000 		.4byte	0xaf3
 4353 0b58 04       		.byte	0x4
 4354 0b59 04       		.uleb128 0x4
 4355 0b5a 5E050000 		.4byte	.LASF147
 4356 0b5e 2F       		.byte	0x2f
 4357 0b5f 7901     		.2byte	0x179
 4358 0b61 22       		.byte	0x22
 4359 0b62 F30A0000 		.4byte	0xaf3
 4360 0b66 08       		.byte	0x8
 4361 0b67 04       		.uleb128 0x4
 4362 0b68 DD0E0000 		.4byte	.LASF148
 4363 0b6c 2F       		.byte	0x2f
 4364 0b6d 7F01     		.2byte	0x17f
 4365 0b6f 22       		.byte	0x22
 4366 0b70 F30A0000 		.4byte	0xaf3
 4367 0b74 0C       		.byte	0xc
 4368 0b75 04       		.uleb128 0x4
 4369 0b76 4F070000 		.4byte	.LASF149
 4370 0b7a 2F       		.byte	0x2f
 4371 0b7b 8301     		.2byte	0x183
 4372 0b7d 22       		.byte	0x22
 4373 0b7e F30A0000 		.4byte	0xaf3
 4374 0b82 10       		.byte	0x10
 4375 0b83 00       		.byte	0
 4376 0b84 15       		.uleb128 0x15
 4377 0b85 38040000 		.4byte	.LASF150
 4378 0b89 2F       		.byte	0x2f
 4379 0b8a 8501     		.2byte	0x185
 4380 0b8c 2F0B0000 		.4byte	0xb2f
 4381 0b90 0D       		.uleb128 0xd
ARM GAS  C:\Users\DEVELO~1\AppData\Local\Temp\ccZRP2cb.s 			page 78


 4382 0b91 840B0000 		.4byte	0xb84
 4383 0b95 06       		.uleb128 0x6
 4384 0b96 900B0000 		.4byte	0xb90
 4385 0b9a 03       		.uleb128 0x3
 4386 0b9b 940B0000 		.4byte	.LASF151
 4387 0b9f 38       		.byte	0x38
 4388 0ba0 34       		.byte	0x34
 4389 0ba1 19       		.byte	0x19
 4390 0ba2 B40A0000 		.4byte	0xab4
 4391 0ba6 06       		.uleb128 0x6
 4392 0ba7 9A0B0000 		.4byte	0xb9a
 4393 0bab 03       		.uleb128 0x3
 4394 0bac 150D0000 		.4byte	.LASF152
 4395 0bb0 39       		.byte	0x39
 4396 0bb1 34       		.byte	0x34
 4397 0bb2 1F       		.byte	0x1f
 4398 0bb3 B70B0000 		.4byte	0xbb7
 4399 0bb7 08       		.uleb128 0x8
 4400 0bb8 770E0000 		.4byte	.LASF153
 4401 0bbc 14       		.byte	0x14
 4402 0bbd 39       		.byte	0x39
 4403 0bbe 39       		.byte	0x39
 4404 0bbf 08       		.byte	0x8
 4405 0bc0 060C0000 		.4byte	0xc06
 4406 0bc4 01       		.uleb128 0x1
 4407 0bc5 55010000 		.4byte	.LASF69
 4408 0bc9 39       		.byte	0x39
 4409 0bca 3A       		.byte	0x3a
 4410 0bcb 1A       		.byte	0x1a
 4411 0bcc 060C0000 		.4byte	0xc06
 4412 0bd0 00       		.byte	0
 4413 0bd1 01       		.uleb128 0x1
 4414 0bd2 94000000 		.4byte	.LASF154
 4415 0bd6 39       		.byte	0x39
 4416 0bd7 3D       		.byte	0x3d
 4417 0bd8 1A       		.byte	0x1a
 4418 0bd9 BA040000 		.4byte	0x4ba
 4419 0bdd 04       		.byte	0x4
 4420 0bde 01       		.uleb128 0x1
 4421 0bdf C2010000 		.4byte	.LASF155
 4422 0be3 39       		.byte	0x39
 4423 0be4 3F       		.byte	0x3f
 4424 0be5 19       		.byte	0x19
 4425 0be6 64010000 		.4byte	0x164
 4426 0bea 08       		.byte	0x8
 4427 0beb 01       		.uleb128 0x1
 4428 0bec AA000000 		.4byte	.LASF38
 4429 0bf0 39       		.byte	0x39
 4430 0bf1 41       		.byte	0x41
 4431 0bf2 19       		.byte	0x19
 4432 0bf3 70010000 		.4byte	0x170
 4433 0bf7 0C       		.byte	0xc
 4434 0bf8 01       		.uleb128 0x1
 4435 0bf9 C00C0000 		.4byte	.LASF156
 4436 0bfd 39       		.byte	0x39
 4437 0bfe 43       		.byte	0x43
 4438 0bff 19       		.byte	0x19
ARM GAS  C:\Users\DEVELO~1\AppData\Local\Temp\ccZRP2cb.s 			page 79


 4439 0c00 70010000 		.4byte	0x170
 4440 0c04 10       		.byte	0x10
 4441 0c05 00       		.byte	0
 4442 0c06 06       		.uleb128 0x6
 4443 0c07 AB0B0000 		.4byte	0xbab
 4444 0c0b 08       		.uleb128 0x8
 4445 0c0c 9D000000 		.4byte	.LASF157
 4446 0c10 04       		.byte	0x4
 4447 0c11 39       		.byte	0x39
 4448 0c12 4A       		.byte	0x4a
 4449 0c13 10       		.byte	0x10
 4450 0c14 260C0000 		.4byte	0xc26
 4451 0c18 01       		.uleb128 0x1
 4452 0c19 55010000 		.4byte	.LASF69
 4453 0c1d 39       		.byte	0x39
 4454 0c1e 4B       		.byte	0x4b
 4455 0c1f 1A       		.byte	0x1a
 4456 0c20 060C0000 		.4byte	0xc06
 4457 0c24 00       		.byte	0
 4458 0c25 00       		.byte	0
 4459 0c26 03       		.uleb128 0x3
 4460 0c27 F6040000 		.4byte	.LASF158
 4461 0c2b 39       		.byte	0x39
 4462 0c2c 4E       		.byte	0x4e
 4463 0c2d 03       		.byte	0x3
 4464 0c2e 0B0C0000 		.4byte	0xc0b
 4465 0c32 0C       		.uleb128 0xc
 4466 0c33 01       		.byte	0x1
 4467 0c34 02       		.byte	0x2
 4468 0c35 9A060000 		.4byte	.LASF159
 4469 0c39 06       		.uleb128 0x6
 4470 0c3a C0000000 		.4byte	0xc0
 4471 0c3e 0B       		.uleb128 0xb
 4472 0c3f 2D000000 		.4byte	0x2d
 4473 0c43 570C0000 		.4byte	0xc57
 4474 0c47 05       		.uleb128 0x5
 4475 0c48 BF040000 		.4byte	0x4bf
 4476 0c4c 05       		.uleb128 0x5
 4477 0c4d 570C0000 		.4byte	0xc57
 4478 0c51 05       		.uleb128 0x5
 4479 0c52 2D000000 		.4byte	0x2d
 4480 0c56 00       		.byte	0
 4481 0c57 06       		.uleb128 0x6
 4482 0c58 CC000000 		.4byte	0xcc
 4483 0c5c 06       		.uleb128 0x6
 4484 0c5d 3E0C0000 		.4byte	0xc3e
 4485 0c61 0B       		.uleb128 0xb
 4486 0c62 2D000000 		.4byte	0x2d
 4487 0c66 7A0C0000 		.4byte	0xc7a
 4488 0c6a 05       		.uleb128 0x5
 4489 0c6b BF040000 		.4byte	0x4bf
 4490 0c6f 05       		.uleb128 0x5
 4491 0c70 390C0000 		.4byte	0xc39
 4492 0c74 05       		.uleb128 0x5
 4493 0c75 2D000000 		.4byte	0x2d
 4494 0c79 00       		.byte	0
 4495 0c7a 06       		.uleb128 0x6
ARM GAS  C:\Users\DEVELO~1\AppData\Local\Temp\ccZRP2cb.s 			page 80


 4496 0c7b 610C0000 		.4byte	0xc61
 4497 0c7f 0B       		.uleb128 0xb
 4498 0c80 58010000 		.4byte	0x158
 4499 0c84 930C0000 		.4byte	0xc93
 4500 0c88 05       		.uleb128 0x5
 4501 0c89 BF040000 		.4byte	0x4bf
 4502 0c8d 05       		.uleb128 0x5
 4503 0c8e C0000000 		.4byte	0xc0
 4504 0c92 00       		.byte	0
 4505 0c93 06       		.uleb128 0x6
 4506 0c94 7F0C0000 		.4byte	0xc7f
 4507 0c98 0B       		.uleb128 0xb
 4508 0c99 58010000 		.4byte	0x158
 4509 0c9d A70C0000 		.4byte	0xca7
 4510 0ca1 05       		.uleb128 0x5
 4511 0ca2 BF040000 		.4byte	0x4bf
 4512 0ca6 00       		.byte	0
 4513 0ca7 06       		.uleb128 0x6
 4514 0ca8 980C0000 		.4byte	0xc98
 4515 0cac 0B       		.uleb128 0xb
 4516 0cad 58010000 		.4byte	0x158
 4517 0cb1 C50C0000 		.4byte	0xcc5
 4518 0cb5 05       		.uleb128 0x5
 4519 0cb6 BF040000 		.4byte	0x4bf
 4520 0cba 05       		.uleb128 0x5
 4521 0cbb C0000000 		.4byte	0xc0
 4522 0cbf 05       		.uleb128 0x5
 4523 0cc0 99030000 		.4byte	0x399
 4524 0cc4 00       		.byte	0
 4525 0cc5 06       		.uleb128 0x6
 4526 0cc6 AC0C0000 		.4byte	0xcac
 4527 0cca 0B       		.uleb128 0xb
 4528 0ccb 58010000 		.4byte	0x158
 4529 0ccf DE0C0000 		.4byte	0xcde
 4530 0cd3 05       		.uleb128 0x5
 4531 0cd4 BF040000 		.4byte	0x4bf
 4532 0cd8 05       		.uleb128 0x5
 4533 0cd9 99030000 		.4byte	0x399
 4534 0cdd 00       		.byte	0
 4535 0cde 06       		.uleb128 0x6
 4536 0cdf CA0C0000 		.4byte	0xcca
 4537 0ce3 0B       		.uleb128 0xb
 4538 0ce4 2D000000 		.4byte	0x2d
 4539 0ce8 010D0000 		.4byte	0xd01
 4540 0cec 05       		.uleb128 0x5
 4541 0ced BF040000 		.4byte	0x4bf
 4542 0cf1 05       		.uleb128 0x5
 4543 0cf2 570C0000 		.4byte	0xc57
 4544 0cf6 05       		.uleb128 0x5
 4545 0cf7 2D000000 		.4byte	0x2d
 4546 0cfb 05       		.uleb128 0x5
 4547 0cfc 99030000 		.4byte	0x399
 4548 0d00 00       		.byte	0
 4549 0d01 06       		.uleb128 0x6
 4550 0d02 E30C0000 		.4byte	0xce3
 4551 0d06 0B       		.uleb128 0xb
 4552 0d07 2D000000 		.4byte	0x2d
ARM GAS  C:\Users\DEVELO~1\AppData\Local\Temp\ccZRP2cb.s 			page 81


 4553 0d0b 240D0000 		.4byte	0xd24
 4554 0d0f 05       		.uleb128 0x5
 4555 0d10 BF040000 		.4byte	0x4bf
 4556 0d14 05       		.uleb128 0x5
 4557 0d15 390C0000 		.4byte	0xc39
 4558 0d19 05       		.uleb128 0x5
 4559 0d1a 2D000000 		.4byte	0x2d
 4560 0d1e 05       		.uleb128 0x5
 4561 0d1f 99030000 		.4byte	0x399
 4562 0d23 00       		.byte	0
 4563 0d24 06       		.uleb128 0x6
 4564 0d25 060D0000 		.4byte	0xd06
 4565 0d29 0B       		.uleb128 0xb
 4566 0d2a 58010000 		.4byte	0x158
 4567 0d2e 420D0000 		.4byte	0xd42
 4568 0d32 05       		.uleb128 0x5
 4569 0d33 BF040000 		.4byte	0x4bf
 4570 0d37 05       		.uleb128 0x5
 4571 0d38 3E000000 		.4byte	0x3e
 4572 0d3c 05       		.uleb128 0x5
 4573 0d3d BF040000 		.4byte	0x4bf
 4574 0d41 00       		.byte	0
 4575 0d42 06       		.uleb128 0x6
 4576 0d43 290D0000 		.4byte	0xd29
 4577 0d47 1D       		.uleb128 0x1d
 4578 0d48 66000000 		.4byte	0x66
 4579 0d4c 3A       		.byte	0x3a
 4580 0d4d 28       		.byte	0x28
 4581 0d4e 890D0000 		.4byte	0xd89
 4582 0d52 0A       		.uleb128 0xa
 4583 0d53 E9020000 		.4byte	.LASF160
 4584 0d57 00       		.byte	0
 4585 0d58 0A       		.uleb128 0xa
 4586 0d59 DA090000 		.4byte	.LASF161
 4587 0d5d 01       		.byte	0x1
 4588 0d5e 0A       		.uleb128 0xa
 4589 0d5f 0C010000 		.4byte	.LASF162
 4590 0d63 02       		.byte	0x2
 4591 0d64 0A       		.uleb128 0xa
 4592 0d65 E8010000 		.4byte	.LASF163
 4593 0d69 03       		.byte	0x3
 4594 0d6a 0A       		.uleb128 0xa
 4595 0d6b 8B070000 		.4byte	.LASF164
 4596 0d6f 04       		.byte	0x4
 4597 0d70 0A       		.uleb128 0xa
 4598 0d71 EB080000 		.4byte	.LASF165
 4599 0d75 05       		.byte	0x5
 4600 0d76 0A       		.uleb128 0xa
 4601 0d77 680C0000 		.4byte	.LASF166
 4602 0d7b 06       		.byte	0x6
 4603 0d7c 0A       		.uleb128 0xa
 4604 0d7d 440E0000 		.4byte	.LASF167
 4605 0d81 07       		.byte	0x7
 4606 0d82 0A       		.uleb128 0xa
 4607 0d83 3A000000 		.4byte	.LASF168
 4608 0d87 08       		.byte	0x8
 4609 0d88 00       		.byte	0
ARM GAS  C:\Users\DEVELO~1\AppData\Local\Temp\ccZRP2cb.s 			page 82


 4610 0d89 03       		.uleb128 0x3
 4611 0d8a 41090000 		.4byte	.LASF169
 4612 0d8e 3A       		.byte	0x3a
 4613 0d8f 32       		.byte	0x32
 4614 0d90 03       		.byte	0x3
 4615 0d91 470D0000 		.4byte	0xd47
 4616 0d95 0E       		.uleb128 0xe
 4617 0d96 08       		.byte	0x8
 4618 0d97 3A       		.byte	0x3a
 4619 0d98 37       		.byte	0x37
 4620 0d99 09       		.byte	0x9
 4621 0d9a B90D0000 		.4byte	0xdb9
 4622 0d9e 01       		.uleb128 0x1
 4623 0d9f 84010000 		.4byte	.LASF170
 4624 0da3 3A       		.byte	0x3a
 4625 0da4 38       		.byte	0x38
 4626 0da5 11       		.byte	0x11
 4627 0da6 E9000000 		.4byte	0xe9
 4628 0daa 00       		.byte	0
 4629 0dab 01       		.uleb128 0x1
 4630 0dac 37080000 		.4byte	.LASF171
 4631 0db0 3A       		.byte	0x3a
 4632 0db1 39       		.byte	0x39
 4633 0db2 11       		.byte	0x11
 4634 0db3 E9000000 		.4byte	0xe9
 4635 0db7 04       		.byte	0x4
 4636 0db8 00       		.byte	0
 4637 0db9 03       		.uleb128 0x3
 4638 0dba CE060000 		.4byte	.LASF172
 4639 0dbe 3A       		.byte	0x3a
 4640 0dbf 3A       		.byte	0x3a
 4641 0dc0 03       		.byte	0x3
 4642 0dc1 950D0000 		.4byte	0xd95
 4643 0dc5 0B       		.uleb128 0xb
 4644 0dc6 320C0000 		.4byte	0xc32
 4645 0dca D40D0000 		.4byte	0xdd4
 4646 0dce 05       		.uleb128 0x5
 4647 0dcf BF040000 		.4byte	0x4bf
 4648 0dd3 00       		.byte	0
 4649 0dd4 06       		.uleb128 0x6
 4650 0dd5 C50D0000 		.4byte	0xdc5
 4651 0dd9 0B       		.uleb128 0xb
 4652 0dda 320C0000 		.4byte	0xc32
 4653 0dde F70D0000 		.4byte	0xdf7
 4654 0de2 05       		.uleb128 0x5
 4655 0de3 BF040000 		.4byte	0x4bf
 4656 0de7 05       		.uleb128 0x5
 4657 0de8 E9000000 		.4byte	0xe9
 4658 0dec 05       		.uleb128 0x5
 4659 0ded 390C0000 		.4byte	0xc39
 4660 0df1 05       		.uleb128 0x5
 4661 0df2 E9000000 		.4byte	0xe9
 4662 0df6 00       		.byte	0
 4663 0df7 06       		.uleb128 0x6
 4664 0df8 D90D0000 		.4byte	0xdd9
 4665 0dfc 0B       		.uleb128 0xb
 4666 0dfd 320C0000 		.4byte	0xc32
ARM GAS  C:\Users\DEVELO~1\AppData\Local\Temp\ccZRP2cb.s 			page 83


 4667 0e01 1A0E0000 		.4byte	0xe1a
 4668 0e05 05       		.uleb128 0x5
 4669 0e06 BF040000 		.4byte	0x4bf
 4670 0e0a 05       		.uleb128 0x5
 4671 0e0b E9000000 		.4byte	0xe9
 4672 0e0f 05       		.uleb128 0x5
 4673 0e10 570C0000 		.4byte	0xc57
 4674 0e14 05       		.uleb128 0x5
 4675 0e15 E9000000 		.4byte	0xe9
 4676 0e19 00       		.byte	0
 4677 0e1a 06       		.uleb128 0x6
 4678 0e1b FC0D0000 		.4byte	0xdfc
 4679 0e1f 0B       		.uleb128 0xb
 4680 0e20 320C0000 		.4byte	0xc32
 4681 0e24 330E0000 		.4byte	0xe33
 4682 0e28 05       		.uleb128 0x5
 4683 0e29 BF040000 		.4byte	0x4bf
 4684 0e2d 05       		.uleb128 0x5
 4685 0e2e 330E0000 		.4byte	0xe33
 4686 0e32 00       		.byte	0
 4687 0e33 06       		.uleb128 0x6
 4688 0e34 B90D0000 		.4byte	0xdb9
 4689 0e38 06       		.uleb128 0x6
 4690 0e39 1F0E0000 		.4byte	0xe1f
 4691 0e3d 06       		.uleb128 0x6
 4692 0e3e E9000000 		.4byte	0xe9
 4693 0e42 03       		.uleb128 0x3
 4694 0e43 29010000 		.4byte	.LASF173
 4695 0e47 3B       		.byte	0x3b
 4696 0e48 3A       		.byte	0x3a
 4697 0e49 19       		.byte	0x19
 4698 0e4a 4E0E0000 		.4byte	0xe4e
 4699 0e4e 08       		.uleb128 0x8
 4700 0e4f 100F0000 		.4byte	.LASF174
 4701 0e53 24       		.byte	0x24
 4702 0e54 3B       		.byte	0x3b
 4703 0e55 4B       		.byte	0x4b
 4704 0e56 08       		.byte	0x8
 4705 0e57 C40E0000 		.4byte	0xec4
 4706 0e5b 01       		.uleb128 0x1
 4707 0e5c 9E030000 		.4byte	.LASF175
 4708 0e60 3B       		.byte	0x3b
 4709 0e61 4C       		.byte	0x4c
 4710 0e62 19       		.byte	0x19
 4711 0e63 E0090000 		.4byte	0x9e0
 4712 0e67 00       		.byte	0
 4713 0e68 01       		.uleb128 0x1
 4714 0e69 90080000 		.4byte	.LASF176
 4715 0e6d 3B       		.byte	0x3b
 4716 0e6e 4D       		.byte	0x4d
 4717 0e6f 19       		.byte	0x19
 4718 0e70 39000000 		.4byte	0x39
 4719 0e74 08       		.byte	0x8
 4720 0e75 01       		.uleb128 0x1
 4721 0e76 63090000 		.4byte	.LASF177
 4722 0e7a 3B       		.byte	0x3b
 4723 0e7b 4E       		.byte	0x4e
ARM GAS  C:\Users\DEVELO~1\AppData\Local\Temp\ccZRP2cb.s 			page 84


 4724 0e7c 1A       		.byte	0x1a
 4725 0e7d 390C0000 		.4byte	0xc39
 4726 0e81 0C       		.byte	0xc
 4727 0e82 01       		.uleb128 0x1
 4728 0e83 FD0C0000 		.4byte	.LASF178
 4729 0e87 3B       		.byte	0x3b
 4730 0e88 4F       		.byte	0x4f
 4731 0e89 1A       		.byte	0x1a
 4732 0e8a 390C0000 		.4byte	0xc39
 4733 0e8e 10       		.byte	0x10
 4734 0e8f 01       		.uleb128 0x1
 4735 0e90 FF070000 		.4byte	.LASF179
 4736 0e94 3B       		.byte	0x3b
 4737 0e95 51       		.byte	0x51
 4738 0e96 1A       		.byte	0x1a
 4739 0e97 390C0000 		.4byte	0xc39
 4740 0e9b 14       		.byte	0x14
 4741 0e9c 01       		.uleb128 0x1
 4742 0e9d A1010000 		.4byte	.LASF180
 4743 0ea1 3B       		.byte	0x3b
 4744 0ea2 52       		.byte	0x52
 4745 0ea3 1A       		.byte	0x1a
 4746 0ea4 390C0000 		.4byte	0xc39
 4747 0ea8 18       		.byte	0x18
 4748 0ea9 01       		.uleb128 0x1
 4749 0eaa 1D070000 		.4byte	.LASF181
 4750 0eae 3B       		.byte	0x3b
 4751 0eaf 53       		.byte	0x53
 4752 0eb0 19       		.byte	0x19
 4753 0eb1 C40E0000 		.4byte	0xec4
 4754 0eb5 1C       		.byte	0x1c
 4755 0eb6 01       		.uleb128 0x1
 4756 0eb7 7F070000 		.4byte	.LASF182
 4757 0ebb 3B       		.byte	0x3b
 4758 0ebc 54       		.byte	0x54
 4759 0ebd 1A       		.byte	0x1a
 4760 0ebe BF040000 		.4byte	0x4bf
 4761 0ec2 20       		.byte	0x20
 4762 0ec3 00       		.byte	0
 4763 0ec4 03       		.uleb128 0x3
 4764 0ec5 B8010000 		.4byte	.LASF183
 4765 0ec9 3B       		.byte	0x3b
 4766 0eca 41       		.byte	0x41
 4767 0ecb 10       		.byte	0x10
 4768 0ecc D00E0000 		.4byte	0xed0
 4769 0ed0 06       		.uleb128 0x6
 4770 0ed1 D50E0000 		.4byte	0xed5
 4771 0ed5 2A       		.uleb128 0x2a
 4772 0ed6 E00E0000 		.4byte	0xee0
 4773 0eda 05       		.uleb128 0x5
 4774 0edb E00E0000 		.4byte	0xee0
 4775 0edf 00       		.byte	0
 4776 0ee0 06       		.uleb128 0x6
 4777 0ee1 420E0000 		.4byte	0xe42
 4778 0ee5 03       		.uleb128 0x3
 4779 0ee6 A7080000 		.4byte	.LASF184
 4780 0eea 3B       		.byte	0x3b
ARM GAS  C:\Users\DEVELO~1\AppData\Local\Temp\ccZRP2cb.s 			page 85


 4781 0eeb 61       		.byte	0x61
 4782 0eec 14       		.byte	0x14
 4783 0eed 420E0000 		.4byte	0xe42
 4784 0ef1 03       		.uleb128 0x3
 4785 0ef2 E3090000 		.4byte	.LASF185
 4786 0ef6 3B       		.byte	0x3b
 4787 0ef7 6D       		.byte	0x6d
 4788 0ef8 14       		.byte	0x14
 4789 0ef9 420E0000 		.4byte	0xe42
 4790 0efd 1D       		.uleb128 0x1d
 4791 0efe 66000000 		.4byte	0x66
 4792 0f02 3C       		.byte	0x3c
 4793 0f03 58       		.byte	0x58
 4794 0f04 1B0F0000 		.4byte	0xf1b
 4795 0f08 0A       		.uleb128 0xa
 4796 0f09 B60C0000 		.4byte	.LASF186
 4797 0f0d 00       		.byte	0
 4798 0f0e 0A       		.uleb128 0xa
 4799 0f0f A0060000 		.4byte	.LASF187
 4800 0f13 01       		.byte	0x1
 4801 0f14 0A       		.uleb128 0xa
 4802 0f15 240B0000 		.4byte	.LASF188
 4803 0f19 02       		.byte	0x2
 4804 0f1a 00       		.byte	0
 4805 0f1b 03       		.uleb128 0x3
 4806 0f1c 0A040000 		.4byte	.LASF189
 4807 0f20 3C       		.byte	0x3c
 4808 0f21 5C       		.byte	0x5c
 4809 0f22 03       		.byte	0x3
 4810 0f23 FD0E0000 		.4byte	0xefd
 4811 0f27 03       		.uleb128 0x3
 4812 0f28 1B000000 		.4byte	.LASF190
 4813 0f2c 3C       		.byte	0x3c
 4814 0f2d 61       		.byte	0x61
 4815 0f2e 22       		.byte	0x22
 4816 0f2f 330F0000 		.4byte	0xf33
 4817 0f33 08       		.uleb128 0x8
 4818 0f34 17010000 		.4byte	.LASF191
 4819 0f38 60       		.byte	0x60
 4820 0f39 3C       		.byte	0x3c
 4821 0f3a 7B       		.byte	0x7b
 4822 0f3b 08       		.byte	0x8
 4823 0f3c A90F0000 		.4byte	0xfa9
 4824 0f40 09       		.uleb128 0x9
 4825 0f41 766D7400 		.ascii	"vmt\000"
 4826 0f45 3C       		.byte	0x3c
 4827 0f46 7D       		.byte	0x7d
 4828 0f47 21       		.byte	0x21
 4829 0f48 54100000 		.4byte	0x1054
 4830 0f4c 00       		.byte	0
 4831 0f4d 01       		.uleb128 0x1
 4832 0f4e 14040000 		.4byte	.LASF192
 4833 0f52 3C       		.byte	0x3c
 4834 0f53 7E       		.byte	0x7e
 4835 0f54 03       		.byte	0x3
 4836 0f55 260C0000 		.4byte	0xc26
 4837 0f59 04       		.byte	0x4
ARM GAS  C:\Users\DEVELO~1\AppData\Local\Temp\ccZRP2cb.s 			page 86


 4838 0f5a 01       		.uleb128 0x1
 4839 0f5b 5B0E0000 		.4byte	.LASF37
 4840 0f5f 3C       		.byte	0x3c
 4841 0f60 7E       		.byte	0x7e
 4842 0f61 03       		.byte	0x3
 4843 0f62 1B0F0000 		.4byte	0xf1b
 4844 0f66 08       		.byte	0x8
 4845 0f67 01       		.uleb128 0x1
 4846 0f68 F9060000 		.4byte	.LASF193
 4847 0f6c 3C       		.byte	0x3c
 4848 0f6d 7E       		.byte	0x7e
 4849 0f6e 03       		.byte	0x3
 4850 0f6f E50E0000 		.4byte	0xee5
 4851 0f73 0C       		.byte	0xc
 4852 0f74 01       		.uleb128 0x1
 4853 0f75 1D0B0000 		.4byte	.LASF194
 4854 0f79 3C       		.byte	0x3c
 4855 0f7a 7E       		.byte	0x7e
 4856 0f7b 03       		.byte	0x3
 4857 0f7c F10E0000 		.4byte	0xef1
 4858 0f80 30       		.byte	0x30
 4859 0f81 01       		.uleb128 0x1
 4860 0f82 E5080000 		.4byte	.LASF195
 4861 0f86 3C       		.byte	0x3c
 4862 0f87 7E       		.byte	0x7e
 4863 0f88 03       		.byte	0x3
 4864 0f89 59100000 		.4byte	0x1059
 4865 0f8d 54       		.byte	0x54
 4866 0f8e 01       		.uleb128 0x1
 4867 0f8f 26070000 		.4byte	.LASF196
 4868 0f93 3C       		.byte	0x3c
 4869 0f94 7E       		.byte	0x7e
 4870 0f95 03       		.byte	0x3
 4871 0f96 E9000000 		.4byte	0xe9
 4872 0f9a 58       		.byte	0x58
 4873 0f9b 01       		.uleb128 0x1
 4874 0f9c BF0B0000 		.4byte	.LASF197
 4875 0fa0 3C       		.byte	0x3c
 4876 0fa1 7E       		.byte	0x7e
 4877 0fa2 03       		.byte	0x3
 4878 0fa3 C0000000 		.4byte	0xc0
 4879 0fa7 5C       		.byte	0x5c
 4880 0fa8 00       		.byte	0
 4881 0fa9 1E       		.uleb128 0x1e
 4882 0faa 53443100 		.ascii	"SD1\000"
 4883 0fae 9002     		.2byte	0x290
 4884 0fb0 270F0000 		.4byte	0xf27
 4885 0fb4 1E       		.uleb128 0x1e
 4886 0fb5 53443500 		.ascii	"SD5\000"
 4887 0fb9 9C02     		.2byte	0x29c
 4888 0fbb 270F0000 		.4byte	0xf27
 4889 0fbf 08       		.uleb128 0x8
 4890 0fc0 190F0000 		.4byte	.LASF198
 4891 0fc4 28       		.byte	0x28
 4892 0fc5 3C       		.byte	0x3c
 4893 0fc6 70       		.byte	0x70
 4894 0fc7 08       		.byte	0x8
ARM GAS  C:\Users\DEVELO~1\AppData\Local\Temp\ccZRP2cb.s 			page 87


 4895 0fc8 4F100000 		.4byte	0x104f
 4896 0fcc 01       		.uleb128 0x1
 4897 0fcd CA090000 		.4byte	.LASF199
 4898 0fd1 3C       		.byte	0x3c
 4899 0fd2 71       		.byte	0x71
 4900 0fd3 03       		.byte	0x3
 4901 0fd4 2D000000 		.4byte	0x2d
 4902 0fd8 00       		.byte	0
 4903 0fd9 01       		.uleb128 0x1
 4904 0fda 4C090000 		.4byte	.LASF200
 4905 0fde 3C       		.byte	0x3c
 4906 0fdf 71       		.byte	0x71
 4907 0fe0 03       		.byte	0x3
 4908 0fe1 5C0C0000 		.4byte	0xc5c
 4909 0fe5 04       		.byte	0x4
 4910 0fe6 01       		.uleb128 0x1
 4911 0fe7 B10C0000 		.4byte	.LASF201
 4912 0feb 3C       		.byte	0x3c
 4913 0fec 71       		.byte	0x71
 4914 0fed 03       		.byte	0x3
 4915 0fee 7A0C0000 		.4byte	0xc7a
 4916 0ff2 08       		.byte	0x8
 4917 0ff3 09       		.uleb128 0x9
 4918 0ff4 70757400 		.ascii	"put\000"
 4919 0ff8 3C       		.byte	0x3c
 4920 0ff9 71       		.byte	0x71
 4921 0ffa 03       		.byte	0x3
 4922 0ffb 930C0000 		.4byte	0xc93
 4923 0fff 0C       		.byte	0xc
 4924 1000 09       		.uleb128 0x9
 4925 1001 67657400 		.ascii	"get\000"
 4926 1005 3C       		.byte	0x3c
 4927 1006 71       		.byte	0x71
 4928 1007 03       		.byte	0x3
 4929 1008 A70C0000 		.4byte	0xca7
 4930 100c 10       		.byte	0x10
 4931 100d 01       		.uleb128 0x1
 4932 100e C6050000 		.4byte	.LASF202
 4933 1012 3C       		.byte	0x3c
 4934 1013 71       		.byte	0x71
 4935 1014 03       		.byte	0x3
 4936 1015 C50C0000 		.4byte	0xcc5
 4937 1019 14       		.byte	0x14
 4938 101a 01       		.uleb128 0x1
 4939 101b F80C0000 		.4byte	.LASF203
 4940 101f 3C       		.byte	0x3c
 4941 1020 71       		.byte	0x71
 4942 1021 03       		.byte	0x3
 4943 1022 DE0C0000 		.4byte	0xcde
 4944 1026 18       		.byte	0x18
 4945 1027 01       		.uleb128 0x1
 4946 1028 DE080000 		.4byte	.LASF204
 4947 102c 3C       		.byte	0x3c
 4948 102d 71       		.byte	0x71
 4949 102e 03       		.byte	0x3
 4950 102f 010D0000 		.4byte	0xd01
 4951 1033 1C       		.byte	0x1c
ARM GAS  C:\Users\DEVELO~1\AppData\Local\Temp\ccZRP2cb.s 			page 88


 4952 1034 01       		.uleb128 0x1
 4953 1035 A0090000 		.4byte	.LASF205
 4954 1039 3C       		.byte	0x3c
 4955 103a 71       		.byte	0x71
 4956 103b 03       		.byte	0x3
 4957 103c 240D0000 		.4byte	0xd24
 4958 1040 20       		.byte	0x20
 4959 1041 09       		.uleb128 0x9
 4960 1042 63746C00 		.ascii	"ctl\000"
 4961 1046 3C       		.byte	0x3c
 4962 1047 71       		.byte	0x71
 4963 1048 03       		.byte	0x3
 4964 1049 420D0000 		.4byte	0xd42
 4965 104d 24       		.byte	0x24
 4966 104e 00       		.byte	0
 4967 104f 0D       		.uleb128 0xd
 4968 1050 BF0F0000 		.4byte	0xfbf
 4969 1054 06       		.uleb128 0x6
 4970 1055 4F100000 		.4byte	0x104f
 4971 1059 06       		.uleb128 0x6
 4972 105a 9E080000 		.4byte	0x89e
 4973 105e 1D       		.uleb128 0x1d
 4974 105f 66000000 		.4byte	0x66
 4975 1063 3E       		.byte	0x3e
 4976 1064 7A       		.byte	0x7a
 4977 1065 7C100000 		.4byte	0x107c
 4978 1069 0A       		.uleb128 0xa
 4979 106a 860E0000 		.4byte	.LASF206
 4980 106e 00       		.byte	0
 4981 106f 0A       		.uleb128 0xa
 4982 1070 F00A0000 		.4byte	.LASF207
 4983 1074 01       		.byte	0x1
 4984 1075 0A       		.uleb128 0xa
 4985 1076 340F0000 		.4byte	.LASF208
 4986 107a 02       		.byte	0x2
 4987 107b 00       		.byte	0
 4988 107c 03       		.uleb128 0x3
 4989 107d C60D0000 		.4byte	.LASF209
 4990 1081 3E       		.byte	0x3e
 4991 1082 7E       		.byte	0x7e
 4992 1083 03       		.byte	0x3
 4993 1084 5E100000 		.4byte	0x105e
 4994 1088 03       		.uleb128 0x3
 4995 1089 420F0000 		.4byte	.LASF210
 4996 108d 3F       		.byte	0x3f
 4997 108e A6       		.byte	0xa6
 4998 108f 12       		.byte	0x12
 4999 1090 E9000000 		.4byte	0xe9
 5000 1094 03       		.uleb128 0x3
 5001 1095 6C000000 		.4byte	.LASF211
 5002 1099 3F       		.byte	0x3f
 5003 109a AB       		.byte	0xab
 5004 109b 12       		.byte	0x12
 5005 109c E9000000 		.4byte	0xe9
 5006 10a0 03       		.uleb128 0x3
 5007 10a1 04090000 		.4byte	.LASF212
 5008 10a5 3F       		.byte	0x3f
ARM GAS  C:\Users\DEVELO~1\AppData\Local\Temp\ccZRP2cb.s 			page 89


 5009 10a6 B0       		.byte	0xb0
 5010 10a7 1A       		.byte	0x1a
 5011 10a8 AC100000 		.4byte	0x10ac
 5012 10ac 08       		.uleb128 0x8
 5013 10ad 04090000 		.4byte	.LASF212
 5014 10b1 50       		.byte	0x50
 5015 10b2 3F       		.byte	0x3f
 5016 10b3 D6       		.byte	0xd6
 5017 10b4 08       		.byte	0x8
 5018 10b5 71110000 		.4byte	0x1171
 5019 10b9 09       		.uleb128 0x9
 5020 10ba 766D7400 		.ascii	"vmt\000"
 5021 10be 3F       		.byte	0x3f
 5022 10bf DA       		.byte	0xda
 5023 10c0 1E       		.byte	0x1e
 5024 10c1 2E120000 		.4byte	0x122e
 5025 10c5 00       		.byte	0
 5026 10c6 01       		.uleb128 0x1
 5027 10c7 5B0E0000 		.4byte	.LASF37
 5028 10cb 3F       		.byte	0x3f
 5029 10cc DB       		.byte	0xdb
 5030 10cd 03       		.byte	0x3
 5031 10ce 890D0000 		.4byte	0xd89
 5032 10d2 04       		.byte	0x4
 5033 10d3 09       		.uleb128 0x9
 5034 10d4 63696400 		.ascii	"cid\000"
 5035 10d8 3F       		.byte	0x3f
 5036 10d9 DB       		.byte	0xdb
 5037 10da 03       		.byte	0x3
 5038 10db 36060000 		.4byte	0x636
 5039 10df 08       		.byte	0x8
 5040 10e0 09       		.uleb128 0x9
 5041 10e1 63736400 		.ascii	"csd\000"
 5042 10e5 3F       		.byte	0x3f
 5043 10e6 DB       		.byte	0xdb
 5044 10e7 03       		.byte	0x3
 5045 10e8 36060000 		.4byte	0x636
 5046 10ec 18       		.byte	0x18
 5047 10ed 01       		.uleb128 0x1
 5048 10ee 83000000 		.4byte	.LASF213
 5049 10f2 3F       		.byte	0x3f
 5050 10f3 DB       		.byte	0xdb
 5051 10f4 03       		.byte	0x3
 5052 10f5 E9000000 		.4byte	0xe9
 5053 10f9 28       		.byte	0x28
 5054 10fa 01       		.uleb128 0x1
 5055 10fb 7E0B0000 		.4byte	.LASF54
 5056 10ff 3F       		.byte	0x3f
 5057 1100 DF       		.byte	0xdf
 5058 1101 1E       		.byte	0x1e
 5059 1102 33120000 		.4byte	0x1233
 5060 1106 2C       		.byte	0x2c
 5061 1107 01       		.uleb128 0x1
 5062 1108 8C040000 		.4byte	.LASF214
 5063 110c 3F       		.byte	0x3f
 5064 110d E3       		.byte	0xe3
 5065 110e 1D       		.byte	0x1d
ARM GAS  C:\Users\DEVELO~1\AppData\Local\Temp\ccZRP2cb.s 			page 90


 5066 110f 88100000 		.4byte	0x1088
 5067 1113 30       		.byte	0x30
 5068 1114 01       		.uleb128 0x1
 5069 1115 EF040000 		.4byte	.LASF215
 5070 1119 3F       		.byte	0x3f
 5071 111a E7       		.byte	0xe7
 5072 111b 1D       		.byte	0x1d
 5073 111c 94100000 		.4byte	0x1094
 5074 1120 34       		.byte	0x34
 5075 1121 09       		.uleb128 0x9
 5076 1122 72636100 		.ascii	"rca\000"
 5077 1126 3F       		.byte	0x3f
 5078 1127 EB       		.byte	0xeb
 5079 1128 1D       		.byte	0x1d
 5080 1129 E9000000 		.4byte	0xe9
 5081 112d 38       		.byte	0x38
 5082 112e 09       		.uleb128 0x9
 5083 112f 62756600 		.ascii	"buf\000"
 5084 1133 3F       		.byte	0x3f
 5085 1134 EF       		.byte	0xef
 5086 1135 1E       		.byte	0x1e
 5087 1136 390C0000 		.4byte	0xc39
 5088 113a 3C       		.byte	0x3c
 5089 113b 01       		.uleb128 0x1
 5090 113c 7D0D0000 		.4byte	.LASF216
 5091 1140 3F       		.byte	0x3f
 5092 1141 F4       		.byte	0xf4
 5093 1142 1D       		.byte	0x1d
 5094 1143 B9090000 		.4byte	0x9b9
 5095 1147 40       		.byte	0x40
 5096 1148 01       		.uleb128 0x1
 5097 1149 8C0F0000 		.4byte	.LASF217
 5098 114d 3F       		.byte	0x3f
 5099 114e F9       		.byte	0xf9
 5100 114f 1E       		.byte	0x1e
 5101 1150 38120000 		.4byte	0x1238
 5102 1154 44       		.byte	0x44
 5103 1155 01       		.uleb128 0x1
 5104 1156 530A0000 		.4byte	.LASF218
 5105 115a 3F       		.byte	0x3f
 5106 115b FD       		.byte	0xfd
 5107 115c 1D       		.byte	0x1d
 5108 115d E9000000 		.4byte	0xe9
 5109 1161 48       		.byte	0x48
 5110 1162 04       		.uleb128 0x4
 5111 1163 9F0F0000 		.4byte	.LASF219
 5112 1167 3F       		.byte	0x3f
 5113 1168 0101     		.2byte	0x101
 5114 116a 1E       		.byte	0x1e
 5115 116b 3D0E0000 		.4byte	0xe3d
 5116 116f 4C       		.byte	0x4c
 5117 1170 00       		.byte	0
 5118 1171 0E       		.uleb128 0xe
 5119 1172 08       		.byte	0x8
 5120 1173 3F       		.byte	0x3f
 5121 1174 B6       		.byte	0xb6
 5122 1175 09       		.byte	0x9
ARM GAS  C:\Users\DEVELO~1\AppData\Local\Temp\ccZRP2cb.s 			page 91


 5123 1176 95110000 		.4byte	0x1195
 5124 117a 01       		.uleb128 0x1
 5125 117b 260D0000 		.4byte	.LASF220
 5126 117f 3F       		.byte	0x3f
 5127 1180 BA       		.byte	0xba
 5128 1181 11       		.byte	0x11
 5129 1182 7C100000 		.4byte	0x107c
 5130 1186 00       		.byte	0
 5131 1187 01       		.uleb128 0x1
 5132 1188 C70C0000 		.4byte	.LASF221
 5133 118c 3F       		.byte	0x3f
 5134 118d C1       		.byte	0xc1
 5135 118e 11       		.byte	0x11
 5136 118f E9000000 		.4byte	0xe9
 5137 1193 04       		.byte	0x4
 5138 1194 00       		.byte	0
 5139 1195 03       		.uleb128 0x3
 5140 1196 A8050000 		.4byte	.LASF222
 5141 119a 3F       		.byte	0x3f
 5142 119b C2       		.byte	0xc2
 5143 119c 03       		.byte	0x3
 5144 119d 71110000 		.4byte	0x1171
 5145 11a1 0D       		.uleb128 0xd
 5146 11a2 95110000 		.4byte	0x1195
 5147 11a6 08       		.uleb128 0x8
 5148 11a7 6C020000 		.4byte	.LASF223
 5149 11ab 24       		.byte	0x24
 5150 11ac 3F       		.byte	0x3f
 5151 11ad CF       		.byte	0xcf
 5152 11ae 08       		.byte	0x8
 5153 11af 29120000 		.4byte	0x1229
 5154 11b3 01       		.uleb128 0x1
 5155 11b4 CA090000 		.4byte	.LASF199
 5156 11b8 3F       		.byte	0x3f
 5157 11b9 D0       		.byte	0xd0
 5158 11ba 03       		.byte	0x3
 5159 11bb 2D000000 		.4byte	0x2d
 5160 11bf 00       		.byte	0
 5161 11c0 01       		.uleb128 0x1
 5162 11c1 180A0000 		.4byte	.LASF224
 5163 11c5 3F       		.byte	0x3f
 5164 11c6 D0       		.byte	0xd0
 5165 11c7 03       		.byte	0x3
 5166 11c8 D40D0000 		.4byte	0xdd4
 5167 11cc 04       		.byte	0x4
 5168 11cd 01       		.uleb128 0x1
 5169 11ce 920F0000 		.4byte	.LASF225
 5170 11d2 3F       		.byte	0x3f
 5171 11d3 D0       		.byte	0xd0
 5172 11d4 03       		.byte	0x3
 5173 11d5 D40D0000 		.4byte	0xdd4
 5174 11d9 08       		.byte	0x8
 5175 11da 01       		.uleb128 0x1
 5176 11db D00B0000 		.4byte	.LASF226
 5177 11df 3F       		.byte	0x3f
 5178 11e0 D0       		.byte	0xd0
 5179 11e1 03       		.byte	0x3
ARM GAS  C:\Users\DEVELO~1\AppData\Local\Temp\ccZRP2cb.s 			page 92


 5180 11e2 D40D0000 		.4byte	0xdd4
 5181 11e6 0C       		.byte	0xc
 5182 11e7 01       		.uleb128 0x1
 5183 11e8 34010000 		.4byte	.LASF227
 5184 11ec 3F       		.byte	0x3f
 5185 11ed D0       		.byte	0xd0
 5186 11ee 03       		.byte	0x3
 5187 11ef D40D0000 		.4byte	0xdd4
 5188 11f3 10       		.byte	0x10
 5189 11f4 01       		.uleb128 0x1
 5190 11f5 B10C0000 		.4byte	.LASF201
 5191 11f9 3F       		.byte	0x3f
 5192 11fa D0       		.byte	0xd0
 5193 11fb 03       		.byte	0x3
 5194 11fc F70D0000 		.4byte	0xdf7
 5195 1200 14       		.byte	0x14
 5196 1201 01       		.uleb128 0x1
 5197 1202 4C090000 		.4byte	.LASF200
 5198 1206 3F       		.byte	0x3f
 5199 1207 D0       		.byte	0xd0
 5200 1208 03       		.byte	0x3
 5201 1209 1A0E0000 		.4byte	0xe1a
 5202 120d 18       		.byte	0x18
 5203 120e 01       		.uleb128 0x1
 5204 120f 690D0000 		.4byte	.LASF228
 5205 1213 3F       		.byte	0x3f
 5206 1214 D0       		.byte	0xd0
 5207 1215 03       		.byte	0x3
 5208 1216 D40D0000 		.4byte	0xdd4
 5209 121a 1C       		.byte	0x1c
 5210 121b 01       		.uleb128 0x1
 5211 121c DE060000 		.4byte	.LASF229
 5212 1220 3F       		.byte	0x3f
 5213 1221 D0       		.byte	0xd0
 5214 1222 03       		.byte	0x3
 5215 1223 380E0000 		.4byte	0xe38
 5216 1227 20       		.byte	0x20
 5217 1228 00       		.byte	0
 5218 1229 0D       		.uleb128 0xd
 5219 122a A6110000 		.4byte	0x11a6
 5220 122e 06       		.uleb128 0x6
 5221 122f 29120000 		.4byte	0x1229
 5222 1233 06       		.uleb128 0x6
 5223 1234 A1110000 		.4byte	0x11a1
 5224 1238 06       		.uleb128 0x6
 5225 1239 DF070000 		.4byte	0x7df
 5226 123d 2B       		.uleb128 0x2b
 5227 123e C8060000 		.4byte	.LASF230
 5228 1242 3F       		.byte	0x3f
 5229 1243 0D01     		.2byte	0x10d
 5230 1245 12       		.byte	0x12
 5231 1246 A0100000 		.4byte	0x10a0
 5232 124a 17       		.uleb128 0x17
 5233 124b 79020000 		.4byte	.LASF231
 5234 124f 40       		.byte	0x40
 5235 1250 50       		.byte	0x50
 5236 1251 5B120000 		.4byte	0x125b
ARM GAS  C:\Users\DEVELO~1\AppData\Local\Temp\ccZRP2cb.s 			page 93


 5237 1255 05       		.uleb128 0x5
 5238 1256 E9000000 		.4byte	0xe9
 5239 125a 00       		.byte	0
 5240 125b 17       		.uleb128 0x17
 5241 125c 6D0B0000 		.4byte	.LASF232
 5242 1260 40       		.byte	0x40
 5243 1261 4F       		.byte	0x4f
 5244 1262 71120000 		.4byte	0x1271
 5245 1266 05       		.uleb128 0x5
 5246 1267 E9000000 		.4byte	0xe9
 5247 126b 05       		.uleb128 0x5
 5248 126c E9000000 		.4byte	0xe9
 5249 1270 00       		.byte	0
 5250 1271 1F       		.uleb128 0x1f
 5251 1272 360B0000 		.4byte	.LASF234
 5252 1276 41       		.byte	0x41
 5253 1277 1203     		.2byte	0x312
 5254 1279 20       		.uleb128 0x20
 5255 127a BA000000 		.4byte	.LASF233
 5256 127e 3D       		.byte	0x3d
 5257 127f B702     		.2byte	0x2b7
 5258 1281 8B120000 		.4byte	0x128b
 5259 1285 05       		.uleb128 0x5
 5260 1286 8B120000 		.4byte	0x128b
 5261 128a 00       		.byte	0
 5262 128b 06       		.uleb128 0x6
 5263 128c 270F0000 		.4byte	0xf27
 5264 1290 1F       		.uleb128 0x1f
 5265 1291 0C050000 		.4byte	.LASF235
 5266 1295 36       		.byte	0x36
 5267 1296 F402     		.2byte	0x2f4
 5268 1298 17       		.uleb128 0x17
 5269 1299 AB0E0000 		.4byte	.LASF236
 5270 129d 34       		.byte	0x34
 5271 129e FF       		.byte	0xff
 5272 129f A9120000 		.4byte	0x12a9
 5273 12a3 05       		.uleb128 0x5
 5274 12a4 6B030000 		.4byte	0x36b
 5275 12a8 00       		.byte	0
 5276 12a9 20       		.uleb128 0x20
 5277 12aa D60C0000 		.4byte	.LASF237
 5278 12ae 3F       		.byte	0x3f
 5279 12af 2E01     		.2byte	0x12e
 5280 12b1 BB120000 		.4byte	0x12bb
 5281 12b5 05       		.uleb128 0x5
 5282 12b6 BB120000 		.4byte	0x12bb
 5283 12ba 00       		.byte	0
 5284 12bb 06       		.uleb128 0x6
 5285 12bc A0100000 		.4byte	0x10a0
 5286 12c0 17       		.uleb128 0x17
 5287 12c1 D40F0000 		.4byte	.LASF238
 5288 12c5 34       		.byte	0x34
 5289 12c6 FE       		.byte	0xfe
 5290 12c7 D1120000 		.4byte	0x12d1
 5291 12cb 05       		.uleb128 0x5
 5292 12cc 6B030000 		.4byte	0x36b
 5293 12d0 00       		.byte	0
ARM GAS  C:\Users\DEVELO~1\AppData\Local\Temp\ccZRP2cb.s 			page 94


 5294 12d1 21       		.uleb128 0x21
 5295 12d2 0B0D0000 		.4byte	.LASF239
 5296 12d6 AF       		.byte	0xaf
 5297 12d7 00000000 		.4byte	.LFB517
 5298 12db AE000000 		.4byte	.LFE517-.LFB517
 5299 12df 01       		.uleb128 0x1
 5300 12e0 9C       		.byte	0x9c
 5301 12e1 21       		.uleb128 0x21
 5302 12e2 78080000 		.4byte	.LASF240
 5303 12e6 72       		.byte	0x72
 5304 12e7 00000000 		.4byte	.LFB516
 5305 12eb B0000000 		.4byte	.LFE516-.LFB516
 5306 12ef 01       		.uleb128 0x1
 5307 12f0 9C       		.byte	0x9c
 5308 12f1 02       		.uleb128 0x2
 5309 12f2 E60F0000 		.4byte	.LASF241
 5310 12f6 28       		.byte	0x28
 5311 12f7 54       		.byte	0x54
 5312 12f8 00000000 		.4byte	.LFB515
 5313 12fc 0C000000 		.4byte	.LFE515-.LFB515
 5314 1300 01       		.uleb128 0x1
 5315 1301 9C       		.byte	0x9c
 5316 1302 02       		.uleb128 0x2
 5317 1303 B1090000 		.4byte	.LASF242
 5318 1307 28       		.byte	0x28
 5319 1308 4E       		.byte	0x4e
 5320 1309 00000000 		.4byte	.LFB514
 5321 130d 0C000000 		.4byte	.LFE514-.LFB514
 5322 1311 01       		.uleb128 0x1
 5323 1312 9C       		.byte	0x9c
 5324 1313 02       		.uleb128 0x2
 5325 1314 8F090000 		.4byte	.LASF243
 5326 1318 27       		.byte	0x27
 5327 1319 54       		.byte	0x54
 5328 131a 00000000 		.4byte	.LFB513
 5329 131e 0C000000 		.4byte	.LFE513-.LFB513
 5330 1322 01       		.uleb128 0x1
 5331 1323 9C       		.byte	0x9c
 5332 1324 02       		.uleb128 0x2
 5333 1325 B2050000 		.4byte	.LASF244
 5334 1329 27       		.byte	0x27
 5335 132a 4E       		.byte	0x4e
 5336 132b 00000000 		.4byte	.LFB512
 5337 132f 0C000000 		.4byte	.LFE512-.LFB512
 5338 1333 01       		.uleb128 0x1
 5339 1334 9C       		.byte	0x9c
 5340 1335 02       		.uleb128 0x2
 5341 1336 B0030000 		.4byte	.LASF245
 5342 133a 26       		.byte	0x26
 5343 133b 54       		.byte	0x54
 5344 133c 00000000 		.4byte	.LFB511
 5345 1340 0C000000 		.4byte	.LFE511-.LFB511
 5346 1344 01       		.uleb128 0x1
 5347 1345 9C       		.byte	0x9c
 5348 1346 02       		.uleb128 0x2
 5349 1347 75010000 		.4byte	.LASF246
 5350 134b 26       		.byte	0x26
ARM GAS  C:\Users\DEVELO~1\AppData\Local\Temp\ccZRP2cb.s 			page 95


 5351 134c 4E       		.byte	0x4e
 5352 134d 00000000 		.4byte	.LFB510
 5353 1351 0C000000 		.4byte	.LFE510-.LFB510
 5354 1355 01       		.uleb128 0x1
 5355 1356 9C       		.byte	0x9c
 5356 1357 02       		.uleb128 0x2
 5357 1358 0E090000 		.4byte	.LASF247
 5358 135c 25       		.byte	0x25
 5359 135d AC       		.byte	0xac
 5360 135e 00000000 		.4byte	.LFB509
 5361 1362 0C000000 		.4byte	.LFE509-.LFB509
 5362 1366 01       		.uleb128 0x1
 5363 1367 9C       		.byte	0x9c
 5364 1368 02       		.uleb128 0x2
 5365 1369 10080000 		.4byte	.LASF248
 5366 136d 25       		.byte	0x25
 5367 136e 99       		.byte	0x99
 5368 136f 00000000 		.4byte	.LFB508
 5369 1373 0C000000 		.4byte	.LFE508-.LFB508
 5370 1377 01       		.uleb128 0x1
 5371 1378 9C       		.byte	0x9c
 5372 1379 02       		.uleb128 0x2
 5373 137a 90020000 		.4byte	.LASF249
 5374 137e 24       		.byte	0x24
 5375 137f 54       		.byte	0x54
 5376 1380 00000000 		.4byte	.LFB507
 5377 1384 0C000000 		.4byte	.LFE507-.LFB507
 5378 1388 01       		.uleb128 0x1
 5379 1389 9C       		.byte	0x9c
 5380 138a 02       		.uleb128 0x2
 5381 138b D2020000 		.4byte	.LASF250
 5382 138f 24       		.byte	0x24
 5383 1390 4E       		.byte	0x4e
 5384 1391 00000000 		.4byte	.LFB506
 5385 1395 0C000000 		.4byte	.LFE506-.LFB506
 5386 1399 01       		.uleb128 0x1
 5387 139a 9C       		.byte	0x9c
 5388 139b 02       		.uleb128 0x2
 5389 139c 9D0D0000 		.4byte	.LASF251
 5390 13a0 23       		.byte	0x23
 5391 13a1 54       		.byte	0x54
 5392 13a2 00000000 		.4byte	.LFB505
 5393 13a6 0C000000 		.4byte	.LFE505-.LFB505
 5394 13aa 01       		.uleb128 0x1
 5395 13ab 9C       		.byte	0x9c
 5396 13ac 02       		.uleb128 0x2
 5397 13ad 6B0F0000 		.4byte	.LASF252
 5398 13b1 23       		.byte	0x23
 5399 13b2 4E       		.byte	0x4e
 5400 13b3 00000000 		.4byte	.LFB504
 5401 13b7 0C000000 		.4byte	.LFE504-.LFB504
 5402 13bb 01       		.uleb128 0x1
 5403 13bc 9C       		.byte	0x9c
 5404 13bd 02       		.uleb128 0x2
 5405 13be 65040000 		.4byte	.LASF253
 5406 13c2 22       		.byte	0x22
 5407 13c3 54       		.byte	0x54
ARM GAS  C:\Users\DEVELO~1\AppData\Local\Temp\ccZRP2cb.s 			page 96


 5408 13c4 00000000 		.4byte	.LFB503
 5409 13c8 0C000000 		.4byte	.LFE503-.LFB503
 5410 13cc 01       		.uleb128 0x1
 5411 13cd 9C       		.byte	0x9c
 5412 13ce 02       		.uleb128 0x2
 5413 13cf 2C0C0000 		.4byte	.LASF254
 5414 13d3 22       		.byte	0x22
 5415 13d4 4E       		.byte	0x4e
 5416 13d5 00000000 		.4byte	.LFB502
 5417 13d9 0C000000 		.4byte	.LFE502-.LFB502
 5418 13dd 01       		.uleb128 0x1
 5419 13de 9C       		.byte	0x9c
 5420 13df 02       		.uleb128 0x2
 5421 13e0 B2020000 		.4byte	.LASF255
 5422 13e4 21       		.byte	0x21
 5423 13e5 54       		.byte	0x54
 5424 13e6 00000000 		.4byte	.LFB501
 5425 13ea 0C000000 		.4byte	.LFE501-.LFB501
 5426 13ee 01       		.uleb128 0x1
 5427 13ef 9C       		.byte	0x9c
 5428 13f0 02       		.uleb128 0x2
 5429 13f1 D0080000 		.4byte	.LASF256
 5430 13f5 21       		.byte	0x21
 5431 13f6 4E       		.byte	0x4e
 5432 13f7 00000000 		.4byte	.LFB500
 5433 13fb 0C000000 		.4byte	.LFE500-.LFB500
 5434 13ff 01       		.uleb128 0x1
 5435 1400 9C       		.byte	0x9c
 5436 1401 02       		.uleb128 0x2
 5437 1402 EA0D0000 		.4byte	.LASF257
 5438 1406 20       		.byte	0x20
 5439 1407 54       		.byte	0x54
 5440 1408 00000000 		.4byte	.LFB499
 5441 140c 0C000000 		.4byte	.LFE499-.LFB499
 5442 1410 01       		.uleb128 0x1
 5443 1411 9C       		.byte	0x9c
 5444 1412 02       		.uleb128 0x2
 5445 1413 C7040000 		.4byte	.LASF258
 5446 1417 20       		.byte	0x20
 5447 1418 4E       		.byte	0x4e
 5448 1419 00000000 		.4byte	.LFB498
 5449 141d 0C000000 		.4byte	.LFE498-.LFB498
 5450 1421 01       		.uleb128 0x1
 5451 1422 9C       		.byte	0x9c
 5452 1423 18       		.uleb128 0x18
 5453 1424 E0020000 		.4byte	.LASF275
 5454 1428 1F       		.byte	0x1f
 5455 1429 64       		.byte	0x64
 5456 142a 00000000 		.4byte	.LFB497
 5457 142e 20000000 		.4byte	.LFE497-.LFB497
 5458 1432 01       		.uleb128 0x1
 5459 1433 9C       		.byte	0x9c
 5460 1434 48140000 		.4byte	0x1448
 5461 1438 19       		.uleb128 0x19
 5462 1439 620F0000 		.4byte	.LASF277
 5463 143d 58140000 		.4byte	0x1458
 5464 1441 05       		.uleb128 0x5
ARM GAS  C:\Users\DEVELO~1\AppData\Local\Temp\ccZRP2cb.s 			page 97


 5465 1442 03       		.byte	0x3
 5466 1443 00000000 		.4byte	__func__.0
 5467 1447 00       		.byte	0
 5468 1448 11       		.uleb128 0x11
 5469 1449 7C030000 		.4byte	0x37c
 5470 144d 58140000 		.4byte	0x1458
 5471 1451 12       		.uleb128 0x12
 5472 1452 3E000000 		.4byte	0x3e
 5473 1456 08       		.byte	0x8
 5474 1457 00       		.byte	0
 5475 1458 0D       		.uleb128 0xd
 5476 1459 48140000 		.4byte	0x1448
 5477 145d 0F       		.uleb128 0xf
 5478 145e 5E070000 		.4byte	.LASF259
 5479 1462 1F       		.byte	0x1f
 5480 1463 54       		.byte	0x54
 5481 1464 00000000 		.4byte	.LFB496
 5482 1468 0E000000 		.4byte	.LFE496-.LFB496
 5483 146c 01       		.uleb128 0x1
 5484 146d 9C       		.byte	0x9c
 5485 146e 0F       		.uleb128 0xf
 5486 146f 4B000000 		.4byte	.LASF260
 5487 1473 1F       		.byte	0x1f
 5488 1474 4E       		.byte	0x4e
 5489 1475 00000000 		.4byte	.LFB495
 5490 1479 10000000 		.4byte	.LFE495-.LFB495
 5491 147d 01       		.uleb128 0x1
 5492 147e 9C       		.byte	0x9c
 5493 147f 02       		.uleb128 0x2
 5494 1480 FC000000 		.4byte	.LASF261
 5495 1484 1E       		.byte	0x1e
 5496 1485 5D       		.byte	0x5d
 5497 1486 00000000 		.4byte	.LFB494
 5498 148a 0C000000 		.4byte	.LFE494-.LFB494
 5499 148e 01       		.uleb128 0x1
 5500 148f 9C       		.byte	0x9c
 5501 1490 02       		.uleb128 0x2
 5502 1491 4D0D0000 		.4byte	.LASF262
 5503 1495 1E       		.byte	0x1e
 5504 1496 56       		.byte	0x56
 5505 1497 00000000 		.4byte	.LFB493
 5506 149b 0C000000 		.4byte	.LFE493-.LFB493
 5507 149f 01       		.uleb128 0x1
 5508 14a0 9C       		.byte	0x9c
 5509 14a1 02       		.uleb128 0x2
 5510 14a2 75030000 		.4byte	.LASF263
 5511 14a6 1D       		.byte	0x1d
 5512 14a7 45       		.byte	0x45
 5513 14a8 00000000 		.4byte	.LFB492
 5514 14ac 0C000000 		.4byte	.LFE492-.LFB492
 5515 14b0 01       		.uleb128 0x1
 5516 14b1 9C       		.byte	0x9c
 5517 14b2 02       		.uleb128 0x2
 5518 14b3 080E0000 		.4byte	.LASF264
 5519 14b7 1D       		.byte	0x1d
 5520 14b8 3F       		.byte	0x3f
 5521 14b9 00000000 		.4byte	.LFB491
ARM GAS  C:\Users\DEVELO~1\AppData\Local\Temp\ccZRP2cb.s 			page 98


 5522 14bd 0C000000 		.4byte	.LFE491-.LFB491
 5523 14c1 01       		.uleb128 0x1
 5524 14c2 9C       		.byte	0x9c
 5525 14c3 02       		.uleb128 0x2
 5526 14c4 790F0000 		.4byte	.LASF265
 5527 14c8 1C       		.byte	0x1c
 5528 14c9 45       		.byte	0x45
 5529 14ca 00000000 		.4byte	.LFB490
 5530 14ce 0C000000 		.4byte	.LFE490-.LFB490
 5531 14d2 01       		.uleb128 0x1
 5532 14d3 9C       		.byte	0x9c
 5533 14d4 02       		.uleb128 0x2
 5534 14d5 F90E0000 		.4byte	.LASF266
 5535 14d9 1C       		.byte	0x1c
 5536 14da 3F       		.byte	0x3f
 5537 14db 00000000 		.4byte	.LFB489
 5538 14df 0C000000 		.4byte	.LFE489-.LFB489
 5539 14e3 01       		.uleb128 0x1
 5540 14e4 9C       		.byte	0x9c
 5541 14e5 02       		.uleb128 0x2
 5542 14e6 F9030000 		.4byte	.LASF267
 5543 14ea 1B       		.byte	0x1b
 5544 14eb 45       		.byte	0x45
 5545 14ec 00000000 		.4byte	.LFB488
 5546 14f0 0C000000 		.4byte	.LFE488-.LFB488
 5547 14f4 01       		.uleb128 0x1
 5548 14f5 9C       		.byte	0x9c
 5549 14f6 02       		.uleb128 0x2
 5550 14f7 D9010000 		.4byte	.LASF268
 5551 14fb 1B       		.byte	0x1b
 5552 14fc 3F       		.byte	0x3f
 5553 14fd 00000000 		.4byte	.LFB487
 5554 1501 0C000000 		.4byte	.LFE487-.LFB487
 5555 1505 01       		.uleb128 0x1
 5556 1506 9C       		.byte	0x9c
 5557 1507 02       		.uleb128 0x2
 5558 1508 6E070000 		.4byte	.LASF269
 5559 150c 1A       		.byte	0x1a
 5560 150d 45       		.byte	0x45
 5561 150e 00000000 		.4byte	.LFB486
 5562 1512 0C000000 		.4byte	.LFE486-.LFB486
 5563 1516 01       		.uleb128 0x1
 5564 1517 9C       		.byte	0x9c
 5565 1518 02       		.uleb128 0x2
 5566 1519 940E0000 		.4byte	.LASF270
 5567 151d 1A       		.byte	0x1a
 5568 151e 3F       		.byte	0x3f
 5569 151f 00000000 		.4byte	.LFB485
 5570 1523 0C000000 		.4byte	.LFE485-.LFB485
 5571 1527 01       		.uleb128 0x1
 5572 1528 9C       		.byte	0x9c
 5573 1529 02       		.uleb128 0x2
 5574 152a F2090000 		.4byte	.LASF271
 5575 152e 19       		.byte	0x19
 5576 152f 45       		.byte	0x45
 5577 1530 00000000 		.4byte	.LFB484
 5578 1534 0C000000 		.4byte	.LFE484-.LFB484
ARM GAS  C:\Users\DEVELO~1\AppData\Local\Temp\ccZRP2cb.s 			page 99


 5579 1538 01       		.uleb128 0x1
 5580 1539 9C       		.byte	0x9c
 5581 153a 02       		.uleb128 0x2
 5582 153b 850B0000 		.4byte	.LASF272
 5583 153f 19       		.byte	0x19
 5584 1540 3F       		.byte	0x3f
 5585 1541 00000000 		.4byte	.LFB483
 5586 1545 0C000000 		.4byte	.LFE483-.LFB483
 5587 1549 01       		.uleb128 0x1
 5588 154a 9C       		.byte	0x9c
 5589 154b 02       		.uleb128 0x2
 5590 154c 1A0C0000 		.4byte	.LASF273
 5591 1550 18       		.byte	0x18
 5592 1551 45       		.byte	0x45
 5593 1552 00000000 		.4byte	.LFB482
 5594 1556 0C000000 		.4byte	.LFE482-.LFB482
 5595 155a 01       		.uleb128 0x1
 5596 155b 9C       		.byte	0x9c
 5597 155c 02       		.uleb128 0x2
 5598 155d 3D0D0000 		.4byte	.LASF274
 5599 1561 18       		.byte	0x18
 5600 1562 3F       		.byte	0x3f
 5601 1563 00000000 		.4byte	.LFB481
 5602 1567 0C000000 		.4byte	.LFE481-.LFB481
 5603 156b 01       		.uleb128 0x1
 5604 156c 9C       		.byte	0x9c
 5605 156d 18       		.uleb128 0x18
 5606 156e BC0A0000 		.4byte	.LASF276
 5607 1572 17       		.byte	0x17
 5608 1573 55       		.byte	0x55
 5609 1574 00000000 		.4byte	.LFB480
 5610 1578 28000000 		.4byte	.LFE480-.LFB480
 5611 157c 01       		.uleb128 0x1
 5612 157d 9C       		.byte	0x9c
 5613 157e 92150000 		.4byte	0x1592
 5614 1582 19       		.uleb128 0x19
 5615 1583 620F0000 		.4byte	.LASF277
 5616 1587 A2150000 		.4byte	0x15a2
 5617 158b 05       		.uleb128 0x5
 5618 158c 03       		.byte	0x3
 5619 158d 00000000 		.4byte	__func__.1
 5620 1591 00       		.byte	0
 5621 1592 11       		.uleb128 0x11
 5622 1593 7C030000 		.4byte	0x37c
 5623 1597 A2150000 		.4byte	0x15a2
 5624 159b 12       		.uleb128 0x12
 5625 159c 3E000000 		.4byte	0x3e
 5626 15a0 09       		.byte	0x9
 5627 15a1 00       		.byte	0
 5628 15a2 0D       		.uleb128 0xd
 5629 15a3 92150000 		.4byte	0x1592
 5630 15a7 0F       		.uleb128 0xf
 5631 15a8 CC0E0000 		.4byte	.LASF278
 5632 15ac 17       		.byte	0x17
 5633 15ad 45       		.byte	0x45
 5634 15ae 00000000 		.4byte	.LFB479
 5635 15b2 0E000000 		.4byte	.LFE479-.LFB479
ARM GAS  C:\Users\DEVELO~1\AppData\Local\Temp\ccZRP2cb.s 			page 100


 5636 15b6 01       		.uleb128 0x1
 5637 15b7 9C       		.byte	0x9c
 5638 15b8 0F       		.uleb128 0xf
 5639 15b9 C1030000 		.4byte	.LASF279
 5640 15bd 17       		.byte	0x17
 5641 15be 3F       		.byte	0x3f
 5642 15bf 00000000 		.4byte	.LFB478
 5643 15c3 10000000 		.4byte	.LFE478-.LFB478
 5644 15c7 01       		.uleb128 0x1
 5645 15c8 9C       		.byte	0x9c
 5646 15c9 02       		.uleb128 0x2
 5647 15ca B5080000 		.4byte	.LASF280
 5648 15ce 16       		.byte	0x16
 5649 15cf 45       		.byte	0x45
 5650 15d0 00000000 		.4byte	.LFB477
 5651 15d4 0C000000 		.4byte	.LFE477-.LFB477
 5652 15d8 01       		.uleb128 0x1
 5653 15d9 9C       		.byte	0x9c
 5654 15da 02       		.uleb128 0x2
 5655 15db 0C100000 		.4byte	.LASF281
 5656 15df 16       		.byte	0x16
 5657 15e0 3F       		.byte	0x3f
 5658 15e1 00000000 		.4byte	.LFB476
 5659 15e5 0C000000 		.4byte	.LFE476-.LFB476
 5660 15e9 01       		.uleb128 0x1
 5661 15ea 9C       		.byte	0x9c
 5662 15eb 02       		.uleb128 0x2
 5663 15ec C60A0000 		.4byte	.LASF282
 5664 15f0 15       		.byte	0x15
 5665 15f1 45       		.byte	0x45
 5666 15f2 00000000 		.4byte	.LFB475
 5667 15f6 0C000000 		.4byte	.LFE475-.LFB475
 5668 15fa 01       		.uleb128 0x1
 5669 15fb 9C       		.byte	0x9c
 5670 15fc 02       		.uleb128 0x2
 5671 15fd 080A0000 		.4byte	.LASF283
 5672 1601 15       		.byte	0x15
 5673 1602 3F       		.byte	0x3f
 5674 1603 00000000 		.4byte	.LFB474
 5675 1607 0C000000 		.4byte	.LFE474-.LFB474
 5676 160b 01       		.uleb128 0x1
 5677 160c 9C       		.byte	0x9c
 5678 160d 02       		.uleb128 0x2
 5679 160e 41050000 		.4byte	.LASF284
 5680 1612 14       		.byte	0x14
 5681 1613 45       		.byte	0x45
 5682 1614 00000000 		.4byte	.LFB473
 5683 1618 0C000000 		.4byte	.LFE473-.LFB473
 5684 161c 01       		.uleb128 0x1
 5685 161d 9C       		.byte	0x9c
 5686 161e 02       		.uleb128 0x2
 5687 161f 78060000 		.4byte	.LASF285
 5688 1623 14       		.byte	0x14
 5689 1624 3F       		.byte	0x3f
 5690 1625 00000000 		.4byte	.LFB472
 5691 1629 0C000000 		.4byte	.LFE472-.LFB472
 5692 162d 01       		.uleb128 0x1
ARM GAS  C:\Users\DEVELO~1\AppData\Local\Temp\ccZRP2cb.s 			page 101


 5693 162e 9C       		.byte	0x9c
 5694 162f 18       		.uleb128 0x18
 5695 1630 91050000 		.4byte	.LASF286
 5696 1634 13       		.byte	0x13
 5697 1635 55       		.byte	0x55
 5698 1636 00000000 		.4byte	.LFB471
 5699 163a 28000000 		.4byte	.LFE471-.LFB471
 5700 163e 01       		.uleb128 0x1
 5701 163f 9C       		.byte	0x9c
 5702 1640 54160000 		.4byte	0x1654
 5703 1644 19       		.uleb128 0x19
 5704 1645 620F0000 		.4byte	.LASF277
 5705 1649 58140000 		.4byte	0x1458
 5706 164d 05       		.uleb128 0x5
 5707 164e 03       		.byte	0x3
 5708 164f 00000000 		.4byte	__func__.2
 5709 1653 00       		.byte	0
 5710 1654 0F       		.uleb128 0xf
 5711 1655 A40F0000 		.4byte	.LASF287
 5712 1659 13       		.byte	0x13
 5713 165a 45       		.byte	0x45
 5714 165b 00000000 		.4byte	.LFB470
 5715 165f 0E000000 		.4byte	.LFE470-.LFB470
 5716 1663 01       		.uleb128 0x1
 5717 1664 9C       		.byte	0x9c
 5718 1665 0F       		.uleb128 0xf
 5719 1666 C9010000 		.4byte	.LASF288
 5720 166a 13       		.byte	0x13
 5721 166b 3F       		.byte	0x3f
 5722 166c 00000000 		.4byte	.LFB469
 5723 1670 10000000 		.4byte	.LFE469-.LFB469
 5724 1674 01       		.uleb128 0x1
 5725 1675 9C       		.byte	0x9c
 5726 1676 02       		.uleb128 0x2
 5727 1677 A0020000 		.4byte	.LASF289
 5728 167b 12       		.byte	0x12
 5729 167c 4C       		.byte	0x4c
 5730 167d 00000000 		.4byte	.LFB468
 5731 1681 0C000000 		.4byte	.LFE468-.LFB468
 5732 1685 01       		.uleb128 0x1
 5733 1686 9C       		.byte	0x9c
 5734 1687 02       		.uleb128 0x2
 5735 1688 AD0D0000 		.4byte	.LASF290
 5736 168c 12       		.byte	0x12
 5737 168d 46       		.byte	0x46
 5738 168e 00000000 		.4byte	.LFB467
 5739 1692 0C000000 		.4byte	.LFE467-.LFB467
 5740 1696 01       		.uleb128 0x1
 5741 1697 9C       		.byte	0x9c
 5742 1698 18       		.uleb128 0x18
 5743 1699 C0090000 		.4byte	.LASF291
 5744 169d 11       		.byte	0x11
 5745 169e 5C       		.byte	0x5c
 5746 169f 00000000 		.4byte	.LFB466
 5747 16a3 28000000 		.4byte	.LFE466-.LFB466
 5748 16a7 01       		.uleb128 0x1
 5749 16a8 9C       		.byte	0x9c
ARM GAS  C:\Users\DEVELO~1\AppData\Local\Temp\ccZRP2cb.s 			page 102


 5750 16a9 BD160000 		.4byte	0x16bd
 5751 16ad 19       		.uleb128 0x19
 5752 16ae 620F0000 		.4byte	.LASF277
 5753 16b2 A2150000 		.4byte	0x15a2
 5754 16b6 05       		.uleb128 0x5
 5755 16b7 03       		.byte	0x3
 5756 16b8 00000000 		.4byte	__func__.3
 5757 16bc 00       		.byte	0
 5758 16bd 0F       		.uleb128 0xf
 5759 16be D30D0000 		.4byte	.LASF292
 5760 16c2 11       		.byte	0x11
 5761 16c3 4C       		.byte	0x4c
 5762 16c4 00000000 		.4byte	.LFB465
 5763 16c8 0E000000 		.4byte	.LFE465-.LFB465
 5764 16cc 01       		.uleb128 0x1
 5765 16cd 9C       		.byte	0x9c
 5766 16ce 0F       		.uleb128 0xf
 5767 16cf 6D0A0000 		.4byte	.LASF293
 5768 16d3 11       		.byte	0x11
 5769 16d4 46       		.byte	0x46
 5770 16d5 00000000 		.4byte	.LFB464
 5771 16d9 10000000 		.4byte	.LFE464-.LFB464
 5772 16dd 01       		.uleb128 0x1
 5773 16de 9C       		.byte	0x9c
 5774 16df 02       		.uleb128 0x2
 5775 16e0 8D010000 		.4byte	.LASF294
 5776 16e4 10       		.byte	0x10
 5777 16e5 4C       		.byte	0x4c
 5778 16e6 00000000 		.4byte	.LFB463
 5779 16ea 0C000000 		.4byte	.LFE463-.LFB463
 5780 16ee 01       		.uleb128 0x1
 5781 16ef 9C       		.byte	0x9c
 5782 16f0 02       		.uleb128 0x2
 5783 16f1 72090000 		.4byte	.LASF295
 5784 16f5 10       		.byte	0x10
 5785 16f6 46       		.byte	0x46
 5786 16f7 00000000 		.4byte	.LFB462
 5787 16fb 0C000000 		.4byte	.LFE462-.LFB462
 5788 16ff 01       		.uleb128 0x1
 5789 1700 9C       		.byte	0x9c
 5790 1701 02       		.uleb128 0x2
 5791 1702 B5070000 		.4byte	.LASF296
 5792 1706 0F       		.byte	0xf
 5793 1707 4C       		.byte	0x4c
 5794 1708 00000000 		.4byte	.LFB461
 5795 170c 0C000000 		.4byte	.LFE461-.LFB461
 5796 1710 01       		.uleb128 0x1
 5797 1711 9C       		.byte	0x9c
 5798 1712 02       		.uleb128 0x2
 5799 1713 8F0C0000 		.4byte	.LASF297
 5800 1717 0F       		.byte	0xf
 5801 1718 46       		.byte	0x46
 5802 1719 00000000 		.4byte	.LFB460
 5803 171d 0C000000 		.4byte	.LFE460-.LFB460
 5804 1721 01       		.uleb128 0x1
 5805 1722 9C       		.byte	0x9c
 5806 1723 02       		.uleb128 0x2
ARM GAS  C:\Users\DEVELO~1\AppData\Local\Temp\ccZRP2cb.s 			page 103


 5807 1724 5A010000 		.4byte	.LASF298
 5808 1728 0E       		.byte	0xe
 5809 1729 4C       		.byte	0x4c
 5810 172a 00000000 		.4byte	.LFB459
 5811 172e 0C000000 		.4byte	.LFE459-.LFB459
 5812 1732 01       		.uleb128 0x1
 5813 1733 9C       		.byte	0x9c
 5814 1734 02       		.uleb128 0x2
 5815 1735 E8070000 		.4byte	.LASF299
 5816 1739 0E       		.byte	0xe
 5817 173a 46       		.byte	0x46
 5818 173b 00000000 		.4byte	.LFB458
 5819 173f 0C000000 		.4byte	.LFE458-.LFB458
 5820 1743 01       		.uleb128 0x1
 5821 1744 9C       		.byte	0x9c
 5822 1745 02       		.uleb128 0x2
 5823 1746 9F0C0000 		.4byte	.LASF300
 5824 174a 0D       		.byte	0xd
 5825 174b 4C       		.byte	0x4c
 5826 174c 00000000 		.4byte	.LFB457
 5827 1750 0C000000 		.4byte	.LFE457-.LFB457
 5828 1754 01       		.uleb128 0x1
 5829 1755 9C       		.byte	0x9c
 5830 1756 02       		.uleb128 0x2
 5831 1757 31050000 		.4byte	.LASF301
 5832 175b 0D       		.byte	0xd
 5833 175c 46       		.byte	0x46
 5834 175d 00000000 		.4byte	.LFB456
 5835 1761 0C000000 		.4byte	.LFE456-.LFB456
 5836 1765 01       		.uleb128 0x1
 5837 1766 9C       		.byte	0x9c
 5838 1767 02       		.uleb128 0x2
 5839 1768 5F080000 		.4byte	.LASF302
 5840 176c 0C       		.byte	0xc
 5841 176d 3D       		.byte	0x3d
 5842 176e 00000000 		.4byte	.LFB455
 5843 1772 0C000000 		.4byte	.LFE455-.LFB455
 5844 1776 01       		.uleb128 0x1
 5845 1777 9C       		.byte	0x9c
 5846 1778 02       		.uleb128 0x2
 5847 1779 3F020000 		.4byte	.LASF303
 5848 177d 0C       		.byte	0xc
 5849 177e 37       		.byte	0x37
 5850 177f 00000000 		.4byte	.LFB454
 5851 1783 0C000000 		.4byte	.LFE454-.LFB454
 5852 1787 01       		.uleb128 0x1
 5853 1788 9C       		.byte	0x9c
 5854 1789 02       		.uleb128 0x2
 5855 178a 00000000 		.4byte	.LASF304
 5856 178e 0B       		.byte	0xb
 5857 178f 3D       		.byte	0x3d
 5858 1790 00000000 		.4byte	.LFB453
 5859 1794 0C000000 		.4byte	.LFE453-.LFB453
 5860 1798 01       		.uleb128 0x1
 5861 1799 9C       		.byte	0x9c
 5862 179a 02       		.uleb128 0x2
 5863 179b E00A0000 		.4byte	.LASF305
ARM GAS  C:\Users\DEVELO~1\AppData\Local\Temp\ccZRP2cb.s 			page 104


 5864 179f 0B       		.byte	0xb
 5865 17a0 37       		.byte	0x37
 5866 17a1 00000000 		.4byte	.LFB452
 5867 17a5 0C000000 		.4byte	.LFE452-.LFB452
 5868 17a9 01       		.uleb128 0x1
 5869 17aa 9C       		.byte	0x9c
 5870 17ab 02       		.uleb128 0x2
 5871 17ac 88060000 		.4byte	.LASF306
 5872 17b0 0A       		.byte	0xa
 5873 17b1 3D       		.byte	0x3d
 5874 17b2 00000000 		.4byte	.LFB451
 5875 17b6 0C000000 		.4byte	.LFE451-.LFB451
 5876 17ba 01       		.uleb128 0x1
 5877 17bb 9C       		.byte	0x9c
 5878 17bc 02       		.uleb128 0x2
 5879 17bd 2C070000 		.4byte	.LASF307
 5880 17c1 0A       		.byte	0xa
 5881 17c2 37       		.byte	0x37
 5882 17c3 00000000 		.4byte	.LFB450
 5883 17c7 0C000000 		.4byte	.LFE450-.LFB450
 5884 17cb 01       		.uleb128 0x1
 5885 17cc 9C       		.byte	0x9c
 5886 17cd 02       		.uleb128 0x2
 5887 17ce B6060000 		.4byte	.LASF308
 5888 17d2 09       		.byte	0x9
 5889 17d3 3D       		.byte	0x3d
 5890 17d4 00000000 		.4byte	.LFB449
 5891 17d8 0C000000 		.4byte	.LFE449-.LFB449
 5892 17dc 01       		.uleb128 0x1
 5893 17dd 9C       		.byte	0x9c
 5894 17de 02       		.uleb128 0x2
 5895 17df C2020000 		.4byte	.LASF309
 5896 17e3 09       		.byte	0x9
 5897 17e4 37       		.byte	0x37
 5898 17e5 00000000 		.4byte	.LFB448
 5899 17e9 0C000000 		.4byte	.LFE448-.LFB448
 5900 17ed 01       		.uleb128 0x1
 5901 17ee 9C       		.byte	0x9c
 5902 17ef 02       		.uleb128 0x2
 5903 17f0 28000000 		.4byte	.LASF310
 5904 17f4 08       		.byte	0x8
 5905 17f5 3D       		.byte	0x3d
 5906 17f6 00000000 		.4byte	.LFB447
 5907 17fa 0C000000 		.4byte	.LFE447-.LFB447
 5908 17fe 01       		.uleb128 0x1
 5909 17ff 9C       		.byte	0x9c
 5910 1800 02       		.uleb128 0x2
 5911 1801 80080000 		.4byte	.LASF311
 5912 1805 08       		.byte	0x8
 5913 1806 37       		.byte	0x37
 5914 1807 00000000 		.4byte	.LFB446
 5915 180b 0C000000 		.4byte	.LFE446-.LFB446
 5916 180f 01       		.uleb128 0x1
 5917 1810 9C       		.byte	0x9c
 5918 1811 02       		.uleb128 0x2
 5919 1812 240A0000 		.4byte	.LASF312
 5920 1816 07       		.byte	0x7
ARM GAS  C:\Users\DEVELO~1\AppData\Local\Temp\ccZRP2cb.s 			page 105


 5921 1817 3D       		.byte	0x3d
 5922 1818 00000000 		.4byte	.LFB445
 5923 181c 0C000000 		.4byte	.LFE445-.LFB445
 5924 1820 01       		.uleb128 0x1
 5925 1821 9C       		.byte	0x9c
 5926 1822 02       		.uleb128 0x2
 5927 1823 3C070000 		.4byte	.LASF313
 5928 1827 07       		.byte	0x7
 5929 1828 37       		.byte	0x37
 5930 1829 00000000 		.4byte	.LFB444
 5931 182d 0C000000 		.4byte	.LFE444-.LFB444
 5932 1831 01       		.uleb128 0x1
 5933 1832 9C       		.byte	0x9c
 5934 1833 02       		.uleb128 0x2
 5935 1834 4D040000 		.4byte	.LASF314
 5936 1838 06       		.byte	0x6
 5937 1839 3D       		.byte	0x3d
 5938 183a 00000000 		.4byte	.LFB443
 5939 183e 0C000000 		.4byte	.LFE443-.LFB443
 5940 1842 01       		.uleb128 0x1
 5941 1843 9C       		.byte	0x9c
 5942 1844 02       		.uleb128 0x2
 5943 1845 EB000000 		.4byte	.LASF315
 5944 1849 06       		.byte	0x6
 5945 184a 37       		.byte	0x37
 5946 184b 00000000 		.4byte	.LFB442
 5947 184f 0C000000 		.4byte	.LFE442-.LFB442
 5948 1853 01       		.uleb128 0x1
 5949 1854 9C       		.byte	0x9c
 5950 1855 02       		.uleb128 0x2
 5951 1856 3F080000 		.4byte	.LASF316
 5952 185a 05       		.byte	0x5
 5953 185b 3D       		.byte	0x3d
 5954 185c 00000000 		.4byte	.LFB441
 5955 1860 0C000000 		.4byte	.LFE441-.LFB441
 5956 1864 01       		.uleb128 0x1
 5957 1865 9C       		.byte	0x9c
 5958 1866 02       		.uleb128 0x2
 5959 1867 22020000 		.4byte	.LASF317
 5960 186b 05       		.byte	0x5
 5961 186c 37       		.byte	0x37
 5962 186d 00000000 		.4byte	.LFB440
 5963 1871 0C000000 		.4byte	.LFE440-.LFB440
 5964 1875 01       		.uleb128 0x1
 5965 1876 9C       		.byte	0x9c
 5966 1877 02       		.uleb128 0x2
 5967 1878 52090000 		.4byte	.LASF318
 5968 187c 04       		.byte	0x4
 5969 187d 3D       		.byte	0x3d
 5970 187e 00000000 		.4byte	.LFB439
 5971 1882 0C000000 		.4byte	.LFE439-.LFB439
 5972 1886 01       		.uleb128 0x1
 5973 1887 9C       		.byte	0x9c
 5974 1888 02       		.uleb128 0x2
 5975 1889 BD0E0000 		.4byte	.LASF319
 5976 188d 04       		.byte	0x4
 5977 188e 37       		.byte	0x37
ARM GAS  C:\Users\DEVELO~1\AppData\Local\Temp\ccZRP2cb.s 			page 106


 5978 188f 00000000 		.4byte	.LFB438
 5979 1893 0C000000 		.4byte	.LFE438-.LFB438
 5980 1897 01       		.uleb128 0x1
 5981 1898 9C       		.byte	0x9c
 5982 1899 02       		.uleb128 0x2
 5983 189a F4020000 		.4byte	.LASF320
 5984 189e 03       		.byte	0x3
 5985 189f 3D       		.byte	0x3d
 5986 18a0 00000000 		.4byte	.LFB437
 5987 18a4 0C000000 		.4byte	.LFE437-.LFB437
 5988 18a8 01       		.uleb128 0x1
 5989 18a9 9C       		.byte	0x9c
 5990 18aa 02       		.uleb128 0x2
 5991 18ab B00B0000 		.4byte	.LASF321
 5992 18af 03       		.byte	0x3
 5993 18b0 37       		.byte	0x37
 5994 18b1 00000000 		.4byte	.LFB436
 5995 18b5 0C000000 		.4byte	.LFE436-.LFB436
 5996 18b9 01       		.uleb128 0x1
 5997 18ba 9C       		.byte	0x9c
 5998 18bb 02       		.uleb128 0x2
 5999 18bc 2C0E0000 		.4byte	.LASF322
 6000 18c0 02       		.byte	0x2
 6001 18c1 3D       		.byte	0x3d
 6002 18c2 00000000 		.4byte	.LFB435
 6003 18c6 0C000000 		.4byte	.LFE435-.LFB435
 6004 18ca 01       		.uleb128 0x1
 6005 18cb 9C       		.byte	0x9c
 6006 18cc 02       		.uleb128 0x2
 6007 18cd 50080000 		.4byte	.LASF323
 6008 18d1 02       		.byte	0x2
 6009 18d2 37       		.byte	0x37
 6010 18d3 00000000 		.4byte	.LFB434
 6011 18d7 0C000000 		.4byte	.LFE434-.LFB434
 6012 18db 01       		.uleb128 0x1
 6013 18dc 9C       		.byte	0x9c
 6014 18dd 02       		.uleb128 0x2
 6015 18de EA0B0000 		.4byte	.LASF324
 6016 18e2 01       		.byte	0x1
 6017 18e3 3D       		.byte	0x3d
 6018 18e4 00000000 		.4byte	.LFB433
 6019 18e8 0C000000 		.4byte	.LFE433-.LFB433
 6020 18ec 01       		.uleb128 0x1
 6021 18ed 9C       		.byte	0x9c
 6022 18ee 02       		.uleb128 0x2
 6023 18ef DC030000 		.4byte	.LASF325
 6024 18f3 01       		.byte	0x1
 6025 18f4 37       		.byte	0x37
 6026 18f5 00000000 		.4byte	.LFB432
 6027 18f9 0C000000 		.4byte	.LFE432-.LFB432
 6028 18fd 01       		.uleb128 0x1
 6029 18fe 9C       		.byte	0x9c
 6030 18ff 00       		.byte	0
 6031              		.section	.debug_abbrev,"",%progbits
 6032              	.Ldebug_abbrev0:
 6033 0000 01       		.uleb128 0x1
 6034 0001 0D       		.uleb128 0xd
ARM GAS  C:\Users\DEVELO~1\AppData\Local\Temp\ccZRP2cb.s 			page 107


 6035 0002 00       		.byte	0
 6036 0003 03       		.uleb128 0x3
 6037 0004 0E       		.uleb128 0xe
 6038 0005 3A       		.uleb128 0x3a
 6039 0006 0B       		.uleb128 0xb
 6040 0007 3B       		.uleb128 0x3b
 6041 0008 0B       		.uleb128 0xb
 6042 0009 39       		.uleb128 0x39
 6043 000a 0B       		.uleb128 0xb
 6044 000b 49       		.uleb128 0x49
 6045 000c 13       		.uleb128 0x13
 6046 000d 38       		.uleb128 0x38
 6047 000e 0B       		.uleb128 0xb
 6048 000f 00       		.byte	0
 6049 0010 00       		.byte	0
 6050 0011 02       		.uleb128 0x2
 6051 0012 2E       		.uleb128 0x2e
 6052 0013 00       		.byte	0
 6053 0014 03       		.uleb128 0x3
 6054 0015 0E       		.uleb128 0xe
 6055 0016 3A       		.uleb128 0x3a
 6056 0017 0B       		.uleb128 0xb
 6057 0018 3B       		.uleb128 0x3b
 6058 0019 0B       		.uleb128 0xb
 6059 001a 39       		.uleb128 0x39
 6060 001b 21       		.uleb128 0x21
 6061 001c 14       		.sleb128 20
 6062 001d 27       		.uleb128 0x27
 6063 001e 19       		.uleb128 0x19
 6064 001f 11       		.uleb128 0x11
 6065 0020 01       		.uleb128 0x1
 6066 0021 12       		.uleb128 0x12
 6067 0022 06       		.uleb128 0x6
 6068 0023 40       		.uleb128 0x40
 6069 0024 18       		.uleb128 0x18
 6070 0025 7A       		.uleb128 0x7a
 6071 0026 19       		.uleb128 0x19
 6072 0027 00       		.byte	0
 6073 0028 00       		.byte	0
 6074 0029 03       		.uleb128 0x3
 6075 002a 16       		.uleb128 0x16
 6076 002b 00       		.byte	0
 6077 002c 03       		.uleb128 0x3
 6078 002d 0E       		.uleb128 0xe
 6079 002e 3A       		.uleb128 0x3a
 6080 002f 0B       		.uleb128 0xb
 6081 0030 3B       		.uleb128 0x3b
 6082 0031 0B       		.uleb128 0xb
 6083 0032 39       		.uleb128 0x39
 6084 0033 0B       		.uleb128 0xb
 6085 0034 49       		.uleb128 0x49
 6086 0035 13       		.uleb128 0x13
 6087 0036 00       		.byte	0
 6088 0037 00       		.byte	0
 6089 0038 04       		.uleb128 0x4
 6090 0039 0D       		.uleb128 0xd
 6091 003a 00       		.byte	0
ARM GAS  C:\Users\DEVELO~1\AppData\Local\Temp\ccZRP2cb.s 			page 108


 6092 003b 03       		.uleb128 0x3
 6093 003c 0E       		.uleb128 0xe
 6094 003d 3A       		.uleb128 0x3a
 6095 003e 0B       		.uleb128 0xb
 6096 003f 3B       		.uleb128 0x3b
 6097 0040 05       		.uleb128 0x5
 6098 0041 39       		.uleb128 0x39
 6099 0042 0B       		.uleb128 0xb
 6100 0043 49       		.uleb128 0x49
 6101 0044 13       		.uleb128 0x13
 6102 0045 38       		.uleb128 0x38
 6103 0046 0B       		.uleb128 0xb
 6104 0047 00       		.byte	0
 6105 0048 00       		.byte	0
 6106 0049 05       		.uleb128 0x5
 6107 004a 05       		.uleb128 0x5
 6108 004b 00       		.byte	0
 6109 004c 49       		.uleb128 0x49
 6110 004d 13       		.uleb128 0x13
 6111 004e 00       		.byte	0
 6112 004f 00       		.byte	0
 6113 0050 06       		.uleb128 0x6
 6114 0051 0F       		.uleb128 0xf
 6115 0052 00       		.byte	0
 6116 0053 0B       		.uleb128 0xb
 6117 0054 21       		.uleb128 0x21
 6118 0055 04       		.sleb128 4
 6119 0056 49       		.uleb128 0x49
 6120 0057 13       		.uleb128 0x13
 6121 0058 00       		.byte	0
 6122 0059 00       		.byte	0
 6123 005a 07       		.uleb128 0x7
 6124 005b 0D       		.uleb128 0xd
 6125 005c 00       		.byte	0
 6126 005d 03       		.uleb128 0x3
 6127 005e 08       		.uleb128 0x8
 6128 005f 3A       		.uleb128 0x3a
 6129 0060 0B       		.uleb128 0xb
 6130 0061 3B       		.uleb128 0x3b
 6131 0062 05       		.uleb128 0x5
 6132 0063 39       		.uleb128 0x39
 6133 0064 0B       		.uleb128 0xb
 6134 0065 49       		.uleb128 0x49
 6135 0066 13       		.uleb128 0x13
 6136 0067 38       		.uleb128 0x38
 6137 0068 0B       		.uleb128 0xb
 6138 0069 00       		.byte	0
 6139 006a 00       		.byte	0
 6140 006b 08       		.uleb128 0x8
 6141 006c 13       		.uleb128 0x13
 6142 006d 01       		.byte	0x1
 6143 006e 03       		.uleb128 0x3
 6144 006f 0E       		.uleb128 0xe
 6145 0070 0B       		.uleb128 0xb
 6146 0071 0B       		.uleb128 0xb
 6147 0072 3A       		.uleb128 0x3a
 6148 0073 0B       		.uleb128 0xb
ARM GAS  C:\Users\DEVELO~1\AppData\Local\Temp\ccZRP2cb.s 			page 109


 6149 0074 3B       		.uleb128 0x3b
 6150 0075 0B       		.uleb128 0xb
 6151 0076 39       		.uleb128 0x39
 6152 0077 0B       		.uleb128 0xb
 6153 0078 01       		.uleb128 0x1
 6154 0079 13       		.uleb128 0x13
 6155 007a 00       		.byte	0
 6156 007b 00       		.byte	0
 6157 007c 09       		.uleb128 0x9
 6158 007d 0D       		.uleb128 0xd
 6159 007e 00       		.byte	0
 6160 007f 03       		.uleb128 0x3
 6161 0080 08       		.uleb128 0x8
 6162 0081 3A       		.uleb128 0x3a
 6163 0082 0B       		.uleb128 0xb
 6164 0083 3B       		.uleb128 0x3b
 6165 0084 0B       		.uleb128 0xb
 6166 0085 39       		.uleb128 0x39
 6167 0086 0B       		.uleb128 0xb
 6168 0087 49       		.uleb128 0x49
 6169 0088 13       		.uleb128 0x13
 6170 0089 38       		.uleb128 0x38
 6171 008a 0B       		.uleb128 0xb
 6172 008b 00       		.byte	0
 6173 008c 00       		.byte	0
 6174 008d 0A       		.uleb128 0xa
 6175 008e 28       		.uleb128 0x28
 6176 008f 00       		.byte	0
 6177 0090 03       		.uleb128 0x3
 6178 0091 0E       		.uleb128 0xe
 6179 0092 1C       		.uleb128 0x1c
 6180 0093 0B       		.uleb128 0xb
 6181 0094 00       		.byte	0
 6182 0095 00       		.byte	0
 6183 0096 0B       		.uleb128 0xb
 6184 0097 15       		.uleb128 0x15
 6185 0098 01       		.byte	0x1
 6186 0099 27       		.uleb128 0x27
 6187 009a 19       		.uleb128 0x19
 6188 009b 49       		.uleb128 0x49
 6189 009c 13       		.uleb128 0x13
 6190 009d 01       		.uleb128 0x1
 6191 009e 13       		.uleb128 0x13
 6192 009f 00       		.byte	0
 6193 00a0 00       		.byte	0
 6194 00a1 0C       		.uleb128 0xc
 6195 00a2 24       		.uleb128 0x24
 6196 00a3 00       		.byte	0
 6197 00a4 0B       		.uleb128 0xb
 6198 00a5 0B       		.uleb128 0xb
 6199 00a6 3E       		.uleb128 0x3e
 6200 00a7 0B       		.uleb128 0xb
 6201 00a8 03       		.uleb128 0x3
 6202 00a9 0E       		.uleb128 0xe
 6203 00aa 00       		.byte	0
 6204 00ab 00       		.byte	0
 6205 00ac 0D       		.uleb128 0xd
ARM GAS  C:\Users\DEVELO~1\AppData\Local\Temp\ccZRP2cb.s 			page 110


 6206 00ad 26       		.uleb128 0x26
 6207 00ae 00       		.byte	0
 6208 00af 49       		.uleb128 0x49
 6209 00b0 13       		.uleb128 0x13
 6210 00b1 00       		.byte	0
 6211 00b2 00       		.byte	0
 6212 00b3 0E       		.uleb128 0xe
 6213 00b4 13       		.uleb128 0x13
 6214 00b5 01       		.byte	0x1
 6215 00b6 0B       		.uleb128 0xb
 6216 00b7 0B       		.uleb128 0xb
 6217 00b8 3A       		.uleb128 0x3a
 6218 00b9 0B       		.uleb128 0xb
 6219 00ba 3B       		.uleb128 0x3b
 6220 00bb 0B       		.uleb128 0xb
 6221 00bc 39       		.uleb128 0x39
 6222 00bd 0B       		.uleb128 0xb
 6223 00be 01       		.uleb128 0x1
 6224 00bf 13       		.uleb128 0x13
 6225 00c0 00       		.byte	0
 6226 00c1 00       		.byte	0
 6227 00c2 0F       		.uleb128 0xf
 6228 00c3 2E       		.uleb128 0x2e
 6229 00c4 00       		.byte	0
 6230 00c5 03       		.uleb128 0x3
 6231 00c6 0E       		.uleb128 0xe
 6232 00c7 3A       		.uleb128 0x3a
 6233 00c8 0B       		.uleb128 0xb
 6234 00c9 3B       		.uleb128 0x3b
 6235 00ca 0B       		.uleb128 0xb
 6236 00cb 39       		.uleb128 0x39
 6237 00cc 21       		.uleb128 0x21
 6238 00cd 14       		.sleb128 20
 6239 00ce 27       		.uleb128 0x27
 6240 00cf 19       		.uleb128 0x19
 6241 00d0 11       		.uleb128 0x11
 6242 00d1 01       		.uleb128 0x1
 6243 00d2 12       		.uleb128 0x12
 6244 00d3 06       		.uleb128 0x6
 6245 00d4 40       		.uleb128 0x40
 6246 00d5 18       		.uleb128 0x18
 6247 00d6 7C       		.uleb128 0x7c
 6248 00d7 19       		.uleb128 0x19
 6249 00d8 00       		.byte	0
 6250 00d9 00       		.byte	0
 6251 00da 10       		.uleb128 0x10
 6252 00db 0D       		.uleb128 0xd
 6253 00dc 00       		.byte	0
 6254 00dd 03       		.uleb128 0x3
 6255 00de 0E       		.uleb128 0xe
 6256 00df 3A       		.uleb128 0x3a
 6257 00e0 0B       		.uleb128 0xb
 6258 00e1 3B       		.uleb128 0x3b
 6259 00e2 0B       		.uleb128 0xb
 6260 00e3 39       		.uleb128 0x39
 6261 00e4 0B       		.uleb128 0xb
 6262 00e5 49       		.uleb128 0x49
ARM GAS  C:\Users\DEVELO~1\AppData\Local\Temp\ccZRP2cb.s 			page 111


 6263 00e6 13       		.uleb128 0x13
 6264 00e7 00       		.byte	0
 6265 00e8 00       		.byte	0
 6266 00e9 11       		.uleb128 0x11
 6267 00ea 01       		.uleb128 0x1
 6268 00eb 01       		.byte	0x1
 6269 00ec 49       		.uleb128 0x49
 6270 00ed 13       		.uleb128 0x13
 6271 00ee 01       		.uleb128 0x1
 6272 00ef 13       		.uleb128 0x13
 6273 00f0 00       		.byte	0
 6274 00f1 00       		.byte	0
 6275 00f2 12       		.uleb128 0x12
 6276 00f3 21       		.uleb128 0x21
 6277 00f4 00       		.byte	0
 6278 00f5 49       		.uleb128 0x49
 6279 00f6 13       		.uleb128 0x13
 6280 00f7 2F       		.uleb128 0x2f
 6281 00f8 0B       		.uleb128 0xb
 6282 00f9 00       		.byte	0
 6283 00fa 00       		.byte	0
 6284 00fb 13       		.uleb128 0x13
 6285 00fc 0D       		.uleb128 0xd
 6286 00fd 00       		.byte	0
 6287 00fe 03       		.uleb128 0x3
 6288 00ff 0E       		.uleb128 0xe
 6289 0100 3A       		.uleb128 0x3a
 6290 0101 21       		.uleb128 0x21
 6291 0102 2F       		.sleb128 47
 6292 0103 3B       		.uleb128 0x3b
 6293 0104 05       		.uleb128 0x5
 6294 0105 39       		.uleb128 0x39
 6295 0106 0B       		.uleb128 0xb
 6296 0107 49       		.uleb128 0x49
 6297 0108 13       		.uleb128 0x13
 6298 0109 00       		.byte	0
 6299 010a 00       		.byte	0
 6300 010b 14       		.uleb128 0x14
 6301 010c 35       		.uleb128 0x35
 6302 010d 00       		.byte	0
 6303 010e 49       		.uleb128 0x49
 6304 010f 13       		.uleb128 0x13
 6305 0110 00       		.byte	0
 6306 0111 00       		.byte	0
 6307 0112 15       		.uleb128 0x15
 6308 0113 16       		.uleb128 0x16
 6309 0114 00       		.byte	0
 6310 0115 03       		.uleb128 0x3
 6311 0116 0E       		.uleb128 0xe
 6312 0117 3A       		.uleb128 0x3a
 6313 0118 0B       		.uleb128 0xb
 6314 0119 3B       		.uleb128 0x3b
 6315 011a 05       		.uleb128 0x5
 6316 011b 39       		.uleb128 0x39
 6317 011c 21       		.uleb128 0x21
 6318 011d 03       		.sleb128 3
 6319 011e 49       		.uleb128 0x49
ARM GAS  C:\Users\DEVELO~1\AppData\Local\Temp\ccZRP2cb.s 			page 112


 6320 011f 13       		.uleb128 0x13
 6321 0120 00       		.byte	0
 6322 0121 00       		.byte	0
 6323 0122 16       		.uleb128 0x16
 6324 0123 13       		.uleb128 0x13
 6325 0124 01       		.byte	0x1
 6326 0125 03       		.uleb128 0x3
 6327 0126 0E       		.uleb128 0xe
 6328 0127 0B       		.uleb128 0xb
 6329 0128 0B       		.uleb128 0xb
 6330 0129 3A       		.uleb128 0x3a
 6331 012a 0B       		.uleb128 0xb
 6332 012b 3B       		.uleb128 0x3b
 6333 012c 05       		.uleb128 0x5
 6334 012d 39       		.uleb128 0x39
 6335 012e 0B       		.uleb128 0xb
 6336 012f 01       		.uleb128 0x1
 6337 0130 13       		.uleb128 0x13
 6338 0131 00       		.byte	0
 6339 0132 00       		.byte	0
 6340 0133 17       		.uleb128 0x17
 6341 0134 2E       		.uleb128 0x2e
 6342 0135 01       		.byte	0x1
 6343 0136 3F       		.uleb128 0x3f
 6344 0137 19       		.uleb128 0x19
 6345 0138 03       		.uleb128 0x3
 6346 0139 0E       		.uleb128 0xe
 6347 013a 3A       		.uleb128 0x3a
 6348 013b 0B       		.uleb128 0xb
 6349 013c 3B       		.uleb128 0x3b
 6350 013d 0B       		.uleb128 0xb
 6351 013e 39       		.uleb128 0x39
 6352 013f 21       		.uleb128 0x21
 6353 0140 08       		.sleb128 8
 6354 0141 27       		.uleb128 0x27
 6355 0142 19       		.uleb128 0x19
 6356 0143 3C       		.uleb128 0x3c
 6357 0144 19       		.uleb128 0x19
 6358 0145 01       		.uleb128 0x1
 6359 0146 13       		.uleb128 0x13
 6360 0147 00       		.byte	0
 6361 0148 00       		.byte	0
 6362 0149 18       		.uleb128 0x18
 6363 014a 2E       		.uleb128 0x2e
 6364 014b 01       		.byte	0x1
 6365 014c 3F       		.uleb128 0x3f
 6366 014d 19       		.uleb128 0x19
 6367 014e 03       		.uleb128 0x3
 6368 014f 0E       		.uleb128 0xe
 6369 0150 3A       		.uleb128 0x3a
 6370 0151 0B       		.uleb128 0xb
 6371 0152 3B       		.uleb128 0x3b
 6372 0153 0B       		.uleb128 0xb
 6373 0154 39       		.uleb128 0x39
 6374 0155 21       		.uleb128 0x21
 6375 0156 01       		.sleb128 1
 6376 0157 27       		.uleb128 0x27
ARM GAS  C:\Users\DEVELO~1\AppData\Local\Temp\ccZRP2cb.s 			page 113


 6377 0158 19       		.uleb128 0x19
 6378 0159 11       		.uleb128 0x11
 6379 015a 01       		.uleb128 0x1
 6380 015b 12       		.uleb128 0x12
 6381 015c 06       		.uleb128 0x6
 6382 015d 40       		.uleb128 0x40
 6383 015e 18       		.uleb128 0x18
 6384 015f 7C       		.uleb128 0x7c
 6385 0160 19       		.uleb128 0x19
 6386 0161 01       		.uleb128 0x1
 6387 0162 13       		.uleb128 0x13
 6388 0163 00       		.byte	0
 6389 0164 00       		.byte	0
 6390 0165 19       		.uleb128 0x19
 6391 0166 34       		.uleb128 0x34
 6392 0167 00       		.byte	0
 6393 0168 03       		.uleb128 0x3
 6394 0169 0E       		.uleb128 0xe
 6395 016a 49       		.uleb128 0x49
 6396 016b 13       		.uleb128 0x13
 6397 016c 34       		.uleb128 0x34
 6398 016d 19       		.uleb128 0x19
 6399 016e 02       		.uleb128 0x2
 6400 016f 18       		.uleb128 0x18
 6401 0170 00       		.byte	0
 6402 0171 00       		.byte	0
 6403 0172 1A       		.uleb128 0x1a
 6404 0173 17       		.uleb128 0x17
 6405 0174 01       		.byte	0x1
 6406 0175 0B       		.uleb128 0xb
 6407 0176 0B       		.uleb128 0xb
 6408 0177 3A       		.uleb128 0x3a
 6409 0178 0B       		.uleb128 0xb
 6410 0179 3B       		.uleb128 0x3b
 6411 017a 0B       		.uleb128 0xb
 6412 017b 39       		.uleb128 0x39
 6413 017c 21       		.uleb128 0x21
 6414 017d 03       		.sleb128 3
 6415 017e 01       		.uleb128 0x1
 6416 017f 13       		.uleb128 0x13
 6417 0180 00       		.byte	0
 6418 0181 00       		.byte	0
 6419 0182 1B       		.uleb128 0x1b
 6420 0183 0D       		.uleb128 0xd
 6421 0184 00       		.byte	0
 6422 0185 03       		.uleb128 0x3
 6423 0186 08       		.uleb128 0x8
 6424 0187 3A       		.uleb128 0x3a
 6425 0188 21       		.uleb128 0x21
 6426 0189 34       		.sleb128 52
 6427 018a 3B       		.uleb128 0x3b
 6428 018b 0B       		.uleb128 0xb
 6429 018c 39       		.uleb128 0x39
 6430 018d 21       		.uleb128 0x21
 6431 018e 07       		.sleb128 7
 6432 018f 49       		.uleb128 0x49
 6433 0190 13       		.uleb128 0x13
ARM GAS  C:\Users\DEVELO~1\AppData\Local\Temp\ccZRP2cb.s 			page 114


 6434 0191 00       		.byte	0
 6435 0192 00       		.byte	0
 6436 0193 1C       		.uleb128 0x1c
 6437 0194 0D       		.uleb128 0xd
 6438 0195 00       		.byte	0
 6439 0196 03       		.uleb128 0x3
 6440 0197 0E       		.uleb128 0xe
 6441 0198 3A       		.uleb128 0x3a
 6442 0199 21       		.uleb128 0x21
 6443 019a 34       		.sleb128 52
 6444 019b 3B       		.uleb128 0x3b
 6445 019c 0B       		.uleb128 0xb
 6446 019d 39       		.uleb128 0x39
 6447 019e 21       		.uleb128 0x21
 6448 019f 19       		.sleb128 25
 6449 01a0 49       		.uleb128 0x49
 6450 01a1 13       		.uleb128 0x13
 6451 01a2 0D       		.uleb128 0xd
 6452 01a3 0B       		.uleb128 0xb
 6453 01a4 6B       		.uleb128 0x6b
 6454 01a5 0B       		.uleb128 0xb
 6455 01a6 00       		.byte	0
 6456 01a7 00       		.byte	0
 6457 01a8 1D       		.uleb128 0x1d
 6458 01a9 04       		.uleb128 0x4
 6459 01aa 01       		.byte	0x1
 6460 01ab 3E       		.uleb128 0x3e
 6461 01ac 21       		.uleb128 0x21
 6462 01ad 07       		.sleb128 7
 6463 01ae 0B       		.uleb128 0xb
 6464 01af 21       		.uleb128 0x21
 6465 01b0 01       		.sleb128 1
 6466 01b1 49       		.uleb128 0x49
 6467 01b2 13       		.uleb128 0x13
 6468 01b3 3A       		.uleb128 0x3a
 6469 01b4 0B       		.uleb128 0xb
 6470 01b5 3B       		.uleb128 0x3b
 6471 01b6 0B       		.uleb128 0xb
 6472 01b7 39       		.uleb128 0x39
 6473 01b8 21       		.uleb128 0x21
 6474 01b9 0E       		.sleb128 14
 6475 01ba 01       		.uleb128 0x1
 6476 01bb 13       		.uleb128 0x13
 6477 01bc 00       		.byte	0
 6478 01bd 00       		.byte	0
 6479 01be 1E       		.uleb128 0x1e
 6480 01bf 34       		.uleb128 0x34
 6481 01c0 00       		.byte	0
 6482 01c1 03       		.uleb128 0x3
 6483 01c2 08       		.uleb128 0x8
 6484 01c3 3A       		.uleb128 0x3a
 6485 01c4 21       		.uleb128 0x21
 6486 01c5 3D       		.sleb128 61
 6487 01c6 3B       		.uleb128 0x3b
 6488 01c7 05       		.uleb128 0x5
 6489 01c8 39       		.uleb128 0x39
 6490 01c9 21       		.uleb128 0x21
ARM GAS  C:\Users\DEVELO~1\AppData\Local\Temp\ccZRP2cb.s 			page 115


 6491 01ca 15       		.sleb128 21
 6492 01cb 49       		.uleb128 0x49
 6493 01cc 13       		.uleb128 0x13
 6494 01cd 3F       		.uleb128 0x3f
 6495 01ce 19       		.uleb128 0x19
 6496 01cf 3C       		.uleb128 0x3c
 6497 01d0 19       		.uleb128 0x19
 6498 01d1 00       		.byte	0
 6499 01d2 00       		.byte	0
 6500 01d3 1F       		.uleb128 0x1f
 6501 01d4 2E       		.uleb128 0x2e
 6502 01d5 00       		.byte	0
 6503 01d6 3F       		.uleb128 0x3f
 6504 01d7 19       		.uleb128 0x19
 6505 01d8 03       		.uleb128 0x3
 6506 01d9 0E       		.uleb128 0xe
 6507 01da 3A       		.uleb128 0x3a
 6508 01db 0B       		.uleb128 0xb
 6509 01dc 3B       		.uleb128 0x3b
 6510 01dd 05       		.uleb128 0x5
 6511 01de 39       		.uleb128 0x39
 6512 01df 21       		.uleb128 0x21
 6513 01e0 08       		.sleb128 8
 6514 01e1 27       		.uleb128 0x27
 6515 01e2 19       		.uleb128 0x19
 6516 01e3 3C       		.uleb128 0x3c
 6517 01e4 19       		.uleb128 0x19
 6518 01e5 00       		.byte	0
 6519 01e6 00       		.byte	0
 6520 01e7 20       		.uleb128 0x20
 6521 01e8 2E       		.uleb128 0x2e
 6522 01e9 01       		.byte	0x1
 6523 01ea 3F       		.uleb128 0x3f
 6524 01eb 19       		.uleb128 0x19
 6525 01ec 03       		.uleb128 0x3
 6526 01ed 0E       		.uleb128 0xe
 6527 01ee 3A       		.uleb128 0x3a
 6528 01ef 0B       		.uleb128 0xb
 6529 01f0 3B       		.uleb128 0x3b
 6530 01f1 05       		.uleb128 0x5
 6531 01f2 39       		.uleb128 0x39
 6532 01f3 21       		.uleb128 0x21
 6533 01f4 08       		.sleb128 8
 6534 01f5 27       		.uleb128 0x27
 6535 01f6 19       		.uleb128 0x19
 6536 01f7 3C       		.uleb128 0x3c
 6537 01f8 19       		.uleb128 0x19
 6538 01f9 01       		.uleb128 0x1
 6539 01fa 13       		.uleb128 0x13
 6540 01fb 00       		.byte	0
 6541 01fc 00       		.byte	0
 6542 01fd 21       		.uleb128 0x21
 6543 01fe 2E       		.uleb128 0x2e
 6544 01ff 00       		.byte	0
 6545 0200 3F       		.uleb128 0x3f
 6546 0201 19       		.uleb128 0x19
 6547 0202 03       		.uleb128 0x3
ARM GAS  C:\Users\DEVELO~1\AppData\Local\Temp\ccZRP2cb.s 			page 116


 6548 0203 0E       		.uleb128 0xe
 6549 0204 3A       		.uleb128 0x3a
 6550 0205 21       		.uleb128 0x21
 6551 0206 29       		.sleb128 41
 6552 0207 3B       		.uleb128 0x3b
 6553 0208 0B       		.uleb128 0xb
 6554 0209 39       		.uleb128 0x39
 6555 020a 21       		.uleb128 0x21
 6556 020b 06       		.sleb128 6
 6557 020c 27       		.uleb128 0x27
 6558 020d 19       		.uleb128 0x19
 6559 020e 11       		.uleb128 0x11
 6560 020f 01       		.uleb128 0x1
 6561 0210 12       		.uleb128 0x12
 6562 0211 06       		.uleb128 0x6
 6563 0212 40       		.uleb128 0x40
 6564 0213 18       		.uleb128 0x18
 6565 0214 7C       		.uleb128 0x7c
 6566 0215 19       		.uleb128 0x19
 6567 0216 00       		.byte	0
 6568 0217 00       		.byte	0
 6569 0218 22       		.uleb128 0x22
 6570 0219 11       		.uleb128 0x11
 6571 021a 01       		.byte	0x1
 6572 021b 25       		.uleb128 0x25
 6573 021c 0E       		.uleb128 0xe
 6574 021d 13       		.uleb128 0x13
 6575 021e 0B       		.uleb128 0xb
 6576 021f 03       		.uleb128 0x3
 6577 0220 0E       		.uleb128 0xe
 6578 0221 1B       		.uleb128 0x1b
 6579 0222 0E       		.uleb128 0xe
 6580 0223 55       		.uleb128 0x55
 6581 0224 17       		.uleb128 0x17
 6582 0225 11       		.uleb128 0x11
 6583 0226 01       		.uleb128 0x1
 6584 0227 10       		.uleb128 0x10
 6585 0228 17       		.uleb128 0x17
 6586 0229 00       		.byte	0
 6587 022a 00       		.byte	0
 6588 022b 23       		.uleb128 0x23
 6589 022c 24       		.uleb128 0x24
 6590 022d 00       		.byte	0
 6591 022e 0B       		.uleb128 0xb
 6592 022f 0B       		.uleb128 0xb
 6593 0230 3E       		.uleb128 0x3e
 6594 0231 0B       		.uleb128 0xb
 6595 0232 03       		.uleb128 0x3
 6596 0233 08       		.uleb128 0x8
 6597 0234 00       		.byte	0
 6598 0235 00       		.byte	0
 6599 0236 24       		.uleb128 0x24
 6600 0237 13       		.uleb128 0x13
 6601 0238 01       		.byte	0x1
 6602 0239 03       		.uleb128 0x3
 6603 023a 0E       		.uleb128 0xe
 6604 023b 0B       		.uleb128 0xb
ARM GAS  C:\Users\DEVELO~1\AppData\Local\Temp\ccZRP2cb.s 			page 117


 6605 023c 05       		.uleb128 0x5
 6606 023d 3A       		.uleb128 0x3a
 6607 023e 0B       		.uleb128 0xb
 6608 023f 3B       		.uleb128 0x3b
 6609 0240 05       		.uleb128 0x5
 6610 0241 39       		.uleb128 0x39
 6611 0242 0B       		.uleb128 0xb
 6612 0243 01       		.uleb128 0x1
 6613 0244 13       		.uleb128 0x13
 6614 0245 00       		.byte	0
 6615 0246 00       		.byte	0
 6616 0247 25       		.uleb128 0x25
 6617 0248 0F       		.uleb128 0xf
 6618 0249 00       		.byte	0
 6619 024a 0B       		.uleb128 0xb
 6620 024b 0B       		.uleb128 0xb
 6621 024c 00       		.byte	0
 6622 024d 00       		.byte	0
 6623 024e 26       		.uleb128 0x26
 6624 024f 13       		.uleb128 0x13
 6625 0250 01       		.byte	0x1
 6626 0251 0B       		.uleb128 0xb
 6627 0252 05       		.uleb128 0x5
 6628 0253 3A       		.uleb128 0x3a
 6629 0254 0B       		.uleb128 0xb
 6630 0255 3B       		.uleb128 0x3b
 6631 0256 0B       		.uleb128 0xb
 6632 0257 39       		.uleb128 0x39
 6633 0258 0B       		.uleb128 0xb
 6634 0259 01       		.uleb128 0x1
 6635 025a 13       		.uleb128 0x13
 6636 025b 00       		.byte	0
 6637 025c 00       		.byte	0
 6638 025d 27       		.uleb128 0x27
 6639 025e 13       		.uleb128 0x13
 6640 025f 01       		.byte	0x1
 6641 0260 0B       		.uleb128 0xb
 6642 0261 05       		.uleb128 0x5
 6643 0262 3A       		.uleb128 0x3a
 6644 0263 0B       		.uleb128 0xb
 6645 0264 3B       		.uleb128 0x3b
 6646 0265 05       		.uleb128 0x5
 6647 0266 39       		.uleb128 0x39
 6648 0267 0B       		.uleb128 0xb
 6649 0268 01       		.uleb128 0x1
 6650 0269 13       		.uleb128 0x13
 6651 026a 00       		.byte	0
 6652 026b 00       		.byte	0
 6653 026c 28       		.uleb128 0x28
 6654 026d 0D       		.uleb128 0xd
 6655 026e 00       		.byte	0
 6656 026f 03       		.uleb128 0x3
 6657 0270 0E       		.uleb128 0xe
 6658 0271 3A       		.uleb128 0x3a
 6659 0272 0B       		.uleb128 0xb
 6660 0273 3B       		.uleb128 0x3b
 6661 0274 05       		.uleb128 0x5
ARM GAS  C:\Users\DEVELO~1\AppData\Local\Temp\ccZRP2cb.s 			page 118


 6662 0275 39       		.uleb128 0x39
 6663 0276 0B       		.uleb128 0xb
 6664 0277 49       		.uleb128 0x49
 6665 0278 13       		.uleb128 0x13
 6666 0279 38       		.uleb128 0x38
 6667 027a 05       		.uleb128 0x5
 6668 027b 00       		.byte	0
 6669 027c 00       		.byte	0
 6670 027d 29       		.uleb128 0x29
 6671 027e 13       		.uleb128 0x13
 6672 027f 01       		.byte	0x1
 6673 0280 0B       		.uleb128 0xb
 6674 0281 0B       		.uleb128 0xb
 6675 0282 3A       		.uleb128 0x3a
 6676 0283 0B       		.uleb128 0xb
 6677 0284 3B       		.uleb128 0x3b
 6678 0285 05       		.uleb128 0x5
 6679 0286 39       		.uleb128 0x39
 6680 0287 0B       		.uleb128 0xb
 6681 0288 01       		.uleb128 0x1
 6682 0289 13       		.uleb128 0x13
 6683 028a 00       		.byte	0
 6684 028b 00       		.byte	0
 6685 028c 2A       		.uleb128 0x2a
 6686 028d 15       		.uleb128 0x15
 6687 028e 01       		.byte	0x1
 6688 028f 27       		.uleb128 0x27
 6689 0290 19       		.uleb128 0x19
 6690 0291 01       		.uleb128 0x1
 6691 0292 13       		.uleb128 0x13
 6692 0293 00       		.byte	0
 6693 0294 00       		.byte	0
 6694 0295 2B       		.uleb128 0x2b
 6695 0296 34       		.uleb128 0x34
 6696 0297 00       		.byte	0
 6697 0298 03       		.uleb128 0x3
 6698 0299 0E       		.uleb128 0xe
 6699 029a 3A       		.uleb128 0x3a
 6700 029b 0B       		.uleb128 0xb
 6701 029c 3B       		.uleb128 0x3b
 6702 029d 05       		.uleb128 0x5
 6703 029e 39       		.uleb128 0x39
 6704 029f 0B       		.uleb128 0xb
 6705 02a0 49       		.uleb128 0x49
 6706 02a1 13       		.uleb128 0x13
 6707 02a2 3F       		.uleb128 0x3f
 6708 02a3 19       		.uleb128 0x19
 6709 02a4 3C       		.uleb128 0x3c
 6710 02a5 19       		.uleb128 0x19
 6711 02a6 00       		.byte	0
 6712 02a7 00       		.byte	0
 6713 02a8 00       		.byte	0
 6714              		.section	.debug_aranges,"",%progbits
 6715 0000 C4020000 		.4byte	0x2c4
 6716 0004 0200     		.2byte	0x2
 6717 0006 00000000 		.4byte	.Ldebug_info0
 6718 000a 04       		.byte	0x4
ARM GAS  C:\Users\DEVELO~1\AppData\Local\Temp\ccZRP2cb.s 			page 119


 6719 000b 00       		.byte	0
 6720 000c 0000     		.2byte	0
 6721 000e 0000     		.2byte	0
 6722 0010 00000000 		.4byte	.LFB432
 6723 0014 0C000000 		.4byte	.LFE432-.LFB432
 6724 0018 00000000 		.4byte	.LFB433
 6725 001c 0C000000 		.4byte	.LFE433-.LFB433
 6726 0020 00000000 		.4byte	.LFB434
 6727 0024 0C000000 		.4byte	.LFE434-.LFB434
 6728 0028 00000000 		.4byte	.LFB435
 6729 002c 0C000000 		.4byte	.LFE435-.LFB435
 6730 0030 00000000 		.4byte	.LFB436
 6731 0034 0C000000 		.4byte	.LFE436-.LFB436
 6732 0038 00000000 		.4byte	.LFB437
 6733 003c 0C000000 		.4byte	.LFE437-.LFB437
 6734 0040 00000000 		.4byte	.LFB438
 6735 0044 0C000000 		.4byte	.LFE438-.LFB438
 6736 0048 00000000 		.4byte	.LFB439
 6737 004c 0C000000 		.4byte	.LFE439-.LFB439
 6738 0050 00000000 		.4byte	.LFB440
 6739 0054 0C000000 		.4byte	.LFE440-.LFB440
 6740 0058 00000000 		.4byte	.LFB441
 6741 005c 0C000000 		.4byte	.LFE441-.LFB441
 6742 0060 00000000 		.4byte	.LFB442
 6743 0064 0C000000 		.4byte	.LFE442-.LFB442
 6744 0068 00000000 		.4byte	.LFB443
 6745 006c 0C000000 		.4byte	.LFE443-.LFB443
 6746 0070 00000000 		.4byte	.LFB444
 6747 0074 0C000000 		.4byte	.LFE444-.LFB444
 6748 0078 00000000 		.4byte	.LFB445
 6749 007c 0C000000 		.4byte	.LFE445-.LFB445
 6750 0080 00000000 		.4byte	.LFB446
 6751 0084 0C000000 		.4byte	.LFE446-.LFB446
 6752 0088 00000000 		.4byte	.LFB447
 6753 008c 0C000000 		.4byte	.LFE447-.LFB447
 6754 0090 00000000 		.4byte	.LFB448
 6755 0094 0C000000 		.4byte	.LFE448-.LFB448
 6756 0098 00000000 		.4byte	.LFB449
 6757 009c 0C000000 		.4byte	.LFE449-.LFB449
 6758 00a0 00000000 		.4byte	.LFB450
 6759 00a4 0C000000 		.4byte	.LFE450-.LFB450
 6760 00a8 00000000 		.4byte	.LFB451
 6761 00ac 0C000000 		.4byte	.LFE451-.LFB451
 6762 00b0 00000000 		.4byte	.LFB452
 6763 00b4 0C000000 		.4byte	.LFE452-.LFB452
 6764 00b8 00000000 		.4byte	.LFB453
 6765 00bc 0C000000 		.4byte	.LFE453-.LFB453
 6766 00c0 00000000 		.4byte	.LFB454
 6767 00c4 0C000000 		.4byte	.LFE454-.LFB454
 6768 00c8 00000000 		.4byte	.LFB455
 6769 00cc 0C000000 		.4byte	.LFE455-.LFB455
 6770 00d0 00000000 		.4byte	.LFB456
 6771 00d4 0C000000 		.4byte	.LFE456-.LFB456
 6772 00d8 00000000 		.4byte	.LFB457
 6773 00dc 0C000000 		.4byte	.LFE457-.LFB457
 6774 00e0 00000000 		.4byte	.LFB458
 6775 00e4 0C000000 		.4byte	.LFE458-.LFB458
ARM GAS  C:\Users\DEVELO~1\AppData\Local\Temp\ccZRP2cb.s 			page 120


 6776 00e8 00000000 		.4byte	.LFB459
 6777 00ec 0C000000 		.4byte	.LFE459-.LFB459
 6778 00f0 00000000 		.4byte	.LFB460
 6779 00f4 0C000000 		.4byte	.LFE460-.LFB460
 6780 00f8 00000000 		.4byte	.LFB461
 6781 00fc 0C000000 		.4byte	.LFE461-.LFB461
 6782 0100 00000000 		.4byte	.LFB462
 6783 0104 0C000000 		.4byte	.LFE462-.LFB462
 6784 0108 00000000 		.4byte	.LFB463
 6785 010c 0C000000 		.4byte	.LFE463-.LFB463
 6786 0110 00000000 		.4byte	.LFB464
 6787 0114 10000000 		.4byte	.LFE464-.LFB464
 6788 0118 00000000 		.4byte	.LFB465
 6789 011c 0E000000 		.4byte	.LFE465-.LFB465
 6790 0120 00000000 		.4byte	.LFB466
 6791 0124 28000000 		.4byte	.LFE466-.LFB466
 6792 0128 00000000 		.4byte	.LFB467
 6793 012c 0C000000 		.4byte	.LFE467-.LFB467
 6794 0130 00000000 		.4byte	.LFB468
 6795 0134 0C000000 		.4byte	.LFE468-.LFB468
 6796 0138 00000000 		.4byte	.LFB469
 6797 013c 10000000 		.4byte	.LFE469-.LFB469
 6798 0140 00000000 		.4byte	.LFB470
 6799 0144 0E000000 		.4byte	.LFE470-.LFB470
 6800 0148 00000000 		.4byte	.LFB471
 6801 014c 28000000 		.4byte	.LFE471-.LFB471
 6802 0150 00000000 		.4byte	.LFB472
 6803 0154 0C000000 		.4byte	.LFE472-.LFB472
 6804 0158 00000000 		.4byte	.LFB473
 6805 015c 0C000000 		.4byte	.LFE473-.LFB473
 6806 0160 00000000 		.4byte	.LFB474
 6807 0164 0C000000 		.4byte	.LFE474-.LFB474
 6808 0168 00000000 		.4byte	.LFB475
 6809 016c 0C000000 		.4byte	.LFE475-.LFB475
 6810 0170 00000000 		.4byte	.LFB476
 6811 0174 0C000000 		.4byte	.LFE476-.LFB476
 6812 0178 00000000 		.4byte	.LFB477
 6813 017c 0C000000 		.4byte	.LFE477-.LFB477
 6814 0180 00000000 		.4byte	.LFB478
 6815 0184 10000000 		.4byte	.LFE478-.LFB478
 6816 0188 00000000 		.4byte	.LFB479
 6817 018c 0E000000 		.4byte	.LFE479-.LFB479
 6818 0190 00000000 		.4byte	.LFB480
 6819 0194 28000000 		.4byte	.LFE480-.LFB480
 6820 0198 00000000 		.4byte	.LFB481
 6821 019c 0C000000 		.4byte	.LFE481-.LFB481
 6822 01a0 00000000 		.4byte	.LFB482
 6823 01a4 0C000000 		.4byte	.LFE482-.LFB482
 6824 01a8 00000000 		.4byte	.LFB483
 6825 01ac 0C000000 		.4byte	.LFE483-.LFB483
 6826 01b0 00000000 		.4byte	.LFB484
 6827 01b4 0C000000 		.4byte	.LFE484-.LFB484
 6828 01b8 00000000 		.4byte	.LFB485
 6829 01bc 0C000000 		.4byte	.LFE485-.LFB485
 6830 01c0 00000000 		.4byte	.LFB486
 6831 01c4 0C000000 		.4byte	.LFE486-.LFB486
 6832 01c8 00000000 		.4byte	.LFB487
ARM GAS  C:\Users\DEVELO~1\AppData\Local\Temp\ccZRP2cb.s 			page 121


 6833 01cc 0C000000 		.4byte	.LFE487-.LFB487
 6834 01d0 00000000 		.4byte	.LFB488
 6835 01d4 0C000000 		.4byte	.LFE488-.LFB488
 6836 01d8 00000000 		.4byte	.LFB489
 6837 01dc 0C000000 		.4byte	.LFE489-.LFB489
 6838 01e0 00000000 		.4byte	.LFB490
 6839 01e4 0C000000 		.4byte	.LFE490-.LFB490
 6840 01e8 00000000 		.4byte	.LFB491
 6841 01ec 0C000000 		.4byte	.LFE491-.LFB491
 6842 01f0 00000000 		.4byte	.LFB492
 6843 01f4 0C000000 		.4byte	.LFE492-.LFB492
 6844 01f8 00000000 		.4byte	.LFB493
 6845 01fc 0C000000 		.4byte	.LFE493-.LFB493
 6846 0200 00000000 		.4byte	.LFB494
 6847 0204 0C000000 		.4byte	.LFE494-.LFB494
 6848 0208 00000000 		.4byte	.LFB495
 6849 020c 10000000 		.4byte	.LFE495-.LFB495
 6850 0210 00000000 		.4byte	.LFB496
 6851 0214 0E000000 		.4byte	.LFE496-.LFB496
 6852 0218 00000000 		.4byte	.LFB497
 6853 021c 20000000 		.4byte	.LFE497-.LFB497
 6854 0220 00000000 		.4byte	.LFB498
 6855 0224 0C000000 		.4byte	.LFE498-.LFB498
 6856 0228 00000000 		.4byte	.LFB499
 6857 022c 0C000000 		.4byte	.LFE499-.LFB499
 6858 0230 00000000 		.4byte	.LFB500
 6859 0234 0C000000 		.4byte	.LFE500-.LFB500
 6860 0238 00000000 		.4byte	.LFB501
 6861 023c 0C000000 		.4byte	.LFE501-.LFB501
 6862 0240 00000000 		.4byte	.LFB502
 6863 0244 0C000000 		.4byte	.LFE502-.LFB502
 6864 0248 00000000 		.4byte	.LFB503
 6865 024c 0C000000 		.4byte	.LFE503-.LFB503
 6866 0250 00000000 		.4byte	.LFB504
 6867 0254 0C000000 		.4byte	.LFE504-.LFB504
 6868 0258 00000000 		.4byte	.LFB505
 6869 025c 0C000000 		.4byte	.LFE505-.LFB505
 6870 0260 00000000 		.4byte	.LFB506
 6871 0264 0C000000 		.4byte	.LFE506-.LFB506
 6872 0268 00000000 		.4byte	.LFB507
 6873 026c 0C000000 		.4byte	.LFE507-.LFB507
 6874 0270 00000000 		.4byte	.LFB508
 6875 0274 0C000000 		.4byte	.LFE508-.LFB508
 6876 0278 00000000 		.4byte	.LFB509
 6877 027c 0C000000 		.4byte	.LFE509-.LFB509
 6878 0280 00000000 		.4byte	.LFB510
 6879 0284 0C000000 		.4byte	.LFE510-.LFB510
 6880 0288 00000000 		.4byte	.LFB511
 6881 028c 0C000000 		.4byte	.LFE511-.LFB511
 6882 0290 00000000 		.4byte	.LFB512
 6883 0294 0C000000 		.4byte	.LFE512-.LFB512
 6884 0298 00000000 		.4byte	.LFB513
 6885 029c 0C000000 		.4byte	.LFE513-.LFB513
 6886 02a0 00000000 		.4byte	.LFB514
 6887 02a4 0C000000 		.4byte	.LFE514-.LFB514
 6888 02a8 00000000 		.4byte	.LFB515
 6889 02ac 0C000000 		.4byte	.LFE515-.LFB515
ARM GAS  C:\Users\DEVELO~1\AppData\Local\Temp\ccZRP2cb.s 			page 122


 6890 02b0 00000000 		.4byte	.LFB516
 6891 02b4 B0000000 		.4byte	.LFE516-.LFB516
 6892 02b8 00000000 		.4byte	.LFB517
 6893 02bc AE000000 		.4byte	.LFE517-.LFB517
 6894 02c0 00000000 		.4byte	0
 6895 02c4 00000000 		.4byte	0
 6896              		.section	.debug_rnglists,"",%progbits
 6897              	.Ldebug_ranges0:
 6898 0000 0F020000 		.4byte	.Ldebug_ranges3-.Ldebug_ranges2
 6899              	.Ldebug_ranges2:
 6900 0004 0500     		.2byte	0x5
 6901 0006 04       		.byte	0x4
 6902 0007 00       		.byte	0
 6903 0008 00000000 		.4byte	0
 6904              	.LLRL0:
 6905 000c 07       		.byte	0x7
 6906 000d 00000000 		.4byte	.LFB432
 6907 0011 0C       		.uleb128 .LFE432-.LFB432
 6908 0012 07       		.byte	0x7
 6909 0013 00000000 		.4byte	.LFB433
 6910 0017 0C       		.uleb128 .LFE433-.LFB433
 6911 0018 07       		.byte	0x7
 6912 0019 00000000 		.4byte	.LFB434
 6913 001d 0C       		.uleb128 .LFE434-.LFB434
 6914 001e 07       		.byte	0x7
 6915 001f 00000000 		.4byte	.LFB435
 6916 0023 0C       		.uleb128 .LFE435-.LFB435
 6917 0024 07       		.byte	0x7
 6918 0025 00000000 		.4byte	.LFB436
 6919 0029 0C       		.uleb128 .LFE436-.LFB436
 6920 002a 07       		.byte	0x7
 6921 002b 00000000 		.4byte	.LFB437
 6922 002f 0C       		.uleb128 .LFE437-.LFB437
 6923 0030 07       		.byte	0x7
 6924 0031 00000000 		.4byte	.LFB438
 6925 0035 0C       		.uleb128 .LFE438-.LFB438
 6926 0036 07       		.byte	0x7
 6927 0037 00000000 		.4byte	.LFB439
 6928 003b 0C       		.uleb128 .LFE439-.LFB439
 6929 003c 07       		.byte	0x7
 6930 003d 00000000 		.4byte	.LFB440
 6931 0041 0C       		.uleb128 .LFE440-.LFB440
 6932 0042 07       		.byte	0x7
 6933 0043 00000000 		.4byte	.LFB441
 6934 0047 0C       		.uleb128 .LFE441-.LFB441
 6935 0048 07       		.byte	0x7
 6936 0049 00000000 		.4byte	.LFB442
 6937 004d 0C       		.uleb128 .LFE442-.LFB442
 6938 004e 07       		.byte	0x7
 6939 004f 00000000 		.4byte	.LFB443
 6940 0053 0C       		.uleb128 .LFE443-.LFB443
 6941 0054 07       		.byte	0x7
 6942 0055 00000000 		.4byte	.LFB444
 6943 0059 0C       		.uleb128 .LFE444-.LFB444
 6944 005a 07       		.byte	0x7
 6945 005b 00000000 		.4byte	.LFB445
 6946 005f 0C       		.uleb128 .LFE445-.LFB445
ARM GAS  C:\Users\DEVELO~1\AppData\Local\Temp\ccZRP2cb.s 			page 123


 6947 0060 07       		.byte	0x7
 6948 0061 00000000 		.4byte	.LFB446
 6949 0065 0C       		.uleb128 .LFE446-.LFB446
 6950 0066 07       		.byte	0x7
 6951 0067 00000000 		.4byte	.LFB447
 6952 006b 0C       		.uleb128 .LFE447-.LFB447
 6953 006c 07       		.byte	0x7
 6954 006d 00000000 		.4byte	.LFB448
 6955 0071 0C       		.uleb128 .LFE448-.LFB448
 6956 0072 07       		.byte	0x7
 6957 0073 00000000 		.4byte	.LFB449
 6958 0077 0C       		.uleb128 .LFE449-.LFB449
 6959 0078 07       		.byte	0x7
 6960 0079 00000000 		.4byte	.LFB450
 6961 007d 0C       		.uleb128 .LFE450-.LFB450
 6962 007e 07       		.byte	0x7
 6963 007f 00000000 		.4byte	.LFB451
 6964 0083 0C       		.uleb128 .LFE451-.LFB451
 6965 0084 07       		.byte	0x7
 6966 0085 00000000 		.4byte	.LFB452
 6967 0089 0C       		.uleb128 .LFE452-.LFB452
 6968 008a 07       		.byte	0x7
 6969 008b 00000000 		.4byte	.LFB453
 6970 008f 0C       		.uleb128 .LFE453-.LFB453
 6971 0090 07       		.byte	0x7
 6972 0091 00000000 		.4byte	.LFB454
 6973 0095 0C       		.uleb128 .LFE454-.LFB454
 6974 0096 07       		.byte	0x7
 6975 0097 00000000 		.4byte	.LFB455
 6976 009b 0C       		.uleb128 .LFE455-.LFB455
 6977 009c 07       		.byte	0x7
 6978 009d 00000000 		.4byte	.LFB456
 6979 00a1 0C       		.uleb128 .LFE456-.LFB456
 6980 00a2 07       		.byte	0x7
 6981 00a3 00000000 		.4byte	.LFB457
 6982 00a7 0C       		.uleb128 .LFE457-.LFB457
 6983 00a8 07       		.byte	0x7
 6984 00a9 00000000 		.4byte	.LFB458
 6985 00ad 0C       		.uleb128 .LFE458-.LFB458
 6986 00ae 07       		.byte	0x7
 6987 00af 00000000 		.4byte	.LFB459
 6988 00b3 0C       		.uleb128 .LFE459-.LFB459
 6989 00b4 07       		.byte	0x7
 6990 00b5 00000000 		.4byte	.LFB460
 6991 00b9 0C       		.uleb128 .LFE460-.LFB460
 6992 00ba 07       		.byte	0x7
 6993 00bb 00000000 		.4byte	.LFB461
 6994 00bf 0C       		.uleb128 .LFE461-.LFB461
 6995 00c0 07       		.byte	0x7
 6996 00c1 00000000 		.4byte	.LFB462
 6997 00c5 0C       		.uleb128 .LFE462-.LFB462
 6998 00c6 07       		.byte	0x7
 6999 00c7 00000000 		.4byte	.LFB463
 7000 00cb 0C       		.uleb128 .LFE463-.LFB463
 7001 00cc 07       		.byte	0x7
 7002 00cd 00000000 		.4byte	.LFB464
 7003 00d1 10       		.uleb128 .LFE464-.LFB464
ARM GAS  C:\Users\DEVELO~1\AppData\Local\Temp\ccZRP2cb.s 			page 124


 7004 00d2 07       		.byte	0x7
 7005 00d3 00000000 		.4byte	.LFB465
 7006 00d7 0E       		.uleb128 .LFE465-.LFB465
 7007 00d8 07       		.byte	0x7
 7008 00d9 00000000 		.4byte	.LFB466
 7009 00dd 28       		.uleb128 .LFE466-.LFB466
 7010 00de 07       		.byte	0x7
 7011 00df 00000000 		.4byte	.LFB467
 7012 00e3 0C       		.uleb128 .LFE467-.LFB467
 7013 00e4 07       		.byte	0x7
 7014 00e5 00000000 		.4byte	.LFB468
 7015 00e9 0C       		.uleb128 .LFE468-.LFB468
 7016 00ea 07       		.byte	0x7
 7017 00eb 00000000 		.4byte	.LFB469
 7018 00ef 10       		.uleb128 .LFE469-.LFB469
 7019 00f0 07       		.byte	0x7
 7020 00f1 00000000 		.4byte	.LFB470
 7021 00f5 0E       		.uleb128 .LFE470-.LFB470
 7022 00f6 07       		.byte	0x7
 7023 00f7 00000000 		.4byte	.LFB471
 7024 00fb 28       		.uleb128 .LFE471-.LFB471
 7025 00fc 07       		.byte	0x7
 7026 00fd 00000000 		.4byte	.LFB472
 7027 0101 0C       		.uleb128 .LFE472-.LFB472
 7028 0102 07       		.byte	0x7
 7029 0103 00000000 		.4byte	.LFB473
 7030 0107 0C       		.uleb128 .LFE473-.LFB473
 7031 0108 07       		.byte	0x7
 7032 0109 00000000 		.4byte	.LFB474
 7033 010d 0C       		.uleb128 .LFE474-.LFB474
 7034 010e 07       		.byte	0x7
 7035 010f 00000000 		.4byte	.LFB475
 7036 0113 0C       		.uleb128 .LFE475-.LFB475
 7037 0114 07       		.byte	0x7
 7038 0115 00000000 		.4byte	.LFB476
 7039 0119 0C       		.uleb128 .LFE476-.LFB476
 7040 011a 07       		.byte	0x7
 7041 011b 00000000 		.4byte	.LFB477
 7042 011f 0C       		.uleb128 .LFE477-.LFB477
 7043 0120 07       		.byte	0x7
 7044 0121 00000000 		.4byte	.LFB478
 7045 0125 10       		.uleb128 .LFE478-.LFB478
 7046 0126 07       		.byte	0x7
 7047 0127 00000000 		.4byte	.LFB479
 7048 012b 0E       		.uleb128 .LFE479-.LFB479
 7049 012c 07       		.byte	0x7
 7050 012d 00000000 		.4byte	.LFB480
 7051 0131 28       		.uleb128 .LFE480-.LFB480
 7052 0132 07       		.byte	0x7
 7053 0133 00000000 		.4byte	.LFB481
 7054 0137 0C       		.uleb128 .LFE481-.LFB481
 7055 0138 07       		.byte	0x7
 7056 0139 00000000 		.4byte	.LFB482
 7057 013d 0C       		.uleb128 .LFE482-.LFB482
 7058 013e 07       		.byte	0x7
 7059 013f 00000000 		.4byte	.LFB483
 7060 0143 0C       		.uleb128 .LFE483-.LFB483
ARM GAS  C:\Users\DEVELO~1\AppData\Local\Temp\ccZRP2cb.s 			page 125


 7061 0144 07       		.byte	0x7
 7062 0145 00000000 		.4byte	.LFB484
 7063 0149 0C       		.uleb128 .LFE484-.LFB484
 7064 014a 07       		.byte	0x7
 7065 014b 00000000 		.4byte	.LFB485
 7066 014f 0C       		.uleb128 .LFE485-.LFB485
 7067 0150 07       		.byte	0x7
 7068 0151 00000000 		.4byte	.LFB486
 7069 0155 0C       		.uleb128 .LFE486-.LFB486
 7070 0156 07       		.byte	0x7
 7071 0157 00000000 		.4byte	.LFB487
 7072 015b 0C       		.uleb128 .LFE487-.LFB487
 7073 015c 07       		.byte	0x7
 7074 015d 00000000 		.4byte	.LFB488
 7075 0161 0C       		.uleb128 .LFE488-.LFB488
 7076 0162 07       		.byte	0x7
 7077 0163 00000000 		.4byte	.LFB489
 7078 0167 0C       		.uleb128 .LFE489-.LFB489
 7079 0168 07       		.byte	0x7
 7080 0169 00000000 		.4byte	.LFB490
 7081 016d 0C       		.uleb128 .LFE490-.LFB490
 7082 016e 07       		.byte	0x7
 7083 016f 00000000 		.4byte	.LFB491
 7084 0173 0C       		.uleb128 .LFE491-.LFB491
 7085 0174 07       		.byte	0x7
 7086 0175 00000000 		.4byte	.LFB492
 7087 0179 0C       		.uleb128 .LFE492-.LFB492
 7088 017a 07       		.byte	0x7
 7089 017b 00000000 		.4byte	.LFB493
 7090 017f 0C       		.uleb128 .LFE493-.LFB493
 7091 0180 07       		.byte	0x7
 7092 0181 00000000 		.4byte	.LFB494
 7093 0185 0C       		.uleb128 .LFE494-.LFB494
 7094 0186 07       		.byte	0x7
 7095 0187 00000000 		.4byte	.LFB495
 7096 018b 10       		.uleb128 .LFE495-.LFB495
 7097 018c 07       		.byte	0x7
 7098 018d 00000000 		.4byte	.LFB496
 7099 0191 0E       		.uleb128 .LFE496-.LFB496
 7100 0192 07       		.byte	0x7
 7101 0193 00000000 		.4byte	.LFB497
 7102 0197 20       		.uleb128 .LFE497-.LFB497
 7103 0198 07       		.byte	0x7
 7104 0199 00000000 		.4byte	.LFB498
 7105 019d 0C       		.uleb128 .LFE498-.LFB498
 7106 019e 07       		.byte	0x7
 7107 019f 00000000 		.4byte	.LFB499
 7108 01a3 0C       		.uleb128 .LFE499-.LFB499
 7109 01a4 07       		.byte	0x7
 7110 01a5 00000000 		.4byte	.LFB500
 7111 01a9 0C       		.uleb128 .LFE500-.LFB500
 7112 01aa 07       		.byte	0x7
 7113 01ab 00000000 		.4byte	.LFB501
 7114 01af 0C       		.uleb128 .LFE501-.LFB501
 7115 01b0 07       		.byte	0x7
 7116 01b1 00000000 		.4byte	.LFB502
 7117 01b5 0C       		.uleb128 .LFE502-.LFB502
ARM GAS  C:\Users\DEVELO~1\AppData\Local\Temp\ccZRP2cb.s 			page 126


 7118 01b6 07       		.byte	0x7
 7119 01b7 00000000 		.4byte	.LFB503
 7120 01bb 0C       		.uleb128 .LFE503-.LFB503
 7121 01bc 07       		.byte	0x7
 7122 01bd 00000000 		.4byte	.LFB504
 7123 01c1 0C       		.uleb128 .LFE504-.LFB504
 7124 01c2 07       		.byte	0x7
 7125 01c3 00000000 		.4byte	.LFB505
 7126 01c7 0C       		.uleb128 .LFE505-.LFB505
 7127 01c8 07       		.byte	0x7
 7128 01c9 00000000 		.4byte	.LFB506
 7129 01cd 0C       		.uleb128 .LFE506-.LFB506
 7130 01ce 07       		.byte	0x7
 7131 01cf 00000000 		.4byte	.LFB507
 7132 01d3 0C       		.uleb128 .LFE507-.LFB507
 7133 01d4 07       		.byte	0x7
 7134 01d5 00000000 		.4byte	.LFB508
 7135 01d9 0C       		.uleb128 .LFE508-.LFB508
 7136 01da 07       		.byte	0x7
 7137 01db 00000000 		.4byte	.LFB509
 7138 01df 0C       		.uleb128 .LFE509-.LFB509
 7139 01e0 07       		.byte	0x7
 7140 01e1 00000000 		.4byte	.LFB510
 7141 01e5 0C       		.uleb128 .LFE510-.LFB510
 7142 01e6 07       		.byte	0x7
 7143 01e7 00000000 		.4byte	.LFB511
 7144 01eb 0C       		.uleb128 .LFE511-.LFB511
 7145 01ec 07       		.byte	0x7
 7146 01ed 00000000 		.4byte	.LFB512
 7147 01f1 0C       		.uleb128 .LFE512-.LFB512
 7148 01f2 07       		.byte	0x7
 7149 01f3 00000000 		.4byte	.LFB513
 7150 01f7 0C       		.uleb128 .LFE513-.LFB513
 7151 01f8 07       		.byte	0x7
 7152 01f9 00000000 		.4byte	.LFB514
 7153 01fd 0C       		.uleb128 .LFE514-.LFB514
 7154 01fe 07       		.byte	0x7
 7155 01ff 00000000 		.4byte	.LFB515
 7156 0203 0C       		.uleb128 .LFE515-.LFB515
 7157 0204 07       		.byte	0x7
 7158 0205 00000000 		.4byte	.LFB516
 7159 0209 B001     		.uleb128 .LFE516-.LFB516
 7160 020b 07       		.byte	0x7
 7161 020c 00000000 		.4byte	.LFB517
 7162 0210 AE01     		.uleb128 .LFE517-.LFB517
 7163 0212 00       		.byte	0
 7164              	.Ldebug_ranges3:
 7165              		.section	.debug_line,"",%progbits
 7166              	.Ldebug_line0:
 7167 0000 DA0F0000 		.section	.debug_str,"MS",%progbits,1
 7167      0300B507 
 7167      00000201 
 7167      FB0E0D00 
 7167      01010101 
 7168              	.LASF304:
 7169 0000 65787469 		.ascii	"exti19_irq_deinit\000"
 7169      31395F69 
ARM GAS  C:\Users\DEVELO~1\AppData\Local\Temp\ccZRP2cb.s 			page 127


 7169      72715F64 
 7169      65696E69 
 7169      7400
 7170              	.LASF11:
 7171 0012 6C6F6E67 		.ascii	"long int\000"
 7171      20696E74 
 7171      00
 7172              	.LASF190:
 7173 001b 53657269 		.ascii	"SerialDriver\000"
 7173      616C4472 
 7173      69766572 
 7173      00
 7174              	.LASF310:
 7175 0028 65787469 		.ascii	"exti16_irq_deinit\000"
 7175      31365F69 
 7175      72715F64 
 7175      65696E69 
 7175      7400
 7176              	.LASF168:
 7177 003a 424C4B5F 		.ascii	"BLK_SYNCING\000"
 7177      53594E43 
 7177      494E4700 
 7178              	.LASF35:
 7179 0046 6E616D65 		.ascii	"name\000"
 7179      00
 7180              	.LASF260:
 7181 004b 74696D32 		.ascii	"tim2_irq_init\000"
 7181      5F697271 
 7181      5F696E69 
 7181      7400
 7182              	.LASF128:
 7183 0059 74687265 		.ascii	"thread_reference_t\000"
 7183      61645F72 
 7183      65666572 
 7183      656E6365 
 7183      5F7400
 7184              	.LASF211:
 7185 006c 73646366 		.ascii	"sdcflags_t\000"
 7185      6C616773 
 7185      5F7400
 7186              	.LASF125:
 7187 0077 63685F72 		.ascii	"ch_registry\000"
 7187      65676973 
 7187      74727900 
 7188              	.LASF213:
 7189 0083 63617061 		.ascii	"capacity\000"
 7189      63697479 
 7189      00
 7190              	.LASF58:
 7191 008c 63685F72 		.ascii	"ch_rfcu\000"
 7191      66637500 
 7192              	.LASF154:
 7193 0094 6C697374 		.ascii	"listener\000"
 7193      656E6572 
 7193      00
 7194              	.LASF157:
 7195 009d 6576656E 		.ascii	"event_source\000"
ARM GAS  C:\Users\DEVELO~1\AppData\Local\Temp\ccZRP2cb.s 			page 128


 7195      745F736F 
 7195      75726365 
 7195      00
 7196              	.LASF38:
 7197 00aa 666C6167 		.ascii	"flags\000"
 7197      7300
 7198              	.LASF65:
 7199 00b0 73797374 		.ascii	"systime_t\000"
 7199      696D655F 
 7199      7400
 7200              	.LASF233:
 7201 00ba 73645F6C 		.ascii	"sd_lld_serve_interrupt\000"
 7201      6C645F73 
 7201      65727665 
 7201      5F696E74 
 7201      65727275 
 7202              	.LASF44:
 7203 00d1 7265616C 		.ascii	"realprio\000"
 7203      7072696F 
 7203      00
 7204              	.LASF89:
 7205 00da 62756666 		.ascii	"buffer\000"
 7205      657200
 7206              	.LASF87:
 7207 00e1 73757370 		.ascii	"suspended\000"
 7207      656E6465 
 7207      6400
 7208              	.LASF315:
 7209 00eb 65787469 		.ascii	"exti5_9_irq_init\000"
 7209      355F395F 
 7209      6972715F 
 7209      696E6974 
 7209      00
 7210              	.LASF261:
 7211 00fc 74696D31 		.ascii	"tim1_irq_deinit\000"
 7211      5F697271 
 7211      5F646569 
 7211      6E697400 
 7212              	.LASF162:
 7213 010c 424C4B5F 		.ascii	"BLK_ACTIVE\000"
 7213      41435449 
 7213      564500
 7214              	.LASF191:
 7215 0117 68616C5F 		.ascii	"hal_serial_driver\000"
 7215      73657269 
 7215      616C5F64 
 7215      72697665 
 7215      7200
 7216              	.LASF173:
 7217 0129 696F5F71 		.ascii	"io_queue_t\000"
 7217      75657565 
 7217      5F7400
 7218              	.LASF227:
 7219 0134 64697363 		.ascii	"disconnect\000"
 7219      6F6E6E65 
 7219      637400
 7220              	.LASF42:
ARM GAS  C:\Users\DEVELO~1\AppData\Local\Temp\ccZRP2cb.s 			page 129


 7221 013f 6570656E 		.ascii	"epending\000"
 7221      64696E67 
 7221      00
 7222              	.LASF0:
 7223 0148 756E7369 		.ascii	"unsigned int\000"
 7223      676E6564 
 7223      20696E74 
 7223      00
 7224              	.LASF69:
 7225 0155 6E657874 		.ascii	"next\000"
 7225      00
 7226              	.LASF298:
 7227 015a 66646361 		.ascii	"fdcan2_irq_deinit\000"
 7227      6E325F69 
 7227      72715F64 
 7227      65696E69 
 7227      7400
 7228              	.LASF19:
 7229 016c 75696E74 		.ascii	"uint32_t\000"
 7229      33325F74 
 7229      00
 7230              	.LASF246:
 7231 0175 74696D31 		.ascii	"tim15_irq_init\000"
 7231      355F6972 
 7231      715F696E 
 7231      697400
 7232              	.LASF170:
 7233 0184 626C6B5F 		.ascii	"blk_size\000"
 7233      73697A65 
 7233      00
 7234              	.LASF294:
 7235 018d 71756164 		.ascii	"quadspi1_irq_deinit\000"
 7235      73706931 
 7235      5F697271 
 7235      5F646569 
 7235      6E697400 
 7236              	.LASF180:
 7237 01a1 715F7264 		.ascii	"q_rdptr\000"
 7237      70747200 
 7238              	.LASF10:
 7239 01a9 5F5F696E 		.ascii	"__int32_t\000"
 7239      7433325F 
 7239      7400
 7240              	.LASF39:
 7241 01b3 72656673 		.ascii	"refs\000"
 7241      00
 7242              	.LASF183:
 7243 01b8 716E6F74 		.ascii	"qnotify_t\000"
 7243      6966795F 
 7243      7400
 7244              	.LASF155:
 7245 01c2 6576656E 		.ascii	"events\000"
 7245      747300
 7246              	.LASF288:
 7247 01c9 75736172 		.ascii	"usart1_irq_init\000"
 7247      74315F69 
 7247      72715F69 
ARM GAS  C:\Users\DEVELO~1\AppData\Local\Temp\ccZRP2cb.s 			page 130


 7247      6E697400 
 7248              	.LASF268:
 7249 01d9 75617274 		.ascii	"uart9_irq_init\000"
 7249      395F6972 
 7249      715F696E 
 7249      697400
 7250              	.LASF163:
 7251 01e8 424C4B5F 		.ascii	"BLK_CONNECTING\000"
 7251      434F4E4E 
 7251      45435449 
 7251      4E4700
 7252              	.LASF79:
 7253 01f7 77746F62 		.ascii	"wtobjp\000"
 7253      6A7000
 7254              	.LASF146:
 7255 01fe 6D61696E 		.ascii	"mainthread_base\000"
 7255      74687265 
 7255      61645F62 
 7255      61736500 
 7256              	.LASF50:
 7257 020e 76746C69 		.ascii	"vtlist\000"
 7257      737400
 7258              	.LASF119:
 7259 0215 706F7274 		.ascii	"port_context\000"
 7259      5F636F6E 
 7259      74657874 
 7259      00
 7260              	.LASF317:
 7261 0222 65787469 		.ascii	"exti4_irq_init\000"
 7261      345F6972 
 7261      715F696E 
 7261      697400
 7262              	.LASF142:
 7263 0231 63685F72 		.ascii	"ch_ready_list\000"
 7263      65616479 
 7263      5F6C6973 
 7263      7400
 7264              	.LASF303:
 7265 023f 65787469 		.ascii	"exti20_exti21_irq_init\000"
 7265      32305F65 
 7265      78746932 
 7265      315F6972 
 7265      715F696E 
 7266              	.LASF123:
 7267 0256 6C617374 		.ascii	"laststamp\000"
 7267      7374616D 
 7267      7000
 7268              	.LASF112:
 7269 0260 49505652 		.ascii	"IPVR\000"
 7269      00
 7270              	.LASF139:
 7271 0265 65776D61 		.ascii	"ewmask\000"
 7271      736B00
 7272              	.LASF223:
 7273 026c 53444344 		.ascii	"SDCDriverVMT\000"
 7273      72697665 
 7273      72564D54 
ARM GAS  C:\Users\DEVELO~1\AppData\Local\Temp\ccZRP2cb.s 			page 131


 7273      00
 7274              	.LASF231:
 7275 0279 6E766963 		.ascii	"nvicDisableVector\000"
 7275      44697361 
 7275      626C6556 
 7275      6563746F 
 7275      7200
 7276              	.LASF72:
 7277 028b 70726576 		.ascii	"prev\000"
 7277      00
 7278              	.LASF249:
 7279 0290 74696D37 		.ascii	"tim7_irq_deinit\000"
 7279      5F697271 
 7279      5F646569 
 7279      6E697400 
 7280              	.LASF289:
 7281 02a0 73646D6D 		.ascii	"sdmmc2_irq_deinit\000"
 7281      63325F69 
 7281      72715F64 
 7281      65696E69 
 7281      7400
 7282              	.LASF255:
 7283 02b2 74696D34 		.ascii	"tim4_irq_deinit\000"
 7283      5F697271 
 7283      5F646569 
 7283      6E697400 
 7284              	.LASF309:
 7285 02c2 65787469 		.ascii	"exti17_irq_init\000"
 7285      31375F69 
 7285      72715F69 
 7285      6E697400 
 7286              	.LASF250:
 7287 02d2 74696D37 		.ascii	"tim7_irq_init\000"
 7287      5F697271 
 7287      5F696E69 
 7287      7400
 7288              	.LASF275:
 7289 02e0 56656374 		.ascii	"VectorB0\000"
 7289      6F724230 
 7289      00
 7290              	.LASF160:
 7291 02e9 424C4B5F 		.ascii	"BLK_UNINIT\000"
 7291      554E494E 
 7291      495400
 7292              	.LASF320:
 7293 02f4 65787469 		.ascii	"exti2_irq_deinit\000"
 7293      325F6972 
 7293      715F6465 
 7293      696E6974 
 7293      00
 7294              	.LASF61:
 7295 0305 63685F73 		.ascii	"ch_system_debug\000"
 7295      79737465 
 7295      6D5F6465 
 7295      62756700 
 7296              	.LASF114:
 7297 0315 47545052 		.ascii	"GTPR\000"
ARM GAS  C:\Users\DEVELO~1\AppData\Local\Temp\ccZRP2cb.s 			page 132


 7297      00
 7298              	.LASF328:
 7299 031a 433A5C50 		.ascii	"C:\\PROJET\\ChibiOS project\\ChibiOS_21.11.4\\demos"
 7299      524F4A45 
 7299      545C4368 
 7299      6962694F 
 7299      53207072 
 7300 0349 5C53544D 		.ascii	"\\STM32\\RT-STM32H743ZI_REV_XY-NUCLEO144\000"
 7300      33325C52 
 7300      542D5354 
 7300      4D333248 
 7300      3734335A 
 7301              	.LASF131:
 7302 0370 6C697374 		.ascii	"list\000"
 7302      00
 7303              	.LASF263:
 7304 0375 6C707561 		.ascii	"lpuart1_irq_deinit\000"
 7304      7274315F 
 7304      6972715F 
 7304      6465696E 
 7304      697400
 7305              	.LASF68:
 7306 0388 63685F6C 		.ascii	"ch_list\000"
 7306      69737400 
 7307              	.LASF77:
 7308 0390 63685F64 		.ascii	"ch_delta_list\000"
 7308      656C7461 
 7308      5F6C6973 
 7308      7400
 7309              	.LASF175:
 7310 039e 715F7761 		.ascii	"q_waiting\000"
 7310      6974696E 
 7310      6700
 7311              	.LASF136:
 7312 03a8 73656E74 		.ascii	"sentmsg\000"
 7312      6D736700 
 7313              	.LASF245:
 7314 03b0 74696D31 		.ascii	"tim15_irq_deinit\000"
 7314      355F6972 
 7314      715F6465 
 7314      696E6974 
 7314      00
 7315              	.LASF279:
 7316 03c1 75617274 		.ascii	"uart5_irq_init\000"
 7316      355F6972 
 7316      715F696E 
 7316      697400
 7317              	.LASF28:
 7318 03d0 6576656E 		.ascii	"eventmask_t\000"
 7318      746D6173 
 7318      6B5F7400 
 7319              	.LASF325:
 7320 03dc 65787469 		.ascii	"exti0_irq_init\000"
 7320      305F6972 
 7320      715F696E 
 7320      697400
 7321              	.LASF86:
ARM GAS  C:\Users\DEVELO~1\AppData\Local\Temp\ccZRP2cb.s 			page 133


 7322 03eb 74726163 		.ascii	"trace_event_t\000"
 7322      655F6576 
 7322      656E745F 
 7322      7400
 7323              	.LASF267:
 7324 03f9 75617274 		.ascii	"uart9_irq_deinit\000"
 7324      395F6972 
 7324      715F6465 
 7324      696E6974 
 7324      00
 7325              	.LASF189:
 7326 040a 73647374 		.ascii	"sdstate_t\000"
 7326      6174655F 
 7326      7400
 7327              	.LASF192:
 7328 0414 6576656E 		.ascii	"event\000"
 7328      7400
 7329              	.LASF140:
 7330 041a 63685F73 		.ascii	"ch_semaphore\000"
 7330      656D6170 
 7330      686F7265 
 7330      00
 7331              	.LASF26:
 7332 0427 74707269 		.ascii	"tprio_t\000"
 7332      6F5F7400 
 7333              	.LASF41:
 7334 042f 6D736771 		.ascii	"msgqueue\000"
 7334      75657565 
 7334      00
 7335              	.LASF150:
 7336 0438 6F735F69 		.ascii	"os_instance_config_t\000"
 7336      6E737461 
 7336      6E63655F 
 7336      636F6E66 
 7336      69675F74 
 7337              	.LASF314:
 7338 044d 65787469 		.ascii	"exti5_9_irq_deinit\000"
 7338      355F395F 
 7338      6972715F 
 7338      6465696E 
 7338      697400
 7339              	.LASF81:
 7340 0460 68616C74 		.ascii	"halt\000"
 7340      00
 7341              	.LASF253:
 7342 0465 74696D35 		.ascii	"tim5_irq_deinit\000"
 7342      5F697271 
 7342      5F646569 
 7342      6E697400 
 7343              	.LASF15:
 7344 0475 6C6F6E67 		.ascii	"long long unsigned int\000"
 7344      206C6F6E 
 7344      6720756E 
 7344      7369676E 
 7344      65642069 
 7345              	.LASF214:
 7346 048c 63617264 		.ascii	"cardmode\000"
ARM GAS  C:\Users\DEVELO~1\AppData\Local\Temp\ccZRP2cb.s 			page 134


 7346      6D6F6465 
 7346      00
 7347              	.LASF327:
 7348 0495 2E2E2F2E 		.ascii	"../../../os/hal/ports/STM32/STM32H7xx/stm32_isr.c\000"
 7348      2E2F2E2E 
 7348      2F6F732F 
 7348      68616C2F 
 7348      706F7274 
 7349              	.LASF258:
 7350 04c7 74696D33 		.ascii	"tim3_irq_init\000"
 7350      5F697271 
 7350      5F696E69 
 7350      7400
 7351              	.LASF80:
 7352 04d5 72656173 		.ascii	"reason\000"
 7352      6F6E00
 7353              	.LASF56:
 7354 04dc 74726163 		.ascii	"trace_buffer\000"
 7354      655F6275 
 7354      66666572 
 7354      00
 7355              	.LASF116:
 7356 04e9 50524553 		.ascii	"PRESC\000"
 7356      4300
 7357              	.LASF215:
 7358 04ef 6572726F 		.ascii	"errors\000"
 7358      727300
 7359              	.LASF158:
 7360 04f6 6576656E 		.ascii	"event_source_t\000"
 7360      745F736F 
 7360      75726365 
 7360      5F7400
 7361              	.LASF132:
 7362 0505 70717565 		.ascii	"pqueue\000"
 7362      756500
 7363              	.LASF235:
 7364 050c 5F5F706F 		.ascii	"__port_irq_epilogue\000"
 7364      72745F69 
 7364      72715F65 
 7364      70696C6F 
 7364      67756500 
 7365              	.LASF8:
 7366 0520 5F5F7569 		.ascii	"__uint16_t\000"
 7366      6E743136 
 7366      5F7400
 7367              	.LASF30:
 7368 052b 636E745F 		.ascii	"cnt_t\000"
 7368      7400
 7369              	.LASF301:
 7370 0531 66646361 		.ascii	"fdcan1_irq_init\000"
 7370      6E315F69 
 7370      72715F69 
 7370      6E697400 
 7371              	.LASF284:
 7372 0541 75736172 		.ascii	"usart2_irq_deinit\000"
 7372      74325F69 
 7372      72715F64 
ARM GAS  C:\Users\DEVELO~1\AppData\Local\Temp\ccZRP2cb.s 			page 135


 7372      65696E69 
 7372      7400
 7373              	.LASF85:
 7374 0553 74696D65 		.ascii	"time\000"
 7374      00
 7375              	.LASF34:
 7376 0558 6F776E65 		.ascii	"owner\000"
 7376      7200
 7377              	.LASF147:
 7378 055e 6D61696E 		.ascii	"mainthread_end\000"
 7378      74687265 
 7378      61645F65 
 7378      6E6400
 7379              	.LASF102:
 7380 056d 4D41534B 		.ascii	"MASK\000"
 7380      00
 7381              	.LASF43:
 7382 0572 6D74786C 		.ascii	"mtxlist\000"
 7382      69737400 
 7383              	.LASF120:
 7384 057a 63685F76 		.ascii	"ch_virtual_timers_list\000"
 7384      69727475 
 7384      616C5F74 
 7384      696D6572 
 7384      735F6C69 
 7385              	.LASF286:
 7386 0591 56656374 		.ascii	"VectorD4\000"
 7386      6F724434 
 7386      00
 7387              	.LASF53:
 7388 059a 72666375 		.ascii	"rfcu\000"
 7388      00
 7389              	.LASF32:
 7390 059f 74687265 		.ascii	"thread_t\000"
 7390      61645F74 
 7390      00
 7391              	.LASF222:
 7392 05a8 53444343 		.ascii	"SDCConfig\000"
 7392      6F6E6669 
 7392      6700
 7393              	.LASF244:
 7394 05b2 74696D31 		.ascii	"tim16_irq_init\000"
 7394      365F6972 
 7394      715F696E 
 7394      697400
 7395              	.LASF82:
 7396 05c1 75736572 		.ascii	"user\000"
 7396      00
 7397              	.LASF202:
 7398 05c6 70757474 		.ascii	"putt\000"
 7398      00
 7399              	.LASF4:
 7400 05cb 73697A65 		.ascii	"size_t\000"
 7400      5F7400
 7401              	.LASF133:
 7402 05d2 7264796D 		.ascii	"rdymsg\000"
 7402      736700
ARM GAS  C:\Users\DEVELO~1\AppData\Local\Temp\ccZRP2cb.s 			page 136


 7403              	.LASF326:
 7404 05d9 474E5520 		.ascii	"GNU C17 11.3.1 20220712 -mcpu=cortex-m7 -mthumb -mf"
 7404      43313720 
 7404      31312E33 
 7404      2E312032 
 7404      30323230 
 7405 060c 6C6F6174 		.ascii	"loat-abi=soft -march=armv7e-m -ggdb -O0 -ffunction-"
 7405      2D616269 
 7405      3D736F66 
 7405      74202D6D 
 7405      61726368 
 7406 063f 73656374 		.ascii	"sections -fdata-sections -fno-common\000"
 7406      696F6E73 
 7406      202D6664 
 7406      6174612D 
 7406      73656374 
 7407              	.LASF73:
 7408 0664 63685F70 		.ascii	"ch_priority_queue_t\000"
 7408      72696F72 
 7408      6974795F 
 7408      71756575 
 7408      655F7400 
 7409              	.LASF285:
 7410 0678 75736172 		.ascii	"usart2_irq_init\000"
 7410      74325F69 
 7410      72715F69 
 7410      6E697400 
 7411              	.LASF306:
 7412 0688 65787469 		.ascii	"exti18_irq_deinit\000"
 7412      31385F69 
 7412      72715F64 
 7412      65696E69 
 7412      7400
 7413              	.LASF159:
 7414 069a 5F426F6F 		.ascii	"_Bool\000"
 7414      6C00
 7415              	.LASF187:
 7416 06a0 53445F53 		.ascii	"SD_STOP\000"
 7416      544F5000 
 7417              	.LASF1:
 7418 06a8 6C6F6E67 		.ascii	"long long int\000"
 7418      206C6F6E 
 7418      6720696E 
 7418      7400
 7419              	.LASF308:
 7420 06b6 65787469 		.ascii	"exti17_irq_deinit\000"
 7420      31375F69 
 7420      72715F64 
 7420      65696E69 
 7420      7400
 7421              	.LASF230:
 7422 06c8 53444344 		.ascii	"SDCD1\000"
 7422      3100
 7423              	.LASF172:
 7424 06ce 426C6F63 		.ascii	"BlockDeviceInfo\000"
 7424      6B446576 
 7424      69636549 
ARM GAS  C:\Users\DEVELO~1\AppData\Local\Temp\ccZRP2cb.s 			page 137


 7424      6E666F00 
 7425              	.LASF229:
 7426 06de 6765745F 		.ascii	"get_info\000"
 7426      696E666F 
 7426      00
 7427              	.LASF141:
 7428 06e7 63685F6D 		.ascii	"ch_mutex\000"
 7428      75746578 
 7428      00
 7429              	.LASF105:
 7430 06f0 49444D41 		.ascii	"IDMACTRL\000"
 7430      4354524C 
 7430      00
 7431              	.LASF193:
 7432 06f9 69717565 		.ascii	"iqueue\000"
 7432      756500
 7433              	.LASF117:
 7434 0700 55534152 		.ascii	"USART_TypeDef\000"
 7434      545F5479 
 7434      70654465 
 7434      6600
 7435              	.LASF48:
 7436 070e 63685F6F 		.ascii	"ch_os_instance\000"
 7436      735F696E 
 7436      7374616E 
 7436      636500
 7437              	.LASF181:
 7438 071d 715F6E6F 		.ascii	"q_notify\000"
 7438      74696679 
 7438      00
 7439              	.LASF196:
 7440 0726 636C6F63 		.ascii	"clock\000"
 7440      6B00
 7441              	.LASF307:
 7442 072c 65787469 		.ascii	"exti18_irq_init\000"
 7442      31385F69 
 7442      72715F69 
 7442      6E697400 
 7443              	.LASF313:
 7444 073c 65787469 		.ascii	"exti10_15_irq_init\000"
 7444      31305F31 
 7444      355F6972 
 7444      715F696E 
 7444      697400
 7445              	.LASF149:
 7446 074f 69646C65 		.ascii	"idlethread_end\000"
 7446      74687265 
 7446      61645F65 
 7446      6E6400
 7447              	.LASF259:
 7448 075e 74696D32 		.ascii	"tim2_irq_deinit\000"
 7448      5F697271 
 7448      5F646569 
 7448      6E697400 
 7449              	.LASF269:
 7450 076e 75617274 		.ascii	"uart8_irq_deinit\000"
 7450      385F6972 
ARM GAS  C:\Users\DEVELO~1\AppData\Local\Temp\ccZRP2cb.s 			page 138


 7450      715F6465 
 7450      696E6974 
 7450      00
 7451              	.LASF182:
 7452 077f 715F6C69 		.ascii	"q_link\000"
 7452      6E6B00
 7453              	.LASF75:
 7454 0786 7072696F 		.ascii	"prio\000"
 7454      00
 7455              	.LASF164:
 7456 078b 424C4B5F 		.ascii	"BLK_DISCONNECTING\000"
 7456      44495343 
 7456      4F4E4E45 
 7456      4354494E 
 7456      4700
 7457              	.LASF94:
 7458 079d 52455350 		.ascii	"RESP1\000"
 7458      3100
 7459              	.LASF95:
 7460 07a3 52455350 		.ascii	"RESP2\000"
 7460      3200
 7461              	.LASF96:
 7462 07a9 52455350 		.ascii	"RESP3\000"
 7462      3300
 7463              	.LASF97:
 7464 07af 52455350 		.ascii	"RESP4\000"
 7464      3400
 7465              	.LASF296:
 7466 07b5 66646361 		.ascii	"fdcan3_irq_deinit\000"
 7466      6E335F69 
 7466      72715F64 
 7466      65696E69 
 7466      7400
 7467              	.LASF63:
 7468 07c7 63686172 		.ascii	"char\000"
 7468      00
 7469              	.LASF76:
 7470 07cc 63685F64 		.ascii	"ch_delta_list_t\000"
 7470      656C7461 
 7470      5F6C6973 
 7470      745F7400 
 7471              	.LASF57:
 7472 07dc 72666375 		.ascii	"rfcu_mask_t\000"
 7472      5F6D6173 
 7472      6B5F7400 
 7473              	.LASF299:
 7474 07e8 66646361 		.ascii	"fdcan2_irq_init\000"
 7474      6E325F69 
 7474      72715F69 
 7474      6E697400 
 7475              	.LASF36:
 7476 07f8 77616261 		.ascii	"wabase\000"
 7476      736500
 7477              	.LASF179:
 7478 07ff 715F7772 		.ascii	"q_wrptr\000"
 7478      70747200 
 7479              	.LASF24:
ARM GAS  C:\Users\DEVELO~1\AppData\Local\Temp\ccZRP2cb.s 			page 139


 7480 0807 74737461 		.ascii	"tstate_t\000"
 7480      74655F74 
 7480      00
 7481              	.LASF248:
 7482 0810 74696D38 		.ascii	"tim8_tim12_tim13_tim14_irq_init\000"
 7482      5F74696D 
 7482      31325F74 
 7482      696D3133 
 7482      5F74696D 
 7483              	.LASF33:
 7484 0830 72717565 		.ascii	"rqueue\000"
 7484      756500
 7485              	.LASF171:
 7486 0837 626C6B5F 		.ascii	"blk_num\000"
 7486      6E756D00 
 7487              	.LASF316:
 7488 083f 65787469 		.ascii	"exti4_irq_deinit\000"
 7488      345F6972 
 7488      715F6465 
 7488      696E6974 
 7488      00
 7489              	.LASF323:
 7490 0850 65787469 		.ascii	"exti1_irq_init\000"
 7490      315F6972 
 7490      715F696E 
 7490      697400
 7491              	.LASF302:
 7492 085f 65787469 		.ascii	"exti20_exti21_irq_deinit\000"
 7492      32305F65 
 7492      78746932 
 7492      315F6972 
 7492      715F6465 
 7493              	.LASF240:
 7494 0878 69727149 		.ascii	"irqInit\000"
 7494      6E697400 
 7495              	.LASF311:
 7496 0880 65787469 		.ascii	"exti16_irq_init\000"
 7496      31365F69 
 7496      72715F69 
 7496      6E697400 
 7497              	.LASF176:
 7498 0890 715F636F 		.ascii	"q_counter\000"
 7498      756E7465 
 7498      7200
 7499              	.LASF16:
 7500 089a 75696E74 		.ascii	"uint8_t\000"
 7500      385F7400 
 7501              	.LASF115:
 7502 08a2 52544F52 		.ascii	"RTOR\000"
 7502      00
 7503              	.LASF184:
 7504 08a7 696E7075 		.ascii	"input_queue_t\000"
 7504      745F7175 
 7504      6575655F 
 7504      7400
 7505              	.LASF280:
 7506 08b5 75617274 		.ascii	"uart4_irq_deinit\000"
ARM GAS  C:\Users\DEVELO~1\AppData\Local\Temp\ccZRP2cb.s 			page 140


 7506      345F6972 
 7506      715F6465 
 7506      696E6974 
 7506      00
 7507              	.LASF47:
 7508 08c6 63685F74 		.ascii	"ch_thread\000"
 7508      68726561 
 7508      6400
 7509              	.LASF256:
 7510 08d0 74696D34 		.ascii	"tim4_irq_init\000"
 7510      5F697271 
 7510      5F696E69 
 7510      7400
 7511              	.LASF204:
 7512 08de 77726974 		.ascii	"writet\000"
 7512      657400
 7513              	.LASF195:
 7514 08e5 75736172 		.ascii	"usart\000"
 7514      7400
 7515              	.LASF165:
 7516 08eb 424C4B5F 		.ascii	"BLK_READY\000"
 7516      52454144 
 7516      5900
 7517              	.LASF64:
 7518 08f5 73797374 		.ascii	"system_debug_t\000"
 7518      656D5F64 
 7518      65627567 
 7518      5F7400
 7519              	.LASF212:
 7520 0904 53444344 		.ascii	"SDCDriver\000"
 7520      72697665 
 7520      7200
 7521              	.LASF247:
 7522 090e 74696D38 		.ascii	"tim8_tim12_tim13_tim14_irq_deinit\000"
 7522      5F74696D 
 7522      31325F74 
 7522      696D3133 
 7522      5F74696D 
 7523              	.LASF129:
 7524 0930 63685F74 		.ascii	"ch_threads_queue\000"
 7524      68726561 
 7524      64735F71 
 7524      75657565 
 7524      00
 7525              	.LASF169:
 7526 0941 626C6B73 		.ascii	"blkstate_t\000"
 7526      74617465 
 7526      5F7400
 7527              	.LASF200:
 7528 094c 77726974 		.ascii	"write\000"
 7528      6500
 7529              	.LASF318:
 7530 0952 65787469 		.ascii	"exti3_irq_deinit\000"
 7530      335F6972 
 7530      715F6465 
 7530      696E6974 
 7530      00
ARM GAS  C:\Users\DEVELO~1\AppData\Local\Temp\ccZRP2cb.s 			page 141


 7531              	.LASF177:
 7532 0963 715F6275 		.ascii	"q_buffer\000"
 7532      66666572 
 7532      00
 7533              	.LASF27:
 7534 096c 6D73675F 		.ascii	"msg_t\000"
 7534      7400
 7535              	.LASF295:
 7536 0972 71756164 		.ascii	"quadspi1_irq_init\000"
 7536      73706931 
 7536      5F697271 
 7536      5F696E69 
 7536      7400
 7537              	.LASF14:
 7538 0984 5F5F7569 		.ascii	"__uint64_t\000"
 7538      6E743634 
 7538      5F7400
 7539              	.LASF243:
 7540 098f 74696D31 		.ascii	"tim16_irq_deinit\000"
 7540      365F6972 
 7540      715F6465 
 7540      696E6974 
 7540      00
 7541              	.LASF205:
 7542 09a0 72656164 		.ascii	"readt\000"
 7542      7400
 7543              	.LASF127:
 7544 09a6 72656769 		.ascii	"registry_t\000"
 7544      73747279 
 7544      5F7400
 7545              	.LASF242:
 7546 09b1 74696D31 		.ascii	"tim17_irq_init\000"
 7546      375F6972 
 7546      715F696E 
 7546      697400
 7547              	.LASF291:
 7548 09c0 56656374 		.ascii	"Vector104\000"
 7548      6F723130 
 7548      3400
 7549              	.LASF199:
 7550 09ca 696E7374 		.ascii	"instance_offset\000"
 7550      616E6365 
 7550      5F6F6666 
 7550      73657400 
 7551              	.LASF161:
 7552 09da 424C4B5F 		.ascii	"BLK_STOP\000"
 7552      53544F50 
 7552      00
 7553              	.LASF185:
 7554 09e3 6F757470 		.ascii	"output_queue_t\000"
 7554      75745F71 
 7554      75657565 
 7554      5F7400
 7555              	.LASF271:
 7556 09f2 75617274 		.ascii	"uart7_irq_deinit\000"
 7556      375F6972 
 7556      715F6465 
ARM GAS  C:\Users\DEVELO~1\AppData\Local\Temp\ccZRP2cb.s 			page 142


 7556      696E6974 
 7556      00
 7557              	.LASF88:
 7558 0a03 73697A65 		.ascii	"size\000"
 7558      00
 7559              	.LASF283:
 7560 0a08 75736172 		.ascii	"usart3_irq_init\000"
 7560      74335F69 
 7560      72715F69 
 7560      6E697400 
 7561              	.LASF224:
 7562 0a18 69735F69 		.ascii	"is_inserted\000"
 7562      6E736572 
 7562      74656400 
 7563              	.LASF312:
 7564 0a24 65787469 		.ascii	"exti10_15_irq_deinit\000"
 7564      31305F31 
 7564      355F6972 
 7564      715F6465 
 7564      696E6974 
 7565              	.LASF59:
 7566 0a39 6D61736B 		.ascii	"mask\000"
 7566      00
 7567              	.LASF110:
 7568 0a3e 4649464F 		.ascii	"FIFO\000"
 7568      00
 7569              	.LASF130:
 7570 0a43 74687265 		.ascii	"threads_queue_t\000"
 7570      6164735F 
 7570      71756575 
 7570      655F7400 
 7571              	.LASF218:
 7572 0a53 636C6B66 		.ascii	"clkfreq\000"
 7572      72657100 
 7573              	.LASF13:
 7574 0a5b 6C6F6E67 		.ascii	"long unsigned int\000"
 7574      20756E73 
 7574      69676E65 
 7574      6420696E 
 7574      7400
 7575              	.LASF293:
 7576 0a6d 73646D6D 		.ascii	"sdmmc1_irq_init\000"
 7576      63315F69 
 7576      72715F69 
 7576      6E697400 
 7577              	.LASF66:
 7578 0a7d 73797369 		.ascii	"sysinterval_t\000"
 7578      6E746572 
 7578      76616C5F 
 7578      7400
 7579              	.LASF70:
 7580 0a8b 63685F71 		.ascii	"ch_queue_t\000"
 7580      75657565 
 7580      5F7400
 7581              	.LASF29:
 7582 0a96 6576656E 		.ascii	"eventflags_t\000"
 7582      74666C61 
ARM GAS  C:\Users\DEVELO~1\AppData\Local\Temp\ccZRP2cb.s 			page 143


 7582      67735F74 
 7582      00
 7583              	.LASF62:
 7584 0aa3 70616E69 		.ascii	"panic_msg\000"
 7584      635F6D73 
 7584      6700
 7585              	.LASF90:
 7586 0aad 74726163 		.ascii	"trace_buffer_t\000"
 7586      655F6275 
 7586      66666572 
 7586      5F7400
 7587              	.LASF276:
 7588 0abc 56656374 		.ascii	"Vector114\000"
 7588      6F723131 
 7588      3400
 7589              	.LASF282:
 7590 0ac6 75736172 		.ascii	"usart3_irq_deinit\000"
 7590      74335F69 
 7590      72715F64 
 7590      65696E69 
 7590      7400
 7591              	.LASF23:
 7592 0ad8 746D6F64 		.ascii	"tmode_t\000"
 7592      655F7400 
 7593              	.LASF305:
 7594 0ae0 65787469 		.ascii	"exti19_irq_init\000"
 7594      31395F69 
 7594      72715F69 
 7594      6E697400 
 7595              	.LASF207:
 7596 0af0 5344435F 		.ascii	"SDC_MODE_4BIT\000"
 7596      4D4F4445 
 7596      5F344249 
 7596      5400
 7597              	.LASF9:
 7598 0afe 73686F72 		.ascii	"short unsigned int\000"
 7598      7420756E 
 7598      7369676E 
 7598      65642069 
 7598      6E7400
 7599              	.LASF2:
 7600 0b11 6C6F6E67 		.ascii	"long double\000"
 7600      20646F75 
 7600      626C6500 
 7601              	.LASF194:
 7602 0b1d 6F717565 		.ascii	"oqueue\000"
 7602      756500
 7603              	.LASF188:
 7604 0b24 53445F52 		.ascii	"SD_READY\000"
 7604      45414459 
 7604      00
 7605              	.LASF17:
 7606 0b2d 75696E74 		.ascii	"uint16_t\000"
 7606      31365F74 
 7606      00
 7607              	.LASF234:
 7608 0b36 73745F6C 		.ascii	"st_lld_serve_interrupt\000"
ARM GAS  C:\Users\DEVELO~1\AppData\Local\Temp\ccZRP2cb.s 			page 144


 7608      6C645F73 
 7608      65727665 
 7608      5F696E74 
 7608      65727275 
 7609              	.LASF67:
 7610 0b4d 63685F6C 		.ascii	"ch_list_t\000"
 7610      6973745F 
 7610      7400
 7611              	.LASF124:
 7612 0b57 76697274 		.ascii	"virtual_timers_list_t\000"
 7612      75616C5F 
 7612      74696D65 
 7612      72735F6C 
 7612      6973745F 
 7613              	.LASF232:
 7614 0b6d 6E766963 		.ascii	"nvicEnableVector\000"
 7614      456E6162 
 7614      6C655665 
 7614      63746F72 
 7614      00
 7615              	.LASF54:
 7616 0b7e 636F6E66 		.ascii	"config\000"
 7616      696700
 7617              	.LASF272:
 7618 0b85 75617274 		.ascii	"uart7_irq_init\000"
 7618      375F6972 
 7618      715F696E 
 7618      697400
 7619              	.LASF151:
 7620 0b94 6D757465 		.ascii	"mutex_t\000"
 7620      785F7400 
 7621              	.LASF104:
 7622 0b9c 52455345 		.ascii	"RESERVED0\000"
 7622      52564544 
 7622      3000
 7623              	.LASF109:
 7624 0ba6 52455345 		.ascii	"RESERVED1\000"
 7624      52564544 
 7624      3100
 7625              	.LASF321:
 7626 0bb0 65787469 		.ascii	"exti2_irq_init\000"
 7626      325F6972 
 7626      715F696E 
 7626      697400
 7627              	.LASF197:
 7628 0bbf 72786D61 		.ascii	"rxmask\000"
 7628      736B00
 7629              	.LASF7:
 7630 0bc6 73686F72 		.ascii	"short int\000"
 7630      7420696E 
 7630      7400
 7631              	.LASF226:
 7632 0bd0 636F6E6E 		.ascii	"connect\000"
 7632      65637400 
 7633              	.LASF92:
 7634 0bd8 434C4B43 		.ascii	"CLKCR\000"
 7634      5200
ARM GAS  C:\Users\DEVELO~1\AppData\Local\Temp\ccZRP2cb.s 			page 145


 7635              	.LASF118:
 7636 0bde 706F7274 		.ascii	"port_intctx\000"
 7636      5F696E74 
 7636      63747800 
 7637              	.LASF324:
 7638 0bea 65787469 		.ascii	"exti0_irq_deinit\000"
 7638      305F6972 
 7638      715F6465 
 7638      696E6974 
 7638      00
 7639              	.LASF98:
 7640 0bfb 4454494D 		.ascii	"DTIMER\000"
 7640      455200
 7641              	.LASF103:
 7642 0c02 41434B54 		.ascii	"ACKTIME\000"
 7642      494D4500 
 7643              	.LASF21:
 7644 0c0a 706F7274 		.ascii	"port_stkalign_t\000"
 7644      5F73746B 
 7644      616C6967 
 7644      6E5F7400 
 7645              	.LASF273:
 7646 0c1a 75736172 		.ascii	"usart6_irq_deinit\000"
 7646      74365F69 
 7646      72715F64 
 7646      65696E69 
 7646      7400
 7647              	.LASF254:
 7648 0c2c 74696D35 		.ascii	"tim5_irq_init\000"
 7648      5F697271 
 7648      5F696E69 
 7648      7400
 7649              	.LASF145:
 7650 0c3a 63685F6F 		.ascii	"ch_os_instance_config\000"
 7650      735F696E 
 7650      7374616E 
 7650      63655F63 
 7650      6F6E6669 
 7651              	.LASF121:
 7652 0c50 646C6973 		.ascii	"dlist\000"
 7652      7400
 7653              	.LASF122:
 7654 0c56 6C617374 		.ascii	"lasttime\000"
 7654      74696D65 
 7654      00
 7655              	.LASF20:
 7656 0c5f 75696E74 		.ascii	"uint64_t\000"
 7656      36345F74 
 7656      00
 7657              	.LASF166:
 7658 0c68 424C4B5F 		.ascii	"BLK_READING\000"
 7658      52454144 
 7658      494E4700 
 7659              	.LASF99:
 7660 0c74 444C454E 		.ascii	"DLEN\000"
 7660      00
 7661              	.LASF49:
ARM GAS  C:\Users\DEVELO~1\AppData\Local\Temp\ccZRP2cb.s 			page 146


 7662 0c79 726C6973 		.ascii	"rlist\000"
 7662      7400
 7663              	.LASF100:
 7664 0c7f 44435452 		.ascii	"DCTRL\000"
 7664      4C00
 7665              	.LASF5:
 7666 0c85 5F5F7569 		.ascii	"__uint8_t\000"
 7666      6E74385F 
 7666      7400
 7667              	.LASF297:
 7668 0c8f 66646361 		.ascii	"fdcan3_irq_init\000"
 7668      6E335F69 
 7668      72715F69 
 7668      6E697400 
 7669              	.LASF300:
 7670 0c9f 66646361 		.ascii	"fdcan1_irq_deinit\000"
 7670      6E315F69 
 7670      72715F64 
 7670      65696E69 
 7670      7400
 7671              	.LASF201:
 7672 0cb1 72656164 		.ascii	"read\000"
 7672      00
 7673              	.LASF186:
 7674 0cb6 53445F55 		.ascii	"SD_UNINIT\000"
 7674      4E494E49 
 7674      5400
 7675              	.LASF156:
 7676 0cc0 77666C61 		.ascii	"wflags\000"
 7676      677300
 7677              	.LASF221:
 7678 0cc7 736C6F77 		.ascii	"slowdown\000"
 7678      646F776E 
 7678      00
 7679              	.LASF91:
 7680 0cd0 504F5745 		.ascii	"POWER\000"
 7680      5200
 7681              	.LASF237:
 7682 0cd6 7364635F 		.ascii	"sdc_lld_serve_interrupt\000"
 7682      6C6C645F 
 7682      73657276 
 7682      655F696E 
 7682      74657272 
 7683              	.LASF106:
 7684 0cee 49444D41 		.ascii	"IDMABSIZE\000"
 7684      4253495A 
 7684      4500
 7685              	.LASF203:
 7686 0cf8 67657474 		.ascii	"gett\000"
 7686      00
 7687              	.LASF178:
 7688 0cfd 715F746F 		.ascii	"q_top\000"
 7688      7000
 7689              	.LASF25:
 7690 0d03 74726566 		.ascii	"trefs_t\000"
 7690      735F7400 
 7691              	.LASF239:
ARM GAS  C:\Users\DEVELO~1\AppData\Local\Temp\ccZRP2cb.s 			page 147


 7692 0d0b 69727144 		.ascii	"irqDeinit\000"
 7692      65696E69 
 7692      7400
 7693              	.LASF152:
 7694 0d15 6576656E 		.ascii	"event_listener_t\000"
 7694      745F6C69 
 7694      7374656E 
 7694      65725F74 
 7694      00
 7695              	.LASF220:
 7696 0d26 6275735F 		.ascii	"bus_width\000"
 7696      77696474 
 7696      6800
 7697              	.LASF144:
 7698 0d30 72656164 		.ascii	"ready_list_t\000"
 7698      795F6C69 
 7698      73745F74 
 7698      00
 7699              	.LASF274:
 7700 0d3d 75736172 		.ascii	"usart6_irq_init\000"
 7700      74365F69 
 7700      72715F69 
 7700      6E697400 
 7701              	.LASF262:
 7702 0d4d 74696D31 		.ascii	"tim1_irq_init\000"
 7702      5F697271 
 7702      5F696E69 
 7702      7400
 7703              	.LASF84:
 7704 0d5b 72747374 		.ascii	"rtstamp\000"
 7704      616D7000 
 7705              	.LASF126:
 7706 0d63 71756575 		.ascii	"queue\000"
 7706      6500
 7707              	.LASF228:
 7708 0d69 73796E63 		.ascii	"sync\000"
 7708      00
 7709              	.LASF18:
 7710 0d6e 696E7433 		.ascii	"int32_t\000"
 7710      325F7400 
 7711              	.LASF60:
 7712 0d76 72666375 		.ascii	"rfcu_t\000"
 7712      5F7400
 7713              	.LASF216:
 7714 0d7d 74687265 		.ascii	"thread\000"
 7714      616400
 7715              	.LASF137:
 7716 0d84 77747365 		.ascii	"wtsemp\000"
 7716      6D7000
 7717              	.LASF74:
 7718 0d8b 63685F70 		.ascii	"ch_priority_queue\000"
 7718      72696F72 
 7718      6974795F 
 7718      71756575 
 7718      6500
 7719              	.LASF251:
 7720 0d9d 74696D36 		.ascii	"tim6_irq_deinit\000"
ARM GAS  C:\Users\DEVELO~1\AppData\Local\Temp\ccZRP2cb.s 			page 148


 7720      5F697271 
 7720      5F646569 
 7720      6E697400 
 7721              	.LASF290:
 7722 0dad 73646D6D 		.ascii	"sdmmc2_irq_init\000"
 7722      63325F69 
 7722      72715F69 
 7722      6E697400 
 7723              	.LASF71:
 7724 0dbd 63685F71 		.ascii	"ch_queue\000"
 7724      75657565 
 7724      00
 7725              	.LASF209:
 7726 0dc6 73646362 		.ascii	"sdcbusmode_t\000"
 7726      75736D6F 
 7726      64655F74 
 7726      00
 7727              	.LASF292:
 7728 0dd3 73646D6D 		.ascii	"sdmmc1_irq_deinit\000"
 7728      63315F69 
 7728      72715F64 
 7728      65696E69 
 7728      7400
 7729              	.LASF83:
 7730 0de5 74797065 		.ascii	"type\000"
 7730      00
 7731              	.LASF257:
 7732 0dea 74696D33 		.ascii	"tim3_irq_deinit\000"
 7732      5F697271 
 7732      5F646569 
 7732      6E697400 
 7733              	.LASF6:
 7734 0dfa 756E7369 		.ascii	"unsigned char\000"
 7734      676E6564 
 7734      20636861 
 7734      7200
 7735              	.LASF264:
 7736 0e08 6C707561 		.ascii	"lpuart1_irq_init\000"
 7736      7274315F 
 7736      6972715F 
 7736      696E6974 
 7736      00
 7737              	.LASF12:
 7738 0e19 5F5F7569 		.ascii	"__uint32_t\000"
 7738      6E743332 
 7738      5F7400
 7739              	.LASF40:
 7740 0e24 77616974 		.ascii	"waiting\000"
 7740      696E6700 
 7741              	.LASF322:
 7742 0e2c 65787469 		.ascii	"exti1_irq_deinit\000"
 7742      315F6972 
 7742      715F6465 
 7742      696E6974 
 7742      00
 7743              	.LASF101:
 7744 0e3d 44434F55 		.ascii	"DCOUNT\000"
ARM GAS  C:\Users\DEVELO~1\AppData\Local\Temp\ccZRP2cb.s 			page 149


 7744      4E5400
 7745              	.LASF167:
 7746 0e44 424C4B5F 		.ascii	"BLK_WRITING\000"
 7746      57524954 
 7746      494E4700 
 7747              	.LASF55:
 7748 0e50 6D61696E 		.ascii	"mainthread\000"
 7748      74687265 
 7748      616400
 7749              	.LASF37:
 7750 0e5b 73746174 		.ascii	"state\000"
 7750      6500
 7751              	.LASF93:
 7752 0e61 52455350 		.ascii	"RESPCMD\000"
 7752      434D4400 
 7753              	.LASF46:
 7754 0e69 6F735F69 		.ascii	"os_instance_t\000"
 7754      6E737461 
 7754      6E63655F 
 7754      7400
 7755              	.LASF153:
 7756 0e77 6576656E 		.ascii	"event_listener\000"
 7756      745F6C69 
 7756      7374656E 
 7756      657200
 7757              	.LASF206:
 7758 0e86 5344435F 		.ascii	"SDC_MODE_1BIT\000"
 7758      4D4F4445 
 7758      5F314249 
 7758      5400
 7759              	.LASF270:
 7760 0e94 75617274 		.ascii	"uart8_irq_init\000"
 7760      385F6972 
 7760      715F696E 
 7760      697400
 7761              	.LASF51:
 7762 0ea3 7265676C 		.ascii	"reglist\000"
 7762      69737400 
 7763              	.LASF236:
 7764 0eab 5F5F7472 		.ascii	"__trace_isr_leave\000"
 7764      6163655F 
 7764      6973725F 
 7764      6C656176 
 7764      6500
 7765              	.LASF319:
 7766 0ebd 65787469 		.ascii	"exti3_irq_init\000"
 7766      335F6972 
 7766      715F696E 
 7766      697400
 7767              	.LASF278:
 7768 0ecc 75617274 		.ascii	"uart5_irq_deinit\000"
 7768      355F6972 
 7768      715F6465 
 7768      696E6974 
 7768      00
 7769              	.LASF148:
 7770 0edd 69646C65 		.ascii	"idlethread_base\000"
ARM GAS  C:\Users\DEVELO~1\AppData\Local\Temp\ccZRP2cb.s 			page 150


 7770      74687265 
 7770      61645F62 
 7770      61736500 
 7771              	.LASF3:
 7772 0eed 7369676E 		.ascii	"signed char\000"
 7772      65642063 
 7772      68617200 
 7773              	.LASF266:
 7774 0ef9 75736172 		.ascii	"usart10_irq_init\000"
 7774      7431305F 
 7774      6972715F 
 7774      696E6974 
 7774      00
 7775              	.LASF78:
 7776 0f0a 64656C74 		.ascii	"delta\000"
 7776      6100
 7777              	.LASF174:
 7778 0f10 696F5F71 		.ascii	"io_queue\000"
 7778      75657565 
 7778      00
 7779              	.LASF198:
 7780 0f19 53657269 		.ascii	"SerialDriverVMT\000"
 7780      616C4472 
 7780      69766572 
 7780      564D5400 
 7781              	.LASF22:
 7782 0f29 73746B61 		.ascii	"stkalign_t\000"
 7782      6C69676E 
 7782      5F7400
 7783              	.LASF208:
 7784 0f34 5344435F 		.ascii	"SDC_MODE_8BIT\000"
 7784      4D4F4445 
 7784      5F384249 
 7784      5400
 7785              	.LASF210:
 7786 0f42 7364636D 		.ascii	"sdcmode_t\000"
 7786      6F64655F 
 7786      7400
 7787              	.LASF113:
 7788 0f4c 53444D4D 		.ascii	"SDMMC_TypeDef\000"
 7788      435F5479 
 7788      70654465 
 7788      6600
 7789              	.LASF143:
 7790 0f5a 63757272 		.ascii	"current\000"
 7790      656E7400 
 7791              	.LASF277:
 7792 0f62 5F5F6675 		.ascii	"__func__\000"
 7792      6E635F5F 
 7792      00
 7793              	.LASF252:
 7794 0f6b 74696D36 		.ascii	"tim6_irq_init\000"
 7794      5F697271 
 7794      5F696E69 
 7794      7400
 7795              	.LASF265:
 7796 0f79 75736172 		.ascii	"usart10_irq_deinit\000"
ARM GAS  C:\Users\DEVELO~1\AppData\Local\Temp\ccZRP2cb.s 			page 151


 7796      7431305F 
 7796      6972715F 
 7796      6465696E 
 7796      697400
 7797              	.LASF217:
 7798 0f8c 73646D6D 		.ascii	"sdmmc\000"
 7798      6300
 7799              	.LASF225:
 7800 0f92 69735F70 		.ascii	"is_protected\000"
 7800      726F7465 
 7800      63746564 
 7800      00
 7801              	.LASF219:
 7802 0f9f 72657370 		.ascii	"resp\000"
 7802      00
 7803              	.LASF287:
 7804 0fa4 75736172 		.ascii	"usart1_irq_deinit\000"
 7804      74315F69 
 7804      72715F64 
 7804      65696E69 
 7804      7400
 7805              	.LASF111:
 7806 0fb6 52455345 		.ascii	"RESERVED2\000"
 7806      52564544 
 7806      3200
 7807              	.LASF107:
 7808 0fc0 49444D41 		.ascii	"IDMABASE0\000"
 7808      42415345 
 7808      3000
 7809              	.LASF108:
 7810 0fca 49444D41 		.ascii	"IDMABASE1\000"
 7810      42415345 
 7810      3100
 7811              	.LASF238:
 7812 0fd4 5F5F7472 		.ascii	"__trace_isr_enter\000"
 7812      6163655F 
 7812      6973725F 
 7812      656E7465 
 7812      7200
 7813              	.LASF241:
 7814 0fe6 74696D31 		.ascii	"tim17_irq_deinit\000"
 7814      375F6972 
 7814      715F6465 
 7814      696E6974 
 7814      00
 7815              	.LASF52:
 7816 0ff7 636F7265 		.ascii	"core_id\000"
 7816      5F696400 
 7817              	.LASF135:
 7818 0fff 77747472 		.ascii	"wttrp\000"
 7818      7000
 7819              	.LASF138:
 7820 1005 77746D74 		.ascii	"wtmtxp\000"
 7820      787000
 7821              	.LASF281:
 7822 100c 75617274 		.ascii	"uart4_irq_init\000"
 7822      345F6972 
ARM GAS  C:\Users\DEVELO~1\AppData\Local\Temp\ccZRP2cb.s 			page 152


 7822      715F696E 
 7822      697400
 7823              	.LASF134:
 7824 101b 65786974 		.ascii	"exitcode\000"
 7824      636F6465 
 7824      00
 7825              	.LASF31:
 7826 1024 636F7265 		.ascii	"core_id_t\000"
 7826      5F69645F 
 7826      7400
 7827              	.LASF45:
 7828 102e 6D706F6F 		.ascii	"mpool\000"
 7828      6C00
 7829              		.ident	"GCC: (Arm GNU Toolchain 11.3.Rel1) 11.3.1 20220712"
ARM GAS  C:\Users\DEVELO~1\AppData\Local\Temp\ccZRP2cb.s 			page 153


DEFINED SYMBOLS
                            *ABS*:00000000 stm32_isr.c
C:\Users\DEVELO~1\AppData\Local\Temp\ccZRP2cb.s:18     .text.exti0_irq_init:00000000 $t
C:\Users\DEVELO~1\AppData\Local\Temp\ccZRP2cb.s:23     .text.exti0_irq_init:00000000 exti0_irq_init
C:\Users\DEVELO~1\AppData\Local\Temp\ccZRP2cb.s:49     .text.exti0_irq_deinit:00000000 $t
C:\Users\DEVELO~1\AppData\Local\Temp\ccZRP2cb.s:54     .text.exti0_irq_deinit:00000000 exti0_irq_deinit
C:\Users\DEVELO~1\AppData\Local\Temp\ccZRP2cb.s:79     .text.exti1_irq_init:00000000 $t
C:\Users\DEVELO~1\AppData\Local\Temp\ccZRP2cb.s:84     .text.exti1_irq_init:00000000 exti1_irq_init
C:\Users\DEVELO~1\AppData\Local\Temp\ccZRP2cb.s:110    .text.exti1_irq_deinit:00000000 $t
C:\Users\DEVELO~1\AppData\Local\Temp\ccZRP2cb.s:115    .text.exti1_irq_deinit:00000000 exti1_irq_deinit
C:\Users\DEVELO~1\AppData\Local\Temp\ccZRP2cb.s:140    .text.exti2_irq_init:00000000 $t
C:\Users\DEVELO~1\AppData\Local\Temp\ccZRP2cb.s:145    .text.exti2_irq_init:00000000 exti2_irq_init
C:\Users\DEVELO~1\AppData\Local\Temp\ccZRP2cb.s:171    .text.exti2_irq_deinit:00000000 $t
C:\Users\DEVELO~1\AppData\Local\Temp\ccZRP2cb.s:176    .text.exti2_irq_deinit:00000000 exti2_irq_deinit
C:\Users\DEVELO~1\AppData\Local\Temp\ccZRP2cb.s:201    .text.exti3_irq_init:00000000 $t
C:\Users\DEVELO~1\AppData\Local\Temp\ccZRP2cb.s:206    .text.exti3_irq_init:00000000 exti3_irq_init
C:\Users\DEVELO~1\AppData\Local\Temp\ccZRP2cb.s:232    .text.exti3_irq_deinit:00000000 $t
C:\Users\DEVELO~1\AppData\Local\Temp\ccZRP2cb.s:237    .text.exti3_irq_deinit:00000000 exti3_irq_deinit
C:\Users\DEVELO~1\AppData\Local\Temp\ccZRP2cb.s:262    .text.exti4_irq_init:00000000 $t
C:\Users\DEVELO~1\AppData\Local\Temp\ccZRP2cb.s:267    .text.exti4_irq_init:00000000 exti4_irq_init
C:\Users\DEVELO~1\AppData\Local\Temp\ccZRP2cb.s:293    .text.exti4_irq_deinit:00000000 $t
C:\Users\DEVELO~1\AppData\Local\Temp\ccZRP2cb.s:298    .text.exti4_irq_deinit:00000000 exti4_irq_deinit
C:\Users\DEVELO~1\AppData\Local\Temp\ccZRP2cb.s:323    .text.exti5_9_irq_init:00000000 $t
C:\Users\DEVELO~1\AppData\Local\Temp\ccZRP2cb.s:328    .text.exti5_9_irq_init:00000000 exti5_9_irq_init
C:\Users\DEVELO~1\AppData\Local\Temp\ccZRP2cb.s:354    .text.exti5_9_irq_deinit:00000000 $t
C:\Users\DEVELO~1\AppData\Local\Temp\ccZRP2cb.s:359    .text.exti5_9_irq_deinit:00000000 exti5_9_irq_deinit
C:\Users\DEVELO~1\AppData\Local\Temp\ccZRP2cb.s:384    .text.exti10_15_irq_init:00000000 $t
C:\Users\DEVELO~1\AppData\Local\Temp\ccZRP2cb.s:389    .text.exti10_15_irq_init:00000000 exti10_15_irq_init
C:\Users\DEVELO~1\AppData\Local\Temp\ccZRP2cb.s:415    .text.exti10_15_irq_deinit:00000000 $t
C:\Users\DEVELO~1\AppData\Local\Temp\ccZRP2cb.s:420    .text.exti10_15_irq_deinit:00000000 exti10_15_irq_deinit
C:\Users\DEVELO~1\AppData\Local\Temp\ccZRP2cb.s:445    .text.exti16_irq_init:00000000 $t
C:\Users\DEVELO~1\AppData\Local\Temp\ccZRP2cb.s:450    .text.exti16_irq_init:00000000 exti16_irq_init
C:\Users\DEVELO~1\AppData\Local\Temp\ccZRP2cb.s:476    .text.exti16_irq_deinit:00000000 $t
C:\Users\DEVELO~1\AppData\Local\Temp\ccZRP2cb.s:481    .text.exti16_irq_deinit:00000000 exti16_irq_deinit
C:\Users\DEVELO~1\AppData\Local\Temp\ccZRP2cb.s:506    .text.exti17_irq_init:00000000 $t
C:\Users\DEVELO~1\AppData\Local\Temp\ccZRP2cb.s:511    .text.exti17_irq_init:00000000 exti17_irq_init
C:\Users\DEVELO~1\AppData\Local\Temp\ccZRP2cb.s:537    .text.exti17_irq_deinit:00000000 $t
C:\Users\DEVELO~1\AppData\Local\Temp\ccZRP2cb.s:542    .text.exti17_irq_deinit:00000000 exti17_irq_deinit
C:\Users\DEVELO~1\AppData\Local\Temp\ccZRP2cb.s:567    .text.exti18_irq_init:00000000 $t
C:\Users\DEVELO~1\AppData\Local\Temp\ccZRP2cb.s:572    .text.exti18_irq_init:00000000 exti18_irq_init
C:\Users\DEVELO~1\AppData\Local\Temp\ccZRP2cb.s:598    .text.exti18_irq_deinit:00000000 $t
C:\Users\DEVELO~1\AppData\Local\Temp\ccZRP2cb.s:603    .text.exti18_irq_deinit:00000000 exti18_irq_deinit
C:\Users\DEVELO~1\AppData\Local\Temp\ccZRP2cb.s:628    .text.exti19_irq_init:00000000 $t
C:\Users\DEVELO~1\AppData\Local\Temp\ccZRP2cb.s:633    .text.exti19_irq_init:00000000 exti19_irq_init
C:\Users\DEVELO~1\AppData\Local\Temp\ccZRP2cb.s:659    .text.exti19_irq_deinit:00000000 $t
C:\Users\DEVELO~1\AppData\Local\Temp\ccZRP2cb.s:664    .text.exti19_irq_deinit:00000000 exti19_irq_deinit
C:\Users\DEVELO~1\AppData\Local\Temp\ccZRP2cb.s:689    .text.exti20_exti21_irq_init:00000000 $t
C:\Users\DEVELO~1\AppData\Local\Temp\ccZRP2cb.s:694    .text.exti20_exti21_irq_init:00000000 exti20_exti21_irq_init
C:\Users\DEVELO~1\AppData\Local\Temp\ccZRP2cb.s:720    .text.exti20_exti21_irq_deinit:00000000 $t
C:\Users\DEVELO~1\AppData\Local\Temp\ccZRP2cb.s:725    .text.exti20_exti21_irq_deinit:00000000 exti20_exti21_irq_deinit
C:\Users\DEVELO~1\AppData\Local\Temp\ccZRP2cb.s:750    .text.fdcan1_irq_init:00000000 $t
C:\Users\DEVELO~1\AppData\Local\Temp\ccZRP2cb.s:755    .text.fdcan1_irq_init:00000000 fdcan1_irq_init
C:\Users\DEVELO~1\AppData\Local\Temp\ccZRP2cb.s:781    .text.fdcan1_irq_deinit:00000000 $t
C:\Users\DEVELO~1\AppData\Local\Temp\ccZRP2cb.s:786    .text.fdcan1_irq_deinit:00000000 fdcan1_irq_deinit
C:\Users\DEVELO~1\AppData\Local\Temp\ccZRP2cb.s:811    .text.fdcan2_irq_init:00000000 $t
C:\Users\DEVELO~1\AppData\Local\Temp\ccZRP2cb.s:816    .text.fdcan2_irq_init:00000000 fdcan2_irq_init
C:\Users\DEVELO~1\AppData\Local\Temp\ccZRP2cb.s:842    .text.fdcan2_irq_deinit:00000000 $t
ARM GAS  C:\Users\DEVELO~1\AppData\Local\Temp\ccZRP2cb.s 			page 154


C:\Users\DEVELO~1\AppData\Local\Temp\ccZRP2cb.s:847    .text.fdcan2_irq_deinit:00000000 fdcan2_irq_deinit
C:\Users\DEVELO~1\AppData\Local\Temp\ccZRP2cb.s:872    .text.fdcan3_irq_init:00000000 $t
C:\Users\DEVELO~1\AppData\Local\Temp\ccZRP2cb.s:877    .text.fdcan3_irq_init:00000000 fdcan3_irq_init
C:\Users\DEVELO~1\AppData\Local\Temp\ccZRP2cb.s:903    .text.fdcan3_irq_deinit:00000000 $t
C:\Users\DEVELO~1\AppData\Local\Temp\ccZRP2cb.s:908    .text.fdcan3_irq_deinit:00000000 fdcan3_irq_deinit
C:\Users\DEVELO~1\AppData\Local\Temp\ccZRP2cb.s:933    .text.quadspi1_irq_init:00000000 $t
C:\Users\DEVELO~1\AppData\Local\Temp\ccZRP2cb.s:938    .text.quadspi1_irq_init:00000000 quadspi1_irq_init
C:\Users\DEVELO~1\AppData\Local\Temp\ccZRP2cb.s:964    .text.quadspi1_irq_deinit:00000000 $t
C:\Users\DEVELO~1\AppData\Local\Temp\ccZRP2cb.s:969    .text.quadspi1_irq_deinit:00000000 quadspi1_irq_deinit
C:\Users\DEVELO~1\AppData\Local\Temp\ccZRP2cb.s:994    .text.sdmmc1_irq_init:00000000 $t
C:\Users\DEVELO~1\AppData\Local\Temp\ccZRP2cb.s:999    .text.sdmmc1_irq_init:00000000 sdmmc1_irq_init
C:\Users\DEVELO~1\AppData\Local\Temp\ccZRP2cb.s:1023   .text.sdmmc1_irq_deinit:00000000 $t
C:\Users\DEVELO~1\AppData\Local\Temp\ccZRP2cb.s:1028   .text.sdmmc1_irq_deinit:00000000 sdmmc1_irq_deinit
C:\Users\DEVELO~1\AppData\Local\Temp\ccZRP2cb.s:1050   .text.Vector104:00000000 $t
C:\Users\DEVELO~1\AppData\Local\Temp\ccZRP2cb.s:1056   .text.Vector104:00000000 Vector104
C:\Users\DEVELO~1\AppData\Local\Temp\ccZRP2cb.s:1084   .text.Vector104:00000020 $d
C:\Users\DEVELO~1\AppData\Local\Temp\ccZRP2cb.s:2817   .rodata.__func__.3:00000000 __func__.3
C:\Users\DEVELO~1\AppData\Local\Temp\ccZRP2cb.s:1090   .text.sdmmc2_irq_init:00000000 $t
C:\Users\DEVELO~1\AppData\Local\Temp\ccZRP2cb.s:1095   .text.sdmmc2_irq_init:00000000 sdmmc2_irq_init
C:\Users\DEVELO~1\AppData\Local\Temp\ccZRP2cb.s:1121   .text.sdmmc2_irq_deinit:00000000 $t
C:\Users\DEVELO~1\AppData\Local\Temp\ccZRP2cb.s:1126   .text.sdmmc2_irq_deinit:00000000 sdmmc2_irq_deinit
C:\Users\DEVELO~1\AppData\Local\Temp\ccZRP2cb.s:1151   .text.usart1_irq_init:00000000 $t
C:\Users\DEVELO~1\AppData\Local\Temp\ccZRP2cb.s:1156   .text.usart1_irq_init:00000000 usart1_irq_init
C:\Users\DEVELO~1\AppData\Local\Temp\ccZRP2cb.s:1180   .text.usart1_irq_deinit:00000000 $t
C:\Users\DEVELO~1\AppData\Local\Temp\ccZRP2cb.s:1185   .text.usart1_irq_deinit:00000000 usart1_irq_deinit
C:\Users\DEVELO~1\AppData\Local\Temp\ccZRP2cb.s:1207   .text.VectorD4:00000000 $t
C:\Users\DEVELO~1\AppData\Local\Temp\ccZRP2cb.s:1213   .text.VectorD4:00000000 VectorD4
C:\Users\DEVELO~1\AppData\Local\Temp\ccZRP2cb.s:1241   .text.VectorD4:00000020 $d
C:\Users\DEVELO~1\AppData\Local\Temp\ccZRP2cb.s:2823   .rodata.__func__.2:00000000 __func__.2
C:\Users\DEVELO~1\AppData\Local\Temp\ccZRP2cb.s:1247   .text.usart2_irq_init:00000000 $t
C:\Users\DEVELO~1\AppData\Local\Temp\ccZRP2cb.s:1252   .text.usart2_irq_init:00000000 usart2_irq_init
C:\Users\DEVELO~1\AppData\Local\Temp\ccZRP2cb.s:1278   .text.usart2_irq_deinit:00000000 $t
C:\Users\DEVELO~1\AppData\Local\Temp\ccZRP2cb.s:1283   .text.usart2_irq_deinit:00000000 usart2_irq_deinit
C:\Users\DEVELO~1\AppData\Local\Temp\ccZRP2cb.s:1308   .text.usart3_irq_init:00000000 $t
C:\Users\DEVELO~1\AppData\Local\Temp\ccZRP2cb.s:1313   .text.usart3_irq_init:00000000 usart3_irq_init
C:\Users\DEVELO~1\AppData\Local\Temp\ccZRP2cb.s:1339   .text.usart3_irq_deinit:00000000 $t
C:\Users\DEVELO~1\AppData\Local\Temp\ccZRP2cb.s:1344   .text.usart3_irq_deinit:00000000 usart3_irq_deinit
C:\Users\DEVELO~1\AppData\Local\Temp\ccZRP2cb.s:1369   .text.uart4_irq_init:00000000 $t
C:\Users\DEVELO~1\AppData\Local\Temp\ccZRP2cb.s:1374   .text.uart4_irq_init:00000000 uart4_irq_init
C:\Users\DEVELO~1\AppData\Local\Temp\ccZRP2cb.s:1400   .text.uart4_irq_deinit:00000000 $t
C:\Users\DEVELO~1\AppData\Local\Temp\ccZRP2cb.s:1405   .text.uart4_irq_deinit:00000000 uart4_irq_deinit
C:\Users\DEVELO~1\AppData\Local\Temp\ccZRP2cb.s:1430   .text.uart5_irq_init:00000000 $t
C:\Users\DEVELO~1\AppData\Local\Temp\ccZRP2cb.s:1435   .text.uart5_irq_init:00000000 uart5_irq_init
C:\Users\DEVELO~1\AppData\Local\Temp\ccZRP2cb.s:1459   .text.uart5_irq_deinit:00000000 $t
C:\Users\DEVELO~1\AppData\Local\Temp\ccZRP2cb.s:1464   .text.uart5_irq_deinit:00000000 uart5_irq_deinit
C:\Users\DEVELO~1\AppData\Local\Temp\ccZRP2cb.s:1486   .text.Vector114:00000000 $t
C:\Users\DEVELO~1\AppData\Local\Temp\ccZRP2cb.s:1492   .text.Vector114:00000000 Vector114
C:\Users\DEVELO~1\AppData\Local\Temp\ccZRP2cb.s:1520   .text.Vector114:00000020 $d
C:\Users\DEVELO~1\AppData\Local\Temp\ccZRP2cb.s:2829   .rodata.__func__.1:00000000 __func__.1
C:\Users\DEVELO~1\AppData\Local\Temp\ccZRP2cb.s:1526   .text.usart6_irq_init:00000000 $t
C:\Users\DEVELO~1\AppData\Local\Temp\ccZRP2cb.s:1531   .text.usart6_irq_init:00000000 usart6_irq_init
C:\Users\DEVELO~1\AppData\Local\Temp\ccZRP2cb.s:1557   .text.usart6_irq_deinit:00000000 $t
C:\Users\DEVELO~1\AppData\Local\Temp\ccZRP2cb.s:1562   .text.usart6_irq_deinit:00000000 usart6_irq_deinit
C:\Users\DEVELO~1\AppData\Local\Temp\ccZRP2cb.s:1587   .text.uart7_irq_init:00000000 $t
C:\Users\DEVELO~1\AppData\Local\Temp\ccZRP2cb.s:1592   .text.uart7_irq_init:00000000 uart7_irq_init
C:\Users\DEVELO~1\AppData\Local\Temp\ccZRP2cb.s:1618   .text.uart7_irq_deinit:00000000 $t
C:\Users\DEVELO~1\AppData\Local\Temp\ccZRP2cb.s:1623   .text.uart7_irq_deinit:00000000 uart7_irq_deinit
ARM GAS  C:\Users\DEVELO~1\AppData\Local\Temp\ccZRP2cb.s 			page 155


C:\Users\DEVELO~1\AppData\Local\Temp\ccZRP2cb.s:1648   .text.uart8_irq_init:00000000 $t
C:\Users\DEVELO~1\AppData\Local\Temp\ccZRP2cb.s:1653   .text.uart8_irq_init:00000000 uart8_irq_init
C:\Users\DEVELO~1\AppData\Local\Temp\ccZRP2cb.s:1679   .text.uart8_irq_deinit:00000000 $t
C:\Users\DEVELO~1\AppData\Local\Temp\ccZRP2cb.s:1684   .text.uart8_irq_deinit:00000000 uart8_irq_deinit
C:\Users\DEVELO~1\AppData\Local\Temp\ccZRP2cb.s:1709   .text.uart9_irq_init:00000000 $t
C:\Users\DEVELO~1\AppData\Local\Temp\ccZRP2cb.s:1714   .text.uart9_irq_init:00000000 uart9_irq_init
C:\Users\DEVELO~1\AppData\Local\Temp\ccZRP2cb.s:1740   .text.uart9_irq_deinit:00000000 $t
C:\Users\DEVELO~1\AppData\Local\Temp\ccZRP2cb.s:1745   .text.uart9_irq_deinit:00000000 uart9_irq_deinit
C:\Users\DEVELO~1\AppData\Local\Temp\ccZRP2cb.s:1770   .text.usart10_irq_init:00000000 $t
C:\Users\DEVELO~1\AppData\Local\Temp\ccZRP2cb.s:1775   .text.usart10_irq_init:00000000 usart10_irq_init
C:\Users\DEVELO~1\AppData\Local\Temp\ccZRP2cb.s:1801   .text.usart10_irq_deinit:00000000 $t
C:\Users\DEVELO~1\AppData\Local\Temp\ccZRP2cb.s:1806   .text.usart10_irq_deinit:00000000 usart10_irq_deinit
C:\Users\DEVELO~1\AppData\Local\Temp\ccZRP2cb.s:1831   .text.lpuart1_irq_init:00000000 $t
C:\Users\DEVELO~1\AppData\Local\Temp\ccZRP2cb.s:1836   .text.lpuart1_irq_init:00000000 lpuart1_irq_init
C:\Users\DEVELO~1\AppData\Local\Temp\ccZRP2cb.s:1862   .text.lpuart1_irq_deinit:00000000 $t
C:\Users\DEVELO~1\AppData\Local\Temp\ccZRP2cb.s:1867   .text.lpuart1_irq_deinit:00000000 lpuart1_irq_deinit
C:\Users\DEVELO~1\AppData\Local\Temp\ccZRP2cb.s:1892   .text.tim1_irq_init:00000000 $t
C:\Users\DEVELO~1\AppData\Local\Temp\ccZRP2cb.s:1897   .text.tim1_irq_init:00000000 tim1_irq_init
C:\Users\DEVELO~1\AppData\Local\Temp\ccZRP2cb.s:1923   .text.tim1_irq_deinit:00000000 $t
C:\Users\DEVELO~1\AppData\Local\Temp\ccZRP2cb.s:1928   .text.tim1_irq_deinit:00000000 tim1_irq_deinit
C:\Users\DEVELO~1\AppData\Local\Temp\ccZRP2cb.s:1953   .text.tim2_irq_init:00000000 $t
C:\Users\DEVELO~1\AppData\Local\Temp\ccZRP2cb.s:1958   .text.tim2_irq_init:00000000 tim2_irq_init
C:\Users\DEVELO~1\AppData\Local\Temp\ccZRP2cb.s:1982   .text.tim2_irq_deinit:00000000 $t
C:\Users\DEVELO~1\AppData\Local\Temp\ccZRP2cb.s:1987   .text.tim2_irq_deinit:00000000 tim2_irq_deinit
C:\Users\DEVELO~1\AppData\Local\Temp\ccZRP2cb.s:2009   .text.VectorB0:00000000 $t
C:\Users\DEVELO~1\AppData\Local\Temp\ccZRP2cb.s:2015   .text.VectorB0:00000000 VectorB0
C:\Users\DEVELO~1\AppData\Local\Temp\ccZRP2cb.s:2042   .text.VectorB0:0000001c $d
C:\Users\DEVELO~1\AppData\Local\Temp\ccZRP2cb.s:2835   .rodata.__func__.0:00000000 __func__.0
C:\Users\DEVELO~1\AppData\Local\Temp\ccZRP2cb.s:2047   .text.tim3_irq_init:00000000 $t
C:\Users\DEVELO~1\AppData\Local\Temp\ccZRP2cb.s:2052   .text.tim3_irq_init:00000000 tim3_irq_init
C:\Users\DEVELO~1\AppData\Local\Temp\ccZRP2cb.s:2078   .text.tim3_irq_deinit:00000000 $t
C:\Users\DEVELO~1\AppData\Local\Temp\ccZRP2cb.s:2083   .text.tim3_irq_deinit:00000000 tim3_irq_deinit
C:\Users\DEVELO~1\AppData\Local\Temp\ccZRP2cb.s:2108   .text.tim4_irq_init:00000000 $t
C:\Users\DEVELO~1\AppData\Local\Temp\ccZRP2cb.s:2113   .text.tim4_irq_init:00000000 tim4_irq_init
C:\Users\DEVELO~1\AppData\Local\Temp\ccZRP2cb.s:2139   .text.tim4_irq_deinit:00000000 $t
C:\Users\DEVELO~1\AppData\Local\Temp\ccZRP2cb.s:2144   .text.tim4_irq_deinit:00000000 tim4_irq_deinit
C:\Users\DEVELO~1\AppData\Local\Temp\ccZRP2cb.s:2169   .text.tim5_irq_init:00000000 $t
C:\Users\DEVELO~1\AppData\Local\Temp\ccZRP2cb.s:2174   .text.tim5_irq_init:00000000 tim5_irq_init
C:\Users\DEVELO~1\AppData\Local\Temp\ccZRP2cb.s:2200   .text.tim5_irq_deinit:00000000 $t
C:\Users\DEVELO~1\AppData\Local\Temp\ccZRP2cb.s:2205   .text.tim5_irq_deinit:00000000 tim5_irq_deinit
C:\Users\DEVELO~1\AppData\Local\Temp\ccZRP2cb.s:2230   .text.tim6_irq_init:00000000 $t
C:\Users\DEVELO~1\AppData\Local\Temp\ccZRP2cb.s:2235   .text.tim6_irq_init:00000000 tim6_irq_init
C:\Users\DEVELO~1\AppData\Local\Temp\ccZRP2cb.s:2261   .text.tim6_irq_deinit:00000000 $t
C:\Users\DEVELO~1\AppData\Local\Temp\ccZRP2cb.s:2266   .text.tim6_irq_deinit:00000000 tim6_irq_deinit
C:\Users\DEVELO~1\AppData\Local\Temp\ccZRP2cb.s:2291   .text.tim7_irq_init:00000000 $t
C:\Users\DEVELO~1\AppData\Local\Temp\ccZRP2cb.s:2296   .text.tim7_irq_init:00000000 tim7_irq_init
C:\Users\DEVELO~1\AppData\Local\Temp\ccZRP2cb.s:2322   .text.tim7_irq_deinit:00000000 $t
C:\Users\DEVELO~1\AppData\Local\Temp\ccZRP2cb.s:2327   .text.tim7_irq_deinit:00000000 tim7_irq_deinit
C:\Users\DEVELO~1\AppData\Local\Temp\ccZRP2cb.s:2352   .text.tim8_tim12_tim13_tim14_irq_init:00000000 $t
C:\Users\DEVELO~1\AppData\Local\Temp\ccZRP2cb.s:2357   .text.tim8_tim12_tim13_tim14_irq_init:00000000 tim8_tim12_tim13_tim14_irq_init
C:\Users\DEVELO~1\AppData\Local\Temp\ccZRP2cb.s:2383   .text.tim8_tim12_tim13_tim14_irq_deinit:00000000 $t
C:\Users\DEVELO~1\AppData\Local\Temp\ccZRP2cb.s:2388   .text.tim8_tim12_tim13_tim14_irq_deinit:00000000 tim8_tim12_tim13_tim14_irq_deinit
C:\Users\DEVELO~1\AppData\Local\Temp\ccZRP2cb.s:2413   .text.tim15_irq_init:00000000 $t
C:\Users\DEVELO~1\AppData\Local\Temp\ccZRP2cb.s:2418   .text.tim15_irq_init:00000000 tim15_irq_init
C:\Users\DEVELO~1\AppData\Local\Temp\ccZRP2cb.s:2444   .text.tim15_irq_deinit:00000000 $t
C:\Users\DEVELO~1\AppData\Local\Temp\ccZRP2cb.s:2449   .text.tim15_irq_deinit:00000000 tim15_irq_deinit
C:\Users\DEVELO~1\AppData\Local\Temp\ccZRP2cb.s:2474   .text.tim16_irq_init:00000000 $t
ARM GAS  C:\Users\DEVELO~1\AppData\Local\Temp\ccZRP2cb.s 			page 156


C:\Users\DEVELO~1\AppData\Local\Temp\ccZRP2cb.s:2479   .text.tim16_irq_init:00000000 tim16_irq_init
C:\Users\DEVELO~1\AppData\Local\Temp\ccZRP2cb.s:2505   .text.tim16_irq_deinit:00000000 $t
C:\Users\DEVELO~1\AppData\Local\Temp\ccZRP2cb.s:2510   .text.tim16_irq_deinit:00000000 tim16_irq_deinit
C:\Users\DEVELO~1\AppData\Local\Temp\ccZRP2cb.s:2535   .text.tim17_irq_init:00000000 $t
C:\Users\DEVELO~1\AppData\Local\Temp\ccZRP2cb.s:2540   .text.tim17_irq_init:00000000 tim17_irq_init
C:\Users\DEVELO~1\AppData\Local\Temp\ccZRP2cb.s:2566   .text.tim17_irq_deinit:00000000 $t
C:\Users\DEVELO~1\AppData\Local\Temp\ccZRP2cb.s:2571   .text.tim17_irq_deinit:00000000 tim17_irq_deinit
C:\Users\DEVELO~1\AppData\Local\Temp\ccZRP2cb.s:2596   .text.irqInit:00000000 $t
C:\Users\DEVELO~1\AppData\Local\Temp\ccZRP2cb.s:2602   .text.irqInit:00000000 irqInit
C:\Users\DEVELO~1\AppData\Local\Temp\ccZRP2cb.s:2706   .text.irqDeinit:00000000 $t
C:\Users\DEVELO~1\AppData\Local\Temp\ccZRP2cb.s:2712   .text.irqDeinit:00000000 irqDeinit
C:\Users\DEVELO~1\AppData\Local\Temp\ccZRP2cb.s:2814   .rodata.__func__.3:00000000 $d
C:\Users\DEVELO~1\AppData\Local\Temp\ccZRP2cb.s:2820   .rodata.__func__.2:00000000 $d
C:\Users\DEVELO~1\AppData\Local\Temp\ccZRP2cb.s:2826   .rodata.__func__.1:00000000 $d
C:\Users\DEVELO~1\AppData\Local\Temp\ccZRP2cb.s:2832   .rodata.__func__.0:00000000 $d

UNDEFINED SYMBOLS
nvicEnableVector
nvicDisableVector
__trace_isr_enter
sdc_lld_serve_interrupt
__trace_isr_leave
__port_irq_epilogue
SDCD1
sd_lld_serve_interrupt
SD1
SD5
st_lld_serve_interrupt
