:020000040800F2
:1000000000040020D9030008DB030008DB0300081C
:10001000DB030008DB030008DB030008DB03000848
:10002000DB030008DB030008DB030008C1810008D4
:10003000DB030008DB030008DB030008DB03000828
:10004000DB030008DB030008DB030008DB03000818
:10005000DB030008DB030008DB030008DB03000808
:10006000DB030008DB030008DB0300084538000859
:1000700095380008E93800083D3900089139000832
:10008000E1390008353A0008B5360008DB030008FE
:10009000DB030008DB030008DB030008DB030008C8
:1000A000DB030008DB030008DB030008DB030008B8
:1000B0002D2C0008DB030008692C0008DB03000876
:1000C000DB030008BD44000801450008DB0300080D
:1000D0008D5D0008192B0008DB030008DB03000816
:1000E000DB030008DB030008DB030008DB03000878
:1000F000DB030008DB030008DB030008893A000883
:1001000099280008DB030008DB030008DB03000874
:10011000DB030008752B0008DB030008DB03000885
:10012000DD3A00082D3B0008813B0008D53B000864
:10013000293C0008DB030008DB030008DB030008A0
:10014000DB030008DB030008DB030008DB03000817
:10015000793C0008CD3C0008213D0008AD2B00088B
:10016000DB030008DB030008DB030008DB030008F7
:10017000DB030008DB030008DB030008DB030008E7
:10018000DB030008DB030008DB030008DB030008D7
:10019000DB030008DB030008DB030008DB030008C7
:1001A000DB030008DB030008DB030008DB030008B7
:1001B000DB030008DB030008DB030008DB030008A7
:1001C000DB030008DB030008DB030008DB03000897
:1001D000DB030008BD510008DB030008DB03000857
:1001E000DB030008DB030008DB030008DB03000877
:1001F000DB030008DB030008DB030008DB03000867
:10020000DB030008DB030008DB030008DB03000856
:10021000DB030008DB030008DB030008DB03000846
:10022000DB030008DB030008DB030008DB03000836
:10023000DB030008DB030008DB030008DB03000826
:10024000DB030008DB030008DB030008DB03000816
:10025000DB030008DB030008DB030008DB03000806
:10026000DB030008DB030008DB030008DB030008F6
:10027000DB030008DB030008DB030008DB030008E6
:10028000DB030008DB030008DB030008DB030008D6
:10029000DB030008DB030008DB030008DB030008C6
:1002A000DB030008DB030008DB030008DB030008B6
:1002B000DB030008DB030008DB030008DB030008A6
:1002C000DB030008DB030008DB030008DB03000896
:1002D000DB030008DB030008DB030008DB03000886
:1003000072B6264880F30888254880F30988254876
:1003100025490860022080F31488BFF36F8F00F036
:100320002BFF06F0A3FA4FF0553020491B4A9142AB
:100330003CBF41F8040BFAE71D49194A91423CBF02
:1003400041F8040BFAE71B491B4A1C4B9A423EBF7B
:1003500051F8040B42F8040BF8E700201849194A39
:1003600091423CBF41F8040BFAE700F017FF00F0A0
:100370000BFF154C154DAC4203DA54F8041B8847AB
:10038000F9E708F043F8124C124DAC4203DA54F886
:10039000041B8847F9E700F0FDBE000000040020C0
:1003A000000800200000000808ED00E00000002028
:1003B0000004002034F8000800000024AC060024EB
:1003C000B0060024F0190024E0020008E002000852
:1003D000E0020008E002000892E700F000F8FEE703
:1003E0002DE9F04FC1F80CD0D0F80CD0BDE8F08F5B
:1003F000002383F311882846A047002007F0ACFBB8
:10040000FEE707F041F900DFFEE70000844641EA1D
:10041000000313F003036DD1403A41D351F8043B7C
:1004200040F8043B51F8043B40F8043B51F8043BCE
:1004300040F8043B51F8043B40F8043B51F8043BBE
:1004400040F8043B51F8043B40F8043B51F8043BAE
:1004500040F8043B51F8043B40F8043B51F8043B9E
:1004600040F8043B51F8043B40F8043B51F8043B8E
:1004700040F8043B51F8043B40F8043B51F8043B7E
:1004800040F8043B51F8043B40F8043B51F8043B6E
:1004900040F8043B51F8043B40F8043B403ABDD2DD
:1004A000303211D351F8043B40F8043B51F8043B7F
:1004B00040F8043B51F8043B40F8043B51F8043B3E
:1004C00040F8043B103AEDD20C3205D351F8043B0E
:1004D00040F8043B043AF9D2043208D0D2071CBFDA
:1004E00011F8013B00F8013B01D30B880380604603
:1004F000704700BF082A13D38B078DD010F0030379
:100500008AD0C3F10403D21ADB071CBF11F8013BE8
:1005100000F8013B80D331F8023B20F8023B7BE737
:10052000043AD9D3013A11F8013B00F8013BF9D262
:100530000B7803704B7843708B78837060467047FC
:1005400001F0FF01102A2BDB10F0070F08D010F884
:10055000013B013A8B422DD010F0070F42B3F6D188
:10056000F0B441EA012141EA014122F007047FF0A1
:1005700000070023F0E80256083C85EA010586EAF8
:10058000010685FA47F5A3FA87F586FA47F6A5FA34
:1005900087F68EB9EED1F0BC01F0FF0102F0070240
:1005A00032B110F8013B013A83EA010313B1F8D1EB
:1005B0000020704701387047002D06BF35460338CC
:1005C000073815F0010F07D1013015F4807F02BF05
:1005D000013015F4C03F0130F0BC0138704700BF56
:1005E000000000000000000000000000000000000B
:1005F00000000000000000000000000000000000FB
:1006000090F800F06DE9024520F007016FF0000C52
:1006100010F0070491F820F040F049804FF00004FA
:100620006FF00700D1E9002391F840F000F10800D5
:1006300082FA4CF2A4FA8CF283FA4CF3A2FA8CF30D
:100640004BBBD1E9022382FA4CF200F10800A4FA74
:100650008CF283FA4CF3A2FA8CF3E3B9D1E90423C8
:1006600082FA4CF200F10800A4FA8CF283FA4CF3FF
:10067000A2FA8CF37BB9D1E9062301F1200182FAB9
:100680004CF200F10800A4FA8CF283FA4CF3A2FABF
:100690008CF3002BC6D0002A04BF04301A4612BACD
:1006A000B2FA82F2FDE8024500EBD2007047D1E9D0
:1006B000002304F00305C4F100004FEAC50514F05F
:1006C000040F91F840F00CFA05F562EA05021CBF30
:1006D00063EA050362464FF00004A9E781F0004198
:1006E00002E000BF83F0004330B54FEA41044FEA17
:1006F000430594EA050F08BF90EA020F1FBF54EAB2
:10070000000C55EA020C7FEA645C7FEA655C00F04D
:10071000E2804FEA5454D4EB5555B8BF6D420CDD1E
:100720002C4480EA020281EA030382EA000083EAA1
:10073000010180EA020281EA0303362D88BF30BD41
:1007400011F0004F4FEA01314FF4801C4CEA113197
:1007500002D0404261EB410113F0004F4FEA0333F6
:100760004CEA133302D0524263EB430394EA050F81
:1007700000F0A780A4F10104D5F1200E0DDB02FAF0
:100780000EFC22FA05F2801841F1000103FA0EF284
:10079000801843FA05F359410EE0A5F120050EF14A
:1007A000200E012A03FA0EFC28BF4CF0020C43FA7B
:1007B00005F3C01851EBE37101F0004507D54FF088
:1007C000000EDCF1000C7EEB00006EEB0101B1F5D8
:1007D000801F1BD3B1F5001F0CD349085FEA30001E
:1007E0004FEA3C0C04F101044FEA445212F5800F29
:1007F00080F09A80BCF1004F08BF5FEA500C50F1C6
:10080000000041EB045141EA050130BD5FEA4C0CA8
:10081000404141EB0101013C28BFB1F5801FE9D205
:1008200091F0000F04BF01460020B1FA81F308BF28
:100830002033A3F10B03B3F120020CDA0C3208DDF4
:1008400002F1140CC2F10C0201FA0CF021FA02F1CF
:100850000CE002F11402D8BFC2F1200C01FA02F13F
:1008600020FA0CFCDCBF41EA0C019040E41AA2BF64
:1008700001EB0451294330BD6FEA04041F3C1CDA2C
:100880000C340EDC04F11404C4F1200220FA04F04C
:1008900001FA02F340EA030021FA04F345EA0301F6
:1008A00030BDC4F10C04C4F1200220FA02F001FAB8
:1008B00004F340EA0300294630BD21FA04F029463A
:1008C00030BD94F0000F83F4801306BF81F48011D3
:1008D0000134013D4EE77FEA645C18BF7FEA655C46
:1008E00029D094EA050F08BF90EA020F05D054EA18
:1008F000000C04BF1946104630BD91EA030F1EBF1D
:100900000021002030BD5FEA545C05D14000494120
:1009100028BF41F0004130BD14F580043CBF01F513
:10092000801130BD01F0004545F0FE4141F47001F9
:100930004FF0000030BD7FEA645C1ABF19461046D4
:100940007FEA655C1CBF0B46024650EA013406BFD5
:1009500052EA033591EA030F41F4002130BD00BF94
:1009600090F0000F04BF0021704730B54FF4806451
:1009700004F132044FF000054FF0000150E700BFD2
:1009800090F0000F04BF0021704730B54FF4806431
:1009900004F1320410F0004548BF40424FF000011E
:1009A0003EE700BF42004FEAE2014FEA31014FEA61
:1009B00002701FBF12F07F4393F07F4F81F06051B0
:1009C000704732F07F4208BF704793F07F4F04BFFB
:1009D00041F40021704730B54FF4607401F00045D8
:1009E00021F000411CE700BF50EA010208BF704738
:1009F00030B54FF000050AE050EA010208BF704729
:100A000030B511F0004502D5404261EB41014FF491
:100A1000806404F132045FEA915C3FF4D8AE4FF099
:100A200003025FEADC0C18BF03325FEADC0C18BF7C
:100A3000033202EBDC02C2F1200300FA03FC20FACD
:100A400002F001FA03FE40EA0E0021FA02F114441A
:100A5000BDE600BF70B54FF0FF0C4CF4E06C1CEA33
:100A600011541DBF1CEA135594EA0C0F95EA0C0FA4
:100A700000F0DEF82C4481EA030621EA4C5123EA17
:100A80004C5350EA013518BF52EA033541F4801146
:100A900043F4801338D0A0FB02CE4FF00005E1FBF9
:100AA00002E506F00042E0FB03E54FF00006E1FB43
:100AB00003569CF0000F18BF4EF0010EA4F1FF0486
:100AC000B6F5007F64F5407404D25FEA4E0E6D41C6
:100AD00046EB060642EAC62141EA55514FEAC520D7
:100AE00040EA5E504FEACE2EB4F1FD0C88BFBCF553
:100AF000E06F1ED8BEF1004F08BF5FEA500E50F104
:100B0000000041EB045170BD06F0004646EA0101C9
:100B100040EA020081EA0301B4EB5C04C2BFD4EBFB
:100B20000C0541EA045170BD41F480114FF0000EF4
:100B3000013C00F3AB8014F1360FDEBF002001F062
:100B4000004170BDC4F10004203C35DA0C341BDCDC
:100B500004F11404C4F1200500FA05F320FA04F0AE
:100B600001FA05F240EA020001F0004221F00041E2
:100B700010EBD37021FA04F642EB06015EEA430E55
:100B800008BF20EAD37070BDC4F10C04C4F1200585
:100B900000FA04F320FA05F001FA04F240EA020038
:100BA00001F0004110EBD37041F100015EEA430E09
:100BB00008BF20EAD37070BDC4F1200500FA05F229
:100BC0004EEA020E20FA04F301FA05F243EA0203A8
:100BD00021FA04F001F0004121FA04F220EA0200B7
:100BE00000EBD3705EEA430E08BF20EAD37070BDFD
:100BF00094F0000F0FD101F00046400041EB0101DD
:100C000011F4801F08BF013CF7D041EA060195F0BE
:100C1000000F18BF704703F00046520043EB030378
:100C200013F4801F08BF013DF7D043EA0603704765
:100C300094EA0C0F0CEA135518BF95EA0C0F0CD070
:100C400050EA410618BF52EA4306D1D181EA0301B6
:100C500001F000414FF0000070BD50EA410606BFB0
:100C60001046194652EA430619D094EA0C0F02D1F5
:100C700050EA013613D195EA0C0F05D152EA03363A
:100C80001CBF104619460AD181EA030101F0004158
:100C900041F0FE4141F470014FF0000070BD41F0A1
:100CA000FE4141F4780170BD70B54FF0FF0C4CF47B
:100CB000E06C1CEA11541DBF1CEA135594EA0C0F9A
:100CC00095EA0C0F00F0A7F8A4EB050481EA030EE7
:100CD00052EA03354FEA013100F088804FEA0333CE
:100CE0004FF0805545EA131343EA12634FEA02229C
:100CF00045EA111545EA10654FEA00260EF000415D
:100D00009D4208BF964244F1FD0404F5407402D2AE
:100D10005B084FEA3202B61A65EB03055B084FEA3F
:100D200032024FF480104FF4002CB6EB020E75EB3C
:100D3000030E22BFB61A754640EA0C005B084FEA64
:100D40003202B6EB020E75EB030E22BFB61A7546E1
:100D500040EA5C005B084FEA3202B6EB020E75EB2C
:100D6000030E22BFB61A754640EA9C005B084FEAA4
:100D70003202B6EB020E75EB030E22BFB61A7546B1
:100D800040EADC0055EA060E18D04FEA051545EAA0
:100D900016754FEA06164FEAC30343EA52734FEA49
:100DA000C2025FEA1C1CC0D111F4801F0BD141EAC2
:100DB00000014FF000004FF0004CB6E711F4801F27
:100DC00004BF01430020B4F1FD0C88BFBCF5E06F07
:100DD0003FF6AFAEB5EB030C04BFB6EB020C5FEA17
:100DE000500C50F1000041EB045170BD0EF0004E6C
:100DF0004EEA113114EB5C04C2BFD4EB0C0541EA9E
:100E0000045170BD41F480114FF0000E013C90E69A
:100E100045EA060E8DE60CEA135594EA0C0F08BF5E
:100E200095EA0C0F3FF43BAF94EA0C0F0AD150EA5D
:100E300001347FF434AF95EA0C0F7FF425AF1046F0
:100E400019462CE795EA0C0F06D152EA03353FF418
:100E5000FDAE1046194622E750EA410618BF52EA95
:100E600043067FF4C5AE50EA41047FF40DAF52EA69
:100E700043057FF4EBAE12E74FF0FF3C06E000BF06
:100E80004FF0010C02E000BF4FF0010C4DF804CD13
:100E90004FEA410C7FEA6C5C4FEA430C18BF7FEAD3
:100EA0006C5C1BD001B050EA410C0CBF52EA430C01
:100EB00091EA030F02BF90EA020F0020704710F181
:100EC000000F91EA030F58BF994208BF90422CBF10
:100ED000D8176FEAE37040F0010070474FEA410C09
:100EE0007FEA6C5C02D150EA013C07D14FEA430C27
:100EF0007FEA6C5CD6D152EA033CD3D05DF8040B98
:100F0000704700BF8446104662468C4619466346C9
:100F100000E000BF01B5FFF7B7FF002848BF10F1A0
:100F2000000F01BD4DF808EDFFF7F4FF0CBF0120E5
:100F300000205DF808FB00BF4DF808EDFFF7EAFF61
:100F400034BF012000205DF808FB00BF4DF808ED1C
:100F5000FFF7E0FF94BF012000205DF808FB00BF11
:100F60004DF808EDFFF7CEFF94BF012000205DF89B
:100F700008FB00BF4DF808EDFFF7C4FF34BF0120A8
:100F800000205DF808FB00BF4FEA410C7FEA6C5C73
:100F900002D150EA013C0AD14FEA430C7FEA6C5C73
:100FA00002D152EA033C02D14FF0000070474FF0EB
:100FB000010070474FEA410212F5001215D211D517
:100FC0006FF47873B3EB625212D94FEAC12343F046
:100FD000004343EA505311F0004F23FA02F018BFC8
:100FE000404270474FF00000704750EA013005D191
:100FF00011F0004008BF6FF0004070474FF0000054
:10100000704700BF80B400AFBFF34F8F00BFBFF386
:101010006F8F00BF0C4B0022C3F85022BFF34F8FDD
:1010200000BFBFF36F8F00BF074B5B69064A43F4F5
:1010300000335361BFF34F8F00BFBFF36F8F00BF0B
:1010400000BFBD4680BC704700ED00E080B400AF3B
:10105000BFF34F8F00BFBFF36F8F00BF064B00225F
:10106000C3F85022BFF34F8F00BFBFF36F8F00BF95
:1010700000BFBD4680BC704700ED00E080B485B085
:1010800000AF1F4B0022C3F88420BFF34F8F00BF77
:101090001B4BD3F880307B607B685B0BC3F30E0384
:1010A000FB607B68DB08C3F30903BB60FB685A0184
:1010B00043F6E0731340BA68920711491343C1F82D
:1010C0006032BB685A1EBA60002BEFD1FB685A1E13
:1010D000FA60002BE5D1BFF34F8F00BF084B5B696F
:1010E000074A43F480335361BFF34F8F00BFBFF310
:1010F0006F8F00BF00BF1437BD4680BC704700BF74
:1011000000ED00E080B485B000AF1A4B0022C3F8B8
:101110008420BFF34F8F00BF164BD3F880307B6025
:101120007B685B0BC3F30E03FB607B68DB08C3F3D8
:101130000903BB60FB685A0143F6E0731340BA68C9
:1011400092070C491343C1F86C32BB685A1EBA604F
:10115000002BEFD1FB685A1EFA60002BE5D1BFF3DC
:101160004F8F00BFBFF36F8F00BF00BF1437BD4666
:1011700080BC704700ED00E080B500AFFFF742FF94
:10118000FFF77CFF00BF80BD80B400AF00BFBD464D
:1011900080BC704780B400AFFEE7000080B584B02B
:1011A00000AF194BFB60FB681B68BB60FB685B68AA
:1011B0007B6009E0BB681A687B681A607B6804334F
:1011C0007B60BB680433BB60FB689B687A689A42AB
:1011D000F0D305E07B6800221A607B6804337B60F3
:1011E000FB68DB687A689A42F4D3FB681033FB60D3
:1011F000FB68064A9342D6D3FFF784FFFFF726FF2A
:1012000000BF1037BD4680BD94ED000814EE000805
:1012100080B400AF00BFBD4680BC704780B500AF52
:10122000FFF7F6FF01F0B2FF02F0B4FE00F064FB3E
:1012300000F087FB00F0A5FB00F091FC00F006FD3C
:1012400000F0AAFF01F09CFA05F018FB00F037F857
:1012500000BF80BD80B400AF4FF080435B6A18468A
:10126000BD4680BC704780B483B000AF78604FF05B
:1012700080427B6853634FF0804300221A614FF035
:1012800080430222DA6000BF0C37BD4680BC704745
:1012900080B400AF4FF080430022DA6000BFBD464B
:1012A00080BC704780B483B000AF78604FF080425C
:1012B0007B68536300BF0C37BD4680BC704780B568
:1012C00000AF04F009FF00BF80BD80B500AFFFF79D
:1012D000C1FF0346184680BD80B582B000AF78607C
:1012E0007868FFF7C0FF00BF0837BD4680BD80B5F6
:1012F00000AFFFF7CDFF00BF80BD80B582B000AF6B
:1013000078607868FFF7CEFF00BF0837BD4680BD24
:1013100080B483B000AF78607B687A681A607B68BD
:101320007A685A6000BF0C37BD4680BC704780B4F5
:1013300083B000AF30237B607B6883F3118800BFEC
:1013400000BF00BF0C37BD4680BC704780B483B07F
:1013500000AF00237B607B6883F3118800BF00BF70
:1013600000BF0C37BD4680BC704780B582B000AF6F
:1013700078607B681846FFF7CBFF00BF0837BD4693
:1013800080BD80B500AFFFF7D2FF00BF80BD80B544
:1013900000AFFFF7DBFF00BF80BD80B582B000AFBC
:1013A00078607868FFF7E1FF00BF0837BD4680BD71
:1013B00080B582B000AF786039603968786806F02F
:1013C0003EFC034618460837BD4680BD80B582B056
:1013D00000AF786039603968786806F051FC00BF6A
:1013E0000837BD4680BD80B586B000AFF860B960F3
:1013F0007A60FB689B687A689A4202D9FB689B68AE
:101400007B60FB681A69FB689B69D31A7B617A6809
:101410007B699A420DD2FB689B697A681946B86865
:10142000FEF7F4FFFB689A697B681A44FB689A61CF
:101430002BE07A687B699A421CD9FB689B697A69C0
:101440001946B868FEF7E2FFBA687B691344BB60CF
:101450007A687B69D31A3B61FB68DB683A69194695
:10146000B868FEF7D3FFFB68DA683B691A44FB688B
:101470009A610AE0FB689B697A681946B868FEF7CA
:10148000C5FFFB68DA68FB689A61FB689A687B684D
:10149000D21AFB689A607B6818461837BD4680BD33
:1014A00080B586B000AFF860B9607A60FB689B6871
:1014B0007A689A4202D9FB689B687B60FB681A696C
:1014C000FB685B69D31A7B617A687B699A420DD2AB
:1014D000FB685B697A68B9681846FEF797FFFB6896
:1014E0005A697B681A44FB685A612BE07A687B6909
:1014F0009A421CD9FB685B697A69B9681846FEF79D
:1015000085FFBA687B691344BB607A687B69D31A2C
:101510003B61FB68DB683A69B9681846FEF776FFFD
:10152000FB68DA683B691A44FB685A610AE0FB68A9
:101530005B697A68B9681846FEF768FFFB68DA6885
:10154000FB685A61FB689A687B68D21AFB689A60EC
:101550007B6818461837BD4680BD80B584B000AFA3
:10156000F860B9607A603B60FB681846FFF715FFCA
:10157000FB6800229A60FB68BA68DA60FB68BA68A8
:101580009A61FB68BA685A61BA687B681A44FB685A
:101590001A61FB683A68DA61FB68BA691A6200BFCF
:1015A0001037BD4680BD80B582B000AF78600B4675
:1015B000FB707B685A697B689B699A4205D17B689E
:1015C0009B68002B01D0012300E0002303F00103FE
:1015D000DBB283F00103DBB2002B1CD07B689B687D
:1015E0005A1C7B689A607B685B69591C7A685161F8
:1015F000FA781A707B685A697B681B699A4203D330
:101600007B68DA687B685A617B6800211846FFF7BF
:10161000DDFE002301E04FF0FF3318460837BD46DA
:1016200080BD80B584B000AF78603960FFF7A9FE57
:101630000CE07B6839681846FFF7BAFEB860BB68F3
:10164000002B03DAFFF7A3FEBB6824E07B689B68EE
:10165000002BEED07B689B685A1E7B689A607B6883
:101660009B69591C7A6891611B78FB737B689A6946
:101670007B681B699A4203D37B68DA687B689A614E
:101680007B68DB69002B03D07B68DB69786898474F
:10169000FFF77DFEFB7B18461037BD4680BD80B549
:1016A00088B000AFF860B9607A603B60FB68DB69C6
:1016B000FB617B68BB61FFF764FE24E07A68B96870
:1016C000F868FFF790FE78617B69002B09D1FB6811
:1016D00039681846FFF76CFE38613B69002B12D061
:1016E00014E0FB69002B02D0FB69F8689847FFF70C
:1016F0004EFE7A687B69D31A7B60BA687B691344B3
:10170000BB60FFF73EFE7B68002BD7D1FFF73FFEA3
:10171000BA697B68D31A18462037BD4680BD80B5AC
:1017200084B000AFF860B9607A603B60FB6818462F
:10173000FFF733FEFB687A689A60FB68BA68DA6084
:10174000FB68BA689A61FB68BA685A61BA687B68D4
:101750001A44FB681A61FB683A68DA61FB68BA6987
:101760001A6200BF1037BD4680BD80B586B000AF9D
:10177000F8600B467A60FB72FFF703FE0CE0FB6833
:1017800079681846FFF714FE78617B69002B03DA4D
:10179000FFF7FDFD7B6924E0FB689B68002BEED022
:1017A000FB689B685A1EFB689A60FB685B69591C62
:1017B000FA685161FA7A1A70FB685A69FB681B690A
:1017C0009A4203D3FB68DA68FB685A61FB68DB69FD
:1017D000002B03D0FB68DB69F8689847FFF7D7FD5B
:1017E000002318461837BD4680BD80B584B000AFD1
:1017F00078607B685A697B689B699A4205D17B68EF
:101800009B68002B01D0012300E0002303F00103BB
:10181000DBB283F00103DBB2002B1CD07B689B683A
:101820005A1C7B689A607B689B69591C7A68916135
:101830001B78FB737B689A697B681B699A4203D3A8
:101840007B68DA687B689A617B6800211846FFF73D
:10185000BDFDFB7B01E04FF0FF3318461037BD465E
:1018600080BD80B588B000AFF860B9607A603B6039
:10187000FB68DB69FB617B68BB61FFF782FD24E0ED
:101880007A68B968F868FFF70BFE78617B69002B0E
:1018900009D1FB6839681846FFF78AFD38613B6952
:1018A000002B12D014E0FB69002B02D0FB69F86812
:1018B0009847FFF76CFD7A687B69D31A7B60BA683A
:1018C0007B691344BB60FFF75CFD7B68002BD7D1BD
:1018D000FFF75DFDBA697B68D31A18462037BD460D
:1018E00080BD80B582B000AF7860786806F069FA94
:1018F00000BF0837BD4680BD80B500AF01F0FAFEDD
:1019000000BF80BD80B582B000AF78607B680122E7
:101910001A707B6800225A607B6800229A607B689C
:101920000022DA607B6800221A617B6800225A611B
:101930007B6818331846FFF7D4FF00BF0837BD4651
:1019400080BD80B500AF04F01BFC00BF80BD80B43B
:1019500083B000AF78607B6801221A707B68002238
:101960005A6000BF0C37BD4680BC704780B582B05E
:1019700000AF7860786806F024FA00BF0837BD46EB
:1019800080BD80B500AF02F0DDFD00BF80BD80B539
:1019900082B000AF78607B6801221A707B680022F9
:1019A0005A607B680C331846FFF7E0FF00BF08372A
:1019B000BD4680BD80B483B000AF78607B687A6834
:1019C0001A6000BF0C37BD4680BC704780B582B03E
:1019D00000AF78607868FFF7EDFF00BF0837BD46BD
:1019E00080BD80B582B000AF7860396039687868B2
:1019F00006F025FA00BF0837BD4680BD80B584B02B
:101A000000AFF860B9607A60FB6803F130004FF016
:101A1000FF337A68B968FFF724FF0346184610378A
:101A2000BD4680BD80B584B000AFF860B9607A6013
:101A3000FB6803F10C004FF0FF337A68B968FFF7D9
:101A40002EFE034618461037BD4680BD80B582B0D5
:101A500000AF78600B46FB707B683033F9784FF04D
:101A6000FF321846FFF781FE034618460837BD4689
:101A700080BD80B582B000AF78607B680C334FF0DA
:101A8000FF311846FFF7CDFD034618460837BD461F
:101A900080BD80B584B000AFF8600B467A60FB7201
:101AA000FB683033F97A7A681846FFF75EFE034622
:101AB00018461037BD4680BD80B582B000AF786053
:101AC00039607B680C3339681846FFF7AAFD034676
:101AD00018460837BD4680BD80B584B000AFF860B9
:101AE000B9607A603B60FB6803F130003B687A685C
:101AF000B968FFF7B6FE034618461037BD4680BDED
:101B000080B584B000AFF860B9607A603B60FB6874
:101B100003F10C003B687A68B968FFF7C0FD034623
:101B200018461037BD4680BD80B487B000AFF8605E
:101B3000B9607A60FB687B61BB68002B03D0BB682F
:101B4000012B03D105E06FF0130303E06FF01303E3
:101B500000E0002318461C37BD4680BC704780B5A6
:101B600000AF04F00DFC00BF80BD000080B582B066
:101B700000AF78607B68074A1A607B6804331846B8
:101B8000FFF724FF7B6801221A7200BF0837BD46A9
:101B900080BD00BF14EE000880B582B000AF786051
:101BA0000B46FB707B685B69002B05D17B680433B7
:101BB00004211846FFF715FF7B680C33FA781146AD
:101BC0001846FFF7F0FC0346002B06DA7B68043367
:101BD0004FF400611846FFF704FF00BF0837BD4609
:101BE00080BD80B483B000AF30237B607B6883F31B
:101BF000118800BF00BF00BF0C37BD4680BC7047D6
:101C000080B483B000AF00237B607B6883F31188CE
:101C100000BF00BF00BF0C37BD4680BC704780B519
:101C200000AFFFF7DEFF00BF80BD80B500AFFFF75C
:101C3000E7FF00BF80BD80B582B000AF78607868F4
:101C400006F0BFF800BF0837BD4680BD80B500AFC5
:101C500004F0B0F800BF80BD80B582B000AF7860FE
:101C60007B6801221A707B6800225A607B68002220
:101C70009A607B680C331846FFF7DDFF00BF08371A
:101C8000BD4680BD80B584B000AF78603960FFF795
:101C9000C6FF7B683A685A60786804F0ADF8F8606F
:101CA000FB68002B03D17B6802221A7002E07B687C
:101CB00001221A70FFF7B9FFFB6818461037BD46BE
:101CC00080BD80B483B000AF30237B607B6883F33A
:101CD000118800BF00BF00BF00BF0C37BD4680BCED
:101CE000704780B483B000AF00237B607B6883F3D0
:101CF000118800BF00BF00BF00BF0C37BD4680BCCD
:101D0000704780B500AFFFF7DCFF00BF80BD80B536
:101D100000AFFFF7E6FF00BF80BD80B485B000AF25
:101D200078607B685A1C7A601B78FB817B681B7823
:101D30001B021AB2B7F90E3013431BB2FB81FB89A9
:101D400018461437BD4680BC704780B582B000AFDE
:101D500078607B6893F882207B6883F88A207868B3
:101D600003F0F2FA7B685B681B68002B05D07B6888
:101D70005B681B680121786898477B6803221A70AA
:101D800000BF0837BD4680BDF0B585B000AF7860B4
:101D90007B6893F8803003F07F027B6893F8813092
:101DA0001B02134340F60242934200F0208140F6AA
:101DB0000242934200F2E481B3F5106F00F0D68046
:101DC000B3F5106F00F2DC81B3F5006F00F0C18055
:101DD000B3F5006F00F2D48140F20162934200F249
:101DE000CF81B3F5C06F80F08E80B3F5A06F72D055
:101DF000B3F5A06F00F2C48140F20232934200F0CA
:101E00008B8140F20232934200F2BA81B3F5407FF7
:101E100046D0B3F5407F00F2B381B3F5817F00F087
:101E20004781B3F5817F00F2AB81B3F5807F1CD091
:101E3000B3F5807F00F2A481022B00F0E380022B37
:101E400000F29E81002B03D0012B00F0D08097E19F
:101E50007B6803F188027B685A677B6802229A6775
:101E60007B680022DA6701238BE17B6893F882307C
:101E7000012B13D17B68B3F8883023F002039AB2A8
:101E80007B68A3F888207B6800225A677B68002261
:101E90009A677B680022DA67012372E1002370E110
:101EA0007B6893F88230012B13D17B68B3F88830BC
:101EB00043F002039AB27B68A3F888207B68002273
:101EC0005A677B6800229A677B680022DA670123E1
:101ED00057E1002355E17B6893F88030002B07D150
:101EE0007B6893F88130052B02D17868FFF72DFFCE
:101EF0007B6800225A677B6800229A677B68002211
:101F0000DA6701233DE17B685B685C687B6893F876
:101F100083507B6893F882607B6884331846FFF7B0
:101F2000FCFE0346324629467868A047F860FB6805
:101F3000002B01D1002324E1FB685A687B685A67B3
:101F4000FB681A687B689A677B680022DA6701235E
:101F500017E17B6803F18B027B685A677B6801227B
:101F60009A677B680022DA6701230AE17B681B78A5
:101F7000042B18D1FFF7C5FE786800F03DF9FFF794
:101F8000C6FE7B68002283F88B207B6803221A70D0
:101F90007B685B681B68002B05D07B685B681B68EF
:101FA0000321786898477B6893F88230002B13D020
:101FB0007B6893F882207B6883F88B207B680422FF
:101FC0001A707B685B681B68002B05D07B685B68B8
:101FD0001B680221786898477B6800225A677B68F3
:101FE00000229A677B680022DA670123C9E07B68D8
:101FF000664A5A677B6802229A677B680022DA6722
:102000000123BEE07B6893F884305BB2002B27DAB3
:102010007B6893F8843003F00F03DBB219467868CD
:1020200003F0DDF90346012B02D0022B0BD015E0A3
:102030007B68574A5A677B6802229A677B6800224E
:10204000DA6701239DE07B68524A5A677B68022267
:102050009A677B680022DA67012392E0002390E010
:102060007B6893F8843003F00F03DBB2194678687D
:1020700003F092F90346012B02D0022B0BD015E09E
:102080007B68434A5A677B6802229A677B68002212
:10209000DA67012375E07B683E4A5A677B68022253
:1020A0009A677B680022DA6701236AE0002368E010
:1020B0007B6893F88230002B01D0002361E07B68BD
:1020C00093F8843003F00F03002B1AD07B6893F849
:1020D00084305BB2002B0ADA7B6893F8843003F01B
:1020E0000F03DBB21946786803F058FB09E07B6800
:1020F00093F8843003F00F03DBB21946786803F0DD
:1021000030FB7B6800225A677B6800229A677B68F5
:102110000022DA67012334E07B6893F88230002BD9
:1021200001D000232DE07B6893F8843003F00F0387
:10213000002B1AD07B6893F884305BB2002B0ADA4C
:102140007B6893F8843003F00F03DBB2194678689C
:1021500003F0EAFA09E07B6893F8843003F00F0398
:10216000DBB21946786803F0C2FA7B6800225A672E
:102170007B6800229A677B680022DA67012300E00F
:10218000002318461437BD46F0BD00BF3CEE0008E2
:1021900044EE000840EE000880B500AF03F022F8DE
:1021A00000BF80BD80B485B000AF78607B6801223D
:1021B0001A707B6800225A600023FB600EE07B6887
:1021C000FA680C32002143F822107B68FA68143256
:1021D000002143F82210FB680133FB60FB68072BEA
:1021E000EDD97B6800221A817B6800225A8100BFEA
:1021F0001437BD4680BC704780B584B000AF7860AE
:102200007B681B8903F001039AB27B681A817B68A3
:102210005B8903F001039AB27B685A810123FB605A
:1022200009E07A68FB6802339B00134400225A607D
:10223000FB680133FB60FB68082BF2D9786803F078
:102240009DF800BF1037BD4680BD80B586B000AF99
:10225000F8607A603B600B46FB72FB685A89FB7A38
:10226000012101FA03F39BB213439AB2FB685A812E
:10227000FB7AFA6802339B0013445B689B697B61BD
:102280007B697A689A607B693A681A607B69002288
:102290005A60FB7A1946F86803F0DBF800BF18377C
:1022A000BD4680BD80B586B000AFF8607A603B6007
:1022B0000B46FB72FB681A89FB7A012101FA03F3D2
:1022C0009BB213439AB2FB681A81FB7AFA68023315
:1022D0009B0013445B685B697B617B697A689A60E9
:1022E0007B693A681A607B6900225A60FB7A19465A
:1022F000F86803F04DF900BF1837BD4680BD80B5C2
:1023000084B000AF78607B6802221A707B6800227C
:10231000A3F888207B68002283F88A207B6800224B
:1023200083F88B207B6800221A817B6800225A8107
:102330000023FB6009E07A68FB6802339B001344CA
:1023400000225A60FB680133FB60FB68082BF2D95E
:102350007B68002283F87020786802F059FF7B6860
:102360005B681B68002B05D07B685B681B680021DD
:102370007868984700BF1037BD4680BD80B582B0F1
:1023800000AF78607B681B78052B18D07B681A78C3
:102390007B6883F88C207B6805221A707B685B68F9
:1023A0001B68002B05D07B685B681B68042178687C
:1023B00098477B6800221A817B6800225A8100BFFF
:1023C0000837BD4680BD80B582B000AF78607B68BD
:1023D0001B78052B0FD17B6893F88C207B681A70D3
:1023E0007B685B681B68002B05D07B685B681B689B
:1023F00005217868984700BF0837BD4680BD80B585
:1024000084B000AF78600B46FB707B6893F8703047
:10241000002B03D07B68002283F870207B6803F1D7
:102420008002FB781946786802F0FCFF7B685B68E5
:102430009B68002B0AD07B685B689B68786898472C
:10244000034683F00103DBB2002B27D07B6893F8AF
:10245000803003F06003002B08D17868FFF794FC0C
:10246000034683F00103DBB2002B17D0002178680C
:1024700003F05AF90021786803F039F97B685B684A
:102480001B68002B05D07B685B681B680621786899
:1024900098477B68062283F870205BE07B68863370
:1024A0001846FFF73AFC0346FB607B689B6FFA68AF
:1024B0009A4202D27B68FA689A677B6893F8803008
:1024C0005BB2002B23DA7B689B6F002B10D07B68FC
:1024D000092283F87020FFF714FC7B685A6F7B6831
:1024E0009B6F00217868FFF7DDFEFFF710FC31E0FD
:1024F0007B68142283F87020FFF703FC002300227E
:1025000000217868FFF7A1FEFFF701FC22E07B685D
:102510009B6F002B10D07B68152283F87020FFF78B
:10252000F0FB7B685A6F7B689B6F00217868FFF730
:102530008CFEFFF7ECFB0DE07B680B2283F870202C
:10254000FFF7DFFB0023002200217868FFF7AAFED7
:10255000FFF7DDFB1037BD4680BD000080B584B0BD
:1025600000AF78600B46FB707B6893F87030152BDA
:1025700000F28B8001A252F823F000BF5B26000816
:102580008B2600088B2600088B2600088B26000867
:102590008B2600085B2600088B2600088B26000887
:1025A000D525000823260008412600088B260008B0
:1025B0008B2600088B2600088B2600088B26000837
:1025C0008B2600088B2600088B2600085B26000857
:1025D0005B2600087B6886331846FFF79EFB0346A0
:1025E000FB607B689B6FFA689A421AD97B689B6F85
:1025F0007A68D268128AB3FBF2F101FB02F29B1AED
:10260000002B0ED1FFF77DFB00230022002178680C
:10261000FFF748FEFFF77BFB7B680A2283F87020F8
:1026200033E07B68142283F87020FFF76AFB0023F5
:10263000002200217868FFF708FEFFF768FB24E01E
:102640007B68DB6F002B03D07B68DB6F7868984773
:102650007B68002283F8702017E00021786803F07F
:1026600063F80021786803F042F87B685B681B68B8
:10267000002B05D07B685B681B680621786898474B
:102680007B68062283F8702000BF1037BD4680BDEE
:1026900080B582B000AF78600B46FB707B6893F822
:1026A0007030152B69D801A252F823F04927000891
:1026B0007B2700087B2700087B2700087B27000872
:1026C0007B270008492700087B2700087B27000894
:1026D0004927000849270008492700087B270008E8
:1026E0007B2700087B2700087B2700087B27000842
:1026F0007B2700087B2700087B270008232700088A
:10270000052700087B680B2283F87020FFF7F9FA91
:102710000023002200217868FFF7C4FDFFF7F7FAD5
:102720002BE07B68DB689B695B68002B24D17B68AE
:10273000DB6F002B03D07B68DB6F786898477B6882
:10274000002283F8702018E00021786802F0ECFF86
:102750000021786802F0CBFF7B685B681B68002B68
:1027600005D07B685B681B680621786898477B68A2
:10277000062283F8702000E000BF0837BD4680BD08
:1027800080B500AF00F056F800BF80BD80B483B0C4
:1027900000AF7860094BDA6F08497B681343CB6759
:1027A000064BDA6F7B68DB4304491340CB67034B6E
:1027B000DB6F00BF0C37BD4680BC70470044025839
:1027C00080B483B000AF78600B46FB70124BD3F837
:1027D000D42011497B681343C1F8D430FB78002B17
:1027E00008D00D4BD3F8FC200B497B681343C1F88C
:1027F000FC3008E0084BD3F8FC207B68DB4306493B
:102800001340C1F8FC30044BD3F8FC3000BF0C3748
:10281000BD4680BC704700BF0044025880B582B0FE
:1028200000AF78607868FFF7B1FF00BF0837BD469A
:1028300080BD000080B400AF064B1B78002B05D193
:10284000044B01221A70034B034A5A6000BFBD4675
:1028500080BC7047B00600244041005280B582B071
:1028600000AF78607B681B78012B0FD17B68094A29
:10287000934208D14FF48050FFF7D0FF00214FF46E
:102880008050FFF79DFF7B6802221A7000BF083757
:10289000BD4680BDB006002480B500AF044804F0FA
:1028A0009DF9034804F0D4F905F0DCFC00BF80BDBD
:1028B00048EE000880B483B000AF30237B607B68B3
:1028C00083F3118800BF00BF00BF0C37BD4680BC3A
:1028D000704780B483B000AF00237B607B6883F3D4
:1028E000118800BF00BF00BF0C37BD4680BC7047D9
:1028F00080B500AFFFF7DEFF00BF80BD80B500AF41
:10290000FFF7E7FF00BF80BD80B500AFFFF792FF84
:10291000024800F005F800BF80BD00BF2C0A00246B
:1029200080B483B000AF7860054B5A687B685A600A
:102930007B6801221A7000BF0C37BD4680BC70470F
:10294000B006002480B582B000AF786039600B4BD0
:102950001B78012B02D10948FFF780FFFFF7C8FF62
:102960003968786803F080FE7B6802221A70FFF7EE
:10297000C5FF00BF0837BD4680BD00BFB0060024BC
:1029800080B483B000AF786039603B68DBB2124A34
:102990001B01D9B27B68134403F540730A461A70D1
:1029A0007B6803F01F020C497B685B09012000FA79
:1029B00002F2603341F823207B6803F01F020649CE
:1029C0007B685B09012000FA02F241F8232000BF76
:1029D0000C37BD4680BC704700E100E080B483B096
:1029E00000AF78607B6803F01F0210497B685B09C9
:1029F000012000FA02F2203341F823207B6803F023
:102A00001F020A497B685B09012000FA02F2603369
:102A100041F82320054A7B68134403F540730022E4
:102A20001A7000BF0C37BD4680BC704700E100E063
:102A300080B400AF00BFBD4680BC704780B400AF1B
:102A400000BFBD4680BC704780B400AF00BFBD462C
:102A500080BC704780B400AF00BFBD4680BC7047EB
:102A600080B400AF00BFBD4680BC704780B400AFEB
:102A700000BFBD4680BC704780B400AF00BFBD46FC
:102A800080BC704780B400AF00BFBD4680BC7047BB
:102A900080B400AF00BFBD4680BC704780B400AFBB
:102AA00000BFBD4680BC704780B400AF00BFBD46CC
:102AB00080BC704780B400AF00BFBD4680BC70478B
:102AC00080B400AF00BFBD4680BC704780B400AF8B
:102AD00000BFBD4680BC704780B400AF00BFBD469C
:102AE00080BC704780B400AF00BFBD4680BC70475B
:102AF00080B400AF00BFBD4680BC704780B400AF5B
:102B000000BFBD4680BC704780B500AF0C212520BA
:102B1000FFF736FF00BF80BD80B500AF064804F068
:102B20005DF8064803F0AAFC034804F091F805F0AC
:102B300099FB00BF80BD00BF54EE0008AC08002424
:102B400080B400AF00BFBD4680BC704780B400AF0A
:102B500000BFBD4680BC704780B400AF00BFBD461B
:102B600080BC704780B500AF0C213520FFF708FF0F
:102B700000BF80BD80B500AF064804F02FF80648BE
:102B800003F07CFC034804F063F805F06BFB00BF26
:102B900080BD00BF60EE00080C09002480B500AFC6
:102BA0000C214720FFF7ECFE00BF80BD80B500AFD1
:102BB000064804F013F8064803F060FC034804F0EC
:102BC00047F805F04FFB00BF80BD00BF6CEE00086A
:102BD0006C09002480B400AF00BFBD4680BC7047C4
:102BE00080B400AF00BFBD4680BC704780B400AF6A
:102BF00000BFBD4680BC704780B400AF00BFBD467B
:102C000080BC704780B400AF00BFBD4680BC704739
:102C100080B400AF00BFBD4680BC704780B500AF38
:102C200007211C20FFF7ACFE00BF80BD80B500AFC0
:102C3000054803F0D3FF03F081FA034804F008F8D5
:102C400005F010FB00BF80BD78EE000880B400AF37
:102C500000BFBD4680BC704780B500AF07211E2075
:102C6000FFF78EFE00BF80BD80B500AF064803F0C1
:102C7000B5FF064803F0ABFA034803F0E9FF05F09F
:102C8000F1FA00BF80BD00BF84EE00089C0800245C
:102C900080B400AF00BFBD4680BC704780B400AFB9
:102CA00000BFBD4680BC704780B400AF00BFBD46CA
:102CB00080BC704780B400AF00BFBD4680BC704789
:102CC00080B400AF00BFBD4680BC704780B400AF89
:102CD00000BFBD4680BC704780B400AF00BFBD469A
:102CE00080BC704780B500AFFFF7A2FEFFF7A6FEDD
:102CF000FFF7AAFEFFF7AEFEFFF7B2FEFFF7B6FE44
:102D0000FFF7BAFEFFF7BEFEFFF7C2FEFFF7C6FEF3
:102D1000FFF7CAFEFFF7CEFEFFF7D2FEFFF7D6FEA3
:102D2000FFF7DAFE09217A20FFF72AFEFFF7DAFE25
:102D3000FFF7DEFEFFF7E2FEFFF76AFFFFF76EFF29
:102D4000FFF784FFFFF788FFFFF7A2FFFFF7A6FF5B
:102D5000FFF7AAFFFFF7AEFFFFF7B2FFFFF7B6FFDF
:102D6000FFF7BAFFFFF7D0FEFFF7EAFEFFF7EEFE30
:102D7000FFF7F2FEFFF7F6FEFFF710FFFFF72AFF5F
:102D8000FFF72EFFFFF732FFFFF736FFFFF73AFF9F
:102D900000BF80BD80B485B000AF1A4B0022C3F8DD
:102DA0008420BFF34F8F00BF164BD3F880307B6079
:102DB0007B685B0BC3F30E03FB607B68DB08C3F32C
:102DC0000903BB60FB685A0143F6E0731340BA681D
:102DD00092070C491343C1F87432BB685A1EBA609B
:102DE000002BEFD1FB685A1EFA60002BE5D1BFF330
:102DF0004F8F00BFBFF36F8F00BF00BF1437BD46BA
:102E000080BC704700ED00E080B483B000AF786014
:102E10000C4BD3F890200B497B681343C1F89030DA
:102E2000084BD3F890207B68DB4306491340C1F878
:102E30009030044BD3F8903000BF0C37BD4680BCB7
:102E4000704700BF0044025880B483B000AF786080
:102E50000C4BD3F894200B497B681343C1F8943092
:102E6000084BD3F894207B68DB4306491340C1F834
:102E70009430044BD3F8943000BF0C37BD4680BC6F
:102E8000704700BF0044025880B483B000AF786040
:102E90000C4BD3F898200B497B681343C1F898304A
:102EA000084BD3F898207B68DB4306491340C1F8F0
:102EB0009830044BD3F8983000BF0C37BD4680BC27
:102EC000704700BF0044025880B483B000AF786000
:102ED0000C4BD3F88C200B497B681343C1F88C3022
:102EE000084BD3F88C207B68DB4306491340C1F8BC
:102EF0008C30044BD3F88C3000BF0C37BD4680BCFF
:102F0000704700BF0044025880B483B000AF7860BF
:102F10000C4BD3F89C200B497B681343C1F89C30C1
:102F2000084BD3F89C207B68DB4306491340C1F86B
:102F30009C30044BD3F89C3000BF0C37BD4680BC9E
:102F4000704700BF0044025880B483B000AF78607F
:102F50000C4BD3F880200B497B681343C1F88030B9
:102F6000084BD3F880207B68DB4306491340C1F847
:102F70008030044BD3F8803000BF0C37BD4680BC96
:102F8000704700BF0044025880B483B000AF78603F
:102F90000C4BD3F884200B497B681343C1F8843071
:102FA000084BD3F884207B68DB4306491340C1F803
:102FB0008430044BD3F8843000BF0C37BD4680BC4E
:102FC000704700BF0044025880B483B000AF7860FF
:102FD000094BDA6F08497B681343CB67064BDA6FFE
:102FE0007B68DB4304491340CB67034BDB6F00BFB7
:102FF0000C37BD4680BC70470044025880B483B093
:1030000000AF78600C4BD3F888200B497B681343E2
:10301000C1F88830084BD3F888207B68DB43064929
:103020001340C1F88830044BD3F8883000BF0C3708
:10303000BD4680BC704700BF0044025880B483B0D6
:1030400000AF78600B46FB70124BD3F8F4201149A7
:103050007B681343C1F8F430FB78002B08D00D4B8C
:10306000D3F81C210B497B681343C1F81C3108E0DD
:10307000084BD3F81C217B68DB4306491340C1F899
:103080001C31044BD3F81C3100BF0C37BD4680BC4B
:10309000704700BF0044025880B483B000AF78602E
:1030A0000B46FB70124BD3F8DC2011497B681343AD
:1030B000C1F8DC30FB78002B08D00D4BD3F804218D
:1030C0000B497B681343C1F8043108E0084BD3F87F
:1030D00004217B68DB4306491340C1F80431044BEB
:1030E000D3F8043100BF0C37BD4680BC704700BF29
:1030F0000044025880B400AF0B4B1B680A4A43F4EB
:1031000080731360094B1B6F03F44073B3F5007FAA
:1031100006D0064B4FF480321A67044B00221A6720
:1031200000BFBD4680BC70470048025800440258AA
:1031300080B400AF124B0222DA6000BF104B5B6814
:1031400003F40053002BF9D00D4B0E4A1A600C4BC0
:1031500001229A600A4B0C4ADA60094B00221A617C
:10316000074B4FF440429A6100BF054B9B6903F443
:103170000053002BF9D000BF00BFBD4680BC704794
:103180000048025800C000F00200000180B500AF06
:103190006FF00040FFF7D8FE4FF0FF30FFF7F4FE6E
:1031A0001A48FFF711FF1A48FFF728FF4FF0FF30CA
:1031B000FFF72AFE4FF0FF30FFF746FE4FF0FF30DB
:1031C000FFF762FE4FF0FF30FFF77EFE4FF0FF305B
:1031D000FFF79AFE00F0D0FDFFF784FD0D4B0622AD
:1031E0009A600C4B4FF01052DA600A4B0A4A1A618F
:1031F000084B05225A60094B5B6A084A43F4803346
:103200005362FFF7C7FD00BF80BD00BFFFEFFF7F28
:1032100000F8FFFF90ED00E01B000C0300ED00E064
:1032200080B584B000AF7A4B01221A6001210220E0
:10323000FFF704FFFFF77CFFFFF75CFF754B1B6890
:10324000744A43F00103136000BF724B1B6803F024
:103250000403002BF9D06F4B00221A6100BF6D4BA5
:103260001B6903F03803002BF9D16A4B01221A6065
:10327000684B4FF080425A60664B00225A67654B9C
:10328000654ADA62654BFB60FB6843F40043FB6010
:10329000604AFB6813615F4B1B685E4A43F48033EE
:1032A000136000BF5B4B1B6803F40033002BF9D0A5
:1032B000584B1B68574A43F48053136000BF554B6B
:1032C0001B6803F40053002BF9D00023BB600023DC
:1032D0007B6000233B604F4B514A9A6240F255732A
:1032E0003B604C4B00225A634A4B4E4A1A63BB6800
:1032F00043F08073BB607B6843F000737B603B6886
:1033000043F480333B603B6843F400333B60414B04
:103310004CF29022DA633F4B434A9A63BB6843F016
:103320008063BB607B6843F000637B603B6843F471
:1033300000233B603B6843F400133B60354B0022A5
:103340005A64344B394A1A64BB6843F08053BB60FB
:103350007B6843F000537B603B6843F480033B6031
:103360003B6843F080733B602A4A3B68D362294B39
:103370001A682849BB6813430B6000BF254B1A68C5
:103380007B6813407A689A42F8D1224B48229A61AE
:10339000204B4FF48862DA611E4B40221A621D4BAB
:1033A0004FF48032DA641B4B214A1A65194B4FF4F3
:1033B000E0025A65174B4FF480329A651D4B32225A
:1033C0001A6000BF1B4B1B6803F00F03022BF9D1DF
:1033D000104B1B690F4A43F00303136100BF0D4BF1
:1033E0001B6903F03803182BF9D101214FF000506D
:1033F000FFF752FE01214FF08040FFF74DFE012103
:103400004FF00040FFF748FE00BF1037BD4680BDBB
:1034100008810051004402580000FF010008100814
:10342000424040008F030901F412010B8F06050F83
:10343000400000100020005280B483B000AF302361
:103440007B607B6883F3118800BF00BF00BF00BFB3
:103450000C37BD4680BC704780B483B000AF0023FA
:103460007B607B6883F3118800BF00BF00BF00BF93
:103470000C37BD4680BC704780B500AFFFF7DCFF5E
:1034800000BF80BD80B500AFFFF7E6FF00BF80BD85
:1034900080B582B000AF786039603968786804F030
:1034A000B5FB00BF0837BD4680BD000080B483B0C7
:1034B00000AF78600C4BD3F880200B497B68134336
:1034C000C1F88030084BD3F880207B68DB43064985
:1034D0001340C1F88030044BD3F8803000BF0C3764
:1034E000BD4680BC704700BF0044025880B483B022
:1034F00000AF78600B46FB70124BD3F8D82011490F
:103500007B681343C1F8D830FB78002B08D00D4BF3
:10351000D3F800210B497B681343C1F8003108E060
:10352000084BD3F800217B68DB4306491340C1F800
:103530000031044BD3F8003100BF0C37BD4680BCCE
:10354000704700BF0044025880B483B000AF786079
:103550000C4BD3F8D8207B68DB430A491340C1F8F1
:10356000D830084BD3F800217B68DB430549134072
:10357000C1F80031034BD3F8003100BF0C37BD4612
:1035800080BC70470044025880B582B000AF7860BC
:103590007868FFF78BFF00BF0837BD4680BD80B459
:1035A00083B000AF78607B689B6A9B6803F004037C
:1035B000002B0FD07B689B6A9A687B689B6A42F0FD
:1035C00010029A6000BF7B689B6A9B6803F010033F
:1035D000002BF8D17B689B6A0022DA6100BF0C37B0
:1035E000BD4680BC704780B584B000AF786039605C
:1035F0007B681B69002B59D00023FB603B6803F0FC
:103600001003002B07D07B681B78032B03D1FB68CA
:1036100043F00203FB603B6803F08003002B03D000
:10362000FB6843F00403FB603B6803F48073002BEA
:1036300003D0FB6843F00803FB603B6803F40073AE
:10364000002B03D0FB6843F01003FB60FB68002BEA
:103650002CD0786800F07AF87B681B69DB68002B57
:1036600013D07B6805221A707B681B69DB68F968D8
:10367000786898477B681B78052B0CD17B68022201
:103680001A707B6800221A6105E07B6802221A70BA
:103690007B6800221A61FFF7EFFE7B6814334FF05E
:1036A000FF311846FFF7F4FEFFF7ECFE00BF1037BE
:1036B000BD4680BD80B582B000AF0B4803F08EFAE6
:1036C0000A4B1B687B60094A7B681360796808486D
:1036D000FFF789FF044803F0BBFA04F0C3FD00BF05
:1036E0000837BD4680BD00BF90EE000800200240B4
:1036F000B806002480B500AF1048FEF703F90F4B61
:103700000F4ADA620D4B0F4A9A620C4B00221A6381
:103710000A4B0D4A5A6305211220FFF731F90121A6
:103720002020FFF7E3FE2020FFF72EFF044B0022AE
:103730009A602020FFF708FF00BF80BDB806002474
:103740000023024000200240162C020080B582B007
:1037500000AF78607B68134A93421BD17B681B6B78
:103760001B681A687B681B6B1B6822F01F021A60BB
:103770007B681B6B1B681B6803F00103002BF7D1F0
:103780007B681B6B1B7B19467B681B6B5B683D2250
:103790008A401A607868FFF702FF00BF0837BD460D
:1037A00080BD00BFB806002480B483B000AF78604D
:1037B0000B46FB70124BD3F8D82011497B6813439A
:1037C000C1F8D830FB78002B08D00D4BD3F800217E
:1037D0000B497B681343C1F8003108E0084BD3F86C
:1037E00000217B68DB4306491340C1F80031044BDC
:1037F000D3F8003100BF0C37BD4680BC704700BF16
:103800000044025880B483B000AF78600C4BD3F80A
:10381000D8207B68DB430A491340C1F8D830084BF5
:10382000D3F800217B68DB4305491340C1F8003120
:10383000034BD3F8003100BF0C37BD4680BC704746
:103840000044025880B582B000AF0F4803F0C6F9BB
:103850000E4B1B6803F03D037B600C4A7B68936052
:103860000B4B5B68002B06D0094B5B68084A9268DB
:10387000796810469847044803F0EAF904F0F2FC2E
:1038800000BF0837BD4680BD9CEF00080000024025
:10389000F006002480B582B000AF104803F09EF916
:1038A0000F4B1B689B0903F03D037B600C4A7B6850
:1038B0009B0193600B4BDB68002B06D0094BDB6848
:1038C000084A1269796810469847044803F0C0F91D
:1038D00004F0C8FC00BF0837BD4680BDA8EF000853
:1038E00000000240F006002480B582B000AF10480E
:1038F00003F074F90F4B1B681B0C03F03D037B6056
:103900000C4A7B681B0493600B4B5B69002B06D051
:10391000094B5B69084A92697968104698470448E0
:1039200003F096F904F09EFC00BF0837BD4680BD49
:10393000B4EF000800000240F006002480B582B019
:1039400000AF104803F04AF90F4B1B689B0D03F0C2
:103950003D037B600C4A7B689B0593600B4BDB69E6
:10396000002B06D0094BDB69084A126A79681046B9
:103970009847044803F06CF904F074FC00BF083762
:10398000BD4680BDC0EF000800000240F0060024E4
:1039900080B582B000AF0F4803F020F90E4B5B6892
:1039A00003F03D037B600C4A7B68D3600B4B5B6A82
:1039B000002B06D0094B5B6A084A926A7968104668
:1039C0009847044803F044F904F04CFC00BF083762
:1039D000BD4680BDCCEF000800000240F006002488
:1039E00080B582B000AF104803F0F8F80F4B5B6869
:1039F0009B0903F03D037B600C4A7B689B01D3600D
:103A00000B4BDB6A002B06D0094BDB6A084A126BB2
:103A1000796810469847044803F01AF904F022FC2C
:103A200000BF0837BD4680BDD8EF00080000024047
:103A3000F006002480B582B000AF104803F0CEF845
:103A40000F4B5B681B0C03F03D037B600C4A7B68EB
:103A50001B04D3600B4B5B6B002B06D0094B5B6BDD
:103A6000084A926B796810469847044803F0F0F8CA
:103A700004F0F8FB00BF0837BD4680BDE4EF000846
:103A800000000240F006002480B582B000AF10486C
:103A900003F0A4F80F4B5B689B0D03F03D037B60C4
:103AA0000C4A7B689B05D3600B4BDB6B002B06D06D
:103AB000094BDB6B084A126C79681046984704483A
:103AC00003F0C6F804F0CEFB00BF0837BD4680BD4A
:103AD000F0EF000800000240F006002480B582B03C
:103AE00000AF0F4803F07AF80E4B1B6803F03D035C
:103AF0007B600C4A7B6893600B4B5B6C002B06D0A1
:103B0000094B5B6C084A926C7968104698470448E8
:103B100003F09EF804F0A6FB00BF0837BD4680BD49
:103B2000FCEF000800040240F006002480B582B0DB
:103B300000AF104803F052F80F4B1B689B0903F0CD
:103B40003D037B600C4A7B689B0193600B4BDB6CF5
:103B5000002B06D0094BDB6C084A126D79681046C1
:103B60009847044803F074F804F07CFB00BF083762
:103B7000BD4680BD08F0000800040240F0060024A5
:103B800080B582B000AF104803F028F80F4B1B68D7
:103B90001B0C03F03D037B600C4A7B681B049360A5
:103BA0000B4B5B6D002B06D0094B5B6D084A926D89
:103BB000796810469847044803F04AF804F052FB2D
:103BC00000BF0837BD4680BD14F000080004024065
:103BD000F006002480B582B000AF104802F0FEFF6E
:103BE0000F4B1B689B0D03F03D037B600C4A7B6809
:103BF0009B0593600B4BDB6D002B06D0094BDB6DF7
:103C0000084A126E796810469847044803F020F875
:103C100004F028FB00BF0837BD4680BD20F0000837
:103C200000040240F006002480B582B000AF0F48C7
:103C300002F0D4FF0E4B5B6803F03D037B600C4A3F
:103C40007B68D3600B4B5B6E002B06D0094B5B6E21
:103C5000084A926E796810469847044802F0F8FFC7
:103C600004F000FB00BF0837BD4680BD2CF0000803
:103C700000040240F006002480B582B000AF104876
:103C800002F0ACFF0F4B5B689B0903F03D037B60C8
:103C90000C4A7B689B01D3600B4BDB6E002B06D07C
:103CA000094BDB6E084A126F796810469847044842
:103CB00002F0CEFF04F0D6FA00BF0837BD4680BD43
:103CC00038F0000800040240F006002480B582B0FD
:103CD00000AF104802F082FF0F4B5B681B0C03F033
:103CE0003D037B600C4A7B681B04D3600B4B5B6F0E
:103CF000002B06D0094B5B6F084A926F796810461B
:103D00009847044802F0A4FF04F0ACFA00BF08375B
:103D1000BD4680BD44F0000800040240F0060024C7
:103D200080B582B000AF114802F058FF104B5B68BD
:103D30009B0D03F03D037B600D4A7B689B05D360C0
:103D40000C4BDB6F002B07D00A4BDB6F094AD2F814
:103D50008020796810469847044802F079FF04F003
:103D600081FA00BF0837BD4680BD00BF50F0000893
:103D700000040240F006002480B483B000AF174B6B
:103D800000221A6000237B600FE0154A7B681B014C
:103D900013441B6800221A60104A7B68DB0013443E
:103DA00000225A607B6801337B607B680F2BECD963
:103DB0000C4B4FF0FF329A600A4B4FF0FF32DA6043
:103DC000094B4FF0FF329A60074B4FF0FF32DA6039
:103DD00000BF0C37BD4680BC704700BFF006002412
:103DE0009CEE0008000002400004024080B58AB04A
:103DF00000AFF860B9607A603B60FB680F2B04D8B5
:103E0000FB683B62FB68FB6119E0FB68102B04D187
:103E100000233B620F23FB6111E0FB68112B04D1EF
:103E200000233B620723FB6109E0FB68122B04D1EE
:103E300007233B620F23FB6101E0002367E03B6A3D
:103E40007B625FE001227B6A02FA03F3BB61324BC3
:103E50001A68BB691340002B51D17B6A1B012F4AA2
:103E600013447B612C4A7B6ADB0013447A685A60F6
:103E7000294A7B6ADB0013443A689A60264B1A6829
:103E8000BB691343244A1360BB69DBB2002B03D028
:103E900001210120FFF788FCBB6903F47F43002B5D
:103EA00003D001210220FFF77FFC7B691B681A68A1
:103EB0007B691B6822F01F021A607B691B681B6804
:103EC00003F00103002BF8D17B691B7B19467B694A
:103ED0005B683D228A401A607B691B6800221A6079
:103EE0007B691B6821225A617B68002B05D07B69A6
:103EF0009B7BB9681846FEF743FD7B6907E07B6A48
:103F000001337B627A6AFB699A429BD90023184687
:103F10002837BD4680BD00BFF00600249CEE000897
:103F200080B582B000AF78607B689B7B1846FEF757
:103F300055FD104B1A687B685B7B194601238B404B
:103F4000DB4313400B4A13600A4B1B68DBB2002BA8
:103F500002D10120FFF756FC064B1B6803F47F4398
:103F6000002B02D10220FFF74DFC00BF0837BD46F1
:103F700080BD00BFF006002480B483B000AF78603D
:103F800039607B689B683A681A6000BF0C37BD4691
:103F900080BC704780B400AF00BFBD4680BC704796
:103FA00080B48FB000AFF860B9607A607B6803F0CE
:103FB00003037B637B689B0803F001033B637B681F
:103FC000DB0803F00303FB627B685B0903F0030378
:103FD000BB627B68DB0903F00F033B6200237B625B
:103FE000BB6803F00103002B79D07B6A03F0070361
:103FF0009B003A6A02FA03F3FB6101227B6A02FA30
:1040000003F3BB617B6A5B00032202FA03F37B616B
:104010007B6A03F007039B000F2202FA03F33B6164
:10402000FB685A68BB69DB431A403B6B1A43FB6869
:104030005A60FB689A687B69DB431A40FB6A1A4343
:10404000FB689A60FB68DA687B69DB431A40BB6AED
:104050001A43FB68DA607B6803F00303022B1FD16D
:104060007B6A072B09D8FB681A6A3B69DB431A4055
:10407000FB691A43FB681A6208E0FB685A6A3B69ED
:10408000DB431A40FB691A43FB685A62FB681A68F3
:104090007B69DB431A407B6B1A43FB681A601EE0A6
:1040A000FB681A687B69DB431A407B6B1A43FB6829
:1040B0001A607B6A072B09D8FB681A6A3B69DB43E5
:1040C0001A40FB691A43FB681A6208E0FB685A6AE7
:1040D0003B69DB431A40FB691A43FB685A62BB68C1
:1040E0005B08BB60BB68002B0FD03B6B5B003B6386
:1040F000FB6A9B00FB62BB6A9B00BB627B6B9B0005
:104100007B637B6A01337B626AE700BF3C37BD4655
:1041100080BC704780B483B000AF30237B607B6885
:1041200083F3118800BF00BF00BF00BF0C37BD463E
:1041300080BC704780B483B000AF00237B607B6895
:1041400083F3118800BF00BF00BF00BF0C37BD461E
:1041500080BC704780B500AFFFF7DCFF00BF80BDBB
:1041600080B500AFFFF7E6FF00BF80BD80B582B02D
:1041700000AF786039603968786803F047FD00BFA8
:104180000837BD4680BD80B483B000AF78607B68DF
:104190001B6B1B685B6818460C37BD4680BC7047BC
:1041A00080B483B000AF78607B685B6B1B685B6832
:1041B00018460C37BD4680BC704780B483B000AF52
:1041C00078607B681B6B1B681A687B681B6B1B68BD
:1041D00042F001021A6000BF0C37BD4680BC704738
:1041E00080B483B000AF78607B681B6B1B681A6873
:1041F0007B681B6B1B6822F01F021A607B681B6BBD
:104200001B681B6803F00103002BF7D17B681B6B55
:104210001B7B19467B681B6B5B683D228A401A60DA
:1042200000BF0C37BD4680BC704780B483B000AF80
:1042300078607B685B6B1B681A687B685B6B1B68CC
:1042400022F01F021A607B685B6B1B681B6803F01F
:104250000103002BF7D17B685B6B1B7B19467B68E6
:104260005B6B5B683D228A401A6000BF0C37BD461D
:1042700080BC704780B586B000AF78607B689B6B70
:10428000FB607868FFF77FFF38613B69FF2B05D93A
:10429000FF233B614FF080737B6101E000237B6172
:1042A000FB685A68094B13407A68526892681A434F
:1042B0003B691B041A437B69134343F48062FB6828
:1042C0005A6000BF1837BD4680BD00BFFFFF00FE2B
:1042D00080B586B000AF78607B689B6BFB607868C8
:1042E000FFF75EFF38613B69FF2B05D9FF233B6178
:1042F0004FF080737B6101E000237B61FB685A68AB
:10430000084B13407A68526892681A433B691B0451
:104310001A437B691A43FB685A6000BF1837BD46D1
:1043200080BD00BFFFFF00FE80B584B000AF7860A5
:1043300039607B689B6BFB603B6803F01003002BCC
:1043400023D07868FFF74CFF7868FFF76EFF7B6833
:104350009B6843F004027B689A60FB685B6843F4E7
:104360008042FB685A60FB681B6823F04602FB68CA
:104370001A60FFF7EFFE7B681C336FF001011846EF
:10438000FFF7F4FEFFF7ECFE4BE03B6803F0800321
:10439000002B0BD07B681B78032B03D17868FFF7C9
:1043A00097FF3EE07868FFF765FF3AE03B6803F06F
:1043B0004003002B35D07B681B78032B18D178681D
:1043C000FFF733FF7868FFF7DEFE0346002B12D0BD
:1043D0007868FFF74FFF7868FFF7EFFEFB685B68D0
:1043E00043F40052FB685A607B6804221A7018E09C
:1043F0007868FFF7F5FEFB685B6843F48042FB6872
:104400005A60FB681B6823F04002FB681A60FFF7E4
:10441000A1FE7B681C3300211846FFF7A7FEFFF7BB
:104420009FFE1037BD4680BD80B582B000AF78607A
:1044300039607868FFF7D4FE7868FFF7F6FE3B68CE
:1044400003F48073002B05D07B689B6843F0010266
:104450007B689A603B6803F40073002B05D07B688F
:104460009B6843F002027B689A603B6803F48063B8
:10447000002B05D07B689B6843F008027B689A603C
:104480003B6803F48053002B05D07B689B6843F0A6
:1044900020027B689A607B689B68002B0AD0FFF73C
:1044A00059FE7B681C336FF001011846FFF75EFE72
:1044B000FFF756FE00BF0837BD4680BD80B582B00D
:1044C00000AF0D4B9B6B9B697B600C4802F086FB39
:1044D000094B9B6B7A6802F0FE02DA617968064844
:1044E000FFF722FF054802F0B3FB03F0BBFE00BF5D
:1044F0000837BD4680BD00BF740700245CF000088B
:1045000080B582B000AF0D4B9B6B9B697B600C4804
:1045100002F064FB094B9B6B7A6802F47C52DA610F
:1045200079680648FFF780FF054802F091FB03F029
:1045300099FE00BF0837BD4680BD00BF7407002448
:1045400068F0000880B500AF0C48FDF720FA0B4B6F
:104550000022DA61094B0A4A9A63084B00221A6367
:10456000064B00225A6305212120FEF709FA052196
:104570002220FEF705FA00BF80BD00BF74070024AB
:104580000058004080B483B000AF30237B607B686C
:1045900083F3118800BF00BF00BF00BF0C37BD46CA
:1045A00080BC704780B483B000AF00237B607B6821
:1045B00083F3118800BF00BF00BF00BF0C37BD46AA
:1045C00080BC704780B500AFFFF7DCFF00BF80BD47
:1045D00080B500AFFFF7E6FF00BF80BD80B582B0B9
:1045E00000AF7860786802F0EFF900BF0837BD4689
:1045F00080BD80B485B000AF78607B68D3F8903020
:10460000BB600023FB6040E0BA68FB6848335B0195
:1046100013441B68002B0DDABA68FB6848335B0152
:1046200013441B6843F08042B968FB6848335B0160
:104630000B441A60BA68FB6858335B0113441B686B
:10464000002B0DDABA68FB6858335B0113441B6812
:1046500043F08042B968FB6858335B010B441A6031
:10466000BA68FB685B01134403F608134FF0FF328E
:104670001A60BA68FB685B01134403F608334FF015
:10468000FF321A60FB680133FB607B68D3F894301B
:104690009B68FA689A42B7D9BB684FF00112C3F819
:1046A0001C2800BF1437BD4680BC704780B485B05D
:1046B00000AF78607B68D3F89030BB600023FB606C
:1046C0002BE07A68FB6802339B0013445B689B69AC
:1046D000002B0BD0BB68D3F81C28FB6810330121DA
:1046E00001FA03F31A43BB68C3F81C287A68FB6815
:1046F00002339B0013445B685B69002B0AD0BB68E4
:10470000D3F81C280121FB6801FA03F31A43BB68A4
:10471000C3F81C28FB680133FB607B68D3F8943036
:104720009B68FA689A42CCD900BF00BF1437BD46D7
:1047300080BC704780B584B000AF78607B68D3F8E8
:104740009030FB60FB6810221A6100BFFB681B6998
:1047500003F01003002BF9D11220FFF73FFF00BF39
:104760001037BD4680BD80B584B000AF7860396039
:104770007B68D3F89030FB603B689B0143F02002DC
:10478000FB681A6100BFFB681B6903F02003002B64
:10479000F9D11220FFF722FF00BF1037BD4680BDC0
:1047A00080B483B000AF78607B68D3F894301A6827
:1047B0007B68C3F8982000BF0C37BD4680BC7047AB
:1047C00080B485B000AF786039607B68D3F89830EA
:1047D000FB607B68D3F898203B681A447B68C3F879
:1047E0009820FB6818461437BD4680BC704780B4DB
:1047F00085B000AFF860B9607A60BB681A68FB6882
:104800001A607B68042B06D97B68043B7B60BB681D
:104810000433BB60F1E700BF00BF1437BD4680BC66
:10482000704780B487B000AFF860B9607A603B60D1
:1048300000237B6100233B6117E03B6903F0030326
:10484000002B02D1FB681B687B613A693B689A4286
:1048500008D2BB685A1CBA607A69D2B21A707B69F6
:104860001B0A7B613B6901333B613A697B689A4271
:10487000E3D300BF00BF1C37BD4680BC704780B586
:1048800086B000AF78607B68D3F890301B6A7B619C
:104890007B691B09C3F30A033B617B6903F00F03C8
:1048A000FB607B6903F4F013B3F5402F1BD0B3F525
:1048B000402F00F29A80B3F5002F00F09880B3F5F6
:1048C000002F00F29280B3F5C02F00F09280B3F574
:1048D000C02F00F28A80B3F5003F00F08C80B3F562
:1048E000802F11D081E07B68D3F8903003F58050A1
:1048F0007A68FB6802339B0013445B68196A0823DB
:104900003A69FFF78EFF77E07A68FB6802339B0015
:1049100013445B689B691A687968FB6802339B00E3
:104920000B445B689B695B68D31ABB607B68D3F8F8
:10493000903003F580507A68FB6802339B00134483
:104940005B689B699968BB683A69FFF76AFF3A69D7
:10495000BB689A4224D27A68FB6802339B001344F6
:104960005B689B6999687A68FB6802339B00134413
:104970005B689B693A690A449A607A68FB6802330B
:104980009B0013445B689B6959687A68FB68023333
:104990009B0013445B689B693A690A445A602BE0A8
:1049A0007A68FB6802339B0013445B689B699968D3
:1049B0007A68FB6802339B0013445B689B69BA68A2
:1049C0000A449A607A68FB6802339B0013445B6870
:1049D0009B6959687A68FB6802339B0013445B68E3
:1049E0009B69BA680A445A6006E000BF04E000BF51
:1049F00002E000BF00E000BF00BF1837BD4680BD29
:104A000080B584B000AF78600B46FB70FB787A68A5
:104A100002339B0013445B685B695A68FB787968D2
:104A200002339B000B445B685B691B689A4211D39D
:104A30007B68D3F89030D3F83418FB78012202FA5F
:104A400003F3DA437B68D3F890300A40C3F8342884
:104A500001236CE0FB787A6802339B0013445B68A7
:104A60005B691A68FB78796802339B000B445B68CA
:104A70005B695B68D31AFB60FB787A6802339B0042
:104A800013445B681B8A1A46FB68934207D9FB787C
:104A90007A6802339B0013445B681B8AFB607B6867
:104AA000D3F89020FB785B01134403F618131B68BE
:104AB0009BB29B00FA689A4201D9002337E07B68D9
:104AC000D3F89020FB7801331B03D018FB787A6869
:104AD00002339B0013445B685B699B68FA68194664
:104AE000FFF785FEFB787A6802339B0013445B680E
:104AF0005B699968FB787A6802339B0013445B68B2
:104B00005B69FA680A449A60FB787A6802339B0012
:104B100013445B685B695968FB787A6802339B00D1
:104B200013445B685B69FA680A445A606EE718468A
:104B30001037BD4680BD80B586B000AF78600B46AB
:104B4000FB707B68D3F890307B61FB787A695B01FE
:104B5000134403F608131B683B61FB787A695B0119
:104B6000134403F608133A691A603B6903F0010322
:104B7000002B4BD07B69D3F8103803F00103002BD6
:104B800044D0FB787A6802339B0013445B685B690E
:104B9000FB60FB681A68FB68DB689A4213D2FB680B
:104BA000DA68FB681B68D21AFB681A60FB6800228F
:104BB0005A60FFF707FDFB781946786800F0E8FCBB
:104BC000FFF706FD22E07B681B891AB2FB78012102
:104BD00001FA03F31BB2DB431BB213401BB29AB2C0
:104BE0007B681A81FB787A6802339B0013445B6808
:104BF0009B68002B0AD0FB787A6802339B00134431
:104C00005B689B68FA781146786898473B6903F0BF
:104C10008003002B0ED07B69D3F83428FB78012168
:104C200001FA03F31340002B04D0FB78194678688F
:104C3000FFF7E6FE00BF1837BD4680BD80B586B0E1
:104C400000AF78600B46FB707B68D3F890307B61D7
:104C5000FB787A695B01134403F608331B683B61F8
:104C6000FB787A695B01134403F608333A691A60EA
:104C70003B6903F00803002B11D07B69D3F814388B
:104C800003F00803002B0AD0FB787A6802339B00FC
:104C900013445B685B68FA781146786898473B690B
:104CA00003F00103002B5ED07B69D3F8143803F0C6
:104CB0000103002B57D0FB787A6802339B00134422
:104CC0005B689B69FB60FB78002B29D1FB685A6805
:104CD000FB78796802339B000B445B685B8AB2FB0C
:104CE000F3F101FB03F3D31A002B19D1FB681A6807
:104CF000FB68DB689A4213D2FB68DA68FB681B68C2
:104D0000D21AFB681A60FB6800225A60FFF75AFC4F
:104D1000FB781946786800F09CFBFFF759FC22E00D
:104D20007B685B891AB2FB78012101FA03F31BB29D
:104D3000DB431BB213401BB29AB27B685A81FB78EB
:104D40007A6802339B0013445B68DB68002B0AD04F
:104D5000FB787A6802339B0013445B68DB68FA785F
:104D60001146786898471837BD4680BD80B584B035
:104D700000AF78607B68D3F89030BB600023FB7392
:104D800054E0FB7BBA6848335B0113441B6803F4AF
:104D90004023B3F5802F46D1FB7BBA6848335B01D3
:104DA00013441B68002B3EDAFB7BBA6848335B0177
:104DB00013441A68FB7B42F09042B96848335B01A8
:104DC0000B441A6000BFFB7BBA6848335B01134495
:104DD0001B68002BF7DBFB7B19467868FFF7C3FCE9
:104DE0007B681B891AB2FB7B012101FA03F31BB21A
:104DF000DB431BB213401BB29AB27B681A81FB7B68
:104E00007A6802339B0013445B689B68002B0AD0CE
:104E1000FB7B7A6802339B0013445B689B68FA7BD8
:104E2000114678689847FB7B0133FB73FA7B7B68FC
:104E3000D3F894309B689A42A3D900BF00BF1037C3
:104E4000BD4680BD80B584B000AF78607B68D3F884
:104E50009030BB600023FB7338E0FB7BBA685833AB
:104E60005B0113441B6803F44023B3F5802F2AD160
:104E7000FB7BBA6858335B0113441B68002B22DAB2
:104E80007B685B891AB2FB7B012101FA03F31BB239
:104E9000DB431BB213401BB29AB27B685A81FB7B87
:104EA0007A6802339B0013445B68DB68002B0AD0EE
:104EB000FB7B7A6802339B0013445B68DB68FA7BF8
:104EC000114678689847FB7B0133FB73FA7B7B685C
:104ED000D3F894309B689A42BFD900BF00BF103707
:104EE000BD4680BD80B586B000AF78607B68D3F8E2
:104EF00090303B6140237B613B695B69FB603B69B0
:104F00009B69FA681340FB603B69FA685A61FB6869
:104F100003F48053002B03D07868FDF7F0F947E1E4
:104F2000FB68002B1CDA3B69D3F8003E03F0030357
:104F3000002B07D03B69D3F8003E23F003023B6906
:104F4000C3F8002E7868FFF7B1FB3B69D3F804384B
:104F500023F001023B69C3F804287868FDF733FAAF
:104F6000FB6803F40063002B05D07868FFF741FB72
:104F70007868FDF703FAFB6803F40053002B17D0A1
:104F80003B69D3F8083803F00603002B08D13B69CE
:104F9000DB6823F4705343F410523B69DA6007E096
:104FA0003B69DB6823F4705343F4A0523B69DA6039
:104FB000FB6803F00803002B26D07B685B68DB6886
:104FC000002B05D13B699B6923F008023B699A617C
:104FD0007B681B78052B0AD13B69D3F8003E23F090
:104FE00003023B69C3F8002E7868FDF7ECF9786896
:104FF000FFF75CFB7B685B68DB68002B04D07B6899
:105000005B68DB6878689847FB6803F48013002BC3
:1050100002D07868FFF7AAFEFB6803F40013002BA8
:1050200002D07868FFF70EFF3B69D3F81838BB60F1
:10503000FB6803F40023002B50D0BB6803F48033DB
:10504000002B03D000217868FFF7F8FDBB6803F45C
:105050000033002B03D001217868FFF7EFFDBB6818
:1050600003F48023002B03D002217868FFF7E6FDCC
:10507000BB6803F40023002B03D003217868FFF7FB
:10508000DDFDBB6803F48013002B03D00421786896
:10509000FFF7D4FDBB6803F40013002B03D00521F8
:1050A0007868FFF7CBFDBB6803F48003002B03D0C7
:1050B00006217868FFF7C2FDBB6803F40003002BEC
:1050C00003D007217868FFF7B9FDBB6803F0807350
:1050D000002B03D008217868FFF7B0FDFB6803F4CC
:1050E0008023002B50D0BB6803F00103002B03D0BA
:1050F00000217868FFF71FFDBB6803F00203002B57
:1051000003D001217868FFF716FDBB6803F00403A4
:10511000002B03D002217868FFF70DFDBB6803F078
:105120000803002B03D003217868FFF704FDBB6858
:1051300003F01003002B03D004217868FFF7FBFC79
:10514000BB6803F02003002B03D005217868FFF72C
:10515000F2FCBB6803F04003002B03D00621786803
:10516000FFF7E9FCBB6803F08003002B03D00721A5
:105170007868FFF7E0FCBB6803F48073002B03D072
:1051800008217868FFF7D7FCFB6803F01003002BB9
:1051900002D07868FFF773FBFA68074B1340002BC7
:1051A00006D07B69013B7B617B69002B00D0A3E6C5
:1051B0001837BD4680BD00BF3000000480B500AF89
:1051C000064801F00BFD0648FFF78CFE034801F08E
:1051D0003FFD03F047F800BF80BD00BFA4F000080A
:1051E000B007002480B500AF0648FCF7DBFF054B95
:1051F000054AC3F89020034B044AC3F8942000BF2B
:1052000080BD00BFB00700240000084098F00008EF
:1052100090B585B000AF78607B68D3F89030BB6004
:1052200000217868FFF79FFABB680022C3F8342892
:10523000BB684FF00112C3F81C280023FB6024E078
:10524000BA68FB6848335B0113444FF000621A6090
:10525000BA68FB6858335B0113444FF000621A6070
:10526000BA68FB685B01134403F608134FF0FF3282
:105270001A60BA68FB685B01134403F608334FF009
:10528000FF321A60FB680133FB607B68D3F894300F
:105290009B68FA689A42D3D97868FFF781FA7B68ED
:1052A000D3F894301A68BB685A627868FFF742FAFC
:1052B000BB68D3F8003823F4FE62BB68C3F800284B
:1052C000BB689A691D4B1343BA689361BB68092296
:1052D000C3F81028BB680922C3F814287B68184A51
:1052E000DA60BB684FF0C042C3F8102B40231A4667
:1052F000144B1343BA68C2F8003BBB680022C3F8E2
:10530000102940231A460F4B1343BA68C2F80039DC
:1053100040239B089BB21B041C4640239B089BB266
:1053200019467868FFF74CFA034644EA0302BB6863
:105330009A6200BF1437BD4690BD00BF10000C003C
:1053400074F000080080001080B485B000AF786071
:105350007B68D3F89030FB60FB68D3F8003823F407
:10536000FE637A6892F88A2012011A43FB68C3F838
:10537000002800BF1437BD4680BC704780B582B09E
:1053800000AF78607868FFF70BFA7868FFF731F9BB
:1053900000BF0837BD4680BD80B485B000AF7860DF
:1053A0000B46FB707B68D3F89020FB7858335B0189
:1053B00013441B68FB60FB6803F40043002B01D11E
:1053C000002307E0FB6803F40013002B01D0012346
:1053D00000E0022318461437BD4680BC704780B4F5
:1053E00085B000AF78600B46FB707B68D3F89020E7
:1053F000FB7848335B0113441B68FB60FB6803F4D4
:105400000043002B01D1002307E0FB6803F40013E5
:10541000002B01D0012300E0022318461437BD46BB
:1054200080BC704780B584B000AFF8600B467A60EE
:10543000FB72FB7AFA6802339B0013445B681B6AB9
:10544000082219467868FAF7E1FF00BF1037BD4619
:1054500080BD80B487B000AF78600B46FB70FB78EE
:105460007A6802339B0013445B689B697B617B69AC
:105470001A687B69DA60FB78002B06D17B691B68B0
:10548000402B02D97B6940221A607B691A68FB783D
:10549000796802339B000B445B685B8A13445A1E95
:1054A000FB78796802339B000B445B685B8AB2FB34
:1054B000F3F33B61FB787A6802339B0013445B682B
:1054C0005B8A1A463B6902FB03F3033323F00303B1
:1054D000FB603B69DA04FB681A437B68D3F89010E1
:1054E000FB7842F0C0425B010B4403F531631A6064
:1054F000FB787A6802339B0013445B681B6803F0F7
:105500000303012B2DD17B68D3F89030D3F80838F2
:1055100003F48073002B12D07B68D3F89020FB78C3
:1055200058335B0113441A687B68D3F89010FB78FA
:1055300042F0805258335B010B441A6011E07B68E3
:10554000D3F89020FB7858335B0113441A687B68CA
:10555000D3F89010FB7842F0005258335B010B44B3
:105560001A607B68D3F89020FB7858335B011344B2
:105570001A687B68D3F89010FB7842F004425833E5
:105580005B010B441A6000BF1C37BD4680BC7047EE
:1055900080B485B000AF78600B46FB70FB787A680A
:1055A00002339B0013445B685B69FB60FB681A680D
:1055B000FB68DA60FB681B68002B0BD17B68D3F8B3
:1055C0009020FB785B01134403F511634FF4002234
:1055D0001A602EE0FB78002B06D1FB681B68402B7D
:1055E00002D9FB6840221A60FB681A68FB78796868
:1055F00002339B000B445B681B8A13445A1EFB78E2
:10560000796802339B000B445B681B8AB2FBF3F39F
:10561000BB60BB68DA04FB681B681A437B68D3F87D
:105620009010FB7842F000525B010B4403F51163CC
:105630001A60FB787A6802339B0013445B681B682E
:1056400003F00303012B2DD17B68D3F89030D3F8FE
:10565000083803F48073002B12D07B68D3F89020B5
:10566000FB7848335B0113441A687B68D3F89010C9
:10567000FB7842F0805248335B010B441A6011E022
:105680007B68D3F89020FB7848335B0113441A6899
:105690007B68D3F89010FB7842F0005248335B01EE
:1056A0000B441A607B68D3F89020FB7848335B0189
:1056B00013441A687B68D3F89010FB7842F00442D8
:1056C00048335B010B441A607B68D3F89030D3F801
:1056D0003418FB7801229A407B68D3F890300A4353
:1056E000C3F8342800BF1437BD4680BC704780B46F
:1056F00083B000AF78600B46FB707B68D3F89020D6
:10570000FB7858335B0113441A687B68D3F8901018
:10571000FB7842F4001258335B010B441A6000BF5F
:105720000C37BD4680BC704780B483B000AF786052
:105730000B46FB707B68D3F89020FB7848335B0105
:1057400013441A687B68D3F89010FB7842F4001277
:1057500048335B010B441A6000BF0C37BD4680BC68
:10576000704780B483B000AF78600B46FB707B68F5
:10577000D3F89020FB7858335B0113441A687B6898
:10578000D3F89010FB7822F4001258335B010B44DD
:105790001A6000BF0C37BD4680BC704780B483B030
:1057A00000AF78600B46FB707B68D3F89020FB78E5
:1057B00048335B0113441A687B68D3F89010FB7878
:1057C00022F4001248335B010B441A6000BF0C370F
:1057D000BD4680BC704780B483B000AF30237B608F
:1057E0007B6883F3118800BF00BF00BF00BF0C3788
:1057F000BD4680BC704780B483B000AF00237B609F
:105800007B6883F3118800BF00BF00BF00BF0C3767
:10581000BD4680BC704780B582B000AF78607868C4
:1058200001F0A0F800BF0837BD4680BD80B500AFCD
:10583000FFF7D1FF00BF80BD80B500AFFFF7DBFFF2
:1058400000BF80BD80B582B000AF78603960396834
:10585000786802F0DBF900BF0837BD4680BD000064
:1058600080B483B000AF78600C4BD3F890200B4924
:105870007B681343C1F89030084BD3F890207B68C5
:10588000DB4306491340C1F89030044BD3F8903005
:1058900000BF0C37BD4680BC704700BF00440258B3
:1058A00080B483B000AF78600B46FB70124BD3F826
:1058B000E82011497B681343C1F8E830FB78002BDE
:1058C00008D00D4BD3F810210B497B681343C1F866
:1058D000103108E0084BD3F810217B68DB43064900
:1058E0001340C1F81031044BD3F8103100BF0C370E
:1058F000BD4680BC704700BF0044025880B582B0EE
:1059000000AF78607868FFF7ABFF00BF0837BD468F
:1059100080BD000080B483B000AF78607B68DB6935
:1059200000221A607B68DB6900225A607B68DB69B1
:1059300040221A617B68DB694FF0FF329A617B6815
:105940005B685A69144B13407A68D26943F4404348
:1059500093607B685B685B78002B08D07B685B6832
:105960009A697B68DB6922F4C022DA6009E07B680F
:105970005B689A69094B13407A68D26943F0015316
:10598000D3607B68DB6940F201121A6000BF0C37FC
:10599000BD4680BC704700BF1F3EFFFFFFFFB9DF61
:1059A00080B483B000AF78607B685B685B7883F01D
:1059B0000103DBB2002B07D07B68DB691A687B68C8
:1059C000DB6942F400721A6000BF0C37BD4680BC30
:1059D000704780B483B000AF78607B685B685B78A9
:1059E00083F00103DBB2002B0FD07B68DB691A6800
:1059F0007B68DB6942F480621A6000BF7B68DB6908
:105A00001B6803F40073002BF8D17B68DB694FF04F
:105A1000FF329A6100BF0C37BD4680BC7047000062
:105A200080B582B000AF78607B685B6A1B681A68DB
:105A30007B685B6A1B6822F01F021A607B685B6AE6
:105A40001B681B6803F00103002BF7D17B685B6ABE
:105A50001B7B19467B685B6A5B683D228A401A6043
:105A60007B681B6A1B681A687B681B6A1B6822F0CC
:105A70001F021A607B681B6A1B681B6803F0010326
:105A8000002BF7D17B681B6A1B7B19467B681B6A5E
:105A90005B683D228A401A607B68074A934203D1C3
:105AA0004FF48040FFF72AFF7868FFF733FF00BF0D
:105AB0000837BD4680BD00BF6408002480B582B0B1
:105AC00000AF78607B685B685B78002B04D07868F7
:105AD000FFF7A6FF002343E07B685B6A1B681A6838
:105AE0007B685B6A1B6822F01F021A607B685B6A36
:105AF0001B681B6803F00103002BF7D17B685B6A0E
:105B00001B7B19467B685B6A5B683D228A401A6092
:105B100000BF7B68DB695B6903F46043002BF8D14D
:105B20007B681B6A1B681A687B681B6A1B6822F00B
:105B30001F021A607B681B6A1B681B6803F0010365
:105B4000002BF7D17B681B6A1B7B19467B681B6A9D
:105B50005B683D228A401A607868FFF73AFF0023AD
:105B600018460837BD4680BD80B582B000AF78606A
:105B700039603B6803F00C03002B1AD03848FFF75C
:105B80004AFE7868FFF74CFF7B685B689B68002BD8
:105B900004D07B685B689B6878689847FFF746FE8F
:105BA0007B6808336FF012011846FFF74BFEFFF7D2
:105BB00043FE7B685B681B78002B28D03B6803F0B2
:105BC0001003002B09D07B685B685B68002B04D056
:105BD0007B685B685B68786898473B6803F02003E4
:105BE000002B39D07B685B685B68002B34D07B6806
:105BF00004221A707B685B685B68786898477B68EA
:105C00001B78042B28D17B6803221A7024E0786863
:105C1000FFF754FF7B685B685B68002B0FD07B68E5
:105C200004221A707B685B685B68786898477B68B9
:105C30001B78042B06D17B6802221A7002E07B6875
:105C400002221A70FFF7F2FD7B6808330021184624
:105C5000FFF7F8FDFFF7F0FD00BF0837BD4680BD38
:105C6000B0EC000880B582B000AF786039603B6866
:105C700003F00C03002B1AD00F48FFF7CCFD786817
:105C8000FFF7CEFE7B685B689B68002B04D07B68C7
:105C90005B689B6878689847FFF7C8FD7B680833A6
:105CA0006FF012011846FFF7CDFDFFF7C5FD00BFED
:105CB0000837BD4680BD00BFB0EC000880B584B099
:105CC00000AF78607B68DB695A697B68DB691B69B8
:105CD0001340FB607B68DB69FA689A61FB6803F03C
:105CE0004003002B17D07868FFF79AFE7B685B684B
:105CF0009B68002B04D07B685B689B68786898473A
:105D0000FFF794FD7B6808336FF012011846FFF728
:105D100099FDFFF791FD00BF1037BD4680BD000023
:105D200080B584B000AFF860B9607A603B60FB6812
:105D3000144A3968B868FEF759F80246FB681A62D7
:105D4000FB681B6A002B02D16FF0100315E0FB68A3
:105D50000D4A39687868FEF749F80246FB685A62CE
:105D6000FB685B6A002B07D1FB681B6A1846FEF7CD
:105D7000D7F86FF0100300E0002318461037BD4637
:105D800080BD00BF695B0008655C000880B500AF9E
:105D9000064800F023FF0648FFF790FF034800F095
:105DA00057FF02F05FFA00BF80BD00BFB0F00008EF
:105DB0006408002480B500AF0B48FBF74DFF0A4B89
:105DC0000A4ADA61084B00221A62074B00225A6223
:105DD000054B074A9A62044B064ADA620A212420DC
:105DE000FCF7CEFD00BF80BD6408002400380040F1
:105DF000160001004600010080B584B000AF786055
:105E00007B684FF0FF325A637B681B78012B38D1D7
:105E10007B684C4A934231D10A230A2209217868CF
:105E2000FFF77EFFF860FB68002B01D0FB6885E080
:105E30007B681B6A27211846FEF79EF87B685B6A21
:105E400028211846FEF798F801214FF48040FFF70B
:105E500027FD4FF48040FFF751FD7B68DB6903F1BC
:105E600030027B681B6A1B689A607B68DB6903F100
:105E700020027B685B6A1B689A6002E06FF0140383
:105E80005CE07B685B685B6903F01F030133BB6008
:105E9000BB68082B0CD87B689B6A23F4F0427B68B4
:105EA0009A627B68DB6A23F4F0427B68DA6223E063
:105EB000BB68102B10D87B689B6A23F4F04343F433
:105EC00020527B689A627B68DB6A23F4F04343F4D8
:105ED00020527B68DA620FE07B689B6A23F4F04310
:105EE00043F4A0427B689A627B68DB6A23F4F04348
:105EF00043F4A0427B68DA627B685B681B78002B06
:105F00000CD07B689B6A43F484727B689A627B68DE
:105F1000DB6A43F484727B68DA620BE07B689B6A1D
:105F200023F484727B689A627B68DB6A23F4847250
:105F30007B68DA627868FFF7EDFC002318461037BB
:105F4000BD4680BD6408002480B588B000AF78608D
:105F500039607B68DB699B6803F01F030133BB6119
:105F60007868FFF71DFD00BF7B68DB695B6903F0A4
:105F70000203002BF8D0BB69082B18D87B68DB69BB
:105F80002033FB607B68DB693033BB603B68DAB28F
:105F9000FB681A7000BF7B68DB695B6903F0010373
:105FA000002BF8D0BB681B78DBB2FB612BE0BB6930
:105FB000102B18D87B68DB6920337B617B68DB6939
:105FC00030333B613B689AB27B691A8000BF7B68C3
:105FD000DB695B6903F00103002BF8D03B691B8888
:105FE0009BB2FB610FE07B68DB693A681A6200BF15
:105FF0007B68DB695B6903F00103002BF8D07B68E9
:10600000DB691B6BFB617868FFF7E3FCFB691846F3
:106010002037BD4680BD80B483B000AF30237B60A5
:106020007B6883F3118800BF00BF00BF00BF0C373F
:10603000BD4680BC704780B483B000AF00237B6056
:106040007B6883F3118800BF00BF00BF00BF0C371F
:10605000BD4680BC704780B500AFFFF7DCFF00BFD6
:1060600080BD80B500AFFFF7E6FF00BF80BD80B503
:1060700000AF00F08DFC00BF80BD000080B483B095
:1060800000AF78600B46FB70124BD3F8E820114943
:106090007B681343C1F8E830FB78002B08D00D4B28
:1060A000D3F810210B497B681343C1F8103108E085
:1060B000084BD3F810217B68DB4306491340C1F835
:1060C0001031044BD3F8103100BF0C37BD4680BCF3
:1060D000704700BF0044025880B500AF0121012085
:1060E000FFF7CCFF144BDB6B134A43F00103D36380
:1060F0004FF0804344F61F629A624FF080434FF0A6
:10610000FF32DA624FF0804300229A614FF0804301
:1061100000225A634FF080430022DA604FF0804340
:1061200000225A604FF0804301225A614FF08043B1
:1061300001221A6000BF80BD0010005C80B582B0F3
:1061400000AF4FF080437B607B681B693B607B68DE
:10615000DB68DBB23A6813403B603B68DA437B683C
:106160001A613B6803F00203002B05D0FFF773FFB1
:10617000FFF77DFFFFF775FF00BF0837BD4680BD05
:1061800080B500AF034B044ADA600248FBF7DFFB3F
:1061900000BF80BD9C0800240008004080B483B08C
:1061A00000AF78607B68DB6800221A607B68DB6880
:1061B00000221A617B68DB68DA687B68DB6822F0A2
:1061C000FF02DA6000BF0C37BD4680BC704780B567
:1061D00084B000AF78607B68DB681B69FB607B681C
:1061E000DB68DB68DBB2FA681340FB607B68DB6866
:1061F000FA68D2431A61FB6803F00103002B13D045
:106200007B681B78042B05D17B6802221A707868A2
:10621000FFF7C4FF7B685B685B68002B04D07B687A
:106220005B685B687868984700BF1037BD4680BDE3
:1062300080B483B000AF30237B607B6883F3118828
:1062400000BF00BF00BF00BF0C37BD4680BC704719
:1062500080B483B000AF00237B607B6883F3118838
:1062600000BF00BF00BF00BF0C37BD4680BC7047F9
:1062700080B500AFFFF7DCFF00BF80BD80B500AF89
:10628000FFF7E6FF00BF80BD80B582B000AF786049
:1062900039603968786801F0D2FD00BF0837BD4623
:1062A00080BD80B584B000AF786039600023FB60AA
:1062B0003B6803F00803002B03D0FB6843F48073B2
:1062C000FB603B6803F00103002B03D0FB6843F045
:1062D0002003FB603B6803F00203002B03D0FB6844
:1062E00043F04003FB603B6803F00403002B03D042
:1062F000FB6843F08003FB60FFF7BAFF7B68043361
:10630000F9681846FFF7C0FFFFF7B8FF00BF103766
:10631000BD4680BD80B483B000AF7860054B1B687C
:10632000044A43F0C003136000BF0C37BD4680BC75
:10633000704700BF0010014080B483B000AF7860A8
:10634000054B1B68044A43F0C003136000BF0C37C1
:10635000BD4680BC704700BF0050004080B483B091
:1063600000AF7860054B1B68044A43F0C00313601C
:1063700000BF0C37BD4680BC704700BF0014014011
:1063800080B582B002AF2748FBF7F0FB254B0093A6
:106390000023102224492548FBF7DFF8214B009306
:1063A000234B102223492448FBF7B9F91D4B234AFC
:1063B0005A651C4B224A9A652248FBF7D7FB214BB2
:1063C00000930023102220492048FBF7C6F81D4BFC
:1063D00000931F4B10221F491F48FBF7A0F9194BD0
:1063E0001E4A5A65174B164A9A651D48FBF7BEFBB5
:1063F0001B4B0093002310221A491B48FBF7ADF8F2
:10640000174B0093194B102219491A48FBF787F9CB
:10641000134B194A5A65124B094A9A6500BFBD468B
:1064200080BD00BFAC080024CC090024B8080024BB
:1064300015630008DC090024DC080024001001407A
:1064400000E1F5050C090024EC09002418090024DA
:1064500039630008FC0900243C0900240050004076
:106460006C0900240C0A0024780900245D630008EC
:106470001C0A00249C0900240014014080B586B049
:1064800000AF78607B685B6DFB60FB68DB693B613C
:10649000FB683A691A623B6903F00F03002B03D0D3
:1064A00039697868FFF7FDFE3B6903F48073002BC0
:1064B0001ED0FFF7DDFE7B6804334FF48061184681
:1064C000FFF7E2FEFFF7DAFE12E0FFF7D1FEFB680E
:1064D0005B6ADAB27B6893F85C301340DBB2194632
:1064E0007868FBF759FBFFF7C9FEFB68DB693B6186
:1064F0003B6903F02003002BE7D1FB681B687B613D
:106500007B6903F08003002B25D01FE0FFF7B0FE6E
:106510007B6830331846FBF768F9B860BB68002B1E
:106520000CDA7B68043308211846FFF7ADFE7B695F
:1065300023F080037B61FFF7A1FE0CE0BA68FB68E3
:106540009A62FFF79BFEFB68DB693B613B6903F0E6
:106550008003002BDAD17B6903F04003002B24D0A9
:106560003B6903F04003002B1FD0FFF781FE7B68DF
:106570005A6C7B689B6C9A4205D17B689B6B002BA5
:1065800001D0012300E0002303F00103DBB2002B64
:1065900009D07B68043310211846FFF775FE7B692C
:1065A00023F040037B61FFF769FEFB687A691A609C
:1065B00000BF1837BD4680BD80B582B000AF78609F
:1065C000786800F001FA00BF0837BD4680BD0000C2
:1065D00080B584B000AF78600023FB60FB6843F0B7
:1065E0001003FB601E4B5B68FA6842F001021A61FF
:1065F00044F62060FFF7E0FF194B5B68FA6842F051
:1066000002021A617B689B6803F4F072FB681A430C
:10661000134B5B6842F003021A617B689B6803F4CA
:10662000F072FB681A430E4B5B6842F003021A617A
:106630007B689A680B4B1340FA681A43084B5B68F7
:1066400042F004021A617B68D968054B5A6843F628
:10665000FE730B40536100BF1037BD4680BD00BFC5
:106660002C0A002400FE3F0080B582B000AF7860A5
:1066700039607B685B683A6812681A607B685B689F
:106680003A6852689A607B685B683A6812685A6038
:106690007B685B683A685268DA60064B1B68054A9B
:1066A00043F0004313603868FFF792FF00BF0837DC
:1066B000BD4680BD0040005280B483B000AF78601A
:1066C0000C4BD3F888200B497B681343C1F8883002
:1066D000084BD3F888207B68DB4306491340C1F898
:1066E0008830044BD3F8883000BF0C37BD4680BCDF
:1066F000704700BF0044025880B483B000AF786098
:106700000B46FB70124BD3F8E02011497B68134312
:10671000C1F8E030FB78002B08D00D4BD3F80821EE
:106720000B497B681343C1F8083108E0084BD3F8E4
:1067300008217B68DB4306491340C1F80831044B4C
:10674000D3F8083100BF0C37BD4680BC704700BF8E
:106750000044025880B483B000AF786039603B6871
:106760005A687B685A603B689A687B689A603B68A5
:10677000DA687B68DA603B681A697B685A613B6853
:106780005A697B681A623B689A697B685A623B68FF
:106790001A687B681A6000BF0C37BD4680BC704722
:1067A00080B500AF40F2FF70FFF786FF012140F295
:1067B000FF70FFF7A1FF17491748FFF7CBFF1749F5
:1067C0001748FFF7C7FF17491748FFF7C3FF1749D7
:1067D0001748FFF7BFFF17491748FFF7BBFF1749D7
:1067E0001748FFF7B7FF17491748FFF7B3FF1749D7
:1067F0001748FFF7AFFF17491748FFF7ABFF1749D7
:106800001748FFF7A7FF17491748FFF7A3FF00BF77
:1068100080BD00BFBCF0000800000258D8F000089E
:1068200000040258F4F000080008025810F10008B3
:10683000000C02582CF100080010025848F1000822
:106840000014025864F100080018025880F1000892
:10685000001C02589CF1000800200258B8F1000802
:1068600000240258D4F100080028025880B500AF77
:10687000FFF796FFFCF7D4FC00BF80BD80B400AFEB
:1068800000BFBD4680BC704780B58AB000AF78605D
:106890007B6800221A6007F10803184601F041FAEC
:1068A00004237B6207F10803184601F057FA07F149
:1068B0000803184601F062FA7B6A013B7B627B6A3F
:1068C000002BEFD1BA687B681A6000BF2837BD463D
:1068D00080BD80B483B000AF00237B607B6883F30E
:1068E000118800BF00BF00BF0C37BD4680BC704799
:1068F00080B500AF01F0EEFA01F082FB01F0DAFBA7
:1069000000BF80BD80B582B000AF124B01221A706B
:1069100000237B6008E00F4A7B689B001344002241
:106920005A607B6801337B607B68002BF3D00A4898
:10693000FFF7AAFFFFF7DCFF0849094800F04EFF08
:10694000044B02221A70FFF7C4FF00BF0837BD4690
:1069500080BD00BF340A00243C0A0024F0F1000886
:10696000400A002480B582B000AF786072B600BFE4
:1069700000BF786800F0A6F9034A7B68C2F884304B
:10698000024B03221A70FEE7400A0024340A002456
:1069900080B500AF00F01AFC00BF80BD80B485B0A8
:1069A00000AFF860B9607A60FA68BB68D21A79689B
:1069B000BB68CB1A9A4234BF01230023DBB21846CE
:1069C0001437BD4680BC704780B584B000AF786096
:1069D0000B4B5B68FB60FA687B681344BB6000BFCD
:1069E000074B5B68BA68F9681846FFF7D7FF03469C
:1069F000002BF5D100BF00BF1037BD4680BD00BFE2
:106A0000001000E080B483B000AF7860054B5A6B93
:106A10007B681343034A536300BF0C37BD4680BCF9
:106A2000704700BF400A002480B500AFFAF74DFC64
:106A30000346184680BD80B500AFFFF7F5FF03465B
:106A4000184680BD90B583B000AF78607B68D3F8FE
:106A50008C40FFF7F0FF03466360124B5B687A6877
:106A6000D2F88C2023F07F41136861F31F23136059
:106A70007B68D3F88C3003F110027B68C3F88C205C
:106A80007B68D3F88C207B6803F509639A4205D3B1
:106A90007B6803F190027B68C3F88C2000BF0C3741
:106AA000BD4690BD001000E080B485B000AF7860B6
:106AB0007B684FF6FF721A807B6880225A807B6861
:106AC00003F108027B685A600023FB600CE07A68DF
:106AD000FB681B01134403F1080213786FF30203F0
:106AE0001370FB680133FB60FB687F2BEFD900BF9D
:106AF00000BF1437BD4680BC7047000080B584B02D
:106B000000AF78603960184BFB60FB68B3F88830E1
:106B100003F00103002B22D1FB68D3F88C201378FB
:106B2000012161F3020313707B6893F82410FB6862
:106B3000D3F88C200B4603F01F03D9B2137861F30E
:106B4000C7031370FB68D3F88C307A689A60FB68CF
:106B5000D3F88C303A68DA60F868FFF773FF00BF4B
:106B60001037BD4680BD00BF400A002480B584B008
:106B700000AF78603960184BFB60FB68B3F8883071
:106B800003F00203002B23D1FB68D3F88C20137889
:106B9000022161F3020313703B6893F82410FB6831
:106BA000D3F88C200B4603F01F03D9B2137861F39E
:106BB000C7031370FB68D3F88C307A689A60FB685F
:106BC000D3F88C303A68926ADA60F868FFF73AFFD7
:106BD00000BF1037BD4680BD400A002480B586B096
:106BE00000AF7860194B7B617B69B3F8883003F0A4
:106BF0000403002B26D13023FB60FB6883F311884C
:106C000000BF00BF00BF7B69D3F88C20137803213D
:106C100061F3020313707B69D3F88C2013786FF350
:106C2000C70313707B69D3F88C307A689A607869EF
:106C3000FFF708FF00233B613B6983F3118800BF26
:106C400000BF00BF00BF1837BD4680BD400A00240A
:106C500080B586B000AF7860194B7B617B69B3F873
:106C6000883003F00403002B26D13023FB60FB683F
:106C700083F3118800BF00BF00BF7B69D3F88C206D
:106C80001378042161F3020313707B69D3F88C201D
:106C900013786FF3C70313707B69D3F88C307A686D
:106CA0009A607869FFF7CEFE00233B613B6983F36E
:106CB000118800BF00BF00BF00BF1837BD4680BDB0
:106CC000400A002480B584B000AF7860114BFB60AF
:106CD000FB68B3F8883003F00803002B16D1FB687B
:106CE000D3F88C201378052161F302031370FB683D
:106CF000D3F88C2013786FF3C7031370FB68D3F8B5
:106D00008C307A689A60F868FFF79CFE00BF1037F5
:106D1000BD4680BD400A002480B483B000AF7860D7
:106D200039607A683B68134418460C37BD4680BC0E
:106D3000704780B483B000AF786039603A687B6890
:106D4000D31A18460C37BD4680BC704780B483B058
:106D500000AF78607B681B687A689A420CBF012399
:106D60000023DBB218460C37BD4680BC704780B4A8
:106D700083B000AF786039607B681B683A689A42DC
:106D80000CBF01230023DBB218460C37BD4680BC84
:106D9000704780B485B000AFF860B9607A60BB68B6
:106DA0007A689A60BB68FA685A60BB685B681A6860
:106DB000BB681A60BB681B68BA685A60FB68BA682F
:106DC0001A6000BF1437BD4680BC704780B485B0E0
:106DD00000AFF860B9607A60BB687A689A60BB6897
:106DE000FA681A60BB681B685A68BB685A60BB685F
:106DF0005B68BA681A60FB68BA685A6000BF1437EB
:106E0000BD4680BC704780B586B000AFF860B96001
:106E10007A60FB681B687B6107E07B699B687A6826
:106E2000D31A7B607B691B687B617B699B687A688E
:106E30009A428CBF01230023DBB2002BEDD17A688C
:106E4000B9687869FFF7C2FF7B699A687B68D21AD4
:106E50007B699A60FB684FF0FF329A6000BF183779
:106E6000BD4680BD80B485B000AF78607B681B688C
:106E7000FB60FB681A687B681A607B681B687A682D
:106E80005A60FB6818461437BD4680BC704780B412
:106E900083B000AF78607B685B687A6812681A60BC
:106EA0007B681B687A6852685A607B6818460C37A2
:106EB000BD4680BC704780B582B000AF786078680E
:106EC000FAF70AFA00BF0837BD4680BD80B500AFAB
:106ED000FAF70DFA00BF80BD80B582B000AF7860D0
:106EE0007868FAF70AFA00BF0837BD4680BD80B55A
:106EF00000AFFAF7EAF90346184680BD80B483B0C4
:106F000000AF30237B607B6883F3118800BF00BF34
:106F100000BF00BF0C37BD4680BC704780B483B053
:106F200000AF00237B607B6883F3118800BF00BF44
:106F300000BF00BF0C37BD4680BC704780B500AFB6
:106F4000FFF7D5FF0346184680BD80B586B000AF79
:106F50007860396002237B613A687B699A4201D28A
:106F60007B693B6039687868FFF7D6FE03461846B0
:106F7000FFF7B2FFFFF7E2FF386139697868FFF782
:106F8000D8FEF860FA683B689A4234BF01230023B8
:106F9000DBB2002B07D17B6901337B613B697B60EE
:106FA0007B693B60DEE700BF7B69022B02D90120D1
:106FB000FFF728FD00BF1837BD4680BD80B586B0FD
:106FC00000AFF860B9607A603B60FB687A68DA60AD
:106FD000FB68B9683A681846FFF7DBFE02237B615D
:106FE0003A687B699A4201D27B693B60FB68DB6847
:106FF00039681846FFF790FE03461846FFF75BFF17
:10700000FFF79CFF386139697868FFF792FE024606
:107010003B6893428CBF01230023DBB2002B0FD1CE
:107020007B6901337B6179697868FFF775FE0346F8
:107030001846FFF751FF3B697B607B693B60DFE7E8
:1070400000BF7B69022B02D90120FFF7DBFC00BFE8
:107050001837BD4680BD80B588B000AFF860B96014
:107060007A60FFF76BFFB861FB681846FFF76EFEAA
:107070000346002B06D07B68BA69B968F868FFF749
:107080009DFF20E0FB68DB68B9691846FFF751FEF9
:1070900078617A697B681344FB61FA697B699A427B
:1070A00001D27B68FB61FB681B689B68FA699A42A6
:1070B00003D27968B869FFF748FFFB68B968FA69D5
:1070C0001846FFF7A0FE2037BD4680BD80B586B0CC
:1070D00000AFF860B9607A603B600A4B7B61FB6887
:1070E0003A681A61FB687A68DA60FB6800225A61C4
:1070F000BA68F9687869FFF7AEFF00BF1837BD4678
:1071000080BD00BF500A002480B586B000AF786013
:107110002D4B7B617B697A6811461846FFF727FE85
:10712000034683F00103DBB2002B14D07B681846C2
:10713000FFF7ADFE7B681B6899687B689A687B687F
:107140001B680A449A607B6800221A607B694FF0D2
:10715000FF329A6035E07B691846FFF783FE7B6853
:1071600000221A607B691846FFF7F0FD0346002BEA
:1071700002D0FFF7ABFE24E07B691B6899687B684F
:107180009A687B691B680A449A60FFF7D7FE3861EA
:107190007B69DB6839691846FFF7CBFDF8607B69CE
:1071A0001B689B68FA689A420AD27B691B689A68D6
:1071B000FB68D31ABB60B9683869FFF7C6FE00E008
:1071C00000BF1837BD4680BD500A002480B588B086
:1071D00000AF4D4B7B617B691B683B61FFF7AEFEE7
:1071E000F8607B69DB68F9681846FFF7A2FDB860B4
:1071F0003B699B68BA689A4266D37B69DA683B69E7
:107200009B6819461046FFF787FD78607B697A68AE
:10721000DA603B691846FFF73AFE3B6900221A60C4
:107220007B691846FFF792FD0346002B01D0FFF75C
:107230004DFEFFF773FE3B69DB683A691269114640
:1072400038699847FFF75AFE3B695B69002B14BF0A
:1072500001230023DBB2002BBDD0FFF76FFEF860E7
:10726000F9687868FFF765FDB8603B695B69BA68E3
:107270009A4205D90220FFF7C5FB0023BB6104E059
:107280003B695A69BB68D31ABB617B691846FFF733
:107290005DFD0346002B06D0BB69FA683969786941
:1072A000FFF78CFE2CE0BA68BB691344FB61FA69F6
:1072B000BB689A4201D2BB69FB617B693969FA6993
:1072C0001846FFF7A0FD86E700BF7B691846FFF769
:1072D0003DFD0346002B12D17B69DA68BB681A4476
:1072E0007B69DA603B699A68BB68D21A3B699A602D
:1072F0003B699B681946F868FFF727FE00E000BF6E
:107300002037BD4680BD00BF500A002480B483B042
:1073100000AF78607B685B687A6812681A607B6887
:107320001B687A6852685A607B6818460C37BD46FD
:1073300080BC704780B485B000AF78607B681B6804
:10734000FB60FB681A687B681A607B681B687A6858
:107350005A60FB6818461437BD4680BC704780B43D
:1073600083B000AF786039607B681B687B607B68A6
:107370009A683B689B689A422CBF01230023DBB2CA
:10738000002BF1D13B687A681A607B685A683B68C9
:107390005A603B685B683A681A607B683A685A6072
:1073A0003B6818460C37BD4680BC704780B483B03C
:1073B00000AF786039607B681B687B607B689A6887
:1073C0003B689B689A428CBF01230023DBB2002BF1
:1073D000F1D13B687A681A607B685A683B685A60EA
:1073E0003B685B683A681A607B683A685A603B6839
:1073F00018460C37BD4680BC704780B483B000AFE0
:1074000030237B607B6883F3118800BF00BF00BF1F
:1074100000BF0C37BD4680BC704780B483B000AF5E
:1074200000237B607B6883F3118800BF00BF00BF2F
:1074300000BF0C37BD4680BC704780B483B000AF3E
:1074400078607B681B68002B14BF01230023DBB22C
:1074500018460C37BD4680BC704780B483B000AF7F
:1074600078607B689B685A1C7B689A6000BF0C3709
:10747000BD4680BC704780B582B000AF78607B6845
:107480009B6A19467868FFF739FB7B68002283F80E
:1074900024207B689B691A467B6819461046FFF7D3
:1074A0005EFF034618460837BD4680BD80B582B0F2
:1074B00000AF78607B689B6A19467868FFF71EFB0F
:1074C0007B68002283F824207B689B691A467B68CE
:1074D00019461046FFF76AFF034618460837BD46AF
:1074E00080BD000080B584B000AF786039603B6833
:1074F000FB60FFF782FFFB6893F824300C2B2FD83A
:1075000001A252F823F000BF3D7500086175000824
:107510006175000843750008577500084D7500082F
:1075200061750008577500086175000861750008ED
:10753000617500086175000857750008FFF76DFF59
:1075400019E0FB689B6A00221A600AE0FB689B6AEC
:107550001846FFF782FFFB681846FFF7D7FE00E0EA
:1075600000BFFB684FF0FF329A62F868FFF783FFB5
:10757000FFF753FF00BF1037BD4680BD80B582B016
:1075800000AF78607868FFF776FF03461846083743
:10759000BD4680BD80B586B000AF0346FB71104B81
:1075A0003B613B69DB68FB60FB68FA7983F8242068
:1075B0003B691846FFF7BEFE78617B69012283F8BC
:1075C00024203B697A69DA60F9687869FFF7CEFAB6
:1075D000F9687869F8F704FF00BF1837BD4680BD29
:1075E000400A002480B58AB000AF03463960FB71C1
:1075F000144BDB687B623B68B3F1FF3F18D007F1A7
:107600000C007B6A104A3968FFF760FDFB79184669
:10761000FFF7C0FF07F10C031846FFF70EFF034604
:10762000002B09D007F10C031846FFF76DFD03E0AE
:10763000FB791846FFF7AEFF7B6A9B6A184628372E
:10764000BD4680BD400A0024E574000880B485B0C2
:1076500000AF0C4BFB60FB68DB68BB60FB681B6822
:107660009B687B60BB689B683B607A683B689A421A
:107670008CBF01230023DBB218461437BD4680BC03
:10768000704700BF400A002480B584B000AF104BA3
:10769000FB60FB68DB68BB60FB681846FFF74AFECF
:1076A00078607B68012283F82420FB687A68DA60BE
:1076B000B868FFF7FBFEB860B9687868FFF756FA5C
:1076C000B9687868F8F78CFE00BF1037BD4680BDFA
:1076D000400A002480B483B000AF78607B68002249
:1076E0001A6000BF0C37BD4680BC704780B483B0C1
:1076F00000AF78607B6800221A6000BF0C37BD467F
:1077000080BC704780B483B000AF78607B687A68D3
:107710001A607B687A685A6000BF0C37BD4680BC2F
:10772000704780B483B000AF78607B687A681A6075
:107730007B687A685A607B6800229A6000BF0C37C9
:10774000BD4680BC704780B483B000AF78607B6872
:107750007A681A607B687A685A607B684FF0FF32FB
:107760009A6000BF0C37BD4680BC704780B500AF43
:10777000F9F7ABFD0346184680BD80B500AFFFF7B3
:10778000F5FF0346184680BDB0B582B000AF786003
:107790007B681846FFF7D7FF7B680022DA60FFF7A7
:1077A000ECFF034600221C4615467B68C3E90445EE
:1077B00000BF0837BD46B0BD80B582B000AF78606D
:1077C0007B681846FFF79EFF00BF0837BD4680BDA7
:1077D00080B483B000AF786000BFFDE780B58AB0A9
:1077E00000AF7860396000237B622C4A7B6A9B0083
:1077F00013447A685A607B687A6A1A637B683A68CD
:107800009A63786800F0FAFC7B681846FFF789FFF6
:107810007B6828331846FFF7CFFF7B683433184660
:10782000FFF758FF7B6810331846FFF7ADFF7B6802
:1078300084331846FFF75AFF7B6888331846FFF7F2
:1078400033F97B6803F13C018023154A786800F026
:1078500005F902467B68DA607B68DB683A68526843
:107860001A627B68DB68012283F824200D4BFB60E1
:107870003B68DB683B613B681B697B610123BB6143
:10788000094BFB6100233B6207F10C03184600F033
:1078900053F900BF2837BD4680BD00BF340A00241D
:1078A00004F20008C0EC0008D177000880B483B06F
:1078B00000AF78607B687A681A6000BF0C37BD46FD
:1078C00080BC704780B483B000AF78607B681B6871
:1078D0007A689A4214BF01230023DBB218460C37A2
:1078E000BD4680BC704780B485B000AF78607B68CF
:1078F0001B68FB60FB681A687B681A60FB681846A7
:107900001437BD4680BC704780B483B000AF786048
:107910007B687A681A607B687A685A6000BF0C37A7
:10792000BD4680BC704780B483B000AF78607B6890
:107930001B687A689A4214BF01230023DBB2184601
:107940000C37BD4680BC704780B483B000AF786010
:1079500039603B687A681A607B685A683B685A608D
:107960003B685B683A681A607B683A685A6000BF97
:107970000C37BD4680BC704780B485B000AF7860DE
:107980007B681B68FB60FB681A687B681A607B6811
:107990001B687A685A60FB6818461437BD4680BC7D
:1079A000704780B483B000AF78607B685B687A68AA
:1079B00012681A607B681B687A6852685A607B6834
:1079C00018460C37BD4680BC704780B483B000AF0A
:1079D00030237B607B6883F3118800BF00BF00BF4A
:1079E0000C37BD4680BC704780B483B000AF002325
:1079F0007B607B6883F3118800BF00BF00BF0C373A
:107A0000BD4680BC7047000080B400AF024BDB680D
:107A10001846BD4680BC7047400A002480B582B03D
:107A200000AF786079680820FFF7DCFD00BF0837F9
:107A3000BD4680BD80B584B000AF786039607B689A
:107A40001846FFF799FFF860FB683A689A62F86891
:107A5000FFF794FD00BF1037BD4680BD80B584B0F0
:107A600000AFF860B9607A603B60BB683A689A60C2
:107A7000BB68022283F82420BB68002283F82520FB
:107A8000BB68FA689A61BB683A681A64BB680022EE
:107A9000DA63BB6800229A63BB68012283F8262060
:107AA000BB687A68DA61FB6803F12802BB681033AF
:107AB00019461046FFF748FFBB682C331846FFF7FE
:107AC000F5FEBB6830331846FFF71EFFBB6818464B
:107AD0001037BD4680BD000080B584B000AF78602F
:107AE0007B689B68483BFB607B685A68FB681A624E
:107AF000FB68A3F12402FB68DA607B681A69FB6803
:107B0000DB681A607B685A69FB68DB685A60FB684F
:107B1000DB68074A1A627B681A687B68DB68F96869
:107B20000448FFF79BFF034618461037BD4680BD4B
:107B3000F1030008400A002480B582B000AF7860ED
:107B40007868FFF7C9FF03461846FFF717FD03469D
:107B500018460837BD4680BD80B582B000AF78605A
:107B6000FFF733FF786800F004F800BF0837BD4620
:107B700080BD80B584B000AF7860FFF745FFF86046
:107B8000FB687A689A6208E0FB682C331846FFF7B6
:107B9000AAFE03461846FFF7F1FCFB682C33184693
:107BA000FFF790FE0346002BEED1FB6893F82630DA
:107BB000002B0CBF01230023DBB2002B10D0FB688D
:107BC00093F8253003F00303002B0CBF012300239F
:107BD000DBB2002B04D0FB6810331846FFF7E1FE40
:107BE0000F20FFF7D7FC00BF1037BD4680BD80B522
:107BF00082B000AF7860FFF7E8FE7868FFF70EFF0D
:107C0000FFF7F2FE00BF0837BD4680BD80B584B0E7
:107C100000AF786039607B681B68002B0BD07B68F5
:107C20001B68FB607B6800221A60FB683A689A62F6
:107C3000F868FFF7A3FC00BF1037BD4680BD80B5D4
:107C400084B000AF78603960FFF7DEFEF8603B6813
:107C5000002B0CBF01230023DBB2002B02D04FF01E
:107C6000FF3309E07B68F9681846FFF76DFE396855
:107C70000420FFF7B7FC034618461037BD4680BD09
:107C800080B582B000AF786039607B681846FFF736
:107C90004AFE0346002B03D039687868FFF7CAFE16
:107CA00000BF0837BD4680BD2DE9B00385B000AFE9
:107CB000F860B9607A60FB68DB685A1CFB68DA60C0
:107CC000FB689B68BA68D21A7B68D21AFB689A6014
:107CD000FB68D3E90423F968896800200C4605464F
:107CE00012EB040843EB0509FB68C3E90489FB6850
:107CF0009A68FB685B689A4203D9FB689A68FB68DC
:107D00005A60FB689A68FB681B689A4203D2FB685A
:107D10009A68FB681A6000BF1437BD46BDE8B0031F
:107D2000704780B483B000AF78607B684FF0FF325B
:107D30001A607B6800225A607B6800229A607B6828
:107D40000022DA6079684FF000024FF00003C1E9C9
:107D5000042300BF0C37BD4680BC704780B483B09D
:107D600000AF7860044B5A687B689A6000BF0C379C
:107D7000BD4680BC704700BF001000E080B582B0F7
:107D800000AF7860054B5B68054A926819467868D1
:107D9000FFF78AFF00BF0837BD4680BD001000E036
:107DA000340A002480B483B000AF78607B687A68BE
:107DB0001A607B687A685A6000BF0C37BD4680BC89
:107DC000704780B582B000AF78607B681846FFF7D7
:107DD000E9FF7B6800229A6000BF0837BD4680BD7E
:107DE00080B582B000AF786039607B689A6B3B6881
:107DF0001A437B689A637B6893F824300A2B06D178
:107E00007B689A6B7B689B6A1340002B0DD17B6863
:107E100093F824300B2B0ED17B689A6B7B689B6A9E
:107E20001A407B689B6A9A4205D17B6800229A625D
:107E30007868FFF7A3FB00BF0837BD4680BD80B55B
:107E400084B000AF786039607B681B68FB6019E024
:107E5000FB68DA683B681A43FB68DA603B68002B12
:107E600005D0FB681A693B681340002B07D0FB68FC
:107E70005A68FB689B6819461046FFF7B1FFFB681C
:107E80001B68FB60FA687B689A42E1D100BF00BFC3
:107E90001037BD4680BD80B483B000AF30237B6017
:107EA0007B6883F3118800BF00BF00BF0C37BD465D
:107EB00080BC704780B483B000AF00237B607B68D8
:107EC00083F3118800BF00BF00BF0C37BD4680BCE4
:107ED0007047000080B400AF044B054A1A60034BA2
:107EE000044A5A6000BFBD4680BC7047001400249D
:107EF000F01900240000082480B487B000AFF860B7
:107F0000B9607A60124B1A687B6813441A46BB68E2
:107F100013445A1EBB685B4213407B617A69FB685D
:107F200013443B610A4B5B683A699A4204D8084B98
:107F30001B683A699A4201D2002303E0044A3B6974
:107F400013607B6918461C37BD4680BC704700BF74
:107F50000014002480B487B000AFF860B9607A6084
:107F6000114B5A68FB685B4213441A46BB685B427C
:107F700013407B617B685B427A6913443B610A4B27
:107F80001B683A699A4204D3074B5B683A699A4284
:107F900001D9002303E0044A3B6953607B6918461A
:107FA0001C37BD4680BC70470014002480B586B0E5
:107FB00000AFF860B9607A60FFF76DFF7A68B96862
:107FC000F868FFF799FF7861FFF774FF7B6918463F
:107FD0001837BD4680BD80B586B000AFF860B96087
:107FE0007A60FFF758FF7A68B968F868FFF7B2FF60
:107FF0007861FFF75FFF7B6918461837BD4680BD83
:1080000080B500AF064B074A1A60054B00225A6044
:10801000034B00229A600448FFF7D3FE00BF80BDE7
:1080200008140024D77F00081414002480B485B0FD
:1080300000AFF860B9607A603B60FB6800221A60AC
:10804000FB68BA685A60FB687A689A60FB683A68AD
:10805000DA6000BF1437BD4680BC704780B582B07F
:1080600000AF78603960002239687868FFF772FFE6
:10807000034618460837BD4680BD80B584B000AFC2
:10808000F860B9607A607B680422B968F868FFF725
:10809000CDFF00BF1037BD4680BD80B483B000AFB8
:1080A00078607B687A681A6000BF0C37BD4680BC78
:1080B0007047000080B500AF1048FFF782FE1048FF
:1080C000FFF7EBFF0F4A14210F48FFF7D6FF0F48C9
:1080D000FFF7E3FF0E48FFF7E0FF0A4A1C210D48B7
:1080E000FFF7CBFF0C48FFF7D8FF0C48FFF7D5FF91
:1080F0000B48FFF7D2FF00BF80BD00BF241400244F
:10810000341400245D80000838140024481400242E
:108110004C1400245014002460140024641400241F
:108120006814002480B485B000AF78607B6803F0E9
:108130000703FB600B4BDB68BB60BA684FF6FF03BD
:108140001340BB60FB681A02BB681A43064B13431B
:10815000BB60044ABB68D36000BF1437BD4680BC17
:10816000704700BF00ED00E00000FA0580B483B066
:1081700000AF03463960FB80B7F90630002B0ADBFD
:108180003B68DAB20C49B7F906301201D2B20B449F
:1081900083F800230AE03B68DAB20849FB8803F061
:1081A0000F03043B1201D2B20B441A7600BF0C3706
:1081B000BD4680BC704700BF00E100E000ED00E07C
:1081C00080B485B000AFEFF309833B603B68FB6090
:1081D000FB682033FB60FB687B607B6883F3098866
:1081E00000BF0023BB60BB6883F3118800BF00BFE2
:1081F00000BF00BF1437BD4680BC704780B584B057
:1082000000AF78603023FB60FB6883F3118800BF08
:1082100062B600BF00BF0320FFF784FF0E4BDB6890
:108220000D4A43F08073D3600C4B0D4AC3F8B02F56
:108230000A4B1B68094A43F00103136002216FF0E7
:108240000400FFF793FF03216FF00100FFF78EFF9B
:1082500000BF1037BD4680BDF0ED00E0001000E02B
:1082600055CEACC580B586B000AF3023FB60FB684F
:1082700083F3118800BF00BF00BF194B5B6803F494
:108280000063002B20D0EFF309837B607B687B6168
:108290007B69203B7B617B693B613B694FF080726E
:1082A000DA617B69BB60BB6883F3098800BFFFF7B5
:1082B000CDF90346002B03D00A4A3B699A610BE0D3
:1082C000094A3B699A6107E000233B603B6883F3FE
:1082D000118800BF00BF00BF1837BD4680BD00BF7A
:1082E00000ED00E0030400080604000880B485B037
:1082F00000AFF860B9607A603B60FB6816221A60D4
:108300004FF0FF3318461437BD4680BC704780B429
:1083100085B000AFF860B9607A603B600023184612
:108320001437BD4680BC704780B485B000AFF8609C
:10833000B9607A603B603B6818461437BD4680BC24
:10834000704780B483B000AF78603960002318466E
:108350000C37BD4680BC704780B584B000AF7860F4
:1083600039603B68002201211846FFF71FFEF860C4
:10837000FB68002B05D17B680C221A604FF0FF339D
:1083800000E0FB6818461037BD4680BD80B584B05C
:1083900000AFF860B9607A6058220021786800F078
:1083A000FDFB7B684FF400525A60002318461037DB
:1083B000BD4680BD80B483B000AF786039600123D2
:1083C00018460C37BD4680BC7047000080B582B0AF
:1083D00000AF78600248FEF7C5FA00F093FB00BFDB
:1083E000C8EC000880B582B000AF78603960024800
:1083F000FEF7B8FA00F086FBD0EC000880B400AFBE
:1084000001231846BD4680BC7047000080B58EB081
:1084100000AFF8F703FFFEF775FA00F0C1FA00F0BD
:1084200063FB41F28830FFF7E2FB4FF040437B6390
:108430004FF040433B6300F057FA684A00210020A8
:1084400000F01EFA664A0C21002000F019FA00F034
:1084500061FA7B6B41F211121A807B6B023342F29C
:1084600022221A807B6B043343F233321A807B6BF7
:10847000063344F244421A807B6B1B88FB857B6B7E
:1084800002331B88BB857B6B04331B887B857B6B2E
:1084900006331B883B854FF47A70FFF7A8FB00F08A
:1084A00023FA504A0021002000F0EAF9FB8D3846FB
:1084B0004D4A202100F02EFB3B461A460C2100209D
:1084C00000F0DEF9BB8D3846484A202100F022FB3F
:1084D0003B461A461821002000F0D2F97B8D384621
:1084E000434A202100F016FB3B461A462421002077
:1084F00000F0C6F93B8D38463E4A202100F00AFBC9
:108500003B461A463021002000F0BAF900F002FA8A
:1085100047F23050FFF76BFB00F0E6F9364A0021D6
:10852000002000F0ADF97B6B01221A807B6B1B8869
:10853000FB847B6B4FF480721A807B6B1B88BB843F
:10854000FB8C38462D4A202100F0E4FA3B461A46BF
:108550001021002000F094F9BB8C3846284A2021D5
:1085600000F0D8FA3B461A462021002000F088F996
:1085700000F0D0F947F23050FFF739FB00F0B4F9C2
:10858000204A0021002000F07BF93B6B1E4A1A6054
:108590003B6B1B683B623B461C4A2021184600F09F
:1085A000B9FA3B461A461021002000F069F9384616
:1085B0003B6A174A202100F0ADFA3B461A462021BB
:1085C000002000F05DF900F0A5F947F23050FFF708
:1085D0000EFB42F21070FFF70AFBFAE7E8EC000826
:1085E000F8EC000808ED000818ED000820ED000880
:1085F00028ED000830ED000838ED000844ED0008D3
:1086000050ED00085CED00084433221168ED0008CD
:1086100074ED000880B400AF034B40225A8300BFC2
:10862000BD4680BC704700BF0020025880B400AF38
:10863000034B40221A8300BFBD4680BC704700BF79
:108640000020025880B400AF034B20225A8300BFA1
:10865000BD4680BC704700BF0020025880B400AF08
:10866000034B20221A8300BFBD4680BC704700BF69
:108670000020025880B582B000AF0346FB71FFF7BF
:10868000E1FFFFF7C7FFFB7919460448FDF75CFCE3
:10869000FFF7CCFF00BF0837BD4680BD640800244B
:1086A00080B584B000AF78603960FFF7D7FF002352
:1086B000FB600EE0FFF7AEFF7A68FB6813441B789F
:1086C00019460848FDF740FCFFF7B0FFFB6801338F
:1086D000FB60FA683B689A42ECD300BF00BF1037DA
:1086E000BD4680BD6408002480B487B000AFF86048
:1086F000B9601346FB71FB68002B4FDBFB687F2BD7
:108700004CDCBB68002B49DBBB683F2B46DCBB68FD
:10871000DB10DB01FA6813447B61BB6803F00703DD
:10872000012202FA03F3FB741F4A7B6913441B788E
:10873000BB74FB79002B0CD01B4A7B6913441A785D
:10874000FB7C1343D9B2184A7B6913440A461A705A
:108750000DE0154A7B6913441A78FB7CDB43DBB2DE
:108760001340D9B2104A7B6913440A461A700E4A64
:108770007B6913441B78BA7C9A4210D00B4B0122C0
:108780001A70BB68DB10012202FA03F3DAB2084B5D
:108790001B781343DAB2064B1A7000E000BF1C3797
:1087A000BD4680BC704700BF6C14002470180024C4
:1087B0007118002480B483B000AF78607B681A79A8
:1087C0007B681B7A1344DBB218460C37BD4680BC6D
:1087D0007047000080B584B000AF0346FB710B46C4
:1087E000BB7113467B71254B1B68002B41D0234B7B
:1087F0001B689B797A799A4205D3204B1B68DB79F9
:108800007A799A4201D93F237B710023FB7329E0D7
:108810001A4B1B68DB68F97B7A7910469847034648
:108820007B730023BB7314E07A7BBB7B22FA03F3D8
:1088300003F00103002B09D0FA79FB7BD018BA7939
:10884000BB7B134401221946FFF74EFFBB7B01336C
:10885000BB730A4B1B685B79BA7B9A42E4D3FB7B00
:108860000133FB73054B1B681B79FA7B9A42CFD30C
:1088700000E000BF1037BD4680BD00BF6C1800246B
:1088800080B584B000AF03463A60FB710B46BB7104
:10889000144B1B68002B20D03B68002B1DD0114BC4
:1088A0001B681846FFF786FF0346FB730CE03B6826
:1088B0005A1C3A601A78B979FB791846FFF78AFF93
:1088C000FA79FB7B1344FB713B681B78002B05D0C6
:1088D00097F90730002BEADA00E000BF1037BD46F9
:1088E00080BD00BF6C18002480B500AF4FF48062DB
:1088F0000021054800F052F9044B01221A70044B84
:10890000FF221A7000BF80BD6C1400247018002470
:108910007118002480B582B000AF1E4B1B78DBB20B
:1089200083F00103DBB2002B2FD10023FB7122E087
:10893000194B1B781A46FB7922FA03F303F0010363
:10894000002B14D0FB79503BDBB21846FFF792FEA8
:108950000020FFF78FFE1020FFF78CFEFB79DB0174
:108960000E4A134480211846FFF79AFE00E000BF2C
:10897000FB790133FB71FB79072BD9D9054B002219
:108980001A70054B00221A7000E000BF0837BD4680
:1089900080BD00BF70180024711800246C140024DE
:1089A00080B500AF012240213648FBF7F9FA0122D9
:1089B00020213448FBF7F4FA012210213148FBF75B
:1089C000EFFAFFF733FEFFF749FE2E4B10221A8312
:1089D00040F29A2202212B48FBF7E2FA40F29A2257
:1089E00008212848FBF7DCFA27492848F9F74AF913
:1089F000244B10225A834FF4FA70FFF7F8F8214BFA
:108A000010221A834FF4FA70FFF7F1F8AE20FFF747
:108A100031FED520FFF72EFE8020FFF72BFEA82089
:108A2000FFF728FE3F20FFF725FED320FFF722FEA9
:108A30000020FFF71FFE4020FFF71CFE8D20FFF7F0
:108A400019FE1420FFF716FE2020FFF713FE00206A
:108A5000FFF710FEA120FFF70DFEC820FFF70AFE6A
:108A6000DA20FFF707FE1220FFF704FEAF20FFF722
:108A700001FEFFF739FFFFF74DFF054B054A1A606E
:108A800000BF80BD0020025830F2000864080024B6
:108A90006C1800244CF2000880B483B000AF034689
:108AA0000A46FB711346BB71FB791F2B02D9FB7978
:108AB0007E2B01D900230FE0BB79042B01D90023C1
:108AC0000AE0FB79A3F12002B979064813469B001E
:108AD000134403440B441B7818460C37BD4680BC36
:108AE000704700BF5CF2000880B500AFF9F70CFFDB
:108AF00002490348F9F726FF00BF80BD38F400089B
:108B00002C0A002408B5062000F09AF80120FFF78F
:108B10005DFC00BF0CB410B51F4B00291C689CB055
:108B200035DB4FF40273ADF81430029006901FABA2
:108B300018D001394FF6FF7204910791ADF8162055
:108B400002A91E9A0193204600F07CFB421C01DA28
:108B50008B232360029B00221A701CB0BDE81040DA
:108B600002B070474FF6FF7204910791ADF81620DE
:108B700002A91E9A0193204600F064FB431C01DA0F
:108B80008B2323601CB0BDE8104002B070478B23DC
:108B900023604FF0FF30F5E720010024830730B554
:108BA00048D0541E002A3FD0CAB2034601E0013C1F
:108BB0003AD303F8012B9D07F9D1032C2DD9CDB25F
:108BC00045EA05250F2C45EA054536D9A4F11002E2
:108BD00022F00F0C03F1200EE6444FEA121C03F1C1
:108BE000100242E9045542E9025510327245F8D1AB
:108BF0000CF1010214F00C0F03EB021204F00F0C45
:108C000013D0ACF1040323F003030433134442F8FC
:108C1000045B9342FBD10CF003042CB1C9B21C4499
:108C200003F8011B9C42FBD130BD64461346002C67
:108C3000F4D1F9E703461446BFE71A46A446E0E735
:108C400038B5154B1F281D6820D8D5F818210446C3
:108C500062B152F820304BB1012B15D0591C0FD006
:108C6000002542F820509847284638BD284600F095
:108C70002BF8224601462846BDE8384000F00EB8E1
:108C800016232B60012038BD002038BD16232B6031
:108C90004FF0FF3038BD00BF2001002470B50C46F6
:108CA000084D03460026204611461C462E60FFF75D
:108CB00099FB431C00D070BD2B68002BFBD02360B8
:108CC00070BD00BFE4190024FFF798BB2DE9F04FF9
:108CD00001F10B06162E83B0044624D8102900F2A9
:108CE000BA8000F0A3FA102618220220B54F3A44A9
:108CF000A2F1080153688B4200F0BA805A68D96823
:108D000022F003021A449D68E9608D60516841F0C9
:108D100001012046516003F1080500F08DFA284654
:108D200003B0BDE8F08F36F0070600F19480B14241
:108D300000F2918000F07AFAB6F5FC7FC0F09A81DB
:108D4000730A00F08F80042B00F26F81B30903F1E6
:108D5000390003F1380CC3009A4F3B44A3F10805D6
:108D60005B689D4206D10CE0002980F22781DB6818
:108D70009D4206D05A6822F00302911B0F29F3DDB1
:108D800060463D69DFF840C265457CD06A6822F0E4
:108D90000302931B0F2B00F37B81002BC7E904CC4C
:108DA00080F26C81B2F5007F80F01A81D308796877
:108DB00001334FEA521E012202FA0EF20A4357F81B
:108DC00033E0C5F808E007EBC3010839E9607A60D1
:108DD00047F83350CEF80C5083100121994091424E
:108DE00057D8114206D120F003004900114200F18A
:108DF0000400FAD007EBC0094D468646D5F80C8032
:108E0000454508D11DE1002B80F22481D8F80C8063
:108E1000454500F01681D8F8042022F00302931B88
:108E20000F2BF0DD2046D8E9025408EB060146F08E
:108E30000106C8F80460EC60A56043F00104C7E9CE
:108E40000411C1E902CC4C6048F8023000F0F4F99A
:108E500008F1080502E00C2323600025284603B032
:108E6000BDE8F08F4FF4007340204FF03F0C73E7E4
:108E7000D3689A4208BF02307FF440AF3D69DFF803
:108E800048C1654582D17A68831001219940914299
:108E9000A7D9BD686B6823F003094E4503D8A9EB39
:108EA00006030F2B7ADCDFF824B1494BDBF80020F6
:108EB0001B680132334405EB090A00F0338103F5E6
:108EC00080530F3323F47F6828F00F084146204673
:108ED000FFF742FA411C024600F0F380824500F29F
:108EE000EE803C4B196841441960084600F04E8101
:108EF000DBF80010019301311BBFA2EB0A01091836
:108F0000CBF80020196012F0070B00F01781CBF1AD
:108F100008010A44CBF5805190440831A1EB0801C7
:108F2000C1F30B0A514620460092FFF715FA421C86
:108F3000DDE9002300F04F81801A00EB0A08196870
:108F4000BA6048F001005144BD425060196000F021
:108F50002981B9F10F0F40F227816868A9F10C0C43
:108F60002CF0070C00F0010040EA0C0068604FF0A4
:108F7000050E05EB0C00BCF10F0FC0E901EE00F28D
:108F8000328150681546144B1A688A4238BF1960FE
:108F9000124B1A688A4238BF196094E0AA1943F04C
:108FA000010346F001066E602046BA60536000F08F
:108FB00043F90835284603B0BDE8F08FD9681A4454
:108FC000A1E600BF240100242C0100242C0500246C
:108FD000A4180024741800249C180024A01800244D
:108FE000B2F5206F4FEA522363D3142B00F2B780FF
:108FF00003F15C01C9005B3307EB010E7958AEF158
:10900000080E8E4500F091804B6823F003039342D5
:1090100002D989688E45F7D1D1F80CE07A68C5E9A4
:10902000021ECEF80850CD60D6E6142B59D9542B29
:1090300000F29D80330B03F16F0003F16E0CC3004F
:109040008AE60EF1010E1EF0030F05F108057FF40C
:10905000D5AE51E0424445465368D8F80C1043F071
:109060000103536055F8083F2046D9608B6000F03B
:10907000E3F8F3E6F00806F1080237E62A44204652
:10908000536843F001035360083500F0D5F8E5E676
:10909000A919204646F0010643F001046E60C7E9B5
:1090A0000411C1E902CC4C60AB5000F0C5F80835A2
:1090B000D4E6930903F13901C90038339CE7BD4276
:1090C0005FD0BD68686820F003084645A8EB06033A
:1090D00002D80F2B3FF762AF204600F0ADF8002515
:1090E000BCE603F15C0003F15B0CC30034E659F805
:1090F00008394B4540F0968010F0030F00F1FF3027
:10910000F5D17B6823EA01037B60490099423FF671
:10911000C0AE19B9BDE649000EF1040E1942FAD0ED
:10912000704667E603F11008D0E69A104FF0010888
:109130007B6808FA02F21A437A6070E702EB0801D2
:109140004942C1F30B0A514620460092FFF704F949
:10915000431CDDE900237FF4EFAEDA46EFE6542B43
:1091600025D8130B03F16F01C9006E3344E7B3F543
:10917000AA7F25D8F30B03F1780003F1770CC30025
:10918000EAE5294B186840441860B1E6CAF30B0CB5
:10919000BCF1000F7FF4ACAEBD68C84448F00100DC
:1091A0006860F0E61546EEE60123536094E7B3F5F8
:1091B000AA7F23D8D30B03F17801C90077331BE7CB
:1091C00040F25452934223D8B30C03F17D0003F1D3
:1091D0007C0CC300C0E5ABF1080BD844A8EB020837
:1091E0004FF0000AABE605F108012046009302F0BB
:1091F000E3FFBD68009B68681968C4E640F25451FB
:109200008B420BD8930C03F17D01C9007C33F3E64C
:109210004FF47E737F204FF07E0C9DE54FF47E71FE
:109220007E23E9E67B6870E774180024014801F0AA
:1092300045BF00BFE8190024014801F041BF00BF4D
:10924000E81900242DE9F04FD9B00C460C91904656
:109250000E93824601F02AFF036819931846F7F728
:10926000CFF908221790002128A8FFF797FCA389BF
:109270001F0603D52369002B00F03F8700232FAA88
:109280000024CDE92D33CDE91A33CDE91C331393F6
:10929000189309930023CDE914342C929146444647
:1092A000A046784BD3F8E45001F0FAFE034628A814
:1092B0000090424624A95046A847002800F0B080FC
:1092C000C0F2A680249A252A034601D09844E8E7F4
:1092D000B8EB0407064640F0A78000234FF0FF32AA
:1092E0008DF887309B460B9308F1010898F8003001
:1092F00008922B25202608F10108A3F120025A2A02
:1093000000F2C280DFE812F0E602C000C000E10215
:10931000C000C000C0006A00C000C0000802840293
:10932000C0001302C702C000C2025B005B005B000A
:109330005B005B005B005B005B005B00C000C0008B
:10934000C000C000C000C000C0004301C0008901CF
:109350001D02430143014301C000C000C000C00022
:109360001802C000C0009602C000C000C000B101D9
:10937000C000A902C000C000DD06C000C000C000DF
:10938000C000C000C000C000C0004301C00089018F
:10939000E2014301430143017702E2017F00C00083
:1093A0008902C0005F02DA0632027F00C000B1010C
:1093B0007C00B406C000C000B806C0007C00A3F169
:1093C0003002002118F8013B01EB810102EB410161
:1093D000A3F13002092AF5D90B918EE7504601F02E
:1093E00065FE43681C931846F7F70AF91D90074677
:1093F000504601F05BFE83681A93002F40F0B18560
:1094000098F8003077E798F800304BF0200B72E7BF
:109410000822002128A8FFF7C1FB0123984440E758
:10942000B8EB0407064611D02E9B3B442E932D9B90
:109430000133072BC9E900472D9319DC09F108090D
:10944000099B3B440993002E7FF447AF2E9B002BD2
:1094500041F001820C9BB3F90C3013F0400F099BD3
:1094600018BF4FF0FF330993099859B0BDE8F08F4A
:109470000C992CAA504603F0ABFB0028EAD10DF161
:10948000BC09DDE7400500241093002BDED000224C
:109490008DF8FC3001238DF8872007930D920A93F5
:1094A00008921292169211923FAC1BF0020302D066
:1094B0000799023107911BF084010F9105D10B9997
:1094C00007980F1A002F00F382832E9E82B101228B
:1094D000C9F804202D9A013201360DF18701072ABF
:1094E0002E962D92C9F8001000F3BD8309F10809EA
:1094F00083B12D9B22AA01330236C9F80020072B25
:109500004FF002022E962D93C9F8042000F3C08379
:1095100009F108090F9B802B00F08182089B0A9AB1
:109520009F1A002F00F3BC821BF4807F40F01E8244
:109530000A9BC9F804301E442D9BC9F80040013332
:10954000072B2E962D9300F3378309F108091BF0A2
:10955000040F05D00B9B079A9C1A002C00F3A483E0
:10956000099B0B9A07998A42ACBF9B185B18099319
:10957000002E40F0CA8200232D930D9B1BB10D9944
:10958000504602F019FE0DF1BC09444688E61093DE
:109590000E9B073323F00701F1E80223CDE91423E2
:1095A000DDE9142323F000450E9116461046B34B17
:1095B00029464FF0FF32F7F7E7FC002840F0FC8423
:1095C000AE4B304629464FF0FF32F7F7BFFC00287C
:1095D00040F0F284DDE9140100220023F7F7ACFC2F
:1095E000002841F038809DF88720A54CA54B2BF032
:1095F000800B10994729C8BF1C46002303210D93F7
:1096000007910A910893129316931193002A3FF43D
:109610004CAF079B0133079347E7432B109303D0CD
:109620001BF0100F00F051850E9E082200212AA881
:109630003FACFFF7B3FA2AAB56F8042B214650464D
:1096400003F092FA034601330A9001F0C3820A9BA9
:109650000E9623EAE373079300228DF887200D927C
:1096600008921292169211921FE70E9F109357F8CC
:10967000044B00238DF88730002C00F04D85109BA3
:10968000532B00F0D4861BF01003119340F0CF86CB
:10969000089B5D1C01F0CC8011991A462046F6F714
:1096A0004FFF0D90002801F051830D9B11999DF8FB
:1096B00087200E971B1B0A9323EAE37307937323F8
:1096C0000891129116910D9110939FE71BF0200FB6
:1096D00010930E9B3CD0073323F007031A46114624
:1096E0005B6851F8082B0E911946002BC0F20184DB
:1096F000089B013300F0A88252EA01032BF0800599
:1097000040F0A382089B002B40F0A482AB460023CC
:1097100008930A9358ACFFE00E9B53F8042B0B926E
:10972000002A80F20C840B9A0E9352420B9298F806
:1097300000304BF0040BDEE598F800304BF0080BDE
:10974000D9E54BF0100B1BF0200F10930E9BC2D1EC
:109750001BF0100F40F0FE831BF0400F00F0F6836B
:1097600033F9042B0E93D1170B46BEE70E9B53F82B
:10977000042B0E9347F63003ADF888307820424B27
:1097800018934BF002050021022310900020089C42
:109790008DF88700601C00F0A88052EA010025F0D7
:1097A000800B40F0A180002C40F09586002BAED1BC
:1097B00015F001030A9300F0C78330238DF85F3161
:1097C0000DF25F14A8E01BF0200F40F0E5831BF0C2
:1097D000100F40F086861BF0400F40F07F871BF48F
:1097E000007F00F07E860E9B099953F8042B0E93A0
:1097F0001170444654E598F80030682B03BF98F880
:1098000001304BF4007B08F101084BF0400B72E58E
:1098100098F800308DF887506DE598F800306C2B83
:1098200003BF98F801304BF0200B08F101084BF012
:10983000100B60E510934BF0100B1BF0200100F0B3
:109840004A830E9B073323F00703596853F8082B0C
:109850000E932BF48065002398E710934BF01005CE
:1098600015F0200100F028830E9B073323F0070337
:10987000596853F8082B0E93012387E7FFFFEF7F0A
:109880004CF5000850F500085CF5000898F8003029
:109890004BF0800B2FE5414611F8013B2A2B01F0DC
:1098A0007F82A3F13002092A884698BF002101F285
:1098B000768118F8013B01EB810102EB4101A3F134
:1098C0003002092AF5D9089117E598F800304BF0D5
:1098D000010B10E59DF88730002B7FF491AD98F8CF
:1098E00000308DF8876006E55D46012B00F0AD8104
:1098F000022B58AC1FD1189802F00F031209C35C59
:1099000004F8013D42EA0172090952EA0103F3D168
:1099100058AB1B1BAB460A930A9908989DF8872001
:1099200081424FF00003B8BF01460D930791129397
:10993000169311936AE602F00703D20842EA4172D5
:10994000C908303352EA0106204604F8013DF2D13D
:10995000E907DDD5302BDBD03023023804F8013C99
:1099600058AB1B1AAB460A930446D5E7109B652BF0
:1099700040F3DC80DDE9140100220023F7F7D2FA7E
:10998000002800F0C8810123C9F804302D9BBD4A8E
:10999000C9F8002001330136072B2E962D9300F3D2
:1099A000398509F10809239B139A934280F2C282F8
:1099B000179B199A1E44C9E900232D9B2E9601334B
:1099C000072B2D9300F38D8309F10809139B5C1E6F
:1099D000002C7FF7BCAD102C2D9BAB4D40F3558573
:1099E000324610270C9E05E009F10809103C102CA6
:1099F00040F34A8501331032072BC9E90057CDE9FE
:109A00002D32F1DD2CAA3146504603F0E1F8002852
:109A100040F08380DDE92D320DF1BC09E6E70B9BB8
:109A2000079A9F1A002F7FF779AD102F2D9B964D27
:109A300023DD324626460C9C04E0103F102F09F12E
:109A4000080918DD013310321021072BCDE92D3222
:109A5000C9F80050C9F80410EFDD2CAA2146504681
:109A60000DF1BC0903F0B4F8002856D1103F102FB7
:109A7000DDE92D32E6DC3446164601333E44072B41
:109A8000CDE92D36C9F80050C9F8047000F31685E9
:109A9000089B0A9A9F1A002F09F108097FF744AD25
:109AA000102F2D9B784D22DD324626460C9C04E07B
:109AB000103F102F09F1080917DD01331032102172
:109AC000072BCDE92D32C9F80050C9F80410EFDD9D
:109AD0002CAA2146504603F07BF8F0B9103F102F16
:109AE000DDE92D320DF1BC09E7DC344616460133C1
:109AF0003E44072BCDE92D36C9F80050C9F8047053
:109B000000F3CD8109F108090EE50C992CAA504605
:109B100003F05EF800283FF42EAD0D9B002B3FF4C0
:109B200099AC0D99504602F047FB93E4139B012B2F
:109B300040F36E812D9FC9F8004001231F44013678
:109B4000072FC9F804302E962D9700F3D98109F11B
:109B50000809179B199A01371E44072FC9E90023EA
:109B6000CDE92D7600F3D98109F10809DDE9140169
:109B700000220023F7F7D6F9002840F06781139BF5
:109B80000137013B01341E44072FC9F800402D97CF
:109B9000C9F804302E9600F34C8109F108091B9B8B
:109BA000C9F8043001371E44072F26ABCDE92D76C6
:109BB000C9F800307FF7C9AC0C992CAA504603F0C5
:109BC00007F80028A9D12E9E0DF1BC09BFE4102F83
:109BD000DDE92D212D4D27DDCDE91E381026D0469B
:109BE000A2460C9C04E0103F102F09F1080916DD75
:109BF00001321031072AC9E90056CDE92D21F2DDE5
:109C00002CAA214640460DF1BC0902F0E1FF0028D4
:109C100040F0F283103F102FDDE92D21E8DC54469F
:109C20001E9BC246DDF87C80C9F8005001327E18C8
:109C3000072ACDE92D26C9F8047000F3CC839DF8DE
:109C4000872009F1080941E45D460A2A71F1000301
:109C500080F02983303201238DF85F21AB460A93CF
:109C60000DF25F1458E60C991E932CAA504602F090
:109C7000AFFF00287FF451AF2E9E1E9B0DF1BC0953
:109C800036E400BF8CF50008A0F5000890F5000848
:109C90000C992CAA504602F09BFF00287FF43DAFA0
:109CA0002E9E0DF1BC0935E4102C2D9BB84D1FDD07
:109CB000DDF830B0102704E0103C102C09F1080941
:109CC00016DD01331036072BC9E90057CDE92D36D3
:109CD000F2DD2CAA594650460DF1BC0902F078FF7E
:109CE00000287FF41AAF103C102CDDE92D36E8DC9B
:109CF00001332644072BC9E90054CDE92D367FF7FF
:109D00002FAC0C992CAA504602F062FF00287FF479
:109D100004AF2E9E24E42399002940F32783119D4C
:109D2000139B9D42A8BF1D46002D0BDD2D9B0133CB
:109D30002E44072BC9E900452E962D9300F3DD86AE
:109D400009F10809119F002DA8BF7F1B002F00F308
:109D5000F481119B1BF4806F23440A9340F014821A
:109D6000239B139A934203DB1BF0010F00F0A584A1
:109D7000179A19991644C9E900122D9A2E960132A4
:109D8000072A2D9200F3C68609F10809139AA5182F
:109D9000D41A0A9BED1AA542A8BF2546002D0DDD59
:109DA000C9F800302D9BC9F8045001332E44072B0D
:109DB0002E962D9300F3BE8609F10809002DA8BF49
:109DC000641B002C7FF7C3AB102C2D9B714D40F30F
:109DD0005C83324610270C9E05E009F10809103C0F
:109DE000102C40F3518301331032072BC9E900577F
:109DF000CDE92D32F1DD2CAA3146504602F0E8FEC5
:109E000000287FF48AAEDDE92D320DF1BC09E6E7CA
:109E10001BF0010F7FF48EAE2D9FC9F80040012387
:109E20001F440136072FC9F804302E962D977FF76F
:109E3000B4AE0C992CAA504602F0CAFE00287FF45A
:109E40006CAEDDE92D760DF1BC09A8E6139B5C1E16
:109E5000002C7FF7A4AE102C4E4D40F34C833246BD
:109E600010230C9E05E009F10809103C102C40F36A
:109E7000418301371032072FC9E90053CDE92D7214
:109E8000F1DD2CAA3146504602F0A2FE00287FF4F4
:109E900044AEDDE92D720DF1BC091023E5E70C9904
:109EA0002CAA504602F094FE00287FF436AE2E9E77
:109EB0000DF1BC09FFF738BB15F0100360D115F0A8
:109EC000400200F073830E9850F8042B0E90194650
:109ED00092B201235AE41BF0100368D11BF0400238
:109EE00000F056830E9850F8042B0E90194692B24B
:109EF000AFE4524261EB41015D462D20012346E46F
:109F00000C992CAA504602F063FE00287FF405AE9F
:109F1000DDE92D760DF1BC091BE60C992CAA504603
:109F200002F056FE00287FF4F8ADDDE92D760DF144
:109F3000BC091BE61BF0010F3FF409AB38E50E939B
:109F400098F80030FFF7D7B958ACE5E41BF4007F70
:109F500040F0BD8353F8042B0E93D1170B46FFF747
:109F6000C4BB1A9B002B3FF44BAA1A9B1B78002BF7
:109F70003FF446AA98F800304BF4806BFFF7BBB96A
:109F80000E9B53F8042B0E930123FFF7FFBB00BF7A
:109F900090F50008A0F500080E9B099853F8041BE3
:109FA0000E93C217C1E900024446FFF779B90E9B30
:109FB00053F8042B0E934CE4DDE9140102460B46E2
:109FC000F6F7E2FF002840F07586109B612B00F049
:109FD0005B85412B00F0AC85089B0133109B23F07F
:109FE0002003079300F06384472B04D1089B002BC8
:109FF00008BF01230893DDE914010A46002A4BF447
:10A000008073CDF83CB0C0F2E1859B460023164634
:10A010001E9307460D93109B413B252B00F267834F
:10A02000DFE813F0520465036503650349044E0439
:10A0300065036503650365036503650365036503E0
:10A0400065036503650365036503650365036503D0
:10A0500065036503650365036503650365036503C0
:10A0600065036503650365036503650349044E04E1
:10A0700010935D46FFF7F4BB1093B74B18931BF09A
:10A08000200100F0FC800E9B073323F00703596882
:10A0900053F8082B0E931BF0010F0AD052EA01036C
:10A0A00007D0109B8DF8893030234BF0020B8DF8D0
:10A0B00088302BF480650223FFF768BB1093FFF70D
:10A0C000BCBB1093A54B1893D9E70E9B012153F805
:10A0D000042B07918DF8FC200E930A913FACFFF7FB
:10A0E000BBBA0C992CAA504602F072FD00287FF4EE
:10A0F00014AD2E9E0DF1BC0968E440215046FEF7D8
:10A10000E5FD0C9B18601861002800F060860C9A31
:10A1100040235361FFF7B2B8089B0D94062B2146EC
:10A1200028BF06230894224607938D4C0E970A9366
:10A13000129116911191FFF769BA102F2D9B894D3D
:10A1400040F34582324626460C9C05E009F1080999
:10A15000103F102F40F33982013310321021072BAA
:10A16000CDE92D32C9F80050C9F80410EEDD2CAA53
:10A170002146504602F02CFD00287FF4CEACDDE9EC
:10A180002D320DF1BC09E3E7139B0A9DCDF83C800D
:10A190004A46DDF85890CDF828B0E31808931A9F86
:10A1A000DDF874B0DDF83080129B10943146B9F1BF
:10A1B000000F2ED083BB013F09F1FF391C9BC2E980
:10A1C000003B2D9B01335944072B2E912D935FDCCF
:10A1D0000832089B38785B1B8342A8BF0346002BDC
:10A1E0001E460BDD2D98013019440728C2E90053A3
:10A1F0002E912D9000F3568138780832002EACBF96
:10A20000841B0446002C0BDC0544129BB9F1000FA3
:10A21000D0D1002B00F0D483129B013B1293CDE7E9
:10A22000102C2D981DDD102604E0103C102C02F19E
:10A23000080216DD01304B4B10310728C2E9003609
:10A24000CDE92D01F1DD2CAA4146504602F0C0FCBB
:10A2500000287FF462AC103C102CDDE92D012FAA00
:10A26000E8DC01303F4B546021440728CDE92D0143
:10A27000136000F3FB83387808320544C5E71BF010
:10A28000100300F0BC800E9B53F8042B0E9302E7E2
:10A290002CAA4146504602F09BFC00287FF43DACBE
:10A2A0002E992FAA95E7CDF834902F4BDDF86890C2
:10A2B000CDF81C8005F480674FF0000C58AC4FF0CF
:10A2C000CC3B0A9505E00A2A71F1000134D34246DD
:10A2D0003146501840F10000A3FB005626F003055C
:10A2E00005EB9605401B151A61F1000E0BFB05F6F8
:10A2F00003FB0E66A5FB03852E4408F0010E052521
:10A30000AEFB055E2D184FEA5808303504F8015CA5
:10A3100048EAC6780CF1010C013C7608002FD2D037
:10A3200099F800008445CED1BCF1FF0FCBD00A2AAA
:10A3300071F1000180F098810A9DCDF8689058ABCA
:10A340001B1BDDF81C80DDF83490CDF84CC0AB460B
:10A350000A93FFF7E1BA00BF5CF5000870F500084A
:10A3600084F50008A0F50008CDCCCCCC0123C9F8B9
:10A3700004302D9BBA4AC9F8002001330136072B5F
:10A380002E962D9300F38C8109F10809002940F0E5
:10A39000BE80139A0BF0010313433FF4D8A8179B18
:10A3A00019999A19C9E900132D9B2E920133072B95
:10A3B0002D9300F36E8209F108091399C9F8004042
:10A3C00001338E18072BCDE92D36C9F804107FF71D
:10A3D000BCA8FFF7F1BB0C991E932CAA504602F0C3
:10A3E000F7FB00287FF499AB9DF887202E9E1E9BDB
:10A3F0000DF1BC09FFF76AB8C246FFF78EBB1BF030
:10A40000400200F0B8800E9850F8042B0E901946C8
:10A4100092B240E60C992CAA504602F0D9FB0028D3
:10A420007FF47BAB2E9E0DF1BC09FFF7BCBA2AAEC0
:10A430000822002130462594FEF7B0FB089B5A1CE9
:10A4400000F0D4800025CDF81C80CDF834B0A846AB
:10A450009B460CE03FA9504602F086FB431C40445B
:10A4600000F0B883584508DC00F035848046259A12
:10A47000525933460435002AECD1CDF82880DDF856
:10A4800034B0DDF81C80BEE0164601332644072BAD
:10A49000C9F80050C9F80440CDE92D367FF755A81A
:10A4A000FFF78ABB2CAA4146504602F091FB0028D8
:10A4B0007FF433AB38782E992FAA9FE60C992CAAFB
:10A4C000504602F085FB00287FF427AB2E9E0DF14D
:10A4D000BC09FFF723B8012B5D467FF409AAFFF7FB
:10A4E000B9BB0E9B099953F8042B444611600E9397
:10A4F000FEF7D6BE164601372644072FCDE92D7646
:10A50000C9F80050C9F804407FF747AB91E4179BA6
:10A5100019989A19C9E900032D9B2E920133072B34
:10A520002D9300F3B68109F108090029BFF645AF64
:10A530004F4210314B4D80F2888349461026A14688
:10A540000C9C04E00831103F102F40F37C83013352
:10A550001032072BC1E90056CDE92D32F2DD2CAACD
:10A560002146504602F034FB00287FF4D6AADDE9EC
:10A570002D322FA9E7E70E9B1BF400711ABF11467D
:10A5800053F8042B53F8042B0E9318BFD2B282E574
:10A590000E9B1BF400711ABF114653F8042B53F89D
:10A5A000042B0E9318BFD2B2FFF753B90E9B15F4CC
:10A5B00000711ABF114653F8042B53F8042B0E9365
:10A5C00018BFD2B20123FFF7E1B834461646013373
:10A5D0003E44072BCDE92D36C9F80050C9F8047068
:10A5E00000F34A8109F10809FFF7B3BB00231946BC
:10A5F000009625AA504602F0DDFA034601330A9080
:10A6000000F0E88225940A9B002B3DD0632B00F3D9
:10A61000298100230D933FAC082200213046FEF72C
:10A62000BDFA0A9D00962B4625AA2146504602F007
:10A63000C1FA854240F0C4830A990E9700236354FF
:10A6400021EAE1719DF887200893079112931693F0
:10A650001193FEF7DBBF2D228DF88720FEF7C5BFD3
:10A660008CF50008A0F500081D9B1C99E41A1A46F9
:10A67000204600F0E3FC99F80120A54B0AB109F14E
:10A6800001094FF0000C22E60A9B9DF887200E97E7
:10A69000CDE907331293169311930D93FEF7B6BFCE
:10A6A0000C992CAA504602F093FA00287FF435AAA0
:10A6B00023992E9E0DF1BC0968E6139A0A99A518F4
:10A6C0006D1AD41AA542A8BF2546FFF777BB13F928
:10A6D000042B0E93D1170B46FFF707B80E9B099971
:10A6E00053F8042B0E9311804446FEF7D9BD089B06
:10A6F0000A9302232AA9049125A90A9D039123A95B
:10A7000000933A46334601950291504600F0A8FD69
:10A71000079B472B044600F0A381462B054405D137
:10A720000378302B00F0B882239B1D443846314615
:10A7300000220023F6F7F6FB002800F066812B4686
:10A740001B1B1393079B472B00F04A81079B462B4B
:10A7500000F00082239B1193119B079A013B412A31
:10A76000239300F023829DF840200021002BB8BFE6
:10A77000119B8DF89820BABFC3F101032D222B2223
:10A78000092B8DF8992040F34F820DF1AF05614EF2
:10A790002A46104686FB0321DA17C2EBA10202EB20
:10A7A0008201A3EB4101303100F8011C19466329F5
:10A7B000134600F1FF32ECDC3033D9B2831E9D42E8
:10A7C00002F8011C40F2E98213460DF19A0201E001
:10A7D00013F8011B02F8011B9D42F9D10DF1B103E1
:10A7E0000DF19A021B1A134426AA9B1A1B93139B62
:10A7F0001B9A012B1A440A9240F349820A9B179A2A
:10A8000013440A930F9B0A9A23F4806343F4807BDA
:10A8100022EAE272002312930792169311931E9B71
:10A82000002B40F0EB809DF887200893FEF7EEBEEA
:10A8300020460E97F5F7E4FE119B089320EAE0719D
:10A84000129316930D9373239DF887200A90079116
:10A850001093FEF7DBBE0C992CAA504602F0B8F913
:10A86000FEF7F8BD591C5046FEF730FA04460028A2
:10A8700000F0B0810D90CFE60C992CAA504602F062
:10A88000A7F900287FF449A92E9E0DF1BC09FFF716
:10A8900060BA0C992CAA504602F09AF900287FF46D
:10A8A0003CA9DDE92D3223990DF1BC093DE60623D3
:10A8B0000893FFF7A0BB089B01330A93022319E713
:10A8C000089B0A93032315E73846314623AA00F074
:10A8D000F9FB00224FF07F53F6F7BCF8002200236B
:10A8E00006460F46F6F71EFB08B1012323930A4BD9
:10A8F0000A93089BCDF84C90013BCDE9118B25467E
:10A90000DDF828B0CDF858A098461F940DE000BFA0
:10A91000CDCCCCCC6766666670F5000800220023BB
:10A9200008F1FF38F6F7FEFAE8B9AE4B00223046E0
:10A930003946F6F78FF80F460646F6F73BFB044616
:10A94000F6F71EF80B46024639463046F5F7CAFEC2
:10A950001BF80430B8F1FF3FAA46C14605F8013B99
:10A9600006460F46DAD1A04B002230463946DDE9D3
:10A97000118BCDF84490DDF84C90CDE912A4DDF8B0
:10A9800058A01F9CF6F7F6FA002840F03181964B4C
:10A99000304639460022F6F7C5FA18B1139BDE0798
:10A9A00000F12681119B002B07DB119B01332B4407
:10A9B000302205F8012BAB42FBD12B1B1393C1E6D0
:10A9C000109C139BDDF828B0DDF83C801A97E31843
:10A9D0009D4228BF1D4691460E460A95FFF7C0B915
:10A9E000239B1193DD1C02DB089A934219DD109B17
:10A9F000023B109323F020030793ADE62D220023A2
:10AA00008DF887200893FEF704BE2A9BAB42BFF463
:10AA100097AE30215A1C2A9219702A9B9D42F9D870
:10AA20008EE6119B139A9342C0F2C5800F9B13F0E0
:10AA3000010F119B00F04D81179A13440A930F9B4D
:10AA4000590503D5119B002B00F356810A9B23EA7D
:10AA5000E373079367231093002312931693DEE6A4
:10AA60000F9BDB0700F19F802A9B69E62CAA4146D9
:10AA7000504602F0ADF800287FF44FA838782E99A0
:10AA80002FAA0544FFF7C1BB78238DF88930302306
:10AA90008DF888304BF002030F93089B632B00F373
:10AAA000ED8000230D933FACDDE914121346002B1B
:10AAB0004BF4817B67DB1E46109B23F0200307933A
:10AAC00000230F461E93109B612B7FF4A4AA3846E7
:10AAD000314623AA00F0F6FA00224FF07F53F5F733
:10AAE000B9FF0022002306460F46F6F71BFA08B10D
:10AAF000012323933D4B0A93FBE60C992CAA504665
:10AB000002F066F800287FF408A82E9E0DF1BC091B
:10AB1000FFF718B90C992CAA504602F059F80028F2
:10AB20007EF4FBAF239B2E9E0DF1BC09FFF72EB9DF
:10AB30005823AAE70C992CAA504602F049F800289D
:10AB40007EF4EBAF239C139B2E9E1C1B0DF1BC09C6
:10AB5000FFF734B9239A0F9B1192002A03F00103E7
:10AB600040F3088108990B4340F0FD80119B0A9344
:10AB7000662310930F9B5A0500F1C0800A9B23EABD
:10AB8000E373079368E7109B23F020030793DDE945
:10AB9000142303F100462D2317461E9393E700224A
:10ABA0000892FEF7AABB0A9D2544BFE5109A0F3212
:10ABB000D2B20121DAE5139B179A9A18119B0A92D7
:10ABC000002B40F38F8067231093D3E79B4600232D
:10ABD0000D93DCE70C9AB2F90C3043F040039381FB
:10ABE000FEF73BBC000030400000E03F5CF5000891
:10ABF000129B0A9A2A93D17B15F8013C8B422A4674
:10AC000009D1302002F8010C2A9A531E2A9312F817
:10AC1000013C9942F6D0392B0BBF0A9B01339B7A3A
:10AC2000DBB202F8013CC8E6002940F08C803022FB
:10AC30008DF89A200DF19B02303302F8013B26ABD0
:10AC4000D31A1B93D3E54C46894601333A44072B6C
:10AC5000CDE92D32C9F80050C9F804707FF7ABABCD
:10AC60000C992CAA504601F0B3FF00287EF455AF92
:10AC7000DDE92D320DF1BC09FFF79FBB591C504691
:10AC8000FEF724F804460028A4D00D900CE70F9B93
:10AC9000D8077FF5B7ADB1E538463146002200232D
:10ACA000F6F740F900287FF43FAD0A9BC3F101039A
:10ACB00023933AE5159B4A4C002BB4BF2D229DF8F7
:10ACC0008720484BB8BF8DF887202BF0800BFEF70C
:10ACD00090BC0A93B3E6089BDDF81C80DDF834B025
:10ACE0000A9390E4C3F101031A4422EAE273079342
:10ACF00067230A921093AFE6672310931A990B7893
:10AD0000FF2B59D00025119A284603E0013001316C
:10AD1000FF2B08D0934206DAD21A4B78002BF5D1DC
:10AD20000B780135F4E711921A9116901295129A48
:10AD3000169B1D9913440A9A01FB03230A9323EAE5
:10AD4000E37307936BE50DF19A0275E7089B079390
:10AD50000A9373239DF887200E97089012901690FF
:10AD60001093FEF753BC179BD518294466230A910C
:10AD70001093FFE6089A134305D101236622079337
:10AD800010920A9368E6179B5D1C2A4422EAE2733C
:10AD9000079366230A9210935EE602231B9326E52F
:10ADA0000E9A98F80130884652F8041B0E9241EA38
:10ADB000E1710891FEF79FBA002312931693B6E74C
:10ADC0000C9A938943F040039381FEF7A6BE0C23AF
:10ADD000CAF800304FF0FF330993FEF745BB00BFC0
:10ADE00054F5000858F50008024A0349034800F0EA
:10ADF000BBB800BF34050024D1CC000800000024FB
:10AE00000C4B4168994210B5044601D001F060FF37
:10AE1000A168094B994202D0204601F059FFE16830
:10AE2000064B994204D02046BDE8104001F050BFC7
:10AE300010BD00BFA81800241019002478190024A0
:10AE40002DE9F8432A4C2B4B2B48DFF8B090DFF864
:10AE5000B0802C4F1860002504230822294604F1F5
:10AE60005C00294E6566C4E90253C4E90055C4E993
:10AE70000455A561FDF792FE244B6367082229461D
:10AE800004F1C400C4E90749C4E90987C4E91A55B3
:10AE9000C4E91E55C4F8CC502567C4F88050E6625A
:10AEA000FDF77CFE1A4BC4F8DC30294604F1680338
:10AEB000082204F59670C4F88430C4E92298C4E9E5
:10AEC0002476C4E93455C4E93855C4F83451C4F87B
:10AED000D850C4F8E850FDF761FE04F1D003C4E98E
:10AEE0003C98C4E93E76C4F8EC30BDE8F88300BF76
:10AEF000A8180024E0190024E9AD0008B1AF00084B
:10AF0000D5AF000815B0000835B0000809000100F1
:10AF10001200020010B504460A4800F0CFF8636B37
:10AF200023B9094B094A1B68626323B1BDE810408D
:10AF3000044800F0C5B8FFF783FFBDE810400148A2
:10AF400000F0BEB8EC190024E019002401AE00089E
:10AF5000014800F0B3B800BFEC190024014800F02C
:10AF6000AFB800BFEC1900242DE9F84380460F4626
:10AF700016464FF00009D6E90154013D11D4A389CA
:10AF8000012B05F1FF3508D9B4F90E300133214604
:10AF900003D04046B84749EA00096B1C04F1680435
:10AFA000EDD13668002EE6D14846BDE8F88300BFF3
:10AFB00010B50C46B1F90E10FDF798F9002803DB27
:10AFC000236D0344236510BDA38923F48053A3811B
:10AFD00010BD00BF2DE9F0410C46B1F90C101F4621
:10AFE000CB05054616460BD421F48051A1813B4682
:10AFF000B4F90E1032462846BDE8F041FDF794B989
:10B00000B4F90E1002230022FDF781F9B4F90C10F7
:10B01000EAE700BF10B50C46B1F90E10FDF777F95D
:10B02000A389421C0EBF23F4805343F48053206550
:10B03000A38110BDB1F90E10FDF783B940EA0103F9
:10B040009B0730B501D1032A0FD8844601F1FF3E9A
:10B0500007E01EF8011F03F8011B541EC1B19C46F6
:10B0600022466346002AF4D130BD0B468446194679
:10B0700053F8045BA5F1013424EA050414F0803F81
:10B08000E4D1043A032A4CF8045B1946EFD8DDE713
:10B090009444002CE8D003F8011B6345FBD130BD7C
:10B0A000014B93F828017047400500240048704781
:10B0B00030060024704700BF704700BF704700BFD4
:10B0C000704700BFDFF860C0F8B521F000430027EB
:10B0D000634504460D461646176022DC844653EA53
:10B0E0000C0C1ED0DFF844C001EA0C0C0A46BCF17F
:10B0F000000F09D10E4B0022F5F7ACFC6FF03507BD
:10B1000004460A4621F0004322F0FF421B1522F4B8
:10B11000E002A3F2FE3342F07F553B4445F40015B4
:10B12000336020462946F8BDFFFFEF7F0000F07F27
:10B13000000050432DE9F04F03690C69A34283B02E
:10B14000C0F28880013C01F11405A30000F114084D
:10B15000009355F8243058F8242001338A469A4247
:10B1600008EB8401814605EB84070191B2FBF3F6FD
:10B170003AD34FF0000CAE464046624663465EF856
:10B1800004BB01681FFA8BFC06FB0C334FEA134C1F
:10B190004FEA1B4B06FB0BCC9BB2D31A1FFA8CF267
:10B1A00013FA81F3C2EB114202EB23429BB243EA52
:10B1B0000243774540F8043B4FEA22424FEA1C43E2
:10B1C000DDD2009B58F8033073B9019B043B9845CE
:10B1D00004D307E0984504F1FF3403D253F804295F
:10B1E000002AF7D0C9F810405146484601F084FBC8
:10B1F00000282BDB01364146002355F8040BD1F81B
:10B2000000C082B29A1A030C12FA8CF2C3EB1C43F0
:10B2100003EB224392B242EA0342AF4241F8042BCD
:10B220004FEA2343E9D258F8242008EB84036AB993
:10B23000043B984504D307E0984504F1FF3403D25A
:10B2400053F80429002AF7D0C9F81040304603B05B
:10B25000BDE8F08F002003B0BDE8F08F00000000D3
:10B260002DE9F04F816B99B090469946CDE904895C
:10B27000259D044641B1C26B4A60012393408B6017
:10B2800001F0DCF80023A363B9F1000AB4BF012385
:10B2900000232B60764BBCBF2AF0004ACDF814A0E7
:10B2A00033EA0A0300F0AB80DDE9042310461946B7
:10B2B00000220023CDE90A01F5F734FE074678B1F4
:10B2C000249A01231360269B002B00F0AE83694B68
:10B2D000269A1360013B0393039819B0BDE8F08FE1
:10B2E00016AB019317AB00932046DDE90A2301F06A
:10B2F000CDFB5FEA1A56054640F09780DDE91676E9
:10B300003E4406F23243202B40F3A683C3F14003B0
:10B310000AFA03FA06F2124328FA03F04AEA000096
:10B32000F5F71EFB0123013EA1F1F8710F93524B7B
:10B330000022F5F7D7F948A3D3E90023F5F78AFBF4
:10B3400047A3D3E90023F5F7CFF980463046894675
:10B35000F5F716FB44A3D3E90023F5F77BFB024680
:10B360000B4640464946F5F7BFF980468946F5F752
:10B3700021FE00228346002340464946F5F7DCFDC6
:10B38000002840F04583BBF1160F00F234833B4B9D
:10B3900003EBCB03D3E90023DDE90A01F5F7CCFD8C
:10B3A000002871D00023BF1B0E937B1E0BF1FF3BC7
:10B3B000069300F1278300230993BBF1000F6ADA9B
:10B3C000099BCDF81CB0A3EB0B030993CBF1000351
:10B3D0000D93229B092B4FF0000B65D8052B40F3F2
:10B3E0003983043B22930026229B023B032B00F26D
:10B3F0006786DFE813F04E044B0442042504249AC8
:10B40000CAF3130A42F20F735AEA080A13601AD1F8
:10B41000269B002B00F06386194B03930833269A72
:10B420000398136019B0BDE8F08FDDE90A12C2F38A
:10B430001303084643F07F510F97A6F2FF36169F7D
:10B4400041F4401173E7269B002B40F0DB830D4B4A
:10B45000039341E7AFF3008061436F63A787D23F57
:10B46000B3C8608B288AC63FFB799F501344D33FF3
:10B470000000F07F8DF500080000F83F00F700089D
:10B48000F8F5000804F60008BF1B7B1E069300F1C8
:10B490007E840E900990069B5B44CDE9063B002319
:10B4A0000D93229B092B99D90023CDE92233012644
:10B4B0004FF0FF330C960893089B12930021E16331
:10B4C000204600F095FF0390002800F00186039BC2
:10B4D000A363089B0E2B00F21381002E00F0108155
:10B4E0000799002940F35584AE4B01F00F0203EB9E
:10B4F000C2034FEA2118C905D3E9006740F111845E
:10B50000A94BDDE90A01D3E90823F5F7CDFBCDE925
:10B51000100108F00F084FF0030AB8F1000F13D024
:10B52000DFF8849218F0010F09D030463946D9E986
:10B530000023F5F78FFA0AF1010A06460F465FEA83
:10B54000680809F10809EDD1DDE9100132463B46F2
:10B55000F5F7AAFB804689460E9B43B1934B002228
:10B5600040464946F5F7E8FC002840F02A85504659
:10B57000F5F706FA42464B46F5F76CFA8C4B00227B
:10B58000F5F7B2F8A1F15073CDE910011193089BC2
:10B59000002B00F09980079B1493089B13930C9B3E
:10B5A000002B00F0A584139A7E4B8249039E03EB87
:10B5B000C20353E902230020F5F776FBDDE91023EF
:10B5C000F5F790F8CDE9100149464046F5F7F2FC51
:10B5D0000746F5F7D5F902460B4640464946F5F7CA
:10B5E00081F830378046894602460B4606F8017BD3
:10B5F000DDE91001F5F7BEFC002840F02785CDF805
:10B6000054B00027DDE910AB1095139D13942AE088
:10B610000137AF4280F22A85674B504659460022D7
:10B62000F5F718FA644B002282468B46404649469D
:10B63000F5F710FA89468046F5F7BCFC0446F5F7A5
:10B640009FF902460B4640464946F5F74BF8303421
:10B6500006F8014B52465B4680468946F5F76CFC7E
:10B66000002840F0F18442464B4650490020F5F74F
:10B6700039F852465B46F5F75FFC0028C8D0DDE993
:10B680001343109D039A079302E0B24200F0C68470
:10B69000B14616F8013D392BF7D00133DBB23370D8
:10B6A000079B0133079392E15046F5F769F942464B
:10B6B0004B46F5F7CFF93E4B0022F5F715F8A1F10F
:10B6C0005073CDE9100111933C4B4046494600228E
:10B6D000F5F708F8DDE9108942464B4606460F4665
:10B6E000F5F748FC8246002840F0A884424609F15C
:10B6F000004330463946F5F71FFC002840F04583EB
:10B70000179B002BC0F28C80079A0E2A00F38880CA
:10B71000244B03EBC203D3E900AB239B002B1BDAC2
:10B72000089B002B18DC40F02E83244B504600224F
:10B730005946F5F78FF902460B46DDE90A01F5F7A0
:10B7400005FCDDF820A05646002800F0B982239BB6
:10B75000DDF80C80DF43BBE2DDE90A7852465B4648
:10B7600038464146F5F7A0FAF5F724FC81460990E2
:10B77000F5F706F952465B46F5F76CF9039E0B4662
:10B78000024641463846F4F7ADFF09F1300306F8AA
:10B79000013B089B012B00F05C8306940127049574
:10B7A0001C462AE000F70008D8F600080000F03F29
:10B7B00000001C400000E03F000024400000144056
:10B7C00052465B4640464946F5F76EFAF5F7F2FBFE
:10B7D0000546F5F7D5F852465B46F5F73BF90137D4
:10B7E0000B46024649464046F4F77CFF05F130031C
:10B7F000A74206F8013B00F02983A54B0022F5F78C
:10B8000029F90022002380468946F5F78BFB0028A2
:10B81000D6D0049D069C079B01330793B146D6E022
:10B820000C9A002A00F00781229A012A40F39482A0
:10B83000089B03F1FF380D9B434580F25E820D9B10
:10B84000CDF83480A8EB03039B444FF00008089B1D
:10B85000002BC0F22F83069A1A440692099A1746C3
:10B860001A4409920121204600F092FE064667B173
:10B87000069900290B4608DD099AB942A8BF3B4644
:10B88000D21AFF1ACB1A099206930D9B63B10C9B37
:10B89000002B00F0B682B8F1000F00F331820D9B4F
:10B8A000B3EB080240F016830121204600F070FE41
:10B8B000BBF1000F824600F3D480229B012B40F3A2
:10B8C000A7814FF000090120BBF1000F40F0D580A7
:10B8D000069B184410F01F0000F09881C0F120036F
:10B8E000042B00F3AD8040F02482099B002B05DD82
:10B8F00029461A46204600F087FF0546069B002B86
:10B9000005DD51461A46204600F07EFF82460E9B1A
:10B91000002B40F05C81089B002B40F343810C9B83
:10B92000002B40F0C680079B01330793DDF80C80A5
:10B93000DDF82090012707E0294600230A2220464F
:10B9400000F086FD0137054651462846FFF7F2FB19
:10B95000B94500F1300308F8013BEDDC089A002AF4
:10B96000C8BF9346039AD8BF4FF0010B93440027FA
:10B97000294601222046049300F046FF5146054621
:10B9800000F0BAFF002840F3DC811BF8013C039A69
:10B990000BF1FF3B04E05A4500F0EE811BF8013D3E
:10B9A000392B0BF10109F6D001338BF800305146E9
:10B9B000204600F043FD56B12FB1B74203D03946BF
:10B9C000204600F03BFD3146204600F037FD294679
:10B9D000204600F033FD002389F80030249B079AAD
:10B9E0001A60269B002B3FF477AC0398C3F80090B5
:10B9F00019B0BDE8F08F0123BF1B0E937B1E069389
:10BA00007FF5D9ACC7F10103099300230693D4E471
:10BA10005846F4F7B5FF42464B46F5F783FA00283F
:10BA20007FF4B1AC0BF1FF3BADE41A4B03930398E9
:10BA300019B0BDE8F08FDDF83480099F0C9E16E741
:10BA4000C0F11C00099B03440993069B034407446F
:10BA500006934AE70126C7E4C3F1200308FA03F07E
:10BA60005EE401465A46204600F06EFE229B012B02
:10BA7000824640F3BA814FF00009DAF810300AEB41
:10BA80008303186900F034FDC0F1200020E700BFF7
:10BA9000000024408CF50008314600230A2220468D
:10BAA00000F0D6FC129B002B064640F3F382CDE952
:10BAB0000783002F00F31A81B9F1000F40F0E381F2
:10BAC000B046049B039F089903F001027B1E1944B2
:10BAD000229B0C92134309910A9351462846FFF783
:10BAE00029FB31468346284600F006FF4246514670
:10BAF0008146204600F020FFC26801460BF130036A
:10BB0000002A42D106902846089300F0F5FE0699D7
:10BB10000490204600F092FC049A089B1AB90A99F6
:10BB2000002900F0A982B9F1000FC0F271812299B9
:10BB300049EA01090C9951EA090900F06981002AD2
:10BB400000F3BC81099A3B7007F101099742CB468B
:10BB500000F0BA81294600230A22204600F078FC32
:10BB60004645054631464FF000034FF00A02204695
:10BB700012D000F06DFC4146064600230A22204602
:10BB800000F066FC4F468046A7E72046049300F08D
:10BB900055FC049B0122C6E700F05AFC4F460646BE
:10BBA00080469AE7229B022B79DC0C9B002B80D1EC
:10BBB000079B5146013328460793FFF7BBFADDF890
:10BBC0000CB000F130030BF8013B0027D0E65146E2
:10BBD000284600F091FE0028BFF69DAE29460023BE
:10BBE0000A22204600F034FC079B03F1FF380C9B2F
:10BBF0000546002B7FF450AF129B002B40F343828D
:10BC0000089393E6B64B0393033308E41C2019E72B
:10BC1000DDE9041200297FF454AEC2F31303002BB4
:10BC20007FF44FAEAF4B1340002B00F00B82099B0B
:10BC300001330993069B013306934FF0010942E655
:10BC400001230C93239B079A134412930133012B76
:10BC50001F460893B8BF01270021172FE1637FF724
:10BC60002FAC012204235B0003F11400B8421146FB
:10BC700002F10102F7D9E16322E401230C93239B33
:10BC8000002B59DD129308931F46E5E700230C9320
:10BC9000D8E700230C93F2E7129BCDE90783089BBA
:10BCA000002B7FF454AD51460522204600F0D0FB16
:10BCB00001468246284600F01FFE00287FF747AD68
:10BCC000039B079F3122984603F8012B013703930A
:10BCD0005146204600F0B2FB7B1CDDF80C90079328
:10BCE000CDF80C80002E7FF46EAE70E631463A46F9
:10BCF000204600F089FD0646DEE6A3EB0808A6E52F
:10BD000031464246204600F01FFD2A4601460646BF
:10BD1000204600F06BFC29460546204600F08EFBCD
:10BD2000BDE5DDE90A234FF0020ACDE91023FFF754
:10BD3000F4BBC0F13C0085E6012323930893FFF791
:10BD4000BBBB03D1049BDB073FF51FAED9461BF8F5
:10BD5000013D302BFAD02AE60F9A002A00F02D81FF
:10BD600003F23343069ADDF834801A440692099AA6
:10BD700017461A44099275E5079B039A0133079306
:10BD80003123137013E64FF0000A5646DFE40E909D
:10BD900038E600F03D81079A534B564206F00F02F9
:10BDA00003EBC203D3E90023DDE90A01F4F752FEF5
:10BDB00036118046894600F078814C4F00234FF0C1
:10BDC000020AF20706D5D7E90023F4F743FE0AF189
:10BDD000010A0123761007F10807F2D1002B3FF486
:10BDE000BBAB80468946FFF7B7BB049B002B7FF4B3
:10BDF00042AEDDE90412C2F31303002B3FF412AF8D
:10BE000039E629460D9A204600F09EFC05464BE592
:10BE1000002A12DD294601222046049300F0F4FC9A
:10BE20005146054600F068FD0028049B40F3188148
:10BE3000392B00F0F9800BF13103B94609F8013BC9
:10BE4000079B0133374607934646B0E50995069CA4
:10BE5000049D02460B46F4F747FC52465B4680467B
:10BE60008946F5F787F860B952465B464046494631
:10BE7000F5F758F800283FF4CEAC099BD9077FF5B9
:10BE8000CAAC039A04E47168204600F0B1FA074690
:10BE9000002800F00E81336902339A0006F10C018C
:10BEA0000C30F4F7B3FA39460122204600F0ACFC1E
:10BEB000804606E6DDE908239F1AD3E4392B00F01B
:10BEC000B380B9460133B9E7079A01323746079282
:10BED00046464DE52946204600F036FC0546E3E49B
:10BEE00004F600080000F07F00F70008D8F600080C
:10BEF000DDF84CA0814901EBCA01DDE9102351E9CD
:10BF00000201F4F7A7FDCDE9100149464046F5F7D7
:10BF100051F80646F4F734FD0B46024649464046C2
:10BF2000F4F7E0FB039F53463036012B07F8016B13
:10BF30008046894600F0B780139E039B1E44704BD9
:10BF4000002240464946F4F785FD89468046F5F7CC
:10BF500031F88246F4F714FD0AF1300A02460B4626
:10BF600040464946F4F7BEFB07F801ABBE428046A7
:10BF70008946E4D1634B0022DDE91001F4F7B4FBFC
:10BF800042464B46F4F7D8FF002864D1DDE9102380
:10BF90005C490020F4F7A6FB42464B46F4F7EAFF63
:10BFA00000283FF4ADABB146013E19F8013C302BFF
:10BFB000F9D0149B0133079309E5169BC3F13603AF
:10BFC000D0E6089B002B3FF46FAB129B002B7FF752
:10BFD00097AB079A013ACDE913324046484B00220D
:10BFE0004946F4F737FD804689460AF10100F4F727
:10BFF000C7FC42464B46F4F72DFD434B0022F4F7B5
:10C0000073FBA1F15073CDE910011193FFF7C7BA8B
:10C01000DDE90A894FF0020AFFF79EBA079B013358
:10C0200007933123FFF73BBB079BBB4601330793C5
:10C03000392337460BF8013B4646A8E44FF0000A87
:10C0400056463DE699463EE4109D139C149B0133F1
:10C050000793B146BBE4149B039A0793FFF718BB01
:10C060007FF4EBAEDA077FF5E8AEE1E6DDF854B039
:10C07000109D139CFFF744BB392BD5D0B9F1000FAD
:10C080003FF7D9AED9E6229B022B3FF705AECDF89C
:10C090001C808DE5229B022B3FF7FEAD129BCDF855
:10C0A0001C80089305E53E4664E74FF0020AFFF75F
:10C0B00053BA164B16483A4640F2EF2100F0A8FF5B
:10C0C0000026E6633146204600F092F9039050B90D
:10C0D0000E4B0F48002240F2AF1100F099FF0D4BBC
:10C0E0000393FFF7F9B8039BA3634FF0FF33129359
:10C0F0000893012323960C93FFF702BB00F7000877
:10C10000000024400000E03F00001C4008F600084A
:10C110001CF60008F8F50008F8B5244F0C46064652
:10C12000FDF784F8BB685D68C4F57E610F3125F0CA
:10C1300003054B1923F47F6323F00F03A3F5805409
:10C14000B4F5805F07DB00213046FCF705F9BB68DA
:10C150002B44984204D03046FDF76EF80020F8BD1D
:10C1600061423046FCF7F8F801300DD0104ABB6848
:10C170002D1B45F001055D60136830461B1B1360E5
:10C18000FDF75AF80120F8BD00213046FCF7E4F82D
:10C19000BA68831A0F2BDEDD43F001035360054BB1
:10C1A00003491B68C01A0860D5E700BF24010024BA
:10C1B000741800242C050024002961D0F8B50C4621
:10C1C0000646FDF733F854F8042C7B4FA4F108051C
:10C1D00022F0010105EB010CB868DCF80430604581
:10C1E00023F0030300F08B80D207CCF8043032D464
:10C1F00054F8082CAD1A1144AA6807F108008242CD
:10C200006AD00CEB0304D4F804E0EC68D4601EF0B0
:10C21000010FA26000F0978041F001036B60CCF841
:10C220000010B1F5007F35D27868CB0801224909AA
:10C2300001338A40024357F833107A6007EBC30298
:10C24000083AC5E9021247F83350CD603046BDE8E0
:10C25000F840FCF7F1BF0CEB03025268D00710D492
:10C26000194407F10800DCF80830834273D0DCF889
:10C270000C20DA60936041F001036B606950D0E7F5
:10C28000704741F00103B1F5007F44F8043CCCF85D
:10C290000010C9D3B1F5206F4FEA512348D28B0962
:10C2A00003F1390003F13802C300F818FB580838CD
:10C2B000984259D05A6822F003028A4202D99B68F8
:10C2C0009842F7D1D868C5E902308560DD60304614
:10C2D000BDE8F840FCF7B0BF0CEB03025268D20790
:10C2E00063D40B44DCE90212CA60916043F001029E
:10C2F0006A603046EB50BDE8F840FCF79DBF0B4448
:10C30000D10707D454F8082CAD1A1344D5E902120A
:10C31000CA60916043F001026A60284ABD601268F9
:10C320009A4293D8264B30461968FFF7F5FE8DE701
:10C33000142B0AD9542B1FD80B0B03F16F0003F1F8
:10C340006E02C300B1E719448DE703F15C0003F10D
:10C350005B02C300A9E741F00103C7E90455C5E941
:10C3600002006B60695071E779689210012404FA49
:10C3700002F20A437A60A6E7B3F5AA7F06D8CB0B90
:10C3800003F1780003F17702C3008EE740F25452C4
:10C39000934206D88B0C03F17D0003F17C02C300AD
:10C3A00083E74FF47E737E227FE741F001036B60E9
:10C3B000CCF800104AE700BF240100243005002417
:10C3C000A418002482B049B15AB16BB113780B6044
:10C3D0001278101E18BF012002B0704701A9002A70
:10C3E000F3D1104602B070476FF00100F4E700BFD0
:10C3F000436C70B505460C464BB153F8240080B130
:10C40000026843F824200023C0E9033370BD2122D1
:10C41000042100F01DFE034668640028EDD10020D1
:10C4200070BD012101FA04F6721D9200284600F049
:10C430000FFE0028F3D0C0E90146E4E731B1436CB8
:10C440004A6853F82200086043F82210704700BF82
:10C450002DE9F0410D6907460E461C4601F1140E08
:10C460000020DEF800108BB202FB03434FEA134CAE
:10C47000090C02FB01CC01309BB203EB0C4385425B
:10C480004EF8043B4FEA1C44EBDC3CB1B368AB42D2
:10C4900007DD06EB850301355C6135613046BDE89B
:10C4A000F081716838460131FFF7A2FF8046A8B1DC
:10C4B0003269023206F10C0192000C30F3F7A6FF4C
:10C4C0007B6C726853F82210316043F82260464654
:10C4D00006EB850301355C613561DFE7024B0348FC
:10C4E0004246BA2100F094FD08F6000878F60008EC
:10C4F000020C12040346CAB90304102013F07F4F44
:10C5000004BF1B02083013F0704F04BF1B0104303E
:10C5100013F0404F04BF9B000230002B05DB13F0EB
:10C52000804F00F1010008BF202070470020E5E7A0
:10C53000036813F00702014607D0DA071FD49807F3
:10C5400021D55B080B600120704798B2A0B110465E
:10C55000DAB20AB908301B0A1A0704BF1B090430F3
:10C560009A0704BF9B080230DA0703D45B0800F186
:10C57000010006D00B6070471B0C1020E8E700207C
:10C580007047202070479B080B600220704700BF57
:10C5900038B5436C04460D464BB15868B0B10268DB
:10C5A0005A6000220123C0E90435C26038BD21224F
:10C5B000042100F04DFD034660640028EDD1094BD5
:10C5C0000948002240F2451100F022FD1C22012101
:10C5D000204600F03DFD0028F1D001220223C0E9F1
:10C5E0000123DEE708F6000878F600082DE9F04F91
:10C5F0000E691569AE4285B08846144605DB2A46A9
:10C60000234635460C4616469846A3686168AF191E
:10C61000BB42B8BF0131FFF7EBFE0190002800F0EC
:10C620008780019B03F1140909EB870AD14505D2E4
:10C630004B46002243F8042B9A45FBD808F1140816
:10C6400008EB860B04F11403D8451A4603EB850565
:10C650005FD22B1B153B23F0030304331534A54293
:10C6600038BF0423CDE902A7AC461F46924605E039
:10C67000090C29D1C34509F1040948D958F8041B0C
:10C680008DB2002DF4D056464C46002356F8041BBC
:10C6900022681FFA81FE90B2090C05FB0E00120CF5
:10C6A000034405FB012202EB13429BB243EA02431F
:10C6B000B44544F8043B4FEA1243E7D849F8073041
:10C6C00058F8041C090CD5D0D9F8003050461A4649
:10C6D0004C4600260588120C01FB052216449BB22D
:10C6E00043EA064344F8043B50F8045B22682D0CEF
:10C6F00093B201FB053303EB164384454FEA13461F
:10C70000E8D8C34549F8073009F10409B6D8DDE98E
:10C7100002A7002F02DC05E0013F03D05AF8043DD8
:10C72000002BF9D0019B18461F6105B0BDE8F08FC2
:10C73000034B0448019A4FF4B17100F069FC00BF4B
:10C7400008F6000878F6000812F003032DE9F0411E
:10C750001446064632D10D46A41020D0D6F84080AB
:10C76000B8F1000F33D0E3074FF0000707D464108F
:10C7700015D0D8F80000A8B18046E307F7D54246A7
:10C7800029463046FFF732FFB5B16968736C641013
:10C7900053F821202A6043F821500546E9D1284664
:10C7A000BDE8F081424641463046FFF71FFFC8F81A
:10C7B000000007608046E0E70546D8E7013B0F4AE6
:10C7C00052F823200023FFF743FE0546C4E701216A
:10C7D0003046FFF70DFE804640B1012340F2712242
:10C7E000C0E90432002330640360BCE7044B054811
:10C7F000424640F2451100F00BFC00BFC8F70008AC
:10C8000008F6000878F600082DE9F0470C46904637
:10C810002669A368496806EB6216751C9D420746A7
:10C820004FEA621904DD5B009D4201F10101FADC6F
:10C830003846FFF7DDFD8446002851D0B9F1000FDE
:10C8400000F114000EDD09F105024FEA820E0346E5
:10C850000CEB8202002143F8041B9342FBD1AEF1A2
:10C8600014031844216904F1140318F01F0803EBA2
:10C8700081012DD0C8F1200986464FF0000A1A68C0
:10C8800002FA08F242EA0A024EF8042B53F8042B8B
:10C89000994222FA09FAF2D80B1B153B23F0030345
:10C8A000043304F11502914238BF0423BAF1000F9A
:10C8B00018BF2E4640F803A07B6C6268CCF810606D
:10C8C00053F822102160604643F82240BDE8F0870B
:10C8D000043853F8042B40F8042F9942F9D8EBE7B9
:10C8E000034B044862464FF4EF7100F091FB00BF28
:10C8F00008F6000878F600080B6984460069C01A3B
:10C9000015D10CF1140C14310CEB830210B401EBB3
:10C91000830301E0944508D252F8044D53F8041DF6
:10C920008C42F7D004D24FF0FF3010BC70477047F4
:10C93000012010BC704700BF2DE9F84F0F69136943
:10C94000FF1A002F0E4690467FD101F114051432D4
:10C9500002EB830205EB830301E09D4278D253F89A
:10C96000041D52F8044DA142F7D069D37168FFF756
:10C970003FFD8146002877D03569D8F81020C76080
:10C9800008F1140E06F1140009F1140A06F1100161
:10C990000EEB820200EB850756464FF0000C5EF866
:10C9A000044B51F804BFA3B21CFA8BFCACEB03039D
:10C9B0004FEA144CCCEB1B4C0CEB234C9BB243EAE0
:10C9C0000C43724546F8043B4FEA2C4CE7D8A2EBE7
:10C9D0000801153908F11508424521F0030404F156
:10C9E000040438BF0424204421F0030238BF00228D
:10C9F00087425244544418D92646014651F8043B14
:10CA00001CFA83FC4FEA2C4202EB13421FFA8CFC07
:10CA10004CEA02438F4246F8043B4FEA224CEDD8E1
:10CA2000013F3F1A27F00307E21923B952F8043DEA
:10CA3000013D002BFAD0C9F810504846BDE8F88FE8
:10CA4000334601274646984690E7F9DB00278DE7F5
:10CA50000021FFF7CDFC814668B101220023C9E91E
:10CA600004234846BDE8F88F064B07484A4640F283
:10CA7000452100F0CDFA034B03484A4640F23721E6
:10CA800000F0C6FA08F6000878F6000870B5012133
:10CA900082B016461D46FFF7ABFC044600284AD07C
:10CAA0002B46C5F30A55C3F313030DB143F48013AA
:10CAB000002E019314D101A8FFF73AFD019B636199
:10CAC00001212030216115B3069BA5F233450544B1
:10CAD0001D60079BC0F135001860204602B070BD94
:10CAE00068460096FFF724FD08B3019B0099C0F14A
:10CAF000200203FA02F20A43C34001936261002B51
:10CB000014BF02210121A3612161002DDCD104EBBE
:10CB10008102A0F232431069069A1360FFF7E8FC25
:10CB2000079BC0EB41101860204602B070BDDDE9E4
:10CB300000236261E3E7034B0348224640F20F31D2
:10CB400000F066FA08F6000878F6000849B1FF2AF6
:10CB500002D80A70012070478A2303604FF0FF302B
:10CB600070470846704700BF70B5054684B05BB19A
:10CB70001C4669B10E4B2846D3F8E0602346B04707
:10CB8000431C0FD004B070BD00F582740029F1D1B0
:10CB9000074A2346D2F8E06028460A4601A9B04772
:10CBA000431CEFD100228A2322602B6004B070BDA9
:10CBB0004005002400B583B0DDF810C0CDE9003C8D
:10CBC0004FF0FF3300F0E8FC03B05DF804FB00BF5A
:10CBD0002DE9F04F9368176883B09246002B70D010
:10CBE00081468A6808680C46083743E0A38913F435
:10CBF000906F2ED0D4E90416A0EB010806EB460690
:10CC000006EBD67608F1010076102844B042324691
:10CC100084BF064632465B0537D511464846FCF7C9
:10CC200055F8019000283AD042462169F3F7EEFB0F
:10CC3000A289019B22F4906242F08002A281A6EBBD
:10CC4000080203EB08006661A260236120602E46A3
:10CC5000A8464246594600F059F9DAF80830A26869
:10CC60002068921B40445B1BA2602060CAF8083019
:10CC70003BB3083757E902B5002DFAD0AA42164651
:10CC80009046B3D92E46A846E3E7484600F01CFA82
:10CC900003460028D3D121694846FFF78DFAA389BE
:10CCA0000C2243F04003C9F800204FF0FF30A3816D
:10CCB00000220023CAF80820CAF8043003B0BDE8F7
:10CCC000F08F00200023CAF8043003B0BDE8F08FD5
:10CCD00070B500294BD006460C4610B1436B002BB3
:10CCE00048D0636ED80734D5B4F90C30002B3ED051
:10CCF0002146304600F050F8E36A054633B1E16959
:10CD0000304698470028B8BF4FF0FF35A3891A0670
:10CD10003CD4216B41B104F14003994202D030462A
:10CD2000FFF74AFA00232363616C21B13046FFF715
:10CD300043FA00236364FEF70BF9636E0022DB07FE
:10CD4000A2811FD5A06DFEF7B7F9FEF707F92846B7
:10CD500070BDA3899905CBD4A06DFEF7AFF9B4F9E6
:10CD60000C30002BC4D1656E15F0010505D00025EF
:10CD7000284670BDFEF7CEF8B3E7A06DFEF7A0F928
:10CD8000284670BDA06DFEF79BF9DBE721693046B0
:10CD9000FFF712FABDE700BFB1F90C20F8B50C4659
:10CDA0001107074642D4636842F40062002BA28157
:10CDB00059DDA56A002D54D000233E683B6093B234
:10CDC00012F4805253D1E16901233846A847421C2E
:10CDD00063D0A389A56A5B0705D56368C01A236B76
:10CDE0000BB1E36BC01AE169024600233846A8473D
:10CDF000411C3ED13B68002B3BD01D2B01D0162B94
:10CE000052D1A3892269226023F40063002161606A
:10CE1000A381216B3E6021B304F14003994202D00B
:10CE20003846FFF7C9F900202063F8BD2669C6B16E
:10CE300093B2256826609A070CBF63690023AD1B77
:10CE4000A3600CE0D4F824C0E1692B463246384692
:10CE5000E047B0F1000CA5EB0C05664416DD002D93
:10CE6000F0DC0020F8BDE36B002BA2DCF9E7206DBD
:10CE7000B1E7B4F90C302269226023F40063A38186
:10CE80000022DB046260C4D52065C2E7A38943F0B9
:10CE900040034FF0FF30A381F8BD3B68002B98D0D2
:10CEA0001D2B06D0162B04D0A38943F04003A38189
:10CEB000F8BD3E60D5E700BF38B50C46054608B161
:10CEC000436B03B3B4F90C0088B1636EDB0701D484
:10CED00081050FD528462146FFF75EFF636EDA070E
:10CEE000054602D4A3899B0508D5284638BD0546CA
:10CEF000284638BDA06DFEF7E1F8EBE7A06DFEF720
:10CF0000DFF8284638BDFEF705F8DBE788420DD983
:10CF10008B1883420AD900EB020CBAB1624613F8AF
:10CF200001CD02F801CD9942F9D170470F2A0ED8F0
:10CF3000034602F1FF3C4AB10CF1010C013B8C4469
:10CF400011F8012B03F8012F6145F9D1704740EA30
:10CF500001039B0750D1A2F1100370B501F1200C21
:10CF600023F00F0501F1100E00F11004AC441B0971
:10CF70005EF8105C44F8105C5EF80C5C44F80C5CE5
:10CF80005EF8085C44F8085C5EF8045C44F8045CF5
:10CF90000EF1100EE64504F11004E9D1013312F050
:10CFA0000C0F01EB031102F00F0400EB031327D069
:10CFB000043C24F003064FEA940C1E441C1F8E46CA
:10CFC0005EF8045B44F8045FB442F9D10CF101044B
:10CFD00002F0030203EB840301EB840102F1FF3C46
:10CFE0004AB10CF1010C013B8C4411F8012B03F800
:10CFF000012F6145F9D170BD02F1FF3C03469BE76B
:10D000002246EBE7014B1868704700BF200100245F
:10D0100000B50B4C25681446EE681A4685B00346E9
:10D020000D464CB107490095CDE90114304606493B
:10D0300000F0C4FAFBF766FD04490C46F3E700BFB5
:10D0400020010024D4F70008E4F70008E0F7000806
:10D0500038B5A1FB02148CBBFBF738FE0546E0B1E6
:10D0600050F8042C22F00302043A242A17D8132A79
:10D070001AD91B2AC0E900441DD9242A14BF00F183
:10D08000100200F118024FF00003C0E9024404BF8F
:10D0900004614461C2E900339360284638BD2146EB
:10D0A000FBF77CFD284638BD02460023C2E9003369
:10D0B0009360284638BD00F10802F6E7FFF7A2FFAB
:10D0C0000C2300250360E8E72DE9F84F17460029F7
:10D0D00000F098800C4607F10B058046FCF7A6F897
:10D0E000162D54F8041C5BD810252A46AF425CD894
:10D0F00021F003069642A4F1080962DABC4BD3F88A
:10D1000008C009EB0600844500F09780D0F804C001
:10D110002CF0010303445B68DB0768D42CF0030C9C
:10D1200006EB0C03934247DACB0710D454F8083CC3
:10D13000A9EB030ADAF8043023F003018C44B44469
:10D14000944580F211817318934280F2E880394649
:10D150004046FBF7BBFD0746E0B154F8043C23F022
:10D1600001034B44A0F10802934200F0D280321F29
:10D17000242A00F2F580132A00F2AC8003462246EE
:10D18000116819605168596092689A60214640465A
:10D19000FFF712F84046FCF74FF83846BDE8F88F25
:10D1A00025F00705002D2A46A0DA0C23C8F8003028
:10D1B00000273846BDE8F88F1E46D0E90223D36029
:10D1C0009A60731B0F2B22D8D9F8043003F00103A7
:10D1D00033434E44C9F80430736843F0010373606D
:10D1E00040462746FCF728F83846BDE8F88FC907BF
:10D1F000ADD454F8083CA9EB030ADAF8041021F086
:10D200000301A0E7BDE8F84F1146FBF75FBDD9F871
:10D21000042009EB050102F001024E4443F0010332
:10D220002A43C9F804204B60736843F001030831B6
:10D2300073604046FEF7C0FFD2E7DCF8040020F040
:10D24000030B06EB0B0C05F1100084454DDAC90702
:10D250003FF57DAF54F8081CA9EB010ADAF8041079
:10D2600021F003018B44B34458453FF76CAF574658
:10D27000DAF80C1057F8080F321F242AC1608860B2
:10D2800000F2DB80132A40F2D6802168CAF8081029
:10D290006168CAF80C101B2A00F2DF8008340AF11A
:10D2A00010022168116061685160A16891600AEB09
:10D2B0000501ABEB050242F0010299604A60DAF821
:10D2C000043003F001032B434046CAF80430FBF757
:10D2D000B3FF6EE723680360636843601B2A68D866
:10D2E00004F1080200F108034AE709EB05029A601D
:10D2F000ACEB050343F00103536054F8043C03F026
:10D3000001032B43404644F8043CFBF795FF2746B6
:10D310004FE750F8043C23F003031E4451E75746FF
:10D32000DAF80C1057F8080F321F242AC160886001
:10D330004CD8132A48D92168CAF808106168CAF87D
:10D340000C101B2A56D808340AF110021E46236816
:10D35000136063685360A3689360D1463C4630E72E
:10D360002146FFF7D3FD11E7D0E902135746CB6002
:10D37000996057F8081FDAF80C30CB60321F242A66
:10D3800099602DD8132A29D92368CAF80830636810
:10D39000CAF80C301B2A42D808340AF1100322685C
:10D3A0001A6062685A60A2689A606646D1463C4636
:10D3B00007E7A3688360E368C360242A26D004F1EA
:10D3C000100200F11003DBE63A46BFE7214638467B
:10D3D0001E46D146FFF79AFD3C46F2E63B46DEE7A5
:10D3E000214638466646D146FFF790FD3C46E8E6C2
:10D3F00024010024A168CAF81010E168CAF81410CA
:10D40000242A20D010340AF118029FE7236903610F
:10D410006169416104F1180200F11803B0E6A368E4
:10D42000CAF81030E368CAF81430242A21D0103426
:10D430000AF11803B3E73A4633E721463846FFF7C7
:10D4400065FD164B33E72269CAF818206269CAF8ED
:10D450001C2018340AF1200278E7A168CAF81010DD
:10D46000E168CAF81410242A0DD010340AF1180209
:10D4700017E72369CAF818306369CAF81C301834F2
:10D480000AF120038BE72269CAF818206269CAF8FA
:10D490001C2018340AF1200203E700BF24010024F5
:10D4A0002DE9F04F89B0DDE9138A129F0191814681
:10D4B00003921E46B8F1000F55D0019B002B57D0A8
:10D4C000039B1D68002F63D0741E2EB3019B029333
:10D4D000043D00260AE0019B13BB2A68002A35D0D0
:10D4E000BC4557D2013C631C664615D0D8F80030C5
:10D4F00055F8042F0093DAF8E0C0D8F804B043469A
:10D5000005A94846E047421C37D000EB060CBC4555
:10D51000E1D9009BC8E9003B304609B0BDE8F08F77
:10D5200000280CDD029B18445A1E05A900F1FF3E9D
:10D5300011F8013B02F8013F7245F9D10290039BBB
:10D540001A6804321A602A68002AC9D1019B0BB1FB
:10D55000039B1A600CF1FF3600223046C8F8002009
:10D5600009B0BDE8F08F019B00F58678002BA7D1AC
:10D57000039B4FF0FF371D68A6E706468A2100226D
:10D580003046C9F80010C8F8002009B0BDE8F08F97
:10D590003E46C1E76646BFE710B584B0054C069825
:10D5A000009007980190044800680294FFF778FF04
:10D5B00004B010BD40050024200100240EB410B5B5
:10D5C00083B005AB064C53F8042B01930146206849
:10D5D00000F044F803B0BDE8104003B0704700BF4E
:10D5E000200100242DE9F84F4B6E9C0490462DD568
:10D5F0009368126843B38B46064602F1080959E95D
:10D60000025A5FEA9A0715D0043D002401E0A742C0
:10D610000ED055F8041F5A46304601F051FA431C0B
:10D6200004F10104F3D10023C8E90133BDE8F88F08
:10D63000D8F808302AF0030AA3EB0A03C8F8083028
:10D6400009F10809002BDAD10020ECE701F008F815
:10D650000023C8E90133BDE8F88F00BF2DE9F04F82
:10D66000C5B00DF1500A83460391164600210822E9
:10D6700050461C460793FBF791FABBF1000F04D00C
:10D68000DBF83430002B00F0A186039A536EDB07E1
:10D6900040F11C85B2F90C108AB2950409D4039BA1
:10D6A00041F4005199818AB219465B6E23F400530C
:10D6B0004B66100740F10481039B1B69002B00F0AF
:10D6C000FF8002F01A030A2B00F008810023CDE945
:10D6D0001933CDE90D331BAA0B93189291460C9385
:10D6E0000593B0464446A64BD3F8E450FDF7D8FC6A
:10D6F0002246034612A9CDF800A05846A8470028A4
:10D7000000F04081C0F23381129A252A034601D0ED
:10D710001C44E8E7B4EB0806054640F037810023D7
:10D7200061788DF8433004F1010806934FF0FF371C
:10D730001E462B2408F10108A1F120035A2B00F208
:10D740006581DFE813F09F02630163019A026301C0
:10D75000630163016A006301630167027702630189
:10D760007202810263017C025B005B005B005B0074
:10D770005B005B005B005B005B00630163016301B6
:10D780006301630163016301630163014602840075
:10D790006301630163016301630163016301630169
:10D7A00063016301E2006301630163011D02630120
:10D7B000C4026301630194056301630163016301B2
:10D7C0006301630163016301630163014602860033
:10D7D000630163016301B70286007F006301AA024F
:10D7E0006301E702E400D7027F0063011D027C00B1
:10D7F000720563016301740563017C00A1F13003CC
:10D80000002218F8011B02EB820203EB4202A1F195
:10D810003003092BF5D906928EE75846FDF746FCF2
:10D8200043680D931846F2F7EBFE0E9005465846F6
:10D83000FDF73CFC83680C93002D40F0DF8498F8E2
:10D84000001077E798F8001046F0200672E746F0DF
:10D850001006B40640F17881079B073323F00703D5
:10D860001A46596852F8083B07920A460029C0F246
:10D870007A84791C00F0A78526F08001029153EA92
:10D88000020100F048840A2B72F1000180F0498502
:10D8900030338DF80F31029E012304930DF20F14E3
:10D8A000049BBB42B8BF3B460293002308939DF8FC
:10D8B0004330002B00F0B880029B01330293B3E0A9
:10D8C000039D5846294601F03FF8002840F056864F
:10D8D000AA8902F01A030A2B7FF4F8AE0399B1F972
:10D8E0000E30002BFFF6F2AE4B6EDB0702D497052D
:10D8F00040F11886039923463246584600F070FEE0
:10D900000590059845B0BDE8F08F46F0100616F07A
:10D91000200200F02681079B073323F007031946F6
:10D920005A6851F8083B079126F480610291002162
:10D9300000208DF84300781C00F00082029820F04F
:10D94000800653EA020040F0F881002F40F0438542
:10D95000002940F0E483029B13F00103049300F0DC
:10D96000208430238DF80F310DF20F1498E7082230
:10D9700000215046FBF712F901231C44B3E600BF17
:10D9800040050024B4EB080605461AD0199B1A9AE4
:10D9900001333244072BC9E900861A9219931ADD24
:10D9A000002A00F0B483039918AA5846FFF71AFE1C
:10D9B000D8B90DF16C09059B33440593002D7FF414
:10D9C000AEAE1A9B002B40F0CA85039B0022B3F930
:10D9D0000C3019920CE009F10809ECE7B346089BFA
:10D9E0001BB108995846FEF7E7FB039BB3F90C30CF
:10D9F000039A526E12F0010F9AB200F09C8050060A
:10DA000000F1C885059845B0BDE8F08F0029D8D051
:10DA100000238DF8433001238DF8AC10029304935A
:10DA20002BAC002308931F4616F00203099302D083
:10DA3000029B0233029316F084030A9305D1069BDE
:10DA4000029A9D1A002D00F39482DDE91903411C0E
:10DA50009DF8432082B101220133C9F8042007292F
:10DA60000DF14302CDE91913C9F8002000F36482D7
:10DA7000084609F108090131099ADAB111AA0233FD
:10DA8000C9F8002007294FF00202CDE91913C9F89F
:10DA9000042040F36982002B00F05883039918AAF0
:10DAA0005846FFF79FFD002899D1DDE919030DF1D4
:10DAB0006C09411C0A9A802A00F08281049ABD1ADE
:10DAC000002D00F3E081049AC9F8004013440729AF
:10DAD000CDE91913C9F8042040F36C81002B00F044
:10DAE0009E82039918AA5846FFF77CFD00287FF410
:10DAF00076AF1A9B0DF16C09750705D5069A029948
:10DB0000541A002C00F39582DDE905210298814228
:10DB1000ACBF521812180592002B40F0FE810899F4
:10DB200000231993002900F048815846FEF744FB72
:10DB30000DF16C09D6E59C053FF561AF039CA06D26
:10DB4000FDF7BEFAA2895AE7F006079A00F13E8374
:10DB5000710640F1388332F9043B0792DA17114617
:10DB600084E616F01003079940F0288316F0400071
:10DB700000F020831A4651F8043B07919BB2D3E68C
:10DB8000079B1A4600238DF84330134653F8044B85
:10DB90000293002C00F02D84532900F08A8316F0A4
:10DBA000100540F086837B1C00F0CC843A46294661
:10DBB0002046F2F7C5FC0890002800F0B884031B4B
:10DBC000029A049323EAE3732F460792029308957F
:10DBD0006DE6432902D0F50640F15283079D0822E5
:10DBE000002116A82BACFAF7D9FF16AB55F8042B79
:10DBF00021465846FEF7B8FF03460133049000F073
:10DC0000CE84049B079523EAE373029300238DF8E7
:10DC1000433006E7079B53F8042B0692002A80F254
:10DC2000BB82069A5242CDE9062398F8001046F0CE
:10DC300004067FE598F800108DF843407AE598F8DF
:10DC4000001046F0800675E5424612F8011B2A29AD
:10DC500000F0B084A1F13003092B90464FF000078B
:10DC60003FF66AAD18F8011B07EB870703EB470780
:10DC7000A1F13003092BF5D95EE598F8001046F0C4
:10DC8000010657E59DF84330002B7FF4D8AD2023E3
:10DC900098F800108DF843304CE598F800106C2986
:10DCA00003BF98F8011046F0200608F1010846F07D
:10DCB00010063FE598F80010682903BF98F8011096
:10DCC00046F4007608F1010846F0400632E546F0D9
:10DCD00010030293029B13F0200200F02582079BA1
:10DCE000073323F0070319465A6851F8083B079198
:10DCF00001211DE6079A46F00203029352F8043B05
:10DD0000079247F63002ADF84420A14A0B92022157
:10DD100000220DE6B70600F16782F50600F1618387
:10DD2000740600F1EE83B00540F15B83079B059913
:10DD300053F8042B07931170D4E4029601293FF4A1
:10DD4000A2AD022944AC11D10B9803F00F011B09BD
:10DD5000415C04F8011D43EA0273120953EA02010F
:10DD6000F3D1029E44AB1B1B049399E503F007011A
:10DD7000DB0843EA4273D208303153EA02052046F9
:10DD800004F8011DF2D1029EF307EBD53029E8D04B
:10DD90003023023804F8013C44AB1B1A029E049362
:10DDA00004467DE5049B1B9401221C931A9319924F
:10DDB0000DF16C0909F108099EE60DF16C0991E479
:10DDC000069A029D551B002D7FF778AE102D40F36B
:10DDD000D383194643460994B846039C37465E46AA
:10DDE0009B4607E000F1020C09F108091046103DBE
:10DDF000102D1FDD674BC9F80030421C1031102375
:10DE0000072ACDE91921C9F80430EBDD18AA002949
:10DE100000F08C80214630460DF16C09FFF7E2FBE3
:10DE200000287FF4DBADDDE91901103D102D00F174
:10DE3000010CDFDC5A46099CB3460B463E4647467A
:10DE40009046544AC9F804502B44BCF1070FCDE961
:10DE500019C3C9F8002040F3A781002B00F02C83E0
:10DE6000039918AA5846FFF7BDFB00287FF4B7AD09
:10DE7000049ADDE91903BD1A002D00F101010DF12D
:10DE80006C097FF720AE102D32DD19464346099408
:10DE9000B046039C5E4610279B4607E000F1020C4B
:10DEA00009F108091046103D102D1ADD421C394BAE
:10DEB0001031072AC9E90037CDE91921EEDD18AA8A
:10DEC00029B3214630460DF16C09FFF78BFB002882
:10DED0007FF484ADDDE91901103D102D00F1010C36
:10DEE000E4DC5A46099C0B46B346614646469046DA
:10DEF000284AC9F804502B440729CDE91913C9F859
:10DF0000002000F3F38009F108090131DBE54FF04F
:10DF1000010C08460DF16C09C5E7039918AA58468B
:10DF2000FFF760FB00283FF4FAAD58E54FF0010C15
:10DF300008460DF16C095AE7002B00F00C8103999B
:10DF400018AA5846FFF74EFB00287FF448ADDDE9DC
:10DF500019030DF16C09411C8EE5022311AA1C93D3
:10DF60001B9201210DF16C09084609F10809411CB9
:10DF7000A0E5102D40F3E282DDE91913184643466F
:10DF80000F94B846039C37465E469B460CE000BFA4
:10DF90005CF5000824F8000801F1020C09F10809F9
:10DFA0001146103D102D1DDDB24BC9F800304A1C42
:10DFB00010301023072ACDE91920C9F80430EBDD11
:10DFC00018AA30B3214630460DF16C09FFF70AFB61
:10DFD00000287FF403ADDDE91910103D102D01F18B
:10DFE000010CE1DC5A460F9C0346B34660463E46B0
:10DFF000474690469F4AC9F804502B440728CDE96C
:10E000001903C9F8002000F3B68009F10809411C82
:10E010001EE501464FF0010C0DF16C09C1E77607D2
:10E0200019934AD5069A0299541A002C45DD0DF130
:10E030006C09102C40F39D821999039E102506E06F
:10E04000881C09F108091146103C102C1ADD4A1CE5
:10E0500088481033072AC9E90005CDE91923EFDD07
:10E0600018AA2BB331465846FFF7BCFA00287FF4B4
:10E07000B6ACDDE91913103C102C01F101000DF1D3
:10E080006C09E4DC7B4AC9F8044023440728CDE945
:10E090001903C9F800207FF737AD73B1039918AAA7
:10E0A0005846FFF79FFA00287FF499AC1A9B2BE59E
:10E0B000012019460DF16C09C6E7DDE90532029928
:10E0C0008A42ACBF9B185B18059328E5039BB3F904
:10E0D0000C108F058AB23FF5E0AA1D46986DFCF73B
:10E0E000EDFFB5F90C108AB2FFF7D7BA002B3FF459
:10E0F00059AE039918AA5846FFF774FA00287FF41E
:10E100006EAC19991A9B01310DF16C09DBE419927F
:10E110000DF16C094FE4002F7FF4BAAB029E00278B
:10E12000049744ACFFF7BCBB029B13F0100354D11F
:10E13000029A12F0400000F0678107991A4651F8E0
:10E14000043B07919BB20121FFF7F2BB0121184666
:10E150000DF16C09AEE4099A002A5ED1184601213E
:10E160000DF16C09A6E45B4262EB420202962D209F
:10E170000121FFF7DEBB002B00F08D80039918AA68
:10E180005846FFF72FFA00287FF429ACDDE9190380
:10E190000DF16C09411C5BE498F800100793FFF740
:10E1A000C9BA44ACFFF77CBB09F108090CF10101C5
:10E1B000604683E416F4007240F0918151F8043B0C
:10E1C0000791FFF7B1BBB30500F1828152F8043B20
:10E1D0000792DA171146FFF749BB079951F8043B3C
:10E1E00007910121FFF7A4BB079B059853F8041B77
:10E1F0000793C217C1E90002FFF774BA0C9B002B0A
:10E200003FF41DAB0C9B1B78002B3FF418AB98F828
:10E21000001046F48066FFF78DBA022311AA1C9302
:10E220001B9201200DF16C099FE6029652E5124BFC
:10E230000B9316F020025FD0079B073323F00703F0
:10E2400018465A6850F8083B0790F40709D553EA76
:10E25000020006D08DF84510302146F002068DF8F8
:10E26000441026F4806102910221FFF761BB034B49
:10E270000B93DEE714F800085CF5000870F5000861
:10E28000079B012153F8042B02918DF8AC200793D2
:10E2900004912BACBAE49DF84320002A40F026817B
:10E2A000099A002A7FF459AE184601210DF16C0934
:10E2B00004E40021082216A81394FAF76FFC791CD5
:10E2C00000F0B280002507942C460CE02BA958469C
:10E2D000FEF74AFC421C204400F06181B84208DC91
:10E2E00000F065810446139A525916AB0435002A92
:10E2F000ECD10494079CA5E016F0100307980CD10C
:10E3000016F0400405D01A4650F8043B07909BB223
:10E310009BE716F4007240F0D58050F8043B07905C
:10E3200093E70299CDF8208001F48066DDF8308013
:10E3300004974FF0000C44AC05E00A2B72F1000288
:10E3400036D33B462A46DFF890E2991841F10001A6
:10E35000AEFB010525F0030000EB9500091A581AE1
:10E360004FF0CC3562F1000705FB00F50EFB0755B9
:10E37000A0FB0E70054407F0010E0520AEFB000E59
:10E3800040187F08303004F8010C47EAC5770CF1DB
:10E39000010C013C6D08002ECFD098F800106145AB
:10E3A000CBD1BCF1FF0FC8D00A2B72F100026CD2A6
:10E3B00044AB1B1B049FCDF83080029EDDF820800B
:10E3C0000493FFF76DBA0296FFF75DBA5846FCF763
:10E3D000A1FDFFF75AB9012902967FF4B2ACFFF70D
:10E3E00057BA079B059953F8042B11600793FFF761
:10E3F00079B9062F3B46029A784C079228BF06232C
:10E4000004930293FFF70DBB029B079913F400726C
:10E4100014BF51F8043B51F8043B07911CBF02465E
:10E42000DBB20121FFF784BA16AB00930023194633
:10E4300013AA5846FEF7BEFB03460133049000F0D2
:10E44000AE801394049B7BB3632B62DC00230893A0
:10E450002BAC0822002116A8FAF7A0FB049D16ABEE
:10E46000009313AA2B4621465846FEF7A3FB85428C
:10E4700040F0AB80029B049A07930023A3541F46ED
:10E4800022EAE2730293FFF712BA0E9B0D99E41A87
:10E490001A462046FCF7D2FD98F801300BB108F17E
:10E4A00001084FF0000C4CE7029B0793049B02937A
:10E4B0001F460893FFF7FBB9012118460DF16C09BF
:10E4C000FFF7FCBA50F8043B07902246DBB2BCE6EB
:10E4D00012F9043B0792DA171146FFF7C7B951F852
:10E4E000043B07910246DBB2FFF71EBA01231C93DF
:10E4F00001210DF143031B930DF16C090B46FFF74E
:10E50000B7BA079B059953F8042B07931180FFF7BF
:10E51000E9B8591C5846FAF7D9FB044600283ED002
:10E52000089096E7886DFCF7CBFDFFF7E3B9029BF7
:10E53000049702970793089FFFF7B9B919981A9B98
:10E54000013057E5029B07932046F2F759F820EA7D
:10E55000E0732F46049002930895FFF7A8B903993A
:10E5600018AA5846FFF73EF800283FF42EAAFFF7F6
:10E570003CBA1998013085E58C4662E4039B5B6EDA
:10E58000D90707D4039B9B899A0503D4039B986DF5
:10E59000FCF796FD4FF0FF330593FFF733BA039A6C
:10E5A000B2F90C3043F040039381FFF721BA079C86
:10E5B000049747E7079B98F8011053F8047B0793EB
:10E5C000904647EAE777FFF7B5B8039A938943F097
:10E5D00040039381FFF703BACDCCCCCC84F500087F
:10E5E000F0B51F468B89ADF26C4D23F00203ADF8F8
:10E5F0000C304B6E1993CB89ADF80E30CB69079375
:10E600004B6A09931AAB009304934FF48063154649
:10E6100006460293059316A800230C460693FCF7C2
:10E6200049FD2A463B4669463046FFF717F8051E66
:10E6300007DB69463046FEF73FFC002818BF4FF065
:10E64000FF35BDF80C305B0603D5A38943F04003CA
:10E65000A3811698FCF730FD28460DF26C4DF0BDF5
:10E660009368002B00F081802DE9F04FB1F90C3058
:10E670000C461907804683B0174698B223D5236904
:10E680000BB310F002033D682BD04FF0000ADFF807
:10E69000B4B256465E453346524628BF5B464046B6
:10E6A000002E4FD0E169D4F824C0E047002852DDA5
:10E6B000BB681B1A8244361ABB60002BEAD10020CB
:10E6C00003B0BDE8F08F2146404600F03DF9002838
:10E6D00040F03481B4F90C303D6898B210F0020378
:10E6E000D3D110F0010942D14E463EB38205D4F891
:10E6F00008B040F18180B3455A4600F2B18010F471
:10E70000906F40F0BE80206801924946FEF7FEFB04
:10E71000A368019AA3EB0B012368A1601344B246DE
:10E7200023600026BB68A3EB0A03D144BB60002B27
:10E73000C5D0B4F90C0080B2002ED7D1D5E900962F
:10E740000835D2E7D5E900A60835A3E721464046BB
:10E75000FEF7B2FB80B3B4F90C3043F040034FF046
:10E76000FF30A38103B0BDE8F08F002070471E4644
:10E77000BA46994618461F4666B388B34A46D4E956
:10E7800004C32068A168B24228BF3246604504D95C
:10E7900001EB030B5A4500F3A780934264DCE16967
:10E7A000D4F824C03A464046E047B0F1000BD2DD31
:10E7B000B9EB0B09CAD00120DAF80830A3EB0B0340
:10E7C0005F44A6EB0B06CAF80830002B3FF477AF86
:10E7D000002ED2D16E682B460835002EFAD01F6865
:10E7E00032460A213846F1F7ABFE002800F09D8042
:10E7F0000130A0EB0709C1E720682369984217D8C8
:10E800006269B24214D86FF00043B34228BF334666
:10E81000E16993FBF2F3D4F824C002FB03F3404612
:10E820004A46E047B0F1000A95DDA6EB0A0679E713
:10E83000B345DA4628BFB24652464946FEF766FB64
:10E84000A3682268A3EB0A035244A3602260002B52
:10E85000EBD121464046FEF72FFB0028E5D07AE7B2
:10E860002068B34632464FE739460192FEF74EFB29
:10E87000019AA3689B1AA3602368134423609346FC
:10E8800096E723682169A3EB010B636903EB430A55
:10E890000AEBDA7A0BF101034FEA6A0A3344534573
:10E8A000524684BF9A46524643052CD511464046EF
:10E8B000FAF70CFA00283BD05A4621690190F1F78B
:10E8C000A5FDA289019B22F4906242F08002A28100
:10E8D00003EB0B002361AAEB0B03C4F814A0A360A5
:10E8E0002060B34632460FE739465A46FEF70EFB24
:10E8F00023685B44236021464046FEF7DDFA00288A
:10E900003FF456AF27E74046FEF7DEFB03460028FC
:10E91000DED121694046FDF74FFCB4F90C300C22E2
:10E9200023F08003C8F8002017E7721C914626E701
:10E930000C22B4F90C30C8F800200EE74FF0FF307D
:10E94000BEE600BF00FCFF7F38B5314B1B680546B3
:10E950000C4613B15A6B002A4ED0B4F90C3018078C
:10E960009AB21CD5216929B312F0010007D000200A
:10E97000A06060694042A06139B1002038BD9507B0
:10E9800058BF6069A0600029F7D1120658BF084639
:10E99000F4D543F04003A3814FF0FF3038BDD106DA
:10E9A0002ED5520714D4216943F00803A3819AB2EB
:10E9B0000029D9D102F42070B0F5007FD4D02146CF
:10E9C000284600F0B1F8B4F90C3021699AB2CBE7CF
:10E9D000216B51B104F14002914204D02846FDF769
:10E9E000EBFBB4F90C300022226321690022C4E958
:10E9F000001223F02403D7E71846FCF78BFAACE7A4
:10EA0000092243F040032A604FF0FF30A38138BD54
:10EA1000200100242DE9F04383B0074688461446C0
:10EA2000FCF73EFB012803D108F1FF33FE2B37D959
:10EA30000DF10409424604F15C0349463846FEF7ED
:10EA400093F8421C064633D028B39DF804C0002535
:10EA500009E023685A1C226083F800C00135B542E2
:10EA600019D219F801CFA368013B002BA360F0DA9B
:10EA7000D4F818E0734561462246384602DBBCF103
:10EA80000A0FE6D100F0BCF8431CE7D10646304639
:10EA900003B0BDE8F0834646304603B0BDE8F083DE
:10EAA0005FFA88FC8DF804C006460DF10409CEE734
:10EAB000A389304643F04003A38103B0BDE8F0834F
:10EAC00030B5536E13F0010FB2F90C30144683B019
:10EAD00005469AB201D198051CD5900406D4626E01
:10EAE00043F4005342F40052A38162662246284652
:10EAF000FFF790FF636EDA07054602D4A3899B05F2
:10EB000002D5284603B030BDA06DFCF7D9FA2846DF
:10EB100003B030BDA06D0191FCF7D0FAB4F90C3010
:10EB200001999AB2D9E700BF2DE9F0418B890C46D3
:10EB3000990796B008D504F143030122C4E90432D1
:10EB4000236016B0BDE8F081B4F90E100029064626
:10EB500025DB6A46F9F71AFC00281FDB019D05F446
:10EB60007045A5F50055B5FA85F54FF480686D0937
:10EB70004FF4006741463046FAF7A8F8E0B1B4F91F
:10EB80000C30C4F8148043F0800320602061A3811E
:10EB900035BB3B43A38116B0BDE8F081A38913F0D8
:10EBA000800519D04FF040080025414630462F46D9
:10EBB000FAF78CF80028E2D1B4F90C309A05C0D4E9
:10EBC00023F0030304F1430243F002030121C4E9EB
:10EBD0000421A3812260B4E74FF480682F46C9E77F
:10EBE000B4F90E103046F9F7E5FB10B9B4F90C3062
:10EBF000CFE7A38923F0030343F001031BB2C8E767
:10EC0000F8B50D461446064610B1436B002B4CD0A8
:10EC1000B4F90C20A369A360170790B21BD5236930
:10EC2000CBB1EDB281042F4622D522686169D31A97
:10EC3000994229DD0133A1680139A160511C21608D
:10EC4000157062699A4227D0A389DB0701D50A2D86
:10EC500022D03846F8BD21463046FFF775FE08BB86
:10EC6000B4F90C20236990B2EDB281042F46DCD4B4
:10EC700042F40052A281626E616922F4005262661F
:10EC80002268D31A9942D5DC21463046FEF714F9A2
:10EC900040B922680123CEE721463046FEF70CF941
:10ECA0000028D6D04FF0FF37D3E7FCF733F9AFE7B2
:10ECB000444D41206661696C7572650063300000E7
:10ECC00069646C65000000006578697400000000EC
:10ECD0006B696C6C0000000070757265207669725B
:10ECE0007475616C00000000534452414D20425540
:10ECF000532054455354000031362D6269742074FA
:10ED00006573742E2E2E000031362D6269742052E8
:10ED10004541443A00000000303A20253034580084
:10ED2000313A202530345800323A2025303458000A
:10ED3000333A202530345800424954205445535426
:10ED40000000000042303A20253034580000000016
:10ED500042383A20253034580000000033322D620A
:10ED60006974205241570000573A313132323333FF
:10ED700034340000523A2530386C5800357837006A
:10ED8000347836003578385F656C656B74726F6EF9
:10ED900000000000E0FE0008F0190024F019002433
:10EDA000F0190024E0FE00080000003000000030F0
:10EDB00000000030E0FE00080000003000000030DD
:10EDC00000000030E0FE00080000043000000430C5
:10EDD00000000430E0FE00080000003800000038A9
:10EDE00000000038E0FE00080008002000080020B5
:10EDF00000080020E0FE0008000000000000000005
:10EE000000000000E0FE00080000803800008038AC
:10EE10000000803800000000FD190008251A0008D5
:10EE20004D1A0008731A0008931A0008B91A00084E
:10EE3000D91A0008011B0008291B00080000000067
:10EE40000000000001000000566563746F723130ED
:10EE500030000000566563746F7244340000000097
:10EE6000566563746F723131340000005665637407
:10EE70006F72313543000000566563746F72423023
:10EE800000000000566563746F7242380000000095
:10EE9000566563746F72383800000000100002403D
:10EEA000080002400008024000000B002800024059
:10EEB000080002400408024006010C004000024025
:10EEC000080002400808024010020D0058000240ED
:10EED000080002400C08024016030E0070000240B9
:10EEE0000C0002401008024000040F00880002409D
:10EEF0000C0002401408024006051000A000024069
:10EF00000C0002401808024010061100B800024030
:10EF10000C0002401C08024016072F00100402409B
:10EF2000080402402008024000083800280402407B
:10EF30000804024024080240060939004004024047
:10EF40000804024028080240100A3A00580402400F
:10EF5000080402402C080240160B3B0070040240DB
:10EF60000C04024030080240000C3C0088040240BF
:10EF70000C04024034080240060D4400A004024084
:10EF80000C04024038080240100E4500B80402404C
:10EF90000C0402403C080240160F4600566563749C
:10EFA0006F72364300000000566563746F7237302D
:10EFB00000000000566563746F7237340000000073
:10EFC000566563746F7237380000000056656374CD
:10EFD0006F72374300000000566563746F723830FB
:10EFE00000000000566563746F7238340000000042
:10EFF000566563746F724643000000005665637483
:10F000006F72313230000000566563746F723132B6
:10F0100034000000566563746F72313238000000AE
:10F02000566563746F723132430000005665637435
:10F030006F72313330000000566563746F72313582
:10F0400030000000566563746F7231353400000083
:10F05000566563746F72313538000000566563740D
:10F060006F72433400000000566563746F7243385A
:10F070000000000000000000FF2300085D250008DC
:10F0800091260008400040004C0800244C08002451
:10F09000010000005C080024800000004001000026
:10F0A00008000000566563746F723144340000003C
:10F0B000566563746F72443000000000F6D5A8EA0C
:10F0C000000000000715FD3F000000000060000088
:10F0D0000A00000070A70A00BF7AAFAA000C000067
:10F0E000C04FF0FF0000500080000000006066008C
:10F0F000004488CCAEFF7EF200000000F30043071E
:10F1000000000100000800000CCC00000600060012
:10F11000EA9F6AAF000000003FD07FF010000000BF
:10F1200040000000CC060050CC0C00CCDABFAAAAEC
:10F13000000000001FC0FFFF0000000004000000EE
:10F14000CC0000C0CCCCCCCCAA9A8AAA000000008B
:10F15000FFDFDFFF0000000040000000CCCCCC50FF
:10F1600055C0CCCCEACA9AAA000000003F1FDFFFBE
:10F170000000000000040000CC0CCC005C5055C81E
:10F18000FF7FFFFF000000000040000000000000C3
:10F19000800000000000000000000000BBAA71FF1A
:10F1A00000000000CCFF450000000000000000004F
:10F1B0005050AAAA00000000FFFFFFFF000000005F
:10F1C000000000000000000000000000000000003F
:10F1D00000000000FFFFFFFF000000000000000033
:10F1E000000000000000000000000000000000001F
:10F1F000BCEC00080000000000000000D012002459
:10F20000001400246D61696E002C05380404480860
:10F210000C10141C202425260000000000002404EB
:10F220000100040000000000000C00102830340031
:10F2300000000000000000000000000000000000CE
:10F240000000000007000040000040047CED0008C2
:10F250000507207E01000000998A000800000000D8
:10F260000000005F00000007000700147F147F14F7
:10F27000242A7F2A1223130864623649552250003B
:10F2800005030000001C2241000041221C0014085C
:10F290003E081408083E080800503000000808081E
:10F2A0000808006060000020100804023E51494533
:10F2B0003E00427F400042615149462141454B3169
:10F2C0001814127F1027454545393C4A49493001F9
:10F2D000710905033649494936064949291E003650
:10F2E00036000000563600000814224100141414A1
:10F2F00014140041221408020151090632497941CF
:10F300003E7E1111117E7F494949363E41414122DD
:10F310007F4141221C7F494949417F090909013E3A
:10F320004149497A7F0808087F00417F4100204019
:10F33000413F017F081422417F404040407F020C42
:10F34000027F7F0408107F3E4141413E7F09090949
:10F35000063E4151215E7F091929464649494931F6
:10F3600001017F01013F4040403F1F2040201F3FDF
:10F370004038403F63140814630708700807615160
:10F38000494543007F4141000204081020004141EB
:10F390007F0004020102044040404040000102049A
:10F3A0000020545454787F4844443838444444201E
:10F3B000384444487F3854545418087E0901020CDC
:10F3C0005252523E7F0804047800447D40002040A1
:10F3D000443D007F1028440000417F40007C041819
:10F3E00004787C0804047838444444387C141414A9
:10F3F00008081414187C7C08040408485454542049
:10F40000043F4440203C4040207C1C2040201C3CC9
:10F410004030403C44281028440C5050503C446438
:10F42000544C44000836410000007F000000413683
:10F430000800080408100800593900006163110130
:10F4400061020000B60400000020202020202020BF
:10F450002020282828282820202020202020202084
:10F460002020202020202020208810101010101094
:10F4700010101010101010101004040404040404E0
:10F48000040404101010101010104141414141417A
:10F49000010101010101010101010101010101015C
:10F4A000010101011010101010104242424242426C
:10F4B000020202020202020202020202020202022C
:10F4C00002020202101010102000000000000000D4
:10F4D000000000000000000000000000000000002C
:10F4E000000000000000000000000000000000001C
:10F4F000000000000000000000000000000000000C
:10F5000000000000000000000000000000000000FB
:10F5100000000000000000000000000000000000EB
:10F5200000000000000000000000000000000000DB
:10F5300000000000000000000000000000000000CB
:10F54000000000000000000000000000494E4600DE
:10F55000696E66004E414E006E616E00303132338E
:10F5600034353637383961626364656600000000FF
:10F5700030313233343536373839414243444546E9
:10F5800000000000286E756C6C290000300000003F
:10F59000202020202020202020202020202020206B
:10F5A000303030303030303030303030303030305B
:10F5B0002E0000004C435F434F4C4C41544500002B
:10F5C0004C435F4354595045000000004C435F4D8D
:10F5D0004F4E4554415259004C435F4E554D455294
:10F5E000494300004C435F54494D45004C435F4D37
:10F5F0004553534147455300496E66696E697479B6
:10F60000000000004E614E0042616C6C6F6320731D
:10F610007563636565646564000000002F64617450
:10F62000612F6A656E6B696E732F776F726B737083
:10F630006163652F474E552D746F6F6C6368616908
:10F640006E2F61726D2D31312F7372632F6E65775E
:10F650006C69622D63796777696E2F6E65776C6967
:10F66000622F6C6962632F7374646C69622F6474B7
:10F670006F612E63000000002F646174612F6A6562
:10F680006E6B696E732F776F726B73706163652F2A
:10F69000474E552D746F6F6C636861696E2F617290
:10F6A0006D2D31312F7372632F6E65776C69622D0A
:10F6B00063796777696E2F6E65776C69622F6C6905
:10F6C00062632F7374646C69622F6D707265632E50
:10F6D00063000000000000000080E03779C3414370
:10F6E000176E05B5B5B89346F5F93FE9034F384DA8
:10F6F000321D30F94877825A3CBF737FDD4F157554
:10F70000000000000000F03F000000000000244066
:10F7100000000000000059400000000000408F4041
:10F72000000000000088C34000000000006AF840AC
:10F730000000000080842E4100000000D0126341D0
:10F740000000000084D797410000000065CDCD4146
:10F75000000000205FA00242000000E87648374227
:10F76000000000A2941A6D42000040E59C30A242C5
:10F770000000901EC4BCD64200003426F56B0C433A
:10F780000080E03779C3414300A0D88557347643E1
:10F7900000C84E676DC1AB43003D9160E458E14342
:10F7A000408CB5781DAF154450EFE2D6E41A4B44B7
:10F7B00092D54D06CFF08044F64AE1C7022DB544FC
:10F7C000B49DD9794378EA4405000000190000008F
:10F7D0007D0000002C2066756E6374696F6E3A20A0
:10F7E00000000000617373657274696F6E202225DA
:10F7F0007322206661696C65643A2066696C6520D5
:10F80000222573222C206C696E65202564257325C2
:10F81000730A0000202020202020202020202020EB
:10F820002020202030303030303030303030303018
:04F830003030303014
:10F8340000000000A81800241019002478190024DE
:10F8440000000000000000000000000000000000B4
:10F8540000000000000000000000000000000000A4
:10F864000000000000000000000000000000000094
:10F874000000000000000000000000000000000084
:10F884000000000000000000000000000000000074
:10F894000000000000000000000000000000000064
:10F8A4000000000000000000000000000000000054
:10F8B4000000000000000000000000000000000044
:10F8C4000000000000000000010000000000000033
:10F8D4000E33CDAB34126DE6ECDE05000B000000F8
:10F8E4000000000000000000000000000000000014
:10F8F4000000000000000000000000000000000004
:10F9040000000000000000000000000000000000F3
:10F9140000000000000000000000000000000000E3
:10F9240000000000000000000000000000000000D3
:10F9340000000000000000000000000000000000C3
:10F9440000000000000000000000000000000000B3
:10F954000000002400000000000000002401002436
:10F96400240100242C0100242C010024340100244F
:10F97400340100243C0100243C01002444010024FF
:10F98400440100244C0100244C01002454010024AF
:10F99400540100245C0100245C010024640100245F
:10F9A400640100246C0100246C010024740100240F
:10F9B400740100247C0100247C01002484010024BF
:10F9C400840100248C0100248C010024940100246F
:10F9D400940100249C0100249C010024A40100241F
:10F9E400A4010024AC010024AC010024B4010024CF
:10F9F400B4010024BC010024BC010024C40100247F
:10FA0400C4010024CC010024CC010024D40100242E
:10FA1400D4010024DC010024DC010024E4010024DE
:10FA2400E4010024EC010024EC010024F40100248E
:10FA3400F4010024FC010024FC010024040200243D
:10FA4400040200240C0200240C02002414020024EA
:10FA5400140200241C0200241C020024240200249A
:10FA6400240200242C0200242C020024340200244A
:10FA7400340200243C0200243C02002444020024FA
:10FA8400440200244C0200244C02002454020024AA
:10FA9400540200245C0200245C020024640200245A
:10FAA400640200246C0200246C020024740200240A
:10FAB400740200247C0200247C02002484020024BA
:10FAC400840200248C0200248C020024940200246A
:10FAD400940200249C0200249C020024A40200241A
:10FAE400A4020024AC020024AC020024B4020024CA
:10FAF400B4020024BC020024BC020024C40200247A
:10FB0400C4020024CC020024CC020024D402002429
:10FB1400D4020024DC020024DC020024E4020024D9
:10FB2400E4020024EC020024EC020024F402002489
:10FB3400F4020024FC020024FC0200240403002438
:10FB4400040300240C0300240C03002414030024E5
:10FB5400140300241C0300241C0300242403002495
:10FB6400240300242C0300242C0300243403002445
:10FB7400340300243C0300243C03002444030024F5
:10FB8400440300244C0300244C03002454030024A5
:10FB9400540300245C0300245C0300246403002455
:10FBA400640300246C0300246C0300247403002405
:10FBB400740300247C0300247C03002484030024B5
:10FBC400840300248C0300248C0300249403002465
:10FBD400940300249C0300249C030024A403002415
:10FBE400A4030024AC030024AC030024B4030024C5
:10FBF400B4030024BC030024BC030024C403002475
:10FC0400C4030024CC030024CC030024D403002424
:10FC1400D4030024DC030024DC030024E4030024D4
:10FC2400E4030024EC030024EC030024F403002484
:10FC3400F4030024FC030024FC0300240404002433
:10FC4400040400240C0400240C04002414040024E0
:10FC5400140400241C0400241C0400242404002490
:10FC6400240400242C0400242C0400243404002440
:10FC7400340400243C0400243C04002444040024F0
:10FC8400440400244C0400244C04002454040024A0
:10FC9400540400245C0400245C0400246404002450
:10FCA400640400246C0400246C0400247404002400
:10FCB400740400247C0400247C04002484040024B0
:10FCC400840400248C0400248C0400249404002460
:10FCD400940400249C0400249C040024A404002410
:10FCE400A4040024AC040024AC040024B4040024C0
:10FCF400B4040024BC040024BC040024C404002470
:10FD0400C4040024CC040024CC040024D40400241F
:10FD1400D4040024DC040024DC040024E4040024CF
:10FD2400E4040024EC040024EC040024F40400247F
:10FD3400F4040024FC040024FC040024040500242E
:10FD4400040500240C0500240C05002414050024DB
:10FD5400140500241C0500241C050024FFFFFFFFDC
:10FD6400000002000000000003000000A8180024A6
:10FD7400430000000000000000000000000000003C
:10FD8400000000000000000000000000000000006F
:10FD9400430000000000000000000000000000001C
:10FDA400000000000000000000000000000000004F
:10FDB40043000000000000000000000000000000FC
:10FDC400000000000000000000000000000000002F
:10FDD40043000000000000000000000000000000DC
:10FDE400000000000000000000000000000000000F
:10FDF40043000000000000000000000000000000BC
:10FE040000000000000000000000000000000000EE
:10FE1400430000000000000000000000000000009B
:10FE240000000000000000000000000000000000CE
:10FE3400430000000000000000000000000000007B
:10FE440000000000000000000000000000000000AE
:10FE54004DCB0008C5C300080000000048F40008AA
:10FE6400B0F50008E0F70008E0F70008E0F7000844
:10FE7400E0F70008E0F70008E0F70008E0F7000802
:10FE8400E0F70008E0F70008FFFFFFFFFFFFFFFFB8
:10FE9400FFFFFFFFFFFF00000100415343494900FA
:10FEA400000000000000000000000000000000004E
:10FEB40000000000000000000000415343494900D5
:10FEC400000000000000000000000000000000002E
:0CFED40000000000000000000000000022
:04000005080003D913
:00000001FF
